// /*******************************************************************************
//  * Size: 42 px
//  * Bpp: 1
//  * Opts: --bpp 1 --size 42 --no-compress --stride 1 --align 1 --font
//  *Roboto-ExtraBold.ttf --range 32-127 --format lvgl -o roboto_bold_42.c
//  ******************************************************************************/

// #ifdef __has_include
// #if __has_include("lvgl.h")
// #ifndef LV_LVGL_H_INCLUDE_SIMPLE
// #define LV_LVGL_H_INCLUDE_SIMPLE
// #endif
// #endif
// #endif

// #ifdef LV_LVGL_H_INCLUDE_SIMPLE
// #include "lvgl.h"
// #else
// #include "lvgl/lvgl.h"
// #endif

// #ifndef ROBOTO_BOLD_42
// #define ROBOTO_BOLD_42 1
// #endif

// #if ROBOTO_BOLD_42

// /*-----------------
//  *    BITMAPS
//  *----------------*/

// /*Store the image of the glyphs*/
// static LV_ATTRIBUTE_LARGE_CONST const uint8_t glyph_bitmap[] = {
//     /* U+0020 " " */
//     0x0,

//     /* U+0021 "!" */
//     0x7e, 0xfd, 0xfb, 0xf7, 0xef, 0xdf, 0xbf, 0x7e, 0xfd, 0xfb, 0xf7, 0xef,
//     0xdf, 0xbf, 0x7e, 0xfd, 0xfb, 0xf7, 0xe0, 0x0, 0x0, 0x7d, 0xff, 0xff, 0xff,
//     0xef, 0x80,

//     /* U+0022 "\"" */
//     0xf1, 0xfe, 0x3f, 0xc7, 0xf8, 0xff, 0x1f, 0xe3, 0xfc, 0x7f, 0x8f, 0xe1,
//     0xdc, 0x3b, 0x87, 0x0,

//     /* U+0023 "#" */
//     0x0, 0xf0, 0xe0, 0x1, 0xe3, 0xc0, 0x3, 0xc7, 0x80, 0x7, 0x8f, 0x0, 0xe,
//     0x1e, 0x0, 0x1c, 0x3c, 0x0, 0x78, 0x70, 0x0, 0xf1, 0xe0, 0x1, 0xe3, 0xc0,
//     0x7f, 0xff, 0xfc, 0xff, 0xff, 0xf9, 0xff, 0xff, 0xf0, 0x3c, 0x38, 0x0, 0x78,
//     0xf0, 0x0, 0xf1, 0xe0, 0x1, 0xe3, 0xc0, 0x3, 0xc7, 0x80, 0x7, 0xf, 0x3,
//     0xff, 0xff, 0xe7, 0xff, 0xff, 0xcf, 0xff, 0xff, 0x80, 0xf1, 0xe0, 0x1, 0xe3,
//     0xc0, 0x3, 0x87, 0x80, 0xf, 0xe, 0x0, 0x1e, 0x1c, 0x0, 0x3c, 0x78, 0x0,
//     0x78, 0xf0, 0x0, 0xf1, 0xe0, 0x1, 0xc3, 0xc0, 0x0,

//     /* U+0024 "$" */
//     0x0, 0x38, 0x0, 0x3, 0x80, 0x0, 0x38, 0x0, 0x3, 0x80, 0x0, 0x38, 0x0, 0x3,
//     0x80, 0x1, 0xfc, 0x0, 0x7f, 0xf0, 0x1f, 0xff, 0x83, 0xff, 0xfc, 0x3f, 0xff,
//     0xe7, 0xf8, 0xfe, 0x7f, 0x7, 0xf7, 0xe0, 0x3f, 0x7e, 0x3, 0xf7, 0xe0, 0x3f,
//     0x7f, 0x0, 0x7, 0xf8, 0x0, 0x3f, 0xe0, 0x1, 0xff, 0x80, 0xf, 0xfe, 0x0,
//     0x7f, 0xf8, 0x1, 0xff, 0xc0, 0x7, 0xfe, 0x0, 0x1f, 0xe0, 0x0, 0x7f, 0x0,
//     0x3, 0xff, 0xc0, 0x3f, 0xfc, 0x3, 0xff, 0xe0, 0x3f, 0x7e, 0x7, 0xf7, 0xf9,
//     0xfe, 0x3f, 0xff, 0xe1, 0xff, 0xfc, 0xf, 0xff, 0x80, 0x1f, 0xc0, 0x0, 0x70,
//     0x0, 0x7, 0x0, 0x0, 0x70, 0x0, 0x7, 0x0,

//     /* U+0025 "%" */
//     0xf, 0xc0, 0x0, 0x7, 0xfc, 0x0, 0x1, 0xff, 0xc0, 0x0, 0x7c, 0x7c, 0x1c, 0xf,
//     0x7, 0x83, 0xc1, 0xe0, 0xf0, 0xf0, 0x3c, 0x1e, 0x1e, 0x7, 0x83, 0xc7, 0x80,
//     0xf0, 0x79, 0xe0, 0x1f, 0x1f, 0x3c, 0x1, 0xff, 0xcf, 0x0, 0x1f, 0xf1, 0xe0,
//     0x0, 0xfc, 0x78, 0x0, 0x0, 0x1e, 0x0, 0x0, 0x3, 0xc0, 0x0, 0x0, 0xf0, 0x0,
//     0x0, 0x1e, 0x3e, 0x0, 0x7, 0x9f, 0xf0, 0x1, 0xe7, 0xff, 0x0, 0x3c, 0xf1,
//     0xe0, 0xf, 0x3c, 0x1e, 0x3, 0xe7, 0x83, 0xc0, 0x78, 0xf0, 0x78, 0x1e, 0x1e,
//     0xf, 0x3, 0xc3, 0xc1, 0xe0, 0xf0, 0x78, 0x3c, 0x1e, 0x7, 0x8f, 0x0, 0x80,
//     0xff, 0xe0, 0x0, 0xf, 0xf8, 0x0, 0x0, 0x7c, 0x0,

//     /* U+0026 "&" */
//     0x1, 0xf8, 0x0, 0x0, 0xff, 0xc0, 0x0, 0x3f, 0xfc, 0x0, 0xf, 0xff, 0xc0, 0x1,
//     0xff, 0xfc, 0x0, 0x7f, 0x1f, 0x80, 0xf, 0xc1, 0xf0, 0x1, 0xf8, 0x3e, 0x0,
//     0x3f, 0x7, 0xc0, 0x7, 0xe1, 0xf0, 0x0, 0xfe, 0x7e, 0x0, 0xf, 0xff, 0x80,
//     0x0, 0xff, 0xe0, 0x0, 0x1f, 0xf8, 0x0, 0x1, 0xfc, 0x0, 0x0, 0x7f, 0xc0,
//     0xfc, 0x3f, 0xfc, 0x1f, 0x8f, 0xff, 0xc3, 0xf1, 0xfb, 0xfc, 0xfe, 0x7e,
//     0x3f, 0xdf, 0x8f, 0xc3, 0xff, 0xf1, 0xf8, 0x3f, 0xfe, 0x3f, 0x3, 0xff, 0x87,
//     0xf0, 0x3f, 0xf0, 0xff, 0x7, 0xfc, 0xf, 0xff, 0xff, 0xc0, 0xff, 0xff, 0xfc,
//     0x1f, 0xff, 0xff, 0x80, 0xff, 0xfb, 0xf8, 0x7, 0xf8, 0x7f, 0x80,

//     /* U+0027 "'" */
//     0xff, 0xff, 0xff, 0xff, 0xff, 0xff, 0xbc,

//     /* U+0028 "(" */
//     0x0, 0x0, 0x18, 0x7, 0x81, 0xf0, 0x7c, 0x1f, 0x3, 0xe0, 0xf8, 0x1e, 0x7,
//     0xc0, 0xf8, 0x3e, 0x7, 0xc0, 0xf8, 0x1f, 0x7, 0xc0, 0xf8, 0x1f, 0x3, 0xe0,
//     0x7c, 0xf, 0x81, 0xf0, 0x3e, 0x7, 0xc0, 0xf8, 0x1f, 0x3, 0xe0, 0x7c, 0x7,
//     0x80, 0xf8, 0x1f, 0x3, 0xe0, 0x3c, 0x7, 0xc0, 0xf8, 0xf, 0x81, 0xf0, 0x1f,
//     0x3, 0xe0, 0x3e, 0x3, 0xe0, 0x3c, 0x3, 0x0,

//     /* U+0029 ")" */
//     0x0, 0x6, 0x0, 0xf0, 0xf, 0x80, 0x7c, 0x3, 0xe0, 0x3f, 0x1, 0xf0, 0x1f,
//     0x80, 0xf8, 0xf, 0xc0, 0x7c, 0x7, 0xe0, 0x7e, 0x7, 0xe0, 0x3e, 0x3, 0xf0,
//     0x3f, 0x3, 0xf0, 0x3f, 0x3, 0xf0, 0x3f, 0x3, 0xf0, 0x3f, 0x3, 0xf0, 0x3f,
//     0x3, 0xf0, 0x3f, 0x3, 0xe0, 0x7e, 0x7, 0xe0, 0x7e, 0x7, 0xc0, 0xfc, 0xf,
//     0x81, 0xf8, 0x1f, 0x3, 0xf0, 0x7e, 0x7, 0xc0, 0xf8, 0xf, 0x0, 0x60, 0x0,

//     /* U+002A "*" */
//     0x0, 0xf0, 0x0, 0x1e, 0x0, 0x3, 0xc0, 0x0, 0x78, 0x0, 0xf, 0x0, 0xe1, 0xe0,
//     0x9f, 0x3c, 0xfb, 0xff, 0xff, 0x7f, 0xff, 0xe1, 0xff, 0xf0, 0x7, 0xe0, 0x1,
//     0xfc, 0x0, 0x7f, 0xc0, 0xf, 0x7c, 0x3, 0xc7, 0xc0, 0xf8, 0x7c, 0x1e, 0xf,
//     0x80, 0x80, 0xc0, 0x0, 0x0, 0x0,

//     /* U+002B "+" */
//     0x1, 0xf8, 0x0, 0x1f, 0x80, 0x1, 0xf8, 0x0, 0x1f, 0x80, 0x1, 0xf8, 0x0,
//     0x1f, 0x80, 0x1, 0xf8, 0x0, 0x1f, 0x80, 0x1, 0xf8, 0xf, 0xff, 0xff, 0xff,
//     0xff, 0xff, 0xff, 0xff, 0xff, 0xff, 0xff, 0xff, 0xff, 0x1, 0xf8, 0x0, 0x1f,
//     0x80, 0x1, 0xf8, 0x0, 0x1f, 0x80, 0x1, 0xf8, 0x0, 0x1f, 0x80, 0x1, 0xf8,
//     0x0, 0x1f, 0x80, 0x1, 0xf8, 0x0,

//     /* U+002C "," */
//     0x3e, 0x7c, 0xf9, 0xf3, 0xe7, 0xcf, 0x9e, 0x7c, 0xfb, 0xe7, 0x83, 0x0,

//     /* U+002D "-" */
//     0xff, 0xff, 0xff, 0xff, 0xff, 0xff, 0xff, 0xf0,

//     /* U+002E "." */
//     0x7d, 0xff, 0xff, 0xff, 0xef, 0x80,

//     /* U+002F "/" */
//     0x0, 0x3e, 0x0, 0x78, 0x1, 0xf0, 0x3, 0xe0, 0x7, 0x80, 0x1f, 0x0, 0x3e, 0x0,
//     0x78, 0x1, 0xf0, 0x3, 0xe0, 0x7, 0x80, 0x1f, 0x0, 0x3e, 0x0, 0x78, 0x1,
//     0xf0, 0x3, 0xe0, 0x7, 0xc0, 0xf, 0x0, 0x3e, 0x0, 0x7c, 0x0, 0xf0, 0x3, 0xe0,
//     0x7, 0xc0, 0xf, 0x0, 0x3e, 0x0, 0x7c, 0x0, 0xf0, 0x3, 0xe0, 0x7, 0xc0, 0xf,
//     0x0, 0x3e, 0x0, 0x7c, 0x0, 0xf0, 0x0,

//     /* U+0030 "0" */
//     0x1, 0xf8, 0x0, 0xff, 0xf0, 0x1f, 0xff, 0x83, 0xff, 0xfc, 0x3f, 0xff, 0xc7,
//     0xf0, 0xfe, 0x7e, 0x7, 0xef, 0xe0, 0x7e, 0xfc, 0x3, 0xff, 0xc0, 0x3f, 0xfc,
//     0x3, 0xff, 0xc0, 0x3f, 0xfc, 0x3, 0xff, 0xc0, 0x3f, 0xfc, 0x3, 0xff, 0xc0,
//     0x3f, 0xfc, 0x3, 0xff, 0xc0, 0x3f, 0xfc, 0x3, 0xff, 0xc0, 0x3f, 0xfc, 0x3,
//     0xff, 0xc0, 0x3f, 0x7e, 0x7, 0xe7, 0xe0, 0x7e, 0x7f, 0xf, 0xe3, 0xff, 0xfc,
//     0x3f, 0xff, 0xc1, 0xff, 0xf8, 0xf, 0xff, 0x0, 0x1f, 0x80,

//     /* U+0031 "1" */
//     0x0, 0x18, 0x7, 0xc1, 0xfe, 0x3f, 0xff, 0xff, 0xff, 0xff, 0xff, 0xff, 0xbf,
//     0xe1, 0xf8, 0xf, 0xc0, 0x7e, 0x3, 0xf0, 0x1f, 0x80, 0xfc, 0x7, 0xe0, 0x3f,
//     0x1, 0xf8, 0xf, 0xc0, 0x7e, 0x3, 0xf0, 0x1f, 0x80, 0xfc, 0x7, 0xe0, 0x3f,
//     0x1, 0xf8, 0xf, 0xc0, 0x7e, 0x3, 0xf0, 0x1f, 0x80, 0xfc,

//     /* U+0032 "2" */
//     0x1, 0xfc, 0x0, 0x3f, 0xfc, 0x7, 0xff, 0xf0, 0x7f, 0xff, 0xc3, 0xff, 0xfe,
//     0x3f, 0x87, 0xf9, 0xf8, 0x1f, 0xdf, 0x80, 0x7e, 0xfc, 0x3, 0xf7, 0xe0, 0x1f,
//     0x80, 0x0, 0xfc, 0x0, 0xf, 0xc0, 0x0, 0x7e, 0x0, 0x7, 0xf0, 0x0, 0x7f, 0x0,
//     0x7, 0xf0, 0x0, 0x7f, 0x0, 0x7, 0xf0, 0x0, 0x7f, 0x80, 0x7, 0xf8, 0x0, 0x7f,
//     0x80, 0x7, 0xf8, 0x0, 0x7f, 0x80, 0x7, 0xf8, 0x0, 0x7f, 0x80, 0x7, 0xff,
//     0xff, 0xff, 0xff, 0xff, 0xff, 0xff, 0xff, 0xff, 0xff, 0xff, 0xff, 0xfc,

//     /* U+0033 "3" */
//     0x1, 0xfe, 0x0, 0x3f, 0xfc, 0x7, 0xff, 0xf8, 0x7f, 0xff, 0xe3, 0xff, 0xff,
//     0x3f, 0xc3, 0xfd, 0xf8, 0xf, 0xef, 0xc0, 0x3f, 0x0, 0x1, 0xf8, 0x0, 0xf,
//     0xc0, 0x0, 0xfc, 0x0, 0x1f, 0xe0, 0x1f, 0xfe, 0x0, 0xff, 0xc0, 0x7, 0xff,
//     0x0, 0x3f, 0xfc, 0x1, 0xff, 0xf0, 0x0, 0x1f, 0x80, 0x0, 0xfe, 0x0, 0x3,
//     0xf0, 0x0, 0x1f, 0xfe, 0x0, 0xff, 0xf0, 0x7, 0xff, 0xc0, 0x7f, 0x7f, 0x7,
//     0xf3, 0xff, 0xff, 0x8f, 0xff, 0xf8, 0x3f, 0xff, 0x80, 0xff, 0xf8, 0x0, 0xfe,
//     0x0,

//     /* U+0034 "4" */
//     0x0, 0xf, 0xc0, 0x0, 0x7f, 0x0, 0x3, 0xfc, 0x0, 0xf, 0xf0, 0x0, 0x7f, 0xc0,
//     0x3, 0xff, 0x0, 0xf, 0xfc, 0x0, 0x7f, 0xf0, 0x1, 0xff, 0xc0, 0xf, 0xbf, 0x0,
//     0x7c, 0xfc, 0x1, 0xf3, 0xf0, 0xf, 0x8f, 0xc0, 0x7e, 0x3f, 0x1, 0xf0, 0xfc,
//     0xf, 0x83, 0xf0, 0x7e, 0xf, 0xc1, 0xf0, 0x3f, 0xf, 0xff, 0xff, 0xff, 0xff,
//     0xff, 0xff, 0xff, 0xff, 0xff, 0xff, 0xff, 0xff, 0xff, 0xc0, 0x3, 0xf0, 0x0,
//     0xf, 0xc0, 0x0, 0x3f, 0x0, 0x0, 0xfc, 0x0, 0x3, 0xf0, 0x0, 0xf, 0xc0, 0x0,
//     0x3f, 0x0,

//     /* U+0035 "5" */
//     0x3f, 0xff, 0xe3, 0xff, 0xfe, 0x3f, 0xff, 0xe3, 0xff, 0xfe, 0x3f, 0xff,
//     0xe3, 0xf0, 0x0, 0x3e, 0x0, 0x7, 0xe0, 0x0, 0x7e, 0x0, 0x7, 0xef, 0xc0,
//     0x7f, 0xff, 0x7, 0xff, 0xf8, 0x7f, 0xff, 0xc7, 0xff, 0xfe, 0x7e, 0xf, 0xe0,
//     0x40, 0x7f, 0x0, 0x7, 0xf0, 0x0, 0x3f, 0x0, 0x3, 0xf0, 0x0, 0x3f, 0x0, 0x3,
//     0xff, 0xc0, 0x3f, 0xfe, 0x3, 0xff, 0xe0, 0x7e, 0x7f, 0xf, 0xe7, 0xff, 0xfc,
//     0x3f, 0xff, 0xc1, 0xff, 0xf8, 0xf, 0xff, 0x0, 0x1f, 0x80,

//     /* U+0036 "6" */
//     0x0, 0x1f, 0x80, 0x3, 0xfc, 0x0, 0x7f, 0xe0, 0xf, 0xff, 0x0, 0xff, 0xf8,
//     0xf, 0xfc, 0x0, 0x7f, 0x0, 0x7, 0xf0, 0x0, 0x3f, 0x0, 0x3, 0xf3, 0xf0, 0x1f,
//     0xff, 0xe1, 0xff, 0xff, 0x8f, 0xff, 0xfe, 0x7f, 0xff, 0xfb, 0xfc, 0x3f,
//     0xdf, 0xc0, 0x7e, 0xfc, 0x3, 0xff, 0xe0, 0xf, 0xff, 0x0, 0x7f, 0xf8, 0x3,
//     0xff, 0xc0, 0x1f, 0xfe, 0x0, 0xfd, 0xf8, 0xf, 0xef, 0xc0, 0x7e, 0x7f, 0x7,
//     0xf1, 0xff, 0xff, 0x7, 0xff, 0xf8, 0x1f, 0xff, 0x80, 0x7f, 0xf0, 0x0, 0xfe,
//     0x0,

//     /* U+0037 "7" */
//     0xff, 0xff, 0xff, 0xff, 0xff, 0xff, 0xff, 0xff, 0xff, 0xff, 0xff, 0xff,
//     0xff, 0x80, 0x1, 0xf8, 0x0, 0xf, 0xc0, 0x0, 0xfc, 0x0, 0x7, 0xe0, 0x0, 0x7e,
//     0x0, 0x3, 0xf0, 0x0, 0x3f, 0x80, 0x1, 0xf8, 0x0, 0xf, 0xc0, 0x0, 0xfc, 0x0,
//     0x7, 0xe0, 0x0, 0x7f, 0x0, 0x3, 0xf0, 0x0, 0x3f, 0x80, 0x1, 0xf8, 0x0, 0x1f,
//     0xc0, 0x0, 0xfc, 0x0, 0xf, 0xe0, 0x0, 0x7f, 0x0, 0x3, 0xf0, 0x0, 0x3f, 0x80,
//     0x1, 0xf8, 0x0, 0x1f, 0xc0, 0x0, 0xfc, 0x0, 0xf, 0xe0, 0x0,

//     /* U+0038 "8" */
//     0x1, 0xfc, 0x0, 0xff, 0xf8, 0x1f, 0xff, 0xc3, 0xff, 0xfe, 0x3f, 0xff, 0xe7,
//     0xf0, 0xff, 0x7e, 0x7, 0xf7, 0xe0, 0x3f, 0x7e, 0x3, 0xf7, 0xe0, 0x3f, 0x3f,
//     0x7, 0xe3, 0xf8, 0xfe, 0x1f, 0xff, 0xc0, 0xff, 0xf8, 0xf, 0xff, 0x1, 0xff,
//     0xf8, 0x3f, 0x9f, 0xc7, 0xe0, 0x7e, 0xfc, 0x3, 0xff, 0xc0, 0x3f, 0xfc, 0x3,
//     0xff, 0xc0, 0x3f, 0xfc, 0x3, 0xff, 0xe0, 0x7f, 0xff, 0xf, 0xe7, 0xff, 0xfe,
//     0x3f, 0xff, 0xc3, 0xff, 0xfc, 0xf, 0xff, 0x0, 0x3f, 0xc0,

//     /* U+0039 "9" */
//     0x1, 0xf8, 0x0, 0x7f, 0xe0, 0x1f, 0xff, 0x3, 0xff, 0xf8, 0x3f, 0xff, 0xc7,
//     0xf0, 0xfe, 0x7e, 0x7, 0xef, 0xe0, 0x7e, 0xfc, 0x3, 0xff, 0xc0, 0x3f, 0xfc,
//     0x3, 0xff, 0xc0, 0x3f, 0xfc, 0x3, 0xff, 0xe0, 0x3f, 0x7f, 0xf, 0xf7, 0xff,
//     0xff, 0x3f, 0xff, 0xf3, 0xff, 0xff, 0xf, 0xfb, 0xf0, 0x7e, 0x3e, 0x0, 0x7,
//     0xe0, 0x0, 0x7e, 0x0, 0xf, 0xc0, 0x1, 0xfc, 0x0, 0x7f, 0x80, 0xff, 0xf0,
//     0xf, 0xfe, 0x0, 0xff, 0xc0, 0xf, 0xf0, 0x0, 0xf8, 0x0,

//     /* U+003A ":" */
//     0x7d, 0xff, 0xff, 0xff, 0xef, 0x80, 0x0, 0x0, 0x0, 0x0, 0x0, 0x0, 0x0, 0x0,
//     0x0, 0xfb, 0xff, 0xff, 0xff, 0xdf, 0x0,

//     /* U+003B ";" */
//     0x3e, 0x7f, 0x7f, 0x7f, 0x7f, 0x3e, 0x0, 0x0, 0x0, 0x0, 0x0, 0x0, 0x0, 0x0,
//     0x0, 0x0, 0x0, 0x3e, 0x3e, 0x3e, 0x3e, 0x3e, 0x3e, 0x3e, 0x3e, 0x3c, 0x7c,
//     0x78, 0xf8, 0x70, 0x0,

//     /* U+003C "<" */
//     0x0, 0x0, 0x40, 0x0, 0xf0, 0x0, 0xfc, 0x0, 0xff, 0x1, 0xff, 0xc1, 0xff,
//     0xf3, 0xff, 0xfb, 0xff, 0xf0, 0xff, 0xe0, 0x3f, 0xc0, 0xf, 0xe0, 0x3, 0xff,
//     0x0, 0xff, 0xf8, 0xf, 0xff, 0xc0, 0xff, 0xfc, 0x7, 0xff, 0x0, 0x7f, 0xc0,
//     0x7, 0xf0, 0x0, 0x3c, 0x0, 0x3,

//     /* U+003D "=" */
//     0xff, 0xff, 0xff, 0xff, 0xff, 0xff, 0xff, 0xff, 0xff, 0xff, 0xff, 0xfe, 0x0,
//     0x0, 0x0, 0x0, 0x0, 0x0, 0x0, 0x0, 0x0, 0x1f, 0xff, 0xff, 0xff, 0xff, 0xff,
//     0xff, 0xff, 0xff, 0xff, 0xff, 0xff, 0xc0,

//     /* U+003E ">" */
//     0x80, 0x0, 0x3c, 0x0, 0xf, 0xc0, 0x3, 0xfc, 0x0, 0xff, 0xe0, 0x3f, 0xfe,
//     0x7, 0xff, 0xf0, 0x3f, 0xff, 0x1, 0xff, 0xc0, 0xf, 0xf0, 0x3, 0xfc, 0x3,
//     0xff, 0x7, 0xff, 0xcf, 0xff, 0xcf, 0xff, 0xc3, 0xff, 0x80, 0xff, 0x80, 0x3f,
//     0x80, 0xf, 0x0, 0x3, 0x0, 0x0,

//     /* U+003F "?" */
//     0x3, 0xfc, 0x1, 0xff, 0xe0, 0xff, 0xfe, 0x3f, 0xff, 0xe7, 0xff, 0xfd, 0xfe,
//     0x1f, 0xff, 0x81, 0xff, 0xe0, 0x3f, 0x0, 0x7, 0xe0, 0x0, 0xfc, 0x0, 0x3f,
//     0x80, 0xf, 0xe0, 0x3, 0xfc, 0x0, 0xff, 0x0, 0x3f, 0xc0, 0xf, 0xf0, 0x1,
//     0xfc, 0x0, 0x7f, 0x0, 0xf, 0xc0, 0x1, 0xf8, 0x0, 0x3f, 0x0, 0x0, 0x0, 0x0,
//     0x0, 0x0, 0x0, 0x0, 0x1, 0xf0, 0x0, 0x7f, 0x0, 0xf, 0xe0, 0x1, 0xfc, 0x0,
//     0x3f, 0x80, 0x3, 0xe0, 0x0,

//     /* U+0040 "@" */
//     0x0, 0x3, 0xfc, 0x0, 0x0, 0x7, 0xff, 0xe0, 0x0, 0x7, 0xff, 0xfe, 0x0, 0x7,
//     0xf0, 0xf, 0xe0, 0x3, 0xf0, 0x0, 0xfc, 0x1, 0xf0, 0x0, 0x1f, 0x0, 0xf8, 0x0,
//     0x1, 0xe0, 0x3c, 0x0, 0x0, 0x7c, 0x1e, 0x0, 0x0, 0xf, 0xf, 0x80, 0x7f, 0x3,
//     0xe3, 0xc0, 0x3f, 0xe0, 0x78, 0xf0, 0x3f, 0xfe, 0x1e, 0x78, 0xf, 0xff, 0x87,
//     0x9e, 0x7, 0xe3, 0xc0, 0xf7, 0x83, 0xe0, 0xf0, 0x3f, 0xc0, 0xf8, 0x3c, 0xf,
//     0xf0, 0x7c, 0xf, 0x3, 0xfc, 0x1f, 0x3, 0xc0, 0xff, 0x7, 0xc0, 0xf0, 0x3f,
//     0xc1, 0xf0, 0x3c, 0xf, 0xf0, 0x78, 0x1f, 0x3, 0xfc, 0x3e, 0x7, 0xc0, 0xff,
//     0xf, 0x81, 0xf0, 0x7b, 0xc1, 0xe0, 0x7c, 0x1e, 0xf0, 0x7c, 0x3f, 0x7, 0xbe,
//     0x1f, 0x9f, 0xc3, 0xc7, 0x87, 0xff, 0xf1, 0xf1, 0xe0, 0xff, 0xff, 0xf8,
//     0x78, 0x1f, 0xe7, 0xfc, 0x1f, 0x3, 0xe0, 0xfc, 0x3, 0xe0, 0x0, 0x0, 0x0,
//     0xf8, 0x0, 0x0, 0x0, 0x1f, 0x0, 0x0, 0x0, 0x3, 0xf0, 0x0, 0x0, 0x0, 0xff,
//     0x80, 0x60, 0x0, 0x1f, 0xff, 0xfc, 0x0, 0x1, 0xff, 0xff, 0x0, 0x0, 0x1f,
//     0xff, 0x80, 0x0, 0x0, 0xff, 0x0, 0x0,

//     /* U+0041 "A" */
//     0x0, 0x1f, 0x80, 0x0, 0x3, 0xfc, 0x0, 0x0, 0x3f, 0xc0, 0x0, 0x3, 0xfe, 0x0,
//     0x0, 0x7f, 0xe0, 0x0, 0x7, 0xfe, 0x0, 0x0, 0xff, 0xf0, 0x0, 0xf, 0xff, 0x0,
//     0x0, 0xff, 0xf0, 0x0, 0x1f, 0xdf, 0x80, 0x1, 0xf9, 0xf8, 0x0, 0x1f, 0x9f,
//     0xc0, 0x3, 0xf8, 0xfc, 0x0, 0x3f, 0xf, 0xc0, 0x7, 0xf0, 0xfe, 0x0, 0x7f,
//     0x7, 0xe0, 0x7, 0xe0, 0x7e, 0x0, 0xfe, 0x7, 0xf0, 0xf, 0xe0, 0x3f, 0x0,
//     0xff, 0xff, 0xf8, 0x1f, 0xff, 0xff, 0x81, 0xff, 0xff, 0xf8, 0x3f, 0xff,
//     0xff, 0xc3, 0xff, 0xff, 0xfc, 0x3f, 0x80, 0xf, 0xc7, 0xf0, 0x0, 0xfe, 0x7f,
//     0x0, 0xf, 0xe7, 0xf0, 0x0, 0x7f, 0xfe, 0x0, 0x7, 0xff, 0xe0, 0x0, 0x7f,

//     /* U+0042 "B" */
//     0xff, 0xfe, 0x3, 0xff, 0xff, 0xf, 0xff, 0xff, 0x3f, 0xff, 0xfe, 0xff, 0xff,
//     0xfb, 0xf0, 0xf, 0xff, 0xc0, 0x1f, 0xff, 0x0, 0x3f, 0xfc, 0x0, 0xff, 0xf0,
//     0x3, 0xff, 0xc0, 0x1f, 0xff, 0x0, 0xfe, 0xff, 0xff, 0xfb, 0xff, 0xff, 0xcf,
//     0xff, 0xfc, 0x3f, 0xff, 0xfc, 0xff, 0xff, 0xfb, 0xf0, 0xf, 0xef, 0xc0, 0x1f,
//     0xff, 0x0, 0x3f, 0xfc, 0x0, 0xff, 0xf0, 0x3, 0xff, 0xc0, 0xf, 0xff, 0x0,
//     0x7f, 0xfc, 0x3, 0xfb, 0xff, 0xff, 0xef, 0xff, 0xff, 0x3f, 0xff, 0xfc, 0xff,
//     0xff, 0xc3, 0xff, 0xfc, 0x0,

//     /* U+0043 "C" */
//     0x0, 0x7f, 0x0, 0x3, 0xff, 0xe0, 0x7, 0xff, 0xf0, 0xf, 0xff, 0xf8, 0x1f,
//     0xff, 0xfc, 0x3f, 0xc1, 0xfe, 0x3f, 0x80, 0x7e, 0x7f, 0x0, 0x7f, 0x7f, 0x0,
//     0x3f, 0xfe, 0x0, 0x3f, 0xfe, 0x0, 0x0, 0xfe, 0x0, 0x0, 0xfe, 0x0, 0x0, 0xfe,
//     0x0, 0x0, 0xfe, 0x0, 0x0, 0xfe, 0x0, 0x0, 0xfe, 0x0, 0x0, 0xfe, 0x0, 0x0,
//     0xfe, 0x0, 0x0, 0xfe, 0x0, 0x0, 0xfe, 0x0, 0x3f, 0x7f, 0x0, 0x3f, 0x7f, 0x0,
//     0x7f, 0x7f, 0x80, 0x7e, 0x3f, 0xc1, 0xfe, 0x1f, 0xff, 0xfc, 0x1f, 0xff,
//     0xf8, 0x7, 0xff, 0xf0, 0x3, 0xff, 0xe0, 0x0, 0xff, 0x0,

//     /* U+0044 "D" */
//     0xff, 0xf8, 0x1, 0xff, 0xfe, 0x3, 0xff, 0xfe, 0x7, 0xff, 0xff, 0xf, 0xff,
//     0xff, 0x1f, 0x81, 0xfe, 0x3f, 0x1, 0xfe, 0x7e, 0x1, 0xfe, 0xfc, 0x1, 0xfd,
//     0xf8, 0x3, 0xfb, 0xf0, 0x3, 0xff, 0xe0, 0x7, 0xff, 0xc0, 0xf, 0xff, 0x80,
//     0x1f, 0xff, 0x0, 0x3f, 0xfe, 0x0, 0x7f, 0xfc, 0x0, 0xff, 0xf8, 0x1, 0xff,
//     0xf0, 0x3, 0xff, 0xe0, 0x7, 0xff, 0xc0, 0x1f, 0xdf, 0x80, 0x3f, 0xbf, 0x0,
//     0xff, 0x7e, 0x3, 0xfc, 0xfc, 0xf, 0xf1, 0xff, 0xff, 0xe3, 0xff, 0xff, 0x87,
//     0xff, 0xfc, 0xf, 0xff, 0xf0, 0x1f, 0xff, 0x0, 0x0,

//     /* U+0045 "E" */
//     0xff, 0xff, 0xff, 0xff, 0xff, 0xff, 0xff, 0xff, 0xff, 0xff, 0xff, 0xff,
//     0xff, 0xfe, 0x0, 0x3, 0xf0, 0x0, 0x1f, 0x80, 0x0, 0xfc, 0x0, 0x7, 0xe0, 0x0,
//     0x3f, 0x0, 0x1, 0xf8, 0x0, 0xf, 0xff, 0xfe, 0x7f, 0xff, 0xf3, 0xff, 0xff,
//     0x9f, 0xff, 0xfc, 0xff, 0xff, 0xe7, 0xe0, 0x0, 0x3f, 0x0, 0x1, 0xf8, 0x0,
//     0xf, 0xc0, 0x0, 0x7e, 0x0, 0x3, 0xf0, 0x0, 0x1f, 0x80, 0x0, 0xfc, 0x0, 0x7,
//     0xff, 0xff, 0xff, 0xff, 0xff, 0xff, 0xff, 0xff, 0xff, 0xff, 0xff, 0xff,
//     0xfc,

//     /* U+0046 "F" */
//     0xff, 0xff, 0xff, 0xff, 0xff, 0xff, 0xff, 0xff, 0xff, 0xff, 0xff, 0xff,
//     0xff, 0xc0, 0x0, 0xfc, 0x0, 0xf, 0xc0, 0x0, 0xfc, 0x0, 0xf, 0xc0, 0x0, 0xfc,
//     0x0, 0xf, 0xc0, 0x0, 0xfc, 0x0, 0xf, 0xff, 0xfe, 0xff, 0xff, 0xef, 0xff,
//     0xfe, 0xff, 0xff, 0xef, 0xff, 0xfe, 0xfc, 0x0, 0xf, 0xc0, 0x0, 0xfc, 0x0,
//     0xf, 0xc0, 0x0, 0xfc, 0x0, 0xf, 0xc0, 0x0, 0xfc, 0x0, 0xf, 0xc0, 0x0, 0xfc,
//     0x0, 0xf, 0xc0, 0x0, 0xfc, 0x0, 0xf, 0xc0, 0x0,

//     /* U+0047 "G" */
//     0x0, 0x7f, 0x80, 0x3, 0xff, 0xe0, 0x7, 0xff, 0xf8, 0xf, 0xff, 0xfc, 0x1f,
//     0xff, 0xfc, 0x3f, 0xe0, 0xfe, 0x3f, 0x80, 0x7e, 0x7f, 0x0, 0x3f, 0x7f, 0x0,
//     0x3f, 0xff, 0x0, 0x0, 0xfe, 0x0, 0x0, 0xfe, 0x0, 0x0, 0xfe, 0x0, 0x0, 0xfe,
//     0x7, 0xff, 0xfe, 0x7, 0xff, 0xfe, 0x7, 0xff, 0xfe, 0x7, 0xff, 0xfe, 0x7,
//     0xff, 0xfe, 0x0, 0x3f, 0xfe, 0x0, 0x3f, 0xff, 0x0, 0x3f, 0x7f, 0x0, 0x3f,
//     0x7f, 0x80, 0x3f, 0x3f, 0x80, 0x3f, 0x3f, 0xe0, 0xff, 0x1f, 0xff, 0xff, 0xf,
//     0xff, 0xfe, 0x7, 0xff, 0xfc, 0x3, 0xff, 0xf0, 0x0, 0x7f, 0xc0,

//     /* U+0048 "H" */
//     0xfc, 0x0, 0x3f, 0xfc, 0x0, 0x3f, 0xfc, 0x0, 0x3f, 0xfc, 0x0, 0x3f, 0xfc,
//     0x0, 0x3f, 0xfc, 0x0, 0x3f, 0xfc, 0x0, 0x3f, 0xfc, 0x0, 0x3f, 0xfc, 0x0,
//     0x3f, 0xfc, 0x0, 0x3f, 0xfc, 0x0, 0x3f, 0xfc, 0x0, 0x3f, 0xff, 0xff, 0xff,
//     0xff, 0xff, 0xff, 0xff, 0xff, 0xff, 0xff, 0xff, 0xff, 0xff, 0xff, 0xff,
//     0xfc, 0x0, 0x3f, 0xfc, 0x0, 0x3f, 0xfc, 0x0, 0x3f, 0xfc, 0x0, 0x3f, 0xfc,
//     0x0, 0x3f, 0xfc, 0x0, 0x3f, 0xfc, 0x0, 0x3f, 0xfc, 0x0, 0x3f, 0xfc, 0x0,
//     0x3f, 0xfc, 0x0, 0x3f, 0xfc, 0x0, 0x3f, 0xfc, 0x0, 0x3f, 0xfc, 0x0, 0x3f,

//     /* U+0049 "I" */
//     0xff, 0xff, 0xff, 0xff, 0xff, 0xff, 0xff, 0xff, 0xff, 0xff, 0xff, 0xff,
//     0xff, 0xff, 0xff, 0xff, 0xff, 0xff, 0xff, 0xff, 0xff, 0xff, 0xf0,

//     /* U+004A "J" */
//     0x0, 0x3, 0xf0, 0x0, 0x3f, 0x0, 0x3, 0xf0, 0x0, 0x3f, 0x0, 0x3, 0xf0, 0x0,
//     0x3f, 0x0, 0x3, 0xf0, 0x0, 0x3f, 0x0, 0x3, 0xf0, 0x0, 0x3f, 0x0, 0x3, 0xf0,
//     0x0, 0x3f, 0x0, 0x3, 0xf0, 0x0, 0x3f, 0x0, 0x3, 0xf0, 0x0, 0x3f, 0x0, 0x3,
//     0xf0, 0x0, 0x3f, 0x0, 0x3, 0xf0, 0x0, 0x3f, 0x0, 0x3, 0xff, 0xc0, 0x3f,
//     0xfc, 0x3, 0xff, 0xe0, 0x7f, 0x7f, 0xf, 0xe7, 0xff, 0xfe, 0x3f, 0xff, 0xc3,
//     0xff, 0xf8, 0xf, 0xff, 0x0, 0x3f, 0xc0,

//     /* U+004B "K" */
//     0xfc, 0x1, 0xfe, 0xfc, 0x1, 0xfe, 0xfc, 0x3, 0xfc, 0xfc, 0x7, 0xf8, 0xfc,
//     0xf, 0xf0, 0xfc, 0xf, 0xf0, 0xfc, 0x1f, 0xe0, 0xfc, 0x3f, 0xc0, 0xfc, 0x3f,
//     0x80, 0xfc, 0x7f, 0x0, 0xfc, 0xff, 0x0, 0xfd, 0xfe, 0x0, 0xfd, 0xfc, 0x0,
//     0xff, 0xfc, 0x0, 0xff, 0xfc, 0x0, 0xff, 0xfe, 0x0, 0xff, 0xff, 0x0, 0xff,
//     0xff, 0x0, 0xff, 0xff, 0x80, 0xff, 0x3f, 0x80, 0xfe, 0x3f, 0xc0, 0xfc, 0x1f,
//     0xe0, 0xfc, 0xf, 0xe0, 0xfc, 0xf, 0xf0, 0xfc, 0x7, 0xf8, 0xfc, 0x7, 0xf8,
//     0xfc, 0x3, 0xfc, 0xfc, 0x1, 0xfc, 0xfc, 0x1, 0xfe, 0xfc, 0x0, 0xff,

//     /* U+004C "L" */
//     0xfc, 0x0, 0xf, 0xc0, 0x0, 0xfc, 0x0, 0xf, 0xc0, 0x0, 0xfc, 0x0, 0xf, 0xc0,
//     0x0, 0xfc, 0x0, 0xf, 0xc0, 0x0, 0xfc, 0x0, 0xf, 0xc0, 0x0, 0xfc, 0x0, 0xf,
//     0xc0, 0x0, 0xfc, 0x0, 0xf, 0xc0, 0x0, 0xfc, 0x0, 0xf, 0xc0, 0x0, 0xfc, 0x0,
//     0xf, 0xc0, 0x0, 0xfc, 0x0, 0xf, 0xc0, 0x0, 0xfc, 0x0, 0xf, 0xc0, 0x0, 0xfc,
//     0x0, 0xf, 0xc0, 0x0, 0xfc, 0x0, 0xf, 0xff, 0xff, 0xff, 0xff, 0xff, 0xff,
//     0xff, 0xff, 0xff, 0xff, 0xff, 0xff,

//     /* U+004D "M" */
//     0xff, 0x80, 0x1, 0xff, 0xff, 0x80, 0x1, 0xff, 0xff, 0xc0, 0x3, 0xff, 0xff,
//     0xc0, 0x3, 0xff, 0xff, 0xc0, 0x3, 0xff, 0xff, 0xe0, 0x7, 0xff, 0xff, 0xe0,
//     0x7, 0xff, 0xff, 0xe0, 0x7, 0xff, 0xff, 0xf0, 0xf, 0xff, 0xfd, 0xf0, 0xf,
//     0xbf, 0xfd, 0xf0, 0xf, 0xbf, 0xfd, 0xf8, 0x1f, 0xbf, 0xfc, 0xf8, 0x1f, 0x3f,
//     0xfc, 0xf8, 0x1f, 0x3f, 0xfc, 0xfc, 0x3f, 0x3f, 0xfc, 0x7c, 0x3e, 0x3f,
//     0xfc, 0x7c, 0x3e, 0x3f, 0xfe, 0x7e, 0x7e, 0x7f, 0xfe, 0x3e, 0x7c, 0x7f,
//     0xfe, 0x3e, 0x7c, 0x7f, 0xfe, 0x3f, 0xfc, 0x7f, 0xfe, 0x1f, 0xf8, 0x7f,
//     0xfe, 0x1f, 0xf8, 0x7f, 0xfe, 0x1f, 0xf8, 0x7f, 0xfe, 0xf, 0xf0, 0x7f, 0xfe,
//     0xf, 0xf0, 0x7f, 0xfe, 0x7, 0xe0, 0x7f, 0xfe, 0x7, 0xe0, 0x7f, 0xfe, 0x7,
//     0xe0, 0x7f, 0xfe, 0x3, 0xc0, 0x7f,

//     /* U+004E "N" */
//     0xfc, 0x0, 0x3f, 0xfe, 0x0, 0x3f, 0xff, 0x0, 0x3f, 0xff, 0x0, 0x3f, 0xff,
//     0x80, 0x3f, 0xff, 0x80, 0x3f, 0xff, 0xc0, 0x3f, 0xff, 0xe0, 0x3f, 0xff,
//     0xe0, 0x3f, 0xff, 0xf0, 0x3f, 0xff, 0xf8, 0x3f, 0xfd, 0xf8, 0x3f, 0xfd,
//     0xfc, 0x3f, 0xfc, 0xfc, 0x3f, 0xfc, 0xfe, 0x3f, 0xfc, 0x7f, 0x3f, 0xfc,
//     0x3f, 0x3f, 0xfc, 0x3f, 0xbf, 0xfc, 0x1f, 0xbf, 0xfc, 0x1f, 0xff, 0xfc, 0xf,
//     0xff, 0xfc, 0x7, 0xff, 0xfc, 0x7, 0xff, 0xfc, 0x3, 0xff, 0xfc, 0x1, 0xff,
//     0xfc, 0x1, 0xff, 0xfc, 0x0, 0xff, 0xfc, 0x0, 0xff, 0xfc, 0x0, 0x7f, 0xfc,
//     0x0, 0x3f,

//     /* U+004F "O" */
//     0x0, 0x7f, 0x80, 0x0, 0x7f, 0xf8, 0x0, 0x7f, 0xff, 0x80, 0x3f, 0xff, 0xf0,
//     0x1f, 0xff, 0xfe, 0xf, 0xf8, 0x7f, 0xc3, 0xf8, 0x7, 0xf1, 0xfc, 0x1, 0xfe,
//     0x7f, 0x0, 0x3f, 0x9f, 0xc0, 0xf, 0xef, 0xe0, 0x1, 0xff, 0xf8, 0x0, 0x7f,
//     0xfe, 0x0, 0x1f, 0xff, 0x80, 0x7, 0xff, 0xe0, 0x1, 0xff, 0xf8, 0x0, 0x7f,
//     0xfe, 0x0, 0x1f, 0xff, 0x80, 0x7, 0xff, 0xe0, 0x1, 0xff, 0xf8, 0x0, 0x7f,
//     0x7f, 0x0, 0x3f, 0x9f, 0xc0, 0xf, 0xe7, 0xf0, 0x7, 0xf8, 0xfe, 0x1, 0xfc,
//     0x3f, 0xe1, 0xff, 0x7, 0xff, 0xff, 0x80, 0xff, 0xff, 0xc0, 0x1f, 0xff, 0xe0,
//     0x1, 0xff, 0xe0, 0x0, 0x1f, 0xe0, 0x0,

//     /* U+0050 "P" */
//     0xff, 0xff, 0x1, 0xff, 0xff, 0x83, 0xff, 0xff, 0xc7, 0xff, 0xff, 0xcf, 0xff,
//     0xff, 0x9f, 0x80, 0x7f, 0xbf, 0x0, 0x7f, 0x7e, 0x0, 0x7f, 0xfc, 0x0, 0xff,
//     0xf8, 0x1, 0xff, 0xf0, 0x3, 0xff, 0xe0, 0x7, 0xff, 0xc0, 0x1f, 0xff, 0x80,
//     0x7f, 0xbf, 0xff, 0xff, 0x7f, 0xff, 0xfc, 0xff, 0xff, 0xf1, 0xff, 0xff,
//     0x83, 0xff, 0xfc, 0x7, 0xe0, 0x0, 0xf, 0xc0, 0x0, 0x1f, 0x80, 0x0, 0x3f,
//     0x0, 0x0, 0x7e, 0x0, 0x0, 0xfc, 0x0, 0x1, 0xf8, 0x0, 0x3, 0xf0, 0x0, 0x7,
//     0xe0, 0x0, 0xf, 0xc0, 0x0, 0x1f, 0x80, 0x0, 0x0,

//     /* U+0051 "Q" */
//     0x0, 0x7f, 0x80, 0x0, 0x7f, 0xf8, 0x0, 0x7f, 0xff, 0x80, 0x3f, 0xff, 0xf0,
//     0x1f, 0xff, 0xfe, 0xf, 0xf8, 0x7f, 0xc3, 0xf8, 0x7, 0xf1, 0xfc, 0x1, 0xfe,
//     0x7f, 0x0, 0x3f, 0x9f, 0xc0, 0xf, 0xef, 0xe0, 0x1, 0xff, 0xf8, 0x0, 0x7f,
//     0xfe, 0x0, 0x1f, 0xff, 0x80, 0x7, 0xff, 0xe0, 0x1, 0xff, 0xf8, 0x0, 0x7f,
//     0xfe, 0x0, 0x1f, 0xff, 0x80, 0x7, 0xff, 0xe0, 0x1, 0xff, 0xf8, 0x0, 0x7f,
//     0x7f, 0x0, 0x3f, 0x9f, 0xc0, 0xf, 0xe7, 0xf0, 0x7, 0xf8, 0xfe, 0x1, 0xfc,
//     0x3f, 0xe1, 0xff, 0x7, 0xff, 0xff, 0x80, 0xff, 0xff, 0xc0, 0x1f, 0xff, 0xe0,
//     0x1, 0xff, 0xfc, 0x0, 0x1f, 0xff, 0x80, 0x0, 0xf, 0xf8, 0x0, 0x1, 0xff, 0x0,
//     0x0, 0x3f, 0x0, 0x0, 0x7, 0x80, 0x0, 0x0, 0x40,

//     /* U+0052 "R" */
//     0xff, 0xfe, 0x1, 0xff, 0xff, 0x83, 0xff, 0xff, 0x87, 0xff, 0xff, 0x8f, 0xff,
//     0xff, 0x9f, 0x80, 0x7f, 0x3f, 0x0, 0x7f, 0x7e, 0x0, 0x7e, 0xfc, 0x0, 0xfd,
//     0xf8, 0x1, 0xfb, 0xf0, 0x3, 0xf7, 0xe0, 0x7, 0xef, 0xc0, 0x1f, 0xdf, 0x80,
//     0x7f, 0x3f, 0xff, 0xfe, 0x7f, 0xff, 0xf8, 0xff, 0xff, 0xe1, 0xff, 0xff, 0x3,
//     0xff, 0xff, 0x7, 0xe0, 0xfe, 0xf, 0xc1, 0xfe, 0x1f, 0x81, 0xfc, 0x3f, 0x1,
//     0xfc, 0x7e, 0x3, 0xf8, 0xfc, 0x3, 0xf1, 0xf8, 0x7, 0xf3, 0xf0, 0x7, 0xe7,
//     0xe0, 0xf, 0xef, 0xc0, 0xf, 0xdf, 0x80, 0x1f, 0xc0,

//     /* U+0053 "S" */
//     0x0, 0xff, 0x0, 0xf, 0xff, 0xc0, 0x3f, 0xff, 0xc0, 0xff, 0xff, 0xc3, 0xff,
//     0xff, 0xcf, 0xf0, 0x3f, 0x9f, 0xc0, 0x3f, 0xbf, 0x0, 0x3f, 0x7e, 0x0, 0x7e,
//     0xfc, 0x0, 0x1, 0xfc, 0x0, 0x1, 0xfe, 0x0, 0x3, 0xff, 0x80, 0x3, 0xff, 0xe0,
//     0x1, 0xff, 0xf0, 0x1, 0xff, 0xf8, 0x0, 0x7f, 0xf8, 0x0, 0x1f, 0xf8, 0x0,
//     0xf, 0xf0, 0x0, 0x7, 0xff, 0xc0, 0x7, 0xff, 0x80, 0xf, 0xff, 0x0, 0x1f,
//     0xff, 0x0, 0x7f, 0x7f, 0x81, 0xfe, 0x7f, 0xff, 0xf8, 0xff, 0xff, 0xe0, 0x7f,
//     0xff, 0xc0, 0x7f, 0xfe, 0x0, 0x1f, 0xf0, 0x0,

//     /* U+0054 "T" */
//     0xff, 0xff, 0xff, 0xff, 0xff, 0xff, 0xff, 0xff, 0xff, 0xff, 0xff, 0xff,
//     0xff, 0xff, 0xff, 0xf8, 0x3, 0xf0, 0x0, 0x1, 0xf8, 0x0, 0x0, 0xfc, 0x0, 0x0,
//     0x7e, 0x0, 0x0, 0x3f, 0x0, 0x0, 0x1f, 0x80, 0x0, 0xf, 0xc0, 0x0, 0x7, 0xe0,
//     0x0, 0x3, 0xf0, 0x0, 0x1, 0xf8, 0x0, 0x0, 0xfc, 0x0, 0x0, 0x7e, 0x0, 0x0,
//     0x3f, 0x0, 0x0, 0x1f, 0x80, 0x0, 0xf, 0xc0, 0x0, 0x7, 0xe0, 0x0, 0x3, 0xf0,
//     0x0, 0x1, 0xf8, 0x0, 0x0, 0xfc, 0x0, 0x0, 0x7e, 0x0, 0x0, 0x3f, 0x0, 0x0,
//     0x1f, 0x80, 0x0, 0xf, 0xc0, 0x0, 0x7, 0xe0, 0x0, 0x3, 0xf0, 0x0,

//     /* U+0055 "U" */
//     0xfc, 0x0, 0x7f, 0xf8, 0x0, 0xff, 0xf0, 0x1, 0xff, 0xe0, 0x3, 0xff, 0xc0,
//     0x7, 0xff, 0x80, 0xf, 0xff, 0x0, 0x1f, 0xfe, 0x0, 0x3f, 0xfc, 0x0, 0x7f,
//     0xf8, 0x0, 0xff, 0xf0, 0x1, 0xff, 0xe0, 0x3, 0xff, 0xc0, 0x7, 0xff, 0x80,
//     0xf, 0xff, 0x0, 0x1f, 0xfe, 0x0, 0x3f, 0xfc, 0x0, 0x7f, 0xf8, 0x0, 0xff,
//     0xf0, 0x1, 0xff, 0xe0, 0x3, 0xff, 0xc0, 0x7, 0xff, 0x80, 0xf, 0xff, 0x80,
//     0x3f, 0xbf, 0x0, 0x7e, 0x7f, 0x83, 0xfc, 0x7f, 0xff, 0xf0, 0xff, 0xff, 0xe0,
//     0xff, 0xff, 0x80, 0x7f, 0xfc, 0x0, 0x1f, 0xc0, 0x0,

//     /* U+0056 "V" */
//     0xff, 0x0, 0xf, 0xe7, 0xf0, 0x0, 0xfe, 0x7f, 0x0, 0x1f, 0xe7, 0xf0, 0x1,
//     0xfc, 0x3f, 0x80, 0x1f, 0xc3, 0xf8, 0x1, 0xfc, 0x3f, 0x80, 0x3f, 0x81, 0xfc,
//     0x3, 0xf8, 0x1f, 0xc0, 0x3f, 0x81, 0xfc, 0x7, 0xf0, 0xf, 0xc0, 0x7f, 0x0,
//     0xfe, 0x7, 0xf0, 0xf, 0xe0, 0x7e, 0x0, 0x7e, 0xf, 0xe0, 0x7, 0xf0, 0xfe,
//     0x0, 0x7f, 0xf, 0xc0, 0x3, 0xf1, 0xfc, 0x0, 0x3f, 0x1f, 0xc0, 0x3, 0xf9,
//     0xf8, 0x0, 0x1f, 0x9f, 0x80, 0x1, 0xfb, 0xf8, 0x0, 0x1f, 0xff, 0x0, 0x0,
//     0xff, 0xf0, 0x0, 0xf, 0xff, 0x0, 0x0, 0xff, 0xe0, 0x0, 0x7, 0xfe, 0x0, 0x0,
//     0x7f, 0xe0, 0x0, 0x7, 0xfc, 0x0, 0x0, 0x3f, 0xc0, 0x0, 0x3, 0xfc, 0x0,

//     /* U+0057 "W" */
//     0xfc, 0x3, 0xf0, 0xf, 0xff, 0x80, 0x7e, 0x1, 0xff, 0xf8, 0xf, 0xe0, 0x3f,
//     0x7f, 0x1, 0xfc, 0x7, 0xe7, 0xe0, 0x7f, 0x80, 0xfc, 0xfc, 0xf, 0xf0, 0x3f,
//     0x9f, 0x81, 0xff, 0x7, 0xf3, 0xf8, 0x3f, 0xe0, 0xfc, 0x7f, 0x7, 0xfc, 0x1f,
//     0x87, 0xe1, 0xff, 0x83, 0xf0, 0xfc, 0x3f, 0xf8, 0xfe, 0x1f, 0x87, 0xff,
//     0x1f, 0xc3, 0xf8, 0xfb, 0xe3, 0xf0, 0x7f, 0x3f, 0x7c, 0x7e, 0x7, 0xe7, 0xef,
//     0x8f, 0xc0, 0xfc, 0xf9, 0xfb, 0xf8, 0x1f, 0x9f, 0x3f, 0x7e, 0x3, 0xff, 0xe3,
//     0xef, 0xc0, 0x3f, 0xfc, 0x7d, 0xf8, 0x7, 0xff, 0xf, 0xff, 0x0, 0xff, 0xe1,
//     0xff, 0xe0, 0x1f, 0xfc, 0x1f, 0xf8, 0x3, 0xff, 0x83, 0xff, 0x0, 0x3f, 0xe0,
//     0x7f, 0xe0, 0x7, 0xfc, 0xf, 0xfc, 0x0, 0xff, 0x80, 0xff, 0x80, 0x1f, 0xf0,
//     0x1f, 0xe0, 0x1, 0xfe, 0x3, 0xfc, 0x0, 0x3f, 0x80, 0x7f, 0x80, 0x7, 0xf0,
//     0x7, 0xf0, 0x0,

//     /* U+0058 "X" */
//     0x7f, 0x0, 0x3f, 0xdf, 0xe0, 0xf, 0xe3, 0xf8, 0x7, 0xf8, 0xff, 0x1, 0xfc,
//     0x1f, 0xc0, 0xff, 0x3, 0xf8, 0x3f, 0x80, 0xfe, 0x1f, 0xe0, 0x1f, 0xc7, 0xf0,
//     0x7, 0xf3, 0xf8, 0x0, 0xfe, 0xfe, 0x0, 0x3f, 0xff, 0x0, 0x7, 0xff, 0xc0,
//     0x0, 0xff, 0xe0, 0x0, 0x3f, 0xf8, 0x0, 0x7, 0xfc, 0x0, 0x1, 0xff, 0x0, 0x0,
//     0xff, 0xe0, 0x0, 0x7f, 0xf8, 0x0, 0x1f, 0xff, 0x0, 0xf, 0xff, 0xc0, 0x3,
//     0xfb, 0xf8, 0x1, 0xfc, 0xff, 0x0, 0x7f, 0x1f, 0xc0, 0x3f, 0x87, 0xf8, 0x1f,
//     0xe0, 0xfe, 0x7, 0xf0, 0x3f, 0xc3, 0xfc, 0x7, 0xf0, 0xfe, 0x1, 0xfe, 0x7f,
//     0x80, 0x3f, 0xdf, 0xc0, 0x7, 0xf0,

//     /* U+0059 "Y" */
//     0x7f, 0x0, 0x1f, 0xcf, 0xe0, 0x3, 0xf8, 0xfe, 0x0, 0xfe, 0x1f, 0xc0, 0x1f,
//     0xc1, 0xfc, 0x7, 0xf0, 0x3f, 0x80, 0xfe, 0x3, 0xf0, 0x1f, 0x80, 0x7f, 0x7,
//     0xf0, 0x7, 0xe0, 0xfc, 0x0, 0xfe, 0x3f, 0x80, 0xf, 0xc7, 0xe0, 0x1, 0xfd,
//     0xfc, 0x0, 0x1f, 0xbf, 0x0, 0x3, 0xff, 0xe0, 0x0, 0x3f, 0xf8, 0x0, 0x7,
//     0xff, 0x0, 0x0, 0x7f, 0xc0, 0x0, 0xf, 0xf8, 0x0, 0x0, 0xfe, 0x0, 0x0, 0x1f,
//     0xc0, 0x0, 0x3, 0xf8, 0x0, 0x0, 0x7f, 0x0, 0x0, 0xf, 0xe0, 0x0, 0x1, 0xfc,
//     0x0, 0x0, 0x3f, 0x80, 0x0, 0x7, 0xf0, 0x0, 0x0, 0xfe, 0x0, 0x0, 0x1f, 0xc0,
//     0x0, 0x3, 0xf8, 0x0, 0x0, 0x7f, 0x0, 0x0,

//     /* U+005A "Z" */
//     0xff, 0xff, 0xff, 0xff, 0xff, 0xff, 0xff, 0xff, 0xff, 0xff, 0xff, 0xff,
//     0xff, 0xff, 0xc0, 0x0, 0x3f, 0x80, 0x0, 0xfe, 0x0, 0x3, 0xf8, 0x0, 0x7,
//     0xf0, 0x0, 0x1f, 0xc0, 0x0, 0x7f, 0x0, 0x0, 0xfe, 0x0, 0x3, 0xf8, 0x0, 0xf,
//     0xe0, 0x0, 0x3f, 0xc0, 0x0, 0x7f, 0x0, 0x1, 0xfc, 0x0, 0x7, 0xf8, 0x0, 0xf,
//     0xe0, 0x0, 0x3f, 0x80, 0x0, 0xff, 0x0, 0x3, 0xfc, 0x0, 0x7, 0xf0, 0x0, 0x1f,
//     0xe0, 0x0, 0x7f, 0x80, 0x0, 0xff, 0xff, 0xff, 0xff, 0xff, 0xff, 0xff, 0xff,
//     0xff, 0xff, 0xff, 0xff, 0xff, 0xff, 0xc0,

//     /* U+005B "[" */
//     0xff, 0xff, 0xff, 0xff, 0xff, 0xff, 0xe3, 0xf1, 0xf8, 0xfc, 0x7e, 0x3f,
//     0x1f, 0x8f, 0xc7, 0xe3, 0xf1, 0xf8, 0xfc, 0x7e, 0x3f, 0x1f, 0x8f, 0xc7,
//     0xe3, 0xf1, 0xf8, 0xfc, 0x7e, 0x3f, 0x1f, 0x8f, 0xc7, 0xe3, 0xf1, 0xf8,
//     0xfc, 0x7e, 0x3f, 0x1f, 0x8f, 0xc7, 0xe3, 0xff, 0xff, 0xff, 0xff, 0xff,
//     0xe0,

//     /* U+005C "\\" */
//     0xfe, 0x0, 0x1f, 0xc0, 0x1, 0xf8, 0x0, 0x3f, 0x80, 0x7, 0xf0, 0x0, 0x7e,
//     0x0, 0xf, 0xe0, 0x0, 0xfc, 0x0, 0x1f, 0xc0, 0x3, 0xf8, 0x0, 0x3f, 0x0, 0x7,
//     0xf0, 0x0, 0xfe, 0x0, 0xf, 0xe0, 0x1, 0xfc, 0x0, 0x1f, 0x80, 0x3, 0xf8, 0x0,
//     0x7f, 0x0, 0x7, 0xe0, 0x0, 0xfe, 0x0, 0xf, 0xc0, 0x1, 0xfc, 0x0, 0x3f, 0x80,
//     0x3, 0xf0, 0x0, 0x7f, 0x0, 0xf, 0xe0, 0x0, 0xfc, 0x0, 0x1f, 0xc0, 0x1, 0xf8,
//     0x0, 0x3f, 0x80, 0x7, 0xf0, 0x0, 0x7e, 0x0, 0xf, 0xe0,

//     /* U+005D "]" */
//     0xff, 0xff, 0xff, 0xff, 0xff, 0xf8, 0xfc, 0x7e, 0x3f, 0x1f, 0x8f, 0xc7,
//     0xe3, 0xf1, 0xf8, 0xfc, 0x7e, 0x3f, 0x1f, 0x8f, 0xc7, 0xe3, 0xf1, 0xf8,
//     0xfc, 0x7e, 0x3f, 0x1f, 0x8f, 0xc7, 0xe3, 0xf1, 0xf8, 0xfc, 0x7e, 0x3f,
//     0x1f, 0x8f, 0xc7, 0xe3, 0xf1, 0xf8, 0xff, 0xff, 0xff, 0xff, 0xff, 0xff,
//     0xe0,

//     /* U+005E "^" */
//     0x3, 0xe0, 0x3, 0xf0, 0x1, 0xfc, 0x0, 0xfe, 0x0, 0xff, 0x80, 0x7f, 0xc0,
//     0x7d, 0xe0, 0x3e, 0xf8, 0x3e, 0x7c, 0x1f, 0x1f, 0xf, 0xf, 0x8f, 0x83, 0xc7,
//     0xc1, 0xf7, 0xc0, 0xfb, 0xe0, 0x3e,

//     /* U+005F "_" */
//     0xff, 0xff, 0xff, 0xff, 0xff, 0xff, 0xff, 0xff, 0xff, 0xff, 0xff, 0xfe,

//     /* U+0060 "`" */
//     0x7e, 0x7, 0xe0, 0x7e, 0xf, 0xc0, 0xfc, 0xf, 0xc0,

//     /* U+0061 "a" */
//     0x1, 0xfc, 0x0, 0xff, 0xf0, 0x1f, 0xff, 0x83, 0xff, 0xfc, 0x3f, 0xff, 0xc7,
//     0xf0, 0xfe, 0x7e, 0x7, 0xe0, 0x0, 0x7e, 0x0, 0x7, 0xe0, 0x3f, 0xfe, 0x1f,
//     0xff, 0xe3, 0xff, 0xfe, 0x7f, 0x7, 0xef, 0xe0, 0x7e, 0xfc, 0x7, 0xef, 0xc0,
//     0x7e, 0xfc, 0xf, 0xef, 0xe1, 0xfe, 0xff, 0xff, 0xe7, 0xff, 0xfe, 0x3f, 0xff,
//     0xe1, 0xff, 0x7e, 0x7, 0xc3, 0xf0,

//     /* U+0062 "b" */
//     0xfc, 0x0, 0xf, 0xc0, 0x0, 0xfc, 0x0, 0xf, 0xc0, 0x0, 0xfc, 0x0, 0xf, 0xc0,
//     0x0, 0xfc, 0x0, 0xf, 0xc0, 0x0, 0xfc, 0x0, 0xf, 0xc7, 0xc0, 0xfd, 0xff, 0xf,
//     0xff, 0xf8, 0xff, 0xff, 0xcf, 0xff, 0xfe, 0xff, 0xf, 0xef, 0xc0, 0x7e, 0xfc,
//     0x7, 0xff, 0xc0, 0x3f, 0xfc, 0x3, 0xff, 0xc0, 0x3f, 0xfc, 0x3, 0xff, 0xc0,
//     0x3f, 0xfc, 0x3, 0xff, 0xc0, 0x3f, 0xfc, 0x3, 0xff, 0xc0, 0x7e, 0xff, 0xf,
//     0xef, 0xff, 0xfe, 0xff, 0xff, 0xcf, 0xff, 0xf8, 0xfd, 0xff, 0xf, 0x87, 0xe0,

//     /* U+0063 "c" */
//     0x1, 0xfc, 0x0, 0x7f, 0xf0, 0x1f, 0xff, 0xc3, 0xff, 0xfc, 0x3f, 0xff, 0xe7,
//     0xf0, 0xfe, 0x7e, 0x7, 0xff, 0xe0, 0x3f, 0xfc, 0x3, 0xff, 0xc0, 0x0, 0xfc,
//     0x0, 0xf, 0xc0, 0x0, 0xfc, 0x0, 0xf, 0xc0, 0x0, 0xfc, 0x0, 0xf, 0xc0, 0x3f,
//     0x7e, 0x3, 0xf7, 0xf0, 0xff, 0x3f, 0xff, 0xe3, 0xff, 0xfc, 0x1f, 0xff, 0xc0,
//     0x7f, 0xf0, 0x1, 0xfc, 0x0,

//     /* U+0064 "d" */
//     0x0, 0x3, 0xf0, 0x0, 0x3f, 0x0, 0x3, 0xf0, 0x0, 0x3f, 0x0, 0x3, 0xf0, 0x0,
//     0x3f, 0x0, 0x3, 0xf0, 0x0, 0x3f, 0x0, 0x3, 0xf0, 0x3e, 0x3f, 0xf, 0xfb,
//     0xf1, 0xff, 0xff, 0x3f, 0xff, 0xf7, 0xff, 0xff, 0x7f, 0xf, 0xf7, 0xe0, 0x3f,
//     0xfe, 0x3, 0xff, 0xc0, 0x3f, 0xfc, 0x3, 0xff, 0xc0, 0x3f, 0xfc, 0x3, 0xff,
//     0xc0, 0x3f, 0xfc, 0x3, 0xff, 0xc0, 0x3f, 0xfe, 0x3, 0xf7, 0xe0, 0x3f, 0x7f,
//     0xf, 0xf7, 0xff, 0xff, 0x3f, 0xff, 0xf1, 0xff, 0xff, 0xf, 0xfb, 0xf0, 0x3e,
//     0x1f,

//     /* U+0065 "e" */
//     0x1, 0xfc, 0x0, 0x7f, 0xf0, 0x1f, 0xff, 0x83, 0xff, 0xfc, 0x3f, 0xff, 0xe7,
//     0xf0, 0xfe, 0x7e, 0x7, 0xef, 0xe0, 0x3f, 0xfc, 0x3, 0xff, 0xff, 0xff, 0xff,
//     0xff, 0xff, 0xff, 0xff, 0xff, 0xff, 0xff, 0xc0, 0x0, 0xfc, 0x0, 0xf, 0xe0,
//     0x8, 0x7f, 0x0, 0xc7, 0xf8, 0x3c, 0x3f, 0xff, 0xe1, 0xff, 0xfe, 0xf, 0xff,
//     0xc0, 0x7f, 0xf8, 0x1, 0xfc, 0x0,

//     /* U+0066 "f" */
//     0x0, 0xfe, 0x7, 0xfc, 0x1f, 0xf8, 0x7f, 0xf0, 0xff, 0xe3, 0xf8, 0x7, 0xe0,
//     0xf, 0xc0, 0x1f, 0x81, 0xff, 0xfb, 0xff, 0xf7, 0xff, 0xef, 0xff, 0xdf, 0xff,
//     0x87, 0xe0, 0xf, 0xc0, 0x1f, 0x80, 0x3f, 0x0, 0x7e, 0x0, 0xfc, 0x1, 0xf8,
//     0x3, 0xf0, 0x7, 0xe0, 0xf, 0xc0, 0x1f, 0x80, 0x3f, 0x0, 0x7e, 0x0, 0xfc,
//     0x1, 0xf8, 0x3, 0xf0, 0x7, 0xe0, 0xf, 0xc0,

//     /* U+0067 "g" */
//     0x3, 0xf1, 0xf0, 0xff, 0xbf, 0x1f, 0xff, 0xf3, 0xff, 0xff, 0x7f, 0xff, 0xf7,
//     0xf0, 0x7f, 0x7e, 0x3, 0xff, 0xe0, 0x3f, 0xfc, 0x3, 0xff, 0xc0, 0x3f, 0xfc,
//     0x3, 0xff, 0xc0, 0x3f, 0xfc, 0x3, 0xff, 0xc0, 0x3f, 0xfc, 0x3, 0xff, 0xe0,
//     0x3f, 0x7e, 0x3, 0xf7, 0xf0, 0x7f, 0x7f, 0xff, 0xf3, 0xff, 0xff, 0x1f, 0xff,
//     0xf0, 0xff, 0xbf, 0x3, 0xf3, 0xf0, 0x0, 0x3f, 0x0, 0x3, 0xf1, 0x80, 0x7f,
//     0x1e, 0xf, 0xe3, 0xff, 0xfe, 0x7f, 0xff, 0xc3, 0xff, 0xf8, 0xf, 0xff, 0x0,
//     0x3f, 0x80,

//     /* U+0068 "h" */
//     0xfc, 0x0, 0x1f, 0x80, 0x3, 0xf0, 0x0, 0x7e, 0x0, 0xf, 0xc0, 0x1, 0xf8, 0x0,
//     0x3f, 0x0, 0x7, 0xe0, 0x0, 0xfc, 0x0, 0x1f, 0x8f, 0xc3, 0xf7, 0xfc, 0x7f,
//     0xff, 0xcf, 0xff, 0xfd, 0xff, 0xff, 0xbf, 0x83, 0xff, 0xe0, 0x3f, 0xfc, 0x7,
//     0xff, 0x80, 0xff, 0xf0, 0x1f, 0xfe, 0x3, 0xff, 0xc0, 0x7f, 0xf8, 0xf, 0xff,
//     0x1, 0xff, 0xe0, 0x3f, 0xfc, 0x7, 0xff, 0x80, 0xff, 0xf0, 0x1f, 0xfe, 0x3,
//     0xff, 0xc0, 0x7f, 0xf8, 0xf, 0xff, 0x1, 0xff, 0xe0, 0x3f,

//     /* U+0069 "i" */
//     0x7d, 0xff, 0xff, 0xff, 0xef, 0x80, 0x0, 0x0, 0xfd, 0xfb, 0xf7, 0xef, 0xdf,
//     0xbf, 0x7e, 0xfd, 0xfb, 0xf7, 0xef, 0xdf, 0xbf, 0x7e, 0xfd, 0xfb, 0xf7,
//     0xef, 0xdf, 0xbf,

//     /* U+006A "j" */
//     0x3, 0xe0, 0x7f, 0x7, 0xf0, 0x7f, 0x7, 0xf0, 0x3e, 0x0, 0x0, 0x0, 0x0, 0x0,
//     0x3f, 0x3, 0xf0, 0x3f, 0x3, 0xf0, 0x3f, 0x3, 0xf0, 0x3f, 0x3, 0xf0, 0x3f,
//     0x3, 0xf0, 0x3f, 0x3, 0xf0, 0x3f, 0x3, 0xf0, 0x3f, 0x3, 0xf0, 0x3f, 0x3,
//     0xf0, 0x3f, 0x3, 0xf0, 0x3f, 0x3, 0xf0, 0x3f, 0x3, 0xf0, 0x3f, 0x3, 0xf0,
//     0x7f, 0xff, 0xef, 0xfe, 0xff, 0xcf, 0xf8, 0xfe, 0x0,

//     /* U+006B "k" */
//     0xfc, 0x0, 0x7, 0xe0, 0x0, 0x3f, 0x0, 0x1, 0xf8, 0x0, 0xf, 0xc0, 0x0, 0x7e,
//     0x0, 0x3, 0xf0, 0x0, 0x1f, 0x80, 0x0, 0xfc, 0x0, 0x7, 0xe0, 0x7f, 0xbf, 0x7,
//     0xf9, 0xf8, 0x7f, 0x8f, 0xc3, 0xf8, 0x7e, 0x3f, 0x83, 0xf3, 0xfc, 0x1f,
//     0xbf, 0xc0, 0xfd, 0xfc, 0x7, 0xff, 0xc0, 0x3f, 0xfc, 0x1, 0xff, 0xf0, 0xf,
//     0xff, 0x80, 0x7f, 0xfe, 0x3, 0xff, 0xf8, 0x1f, 0xff, 0xc0, 0xfe, 0x7f, 0x7,
//     0xe3, 0xfc, 0x3f, 0xf, 0xe1, 0xf8, 0x3f, 0x8f, 0xc1, 0xfc, 0x7e, 0x7, 0xf3,
//     0xf0, 0x3f, 0xdf, 0x80, 0xfe,

//     /* U+006C "l" */
//     0xff, 0xff, 0xff, 0xff, 0xff, 0xff, 0xff, 0xff, 0xff, 0xff, 0xff, 0xff,
//     0xff, 0xff, 0xff, 0xff, 0xff, 0xff, 0xff, 0xff, 0xff, 0xff, 0xff, 0xff,

//     /* U+006D "m" */
//     0xfc, 0x7e, 0x3, 0xf0, 0xfd, 0xff, 0x8f, 0xfc, 0xff, 0xff, 0xdf, 0xfe, 0xff,
//     0xff, 0xff, 0xfe, 0xff, 0xff, 0xff, 0xfe, 0xff, 0xf, 0xf8, 0x7f, 0xfc, 0x7,
//     0xe0, 0x3f, 0xfc, 0x7, 0xe0, 0x3f, 0xfc, 0x7, 0xe0, 0x3f, 0xfc, 0x7, 0xe0,
//     0x3f, 0xfc, 0x7, 0xe0, 0x3f, 0xfc, 0x7, 0xe0, 0x3f, 0xfc, 0x7, 0xe0, 0x3f,
//     0xfc, 0x7, 0xe0, 0x3f, 0xfc, 0x7, 0xe0, 0x3f, 0xfc, 0x7, 0xe0, 0x3f, 0xfc,
//     0x7, 0xe0, 0x3f, 0xfc, 0x7, 0xe0, 0x3f, 0xfc, 0x7, 0xe0, 0x3f, 0xfc, 0x7,
//     0xe0, 0x3f, 0xfc, 0x7, 0xe0, 0x3f, 0xfc, 0x7, 0xe0, 0x3f, 0xfc, 0x7, 0xe0,
//     0x3f,

//     /* U+006E "n" */
//     0xfc, 0x7e, 0x1f, 0xbf, 0xf3, 0xff, 0xff, 0x7f, 0xff, 0xef, 0xff, 0xfd,
//     0xfc, 0x1f, 0xff, 0x1, 0xff, 0xe0, 0x3f, 0xfc, 0x7, 0xff, 0x80, 0xff, 0xf0,
//     0x1f, 0xfe, 0x3, 0xff, 0xc0, 0x7f, 0xf8, 0xf, 0xff, 0x1, 0xff, 0xe0, 0x3f,
//     0xfc, 0x7, 0xff, 0x80, 0xff, 0xf0, 0x1f, 0xfe, 0x3, 0xff, 0xc0, 0x7f, 0xf8,
//     0xf, 0xff, 0x1, 0xf8,

//     /* U+006F "o" */
//     0x1, 0xfc, 0x0, 0x3f, 0xf8, 0x7, 0xff, 0xf0, 0x7f, 0xff, 0xc3, 0xff, 0xfe,
//     0x3f, 0x83, 0xf9, 0xf8, 0xf, 0xdf, 0xc0, 0x7f, 0xfc, 0x1, 0xff, 0xe0, 0xf,
//     0xff, 0x0, 0x7f, 0xf8, 0x3, 0xff, 0xc0, 0x1f, 0xfe, 0x0, 0xff, 0xf0, 0x7,
//     0xff, 0xc0, 0x7f, 0x7e, 0x3, 0xf3, 0xf8, 0x3f, 0x8f, 0xff, 0xf8, 0x7f, 0xff,
//     0xc1, 0xff, 0xfc, 0x3, 0xff, 0x80, 0x7, 0xf0, 0x0,

//     /* U+0070 "p" */
//     0xfc, 0x7c, 0xf, 0xdf, 0xf0, 0xff, 0xff, 0x8f, 0xff, 0xfc, 0xff, 0xff, 0xef,
//     0xf0, 0xfe, 0xfc, 0x7, 0xef, 0xc0, 0x7f, 0xfc, 0x3, 0xff, 0xc0, 0x3f, 0xfc,
//     0x3, 0xff, 0xc0, 0x3f, 0xfc, 0x3, 0xff, 0xc0, 0x3f, 0xfc, 0x3, 0xff, 0xc0,
//     0x7f, 0xfc, 0x7, 0xef, 0xf0, 0xfe, 0xff, 0xff, 0xef, 0xff, 0xfc, 0xff, 0xff,
//     0x8f, 0xdf, 0xf0, 0xfc, 0x7c, 0xf, 0xc0, 0x0, 0xfc, 0x0, 0xf, 0xc0, 0x0,
//     0xfc, 0x0, 0xf, 0xc0, 0x0, 0xfc, 0x0, 0xf, 0xc0, 0x0, 0xfc, 0x0, 0xf, 0xc0,
//     0x0,

//     /* U+0071 "q" */
//     0x3, 0xe1, 0xf0, 0xff, 0x9f, 0x1f, 0xff, 0xf3, 0xff, 0xff, 0x7f, 0xff, 0xf7,
//     0xf0, 0xff, 0x7e, 0x3, 0xff, 0xe0, 0x3f, 0xfc, 0x3, 0xff, 0xc0, 0x3f, 0xfc,
//     0x3, 0xff, 0xc0, 0x3f, 0xfc, 0x3, 0xff, 0xc0, 0x3f, 0xfc, 0x3, 0xff, 0xe0,
//     0x3f, 0x7e, 0x3, 0xf7, 0xf0, 0xff, 0x7f, 0xff, 0xf3, 0xff, 0xff, 0x1f, 0xff,
//     0xf0, 0xff, 0xbf, 0x3, 0xe3, 0xf0, 0x0, 0x3f, 0x0, 0x3, 0xf0, 0x0, 0x3f,
//     0x0, 0x3, 0xf0, 0x0, 0x3f, 0x0, 0x3, 0xf0, 0x0, 0x3f, 0x0, 0x3, 0xf0, 0x0,
//     0x3f,

//     /* U+0072 "r" */
//     0xfc, 0x7f, 0xef, 0xff, 0xff, 0xff, 0xff, 0xff, 0xff, 0xff, 0xfc, 0x1f,
//     0xc0, 0xfc, 0x7, 0xe0, 0x3f, 0x1, 0xf8, 0xf, 0xc0, 0x7e, 0x3, 0xf0, 0x1f,
//     0x80, 0xfc, 0x7, 0xe0, 0x3f, 0x1, 0xf8, 0xf, 0xc0, 0x7e, 0x3, 0xf0, 0x0,

//     /* U+0073 "s" */
//     0x3, 0xf8, 0x1, 0xff, 0xe0, 0x7f, 0xfe, 0x1f, 0xff, 0xe7, 0xff, 0xfc, 0xfe,
//     0x1f, 0xdf, 0x81, 0xfb, 0xf0, 0x3f, 0x7f, 0x0, 0x7, 0xf8, 0x0, 0x7f, 0xf0,
//     0x7, 0xff, 0x80, 0x3f, 0xf8, 0x0, 0x7f, 0x80, 0x3, 0xff, 0xe0, 0x3f, 0xfc,
//     0x7, 0xff, 0xc1, 0xfd, 0xff, 0xff, 0x9f, 0xff, 0xe3, 0xff, 0xf8, 0x1f, 0xfe,
//     0x0, 0xfe, 0x0,

//     /* U+0074 "t" */
//     0x1f, 0x80, 0x7e, 0x1, 0xf8, 0x7, 0xe0, 0x1f, 0x80, 0x7e, 0xf, 0xff, 0xbf,
//     0xfe, 0xff, 0xfb, 0xff, 0xef, 0xff, 0x87, 0xe0, 0x1f, 0x80, 0x7e, 0x1, 0xf8,
//     0x7, 0xe0, 0x1f, 0x80, 0x7e, 0x1, 0xf8, 0x7, 0xe0, 0x1f, 0x80, 0x7e, 0x1,
//     0xf8, 0x7, 0xf0, 0x1f, 0xfc, 0x7f, 0xf0, 0xff, 0xc1, 0xff, 0x1, 0xf8,

//     /* U+0075 "u" */
//     0xfc, 0x7, 0xff, 0x80, 0xff, 0xf0, 0x1f, 0xfe, 0x3, 0xff, 0xc0, 0x7f, 0xf8,
//     0xf, 0xff, 0x1, 0xff, 0xe0, 0x3f, 0xfc, 0x7, 0xff, 0x80, 0xff, 0xf0, 0x1f,
//     0xfe, 0x3, 0xff, 0xc0, 0x7f, 0xf8, 0xf, 0xff, 0x1, 0xff, 0xe0, 0x3f, 0xfc,
//     0x7, 0xff, 0xc1, 0xfd, 0xff, 0xff, 0xbf, 0xff, 0xf3, 0xff, 0xfe, 0x7f, 0xef,
//     0xc3, 0xf1, 0xf8,

//     /* U+0076 "v" */
//     0xfe, 0x1, 0xfd, 0xf8, 0x7, 0xe7, 0xf0, 0x3f, 0x9f, 0xc0, 0xfe, 0x3f, 0x3,
//     0xf0, 0xfe, 0x1f, 0xc3, 0xf8, 0x7f, 0x7, 0xe1, 0xf8, 0x1f, 0x87, 0xe0, 0x7f,
//     0x3f, 0x80, 0xfc, 0xfc, 0x3, 0xf3, 0xf0, 0xf, 0xcf, 0xc0, 0x1f, 0xfe, 0x0,
//     0x7f, 0xf8, 0x1, 0xff, 0xe0, 0x3, 0xff, 0x0, 0xf, 0xfc, 0x0, 0x3f, 0xf0,
//     0x0, 0x7f, 0x80, 0x1, 0xfe, 0x0, 0x7, 0xf8, 0x0, 0x1f, 0xe0, 0x0,

//     /* U+0077 "w" */
//     0xfc, 0xf, 0x81, 0xff, 0xe0, 0x7c, 0xf, 0xff, 0x3, 0xe0, 0x7e, 0xfc, 0x3f,
//     0x87, 0xe7, 0xe1, 0xfc, 0x3f, 0x3f, 0xf, 0xe1, 0xf9, 0xf8, 0x7f, 0xf, 0xc7,
//     0xc7, 0xfc, 0x7c, 0x3f, 0x3f, 0xe7, 0xe1, 0xf9, 0xef, 0x3f, 0xf, 0xcf, 0x7d,
//     0xf8, 0x3e, 0xfb, 0xef, 0xc1, 0xf7, 0x8f, 0x7c, 0xf, 0xbc, 0x7f, 0xe0, 0x7f,
//     0xe3, 0xff, 0x3, 0xff, 0x1f, 0xf8, 0xf, 0xf0, 0x7f, 0x80, 0x7f, 0x83, 0xfc,
//     0x3, 0xfc, 0x1f, 0xe0, 0x1f, 0xe0, 0xff, 0x0, 0x7e, 0x3, 0xf0, 0x3, 0xf0,
//     0x1f, 0x80, 0x1f, 0x80, 0xfc, 0x0,

//     /* U+0078 "x" */
//     0x7f, 0x3, 0xfb, 0xf8, 0x1f, 0x8f, 0xe1, 0xfc, 0x3f, 0x1f, 0xc1, 0xfc, 0xfe,
//     0x7, 0xef, 0xe0, 0x3f, 0xff, 0x0, 0xff, 0xf0, 0x7, 0xff, 0x80, 0x1f, 0xf8,
//     0x0, 0xff, 0x80, 0x3, 0xfc, 0x0, 0x3f, 0xf0, 0x3, 0xff, 0x80, 0x1f, 0xfe,
//     0x1, 0xff, 0xf0, 0xf, 0xff, 0xc0, 0xfe, 0x7e, 0x7, 0xf3, 0xf8, 0x7f, 0xf,
//     0xc3, 0xf0, 0x7f, 0x3f, 0x81, 0xfd, 0xf8, 0xf, 0xe0,

//     /* U+0079 "y" */
//     0x7e, 0x1, 0xfd, 0xfc, 0x7, 0xe7, 0xf0, 0x3f, 0x8f, 0xc0, 0xfe, 0x3f, 0x83,
//     0xf0, 0xfe, 0x1f, 0xc1, 0xf8, 0x7f, 0x7, 0xe1, 0xf8, 0x1f, 0xc7, 0xe0, 0x3f,
//     0x3f, 0x80, 0xfc, 0xfc, 0x3, 0xf3, 0xf0, 0x7, 0xff, 0xc0, 0x1f, 0xfe, 0x0,
//     0x7f, 0xf8, 0x0, 0xff, 0xe0, 0x3, 0xff, 0x0, 0xf, 0xfc, 0x0, 0x1f, 0xf0,
//     0x0, 0x7f, 0x80, 0x1, 0xfe, 0x0, 0x3, 0xf8, 0x0, 0xf, 0xc0, 0x0, 0x3f, 0x0,
//     0x0, 0xfc, 0x0, 0x7, 0xe0, 0x0, 0x3f, 0x80, 0x7, 0xfc, 0x0, 0x1f, 0xf0, 0x0,
//     0x7f, 0x80, 0x1, 0xfc, 0x0, 0x7, 0xe0, 0x0,

//     /* U+007A "z" */
//     0x7f, 0xff, 0xef, 0xff, 0xfd, 0xff, 0xff, 0xbf, 0xff, 0xf7, 0xff, 0xfc, 0x0,
//     0x3f, 0x0, 0xf, 0xe0, 0x3, 0xf8, 0x0, 0xfe, 0x0, 0x1f, 0xc0, 0x7, 0xf0, 0x1,
//     0xfc, 0x0, 0x3f, 0x0, 0xf, 0xe0, 0x3, 0xf8, 0x0, 0xfe, 0x0, 0x1f, 0xc0, 0x7,
//     0xf0, 0x1, 0xff, 0xff, 0xff, 0xff, 0xff, 0xff, 0xff, 0xff, 0xff, 0xff, 0xff,
//     0xf8,

//     /* U+007B "{" */
//     0x0, 0x70, 0x7, 0x80, 0xfe, 0x7, 0xe0, 0x7e, 0x3, 0xf0, 0x3f, 0x1, 0xf8,
//     0xf, 0xc0, 0x7e, 0x3, 0xf0, 0x1f, 0x80, 0xfc, 0x7, 0xe0, 0x3f, 0x1, 0xf8,
//     0x1f, 0x81, 0xfc, 0x3f, 0xc1, 0xfc, 0xf, 0xe0, 0x7f, 0x80, 0xfe, 0x3, 0xf0,
//     0xf, 0xc0, 0x7e, 0x3, 0xf0, 0x1f, 0x80, 0xfc, 0x7, 0xe0, 0x3f, 0x1, 0xf8,
//     0xf, 0xc0, 0x7e, 0x1, 0xf8, 0xf, 0xc0, 0x3f, 0x0, 0xfc, 0x3, 0xc0, 0x6,

//     /* U+007C "|" */
//     0xff, 0xff, 0xff, 0xff, 0xff, 0xff, 0xff, 0xff, 0xff, 0xff, 0xff, 0xff,
//     0xff, 0xff, 0xff, 0xff, 0xff, 0xff,

//     /* U+007D "}" */
//     0x70, 0x7, 0x80, 0xfe, 0x7, 0xe0, 0x3f, 0x3, 0xf0, 0x1f, 0x81, 0xf8, 0x1f,
//     0x81, 0xf8, 0x1f, 0x81, 0xf8, 0x1f, 0x81, 0xf8, 0x1f, 0x81, 0xf8, 0xf, 0xc0,
//     0xfe, 0x7, 0xf0, 0x3f, 0x3, 0xf0, 0x7f, 0xf, 0xe0, 0xfc, 0x1f, 0x81, 0xf8,
//     0x1f, 0x81, 0xf8, 0x1f, 0x81, 0xf8, 0x1f, 0x81, 0xf8, 0x1f, 0x81, 0xf8,
//     0x3f, 0x3, 0xf0, 0x7e, 0xf, 0xe0, 0x7c, 0x7, 0x0,

//     /* U+007E "~" */
//     0xf, 0x80, 0x0, 0x3f, 0xc0, 0x7c, 0xff, 0xc0, 0xfb, 0xff, 0xc3, 0xf7, 0xff,
//     0xc7, 0xff, 0x8f, 0xff, 0xbf, 0xf, 0xff, 0x7c, 0xf, 0xfc, 0xf8, 0xf, 0xf0,
//     0x0, 0x7, 0xc0};

// /*---------------------
//  *  GLYPH DESCRIPTION
//  *--------------------*/

// static const lv_font_fmt_txt_glyph_dsc_t glyph_dsc[] = {
//     {.bitmap_index = 0,
//      .adv_w = 0,
//      .box_w = 0,
//      .box_h = 0,
//      .ofs_x = 0,
//      .ofs_y = 0} /* id = 0 reserved */,
//     {.bitmap_index = 0,
//      .adv_w = 167,
//      .box_w = 1,
//      .box_h = 1,
//      .ofs_x = 0,
//      .ofs_y = 0},
//     {.bitmap_index = 1,
//      .adv_w = 184,
//      .box_w = 7,
//      .box_h = 30,
//      .ofs_x = 2,
//      .ofs_y = 0},
//     {.bitmap_index = 28,
//      .adv_w = 214,
//      .box_w = 11,
//      .box_h = 11,
//      .ofs_x = 1,
//      .ofs_y = 21},
//     {.bitmap_index = 44,
//      .adv_w = 394,
//      .box_w = 23,
//      .box_h = 30,
//      .ofs_x = 1,
//      .ofs_y = 0},
//     {.bitmap_index = 131,
//      .adv_w = 388,
//      .box_w = 20,
//      .box_h = 40,
//      .ofs_x = 2,
//      .ofs_y = -4},
//     {.bitmap_index = 231,
//      .adv_w = 498,
//      .box_w = 27,
//      .box_h = 30,
//      .ofs_x = 2,
//      .ofs_y = 0},
//     {.bitmap_index = 333,
//      .adv_w = 448,
//      .box_w = 27,
//      .box_h = 30,
//      .ofs_x = 1,
//      .ofs_y = 0},
//     {.bitmap_index = 435,
//      .adv_w = 106,
//      .box_w = 5,
//      .box_h = 11,
//      .ofs_x = 1,
//      .ofs_y = 21},
//     {.bitmap_index = 442,
//      .adv_w = 236,
//      .box_w = 11,
//      .box_h = 43,
//      .ofs_x = 3,
//      .ofs_y = -9},
//     {.bitmap_index = 502,
//      .adv_w = 237,
//      .box_w = 12,
//      .box_h = 43,
//      .ofs_x = 1,
//      .ofs_y = -9},
//     {.bitmap_index = 567,
//      .adv_w = 309,
//      .box_w = 19,
//      .box_h = 19,
//      .ofs_x = 0,
//      .ofs_y = 11},
//     {.bitmap_index = 613,
//      .adv_w = 363,
//      .box_w = 20,
//      .box_h = 23,
//      .ofs_x = 1,
//      .ofs_y = 2},
//     {.bitmap_index = 671,
//      .adv_w = 173,
//      .box_w = 7,
//      .box_h = 13,
//      .ofs_x = 1,
//      .ofs_y = -8},
//     {.bitmap_index = 683,
//      .adv_w = 284,
//      .box_w = 12,
//      .box_h = 5,
//      .ofs_x = 3,
//      .ofs_y = 11},
//     {.bitmap_index = 691,
//      .adv_w = 199,
//      .box_w = 7,
//      .box_h = 6,
//      .ofs_x = 2,
//      .ofs_y = 0},
//     {.bitmap_index = 697,
//      .adv_w = 242,
//      .box_w = 15,
//      .box_h = 33,
//      .ofs_x = 0,
//      .ofs_y = -3},
//     {.bitmap_index = 759,
//      .adv_w = 388,
//      .box_w = 20,
//      .box_h = 30,
//      .ofs_x = 2,
//      .ofs_y = 0},
//     {.bitmap_index = 834,
//      .adv_w = 388,
//      .box_w = 13,
//      .box_h = 30,
//      .ofs_x = 3,
//      .ofs_y = 0},
//     {.bitmap_index = 883,
//      .adv_w = 388,
//      .box_w = 21,
//      .box_h = 30,
//      .ofs_x = 1,
//      .ofs_y = 0},
//     {.bitmap_index = 962,
//      .adv_w = 388,
//      .box_w = 21,
//      .box_h = 30,
//      .ofs_x = 1,
//      .ofs_y = 0},
//     {.bitmap_index = 1041,
//      .adv_w = 388,
//      .box_w = 22,
//      .box_h = 30,
//      .ofs_x = 1,
//      .ofs_y = 0},
//     {.bitmap_index = 1124,
//      .adv_w = 388,
//      .box_w = 20,
//      .box_h = 30,
//      .ofs_x = 2,
//      .ofs_y = 0},
//     {.bitmap_index = 1199,
//      .adv_w = 388,
//      .box_w = 21,
//      .box_h = 30,
//      .ofs_x = 2,
//      .ofs_y = 0},
//     {.bitmap_index = 1278,
//      .adv_w = 388,
//      .box_w = 21,
//      .box_h = 30,
//      .ofs_x = 1,
//      .ofs_y = 0},
//     {.bitmap_index = 1357,
//      .adv_w = 388,
//      .box_w = 20,
//      .box_h = 30,
//      .ofs_x = 2,
//      .ofs_y = 0},
//     {.bitmap_index = 1432,
//      .adv_w = 388,
//      .box_w = 20,
//      .box_h = 30,
//      .ofs_x = 2,
//      .ofs_y = 0},
//     {.bitmap_index = 1507,
//      .adv_w = 196,
//      .box_w = 7,
//      .box_h = 23,
//      .ofs_x = 2,
//      .ofs_y = 0},
//     {.bitmap_index = 1528,
//      .adv_w = 185,
//      .box_w = 8,
//      .box_h = 31,
//      .ofs_x = 1,
//      .ofs_y = -8},
//     {.bitmap_index = 1559,
//      .adv_w = 343,
//      .box_w = 18,
//      .box_h = 20,
//      .ofs_x = 1,
//      .ofs_y = 3},
//     {.bitmap_index = 1604,
//      .adv_w = 390,
//      .box_w = 19,
//      .box_h = 14,
//      .ofs_x = 3,
//      .ofs_y = 6},
//     {.bitmap_index = 1638,
//      .adv_w = 346,
//      .box_w = 18,
//      .box_h = 20,
//      .ofs_x = 2,
//      .ofs_y = 3},
//     {.bitmap_index = 1683,
//      .adv_w = 339,
//      .box_w = 19,
//      .box_h = 30,
//      .ofs_x = 1,
//      .ofs_y = 0},
//     {.bitmap_index = 1755,
//      .adv_w = 602,
//      .box_w = 34,
//      .box_h = 39,
//      .ofs_x = 2,
//      .ofs_y = -9},
//     {.bitmap_index = 1921,
//      .adv_w = 454,
//      .box_w = 28,
//      .box_h = 30,
//      .ofs_x = 0,
//      .ofs_y = 0},
//     {.bitmap_index = 2026,
//      .adv_w = 431,
//      .box_w = 22,
//      .box_h = 30,
//      .ofs_x = 2,
//      .ofs_y = 0},
//     {.bitmap_index = 2109,
//      .adv_w = 440,
//      .box_w = 24,
//      .box_h = 30,
//      .ofs_x = 2,
//      .ofs_y = 0},
//     {.bitmap_index = 2199,
//      .adv_w = 436,
//      .box_w = 23,
//      .box_h = 30,
//      .ofs_x = 2,
//      .ofs_y = 0},
//     {.bitmap_index = 2286,
//      .adv_w = 377,
//      .box_w = 21,
//      .box_h = 30,
//      .ofs_x = 2,
//      .ofs_y = 0},
//     {.bitmap_index = 2365,
//      .adv_w = 368,
//      .box_w = 20,
//      .box_h = 30,
//      .ofs_x = 2,
//      .ofs_y = 0},
//     {.bitmap_index = 2440,
//      .adv_w = 458,
//      .box_w = 24,
//      .box_h = 30,
//      .ofs_x = 2,
//      .ofs_y = 0},
//     {.bitmap_index = 2530,
//      .adv_w = 473,
//      .box_w = 24,
//      .box_h = 30,
//      .ofs_x = 2,
//      .ofs_y = 0},
//     {.bitmap_index = 2620,
//      .adv_w = 200,
//      .box_w = 6,
//      .box_h = 30,
//      .ofs_x = 3,
//      .ofs_y = 0},
//     {.bitmap_index = 2643,
//      .adv_w = 377,
//      .box_w = 20,
//      .box_h = 30,
//      .ofs_x = 1,
//      .ofs_y = 0},
//     {.bitmap_index = 2718,
//      .adv_w = 429,
//      .box_w = 24,
//      .box_h = 30,
//      .ofs_x = 2,
//      .ofs_y = 0},
//     {.bitmap_index = 2808,
//      .adv_w = 364,
//      .box_w = 20,
//      .box_h = 30,
//      .ofs_x = 2,
//      .ofs_y = 0},
//     {.bitmap_index = 2883,
//      .adv_w = 589,
//      .box_w = 32,
//      .box_h = 30,
//      .ofs_x = 2,
//      .ofs_y = 0},
//     {.bitmap_index = 3003,
//      .adv_w = 473,
//      .box_w = 24,
//      .box_h = 30,
//      .ofs_x = 2,
//      .ofs_y = 0},
//     {.bitmap_index = 3093,
//      .adv_w = 464,
//      .box_w = 26,
//      .box_h = 30,
//      .ofs_x = 2,
//      .ofs_y = 0},
//     {.bitmap_index = 3191,
//      .adv_w = 435,
//      .box_w = 23,
//      .box_h = 30,
//      .ofs_x = 2,
//      .ofs_y = 0},
//     {.bitmap_index = 3278,
//      .adv_w = 464,
//      .box_w = 26,
//      .box_h = 35,
//      .ofs_x = 2,
//      .ofs_y = -5},
//     {.bitmap_index = 3392,
//      .adv_w = 434,
//      .box_w = 23,
//      .box_h = 30,
//      .ofs_x = 2,
//      .ofs_y = 0},
//     {.bitmap_index = 3479,
//      .adv_w = 417,
//      .box_w = 23,
//      .box_h = 30,
//      .ofs_x = 1,
//      .ofs_y = 0},
//     {.bitmap_index = 3566,
//      .adv_w = 420,
//      .box_w = 25,
//      .box_h = 30,
//      .ofs_x = 1,
//      .ofs_y = 0},
//     {.bitmap_index = 3660,
//      .adv_w = 445,
//      .box_w = 23,
//      .box_h = 30,
//      .ofs_x = 2,
//      .ofs_y = 0},
//     {.bitmap_index = 3747,
//      .adv_w = 442,
//      .box_w = 28,
//      .box_h = 30,
//      .ofs_x = 0,
//      .ofs_y = 0},
//     {.bitmap_index = 3852,
//      .adv_w = 586,
//      .box_w = 35,
//      .box_h = 30,
//      .ofs_x = 1,
//      .ofs_y = 0},
//     {.bitmap_index = 3984,
//      .adv_w = 428,
//      .box_w = 26,
//      .box_h = 30,
//      .ofs_x = 0,
//      .ofs_y = 0},
//     {.bitmap_index = 4082,
//      .adv_w = 419,
//      .box_w = 27,
//      .box_h = 30,
//      .ofs_x = 0,
//      .ofs_y = 0},
//     {.bitmap_index = 4184,
//      .adv_w = 409,
//      .box_w = 23,
//      .box_h = 30,
//      .ofs_x = 1,
//      .ofs_y = 0},
//     {.bitmap_index = 4271,
//      .adv_w = 188,
//      .box_w = 9,
//      .box_h = 43,
//      .ofs_x = 2,
//      .ofs_y = -7},
//     {.bitmap_index = 4320,
//      .adv_w = 285,
//      .box_w = 19,
//      .box_h = 33,
//      .ofs_x = 0,
//      .ofs_y = -3},
//     {.bitmap_index = 4399,
//      .adv_w = 188,
//      .box_w = 9,
//      .box_h = 43,
//      .ofs_x = 0,
//      .ofs_y = -7},
//     {.bitmap_index = 4448,
//      .adv_w = 298,
//      .box_w = 17,
//      .box_h = 15,
//      .ofs_x = 1,
//      .ofs_y = 15},
//     {.bitmap_index = 4480,
//      .adv_w = 298,
//      .box_w = 19,
//      .box_h = 5,
//      .ofs_x = 0,
//      .ofs_y = -5},
//     {.bitmap_index = 4492,
//      .adv_w = 225,
//      .box_w = 11,
//      .box_h = 6,
//      .ofs_x = 1,
//      .ofs_y = 26},
//     {.bitmap_index = 4501,
//      .adv_w = 358,
//      .box_w = 20,
//      .box_h = 23,
//      .ofs_x = 1,
//      .ofs_y = 0},
//     {.bitmap_index = 4559,
//      .adv_w = 378,
//      .box_w = 20,
//      .box_h = 32,
//      .ofs_x = 2,
//      .ofs_y = 0},
//     {.bitmap_index = 4639,
//      .adv_w = 350,
//      .box_w = 20,
//      .box_h = 23,
//      .ofs_x = 1,
//      .ofs_y = 0},
//     {.bitmap_index = 4697,
//      .adv_w = 378,
//      .box_w = 20,
//      .box_h = 32,
//      .ofs_x = 1,
//      .ofs_y = 0},
//     {.bitmap_index = 4777,
//      .adv_w = 365,
//      .box_w = 20,
//      .box_h = 23,
//      .ofs_x = 1,
//      .ofs_y = 0},
//     {.bitmap_index = 4835,
//      .adv_w = 242,
//      .box_w = 15,
//      .box_h = 32,
//      .ofs_x = 1,
//      .ofs_y = 0},
//     {.bitmap_index = 4895,
//      .adv_w = 385,
//      .box_w = 20,
//      .box_h = 32,
//      .ofs_x = 1,
//      .ofs_y = -9},
//     {.bitmap_index = 4975,
//      .adv_w = 378,
//      .box_w = 19,
//      .box_h = 32,
//      .ofs_x = 2,
//      .ofs_y = 0},
//     {.bitmap_index = 5051,
//      .adv_w = 181,
//      .box_w = 7,
//      .box_h = 32,
//      .ofs_x = 2,
//      .ofs_y = 0},
//     {.bitmap_index = 5079,
//      .adv_w = 179,
//      .box_w = 12,
//      .box_h = 41,
//      .ofs_x = -3,
//      .ofs_y = -9},
//     {.bitmap_index = 5141,
//      .adv_w = 363,
//      .box_w = 21,
//      .box_h = 32,
//      .ofs_x = 2,
//      .ofs_y = 0},
//     {.bitmap_index = 5225,
//      .adv_w = 181,
//      .box_w = 6,
//      .box_h = 32,
//      .ofs_x = 2,
//      .ofs_y = 0},
//     {.bitmap_index = 5249,
//      .adv_w = 580,
//      .box_w = 32,
//      .box_h = 23,
//      .ofs_x = 2,
//      .ofs_y = 0},
//     {.bitmap_index = 5341,
//      .adv_w = 378,
//      .box_w = 19,
//      .box_h = 23,
//      .ofs_x = 2,
//      .ofs_y = 0},
//     {.bitmap_index = 5396,
//      .adv_w = 379,
//      .box_w = 21,
//      .box_h = 23,
//      .ofs_x = 1,
//      .ofs_y = 0},
//     {.bitmap_index = 5457,
//      .adv_w = 378,
//      .box_w = 20,
//      .box_h = 32,
//      .ofs_x = 2,
//      .ofs_y = -9},
//     {.bitmap_index = 5537,
//      .adv_w = 378,
//      .box_w = 20,
//      .box_h = 32,
//      .ofs_x = 1,
//      .ofs_y = -9},
//     {.bitmap_index = 5617,
//      .adv_w = 250,
//      .box_w = 13,
//      .box_h = 23,
//      .ofs_x = 2,
//      .ofs_y = 0},
//     {.bitmap_index = 5655,
//      .adv_w = 345,
//      .box_w = 19,
//      .box_h = 23,
//      .ofs_x = 1,
//      .ofs_y = 0},
//     {.bitmap_index = 5710,
//      .adv_w = 229,
//      .box_w = 14,
//      .box_h = 29,
//      .ofs_x = 1,
//      .ofs_y = 0},
//     {.bitmap_index = 5761,
//      .adv_w = 378,
//      .box_w = 19,
//      .box_h = 23,
//      .ofs_x = 2,
//      .ofs_y = 0},
//     {.bitmap_index = 5816,
//      .adv_w = 344,
//      .box_w = 22,
//      .box_h = 23,
//      .ofs_x = 0,
//      .ofs_y = 0},
//     {.bitmap_index = 5880,
//      .adv_w = 491,
//      .box_w = 29,
//      .box_h = 23,
//      .ofs_x = 1,
//      .ofs_y = 0},
//     {.bitmap_index = 5964,
//      .adv_w = 344,
//      .box_w = 21,
//      .box_h = 23,
//      .ofs_x = 0,
//      .ofs_y = 0},
//     {.bitmap_index = 6025,
//      .adv_w = 343,
//      .box_w = 22,
//      .box_h = 32,
//      .ofs_x = 0,
//      .ofs_y = -9},
//     {.bitmap_index = 6113,
//      .adv_w = 344,
//      .box_w = 19,
//      .box_h = 23,
//      .ofs_x = 1,
//      .ofs_y = 0},
//     {.bitmap_index = 6168,
//      .adv_w = 220,
//      .box_w = 13,
//      .box_h = 40,
//      .ofs_x = 0,
//      .ofs_y = -7},
//     {.bitmap_index = 6233,
//      .adv_w = 171,
//      .box_w = 4,
//      .box_h = 36,
//      .ofs_x = 4,
//      .ofs_y = -6},
//     {.bitmap_index = 6251,
//      .adv_w = 220,
//      .box_w = 12,
//      .box_h = 40,
//      .ofs_x = 1,
//      .ofs_y = -7},
//     {.bitmap_index = 6311,
//      .adv_w = 430,
//      .box_w = 23,
//      .box_h = 10,
//      .ofs_x = 2,
//      .ofs_y = 8}};

// /*---------------------
//  *  CHARACTER MAPPING
//  *--------------------*/

// /*Collect the unicode lists and glyph_id offsets*/
// static const lv_font_fmt_txt_cmap_t cmaps[] = {
//     {.range_start = 32,
//      .range_length = 95,
//      .glyph_id_start = 1,
//      .unicode_list = NULL,
//      .glyph_id_ofs_list = NULL,
//      .list_length = 0,
//      .type = LV_FONT_FMT_TXT_CMAP_FORMAT0_TINY}};

// /*-----------------
//  *    KERNING
//  *----------------*/

// /*Pair left and right glyphs for kerning*/
// static const uint8_t kern_pair_glyph_ids[] = {3, 3,  3, 8,  8, 3,  8, 8,  13,
//                                               3, 13, 8, 15, 3, 15, 8, 16, 16};

// /* Kerning between the respective left and right glyphs
//  * 4.4 format which needs to scaled with `kern_scale`*/
// static const int8_t kern_pair_values[] = {-16, -16, -16, -16, -87,
//                                           -87, -87, -87, -80};

// /*Collect the kern pair's data in one place*/
// static const lv_font_fmt_txt_kern_pair_t kern_pairs = {
//     .glyph_ids = kern_pair_glyph_ids,
//     .values = kern_pair_values,
//     .pair_cnt = 9,
//     .glyph_ids_size = 0};

// /*--------------------
//  *  ALL CUSTOM DATA
//  *--------------------*/

// #if LVGL_VERSION_MAJOR == 8
// /*Store all the custom data of the font*/
// static lv_font_fmt_txt_glyph_cache_t cache;
// #endif

// #if LVGL_VERSION_MAJOR >= 8
// static const lv_font_fmt_txt_dsc_t font_dsc = {
// #else
// static lv_font_fmt_txt_dsc_t font_dsc = {
// #endif
//     .glyph_bitmap = glyph_bitmap,
//     .glyph_dsc = glyph_dsc,
//     .cmaps = cmaps,
//     .kern_dsc = &kern_pairs,
//     .kern_scale = 16,
//     .cmap_num = 1,
//     .bpp = 1,
//     .kern_classes = 0,
//     .bitmap_format = 0,
// #if LVGL_VERSION_MAJOR == 8
//     .cache = &cache
// #endif

// };

// /*-----------------
//  *  PUBLIC FONT
//  *----------------*/

// /*Initialize a public general font descriptor*/
// #if LVGL_VERSION_MAJOR >= 8
// const lv_font_t roboto_bold_42 = {
// #else
// lv_font_t roboto_bold_42 = {
// #endif
//     .get_glyph_dsc =
//         lv_font_get_glyph_dsc_fmt_txt, /*Function pointer to get glyph's data*/
//     .get_glyph_bitmap =
//         lv_font_get_bitmap_fmt_txt, /*Function pointer to get glyph's bitmap*/
//     .line_height = 45, /*The maximum line height required by the font*/
//     .base_line = 9,    /*Baseline measured from the bottom of the line*/
// #if !(LVGL_VERSION_MAJOR == 6 && LVGL_VERSION_MINOR == 0)
//     .subpx = LV_FONT_SUBPX_NONE,
// #endif
// #if LV_VERSION_CHECK(7, 4, 0) || LVGL_VERSION_MAJOR >= 8
//     .underline_position = -3,
//     .underline_thickness = 2,
// #endif
//     // .static_bitmap = 0,
//     .dsc = &font_dsc, /*The custom font data. Will be accessed by
//                          `get_glyph_bitmap/dsc` */
// #if LV_VERSION_CHECK(8, 2, 0) || LVGL_VERSION_MAJOR >= 9
//     .fallback = NULL,
// #endif
//     .user_data = NULL,
// };

// #endif /*#if ROBOTO_BOLD_42*/


/*******************************************************************************
 * Size: 42 px
 * Bpp: 1
 * Opts: --bpp 1 --size 42 --no-compress --stride 1 --align 1 --font Roboto-Bold.ttf --range 32-126,160-383 --format lvgl -o roboto_bold_42.c
 ******************************************************************************/

#ifdef __has_include
    #if __has_include("lvgl.h")
        #ifndef LV_LVGL_H_INCLUDE_SIMPLE
            #define LV_LVGL_H_INCLUDE_SIMPLE
        #endif
    #endif
#endif

#ifdef LV_LVGL_H_INCLUDE_SIMPLE
    #include "lvgl.h"
#else
    #include "lvgl/lvgl.h"
#endif



#ifndef ROBOTO_BOLD_42
#define ROBOTO_BOLD_42 1
#endif

#if ROBOTO_BOLD_42

/*-----------------
 *    BITMAPS
 *----------------*/

/*Store the image of the glyphs*/
static LV_ATTRIBUTE_LARGE_CONST const uint8_t glyph_bitmap[] = {
    /* U+0020 " " */
    0x0,

    /* U+0021 "!" */
    0xff, 0xff, 0xff, 0xff, 0xff, 0xff, 0xff, 0xff,
    0xff, 0xff, 0xff, 0xff, 0xff, 0xff, 0xff, 0xfc,
    0x0, 0x0, 0x7b, 0xff, 0xff, 0xfd, 0xe0,

    /* U+0022 "\"" */
    0xf1, 0xfe, 0x3f, 0xc7, 0xf8, 0xff, 0x1f, 0xe3,
    0xfc, 0x7f, 0x8f, 0xe1, 0xdc, 0x3b, 0x87, 0x0,

    /* U+0023 "#" */
    0x0, 0xf0, 0xe0, 0x1, 0xe1, 0xc0, 0x3, 0xc3,
    0x80, 0x7, 0x8f, 0x0, 0xe, 0x1e, 0x0, 0x1c,
    0x3c, 0x0, 0x78, 0x70, 0x0, 0xf0, 0xe0, 0x1,
    0xe1, 0xc0, 0x7f, 0xff, 0xfc, 0xff, 0xff, 0xf9,
    0xff, 0xff, 0xf0, 0x3c, 0x38, 0x0, 0x78, 0x70,
    0x0, 0xf0, 0xe0, 0x1, 0xe3, 0xc0, 0x3, 0x87,
    0x80, 0x7, 0xf, 0x3, 0xff, 0xff, 0xe7, 0xff,
    0xff, 0xcf, 0xff, 0xff, 0x80, 0xf1, 0xe0, 0x1,
    0xc3, 0xc0, 0x3, 0x87, 0x80, 0xf, 0xe, 0x0,
    0x1e, 0x1c, 0x0, 0x3c, 0x38, 0x0, 0x78, 0xf0,
    0x0, 0xe1, 0xe0, 0x1, 0xc3, 0xc0, 0x0,

    /* U+0024 "$" */
    0x0, 0x70, 0x0, 0x7, 0x0, 0x0, 0x70, 0x0,
    0x7, 0x0, 0x0, 0x70, 0x0, 0x7, 0x0, 0x1,
    0xfc, 0x0, 0x7f, 0xf0, 0x1f, 0xff, 0x83, 0xff,
    0xfc, 0x3f, 0xff, 0xe7, 0xf0, 0xfe, 0x7e, 0x7,
    0xf7, 0xe0, 0x3f, 0x7e, 0x3, 0xf7, 0xe0, 0x3f,
    0x7f, 0x0, 0x3, 0xf8, 0x0, 0x3f, 0xc0, 0x1,
    0xff, 0x80, 0xf, 0xfe, 0x0, 0x7f, 0xf8, 0x1,
    0xff, 0xc0, 0x7, 0xfe, 0x0, 0xf, 0xe0, 0x0,
    0x7f, 0x0, 0x3, 0xff, 0xc0, 0x3f, 0xfc, 0x3,
    0xff, 0xc0, 0x3f, 0x7e, 0x7, 0xf7, 0xf0, 0xfe,
    0x3f, 0xff, 0xe1, 0xff, 0xfc, 0xf, 0xff, 0x0,
    0x3f, 0xc0, 0x0, 0x70, 0x0, 0x7, 0x0, 0x0,
    0x70, 0x0, 0x7, 0x0,

    /* U+0025 "%" */
    0xf, 0x80, 0x0, 0x7, 0xfc, 0x0, 0x1, 0xff,
    0xc0, 0x0, 0x7c, 0x7c, 0x8, 0xf, 0x7, 0x83,
    0xc1, 0xe0, 0xf0, 0xf0, 0x3c, 0x1e, 0x1e, 0x7,
    0x83, 0xc7, 0x80, 0xf0, 0x78, 0xe0, 0x1f, 0x1f,
    0x3c, 0x1, 0xff, 0xcf, 0x0, 0x1f, 0xf1, 0xe0,
    0x0, 0xfc, 0x78, 0x0, 0x0, 0xe, 0x0, 0x0,
    0x3, 0xc0, 0x0, 0x0, 0xf0, 0x0, 0x0, 0x1e,
    0x3e, 0x0, 0x7, 0x9f, 0xf0, 0x1, 0xe7, 0xff,
    0x0, 0x3c, 0xf1, 0xe0, 0xf, 0x3c, 0x1e, 0x1,
    0xc7, 0x83, 0xc0, 0x78, 0xf0, 0x78, 0x1e, 0x1e,
    0xf, 0x3, 0xc3, 0xc1, 0xe0, 0xf0, 0x78, 0x3c,
    0xc, 0x7, 0x8f, 0x0, 0x80, 0xff, 0xe0, 0x0,
    0xf, 0xf8, 0x0, 0x0, 0x7c, 0x0,

    /* U+0026 "&" */
    0x1, 0xf8, 0x0, 0x1, 0xff, 0x80, 0x0, 0xff,
    0xf0, 0x0, 0x7f, 0xfe, 0x0, 0x1f, 0x8f, 0xc0,
    0xf, 0xc1, 0xf0, 0x3, 0xf0, 0x7c, 0x0, 0xfc,
    0x1f, 0x0, 0x3f, 0xf, 0xc0, 0xf, 0xe3, 0xe0,
    0x1, 0xfb, 0xf8, 0x0, 0x7f, 0xfc, 0x0, 0xf,
    0xfe, 0x0, 0x3, 0xff, 0x0, 0x0, 0xff, 0x80,
    0x0, 0x7f, 0xe0, 0x7c, 0x3f, 0xfc, 0x1f, 0x1f,
    0xff, 0x87, 0xc7, 0xe7, 0xf1, 0xf3, 0xf8, 0xfe,
    0xfc, 0xfc, 0x3f, 0xfe, 0x3f, 0x7, 0xff, 0x8f,
    0xc0, 0xff, 0xc3, 0xf0, 0x1f, 0xf0, 0xfe, 0x3,
    0xf8, 0x1f, 0xc1, 0xff, 0x3, 0xff, 0xff, 0xe0,
    0xff, 0xff, 0xfc, 0xf, 0xff, 0x3f, 0x80, 0xff,
    0x7, 0xe0,

    /* U+0027 "'" */
    0xff, 0xff, 0xff, 0xff, 0xff, 0xf0,

    /* U+0028 "(" */
    0x0, 0x0, 0x1c, 0x7, 0x81, 0xf0, 0x7c, 0x1f,
    0x3, 0xe0, 0xf8, 0x1f, 0x7, 0xc0, 0xf8, 0x1e,
    0x7, 0xc0, 0xf8, 0x1f, 0x7, 0xc0, 0xf8, 0x1f,
    0x3, 0xe0, 0x7c, 0xf, 0x81, 0xf0, 0x3e, 0x7,
    0xc0, 0xf8, 0x1f, 0x3, 0xe0, 0x7c, 0x7, 0x80,
    0xf8, 0x1f, 0x3, 0xe0, 0x3c, 0x7, 0xc0, 0xf8,
    0xf, 0x81, 0xf0, 0x1f, 0x1, 0xe0, 0x3e, 0x3,
    0xe0, 0x3c, 0x3, 0x80, 0x0,

    /* U+0029 ")" */
    0x0, 0xe, 0x0, 0xf0, 0xf, 0x80, 0x7c, 0x3,
    0xe0, 0x3f, 0x1, 0xf0, 0x1f, 0x80, 0xf8, 0xf,
    0xc0, 0x7c, 0x7, 0xe0, 0x7e, 0x7, 0xe0, 0x3e,
    0x3, 0xf0, 0x3f, 0x3, 0xf0, 0x3f, 0x3, 0xf0,
    0x3f, 0x3, 0xf0, 0x3f, 0x3, 0xf0, 0x3f, 0x3,
    0xf0, 0x3f, 0x3, 0xe0, 0x7e, 0x7, 0xe0, 0x7e,
    0x7, 0xc0, 0xfc, 0xf, 0x81, 0xf8, 0x1f, 0x3,
    0xf0, 0x3e, 0x7, 0xc0, 0xf8, 0xf, 0x0, 0xe0,
    0x0, 0x0,

    /* U+002A "*" */
    0x1, 0xe0, 0x0, 0x78, 0x0, 0x1e, 0x0, 0x7,
    0x80, 0x1, 0xe0, 0x18, 0x78, 0x2f, 0x9e, 0x7f,
    0xff, 0xff, 0xff, 0xff, 0xc7, 0xff, 0x80, 0x3f,
    0x0, 0x1f, 0xc0, 0xf, 0xf8, 0x3, 0xcf, 0x1,
    0xe3, 0xe0, 0xf8, 0x7c, 0x3c, 0xe, 0x2, 0x3,
    0x0,

    /* U+002B "+" */
    0x0, 0xfc, 0x0, 0x7, 0xe0, 0x0, 0x3f, 0x0,
    0x1, 0xf8, 0x0, 0xf, 0xc0, 0x0, 0x7e, 0x0,
    0x3, 0xf0, 0x0, 0x1f, 0x80, 0x0, 0xfc, 0x0,
    0x7, 0xe0, 0x3f, 0xff, 0xff, 0xff, 0xff, 0xff,
    0xff, 0xff, 0xff, 0xff, 0xfc, 0x3, 0xf0, 0x0,
    0x1f, 0x80, 0x0, 0xfc, 0x0, 0x7, 0xe0, 0x0,
    0x3f, 0x0, 0x1, 0xf8, 0x0, 0xf, 0xc0, 0x0,
    0x7e, 0x0, 0x3, 0xf0, 0x0,

    /* U+002C "," */
    0x3e, 0x7c, 0xf9, 0xf3, 0xe7, 0xcf, 0xbe, 0x7c,
    0xf3, 0xe3, 0x80, 0x0,

    /* U+002D "-" */
    0xff, 0xff, 0xff, 0xff, 0xff, 0xff,

    /* U+002E "." */
    0x7b, 0xff, 0xff, 0xfd, 0xe0,

    /* U+002F "/" */
    0x0, 0x3e, 0x0, 0x7c, 0x0, 0xf0, 0x1, 0xe0,
    0x7, 0xc0, 0xf, 0x0, 0x1e, 0x0, 0x7c, 0x0,
    0xf0, 0x1, 0xe0, 0x7, 0xc0, 0xf, 0x0, 0x1e,
    0x0, 0x7c, 0x0, 0xf0, 0x1, 0xe0, 0x7, 0xc0,
    0xf, 0x0, 0x1e, 0x0, 0x7c, 0x0, 0xf0, 0x1,
    0xe0, 0x7, 0xc0, 0xf, 0x0, 0x1e, 0x0, 0x7c,
    0x0, 0xf0, 0x1, 0xe0, 0x7, 0xc0, 0xf, 0x0,
    0x1e, 0x0, 0x7c, 0x0, 0xf0, 0x0,

    /* U+0030 "0" */
    0x1, 0xf8, 0x0, 0xff, 0xf0, 0x1f, 0xff, 0x83,
    0xff, 0xfc, 0x3f, 0xf, 0xc7, 0xe0, 0x7e, 0x7e,
    0x7, 0xef, 0xc0, 0x3e, 0xfc, 0x3, 0xff, 0xc0,
    0x3f, 0xfc, 0x3, 0xff, 0xc0, 0x3f, 0xfc, 0x3,
    0xff, 0xc0, 0x3f, 0xfc, 0x3, 0xff, 0xc0, 0x3f,
    0xfc, 0x3, 0xff, 0xc0, 0x3f, 0xfc, 0x3, 0xff,
    0xc0, 0x3f, 0xfc, 0x3, 0xff, 0xc0, 0x3f, 0x7c,
    0x3, 0xe7, 0xe0, 0x7e, 0x7e, 0x7, 0xe3, 0xf0,
    0xfc, 0x3f, 0xff, 0xc1, 0xff, 0xf8, 0xf, 0xff,
    0x0, 0x3f, 0xc0,

    /* U+0031 "1" */
    0x0, 0x18, 0x7, 0xc1, 0xfe, 0x3f, 0xff, 0xff,
    0xff, 0xff, 0xff, 0xff, 0x3f, 0xc1, 0xf8, 0xf,
    0xc0, 0x7e, 0x3, 0xf0, 0x1f, 0x80, 0xfc, 0x7,
    0xe0, 0x3f, 0x1, 0xf8, 0xf, 0xc0, 0x7e, 0x3,
    0xf0, 0x1f, 0x80, 0xfc, 0x7, 0xe0, 0x3f, 0x1,
    0xf8, 0xf, 0xc0, 0x7e, 0x3, 0xf0, 0x1f, 0x80,
    0xfc,

    /* U+0032 "2" */
    0x1, 0xfc, 0x0, 0x7f, 0xf8, 0x7, 0xff, 0xf0,
    0x7f, 0xff, 0xc7, 0xf0, 0xfe, 0x3f, 0x3, 0xfb,
    0xf8, 0xf, 0xdf, 0x80, 0x7e, 0xfc, 0x3, 0xf0,
    0x0, 0x1f, 0x80, 0x0, 0xfc, 0x0, 0xf, 0xe0,
    0x0, 0x7e, 0x0, 0x7, 0xf0, 0x0, 0x7f, 0x0,
    0x7, 0xf0, 0x0, 0x3f, 0x80, 0x3, 0xf8, 0x0,
    0x3f, 0x80, 0x3, 0xf8, 0x0, 0x3f, 0x80, 0x3,
    0xf8, 0x0, 0x3f, 0x80, 0x1, 0xf8, 0x0, 0x1f,
    0xc0, 0x1, 0xfc, 0x0, 0x1f, 0xff, 0xfe, 0xff,
    0xff, 0xf7, 0xff, 0xff, 0xbf, 0xff, 0xfc,

    /* U+0033 "3" */
    0x3, 0xfc, 0x0, 0x7f, 0xf8, 0xf, 0xff, 0xf0,
    0xff, 0xff, 0xc7, 0xf0, 0xfe, 0x7f, 0x3, 0xfb,
    0xf0, 0xf, 0xdf, 0x80, 0x7e, 0x0, 0x3, 0xf0,
    0x0, 0x1f, 0x80, 0x1, 0xf8, 0x0, 0xf, 0xc0,
    0x3f, 0xfc, 0x1, 0xff, 0x80, 0xf, 0xf8, 0x0,
    0x7f, 0xf0, 0x0, 0x3f, 0xe0, 0x0, 0x3f, 0x80,
    0x0, 0xfc, 0x0, 0x3, 0xf0, 0x0, 0x1f, 0x80,
    0x0, 0xff, 0xf0, 0x7, 0xff, 0x80, 0x3f, 0xfe,
    0x3, 0xf3, 0xf8, 0x3f, 0x8f, 0xff, 0xf8, 0x3f,
    0xff, 0x80, 0xff, 0xf8, 0x1, 0xfe, 0x0,

    /* U+0034 "4" */
    0x0, 0x7, 0xe0, 0x0, 0x1f, 0xc0, 0x0, 0x7f,
    0x80, 0x0, 0xff, 0x0, 0x3, 0xfe, 0x0, 0xf,
    0xfc, 0x0, 0x1f, 0xf8, 0x0, 0x7f, 0xf0, 0x1,
    0xff, 0xe0, 0x3, 0xef, 0xc0, 0xf, 0x9f, 0x80,
    0x1f, 0x3f, 0x0, 0x7c, 0x7e, 0x1, 0xf8, 0xfc,
    0x3, 0xe1, 0xf8, 0xf, 0x83, 0xf0, 0x3f, 0x7,
    0xe0, 0x7c, 0xf, 0xc1, 0xf8, 0x1f, 0x87, 0xff,
    0xff, 0xf7, 0xff, 0xff, 0xef, 0xff, 0xff, 0xdf,
    0xff, 0xff, 0x80, 0x3, 0xf0, 0x0, 0x7, 0xe0,
    0x0, 0xf, 0xc0, 0x0, 0x1f, 0x80, 0x0, 0x3f,
    0x0, 0x0, 0x7e, 0x0, 0x0, 0xfc, 0x0,

    /* U+0035 "5" */
    0x3f, 0xff, 0xe3, 0xff, 0xfe, 0x3f, 0xff, 0xe3,
    0xff, 0xfe, 0x3e, 0x0, 0x3, 0xe0, 0x0, 0x3e,
    0x0, 0x3, 0xe0, 0x0, 0x7e, 0x0, 0x7, 0xe0,
    0x0, 0x7e, 0xfc, 0x7, 0xff, 0xf0, 0x7f, 0xff,
    0x87, 0xff, 0xfc, 0x7e, 0x1f, 0xe0, 0xc0, 0x7e,
    0x0, 0x7, 0xf0, 0x0, 0x3f, 0x0, 0x3, 0xf0,
    0x0, 0x3f, 0x0, 0x3, 0xf0, 0x0, 0x3f, 0xfc,
    0x3, 0xff, 0xc0, 0x7e, 0x7e, 0x7, 0xe7, 0xf0,
    0xfe, 0x3f, 0xff, 0xc1, 0xff, 0xf8, 0xf, 0xff,
    0x0, 0x1f, 0xc0,

    /* U+0036 "6" */
    0x0, 0x1f, 0x0, 0x7, 0xf8, 0x0, 0x7f, 0xc0,
    0xf, 0xfe, 0x0, 0xff, 0x80, 0xf, 0xe0, 0x0,
    0x7e, 0x0, 0x7, 0xe0, 0x0, 0x3e, 0x0, 0x3,
    0xf0, 0x0, 0x1f, 0x9f, 0x81, 0xfb, 0xff, 0xf,
    0xff, 0xfc, 0x7f, 0xff, 0xf3, 0xfc, 0x3f, 0xdf,
    0xc0, 0x7e, 0xfc, 0x3, 0xff, 0xe0, 0xf, 0xff,
    0x0, 0x7f, 0xf8, 0x3, 0xff, 0xc0, 0x1f, 0xfe,
    0x0, 0xfd, 0xf0, 0x7, 0xef, 0xc0, 0x7e, 0x7e,
    0x3, 0xf1, 0xfc, 0x3f, 0x7, 0xff, 0xf8, 0x1f,
    0xff, 0x80, 0x7f, 0xf0, 0x0, 0xfe, 0x0,

    /* U+0037 "7" */
    0xff, 0xff, 0xff, 0xff, 0xff, 0xff, 0xff, 0xff,
    0xff, 0xff, 0xf0, 0x0, 0x1f, 0x0, 0x1, 0xf8,
    0x0, 0xf, 0x80, 0x0, 0xfc, 0x0, 0x7, 0xe0,
    0x0, 0x7e, 0x0, 0x3, 0xf0, 0x0, 0x3f, 0x0,
    0x1, 0xf8, 0x0, 0xf, 0x80, 0x0, 0xfc, 0x0,
    0x7, 0xe0, 0x0, 0x7e, 0x0, 0x3, 0xf0, 0x0,
    0x3f, 0x0, 0x1, 0xf8, 0x0, 0x1f, 0xc0, 0x0,
    0xfc, 0x0, 0x7, 0xe0, 0x0, 0x7e, 0x0, 0x3,
    0xf0, 0x0, 0x3f, 0x0, 0x1, 0xf8, 0x0, 0x1f,
    0xc0, 0x0, 0xfc, 0x0, 0x7, 0xe0, 0x0,

    /* U+0038 "8" */
    0x1, 0xfc, 0x0, 0xff, 0xf8, 0x1f, 0xff, 0xc3,
    0xff, 0xfe, 0x3f, 0x8f, 0xe7, 0xf0, 0x7f, 0x7e,
    0x3, 0xf7, 0xe0, 0x3f, 0x7e, 0x3, 0xf7, 0xe0,
    0x3f, 0x3f, 0x7, 0xe3, 0xf8, 0xfe, 0x1f, 0xff,
    0xc0, 0xff, 0xf8, 0xf, 0xff, 0x1, 0xff, 0xf8,
    0x3f, 0x9f, 0xc7, 0xe0, 0x7e, 0xfe, 0x7, 0xff,
    0xc0, 0x3f, 0xfc, 0x3, 0xff, 0xc0, 0x3f, 0xfc,
    0x3, 0xff, 0xc0, 0x3f, 0xfe, 0x7, 0xf7, 0xf0,
    0xfe, 0x3f, 0xff, 0xc1, 0xff, 0xf8, 0xf, 0xff,
    0x0, 0x3f, 0xc0,

    /* U+0039 "9" */
    0x1, 0xf8, 0x0, 0x7f, 0xe0, 0x1f, 0xff, 0x3,
    0xff, 0xf8, 0x3f, 0xf, 0xc7, 0xe0, 0x7e, 0x7e,
    0x7, 0xef, 0xc0, 0x3e, 0xfc, 0x3, 0xff, 0xc0,
    0x3f, 0xfc, 0x3, 0xff, 0xc0, 0x3f, 0xfc, 0x3,
    0xff, 0xe0, 0x3f, 0x7e, 0x7, 0xf7, 0xf0, 0xff,
    0x3f, 0xff, 0xf3, 0xff, 0xff, 0xf, 0xfb, 0xf0,
    0x3e, 0x3e, 0x0, 0x7, 0xe0, 0x0, 0x7e, 0x0,
    0x7, 0xc0, 0x0, 0xfc, 0x0, 0x1f, 0x80, 0xf,
    0xf0, 0x7, 0xfe, 0x0, 0x7f, 0xc0, 0x7, 0xf0,
    0x0, 0x78, 0x0,

    /* U+003A ":" */
    0x7b, 0xff, 0xff, 0xfd, 0xe0, 0x0, 0x0, 0x0,
    0x0, 0x0, 0x0, 0x0, 0x1, 0xef, 0xff, 0xff,
    0xf7, 0x80,

    /* U+003B ";" */
    0x3c, 0xfd, 0xfb, 0xf7, 0xe7, 0x80, 0x0, 0x0,
    0x0, 0x0, 0x0, 0x0, 0x0, 0x0, 0x0, 0x0,
    0xf9, 0xf3, 0xe7, 0xcf, 0x9f, 0x3e, 0x79, 0xf3,
    0xcf, 0x8e, 0x0, 0x0,

    /* U+003C "<" */
    0x0, 0x0, 0xc0, 0x0, 0xf0, 0x0, 0xfc, 0x1,
    0xff, 0x1, 0xff, 0xc1, 0xff, 0xf1, 0xff, 0xe3,
    0xff, 0xe0, 0xff, 0xc0, 0x3f, 0x80, 0xf, 0xe0,
    0x3, 0xff, 0x0, 0xff, 0xf0, 0x7, 0xff, 0x80,
    0x7f, 0xfc, 0x7, 0xff, 0x0, 0x7f, 0xc0, 0x3,
    0xf0, 0x0, 0x3c, 0x0, 0x3,

    /* U+003D "=" */
    0xff, 0xff, 0xff, 0xff, 0xff, 0xff, 0xff, 0xff,
    0xff, 0x0, 0x0, 0x0, 0x0, 0x0, 0x0, 0x0,
    0x0, 0x0, 0x0, 0x0, 0x3f, 0xff, 0xff, 0xff,
    0xff, 0xff, 0xff, 0xff, 0xff, 0xc0,

    /* U+003E ">" */
    0x80, 0x0, 0x3c, 0x0, 0xf, 0xc0, 0x3, 0xfc,
    0x0, 0xff, 0xe0, 0x3f, 0xfe, 0x3, 0xff, 0xe0,
    0x1f, 0xff, 0x0, 0xff, 0xc0, 0x7, 0xf0, 0x1,
    0xfc, 0x3, 0xff, 0x7, 0xff, 0xcf, 0xff, 0x8f,
    0xff, 0x83, 0xff, 0x80, 0xff, 0x0, 0x3f, 0x0,
    0xf, 0x0, 0x2, 0x0, 0x0,

    /* U+003F "?" */
    0x7, 0xf8, 0x7, 0xff, 0x83, 0xff, 0xf1, 0xff,
    0xfe, 0x7e, 0x1f, 0xbf, 0x3, 0xff, 0xc0, 0xff,
    0xf0, 0x3f, 0x0, 0xf, 0xc0, 0x3, 0xf0, 0x1,
    0xfc, 0x0, 0xfe, 0x0, 0x7f, 0x0, 0x3f, 0x80,
    0x1f, 0xc0, 0x7, 0xe0, 0x3, 0xf0, 0x0, 0xfc,
    0x0, 0x3e, 0x0, 0xf, 0x80, 0x3, 0xe0, 0x0,
    0x0, 0x0, 0x0, 0x0, 0x0, 0x0, 0x1, 0xe0,
    0x0, 0xfc, 0x0, 0x3f, 0x0, 0xf, 0xc0, 0x3,
    0xf0, 0x0, 0x78, 0x0,

    /* U+0040 "@" */
    0x0, 0x3, 0xfc, 0x0, 0x0, 0x7, 0xff, 0xe0,
    0x0, 0x7, 0xff, 0xfe, 0x0, 0x7, 0xf0, 0xf,
    0xc0, 0x3, 0xf0, 0x0, 0xfc, 0x1, 0xf0, 0x0,
    0x1f, 0x0, 0xf8, 0x0, 0x1, 0xe0, 0x3c, 0x0,
    0x0, 0x7c, 0x1e, 0x0, 0x0, 0xf, 0xf, 0x80,
    0x7f, 0x3, 0xe3, 0xc0, 0x3f, 0xf0, 0x78, 0xf0,
    0x3f, 0xfc, 0x1e, 0x78, 0xf, 0x8f, 0x7, 0x9e,
    0x7, 0x83, 0xc0, 0xf7, 0x83, 0xe0, 0xf0, 0x3f,
    0xc0, 0xf0, 0x3c, 0xf, 0xf0, 0x7c, 0xf, 0x3,
    0xfc, 0x1f, 0x3, 0xc0, 0xff, 0x7, 0x80, 0xf0,
    0x3f, 0xc1, 0xe0, 0x3c, 0xf, 0xf0, 0x78, 0xf,
    0x3, 0xfc, 0x3e, 0x7, 0xc0, 0xff, 0xf, 0x81,
    0xe0, 0x7b, 0xc1, 0xe0, 0x78, 0x1e, 0xf0, 0x78,
    0x1e, 0x7, 0xbc, 0x1f, 0xf, 0x83, 0xc7, 0x87,
    0xc7, 0xf1, 0xf1, 0xe0, 0xff, 0xff, 0xf8, 0x78,
    0x1f, 0xe7, 0xfc, 0x1f, 0x3, 0xe0, 0xfc, 0x3,
    0xc0, 0x0, 0x0, 0x0, 0xf8, 0x0, 0x0, 0x0,
    0x1f, 0x0, 0x0, 0x0, 0x3, 0xe0, 0x0, 0x0,
    0x0, 0xfc, 0x0, 0x0, 0x0, 0x1f, 0xe0, 0x38,
    0x0, 0x1, 0xff, 0xff, 0x0, 0x0, 0x1f, 0xff,
    0xc0, 0x0, 0x0, 0xff, 0x80, 0x0,

    /* U+0041 "A" */
    0x0, 0x1f, 0x80, 0x0, 0x3, 0xf8, 0x0, 0x0,
    0x3f, 0xc0, 0x0, 0x3, 0xfc, 0x0, 0x0, 0x7f,
    0xc0, 0x0, 0x7, 0xfe, 0x0, 0x0, 0xff, 0xe0,
    0x0, 0xf, 0xff, 0x0, 0x0, 0xfb, 0xf0, 0x0,
    0x1f, 0x9f, 0x0, 0x1, 0xf9, 0xf8, 0x0, 0x1f,
    0x1f, 0x80, 0x3, 0xf0, 0xf8, 0x0, 0x3f, 0xf,
    0xc0, 0x7, 0xe0, 0xfc, 0x0, 0x7e, 0x7, 0xe0,
    0x7, 0xe0, 0x7e, 0x0, 0xfc, 0x7, 0xe0, 0xf,
    0xc0, 0x3f, 0x0, 0xff, 0xff, 0xf0, 0x1f, 0xff,
    0xff, 0x1, 0xff, 0xff, 0xf8, 0x1f, 0xff, 0xff,
    0x83, 0xf0, 0x1, 0xf8, 0x3f, 0x0, 0xf, 0xc7,
    0xf0, 0x0, 0xfc, 0x7e, 0x0, 0xf, 0xe7, 0xe0,
    0x0, 0x7e, 0xfe, 0x0, 0x7, 0xef, 0xc0, 0x0,
    0x7f,

    /* U+0042 "B" */
    0xff, 0xfe, 0x3, 0xff, 0xfe, 0xf, 0xff, 0xfe,
    0x3f, 0xff, 0xfc, 0xfc, 0x7, 0xf3, 0xf0, 0xf,
    0xef, 0xc0, 0x1f, 0xbf, 0x0, 0x7e, 0xfc, 0x1,
    0xfb, 0xf0, 0x7, 0xef, 0xc0, 0x1f, 0xbf, 0x0,
    0xfc, 0xfc, 0x7, 0xe3, 0xff, 0xff, 0xf, 0xff,
    0xfc, 0x3f, 0xff, 0xf8, 0xff, 0xff, 0xfb, 0xf0,
    0xf, 0xef, 0xc0, 0x1f, 0xff, 0x0, 0x3f, 0xfc,
    0x0, 0xff, 0xf0, 0x3, 0xff, 0xc0, 0xf, 0xff,
    0x0, 0x3f, 0xfc, 0x1, 0xfb, 0xf0, 0xf, 0xef,
    0xff, 0xff, 0x3f, 0xff, 0xfc, 0xff, 0xff, 0xc3,
    0xff, 0xfc, 0x0,

    /* U+0043 "C" */
    0x0, 0x7f, 0x0, 0x3, 0xff, 0xe0, 0x7, 0xff,
    0xf0, 0xf, 0xff, 0xf8, 0x1f, 0xc1, 0xfc, 0x3f,
    0x0, 0x7e, 0x3e, 0x0, 0x7e, 0x7e, 0x0, 0x3f,
    0x7e, 0x0, 0x3f, 0xfc, 0x0, 0x3f, 0xfc, 0x0,
    0x0, 0xfc, 0x0, 0x0, 0xfc, 0x0, 0x0, 0xfc,
    0x0, 0x0, 0xfc, 0x0, 0x0, 0xfc, 0x0, 0x0,
    0xfc, 0x0, 0x0, 0xfc, 0x0, 0x0, 0xfc, 0x0,
    0x0, 0xfc, 0x0, 0x0, 0xfc, 0x0, 0x3f, 0x7e,
    0x0, 0x3f, 0x7e, 0x0, 0x3f, 0x7e, 0x0, 0x7e,
    0x3f, 0x0, 0x7e, 0x1f, 0xc1, 0xfc, 0x1f, 0xff,
    0xfc, 0x7, 0xff, 0xf8, 0x3, 0xff, 0xe0, 0x0,
    0xff, 0x80,

    /* U+0044 "D" */
    0xff, 0xf8, 0x1, 0xff, 0xfe, 0x3, 0xff, 0xff,
    0x7, 0xff, 0xff, 0xf, 0xc0, 0xff, 0x1f, 0x80,
    0x7e, 0x3f, 0x0, 0x7e, 0x7e, 0x0, 0x7e, 0xfc,
    0x0, 0xfd, 0xf8, 0x1, 0xfb, 0xf0, 0x1, 0xff,
    0xe0, 0x3, 0xff, 0xc0, 0x7, 0xff, 0x80, 0xf,
    0xff, 0x0, 0x1f, 0xfe, 0x0, 0x3f, 0xfc, 0x0,
    0x7f, 0xf8, 0x0, 0xff, 0xf0, 0x1, 0xff, 0xe0,
    0x3, 0xff, 0xc0, 0xf, 0xdf, 0x80, 0x1f, 0xbf,
    0x0, 0x3f, 0x7e, 0x0, 0xfc, 0xfc, 0x3, 0xf1,
    0xf8, 0x1f, 0xe3, 0xff, 0xff, 0x87, 0xff, 0xfc,
    0xf, 0xff, 0xf0, 0x1f, 0xff, 0x0, 0x0,

    /* U+0045 "E" */
    0xff, 0xff, 0xff, 0xff, 0xff, 0xff, 0xff, 0xff,
    0xff, 0xff, 0xfc, 0x0, 0xf, 0xc0, 0x0, 0xfc,
    0x0, 0xf, 0xc0, 0x0, 0xfc, 0x0, 0xf, 0xc0,
    0x0, 0xfc, 0x0, 0xf, 0xc0, 0x0, 0xff, 0xff,
    0xcf, 0xff, 0xfc, 0xff, 0xff, 0xcf, 0xff, 0xfc,
    0xfc, 0x0, 0xf, 0xc0, 0x0, 0xfc, 0x0, 0xf,
    0xc0, 0x0, 0xfc, 0x0, 0xf, 0xc0, 0x0, 0xfc,
    0x0, 0xf, 0xc0, 0x0, 0xfc, 0x0, 0xf, 0xc0,
    0x0, 0xff, 0xff, 0xff, 0xff, 0xff, 0xff, 0xff,
    0xff, 0xff, 0xff,

    /* U+0046 "F" */
    0xff, 0xff, 0xff, 0xff, 0xff, 0xff, 0xff, 0xff,
    0xff, 0xff, 0xfc, 0x0, 0xf, 0xc0, 0x0, 0xfc,
    0x0, 0xf, 0xc0, 0x0, 0xfc, 0x0, 0xf, 0xc0,
    0x0, 0xfc, 0x0, 0xf, 0xc0, 0x0, 0xfc, 0x0,
    0xf, 0xff, 0xfc, 0xff, 0xff, 0xcf, 0xff, 0xfc,
    0xff, 0xff, 0xcf, 0xc0, 0x0, 0xfc, 0x0, 0xf,
    0xc0, 0x0, 0xfc, 0x0, 0xf, 0xc0, 0x0, 0xfc,
    0x0, 0xf, 0xc0, 0x0, 0xfc, 0x0, 0xf, 0xc0,
    0x0, 0xfc, 0x0, 0xf, 0xc0, 0x0, 0xfc, 0x0,
    0xf, 0xc0, 0x0,

    /* U+0047 "G" */
    0x0, 0x7f, 0x80, 0x3, 0xff, 0xe0, 0x7, 0xff,
    0xf8, 0xf, 0xff, 0xfc, 0x1f, 0xc1, 0xfc, 0x3f,
    0x80, 0x7e, 0x7f, 0x0, 0x7e, 0x7e, 0x0, 0x3f,
    0x7e, 0x0, 0x3f, 0xfc, 0x0, 0x0, 0xfc, 0x0,
    0x0, 0xfc, 0x0, 0x0, 0xfc, 0x0, 0x0, 0xfc,
    0x0, 0x0, 0xfc, 0xf, 0xff, 0xfc, 0xf, 0xff,
    0xfc, 0xf, 0xff, 0xfc, 0xf, 0xff, 0xfc, 0x0,
    0x3f, 0xfc, 0x0, 0x3f, 0xfc, 0x0, 0x3f, 0x7e,
    0x0, 0x3f, 0x7e, 0x0, 0x3f, 0x3f, 0x0, 0x3f,
    0x3f, 0x80, 0x3f, 0x1f, 0xc0, 0xff, 0xf, 0xff,
    0xff, 0x7, 0xff, 0xfe, 0x3, 0xff, 0xf8, 0x0,
    0x7f, 0xc0,

    /* U+0048 "H" */
    0xfc, 0x0, 0x3f, 0xfc, 0x0, 0x3f, 0xfc, 0x0,
    0x3f, 0xfc, 0x0, 0x3f, 0xfc, 0x0, 0x3f, 0xfc,
    0x0, 0x3f, 0xfc, 0x0, 0x3f, 0xfc, 0x0, 0x3f,
    0xfc, 0x0, 0x3f, 0xfc, 0x0, 0x3f, 0xfc, 0x0,
    0x3f, 0xfc, 0x0, 0x3f, 0xff, 0xff, 0xff, 0xff,
    0xff, 0xff, 0xff, 0xff, 0xff, 0xff, 0xff, 0xff,
    0xfc, 0x0, 0x3f, 0xfc, 0x0, 0x3f, 0xfc, 0x0,
    0x3f, 0xfc, 0x0, 0x3f, 0xfc, 0x0, 0x3f, 0xfc,
    0x0, 0x3f, 0xfc, 0x0, 0x3f, 0xfc, 0x0, 0x3f,
    0xfc, 0x0, 0x3f, 0xfc, 0x0, 0x3f, 0xfc, 0x0,
    0x3f, 0xfc, 0x0, 0x3f, 0xfc, 0x0, 0x3f, 0xfc,
    0x0, 0x3f,

    /* U+0049 "I" */
    0xff, 0xff, 0xff, 0xff, 0xff, 0xff, 0xff, 0xff,
    0xff, 0xff, 0xff, 0xff, 0xff, 0xff, 0xff, 0xff,
    0xff, 0xff, 0xff, 0xff, 0xff, 0xff, 0xf0,

    /* U+004A "J" */
    0x0, 0x3, 0xf0, 0x0, 0x3f, 0x0, 0x3, 0xf0,
    0x0, 0x3f, 0x0, 0x3, 0xf0, 0x0, 0x3f, 0x0,
    0x3, 0xf0, 0x0, 0x3f, 0x0, 0x3, 0xf0, 0x0,
    0x3f, 0x0, 0x3, 0xf0, 0x0, 0x3f, 0x0, 0x3,
    0xf0, 0x0, 0x3f, 0x0, 0x3, 0xf0, 0x0, 0x3f,
    0x0, 0x3, 0xf0, 0x0, 0x3f, 0x0, 0x3, 0xf0,
    0x0, 0x3f, 0x0, 0x3, 0xf0, 0x0, 0x3f, 0xfc,
    0x3, 0xff, 0xc0, 0x3f, 0xfe, 0x7, 0xe7, 0xf0,
    0xfe, 0x7f, 0xff, 0xc3, 0xff, 0xf8, 0xf, 0xff,
    0x0, 0x3f, 0x80,

    /* U+004B "K" */
    0xfc, 0x0, 0xfe, 0xfc, 0x1, 0xfe, 0xfc, 0x3,
    0xfc, 0xfc, 0x3, 0xf8, 0xfc, 0x7, 0xf0, 0xfc,
    0xf, 0xf0, 0xfc, 0x1f, 0xe0, 0xfc, 0x1f, 0xc0,
    0xfc, 0x3f, 0x80, 0xfc, 0x7f, 0x0, 0xfc, 0xff,
    0x0, 0xfc, 0xfe, 0x0, 0xfd, 0xfc, 0x0, 0xff,
    0xf8, 0x0, 0xff, 0xfc, 0x0, 0xff, 0xfe, 0x0,
    0xff, 0xfe, 0x0, 0xff, 0xff, 0x0, 0xff, 0xbf,
    0x80, 0xff, 0x3f, 0x80, 0xfe, 0x1f, 0xc0, 0xfc,
    0xf, 0xe0, 0xfc, 0xf, 0xe0, 0xfc, 0x7, 0xf0,
    0xfc, 0x7, 0xf8, 0xfc, 0x3, 0xf8, 0xfc, 0x1,
    0xfc, 0xfc, 0x1, 0xfe, 0xfc, 0x0, 0xfe, 0xfc,
    0x0, 0x7f,

    /* U+004C "L" */
    0xfc, 0x0, 0x1f, 0x80, 0x3, 0xf0, 0x0, 0x7e,
    0x0, 0xf, 0xc0, 0x1, 0xf8, 0x0, 0x3f, 0x0,
    0x7, 0xe0, 0x0, 0xfc, 0x0, 0x1f, 0x80, 0x3,
    0xf0, 0x0, 0x7e, 0x0, 0xf, 0xc0, 0x1, 0xf8,
    0x0, 0x3f, 0x0, 0x7, 0xe0, 0x0, 0xfc, 0x0,
    0x1f, 0x80, 0x3, 0xf0, 0x0, 0x7e, 0x0, 0xf,
    0xc0, 0x1, 0xf8, 0x0, 0x3f, 0x0, 0x7, 0xe0,
    0x0, 0xfc, 0x0, 0x1f, 0x80, 0x3, 0xff, 0xff,
    0xff, 0xff, 0xff, 0xff, 0xff, 0xff, 0xff, 0xc0,

    /* U+004D "M" */
    0xff, 0x80, 0x1, 0xff, 0xff, 0x80, 0x1, 0xff,
    0xff, 0x80, 0x1, 0xff, 0xff, 0xc0, 0x3, 0xff,
    0xff, 0xc0, 0x3, 0xff, 0xff, 0xc0, 0x3, 0xff,
    0xff, 0xe0, 0x7, 0xff, 0xff, 0xe0, 0x7, 0xff,
    0xff, 0xe0, 0x7, 0xff, 0xff, 0xf0, 0xf, 0xff,
    0xfd, 0xf0, 0xf, 0xbf, 0xfd, 0xf0, 0xf, 0xbf,
    0xfc, 0xf8, 0x1f, 0x3f, 0xfc, 0xf8, 0x1f, 0x3f,
    0xfc, 0xf8, 0x1f, 0x3f, 0xfc, 0x7c, 0x3e, 0x3f,
    0xfc, 0x7c, 0x3e, 0x3f, 0xfc, 0x7c, 0x3e, 0x3f,
    0xfc, 0x3e, 0x7c, 0x3f, 0xfc, 0x3e, 0x7c, 0x3f,
    0xfc, 0x3e, 0x7c, 0x3f, 0xfc, 0x1f, 0xf8, 0x3f,
    0xfc, 0x1f, 0xf8, 0x3f, 0xfc, 0xf, 0xf0, 0x3f,
    0xfc, 0xf, 0xf0, 0x3f, 0xfc, 0xf, 0xf0, 0x3f,
    0xfc, 0x7, 0xe0, 0x3f, 0xfc, 0x7, 0xe0, 0x3f,
    0xfc, 0x7, 0xe0, 0x3f, 0xfc, 0x3, 0xc0, 0x3f,

    /* U+004E "N" */
    0xfc, 0x0, 0x3f, 0xfe, 0x0, 0x3f, 0xfe, 0x0,
    0x3f, 0xff, 0x0, 0x3f, 0xff, 0x80, 0x3f, 0xff,
    0x80, 0x3f, 0xff, 0xc0, 0x3f, 0xff, 0xc0, 0x3f,
    0xff, 0xe0, 0x3f, 0xff, 0xf0, 0x3f, 0xff, 0xf0,
    0x3f, 0xfd, 0xf8, 0x3f, 0xfc, 0xf8, 0x3f, 0xfc,
    0xfc, 0x3f, 0xfc, 0x7e, 0x3f, 0xfc, 0x7e, 0x3f,
    0xfc, 0x3f, 0x3f, 0xfc, 0x1f, 0x3f, 0xfc, 0x1f,
    0xbf, 0xfc, 0xf, 0xff, 0xfc, 0xf, 0xff, 0xfc,
    0x7, 0xff, 0xfc, 0x3, 0xff, 0xfc, 0x3, 0xff,
    0xfc, 0x1, 0xff, 0xfc, 0x1, 0xff, 0xfc, 0x0,
    0xff, 0xfc, 0x0, 0xff, 0xfc, 0x0, 0x7f, 0xfc,
    0x0, 0x3f,

    /* U+004F "O" */
    0x0, 0x7f, 0x0, 0x1, 0xff, 0xf0, 0x1, 0xff,
    0xfc, 0x1, 0xff, 0xff, 0x1, 0xfc, 0x1f, 0xc1,
    0xfc, 0x7, 0xf0, 0xfc, 0x1, 0xf8, 0xfc, 0x0,
    0x7e, 0x7e, 0x0, 0x3f, 0x3f, 0x0, 0x1f, 0xbf,
    0x0, 0x7, 0xff, 0x80, 0x3, 0xff, 0xc0, 0x1,
    0xff, 0xe0, 0x0, 0xff, 0xf0, 0x0, 0x7f, 0xf8,
    0x0, 0x3f, 0xfc, 0x0, 0x1f, 0xfe, 0x0, 0xf,
    0xff, 0x0, 0x7, 0xff, 0x80, 0x3, 0xf7, 0xe0,
    0x3, 0xf3, 0xf0, 0x1, 0xf9, 0xf8, 0x0, 0xfc,
    0x7e, 0x0, 0xfc, 0x3f, 0x80, 0xfe, 0xf, 0xe0,
    0xfe, 0x3, 0xff, 0xfe, 0x0, 0xff, 0xfe, 0x0,
    0x3f, 0xfe, 0x0, 0x3, 0xf8, 0x0,

    /* U+0050 "P" */
    0xff, 0xff, 0x1, 0xff, 0xff, 0x83, 0xff, 0xff,
    0xc7, 0xff, 0xff, 0xcf, 0xc0, 0x3f, 0xdf, 0x80,
    0x1f, 0xbf, 0x0, 0x3f, 0x7e, 0x0, 0x3f, 0xfc,
    0x0, 0x7f, 0xf8, 0x0, 0xff, 0xf0, 0x1, 0xff,
    0xe0, 0x3, 0xff, 0xc0, 0xf, 0xff, 0x80, 0x1f,
    0xbf, 0x0, 0xff, 0x7f, 0xff, 0xfc, 0xff, 0xff,
    0xf1, 0xff, 0xff, 0x83, 0xff, 0xfc, 0x7, 0xe0,
    0x0, 0xf, 0xc0, 0x0, 0x1f, 0x80, 0x0, 0x3f,
    0x0, 0x0, 0x7e, 0x0, 0x0, 0xfc, 0x0, 0x1,
    0xf8, 0x0, 0x3, 0xf0, 0x0, 0x7, 0xe0, 0x0,
    0xf, 0xc0, 0x0, 0x1f, 0x80, 0x0, 0x0,

    /* U+0051 "Q" */
    0x0, 0x7f, 0x0, 0x1, 0xff, 0xf0, 0x1, 0xff,
    0xfc, 0x1, 0xff, 0xff, 0x1, 0xfc, 0x1f, 0xc1,
    0xfc, 0x7, 0xf0, 0xfc, 0x1, 0xf8, 0xfc, 0x0,
    0x7e, 0x7e, 0x0, 0x3f, 0x3f, 0x0, 0x1f, 0xbf,
    0x0, 0x7, 0xff, 0x80, 0x3, 0xff, 0xc0, 0x1,
    0xff, 0xe0, 0x0, 0xff, 0xf0, 0x0, 0x7f, 0xf8,
    0x0, 0x3f, 0xfc, 0x0, 0x1f, 0xfe, 0x0, 0xf,
    0xff, 0x0, 0x7, 0xff, 0x80, 0x3, 0xf7, 0xe0,
    0x3, 0xf3, 0xf0, 0x1, 0xf9, 0xf8, 0x0, 0xfc,
    0x7e, 0x0, 0xfc, 0x3f, 0x80, 0xfe, 0xf, 0xe0,
    0xfe, 0x3, 0xff, 0xfe, 0x0, 0xff, 0xfe, 0x0,
    0x3f, 0xff, 0x80, 0x3, 0xff, 0xe0, 0x0, 0x7,
    0xf8, 0x0, 0x0, 0xff, 0x0, 0x0, 0x3f, 0x0,
    0x0, 0xf, 0x0, 0x0, 0x3, 0x0,

    /* U+0052 "R" */
    0xff, 0xfe, 0x1, 0xff, 0xff, 0x83, 0xff, 0xff,
    0x87, 0xff, 0xff, 0x8f, 0xc0, 0x7f, 0x9f, 0x80,
    0x3f, 0x3f, 0x0, 0x3f, 0x7e, 0x0, 0x7e, 0xfc,
    0x0, 0xfd, 0xf8, 0x1, 0xfb, 0xf0, 0x3, 0xf7,
    0xe0, 0xf, 0xef, 0xc0, 0x1f, 0x9f, 0x80, 0xff,
    0x3f, 0xff, 0xfc, 0x7f, 0xff, 0xf0, 0xff, 0xff,
    0x81, 0xff, 0xff, 0x3, 0xf0, 0x7f, 0x7, 0xe0,
    0xfe, 0xf, 0xc0, 0xfc, 0x1f, 0x81, 0xfc, 0x3f,
    0x1, 0xf8, 0x7e, 0x3, 0xf8, 0xfc, 0x3, 0xf1,
    0xf8, 0x7, 0xf3, 0xf0, 0x7, 0xe7, 0xe0, 0xf,
    0xef, 0xc0, 0xf, 0xdf, 0x80, 0x1f, 0xc0,

    /* U+0053 "S" */
    0x0, 0xff, 0x0, 0xf, 0xff, 0xc0, 0x3f, 0xff,
    0xc0, 0xff, 0xff, 0xc3, 0xf8, 0x3f, 0xc7, 0xe0,
    0x1f, 0x9f, 0x80, 0x1f, 0xbf, 0x0, 0x3f, 0x7e,
    0x0, 0x7e, 0xfe, 0x0, 0x1, 0xfe, 0x0, 0x1,
    0xff, 0x0, 0x3, 0xff, 0xc0, 0x3, 0xff, 0xf0,
    0x3, 0xff, 0xf8, 0x1, 0xff, 0xf8, 0x0, 0xff,
    0xf8, 0x0, 0x7f, 0xf8, 0x0, 0x1f, 0xf0, 0x0,
    0xf, 0xf0, 0x0, 0xf, 0xff, 0x80, 0xf, 0xff,
    0x0, 0x1f, 0xff, 0x0, 0x3f, 0x7e, 0x0, 0xfe,
    0xff, 0x3, 0xf8, 0xff, 0xff, 0xe0, 0xff, 0xff,
    0x80, 0x7f, 0xfe, 0x0, 0x1f, 0xe0, 0x0,

    /* U+0054 "T" */
    0xff, 0xff, 0xff, 0xff, 0xff, 0xff, 0xff, 0xff,
    0xff, 0xff, 0xff, 0xff, 0xf0, 0x7, 0xe0, 0x0,
    0x3, 0xf0, 0x0, 0x1, 0xf8, 0x0, 0x0, 0xfc,
    0x0, 0x0, 0x7e, 0x0, 0x0, 0x3f, 0x0, 0x0,
    0x1f, 0x80, 0x0, 0xf, 0xc0, 0x0, 0x7, 0xe0,
    0x0, 0x3, 0xf0, 0x0, 0x1, 0xf8, 0x0, 0x0,
    0xfc, 0x0, 0x0, 0x7e, 0x0, 0x0, 0x3f, 0x0,
    0x0, 0x1f, 0x80, 0x0, 0xf, 0xc0, 0x0, 0x7,
    0xe0, 0x0, 0x3, 0xf0, 0x0, 0x1, 0xf8, 0x0,
    0x0, 0xfc, 0x0, 0x0, 0x7e, 0x0, 0x0, 0x3f,
    0x0, 0x0, 0x1f, 0x80, 0x0, 0xf, 0xc0, 0x0,
    0x7, 0xe0, 0x0, 0x3, 0xf0, 0x0,

    /* U+0055 "U" */
    0xfc, 0x0, 0x7f, 0xf8, 0x0, 0xff, 0xf0, 0x1,
    0xff, 0xe0, 0x3, 0xff, 0xc0, 0x7, 0xff, 0x80,
    0xf, 0xff, 0x0, 0x1f, 0xfe, 0x0, 0x3f, 0xfc,
    0x0, 0x7f, 0xf8, 0x0, 0xff, 0xf0, 0x1, 0xff,
    0xe0, 0x3, 0xff, 0xc0, 0x7, 0xff, 0x80, 0xf,
    0xff, 0x0, 0x1f, 0xfe, 0x0, 0x3f, 0xfc, 0x0,
    0x7f, 0xf8, 0x0, 0xff, 0xf0, 0x1, 0xff, 0xe0,
    0x3, 0xff, 0xc0, 0x7, 0xff, 0x80, 0xf, 0xff,
    0x0, 0x1f, 0xbf, 0x0, 0x7e, 0x7e, 0x0, 0xfc,
    0x7f, 0x7, 0xf0, 0xff, 0xff, 0xe0, 0xff, 0xff,
    0x80, 0x7f, 0xfc, 0x0, 0x3f, 0xc0, 0x0,

    /* U+0056 "V" */
    0xfe, 0x0, 0xf, 0xef, 0xc0, 0x1, 0xfd, 0xfc,
    0x0, 0x3f, 0x3f, 0x80, 0xf, 0xe3, 0xf0, 0x1,
    0xfc, 0x7f, 0x0, 0x3f, 0xf, 0xe0, 0x7, 0xe0,
    0xfc, 0x1, 0xfc, 0x1f, 0x80, 0x3f, 0x3, 0xf8,
    0x7, 0xe0, 0x3f, 0x1, 0xfc, 0x7, 0xe0, 0x3f,
    0x0, 0xfe, 0x7, 0xe0, 0xf, 0xc1, 0xfc, 0x1,
    0xf8, 0x3f, 0x0, 0x3f, 0x87, 0xe0, 0x3, 0xf0,
    0xfc, 0x0, 0x7e, 0x3f, 0x0, 0x7, 0xc7, 0xe0,
    0x0, 0xfc, 0xfc, 0x0, 0x1f, 0xbf, 0x0, 0x1,
    0xf7, 0xe0, 0x0, 0x3f, 0xfc, 0x0, 0x7, 0xff,
    0x0, 0x0, 0x7f, 0xe0, 0x0, 0xf, 0xf8, 0x0,
    0x1, 0xff, 0x0, 0x0, 0x1f, 0xe0, 0x0, 0x3,
    0xf8, 0x0, 0x0, 0x7f, 0x0, 0x0,

    /* U+0057 "W" */
    0xfc, 0x1, 0xf0, 0x7, 0xff, 0x80, 0x3e, 0x0,
    0xff, 0xf0, 0xf, 0xe0, 0x1f, 0xbf, 0x1, 0xfc,
    0x7, 0xe7, 0xe0, 0x3f, 0x80, 0xfc, 0xfc, 0x7,
    0xf0, 0x1f, 0x9f, 0x81, 0xff, 0x3, 0xf3, 0xf0,
    0x3f, 0xe0, 0x7e, 0x3f, 0x7, 0xfc, 0x1f, 0x87,
    0xe0, 0xff, 0x83, 0xf0, 0xfc, 0x3e, 0xf8, 0x7e,
    0x1f, 0x87, 0xdf, 0xf, 0xc1, 0xf0, 0xfb, 0xe1,
    0xf0, 0x3f, 0x1f, 0x7c, 0x7e, 0x7, 0xe7, 0xc7,
    0x8f, 0xc0, 0xfc, 0xf8, 0xf9, 0xf8, 0x1f, 0x9f,
    0x1f, 0x3f, 0x1, 0xf3, 0xe3, 0xe7, 0xc0, 0x3e,
    0x78, 0x7d, 0xf8, 0x7, 0xff, 0x7, 0xff, 0x0,
    0xff, 0xe0, 0xff, 0xe0, 0xf, 0xfc, 0x1f, 0xf8,
    0x1, 0xff, 0x3, 0xff, 0x0, 0x3f, 0xe0, 0x3f,
    0xe0, 0x7, 0xfc, 0x7, 0xfc, 0x0, 0xff, 0x80,
    0xff, 0x80, 0xf, 0xf0, 0x1f, 0xe0, 0x1, 0xfc,
    0x1, 0xfc, 0x0, 0x3f, 0x80, 0x3f, 0x80, 0x7,
    0xf0, 0x7, 0xf0, 0x0,

    /* U+0058 "X" */
    0x7f, 0x0, 0x1f, 0xcf, 0xe0, 0xf, 0xe3, 0xf8,
    0x3, 0xf8, 0x7f, 0x1, 0xfc, 0x1f, 0xc0, 0x7e,
    0x3, 0xf8, 0x3f, 0x80, 0xfe, 0x1f, 0xc0, 0x1f,
    0xc7, 0xf0, 0x3, 0xf3, 0xf8, 0x0, 0xfe, 0xfc,
    0x0, 0x1f, 0xff, 0x0, 0x7, 0xff, 0x80, 0x0,
    0xff, 0xe0, 0x0, 0x1f, 0xf0, 0x0, 0x7, 0xfc,
    0x0, 0x1, 0xff, 0x0, 0x0, 0xff, 0xc0, 0x0,
    0x3f, 0xf8, 0x0, 0x1f, 0xfe, 0x0, 0x7, 0xff,
    0xc0, 0x3, 0xfb, 0xf8, 0x1, 0xfc, 0x7e, 0x0,
    0x7f, 0x1f, 0xc0, 0x3f, 0x83, 0xf0, 0xf, 0xe0,
    0xfe, 0x7, 0xf0, 0x1f, 0xc3, 0xf8, 0x7, 0xf0,
    0xfe, 0x0, 0xfe, 0x7f, 0x0, 0x3f, 0x9f, 0xc0,
    0x7, 0xf0,

    /* U+0059 "Y" */
    0xfe, 0x0, 0x1f, 0xdf, 0xc0, 0xf, 0xe7, 0xf0,
    0x3, 0xf8, 0xfc, 0x0, 0xfc, 0x3f, 0x80, 0x7f,
    0x7, 0xe0, 0x1f, 0x80, 0xfc, 0xf, 0xc0, 0x3f,
    0x3, 0xf0, 0x7, 0xe1, 0xf8, 0x1, 0xf8, 0x7e,
    0x0, 0x3f, 0x3f, 0x0, 0xf, 0xcf, 0xc0, 0x1,
    0xf3, 0xe0, 0x0, 0x7f, 0xf8, 0x0, 0xf, 0xfc,
    0x0, 0x3, 0xff, 0x0, 0x0, 0x7f, 0x80, 0x0,
    0x1f, 0xe0, 0x0, 0x3, 0xf0, 0x0, 0x0, 0xfc,
    0x0, 0x0, 0x3f, 0x0, 0x0, 0xf, 0xc0, 0x0,
    0x3, 0xf0, 0x0, 0x0, 0xfc, 0x0, 0x0, 0x3f,
    0x0, 0x0, 0xf, 0xc0, 0x0, 0x3, 0xf0, 0x0,
    0x0, 0xfc, 0x0, 0x0, 0x3f, 0x0, 0x0, 0xf,
    0xc0, 0x0,

    /* U+005A "Z" */
    0xff, 0xff, 0xff, 0xff, 0xff, 0xff, 0xff, 0xff,
    0xff, 0xff, 0xff, 0xe0, 0x0, 0x1f, 0xc0, 0x0,
    0x7f, 0x0, 0x0, 0xfc, 0x0, 0x3, 0xf8, 0x0,
    0xf, 0xe0, 0x0, 0x1f, 0x80, 0x0, 0x7f, 0x0,
    0x1, 0xfc, 0x0, 0x3, 0xf0, 0x0, 0xf, 0xe0,
    0x0, 0x3f, 0x80, 0x0, 0x7e, 0x0, 0x1, 0xfc,
    0x0, 0x7, 0xf0, 0x0, 0xf, 0xc0, 0x0, 0x3f,
    0x80, 0x0, 0xfe, 0x0, 0x1, 0xf8, 0x0, 0x7,
    0xf0, 0x0, 0x1f, 0xc0, 0x0, 0x3f, 0x0, 0x0,
    0xfe, 0x0, 0x3, 0xff, 0xff, 0xff, 0xff, 0xff,
    0xff, 0xff, 0xff, 0xff, 0xff, 0xff, 0xc0,

    /* U+005B "[" */
    0xff, 0xff, 0xff, 0xff, 0xff, 0xc7, 0xe3, 0xf1,
    0xf8, 0xfc, 0x7e, 0x3f, 0x1f, 0x8f, 0xc7, 0xe3,
    0xf1, 0xf8, 0xfc, 0x7e, 0x3f, 0x1f, 0x8f, 0xc7,
    0xe3, 0xf1, 0xf8, 0xfc, 0x7e, 0x3f, 0x1f, 0x8f,
    0xc7, 0xe3, 0xf1, 0xf8, 0xfc, 0x7e, 0x3f, 0x1f,
    0x8f, 0xc7, 0xe3, 0xff, 0xff, 0xff, 0xff, 0xc0,

    /* U+005C "\\" */
    0xfc, 0x0, 0xf, 0xc0, 0x1, 0xf8, 0x0, 0x3f,
    0x0, 0x3, 0xf0, 0x0, 0x7e, 0x0, 0xf, 0xe0,
    0x0, 0xfc, 0x0, 0x1f, 0x80, 0x1, 0xf8, 0x0,
    0x3f, 0x0, 0x7, 0xe0, 0x0, 0x7e, 0x0, 0xf,
    0xc0, 0x1, 0xfc, 0x0, 0x1f, 0x80, 0x3, 0xf0,
    0x0, 0x3f, 0x0, 0x7, 0xe0, 0x0, 0xfc, 0x0,
    0xf, 0xc0, 0x1, 0xf8, 0x0, 0x3f, 0x80, 0x3,
    0xf0, 0x0, 0x7e, 0x0, 0x7, 0xe0, 0x0, 0xfc,
    0x0, 0x1f, 0x80, 0x1, 0xf8, 0x0, 0x3f, 0x0,
    0x7, 0xf0, 0x0, 0x7e, 0x0, 0xf, 0xc0,

    /* U+005D "]" */
    0xff, 0xff, 0xff, 0xff, 0xf1, 0xf8, 0xfc, 0x7e,
    0x3f, 0x1f, 0x8f, 0xc7, 0xe3, 0xf1, 0xf8, 0xfc,
    0x7e, 0x3f, 0x1f, 0x8f, 0xc7, 0xe3, 0xf1, 0xf8,
    0xfc, 0x7e, 0x3f, 0x1f, 0x8f, 0xc7, 0xe3, 0xf1,
    0xf8, 0xfc, 0x7e, 0x3f, 0x1f, 0x8f, 0xc7, 0xe3,
    0xf1, 0xf8, 0xff, 0xff, 0xff, 0xff, 0xff, 0xc0,

    /* U+005E "^" */
    0x3, 0xe0, 0x3, 0xf0, 0x1, 0xf8, 0x0, 0xfe,
    0x0, 0xff, 0x0, 0x7f, 0xc0, 0x7d, 0xe0, 0x3c,
    0xf0, 0x1e, 0x7c, 0x1f, 0x1e, 0xf, 0xf, 0x8f,
    0x83, 0xc7, 0xc1, 0xe3, 0xc0, 0xfb, 0xe0, 0x3c,

    /* U+005F "_" */
    0xff, 0xff, 0xff, 0xff, 0xff, 0xff, 0xff, 0xff,
    0xff, 0xf0,

    /* U+0060 "`" */
    0x7e, 0x7, 0xe0, 0xfc, 0xf, 0xc0, 0xfc, 0xf,
    0x80,

    /* U+0061 "a" */
    0x3, 0xf8, 0x1, 0xff, 0xf0, 0x3f, 0xff, 0x87,
    0xff, 0xfc, 0x7e, 0xf, 0xcf, 0xc0, 0x7e, 0xfc,
    0x7, 0xe0, 0x0, 0x7e, 0x0, 0x7, 0xe0, 0x3f,
    0xfe, 0x1f, 0xff, 0xe3, 0xff, 0xfe, 0x7f, 0x7,
    0xef, 0xe0, 0x7e, 0xfc, 0x7, 0xef, 0xc0, 0x7e,
    0xfc, 0x7, 0xef, 0xc0, 0xfe, 0xfe, 0x1f, 0xe7,
    0xff, 0xfe, 0x3f, 0xff, 0xe1, 0xff, 0x7e, 0xf,
    0xe3, 0xf0,

    /* U+0062 "b" */
    0xfc, 0x0, 0xf, 0xc0, 0x0, 0xfc, 0x0, 0xf,
    0xc0, 0x0, 0xfc, 0x0, 0xf, 0xc0, 0x0, 0xfc,
    0x0, 0xf, 0xc0, 0x0, 0xfc, 0x0, 0xf, 0xc7,
    0xc0, 0xfd, 0xff, 0xf, 0xff, 0xf8, 0xff, 0xff,
    0xcf, 0xf0, 0xfe, 0xfe, 0x7, 0xef, 0xc0, 0x7e,
    0xfc, 0x3, 0xff, 0xc0, 0x3f, 0xfc, 0x3, 0xff,
    0xc0, 0x3f, 0xfc, 0x3, 0xff, 0xc0, 0x3f, 0xfc,
    0x3, 0xff, 0xc0, 0x3f, 0xfc, 0x3, 0xff, 0xc0,
    0x7e, 0xfe, 0x7, 0xef, 0xf0, 0xfe, 0xff, 0xff,
    0xcf, 0xff, 0xf8, 0xfd, 0xff, 0xf, 0x87, 0xc0,

    /* U+0063 "c" */
    0x1, 0xfc, 0x0, 0x7f, 0xf0, 0x1f, 0xff, 0xc3,
    0xff, 0xfc, 0x3f, 0xf, 0xe7, 0xe0, 0x7f, 0x7e,
    0x3, 0xff, 0xc0, 0x3f, 0xfc, 0x0, 0xf, 0xc0,
    0x0, 0xfc, 0x0, 0xf, 0xc0, 0x0, 0xfc, 0x0,
    0xf, 0xc0, 0x0, 0xfc, 0x0, 0xf, 0xc0, 0x3f,
    0x7e, 0x3, 0xf7, 0xe0, 0x7f, 0x3f, 0xf, 0xe3,
    0xff, 0xfe, 0x1f, 0xff, 0xc0, 0x7f, 0xf0, 0x1,
    0xfc, 0x0,

    /* U+0064 "d" */
    0x0, 0x3, 0xf0, 0x0, 0x3f, 0x0, 0x3, 0xf0,
    0x0, 0x3f, 0x0, 0x3, 0xf0, 0x0, 0x3f, 0x0,
    0x3, 0xf0, 0x0, 0x3f, 0x0, 0x3, 0xf0, 0x3e,
    0x3f, 0xf, 0xfb, 0xf1, 0xff, 0xff, 0x3f, 0xff,
    0xf7, 0xf0, 0xff, 0x7e, 0x7, 0xf7, 0xe0, 0x3f,
    0xfc, 0x3, 0xff, 0xc0, 0x3f, 0xfc, 0x3, 0xff,
    0xc0, 0x3f, 0xfc, 0x3, 0xff, 0xc0, 0x3f, 0xfc,
    0x3, 0xff, 0xc0, 0x3f, 0xfc, 0x3, 0xf7, 0xe0,
    0x3f, 0x7e, 0x7, 0xf7, 0xf0, 0xff, 0x3f, 0xff,
    0xf1, 0xff, 0xff, 0xf, 0xfb, 0xf0, 0x3e, 0x1f,

    /* U+0065 "e" */
    0x1, 0xfc, 0x0, 0x7f, 0xf0, 0x1f, 0xff, 0x83,
    0xff, 0xfc, 0x3f, 0xf, 0xe7, 0xe0, 0x7e, 0x7e,
    0x3, 0xef, 0xc0, 0x3f, 0xfc, 0x3, 0xff, 0xff,
    0xff, 0xff, 0xff, 0xff, 0xff, 0xff, 0xff, 0xff,
    0xff, 0xc0, 0x0, 0xfc, 0x0, 0xf, 0xe0, 0x0,
    0x7e, 0x0, 0x87, 0xf0, 0x1c, 0x3f, 0x83, 0xe1,
    0xff, 0xfe, 0xf, 0xff, 0xc0, 0x7f, 0xf8, 0x1,
    0xfe, 0x0,

    /* U+0066 "f" */
    0x0, 0x7e, 0x3, 0xfc, 0xf, 0xf8, 0x3f, 0xf0,
    0xfe, 0x1, 0xf8, 0x3, 0xf0, 0x7, 0xe0, 0xf,
    0xc1, 0xff, 0xff, 0xff, 0xff, 0xff, 0xff, 0xff,
    0xe1, 0xf8, 0x3, 0xf0, 0x7, 0xe0, 0xf, 0xc0,
    0x1f, 0x80, 0x3f, 0x0, 0x7e, 0x0, 0xfc, 0x1,
    0xf8, 0x3, 0xf0, 0x7, 0xe0, 0xf, 0xc0, 0x1f,
    0x80, 0x3f, 0x0, 0x7e, 0x0, 0xfc, 0x1, 0xf8,
    0x3, 0xf0, 0x7, 0xe0,

    /* U+0067 "g" */
    0x3, 0xf1, 0xf0, 0xff, 0xbf, 0x1f, 0xff, 0xf3,
    0xff, 0xff, 0x7f, 0x8f, 0xf7, 0xf0, 0x3f, 0x7e,
    0x3, 0xff, 0xc0, 0x3f, 0xfc, 0x3, 0xff, 0xc0,
    0x3f, 0xfc, 0x3, 0xff, 0xc0, 0x3f, 0xfc, 0x3,
    0xff, 0xc0, 0x3f, 0xfc, 0x3, 0xff, 0xc0, 0x3f,
    0x7e, 0x3, 0xf7, 0xe0, 0x3f, 0x3f, 0x8f, 0xf3,
    0xff, 0xff, 0x1f, 0xff, 0xf0, 0xff, 0xbf, 0x3,
    0xf3, 0xf0, 0x0, 0x3f, 0x0, 0x3, 0xf0, 0x80,
    0x7f, 0x1c, 0x7, 0xe3, 0xe1, 0xfe, 0x3f, 0xff,
    0xc3, 0xff, 0xf8, 0x1f, 0xff, 0x0, 0x3f, 0x80,

    /* U+0068 "h" */
    0xfc, 0x0, 0x1f, 0x80, 0x3, 0xf0, 0x0, 0x7e,
    0x0, 0xf, 0xc0, 0x1, 0xf8, 0x0, 0x3f, 0x0,
    0x7, 0xe0, 0x0, 0xfc, 0x0, 0x1f, 0x8f, 0xc3,
    0xf7, 0xfc, 0x7f, 0xff, 0xcf, 0xff, 0xfd, 0xfe,
    0x1f, 0xbf, 0x81, 0xff, 0xe0, 0x3f, 0xfc, 0x7,
    0xff, 0x80, 0xff, 0xf0, 0x1f, 0xfe, 0x3, 0xff,
    0xc0, 0x7f, 0xf8, 0xf, 0xff, 0x1, 0xff, 0xe0,
    0x3f, 0xfc, 0x7, 0xff, 0x80, 0xff, 0xf0, 0x1f,
    0xfe, 0x3, 0xff, 0xc0, 0x7f, 0xf8, 0xf, 0xff,
    0x1, 0xff, 0xe0, 0x3f,

    /* U+0069 "i" */
    0x7b, 0xff, 0xff, 0xfd, 0xe0, 0x0, 0x3, 0xff,
    0xff, 0xff, 0xff, 0xff, 0xff, 0xff, 0xff, 0xff,
    0xff, 0xff, 0xff, 0xff, 0xff, 0xff, 0xff, 0xff,

    /* U+006A "j" */
    0x7, 0x83, 0xf0, 0xfc, 0x3f, 0xf, 0xc1, 0xe0,
    0x0, 0x0, 0x0, 0x3, 0xf0, 0xfc, 0x3f, 0xf,
    0xc3, 0xf0, 0xfc, 0x3f, 0xf, 0xc3, 0xf0, 0xfc,
    0x3f, 0xf, 0xc3, 0xf0, 0xfc, 0x3f, 0xf, 0xc3,
    0xf0, 0xfc, 0x3f, 0xf, 0xc3, 0xf0, 0xfc, 0x3f,
    0xf, 0xc3, 0xf0, 0xfc, 0x3f, 0x1f, 0xff, 0xef,
    0xfb, 0xfc, 0xfc, 0x0,

    /* U+006B "k" */
    0xfc, 0x0, 0x7, 0xe0, 0x0, 0x3f, 0x0, 0x1,
    0xf8, 0x0, 0xf, 0xc0, 0x0, 0x7e, 0x0, 0x3,
    0xf0, 0x0, 0x1f, 0x80, 0x0, 0xfc, 0x0, 0x7,
    0xe0, 0x7f, 0xbf, 0x3, 0xf9, 0xf8, 0x3f, 0x8f,
    0xc3, 0xf8, 0x7e, 0x3f, 0x83, 0xf3, 0xf8, 0x1f,
    0x9f, 0x80, 0xfd, 0xfc, 0x7, 0xff, 0xc0, 0x3f,
    0xfc, 0x1, 0xff, 0xf0, 0xf, 0xff, 0x80, 0x7f,
    0xfe, 0x3, 0xff, 0xf0, 0x1f, 0xcf, 0xc0, 0xfc,
    0x7f, 0x7, 0xe1, 0xf8, 0x3f, 0xf, 0xe1, 0xf8,
    0x3f, 0x8f, 0xc0, 0xfc, 0x7e, 0x7, 0xf3, 0xf0,
    0x1f, 0xdf, 0x80, 0x7e,

    /* U+006C "l" */
    0xff, 0xff, 0xff, 0xff, 0xff, 0xff, 0xff, 0xff,
    0xff, 0xff, 0xff, 0xff, 0xff, 0xff, 0xff, 0xff,
    0xff, 0xff, 0xff, 0xff, 0xff, 0xff, 0xff, 0xff,

    /* U+006D "m" */
    0xfc, 0x7e, 0x3, 0xf0, 0xfd, 0xff, 0x8f, 0xfc,
    0xff, 0xff, 0xdf, 0xfc, 0xff, 0xff, 0xff, 0xfe,
    0xff, 0xf, 0xf8, 0x7e, 0xfc, 0x7, 0xf0, 0x3f,
    0xfc, 0x7, 0xe0, 0x3f, 0xfc, 0x7, 0xe0, 0x3f,
    0xfc, 0x7, 0xe0, 0x3f, 0xfc, 0x7, 0xe0, 0x3f,
    0xfc, 0x7, 0xe0, 0x3f, 0xfc, 0x7, 0xe0, 0x3f,
    0xfc, 0x7, 0xe0, 0x3f, 0xfc, 0x7, 0xe0, 0x3f,
    0xfc, 0x7, 0xe0, 0x3f, 0xfc, 0x7, 0xe0, 0x3f,
    0xfc, 0x7, 0xe0, 0x3f, 0xfc, 0x7, 0xe0, 0x3f,
    0xfc, 0x7, 0xe0, 0x3f, 0xfc, 0x7, 0xe0, 0x3f,
    0xfc, 0x7, 0xe0, 0x3f, 0xfc, 0x7, 0xe0, 0x3f,
    0xfc, 0x7, 0xe0, 0x3f,

    /* U+006E "n" */
    0xfc, 0x7e, 0x1f, 0xbf, 0xf3, 0xff, 0xff, 0x7f,
    0xff, 0xef, 0xf0, 0xfd, 0xf8, 0xf, 0xff, 0x1,
    0xff, 0xe0, 0x3f, 0xfc, 0x7, 0xff, 0x80, 0xff,
    0xf0, 0x1f, 0xfe, 0x3, 0xff, 0xc0, 0x7f, 0xf8,
    0xf, 0xff, 0x1, 0xff, 0xe0, 0x3f, 0xfc, 0x7,
    0xff, 0x80, 0xff, 0xf0, 0x1f, 0xfe, 0x3, 0xff,
    0xc0, 0x7f, 0xf8, 0xf, 0xff, 0x1, 0xf8,

    /* U+006F "o" */
    0x1, 0xfc, 0x0, 0x3f, 0xf8, 0x7, 0xff, 0xf0,
    0x7f, 0xff, 0xc3, 0xf8, 0xfe, 0x3f, 0x3, 0xf9,
    0xf8, 0xf, 0xdf, 0x80, 0x7e, 0xfc, 0x1, 0xff,
    0xe0, 0xf, 0xff, 0x0, 0x7f, 0xf8, 0x3, 0xff,
    0xc0, 0x1f, 0xfe, 0x0, 0xff, 0xf0, 0x7, 0xff,
    0x80, 0x7f, 0x7e, 0x3, 0xf3, 0xf0, 0x1f, 0x8f,
    0xe3, 0xf8, 0x7f, 0xff, 0xc1, 0xff, 0xfc, 0x3,
    0xff, 0x80, 0x7, 0xf0, 0x0,

    /* U+0070 "p" */
    0xfc, 0x7c, 0xf, 0xdf, 0xf0, 0xff, 0xff, 0x8f,
    0xff, 0xfc, 0xff, 0xf, 0xef, 0xe0, 0x7e, 0xfc,
    0x7, 0xef, 0xc0, 0x3f, 0xfc, 0x3, 0xff, 0xc0,
    0x3f, 0xfc, 0x3, 0xff, 0xc0, 0x3f, 0xfc, 0x3,
    0xff, 0xc0, 0x3f, 0xfc, 0x3, 0xff, 0xc0, 0x3f,
    0xfc, 0x7, 0xef, 0xe0, 0x7e, 0xff, 0xf, 0xef,
    0xff, 0xfc, 0xff, 0xff, 0x8f, 0xdf, 0xf0, 0xfc,
    0xfc, 0xf, 0xc0, 0x0, 0xfc, 0x0, 0xf, 0xc0,
    0x0, 0xfc, 0x0, 0xf, 0xc0, 0x0, 0xfc, 0x0,
    0xf, 0xc0, 0x0, 0xfc, 0x0, 0xf, 0xc0, 0x0,

    /* U+0071 "q" */
    0x3, 0xe1, 0xf0, 0xff, 0xbf, 0x1f, 0xff, 0xf3,
    0xff, 0xff, 0x7f, 0xf, 0xf7, 0xe0, 0x7f, 0x7e,
    0x3, 0xff, 0xc0, 0x3f, 0xfc, 0x3, 0xff, 0xc0,
    0x3f, 0xfc, 0x3, 0xff, 0xc0, 0x3f, 0xfc, 0x3,
    0xff, 0xc0, 0x3f, 0xfc, 0x3, 0xff, 0xc0, 0x3f,
    0x7e, 0x3, 0xf7, 0xe0, 0x7f, 0x7f, 0xf, 0xf3,
    0xff, 0xff, 0x1f, 0xff, 0xf0, 0xff, 0xbf, 0x3,
    0xf3, 0xf0, 0x0, 0x3f, 0x0, 0x3, 0xf0, 0x0,
    0x3f, 0x0, 0x3, 0xf0, 0x0, 0x3f, 0x0, 0x3,
    0xf0, 0x0, 0x3f, 0x0, 0x3, 0xf0, 0x0, 0x3f,

    /* U+0072 "r" */
    0xfc, 0xff, 0xef, 0xff, 0xff, 0xff, 0xff, 0xf0,
    0x7f, 0x3, 0xf0, 0x1f, 0x80, 0xfc, 0x7, 0xe0,
    0x3f, 0x1, 0xf8, 0xf, 0xc0, 0x7e, 0x3, 0xf0,
    0x1f, 0x80, 0xfc, 0x7, 0xe0, 0x3f, 0x1, 0xf8,
    0xf, 0xc0, 0x7e, 0x3, 0xf0, 0x0,

    /* U+0073 "s" */
    0x3, 0xfc, 0x1, 0xff, 0xe0, 0x7f, 0xfe, 0x1f,
    0xff, 0xe7, 0xf0, 0xfc, 0xfc, 0xf, 0xdf, 0x81,
    0xfb, 0xf0, 0x0, 0x7f, 0x80, 0x7, 0xfe, 0x0,
    0xff, 0xf8, 0xf, 0xff, 0xc0, 0x7f, 0xfc, 0x1,
    0xff, 0x80, 0x7, 0xf8, 0x0, 0x3f, 0xfc, 0x7,
    0xff, 0x80, 0xfd, 0xfc, 0x3f, 0xbf, 0xff, 0xe3,
    0xff, 0xf8, 0x1f, 0xfe, 0x0, 0xff, 0x0,

    /* U+0074 "t" */
    0x1f, 0x80, 0xfc, 0x7, 0xe0, 0x3f, 0x1, 0xf8,
    0xf, 0xc3, 0xff, 0xff, 0xff, 0xff, 0xff, 0xff,
    0xc7, 0xe0, 0x3f, 0x1, 0xf8, 0xf, 0xc0, 0x7e,
    0x3, 0xf0, 0x1f, 0x80, 0xfc, 0x7, 0xe0, 0x3f,
    0x1, 0xf8, 0xf, 0xc0, 0x7e, 0x3, 0xf0, 0x1f,
    0xf8, 0xff, 0xc3, 0xfe, 0xf, 0xf0, 0x3f, 0x80,

    /* U+0075 "u" */
    0xfc, 0x7, 0xff, 0x80, 0xff, 0xf0, 0x1f, 0xfe,
    0x3, 0xff, 0xc0, 0x7f, 0xf8, 0xf, 0xff, 0x1,
    0xff, 0xe0, 0x3f, 0xfc, 0x7, 0xff, 0x80, 0xff,
    0xf0, 0x1f, 0xfe, 0x3, 0xff, 0xc0, 0x7f, 0xf8,
    0xf, 0xff, 0x1, 0xff, 0xe0, 0x3f, 0xfc, 0x7,
    0xff, 0x81, 0xfd, 0xf8, 0x7f, 0xbf, 0xff, 0xf3,
    0xff, 0xfe, 0x7f, 0xef, 0xc3, 0xf1, 0xf8,

    /* U+0076 "v" */
    0x7e, 0x1, 0xf9, 0xf8, 0x7, 0xe7, 0xe0, 0x1f,
    0x8f, 0xc0, 0xfc, 0x3f, 0x3, 0xf0, 0xfc, 0xf,
    0xc1, 0xf8, 0x7e, 0x7, 0xe1, 0xf8, 0x1f, 0x87,
    0xe0, 0x3e, 0x1f, 0x0, 0xfc, 0xfc, 0x3, 0xf3,
    0xf0, 0x7, 0xcf, 0x80, 0x1f, 0xfe, 0x0, 0x7f,
    0xf8, 0x0, 0xff, 0xc0, 0x3, 0xff, 0x0, 0xf,
    0xfc, 0x0, 0x3f, 0xf0, 0x0, 0x7f, 0x80, 0x1,
    0xfe, 0x0, 0x7, 0xf8, 0x0, 0xf, 0xc0, 0x0,

    /* U+0077 "w" */
    0xfc, 0xf, 0x80, 0xff, 0xf0, 0x3e, 0x3, 0xef,
    0xc0, 0xfc, 0x1f, 0x9f, 0x3, 0xf0, 0x7e, 0x7c,
    0x1f, 0xc1, 0xf9, 0xf8, 0x7f, 0x7, 0xc7, 0xe1,
    0xfe, 0x1f, 0xf, 0x87, 0xf8, 0xfc, 0x3e, 0x3f,
    0xe3, 0xf0, 0xf8, 0xf7, 0xcf, 0x83, 0xf3, 0xdf,
    0x3e, 0x7, 0xdf, 0x3c, 0xf8, 0x1f, 0x7c, 0xf7,
    0xe0, 0x7d, 0xe3, 0xff, 0x1, 0xf7, 0x87, 0xfc,
    0x3, 0xfe, 0x1f, 0xf0, 0xf, 0xf0, 0x7f, 0xc0,
    0x3f, 0xc1, 0xfe, 0x0, 0xff, 0x3, 0xf8, 0x1,
    0xf8, 0xf, 0xe0, 0x7, 0xe0, 0x3f, 0x80, 0x1f,
    0x80, 0x7c, 0x0, 0x7e, 0x1, 0xf0, 0x0,

    /* U+0078 "x" */
    0x7e, 0x3, 0xf9, 0xf8, 0x1f, 0x8f, 0xc1, 0xf8,
    0x3f, 0xf, 0xc1, 0xf8, 0xfc, 0x7, 0xe7, 0xe0,
    0x3f, 0x7e, 0x0, 0xff, 0xf0, 0x7, 0xff, 0x0,
    0x1f, 0xf8, 0x0, 0x7f, 0x80, 0x3, 0xfc, 0x0,
    0x3f, 0xe0, 0x1, 0xff, 0x80, 0x1f, 0xfc, 0x0,
    0xff, 0xf0, 0xf, 0xdf, 0x80, 0x7e, 0x7e, 0x7,
    0xe3, 0xf8, 0x7f, 0xf, 0xc3, 0xf0, 0x7f, 0x3f,
    0x81, 0xf9, 0xf8, 0xf, 0xe0,

    /* U+0079 "y" */
    0xfc, 0x3, 0xf7, 0xe0, 0x1f, 0xbf, 0x80, 0xfc,
    0xfc, 0xf, 0xc7, 0xe0, 0x7e, 0x3f, 0x83, 0xf0,
    0xfc, 0x3f, 0x7, 0xe1, 0xf8, 0x3f, 0xf, 0xc0,
    0xfc, 0x7c, 0x7, 0xe7, 0xe0, 0x3f, 0x3f, 0x0,
    0xf9, 0xf0, 0x7, 0xff, 0x80, 0x3f, 0xfc, 0x0,
    0xff, 0xc0, 0x7, 0xfe, 0x0, 0x3f, 0xf0, 0x0,
    0xff, 0x0, 0x7, 0xf8, 0x0, 0x3f, 0xc0, 0x0,
    0xfc, 0x0, 0x7, 0xe0, 0x0, 0x3f, 0x0, 0x1,
    0xf0, 0x0, 0xf, 0x80, 0x0, 0xfc, 0x0, 0xf,
    0xc0, 0x3, 0xfe, 0x0, 0x1f, 0xe0, 0x0, 0xfe,
    0x0, 0x7, 0xc0, 0x0,

    /* U+007A "z" */
    0x7f, 0xff, 0xef, 0xff, 0xfd, 0xff, 0xff, 0xbf,
    0xff, 0xe0, 0x0, 0xfc, 0x0, 0x3f, 0x0, 0xf,
    0xc0, 0x1, 0xf0, 0x0, 0x7e, 0x0, 0x1f, 0x80,
    0x7, 0xe0, 0x0, 0xfc, 0x0, 0x3f, 0x0, 0xf,
    0xc0, 0x3, 0xf8, 0x0, 0x7e, 0x0, 0x1f, 0x80,
    0x7, 0xe0, 0x0, 0xfc, 0x0, 0x3f, 0xff, 0xff,
    0xff, 0xff, 0xff, 0xff, 0xff, 0xff, 0xf8,

    /* U+007B "{" */
    0x0, 0x70, 0x7, 0xc0, 0x7e, 0x7, 0xe0, 0x7e,
    0x3, 0xf0, 0x3f, 0x1, 0xf8, 0xf, 0xc0, 0x7e,
    0x3, 0xf0, 0x1f, 0x80, 0xfc, 0x7, 0xe0, 0x3f,
    0x1, 0xf8, 0x1f, 0x81, 0xfc, 0x3f, 0xc1, 0xfc,
    0xf, 0xe0, 0x7f, 0x80, 0xfe, 0x3, 0xf0, 0xf,
    0xc0, 0x7e, 0x3, 0xf0, 0x1f, 0x80, 0xfc, 0x7,
    0xe0, 0x3f, 0x1, 0xf8, 0xf, 0xc0, 0x7e, 0x1,
    0xf8, 0xf, 0xc0, 0x3f, 0x0, 0xfc, 0x3, 0xe0,
    0x6,

    /* U+007C "|" */
    0xff, 0xff, 0xff, 0xff, 0xff, 0xff, 0xff, 0xff,
    0xff, 0xff, 0xff, 0xff, 0xff, 0xff, 0xff, 0xff,
    0xff, 0xff,

    /* U+007D "}" */
    0x70, 0xf, 0x80, 0xfe, 0x7, 0xe0, 0x3f, 0x3,
    0xf0, 0x1f, 0x81, 0xf8, 0x1f, 0x81, 0xf8, 0x1f,
    0x81, 0xf8, 0x1f, 0x81, 0xf8, 0x1f, 0x81, 0xf8,
    0xf, 0xc0, 0xfe, 0x7, 0xf0, 0x3f, 0x3, 0xf0,
    0x7f, 0xf, 0xe0, 0xfc, 0x1f, 0x81, 0xf8, 0x1f,
    0x81, 0xf8, 0x1f, 0x81, 0xf8, 0x1f, 0x81, 0xf8,
    0x1f, 0x81, 0xf8, 0x3f, 0x3, 0xf0, 0x7e, 0xf,
    0xe0, 0xf8, 0x7, 0x0,

    /* U+007E "~" */
    0xf, 0xc0, 0x0, 0x3f, 0xe0, 0x3c, 0xff, 0xe0,
    0x7b, 0xff, 0xe1, 0xf7, 0x8f, 0xff, 0xdf, 0x7,
    0xff, 0xbc, 0x7, 0xfe, 0x78, 0x7, 0xf8, 0x0,
    0x7, 0xe0,

    /* U+00A0 " " */
    0x0,

    /* U+00A1 "¡" */
    0x7b, 0xff, 0xff, 0xfd, 0xe0, 0x0, 0x3, 0xff,
    0xff, 0xff, 0xff, 0xff, 0xff, 0xff, 0xff, 0xff,
    0xff, 0xff, 0xff, 0xff, 0xff, 0xff, 0xf0,

    /* U+00A2 "¢" */
    0x0, 0xf0, 0x0, 0xf, 0x0, 0x0, 0xf0, 0x0,
    0xf, 0x0, 0x0, 0xf0, 0x0, 0x1f, 0xc0, 0x7,
    0xff, 0x1, 0xff, 0xfc, 0x3f, 0xff, 0xc3, 0xf8,
    0xfe, 0x7e, 0x7, 0xf7, 0xe0, 0x3f, 0xfc, 0x3,
    0xff, 0xc0, 0x0, 0xfc, 0x0, 0xf, 0xc0, 0x0,
    0xfc, 0x0, 0xf, 0xc0, 0x0, 0xfc, 0x0, 0xf,
    0xc0, 0x0, 0xfc, 0x3, 0xf7, 0xe0, 0x3f, 0x7e,
    0x7, 0xf3, 0xfd, 0xfe, 0x3f, 0xff, 0xc1, 0xff,
    0xf8, 0x7, 0xff, 0x0, 0x1f, 0xc0, 0x0, 0xf0,
    0x0, 0xf, 0x0, 0x0, 0xf0, 0x0, 0xf, 0x0,
    0x0, 0xf0, 0x0,

    /* U+00A3 "£" */
    0x0, 0x7f, 0x0, 0x7, 0xff, 0x80, 0x3f, 0xff,
    0x1, 0xff, 0xfe, 0xf, 0xe3, 0xf8, 0x3f, 0x7,
    0xf1, 0xf8, 0xf, 0xc7, 0xe0, 0x3f, 0x1f, 0x80,
    0x0, 0x7e, 0x0, 0x1, 0xf8, 0x0, 0x7, 0xe0,
    0x0, 0x1f, 0x80, 0x3, 0xff, 0xfc, 0xf, 0xff,
    0xf0, 0x3f, 0xff, 0xc0, 0xff, 0xff, 0x0, 0x7e,
    0x0, 0x1, 0xf8, 0x0, 0x7, 0xe0, 0x0, 0x1f,
    0x80, 0x0, 0x7e, 0x0, 0x1, 0xf8, 0x0, 0x7,
    0xe0, 0x0, 0x1f, 0x0, 0x0, 0xfc, 0x0, 0xf,
    0xff, 0xff, 0xff, 0xff, 0xff, 0xff, 0xff, 0xff,
    0xff, 0xff, 0xf0,

    /* U+00A4 "¤" */
    0x0, 0x0, 0x0, 0x6, 0x7, 0xf0, 0x31, 0xe3,
    0xff, 0x8f, 0x7f, 0xff, 0xff, 0xf7, 0xff, 0xff,
    0xfc, 0x7f, 0xc1, 0xff, 0x7, 0xe0, 0xf, 0xc0,
    0xf8, 0x0, 0xf8, 0x3e, 0x0, 0xf, 0x87, 0x80,
    0x0, 0xf1, 0xf0, 0x0, 0x1f, 0x3c, 0x0, 0x1,
    0xe7, 0x80, 0x0, 0x3c, 0xf0, 0x0, 0x7, 0x9e,
    0x0, 0x0, 0xf3, 0xc0, 0x0, 0x1e, 0x78, 0x0,
    0x3, 0xcf, 0x80, 0x0, 0xf8, 0xf0, 0x0, 0x1e,
    0x1f, 0x0, 0x7, 0xc1, 0xf0, 0x1, 0xf0, 0x3f,
    0x0, 0x7e, 0xf, 0xf8, 0x3f, 0xe3, 0xff, 0xff,
    0xfe, 0x7f, 0xff, 0xff, 0xc7, 0x1f, 0xfc, 0x70,
    0x40, 0xfe, 0x4, 0x0,

    /* U+00A5 "¥" */
    0xfe, 0x1, 0xfd, 0xf8, 0x7, 0xe7, 0xe0, 0x1f,
    0x8f, 0xc0, 0xfc, 0x3f, 0x3, 0xf0, 0x7e, 0x1f,
    0xc1, 0xf8, 0x7e, 0x7, 0xe1, 0xf8, 0xf, 0xcf,
    0xc0, 0x3f, 0x3f, 0x0, 0x7f, 0xf8, 0x1, 0xff,
    0xe0, 0x3, 0xff, 0x0, 0xf, 0xfc, 0x0, 0x1f,
    0xe0, 0x1f, 0xff, 0xfc, 0x7f, 0xff, 0xf1, 0xff,
    0xff, 0xc0, 0xf, 0xc0, 0x0, 0x3f, 0x0, 0x0,
    0xfc, 0x1, 0xff, 0xff, 0xc7, 0xff, 0xff, 0x1f,
    0xff, 0xfc, 0x0, 0xfc, 0x0, 0x3, 0xf0, 0x0,
    0xf, 0xc0, 0x0, 0x3f, 0x0, 0x0, 0xfc, 0x0,
    0x3, 0xf0, 0x0,

    /* U+00A6 "¦" */
    0xff, 0xff, 0xff, 0xff, 0xff, 0xff, 0xff, 0xff,
    0xff, 0xff, 0xff, 0xff, 0x0, 0x0, 0x0, 0xff,
    0xff, 0xff, 0xff, 0xff, 0xff, 0xff, 0xff, 0xff,
    0xff, 0xff, 0xff,

    /* U+00A7 "§" */
    0x1, 0xff, 0x0, 0x1f, 0xff, 0x1, 0xff, 0xff,
    0xf, 0xff, 0xfe, 0x3f, 0x83, 0xf9, 0xfc, 0x7,
    0xf7, 0xe0, 0xf, 0xdf, 0x80, 0x3f, 0x7e, 0x0,
    0x1, 0xfc, 0x0, 0x7, 0xfc, 0x0, 0xf, 0xfe,
    0x0, 0x1f, 0xff, 0x0, 0xff, 0xff, 0x7, 0xff,
    0xff, 0x1f, 0xbf, 0xfe, 0xfc, 0x1f, 0xfb, 0xf0,
    0xf, 0xff, 0xc0, 0x1f, 0xff, 0x80, 0x3f, 0xff,
    0x0, 0xfd, 0xff, 0x3, 0xf7, 0xff, 0x9f, 0xcf,
    0xff, 0xfe, 0x1f, 0xff, 0xf0, 0x3f, 0xff, 0xc0,
    0x1f, 0xff, 0x80, 0xf, 0xfe, 0x0, 0x7, 0xfc,
    0x0, 0x7, 0xf0, 0x0, 0xf, 0xff, 0x0, 0x3f,
    0xfc, 0x0, 0xff, 0xf8, 0x7, 0xf7, 0xf0, 0x3f,
    0x9f, 0xff, 0xfe, 0x3f, 0xff, 0xf0, 0x3f, 0xff,
    0x0, 0x1f, 0xf0, 0x0,

    /* U+00A8 "¨" */
    0x78, 0x1e, 0xfc, 0x3f, 0xfc, 0x3f, 0x78, 0x1e,

    /* U+00A9 "©" */
    0x0, 0x1f, 0xc0, 0x0, 0x7, 0xff, 0xc0, 0x0,
    0xf8, 0xf, 0x0, 0xf, 0x0, 0x1e, 0x0, 0xe0,
    0x0, 0x38, 0xe, 0x0, 0x0, 0xe0, 0x60, 0x7e,
    0x3, 0x6, 0x7, 0xfc, 0xc, 0x70, 0x7f, 0xf0,
    0x63, 0x7, 0x87, 0x81, 0x98, 0x38, 0xe, 0xd,
    0xc3, 0xc0, 0x70, 0x7c, 0x1c, 0x3, 0x81, 0xe0,
    0xe0, 0x0, 0xf, 0x7, 0x0, 0x0, 0x78, 0x38,
    0x0, 0x3, 0xc1, 0xc0, 0x0, 0x1e, 0xe, 0x0,
    0x0, 0xf0, 0x70, 0xe, 0x7, 0xc3, 0xc0, 0x70,
    0x76, 0xe, 0x3, 0x83, 0x30, 0x78, 0x78, 0x19,
    0xc1, 0xff, 0xc1, 0x86, 0x7, 0xfc, 0xc, 0x18,
    0x1f, 0x80, 0xc0, 0xe0, 0x0, 0xe, 0x3, 0x80,
    0x0, 0xe0, 0xf, 0x0, 0x1e, 0x0, 0x1e, 0x3,
    0xe0, 0x0, 0x7f, 0xfc, 0x0, 0x0, 0x7f, 0x0,
    0x0,

    /* U+00AA "ª" */
    0x1f, 0xc1, 0xff, 0x87, 0xff, 0x3e, 0x3e, 0x70,
    0x78, 0x1, 0xe1, 0xff, 0x9f, 0xfe, 0x7f, 0xfb,
    0xe1, 0xef, 0x7, 0xbc, 0x1e, 0xf8, 0xfb, 0xff,
    0xe7, 0xff, 0x8f, 0xde,

    /* U+00AB "«" */
    0x7, 0x87, 0x87, 0x87, 0x87, 0xc7, 0x83, 0xc3,
    0xc3, 0xc3, 0xc3, 0xe3, 0xe3, 0xe3, 0xe1, 0xe1,
    0xe0, 0x78, 0xf8, 0x3e, 0x3c, 0xf, 0xf, 0x7,
    0xc7, 0xc1, 0xe1, 0xe0, 0x78, 0x78, 0x3c, 0x3c,
    0xf, 0xf,

    /* U+00AC "¬" */
    0xff, 0xff, 0xff, 0xff, 0xff, 0xff, 0xe0, 0x0,
    0xf0, 0x0, 0x78, 0x0, 0x3c, 0x0, 0x1e, 0x0,
    0xf, 0x0, 0x7, 0x80,

    /* U+00AD "­" */
    0xff, 0xff, 0xff, 0xff, 0xff, 0xff,

    /* U+00AE "®" */
    0x0, 0x1f, 0xc0, 0x0, 0x7, 0xff, 0xc0, 0x0,
    0x78, 0xf, 0x0, 0xf, 0x0, 0x1e, 0x0, 0xe0,
    0x0, 0x38, 0xe, 0x0, 0x0, 0xe0, 0x60, 0x0,
    0x3, 0x6, 0xf, 0xf8, 0xc, 0x70, 0x7f, 0xf0,
    0x63, 0x3, 0x83, 0x81, 0x98, 0x1c, 0xe, 0xd,
    0xc0, 0xe0, 0x70, 0x7c, 0x7, 0x3, 0x81, 0xe0,
    0x38, 0x3c, 0xf, 0x1, 0xff, 0xc0, 0x78, 0xf,
    0xfc, 0x3, 0xc0, 0x7f, 0xf0, 0x1e, 0x3, 0x83,
    0x80, 0xf0, 0x1c, 0xe, 0x7, 0xc0, 0xe0, 0x70,
    0x76, 0x7, 0x3, 0x83, 0x30, 0x38, 0x1c, 0x19,
    0xc1, 0xc0, 0xe1, 0x86, 0xe, 0x7, 0xc, 0x18,
    0x0, 0x0, 0xc0, 0xe0, 0x0, 0xe, 0x3, 0x80,
    0x0, 0xe0, 0xf, 0x0, 0x1e, 0x0, 0x1e, 0x3,
    0xe0, 0x0, 0x7f, 0xfc, 0x0, 0x0, 0x7f, 0x0,
    0x0,

    /* U+00AF "¯" */
    0xff, 0xff, 0xff, 0xff, 0xff, 0xc0,

    /* U+00B0 "°" */
    0x1f, 0x7, 0xf1, 0xff, 0x78, 0xfe, 0xf, 0xc1,
    0xf8, 0x3f, 0x8f, 0x7f, 0xc7, 0xf0, 0x7c, 0x0,

    /* U+00B1 "±" */
    0x1, 0xf0, 0x0, 0x1f, 0x0, 0x1, 0xf0, 0x0,
    0x1f, 0x0, 0x1, 0xf0, 0x0, 0x1f, 0x0, 0x1,
    0xf0, 0x0, 0x1f, 0x0, 0xff, 0xff, 0xff, 0xff,
    0xff, 0xff, 0xff, 0xff, 0xff, 0xff, 0x1, 0xf0,
    0x0, 0x1f, 0x0, 0x1, 0xf0, 0x0, 0x1f, 0x0,
    0x1, 0xf0, 0x0, 0x1f, 0x0, 0x1, 0xf0, 0x0,
    0x1f, 0x0, 0x1, 0xf0, 0x0, 0x0, 0x0, 0x0,
    0x0, 0x7, 0xff, 0xfe, 0x7f, 0xff, 0xe7, 0xff,
    0xfe, 0x7f, 0xff, 0xe0,

    /* U+00B2 "²" */
    0x1f, 0x81, 0xff, 0x1f, 0xf9, 0xf1, 0xef, 0xf,
    0x0, 0x78, 0x7, 0xc0, 0x7c, 0x7, 0xe0, 0x7e,
    0x7, 0xc0, 0x7c, 0x7, 0xc0, 0x7f, 0xff, 0xff,
    0xff, 0xff,

    /* U+00B3 "³" */
    0x1f, 0xc1, 0xff, 0x9f, 0xff, 0xf1, 0xf0, 0x7,
    0x80, 0x7c, 0x3f, 0xc1, 0xf8, 0xf, 0xf0, 0x7,
    0xc0, 0x1f, 0xe0, 0xff, 0x8f, 0xbf, 0xf9, 0xff,
    0x83, 0xf0,

    /* U+00B4 "´" */
    0xf, 0xc3, 0xf0, 0xfc, 0x1f, 0x7, 0xc1, 0xf0,
    0x0,

    /* U+00B5 "µ" */
    0xfc, 0x3, 0xff, 0xc0, 0x3f, 0xfc, 0x3, 0xff,
    0xc0, 0x3f, 0xfc, 0x3, 0xff, 0xc0, 0x3f, 0xfc,
    0x3, 0xff, 0xc0, 0x3f, 0xfc, 0x3, 0xff, 0xc0,
    0x3f, 0xfc, 0x3, 0xff, 0xc0, 0x3f, 0xfc, 0x3,
    0xff, 0xc0, 0x3f, 0xfc, 0x3, 0xff, 0xc0, 0x3f,
    0xfc, 0x3, 0xff, 0xe0, 0x3f, 0xff, 0xf, 0xff,
    0xff, 0xff, 0xff, 0xff, 0xff, 0xff, 0xff, 0xfd,
    0xf3, 0xff, 0xc0, 0x0, 0xfc, 0x0, 0xf, 0xc0,
    0x0, 0xfc, 0x0, 0xf, 0xc0, 0x0, 0xfc, 0x0,
    0xf, 0xc0, 0x0, 0xfc, 0x0, 0xf, 0xc0, 0x0,

    /* U+00B6 "¶" */
    0x3, 0xff, 0xf, 0xff, 0x1f, 0xff, 0x3f, 0xff,
    0x7f, 0xff, 0x7f, 0xff, 0xff, 0xff, 0xff, 0xff,
    0xff, 0xff, 0xff, 0xff, 0xff, 0xff, 0xff, 0xff,
    0xff, 0xff, 0x7f, 0xff, 0x7f, 0xff, 0x3f, 0xff,
    0x1f, 0xff, 0xf, 0xff, 0x3, 0xff, 0x0, 0xf,
    0x0, 0xf, 0x0, 0xf, 0x0, 0xf, 0x0, 0xf,
    0x0, 0xf, 0x0, 0xf, 0x0, 0xf, 0x0, 0xf,
    0x0, 0xf, 0x0, 0xf,

    /* U+00B7 "·" */
    0x7b, 0xff, 0xff, 0xfd, 0xe0,

    /* U+00B8 "¸" */
    0xf8, 0xfc, 0xfe, 0x3f, 0x1f, 0x1f, 0x3f, 0xfe,
    0xfc, 0xf0,

    /* U+00B9 "¹" */
    0x3, 0x1f, 0xff, 0xff, 0xff, 0xf, 0xf, 0xf,
    0xf, 0xf, 0xf, 0xf, 0xf, 0xf, 0xf, 0xf,

    /* U+00BA "º" */
    0xf, 0xc0, 0xff, 0xc7, 0xff, 0x9e, 0x1e, 0xf8,
    0x7f, 0xc0, 0xff, 0x3, 0xfc, 0xf, 0xf0, 0x3f,
    0xc0, 0xff, 0x3, 0xfe, 0x1f, 0x78, 0x79, 0xff,
    0xe3, 0xff, 0x3, 0xf0,

    /* U+00BB "»" */
    0xf0, 0xf0, 0x3c, 0x3c, 0x1e, 0x1e, 0x7, 0x87,
    0x81, 0xe1, 0xe0, 0xf8, 0xf8, 0x3c, 0x3c, 0x1f,
    0x1f, 0xf, 0x8f, 0x8f, 0x8f, 0x87, 0x87, 0x87,
    0xc7, 0xc3, 0xc3, 0xc3, 0xc3, 0xc1, 0xe1, 0xe1,
    0xe1, 0xe0,

    /* U+00BC "¼" */
    0x1, 0x0, 0x0, 0x1, 0xe0, 0x0, 0x1, 0xfc,
    0x0, 0x0, 0x7f, 0x80, 0xc, 0xf, 0xf0, 0x3,
    0xc1, 0x9e, 0x0, 0x78, 0x3, 0xc0, 0x1e, 0x0,
    0x78, 0x3, 0x80, 0xf, 0x0, 0xf0, 0x1, 0xe0,
    0x3c, 0x0, 0x3c, 0x7, 0x0, 0x7, 0x81, 0xe0,
    0x0, 0xf0, 0x78, 0x0, 0x1e, 0xf, 0x0, 0x3,
    0xc3, 0xc1, 0xe0, 0x78, 0xf0, 0x7c, 0xf, 0x1e,
    0x1f, 0x80, 0x7, 0x87, 0xf0, 0x0, 0xe0, 0xfe,
    0x0, 0x3c, 0x3f, 0xc0, 0xf, 0xf, 0x78, 0x1,
    0xe3, 0xcf, 0x0, 0x78, 0x79, 0xe0, 0x1e, 0x1e,
    0x3c, 0x3, 0xc7, 0xff, 0xe0, 0xf0, 0xff, 0xfc,
    0x1c, 0xf, 0xff, 0x80, 0x80, 0x3, 0xc0, 0x0,
    0x0, 0x78, 0x0, 0x0, 0xf, 0x0, 0x0, 0x1,
    0xe0,

    /* U+00BD "½" */
    0x1, 0x0, 0x0, 0x0, 0x78, 0x0, 0x0, 0x1f,
    0xc0, 0x0, 0x1, 0xfe, 0x0, 0x60, 0xf, 0xf0,
    0x3, 0xc0, 0x77, 0x80, 0x3c, 0x0, 0x3c, 0x1,
    0xc0, 0x1, 0xe0, 0x1e, 0x0, 0xf, 0x1, 0xe0,
    0x0, 0x78, 0xf, 0x0, 0x3, 0xc0, 0xf0, 0x0,
    0x1e, 0x7, 0x0, 0x0, 0xf0, 0x78, 0x0, 0x7,
    0x87, 0x80, 0x0, 0x3c, 0x3c, 0x7e, 0x1, 0xe3,
    0xc7, 0xf8, 0x0, 0x1c, 0x7f, 0xe0, 0x1, 0xe7,
    0xcf, 0x80, 0x1e, 0x3c, 0x3c, 0x0, 0xf1, 0xe1,
    0xe0, 0xf, 0x0, 0x1f, 0x0, 0x70, 0x0, 0xf8,
    0x7, 0x80, 0xf, 0x80, 0x78, 0x0, 0xf8, 0x3,
    0xc0, 0xf, 0x80, 0x3c, 0x0, 0xf8, 0x3, 0xc0,
    0xf, 0x80, 0x1e, 0x0, 0xf8, 0x0, 0x20, 0xf,
    0xff, 0x80, 0x0, 0x7f, 0xfc, 0x0, 0x3, 0xff,
    0xe0,

    /* U+00BE "¾" */
    0x1f, 0xc0, 0x0, 0x0, 0xff, 0x80, 0x0, 0x7,
    0xff, 0x0, 0x0, 0x3e, 0x3e, 0x0, 0xc0, 0x0,
    0x78, 0x7, 0x80, 0x1, 0xe0, 0x1e, 0x0, 0xf,
    0x80, 0xf0, 0x3, 0xfc, 0x3, 0x80, 0xf, 0xc0,
    0x1e, 0x0, 0x3f, 0xc0, 0xf0, 0x0, 0x7, 0x83,
    0xc0, 0x0, 0x1e, 0x1e, 0x0, 0xf8, 0xf8, 0x70,
    0x3, 0xff, 0xe3, 0xc0, 0x7, 0xff, 0x1e, 0x1f,
    0x7, 0xf0, 0x70, 0x7c, 0x0, 0x3, 0xc3, 0xf0,
    0x0, 0x1e, 0x1f, 0xc0, 0x0, 0x78, 0xff, 0x0,
    0x3, 0xc3, 0xfc, 0x0, 0xe, 0x1e, 0xf0, 0x0,
    0x78, 0xf3, 0xc0, 0x3, 0xc3, 0xcf, 0x0, 0xf,
    0x1e, 0x3c, 0x0, 0x78, 0xff, 0xfc, 0x1, 0xc1,
    0xff, 0xf0, 0xf, 0x7, 0xff, 0xc0, 0x8, 0x0,
    0x3c, 0x0, 0x0, 0x0, 0xf0, 0x0, 0x0, 0x3,
    0xc0, 0x0, 0x0, 0xf, 0x0,

    /* U+00BF "¿" */
    0x0, 0xf0, 0x0, 0x3f, 0x0, 0x7, 0xe0, 0x0,
    0xfc, 0x0, 0x1f, 0x80, 0x1, 0xe0, 0x0, 0x0,
    0x0, 0x0, 0x0, 0x0, 0x0, 0x0, 0x3e, 0x0,
    0x7, 0xc0, 0x0, 0xf8, 0x0, 0x3f, 0x0, 0x7,
    0xe0, 0x1, 0xf8, 0x0, 0x7f, 0x0, 0x1f, 0xc0,
    0x7, 0xf0, 0x1, 0xfc, 0x0, 0x7f, 0x0, 0xf,
    0xc0, 0x1, 0xf8, 0x0, 0x3f, 0x1, 0xff, 0xe0,
    0x3f, 0xfc, 0xf, 0xef, 0xc3, 0xf9, 0xff, 0xff,
    0x1f, 0xff, 0xc1, 0xff, 0xf0, 0xf, 0xf0, 0x0,

    /* U+00C0 "À" */
    0x1, 0xf8, 0x0, 0x0, 0xf, 0xc0, 0x0, 0x0,
    0x7c, 0x0, 0x0, 0x3, 0xe0, 0x0, 0x0, 0x3f,
    0x0, 0x0, 0x1, 0xf0, 0x0, 0x0, 0x0, 0x0,
    0x0, 0x0, 0x0, 0x0, 0x0, 0x1f, 0x80, 0x0,
    0x3, 0xf8, 0x0, 0x0, 0x3f, 0xc0, 0x0, 0x3,
    0xfc, 0x0, 0x0, 0x7f, 0xc0, 0x0, 0x7, 0xfe,
    0x0, 0x0, 0xff, 0xe0, 0x0, 0xf, 0xff, 0x0,
    0x0, 0xfb, 0xf0, 0x0, 0x1f, 0x9f, 0x0, 0x1,
    0xf9, 0xf8, 0x0, 0x1f, 0x1f, 0x80, 0x3, 0xf0,
    0xf8, 0x0, 0x3f, 0xf, 0xc0, 0x7, 0xe0, 0xfc,
    0x0, 0x7e, 0x7, 0xe0, 0x7, 0xe0, 0x7e, 0x0,
    0xfc, 0x7, 0xe0, 0xf, 0xc0, 0x3f, 0x0, 0xff,
    0xff, 0xf0, 0x1f, 0xff, 0xff, 0x1, 0xff, 0xff,
    0xf8, 0x1f, 0xff, 0xff, 0x83, 0xf0, 0x1, 0xf8,
    0x3f, 0x0, 0xf, 0xc7, 0xf0, 0x0, 0xfc, 0x7e,
    0x0, 0xf, 0xe7, 0xe0, 0x0, 0x7e, 0xfe, 0x0,
    0x7, 0xef, 0xc0, 0x0, 0x7f,

    /* U+00C1 "Á" */
    0x0, 0x1, 0xf8, 0x0, 0x0, 0x3f, 0x0, 0x0,
    0x7, 0xe0, 0x0, 0x0, 0x7c, 0x0, 0x0, 0xf,
    0x80, 0x0, 0x1, 0xf0, 0x0, 0x0, 0x0, 0x0,
    0x0, 0x0, 0x0, 0x0, 0x0, 0x1f, 0x80, 0x0,
    0x3, 0xf8, 0x0, 0x0, 0x3f, 0xc0, 0x0, 0x3,
    0xfc, 0x0, 0x0, 0x7f, 0xc0, 0x0, 0x7, 0xfe,
    0x0, 0x0, 0xff, 0xe0, 0x0, 0xf, 0xff, 0x0,
    0x0, 0xfb, 0xf0, 0x0, 0x1f, 0x9f, 0x0, 0x1,
    0xf9, 0xf8, 0x0, 0x1f, 0x1f, 0x80, 0x3, 0xf0,
    0xf8, 0x0, 0x3f, 0xf, 0xc0, 0x7, 0xe0, 0xfc,
    0x0, 0x7e, 0x7, 0xe0, 0x7, 0xe0, 0x7e, 0x0,
    0xfc, 0x7, 0xe0, 0xf, 0xc0, 0x3f, 0x0, 0xff,
    0xff, 0xf0, 0x1f, 0xff, 0xff, 0x1, 0xff, 0xff,
    0xf8, 0x1f, 0xff, 0xff, 0x83, 0xf0, 0x1, 0xf8,
    0x3f, 0x0, 0xf, 0xc7, 0xf0, 0x0, 0xfc, 0x7e,
    0x0, 0xf, 0xe7, 0xe0, 0x0, 0x7e, 0xfe, 0x0,
    0x7, 0xef, 0xc0, 0x0, 0x7f,

    /* U+00C2 "Â" */
    0x0, 0xf, 0x0, 0x0, 0x1, 0xf8, 0x0, 0x0,
    0x3f, 0xc0, 0x0, 0x7, 0xfe, 0x0, 0x0, 0xf9,
    0xf0, 0x0, 0x1f, 0xf, 0x80, 0x3, 0xe0, 0x7c,
    0x0, 0x0, 0x0, 0x0, 0x0, 0x0, 0x0, 0x0,
    0x1, 0xf8, 0x0, 0x0, 0x3f, 0x80, 0x0, 0x3,
    0xfc, 0x0, 0x0, 0x3f, 0xc0, 0x0, 0x7, 0xfc,
    0x0, 0x0, 0x7f, 0xe0, 0x0, 0xf, 0xfe, 0x0,
    0x0, 0xff, 0xf0, 0x0, 0xf, 0xbf, 0x0, 0x1,
    0xf9, 0xf0, 0x0, 0x1f, 0x9f, 0x80, 0x1, 0xf1,
    0xf8, 0x0, 0x3f, 0xf, 0x80, 0x3, 0xf0, 0xfc,
    0x0, 0x7e, 0xf, 0xc0, 0x7, 0xe0, 0x7e, 0x0,
    0x7e, 0x7, 0xe0, 0xf, 0xc0, 0x7e, 0x0, 0xfc,
    0x3, 0xf0, 0xf, 0xff, 0xff, 0x1, 0xff, 0xff,
    0xf0, 0x1f, 0xff, 0xff, 0x81, 0xff, 0xff, 0xf8,
    0x3f, 0x0, 0x1f, 0x83, 0xf0, 0x0, 0xfc, 0x7f,
    0x0, 0xf, 0xc7, 0xe0, 0x0, 0xfe, 0x7e, 0x0,
    0x7, 0xef, 0xe0, 0x0, 0x7e, 0xfc, 0x0, 0x7,
    0xf0,

    /* U+00C3 "Ã" */
    0x0, 0x78, 0x38, 0x0, 0x3f, 0x8f, 0x0, 0x7,
    0xff, 0xc0, 0x1, 0xff, 0xf8, 0x0, 0x38, 0x7e,
    0x0, 0x0, 0x0, 0x0, 0x0, 0x0, 0x0, 0x0,
    0x0, 0x0, 0x0, 0x0, 0x3f, 0x80, 0x0, 0x7,
    0xf0, 0x0, 0x0, 0xfe, 0x0, 0x0, 0x3f, 0xe0,
    0x0, 0x7, 0xfc, 0x0, 0x1, 0xff, 0x80, 0x0,
    0x3f, 0xf8, 0x0, 0x7, 0xff, 0x0, 0x1, 0xfb,
    0xf0, 0x0, 0x3f, 0x7e, 0x0, 0x7, 0xef, 0xc0,
    0x1, 0xf8, 0xfc, 0x0, 0x3f, 0x1f, 0x80, 0x7,
    0xe3, 0xf0, 0x1, 0xf8, 0x3f, 0x0, 0x3f, 0x7,
    0xe0, 0x7, 0xe0, 0xfc, 0x1, 0xf8, 0xf, 0xc0,
    0x3f, 0x1, 0xf8, 0xf, 0xff, 0xff, 0x1, 0xff,
    0xff, 0xf0, 0x3f, 0xff, 0xfe, 0xf, 0xff, 0xff,
    0xe1, 0xf8, 0x0, 0xfc, 0x3f, 0x0, 0x1f, 0x8f,
    0xe0, 0x3, 0xf9, 0xf8, 0x0, 0x3f, 0x3f, 0x0,
    0x7, 0xef, 0xe0, 0x0, 0xff, 0xf8, 0x0, 0xf,
    0xc0,

    /* U+00C4 "Ä" */
    0x1, 0xe0, 0x78, 0x0, 0x3f, 0xf, 0xc0, 0x3,
    0xf0, 0xfc, 0x0, 0x1e, 0x7, 0x80, 0x0, 0x0,
    0x0, 0x0, 0x0, 0x0, 0x0, 0x0, 0x0, 0x0,
    0x0, 0x0, 0x0, 0x0, 0x0, 0x1f, 0x80, 0x0,
    0x1, 0xf8, 0x0, 0x0, 0x3f, 0xc0, 0x0, 0x3,
    0xfc, 0x0, 0x0, 0x3f, 0xc0, 0x0, 0x7, 0xfe,
    0x0, 0x0, 0x7f, 0xe0, 0x0, 0xf, 0xfe, 0x0,
    0x0, 0xfb, 0xf0, 0x0, 0xf, 0x9f, 0x0, 0x1,
    0xf9, 0xf8, 0x0, 0x1f, 0x1f, 0x80, 0x3, 0xf0,
    0xf8, 0x0, 0x3f, 0xf, 0xc0, 0x3, 0xe0, 0xfc,
    0x0, 0x7e, 0x7, 0xe0, 0x7, 0xe0, 0x7e, 0x0,
    0x7e, 0x7, 0xe0, 0xf, 0xc0, 0x3f, 0x0, 0xff,
    0xff, 0xf0, 0x1f, 0xff, 0xff, 0x1, 0xff, 0xff,
    0xf8, 0x1f, 0xff, 0xff, 0x83, 0xf8, 0x1, 0xfc,
    0x3f, 0x0, 0xf, 0xc7, 0xf0, 0x0, 0xfc, 0x7f,
    0x0, 0xf, 0xe7, 0xe0, 0x0, 0x7e, 0xfe, 0x0,
    0x7, 0xff, 0xe0, 0x0, 0x7f,

    /* U+00C5 "Å" */
    0x0, 0x1f, 0x0, 0x0, 0x3, 0xf8, 0x0, 0x0,
    0x71, 0xc0, 0x0, 0x6, 0xc, 0x0, 0x0, 0x60,
    0xc0, 0x0, 0x7, 0x1c, 0x0, 0x0, 0x3f, 0x80,
    0x0, 0x1, 0xf0, 0x0, 0x0, 0x0, 0x0, 0x0,
    0x0, 0x0, 0x0, 0x0, 0x3f, 0x80, 0x0, 0x3,
    0xf8, 0x0, 0x0, 0x7f, 0x80, 0x0, 0x7, 0xfc,
    0x0, 0x0, 0x7f, 0xc0, 0x0, 0xf, 0xfe, 0x0,
    0x0, 0xff, 0xe0, 0x0, 0xf, 0xfe, 0x0, 0x1,
    0xfb, 0xf0, 0x0, 0x1f, 0xbf, 0x0, 0x1, 0xfb,
    0xf0, 0x0, 0x3f, 0x1f, 0x80, 0x3, 0xf1, 0xf8,
    0x0, 0x3f, 0xf, 0xc0, 0x7, 0xe0, 0xfc, 0x0,
    0x7e, 0xf, 0xc0, 0xf, 0xe0, 0x7e, 0x0, 0xfc,
    0x7, 0xe0, 0xf, 0xc0, 0x7f, 0x1, 0xff, 0xff,
    0xf0, 0x1f, 0xff, 0xff, 0x1, 0xff, 0xff, 0xf8,
    0x3f, 0xff, 0xff, 0x83, 0xf0, 0x1, 0xf8, 0x3f,
    0x0, 0x1f, 0xc7, 0xf0, 0x0, 0xfc, 0x7e, 0x0,
    0xf, 0xe7, 0xe0, 0x0, 0xfe, 0xfe, 0x0, 0x7,
    0xef, 0xc0, 0x0, 0x7f,

    /* U+00C6 "Æ" */
    0x0, 0x0, 0xff, 0xff, 0xf8, 0x0, 0x7, 0xff,
    0xff, 0xe0, 0x0, 0x1f, 0xff, 0xff, 0x80, 0x0,
    0xff, 0xff, 0xfe, 0x0, 0x3, 0xff, 0x80, 0x0,
    0x0, 0x1f, 0xfe, 0x0, 0x0, 0x0, 0x7f, 0xf8,
    0x0, 0x0, 0x3, 0xf7, 0xe0, 0x0, 0x0, 0xf,
    0xdf, 0x80, 0x0, 0x0, 0x7e, 0x7e, 0x0, 0x0,
    0x3, 0xf9, 0xf8, 0x0, 0x0, 0xf, 0xc7, 0xe0,
    0x0, 0x0, 0x7f, 0x1f, 0xff, 0xe0, 0x1, 0xf8,
    0x7f, 0xff, 0x80, 0xf, 0xe1, 0xff, 0xfe, 0x0,
    0x3f, 0x7, 0xff, 0xf8, 0x1, 0xfc, 0x1f, 0x80,
    0x0, 0x7, 0xe0, 0x7e, 0x0, 0x0, 0x3f, 0xff,
    0xf8, 0x0, 0x0, 0xff, 0xff, 0xe0, 0x0, 0x7,
    0xff, 0xff, 0x80, 0x0, 0x1f, 0xff, 0xfe, 0x0,
    0x0, 0xfe, 0x0, 0xf8, 0x0, 0x7, 0xf0, 0x3,
    0xe0, 0x0, 0x1f, 0xc0, 0xf, 0x80, 0x0, 0xfe,
    0x0, 0x3e, 0x0, 0x3, 0xf8, 0x0, 0xff, 0xff,
    0xdf, 0xc0, 0x3, 0xff, 0xff, 0x7f, 0x0, 0xf,
    0xff, 0xff, 0xf8, 0x0, 0x3f, 0xff, 0xf0,

    /* U+00C7 "Ç" */
    0x0, 0x7f, 0x0, 0x3, 0xff, 0xe0, 0x7, 0xff,
    0xf8, 0xf, 0xff, 0xfc, 0x1f, 0xc1, 0xfc, 0x3f,
    0x0, 0x7e, 0x3e, 0x0, 0x7e, 0x7e, 0x0, 0x3f,
    0x7e, 0x0, 0x3f, 0xfc, 0x0, 0x3f, 0xfc, 0x0,
    0x0, 0xfc, 0x0, 0x0, 0xfc, 0x0, 0x0, 0xfc,
    0x0, 0x0, 0xfc, 0x0, 0x0, 0xfc, 0x0, 0x0,
    0xfc, 0x0, 0x0, 0xfc, 0x0, 0x0, 0xfc, 0x0,
    0x0, 0xfc, 0x0, 0x3f, 0xfe, 0x0, 0x3f, 0x7e,
    0x0, 0x3f, 0x7f, 0x0, 0x7f, 0x7f, 0x0, 0xfe,
    0x3f, 0xe3, 0xfe, 0x1f, 0xff, 0xfc, 0x1f, 0xff,
    0xf8, 0x7, 0xff, 0xf0, 0x3, 0xff, 0xe0, 0x0,
    0xff, 0x0, 0x0, 0x7c, 0x0, 0x0, 0x7f, 0x0,
    0x0, 0x7f, 0x80, 0x0, 0xf, 0x80, 0x0, 0xf,
    0x80, 0x0, 0x1f, 0x80, 0x0, 0x3f, 0x0, 0x0,
    0x3e, 0x0, 0x0, 0x3c, 0x0,

    /* U+00C8 "È" */
    0x1f, 0x80, 0x0, 0xfc, 0x0, 0x7, 0xe0, 0x0,
    0x3f, 0x0, 0x1, 0xf0, 0x0, 0xf, 0x80, 0x0,
    0x0, 0x0, 0x0, 0x0, 0xff, 0xff, 0xff, 0xff,
    0xff, 0xff, 0xff, 0xff, 0xff, 0xff, 0xfc, 0x0,
    0xf, 0xc0, 0x0, 0xfc, 0x0, 0xf, 0xc0, 0x0,
    0xfc, 0x0, 0xf, 0xc0, 0x0, 0xfc, 0x0, 0xf,
    0xc0, 0x0, 0xff, 0xff, 0xcf, 0xff, 0xfc, 0xff,
    0xff, 0xcf, 0xff, 0xfc, 0xfc, 0x0, 0xf, 0xc0,
    0x0, 0xfc, 0x0, 0xf, 0xc0, 0x0, 0xfc, 0x0,
    0xf, 0xc0, 0x0, 0xfc, 0x0, 0xf, 0xc0, 0x0,
    0xfc, 0x0, 0xf, 0xc0, 0x0, 0xff, 0xff, 0xff,
    0xff, 0xff, 0xff, 0xff, 0xff, 0xff, 0xff,

    /* U+00C9 "É" */
    0x0, 0x1f, 0xc0, 0x3, 0xf8, 0x0, 0x3f, 0x0,
    0x7, 0xe0, 0x0, 0xfc, 0x0, 0xf, 0x80, 0x0,
    0x0, 0x0, 0x0, 0x0, 0xff, 0xff, 0xff, 0xff,
    0xff, 0xff, 0xff, 0xff, 0xff, 0xff, 0xfc, 0x0,
    0xf, 0xc0, 0x0, 0xfc, 0x0, 0xf, 0xc0, 0x0,
    0xfc, 0x0, 0xf, 0xc0, 0x0, 0xfc, 0x0, 0xf,
    0xc0, 0x0, 0xff, 0xff, 0xcf, 0xff, 0xfc, 0xff,
    0xff, 0xcf, 0xff, 0xfc, 0xfc, 0x0, 0xf, 0xc0,
    0x0, 0xfc, 0x0, 0xf, 0xc0, 0x0, 0xfc, 0x0,
    0xf, 0xc0, 0x0, 0xfc, 0x0, 0xf, 0xc0, 0x0,
    0xfc, 0x0, 0xf, 0xc0, 0x0, 0xff, 0xff, 0xff,
    0xff, 0xff, 0xff, 0xff, 0xff, 0xff, 0xff,

    /* U+00CA "Ê" */
    0x0, 0x70, 0x0, 0x1f, 0x80, 0x3, 0xfc, 0x0,
    0x7f, 0xe0, 0xf, 0x9f, 0x1, 0xf0, 0xf8, 0x3e,
    0x3, 0xc0, 0x0, 0x0, 0x0, 0x0, 0xf, 0xff,
    0xff, 0xff, 0xff, 0xff, 0xff, 0xff, 0xff, 0xff,
    0xff, 0xc0, 0x0, 0xfc, 0x0, 0xf, 0xc0, 0x0,
    0xfc, 0x0, 0xf, 0xc0, 0x0, 0xfc, 0x0, 0xf,
    0xc0, 0x0, 0xfc, 0x0, 0xf, 0xff, 0xfc, 0xff,
    0xff, 0xcf, 0xff, 0xfc, 0xff, 0xff, 0xcf, 0xc0,
    0x0, 0xfc, 0x0, 0xf, 0xc0, 0x0, 0xfc, 0x0,
    0xf, 0xc0, 0x0, 0xfc, 0x0, 0xf, 0xc0, 0x0,
    0xfc, 0x0, 0xf, 0xc0, 0x0, 0xfc, 0x0, 0xf,
    0xff, 0xff, 0xff, 0xff, 0xff, 0xff, 0xff, 0xff,
    0xff, 0xf0,

    /* U+00CB "Ë" */
    0x1e, 0x7, 0x83, 0xf0, 0xfc, 0x3f, 0xf, 0xc1,
    0xe0, 0x78, 0x0, 0x0, 0x0, 0x0, 0x0, 0x0,
    0x0, 0xf, 0xff, 0xff, 0xff, 0xff, 0xff, 0xff,
    0xff, 0xff, 0xff, 0xff, 0xc0, 0x0, 0xfc, 0x0,
    0xf, 0xc0, 0x0, 0xfc, 0x0, 0xf, 0xc0, 0x0,
    0xfc, 0x0, 0xf, 0xc0, 0x0, 0xfc, 0x0, 0xf,
    0xff, 0xfc, 0xff, 0xff, 0xcf, 0xff, 0xfc, 0xff,
    0xff, 0xcf, 0xc0, 0x0, 0xfc, 0x0, 0xf, 0xc0,
    0x0, 0xfc, 0x0, 0xf, 0xc0, 0x0, 0xfc, 0x0,
    0xf, 0xc0, 0x0, 0xfc, 0x0, 0xf, 0xc0, 0x0,
    0xfc, 0x0, 0xf, 0xff, 0xff, 0xff, 0xff, 0xff,
    0xff, 0xff, 0xff, 0xff, 0xf0,

    /* U+00CC "Ì" */
    0x7e, 0x7, 0xe0, 0x7e, 0x7, 0xc0, 0x7c, 0x7,
    0xc0, 0x0, 0x0, 0x7, 0xe0, 0xfc, 0x1f, 0x83,
    0xf0, 0x7e, 0xf, 0xc1, 0xf8, 0x3f, 0x7, 0xe0,
    0xfc, 0x1f, 0x83, 0xf0, 0x7e, 0xf, 0xc1, 0xf8,
    0x3f, 0x7, 0xe0, 0xfc, 0x1f, 0x83, 0xf0, 0x7e,
    0xf, 0xc1, 0xf8, 0x3f, 0x7, 0xe0, 0xfc, 0x1f,
    0x83, 0xf0, 0x7e, 0xf, 0xc0,

    /* U+00CD "Í" */
    0xf, 0xc3, 0xf0, 0x7c, 0x1f, 0x7, 0xc0, 0xf0,
    0x0, 0x0, 0x0, 0xfc, 0x1f, 0x83, 0xf0, 0x7e,
    0xf, 0xc1, 0xf8, 0x3f, 0x7, 0xe0, 0xfc, 0x1f,
    0x83, 0xf0, 0x7e, 0xf, 0xc1, 0xf8, 0x3f, 0x7,
    0xe0, 0xfc, 0x1f, 0x83, 0xf0, 0x7e, 0xf, 0xc1,
    0xf8, 0x3f, 0x7, 0xe0, 0xfc, 0x1f, 0x83, 0xf0,
    0x7e, 0xf, 0xc1, 0xf8, 0x0,

    /* U+00CE "Î" */
    0x3, 0xc0, 0x7, 0xe0, 0xf, 0xf0, 0x1f, 0xf8,
    0x3e, 0x7c, 0x7c, 0x3e, 0xf8, 0x1f, 0x0, 0x0,
    0x0, 0x0, 0x7, 0xe0, 0x7, 0xe0, 0x7, 0xe0,
    0x7, 0xe0, 0x7, 0xe0, 0x7, 0xe0, 0x7, 0xe0,
    0x7, 0xe0, 0x7, 0xe0, 0x7, 0xe0, 0x7, 0xe0,
    0x7, 0xe0, 0x7, 0xe0, 0x7, 0xe0, 0x7, 0xe0,
    0x7, 0xe0, 0x7, 0xe0, 0x7, 0xe0, 0x7, 0xe0,
    0x7, 0xe0, 0x7, 0xe0, 0x7, 0xe0, 0x7, 0xe0,
    0x7, 0xe0, 0x7, 0xe0, 0x7, 0xe0, 0x7, 0xe0,
    0x7, 0xe0, 0x7, 0xe0, 0x7, 0xe0,

    /* U+00CF "Ï" */
    0x78, 0x1e, 0xfc, 0x3f, 0xfc, 0x3f, 0x78, 0x1e,
    0x0, 0x0, 0x0, 0x0, 0x0, 0x0, 0x7, 0xe0,
    0x7, 0xe0, 0x7, 0xe0, 0x7, 0xe0, 0x7, 0xe0,
    0x7, 0xe0, 0x7, 0xe0, 0x7, 0xe0, 0x7, 0xe0,
    0x7, 0xe0, 0x7, 0xe0, 0x7, 0xe0, 0x7, 0xe0,
    0x7, 0xe0, 0x7, 0xe0, 0x7, 0xe0, 0x7, 0xe0,
    0x7, 0xe0, 0x7, 0xe0, 0x7, 0xe0, 0x7, 0xe0,
    0x7, 0xe0, 0x7, 0xe0, 0x7, 0xe0, 0x7, 0xe0,
    0x7, 0xe0, 0x7, 0xe0, 0x7, 0xe0, 0x7, 0xe0,
    0x7, 0xe0,

    /* U+00D0 "Ð" */
    0x1f, 0xff, 0x0, 0x7, 0xff, 0xf8, 0x1, 0xff,
    0xff, 0x80, 0x7f, 0xff, 0xf0, 0x1f, 0x81, 0xfe,
    0x7, 0xe0, 0x1f, 0x81, 0xf8, 0x3, 0xf0, 0x7e,
    0x0, 0x7e, 0x1f, 0x80, 0x1f, 0x87, 0xe0, 0x7,
    0xe1, 0xf8, 0x0, 0xfc, 0x7e, 0x0, 0x3f, 0x1f,
    0x80, 0xf, 0xff, 0xff, 0x3, 0xff, 0xff, 0xc0,
    0xff, 0xff, 0xf0, 0x3f, 0x1f, 0x80, 0xf, 0xc7,
    0xe0, 0x3, 0xf1, 0xf8, 0x0, 0xfc, 0x7e, 0x0,
    0x3f, 0x1f, 0x80, 0x1f, 0x87, 0xe0, 0x7, 0xe1,
    0xf8, 0x1, 0xf8, 0x7e, 0x0, 0xfc, 0x1f, 0x80,
    0x7e, 0x7, 0xe0, 0x7f, 0x81, 0xff, 0xff, 0xc0,
    0x7f, 0xff, 0xc0, 0x1f, 0xff, 0xe0, 0x7, 0xff,
    0xc0, 0x0,

    /* U+00D1 "Ñ" */
    0x0, 0xf0, 0x70, 0x3, 0xf8, 0xf0, 0x3, 0xff,
    0xe0, 0x7, 0xff, 0xe0, 0x7, 0xf, 0xc0, 0x0,
    0x0, 0x0, 0x0, 0x0, 0x0, 0x0, 0x0, 0x0,
    0xfc, 0x0, 0x3f, 0xfe, 0x0, 0x3f, 0xfe, 0x0,
    0x3f, 0xff, 0x0, 0x3f, 0xff, 0x80, 0x3f, 0xff,
    0x80, 0x3f, 0xff, 0xc0, 0x3f, 0xff, 0xc0, 0x3f,
    0xff, 0xe0, 0x3f, 0xff, 0xf0, 0x3f, 0xff, 0xf0,
    0x3f, 0xfd, 0xf8, 0x3f, 0xfc, 0xf8, 0x3f, 0xfc,
    0xfc, 0x3f, 0xfc, 0x7e, 0x3f, 0xfc, 0x7e, 0x3f,
    0xfc, 0x3f, 0x3f, 0xfc, 0x1f, 0x3f, 0xfc, 0x1f,
    0xbf, 0xfc, 0xf, 0xff, 0xfc, 0xf, 0xff, 0xfc,
    0x7, 0xff, 0xfc, 0x3, 0xff, 0xfc, 0x3, 0xff,
    0xfc, 0x1, 0xff, 0xfc, 0x1, 0xff, 0xfc, 0x0,
    0xff, 0xfc, 0x0, 0xff, 0xfc, 0x0, 0x7f, 0xfc,
    0x0, 0x3f,

    /* U+00D2 "Ò" */
    0x7, 0xf0, 0x0, 0x1, 0xf8, 0x0, 0x0, 0x7e,
    0x0, 0x0, 0x1f, 0x80, 0x0, 0x7, 0xc0, 0x0,
    0x1, 0xf0, 0x0, 0x0, 0x0, 0x0, 0x0, 0x0,
    0x0, 0x0, 0x0, 0x0, 0x0, 0x3f, 0x80, 0x0,
    0xff, 0xf8, 0x0, 0xff, 0xfe, 0x0, 0xff, 0xff,
    0x80, 0xfe, 0xf, 0xe0, 0xfe, 0x3, 0xf8, 0x7e,
    0x0, 0xfc, 0x7e, 0x0, 0x3f, 0x3f, 0x0, 0x1f,
    0x9f, 0x80, 0xf, 0xdf, 0x80, 0x3, 0xff, 0xc0,
    0x1, 0xff, 0xe0, 0x0, 0xff, 0xf0, 0x0, 0x7f,
    0xf8, 0x0, 0x3f, 0xfc, 0x0, 0x1f, 0xfe, 0x0,
    0xf, 0xff, 0x0, 0x7, 0xff, 0x80, 0x3, 0xff,
    0xc0, 0x1, 0xfb, 0xf0, 0x1, 0xf9, 0xf8, 0x0,
    0xfc, 0xfc, 0x0, 0x7e, 0x3f, 0x0, 0x7e, 0x1f,
    0xc0, 0x7f, 0x7, 0xf0, 0x7f, 0x1, 0xff, 0xff,
    0x0, 0x7f, 0xff, 0x0, 0x1f, 0xff, 0x0, 0x1,
    0xfc, 0x0,

    /* U+00D3 "Ó" */
    0x0, 0x7, 0xf0, 0x0, 0x3, 0xf0, 0x0, 0x3,
    0xf0, 0x0, 0x3, 0xf0, 0x0, 0x1, 0xf0, 0x0,
    0x1, 0xf0, 0x0, 0x0, 0x0, 0x0, 0x0, 0x0,
    0x0, 0x0, 0x0, 0x0, 0x0, 0x3f, 0x80, 0x0,
    0xff, 0xf8, 0x0, 0xff, 0xfe, 0x0, 0xff, 0xff,
    0x80, 0xfe, 0xf, 0xe0, 0xfe, 0x3, 0xf8, 0x7e,
    0x0, 0xfc, 0x7e, 0x0, 0x3f, 0x3f, 0x0, 0x1f,
    0x9f, 0x80, 0xf, 0xdf, 0x80, 0x3, 0xff, 0xc0,
    0x1, 0xff, 0xe0, 0x0, 0xff, 0xf0, 0x0, 0x7f,
    0xf8, 0x0, 0x3f, 0xfc, 0x0, 0x1f, 0xfe, 0x0,
    0xf, 0xff, 0x0, 0x7, 0xff, 0x80, 0x3, 0xff,
    0xc0, 0x1, 0xfb, 0xf0, 0x1, 0xf9, 0xf8, 0x0,
    0xfc, 0xfc, 0x0, 0x7e, 0x3f, 0x0, 0x7e, 0x1f,
    0xc0, 0x7f, 0x7, 0xf0, 0x7f, 0x1, 0xff, 0xff,
    0x0, 0x7f, 0xff, 0x0, 0x1f, 0xff, 0x0, 0x1,
    0xfc, 0x0,

    /* U+00D4 "Ô" */
    0x0, 0x3e, 0x0, 0x0, 0x3f, 0x80, 0x0, 0x3f,
    0xe0, 0x0, 0x3e, 0xf8, 0x0, 0x3e, 0x3e, 0x0,
    0x3e, 0xf, 0x80, 0x0, 0x0, 0x0, 0x0, 0x0,
    0x0, 0x0, 0x0, 0x0, 0x0, 0x3f, 0x80, 0x0,
    0xff, 0xf8, 0x0, 0xff, 0xfe, 0x0, 0xff, 0xff,
    0x80, 0xfe, 0xf, 0xe0, 0xfe, 0x3, 0xf8, 0x7e,
    0x0, 0xfc, 0x7e, 0x0, 0x3f, 0x3f, 0x0, 0x1f,
    0x9f, 0x80, 0xf, 0xdf, 0x80, 0x3, 0xff, 0xc0,
    0x1, 0xff, 0xe0, 0x0, 0xff, 0xf0, 0x0, 0x7f,
    0xf8, 0x0, 0x3f, 0xfc, 0x0, 0x1f, 0xfe, 0x0,
    0xf, 0xff, 0x0, 0x7, 0xff, 0x80, 0x3, 0xff,
    0xc0, 0x1, 0xfb, 0xf0, 0x1, 0xf9, 0xf8, 0x0,
    0xfc, 0xfc, 0x0, 0x7e, 0x3f, 0x0, 0x7e, 0x1f,
    0xc0, 0x7f, 0x7, 0xf0, 0x7f, 0x1, 0xff, 0xff,
    0x0, 0x7f, 0xff, 0x0, 0x1f, 0xff, 0x0, 0x1,
    0xfc, 0x0,

    /* U+00D5 "Õ" */
    0x0, 0xf0, 0x70, 0x1, 0xfc, 0x78, 0x0, 0xff,
    0xf8, 0x0, 0xff, 0xfc, 0x0, 0x70, 0xfc, 0x0,
    0x0, 0x0, 0x0, 0x0, 0x0, 0x0, 0x0, 0x0,
    0x0, 0x0, 0x0, 0x0, 0x0, 0x3f, 0x80, 0x0,
    0xff, 0xf8, 0x0, 0xff, 0xfe, 0x0, 0xff, 0xff,
    0x80, 0xfe, 0xf, 0xe0, 0xfe, 0x3, 0xf8, 0x7e,
    0x0, 0xfc, 0x7e, 0x0, 0x3f, 0x3f, 0x0, 0x1f,
    0x9f, 0x80, 0xf, 0xdf, 0x80, 0x3, 0xff, 0xc0,
    0x1, 0xff, 0xe0, 0x0, 0xff, 0xf0, 0x0, 0x7f,
    0xf8, 0x0, 0x3f, 0xfc, 0x0, 0x1f, 0xfe, 0x0,
    0xf, 0xff, 0x0, 0x7, 0xff, 0x80, 0x3, 0xff,
    0xc0, 0x1, 0xfb, 0xf0, 0x1, 0xf9, 0xf8, 0x0,
    0xfc, 0xfc, 0x0, 0x7e, 0x3f, 0x0, 0x7e, 0x1f,
    0xc0, 0x7f, 0x7, 0xf0, 0x7f, 0x1, 0xff, 0xff,
    0x0, 0x7f, 0xff, 0x0, 0x1f, 0xff, 0x0, 0x1,
    0xfc, 0x0,

    /* U+00D6 "Ö" */
    0x3, 0xc0, 0xf0, 0x3, 0xf0, 0xfc, 0x1, 0xf8,
    0x7e, 0x0, 0x78, 0x1e, 0x0, 0x0, 0x0, 0x0,
    0x0, 0x0, 0x0, 0x0, 0x0, 0x0, 0x0, 0xfe,
    0x0, 0x3, 0xff, 0xe0, 0x3, 0xff, 0xf8, 0x3,
    0xff, 0xfe, 0x3, 0xf8, 0x3f, 0x83, 0xf8, 0xf,
    0xe1, 0xf8, 0x3, 0xf1, 0xf8, 0x0, 0xfc, 0xfc,
    0x0, 0x7e, 0x7e, 0x0, 0x3f, 0x7e, 0x0, 0xf,
    0xff, 0x0, 0x7, 0xff, 0x80, 0x3, 0xff, 0xc0,
    0x1, 0xff, 0xe0, 0x0, 0xff, 0xf0, 0x0, 0x7f,
    0xf8, 0x0, 0x3f, 0xfc, 0x0, 0x1f, 0xfe, 0x0,
    0xf, 0xff, 0x0, 0x7, 0xef, 0xc0, 0x7, 0xe7,
    0xe0, 0x3, 0xf3, 0xf0, 0x1, 0xf8, 0xfc, 0x1,
    0xf8, 0x7f, 0x1, 0xfc, 0x1f, 0xc1, 0xfc, 0x7,
    0xff, 0xfc, 0x1, 0xff, 0xfc, 0x0, 0x7f, 0xfc,
    0x0, 0x7, 0xf0, 0x0,

    /* U+00D7 "×" */
    0x10, 0x0, 0x83, 0x80, 0x1c, 0x7c, 0x3, 0xe7,
    0xe0, 0x7f, 0x3f, 0xf, 0xe1, 0xf9, 0xfc, 0x1f,
    0xff, 0x80, 0xff, 0xf0, 0x7, 0xfe, 0x0, 0x3f,
    0xc0, 0x3, 0xfc, 0x0, 0x7f, 0xe0, 0xf, 0xff,
    0x1, 0xff, 0xf8, 0x3f, 0x9f, 0xc7, 0xf0, 0xfe,
    0xfe, 0x7, 0xf7, 0xc0, 0x3e, 0x38, 0x1, 0xc1,
    0x0, 0x8,

    /* U+00D8 "Ø" */
    0x0, 0x0, 0xf, 0x0, 0x0, 0xf, 0x0, 0x1f,
    0xc7, 0x80, 0x7f, 0xff, 0x80, 0x7f, 0xff, 0x80,
    0x7f, 0xff, 0xc0, 0x7f, 0x7, 0xf0, 0x7f, 0x1,
    0xfc, 0x3f, 0x1, 0xfe, 0x3f, 0x0, 0xff, 0x9f,
    0x80, 0xff, 0xcf, 0xc0, 0x77, 0xef, 0xc0, 0x79,
    0xff, 0xe0, 0x38, 0xff, 0xf0, 0x3c, 0x7f, 0xf8,
    0x3c, 0x3f, 0xfc, 0x1e, 0x1f, 0xfe, 0x1e, 0xf,
    0xff, 0xe, 0x7, 0xff, 0x8f, 0x3, 0xff, 0xc7,
    0x1, 0xff, 0xe7, 0x80, 0xfd, 0xff, 0x80, 0xfc,
    0xff, 0xc0, 0x7e, 0x7f, 0xc0, 0x3f, 0x1f, 0xc0,
    0x3f, 0xf, 0xe0, 0x3f, 0x83, 0xf8, 0x3f, 0x80,
    0xff, 0xff, 0x80, 0xff, 0xff, 0x80, 0x7f, 0xff,
    0x80, 0x78, 0xfe, 0x0, 0x38, 0x0, 0x0, 0x3c,
    0x0, 0x0, 0x0,

    /* U+00D9 "Ù" */
    0xf, 0xe0, 0x0, 0xf, 0xc0, 0x0, 0xf, 0xc0,
    0x0, 0xf, 0xc0, 0x0, 0xf, 0x80, 0x0, 0xf,
    0x80, 0x0, 0x0, 0x0, 0x0, 0x0, 0x0, 0x0,
    0x0, 0x1, 0xf8, 0x0, 0xff, 0xf0, 0x1, 0xff,
    0xe0, 0x3, 0xff, 0xc0, 0x7, 0xff, 0x80, 0xf,
    0xff, 0x0, 0x1f, 0xfe, 0x0, 0x3f, 0xfc, 0x0,
    0x7f, 0xf8, 0x0, 0xff, 0xf0, 0x1, 0xff, 0xe0,
    0x3, 0xff, 0xc0, 0x7, 0xff, 0x80, 0xf, 0xff,
    0x0, 0x1f, 0xfe, 0x0, 0x3f, 0xfc, 0x0, 0x7f,
    0xf8, 0x0, 0xff, 0xf0, 0x1, 0xff, 0xe0, 0x3,
    0xff, 0xc0, 0x7, 0xff, 0x80, 0xf, 0xff, 0x0,
    0x1f, 0xfe, 0x0, 0x3f, 0x7e, 0x0, 0xfc, 0xfc,
    0x1, 0xf8, 0xfe, 0xf, 0xe1, 0xff, 0xff, 0xc1,
    0xff, 0xff, 0x0, 0xff, 0xf8, 0x0, 0x7f, 0x80,
    0x0,

    /* U+00DA "Ú" */
    0x0, 0xf, 0xe0, 0x0, 0x1f, 0x80, 0x0, 0x7e,
    0x0, 0x1, 0xf8, 0x0, 0x3, 0xe0, 0x0, 0xf,
    0x80, 0x0, 0x0, 0x0, 0x0, 0x0, 0x0, 0x0,
    0x0, 0x1, 0xf8, 0x0, 0xff, 0xf0, 0x1, 0xff,
    0xe0, 0x3, 0xff, 0xc0, 0x7, 0xff, 0x80, 0xf,
    0xff, 0x0, 0x1f, 0xfe, 0x0, 0x3f, 0xfc, 0x0,
    0x7f, 0xf8, 0x0, 0xff, 0xf0, 0x1, 0xff, 0xe0,
    0x3, 0xff, 0xc0, 0x7, 0xff, 0x80, 0xf, 0xff,
    0x0, 0x1f, 0xfe, 0x0, 0x3f, 0xfc, 0x0, 0x7f,
    0xf8, 0x0, 0xff, 0xf0, 0x1, 0xff, 0xe0, 0x3,
    0xff, 0xc0, 0x7, 0xff, 0x80, 0xf, 0xff, 0x0,
    0x1f, 0xfe, 0x0, 0x3f, 0x7e, 0x0, 0xfc, 0xfc,
    0x1, 0xf8, 0xfe, 0xf, 0xe1, 0xff, 0xff, 0xc1,
    0xff, 0xff, 0x0, 0xff, 0xf8, 0x0, 0x7f, 0x80,
    0x0,

    /* U+00DB "Û" */
    0x0, 0x7c, 0x0, 0x1, 0xfc, 0x0, 0x7, 0xfc,
    0x0, 0x1f, 0x7c, 0x0, 0x7c, 0x7c, 0x1, 0xf0,
    0x7c, 0x0, 0x0, 0x0, 0x0, 0x0, 0x0, 0x0,
    0x0, 0x1, 0xf8, 0x0, 0xff, 0xf0, 0x1, 0xff,
    0xe0, 0x3, 0xff, 0xc0, 0x7, 0xff, 0x80, 0xf,
    0xff, 0x0, 0x1f, 0xfe, 0x0, 0x3f, 0xfc, 0x0,
    0x7f, 0xf8, 0x0, 0xff, 0xf0, 0x1, 0xff, 0xe0,
    0x3, 0xff, 0xc0, 0x7, 0xff, 0x80, 0xf, 0xff,
    0x0, 0x1f, 0xfe, 0x0, 0x3f, 0xfc, 0x0, 0x7f,
    0xf8, 0x0, 0xff, 0xf0, 0x1, 0xff, 0xe0, 0x3,
    0xff, 0xc0, 0x7, 0xff, 0x80, 0xf, 0xff, 0x0,
    0x1f, 0xfe, 0x0, 0x3f, 0x7e, 0x0, 0xfc, 0xfc,
    0x1, 0xf8, 0xfe, 0xf, 0xe1, 0xff, 0xff, 0xc1,
    0xff, 0xff, 0x0, 0xff, 0xf8, 0x0, 0x7f, 0x80,
    0x0,

    /* U+00DC "Ü" */
    0xf, 0x3, 0xc0, 0x3f, 0xf, 0xc0, 0x7e, 0x1f,
    0x80, 0x78, 0x1e, 0x0, 0x0, 0x0, 0x0, 0x0,
    0x0, 0x0, 0x0, 0x0, 0x7e, 0x0, 0x3f, 0xfc,
    0x0, 0x7f, 0xf8, 0x0, 0xff, 0xf0, 0x1, 0xff,
    0xe0, 0x3, 0xff, 0xc0, 0x7, 0xff, 0x80, 0xf,
    0xff, 0x0, 0x1f, 0xfe, 0x0, 0x3f, 0xfc, 0x0,
    0x7f, 0xf8, 0x0, 0xff, 0xf0, 0x1, 0xff, 0xe0,
    0x3, 0xff, 0xc0, 0x7, 0xff, 0x80, 0xf, 0xff,
    0x0, 0x1f, 0xfe, 0x0, 0x3f, 0xfc, 0x0, 0x7f,
    0xf8, 0x0, 0xff, 0xf0, 0x1, 0xff, 0xe0, 0x3,
    0xff, 0xc0, 0x7, 0xff, 0x80, 0xf, 0xdf, 0x80,
    0x3f, 0x3f, 0x0, 0x7e, 0x3f, 0x83, 0xf8, 0x7f,
    0xff, 0xf0, 0x7f, 0xff, 0xc0, 0x3f, 0xfe, 0x0,
    0x1f, 0xe0, 0x0,

    /* U+00DD "Ý" */
    0x0, 0x3, 0xf0, 0x0, 0x1, 0xf8, 0x0, 0x0,
    0x7c, 0x0, 0x0, 0x3e, 0x0, 0x0, 0x1f, 0x0,
    0x0, 0x7, 0x80, 0x0, 0x0, 0x0, 0x0, 0x0,
    0x0, 0x0, 0xfe, 0x0, 0x1f, 0xdf, 0xc0, 0xf,
    0xe7, 0xf0, 0x3, 0xf8, 0xfc, 0x0, 0xfc, 0x3f,
    0x80, 0x7f, 0x7, 0xe0, 0x1f, 0x80, 0xfc, 0xf,
    0xc0, 0x3f, 0x3, 0xf0, 0x7, 0xe1, 0xf8, 0x1,
    0xf8, 0x7e, 0x0, 0x3f, 0x3f, 0x0, 0xf, 0xcf,
    0xc0, 0x1, 0xf3, 0xe0, 0x0, 0x7f, 0xf8, 0x0,
    0xf, 0xfc, 0x0, 0x3, 0xff, 0x0, 0x0, 0x7f,
    0x80, 0x0, 0x1f, 0xe0, 0x0, 0x3, 0xf0, 0x0,
    0x0, 0xfc, 0x0, 0x0, 0x3f, 0x0, 0x0, 0xf,
    0xc0, 0x0, 0x3, 0xf0, 0x0, 0x0, 0xfc, 0x0,
    0x0, 0x3f, 0x0, 0x0, 0xf, 0xc0, 0x0, 0x3,
    0xf0, 0x0, 0x0, 0xfc, 0x0, 0x0, 0x3f, 0x0,
    0x0, 0xf, 0xc0, 0x0,

    /* U+00DE "Þ" */
    0xfc, 0x0, 0x3, 0xf0, 0x0, 0xf, 0xc0, 0x0,
    0x3f, 0x0, 0x0, 0xfc, 0x0, 0x3, 0xf0, 0x0,
    0xf, 0xff, 0xe0, 0x3f, 0xff, 0xf0, 0xff, 0xff,
    0xe3, 0xff, 0xff, 0xcf, 0xc0, 0x7f, 0xbf, 0x0,
    0x7e, 0xfc, 0x1, 0xff, 0xf0, 0x3, 0xff, 0xc0,
    0xf, 0xff, 0x0, 0x3f, 0xfc, 0x0, 0xff, 0xf0,
    0x7, 0xff, 0xc0, 0x1f, 0xbf, 0x1, 0xfe, 0xff,
    0xff, 0xf3, 0xff, 0xff, 0x8f, 0xff, 0xfc, 0x3f,
    0xff, 0x80, 0xfc, 0x0, 0x3, 0xf0, 0x0, 0xf,
    0xc0, 0x0, 0x3f, 0x0, 0x0, 0xfc, 0x0, 0x3,
    0xf0, 0x0, 0x0,

    /* U+00DF "ß" */
    0x3, 0xf8, 0x0, 0x3f, 0xf8, 0x3, 0xff, 0xf0,
    0xf, 0xff, 0xe0, 0x7e, 0x1f, 0x81, 0xf8, 0x3f,
    0xf, 0xc0, 0xfc, 0x3f, 0x3, 0xf0, 0xfc, 0xf,
    0xc3, 0xf0, 0x3f, 0xf, 0xc1, 0xfc, 0x3f, 0x7,
    0xe0, 0xfc, 0x3f, 0x83, 0xf0, 0xfc, 0xf, 0xc3,
    0xf0, 0x3f, 0xf, 0xc0, 0xfc, 0x3f, 0x3, 0xf0,
    0xfe, 0xf, 0xc1, 0xfc, 0x3f, 0x7, 0xf8, 0xfc,
    0xf, 0xf3, 0xf0, 0x1f, 0xef, 0xc0, 0x3f, 0xbf,
    0x0, 0x7f, 0xfc, 0x0, 0xff, 0xf0, 0x3, 0xff,
    0xc0, 0xf, 0xff, 0x0, 0x3f, 0xfc, 0xc1, 0xfb,
    0xf3, 0xff, 0xef, 0xcf, 0xff, 0x3f, 0x3f, 0xf8,
    0xfc, 0xff, 0x80,

    /* U+00E0 "à" */
    0x1f, 0x80, 0x1, 0xfc, 0x0, 0xf, 0xc0, 0x0,
    0x7e, 0x0, 0x3, 0xf0, 0x0, 0x1f, 0x80, 0x0,
    0x0, 0x0, 0x0, 0x0, 0x0, 0x0, 0x0, 0x3f,
    0x80, 0x1f, 0xff, 0x3, 0xff, 0xf8, 0x7f, 0xff,
    0xc7, 0xe0, 0xfc, 0xfc, 0x7, 0xef, 0xc0, 0x7e,
    0x0, 0x7, 0xe0, 0x0, 0x7e, 0x3, 0xff, 0xe1,
    0xff, 0xfe, 0x3f, 0xff, 0xe7, 0xf0, 0x7e, 0xfe,
    0x7, 0xef, 0xc0, 0x7e, 0xfc, 0x7, 0xef, 0xc0,
    0x7e, 0xfc, 0xf, 0xef, 0xe1, 0xfe, 0x7f, 0xff,
    0xe3, 0xff, 0xfe, 0x1f, 0xf7, 0xe0, 0xfe, 0x3f,

    /* U+00E1 "á" */
    0x0, 0x1f, 0x80, 0x3, 0xf0, 0x0, 0x7e, 0x0,
    0x7, 0xc0, 0x0, 0xf8, 0x0, 0x1f, 0x0, 0x0,
    0x0, 0x0, 0x0, 0x0, 0x0, 0x0, 0x0, 0x3f,
    0x80, 0x1f, 0xff, 0x3, 0xff, 0xf8, 0x7f, 0xff,
    0xc7, 0xe0, 0xfc, 0xfc, 0x7, 0xef, 0xc0, 0x7e,
    0x0, 0x7, 0xe0, 0x0, 0x7e, 0x3, 0xff, 0xe1,
    0xff, 0xfe, 0x3f, 0xff, 0xe7, 0xf0, 0x7e, 0xfe,
    0x7, 0xef, 0xc0, 0x7e, 0xfc, 0x7, 0xef, 0xc0,
    0x7e, 0xfc, 0xf, 0xef, 0xe1, 0xfe, 0x7f, 0xff,
    0xe3, 0xff, 0xfe, 0x1f, 0xf7, 0xe0, 0xfe, 0x3f,

    /* U+00E2 "â" */
    0x1, 0xf0, 0x0, 0x3f, 0x80, 0x7, 0xfc, 0x0,
    0xfb, 0xe0, 0x1f, 0xf, 0x3, 0xe0, 0x7c, 0x0,
    0x0, 0x0, 0x0, 0x0, 0x0, 0x0, 0x0, 0x3f,
    0x80, 0x1f, 0xff, 0x3, 0xff, 0xf8, 0x7f, 0xff,
    0xc7, 0xe0, 0xfc, 0xfc, 0x7, 0xef, 0xc0, 0x7e,
    0x0, 0x7, 0xe0, 0x0, 0x7e, 0x3, 0xff, 0xe1,
    0xff, 0xfe, 0x3f, 0xff, 0xe7, 0xf0, 0x7e, 0xfe,
    0x7, 0xef, 0xc0, 0x7e, 0xfc, 0x7, 0xef, 0xc0,
    0x7e, 0xfc, 0xf, 0xef, 0xe1, 0xfe, 0x7f, 0xff,
    0xe3, 0xff, 0xfe, 0x1f, 0xf7, 0xe0, 0xfe, 0x3f,

    /* U+00E3 "ã" */
    0x7, 0x83, 0x81, 0xfc, 0x38, 0x1f, 0xff, 0x3,
    0xff, 0xf0, 0x38, 0x7e, 0x0, 0x0, 0x0, 0x0,
    0x0, 0x0, 0x0, 0x0, 0x0, 0x0, 0x0, 0x3f,
    0x80, 0x1f, 0xff, 0x3, 0xff, 0xf8, 0x7f, 0xff,
    0xc7, 0xe0, 0xfc, 0xfc, 0x7, 0xef, 0xc0, 0x7e,
    0x0, 0x7, 0xe0, 0x0, 0x7e, 0x3, 0xff, 0xe1,
    0xff, 0xfe, 0x3f, 0xff, 0xe7, 0xf0, 0x7e, 0xfe,
    0x7, 0xef, 0xc0, 0x7e, 0xfc, 0x7, 0xef, 0xc0,
    0x7e, 0xfc, 0xf, 0xef, 0xe1, 0xfe, 0x7f, 0xff,
    0xe7, 0xff, 0xfe, 0x1f, 0xf7, 0xe0, 0xfc, 0x3f,

    /* U+00E4 "ä" */
    0x1e, 0x7, 0x83, 0xf0, 0xfc, 0x3f, 0xf, 0xc1,
    0xe0, 0x78, 0x0, 0x0, 0x0, 0x0, 0x0, 0x0,
    0x0, 0x0, 0x3f, 0x80, 0x1f, 0xff, 0x3, 0xff,
    0xf8, 0x7f, 0xff, 0xc7, 0xe0, 0xfc, 0xfc, 0x7,
    0xef, 0xc0, 0x7e, 0x0, 0x7, 0xe0, 0x0, 0x7e,
    0x3, 0xff, 0xe1, 0xff, 0xfe, 0x3f, 0xff, 0xe7,
    0xf0, 0x7e, 0xfe, 0x7, 0xef, 0xc0, 0x7e, 0xfc,
    0x7, 0xef, 0xc0, 0x7e, 0xfc, 0xf, 0xef, 0xe1,
    0xfe, 0x7f, 0xff, 0xe3, 0xff, 0xfe, 0x1f, 0xf7,
    0xe0, 0x7e, 0x3f,

    /* U+00E5 "å" */
    0x0, 0xf0, 0x0, 0x1f, 0x80, 0x3, 0x9c, 0x0,
    0x30, 0xc0, 0x3, 0xc, 0x0, 0x39, 0xc0, 0x1,
    0xf8, 0x0, 0xf, 0x0, 0x0, 0x0, 0x0, 0x0,
    0x0, 0x0, 0x0, 0x0, 0x3f, 0x80, 0x1f, 0xff,
    0x3, 0xff, 0xf8, 0x7f, 0xff, 0xc7, 0xe0, 0xfc,
    0xfc, 0x7, 0xef, 0xc0, 0x7e, 0x0, 0x7, 0xe0,
    0x0, 0x7e, 0x3, 0xff, 0xe1, 0xff, 0xfe, 0x3f,
    0xff, 0xe7, 0xf0, 0x7e, 0xfe, 0x7, 0xef, 0xc0,
    0x7e, 0xfc, 0x7, 0xef, 0xc0, 0x7e, 0xfc, 0xf,
    0xef, 0xe1, 0xfe, 0x7f, 0xff, 0xe7, 0xff, 0xfe,
    0x1f, 0xf7, 0xe0, 0xfc, 0x7f,

    /* U+00E6 "æ" */
    0x3, 0xfc, 0xf, 0xe0, 0x7, 0xff, 0x9f, 0xfc,
    0x7, 0xff, 0xff, 0xff, 0x7, 0xff, 0xff, 0xff,
    0xc7, 0xf0, 0xff, 0x87, 0xf3, 0xf0, 0x3f, 0x81,
    0xf9, 0xf8, 0x1f, 0xc0, 0x7e, 0x0, 0xf, 0xc0,
    0x3f, 0x0, 0x7, 0xe0, 0x1f, 0x83, 0xff, 0xff,
    0xff, 0xc7, 0xff, 0xff, 0xff, 0xe7, 0xff, 0xff,
    0xff, 0xf7, 0xff, 0xff, 0xff, 0xff, 0xf8, 0x3f,
    0x0, 0x3, 0xf8, 0x1f, 0x80, 0x1, 0xf8, 0xf,
    0xc0, 0x0, 0xfc, 0x7, 0xf0, 0x0, 0x7e, 0x3,
    0xfc, 0x1, 0x3f, 0x87, 0xff, 0x3, 0x8f, 0xff,
    0xff, 0xff, 0xe7, 0xff, 0xff, 0xff, 0xf0, 0xff,
    0xe1, 0xff, 0xf0, 0x3f, 0xc0, 0x3f, 0xc0,

    /* U+00E7 "ç" */
    0x1, 0xfc, 0x0, 0x7f, 0xf0, 0x1f, 0xff, 0xc3,
    0xff, 0xfe, 0x3f, 0xf, 0xe7, 0xe0, 0x7f, 0x7e,
    0x3, 0xff, 0xc0, 0x3f, 0xfc, 0x0, 0xf, 0xc0,
    0x0, 0xfc, 0x0, 0xf, 0xc0, 0x0, 0xfc, 0x0,
    0xf, 0xc0, 0x0, 0xfc, 0x3, 0xff, 0xe0, 0x3f,
    0x7e, 0x7, 0xf7, 0xf8, 0xfe, 0x3f, 0xff, 0xe3,
    0xff, 0xfc, 0x1f, 0xff, 0x80, 0x7f, 0xf0, 0x1,
    0xfc, 0x0, 0xf, 0x0, 0x1, 0xfc, 0x0, 0x1f,
    0xe0, 0x0, 0x3e, 0x0, 0x3, 0xe0, 0x0, 0x7e,
    0x0, 0xf, 0xc0, 0x0, 0xf8, 0x0, 0xe, 0x0,

    /* U+00E8 "è" */
    0x1f, 0x80, 0x0, 0xf8, 0x0, 0xf, 0xc0, 0x0,
    0x7e, 0x0, 0x3, 0xe0, 0x0, 0x1f, 0x0, 0x0,
    0x0, 0x0, 0x0, 0x0, 0x0, 0x0, 0x0, 0x1f,
    0xc0, 0x7, 0xff, 0x1, 0xff, 0xf8, 0x3f, 0xff,
    0xc3, 0xf0, 0xfe, 0x7e, 0x7, 0xe7, 0xe0, 0x3e,
    0xfc, 0x3, 0xff, 0xc0, 0x3f, 0xff, 0xff, 0xff,
    0xff, 0xff, 0xff, 0xff, 0xff, 0xff, 0xff, 0xfc,
    0x0, 0xf, 0xc0, 0x0, 0xfe, 0x0, 0x7, 0xe0,
    0x8, 0x7f, 0x1, 0xc3, 0xf8, 0x3e, 0x1f, 0xff,
    0xe0, 0xff, 0xfc, 0x7, 0xff, 0x80, 0x1f, 0xe0,

    /* U+00E9 "é" */
    0x0, 0x3f, 0x80, 0x3, 0xf0, 0x0, 0x7e, 0x0,
    0xf, 0xc0, 0x0, 0xf8, 0x0, 0x1f, 0x0, 0x0,
    0x0, 0x0, 0x0, 0x0, 0x0, 0x0, 0x0, 0x1f,
    0xc0, 0x7, 0xff, 0x1, 0xff, 0xf8, 0x3f, 0xff,
    0xc3, 0xf0, 0xfe, 0x7e, 0x7, 0xe7, 0xe0, 0x3e,
    0xfc, 0x3, 0xff, 0xc0, 0x3f, 0xff, 0xff, 0xff,
    0xff, 0xff, 0xff, 0xff, 0xff, 0xff, 0xff, 0xfc,
    0x0, 0xf, 0xc0, 0x0, 0xfe, 0x0, 0x7, 0xe0,
    0x8, 0x7f, 0x1, 0xc3, 0xf8, 0x3e, 0x1f, 0xff,
    0xe0, 0xff, 0xfc, 0x7, 0xff, 0x80, 0x1f, 0xe0,

    /* U+00EA "ê" */
    0x1, 0xf0, 0x0, 0x3f, 0x80, 0x7, 0xfc, 0x0,
    0xfb, 0xe0, 0x1f, 0x1f, 0x3, 0xe0, 0xf8, 0x0,
    0x0, 0x0, 0x0, 0x0, 0x0, 0x0, 0x0, 0x1f,
    0xc0, 0x7, 0xff, 0x1, 0xff, 0xf8, 0x3f, 0xff,
    0xc3, 0xf0, 0xfe, 0x7e, 0x7, 0xe7, 0xe0, 0x3e,
    0xfc, 0x3, 0xff, 0xc0, 0x3f, 0xff, 0xff, 0xff,
    0xff, 0xff, 0xff, 0xff, 0xff, 0xff, 0xff, 0xfc,
    0x0, 0xf, 0xc0, 0x0, 0xfe, 0x0, 0x7, 0xe0,
    0x8, 0x7f, 0x1, 0xc3, 0xf8, 0x3e, 0x1f, 0xff,
    0xe0, 0xff, 0xfc, 0x7, 0xff, 0x80, 0x1f, 0xe0,

    /* U+00EB "ë" */
    0x1e, 0x7, 0x83, 0xf0, 0xfc, 0x3f, 0xf, 0xc1,
    0xe0, 0x78, 0x0, 0x0, 0x0, 0x0, 0x0, 0x0,
    0x0, 0x0, 0x1f, 0xc0, 0x7, 0xff, 0x1, 0xff,
    0xf8, 0x3f, 0xff, 0xc3, 0xf0, 0xfe, 0x7e, 0x7,
    0xe7, 0xe0, 0x3e, 0xfc, 0x3, 0xff, 0xc0, 0x3f,
    0xff, 0xff, 0xff, 0xff, 0xff, 0xff, 0xff, 0xff,
    0xff, 0xff, 0xfc, 0x0, 0xf, 0xc0, 0x0, 0xfe,
    0x0, 0x7, 0xe0, 0x0, 0x7f, 0x0, 0xc3, 0xf8,
    0x3e, 0x1f, 0xff, 0xf0, 0xff, 0xfe, 0x7, 0xff,
    0x80, 0x1f, 0xe0,

    /* U+00EC "ì" */
    0x7e, 0x7, 0xe0, 0x7e, 0x7, 0xc0, 0x7c, 0x7,
    0xc0, 0x0, 0x0, 0x0, 0x0, 0xfc, 0x1f, 0x83,
    0xf0, 0x7e, 0xf, 0xc1, 0xf8, 0x3f, 0x7, 0xe0,
    0xfc, 0x1f, 0x83, 0xf0, 0x7e, 0xf, 0xc1, 0xf8,
    0x3f, 0x7, 0xe0, 0xfc, 0x1f, 0x83, 0xf0, 0x7e,
    0xf, 0xc1, 0xf8, 0x3f,

    /* U+00ED "í" */
    0xf, 0xc3, 0xf0, 0x7c, 0x1f, 0x7, 0xc0, 0xf8,
    0x0, 0x0, 0x0, 0x0, 0x1f, 0x83, 0xf0, 0x7e,
    0xf, 0xc1, 0xf8, 0x3f, 0x7, 0xe0, 0xfc, 0x1f,
    0x83, 0xf0, 0x7e, 0xf, 0xc1, 0xf8, 0x3f, 0x7,
    0xe0, 0xfc, 0x1f, 0x83, 0xf0, 0x7e, 0xf, 0xc1,
    0xf8, 0x3f, 0x7, 0xe0,

    /* U+00EE "î" */
    0x3, 0xc0, 0x7, 0xe0, 0xf, 0xf0, 0x3e, 0x7c,
    0x7c, 0x3e, 0xf8, 0x1f, 0x0, 0x0, 0x0, 0x0,
    0x0, 0x0, 0x7, 0xe0, 0x7, 0xe0, 0x7, 0xe0,
    0x7, 0xe0, 0x7, 0xe0, 0x7, 0xe0, 0x7, 0xe0,
    0x7, 0xe0, 0x7, 0xe0, 0x7, 0xe0, 0x7, 0xe0,
    0x7, 0xe0, 0x7, 0xe0, 0x7, 0xe0, 0x7, 0xe0,
    0x7, 0xe0, 0x7, 0xe0, 0x7, 0xe0, 0x7, 0xe0,
    0x7, 0xe0, 0x7, 0xe0, 0x7, 0xe0, 0x7, 0xe0,

    /* U+00EF "ï" */
    0x78, 0x1e, 0xfc, 0x3f, 0xfc, 0x3f, 0x78, 0x1e,
    0x0, 0x0, 0x0, 0x0, 0x0, 0x0, 0x7, 0xe0,
    0x7, 0xe0, 0x7, 0xe0, 0x7, 0xe0, 0x7, 0xe0,
    0x7, 0xe0, 0x7, 0xe0, 0x7, 0xe0, 0x7, 0xe0,
    0x7, 0xe0, 0x7, 0xe0, 0x7, 0xe0, 0x7, 0xe0,
    0x7, 0xe0, 0x7, 0xe0, 0x7, 0xe0, 0x7, 0xe0,
    0x7, 0xe0, 0x7, 0xe0, 0x7, 0xe0, 0x7, 0xe0,
    0x7, 0xe0, 0x7, 0xe0,

    /* U+00F0 "ð" */
    0x4, 0x0, 0x0, 0x7c, 0x0, 0x3, 0xf8, 0x30,
    0x1f, 0xf7, 0x81, 0xff, 0xfc, 0x3, 0xff, 0x80,
    0x3, 0xfc, 0x0, 0x1f, 0xf0, 0x1, 0xff, 0xc0,
    0x1e, 0xff, 0x0, 0xe3, 0xf8, 0x0, 0xf, 0xe0,
    0x0, 0x7f, 0x1, 0xf9, 0xf8, 0x3f, 0xff, 0xc3,
    0xff, 0xff, 0x3f, 0xff, 0xfb, 0xf8, 0x3f, 0xdf,
    0x80, 0x7f, 0xfc, 0x3, 0xff, 0xc0, 0x1f, 0xfe,
    0x0, 0xff, 0xf0, 0x7, 0xff, 0x80, 0x3f, 0xfc,
    0x1, 0xff, 0xe0, 0x1f, 0x9f, 0x80, 0xfc, 0xfc,
    0xf, 0xc3, 0xf8, 0xfe, 0x1f, 0xff, 0xe0, 0x7f,
    0xfe, 0x0, 0xff, 0xe0, 0x1, 0xfc, 0x0,

    /* U+00F1 "ñ" */
    0x7, 0x83, 0x83, 0xf8, 0xf0, 0x7f, 0xfc, 0x1f,
    0xff, 0x83, 0x87, 0xe0, 0x0, 0x0, 0x0, 0x0,
    0x0, 0x0, 0x0, 0x0, 0x0, 0x1f, 0xf, 0xc3,
    0xf7, 0xfe, 0x7f, 0xff, 0xef, 0xff, 0xfd, 0xfe,
    0x1f, 0xbf, 0x1, 0xff, 0xe0, 0x3f, 0xfc, 0x7,
    0xff, 0x80, 0xff, 0xf0, 0x1f, 0xfe, 0x3, 0xff,
    0xc0, 0x7f, 0xf8, 0xf, 0xff, 0x1, 0xff, 0xe0,
    0x3f, 0xfc, 0x7, 0xff, 0x80, 0xff, 0xf0, 0x1f,
    0xfe, 0x3, 0xff, 0xc0, 0x7f, 0xf8, 0xf, 0xff,
    0x1, 0xff, 0xe0, 0x3f,

    /* U+00F2 "ò" */
    0x1f, 0xc0, 0x0, 0x7e, 0x0, 0x1, 0xf8, 0x0,
    0x7, 0xe0, 0x0, 0x1f, 0x0, 0x0, 0x7c, 0x0,
    0x0, 0x0, 0x0, 0x0, 0x0, 0x0, 0x0, 0x0,
    0xf, 0xe0, 0x1, 0xff, 0xc0, 0x3f, 0xff, 0x83,
    0xff, 0xfe, 0x1f, 0xc7, 0xf1, 0xf8, 0x1f, 0xcf,
    0xc0, 0x7e, 0xfc, 0x3, 0xf7, 0xe0, 0xf, 0xff,
    0x0, 0x7f, 0xf8, 0x3, 0xff, 0xc0, 0x1f, 0xfe,
    0x0, 0xff, 0xf0, 0x7, 0xff, 0x80, 0x3f, 0xfc,
    0x3, 0xfb, 0xf0, 0x1f, 0x9f, 0x80, 0xfc, 0x7f,
    0x1f, 0xc3, 0xff, 0xfe, 0xf, 0xff, 0xe0, 0x1f,
    0xfc, 0x0, 0x3f, 0x80,

    /* U+00F3 "ó" */
    0x0, 0x1f, 0xc0, 0x0, 0xfc, 0x0, 0xf, 0xc0,
    0x0, 0xfc, 0x0, 0x7, 0xc0, 0x0, 0x7c, 0x0,
    0x0, 0x0, 0x0, 0x0, 0x0, 0x0, 0x0, 0x0,
    0xf, 0xe0, 0x1, 0xff, 0xc0, 0x3f, 0xff, 0x83,
    0xff, 0xfe, 0x1f, 0xc7, 0xf1, 0xf8, 0x1f, 0xcf,
    0xc0, 0x7e, 0xfc, 0x3, 0xf7, 0xe0, 0xf, 0xff,
    0x0, 0x7f, 0xf8, 0x3, 0xff, 0xc0, 0x1f, 0xfe,
    0x0, 0xff, 0xf0, 0x7, 0xff, 0x80, 0x3f, 0xfc,
    0x3, 0xfb, 0xf0, 0x1f, 0x9f, 0x80, 0xfc, 0x7f,
    0x1f, 0xc3, 0xff, 0xfe, 0xf, 0xff, 0xe0, 0x1f,
    0xfc, 0x0, 0x3f, 0x80,

    /* U+00F4 "ô" */
    0x0, 0xf8, 0x0, 0xf, 0xe0, 0x0, 0xff, 0x80,
    0xf, 0xbe, 0x0, 0xf8, 0xf8, 0xf, 0x83, 0xe0,
    0x0, 0x0, 0x0, 0x0, 0x0, 0x0, 0x0, 0x0,
    0xf, 0xe0, 0x1, 0xff, 0xc0, 0x3f, 0xff, 0x83,
    0xff, 0xfe, 0x1f, 0xc7, 0xf1, 0xf8, 0x1f, 0xcf,
    0xc0, 0x7e, 0xfc, 0x3, 0xf7, 0xe0, 0xf, 0xff,
    0x0, 0x7f, 0xf8, 0x3, 0xff, 0xc0, 0x1f, 0xfe,
    0x0, 0xff, 0xf0, 0x7, 0xff, 0x80, 0x3f, 0xfc,
    0x3, 0xfb, 0xf0, 0x1f, 0x9f, 0x80, 0xfc, 0x7f,
    0x1f, 0xc3, 0xff, 0xfe, 0xf, 0xff, 0xe0, 0x1f,
    0xfc, 0x0, 0x3f, 0x80,

    /* U+00F5 "õ" */
    0x3, 0xc1, 0xc0, 0x7f, 0x1e, 0x3, 0xff, 0xe0,
    0x3f, 0xff, 0x1, 0xc3, 0xf0, 0x0, 0x0, 0x0,
    0x0, 0x0, 0x0, 0x0, 0x0, 0x0, 0x0, 0x0,
    0xf, 0xe0, 0x1, 0xff, 0xc0, 0x3f, 0xff, 0x83,
    0xff, 0xfe, 0x1f, 0xc7, 0xf1, 0xf8, 0x1f, 0xcf,
    0xc0, 0x7e, 0xfc, 0x3, 0xf7, 0xe0, 0xf, 0xff,
    0x0, 0x7f, 0xf8, 0x3, 0xff, 0xc0, 0x1f, 0xfe,
    0x0, 0xff, 0xf0, 0x7, 0xff, 0x80, 0x3f, 0xfc,
    0x3, 0xfb, 0xf0, 0x1f, 0x9f, 0x80, 0xfc, 0x7f,
    0x1f, 0xc3, 0xff, 0xfe, 0xf, 0xff, 0xe0, 0x1f,
    0xfc, 0x0, 0x3f, 0x80,

    /* U+00F6 "ö" */
    0x1e, 0x7, 0x81, 0xf8, 0x7e, 0xf, 0xc3, 0xf0,
    0x3c, 0xf, 0x0, 0x0, 0x0, 0x0, 0x0, 0x0,
    0x0, 0x0, 0x0, 0x3f, 0x80, 0x7, 0xff, 0x0,
    0xff, 0xfe, 0xf, 0xff, 0xf8, 0x7f, 0x1f, 0xc7,
    0xe0, 0x7f, 0x3f, 0x1, 0xfb, 0xf0, 0xf, 0xdf,
    0x80, 0x3f, 0xfc, 0x1, 0xff, 0xe0, 0xf, 0xff,
    0x0, 0x7f, 0xf8, 0x3, 0xff, 0xc0, 0x1f, 0xfe,
    0x0, 0xff, 0xf0, 0xf, 0xef, 0xc0, 0x7e, 0x7e,
    0x3, 0xf1, 0xfc, 0x7f, 0xf, 0xff, 0xf8, 0x3f,
    0xff, 0x80, 0x7f, 0xf0, 0x0, 0xfe, 0x0,

    /* U+00F7 "÷" */
    0x0, 0x78, 0x0, 0x7, 0xe0, 0x0, 0x3f, 0x0,
    0x1, 0xf8, 0x0, 0xf, 0xc0, 0x0, 0x3c, 0x0,
    0x0, 0x0, 0x0, 0x0, 0x0, 0x0, 0x0, 0x7,
    0xff, 0xff, 0xff, 0xff, 0xff, 0xff, 0xff, 0xff,
    0xff, 0xff, 0x80, 0x0, 0x0, 0x0, 0x0, 0x0,
    0x0, 0x0, 0x0, 0x0, 0x0, 0x3, 0xc0, 0x0,
    0x3f, 0x0, 0x1, 0xf8, 0x0, 0xf, 0xc0, 0x0,
    0x7e, 0x0, 0x1, 0xe0, 0x0,

    /* U+00F8 "ø" */
    0x0, 0x1, 0xe0, 0x0, 0xe, 0x0, 0x0, 0xf0,
    0x3, 0xff, 0x0, 0x7f, 0xf8, 0xf, 0xff, 0xe0,
    0xff, 0xff, 0x87, 0xf1, 0xfc, 0x7e, 0xf, 0xf3,
    0xf0, 0xff, 0xbf, 0x7, 0xfd, 0xf8, 0x7b, 0xff,
    0xc3, 0x9f, 0xfe, 0x3c, 0xff, 0xf1, 0xc7, 0xff,
    0x9e, 0x3f, 0xfc, 0xe1, 0xff, 0xef, 0xf, 0xff,
    0x70, 0xfe, 0xff, 0x87, 0xe7, 0xf8, 0x3f, 0x1f,
    0xc7, 0xf0, 0xff, 0xff, 0x83, 0xff, 0xf8, 0xf,
    0xff, 0x0, 0x7f, 0xe0, 0x7, 0x0, 0x0, 0x38,
    0x0, 0x3, 0xc0, 0x0, 0x0,

    /* U+00F9 "ù" */
    0x1f, 0x80, 0x3, 0xf0, 0x0, 0x3f, 0x0, 0x3,
    0xf0, 0x0, 0x3e, 0x0, 0x3, 0xe0, 0x0, 0x0,
    0x0, 0x0, 0x0, 0x0, 0x0, 0x1f, 0x80, 0xff,
    0xf0, 0x1f, 0xfe, 0x3, 0xff, 0xc0, 0x7f, 0xf8,
    0xf, 0xff, 0x1, 0xff, 0xe0, 0x3f, 0xfc, 0x7,
    0xff, 0x80, 0xff, 0xf0, 0x1f, 0xfe, 0x3, 0xff,
    0xc0, 0x7f, 0xf8, 0xf, 0xff, 0x1, 0xff, 0xe0,
    0x3f, 0xfc, 0x7, 0xff, 0x80, 0xff, 0xf0, 0x3f,
    0xbf, 0xf, 0xf7, 0xff, 0xfe, 0x7f, 0xff, 0xcf,
    0xfd, 0xf8, 0x7e, 0x3f,

    /* U+00FA "ú" */
    0x0, 0x3f, 0x0, 0x7, 0xe0, 0x1, 0xf8, 0x0,
    0x7e, 0x0, 0xf, 0x80, 0x3, 0xe0, 0x0, 0x0,
    0x0, 0x0, 0x0, 0x0, 0x0, 0x1f, 0x80, 0xff,
    0xf0, 0x1f, 0xfe, 0x3, 0xff, 0xc0, 0x7f, 0xf8,
    0xf, 0xff, 0x1, 0xff, 0xe0, 0x3f, 0xfc, 0x7,
    0xff, 0x80, 0xff, 0xf0, 0x1f, 0xfe, 0x3, 0xff,
    0xc0, 0x7f, 0xf8, 0xf, 0xff, 0x1, 0xff, 0xe0,
    0x3f, 0xfc, 0x7, 0xff, 0x80, 0xff, 0xf0, 0x3f,
    0xbf, 0xf, 0xf7, 0xff, 0xfe, 0x7f, 0xff, 0xcf,
    0xfd, 0xf8, 0x7e, 0x3f,

    /* U+00FB "û" */
    0x1, 0xf0, 0x0, 0x7f, 0x0, 0x1f, 0xf0, 0x7,
    0xdf, 0x1, 0xf1, 0xf0, 0x7c, 0x1f, 0x0, 0x0,
    0x0, 0x0, 0x0, 0x0, 0x0, 0x1f, 0x80, 0xff,
    0xf0, 0x1f, 0xfe, 0x3, 0xff, 0xc0, 0x7f, 0xf8,
    0xf, 0xff, 0x1, 0xff, 0xe0, 0x3f, 0xfc, 0x7,
    0xff, 0x80, 0xff, 0xf0, 0x1f, 0xfe, 0x3, 0xff,
    0xc0, 0x7f, 0xf8, 0xf, 0xff, 0x1, 0xff, 0xe0,
    0x3f, 0xfc, 0x7, 0xff, 0x80, 0xff, 0xf0, 0x3f,
    0xbf, 0xf, 0xf7, 0xff, 0xfe, 0x7f, 0xff, 0xcf,
    0xfd, 0xf8, 0x7e, 0x3f,

    /* U+00FC "ü" */
    0x1e, 0x7, 0x87, 0xe1, 0xf8, 0xfc, 0x3f, 0xf,
    0x3, 0xc0, 0x0, 0x0, 0x0, 0x0, 0x0, 0x0,
    0x7, 0xe0, 0x3f, 0xfc, 0x7, 0xff, 0x80, 0xff,
    0xf0, 0x1f, 0xfe, 0x3, 0xff, 0xc0, 0x7f, 0xf8,
    0xf, 0xff, 0x1, 0xff, 0xe0, 0x3f, 0xfc, 0x7,
    0xff, 0x80, 0xff, 0xf0, 0x1f, 0xfe, 0x3, 0xff,
    0xc0, 0x7f, 0xf8, 0xf, 0xff, 0x1, 0xff, 0xe0,
    0x3f, 0xfc, 0xf, 0xef, 0xc3, 0xfd, 0xff, 0xff,
    0x9f, 0xff, 0xf1, 0xff, 0x7e, 0x1f, 0xcf, 0xc0,

    /* U+00FD "ý" */
    0x0, 0x1f, 0x80, 0x1, 0xf8, 0x0, 0xf, 0xc0,
    0x0, 0xfc, 0x0, 0xf, 0xc0, 0x0, 0x7c, 0x0,
    0x0, 0x0, 0x0, 0x0, 0x0, 0x0, 0x0, 0x7,
    0xe0, 0x1f, 0xbf, 0x0, 0xfd, 0xfc, 0x7, 0xe7,
    0xe0, 0x7e, 0x3f, 0x3, 0xf1, 0xfc, 0x1f, 0x87,
    0xe1, 0xf8, 0x3f, 0xf, 0xc1, 0xf8, 0x7e, 0x7,
    0xe3, 0xe0, 0x3f, 0x3f, 0x1, 0xf9, 0xf8, 0x7,
    0xcf, 0x80, 0x3f, 0xfc, 0x1, 0xff, 0xe0, 0x7,
    0xfe, 0x0, 0x3f, 0xf0, 0x1, 0xff, 0x80, 0x7,
    0xf8, 0x0, 0x3f, 0xc0, 0x1, 0xfe, 0x0, 0x7,
    0xe0, 0x0, 0x3f, 0x0, 0x1, 0xf8, 0x0, 0xf,
    0x80, 0x0, 0x7c, 0x0, 0x7, 0xe0, 0x0, 0x7e,
    0x0, 0x1f, 0xf0, 0x0, 0xff, 0x0, 0x7, 0xf0,
    0x0, 0x3e, 0x0, 0x0,

    /* U+00FE "þ" */
    0xfc, 0x0, 0xf, 0xc0, 0x0, 0xfc, 0x0, 0xf,
    0xc0, 0x0, 0xfc, 0x0, 0xf, 0xc0, 0x0, 0xfc,
    0x0, 0xf, 0xc0, 0x0, 0xfc, 0x0, 0xf, 0xc7,
    0xc0, 0xfd, 0xff, 0xf, 0xff, 0xf8, 0xff, 0xff,
    0xcf, 0xf0, 0xfe, 0xfc, 0x7, 0xef, 0xc0, 0x7e,
    0xfc, 0x3, 0xff, 0xc0, 0x3f, 0xfc, 0x3, 0xff,
    0xc0, 0x3f, 0xfc, 0x3, 0xff, 0xc0, 0x3f, 0xfc,
    0x3, 0xff, 0xc0, 0x3f, 0xfc, 0x3, 0xff, 0xc0,
    0x7e, 0xfe, 0x7, 0xef, 0xf0, 0xfe, 0xff, 0xff,
    0xcf, 0xff, 0xf8, 0xfd, 0xff, 0xf, 0xcf, 0xc0,
    0xfc, 0x0, 0xf, 0xc0, 0x0, 0xfc, 0x0, 0xf,
    0xc0, 0x0, 0xfc, 0x0, 0xf, 0xc0, 0x0, 0xfc,
    0x0, 0xf, 0xc0, 0x0, 0xfc, 0x0, 0x0,

    /* U+00FF "ÿ" */
    0xf, 0x3, 0xc0, 0x7e, 0x1f, 0x81, 0xf8, 0x7e,
    0x3, 0xc0, 0xf0, 0x0, 0x0, 0x0, 0x0, 0x0,
    0x0, 0x0, 0x0, 0x3f, 0x80, 0x7e, 0x7e, 0x1,
    0xf9, 0xf8, 0xf, 0xe7, 0xf0, 0x3f, 0xf, 0xc0,
    0xfc, 0x3f, 0x7, 0xf0, 0xfe, 0x1f, 0x81, 0xf8,
    0x7e, 0x7, 0xe1, 0xf8, 0x1f, 0x8f, 0xc0, 0x3f,
    0x3f, 0x0, 0xfc, 0xfc, 0x1, 0xf7, 0xe0, 0x7,
    0xdf, 0x80, 0x1f, 0xfe, 0x0, 0x3f, 0xf0, 0x0,
    0xff, 0xc0, 0x3, 0xfe, 0x0, 0x7, 0xf8, 0x0,
    0x1f, 0xe0, 0x0, 0x7f, 0x0, 0x0, 0xfc, 0x0,
    0x3, 0xf0, 0x0, 0xf, 0x80, 0x0, 0x3e, 0x0,
    0x1, 0xf8, 0x0, 0x7, 0xc0, 0x0, 0x3f, 0x0,
    0xf, 0xf8, 0x0, 0x3f, 0xe0, 0x0, 0xff, 0x0,
    0x3, 0xf0, 0x0, 0x0,

    /* U+0100 "Ā" */
    0x1, 0xff, 0xf8, 0x0, 0x1f, 0xff, 0x80, 0x1,
    0xff, 0xf8, 0x0, 0x0, 0x0, 0x0, 0x0, 0x0,
    0x0, 0x0, 0x0, 0x0, 0x0, 0x0, 0x0, 0x0,
    0x0, 0x1, 0xf8, 0x0, 0x0, 0x3f, 0x80, 0x0,
    0x3, 0xfc, 0x0, 0x0, 0x3f, 0xc0, 0x0, 0x7,
    0xfc, 0x0, 0x0, 0x7f, 0xe0, 0x0, 0x7, 0xfe,
    0x0, 0x0, 0xff, 0xf0, 0x0, 0xf, 0xff, 0x0,
    0x1, 0xf9, 0xf0, 0x0, 0x1f, 0x9f, 0x80, 0x1,
    0xf9, 0xf8, 0x0, 0x3f, 0xf, 0x80, 0x3, 0xf0,
    0xfc, 0x0, 0x3f, 0xf, 0xc0, 0x7, 0xe0, 0x7e,
    0x0, 0x7e, 0x7, 0xe0, 0xf, 0xe0, 0x7e, 0x0,
    0xfc, 0x3, 0xf0, 0xf, 0xff, 0xff, 0x1, 0xff,
    0xff, 0xf0, 0x1f, 0xff, 0xff, 0x81, 0xff, 0xff,
    0xf8, 0x3f, 0x80, 0x1f, 0xc3, 0xf0, 0x0, 0xfc,
    0x7f, 0x0, 0xf, 0xc7, 0xf0, 0x0, 0xfe, 0x7e,
    0x0, 0x7, 0xef, 0xe0, 0x0, 0x7e, 0xfe, 0x0,
    0x7, 0xf0,

    /* U+0101 "ā" */
    0x1f, 0xff, 0x81, 0xff, 0xf8, 0x1f, 0xff, 0x80,
    0x0, 0x0, 0x0, 0x0, 0x0, 0x0, 0x0, 0x0,
    0x0, 0x0, 0x3f, 0x80, 0x1f, 0xff, 0x3, 0xff,
    0xf8, 0x7f, 0xff, 0xc7, 0xe0, 0xfc, 0xfc, 0x7,
    0xef, 0xc0, 0x7e, 0x0, 0x7, 0xe0, 0x0, 0x7e,
    0x3, 0xff, 0xe1, 0xff, 0xfe, 0x3f, 0xff, 0xe7,
    0xf0, 0x7e, 0xfe, 0x7, 0xef, 0xc0, 0x7e, 0xfc,
    0x7, 0xef, 0xc0, 0x7e, 0xfc, 0xf, 0xef, 0xe1,
    0xfe, 0x7f, 0xff, 0xe3, 0xff, 0xfe, 0x1f, 0xf7,
    0xe0, 0xfc, 0x3f,

    /* U+0102 "Ă" */
    0x1, 0xe0, 0x78, 0x0, 0x1e, 0x7, 0x80, 0x1,
    0xe0, 0x78, 0x0, 0xf, 0xf, 0x0, 0x0, 0xff,
    0xf0, 0x0, 0x7, 0xfe, 0x0, 0x0, 0x1f, 0x80,
    0x0, 0x0, 0x0, 0x0, 0x0, 0x0, 0x0, 0x0,
    0x1, 0xf8, 0x0, 0x0, 0x3f, 0x80, 0x0, 0x3,
    0xfc, 0x0, 0x0, 0x3f, 0xc0, 0x0, 0x7, 0xfe,
    0x0, 0x0, 0x7f, 0xe0, 0x0, 0x7, 0xfe, 0x0,
    0x0, 0xff, 0xf0, 0x0, 0xf, 0xff, 0x0, 0x1,
    0xf9, 0xf0, 0x0, 0x1f, 0x9f, 0x80, 0x1, 0xf9,
    0xf8, 0x0, 0x3f, 0xf, 0x80, 0x3, 0xf0, 0xfc,
    0x0, 0x3f, 0xf, 0xc0, 0x7, 0xe0, 0x7e, 0x0,
    0x7e, 0x7, 0xe0, 0xf, 0xe0, 0x7e, 0x0, 0xfc,
    0x3, 0xf0, 0xf, 0xff, 0xff, 0x1, 0xff, 0xff,
    0xf0, 0x1f, 0xff, 0xff, 0x81, 0xff, 0xff, 0xf8,
    0x3f, 0x80, 0x1f, 0xc3, 0xf0, 0x0, 0xfc, 0x7f,
    0x0, 0xf, 0xc7, 0xf0, 0x0, 0xfe, 0x7e, 0x0,
    0x7, 0xef, 0xe0, 0x0, 0x7e, 0xfe, 0x0, 0x7,
    0xf0,

    /* U+0103 "ă" */
    0x1e, 0x7, 0x81, 0xe0, 0x78, 0xf, 0xf, 0x0,
    0xff, 0xf0, 0x7, 0xfe, 0x0, 0x1f, 0x80, 0x0,
    0x0, 0x0, 0x0, 0x0, 0x0, 0x0, 0x0, 0x3f,
    0x80, 0x1f, 0xff, 0x3, 0xff, 0xf8, 0x7f, 0xff,
    0xc7, 0xe0, 0xfc, 0xfc, 0x7, 0xef, 0xc0, 0x7e,
    0x0, 0x7, 0xe0, 0x0, 0x7e, 0x3, 0xff, 0xe1,
    0xff, 0xfe, 0x3f, 0xff, 0xe7, 0xf0, 0x7e, 0xfe,
    0x7, 0xef, 0xc0, 0x7e, 0xfc, 0x7, 0xef, 0xc0,
    0x7e, 0xfc, 0xf, 0xef, 0xe1, 0xfe, 0x7f, 0xff,
    0xe3, 0xff, 0xfe, 0x1f, 0xf7, 0xe0, 0xfc, 0x3f,

    /* U+0104 "Ą" */
    0x0, 0x1f, 0x80, 0x0, 0x1, 0xfc, 0x0, 0x0,
    0x3f, 0xc0, 0x0, 0x3, 0xfc, 0x0, 0x0, 0x7f,
    0xe0, 0x0, 0x7, 0xfe, 0x0, 0x0, 0x7f, 0xe0,
    0x0, 0xf, 0xff, 0x0, 0x0, 0xff, 0xf0, 0x0,
    0x1f, 0x9f, 0x80, 0x1, 0xf9, 0xf8, 0x0, 0x1f,
    0x9f, 0x80, 0x3, 0xf0, 0xfc, 0x0, 0x3f, 0xf,
    0xc0, 0x3, 0xf0, 0xfc, 0x0, 0x7e, 0x7, 0xe0,
    0x7, 0xe0, 0x7e, 0x0, 0xfe, 0x7, 0xe0, 0xf,
    0xc0, 0x3f, 0x0, 0xff, 0xff, 0xf0, 0x1f, 0xff,
    0xff, 0x81, 0xff, 0xff, 0xf8, 0x1f, 0xff, 0xff,
    0x83, 0xf8, 0x1, 0xfc, 0x3f, 0x0, 0xf, 0xc7,
    0xf0, 0x0, 0xfc, 0x7f, 0x0, 0xf, 0xe7, 0xe0,
    0x0, 0x7e, 0xfe, 0x0, 0x7, 0xef, 0xe0, 0x0,
    0x7f, 0x0, 0x0, 0x7, 0xc0, 0x0, 0x0, 0xf0,
    0x0, 0x0, 0x1f, 0x0, 0x0, 0x1, 0xe0, 0x0,
    0x0, 0x1e, 0x0, 0x0, 0x1, 0xe0, 0x0, 0x0,
    0x1f, 0xc0, 0x0, 0x0, 0xfc, 0x0, 0x0, 0x7,
    0xc0,

    /* U+0105 "ą" */
    0x3, 0xf8, 0x0, 0xff, 0xf0, 0x3f, 0xff, 0x87,
    0xff, 0xfc, 0x7e, 0xf, 0xcf, 0xe0, 0x7e, 0xfc,
    0x7, 0xe0, 0x0, 0x7e, 0x0, 0x7, 0xe0, 0x0,
    0x7e, 0x3, 0xff, 0xe1, 0xff, 0xfe, 0x3f, 0xff,
    0xe7, 0xf0, 0x7e, 0xfe, 0x7, 0xef, 0xc0, 0x7e,
    0xfc, 0x7, 0xef, 0xc0, 0xfe, 0xfe, 0x1f, 0xe7,
    0xff, 0xfe, 0x7f, 0xff, 0xe3, 0xff, 0x7e, 0xf,
    0xc3, 0xf0, 0x0, 0x7c, 0x0, 0xf, 0x80, 0x1,
    0xf0, 0x0, 0x1e, 0x0, 0x1, 0xe0, 0x0, 0x1e,
    0x20, 0x1, 0xfe, 0x0, 0xf, 0xe0, 0x0, 0x7e,

    /* U+0106 "Ć" */
    0x0, 0x7, 0xe0, 0x0, 0xf, 0xc0, 0x0, 0xf,
    0x80, 0x0, 0x1f, 0x80, 0x0, 0x3f, 0x0, 0x0,
    0x3e, 0x0, 0x0, 0x0, 0x0, 0x0, 0x0, 0x0,
    0x0, 0x0, 0x0, 0x0, 0x7f, 0x0, 0x3, 0xff,
    0xe0, 0x7, 0xff, 0xf0, 0xf, 0xff, 0xf8, 0x1f,
    0xc1, 0xfc, 0x3f, 0x0, 0x7e, 0x3e, 0x0, 0x7e,
    0x7e, 0x0, 0x3f, 0x7e, 0x0, 0x3f, 0xfc, 0x0,
    0x3f, 0xfc, 0x0, 0x0, 0xfc, 0x0, 0x0, 0xfc,
    0x0, 0x0, 0xfc, 0x0, 0x0, 0xfc, 0x0, 0x0,
    0xfc, 0x0, 0x0, 0xfc, 0x0, 0x0, 0xfc, 0x0,
    0x0, 0xfc, 0x0, 0x0, 0xfc, 0x0, 0x0, 0xfc,
    0x0, 0x3f, 0x7e, 0x0, 0x3f, 0x7e, 0x0, 0x3f,
    0x7e, 0x0, 0x7e, 0x3f, 0x0, 0x7e, 0x1f, 0xc1,
    0xfc, 0x1f, 0xff, 0xfc, 0x7, 0xff, 0xf8, 0x3,
    0xff, 0xe0, 0x0, 0xff, 0x80,

    /* U+0107 "ć" */
    0x0, 0x1f, 0x80, 0x3, 0xf0, 0x0, 0x7e, 0x0,
    0x7, 0xc0, 0x0, 0xf8, 0x0, 0x1f, 0x0, 0x0,
    0x0, 0x0, 0x0, 0x0, 0x0, 0x0, 0x0, 0x1f,
    0xc0, 0x7, 0xff, 0x1, 0xff, 0xfc, 0x3f, 0xff,
    0xc3, 0xf0, 0xfe, 0x7e, 0x7, 0xf7, 0xe0, 0x3f,
    0xfc, 0x3, 0xff, 0xc0, 0x0, 0xfc, 0x0, 0xf,
    0xc0, 0x0, 0xfc, 0x0, 0xf, 0xc0, 0x0, 0xfc,
    0x0, 0xf, 0xc0, 0x0, 0xfc, 0x3, 0xf7, 0xe0,
    0x3f, 0x7e, 0x7, 0xf3, 0xf0, 0xfe, 0x3f, 0xff,
    0xe1, 0xff, 0xfc, 0x7, 0xff, 0x0, 0x1f, 0xc0,

    /* U+0108 "Ĉ" */
    0x0, 0x3c, 0x0, 0x0, 0x7f, 0x0, 0x0, 0xff,
    0x80, 0x3, 0xe7, 0xc0, 0x7, 0xc3, 0xe0, 0xf,
    0x81, 0xf0, 0x0, 0x0, 0x0, 0x0, 0x0, 0x0,
    0x0, 0x0, 0x0, 0x0, 0x7f, 0x0, 0x3, 0xff,
    0xe0, 0x7, 0xff, 0xf0, 0xf, 0xff, 0xf8, 0x1f,
    0xc1, 0xfc, 0x3f, 0x0, 0x7e, 0x3e, 0x0, 0x7e,
    0x7e, 0x0, 0x3f, 0x7e, 0x0, 0x3f, 0xfc, 0x0,
    0x3f, 0xfc, 0x0, 0x0, 0xfc, 0x0, 0x0, 0xfc,
    0x0, 0x0, 0xfc, 0x0, 0x0, 0xfc, 0x0, 0x0,
    0xfc, 0x0, 0x0, 0xfc, 0x0, 0x0, 0xfc, 0x0,
    0x0, 0xfc, 0x0, 0x0, 0xfc, 0x0, 0x0, 0xfc,
    0x0, 0x3f, 0x7e, 0x0, 0x3f, 0x7e, 0x0, 0x3f,
    0x7e, 0x0, 0x7e, 0x3f, 0x0, 0x7e, 0x1f, 0xc1,
    0xfc, 0x1f, 0xff, 0xfc, 0x7, 0xff, 0xf8, 0x3,
    0xff, 0xe0, 0x0, 0xff, 0x80,

    /* U+0109 "ĉ" */
    0x1, 0xf0, 0x0, 0x3f, 0x80, 0x7, 0xfc, 0x0,
    0xfb, 0xe0, 0x1f, 0x1f, 0x3, 0xe0, 0x7c, 0x0,
    0x0, 0x0, 0x0, 0x0, 0x0, 0x0, 0x0, 0x1f,
    0xc0, 0x7, 0xff, 0x1, 0xff, 0xfc, 0x3f, 0xff,
    0xc3, 0xf0, 0xfe, 0x7e, 0x7, 0xf7, 0xe0, 0x3f,
    0xfc, 0x3, 0xff, 0xc0, 0x0, 0xfc, 0x0, 0xf,
    0xc0, 0x0, 0xfc, 0x0, 0xf, 0xc0, 0x0, 0xfc,
    0x0, 0xf, 0xc0, 0x0, 0xfc, 0x3, 0xf7, 0xe0,
    0x3f, 0x7e, 0x7, 0xf3, 0xf0, 0xfe, 0x3f, 0xff,
    0xe1, 0xff, 0xfc, 0x7, 0xff, 0x0, 0x1f, 0xc0,

    /* U+010A "Ċ" */
    0x0, 0x3c, 0x0, 0x0, 0x7e, 0x0, 0x0, 0x7e,
    0x0, 0x0, 0x3c, 0x0, 0x0, 0x0, 0x0, 0x0,
    0x0, 0x0, 0x0, 0x0, 0x0, 0x0, 0x0, 0x0,
    0x0, 0x0, 0x0, 0x0, 0x7f, 0x0, 0x3, 0xff,
    0xe0, 0x7, 0xff, 0xf0, 0xf, 0xff, 0xf8, 0x1f,
    0xc1, 0xfc, 0x3f, 0x0, 0x7e, 0x3e, 0x0, 0x7e,
    0x7e, 0x0, 0x3f, 0x7e, 0x0, 0x3f, 0xfc, 0x0,
    0x3f, 0xfc, 0x0, 0x0, 0xfc, 0x0, 0x0, 0xfc,
    0x0, 0x0, 0xfc, 0x0, 0x0, 0xfc, 0x0, 0x0,
    0xfc, 0x0, 0x0, 0xfc, 0x0, 0x0, 0xfc, 0x0,
    0x0, 0xfc, 0x0, 0x0, 0xfc, 0x0, 0x0, 0xfc,
    0x0, 0x3f, 0x7e, 0x0, 0x3f, 0x7e, 0x0, 0x3f,
    0x7e, 0x0, 0x7e, 0x3f, 0x0, 0x7e, 0x1f, 0xc1,
    0xfc, 0x1f, 0xff, 0xfc, 0x7, 0xff, 0xf8, 0x3,
    0xff, 0xe0, 0x0, 0xff, 0x80,

    /* U+010B "ċ" */
    0x0, 0xf0, 0x0, 0x1f, 0x80, 0x1, 0xf8, 0x0,
    0xf, 0x0, 0x0, 0x0, 0x0, 0x0, 0x0, 0x0,
    0x0, 0x0, 0x0, 0x0, 0x0, 0x0, 0x0, 0x1f,
    0xc0, 0x7, 0xff, 0x1, 0xff, 0xfc, 0x3f, 0xff,
    0xc3, 0xf0, 0xfe, 0x7e, 0x7, 0xf7, 0xe0, 0x3f,
    0xfc, 0x3, 0xff, 0xc0, 0x0, 0xfc, 0x0, 0xf,
    0xc0, 0x0, 0xfc, 0x0, 0xf, 0xc0, 0x0, 0xfc,
    0x0, 0xf, 0xc0, 0x0, 0xfc, 0x3, 0xf7, 0xe0,
    0x3f, 0x7e, 0x7, 0xf3, 0xf0, 0xfe, 0x3f, 0xff,
    0xe1, 0xff, 0xfc, 0x7, 0xff, 0x0, 0x1f, 0xc0,

    /* U+010C "Č" */
    0x7, 0xc1, 0xf0, 0x7, 0xc3, 0xe0, 0x3, 0xe7,
    0xc0, 0x1, 0xff, 0x80, 0x0, 0xff, 0x0, 0x0,
    0x7e, 0x0, 0x0, 0x3c, 0x0, 0x0, 0x0, 0x0,
    0x0, 0x0, 0x0, 0x0, 0x7f, 0x80, 0x3, 0xff,
    0xe0, 0x7, 0xff, 0xf8, 0xf, 0xff, 0xfc, 0x1f,
    0xc1, 0xfe, 0x3f, 0x0, 0x7e, 0x3e, 0x0, 0x7f,
    0x7e, 0x0, 0x3f, 0x7e, 0x0, 0x3f, 0xfc, 0x0,
    0x0, 0xfc, 0x0, 0x0, 0xfc, 0x0, 0x0, 0xfc,
    0x0, 0x0, 0xfc, 0x0, 0x0, 0xfc, 0x0, 0x0,
    0xfc, 0x0, 0x0, 0xfc, 0x0, 0x0, 0xfc, 0x0,
    0x0, 0xfc, 0x0, 0x0, 0xfc, 0x0, 0x0, 0xfc,
    0x0, 0x3f, 0x7e, 0x0, 0x3f, 0x7e, 0x0, 0x3f,
    0x7e, 0x0, 0x7e, 0x3f, 0x0, 0xfe, 0x1f, 0xc1,
    0xfc, 0x1f, 0xff, 0xf8, 0x7, 0xff, 0xf0, 0x3,
    0xff, 0xe0, 0x0, 0xff, 0x0,

    /* U+010D "č" */
    0x3e, 0xf, 0xc1, 0xf1, 0xf8, 0xf, 0xbf, 0x0,
    0x7f, 0xc0, 0x3, 0xf8, 0x0, 0x1f, 0x0, 0x0,
    0x0, 0x0, 0x0, 0x0, 0x0, 0x0, 0x0, 0x1f,
    0xc0, 0x7, 0xff, 0x1, 0xff, 0xf8, 0x3f, 0xff,
    0xc3, 0xf0, 0xfe, 0x7e, 0x7, 0xe7, 0xe0, 0x3f,
    0xfc, 0x3, 0xff, 0xc0, 0x3f, 0xfc, 0x0, 0xf,
    0xc0, 0x0, 0xfc, 0x0, 0xf, 0xc0, 0x0, 0xfc,
    0x0, 0xf, 0xc0, 0x0, 0xfc, 0x3, 0xf7, 0xe0,
    0x3f, 0x7e, 0x7, 0xf3, 0xf0, 0xfe, 0x3f, 0xff,
    0xe1, 0xff, 0xfc, 0x7, 0xff, 0x0, 0x1f, 0xc0,

    /* U+010E "Ď" */
    0xf8, 0x1f, 0x0, 0xf8, 0x7e, 0x0, 0xf9, 0xf0,
    0x0, 0xff, 0xc0, 0x0, 0xff, 0x0, 0x0, 0xfc,
    0x0, 0x0, 0xf0, 0x0, 0x0, 0x0, 0x0, 0x0,
    0x0, 0x1, 0xff, 0xf0, 0x3, 0xff, 0xfc, 0x7,
    0xff, 0xfe, 0xf, 0xff, 0xfe, 0x1f, 0x81, 0xfe,
    0x3f, 0x0, 0xfc, 0x7e, 0x0, 0xfc, 0xfc, 0x0,
    0xfd, 0xf8, 0x1, 0xfb, 0xf0, 0x3, 0xf7, 0xe0,
    0x3, 0xff, 0xc0, 0x7, 0xff, 0x80, 0xf, 0xff,
    0x0, 0x1f, 0xfe, 0x0, 0x3f, 0xfc, 0x0, 0x7f,
    0xf8, 0x0, 0xff, 0xf0, 0x1, 0xff, 0xe0, 0x3,
    0xff, 0xc0, 0x7, 0xff, 0x80, 0x1f, 0xbf, 0x0,
    0x3f, 0x7e, 0x0, 0x7e, 0xfc, 0x1, 0xf9, 0xf8,
    0x7, 0xe3, 0xf0, 0x3f, 0xc7, 0xff, 0xff, 0xf,
    0xff, 0xf8, 0x1f, 0xff, 0xe0, 0x3f, 0xfe, 0x0,
    0x0,

    /* U+010F "ď" */
    0x0, 0x3, 0xf1, 0xe0, 0x0, 0x7e, 0x3c, 0x0,
    0xf, 0xc7, 0x80, 0x1, 0xf8, 0xf0, 0x0, 0x3f,
    0x1e, 0x0, 0x7, 0xe7, 0x80, 0x0, 0xfc, 0xf0,
    0x0, 0x1f, 0x9c, 0x0, 0x3, 0xf0, 0x0, 0x7c,
    0x7e, 0x0, 0x3f, 0xef, 0xc0, 0xf, 0xff, 0xf8,
    0x3, 0xff, 0xff, 0x0, 0xfe, 0x1f, 0xe0, 0x1f,
    0x81, 0xfc, 0x3, 0xf0, 0x1f, 0x80, 0xfc, 0x3,
    0xf0, 0x1f, 0x80, 0x7e, 0x3, 0xf0, 0xf, 0xc0,
    0x7e, 0x1, 0xf8, 0xf, 0xc0, 0x3f, 0x1, 0xf8,
    0x7, 0xe0, 0x3f, 0x0, 0xfc, 0x7, 0xe0, 0x1f,
    0x80, 0xfc, 0x3, 0xf0, 0xf, 0xc0, 0x7e, 0x1,
    0xf8, 0x1f, 0xc0, 0x3f, 0x87, 0xf8, 0x3, 0xff,
    0xff, 0x0, 0x3f, 0xff, 0xe0, 0x3, 0xfe, 0xfc,
    0x0, 0x1f, 0xf, 0x80,

    /* U+0110 "Đ" */
    0x1f, 0xff, 0x0, 0x7, 0xff, 0xf8, 0x1, 0xff,
    0xff, 0x80, 0x7f, 0xff, 0xf0, 0x1f, 0x81, 0xfe,
    0x7, 0xe0, 0x1f, 0x81, 0xf8, 0x3, 0xf0, 0x7e,
    0x0, 0x7e, 0x1f, 0x80, 0x1f, 0x87, 0xe0, 0x7,
    0xe1, 0xf8, 0x0, 0xfc, 0x7e, 0x0, 0x3f, 0x1f,
    0x80, 0xf, 0xff, 0xff, 0x3, 0xff, 0xff, 0xc0,
    0xff, 0xff, 0xf0, 0x3f, 0x1f, 0x80, 0xf, 0xc7,
    0xe0, 0x3, 0xf1, 0xf8, 0x0, 0xfc, 0x7e, 0x0,
    0x3f, 0x1f, 0x80, 0x1f, 0x87, 0xe0, 0x7, 0xe1,
    0xf8, 0x1, 0xf8, 0x7e, 0x0, 0xfc, 0x1f, 0x80,
    0x7e, 0x7, 0xe0, 0x7f, 0x81, 0xff, 0xff, 0xc0,
    0x7f, 0xff, 0xc0, 0x1f, 0xff, 0xe0, 0x7, 0xff,
    0xc0, 0x0,

    /* U+0111 "đ" */
    0x0, 0x3, 0xf0, 0x0, 0x7, 0xe0, 0x0, 0xf,
    0xc0, 0x3, 0xff, 0xf0, 0x7, 0xff, 0xe0, 0xf,
    0xff, 0xc0, 0x0, 0xfc, 0x0, 0x1, 0xf8, 0x0,
    0x3, 0xf0, 0x7, 0xc7, 0xe0, 0x3f, 0xef, 0xc0,
    0xff, 0xff, 0x83, 0xff, 0xff, 0xf, 0xe1, 0xfe,
    0x1f, 0x81, 0xfc, 0x3f, 0x1, 0xf8, 0xfc, 0x3,
    0xf1, 0xf8, 0x7, 0xe3, 0xf0, 0xf, 0xc7, 0xe0,
    0x1f, 0x8f, 0xc0, 0x3f, 0x1f, 0x80, 0x7e, 0x3f,
    0x0, 0xfc, 0x7e, 0x1, 0xf8, 0xfc, 0x3, 0xf0,
    0xfc, 0x7, 0xe1, 0xf8, 0x1f, 0xc3, 0xf8, 0x7f,
    0x83, 0xff, 0xff, 0x3, 0xff, 0xfe, 0x3, 0xfe,
    0xfc, 0x1, 0xf0, 0xf8,

    /* U+0112 "Ē" */
    0x1f, 0xff, 0x81, 0xff, 0xf8, 0x1f, 0xff, 0x80,
    0x0, 0x0, 0x0, 0x0, 0x0, 0x0, 0x0, 0x0,
    0x0, 0xf, 0xff, 0xff, 0xff, 0xff, 0xff, 0xff,
    0xff, 0xff, 0xff, 0xff, 0xc0, 0x0, 0xfc, 0x0,
    0xf, 0xc0, 0x0, 0xfc, 0x0, 0xf, 0xc0, 0x0,
    0xfc, 0x0, 0xf, 0xc0, 0x0, 0xfc, 0x0, 0xf,
    0xff, 0xfc, 0xff, 0xff, 0xcf, 0xff, 0xfc, 0xff,
    0xff, 0xcf, 0xc0, 0x0, 0xfc, 0x0, 0xf, 0xc0,
    0x0, 0xfc, 0x0, 0xf, 0xc0, 0x0, 0xfc, 0x0,
    0xf, 0xc0, 0x0, 0xfc, 0x0, 0xf, 0xc0, 0x0,
    0xfc, 0x0, 0xf, 0xff, 0xff, 0xff, 0xff, 0xff,
    0xff, 0xff, 0xff, 0xff, 0xf0,

    /* U+0113 "ē" */
    0x1f, 0xff, 0x81, 0xff, 0xf8, 0x1f, 0xff, 0x80,
    0x0, 0x0, 0x0, 0x0, 0x0, 0x0, 0x0, 0x0,
    0x0, 0x0, 0x1f, 0xc0, 0x7, 0xff, 0x1, 0xff,
    0xf8, 0x3f, 0xff, 0xc3, 0xf0, 0xfe, 0x7e, 0x7,
    0xe7, 0xe0, 0x3e, 0xfc, 0x3, 0xff, 0xc0, 0x3f,
    0xff, 0xff, 0xff, 0xff, 0xff, 0xff, 0xff, 0xff,
    0xff, 0xff, 0xfc, 0x0, 0xf, 0xc0, 0x0, 0xfe,
    0x0, 0x7, 0xe0, 0x0, 0x7f, 0x0, 0xc3, 0xf8,
    0x3e, 0x1f, 0xff, 0xf0, 0xff, 0xfe, 0x7, 0xff,
    0x80, 0x1f, 0xe0,

    /* U+0114 "Ĕ" */
    0x1e, 0x7, 0x81, 0xe0, 0x78, 0x1e, 0x7, 0x80,
    0xf0, 0xf0, 0xf, 0xff, 0x0, 0x7f, 0xe0, 0x1,
    0xf8, 0x0, 0x0, 0x0, 0x0, 0x0, 0xf, 0xff,
    0xff, 0xff, 0xff, 0xff, 0xff, 0xff, 0xff, 0xff,
    0xff, 0xc0, 0x0, 0xfc, 0x0, 0xf, 0xc0, 0x0,
    0xfc, 0x0, 0xf, 0xc0, 0x0, 0xfc, 0x0, 0xf,
    0xc0, 0x0, 0xfc, 0x0, 0xf, 0xff, 0xfc, 0xff,
    0xff, 0xcf, 0xff, 0xfc, 0xff, 0xff, 0xcf, 0xc0,
    0x0, 0xfc, 0x0, 0xf, 0xc0, 0x0, 0xfc, 0x0,
    0xf, 0xc0, 0x0, 0xfc, 0x0, 0xf, 0xc0, 0x0,
    0xfc, 0x0, 0xf, 0xc0, 0x0, 0xfc, 0x0, 0xf,
    0xff, 0xff, 0xff, 0xff, 0xff, 0xff, 0xff, 0xff,
    0xff, 0xf0,

    /* U+0115 "ĕ" */
    0x1e, 0x7, 0x81, 0xe0, 0x78, 0x1f, 0xf, 0x0,
    0xff, 0xf0, 0x7, 0xfe, 0x0, 0x1f, 0x80, 0x0,
    0x0, 0x0, 0x0, 0x0, 0x0, 0x0, 0x0, 0x1f,
    0xc0, 0x7, 0xff, 0x1, 0xff, 0xf8, 0x3f, 0xff,
    0xc3, 0xf0, 0xfe, 0x7e, 0x7, 0xe7, 0xe0, 0x3e,
    0xfc, 0x3, 0xff, 0xc0, 0x3f, 0xff, 0xff, 0xff,
    0xff, 0xff, 0xff, 0xff, 0xff, 0xff, 0xff, 0xfc,
    0x0, 0xf, 0xc0, 0x0, 0xfe, 0x0, 0x7, 0xe0,
    0x0, 0x7f, 0x0, 0xc3, 0xf8, 0x3e, 0x1f, 0xff,
    0xf0, 0xff, 0xfe, 0x7, 0xff, 0x80, 0x1f, 0xe0,

    /* U+0116 "Ė" */
    0x0, 0xf0, 0x0, 0x1f, 0x80, 0x1, 0xf8, 0x0,
    0xf, 0x0, 0x0, 0x0, 0x0, 0x0, 0x0, 0x0,
    0x0, 0x0, 0x0, 0x0, 0xff, 0xff, 0xff, 0xff,
    0xff, 0xff, 0xff, 0xff, 0xff, 0xff, 0xfc, 0x0,
    0xf, 0xc0, 0x0, 0xfc, 0x0, 0xf, 0xc0, 0x0,
    0xfc, 0x0, 0xf, 0xc0, 0x0, 0xfc, 0x0, 0xf,
    0xc0, 0x0, 0xff, 0xff, 0xcf, 0xff, 0xfc, 0xff,
    0xff, 0xcf, 0xff, 0xfc, 0xfc, 0x0, 0xf, 0xc0,
    0x0, 0xfc, 0x0, 0xf, 0xc0, 0x0, 0xfc, 0x0,
    0xf, 0xc0, 0x0, 0xfc, 0x0, 0xf, 0xc0, 0x0,
    0xfc, 0x0, 0xf, 0xc0, 0x0, 0xff, 0xff, 0xff,
    0xff, 0xff, 0xff, 0xff, 0xff, 0xff, 0xff,

    /* U+0117 "ė" */
    0x0, 0xf0, 0x0, 0x1f, 0x80, 0x1, 0xf8, 0x0,
    0xf, 0x0, 0x0, 0x0, 0x0, 0x0, 0x0, 0x0,
    0x0, 0x0, 0x0, 0x0, 0x0, 0x0, 0x0, 0x1f,
    0xc0, 0x7, 0xff, 0x1, 0xff, 0xf8, 0x3f, 0xff,
    0xc3, 0xf0, 0xfe, 0x7e, 0x7, 0xe7, 0xe0, 0x3e,
    0xfc, 0x3, 0xff, 0xc0, 0x3f, 0xff, 0xff, 0xff,
    0xff, 0xff, 0xff, 0xff, 0xff, 0xff, 0xff, 0xfc,
    0x0, 0xf, 0xc0, 0x0, 0xfe, 0x0, 0x7, 0xe0,
    0x8, 0x7f, 0x1, 0xc3, 0xf8, 0x3e, 0x1f, 0xff,
    0xe0, 0xff, 0xfc, 0x7, 0xff, 0x80, 0x1f, 0xe0,

    /* U+0118 "Ę" */
    0xff, 0xff, 0xff, 0xff, 0xff, 0xff, 0xff, 0xff,
    0xff, 0xff, 0xfc, 0x0, 0xf, 0xc0, 0x0, 0xfc,
    0x0, 0xf, 0xc0, 0x0, 0xfc, 0x0, 0xf, 0xc0,
    0x0, 0xfc, 0x0, 0xf, 0xc0, 0x0, 0xfc, 0x0,
    0xf, 0xff, 0xfc, 0xff, 0xff, 0xcf, 0xff, 0xfc,
    0xff, 0xff, 0xcf, 0xc0, 0x0, 0xfc, 0x0, 0xf,
    0xc0, 0x0, 0xfc, 0x0, 0xf, 0xc0, 0x0, 0xfc,
    0x0, 0xf, 0xc0, 0x0, 0xfc, 0x0, 0xf, 0xc0,
    0x0, 0xff, 0xff, 0xff, 0xff, 0xff, 0xff, 0xff,
    0xff, 0xff, 0xff, 0x0, 0x1f, 0x0, 0x3, 0xe0,
    0x0, 0x7c, 0x0, 0x7, 0x80, 0x0, 0x78, 0x0,
    0x7, 0x80, 0x0, 0x7f, 0x80, 0x3, 0xf8, 0x0,
    0x1f, 0x80,

    /* U+0119 "ę" */
    0x1, 0xfc, 0x0, 0x7f, 0xf0, 0x1f, 0xff, 0x83,
    0xff, 0xfc, 0x3f, 0xf, 0xe7, 0xe0, 0x7e, 0x7e,
    0x3, 0xef, 0xc0, 0x3f, 0xfc, 0x3, 0xff, 0xff,
    0xff, 0xff, 0xff, 0xff, 0xff, 0xff, 0xff, 0xff,
    0xff, 0xc0, 0x0, 0xfc, 0x0, 0xf, 0xe0, 0x0,
    0x7e, 0x0, 0x87, 0xf0, 0x1c, 0x3f, 0x83, 0xe1,
    0xff, 0xfe, 0xf, 0xff, 0xc0, 0x7f, 0xf8, 0x1,
    0xfe, 0x0, 0x3, 0xc0, 0x0, 0x78, 0x0, 0x7,
    0x80, 0x0, 0x78, 0x0, 0x7, 0xf0, 0x0, 0x3f,
    0x0, 0x1, 0xf0,

    /* U+011A "Ě" */
    0x3e, 0x7, 0xc1, 0xf0, 0xfc, 0xf, 0x9f, 0x80,
    0x7f, 0xe0, 0x3, 0xfc, 0x0, 0x1f, 0x80, 0x0,
    0xf0, 0x0, 0x0, 0x0, 0x0, 0x0, 0xf, 0xff,
    0xff, 0xff, 0xff, 0xff, 0xff, 0xff, 0xff, 0xff,
    0xff, 0xc0, 0x0, 0xfc, 0x0, 0xf, 0xc0, 0x0,
    0xfc, 0x0, 0xf, 0xc0, 0x0, 0xfc, 0x0, 0xf,
    0xc0, 0x0, 0xfc, 0x0, 0xf, 0xff, 0xfc, 0xff,
    0xff, 0xcf, 0xff, 0xfc, 0xff, 0xff, 0xcf, 0xc0,
    0x0, 0xfc, 0x0, 0xf, 0xc0, 0x0, 0xfc, 0x0,
    0xf, 0xc0, 0x0, 0xfc, 0x0, 0xf, 0xc0, 0x0,
    0xfc, 0x0, 0xf, 0xc0, 0x0, 0xfc, 0x0, 0xf,
    0xff, 0xff, 0xff, 0xff, 0xff, 0xff, 0xff, 0xff,
    0xff, 0xf0,

    /* U+011B "ě" */
    0x3e, 0xf, 0x81, 0xf1, 0xf0, 0xf, 0xbe, 0x0,
    0x7f, 0xc0, 0x3, 0xf8, 0x0, 0x1f, 0x0, 0x0,
    0x0, 0x0, 0x0, 0x0, 0x0, 0x0, 0x0, 0x1f,
    0xc0, 0x7, 0xff, 0x1, 0xff, 0xf8, 0x3f, 0xff,
    0xc3, 0xf0, 0xfe, 0x7e, 0x7, 0xe7, 0xe0, 0x3e,
    0xfc, 0x3, 0xff, 0xc0, 0x3f, 0xff, 0xff, 0xff,
    0xff, 0xff, 0xff, 0xff, 0xff, 0xff, 0xff, 0xfc,
    0x0, 0xf, 0xc0, 0x0, 0xfe, 0x0, 0x7, 0xe0,
    0x8, 0x7f, 0x1, 0xc3, 0xf8, 0x3e, 0x1f, 0xff,
    0xe0, 0xff, 0xfc, 0x7, 0xff, 0x80, 0x1f, 0xe0,

    /* U+011C "Ĝ" */
    0x0, 0x3c, 0x0, 0x0, 0x7f, 0x0, 0x1, 0xff,
    0x80, 0x3, 0xe7, 0xc0, 0x7, 0xc3, 0xe0, 0xf,
    0x81, 0xf0, 0x0, 0x0, 0x0, 0x0, 0x0, 0x0,
    0x0, 0x0, 0x0, 0x0, 0x7f, 0x80, 0x3, 0xff,
    0xe0, 0x7, 0xff, 0xf8, 0xf, 0xff, 0xfc, 0x1f,
    0xc1, 0xfc, 0x3f, 0x80, 0x7e, 0x7f, 0x0, 0x7e,
    0x7e, 0x0, 0x3f, 0x7e, 0x0, 0x3f, 0xfc, 0x0,
    0x0, 0xfc, 0x0, 0x0, 0xfc, 0x0, 0x0, 0xfc,
    0x0, 0x0, 0xfc, 0x0, 0x0, 0xfc, 0xf, 0xff,
    0xfc, 0xf, 0xff, 0xfc, 0xf, 0xff, 0xfc, 0xf,
    0xff, 0xfc, 0x0, 0x3f, 0xfc, 0x0, 0x3f, 0xfc,
    0x0, 0x3f, 0x7e, 0x0, 0x3f, 0x7e, 0x0, 0x3f,
    0x3f, 0x0, 0x3f, 0x3f, 0x80, 0x3f, 0x1f, 0xc0,
    0xff, 0xf, 0xff, 0xff, 0x7, 0xff, 0xfe, 0x3,
    0xff, 0xf8, 0x0, 0x7f, 0xc0,

    /* U+011D "ĝ" */
    0x0, 0xf0, 0x0, 0x1f, 0x80, 0x7, 0xfc, 0x0,
    0xfb, 0xe0, 0x1f, 0x1f, 0x3, 0xe0, 0xf8, 0x0,
    0x0, 0x0, 0x0, 0x0, 0x0, 0x0, 0x0, 0x3f,
    0x1f, 0xf, 0xfb, 0xf1, 0xff, 0xff, 0x3f, 0xff,
    0xf7, 0xf8, 0xff, 0x7f, 0x3, 0xf7, 0xe0, 0x3f,
    0xfc, 0x3, 0xff, 0xc0, 0x3f, 0xfc, 0x3, 0xff,
    0xc0, 0x3f, 0xfc, 0x3, 0xff, 0xc0, 0x3f, 0xfc,
    0x3, 0xff, 0xc0, 0x3f, 0xfc, 0x3, 0xf7, 0xe0,
    0x3f, 0x7e, 0x3, 0xf3, 0xf8, 0xff, 0x3f, 0xff,
    0xf1, 0xff, 0xff, 0xf, 0xfb, 0xf0, 0x3f, 0x3f,
    0x0, 0x3, 0xf0, 0x0, 0x3f, 0x8, 0x7, 0xf1,
    0xc0, 0x7e, 0x3e, 0x1f, 0xe3, 0xff, 0xfc, 0x3f,
    0xff, 0x81, 0xff, 0xf0, 0x3, 0xf8, 0x0,

    /* U+011E "Ğ" */
    0x7, 0x81, 0xe0, 0x7, 0x81, 0xe0, 0x7, 0xc3,
    0xc0, 0x3, 0xff, 0xc0, 0x1, 0xff, 0x80, 0x0,
    0x7e, 0x0, 0x0, 0x0, 0x0, 0x0, 0x0, 0x0,
    0x0, 0x0, 0x0, 0x0, 0x7f, 0x80, 0x3, 0xff,
    0xf0, 0x7, 0xff, 0xf8, 0xf, 0xff, 0xfc, 0x1f,
    0xc1, 0xfe, 0x3f, 0x80, 0x7e, 0x7f, 0x0, 0x3f,
    0x7e, 0x0, 0x3f, 0x7e, 0x0, 0x0, 0xfc, 0x0,
    0x0, 0xfc, 0x0, 0x0, 0xfc, 0x0, 0x0, 0xfc,
    0x0, 0x0, 0xfc, 0x0, 0x0, 0xfc, 0xf, 0xff,
    0xfc, 0xf, 0xff, 0xfc, 0xf, 0xff, 0xfc, 0xf,
    0xff, 0xfc, 0x0, 0x3f, 0xfc, 0x0, 0x3f, 0xfc,
    0x0, 0x3f, 0x7e, 0x0, 0x3f, 0x7e, 0x0, 0x3f,
    0x3f, 0x0, 0x3f, 0x3f, 0x80, 0x3f, 0x1f, 0xc0,
    0xff, 0xf, 0xff, 0xff, 0x7, 0xff, 0xfe, 0x3,
    0xff, 0xf8, 0x0, 0x7f, 0xc0,

    /* U+011F "ğ" */
    0x1e, 0x7, 0x81, 0xe0, 0x78, 0xf, 0xf, 0x0,
    0xff, 0xf0, 0x7, 0xfe, 0x0, 0x1f, 0x80, 0x0,
    0x0, 0x0, 0x0, 0x0, 0x0, 0x0, 0x0, 0x3f,
    0x1f, 0xf, 0xff, 0xf1, 0xff, 0xff, 0x3f, 0xff,
    0xf7, 0xf8, 0xff, 0x7f, 0x3, 0xf7, 0xe0, 0x3f,
    0xfc, 0x3, 0xff, 0xc0, 0x3f, 0xfc, 0x3, 0xff,
    0xc0, 0x3f, 0xfc, 0x3, 0xff, 0xc0, 0x3f, 0xfc,
    0x3, 0xff, 0xc0, 0x3f, 0xfc, 0x3, 0xf7, 0xe0,
    0x3f, 0x7e, 0x3, 0xf3, 0xf8, 0xff, 0x3f, 0xff,
    0xf1, 0xff, 0xff, 0xf, 0xfb, 0xf0, 0x3f, 0x3f,
    0x0, 0x3, 0xf0, 0x0, 0x3f, 0x8, 0x7, 0xf1,
    0xc0, 0x7e, 0x3e, 0x1f, 0xe3, 0xff, 0xfc, 0x3f,
    0xff, 0x81, 0xff, 0xf0, 0x3, 0xf8, 0x0,

    /* U+0120 "Ġ" */
    0x0, 0x3c, 0x0, 0x0, 0x7e, 0x0, 0x0, 0x7e,
    0x0, 0x0, 0x3c, 0x0, 0x0, 0x0, 0x0, 0x0,
    0x0, 0x0, 0x0, 0x0, 0x0, 0x0, 0x0, 0x0,
    0x0, 0x0, 0x0, 0x0, 0x7f, 0x80, 0x3, 0xff,
    0xe0, 0x7, 0xff, 0xf8, 0xf, 0xff, 0xfc, 0x1f,
    0xc1, 0xfc, 0x3f, 0x80, 0x7e, 0x7f, 0x0, 0x7e,
    0x7e, 0x0, 0x3f, 0x7e, 0x0, 0x3f, 0xfc, 0x0,
    0x0, 0xfc, 0x0, 0x0, 0xfc, 0x0, 0x0, 0xfc,
    0x0, 0x0, 0xfc, 0x0, 0x0, 0xfc, 0xf, 0xff,
    0xfc, 0xf, 0xff, 0xfc, 0xf, 0xff, 0xfc, 0xf,
    0xff, 0xfc, 0x0, 0x3f, 0xfc, 0x0, 0x3f, 0xfc,
    0x0, 0x3f, 0x7e, 0x0, 0x3f, 0x7e, 0x0, 0x3f,
    0x3f, 0x0, 0x3f, 0x3f, 0x80, 0x3f, 0x1f, 0xc0,
    0xff, 0xf, 0xff, 0xff, 0x7, 0xff, 0xfe, 0x3,
    0xff, 0xf8, 0x0, 0x7f, 0xc0,

    /* U+0121 "ġ" */
    0x0, 0xf0, 0x0, 0x1f, 0x80, 0x1, 0xf8, 0x0,
    0xf, 0x0, 0x0, 0x0, 0x0, 0x0, 0x0, 0x0,
    0x0, 0x0, 0x0, 0x0, 0x0, 0x0, 0x0, 0x3f,
    0x1f, 0xf, 0xfb, 0xf1, 0xff, 0xff, 0x3f, 0xff,
    0xf7, 0xf8, 0xff, 0x7f, 0x3, 0xf7, 0xe0, 0x3f,
    0xfc, 0x3, 0xff, 0xc0, 0x3f, 0xfc, 0x3, 0xff,
    0xc0, 0x3f, 0xfc, 0x3, 0xff, 0xc0, 0x3f, 0xfc,
    0x3, 0xff, 0xc0, 0x3f, 0xfc, 0x3, 0xf7, 0xe0,
    0x3f, 0x7e, 0x3, 0xf3, 0xf8, 0xff, 0x3f, 0xff,
    0xf1, 0xff, 0xff, 0xf, 0xfb, 0xf0, 0x3f, 0x3f,
    0x0, 0x3, 0xf0, 0x0, 0x3f, 0x8, 0x7, 0xf1,
    0xc0, 0x7e, 0x3e, 0x1f, 0xe3, 0xff, 0xfc, 0x3f,
    0xff, 0x81, 0xff, 0xf0, 0x3, 0xf8, 0x0,

    /* U+0122 "Ģ" */
    0x0, 0x7f, 0x80, 0x3, 0xff, 0xe0, 0x7, 0xff,
    0xf8, 0xf, 0xff, 0xfc, 0x1f, 0xc1, 0xfc, 0x3f,
    0x80, 0x7e, 0x7f, 0x0, 0x7e, 0x7e, 0x0, 0x3f,
    0x7e, 0x0, 0x3f, 0xfc, 0x0, 0x0, 0xfc, 0x0,
    0x0, 0xfc, 0x0, 0x0, 0xfc, 0x0, 0x0, 0xfc,
    0x0, 0x0, 0xfc, 0x7, 0xff, 0xfc, 0x7, 0xff,
    0xfc, 0x7, 0xff, 0xfc, 0x7, 0xff, 0xfc, 0x0,
    0x3f, 0xfc, 0x0, 0x3f, 0xfc, 0x0, 0x3f, 0x7e,
    0x0, 0x3f, 0x7e, 0x0, 0x3f, 0x3f, 0x0, 0x3f,
    0x3f, 0x80, 0x3f, 0x1f, 0xc0, 0xff, 0xf, 0xff,
    0xff, 0x7, 0xff, 0xfe, 0x3, 0xff, 0xf8, 0x0,
    0x7f, 0xc0, 0x0, 0x0, 0x0, 0x0, 0x1e, 0x0,
    0x0, 0x1e, 0x0, 0x0, 0x1e, 0x0, 0x0, 0x1e,
    0x0, 0x0, 0x1e, 0x0, 0x0, 0x3c, 0x0, 0x0,
    0x3c, 0x0, 0x0, 0x7c, 0x0, 0x0, 0x18, 0x0,

    /* U+0123 "ģ" */
    0x0, 0x0, 0x0, 0x7, 0x0, 0x0, 0xf8, 0x0,
    0xf, 0x80, 0x1, 0xf0, 0x0, 0x1f, 0x0, 0x1,
    0xf0, 0x0, 0x1f, 0x0, 0x1, 0xf0, 0x0, 0x1f,
    0x0, 0x0, 0x0, 0x0, 0x0, 0x0, 0x0, 0x0,
    0x0, 0x3f, 0x1f, 0xf, 0xfb, 0xf1, 0xff, 0xff,
    0x3f, 0xff, 0xf7, 0xf8, 0xff, 0x7f, 0x3, 0xf7,
    0xe0, 0x3f, 0xfc, 0x3, 0xff, 0xc0, 0x3f, 0xfc,
    0x3, 0xff, 0xc0, 0x3f, 0xfc, 0x3, 0xff, 0xc0,
    0x3f, 0xfc, 0x3, 0xff, 0xc0, 0x3f, 0xfc, 0x3,
    0xf7, 0xe0, 0x3f, 0x7e, 0x3, 0xf3, 0xf8, 0xff,
    0x3f, 0xff, 0xf1, 0xff, 0xff, 0xf, 0xfb, 0xf0,
    0x3f, 0x3f, 0x0, 0x3, 0xf0, 0x0, 0x3f, 0x8,
    0x7, 0xf1, 0xc0, 0x7e, 0x3e, 0x1f, 0xe3, 0xff,
    0xfc, 0x3f, 0xff, 0x81, 0xff, 0xf0, 0x3, 0xf8,
    0x0,

    /* U+0124 "Ĥ" */
    0x0, 0x3c, 0x0, 0x0, 0x7e, 0x0, 0x0, 0xff,
    0x0, 0x1, 0xff, 0x80, 0x3, 0xe7, 0xc0, 0x7,
    0xc3, 0xe0, 0xf, 0x81, 0xf0, 0x0, 0x0, 0x0,
    0x0, 0x0, 0x0, 0xfc, 0x0, 0x3f, 0xfc, 0x0,
    0x3f, 0xfc, 0x0, 0x3f, 0xfc, 0x0, 0x3f, 0xfc,
    0x0, 0x3f, 0xfc, 0x0, 0x3f, 0xfc, 0x0, 0x3f,
    0xfc, 0x0, 0x3f, 0xfc, 0x0, 0x3f, 0xfc, 0x0,
    0x3f, 0xfc, 0x0, 0x3f, 0xfc, 0x0, 0x3f, 0xff,
    0xff, 0xff, 0xff, 0xff, 0xff, 0xff, 0xff, 0xff,
    0xff, 0xff, 0xff, 0xfc, 0x0, 0x3f, 0xfc, 0x0,
    0x3f, 0xfc, 0x0, 0x3f, 0xfc, 0x0, 0x3f, 0xfc,
    0x0, 0x3f, 0xfc, 0x0, 0x3f, 0xfc, 0x0, 0x3f,
    0xfc, 0x0, 0x3f, 0xfc, 0x0, 0x3f, 0xfc, 0x0,
    0x3f, 0xfc, 0x0, 0x3f, 0xfc, 0x0, 0x3f, 0xfc,
    0x0, 0x3f, 0xfc, 0x0, 0x3f,

    /* U+0125 "ĥ" */
    0x3, 0xe0, 0x0, 0xfe, 0x0, 0x3f, 0xe0, 0xf,
    0xbe, 0x3, 0xe3, 0xe0, 0xf8, 0x3e, 0x0, 0x0,
    0x0, 0x0, 0x0, 0xfc, 0x0, 0x1f, 0x80, 0x3,
    0xf0, 0x0, 0x7e, 0x0, 0xf, 0xc0, 0x1, 0xf8,
    0x0, 0x3f, 0x0, 0x7, 0xe0, 0x0, 0xfc, 0x0,
    0x1f, 0x8f, 0xc3, 0xf7, 0xfc, 0x7f, 0xff, 0xcf,
    0xff, 0xfd, 0xfe, 0x1f, 0xbf, 0x81, 0xff, 0xe0,
    0x3f, 0xfc, 0x7, 0xff, 0x80, 0xff, 0xf0, 0x1f,
    0xfe, 0x3, 0xff, 0xc0, 0x7f, 0xf8, 0xf, 0xff,
    0x1, 0xff, 0xe0, 0x3f, 0xfc, 0x7, 0xff, 0x80,
    0xff, 0xf0, 0x1f, 0xfe, 0x3, 0xff, 0xc0, 0x7f,
    0xf8, 0xf, 0xff, 0x1, 0xff, 0xe0, 0x3f,

    /* U+0126 "Ħ" */
    0x1f, 0x80, 0x7, 0xe0, 0x7e, 0x0, 0x1f, 0x81,
    0xf8, 0x0, 0x7e, 0x7, 0xe0, 0x1, 0xf8, 0x1f,
    0x80, 0x7, 0xe3, 0xff, 0xff, 0xff, 0xff, 0xff,
    0xff, 0xff, 0xff, 0xff, 0xff, 0xff, 0x1f, 0x80,
    0x7, 0xe0, 0x7e, 0x0, 0x1f, 0x81, 0xf8, 0x0,
    0x7e, 0x7, 0xe0, 0x1, 0xf8, 0x1f, 0xff, 0xff,
    0xe0, 0x7f, 0xff, 0xff, 0x81, 0xff, 0xff, 0xfe,
    0x7, 0xff, 0xff, 0xf8, 0x1f, 0x80, 0x7, 0xe0,
    0x7e, 0x0, 0x1f, 0x81, 0xf8, 0x0, 0x7e, 0x7,
    0xe0, 0x1, 0xf8, 0x1f, 0x80, 0x7, 0xe0, 0x7e,
    0x0, 0x1f, 0x81, 0xf8, 0x0, 0x7e, 0x7, 0xe0,
    0x1, 0xf8, 0x1f, 0x80, 0x7, 0xe0, 0x7e, 0x0,
    0x1f, 0x81, 0xf8, 0x0, 0x7e, 0x7, 0xe0, 0x1,
    0xf8, 0x1f, 0x80, 0x7, 0xe0, 0x7e, 0x0, 0x1f,
    0x80,

    /* U+0127 "ħ" */
    0x1f, 0x80, 0x0, 0x7e, 0x0, 0x1, 0xf8, 0x0,
    0x3f, 0xff, 0x0, 0xff, 0xfc, 0x3, 0xff, 0xf0,
    0xf, 0xff, 0xc0, 0x7, 0xe0, 0x0, 0x1f, 0x80,
    0x0, 0x7e, 0x3f, 0x1, 0xfb, 0xfe, 0x7, 0xff,
    0xfc, 0x1f, 0xff, 0xf8, 0x7f, 0x87, 0xe1, 0xf8,
    0xf, 0xc7, 0xe0, 0x3f, 0x1f, 0x80, 0xfc, 0x7e,
    0x3, 0xf1, 0xf8, 0xf, 0xc7, 0xe0, 0x3f, 0x1f,
    0x80, 0xfc, 0x7e, 0x3, 0xf1, 0xf8, 0xf, 0xc7,
    0xe0, 0x3f, 0x1f, 0x80, 0xfc, 0x7e, 0x3, 0xf1,
    0xf8, 0xf, 0xc7, 0xe0, 0x3f, 0x1f, 0x80, 0xfc,
    0x7e, 0x3, 0xf1, 0xf8, 0xf, 0xc7, 0xe0, 0x3f,

    /* U+0128 "Ĩ" */
    0x1e, 0xe, 0xfe, 0x3d, 0xff, 0xf7, 0xff, 0xee,
    0x1f, 0x80, 0x0, 0x0, 0x0, 0x0, 0x0, 0x7,
    0xe0, 0xf, 0xc0, 0x1f, 0x80, 0x3f, 0x0, 0x7e,
    0x0, 0xfc, 0x1, 0xf8, 0x3, 0xf0, 0x7, 0xe0,
    0xf, 0xc0, 0x1f, 0x80, 0x3f, 0x0, 0x7e, 0x0,
    0xfc, 0x1, 0xf8, 0x3, 0xf0, 0x7, 0xe0, 0xf,
    0xc0, 0x1f, 0x80, 0x3f, 0x0, 0x7e, 0x0, 0xfc,
    0x1, 0xf8, 0x3, 0xf0, 0x7, 0xe0, 0xf, 0xc0,
    0x1f, 0x80, 0x3f, 0x0, 0x7e, 0x0, 0xfc, 0x0,

    /* U+0129 "ĩ" */
    0x1c, 0xe, 0x7c, 0x1d, 0xfe, 0x7f, 0xff, 0xef,
    0x1f, 0x9c, 0x1e, 0x0, 0x0, 0x0, 0x0, 0x0,
    0x0, 0xf, 0xc0, 0x1f, 0x80, 0x3f, 0x0, 0x7e,
    0x0, 0xfc, 0x1, 0xf8, 0x3, 0xf0, 0x7, 0xe0,
    0xf, 0xc0, 0x1f, 0x80, 0x3f, 0x0, 0x7e, 0x0,
    0xfc, 0x1, 0xf8, 0x3, 0xf0, 0x7, 0xe0, 0xf,
    0xc0, 0x1f, 0x80, 0x3f, 0x0, 0x7e, 0x0, 0xfc,
    0x1, 0xf8, 0x3, 0xf0,

    /* U+012A "Ī" */
    0xff, 0xff, 0xff, 0xff, 0xff, 0xc0, 0x0, 0x0,
    0x0, 0x0, 0x0, 0x0, 0x3, 0xf0, 0xf, 0xc0,
    0x3f, 0x0, 0xfc, 0x3, 0xf0, 0xf, 0xc0, 0x3f,
    0x0, 0xfc, 0x3, 0xf0, 0xf, 0xc0, 0x3f, 0x0,
    0xfc, 0x3, 0xf0, 0xf, 0xc0, 0x3f, 0x0, 0xfc,
    0x3, 0xf0, 0xf, 0xc0, 0x3f, 0x0, 0xfc, 0x3,
    0xf0, 0xf, 0xc0, 0x3f, 0x0, 0xfc, 0x3, 0xf0,
    0xf, 0xc0, 0x3f, 0x0, 0xfc, 0x3, 0xf0, 0xf,
    0xc0,

    /* U+012B "ī" */
    0xff, 0xff, 0xff, 0xff, 0xff, 0xc0, 0x0, 0x0,
    0x0, 0x0, 0x0, 0x0, 0x3, 0xf0, 0xf, 0xc0,
    0x3f, 0x0, 0xfc, 0x3, 0xf0, 0xf, 0xc0, 0x3f,
    0x0, 0xfc, 0x3, 0xf0, 0xf, 0xc0, 0x3f, 0x0,
    0xfc, 0x3, 0xf0, 0xf, 0xc0, 0x3f, 0x0, 0xfc,
    0x3, 0xf0, 0xf, 0xc0, 0x3f, 0x0, 0xfc, 0x3,
    0xf0, 0xf, 0xc0, 0x3f, 0x0,

    /* U+012C "Ĭ" */
    0xf0, 0x3f, 0xc0, 0xff, 0x3, 0xde, 0x1e, 0x7f,
    0xf8, 0xff, 0xc0, 0xfc, 0x0, 0x0, 0x0, 0x0,
    0x3f, 0x0, 0xfc, 0x3, 0xf0, 0xf, 0xc0, 0x3f,
    0x0, 0xfc, 0x3, 0xf0, 0xf, 0xc0, 0x3f, 0x0,
    0xfc, 0x3, 0xf0, 0xf, 0xc0, 0x3f, 0x0, 0xfc,
    0x3, 0xf0, 0xf, 0xc0, 0x3f, 0x0, 0xfc, 0x3,
    0xf0, 0xf, 0xc0, 0x3f, 0x0, 0xfc, 0x3, 0xf0,
    0xf, 0xc0, 0x3f, 0x0, 0xfc, 0x3, 0xf0, 0xf,
    0xc0, 0x3f, 0x0, 0xfc, 0x0,

    /* U+012D "ĭ" */
    0xf0, 0x3f, 0xc0, 0xff, 0x87, 0x9f, 0xfe, 0x3f,
    0xf0, 0x3f, 0x0, 0x0, 0x0, 0x0, 0x0, 0x0,
    0x3f, 0x0, 0xfc, 0x3, 0xf0, 0xf, 0xc0, 0x3f,
    0x0, 0xfc, 0x3, 0xf0, 0xf, 0xc0, 0x3f, 0x0,
    0xfc, 0x3, 0xf0, 0xf, 0xc0, 0x3f, 0x0, 0xfc,
    0x3, 0xf0, 0xf, 0xc0, 0x3f, 0x0, 0xfc, 0x3,
    0xf0, 0xf, 0xc0, 0x3f, 0x0, 0xfc, 0x3, 0xf0,

    /* U+012E "Į" */
    0x1f, 0x8f, 0xc7, 0xe3, 0xf1, 0xf8, 0xfc, 0x7e,
    0x3f, 0x1f, 0x8f, 0xc7, 0xe3, 0xf1, 0xf8, 0xfc,
    0x7e, 0x3f, 0x1f, 0x8f, 0xc7, 0xe3, 0xf1, 0xf8,
    0xfc, 0x7e, 0x3f, 0x1f, 0x8f, 0xc7, 0xe3, 0xf1,
    0xf8, 0xfc, 0xf8, 0xf0, 0xf8, 0x78, 0x3c, 0x1e,
    0xf, 0xf3, 0xf8, 0xfc,

    /* U+012F "į" */
    0x1e, 0x3f, 0x3f, 0x3f, 0x3f, 0x1e, 0x0, 0x0,
    0x0, 0x3f, 0x3f, 0x3f, 0x3f, 0x3f, 0x3f, 0x3f,
    0x3f, 0x3f, 0x3f, 0x3f, 0x3f, 0x3f, 0x3f, 0x3f,
    0x3f, 0x3f, 0x3f, 0x3f, 0x3f, 0x3f, 0x3f, 0x3f,
    0x3c, 0x78, 0xf0, 0xf0, 0xf0, 0xf0, 0xfe, 0x7e,
    0x3e,

    /* U+0130 "İ" */
    0x7b, 0xff, 0xde, 0x0, 0x0, 0x0, 0xff, 0xff,
    0xff, 0xff, 0xff, 0xff, 0xff, 0xff, 0xff, 0xff,
    0xff, 0xff, 0xff, 0xff, 0xff, 0xff, 0xff, 0xff,
    0xff, 0xff, 0xff, 0xff, 0xf0,

    /* U+0131 "ı" */
    0xff, 0xff, 0xff, 0xff, 0xff, 0xff, 0xff, 0xff,
    0xff, 0xff, 0xff, 0xff, 0xff, 0xff, 0xff, 0xff,
    0xff, 0xc0,

    /* U+0132 "Ĳ" */
    0xfc, 0x0, 0x0, 0xff, 0xf0, 0x0, 0x3, 0xff,
    0xc0, 0x0, 0xf, 0xff, 0x0, 0x0, 0x3f, 0xfc,
    0x0, 0x0, 0xff, 0xf0, 0x0, 0x3, 0xff, 0xc0,
    0x0, 0xf, 0xff, 0x0, 0x0, 0x3f, 0xfc, 0x0,
    0x0, 0xff, 0xf0, 0x0, 0x3, 0xff, 0xc0, 0x0,
    0xf, 0xff, 0x0, 0x0, 0x3f, 0xfc, 0x0, 0x0,
    0xff, 0xf0, 0x0, 0x3, 0xff, 0xc0, 0x0, 0xf,
    0xff, 0x0, 0x0, 0x3f, 0xfc, 0x0, 0x0, 0xff,
    0xf0, 0x0, 0x3, 0xff, 0xc0, 0x0, 0xf, 0xff,
    0x0, 0x0, 0x3f, 0xfc, 0x0, 0x0, 0xff, 0xf0,
    0x0, 0x3, 0xff, 0xc3, 0xf0, 0xf, 0xff, 0xf,
    0xc0, 0x3f, 0xfc, 0x3f, 0x81, 0xfb, 0xf0, 0x7f,
    0xf, 0xef, 0xc1, 0xff, 0xff, 0x3f, 0x3, 0xff,
    0xf8, 0xfc, 0x3, 0xff, 0xc3, 0xf0, 0x3, 0xf8,
    0x0,

    /* U+0133 "ĳ" */
    0x78, 0xf, 0x7e, 0xf, 0xff, 0x7, 0xff, 0x83,
    0xff, 0xc1, 0xfb, 0xc0, 0x78, 0x0, 0x0, 0x0,
    0x0, 0x0, 0x0, 0x7e, 0xf, 0xff, 0x7, 0xff,
    0x83, 0xff, 0xc1, 0xff, 0xe0, 0xff, 0xf0, 0x7f,
    0xf8, 0x3f, 0xfc, 0x1f, 0xfe, 0xf, 0xff, 0x7,
    0xff, 0x83, 0xff, 0xc1, 0xff, 0xe0, 0xff, 0xf0,
    0x7f, 0xf8, 0x3f, 0xfc, 0x1f, 0xfe, 0xf, 0xff,
    0x7, 0xff, 0x83, 0xff, 0xc1, 0xff, 0xe0, 0xff,
    0xf0, 0x7f, 0xf8, 0x3f, 0x0, 0x1f, 0x80, 0xf,
    0xc0, 0x7, 0xe0, 0x3, 0xf0, 0x3, 0xf0, 0x1f,
    0xf8, 0xf, 0xf8, 0x7, 0xf8, 0x3, 0xf8, 0x0,

    /* U+0134 "Ĵ" */
    0x0, 0x1, 0xe0, 0x0, 0x3, 0xf8, 0x0, 0x3,
    0xfe, 0x0, 0x3, 0xef, 0x80, 0x3, 0xe3, 0xe0,
    0x3, 0xe0, 0xf8, 0x0, 0x0, 0x0, 0x0, 0x0,
    0x0, 0x0, 0x0, 0x0, 0x0, 0x1, 0xf8, 0x0,
    0x0, 0xfc, 0x0, 0x0, 0x7e, 0x0, 0x0, 0x3f,
    0x0, 0x0, 0x1f, 0x80, 0x0, 0xf, 0xc0, 0x0,
    0x7, 0xe0, 0x0, 0x3, 0xf0, 0x0, 0x1, 0xf8,
    0x0, 0x0, 0xfc, 0x0, 0x0, 0x7e, 0x0, 0x0,
    0x3f, 0x0, 0x0, 0x1f, 0x80, 0x0, 0xf, 0xc0,
    0x0, 0x7, 0xe0, 0x0, 0x3, 0xf0, 0x0, 0x1,
    0xf8, 0x0, 0x0, 0xfc, 0x0, 0x0, 0x7e, 0x0,
    0x0, 0x3f, 0x0, 0x0, 0x1f, 0x80, 0x0, 0xf,
    0xc1, 0xf8, 0x7, 0xe0, 0xfc, 0x3, 0xf0, 0x7f,
    0x3, 0xf0, 0x1f, 0xc3, 0xf8, 0xf, 0xff, 0xf8,
    0x3, 0xff, 0xf8, 0x0, 0x7f, 0xf8, 0x0, 0xf,
    0xe0, 0x0,

    /* U+0135 "ĵ" */
    0x7, 0xc0, 0xf, 0xe0, 0x1f, 0xf0, 0x3e, 0xf8,
    0x7c, 0x7c, 0xf8, 0x3e, 0x0, 0x0, 0x0, 0x0,
    0x0, 0x0, 0x7, 0xe0, 0x7, 0xe0, 0x7, 0xe0,
    0x7, 0xe0, 0x7, 0xe0, 0x7, 0xe0, 0x7, 0xe0,
    0x7, 0xe0, 0x7, 0xe0, 0x7, 0xe0, 0x7, 0xe0,
    0x7, 0xe0, 0x7, 0xe0, 0x7, 0xe0, 0x7, 0xe0,
    0x7, 0xe0, 0x7, 0xe0, 0x7, 0xe0, 0x7, 0xe0,
    0x7, 0xe0, 0x7, 0xe0, 0x7, 0xe0, 0x7, 0xe0,
    0x7, 0xe0, 0x7, 0xe0, 0x7, 0xe0, 0x7, 0xe0,
    0xf, 0xc0, 0xff, 0xc0, 0xff, 0x80, 0xff, 0x0,
    0xfc, 0x0,

    /* U+0136 "Ķ" */
    0xfc, 0x0, 0xff, 0xfc, 0x1, 0xfe, 0xfc, 0x1,
    0xfc, 0xfc, 0x3, 0xf8, 0xfc, 0x7, 0xf8, 0xfc,
    0xf, 0xf0, 0xfc, 0xf, 0xe0, 0xfc, 0x1f, 0xc0,
    0xfc, 0x3f, 0x80, 0xfc, 0x7f, 0x0, 0xfc, 0xff,
    0x0, 0xfc, 0xfe, 0x0, 0xfd, 0xfc, 0x0, 0xff,
    0xfc, 0x0, 0xff, 0xfc, 0x0, 0xff, 0xfe, 0x0,
    0xff, 0xff, 0x0, 0xff, 0xff, 0x0, 0xff, 0xbf,
    0x80, 0xff, 0x1f, 0xc0, 0xfe, 0x1f, 0xc0, 0xfc,
    0xf, 0xe0, 0xfc, 0x7, 0xf0, 0xfc, 0x7, 0xf0,
    0xfc, 0x3, 0xf8, 0xfc, 0x3, 0xfc, 0xfc, 0x1,
    0xfc, 0xfc, 0x0, 0xfe, 0xfc, 0x0, 0xfe, 0xfc,
    0x0, 0x7f, 0x0, 0x78, 0x0, 0x0, 0x78, 0x0,
    0x0, 0x78, 0x0, 0x0, 0x78, 0x0, 0x0, 0x78,
    0x0, 0x0, 0xf0, 0x0, 0x0, 0xf0, 0x0, 0x1,
    0xf0, 0x0, 0x0, 0x60, 0x0,

    /* U+0137 "ķ" */
    0xfc, 0x0, 0xf, 0xc0, 0x0, 0xfc, 0x0, 0xf,
    0xc0, 0x0, 0xfc, 0x0, 0xf, 0xc0, 0x0, 0xfc,
    0x0, 0xf, 0xc0, 0x0, 0xfc, 0x0, 0xf, 0xc0,
    0xfe, 0xfc, 0x1f, 0xcf, 0xc3, 0xf8, 0xfc, 0x3f,
    0x8f, 0xc7, 0xf0, 0xfc, 0xfe, 0xf, 0xdf, 0xc0,
    0xff, 0xf8, 0xf, 0xff, 0x80, 0xff, 0xf0, 0xf,
    0xff, 0x0, 0xff, 0xf8, 0xf, 0xff, 0x80, 0xff,
    0xfc, 0xf, 0xef, 0xe0, 0xfc, 0x7e, 0xf, 0xc7,
    0xf0, 0xfc, 0x3f, 0x8f, 0xc1, 0xf8, 0xfc, 0x1f,
    0xcf, 0xc0, 0xfc, 0xfc, 0xf, 0xef, 0xc0, 0x7f,
    0x0, 0x0, 0x0, 0x1e, 0x0, 0x1, 0xe0, 0x0,
    0x1e, 0x0, 0x1, 0xe0, 0x0, 0x1e, 0x0, 0x3,
    0xc0, 0x0, 0x3c, 0x0, 0x3, 0x80, 0x0, 0x8,
    0x0,

    /* U+0138 "ĸ" */
    0xfc, 0x7, 0xff, 0xe0, 0x3f, 0xbf, 0x3, 0xf9,
    0xf8, 0x3f, 0x8f, 0xc1, 0xfc, 0x7e, 0x1f, 0xc3,
    0xf1, 0xfc, 0x1f, 0x8f, 0xc0, 0xfc, 0xfc, 0x7,
    0xff, 0xe0, 0x3f, 0xfe, 0x1, 0xff, 0xf8, 0xf,
    0xff, 0xc0, 0x7e, 0x7f, 0x3, 0xf1, 0xfc, 0x1f,
    0x87, 0xe0, 0xfc, 0x3f, 0x87, 0xe0, 0xfe, 0x3f,
    0x7, 0xf1, 0xf8, 0x1f, 0xcf, 0xc0, 0xff, 0x7e,
    0x3, 0xfb, 0xf0, 0xf, 0xe0,

    /* U+0139 "Ĺ" */
    0xf, 0xc0, 0x3, 0xf0, 0x0, 0x7c, 0x0, 0x1f,
    0x0, 0x7, 0xc0, 0x0, 0xf8, 0x0, 0x0, 0x0,
    0x0, 0x0, 0x0, 0xfc, 0x0, 0x1f, 0x80, 0x3,
    0xf0, 0x0, 0x7e, 0x0, 0xf, 0xc0, 0x1, 0xf8,
    0x0, 0x3f, 0x0, 0x7, 0xe0, 0x0, 0xfc, 0x0,
    0x1f, 0x80, 0x3, 0xf0, 0x0, 0x7e, 0x0, 0xf,
    0xc0, 0x1, 0xf8, 0x0, 0x3f, 0x0, 0x7, 0xe0,
    0x0, 0xfc, 0x0, 0x1f, 0x80, 0x3, 0xf0, 0x0,
    0x7e, 0x0, 0xf, 0xc0, 0x1, 0xf8, 0x0, 0x3f,
    0x0, 0x7, 0xe0, 0x0, 0xfc, 0x0, 0x1f, 0x80,
    0x3, 0xff, 0xff, 0xff, 0xff, 0xff, 0xff, 0xff,
    0xff, 0xff, 0xc0,

    /* U+013A "ĺ" */
    0xf, 0xc3, 0xf0, 0x7c, 0x1f, 0x7, 0xc1, 0xf0,
    0x0, 0x0, 0x0, 0xfc, 0x1f, 0x83, 0xf0, 0x7e,
    0xf, 0xc1, 0xf8, 0x3f, 0x7, 0xe0, 0xfc, 0x1f,
    0x83, 0xf0, 0x7e, 0xf, 0xc1, 0xf8, 0x3f, 0x7,
    0xe0, 0xfc, 0x1f, 0x83, 0xf0, 0x7e, 0xf, 0xc1,
    0xf8, 0x3f, 0x7, 0xe0, 0xfc, 0x1f, 0x83, 0xf0,
    0x7e, 0xf, 0xc1, 0xf8, 0x3f, 0x7, 0xe0,

    /* U+013B "Ļ" */
    0xfc, 0x0, 0x1f, 0x80, 0x3, 0xf0, 0x0, 0x7e,
    0x0, 0xf, 0xc0, 0x1, 0xf8, 0x0, 0x3f, 0x0,
    0x7, 0xe0, 0x0, 0xfc, 0x0, 0x1f, 0x80, 0x3,
    0xf0, 0x0, 0x7e, 0x0, 0xf, 0xc0, 0x1, 0xf8,
    0x0, 0x3f, 0x0, 0x7, 0xe0, 0x0, 0xfc, 0x0,
    0x1f, 0x80, 0x3, 0xf0, 0x0, 0x7e, 0x0, 0xf,
    0xc0, 0x1, 0xf8, 0x0, 0x3f, 0x0, 0x7, 0xe0,
    0x0, 0xfc, 0x0, 0x1f, 0x80, 0x3, 0xff, 0xff,
    0xff, 0xff, 0xff, 0xff, 0xff, 0xff, 0xff, 0xc0,
    0x0, 0x0, 0x0, 0x0, 0x0, 0xf0, 0x0, 0x1e,
    0x0, 0x3, 0xc0, 0x0, 0x78, 0x0, 0xf, 0x0,
    0x3, 0xc0, 0x0, 0xf8, 0x0, 0xe, 0x0, 0x0,
    0x40, 0x0,

    /* U+013C "ļ" */
    0x7e, 0xfd, 0xfb, 0xf7, 0xef, 0xdf, 0xbf, 0x7e,
    0xfd, 0xfb, 0xf7, 0xef, 0xdf, 0xbf, 0x7e, 0xfd,
    0xfb, 0xf7, 0xef, 0xdf, 0xbf, 0x7e, 0xfd, 0xfb,
    0xf7, 0xef, 0xdf, 0xbf, 0x0, 0x0, 0xf1, 0xe3,
    0xc7, 0x8f, 0x3c, 0x78, 0xe0, 0x40,

    /* U+013D "Ľ" */
    0xfc, 0xf, 0x1f, 0x81, 0xe3, 0xf0, 0x3c, 0x7e,
    0x7, 0x8f, 0xc0, 0xf1, 0xf8, 0x3c, 0x3f, 0x7,
    0x87, 0xe0, 0xe0, 0xfc, 0xc, 0x1f, 0x80, 0x3,
    0xf0, 0x0, 0x7e, 0x0, 0xf, 0xc0, 0x1, 0xf8,
    0x0, 0x3f, 0x0, 0x7, 0xe0, 0x0, 0xfc, 0x0,
    0x1f, 0x80, 0x3, 0xf0, 0x0, 0x7e, 0x0, 0xf,
    0xc0, 0x1, 0xf8, 0x0, 0x3f, 0x0, 0x7, 0xe0,
    0x0, 0xfc, 0x0, 0x1f, 0x80, 0x3, 0xff, 0xff,
    0xff, 0xff, 0xff, 0xff, 0xff, 0xff, 0xff, 0xc0,

    /* U+013E "ľ" */
    0xfc, 0x7f, 0xe3, 0xff, 0x1f, 0xf8, 0xff, 0xc7,
    0xfe, 0x7b, 0xf3, 0xdf, 0x9c, 0xfc, 0x27, 0xe0,
    0x3f, 0x1, 0xf8, 0xf, 0xc0, 0x7e, 0x3, 0xf0,
    0x1f, 0x80, 0xfc, 0x7, 0xe0, 0x3f, 0x1, 0xf8,
    0xf, 0xc0, 0x7e, 0x3, 0xf0, 0x1f, 0x80, 0xfc,
    0x7, 0xe0, 0x3f, 0x1, 0xf8, 0xf, 0xc0, 0x7e,
    0x3, 0xf0, 0x1f, 0x80,

    /* U+013F "Ŀ" */
    0xfc, 0x0, 0x1f, 0x80, 0x3, 0xf0, 0x0, 0x7e,
    0x0, 0xf, 0xc0, 0x1, 0xf8, 0x0, 0x3f, 0x0,
    0x7, 0xe0, 0x0, 0xfc, 0x0, 0x1f, 0x80, 0x3,
    0xf0, 0x78, 0x7e, 0x1f, 0x8f, 0xc3, 0xf1, 0xf8,
    0x3c, 0x3f, 0x0, 0x7, 0xe0, 0x0, 0xfc, 0x0,
    0x1f, 0x80, 0x3, 0xf0, 0x0, 0x7e, 0x0, 0xf,
    0xc0, 0x1, 0xf8, 0x0, 0x3f, 0x0, 0x7, 0xe0,
    0x0, 0xfc, 0x0, 0x1f, 0x80, 0x3, 0xff, 0xff,
    0xff, 0xff, 0xff, 0xff, 0xff, 0xff, 0xff, 0xc0,

    /* U+0140 "ŀ" */
    0xfc, 0x3, 0xf0, 0xf, 0xc0, 0x3f, 0x0, 0xfc,
    0x3, 0xf0, 0xf, 0xc0, 0x3f, 0x0, 0xfc, 0x3,
    0xf0, 0xf, 0xc0, 0x3f, 0x0, 0xfc, 0x3, 0xf1,
    0xef, 0xcf, 0xff, 0x3f, 0xfc, 0x7b, 0xf0, 0xf,
    0xc0, 0x3f, 0x0, 0xfc, 0x3, 0xf0, 0xf, 0xc0,
    0x3f, 0x0, 0xfc, 0x3, 0xf0, 0xf, 0xc0, 0x3f,
    0x0, 0xfc, 0x3, 0xf0, 0xf, 0xc0, 0x3f, 0x0,

    /* U+0141 "Ł" */
    0x1f, 0x80, 0x0, 0x7e, 0x0, 0x1, 0xf8, 0x0,
    0x7, 0xe0, 0x0, 0x1f, 0x80, 0x0, 0x7e, 0x0,
    0x1, 0xf8, 0x0, 0x7, 0xe0, 0x0, 0x1f, 0x80,
    0x0, 0x7e, 0x0, 0x1, 0xf8, 0x0, 0x7, 0xe7,
    0x0, 0x1f, 0xfc, 0x0, 0x7f, 0xf0, 0x7, 0xff,
    0x0, 0x3f, 0xe0, 0x0, 0xff, 0x80, 0x3, 0x7e,
    0x0, 0x1, 0xf8, 0x0, 0x7, 0xe0, 0x0, 0x1f,
    0x80, 0x0, 0x7e, 0x0, 0x1, 0xf8, 0x0, 0x7,
    0xe0, 0x0, 0x1f, 0x80, 0x0, 0x7e, 0x0, 0x1,
    0xff, 0xff, 0xc7, 0xff, 0xff, 0x1f, 0xff, 0xfc,
    0x7f, 0xff, 0xf0,

    /* U+0142 "ł" */
    0x1f, 0x81, 0xf8, 0x1f, 0x81, 0xf8, 0x1f, 0x81,
    0xf8, 0x1f, 0x81, 0xf8, 0x1f, 0x81, 0xf8, 0x1f,
    0x81, 0xf8, 0x1f, 0x91, 0xff, 0x1f, 0xf3, 0xff,
    0xff, 0x8f, 0xf8, 0xff, 0x81, 0xf8, 0x1f, 0x81,
    0xf8, 0x1f, 0x81, 0xf8, 0x1f, 0x81, 0xf8, 0x1f,
    0x81, 0xf8, 0x1f, 0x81, 0xf8, 0x1f, 0x81, 0xf8,

    /* U+0143 "Ń" */
    0x0, 0x7, 0xe0, 0x0, 0xf, 0xc0, 0x0, 0xf,
    0x80, 0x0, 0x1f, 0x0, 0x0, 0x3e, 0x0, 0x0,
    0x3e, 0x0, 0x0, 0x0, 0x0, 0x0, 0x0, 0x0,
    0xfc, 0x0, 0x3f, 0xfe, 0x0, 0x3f, 0xfe, 0x0,
    0x3f, 0xff, 0x0, 0x3f, 0xff, 0x80, 0x3f, 0xff,
    0x80, 0x3f, 0xff, 0xc0, 0x3f, 0xff, 0xc0, 0x3f,
    0xff, 0xe0, 0x3f, 0xff, 0xf0, 0x3f, 0xff, 0xf0,
    0x3f, 0xfd, 0xf8, 0x3f, 0xfc, 0xf8, 0x3f, 0xfc,
    0xfc, 0x3f, 0xfc, 0x7e, 0x3f, 0xfc, 0x7e, 0x3f,
    0xfc, 0x3f, 0x3f, 0xfc, 0x1f, 0x3f, 0xfc, 0x1f,
    0xbf, 0xfc, 0xf, 0xff, 0xfc, 0xf, 0xff, 0xfc,
    0x7, 0xff, 0xfc, 0x3, 0xff, 0xfc, 0x3, 0xff,
    0xfc, 0x1, 0xff, 0xfc, 0x1, 0xff, 0xfc, 0x0,
    0xff, 0xfc, 0x0, 0xff, 0xfc, 0x0, 0x7f, 0xfc,
    0x0, 0x3f,

    /* U+0144 "ń" */
    0x0, 0x3f, 0x80, 0x7, 0xe0, 0x1, 0xf8, 0x0,
    0x3e, 0x0, 0xf, 0x80, 0x3, 0xe0, 0x0, 0x0,
    0x0, 0x0, 0x0, 0x0, 0x0, 0x1f, 0x8f, 0xc3,
    0xf7, 0xfe, 0x7f, 0xff, 0xef, 0xff, 0xfd, 0xfe,
    0x1f, 0xbf, 0x1, 0xff, 0xe0, 0x3f, 0xfc, 0x7,
    0xff, 0x80, 0xff, 0xf0, 0x1f, 0xfe, 0x3, 0xff,
    0xc0, 0x7f, 0xf8, 0xf, 0xff, 0x1, 0xff, 0xe0,
    0x3f, 0xfc, 0x7, 0xff, 0x80, 0xff, 0xf0, 0x1f,
    0xfe, 0x3, 0xff, 0xc0, 0x7f, 0xf8, 0xf, 0xff,
    0x1, 0xff, 0xe0, 0x3f,

    /* U+0145 "Ņ" */
    0xfc, 0x0, 0x3f, 0xfe, 0x0, 0x3f, 0xfe, 0x0,
    0x3f, 0xff, 0x0, 0x3f, 0xff, 0x80, 0x3f, 0xff,
    0x80, 0x3f, 0xff, 0xc0, 0x3f, 0xff, 0xc0, 0x3f,
    0xff, 0xe0, 0x3f, 0xff, 0xf0, 0x3f, 0xff, 0xf0,
    0x3f, 0xfd, 0xf8, 0x3f, 0xfc, 0xf8, 0x3f, 0xfc,
    0xfc, 0x3f, 0xfc, 0x7e, 0x3f, 0xfc, 0x7e, 0x3f,
    0xfc, 0x3f, 0x3f, 0xfc, 0x1f, 0x3f, 0xfc, 0x1f,
    0xbf, 0xfc, 0xf, 0xff, 0xfc, 0xf, 0xff, 0xfc,
    0x7, 0xff, 0xfc, 0x3, 0xff, 0xfc, 0x3, 0xff,
    0xfc, 0x1, 0xff, 0xfc, 0x1, 0xff, 0xfc, 0x0,
    0xff, 0xfc, 0x0, 0xff, 0xfc, 0x0, 0x7f, 0xfc,
    0x0, 0x3f, 0x0, 0x0, 0x0, 0x0, 0x0, 0x0,
    0x0, 0x3c, 0x0, 0x0, 0x3c, 0x0, 0x0, 0x3c,
    0x0, 0x0, 0x3c, 0x0, 0x0, 0x3c, 0x0, 0x0,
    0x78, 0x0, 0x0, 0x78, 0x0, 0x0, 0x70, 0x0,
    0x0, 0x10, 0x0,

    /* U+0146 "ņ" */
    0xfc, 0x7e, 0x1f, 0xbf, 0xf3, 0xff, 0xff, 0x7f,
    0xff, 0xef, 0xf0, 0xfd, 0xf8, 0xf, 0xff, 0x1,
    0xff, 0xe0, 0x3f, 0xfc, 0x7, 0xff, 0x80, 0xff,
    0xf0, 0x1f, 0xfe, 0x3, 0xff, 0xc0, 0x7f, 0xf8,
    0xf, 0xff, 0x1, 0xff, 0xe0, 0x3f, 0xfc, 0x7,
    0xff, 0x80, 0xff, 0xf0, 0x1f, 0xfe, 0x3, 0xff,
    0xc0, 0x7f, 0xf8, 0xf, 0xff, 0x1, 0xf8, 0x0,
    0x0, 0x0, 0x0, 0x0, 0x1e, 0x0, 0x3, 0xc0,
    0x0, 0x78, 0x0, 0xf, 0x0, 0x1, 0xe0, 0x0,
    0x78, 0x0, 0x1f, 0x0, 0x1, 0xc0, 0x0, 0x8,
    0x0,

    /* U+0147 "Ň" */
    0xf, 0x81, 0xf0, 0x7, 0xc3, 0xe0, 0x3, 0xe7,
    0xc0, 0x1, 0xff, 0x80, 0x0, 0xff, 0x0, 0x0,
    0x7e, 0x0, 0x0, 0x3c, 0x0, 0x0, 0x0, 0x0,
    0x0, 0x0, 0x0, 0xfc, 0x0, 0x3f, 0xfe, 0x0,
    0x3f, 0xfe, 0x0, 0x3f, 0xff, 0x0, 0x3f, 0xff,
    0x80, 0x3f, 0xff, 0x80, 0x3f, 0xff, 0xc0, 0x3f,
    0xff, 0xc0, 0x3f, 0xff, 0xe0, 0x3f, 0xff, 0xf0,
    0x3f, 0xff, 0xf0, 0x3f, 0xfd, 0xf8, 0x3f, 0xfc,
    0xf8, 0x3f, 0xfc, 0xfc, 0x3f, 0xfc, 0x7e, 0x3f,
    0xfc, 0x7e, 0x3f, 0xfc, 0x3f, 0x3f, 0xfc, 0x1f,
    0x3f, 0xfc, 0x1f, 0xbf, 0xfc, 0xf, 0xff, 0xfc,
    0xf, 0xff, 0xfc, 0x7, 0xff, 0xfc, 0x3, 0xff,
    0xfc, 0x3, 0xff, 0xfc, 0x1, 0xff, 0xfc, 0x1,
    0xff, 0xfc, 0x0, 0xff, 0xfc, 0x0, 0xff, 0xfc,
    0x0, 0x7f, 0xfc, 0x0, 0x3f,

    /* U+0148 "ň" */
    0x3e, 0xf, 0x83, 0xe3, 0xe0, 0x3e, 0xf8, 0x3,
    0xfe, 0x0, 0x3f, 0x80, 0x3, 0xe0, 0x0, 0x0,
    0x0, 0x0, 0x0, 0x0, 0x0, 0x1f, 0x8f, 0xc3,
    0xf7, 0xfe, 0x7f, 0xff, 0xef, 0xff, 0xfd, 0xfe,
    0x1f, 0xbf, 0x1, 0xff, 0xe0, 0x3f, 0xfc, 0x7,
    0xff, 0x80, 0xff, 0xf0, 0x1f, 0xfe, 0x3, 0xff,
    0xc0, 0x7f, 0xf8, 0xf, 0xff, 0x1, 0xff, 0xe0,
    0x3f, 0xfc, 0x7, 0xff, 0x80, 0xff, 0xf0, 0x1f,
    0xfe, 0x3, 0xff, 0xc0, 0x7f, 0xf8, 0xf, 0xff,
    0x1, 0xff, 0xe0, 0x3f,

    /* U+0149 "ŉ" */
    0x3c, 0x0, 0x0, 0x3c, 0x0, 0x0, 0x3c, 0x0,
    0x0, 0x3c, 0x0, 0x0, 0x3c, 0x0, 0x0, 0x78,
    0x0, 0x0, 0x78, 0x0, 0x0, 0x70, 0x0, 0x0,
    0x10, 0x0, 0x0, 0x7, 0xe3, 0xf0, 0x7, 0xef,
    0xfc, 0x7, 0xff, 0xfe, 0x7, 0xff, 0xfe, 0x7,
    0xf8, 0x7e, 0x7, 0xe0, 0x3f, 0x7, 0xe0, 0x3f,
    0x7, 0xe0, 0x3f, 0x7, 0xe0, 0x3f, 0x7, 0xe0,
    0x3f, 0x7, 0xe0, 0x3f, 0x7, 0xe0, 0x3f, 0x7,
    0xe0, 0x3f, 0x7, 0xe0, 0x3f, 0x7, 0xe0, 0x3f,
    0x7, 0xe0, 0x3f, 0x7, 0xe0, 0x3f, 0x7, 0xe0,
    0x3f, 0x7, 0xe0, 0x3f, 0x7, 0xe0, 0x3f, 0x7,
    0xe0, 0x3f, 0x7, 0xe0, 0x3f, 0x7, 0xe0, 0x3f,

    /* U+014A "Ŋ" */
    0xfc, 0x0, 0x3f, 0xfe, 0x0, 0x3f, 0xfe, 0x0,
    0x3f, 0xff, 0x0, 0x3f, 0xff, 0x80, 0x3f, 0xff,
    0x80, 0x3f, 0xff, 0xc0, 0x3f, 0xff, 0xc0, 0x3f,
    0xff, 0xe0, 0x3f, 0xff, 0xf0, 0x3f, 0xff, 0xf0,
    0x3f, 0xfd, 0xf8, 0x3f, 0xfc, 0xf8, 0x3f, 0xfc,
    0xfc, 0x3f, 0xfc, 0x7e, 0x3f, 0xfc, 0x7e, 0x3f,
    0xfc, 0x3f, 0x3f, 0xfc, 0x1f, 0x3f, 0xfc, 0x1f,
    0xbf, 0xfc, 0xf, 0xff, 0xfc, 0xf, 0xff, 0xfc,
    0x7, 0xff, 0xfc, 0x3, 0xff, 0xfc, 0x3, 0xff,
    0xfc, 0x1, 0xff, 0xfc, 0x1, 0xff, 0xfc, 0x0,
    0xff, 0xfc, 0x0, 0x7f, 0xfc, 0x0, 0x7f, 0xfc,
    0x0, 0x3f, 0x0, 0x0, 0x3f, 0x0, 0x0, 0x3f,
    0x0, 0x0, 0x3f, 0x0, 0x0, 0x3f, 0x0, 0x0,
    0x7e, 0x0, 0x7, 0xfe, 0x0, 0x7, 0xfc, 0x0,
    0x7, 0xf8, 0x0, 0x7, 0xe0,

    /* U+014B "ŋ" */
    0xfc, 0x7e, 0x1f, 0xbf, 0xe3, 0xff, 0xfe, 0x7f,
    0xff, 0xef, 0xf0, 0xfd, 0xf8, 0x1f, 0xff, 0x1,
    0xff, 0xe0, 0x3f, 0xfc, 0x7, 0xff, 0x80, 0xff,
    0xf0, 0x1f, 0xfe, 0x3, 0xff, 0xc0, 0x7f, 0xf8,
    0xf, 0xff, 0x1, 0xff, 0xe0, 0x3f, 0xfc, 0x7,
    0xff, 0x80, 0xff, 0xf0, 0x1f, 0xfe, 0x3, 0xff,
    0xc0, 0x7f, 0xf8, 0xf, 0xff, 0x1, 0xf8, 0x0,
    0x3f, 0x0, 0x7, 0xe0, 0x0, 0xfc, 0x0, 0x1f,
    0x80, 0x7, 0xe0, 0x7, 0xfc, 0x0, 0xff, 0x0,
    0x1f, 0xc0, 0x3, 0xf0,

    /* U+014C "Ō" */
    0x3, 0xff, 0xf0, 0x1, 0xff, 0xf8, 0x0, 0xff,
    0xfc, 0x0, 0x0, 0x0, 0x0, 0x0, 0x0, 0x0,
    0x0, 0x0, 0x0, 0x0, 0x0, 0x0, 0x0, 0xfe,
    0x0, 0x3, 0xff, 0xe0, 0x3, 0xff, 0xf8, 0x3,
    0xff, 0xfe, 0x3, 0xf8, 0x3f, 0x83, 0xf8, 0xf,
    0xe1, 0xf8, 0x3, 0xf1, 0xf8, 0x0, 0xfc, 0xfc,
    0x0, 0x7e, 0x7e, 0x0, 0x3f, 0x7e, 0x0, 0xf,
    0xff, 0x0, 0x7, 0xff, 0x80, 0x3, 0xff, 0xc0,
    0x1, 0xff, 0xe0, 0x0, 0xff, 0xf0, 0x0, 0x7f,
    0xf8, 0x0, 0x3f, 0xfc, 0x0, 0x1f, 0xfe, 0x0,
    0xf, 0xff, 0x0, 0x7, 0xef, 0xc0, 0x7, 0xe7,
    0xe0, 0x3, 0xf3, 0xf0, 0x1, 0xf8, 0xfc, 0x1,
    0xf8, 0x7f, 0x1, 0xfc, 0x1f, 0xc1, 0xfc, 0x7,
    0xff, 0xfc, 0x1, 0xff, 0xfc, 0x0, 0x7f, 0xfc,
    0x0, 0x7, 0xf0, 0x0,

    /* U+014D "ō" */
    0x1f, 0xff, 0x80, 0xff, 0xfc, 0x7, 0xff, 0xe0,
    0x0, 0x0, 0x0, 0x0, 0x0, 0x0, 0x0, 0x0,
    0x0, 0x0, 0x0, 0x3f, 0x80, 0x7, 0xff, 0x0,
    0xff, 0xfe, 0xf, 0xff, 0xf8, 0x7f, 0x1f, 0xc7,
    0xe0, 0x7f, 0x3f, 0x1, 0xfb, 0xf0, 0xf, 0xdf,
    0x80, 0x3f, 0xfc, 0x1, 0xff, 0xe0, 0xf, 0xff,
    0x0, 0x7f, 0xf8, 0x3, 0xff, 0xc0, 0x1f, 0xfe,
    0x0, 0xff, 0xf0, 0xf, 0xef, 0xc0, 0x7e, 0x7e,
    0x3, 0xf1, 0xfc, 0x7f, 0xf, 0xff, 0xf8, 0x3f,
    0xff, 0x80, 0x7f, 0xf0, 0x0, 0xfe, 0x0,

    /* U+014E "Ŏ" */
    0x3, 0xc0, 0xf0, 0x1, 0xe0, 0x78, 0x0, 0xf8,
    0x7c, 0x0, 0x3f, 0xfc, 0x0, 0xf, 0xfc, 0x0,
    0x1, 0xf8, 0x0, 0x0, 0x0, 0x0, 0x0, 0x0,
    0x0, 0x0, 0x0, 0x0, 0x0, 0x3f, 0x80, 0x0,
    0xff, 0xf8, 0x0, 0xff, 0xfe, 0x0, 0xff, 0xff,
    0x80, 0xfe, 0xf, 0xe0, 0xfe, 0x3, 0xf8, 0x7e,
    0x0, 0xfc, 0x7e, 0x0, 0x3f, 0x3f, 0x0, 0x1f,
    0x9f, 0x80, 0xf, 0xdf, 0x80, 0x3, 0xff, 0xc0,
    0x1, 0xff, 0xe0, 0x0, 0xff, 0xf0, 0x0, 0x7f,
    0xf8, 0x0, 0x3f, 0xfc, 0x0, 0x1f, 0xfe, 0x0,
    0xf, 0xff, 0x0, 0x7, 0xff, 0x80, 0x3, 0xff,
    0xc0, 0x1, 0xfb, 0xf0, 0x1, 0xf9, 0xf8, 0x0,
    0xfc, 0xfc, 0x0, 0x7e, 0x3f, 0x0, 0x7e, 0x1f,
    0xc0, 0x7f, 0x7, 0xf0, 0x7f, 0x1, 0xff, 0xff,
    0x0, 0x7f, 0xff, 0x0, 0x1f, 0xff, 0x0, 0x1,
    0xfc, 0x0,

    /* U+014F "ŏ" */
    0x1e, 0x7, 0x80, 0xf0, 0x3c, 0x3, 0xc3, 0xc0,
    0x1f, 0xfe, 0x0, 0x7f, 0xe0, 0x0, 0xfc, 0x0,
    0x0, 0x0, 0x0, 0x0, 0x0, 0x0, 0x0, 0x0,
    0xf, 0xe0, 0x1, 0xff, 0xc0, 0x3f, 0xff, 0x83,
    0xff, 0xfe, 0x1f, 0xc7, 0xf1, 0xf8, 0x1f, 0xcf,
    0xc0, 0x7e, 0xfc, 0x3, 0xf7, 0xe0, 0xf, 0xff,
    0x0, 0x7f, 0xf8, 0x3, 0xff, 0xc0, 0x1f, 0xfe,
    0x0, 0xff, 0xf0, 0x7, 0xff, 0x80, 0x3f, 0xfc,
    0x3, 0xfb, 0xf0, 0x1f, 0x9f, 0x80, 0xfc, 0x7f,
    0x1f, 0xc3, 0xff, 0xfe, 0xf, 0xff, 0xe0, 0x1f,
    0xfc, 0x0, 0x3f, 0x80,

    /* U+0150 "Ő" */
    0x0, 0x3e, 0x3e, 0x0, 0x3e, 0x3e, 0x0, 0x3e,
    0x3e, 0x0, 0x1f, 0x3e, 0x0, 0x1f, 0x1e, 0x0,
    0xf, 0x1e, 0x0, 0x0, 0x0, 0x0, 0x0, 0x0,
    0x0, 0x0, 0x0, 0x0, 0x0, 0x3f, 0x80, 0x0,
    0xff, 0xf8, 0x0, 0xff, 0xfe, 0x0, 0xff, 0xff,
    0x80, 0xfe, 0xf, 0xe0, 0xfe, 0x3, 0xf8, 0x7e,
    0x0, 0xfc, 0x7e, 0x0, 0x3f, 0x3f, 0x0, 0x1f,
    0x9f, 0x80, 0xf, 0xdf, 0x80, 0x3, 0xff, 0xc0,
    0x1, 0xff, 0xe0, 0x0, 0xff, 0xf0, 0x0, 0x7f,
    0xf8, 0x0, 0x3f, 0xfc, 0x0, 0x1f, 0xfe, 0x0,
    0xf, 0xff, 0x0, 0x7, 0xff, 0x80, 0x3, 0xff,
    0xc0, 0x1, 0xfb, 0xf0, 0x1, 0xf9, 0xf8, 0x0,
    0xfc, 0xfc, 0x0, 0x7e, 0x3f, 0x0, 0x7e, 0x1f,
    0xc0, 0x7f, 0x7, 0xf0, 0x7f, 0x1, 0xff, 0xff,
    0x0, 0x7f, 0xff, 0x0, 0x1f, 0xff, 0x0, 0x1,
    0xfc, 0x0,

    /* U+0151 "ő" */
    0x0, 0xf8, 0xf8, 0xf, 0x8f, 0x80, 0x78, 0xf8,
    0x7, 0xcf, 0x80, 0x7c, 0x78, 0x3, 0xc7, 0x80,
    0x0, 0x0, 0x0, 0x0, 0x0, 0x0, 0x0, 0x0,
    0xf, 0xe0, 0x1, 0xff, 0xc0, 0x3f, 0xff, 0x83,
    0xff, 0xfe, 0x1f, 0xc7, 0xf1, 0xf8, 0x1f, 0xcf,
    0xc0, 0x7e, 0xfc, 0x3, 0xf7, 0xe0, 0xf, 0xff,
    0x0, 0x7f, 0xf8, 0x3, 0xff, 0xc0, 0x1f, 0xfe,
    0x0, 0xff, 0xf0, 0x7, 0xff, 0x80, 0x3f, 0xfc,
    0x3, 0xfb, 0xf0, 0x1f, 0x9f, 0x80, 0xfc, 0x7f,
    0x1f, 0xc3, 0xff, 0xfe, 0xf, 0xff, 0xe0, 0x1f,
    0xfc, 0x0, 0x3f, 0x80,

    /* U+0152 "Œ" */
    0x0, 0x7f, 0xff, 0xff, 0xf8, 0x1f, 0xff, 0xff,
    0xff, 0xc3, 0xff, 0xff, 0xff, 0xfe, 0x3f, 0xff,
    0xff, 0xff, 0xf3, 0xfc, 0x7, 0xe0, 0x0, 0x1f,
    0x80, 0x3f, 0x0, 0x1, 0xf8, 0x1, 0xf8, 0x0,
    0xf, 0xc0, 0xf, 0xc0, 0x0, 0xfc, 0x0, 0x7e,
    0x0, 0x7, 0xe0, 0x3, 0xf0, 0x0, 0x3f, 0x0,
    0x1f, 0x80, 0x1, 0xf8, 0x0, 0xfc, 0x0, 0xf,
    0xc0, 0x7, 0xff, 0xfe, 0x7e, 0x0, 0x3f, 0xff,
    0xf3, 0xf0, 0x1, 0xff, 0xff, 0x9f, 0x80, 0xf,
    0xff, 0xfc, 0xfc, 0x0, 0x7e, 0x0, 0x7, 0xe0,
    0x3, 0xf0, 0x0, 0x3f, 0x0, 0x1f, 0x80, 0x1,
    0xf8, 0x0, 0xfc, 0x0, 0xf, 0xc0, 0x7, 0xe0,
    0x0, 0x7e, 0x0, 0x3f, 0x0, 0x1, 0xf8, 0x1,
    0xf8, 0x0, 0xf, 0xc0, 0xf, 0xc0, 0x0, 0x3f,
    0x0, 0x7e, 0x0, 0x1, 0xfe, 0x3, 0xf0, 0x0,
    0x7, 0xff, 0xff, 0xff, 0xfe, 0x1f, 0xff, 0xff,
    0xff, 0xf0, 0x3f, 0xff, 0xff, 0xff, 0x80, 0x3f,
    0xff, 0xff, 0xfc,

    /* U+0153 "œ" */
    0x1, 0xfc, 0x3, 0xf8, 0x0, 0xff, 0xe1, 0xff,
    0xc0, 0x7f, 0xff, 0xff, 0xfc, 0x1f, 0xff, 0xff,
    0xff, 0xc3, 0xf8, 0xff, 0xe1, 0xfc, 0xfc, 0x7,
    0xf8, 0x1f, 0x9f, 0x80, 0xff, 0x1, 0xff, 0xf0,
    0xf, 0xc0, 0x3f, 0xfc, 0x1, 0xf8, 0x7, 0xff,
    0x80, 0x3f, 0xff, 0xff, 0xf0, 0x7, 0xff, 0xff,
    0xfe, 0x0, 0xff, 0xff, 0xff, 0xc0, 0x1f, 0xff,
    0xff, 0xf8, 0x3, 0xf0, 0x0, 0x3f, 0x0, 0x7e,
    0x0, 0x7, 0xe0, 0xf, 0xe0, 0x0, 0x7e, 0x3,
    0xfc, 0x0, 0xf, 0xc0, 0x7f, 0xc0, 0x10, 0xfe,
    0x3f, 0xfc, 0xe, 0x1f, 0xff, 0xff, 0xff, 0xe1,
    0xff, 0xfd, 0xff, 0xfc, 0xf, 0xfe, 0x1f, 0xff,
    0x0, 0x7f, 0x0, 0xff, 0x0,

    /* U+0154 "Ŕ" */
    0x0, 0x3f, 0x80, 0x0, 0x7e, 0x0, 0x1, 0xf8,
    0x0, 0x7, 0xe0, 0x0, 0xf, 0x80, 0x0, 0x3e,
    0x0, 0x0, 0x0, 0x0, 0x0, 0x0, 0x0, 0xff,
    0xfe, 0x1, 0xff, 0xff, 0x83, 0xff, 0xff, 0x87,
    0xff, 0xff, 0x8f, 0xc0, 0x7f, 0x9f, 0x80, 0x3f,
    0x3f, 0x0, 0x3f, 0x7e, 0x0, 0x7e, 0xfc, 0x0,
    0xfd, 0xf8, 0x1, 0xfb, 0xf0, 0x3, 0xf7, 0xe0,
    0xf, 0xef, 0xc0, 0x1f, 0x9f, 0x80, 0xff, 0x3f,
    0xff, 0xfc, 0x7f, 0xff, 0xf0, 0xff, 0xff, 0x81,
    0xff, 0xff, 0x3, 0xf0, 0x7f, 0x7, 0xe0, 0xfe,
    0xf, 0xc0, 0xfc, 0x1f, 0x81, 0xfc, 0x3f, 0x1,
    0xf8, 0x7e, 0x3, 0xf8, 0xfc, 0x3, 0xf1, 0xf8,
    0x7, 0xf3, 0xf0, 0x7, 0xe7, 0xe0, 0xf, 0xef,
    0xc0, 0xf, 0xdf, 0x80, 0x1f, 0xc0,

    /* U+0155 "ŕ" */
    0x1, 0xf8, 0xf, 0xc0, 0x3e, 0x1, 0xf8, 0xf,
    0xc0, 0x3e, 0x0, 0x0, 0x0, 0x0, 0x0, 0x3,
    0xf3, 0xef, 0xdf, 0xbf, 0xfe, 0xff, 0xfb, 0xfc,
    0xf, 0xe0, 0x3f, 0x0, 0xfc, 0x3, 0xf0, 0xf,
    0xc0, 0x3f, 0x0, 0xfc, 0x3, 0xf0, 0xf, 0xc0,
    0x3f, 0x0, 0xfc, 0x3, 0xf0, 0xf, 0xc0, 0x3f,
    0x0, 0xfc, 0x3, 0xf0, 0xf, 0xc0, 0x3f, 0x0,

    /* U+0156 "Ŗ" */
    0xff, 0xfe, 0x1, 0xff, 0xff, 0x83, 0xff, 0xff,
    0x87, 0xff, 0xff, 0x8f, 0xc0, 0x7f, 0x9f, 0x80,
    0x3f, 0x3f, 0x0, 0x3f, 0x7e, 0x0, 0x7e, 0xfc,
    0x0, 0xfd, 0xf8, 0x1, 0xfb, 0xf0, 0x3, 0xf7,
    0xe0, 0xf, 0xef, 0xc0, 0x1f, 0x9f, 0x80, 0xff,
    0x3f, 0xff, 0xfc, 0x7f, 0xff, 0xf0, 0xff, 0xff,
    0x81, 0xff, 0xff, 0x3, 0xf0, 0x7f, 0x7, 0xe0,
    0x7e, 0xf, 0xc0, 0xfc, 0x1f, 0x80, 0xfc, 0x3f,
    0x1, 0xf8, 0x7e, 0x1, 0xf8, 0xfc, 0x3, 0xf1,
    0xf8, 0x7, 0xf3, 0xf0, 0x7, 0xe7, 0xe0, 0xf,
    0xef, 0xc0, 0xf, 0xdf, 0x80, 0x1f, 0xc0, 0x0,
    0x0, 0x0, 0x0, 0x0, 0x0, 0xf0, 0x0, 0x1,
    0xe0, 0x0, 0x3, 0xc0, 0x0, 0x7, 0x80, 0x0,
    0xf, 0x0, 0x0, 0x3c, 0x0, 0x0, 0x78, 0x0,
    0x0, 0xe0, 0x0, 0x0, 0x40, 0x0,

    /* U+0157 "ŗ" */
    0x7e, 0x7d, 0xfb, 0xf7, 0xff, 0xdf, 0xff, 0x7f,
    0x81, 0xfc, 0x7, 0xe0, 0x1f, 0x80, 0x7e, 0x1,
    0xf8, 0x7, 0xe0, 0x1f, 0x80, 0x7e, 0x1, 0xf8,
    0x7, 0xe0, 0x1f, 0x80, 0x7e, 0x1, 0xf8, 0x7,
    0xe0, 0x1f, 0x80, 0x7e, 0x1, 0xf8, 0x7, 0xe0,
    0x0, 0x0, 0x0, 0x0, 0xf0, 0x3, 0xc0, 0xf,
    0x0, 0x3c, 0x0, 0xf0, 0x7, 0x80, 0x1e, 0x0,
    0x70, 0x0, 0x40, 0x0,

    /* U+0158 "Ř" */
    0x7c, 0x7, 0xc0, 0x7c, 0x1f, 0x0, 0x7c, 0xfc,
    0x0, 0x3f, 0xf0, 0x0, 0x3f, 0xc0, 0x0, 0x3e,
    0x0, 0x0, 0x38, 0x0, 0x0, 0x0, 0x0, 0x0,
    0x0, 0x1, 0xff, 0xfc, 0x3, 0xff, 0xff, 0x7,
    0xff, 0xff, 0xf, 0xff, 0xff, 0x1f, 0x80, 0xff,
    0x3f, 0x0, 0x7e, 0x7e, 0x0, 0x7e, 0xfc, 0x0,
    0xfd, 0xf8, 0x1, 0xfb, 0xf0, 0x3, 0xf7, 0xe0,
    0x7, 0xef, 0xc0, 0x1f, 0xdf, 0x80, 0x3f, 0x3f,
    0x1, 0xfe, 0x7f, 0xff, 0xf8, 0xff, 0xff, 0xe1,
    0xff, 0xff, 0x3, 0xff, 0xfe, 0x7, 0xe0, 0xfe,
    0xf, 0xc1, 0xfc, 0x1f, 0x81, 0xf8, 0x3f, 0x3,
    0xf8, 0x7e, 0x3, 0xf0, 0xfc, 0x7, 0xf1, 0xf8,
    0x7, 0xe3, 0xf0, 0xf, 0xe7, 0xe0, 0xf, 0xcf,
    0xc0, 0x1f, 0xdf, 0x80, 0x1f, 0xbf, 0x0, 0x3f,
    0x80,

    /* U+0159 "ř" */
    0x7c, 0x1f, 0x3e, 0x3e, 0x1f, 0x7c, 0xf, 0xf8,
    0x7, 0xf0, 0x3, 0xe0, 0x0, 0x0, 0x0, 0x0,
    0x0, 0x0, 0x3f, 0x3e, 0x3f, 0x7e, 0x3f, 0xfe,
    0x3f, 0xfe, 0x3f, 0xc0, 0x3f, 0x80, 0x3f, 0x0,
    0x3f, 0x0, 0x3f, 0x0, 0x3f, 0x0, 0x3f, 0x0,
    0x3f, 0x0, 0x3f, 0x0, 0x3f, 0x0, 0x3f, 0x0,
    0x3f, 0x0, 0x3f, 0x0, 0x3f, 0x0, 0x3f, 0x0,
    0x3f, 0x0, 0x3f, 0x0, 0x3f, 0x0, 0x3f, 0x0,

    /* U+015A "Ś" */
    0x0, 0x7, 0xe0, 0x0, 0x1f, 0x80, 0x0, 0x7e,
    0x0, 0x0, 0xf8, 0x0, 0x3, 0xe0, 0x0, 0xf,
    0xc0, 0x0, 0x0, 0x0, 0x0, 0x0, 0x0, 0x0,
    0x0, 0x0, 0x1, 0xfe, 0x0, 0x1f, 0xff, 0x80,
    0x7f, 0xff, 0x81, 0xff, 0xff, 0x87, 0xf0, 0x7f,
    0x8f, 0xc0, 0x3f, 0x3f, 0x0, 0x3f, 0x7e, 0x0,
    0x7e, 0xfc, 0x0, 0xfd, 0xfc, 0x0, 0x3, 0xfc,
    0x0, 0x3, 0xfe, 0x0, 0x7, 0xff, 0x80, 0x7,
    0xff, 0xe0, 0x7, 0xff, 0xf0, 0x3, 0xff, 0xf0,
    0x1, 0xff, 0xf0, 0x0, 0xff, 0xf0, 0x0, 0x3f,
    0xe0, 0x0, 0x1f, 0xe0, 0x0, 0x1f, 0xff, 0x0,
    0x1f, 0xfe, 0x0, 0x3f, 0xfe, 0x0, 0x7e, 0xfc,
    0x1, 0xfd, 0xfe, 0x7, 0xf1, 0xff, 0xff, 0xc1,
    0xff, 0xff, 0x0, 0xff, 0xfc, 0x0, 0x3f, 0xc0,
    0x0,

    /* U+015B "ś" */
    0x0, 0x1f, 0x80, 0x7, 0xe0, 0x1, 0xf8, 0x0,
    0x3e, 0x0, 0xf, 0x80, 0x1, 0xe0, 0x0, 0x0,
    0x0, 0x0, 0x0, 0x0, 0x0, 0x0, 0x7f, 0x80,
    0x3f, 0xfc, 0xf, 0xff, 0xc3, 0xff, 0xfc, 0xfe,
    0x1f, 0x9f, 0x81, 0xfb, 0xf0, 0x3f, 0x7e, 0x0,
    0xf, 0xf0, 0x0, 0xff, 0xc0, 0x1f, 0xff, 0x1,
    0xff, 0xf8, 0xf, 0xff, 0x80, 0x3f, 0xf0, 0x0,
    0xff, 0x0, 0x7, 0xff, 0x80, 0xff, 0xf0, 0x1f,
    0xbf, 0x87, 0xf7, 0xff, 0xfc, 0x7f, 0xff, 0x3,
    0xff, 0xc0, 0x1f, 0xe0,

    /* U+015C "Ŝ" */
    0x0, 0x3c, 0x0, 0x0, 0xfc, 0x0, 0x7, 0xfc,
    0x0, 0x1f, 0x7c, 0x0, 0x7c, 0x3c, 0x1, 0xf0,
    0x3c, 0x0, 0x0, 0x0, 0x0, 0x0, 0x0, 0x0,
    0x0, 0x0, 0x1, 0xfe, 0x0, 0x1f, 0xff, 0x80,
    0x7f, 0xff, 0x81, 0xff, 0xff, 0x87, 0xf0, 0x7f,
    0x8f, 0xc0, 0x3f, 0x3f, 0x0, 0x3f, 0x7e, 0x0,
    0x7e, 0xfc, 0x0, 0xfd, 0xfc, 0x0, 0x3, 0xfc,
    0x0, 0x3, 0xfe, 0x0, 0x7, 0xff, 0x80, 0x7,
    0xff, 0xe0, 0x7, 0xff, 0xf0, 0x3, 0xff, 0xf0,
    0x1, 0xff, 0xf0, 0x0, 0xff, 0xf0, 0x0, 0x3f,
    0xe0, 0x0, 0x1f, 0xe0, 0x0, 0x1f, 0xff, 0x0,
    0x1f, 0xfe, 0x0, 0x3f, 0xfe, 0x0, 0x7e, 0xfc,
    0x1, 0xfd, 0xfe, 0x7, 0xf1, 0xff, 0xff, 0xc1,
    0xff, 0xff, 0x0, 0xff, 0xfc, 0x0, 0x3f, 0xc0,
    0x0,

    /* U+015D "ŝ" */
    0x0, 0xf0, 0x0, 0x3f, 0x0, 0xf, 0xf0, 0x7,
    0xdf, 0x1, 0xf1, 0xf0, 0x7c, 0x1f, 0x0, 0x0,
    0x0, 0x0, 0x0, 0x0, 0x0, 0x0, 0x7f, 0x80,
    0x3f, 0xfc, 0xf, 0xff, 0xc3, 0xff, 0xfc, 0xfe,
    0x1f, 0x9f, 0x81, 0xfb, 0xf0, 0x3f, 0x7e, 0x0,
    0xf, 0xf0, 0x0, 0xff, 0xc0, 0x1f, 0xff, 0x1,
    0xff, 0xf8, 0xf, 0xff, 0x80, 0x3f, 0xf0, 0x0,
    0xff, 0x0, 0x7, 0xff, 0x80, 0xff, 0xf0, 0x1f,
    0xbf, 0x87, 0xf7, 0xff, 0xfc, 0x7f, 0xff, 0x3,
    0xff, 0xc0, 0x1f, 0xe0,

    /* U+015E "Ş" */
    0x0, 0xff, 0x0, 0xf, 0xff, 0xc0, 0x3f, 0xff,
    0xc0, 0xff, 0xff, 0xc3, 0xf8, 0x1f, 0xcf, 0xe0,
    0x1f, 0x9f, 0x80, 0x1f, 0xbf, 0x0, 0x3f, 0x7e,
    0x0, 0x0, 0xfe, 0x0, 0x1, 0xfe, 0x0, 0x1,
    0xff, 0x0, 0x1, 0xff, 0xc0, 0x1, 0xff, 0xf0,
    0x1, 0xff, 0xf8, 0x0, 0xff, 0xf8, 0x0, 0x3f,
    0xf8, 0x0, 0xf, 0xf8, 0x0, 0x7, 0xf0, 0x0,
    0x7, 0xff, 0xc0, 0x7, 0xff, 0x80, 0xf, 0xff,
    0x80, 0x1f, 0xbf, 0x0, 0x7f, 0x7f, 0x81, 0xfe,
    0x7f, 0xff, 0xf8, 0x7f, 0xff, 0xe0, 0x7f, 0xff,
    0x80, 0x7f, 0xfe, 0x0, 0x1f, 0xe0, 0x0, 0x1f,
    0x0, 0x0, 0x3f, 0x80, 0x0, 0x7f, 0x80, 0x0,
    0x1f, 0x0, 0x0, 0x3e, 0x0, 0x0, 0xfc, 0x0,
    0x3, 0xf0, 0x0, 0x7, 0xc0, 0x0, 0xe, 0x0,
    0x0,

    /* U+015F "ş" */
    0x3, 0xfc, 0x1, 0xff, 0xe0, 0x7f, 0xfe, 0x1f,
    0xff, 0xe7, 0xf0, 0xfe, 0xfc, 0xf, 0xdf, 0x81,
    0xfb, 0xf0, 0x0, 0x7f, 0x80, 0x7, 0xfe, 0x0,
    0x7f, 0xf8, 0x7, 0xff, 0xc0, 0x3f, 0xfc, 0x0,
    0x7f, 0x80, 0x3, 0xff, 0xe0, 0x3f, 0xfc, 0x7,
    0xff, 0xc1, 0xfd, 0xff, 0xff, 0x9f, 0xff, 0xe3,
    0xff, 0xf8, 0x1f, 0xfe, 0x0, 0xff, 0x0, 0x7,
    0x80, 0x0, 0xf8, 0x0, 0x3f, 0xc0, 0x0, 0xf8,
    0x0, 0x1f, 0x0, 0x7, 0xe0, 0x1, 0xf8, 0x0,
    0x3f, 0x0, 0x7, 0x80,

    /* U+0160 "Š" */
    0xf, 0x81, 0xf0, 0xf, 0x87, 0xc0, 0xf, 0x9f,
    0x0, 0xf, 0xfc, 0x0, 0xf, 0xf0, 0x0, 0xf,
    0xc0, 0x0, 0xf, 0x0, 0x0, 0x0, 0x0, 0x0,
    0x0, 0x0, 0x1, 0xfe, 0x0, 0x1f, 0xff, 0x80,
    0x7f, 0xff, 0x81, 0xff, 0xff, 0x87, 0xf0, 0x3f,
    0x8f, 0xc0, 0x3f, 0xbf, 0x0, 0x3f, 0x7e, 0x0,
    0x7e, 0xfc, 0x0, 0x1, 0xfc, 0x0, 0x3, 0xfc,
    0x0, 0x3, 0xfe, 0x0, 0x7, 0xff, 0x80, 0x7,
    0xff, 0xe0, 0x7, 0xff, 0xf0, 0x3, 0xff, 0xf0,
    0x1, 0xff, 0xf0, 0x0, 0xff, 0xf0, 0x0, 0x3f,
    0xe0, 0x0, 0x1f, 0xe0, 0x0, 0x1f, 0xff, 0x0,
    0x1f, 0xfe, 0x0, 0x3f, 0xfe, 0x0, 0x7e, 0xfc,
    0x1, 0xfd, 0xfe, 0x7, 0xf1, 0xff, 0xff, 0xc1,
    0xff, 0xff, 0x0, 0xff, 0xfc, 0x0, 0x3f, 0xc0,
    0x0,

    /* U+0161 "š" */
    0x3f, 0xf, 0xc3, 0xf3, 0xe0, 0x1e, 0xf8, 0x1,
    0xfe, 0x0, 0x1f, 0x80, 0x1, 0xe0, 0x0, 0x0,
    0x0, 0x0, 0x0, 0x0, 0x0, 0x0, 0x7f, 0x80,
    0x3f, 0xfc, 0xf, 0xff, 0xc3, 0xff, 0xfc, 0xfe,
    0x1f, 0x9f, 0x81, 0xfb, 0xf0, 0x3f, 0x7e, 0x0,
    0xf, 0xf0, 0x0, 0xff, 0xc0, 0x1f, 0xff, 0x1,
    0xff, 0xf8, 0xf, 0xff, 0x80, 0x3f, 0xf0, 0x0,
    0xff, 0x0, 0x7, 0xff, 0x80, 0xff, 0xf0, 0x1f,
    0xbf, 0x87, 0xf7, 0xff, 0xfc, 0x7f, 0xff, 0x3,
    0xff, 0xc0, 0x1f, 0xe0,

    /* U+0162 "Ţ" */
    0xff, 0xff, 0xff, 0xff, 0xff, 0xff, 0xff, 0xff,
    0xff, 0xff, 0xff, 0xff, 0xf0, 0x7, 0xe0, 0x0,
    0x3, 0xf0, 0x0, 0x1, 0xf8, 0x0, 0x0, 0xfc,
    0x0, 0x0, 0x7e, 0x0, 0x0, 0x3f, 0x0, 0x0,
    0x1f, 0x80, 0x0, 0xf, 0xc0, 0x0, 0x7, 0xe0,
    0x0, 0x3, 0xf0, 0x0, 0x1, 0xf8, 0x0, 0x0,
    0xfc, 0x0, 0x0, 0x7e, 0x0, 0x0, 0x3f, 0x0,
    0x0, 0x1f, 0x80, 0x0, 0xf, 0xc0, 0x0, 0x7,
    0xe0, 0x0, 0x3, 0xf0, 0x0, 0x1, 0xf8, 0x0,
    0x0, 0xfc, 0x0, 0x0, 0x7e, 0x0, 0x0, 0x3f,
    0x0, 0x0, 0x1f, 0x80, 0x0, 0xf, 0xc0, 0x0,
    0x7, 0xe0, 0x0, 0x3, 0xf0, 0x0, 0x0, 0xf0,
    0x0, 0x0, 0xfe, 0x0, 0x0, 0x7f, 0x80, 0x0,
    0x7, 0xc0, 0x0, 0x3, 0xe0, 0x0, 0x3, 0xf0,
    0x0, 0x3, 0xf0, 0x0, 0x1, 0xf8, 0x0, 0x0,
    0xe0, 0x0,

    /* U+0163 "ţ" */
    0x1f, 0x80, 0x7e, 0x1, 0xf8, 0x7, 0xe0, 0x1f,
    0x80, 0x7e, 0xf, 0xff, 0xbf, 0xfe, 0xff, 0xfb,
    0xff, 0xe1, 0xf8, 0x7, 0xe0, 0x1f, 0x80, 0x7e,
    0x1, 0xf8, 0x7, 0xe0, 0x1f, 0x80, 0x7e, 0x1,
    0xf8, 0x7, 0xe0, 0x1f, 0x80, 0x7e, 0x1, 0xf8,
    0x7, 0xf0, 0x1f, 0xf8, 0x7f, 0xe0, 0xff, 0x81,
    0xfe, 0x3, 0xf0, 0xf, 0x80, 0x3f, 0x80, 0xff,
    0x0, 0x7c, 0x1, 0xf0, 0xf, 0xc0, 0x7e, 0x1,
    0xf0, 0x7, 0x0,

    /* U+0164 "Ť" */
    0xf, 0x81, 0xf0, 0x3, 0xe1, 0xf0, 0x0, 0xf9,
    0xf0, 0x0, 0x3f, 0xf0, 0x0, 0xf, 0xf0, 0x0,
    0x3, 0xf0, 0x0, 0x0, 0xf0, 0x0, 0x0, 0x0,
    0x0, 0x0, 0x0, 0x0, 0x7f, 0xff, 0xff, 0xff,
    0xff, 0xff, 0xff, 0xff, 0xff, 0xff, 0xff, 0xff,
    0xf8, 0x3, 0xf0, 0x0, 0x1, 0xf8, 0x0, 0x0,
    0xfc, 0x0, 0x0, 0x7e, 0x0, 0x0, 0x3f, 0x0,
    0x0, 0x1f, 0x80, 0x0, 0xf, 0xc0, 0x0, 0x7,
    0xe0, 0x0, 0x3, 0xf0, 0x0, 0x1, 0xf8, 0x0,
    0x0, 0xfc, 0x0, 0x0, 0x7e, 0x0, 0x0, 0x3f,
    0x0, 0x0, 0x1f, 0x80, 0x0, 0xf, 0xc0, 0x0,
    0x7, 0xe0, 0x0, 0x3, 0xf0, 0x0, 0x1, 0xf8,
    0x0, 0x0, 0xfc, 0x0, 0x0, 0x7e, 0x0, 0x0,
    0x3f, 0x0, 0x0, 0x1f, 0x80, 0x0, 0xf, 0xc0,
    0x0, 0x7, 0xe0, 0x0, 0x3, 0xf0, 0x0, 0x1,
    0xf8, 0x0,

    /* U+0165 "ť" */
    0x0, 0x7, 0x80, 0x3, 0xc0, 0x1, 0xe0, 0x0,
    0xf0, 0x0, 0x78, 0x0, 0x78, 0x7e, 0x3c, 0x3f,
    0x1c, 0x1f, 0x80, 0xf, 0xc0, 0x7, 0xe0, 0x3,
    0xf0, 0xf, 0xff, 0x87, 0xff, 0xc3, 0xff, 0xe1,
    0xff, 0xf0, 0x1f, 0x80, 0xf, 0xc0, 0x7, 0xe0,
    0x3, 0xf0, 0x1, 0xf8, 0x0, 0xfc, 0x0, 0x7e,
    0x0, 0x3f, 0x0, 0x1f, 0x80, 0xf, 0xc0, 0x7,
    0xe0, 0x3, 0xf0, 0x1, 0xf8, 0x0, 0xfc, 0x0,
    0x7f, 0xe0, 0x3f, 0xf0, 0xf, 0xf8, 0x3, 0xfc,
    0x0, 0x7e, 0x0,

    /* U+0166 "Ŧ" */
    0xff, 0xff, 0xff, 0xff, 0xff, 0xff, 0xff, 0xff,
    0xff, 0xff, 0xff, 0xff, 0xf0, 0x7, 0xe0, 0x0,
    0x3, 0xf0, 0x0, 0x1, 0xf8, 0x0, 0x0, 0xfc,
    0x0, 0x0, 0x7e, 0x0, 0x0, 0x3f, 0x0, 0x0,
    0x1f, 0x80, 0x0, 0xff, 0xfc, 0x0, 0x7f, 0xfe,
    0x0, 0x3f, 0xff, 0x0, 0x1, 0xf8, 0x0, 0x0,
    0xfc, 0x0, 0x0, 0x7e, 0x0, 0x0, 0x3f, 0x0,
    0x0, 0x1f, 0x80, 0x0, 0xf, 0xc0, 0x0, 0x7,
    0xe0, 0x0, 0x3, 0xf0, 0x0, 0x1, 0xf8, 0x0,
    0x0, 0xfc, 0x0, 0x0, 0x7e, 0x0, 0x0, 0x3f,
    0x0, 0x0, 0x1f, 0x80, 0x0, 0xf, 0xc0, 0x0,
    0x7, 0xe0, 0x0, 0x3, 0xf0, 0x0,

    /* U+0167 "ŧ" */
    0xf, 0xc0, 0x1f, 0x80, 0x3f, 0x0, 0x7e, 0x0,
    0xfc, 0x1, 0xf8, 0x1f, 0xff, 0x3f, 0xfe, 0x7f,
    0xfc, 0xff, 0xf8, 0x3f, 0x0, 0x7e, 0x0, 0xfc,
    0x1, 0xf8, 0x3f, 0xff, 0xff, 0xff, 0xff, 0xfe,
    0x1f, 0x80, 0x3f, 0x0, 0x7e, 0x0, 0xfc, 0x1,
    0xf8, 0x3, 0xf0, 0x7, 0xf0, 0xf, 0xfc, 0x1f,
    0xf8, 0x1f, 0xf0, 0x1f, 0xe0, 0x1f, 0xc0,

    /* U+0168 "Ũ" */
    0x1, 0xc0, 0xe0, 0x7, 0xc1, 0xc0, 0x1f, 0xe7,
    0x80, 0x7f, 0xfe, 0x0, 0xf3, 0xf8, 0x1, 0xc1,
    0xe0, 0x0, 0x0, 0x0, 0x0, 0x0, 0x0, 0x0,
    0x0, 0x1, 0xf8, 0x0, 0xff, 0xf0, 0x1, 0xff,
    0xe0, 0x3, 0xff, 0xc0, 0x7, 0xff, 0x80, 0xf,
    0xff, 0x0, 0x1f, 0xfe, 0x0, 0x3f, 0xfc, 0x0,
    0x7f, 0xf8, 0x0, 0xff, 0xf0, 0x1, 0xff, 0xe0,
    0x3, 0xff, 0xc0, 0x7, 0xff, 0x80, 0xf, 0xff,
    0x0, 0x1f, 0xfe, 0x0, 0x3f, 0xfc, 0x0, 0x7f,
    0xf8, 0x0, 0xff, 0xf0, 0x1, 0xff, 0xe0, 0x3,
    0xff, 0xc0, 0x7, 0xff, 0x80, 0xf, 0xff, 0x0,
    0x1f, 0xfe, 0x0, 0x3f, 0x7e, 0x0, 0xfc, 0xfc,
    0x1, 0xf8, 0xfe, 0xf, 0xe1, 0xff, 0xff, 0xc1,
    0xff, 0xff, 0x0, 0xff, 0xf8, 0x0, 0x7f, 0x80,
    0x0,

    /* U+0169 "ũ" */
    0x7, 0x83, 0x83, 0xf8, 0xf0, 0x7f, 0xfc, 0x1f,
    0xff, 0x83, 0x87, 0xe0, 0x0, 0x0, 0x0, 0x0,
    0x0, 0x0, 0x0, 0x0, 0x0, 0x1f, 0x80, 0xff,
    0xf0, 0x1f, 0xfe, 0x3, 0xff, 0xc0, 0x7f, 0xf8,
    0xf, 0xff, 0x1, 0xff, 0xe0, 0x3f, 0xfc, 0x7,
    0xff, 0x80, 0xff, 0xf0, 0x1f, 0xfe, 0x3, 0xff,
    0xc0, 0x7f, 0xf8, 0xf, 0xff, 0x1, 0xff, 0xe0,
    0x3f, 0xfc, 0x7, 0xff, 0x80, 0xff, 0xf0, 0x1f,
    0xbf, 0x7, 0xf7, 0xff, 0xfe, 0x7f, 0xff, 0xcf,
    0xfd, 0xf8, 0x7e, 0x3f,

    /* U+016A "Ū" */
    0xf, 0xff, 0xc0, 0x1f, 0xff, 0x80, 0x3f, 0xff,
    0x0, 0x0, 0x0, 0x0, 0x0, 0x0, 0x0, 0x0,
    0x0, 0x0, 0x0, 0x0, 0x7e, 0x0, 0x3f, 0xfc,
    0x0, 0x7f, 0xf8, 0x0, 0xff, 0xf0, 0x1, 0xff,
    0xe0, 0x3, 0xff, 0xc0, 0x7, 0xff, 0x80, 0xf,
    0xff, 0x0, 0x1f, 0xfe, 0x0, 0x3f, 0xfc, 0x0,
    0x7f, 0xf8, 0x0, 0xff, 0xf0, 0x1, 0xff, 0xe0,
    0x3, 0xff, 0xc0, 0x7, 0xff, 0x80, 0xf, 0xff,
    0x0, 0x1f, 0xfe, 0x0, 0x3f, 0xfc, 0x0, 0x7f,
    0xf8, 0x0, 0xff, 0xf0, 0x1, 0xff, 0xe0, 0x3,
    0xff, 0xc0, 0x7, 0xff, 0x80, 0xf, 0xdf, 0x80,
    0x3f, 0x3f, 0x0, 0x7e, 0x3f, 0x83, 0xf8, 0x7f,
    0xff, 0xf0, 0x7f, 0xff, 0xc0, 0x3f, 0xfe, 0x0,
    0x1f, 0xe0, 0x0,

    /* U+016B "ū" */
    0x1f, 0xff, 0x83, 0xff, 0xf0, 0x7f, 0xfe, 0x0,
    0x0, 0x0, 0x0, 0x0, 0x0, 0x0, 0x0, 0x0,
    0x7, 0xe0, 0x3f, 0xfc, 0x7, 0xff, 0x80, 0xff,
    0xf0, 0x1f, 0xfe, 0x3, 0xff, 0xc0, 0x7f, 0xf8,
    0xf, 0xff, 0x1, 0xff, 0xe0, 0x3f, 0xfc, 0x7,
    0xff, 0x80, 0xff, 0xf0, 0x1f, 0xfe, 0x3, 0xff,
    0xc0, 0x7f, 0xf8, 0xf, 0xff, 0x1, 0xff, 0xe0,
    0x3f, 0xfc, 0xf, 0xef, 0xc3, 0xfd, 0xff, 0xff,
    0x9f, 0xff, 0xf1, 0xff, 0x7e, 0x1f, 0xcf, 0xc0,

    /* U+016C "Ŭ" */
    0xf, 0x3, 0xc0, 0x1e, 0x7, 0x80, 0x3e, 0x1f,
    0x0, 0x3f, 0xfc, 0x0, 0x3f, 0xf0, 0x0, 0x1f,
    0x80, 0x0, 0x0, 0x0, 0x0, 0x0, 0x0, 0x0,
    0x0, 0x1, 0xf8, 0x0, 0xff, 0xf0, 0x1, 0xff,
    0xe0, 0x3, 0xff, 0xc0, 0x7, 0xff, 0x80, 0xf,
    0xff, 0x0, 0x1f, 0xfe, 0x0, 0x3f, 0xfc, 0x0,
    0x7f, 0xf8, 0x0, 0xff, 0xf0, 0x1, 0xff, 0xe0,
    0x3, 0xff, 0xc0, 0x7, 0xff, 0x80, 0xf, 0xff,
    0x0, 0x1f, 0xfe, 0x0, 0x3f, 0xfc, 0x0, 0x7f,
    0xf8, 0x0, 0xff, 0xf0, 0x1, 0xff, 0xe0, 0x3,
    0xff, 0xc0, 0x7, 0xff, 0x80, 0xf, 0xff, 0x0,
    0x1f, 0xfe, 0x0, 0x3f, 0x7e, 0x0, 0xfc, 0xfc,
    0x1, 0xf8, 0xfe, 0xf, 0xe1, 0xff, 0xff, 0xc1,
    0xff, 0xff, 0x0, 0xff, 0xf8, 0x0, 0x7f, 0x80,
    0x0,

    /* U+016D "ŭ" */
    0x1e, 0x7, 0x83, 0xc0, 0xf0, 0x3c, 0x3c, 0x7,
    0xff, 0x80, 0x7f, 0xe0, 0x3, 0xf0, 0x0, 0x0,
    0x0, 0x0, 0x0, 0x0, 0x0, 0x1f, 0x80, 0xff,
    0xf0, 0x1f, 0xfe, 0x3, 0xff, 0xc0, 0x7f, 0xf8,
    0xf, 0xff, 0x1, 0xff, 0xe0, 0x3f, 0xfc, 0x7,
    0xff, 0x80, 0xff, 0xf0, 0x1f, 0xfe, 0x3, 0xff,
    0xc0, 0x7f, 0xf8, 0xf, 0xff, 0x1, 0xff, 0xe0,
    0x3f, 0xfc, 0x7, 0xff, 0x80, 0xff, 0xf0, 0x3f,
    0xbf, 0xf, 0xf7, 0xff, 0xfe, 0x7f, 0xff, 0xc7,
    0xfd, 0xf8, 0x7f, 0x3f,

    /* U+016E "Ů" */
    0x0, 0x7c, 0x0, 0x1, 0xfc, 0x0, 0x7, 0x1c,
    0x0, 0xc, 0x18, 0x0, 0x18, 0x30, 0x0, 0x30,
    0x60, 0x0, 0x71, 0xc0, 0x0, 0x7f, 0x0, 0x0,
    0x7c, 0x0, 0x0, 0x0, 0x0, 0x0, 0x0, 0x7,
    0xe0, 0x3, 0xff, 0xc0, 0x7, 0xff, 0x80, 0xf,
    0xff, 0x0, 0x1f, 0xfe, 0x0, 0x3f, 0xfc, 0x0,
    0x7f, 0xf8, 0x0, 0xff, 0xf0, 0x1, 0xff, 0xe0,
    0x3, 0xff, 0xc0, 0x7, 0xff, 0x80, 0xf, 0xff,
    0x0, 0x1f, 0xfe, 0x0, 0x3f, 0xfc, 0x0, 0x7f,
    0xf8, 0x0, 0xff, 0xf0, 0x1, 0xff, 0xe0, 0x3,
    0xff, 0xc0, 0x7, 0xff, 0x80, 0xf, 0xff, 0x0,
    0x1f, 0xfe, 0x0, 0x3f, 0xfc, 0x0, 0x7f, 0xf8,
    0x0, 0xfd, 0xf8, 0x3, 0xf3, 0xf0, 0x7, 0xe3,
    0xf8, 0x3f, 0x87, 0xff, 0xff, 0x7, 0xff, 0xfc,
    0x3, 0xff, 0xe0, 0x1, 0xfe, 0x0,

    /* U+016F "ů" */
    0x1, 0xf0, 0x0, 0x7f, 0x0, 0x1c, 0x70, 0x3,
    0x6, 0x0, 0x60, 0xc0, 0xe, 0x38, 0x0, 0xfe,
    0x0, 0xf, 0x80, 0x0, 0x0, 0x0, 0x0, 0x0,
    0x0, 0x0, 0x7e, 0x3, 0xff, 0xc0, 0x7f, 0xf8,
    0xf, 0xff, 0x1, 0xff, 0xe0, 0x3f, 0xfc, 0x7,
    0xff, 0x80, 0xff, 0xf0, 0x1f, 0xfe, 0x3, 0xff,
    0xc0, 0x7f, 0xf8, 0xf, 0xff, 0x1, 0xff, 0xe0,
    0x3f, 0xfc, 0x7, 0xff, 0x80, 0xff, 0xf0, 0x1f,
    0xfe, 0x3, 0xff, 0xc0, 0xfe, 0xfc, 0x3f, 0xdf,
    0xff, 0xf9, 0xff, 0xff, 0x3f, 0xf7, 0xe1, 0xf8,
    0xfc,

    /* U+0170 "Ű" */
    0x0, 0x7c, 0x7c, 0x1, 0xf1, 0xf0, 0x7, 0xc7,
    0xc0, 0xf, 0x1f, 0x0, 0x3e, 0x3c, 0x0, 0xf8,
    0xf0, 0x0, 0x0, 0x0, 0x0, 0x0, 0x0, 0x0,
    0x0, 0x1, 0xf8, 0x0, 0xff, 0xf0, 0x1, 0xff,
    0xe0, 0x3, 0xff, 0xc0, 0x7, 0xff, 0x80, 0xf,
    0xff, 0x0, 0x1f, 0xfe, 0x0, 0x3f, 0xfc, 0x0,
    0x7f, 0xf8, 0x0, 0xff, 0xf0, 0x1, 0xff, 0xe0,
    0x3, 0xff, 0xc0, 0x7, 0xff, 0x80, 0xf, 0xff,
    0x0, 0x1f, 0xfe, 0x0, 0x3f, 0xfc, 0x0, 0x7f,
    0xf8, 0x0, 0xff, 0xf0, 0x1, 0xff, 0xe0, 0x3,
    0xff, 0xc0, 0x7, 0xff, 0x80, 0xf, 0xff, 0x0,
    0x1f, 0xfe, 0x0, 0x3f, 0x7e, 0x0, 0xfc, 0xfc,
    0x1, 0xf8, 0xfe, 0xf, 0xe1, 0xff, 0xff, 0xc1,
    0xff, 0xff, 0x0, 0xff, 0xf8, 0x0, 0x7f, 0x80,
    0x0,

    /* U+0171 "ű" */
    0x1, 0xf3, 0xf0, 0x3e, 0x3e, 0x3, 0xc7, 0xc0,
    0x7c, 0xf8, 0xf, 0x9f, 0x0, 0xf1, 0xe0, 0x0,
    0x0, 0x0, 0x0, 0x0, 0x0, 0x0, 0xf, 0xc0,
    0x7e, 0xfc, 0x7, 0xef, 0xc0, 0x7e, 0xfc, 0x7,
    0xef, 0xc0, 0x7e, 0xfc, 0x7, 0xef, 0xc0, 0x7e,
    0xfc, 0x7, 0xef, 0xc0, 0x7e, 0xfc, 0x7, 0xef,
    0xc0, 0x7e, 0xfc, 0x7, 0xef, 0xc0, 0x7e, 0xfc,
    0x7, 0xef, 0xc0, 0x7e, 0xfc, 0x7, 0xef, 0xc0,
    0x7e, 0xfc, 0xf, 0xe7, 0xe1, 0xfe, 0x7f, 0xff,
    0xe3, 0xff, 0xfe, 0x3f, 0xf7, 0xe0, 0xfc, 0x7e,

    /* U+0172 "Ų" */
    0xfc, 0x0, 0x7f, 0xf8, 0x0, 0xff, 0xf0, 0x1,
    0xff, 0xe0, 0x3, 0xff, 0xc0, 0x7, 0xff, 0x80,
    0xf, 0xff, 0x0, 0x1f, 0xfe, 0x0, 0x3f, 0xfc,
    0x0, 0x7f, 0xf8, 0x0, 0xff, 0xf0, 0x1, 0xff,
    0xe0, 0x3, 0xff, 0xc0, 0x7, 0xff, 0x80, 0xf,
    0xff, 0x0, 0x1f, 0xfe, 0x0, 0x3f, 0xfc, 0x0,
    0x7f, 0xf8, 0x0, 0xff, 0xf0, 0x1, 0xff, 0xe0,
    0x3, 0xff, 0xc0, 0x7, 0xff, 0x80, 0xf, 0xff,
    0x0, 0x1f, 0xbf, 0x0, 0x7e, 0x7e, 0x0, 0xfc,
    0x7f, 0x7, 0xf0, 0xff, 0xff, 0xe0, 0xff, 0xff,
    0x80, 0x7f, 0xfe, 0x0, 0x3f, 0xf0, 0x0, 0x3,
    0xc0, 0x0, 0xf, 0x0, 0x0, 0x1e, 0x0, 0x0,
    0x3c, 0x0, 0x0, 0x7f, 0x80, 0x0, 0x7f, 0x0,
    0x0, 0x7c, 0x0,

    /* U+0173 "ų" */
    0xfc, 0x7, 0xff, 0x80, 0xff, 0xf0, 0x1f, 0xfe,
    0x3, 0xff, 0xc0, 0x7f, 0xf8, 0xf, 0xff, 0x1,
    0xff, 0xe0, 0x3f, 0xfc, 0x7, 0xff, 0x80, 0xff,
    0xf0, 0x1f, 0xfe, 0x3, 0xff, 0xc0, 0x7f, 0xf8,
    0xf, 0xff, 0x1, 0xff, 0xe0, 0x3f, 0xfc, 0x7,
    0xff, 0x81, 0xfd, 0xf8, 0x7f, 0xbf, 0xff, 0xf3,
    0xff, 0xfe, 0x7f, 0xef, 0xc3, 0xf1, 0xf8, 0x0,
    0x3e, 0x0, 0xf, 0x0, 0x3, 0xe0, 0x0, 0x78,
    0x0, 0xf, 0x0, 0x1, 0xe0, 0x0, 0x3f, 0x80,
    0x3, 0xf8, 0x0, 0x3e,

    /* U+0174 "Ŵ" */
    0x0, 0x0, 0xe0, 0x0, 0x0, 0x0, 0x3e, 0x0,
    0x0, 0x0, 0xf, 0xe0, 0x0, 0x0, 0x3, 0xfe,
    0x0, 0x0, 0x0, 0xf9, 0xe0, 0x0, 0x0, 0x3e,
    0x1f, 0x0, 0x0, 0xf, 0x1, 0xf0, 0x0, 0x0,
    0x0, 0x0, 0x0, 0x0, 0x0, 0x0, 0x0, 0x1f,
    0x80, 0x3e, 0x0, 0xff, 0xf0, 0x7, 0xc0, 0x1f,
    0xfe, 0x1, 0xfc, 0x3, 0xf7, 0xe0, 0x3f, 0x80,
    0xfc, 0xfc, 0x7, 0xf0, 0x1f, 0x9f, 0x80, 0xfe,
    0x3, 0xf3, 0xf0, 0x3f, 0xe0, 0x7e, 0x7e, 0x7,
    0xfc, 0xf, 0xc7, 0xe0, 0xff, 0x83, 0xf0, 0xfc,
    0x1f, 0xf0, 0x7e, 0x1f, 0x87, 0xdf, 0xf, 0xc3,
    0xf0, 0xfb, 0xe1, 0xf8, 0x3e, 0x1f, 0x7c, 0x3e,
    0x7, 0xe3, 0xef, 0x8f, 0xc0, 0xfc, 0xf8, 0xf1,
    0xf8, 0x1f, 0x9f, 0x1f, 0x3f, 0x3, 0xf3, 0xe3,
    0xe7, 0xe0, 0x3e, 0x7c, 0x7c, 0xf8, 0x7, 0xcf,
    0xf, 0xbf, 0x0, 0xff, 0xe0, 0xff, 0xe0, 0x1f,
    0xfc, 0x1f, 0xfc, 0x1, 0xff, 0x83, 0xff, 0x0,
    0x3f, 0xe0, 0x7f, 0xe0, 0x7, 0xfc, 0x7, 0xfc,
    0x0, 0xff, 0x80, 0xff, 0x80, 0x1f, 0xf0, 0x1f,
    0xf0, 0x1, 0xfe, 0x3, 0xfc, 0x0, 0x3f, 0x80,
    0x3f, 0x80, 0x7, 0xf0, 0x7, 0xf0, 0x0, 0xfe,
    0x0, 0xfe, 0x0,

    /* U+0175 "ŵ" */
    0x0, 0xf, 0x80, 0x0, 0x0, 0x7f, 0x0, 0x0,
    0x3, 0xfe, 0x0, 0x0, 0x1f, 0x7c, 0x0, 0x0,
    0xf8, 0x78, 0x0, 0x7, 0xc0, 0xf8, 0x0, 0x0,
    0x0, 0x0, 0x0, 0x0, 0x0, 0x0, 0x0, 0x0,
    0x0, 0x3, 0xf0, 0x3e, 0x3, 0xff, 0xc0, 0xf8,
    0xf, 0xbf, 0x3, 0xf0, 0x7e, 0x7c, 0xf, 0xc1,
    0xf9, 0xf0, 0x7f, 0x7, 0xe7, 0xe1, 0xfc, 0x1f,
    0x1f, 0x87, 0xf8, 0x7c, 0x3e, 0x1f, 0xe3, 0xf0,
    0xf8, 0xff, 0x8f, 0xc3, 0xe3, 0xdf, 0x3e, 0xf,
    0xcf, 0x7c, 0xf8, 0x1f, 0x7c, 0xf3, 0xe0, 0x7d,
    0xf3, 0xdf, 0x81, 0xf7, 0x8f, 0xfc, 0x7, 0xde,
    0x1f, 0xf0, 0xf, 0xf8, 0x7f, 0xc0, 0x3f, 0xc1,
    0xff, 0x0, 0xff, 0x7, 0xf8, 0x3, 0xfc, 0xf,
    0xe0, 0x7, 0xe0, 0x3f, 0x80, 0x1f, 0x80, 0xfe,
    0x0, 0x7e, 0x1, 0xf0, 0x1, 0xf8, 0x7, 0xc0,

    /* U+0176 "Ŷ" */
    0x0, 0x1e, 0x0, 0x0, 0xf, 0xc0, 0x0, 0x7,
    0xf8, 0x0, 0x3, 0xcf, 0x0, 0x3, 0xe1, 0xe0,
    0x1, 0xf0, 0x3e, 0x0, 0x0, 0x0, 0x0, 0x0,
    0x0, 0x0, 0xfe, 0x0, 0x1f, 0xdf, 0xc0, 0xf,
    0xe7, 0xf0, 0x3, 0xf8, 0xfc, 0x0, 0xfc, 0x3f,
    0x80, 0x7f, 0x7, 0xe0, 0x1f, 0x80, 0xfc, 0xf,
    0xc0, 0x3f, 0x3, 0xf0, 0x7, 0xe1, 0xf8, 0x1,
    0xf8, 0x7e, 0x0, 0x3f, 0x3f, 0x0, 0xf, 0xcf,
    0xc0, 0x1, 0xf3, 0xe0, 0x0, 0x7f, 0xf8, 0x0,
    0xf, 0xfc, 0x0, 0x3, 0xff, 0x0, 0x0, 0x7f,
    0x80, 0x0, 0x1f, 0xe0, 0x0, 0x3, 0xf0, 0x0,
    0x0, 0xfc, 0x0, 0x0, 0x3f, 0x0, 0x0, 0xf,
    0xc0, 0x0, 0x3, 0xf0, 0x0, 0x0, 0xfc, 0x0,
    0x0, 0x3f, 0x0, 0x0, 0xf, 0xc0, 0x0, 0x3,
    0xf0, 0x0, 0x0, 0xfc, 0x0, 0x0, 0x3f, 0x0,
    0x0, 0xf, 0xc0, 0x0,

    /* U+0177 "ŷ" */
    0x0, 0xf0, 0x0, 0xf, 0xe0, 0x0, 0xff, 0x80,
    0xf, 0x3e, 0x1, 0xf0, 0xf8, 0x1f, 0x3, 0xe0,
    0x0, 0x0, 0x0, 0x0, 0x0, 0x0, 0x0, 0x7,
    0xe0, 0x1f, 0xbf, 0x0, 0xfd, 0xfc, 0x7, 0xe7,
    0xe0, 0x7e, 0x3f, 0x3, 0xf1, 0xfc, 0x1f, 0x87,
    0xe1, 0xf8, 0x3f, 0xf, 0xc1, 0xf8, 0x7e, 0x7,
    0xe3, 0xe0, 0x3f, 0x3f, 0x1, 0xf9, 0xf8, 0x7,
    0xcf, 0x80, 0x3f, 0xfc, 0x1, 0xff, 0xe0, 0x7,
    0xfe, 0x0, 0x3f, 0xf0, 0x1, 0xff, 0x80, 0x7,
    0xf8, 0x0, 0x3f, 0xc0, 0x1, 0xfe, 0x0, 0x7,
    0xe0, 0x0, 0x3f, 0x0, 0x1, 0xf8, 0x0, 0xf,
    0x80, 0x0, 0x7c, 0x0, 0x7, 0xe0, 0x0, 0x7e,
    0x0, 0x1f, 0xf0, 0x0, 0xff, 0x0, 0x7, 0xf0,
    0x0, 0x3e, 0x0, 0x0,

    /* U+0178 "Ÿ" */
    0x3, 0xc0, 0xf0, 0x1, 0xf8, 0x7e, 0x0, 0x7e,
    0x1f, 0x80, 0xf, 0x3, 0xc0, 0x0, 0x0, 0x0,
    0x0, 0x0, 0x0, 0x0, 0x0, 0x0, 0x0, 0x0,
    0x0, 0x0, 0xfe, 0x0, 0x1f, 0xdf, 0x80, 0x7,
    0xe7, 0xf0, 0x3, 0xf8, 0xfc, 0x0, 0xfc, 0x3f,
    0x80, 0x7f, 0x7, 0xe0, 0x1f, 0x81, 0xfc, 0xf,
    0xe0, 0x3f, 0x3, 0xf0, 0xf, 0xe1, 0xfc, 0x1,
    0xf8, 0x7e, 0x0, 0x7f, 0x3f, 0x80, 0xf, 0xcf,
    0xc0, 0x3, 0xf3, 0xe0, 0x0, 0x7f, 0xf8, 0x0,
    0xf, 0xfc, 0x0, 0x3, 0xff, 0x0, 0x0, 0x7f,
    0x80, 0x0, 0x1f, 0xe0, 0x0, 0x3, 0xf0, 0x0,
    0x0, 0xfc, 0x0, 0x0, 0x3f, 0x0, 0x0, 0xf,
    0xc0, 0x0, 0x3, 0xf0, 0x0, 0x0, 0xfc, 0x0,
    0x0, 0x3f, 0x0, 0x0, 0xf, 0xc0, 0x0, 0x3,
    0xf0, 0x0, 0x0, 0xfc, 0x0, 0x0, 0x3f, 0x0,
    0x0, 0xf, 0xc0, 0x0,

    /* U+0179 "Ź" */
    0x0, 0xf, 0xc0, 0x0, 0x1f, 0x0, 0x0, 0x7e,
    0x0, 0x1, 0xf8, 0x0, 0x3, 0xe0, 0x0, 0xf,
    0x80, 0x0, 0x0, 0x0, 0x0, 0x0, 0x0, 0xff,
    0xff, 0xff, 0xff, 0xff, 0xff, 0xff, 0xff, 0xff,
    0xff, 0xff, 0xe0, 0x0, 0x1f, 0xc0, 0x0, 0x7f,
    0x0, 0x0, 0xfc, 0x0, 0x3, 0xf8, 0x0, 0xf,
    0xe0, 0x0, 0x1f, 0x80, 0x0, 0x7f, 0x0, 0x1,
    0xfc, 0x0, 0x3, 0xf0, 0x0, 0xf, 0xe0, 0x0,
    0x3f, 0x80, 0x0, 0x7e, 0x0, 0x1, 0xfc, 0x0,
    0x7, 0xf0, 0x0, 0xf, 0xc0, 0x0, 0x3f, 0x80,
    0x0, 0xfe, 0x0, 0x1, 0xf8, 0x0, 0x7, 0xf0,
    0x0, 0x1f, 0xc0, 0x0, 0x3f, 0x0, 0x0, 0xfe,
    0x0, 0x3, 0xff, 0xff, 0xff, 0xff, 0xff, 0xff,
    0xff, 0xff, 0xff, 0xff, 0xff, 0xc0,

    /* U+017A "ź" */
    0x0, 0x1f, 0x80, 0x7, 0xe0, 0x1, 0xf8, 0x0,
    0x3e, 0x0, 0xf, 0x80, 0x3, 0xe0, 0x0, 0x0,
    0x0, 0x0, 0x0, 0x0, 0x0, 0xf, 0xff, 0xfd,
    0xff, 0xff, 0xbf, 0xff, 0xf7, 0xff, 0xfc, 0x0,
    0x1f, 0x80, 0x7, 0xe0, 0x1, 0xf8, 0x0, 0x3e,
    0x0, 0xf, 0xc0, 0x3, 0xf0, 0x0, 0xfc, 0x0,
    0x1f, 0x80, 0x7, 0xe0, 0x1, 0xf8, 0x0, 0x7f,
    0x0, 0xf, 0xc0, 0x3, 0xf0, 0x0, 0xfc, 0x0,
    0x1f, 0x80, 0x7, 0xff, 0xff, 0xff, 0xff, 0xff,
    0xff, 0xff, 0xff, 0xff,

    /* U+017B "Ż" */
    0x0, 0x78, 0x0, 0x1, 0xf8, 0x0, 0x3, 0xf0,
    0x0, 0x3, 0xc0, 0x0, 0x0, 0x0, 0x0, 0x0,
    0x0, 0x0, 0x0, 0x0, 0x0, 0x0, 0x0, 0xff,
    0xff, 0xff, 0xff, 0xff, 0xff, 0xff, 0xff, 0xff,
    0xff, 0xff, 0xe0, 0x0, 0x1f, 0xc0, 0x0, 0x7f,
    0x0, 0x0, 0xfc, 0x0, 0x3, 0xf8, 0x0, 0xf,
    0xe0, 0x0, 0x1f, 0x80, 0x0, 0x7e, 0x0, 0x1,
    0xfc, 0x0, 0x3, 0xf0, 0x0, 0xf, 0xc0, 0x0,
    0x3f, 0x80, 0x0, 0x7e, 0x0, 0x1, 0xf8, 0x0,
    0x7, 0xf0, 0x0, 0xf, 0xc0, 0x0, 0x3f, 0x0,
    0x0, 0xfe, 0x0, 0x1, 0xf8, 0x0, 0x7, 0xe0,
    0x0, 0x1f, 0xc0, 0x0, 0x3f, 0x0, 0x0, 0xfc,
    0x0, 0x3, 0xff, 0xff, 0xff, 0xff, 0xff, 0xff,
    0xff, 0xff, 0xff, 0xff, 0xff, 0xc0,

    /* U+017C "ż" */
    0x0, 0xf0, 0x0, 0x3f, 0x0, 0x7, 0xe0, 0x0,
    0x78, 0x0, 0x0, 0x0, 0x0, 0x0, 0x0, 0x0,
    0x0, 0x0, 0x0, 0x0, 0x0, 0xf, 0xff, 0xfd,
    0xff, 0xff, 0xbf, 0xff, 0xf7, 0xff, 0xfc, 0x0,
    0x1f, 0x80, 0x7, 0xe0, 0x1, 0xf8, 0x0, 0x3f,
    0x0, 0xf, 0xc0, 0x3, 0xf0, 0x0, 0xfc, 0x0,
    0x1f, 0x80, 0x7, 0xe0, 0x1, 0xf8, 0x0, 0x7f,
    0x0, 0xf, 0xc0, 0x3, 0xf0, 0x0, 0xfc, 0x0,
    0x1f, 0x80, 0x7, 0xff, 0xff, 0xff, 0xff, 0xff,
    0xff, 0xff, 0xff, 0xff,

    /* U+017D "Ž" */
    0xf, 0x83, 0xe0, 0xf, 0xf, 0x80, 0xf, 0x3e,
    0x0, 0xf, 0xf8, 0x0, 0xf, 0xe0, 0x0, 0xf,
    0x80, 0x0, 0xe, 0x0, 0x0, 0x0, 0x0, 0x0,
    0x0, 0x1, 0xff, 0xff, 0xff, 0xff, 0xff, 0xff,
    0xff, 0xff, 0xff, 0xff, 0xff, 0xc0, 0x0, 0x3f,
    0x80, 0x0, 0xfe, 0x0, 0x1, 0xf8, 0x0, 0x7,
    0xf0, 0x0, 0x1f, 0xc0, 0x0, 0x3f, 0x0, 0x0,
    0xfe, 0x0, 0x3, 0xf8, 0x0, 0x7, 0xe0, 0x0,
    0x1f, 0xc0, 0x0, 0x7f, 0x0, 0x0, 0xfc, 0x0,
    0x3, 0xf8, 0x0, 0xf, 0xe0, 0x0, 0x1f, 0x80,
    0x0, 0x7f, 0x0, 0x1, 0xfc, 0x0, 0x3, 0xf0,
    0x0, 0xf, 0xe0, 0x0, 0x3f, 0x80, 0x0, 0x7e,
    0x0, 0x1, 0xfc, 0x0, 0x7, 0xff, 0xff, 0xff,
    0xff, 0xff, 0xff, 0xff, 0xff, 0xff, 0xff, 0xff,
    0x80,

    /* U+017E "ž" */
    0x3e, 0xf, 0xc3, 0xe3, 0xf0, 0x3f, 0xf8, 0x3,
    0xfe, 0x0, 0x1f, 0x80, 0x1, 0xe0, 0x0, 0x0,
    0x0, 0x0, 0x0, 0x0, 0x0, 0xf, 0xff, 0xfd,
    0xff, 0xff, 0xbf, 0xff, 0xf7, 0xff, 0xfc, 0x0,
    0x1f, 0x80, 0x7, 0xe0, 0x1, 0xf8, 0x0, 0x3e,
    0x0, 0xf, 0xc0, 0x3, 0xf0, 0x0, 0xfc, 0x0,
    0x1f, 0x80, 0x7, 0xe0, 0x1, 0xf8, 0x0, 0x7f,
    0x0, 0xf, 0xc0, 0x3, 0xf0, 0x0, 0xfc, 0x0,
    0x1f, 0x80, 0x7, 0xff, 0xff, 0xff, 0xff, 0xff,
    0xff, 0xff, 0xff, 0xff,

    /* U+017F "ſ" */
    0x7, 0xf1, 0xfe, 0x3f, 0xe7, 0xfe, 0x7e, 0xf,
    0xc0, 0xfc, 0xf, 0xc0, 0xfc, 0xf, 0xc0, 0xfc,
    0xf, 0xc0, 0xfc, 0xf, 0xc0, 0xfc, 0xf, 0xc0,
    0xfc, 0xf, 0xc0, 0xfc, 0xf, 0xc0, 0xfc, 0xf,
    0xc0, 0xfc, 0xf, 0xc0, 0xfc, 0xf, 0xc0, 0xfc,
    0xf, 0xc0, 0xfc, 0xf, 0xc0, 0xfc, 0xf, 0xc0
};


/*---------------------
 *  GLYPH DESCRIPTION
 *--------------------*/

static const lv_font_fmt_txt_glyph_dsc_t glyph_dsc[] = {
    {.bitmap_index = 0, .adv_w = 0, .box_w = 0, .box_h = 0, .ofs_x = 0, .ofs_y = 0} /* id = 0 reserved */,
    {.bitmap_index = 0, .adv_w = 167, .box_w = 1, .box_h = 1, .ofs_x = 0, .ofs_y = 0},
    {.bitmap_index = 1, .adv_w = 182, .box_w = 6, .box_h = 30, .ofs_x = 2, .ofs_y = 0},
    {.bitmap_index = 24, .adv_w = 214, .box_w = 11, .box_h = 11, .ofs_x = 1, .ofs_y = 21},
    {.bitmap_index = 40, .adv_w = 398, .box_w = 23, .box_h = 30, .ofs_x = 1, .ofs_y = 0},
    {.bitmap_index = 127, .adv_w = 386, .box_w = 20, .box_h = 40, .ofs_x = 2, .ofs_y = -4},
    {.bitmap_index = 227, .adv_w = 497, .box_w = 27, .box_h = 30, .ofs_x = 2, .ofs_y = 0},
    {.bitmap_index = 329, .adv_w = 442, .box_w = 26, .box_h = 30, .ofs_x = 1, .ofs_y = 0},
    {.bitmap_index = 427, .adv_w = 108, .box_w = 4, .box_h = 11, .ofs_x = 1, .ofs_y = 21},
    {.bitmap_index = 433, .adv_w = 235, .box_w = 11, .box_h = 44, .ofs_x = 3, .ofs_y = -10},
    {.bitmap_index = 494, .adv_w = 236, .box_w = 12, .box_h = 44, .ofs_x = 1, .ofs_y = -10},
    {.bitmap_index = 560, .adv_w = 305, .box_w = 18, .box_h = 18, .ofs_x = 1, .ofs_y = 12},
    {.bitmap_index = 601, .adv_w = 366, .box_w = 21, .box_h = 23, .ofs_x = 1, .ofs_y = 3},
    {.bitmap_index = 662, .adv_w = 165, .box_w = 7, .box_h = 13, .ofs_x = 1, .ofs_y = -8},
    {.bitmap_index = 674, .adv_w = 265, .box_w = 12, .box_h = 4, .ofs_x = 2, .ofs_y = 11},
    {.bitmap_index = 680, .adv_w = 195, .box_w = 6, .box_h = 6, .ofs_x = 3, .ofs_y = 0},
    {.bitmap_index = 685, .adv_w = 249, .box_w = 15, .box_h = 33, .ofs_x = 0, .ofs_y = -3},
    {.bitmap_index = 747, .adv_w = 386, .box_w = 20, .box_h = 30, .ofs_x = 2, .ofs_y = 0},
    {.bitmap_index = 822, .adv_w = 386, .box_w = 13, .box_h = 30, .ofs_x = 3, .ofs_y = 0},
    {.bitmap_index = 871, .adv_w = 386, .box_w = 21, .box_h = 30, .ofs_x = 1, .ofs_y = 0},
    {.bitmap_index = 950, .adv_w = 386, .box_w = 21, .box_h = 30, .ofs_x = 1, .ofs_y = 0},
    {.bitmap_index = 1029, .adv_w = 386, .box_w = 23, .box_h = 30, .ofs_x = 1, .ofs_y = 0},
    {.bitmap_index = 1116, .adv_w = 386, .box_w = 20, .box_h = 30, .ofs_x = 2, .ofs_y = 0},
    {.bitmap_index = 1191, .adv_w = 386, .box_w = 21, .box_h = 30, .ofs_x = 2, .ofs_y = 0},
    {.bitmap_index = 1270, .adv_w = 386, .box_w = 21, .box_h = 30, .ofs_x = 1, .ofs_y = 0},
    {.bitmap_index = 1349, .adv_w = 386, .box_w = 20, .box_h = 30, .ofs_x = 2, .ofs_y = 0},
    {.bitmap_index = 1424, .adv_w = 386, .box_w = 20, .box_h = 30, .ofs_x = 2, .ofs_y = 0},
    {.bitmap_index = 1499, .adv_w = 189, .box_w = 6, .box_h = 23, .ofs_x = 3, .ofs_y = 0},
    {.bitmap_index = 1517, .adv_w = 177, .box_w = 7, .box_h = 31, .ofs_x = 1, .ofs_y = -8},
    {.bitmap_index = 1545, .adv_w = 343, .box_w = 18, .box_h = 20, .ofs_x = 1, .ofs_y = 3},
    {.bitmap_index = 1590, .adv_w = 386, .box_w = 18, .box_h = 13, .ofs_x = 3, .ofs_y = 7},
    {.bitmap_index = 1620, .adv_w = 347, .box_w = 18, .box_h = 20, .ofs_x = 2, .ofs_y = 3},
    {.bitmap_index = 1665, .adv_w = 334, .box_w = 18, .box_h = 30, .ofs_x = 1, .ofs_y = 0},
    {.bitmap_index = 1733, .adv_w = 602, .box_w = 34, .box_h = 39, .ofs_x = 2, .ofs_y = -9},
    {.bitmap_index = 1899, .adv_w = 452, .box_w = 28, .box_h = 30, .ofs_x = 0, .ofs_y = 0},
    {.bitmap_index = 2004, .adv_w = 429, .box_w = 22, .box_h = 30, .ofs_x = 3, .ofs_y = 0},
    {.bitmap_index = 2087, .adv_w = 440, .box_w = 24, .box_h = 30, .ofs_x = 2, .ofs_y = 0},
    {.bitmap_index = 2177, .adv_w = 437, .box_w = 23, .box_h = 30, .ofs_x = 3, .ofs_y = 0},
    {.bitmap_index = 2264, .adv_w = 378, .box_w = 20, .box_h = 30, .ofs_x = 3, .ofs_y = 0},
    {.bitmap_index = 2339, .adv_w = 369, .box_w = 20, .box_h = 30, .ofs_x = 3, .ofs_y = 0},
    {.bitmap_index = 2414, .adv_w = 458, .box_w = 24, .box_h = 30, .ofs_x = 2, .ofs_y = 0},
    {.bitmap_index = 2504, .adv_w = 474, .box_w = 24, .box_h = 30, .ofs_x = 3, .ofs_y = 0},
    {.bitmap_index = 2594, .adv_w = 197, .box_w = 6, .box_h = 30, .ofs_x = 3, .ofs_y = 0},
    {.bitmap_index = 2617, .adv_w = 375, .box_w = 20, .box_h = 30, .ofs_x = 1, .ofs_y = 0},
    {.bitmap_index = 2692, .adv_w = 427, .box_w = 24, .box_h = 30, .ofs_x = 3, .ofs_y = 0},
    {.bitmap_index = 2782, .adv_w = 364, .box_w = 19, .box_h = 30, .ofs_x = 3, .ofs_y = 0},
    {.bitmap_index = 2854, .adv_w = 588, .box_w = 32, .box_h = 30, .ofs_x = 3, .ofs_y = 0},
    {.bitmap_index = 2974, .adv_w = 474, .box_w = 24, .box_h = 30, .ofs_x = 3, .ofs_y = 0},
    {.bitmap_index = 3064, .adv_w = 463, .box_w = 25, .box_h = 30, .ofs_x = 2, .ofs_y = 0},
    {.bitmap_index = 3158, .adv_w = 433, .box_w = 23, .box_h = 30, .ofs_x = 3, .ofs_y = 0},
    {.bitmap_index = 3245, .adv_w = 463, .box_w = 25, .box_h = 35, .ofs_x = 2, .ofs_y = -5},
    {.bitmap_index = 3355, .adv_w = 431, .box_w = 23, .box_h = 30, .ofs_x = 3, .ofs_y = 0},
    {.bitmap_index = 3442, .adv_w = 414, .box_w = 23, .box_h = 30, .ofs_x = 1, .ofs_y = 0},
    {.bitmap_index = 3529, .adv_w = 416, .box_w = 25, .box_h = 30, .ofs_x = 1, .ofs_y = 0},
    {.bitmap_index = 3623, .adv_w = 443, .box_w = 23, .box_h = 30, .ofs_x = 2, .ofs_y = 0},
    {.bitmap_index = 3710, .adv_w = 439, .box_w = 27, .box_h = 30, .ofs_x = 0, .ofs_y = 0},
    {.bitmap_index = 3812, .adv_w = 588, .box_w = 35, .box_h = 30, .ofs_x = 1, .ofs_y = 0},
    {.bitmap_index = 3944, .adv_w = 427, .box_w = 26, .box_h = 30, .ofs_x = 0, .ofs_y = 0},
    {.bitmap_index = 4042, .adv_w = 416, .box_w = 26, .box_h = 30, .ofs_x = 0, .ofs_y = 0},
    {.bitmap_index = 4140, .adv_w = 408, .box_w = 23, .box_h = 30, .ofs_x = 1, .ofs_y = 0},
    {.bitmap_index = 4227, .adv_w = 186, .box_w = 9, .box_h = 42, .ofs_x = 2, .ofs_y = -7},
    {.bitmap_index = 4275, .adv_w = 283, .box_w = 19, .box_h = 33, .ofs_x = 0, .ofs_y = -3},
    {.bitmap_index = 4354, .adv_w = 186, .box_w = 9, .box_h = 42, .ofs_x = 1, .ofs_y = -7},
    {.bitmap_index = 4402, .adv_w = 294, .box_w = 17, .box_h = 15, .ofs_x = 1, .ofs_y = 15},
    {.bitmap_index = 4434, .adv_w = 299, .box_w = 19, .box_h = 4, .ofs_x = 1, .ofs_y = -5},
    {.bitmap_index = 4444, .adv_w = 222, .box_w = 11, .box_h = 6, .ofs_x = 1, .ofs_y = 26},
    {.bitmap_index = 4453, .adv_w = 360, .box_w = 20, .box_h = 23, .ofs_x = 1, .ofs_y = 0},
    {.bitmap_index = 4511, .adv_w = 378, .box_w = 20, .box_h = 32, .ofs_x = 2, .ofs_y = 0},
    {.bitmap_index = 4591, .adv_w = 350, .box_w = 20, .box_h = 23, .ofs_x = 1, .ofs_y = 0},
    {.bitmap_index = 4649, .adv_w = 378, .box_w = 20, .box_h = 32, .ofs_x = 1, .ofs_y = 0},
    {.bitmap_index = 4729, .adv_w = 363, .box_w = 20, .box_h = 23, .ofs_x = 1, .ofs_y = 0},
    {.bitmap_index = 4787, .adv_w = 241, .box_w = 15, .box_h = 32, .ofs_x = 0, .ofs_y = 0},
    {.bitmap_index = 4847, .adv_w = 384, .box_w = 20, .box_h = 32, .ofs_x = 1, .ofs_y = -9},
    {.bitmap_index = 4927, .adv_w = 376, .box_w = 19, .box_h = 32, .ofs_x = 2, .ofs_y = 0},
    {.bitmap_index = 5003, .adv_w = 178, .box_w = 6, .box_h = 32, .ofs_x = 2, .ofs_y = 0},
    {.bitmap_index = 5027, .adv_w = 175, .box_w = 10, .box_h = 41, .ofs_x = -2, .ofs_y = -9},
    {.bitmap_index = 5079, .adv_w = 359, .box_w = 21, .box_h = 32, .ofs_x = 2, .ofs_y = 0},
    {.bitmap_index = 5163, .adv_w = 178, .box_w = 6, .box_h = 32, .ofs_x = 3, .ofs_y = 0},
    {.bitmap_index = 5187, .adv_w = 582, .box_w = 32, .box_h = 23, .ofs_x = 2, .ofs_y = 0},
    {.bitmap_index = 5279, .adv_w = 377, .box_w = 19, .box_h = 23, .ofs_x = 2, .ofs_y = 0},
    {.bitmap_index = 5334, .adv_w = 379, .box_w = 21, .box_h = 23, .ofs_x = 1, .ofs_y = 0},
    {.bitmap_index = 5395, .adv_w = 378, .box_w = 20, .box_h = 32, .ofs_x = 2, .ofs_y = -9},
    {.bitmap_index = 5475, .adv_w = 379, .box_w = 20, .box_h = 32, .ofs_x = 1, .ofs_y = -9},
    {.bitmap_index = 5555, .adv_w = 246, .box_w = 13, .box_h = 23, .ofs_x = 2, .ofs_y = 0},
    {.bitmap_index = 5593, .adv_w = 345, .box_w = 19, .box_h = 23, .ofs_x = 1, .ofs_y = 0},
    {.bitmap_index = 5648, .adv_w = 227, .box_w = 13, .box_h = 29, .ofs_x = 1, .ofs_y = 0},
    {.bitmap_index = 5696, .adv_w = 376, .box_w = 19, .box_h = 23, .ofs_x = 2, .ofs_y = 0},
    {.bitmap_index = 5751, .adv_w = 340, .box_w = 22, .box_h = 23, .ofs_x = 0, .ofs_y = 0},
    {.bitmap_index = 5815, .adv_w = 494, .box_w = 30, .box_h = 23, .ofs_x = 1, .ofs_y = 0},
    {.bitmap_index = 5902, .adv_w = 342, .box_w = 21, .box_h = 23, .ofs_x = 0, .ofs_y = 0},
    {.bitmap_index = 5963, .adv_w = 338, .box_w = 21, .box_h = 32, .ofs_x = 0, .ofs_y = -9},
    {.bitmap_index = 6047, .adv_w = 342, .box_w = 19, .box_h = 23, .ofs_x = 1, .ofs_y = 0},
    {.bitmap_index = 6102, .adv_w = 221, .box_w = 13, .box_h = 40, .ofs_x = 0, .ofs_y = -7},
    {.bitmap_index = 6167, .adv_w = 169, .box_w = 4, .box_h = 36, .ofs_x = 4, .ofs_y = -6},
    {.bitmap_index = 6185, .adv_w = 221, .box_w = 12, .box_h = 40, .ofs_x = 1, .ofs_y = -7},
    {.bitmap_index = 6245, .adv_w = 435, .box_w = 23, .box_h = 9, .ofs_x = 2, .ofs_y = 8},
    {.bitmap_index = 6271, .adv_w = 167, .box_w = 1, .box_h = 1, .ofs_x = 0, .ofs_y = 0},
    {.bitmap_index = 6272, .adv_w = 190, .box_w = 6, .box_h = 30, .ofs_x = 3, .ofs_y = -7},
    {.bitmap_index = 6295, .adv_w = 388, .box_w = 20, .box_h = 33, .ofs_x = 2, .ofs_y = -5},
    {.bitmap_index = 6378, .adv_w = 399, .box_w = 22, .box_h = 30, .ofs_x = 2, .ofs_y = 0},
    {.bitmap_index = 6461, .adv_w = 465, .box_w = 27, .box_h = 27, .ofs_x = 1, .ofs_y = 0},
    {.bitmap_index = 6553, .adv_w = 360, .box_w = 22, .box_h = 30, .ofs_x = 0, .ofs_y = 0},
    {.bitmap_index = 6636, .adv_w = 169, .box_w = 6, .box_h = 36, .ofs_x = 3, .ofs_y = -6},
    {.bitmap_index = 6663, .adv_w = 422, .box_w = 22, .box_h = 39, .ofs_x = 2, .ofs_y = -9},
    {.bitmap_index = 6771, .adv_w = 316, .box_w = 16, .box_h = 4, .ofs_x = 2, .ofs_y = 26},
    {.bitmap_index = 6779, .adv_w = 528, .box_w = 29, .box_h = 31, .ofs_x = 2, .ofs_y = 0},
    {.bitmap_index = 6892, .adv_w = 298, .box_w = 14, .box_h = 16, .ofs_x = 3, .ofs_y = 14},
    {.bitmap_index = 6920, .adv_w = 336, .box_w = 17, .box_h = 16, .ofs_x = 2, .ofs_y = 3},
    {.bitmap_index = 6954, .adv_w = 370, .box_w = 17, .box_h = 9, .ofs_x = 3, .ofs_y = 7},
    {.bitmap_index = 6974, .adv_w = 265, .box_w = 12, .box_h = 4, .ofs_x = 2, .ofs_y = 11},
    {.bitmap_index = 6980, .adv_w = 528, .box_w = 29, .box_h = 31, .ofs_x = 2, .ofs_y = 0},
    {.bitmap_index = 7093, .adv_w = 336, .box_w = 14, .box_h = 3, .ofs_x = 3, .ofs_y = 27},
    {.bitmap_index = 7099, .adv_w = 262, .box_w = 11, .box_h = 11, .ofs_x = 3, .ofs_y = 19},
    {.bitmap_index = 7115, .adv_w = 361, .box_w = 20, .box_h = 27, .ofs_x = 1, .ofs_y = 0},
    {.bitmap_index = 7183, .adv_w = 250, .box_w = 13, .box_h = 16, .ofs_x = 1, .ofs_y = 14},
    {.bitmap_index = 7209, .adv_w = 250, .box_w = 13, .box_h = 16, .ofs_x = 1, .ofs_y = 14},
    {.bitmap_index = 7235, .adv_w = 222, .box_w = 11, .box_h = 6, .ofs_x = 2, .ofs_y = 26},
    {.bitmap_index = 7244, .adv_w = 415, .box_w = 20, .box_h = 32, .ofs_x = 3, .ofs_y = -9},
    {.bitmap_index = 7324, .adv_w = 328, .box_w = 16, .box_h = 30, .ofs_x = 2, .ofs_y = 0},
    {.bitmap_index = 7384, .adv_w = 203, .box_w = 6, .box_h = 6, .ofs_x = 3, .ofs_y = 11},
    {.bitmap_index = 7389, .adv_w = 180, .box_w = 8, .box_h = 10, .ofs_x = 2, .ofs_y = -10},
    {.bitmap_index = 7399, .adv_w = 250, .box_w = 8, .box_h = 16, .ofs_x = 3, .ofs_y = 14},
    {.bitmap_index = 7415, .adv_w = 307, .box_w = 14, .box_h = 16, .ofs_x = 2, .ofs_y = 14},
    {.bitmap_index = 7443, .adv_w = 336, .box_w = 17, .box_h = 16, .ofs_x = 2, .ofs_y = 3},
    {.bitmap_index = 7477, .adv_w = 481, .box_w = 27, .box_h = 31, .ofs_x = 2, .ofs_y = -1},
    {.bitmap_index = 7582, .adv_w = 510, .box_w = 29, .box_h = 31, .ofs_x = 2, .ofs_y = 0},
    {.bitmap_index = 7695, .adv_w = 544, .box_w = 30, .box_h = 31, .ofs_x = 2, .ofs_y = -1},
    {.bitmap_index = 7812, .adv_w = 335, .box_w = 19, .box_h = 30, .ofs_x = 1, .ofs_y = -7},
    {.bitmap_index = 7884, .adv_w = 452, .box_w = 28, .box_h = 38, .ofs_x = 0, .ofs_y = 0},
    {.bitmap_index = 8017, .adv_w = 452, .box_w = 28, .box_h = 38, .ofs_x = 0, .ofs_y = 0},
    {.bitmap_index = 8150, .adv_w = 452, .box_w = 28, .box_h = 39, .ofs_x = 0, .ofs_y = 0},
    {.bitmap_index = 8287, .adv_w = 452, .box_w = 27, .box_h = 38, .ofs_x = 0, .ofs_y = 0},
    {.bitmap_index = 8416, .adv_w = 452, .box_w = 28, .box_h = 38, .ofs_x = 0, .ofs_y = 0},
    {.bitmap_index = 8549, .adv_w = 452, .box_w = 28, .box_h = 40, .ofs_x = 0, .ofs_y = 0},
    {.bitmap_index = 8689, .adv_w = 631, .box_w = 38, .box_h = 30, .ofs_x = 0, .ofs_y = 0},
    {.bitmap_index = 8832, .adv_w = 440, .box_w = 24, .box_h = 39, .ofs_x = 2, .ofs_y = -9},
    {.bitmap_index = 8949, .adv_w = 378, .box_w = 20, .box_h = 38, .ofs_x = 3, .ofs_y = 0},
    {.bitmap_index = 9044, .adv_w = 378, .box_w = 20, .box_h = 38, .ofs_x = 3, .ofs_y = 0},
    {.bitmap_index = 9139, .adv_w = 378, .box_w = 20, .box_h = 39, .ofs_x = 3, .ofs_y = 0},
    {.bitmap_index = 9237, .adv_w = 378, .box_w = 20, .box_h = 37, .ofs_x = 3, .ofs_y = 0},
    {.bitmap_index = 9330, .adv_w = 197, .box_w = 11, .box_h = 38, .ofs_x = -2, .ofs_y = 0},
    {.bitmap_index = 9383, .adv_w = 197, .box_w = 11, .box_h = 38, .ofs_x = 3, .ofs_y = 0},
    {.bitmap_index = 9436, .adv_w = 197, .box_w = 16, .box_h = 39, .ofs_x = -2, .ofs_y = 0},
    {.bitmap_index = 9514, .adv_w = 197, .box_w = 16, .box_h = 37, .ofs_x = -2, .ofs_y = 0},
    {.bitmap_index = 9588, .adv_w = 447, .box_w = 26, .box_h = 30, .ofs_x = 1, .ofs_y = 0},
    {.bitmap_index = 9686, .adv_w = 474, .box_w = 24, .box_h = 38, .ofs_x = 3, .ofs_y = 0},
    {.bitmap_index = 9800, .adv_w = 463, .box_w = 25, .box_h = 39, .ofs_x = 2, .ofs_y = 0},
    {.bitmap_index = 9922, .adv_w = 463, .box_w = 25, .box_h = 39, .ofs_x = 2, .ofs_y = 0},
    {.bitmap_index = 10044, .adv_w = 463, .box_w = 25, .box_h = 39, .ofs_x = 2, .ofs_y = 0},
    {.bitmap_index = 10166, .adv_w = 463, .box_w = 25, .box_h = 39, .ofs_x = 2, .ofs_y = 0},
    {.bitmap_index = 10288, .adv_w = 463, .box_w = 25, .box_h = 37, .ofs_x = 2, .ofs_y = 0},
    {.bitmap_index = 10404, .adv_w = 357, .box_w = 20, .box_h = 20, .ofs_x = 1, .ofs_y = 4},
    {.bitmap_index = 10454, .adv_w = 463, .box_w = 25, .box_h = 34, .ofs_x = 2, .ofs_y = -2},
    {.bitmap_index = 10561, .adv_w = 443, .box_w = 23, .box_h = 39, .ofs_x = 2, .ofs_y = 0},
    {.bitmap_index = 10674, .adv_w = 443, .box_w = 23, .box_h = 39, .ofs_x = 2, .ofs_y = 0},
    {.bitmap_index = 10787, .adv_w = 443, .box_w = 23, .box_h = 39, .ofs_x = 2, .ofs_y = 0},
    {.bitmap_index = 10900, .adv_w = 443, .box_w = 23, .box_h = 37, .ofs_x = 2, .ofs_y = 0},
    {.bitmap_index = 11007, .adv_w = 416, .box_w = 26, .box_h = 38, .ofs_x = 0, .ofs_y = 0},
    {.bitmap_index = 11131, .adv_w = 410, .box_w = 22, .box_h = 30, .ofs_x = 3, .ofs_y = 0},
    {.bitmap_index = 11214, .adv_w = 425, .box_w = 22, .box_h = 33, .ofs_x = 3, .ofs_y = 0},
    {.bitmap_index = 11305, .adv_w = 360, .box_w = 20, .box_h = 32, .ofs_x = 1, .ofs_y = 0},
    {.bitmap_index = 11385, .adv_w = 360, .box_w = 20, .box_h = 32, .ofs_x = 1, .ofs_y = 0},
    {.bitmap_index = 11465, .adv_w = 360, .box_w = 20, .box_h = 32, .ofs_x = 1, .ofs_y = 0},
    {.bitmap_index = 11545, .adv_w = 360, .box_w = 20, .box_h = 32, .ofs_x = 1, .ofs_y = 0},
    {.bitmap_index = 11625, .adv_w = 360, .box_w = 20, .box_h = 30, .ofs_x = 1, .ofs_y = 0},
    {.bitmap_index = 11700, .adv_w = 360, .box_w = 20, .box_h = 34, .ofs_x = 1, .ofs_y = 0},
    {.bitmap_index = 11785, .adv_w = 568, .box_w = 33, .box_h = 23, .ofs_x = 1, .ofs_y = 0},
    {.bitmap_index = 11880, .adv_w = 350, .box_w = 20, .box_h = 32, .ofs_x = 1, .ofs_y = -9},
    {.bitmap_index = 11960, .adv_w = 363, .box_w = 20, .box_h = 32, .ofs_x = 1, .ofs_y = 0},
    {.bitmap_index = 12040, .adv_w = 363, .box_w = 20, .box_h = 32, .ofs_x = 1, .ofs_y = 0},
    {.bitmap_index = 12120, .adv_w = 363, .box_w = 20, .box_h = 32, .ofs_x = 1, .ofs_y = 0},
    {.bitmap_index = 12200, .adv_w = 363, .box_w = 20, .box_h = 30, .ofs_x = 1, .ofs_y = 0},
    {.bitmap_index = 12275, .adv_w = 183, .box_w = 11, .box_h = 32, .ofs_x = -2, .ofs_y = 0},
    {.bitmap_index = 12319, .adv_w = 183, .box_w = 11, .box_h = 32, .ofs_x = 3, .ofs_y = 0},
    {.bitmap_index = 12363, .adv_w = 183, .box_w = 16, .box_h = 32, .ofs_x = -2, .ofs_y = 0},
    {.bitmap_index = 12427, .adv_w = 183, .box_w = 16, .box_h = 30, .ofs_x = -2, .ofs_y = 0},
    {.bitmap_index = 12487, .adv_w = 386, .box_w = 21, .box_h = 33, .ofs_x = 2, .ofs_y = 0},
    {.bitmap_index = 12574, .adv_w = 377, .box_w = 19, .box_h = 32, .ofs_x = 2, .ofs_y = 0},
    {.bitmap_index = 12650, .adv_w = 379, .box_w = 21, .box_h = 32, .ofs_x = 1, .ofs_y = 0},
    {.bitmap_index = 12734, .adv_w = 379, .box_w = 21, .box_h = 32, .ofs_x = 1, .ofs_y = 0},
    {.bitmap_index = 12818, .adv_w = 379, .box_w = 21, .box_h = 32, .ofs_x = 1, .ofs_y = 0},
    {.bitmap_index = 12902, .adv_w = 379, .box_w = 21, .box_h = 32, .ofs_x = 1, .ofs_y = 0},
    {.bitmap_index = 12986, .adv_w = 379, .box_w = 21, .box_h = 30, .ofs_x = 1, .ofs_y = 0},
    {.bitmap_index = 13065, .adv_w = 383, .box_w = 21, .box_h = 23, .ofs_x = 1, .ofs_y = 3},
    {.bitmap_index = 13126, .adv_w = 379, .box_w = 21, .box_h = 29, .ofs_x = 1, .ofs_y = -3},
    {.bitmap_index = 13203, .adv_w = 376, .box_w = 19, .box_h = 32, .ofs_x = 2, .ofs_y = 0},
    {.bitmap_index = 13279, .adv_w = 376, .box_w = 19, .box_h = 32, .ofs_x = 2, .ofs_y = 0},
    {.bitmap_index = 13355, .adv_w = 376, .box_w = 19, .box_h = 32, .ofs_x = 2, .ofs_y = 0},
    {.bitmap_index = 13431, .adv_w = 376, .box_w = 19, .box_h = 30, .ofs_x = 2, .ofs_y = 0},
    {.bitmap_index = 13503, .adv_w = 338, .box_w = 21, .box_h = 41, .ofs_x = 0, .ofs_y = -9},
    {.bitmap_index = 13611, .adv_w = 380, .box_w = 20, .box_h = 41, .ofs_x = 2, .ofs_y = -9},
    {.bitmap_index = 13714, .adv_w = 338, .box_w = 22, .box_h = 39, .ofs_x = 0, .ofs_y = -9},
    {.bitmap_index = 13822, .adv_w = 452, .box_w = 28, .box_h = 37, .ofs_x = 0, .ofs_y = 0},
    {.bitmap_index = 13952, .adv_w = 360, .box_w = 20, .box_h = 30, .ofs_x = 1, .ofs_y = 0},
    {.bitmap_index = 14027, .adv_w = 452, .box_w = 28, .box_h = 39, .ofs_x = 0, .ofs_y = 0},
    {.bitmap_index = 14164, .adv_w = 360, .box_w = 20, .box_h = 32, .ofs_x = 1, .ofs_y = 0},
    {.bitmap_index = 14244, .adv_w = 452, .box_w = 28, .box_h = 39, .ofs_x = 0, .ofs_y = -9},
    {.bitmap_index = 14381, .adv_w = 360, .box_w = 20, .box_h = 32, .ofs_x = 1, .ofs_y = -9},
    {.bitmap_index = 14461, .adv_w = 440, .box_w = 24, .box_h = 39, .ofs_x = 2, .ofs_y = 0},
    {.bitmap_index = 14578, .adv_w = 350, .box_w = 20, .box_h = 32, .ofs_x = 1, .ofs_y = 0},
    {.bitmap_index = 14658, .adv_w = 440, .box_w = 24, .box_h = 39, .ofs_x = 2, .ofs_y = 0},
    {.bitmap_index = 14775, .adv_w = 350, .box_w = 20, .box_h = 32, .ofs_x = 1, .ofs_y = 0},
    {.bitmap_index = 14855, .adv_w = 440, .box_w = 24, .box_h = 39, .ofs_x = 2, .ofs_y = 0},
    {.bitmap_index = 14972, .adv_w = 350, .box_w = 20, .box_h = 32, .ofs_x = 1, .ofs_y = 0},
    {.bitmap_index = 15052, .adv_w = 440, .box_w = 24, .box_h = 39, .ofs_x = 2, .ofs_y = 0},
    {.bitmap_index = 15169, .adv_w = 350, .box_w = 20, .box_h = 32, .ofs_x = 1, .ofs_y = 0},
    {.bitmap_index = 15249, .adv_w = 437, .box_w = 23, .box_h = 39, .ofs_x = 3, .ofs_y = 0},
    {.bitmap_index = 15362, .adv_w = 428, .box_w = 27, .box_h = 32, .ofs_x = 1, .ofs_y = 0},
    {.bitmap_index = 15470, .adv_w = 447, .box_w = 26, .box_h = 30, .ofs_x = 1, .ofs_y = 0},
    {.bitmap_index = 15568, .adv_w = 423, .box_w = 23, .box_h = 32, .ofs_x = 1, .ofs_y = 0},
    {.bitmap_index = 15660, .adv_w = 378, .box_w = 20, .box_h = 37, .ofs_x = 3, .ofs_y = 0},
    {.bitmap_index = 15753, .adv_w = 363, .box_w = 20, .box_h = 30, .ofs_x = 1, .ofs_y = 0},
    {.bitmap_index = 15828, .adv_w = 378, .box_w = 20, .box_h = 39, .ofs_x = 3, .ofs_y = 0},
    {.bitmap_index = 15926, .adv_w = 363, .box_w = 20, .box_h = 32, .ofs_x = 1, .ofs_y = 0},
    {.bitmap_index = 16006, .adv_w = 378, .box_w = 20, .box_h = 38, .ofs_x = 3, .ofs_y = 0},
    {.bitmap_index = 16101, .adv_w = 363, .box_w = 20, .box_h = 32, .ofs_x = 1, .ofs_y = 0},
    {.bitmap_index = 16181, .adv_w = 378, .box_w = 20, .box_h = 39, .ofs_x = 3, .ofs_y = -9},
    {.bitmap_index = 16279, .adv_w = 363, .box_w = 20, .box_h = 30, .ofs_x = 1, .ofs_y = -7},
    {.bitmap_index = 16354, .adv_w = 378, .box_w = 20, .box_h = 39, .ofs_x = 3, .ofs_y = 0},
    {.bitmap_index = 16452, .adv_w = 363, .box_w = 20, .box_h = 32, .ofs_x = 1, .ofs_y = 0},
    {.bitmap_index = 16532, .adv_w = 458, .box_w = 24, .box_h = 39, .ofs_x = 2, .ofs_y = 0},
    {.bitmap_index = 16649, .adv_w = 384, .box_w = 20, .box_h = 41, .ofs_x = 1, .ofs_y = -9},
    {.bitmap_index = 16752, .adv_w = 458, .box_w = 24, .box_h = 39, .ofs_x = 2, .ofs_y = 0},
    {.bitmap_index = 16869, .adv_w = 384, .box_w = 20, .box_h = 41, .ofs_x = 1, .ofs_y = -9},
    {.bitmap_index = 16972, .adv_w = 458, .box_w = 24, .box_h = 39, .ofs_x = 2, .ofs_y = 0},
    {.bitmap_index = 17089, .adv_w = 384, .box_w = 20, .box_h = 41, .ofs_x = 1, .ofs_y = -9},
    {.bitmap_index = 17192, .adv_w = 458, .box_w = 24, .box_h = 40, .ofs_x = 2, .ofs_y = -10},
    {.bitmap_index = 17312, .adv_w = 384, .box_w = 20, .box_h = 45, .ofs_x = 1, .ofs_y = -9},
    {.bitmap_index = 17425, .adv_w = 474, .box_w = 24, .box_h = 39, .ofs_x = 3, .ofs_y = 0},
    {.bitmap_index = 17542, .adv_w = 376, .box_w = 19, .box_h = 40, .ofs_x = 2, .ofs_y = 0},
    {.bitmap_index = 17637, .adv_w = 484, .box_w = 30, .box_h = 30, .ofs_x = 0, .ofs_y = 0},
    {.bitmap_index = 17750, .adv_w = 386, .box_w = 22, .box_h = 32, .ofs_x = 0, .ofs_y = 0},
    {.bitmap_index = 17838, .adv_w = 197, .box_w = 15, .box_h = 38, .ofs_x = -1, .ofs_y = 0},
    {.bitmap_index = 17910, .adv_w = 183, .box_w = 15, .box_h = 32, .ofs_x = -2, .ofs_y = 0},
    {.bitmap_index = 17970, .adv_w = 197, .box_w = 14, .box_h = 37, .ofs_x = -1, .ofs_y = 0},
    {.bitmap_index = 18035, .adv_w = 183, .box_w = 14, .box_h = 30, .ofs_x = -1, .ofs_y = 0},
    {.bitmap_index = 18088, .adv_w = 197, .box_w = 14, .box_h = 39, .ofs_x = -1, .ofs_y = 0},
    {.bitmap_index = 18157, .adv_w = 183, .box_w = 14, .box_h = 32, .ofs_x = -1, .ofs_y = 0},
    {.bitmap_index = 18213, .adv_w = 197, .box_w = 9, .box_h = 39, .ofs_x = 1, .ofs_y = -9},
    {.bitmap_index = 18257, .adv_w = 178, .box_w = 8, .box_h = 41, .ofs_x = 1, .ofs_y = -9},
    {.bitmap_index = 18298, .adv_w = 197, .box_w = 6, .box_h = 38, .ofs_x = 3, .ofs_y = 0},
    {.bitmap_index = 18327, .adv_w = 183, .box_w = 6, .box_h = 23, .ofs_x = 3, .ofs_y = 0},
    {.bitmap_index = 18345, .adv_w = 572, .box_w = 30, .box_h = 30, .ofs_x = 3, .ofs_y = 0},
    {.bitmap_index = 18458, .adv_w = 353, .box_w = 17, .box_h = 41, .ofs_x = 2, .ofs_y = -9},
    {.bitmap_index = 18546, .adv_w = 375, .box_w = 25, .box_h = 39, .ofs_x = 1, .ofs_y = 0},
    {.bitmap_index = 18668, .adv_w = 189, .box_w = 16, .box_h = 41, .ofs_x = -2, .ofs_y = -9},
    {.bitmap_index = 18750, .adv_w = 427, .box_w = 24, .box_h = 39, .ofs_x = 3, .ofs_y = -9},
    {.bitmap_index = 18867, .adv_w = 359, .box_w = 20, .box_h = 42, .ofs_x = 2, .ofs_y = -10},
    {.bitmap_index = 18972, .adv_w = 397, .box_w = 21, .box_h = 23, .ofs_x = 3, .ofs_y = 0},
    {.bitmap_index = 19033, .adv_w = 364, .box_w = 19, .box_h = 38, .ofs_x = 3, .ofs_y = 0},
    {.bitmap_index = 19124, .adv_w = 178, .box_w = 11, .box_h = 40, .ofs_x = 3, .ofs_y = 0},
    {.bitmap_index = 19179, .adv_w = 364, .box_w = 19, .box_h = 41, .ofs_x = 3, .ofs_y = -11},
    {.bitmap_index = 19277, .adv_w = 178, .box_w = 7, .box_h = 43, .ofs_x = 2, .ofs_y = -11},
    {.bitmap_index = 19315, .adv_w = 364, .box_w = 19, .box_h = 30, .ofs_x = 3, .ofs_y = 0},
    {.bitmap_index = 19387, .adv_w = 227, .box_w = 13, .box_h = 32, .ofs_x = 3, .ofs_y = 0},
    {.bitmap_index = 19439, .adv_w = 364, .box_w = 19, .box_h = 30, .ofs_x = 3, .ofs_y = 0},
    {.bitmap_index = 19511, .adv_w = 250, .box_w = 14, .box_h = 32, .ofs_x = 3, .ofs_y = 0},
    {.bitmap_index = 19567, .adv_w = 375, .box_w = 22, .box_h = 30, .ofs_x = 1, .ofs_y = 0},
    {.bitmap_index = 19650, .adv_w = 206, .box_w = 12, .box_h = 32, .ofs_x = 0, .ofs_y = 0},
    {.bitmap_index = 19698, .adv_w = 474, .box_w = 24, .box_h = 38, .ofs_x = 3, .ofs_y = 0},
    {.bitmap_index = 19812, .adv_w = 377, .box_w = 19, .box_h = 32, .ofs_x = 2, .ofs_y = 0},
    {.bitmap_index = 19888, .adv_w = 474, .box_w = 24, .box_h = 41, .ofs_x = 3, .ofs_y = -11},
    {.bitmap_index = 20011, .adv_w = 377, .box_w = 19, .box_h = 34, .ofs_x = 2, .ofs_y = -11},
    {.bitmap_index = 20092, .adv_w = 474, .box_w = 24, .box_h = 39, .ofs_x = 3, .ofs_y = 0},
    {.bitmap_index = 20209, .adv_w = 377, .box_w = 19, .box_h = 32, .ofs_x = 2, .ofs_y = 0},
    {.bitmap_index = 20285, .adv_w = 377, .box_w = 24, .box_h = 32, .ofs_x = -3, .ofs_y = 0},
    {.bitmap_index = 20381, .adv_w = 473, .box_w = 24, .box_h = 39, .ofs_x = 3, .ofs_y = -9},
    {.bitmap_index = 20498, .adv_w = 379, .box_w = 19, .box_h = 32, .ofs_x = 2, .ofs_y = -9},
    {.bitmap_index = 20574, .adv_w = 463, .box_w = 25, .box_h = 37, .ofs_x = 2, .ofs_y = 0},
    {.bitmap_index = 20690, .adv_w = 379, .box_w = 21, .box_h = 30, .ofs_x = 1, .ofs_y = 0},
    {.bitmap_index = 20769, .adv_w = 463, .box_w = 25, .box_h = 39, .ofs_x = 2, .ofs_y = 0},
    {.bitmap_index = 20891, .adv_w = 379, .box_w = 21, .box_h = 32, .ofs_x = 1, .ofs_y = 0},
    {.bitmap_index = 20975, .adv_w = 463, .box_w = 25, .box_h = 39, .ofs_x = 2, .ofs_y = 0},
    {.bitmap_index = 21097, .adv_w = 379, .box_w = 21, .box_h = 32, .ofs_x = 1, .ofs_y = 0},
    {.bitmap_index = 21181, .adv_w = 650, .box_w = 37, .box_h = 30, .ofs_x = 2, .ofs_y = 0},
    {.bitmap_index = 21320, .adv_w = 607, .box_w = 35, .box_h = 23, .ofs_x = 2, .ofs_y = 0},
    {.bitmap_index = 21421, .adv_w = 431, .box_w = 23, .box_h = 38, .ofs_x = 3, .ofs_y = 0},
    {.bitmap_index = 21531, .adv_w = 246, .box_w = 14, .box_h = 32, .ofs_x = 2, .ofs_y = 0},
    {.bitmap_index = 21587, .adv_w = 431, .box_w = 23, .box_h = 41, .ofs_x = 3, .ofs_y = -11},
    {.bitmap_index = 21705, .adv_w = 246, .box_w = 14, .box_h = 34, .ofs_x = 1, .ofs_y = -11},
    {.bitmap_index = 21765, .adv_w = 431, .box_w = 23, .box_h = 39, .ofs_x = 3, .ofs_y = 0},
    {.bitmap_index = 21878, .adv_w = 246, .box_w = 16, .box_h = 32, .ofs_x = 0, .ofs_y = 0},
    {.bitmap_index = 21942, .adv_w = 414, .box_w = 23, .box_h = 39, .ofs_x = 1, .ofs_y = 0},
    {.bitmap_index = 22055, .adv_w = 345, .box_w = 19, .box_h = 32, .ofs_x = 1, .ofs_y = 0},
    {.bitmap_index = 22131, .adv_w = 414, .box_w = 23, .box_h = 39, .ofs_x = 1, .ofs_y = 0},
    {.bitmap_index = 22244, .adv_w = 345, .box_w = 19, .box_h = 32, .ofs_x = 1, .ofs_y = 0},
    {.bitmap_index = 22320, .adv_w = 414, .box_w = 23, .box_h = 39, .ofs_x = 1, .ofs_y = -9},
    {.bitmap_index = 22433, .adv_w = 345, .box_w = 19, .box_h = 32, .ofs_x = 1, .ofs_y = -9},
    {.bitmap_index = 22509, .adv_w = 414, .box_w = 23, .box_h = 39, .ofs_x = 1, .ofs_y = 0},
    {.bitmap_index = 22622, .adv_w = 345, .box_w = 19, .box_h = 32, .ofs_x = 1, .ofs_y = 0},
    {.bitmap_index = 22698, .adv_w = 416, .box_w = 25, .box_h = 39, .ofs_x = 1, .ofs_y = -9},
    {.bitmap_index = 22820, .adv_w = 227, .box_w = 14, .box_h = 38, .ofs_x = 1, .ofs_y = -9},
    {.bitmap_index = 22887, .adv_w = 416, .box_w = 25, .box_h = 39, .ofs_x = 1, .ofs_y = 0},
    {.bitmap_index = 23009, .adv_w = 241, .box_w = 17, .box_h = 35, .ofs_x = 1, .ofs_y = 0},
    {.bitmap_index = 23084, .adv_w = 416, .box_w = 25, .box_h = 30, .ofs_x = 1, .ofs_y = 0},
    {.bitmap_index = 23178, .adv_w = 227, .box_w = 15, .box_h = 29, .ofs_x = 0, .ofs_y = 0},
    {.bitmap_index = 23233, .adv_w = 443, .box_w = 23, .box_h = 39, .ofs_x = 2, .ofs_y = 0},
    {.bitmap_index = 23346, .adv_w = 376, .box_w = 19, .box_h = 32, .ofs_x = 2, .ofs_y = 0},
    {.bitmap_index = 23422, .adv_w = 443, .box_w = 23, .box_h = 37, .ofs_x = 2, .ofs_y = 0},
    {.bitmap_index = 23529, .adv_w = 376, .box_w = 19, .box_h = 30, .ofs_x = 2, .ofs_y = 0},
    {.bitmap_index = 23601, .adv_w = 443, .box_w = 23, .box_h = 39, .ofs_x = 2, .ofs_y = 0},
    {.bitmap_index = 23714, .adv_w = 376, .box_w = 19, .box_h = 32, .ofs_x = 2, .ofs_y = 0},
    {.bitmap_index = 23790, .adv_w = 443, .box_w = 23, .box_h = 41, .ofs_x = 2, .ofs_y = 0},
    {.bitmap_index = 23908, .adv_w = 376, .box_w = 19, .box_h = 34, .ofs_x = 2, .ofs_y = 0},
    {.bitmap_index = 23989, .adv_w = 443, .box_w = 23, .box_h = 39, .ofs_x = 2, .ofs_y = 0},
    {.bitmap_index = 24102, .adv_w = 376, .box_w = 20, .box_h = 32, .ofs_x = 2, .ofs_y = 0},
    {.bitmap_index = 24182, .adv_w = 443, .box_w = 23, .box_h = 37, .ofs_x = 2, .ofs_y = -7},
    {.bitmap_index = 24289, .adv_w = 376, .box_w = 19, .box_h = 32, .ofs_x = 2, .ofs_y = -9},
    {.bitmap_index = 24365, .adv_w = 588, .box_w = 35, .box_h = 39, .ofs_x = 1, .ofs_y = 0},
    {.bitmap_index = 24536, .adv_w = 494, .box_w = 30, .box_h = 32, .ofs_x = 1, .ofs_y = 0},
    {.bitmap_index = 24656, .adv_w = 416, .box_w = 26, .box_h = 38, .ofs_x = 0, .ofs_y = 0},
    {.bitmap_index = 24780, .adv_w = 338, .box_w = 21, .box_h = 41, .ofs_x = 0, .ofs_y = -9},
    {.bitmap_index = 24888, .adv_w = 416, .box_w = 26, .box_h = 38, .ofs_x = 0, .ofs_y = 0},
    {.bitmap_index = 25012, .adv_w = 408, .box_w = 23, .box_h = 38, .ofs_x = 1, .ofs_y = 0},
    {.bitmap_index = 25122, .adv_w = 342, .box_w = 19, .box_h = 32, .ofs_x = 1, .ofs_y = 0},
    {.bitmap_index = 25198, .adv_w = 408, .box_w = 23, .box_h = 38, .ofs_x = 1, .ofs_y = 0},
    {.bitmap_index = 25308, .adv_w = 342, .box_w = 19, .box_h = 32, .ofs_x = 1, .ofs_y = 0},
    {.bitmap_index = 25384, .adv_w = 408, .box_w = 23, .box_h = 39, .ofs_x = 1, .ofs_y = 0},
    {.bitmap_index = 25497, .adv_w = 342, .box_w = 19, .box_h = 32, .ofs_x = 1, .ofs_y = 0},
    {.bitmap_index = 25573, .adv_w = 174, .box_w = 12, .box_h = 32, .ofs_x = 2, .ofs_y = 0}
};

/*---------------------
 *  CHARACTER MAPPING
 *--------------------*/



/*Collect the unicode lists and glyph_id offsets*/
static const lv_font_fmt_txt_cmap_t cmaps[] =
{
    {
        .range_start = 32, .range_length = 95, .glyph_id_start = 1,
        .unicode_list = NULL, .glyph_id_ofs_list = NULL, .list_length = 0, .type = LV_FONT_FMT_TXT_CMAP_FORMAT0_TINY
    },
    {
        .range_start = 160, .range_length = 224, .glyph_id_start = 96,
        .unicode_list = NULL, .glyph_id_ofs_list = NULL, .list_length = 0, .type = LV_FONT_FMT_TXT_CMAP_FORMAT0_TINY
    }
};

/*-----------------
 *    KERNING
 *----------------*/


/*Map glyph_ids to kern left classes*/
static const uint8_t kern_left_class_mapping[] =
{
    0, 1, 0, 2, 0, 0, 0, 0,
    2, 3, 0, 0, 0, 4, 0, 4,
    5, 0, 0, 0, 0, 0, 0, 0,
    0, 0, 0, 0, 0, 0, 0, 0,
    0, 0, 6, 7, 8, 9, 10, 11,
    0, 12, 12, 13, 14, 15, 12, 12,
    9, 16, 17, 18, 0, 19, 13, 20,
    21, 22, 23, 24, 25, 0, 0, 0,
    0, 0, 26, 27, 28, 0, 29, 30,
    0, 31, 0, 0, 32, 0, 31, 31,
    33, 27, 0, 34, 0, 35, 0, 36,
    37, 38, 36, 39, 40, 0, 0, 0,
    0, 0, 0, 0, 0, 0, 0, 0,
    0, 0, 0, 0, 0, 0, 0, 0,
    0, 0, 0, 0, 0, 0, 0, 0,
    0, 0, 0, 0, 0, 0, 0, 0,
    6, 6, 6, 6, 6, 6, 0, 8,
    10, 10, 10, 10, 12, 12, 12, 12,
    9, 12, 9, 9, 9, 9, 9, 0,
    0, 13, 13, 13, 13, 23, 0, 0,
    26, 26, 26, 26, 26, 26, 0, 28,
    29, 29, 29, 29, 0, 0, 0, 0,
    0, 31, 33, 33, 33, 33, 33, 0,
    0, 0, 0, 0, 0, 36, 27, 36,
    6, 26, 6, 26, 6, 26, 8, 28,
    8, 28, 8, 28, 8, 28, 9, 0,
    9, 0, 10, 29, 10, 29, 10, 29,
    10, 29, 10, 29, 0, 0, 0, 0,
    0, 0, 0, 0, 12, 31, 0, 0,
    12, 0, 12, 0, 12, 0, 12, 0,
    12, 0, 0, 0, 13, 0, 14, 0,
    0, 15, 0, 15, 0, 15, 0, 15,
    0, 0, 0, 12, 31, 12, 31, 12,
    31, 31, 0, 0, 9, 33, 9, 33,
    9, 33, 0, 0, 0, 34, 0, 34,
    0, 34, 0, 0, 0, 0, 0, 0,
    0, 0, 19, 0, 19, 0, 19, 0,
    13, 0, 13, 0, 13, 0, 13, 0,
    13, 0, 13, 0, 21, 0, 23, 36,
    23, 24, 39, 24, 39, 24, 39, 0
};

/*Map glyph_ids to kern right classes*/
static const uint8_t kern_right_class_mapping[] =
{
    0, 1, 0, 2, 0, 0, 0, 3,
    2, 0, 4, 5, 0, 6, 7, 6,
    8, 0, 0, 0, 0, 0, 0, 0,
    0, 0, 0, 0, 0, 0, 0, 0,
    9, 0, 10, 0, 11, 0, 0, 0,
    11, 0, 0, 12, 0, 0, 0, 0,
    11, 0, 11, 0, 13, 14, 15, 16,
    17, 18, 19, 20, 0, 0, 21, 0,
    0, 0, 22, 0, 23, 23, 23, 24,
    23, 0, 0, 0, 0, 0, 25, 25,
    26, 25, 23, 27, 28, 29, 30, 31,
    32, 33, 31, 34, 0, 0, 35, 0,
    0, 0, 0, 0, 0, 0, 0, 0,
    0, 0, 0, 36, 0, 7, 0, 0,
    0, 0, 0, 0, 0, 0, 0, 0,
    0, 0, 0, 37, 0, 0, 0, 0,
    10, 10, 10, 10, 10, 10, 38, 11,
    0, 0, 0, 0, 0, 0, 0, 0,
    0, 0, 11, 11, 11, 11, 11, 0,
    11, 15, 15, 15, 15, 19, 0, 0,
    22, 22, 22, 22, 22, 22, 39, 23,
    23, 23, 23, 23, 0, 0, 0, 0,
    0, 25, 26, 26, 26, 26, 26, 0,
    40, 30, 30, 30, 30, 31, 0, 31,
    10, 22, 10, 22, 10, 22, 11, 23,
    11, 23, 11, 23, 11, 23, 0, 23,
    0, 0, 0, 23, 0, 23, 0, 23,
    0, 23, 0, 23, 11, 23, 11, 23,
    11, 23, 11, 23, 0, 0, 0, 0,
    0, 0, 0, 0, 0, 0, 0, 0,
    0, 0, 0, 0, 12, 0, 0, 0,
    0, 0, 0, 0, 0, 0, 0, 0,
    0, 0, 0, 0, 25, 0, 25, 0,
    25, 25, 0, 0, 11, 26, 11, 26,
    11, 26, 11, 23, 0, 0, 0, 0,
    0, 0, 13, 28, 13, 28, 13, 28,
    13, 28, 14, 0, 14, 0, 0, 0,
    15, 30, 15, 30, 15, 30, 15, 30,
    15, 30, 15, 30, 17, 0, 19, 31,
    19, 20, 34, 20, 34, 20, 34, 0
};

/*Kern values between classes*/
static const int8_t kern_class_values[] =
{
    0, 0, 0, 0, 0, 0, 0, 0,
    0, 0, 0, 0, 0, -17, 0, 0,
    0, 0, 0, 0, 0, 0, 0, 0,
    0, 0, 0, 0, 0, 0, 0, 0,
    0, 0, 0, 0, 0, 0, 0, 0,
    0, -19, 0, 0, 0, 0, 0, 0,
    0, 0, 0, 0, 0, 0, 0, 0,
    0, 0, 0, 0, 0, 0, 0, 0,
    0, 0, 0, 0, 0, 0, 0, 0,
    0, 0, 0, 0, 0, 0, 0, 0,
    0, 0, 0, 0, 0, 0, 0, 0,
    0, 0, 0, 0, 0, 0, 0, 6,
    10, 0, 7, 0, 0, 0, 0, 0,
    0, 0, 0, 0, 0, 0, 0, 0,
    0, 0, 0, 0, 0, 0, 0, 0,
    0, -77, 0, 0, 0, 0, 0, 0,
    0, 0, 0, 0, 0, 0, 0, 0,
    0, 0, 0, 0, 0, 0, 0, 0,
    0, 0, 0, 0, 0, 0, 0, 0,
    0, 0, 0, 0, 0, 0, 0, 0,
    0, 0, 0, 0, 0, 0, 0, -74,
    0, 0, 0, 0, 0, 0, 0, 0,
    0, 0, 0, 0, 0, 0, 0, 0,
    0, 0, 0, 0, 0, 0, 0, 0,
    0, 0, 0, 0, 0, 0, 0, 0,
    0, -37, 0, 0, 0, 0, 0, 0,
    -23, 0, -6, 0, 0, -38, -5, -25,
    -15, 0, -41, 0, 0, 0, 0, 0,
    -10, -4, 0, 0, -5, -3, -15, -10,
    0, 4, 0, 0, 0, 0, 0, 0,
    0, 0, 0, 0, 0, 0, 0, 0,
    0, 0, 0, 0, 0, -8, 0, -7,
    0, 0, -17, 0, 0, 0, 0, 0,
    0, 0, 0, 0, 0, 0, 0, 0,
    0, 0, 0, 0, 0, 0, 0, 0,
    0, 0, 0, -8, 0, 0, 0, 0,
    0, 0, 0, 0, 0, -9, 0, 0,
    0, 0, 0, 0, -4, 0, 0, 0,
    0, 0, 0, 0, 0, 0, 0, 0,
    0, 0, -5, 0, 0, 0, 0, 0,
    0, 0, 0, 0, 0, -36, 0, 0,
    0, -6, 0, 0, 0, -20, 0, -7,
    0, -7, -13, -7, 0, 0, 0, 0,
    0, 0, 0, 0, 0, 0, 0, 0,
    0, 0, 0, 0, 0, -10, 0, 0,
    0, 0, 0, 0, 0, 0, 0, 0,
    0, 0, 0, 0, 0, 6, 0, 0,
    0, 0, 0, 0, 0, 0, -6, -6,
    0, -6, 0, 0, 0, -5, -8, -7,
    0, 0, 0, 0, 0, 0, 0, 0,
    0, 0, 0, 0, 0, -81, 0, 0,
    0, -57, 0, -70, 0, 6, 0, 0,
    0, 0, 0, 0, 0, -10, -6, 0,
    0, -6, -8, 0, 0, -7, -7, 0,
    0, 0, 0, 0, 0, 0, 0, 0,
    0, 0, 0, 0, 0, 0, 0, 0,
    0, 6, 0, 0, 0, -9, 0, 0,
    0, 5, -9, 0, 0, 0, 0, 0,
    0, 0, 0, 0, 0, 0, 0, 0,
    0, 0, 0, 0, 0, 0, 0, 0,
    0, 0, 0, 0, 0, 0, 0, 0,
    0, -7, 0, 0, 0, 0, 0, 0,
    0, 0, 0, 0, 0, 0, 0, 0,
    0, 0, 0, 0, 0, 0, 0, 0,
    0, 0, 0, 0, 0, 0, 0, 0,
    0, 0, 0, 0, 0, 0, -41, 0,
    0, 0, -10, 0, 0, 0, 0, 0,
    0, 0, 0, 0, 0, 0, -8, 0,
    -2, -8, 0, 0, 0, -7, -12, -19,
    0, 0, 0, 0, 0, 0, 0, 0,
    0, 0, 0, 0, 0, 0, 0, 0,
    0, 6, -20, 0, 0, -70, -10, -61,
    -34, 0, -82, 0, 0, 0, 0, 0,
    0, 0, 0, 0, 0, -7, -39, -20,
    0, 0, 0, 0, 0, 0, 0, 0,
    0, 0, 0, 0, 0, -117, 0, 0,
    0, -51, 0, -58, 0, 0, 0, 0,
    0, -14, 0, -10, 0, -3, -4, 0,
    0, -4, 0, 0, 4, 0, 5, 0,
    0, 0, 0, 0, 0, -72, 0, 0,
    0, 0, 0, 0, 0, 0, 0, 0,
    0, 0, 0, 0, 0, -11, 0, -9,
    -6, 0, -11, 0, 0, 0, 0, 0,
    0, 0, 0, 0, 0, 0, 0, 0,
    0, 0, 0, 0, 0, 0, 0, 0,
    0, 0, 0, 0, 0, 0, 0, 0,
    0, 0, 0, 0, 0, -19, 0, -6,
    0, 0, -15, 0, 0, 0, 0, 0,
    0, 0, 0, 0, 0, 0, 0, 0,
    0, 0, 0, 0, 0, 0, 0, 0,
    -17, 0, 0, 0, 0, -76, -80, 0,
    0, -33, -9, -69, -5, 5, 0, 5,
    5, 0, 5, 0, 0, -46, -28, 0,
    -29, -53, -21, -27, 0, -23, -24, -15,
    -24, -19, 0, -64, -52, -57, -29, -29,
    0, 0, 0, 6, 0, -67, -36, 0,
    0, -23, -4, 0, 0, 0, 0, 0,
    0, 0, 0, 0, 5, -14, -14, 0,
    0, -14, -9, 0, 0, -9, -3, 0,
    0, 0, 6, 0, 0, 0, 0, 0,
    0, 0, 0, 5, 0, -42, -19, 0,
    0, -13, 0, 0, 0, 4, 0, 0,
    0, 0, 0, 0, 4, -10, -10, 0,
    0, -10, -6, 0, 0, -6, 0, 0,
    0, 0, 4, 0, 0, 0, 0, 0,
    0, 0, 0, 0, 0, 0, -37, 0,
    0, 0, -8, 0, 0, 0, 0, 4,
    0, 0, 0, 0, 0, 0, -8, 0,
    0, -6, 0, 0, 0, -6, -10, 0,
    0, 0, 0, 0, 0, 0, 0, 0,
    0, 0, -9, 6, -15, -69, -37, 0,
    0, -41, -9, -30, -5, 5, -30, 6,
    5, 4, 6, 0, 6, -20, -20, -7,
    -12, -20, -12, -18, -7, -12, -6, 0,
    -7, -9, 6, -25, -16, -30, -19, -20,
    0, 0, 0, 0, 0, 0, 0, 0,
    0, 4, -8, 0, 0, 0, 0, 0,
    0, 0, 0, 0, 0, 0, -6, 0,
    0, -6, 0, 0, 0, -6, -8, -8,
    0, 0, 0, 0, 0, 0, 0, 0,
    0, 0, 0, 0, 0, 0, 0, 0,
    0, 0, 0, -6, 0, 0, -6, 0,
    0, 0, 0, 0, 0, 0, 0, 0,
    0, 0, 0, 0, 0, 0, 0, 0,
    0, 0, 0, 0, 0, 0, 0, 0,
    0, -10, 0, 0, 0, 0, 0, 0,
    0, 0, 0, 0, 0, 0, 0, 0,
    0, 0, 0, 0, 0, 0, 0, 0,
    0, 0, 0, 0, 0, 0, -5, 0,
    0, 0, 0, 0, 0, 0, 0, 0,
    0, -9, 0, 0, 0, 0, 0, 0,
    0, 0, 0, 0, 0, 0, 0, 0,
    0, 0, 0, 0, 0, 0, 0, 0,
    0, 0, 0, 0, 0, 0, -3, 0,
    -5, -5, 0, 0, 0, 0, 0, 0,
    0, -3, 0, 0, 0, 0, 0, 0,
    0, 0, 0, 0, 0, 0, 0, 0,
    0, 0, 0, 0, 0, 0, 0, 0,
    0, 0, 0, 0, 0, 0, 0, 0,
    0, 0, 0, 0, 0, 0, 0, 0,
    0, -4, 0, 0, 0, 0, 0, 0,
    0, 0, 0, 0, 0, 0, 0, 0,
    0, 0, 0, 0, 0, 0, 0, 0,
    0, 0, 0, 0, 0, 0, -4, 0,
    0, 0, 0, 0, 0, 0, 0, 0,
    0, 5, 0, 6, 0, 0, 0, 0,
    0, 0, 0, 0, 0, 0, 0, 0,
    0, 0, 0, 0, 6, 0, -7, 0,
    0, 0, 0, 0, 0, 0, 0, 0,
    0, 0, 6, 0, 0, 0, 0, 0,
    0, -27, 0, 0, 0, 0, 0, 0,
    0, 0, 0, 0, 0, 0, 0, 0,
    0, 0, 0, 0, 0, 0, 0, 0,
    0, 0, 0, 0, 0, 0, 0, 0,
    0, 0, 0, 0, 0, 0, 0, 0,
    0, 0, 0, 0, 0, 0, 0, 0,
    0, 0, 0, 0, 0, 0, 0, 0,
    0, 0, 0, 0, 0, 0, -6, 0,
    0, 0, 0, 0, 0, 0, 0, 0,
    0, 0, 0, 0, 0, 0, 0, 0,
    0, -32, 0, 0, 0, 0, 0, 0,
    0, 0, 0, 0, 0, 0, 0, 0,
    0, 0, 0, 0, 0, 0, 0, 0,
    0, 0, 0, 0, 0, 0, -5, 0,
    -6, -5, 0, 0, 0, 0, 0, 0,
    0, 5, 0, 0, 0, -48, 0, 0,
    0, 0, 0, 0, 0, 0, 0, 0,
    0, 0, 0, 0, 0, -10, -6, 6,
    0, -10, 0, 0, 15, 0, 6, 5,
    0, 0, 0, 0, 0, 0, 0, 0,
    0, 0, 0, 0, 0, 0, 0, 0,
    0, 0, 0, 0, 0, 0, 0, 0,
    0, 0, 0, 0, 0, 0, 0, 0,
    0, -8, 0, 0, 0, 0, 0, 0,
    0, 0, 0, 0, 0, 0, 0, 0,
    0, 5, 0, 0, 0, -46, 0, 0,
    0, 0, 0, 0, 0, 0, 0, 0,
    0, 0, 0, 0, 0, -5, -4, 4,
    0, -5, 0, 0, 0, 0, 0, 0,
    0, 0, 0, 0, 0, 0, 0, 0,
    0, 0, 0, 0, 0, -38, 0, 0,
    0, 0, 0, 0, 0, 0, 0, 0,
    0, 0, 0, 0, 0, 0, 0, 0,
    0, 0, 0, 0, 0, 0, 0, 0,
    0, 0, 0, 0, 0, 0, 0, 0,
    0, 0, 0, 0, 0, 0, 0, 0,
    0, 0, 0, 0, 0, 0, 0, 0,
    0, 0, 0, 0, 0, 0, -6, 0,
    0, -10, 0, 0, 0, 0, 0, 0,
    0, 0, 0, 0, 0, 0, 0, 0,
    0, 0, 0, 0, 0, 0, 0, 0,
    0, 0, 0, 0, 0, 0, 0, 0,
    0, 0, 0, 0, 0, 0, -5, 0,
    0, -5, 0, 0, 0, 0, 0, 0,
    0, 0, 0, 0, 0, 0, 0, 0,
    0, 0, 0, 0, 0, 0, 0, 0,
    0, 0, 0, -6, 0, 0, -6, 0,
    0, 0, 0, 0, 0, 0, 0, 0,
    0, 0, 0, 0, 0, 0, 0, 0,
    0, 0, 0, 0, 0, 0, 0, 0
};


/*Collect the kern class' data in one place*/
static const lv_font_fmt_txt_kern_classes_t kern_classes =
{
    .class_pair_values   = kern_class_values,
    .left_class_mapping  = kern_left_class_mapping,
    .right_class_mapping = kern_right_class_mapping,
    .left_class_cnt      = 40,
    .right_class_cnt     = 40,
};

/*--------------------
 *  ALL CUSTOM DATA
 *--------------------*/

#if LVGL_VERSION_MAJOR == 8
/*Store all the custom data of the font*/
static  lv_font_fmt_txt_glyph_cache_t cache;
#endif

#if LVGL_VERSION_MAJOR >= 8
static const lv_font_fmt_txt_dsc_t font_dsc = {
#else
static lv_font_fmt_txt_dsc_t font_dsc = {
#endif
    .glyph_bitmap = glyph_bitmap,
    .glyph_dsc = glyph_dsc,
    .cmaps = cmaps,
    .kern_dsc = &kern_classes,
    .kern_scale = 17,
    .cmap_num = 2,
    .bpp = 1,
    .kern_classes = 1,
    .bitmap_format = 0,
#if LVGL_VERSION_MAJOR == 8
    .cache = &cache
#endif

};



/*-----------------
 *  PUBLIC FONT
 *----------------*/

/*Initialize a public general font descriptor*/
#if LVGL_VERSION_MAJOR >= 8
const lv_font_t roboto_bold_42 = {
#else
lv_font_t roboto_bold_42 = {
#endif
    .get_glyph_dsc = lv_font_get_glyph_dsc_fmt_txt,    /*Function pointer to get glyph's data*/
    .get_glyph_bitmap = lv_font_get_bitmap_fmt_txt,    /*Function pointer to get glyph's bitmap*/
    .line_height = 52,          /*The maximum line height required by the font*/
    .base_line = 11,             /*Baseline measured from the bottom of the line*/
#if !(LVGL_VERSION_MAJOR == 6 && LVGL_VERSION_MINOR == 0)
    .subpx = LV_FONT_SUBPX_NONE,
#endif
#if LV_VERSION_CHECK(7, 4, 0) || LVGL_VERSION_MAJOR >= 8
    .underline_position = -3,
    .underline_thickness = 2,
#endif
    // .static_bitmap = 0,
    .dsc = &font_dsc,          /*The custom font data. Will be accessed by `get_glyph_bitmap/dsc` */
#if LV_VERSION_CHECK(8, 2, 0) || LVGL_VERSION_MAJOR >= 9
    .fallback = NULL,
#endif
    .user_data = NULL,
};



#endif /*#if ROBOTO_BOLD_42*/
