:020000040000FA
:10000000C04C0020514D0000F7D600003D4D0000CF
:100010003D4D00003D4D00003D4D00000000000042
:10002000000000000000000000000000D14E0000B1
:100030003D4D000000000000694E00003D4D0000F5
:10004000895000008950000089500000895000004C
:10005000895000008950000089500000895000003C
:10006000895000008950000089500000895000002C
:10007000895000008950000089500000895000001C
:10008000895000008950000089500000895000000C
:1000900089500000895000008950000089500000FC
:1000A00089500000895000008950000089500000EC
:1000B00089500000895000008950000089500000DC
:1000C00089500000895000008950000089500000CC
:1000D00089500000895000008950000089500000BC
:1000E00089500000895000008950000089500000AC
:1000F000895000008950000089500000895000009C
:100100007BB972B90029BEBF00204FF0004106E064
:1001100008BF00281CBF6FF000414FF0FF3000F017
:1001200057B8ADF1080C6DE904CE002909DB002BAE
:100130001ADB00F069F8DDF804E0DDE9022304B021
:100140007047404261EB4101002B1BDB00F05CF883
:10015000DDF804E0DDE9022304B0404261EB410137
:10016000524263EB43037047524263EB430300F098
:100170004BF8DDF804E0DDE9022304B0404261EB16
:1001800041017047524263EB430300F03DF8DDF854
:1001900004E0DDE9022304B0524263EB43037047FD
:1001A00053B94AB9002908BF00281CBF4FF0FF31DE
:1001B0004FF0FF3000F00CB8ADF1080C6DE904CE43
:1001C00000F022F8DDF804E0DDE9022304B0704716
:1001D000704700BF10F8012B11F8013B012A28BF1E
:1001E0009A42F7D0D01A7047034611F8012B03F852
:1001F000012B002AF9D17047034613F8012B002A7E
:10020000FBD1181A013870472DE9F04786468C4615
:100210000846089E154674461946002B40F0C280D9
:100220008542B2FA82F245D94AB1C2F1200300FAFE
:1002300002FC2EFA03F3954043EA0C0C94404FEA7B
:10024000154EA8B2BCFBFEF8230C0EFB18CC08FB25
:1002500000F943EA0C43994528D9EB1808F1FF3718
:1002600004D2994502D9A8F102072B44A3EB090354
:10027000A4B2B3FBFEFC0EFB1C330CFB00F044EA03
:100280000344A04214D92C190CF1FF3304D2A0422C
:1002900002D9ACF102032C44241A43EA07401EB1F0
:1002A000D440002334607360BDE8F0874746DDE743
:1002B0006346F1E792BB431B01214FEA154EAFB2F3
:1002C000B3FBFEFC200C0EFB1C330CFB07F840EAD2
:1002D0000343984562D9EB180CF1FF3004D29845DE
:1002E00002D9ACF102002B44A3EB0803A4B2B3FB88
:1002F000FEFC0EFB1C330CFB07F744EA0344A74249
:100300004ED92C190CF1FF3304D2A74202D9ACF11B
:1003100002032C44E41B43EA0040C0E7C2F120037F
:1003200020FA03F1954090402EFA03F303434FEA7D
:10033000154EAFB2B1FBFEFC0EFB1C10190C0CFBF2
:1003400007F841EA0041884504FA02F422D9691805
:100350000CF1FF3004D2884502D9ACF102002944E7
:10036000A1EB08019BB2B1FBFEFC0EFB1C110CFBC8
:1003700007F743EA01439F420ED9EB180CF1FF3116
:1003800004D29F4202D9ACF102012B44DB1B41EAAB
:10039000004192E76046E3E76146F7E76046A3E77E
:1003A0006346B7E7834206D916B9002108467BE7C2
:1003B000C6E900E0F9E7B3FA83F78FB9834201D3C6
:1003C000724508D8BEEB020460EB030301209C4693
:1003D0001EB9002168E73846FAE7C6E9004CF8E79D
:1003E000C7F1200CBB4022FA0CF41C432EFA0CF18E
:1003F00020FA0CF3B84001434FEA14490EFA07F50E
:10040000B3FBF9F81FFA84FE09FB18300B0C08FB4C
:100410000EFA43EA00439A4502FA07F240D9E3187C
:1004200008F1FF3004D29A4502D9A8F10200234412
:10043000A3EB0A0389B2B3FBF9F809FB183308FBF5
:100440000EFE41EA03418E452CD9611808F1FF33B5
:1004500004D28E4502D9A8F10203214443EA0040A8
:10046000A0FB0298A1EB0E014145CE46434602D3C4
:1004700006D14D4504D2B9EB020E68EB04030138F6
:10048000002EA6D0B5EB0E0261EB030101FA0CFCC5
:1004900022FA07F34CEA0303F940C6E9003198E772
:1004A0004046C5E74346D9E72DE9F047064688B000
:1004B0000F4690460EF054FA4FF47A73A0FB0345B2
:1004C00003FB0155E40B012F44EA45444FEAD535BF
:1004D00007D1294922462B4630460CF0C6F80020A9
:1004E00012E0D8F8047025483946FFF773FE70B162
:1004F00023483946FFF76EFE48B1304621493A4657
:100500000CF0CFF86FF0040008B0BDE8F08720468B
:10051000294617A3D3E90023FFF7F2FD05460C4651
:1005200010461946184A0023FFF7EAFD80460F4699
:10053000104619464EF660220023FFF7E1FD824681
:100540008946104619464FF47A720023FFF7D8FD0A
:10055000CDE902A9CDE90623CDE90401CDE9008763
:100560000A492A46234630460CF07FF8B7E700BF19
:10057000005C2605000000000B0201001C020100C7
:100580001F0201002802010080EE36004002010037
:10059000F0B585B0044600AF4FF0FF324FF0FF33A7
:1005A0001A4809F063F91A4B0FCB07F1100505E95A
:1005B0000F001848184D036803F00703022B1DD9DC
:1005C0002B7807F1100202EB83036E4653F8101CE0
:1005D00002EB84038AB053F8103C6A46DFF83CC053
:1005E000D3610F4B13620F4BC2E905C142F8103FB4
:1005F00000234FF4235101F099FBB5462C700348BA
:1006000009F0ACF91437BD46F0BD00BF5C0800200E
:10061000A0F30000E40700208822002004FC000072
:1006200000020103040000022DE9F04F684C89B07C
:10063000002300AFC7E90233236803F00703022B4E
:1006400004D9644A032120460BF003F86248634D45
:10065000634E4FF0FF324FF0FF3309F003FA4FF0D3
:10066000FF3360484FF0FF3209F0FCF9236803F0D4
:100670000703022B04D95C4A554803210AF0E9FF1D
:100680000220FFF785FF4FF0FF324FF0FF3328467F
:1006900009F0ECF8B36852489B680822B9189847EB
:1006A0008046284609F05AF9B8F1000F40F08480DE
:1006B00007F1080303CB87F81080C7F81100C7F8CB
:1006C00015100EF04DF94FF47A72A0FB020302FBF5
:1006D0000131C00B40EA4140F86144480022002348
:1006E00007F1100109F002F840B1236813F0060F7A
:1006F00004D03F4A364802210AF0ABFF236803F0DA
:100700000703022B26D9C7F804D08EB097F808A0AB
:1007100097F8099097F80A8097F80BE097F80CC0C3
:10072000787BB97BFB7B6A46DFF8C8B053630A234A
:10073000C2E905BAC2E90798C2E909ECC2E90B01AE
:1007400042F8103F2248002345F2C00101F0EEFAC2
:10075000D7F804D00320FFF71BFF27484FF0FF32E4
:100760004FF0FF3309F07EF9236803F00703022BF3
:1007700004D9224A164803210AF06BFF4FF0FF32DA
:100780004FF0FF33284609F071F8B36800215B6829
:1007900030469847284609F0E1F80020FFF7F8FEB8
:1007A000236803F00703022B7FF659AF144A084869
:1007B00003210AF04EFF52E7236803F00703022BE0
:1007C000DCD9104A024803210AF043FFCCE700BFFE
:1007D000E40700201BFC0000CC08002020080020BB
:1007E000A0EF0000FC0800202EFC00008408002080
:1007F00052FC00007EFC0000E4080020C4FC000065
:10080000DDFC0000B4FC000008B50748036803F0F5
:100810000703022B03D9054A03210AF01AFF0448F3
:10082000BDE8084009F0EAB8E4070020FBFC00003E
:10083000FC0800202DE9F04F5C4C8BB0236803F0DE
:100840000703022B00AF04D9594A032120460AF0BE
:1008500000FF564D57484FF0FF324FF0FF3307F17E
:10086000080108F09FFF0028F4D13B7A012B74D0D7
:10087000022B00F09580002BECD1226802F00702D9
:10088000022A25D9C7F804D08EB097F809A097F8A6
:100890000A9097F80B8097F80CE097F80DC0BE7B94
:1008A000F87B397C6A46DFF810B151630A21C2E94E
:1008B00005BAC2E90798C2E909ECC2E90B6042F83F
:1008C000101F45F2C001284601F030FAD7F804D0D5
:1008D0003A4B07F1180203F1100E94461868596854
:1008E000164603C6083373453246F7D108226146DF
:1008F00007F109000EF0F6F92668B0B906F0070610
:10090000022E0ED92E4A032128460AF0A2FE2368A1
:1009100003F00703022B04D92A4A032128460AF0D0
:1009200098FE294809F06AF894E7082207F12001A7
:1009300007F109000EF0D6F90028DFD016F0060FF7
:1009400004D0224A022128460AF083FE236803F0DD
:100950000703022BE5D91E4ADFE7236803F00703EC
:10096000022B7FF677AF7B691A4A032128460BF0EA
:100970005EFC236803F00703022B7FF66BAF164A79
:10098000032128460AF065FE236803F00703022BC3
:100990007FF660AF114A032128460AF05AFE59E754
:1009A00023685B07BDD00E4A0121B7E7E4070020AA
:1009B00013FD0000840800202DFD0000B0F30000AE
:1009C00065FD00007DFD0000E408002094FD0000AE
:1009D000AEFD0000C4FD0000D6FD0000FAFD0000E1
:1009E00019FE00002DE9F043714C236803F0070362
:1009F000022B89B004D96F4A032120460AF029FE50
:100A00006D4D28460DF0B9FD68B923685C0704D028
:100A10006A4A674801210AF01CFE6FF01205284659
:100A200009B0BDE8F083664E30460DF0A6FD20B952
:100A300023685807F1D0634AEBE7AF6828463B6864
:100A40009847014650B12368590704D05E4A584878
:100A500001210AF0FEFD6FF00405E0E77B682846FF
:100A6000984720B123685A07F5D0584AEFE7326912
:100A7000B768136843F0100313603B68544A0421BD
:100A800030469847054648B123685B07C7D0514AAE
:100A90000346012146480BF0CAFBC0E74E494F4BC5
:100AA0004B6010238B60FB6913B1012230469847DD
:100AB000236803F00703022B04D9494A3C48032169
:100AC0000AF0C7FD4FF000084FF0000900256FF055
:100AD0000803CDE90335CDE90689CDE90155414B40
:100AE000414900954FF40062404809F0E5F840495B
:100AF0003E4809F013F86FF00903CDE90253CDE940
:100B00000689CDE900553B4B3B4904954FF4006203
:100B10003A4809F0D1F83A49384808F0FFFF394817
:100B200008F06CFF236803F00703022B0ED9364A46
:100B30001F4803210AF08DFD236803F00703022BF1
:100B400004D9324A1A4803210AF083FDB3689D692B
:100B50006DB133691A481B6813F0100F14BF4FF0C2
:100B600000734FF080634FF0A0720421A84700206B
:100B7000FFF70EFD264E274D274F337893B12B6894
:100B80000A210133B3FBF1F201FB12322B604AB9A7
:100B9000226802F00702022A04D905483A460321D6
:100BA0000BF045FB002140F6CD400DF05FFEE4E781
:100BB000E40700202CFE0000A0EF000060FE000013
:100BC00040EF000078FE000096FE0000B2FE00003C
:100BD00011000100CDFE000054160020090800009D
:100BE000F2FE000029060000402B0020D009002062
:100BF00016FF00003508000000230020180900201F
:100C000022FF0000CC08002030FF000059FF000048
:100C100088220020501600206DFF00002DE9F04FC3
:100C200091B08407009302F004030293C2F3C2035D
:100C300003F10103DDF86880039205460E46059333
:100C400040F0BA81041D30B1072909D86FF01B00AC
:100C500011B0BDE8F08F01F007063444C6F1080674
:100C6000009B4FF00009591E4FF0040A4FF0FF336C
:100C70000193CDF810904F46CB4653460DB1009AE4
:100C800022600598002800F3E8809848009A824284
:100C900003D397488242C0F0E080039AA4EB050E8C
:100CA00092074FEA9E0000F103810F2F00F2B180FE
:100CB000002D00F0058107F140020DEB020C019AB6
:100CC0000CF8200C0CF8102C049801300490E7E08C
:100CD0007A285DD84B280ED8472859D829282DD8EE
:100CE000252852D054D820287AD02338D0F1000BB0
:100CF0004BEB000B74E04C382E2849D8DFE800F0AD
:100D00007048484848484848484848484B48484838
:100D1000484848484859484B4B595959704B6D48B9
:100D20007048184B184848827F4B48484B487F0012
:100D300000204FF0000B4FF0040A38E02A38C0B210
:100D4000012202FA00F010EA0E0F49D110F0625CA5
:100D50002FD110EA020B43D06046013C5444B4FB4F
:100D6000FAF40AFB04F4002D61D0A3EB050CA444B3
:100D7000B4453FF66BAF002868D1042B47D158F833
:100D8000043B2360043404232AE0019A013A0192CF
:100D90004FF0000B24E011F8010C6C2834D111F84D
:100DA000023C00206C2B8346C5D14FF0080A534605
:100DB000D3E708F1070828F007080734F8E802AB82
:100DC00024F0070435B106982044B0423FF63EAF08
:100DD000C4E900AB08344FF0000B4FF0080A53464B
:100DE00011F8010F002878D0BBF1000F7FF470AF2D
:100DF0002528F5D1019B013301934FF0010B4FF0F2
:100E0000040AECE7584694E700208346A5E7082B40
:100E100002D06FF015001BE708F1070828F007085B
:100E2000F8E80223C4E9002308340823D8E768B9A6
:100E3000042B02D108F10408A4E7082BE9D108F13A
:100E4000070828F0070808F10808EDE7059A013AB5
:100E5000059258F8042B009210E7039A900720D5CA
:100E6000A4EB050E4FEA9E004FF0010CBEF5007F8B
:100E7000CFD20F2FCDD8F5B107F140020DEB020E06
:100E8000C0B2019A0EF8200C0EF8102CBCF1000F25
:100E90003FF41AAF60F07F000EF8200C09F1010951
:100EA0000137C5F10802043406924FF6DA7E97E75F
:100EB0004FF0000CDAE7BCF1000F01D00136EFE78C
:100EC000029802360028EBD10098CDE90631FFF7F1
:100ED00093F9DDE906310644E2E7631BB3F5806F61
:100EE00097D23DB9A6F10804E018B1E678EE00000B
:100EF000001D0100029A28609B082B709DF810309D
:100F0000C2B1EB7085F80290B9F1000F05D008A8C6
:100F10000022C5F1010C97420ED1C5F101030DF17C
:100F200020084FF0000A01930DF1300B574512D104
:100F3000601B8DE66B70E5E710F8013B190608D5DC
:100F40000CEB040EB64503F07F033FF67FAE04F8CA
:100F5000013B0132DFE7B9F1000F03D098F900201F
:100F6000002A17DB029BD3B11AF80B2004F8012BDF
:100F70000022019B18191044B0423FF667AE98F862
:100F8000000004F8010B0099039220460DF07AFE50
:100F9000039A14440AF1010A08F10108C6E798F817
:100FA000002055F822300093029B45F8223000982B
:100FB000FFF722F9421CDCE76FF00D0048E600BFA6
:100FC0002DE9F04F97B000AF90F802A0D7F880B0AD
:100FD0003B62CBF3C0030446FA62BB61894641B968
:100FE000457800780AEB800020444D4517D8A0EBE7
:100FF0000409E378FB61BAF1000F02D01BF0010F86
:1010000016D1FB6953BBFB6A1BB13A6A49462046BD
:1010100098474D4628465C37BD46BDE8F08F461CD4
:101020003046FFF7E9F80130304409F10109DCE707
:10103000237862687A62FA6A9900796104EB830125
:10104000002A40F004814D460E4601EB0A094FF09C
:1010500000084E4550D101EB0A0610E01BF0020FCC
:10106000D1D023789A007A6162687A62FA6A04EBD6
:101070008301002A7BD14D4601EB0A0690461BF006
:10108000050F0CBF02230123FB62FB6906EB430A39
:101090000BF00203BB625645BCD016F8021B16F8D3
:1010A000013C54F823909B4B994502D39A4B9945A8
:1010B0003AD3BB69002B44D0786A0AF0DDFB0028E4
:1010C0003FD09648036813F0060F13D0E9468AB064
:1010D0006A46934B53617B6AC2E906314FF4007351
:1010E0001384904B42F8103F00234FF4125100F04C
:1010F0001DFECD46023DCEE716F8013BF96254F8DD
:101100002300FFF779F8D7F88430F96A01304BB142
:10111000D7F8883098453EBFD7F8843023F81800B8
:1011200008F10108054494E7BB6923B1786A0AF025
:10113000A3FB0028C5D11BF0010F05D1FB6AED1AF6
:10114000A9E7BB6A002BA6D04846FFF755F8D7F8A9
:10115000843053B1D7F8883098453FBFD7F8842002
:10116000431C22F8183008F10108054493E7BAF14E
:10117000000F72D01BF0040672D0D046002607F193
:10118000480052463B61B9620DF07CFDB96A3B698B
:1011900001EB0A02BA62FA69F9695200FA60BA6AA6
:1011A00002EB41023A610BF00202BA603A69B96A95
:1011B0008A4257D162787A621BF0020F32440CBF28
:1011C0004FEA580100211BF0010FD2B240F09F807E
:1011D0001BF0040F14BF40460020BB616270A0707A
:1011E000E1703A6A7969FB6A20469847051EFFF666
:1011F00011AFBB6923707B6A6370FB69E370414682
:101200003A6AFB6A84F802A007F148009847B0F1F7
:101210000008C0F2BB807B693A6AA9EB0A01C91ACF
:10122000FB68C91AD7E90A0398470028C0F2B080C2
:10123000A84408EB00054FF0000B07F1380AB3454E
:1012400072D300213A6AFB6A08469847E2E656469E
:101250004FF0000807F1380093E75646D04697E76D
:10126000B04695E7BA6A12F8021BBA6212F8015C3E
:10127000284A54F82500904202D3274A90421ED3B0
:10128000BA6932B1786A7B600AF0F6FA7B680028A6
:101290008CD1BA6802BB08F1280207F1300C08F1C2
:1012A0000100944407F1580252FA80F008F1020854
:1012B0000CF8101C5FFA88F800F8105C76E7BA6941
:1012C0003AB1786A7B600AF0D7FA7B6800287FF42D
:1012D0006DAF1BF0010F09D006F1280207F13000B5
:1012E000711C161806F8205CCEB25FE71BF0040FE5
:1012F0003FF45CAF08F1280207F1300008F101016A
:1013000002EB000808F8105C5FFA81F84EE7002055
:1013100063E700BF78EE0000001D0100D007002049
:10132000C4FF0000040000011BF80A3087F83730C2
:1013300054F82390D7F884302BB3D7F888309B45E6
:1013400021D2D7F8843033F81B803A6AFB6A012136
:1013500007F13700984700281ADB0544B8F1000F61
:1013600006D14846FEF748FF00F101081FFA88F849
:101370003A6AFB6A414648469847002808DB05441C
:101380000BF1010B5BE74FF00008DEE7454641E655
:1013900005463FE6014B1860704700BFC0040020BF
:1013A00080B505460E461746984608F03DFF0346B1
:1013B0000DF058FDDFF81890044649F80030424619
:1013C00030463946A84754F8090003F037FD00BFFE
:1013D000080000002DE9F047058B044628079046D9
:1013E00011D4022905F0070540F0CC8020460AF010
:1013F000D8FC78B10138218B042811D8DFE800F03F
:10140000C2106D85950001290CBF45F0100545F00F
:101410002005258388F31188BFF36F8FBDE8F0871F
:1014200001F0070AAA4500F0A5800027B9463E460C
:10143000A368002B00F0BC8041F00801218388F3F1
:101440001188BFF36F8FA168002900F0BA800D6882
:10145000002900F0B680D1F8048033465246204679
:10146000C047002D76D02B6829461D46F0E701F0D5
:1014700007035A1F012A1BD8002221F00701062B5F
:10148000276889B2C4E9002209D13B4603E0628B98
:10149000013262831B68002BF9D141F002012183E4
:1014A00020460AF07EFC00287AD041F0200176E048
:1014B000042B0AD121F0070189B2218320460AF0CA
:1014C00070FC10B141F020012183218B01F0070A4B
:1014D000AA454FD00027B946AAE7236921F00701A2
:1014E00041F00601062DD3F8009021832DD1B9F1EA
:1014F000000F3FD041F00801218388F31188BFF32A
:101500006F8F3A492046C84729E021F00701236937
:1015100041F0040189B2042DD3F804902183E6D070
:1015200000273E464FF0040A82E721F007012369B5
:1015300041F0050189B2052DD3F808902183D6D05A
:1015400000273E464FF0050A72E700273E464FF05F
:10155000060A6DE72B4687E7B9F1000FD1D1EFF30B
:101560001188202383F31288BFF36F8F238B23F01E
:1015700008032383258BEA062ED525F01003238349
:1015800005F007056669218B002EBFF670AF0023BA
:101590002768C4E9003321F0070141F001012183EC
:1015A000218B01F0070AAA454FF000097FF440AFF4
:1015B000002F9CD041F00801218388F31188BFF3EC
:1015C0006F8F002FC8D03D683946334652462046BB
:1015D0000AF013FC2F46F4E7AB067FF51BAF25F0AE
:1015E0002003238305F0070500E700BF27BE0000A6
:1015F0002DE9F047DFF85880044607464FF001090F
:1016000014B93846BDE8F08794FAA4F5B5FA85F523
:1016100009FA05F32E0108EB05156FEA030A24EA1F
:1016200003042B7B002BEBD058F806301B694BB919
:101630004644042273682846196807EA0A0700F03E
:1016400035FBDDE7284698470028D9D1F0E700BFF1
:101650004CF2000030B51049104889B000220DF05E
:1016600081F90F4D0F4900220023CDE90623002404
:101670000E23CDE90334CDE901440B4B00944FF424
:101680004072284608F018FB0849284608F046FA38
:10169000204609B030BD00BFB1160000480F002041
:1016A000880A002080330020F11900007800010032
:1016B000014808F0A3B900BFB40800202DE9F047A5
:1016C00080461F480F460AF00FFD0646002830D01E
:1016D00000252846BDE8F087237B6BB12368DB68D3
:1016E0000BB12046984723681B69D3B9636804226D
:1016F0001968204600F0DAFA013610344C45EBD375
:10170000B8F1000FE5D0002DE2D02846FFF770FFBA
:101710000546002FF7D000214FF4A4700DF0A6F875
:10172000F1E7204698470028E0D00AFA06F31D4367
:10173000E2E7044CDFF8109005464FF0010ADDE7C0
:10174000701600204CF200006CF20000014B53F8C0
:10175000200070473CF4000008B5034608462BB152
:10176000044A136000F084FD002008BD6FF01500EE
:10177000FBE700BFC404002010B5044C237813B964
:10178000034808F03BF90123237010BD8922002093
:10179000B408002010B504460B480AF0A5FC5CB163
:1017A000BFF35B8F094B53E8001F013943E8001278
:1017B000002AF8D1BFF35B8F05480DF0DFF805482C
:1017C000BDE8104008F01AB9681600206C16002019
:1017D000480F0020B40800200020064BBFF35B8FA9
:1017E000014653E8000F43E80012002AF9D1BFF385
:1017F0005B8F70476816002070B5FFF7EDFF084C4F
:10180000084E0546B44200D370BD63685B792BB1C6
:1018100023685B6813B12946204698471034F1E7E6
:101820004CF200006CF2000010B5044C0449204654
:101830000AF050F9034B1C6010BD00BF8C0700205C
:1018400028F4000060160020094A0A4808B5002361
:101850001370094A1360094A4FF400411360FFF7FF
:101860007BFFFFF7E1FFBDE8084000F06FB900BF64
:101870008A220020E5C00000681600206C160020B7
:1018800001460022014800230AF045B98C070020D8
:1018900001480AF0DEB900BF8C070020024B014668
:1018A00018680AF02ABA00BF6016002001480AF042
:1018B0005FBA00BF8C0700202DE9F041354B187846
:1018C000002864D0FFF7E4FF044698B1BFF35B8FB4
:1018D000314B53E8001F013943E80012002AF8D1C8
:1018E000BFF35B8F2D4DDFF8B88045452DD32046E3
:1018F000FFF7D4FF2B4B2C4C1B68002B19DD0DF090
:101900002FF84FF47A72A0FB020302FB0131C30BE4
:10191000D4E9002043EA41439B1A4FEAD13140F217
:10192000E93261EB0001934271F1000101D3FFF74D
:1019300063FFD4E9003213F57A7342F10002C4E97F
:101940000032BDE8F041FFF7B1BF6B685B793BB196
:1019500021784B0706D52B6821461B6828469847F7
:101960001035C2E720462688C1F3C20700F0BEFA50
:10197000C6F382160246002EEDD00028EBDB0123D1
:101980003946284600F0ACF9B042E9D3E3E7BDE8B8
:10199000F08100BF892200206C1600204CF200006C
:1019A0006CF2000068160020400F002070B50D4D4D
:1019B000297861B90120FFF781FE0B4C0B4EB44230
:1019C00006D3FFF779FF0028FBD101232B7070BDF0
:1019D00063685B791BB1236820469B689847103485
:1019E000EDE700BF8A2200204CF200006CF20000FC
:1019F00000212DE9F0470846FFF760FE044658B382
:101A000040F267684FF000090DF02CFA1B4B1C4A9E
:101A10001B58136033B11B4B1B68092B02DD1A489E
:101A200007F0ECFF194FDFF860A0002544B1204615
:101A3000FFF7DEFD044618B94FF0FF384FF0FF39CD
:101A4000FFF73AFF064628B9B5B942464B4650461D
:101A500008F008F83546E9E74FF0FF384FF0FF3956
:101A6000D2E72B689B691BB1002211462846984794
:101A70001035BD42F5D3E8E7054DFAE70800000050
:101A8000641600206C160020B40800206CF20000E0
:101A90004CF2000013B518480AF026FB174B1B78D0
:101AA00073B1EFF31184202383F31288BFF36F8F98
:101AB000FFF702FF84F31188BFF36F8F02B010BDF0
:101AC0000F4B1B68002BF9D050B900220023CDE941
:101AD00000230C484FF40042002308F0B7FEEDE766
:101AE0000928EBD107480CF049FF074802B0BDE8D0
:101AF000104007F083BF00BF6C1600208A22002030
:101B000064160020480F0020B408002010B5064BD2
:101B10001B68044698472146A06004480AF07AF8FA
:101B2000BDE81040FFF7B6BFC40400208C070020BA
:101B3000044A054B9B1AB1EBD30F34BF52F8310066
:101B400000207047D4F100004CF200000B480C4B11
:101B500030B51B1A0B4CDB0800210430994200D130
:101B600030BD10F83120256802F0070225F0070586
:101B70002A4344F8042B0131F0E700BFD4F1000000
:101B80004CF20000D0070020F8B50B4F0B4DED1BB9
:101B90000646ED080024AC4203D14FF0FF34204646
:101BA000F8BD57F8340020B13146FEF713FB00288A
:101BB000F5D00134EFE700BFD4F100004CF2000093
:101BC00000282DE9F047884615461F461DDADFF844
:101BD0009890264E4FF0000AA6EB090636095446A7
:101BE000B24509F1100902D12046BDE8F08759F845
:101BF0000C0C3B4600792A464146FFF7E1FF844240
:101C000038BF04460AF1010AEAE7194B194AD21A09
:101C1000B5EBD20F26D203EBC5031C79BC4228BF1B
:101C20003C46154EC0B200EB400056F82530072266
:101C3000824023EA020304F007028240134300219A
:101C4000032223FA02F000F00700814202F10302AE
:101C500038BF01461E2AF4D123F007030B4346F890
:101C60002530C1E70024DCE74CF200006CF20000F4
:101C7000D4F100004CF20000D0070020F8B5094D67
:101C8000094BED1A06460F46ED080024AC4200D37E
:101C9000F8BD002122B23B46304601340AF044FA36
:101CA000A4B2F3E74CF20000D4F1000038B50B4BBE
:101CB000C31A0D461B111146426801331371436864
:101CC00004469971FFF7DAFF63681D6063680122BB
:101CD0005A71BDE83840FFF74FBD00BF4CF200001D
:101CE00070B14168097973B1002A17DBCBB20C4996
:101CF00051F8220003EB4303D84000F0070070477F
:101D00004FF0FF31EFE707490748401AB2EBD00F19
:101D10003ABF01EBC20108791846704704207047AA
:101D2000D0070020D4F100004CF200002DE9F04F64
:101D30008FB004AFC1F34A28B8600D4691467B606E
:101D40000C0DB8F1000F67D0002607F114034FF017
:101D5000040B4FF00A0AC7F80C80C7E907667E62D9
:101D60000193CDF808B0CDF800A007F11C03F96885
:101D700032464846FFF724F9B0F5006F034620D3FA
:101D80002A48036813F0060F17D06C468AB0D9F8BA
:101D9000041004AB264DC3E9055140F2FF71D9612F
:101DA0001A464FF400711984224B42F8103F4FF449
:101DB00012513346FFF7BAFFA5462C37BD46BDE8A2
:101DC000F08FC0F30A0804F11700184420F0070050
:101DD00080083B60FFF754FD68F35325044690B13B
:101DE0003B68154AC7E9083600F1100107F11403F2
:101DF000F961CDE900A3CDF808B0F96807F11C033B
:101E00004846FFF7DDF868F353257B68B9682A4632
:101E100020460AF0B3F9D0E704F1170020F00700DC
:101E20008008FFF72DFD0446EDE700BFDC0700202A
:101E30008D0001000400000151C100002DE9F04FA8
:101E400087B0DDE91279DDE9105A04460391934623
:101E50009846DFB1CDF800903B4652461021002055
:101E6000CDF81490FEF7DAFEB0F5006F06460ED3FB
:101E70001C48036813F0060F30D01B4A40F2FF7372
:101E8000022107B0BDE8F04F0AF0D1B93E4605F196
:101E90001700304420F0070004F007048008FFF723
:101EA000EFFC0BF0070BE40044EA8B1444EA4624F1
:101EB00044EA0554054640B13FB1CDF800903B4699
:101EC000524631461030FEF7A9FE0399434622469A
:101ED000284607B0BDE8F04F0AF050B907B0BDE89A
:101EE000F08F00BFDC070020CC000100406820B16B
:101EF000034BC01A40F38F0070474FF0FF3070471C
:101F0000D00700200EB403B503AB014653F8042BF1
:101F10000448019303F046FA02B05DF804EB03B005
:101F2000704700BF79C20000CA0605D48B064CBFBB
:101F300002490349FFF7E6BF704700BF7E04010076
:101F4000040101002DE9F04F89B09B46149B0693D4
:101F50009DF84CA0159B0593169B179E0493044671
:101F60000D469046BAF1000F00F09D8006F4807394
:101F700007930AF0D7F806F00209024600283ED07F
:101F800091492046FFF7BEFF0746B9F1000F08D080
:101F900016F0440F35D18D492A462046FFF7B2FF8F
:101FA000074406F0010353B1894B8A4953F82A20AC
:101FB000894B2046002A08BF1A46FFF7A3FF06F404
:101FC0008073002B49D006F00803002B63D1B8F1D1
:101FD000000F66D0814942462046FFF793FF054631
:101FE000069B3D44002B6DD1049B002B73D1F3075E
:101FF00000F1E48031462046FFF796FFD8E007461F
:10200000C3E7774B18680028CAD0764B4FF47A792B
:102010001B68B5FBF3F54FF46163B5FBF0F100FB12
:10202000115509FB05F54FF03C0CB1FBF3F203FB36
:102030001211B5FBF0FEB1FBFCF300FB1E550CFBCF
:10204000131109FB05F50091B5FBF0F56649CDE9E3
:1020500001E52046FFF756FFA2E706F00803EBB1C3
:10206000624B634953F82A202046FFF74BFF054691
:10207000B8F1000F05D0594942462046FFF742FF0C
:102080000544BBF1000FABD05A495A462046FFF732
:1020900039FF0544A4E74FF0000BE1E706F008051F
:1020A000E6E745469CE7BBF1010F069B06D1002BF6
:1020B00064D1049B002B7BD000250CE0002BF8D0D2
:1020C0004D485CE04D48069B4D49224609F0A3FB74
:1020D000049B002B68D0DFF82C81DFF82C91049F43
:1020E0003146102F204628BF1027FFF71DFF4FF065
:1020F000000B5D4545DC059B49461A782046FFF7F5
:1021000001FF4FF0010B1BF0070F03D141462046A2
:10211000FFF7F8FE5F453BD9059B494613F80B20B6
:102120002046FFF7EFFE0BF1010BBBF1100FEAD1D8
:10213000364920464FF0000BFFF7E4FE5A46059B58
:102140009A5CA2F120015F2928BF2E223049204647
:10215000FFF7D8FE0BF1010BBBF1100F1DD01BF0E8
:10216000070F03D141462046FFF7CCFE5F455A4694
:10217000E5D841462046FFF7C5FEEBE71F48554628
:10218000A1E741462046FFF7BDFE0BF1010BB0E78A
:1021900020492046FFF7B6FEC5E7059B3B44059363
:1021A000049BDB1B04939AD1BAF1000F7FF41FAF9D
:1021B000204609B0BDE8F04F0AF051B8064A05497B
:1021C0002046FFF79FFE15E70C01010010010100FA
:1021D0004CF4000067050100070101003501010012
:1021E00078160020741600201901010060F4000028
:1021F000390101003F010100AFC2000079C20000B7
:10220000A55300004C010100440101004E010100F2
:102210008C0B01004A01010073B542F20F738B422F
:1022200028BF0B4605680F4A04460521684608F09A
:1022300021FF63680C495B6806460B2228460AF0BA
:1022400000F863683246694628465B6809F0F9FF82
:10225000636806495B681B22284609F0F2FF02B05A
:1022600070BD00BF941A01006C0101005001010013
:10227000074A00210123904206D8064A01B90123EA
:102280001360054B1860704740085B000121F2E7BE
:1022900040420F007416002078160020014B0122E6
:1022A0001A7070478B220020014B00201960704784
:1022B000901600200148FFF7AFBF00BF90F4000068
:1022C00010B5064B18680C46FFF740FA2146034646
:1022D000BDE8104002480F22184700BF90160020AA
:1022E00090F40000F8B5094D094B0A4ED5E90047B6
:1022F00001221A700CB92C60F8BD214630463A46CE
:1023000000F01EF8241A0644F4E700BF84160020EB
:102310008C2200208D22002010B9074B18707047C6
:10232000064B1B781BB141F288300CF021B9A42078
:1023300000210CF09BBA00BF8B2200208C220020D1
:102340002DE9F047DFF878901E4F80460E460424B2
:1023500099F80050A5B90CF057F83246824641462C
:10236000284606F0B5FB054650460CF055F8E5B199
:1023700001233B7099F8003073B93046BDE8F0870F
:1023800032464146002006F0A3FB0546EFE7204613
:10239000FFF7C2FF651E2C46002006F0DDFB00287B
:1023A000EBD03B78002BF2D1E7E73B78002BE4D071
:1023B000013C2046FFF7B0FF3B78002BC8D1DCE79B
:1023C0008C2200208B220020014B036000207047EC
:1023D000A0F4000010B504460BF0A3FE034902462A
:1023E00020460AF042F9002010BD00BFBF010100E5
:1023F00073B5134600220192044601AA58680A21C7
:1024000001F0F0FB019D95B920EAE0744FF400461D
:10241000294640F2E7304FF47A720023C4FB0601EC
:10242000FDF7BEFE0CF022FA284602B070BD2A4627
:10243000024920460AF035F9019DF5E7EB0101005C
:1024400008B5034A03490AF010F9002008BD00BF8F
:10245000D2020100D90201002DE9F3411746002301
:10246000044601AAB86801930A2101F0BBFB019D53
:10247000C6B24DB12A46144920460AF012F9019D10
:10248000284602B0BDE8F081042E09D90F49324632
:1024900020460AF006F920460AF03FF90125EFE749
:1024A0007868FFF771FBB0F1000804DA7A68084930
:1024B00020460AF0F6F8002133460FFA88F2084663
:1024C00009F032FEDCE700BF040301002B0301002A
:1024D0004203010010B5044604F02CFF07490246F0
:1024E00020460AF0C2F8204605490AF0BEF8054821
:1024F000214607F0E1FF002010BD00BFA10301004D
:10250000C00301000925000070B58EB004460D46D9
:10251000D0F89C600CF0FEF803460CF0A3FC214AB6
:1025200021491058214A002B18BF1A460092204A10
:102530002346844218BF0A4628461E490AF095F8E9
:10254000D4E90A23CDE90023284694F90E30227BF2
:1025500019490AF08AF806A92022204607F0EEFA67
:10256000636E1649024628460AF07FF805A9204600
:102570000CF0DEF8024628B1114928460AF075F839
:102580000EB070BD059B6422F11A4A430091B2FB64
:10259000F6F20C49CDE90162284632460AF065F8A8
:1025A000EEE700BF080000004C010100CA03010073
:1025B000C2FD0000CD030100D903010005040100A4
:1025C0001C04010049040100F0B5002591B0044647
:1025D000294608AF1C2209A80CF07CFB134E1A22D6
:1025E000202138460CF076FB2146114807F064FFA5
:1025F00007AA4FF4006130460CF08EF8079A009756
:10260000C2F5006164234B43DB0A05934FF400637A
:10261000CDE90313CDE90132204606492B46A6F148
:1026200040020AF022F8284611B0F0BD403F0020D9
:10263000392600009A04010070B50446D0F89C6069
:1026400088B00D4607A90CF073F8024628B10F496F
:1026500028460AF00AF808B070BD20460CF05AF877
:10266000079B0096F11ACDE90131094B64224A43D8
:10267000002818BF0346B2FBF6F20649CDE9036213
:102680002846224609F0F1FFE5E700BF1C040100DF
:10269000CA030100E30401002DE9F04F87B00446AE
:1026A000684606F00BFE009F284ADFF8A4A0DFF87A
:1026B000A4B0182303FB00770821204609F0C8FFC7
:1026C000009DBD4203D3002007B0BDE8F08F2B680A
:1026D0000BB11A7832B92B461F4A142101A808F011
:1026E000C9FC01AB52460821204609F0B1FF28463B
:1026F0000BF043FF194B1A4A002808BF5B4608211C
:10270000204609F0A5FF6B69A3B11E6896B1336836
:1027100083B1144A0821204609F09AFFB1464FF0D0
:1027200000083368104A434506D8104A082120465D
:1027300009F08EFF1835C4E759F8043F08212046F8
:1027400009F086FF08F10108EBE700BF560501001C
:10275000650501004D050100600501004705010008
:10276000EB0B01006A050100660501007E04010013
:102770002DE9F04114468846074610226068002182
:1027800008F0A4FCB8F1020F064607D8254A20231A
:102790000821384609F05CFF336816E00A22002160
:1027A000A06808F093FCC5B21E4A2B4608213846A3
:1027B00009F04EFFB8F1030F1AD1102D0CD0202DC7
:1027C000EAD0082D0BD13378DBB2174A08213846FE
:1027D00009F03EFF002009E033889BB2F5E7384658
:1027E000124A082109F034FF6FF01500BDE8F081AE
:1027F000E0681022002108F069FC0D4A03460446F7
:102800000821384609F024FF102D06D0202D07D0CE
:10281000082DE4D1E4B23470DCE7A4B23480D9E707
:102820003460D7E7AB050100D6050100C005010003
:10283000E70501002DE9F04F87B000230193524BCB
:10284000DFF848A191460122074688461A6002F047
:10285000EBFD4FF0FF3520262C46494652464046B8
:1028600002F006FE411C06D16A1C41D14849384697
:1028700009F017FF17E073281AD0772828D06128AD
:1028800011D1DFF810B101AADBF80000102101F02E
:10289000A9F9019B0546002BDFD0DBF800203E495B
:1028A000384609F0FEFE6FF0150007B0BDE8F08F66
:1028B000DFF8E0B001AADBF80000002101F092F996
:1028C000019B0446002BC8D0DBF800203349E7E722
:1028D000DFF8C0B001AADBF80000002101F082F9A6
:1028E000019B0646002BB8D0DBF800202C49D7E727
:1028F000631C01D12B49BAE75FFA86F8C6F3C40618
:10290000002C3FD002AB29461A46A6EB050C0CE082
:10291000B8F1100F1DD0B8F1200F20D0B8F1080F7A
:102920002AD10878187031443344A64203D80CEBFE
:1029300001001028ECD9102CA14628BF4FF0100937
:1029400029464B46384601F025F81035A4EB09041A
:10295000D6E7088880B21870000A5870E3E7086864
:1029600018704FEA102E83F801E04FEA104E000E67
:1029700083F802E0D870D6E70B4A0821384609F000
:1029800067FE90E7204690E75005002035060100DD
:102990003C060100681F0020FB0501000E06010037
:1029A0002106010059060100C005010070B50F4E57
:1029B000044633780D4671B123B1BDE870400C492F
:1029C00009F06FBE012333700A49204609F04DFE1D
:1029D0000123337004E083F001033370002BF3D143
:1029E00029462046BDE8704009F0B4BE9D22002073
:1029F00073060100AE06010070B504463B4803783B
:102A0000182B02D10B78112B31D0013A0B468D18BF
:102A1000AB4225D18B5C0A780370A2F13003092BFD
:102A2000334C04D922F02003413B052B04D8236802
:102A30003049CA54013323602368022B33D110225A
:102A40002C48002108F042FB2B4A136803F8010BC5
:102A500013602A4A1368013313600023236022E0C5
:102A600013F8016B182ED3D11E78112ED0D1234D1F
:102A700023492A68204609F0F8FD20460021FFF787
:102A800095FF204B187870B91F4A2B681168042BEA
:102A90000ADC08B111602B6013F003010BD112683E
:102AA00013681BBA136070BD086800BA41F8040BC4
:102AB000043B0120EBE75B4203F0030358BF59429C
:102AC000022904D1126813885BBA9BB2EAE7032992
:102AD000E9D1106802681104C2F3074301F47F01D1
:102AE0000B4302F47F4213430360DCE79E22002085
:102AF00094160020A0220020A01600209816002086
:102B0000D80601009F2200209C1600202DE9F84FD6
:102B10000C462B49DFF8AC80DFF8AC90DFF8ACB0A6
:102B200000230B602A4988F8003006460B601546E2
:102B3000012C2F4655F804AF1ED9022249465046B3
:102B40000CF0EDF880B99AF80220003A18BF012283
:102B500092442049022250460CF0E1F830B901239A
:102B600088F80030013CE3E70022F1E7494650468F
:102B7000FDF730FBA8B9043700221146786808F049
:102B8000A5FA154B002211461860786808F09EFAE5
:102B9000124B134918603046FFF708FF0020BDE8CC
:102BA000F88F9AF800202D2AE6D19AF80120002A01
:102BB000E2D052465946304609F057FDD2E700BFF1
:102BC000941600209F220020F2060100F806010062
:102BD00098160020F5060100A01600209C16002083
:102BE000F929000007B50A480BF0C7FC60B1094A93
:102BF00007491268084804230093012300F030FFBE
:102C0000002003B05DF804FB6FF01200F9E700BF8D
:102C100058EF000048F500006CF2000010B5446861
:102C2000C4E90012A36042684023D36402F1580350
:102C3000136300230821C2E90E33C2E91133C2E94C
:102C40000633C2E90933D1621468536302F15001BB
:102C50001364116153611362C2F8D030A36823B1C9
:102C60001B6C13B1044920469847A3681B6A0BB13B
:102C700020469847002010BD7D2C00002DE9F74329
:102C800004460D468368DB6B03B19847A368DB6A93
:102C90000BBB4FF0000905F13008EA6C01A9404672
:102CA00009F065F90746002836D0A36801991B6929
:102CB0003BB3024620469847064628B33146404675
:102CC00009F074F9B7424FF00109E6D0D5E90131B6
:102CD0000020984703E0204698470028D9D1A368F0
:102CE000DB6963BB05F11007EA6A01A9384609F000
:102CF00091F9064650BB204609F02CFBC5F8D06080
:102D00002FE06FF05706D9E70146404609F04EF92B
:102D1000B9F1000FE3D0D9E71648036813F0060FA6
:102D200003D0154A022109F079FAA3681B69002B28
:102D3000EED001220DF1030120469847E8E7204636
:102D400098470028CED103B0BDE8F083A36801996D
:102D5000DB685BB10246204698470146384609F0D9
:102D600079F9D5E9013101209847ECE76FF0570177
:102D7000F4E700BFF80700205F08010010B5816884
:102D80000446183101F060F9A168034A2046183161
:102D9000BDE8104001F0FEB8A108010038B5836815
:102DA000D3F87832DB0704461DD4C0690AF00AFA6A
:102DB000606803685B689847054620B9E0680AF0D8
:102DC000D6FBA3681D75A3685B6C13B1294620462A
:102DD0009847A3680CF046F80022C3F82023034B61
:102DE000185802F02BF86FF00F05ECE70800000010
:102DF000014909F04DBB00BF7E040100F7B5044650
:102E00008068D0F878325A070D4605D5002109F0C0
:102E100067FBE0680AF07DFBE368DB6873B9002DAF
:102E20003BD0A66806F15607384609F03EFB00285D
:102E300035D0394606F5AB70FDF7D6F9A268E068E3
:102E40000DF10603563229460AF066FB58B9A06810
:102E500000F5AB715630FDF7C7F9A068563009F0A0
:102E600024FBADF80600204609F067FFA368D3F8FD
:102E700074329B0603D50B49606909F009FB2046B3
:102E800000F016FFA268BDF80630A2F85230A26822
:102E90002046A2F8503009F0B5FE03B0F0BD86F828
:102EA0005601CBE7C8F300002DE9F04FA7B0044668
:102EB0005422002111A80BF00DFF0023CDE90533AA
:102EC000A36820465633029309F03EFF204609F0DE
:102ED00082FE10B96069FFF78BFFA0681422002101
:102EE00018300BF0F7FE204609F01BFEA168E068E1
:102EF000B1F85020563100260AF045FB20460AF072
:102F0000C4FB4FF0FF37B24603960DF14408B346B9
:102F10003546B146DDE90532012A6DD0132B6ED856
:102F20005FBBBBF1000F0AD020460AF0CFFBA268BE
:102F30001423563211A90DEB030009F071FCB9F10D
:102F4000000F0CD099F81130FE2B08D1059B26AA52
:102F500002EB830252F8542C0AB101330593A068A6
:102F6000059D436A002B40F0B680CEB1C3699E42F6
:102F70002DD00D9600F1180524E0029A0223414657
:102F800006A809F04DFC0699D8F8042002920346E1
:102F900031B101290AD148B16D4A204609F086FFB6
:102FA0006FF00705284627B0BDE8F08F059B002B82
:102FB00034D0D8F8000001F067F898B166B1A56880
:102FC0000D9618350CAE0FCE0FC533682B6020461A
:102FD000FFF7D4FE0125E5E75E4A0121204609F00E
:102FE00065FFDDE7059BCBB1D8F8002029462046D8
:102FF00001F0ECF9022809D1059B132B91D9069B0E
:10300000022B8ED1544B554A0121C6E7032805D027
:10301000059B013305934FF0010B7BE7039B33B90D
:10302000D8F8001007AA484609F0F1FC054608F157
:103030000408013F9DB3EB68BBF1000F08D0F3B16A
:10304000204609F081FE204609F0DCFD444AC4E731
:10305000ABB1A368DDF814A0AE4603F1180CBEE8CE
:103060000F00ACE80F00DEF80030CCF80030AB68A1
:103070002BB96B7CFE2B04BF2F7C07F1FF37D5F8F3
:1030800004C0BCF1000F08D0AE46BEE80F000CAE85
:103090000FC6DEF8003033606646A94603E0059BA4
:1030A00053B101230393069B17B9022B7FF432AF70
:1030B000059B013305932DE7A368DB6A13B1DB6839
:1030C000002BEED1274B0093274A119B012120466C
:1030D00009F0ECFEE5E790F82830A5EB0A05BBB156
:1030E00090F829104FF6FF72FF2918BF0A469D423B
:1030F00002D313449D420BD983691C4A0121204607
:1031000009F0D4FE2046FFF739FE6FF0150549E7B8
:10311000012109F0DAF9A06800F5437009F0F9F926
:10312000A36811AA294602EB8A025B6A20469847E7
:103130000546A0684FF0FF324FF0FF3300F54370B3
:1031400009F08EF9A068002109F0BFF92AE700BF55
:10315000AF080100C3080100240901005D0301005C
:10316000E108010010090100180C010048090100E4
:1031700010B5836802221A7583689B6C0446BBB93C
:1031800009F045F98368D3F87832DB040BD50321C5
:10319000084B094A09F08AFEA0686FF4805100F5D7
:1031A0001E7009F04EF92046BDE8104000F0D4BE74
:1031B00010BD00BF63090100670501002DE9F04F54
:1031C00004468068B1B0012100F51E7009F02AF9AB
:1031D000A3681B7D022B20D100230993A36860689C
:1031E0009E6C03681D6909AB0EB310221BA9A8478A
:1031F000099B93B1A068012109F067F9099A1BA9FD
:103200002046B047A068002109F05FF9A3689B6CD5
:10321000002BE3D12046FFF7ABFFA0686FF0010160
:1032200000F51E7031B0BDE8F04F09F00AB9012277
:103230000DF12301A847099B002BEED09DF9232017
:103240009DF82310A368002AC8DB5A7D032A00F2E8
:103250009882DFE812F0040085029C0296020D2994
:103260007CD00A2958D0B3F878226FF3CA02A3F8A9
:1032700078220929A06800F086803DD80029ADD0C9
:10328000082900F0FC810346D3F874229207A5D5E3
:1032900001391629A2D801A252F821F031380000D4
:1032A000B9360000C1360000B136000025380000F4
:1032B000DF360000DD310000DD310000DD310000CF
:1032C000DD310000E7360000EF360000DD310000A0
:1032D00019370000DD31000023370000DD31000028
:1032E000DD310000DD310000DD3100002737000056
:1032F000DD310000513700001B2941D07F2900F04B
:10330000CA81A1F120025E2A0346BDD8012109F03D
:10331000E7F89DF82310B9E0D3F87822C2F3C7028A
:103320002AB1D3F87822C2F3C7020A2AACD1B3F883
:10333000782261F3CA02A3F87822A568B5F8501084
:10334000C1B9284609F0CCF8E0680AF0E2F86069F3
:10335000FFF74EFD2046FFF70BFF3FE7D3F878223B
:10336000C2F3C702002AE2D0D3F87822C2F3C70220
:103370000D2ADBE72046FFF797FDC5F82403E9E7B0
:10338000012343752AE7D0F874329B077FF526AFF7
:10339000012109F0A5F8A068B0F85030FF2B3FF4E8
:1033A0001DAFB0F8522000F1560100F5AB700BF0E4
:1033B00069FCA368B3F852201344002583F85651E2
:1033C000A2681BA9142302F5AB720BA809F028FA16
:1033D0000B9914293FF602AF30AB03EB810343F89E
:1033E000545CA368B3F85220002A53D0134493F8D6
:1033F0005530202B02D0093B042B4BD800294CD14F
:1034000000250A950A9B30AA02EB8303002653F895
:1034100054AC504609F049F8B3468146B0463746A9
:1034200016AA3946284600F0A3FB0346002840D1DF
:10343000012EA76865D10A9B30AA02EB830353F8DB
:10344000540C09F032F807F11802064641462846A6
:1034500000F08EFB0568284609F027F8864205D063
:10346000821B92B2A919204609F067FDA068B0F846
:103470005230034493F85630202B31D0093B042BB3
:103480002ED9D0F87432DF072FD42021204600F047
:103490002BFDA3E60129B3D9013900200CAB009321
:1034A00001900AAB1BAA09F0DDFA05460028A9D154
:1034B00094E61B6803934A46514618460BF02FFCCE
:1034C00060B9039B1846FCF797FE584538BF58462D
:1034D0001FFA80FB002E08BFB846013601379FE770
:1034E0000121204609F0C2FB78E6002109F002F82C
:1034F0002021204600F0F8FCA068012108F0FAFF26
:103500006CE604907FF66AAE0A9A30AB03EB820257
:10351000C14652F8543C0393184608F0C6FF049B7A
:103520000590A7F840300496A2684946183228460C
:1035300000F01EFB039BD0F800A009F101094BB17C
:10354000BAF1000F06D0059A194650460BF0E7FB7A
:103550000028E9D1A168BAF1000F4ED1A1F840A02E
:10356000049B013B0493DFD16069FFF741FC2046D7
:1035700000F0F2FC0A9B30AA02EB830308F1010A77
:1035800053F8540C08F091FF414611AA8146284691
:1035900000F0EEFA0746A0683968FF2200F5AB702C
:1035A0000BF0CFFB3B6803934FF6FF77B84616AAA4
:1035B000514628460AF1010B00F0DAFA002852D0F1
:1035C000A168036801F25511002211F801EF985C1F
:1035D000704503D110B101324245F6D1B9F1000F67
:1035E00001D04A4507DBBA4206F1FF36A8BF3A468A
:1035F000012E97B237D0DA46D9E79948069108F0FC
:1036000054FF069907914A8F00EB0B07BFB2121ABD
:10361000504692FBF7F292B2069208F046FF0799E5
:10362000069A3F1AB1F8400000F1010CA1F840C021
:10363000B0FBF2F102FB110080B2BFB260B9884B5F
:10364000884ACDF800A00621204609F02FFC394613
:10365000204600F017FB83E7834A534606212046A5
:1036600009F024FCF3E7002F3FF4B8AD0399A7EB72
:10367000090292B24944204609F05FFCAEE5D0F859
:1036800074329E077FF5AAAD012108F029FF20467C
:1036900009F074FCA2E5D0F874329D077FF59EAD69
:1036A000012108F01DFFA368D3F874321907EED486
:1036B000204609F044FC91E5204609F04EFB8DE5DB
:1036C000204609F041FB204609F085FA10B96069EF
:1036D000FFF78EFBA068012108F002FF3AE62046C2
:1036E00009F044FB7AE5204609F04BFB76E5D3F878
:1036F00074329B0603D55D49606908F0C9FEA36872
:10370000D3F874329F0603D55949606908F0C0FEAA
:10371000204600F021FC61E500212046FFF76EFB0A
:103720005CE50121F9E7204609F007FB204608F097
:103730006EFE0121A06808F0D3FEA368D3F87432AE
:103740009E067FF54BAD4B49606908F0A1FE45E54B
:10375000204600F027FBA068012108F0C1FE3DE5EE
:103760005B2902D102225A7538E5D3F874329D07DD
:1037700006D5622907D14FF0FF31204609F09FFAA4
:10378000A3680022EFE76629FAD10121F5E70022BC
:103790005A75A268D2F8743298077FF51FADA1F16F
:1037A00031031B2B3FF61AAD01A151F823F000BFE6
:1037B0002D380000393800004D3800002138000055
:1037C000DD310000DD310000DD310000DD310000C1
:1037D000DD310000DD310000DD310000DD310000B1
:1037E000DD310000DD310000DD310000DD310000A1
:1037F0002337000019370000DF360000B93600001B
:10380000DD31000025380000DD31000031380000D6
:10381000DD310000DD310000DD3100003D38000009
:1038200003235375204609F08FFAD7E40323537519
:10383000204609F082FAD1E403235375A068D0F83A
:10384000741201F0010181F0010157E60323537561
:10385000A368D3F874329B077FF5C0AC28E700BF9C
:103860004B010100A709010067050100CDF300002D
:10387000D2F30000C8F300002DE9F041044680684F
:10388000154600F51E70002937D04FF4804108F02E
:10389000C9FDA368DD646068036800219B689847E0
:1038A00000284BD1204608F05BFE002846D1244E6C
:1038B000244FDFF89480A06800F52F704FF0FF329E
:1038C0004FF0FF33032106F0FBFF0546A0684FF0E1
:1038D000FF324FF0FF3300F543709DB108F0C0FD9B
:1038E00020462B46194A012109F0E0FAA068BDE8FC
:1038F000F04100F5437008F00CBE6FF4804108F011
:10390000A0FDC6E708F0ACFD32460221204608F0D3
:10391000A9FD3A462946204608F0A4FD2046424625
:10392000012108F09FFD606803685B6903B1984757
:10393000A06800F5437008F0ECFDBCE7BDE8F0813D
:103940009D2D0000BD31000017C50000AD0901002C
:1039500010B50B49044608F088FE2046094908F0D6
:1039600084FE2046084908F080FE2046074908F0FA
:103970007CFE2046064A002100F00CFB002010BD12
:10398000C4090100020A0100610A0100B50A010030
:103990004F0B0100F8B517461E460A462949044652
:1039A00008F063FE3EB33A782749204608F05DFEF2
:1039B00001256A0703D12549204608F056FEAE428C
:1039C0001ED97A5D2049204608F04FFE0135102DA2
:1039D000EFD11F49204608F048FEB6B91B492046E2
:1039E00008F043FE0125AE422B4610D81749204669
:1039F00008F03BFE15E01749204608F036FE012589
:103A00001449204608F031FEE0E700252B46FA5C19
:103A10001149A2F120035F2B28BF2E22204608F077
:103A200024FE0135102D06D06B07DCD10749204656
:103A300008F01BFED7E720460849BDE8F84008F02B
:103A400014BE00BF650B0100440101004C010100E0
:103A50004E0101004A0101008C0B01006C0B0100BA
:103A60002DE9F043044680688846D0F8201389B0D9
:103A700015461F46002960D14FF44A720BF02AF90F
:103A8000E06809F0E8FDA06800F543700AF025FE43
:103A90004FF42F794FF41F76A06830440BF0B8F83C
:103AA000A068002283190121484410360BF087F8E2
:103AB000B6F52F7F09F11409EED1A36900261E6027
:103AC000A068022100F51E7008F0ACFCA36850222B
:103AD0005A87A36818221A872168204608F0EFFD4C
:103AE000A368174A66F38205C3F8745260680368D6
:103AF00041461D682346A8470546D0B9A368012260
:103B00001A75D4E90A0100220023CDE906230E2309
:103B10000393109B0495CDE901730094094B4FF476
:103B2000006206F0C9F8A368C3F82003616A05F0D3
:103B3000F5FF284609B0BDE8F0836FF07705F8E798
:103B4000B7C400007938000010B5044613460A4691
:103B50000146064801F026FC23691B7923B1204663
:103B6000BDE8104008F0FCBD10BD00BF79C70000E3
:103B700038B50B46154648B91449154A521AB3EBE5
:103B8000920F05D251F82350284638BD84680CB9ED
:103B90000025F9E70F4A94420AD30F4A944207D20C
:103BA00018462268294690472B68002BECD1EFE796
:103BB0000A4A944202D30A4A944205D32468142242
:103BC0005343E518E358F0E70133F8E79CF20000AF
:103BD000C4F20000A0F30000A0F30000C4F2000053
:103BE000A0F30000F7B503782D2B0446164605D147
:103BF0006FF015033360002003B0F0BD0BF032F915
:103C00000B4F00230546C3510A46204601A907F081
:103C10005DFAEB59222B02D16FF02103EAE7002B6A
:103C2000E6D1019BA342E3D01B78002BE4D0DFE771
:103C30000C0000008368D3F874329B0603D5024958
:103C4000406908F0A9BF7047D8F30000014908F0A7
:103C5000A3BF00BF7E0401000A1E0DDC0ED042236C
:103C60008168D1F87412890608D5002A0449406990
:103C7000B8BF524208F090BF4123F1E7704700BF40
:103C8000880B01000A1E0DDC0ED044238168D1F898
:103C90007412890608D5002A04494069B8BF524207
:103CA00008F07ABF4323F1E7704700BF880B01009B
:103CB0002DE9F0478568DFF86890044605F1560065
:103CC000FCF79AFA002395F83C7086B29846A268F1
:103CD000558FED1BB54209DB002E1FDD56336069A1
:103CE0001049BDE8F0471A4408F056BF1D442A4465
:103CF000563392F856A082F85680A26860691A443A
:103D0000494608F049FFA3682B4483F856A0A368EE
:103D10005B8FDB1BF61A00272B46D8E7BDE8F08740
:103D20005D0301006705010008290A4617D883686A
:103D300093F83E10914212D083F83E208368082AFF
:103D4000D3F8743205D0990609D50549406908F0C1
:103D500023BF9B0603D50349406908F01DBF704788
:103D60008F0B0100DDF3000038B50D4609780446DD
:103D7000FFF7DAFF6A78072A11D8A36893F83F1093
:103D800091420CD083F83F20A368D3F874329B068D
:103D900005D560690249BDE8384008F0FDBE38BD70
:103DA000980B0100F8B58368B3F850200446002A48
:103DB00055D0B3F85210002951D0553103F15605B2
:103DC0000B441846A84206D3014611F80169202E7B
:103DD0003CD0A8423CD286B29DB2AB1B9BB2591CD0
:103DE000471CD21A014438460AF05AFFA268B2F8BA
:103DF0005030711B13FA81F3A2F85030A368B3F866
:103E000050201344002283F8562009B2204608F0BF
:103E10002DFFA368D3F874329A0603D51049606960
:103E200008F0BAFE3B460F4A0821204609F03EF84A
:103E30002046FFF7FFFEA368D3F874329B060ED529
:103E400060690949BDE8F84008F0A6BE0846B9E730
:103E5000014611F80169202EBDD00846B9E7F8BD2A
:103E6000E2F3000067050100E6F300002DE9F041F0
:103E700004460D4617460AB1FFF7DCFEA368B3F807
:103E80005220D3F87412563213444A0721D51846EB
:103E9000FCF7B2F9DFF848800646A6B9A368B3F884
:103EA0005020A3F85220A06808F083FE20B107B18B
:103EB00015B16069FFF7CAFE6942204609B2BDE844
:103EC000F04108F0D3BE6069414608F065FE013E4E
:103ED000E3E7044A0821204608F0E8FFDEE700BFD8
:103EE000C2FD00006705010013B583688DF8071057
:103EF000D3F874220446D00725D5B3F85210B3F88E
:103F000050208A421FD0481CA3F852000B449DF851
:103F1000072083F85620A368D3F87412890710D5B8
:103F2000D3F8743260690B4913F0040F18BF2A22CA
:103F300008F032FE204608F04EFE10B16069FFF72F
:103F400085FE02B010BD01220DF10701204608F0E8
:103F5000BAFFF6E78C0B010010B504468368094AE6
:103F6000022108F0A3FFA368D3F874329B0707D59A
:103F70002046FFF79DFE2046BDE8104008F051BEE8
:103F800010BD00BF67050100014909F091B900BFEC
:103F90007E0401002DE9F04F0E46002189B0044651
:103FA00017460D4603AA304601F10108FFF7E0FD70
:103FB000B0B995B127B13A460821204608F076FFFE
:103FC0001E4FDFF87C90DFF87CA0002103AA30466A
:103FD00001F10108FFF7CCFD60B909B0BDE8F08F31
:103FE000006810B1FCF708F980B2854238BF054679
:103FF0004146D7E703688BB11A787AB1D0F804B09C
:104000004A46CDE9005308213B46204608F04EFFC2
:10401000BBF1000F04D16069FFF7B6FF4146D5E759
:10402000524620463B46082108F040FFAA1D92B2A6
:104030005946204609F049F9F0E700BFB60B0100E8
:10404000A10B01003F010100F7B50F6805460E46C0
:10405000A7B13846FCF7D0F884B2094B0093284644
:10406000084A3B46082108F021FFE21C716892B221
:10407000284603B0BDE8F04009F027B93C46ECE71C
:10408000B20B0100A809010010B507490446FCF76E
:10409000A1F838B105492046FCF79CF8B0FA80F049
:1040A000400910BD0120FCE7A80B0100AB0B01008B
:1040B00010B58368D3F874329B06044603D50649CD
:1040C000406909F079F9A36850225A87A368182239
:1040D0001A87002010BD00BFEAF3000008B583690D
:1040E00002491A6808F0C1FA002008BDB90B0100A6
:1040F0002DE9F3410D490E4C0E4EDFF83C8005468C
:1041000008F0B3FA0022B44202F1010703D3002001
:1041100002B0BDE8F081636A0093A36892B24146A1
:10412000284608F0A2FA30343A46ECE7C90B010001
:104130006CF200009CF20000E10B010008B502499E
:1041400008F0BDFA002008BD7F04010073B50E4ED3
:1041500004460025A268E0680DF1060302F5AB7283
:10416000012109F0D9F9BDF80600A36840B12A463B
:1041700003F5AB733146204608F077FA0135E9E7DD
:1041800083F8560102B070BDF20B010010B5044671
:1041900008F0D8FA03490246204608F066FA0020E3
:1041A00010BD00BFEE060100022907B50BD1536810
:1041B000009312680B4B0C4908F073FA6FF015006E
:1041C00003B05DF804FB8368084AD3F874320849E9
:1041D00013F0020F074B18BF1A4608F046FA0020EA
:1041E000EEE700BF000C0100150C0100FC0B010004
:1041F0001E0C0100F102010010B58368D3F874327F
:104200009A06044603D50749406909F0D5F8A36822
:10421000D3F874329B0603D50349606909F0CCF8E2
:10422000002010BDF1F30000F6F30000F0B5012905
:1042300085B004460AD05368009312685D4B5E490E
:1042400008F02FFA6FF0150005B0F0BD8368D3F8C1
:104250007432990603D55949406909F0ADF86FF0F9
:10426000F9012046FFF7F8FCFA212046FFF70AFD86
:10427000A06800254FF48072294600F5AB708DF8D8
:104280000B500AF027FD4E49606909F095F8606906
:1042900008F066FA4FF47A766068036801221F69B5
:1042A0000DF10B0103ABB847039BEBB9013E4FF493
:1042B0007A70B6B20AF05CF9002EEDD1A368D3F89B
:1042C00074329B0603D53F49606909F075F8A3680D
:1042D0003D4950225A87A368182220461A8708F0C1
:1042E000D2F96FF00700AFE79DF80B20A3681B2AF7
:1042F00053D093F856111B29CED1522A4DD15A19B9
:10430000002382F85631A66896F857215B2A2BD1F4
:1043100006F25710022510F8011F2A463B2905F125
:104320000105ADB223D1FF2AC8D002F5AB7216FA4F
:1043300082F1002211F8010F18BB86F85601FA2A03
:10434000A16828BFFA224A87FA2BA26828BFFA235D
:104350001387A368D3F874329A0603D519496069A4
:1043600009F02AF800206FE786F85631A6E703EB3C
:104370008303303901EB4301B5F5807F8BB2CAD19D
:104380009CE7013502EB8202ADB2303800EB42000F
:10439000B5F5807F82B2CDD190E72B440135ADB227
:1043A000092D83F856217FF677AFA368002283F8A2
:1043B000562183E7000C0100150C0100FCF30000FE
:1043C000690C010000F400002F0C01002DE9F04FF2
:1043D000074689B01546894621B1104609F041F9D2
:1043E00000285BD1032455E05C463CE029460AF5F1
:1043F000AB700AF0C2FC0646002854D0FBF7FCFE66
:1044000082B2601C0132314630440AF049FC224637
:10441000594630460AF036FC4FF020033355BAF8BF
:10442000543001331C44AAF8544008F10108002418
:1044300001994B1C03AA48460193FFF799FB0646D6
:10444000E8B131680022284609F0C8FA0028EFD107
:10445000D6F800B0D7F808A0BBF1000FC4D058467A
:10446000FBF7CAFE84B2BAF854302344FF2BBDDDFB
:104470000E4A2B460321384608F018FD0124B8F1F6
:10448000000F07D0B8682A4600F1540100F5AB7060
:1044900008F096FA204609B0BDE8F08F4FF000080A
:1044A00041460224C5E70224E9E700BF31110100BB
:1044B00008B5044807F007FABDE80840024807F0CD
:1044C00002BA00BF83110100B8110100014806F0D3
:1044D00029BC00BFACF8000038B5044618B90F4B32
:1044E0000F485B6898476168B1F5683F10D0B1F537
:1044F000680F0DD00B4DA9420AD011F468612068F5
:1045000007D0014608480AF090F800232360656050
:1045100038BD14220AF0DEFBF9E700BF1C070020BB
:10452000E61101002C5F5CA92C1F002008B520B308
:104530004368B3F5683F10D101220368BFF35B8F76
:1045400053E8001F002903D143E800200028F7D1D9
:10455000BFF35B8F0DD1002008BD094A93420AD0FA
:1045600000684FF0FF324FF0FF3305F07FF900286D
:10457000F1D00448F0E70448EEE76FF4E040EBE7E1
:104580002C5F5CA9E98FFFFFEA8FFFFF08B5D8B168
:104590004368B3F5683F10D100220368BFF35B8F17
:1045A00053E8001F012903D143E800200028F7D178
:1045B000BFF35B8F0BD1002008BD074A934208D0A0
:1045C000006805F0CBF9F6E76FF4E040F4E7034844
:1045D000F2E70348F0E700BF2C5F5CA9E98FFFFF1B
:1045E000EA8FFFFF10B5044618B91D4B1D485B68E4
:1045F00098476368B3F5683F2FD0B3F5680F2CD0A8
:10460000194A934219D1236803BB18484FF0FF326F
:104610004FF0FF33214605F03BF808B923681BB97A
:104620000F4B13485B6898472068142200210AF05A
:1046300051FB4FF46863636008E0B3F5683F0DD841
:104640003A2B03D040F6BA629342DED120680AF0DA
:1046500044F8636843F03A03636010BD054AF3E72A
:104660001C070020E61101002C5F5CA92C1F002014
:104670000C1201003A00003A08B5064906484023EA
:10468000142209F0C4FFBDE808400449044806F0BC
:10469000BBBB00BF2C1A00202C1F0020B4F8000068
:1046A000C8F800002DE9F843054600AF0C46002984
:1046B00048D0DFF8B890D9F800305A0742D06E469B
:1046C0008AB0D1E90001A3686A46DFF8A4C04FF0C0
:1046D0000508C2E905C0C2E9071342F8108F00239C
:1046E0004FF421514846FDF721FBD9F800305B0714
:1046F000B54627D08AB0D4E9030163696A46DFF87A
:1047000074C0C2E90713C2E905C042F8108F002344
:1047100048464FF42151FDF709FBD9F800305807FE
:10472000B5460FD0E3690121134A484607F07FFDE3
:10473000D9F80030590705D0A369104A012148462D
:1047400007F075FD012D0AD1EFF3058307480268D4
:10475000520704D00A4A103B294607F068FD21465B
:10476000284604F0CBFDBD46BDE8F883EC070020E9
:10477000391201006812010097120100A61201000F
:10478000D412010030BFFFF7FDBF00BF2DE9F0419B
:104790000B4EDFF8308006EB0807CC1B054632468F
:1047A000094920460AF06EFAA01942460021083C49
:1047B0000AF090FAC5F8A84007F10800BDE8F081BA
:1047C0000000000008000000A0F30000074A936802
:1047D00093F90E10002907DB526993421FBF044A68
:1047E000536843F080535360704700BF742000202B
:1047F00000ED00E0F8B5374C23685B0706460D4630
:1048000003D03549204608F07DFF344B9B6ADF0416
:1048100051D52368580703D031492E4808F072FF5C
:1048200017202E4B9B6A190507D523685A0703D01A
:104830002C49284808F066FF1820284FBB6A9B05C2
:1048400019D52368580703D02749224808F05AFF92
:10485000BB6BBA6A11040DD52268520704D0234AF3
:104860001C48012107F0E3FC26B11C4A936A23F49B
:10487000004393621920194B9B6A5B0507D5236897
:104880005F0703D01A49134808F03CFF1A20134B66
:104890009A6AD60511D52368590703D015490D48E2
:1048A00008F030FF1B200D4A936A43F47F43936264
:1048B00000232B70F8BD1620B3E79B6A9A04F2D54B
:1048C00023685B0703D00C49024808F01BFF1C203B
:1048D000E9E700BFEC070020E712010000ED00E06F
:1048E000FD1201000E130100211301003A13010013
:1048F0004F1301006A1301008213010010B52D4C03
:1049000023685A0703D02C49204608F0FBFE2B4BA6
:104910009B6A9B014BD52368580703D0284925483B
:1049200008F0F0FE1E20254B9B6AD90107D52368AD
:104930005A0703D023491F4808F0E4FE1F201F4BED
:104940009B6A1B0307D52368580703D01E491948E3
:1049500008F0D8FE2120194B9B6A590307D523681C
:104960005A0703D01949134808F0CCFE2220134BF4
:104970009B6A9B0307D52368590703D014490D4848
:1049800008F0C0FE23200D4B9B6ADA0307D523688D
:104990005B0703D00F49074808F0B4FE2420074AFC
:1049A000936A6FEA03436FEA1343936210BD1D20BD
:1049B000B9E700BFEC070020B113010000ED00E0F3
:1049C000C9130100DC130100F613010014140100E7
:1049D00039140100531401002DE9F047454D2B68AF
:1049E000894659078046174603D04349284608F0B0
:1049F00089FE424B9B6ADA0639D52B685B0703D0E8
:104A00003F493C4808F07EFE11243C4B9B6A1E0740
:104A100007D52B68580703D03A49364808F072FE8C
:104A20001224DFF8D8A0DAF82830990721D52B68AE
:104A30005A0703D034492F4808F064FEDAF834608E
:104A4000DAF828301B0651D52B685C0705D02F4AB1
:104A500028483346012107F0EAFBB9F1000F04D0E2
:104A6000264A936A23F080039362132403E0102400
:104A7000CBE76FF01506214B9B6AD80707D52B684B
:104A8000590703D022491B4808F03CFE14241B4B55
:104A90009B6A9A0607D52B685B0703D01D4915480A
:104AA00008F030FE1524154B9A6AD50602D49A6A8E
:104AB00090070AD55B68190507D54146304600F0D6
:104AC00099FA10B180F3098802240C4B9A6A920675
:104AD00042BF5A6A22F400525A629A6A42F0FF02B6
:104AE0009A6200233B702046BDE8F0876FF0150600
:104AF000BBE700BFEC0700207E14010000ED00E0E2
:104B0000941401000E130100C7140100DF1401000A
:104B1000F5140100821301002DE9F041744B8AB0B5
:104B2000D3F8048000AF0446C8F30806002585F3D7
:104B30001188BFF36F8F02F07F43B3F17F4F0AD12B
:104B400002F00C03082B15D16A480368590702D0FC
:104B5000694908F0D7FD00252C460023FB71F31EA0
:104B6000092B00F29F80DFE803F00A91948D9D9D50
:104B70009D9D9D9712074CBF0C460125EDE75D4EAC
:104B800033685B0703D05D49304608F0BBFD002366
:104B9000FB71574BDA6A900708D53368590703D081
:104BA0005749544808F0AEFD00233CE0DA6A002A79
:104BB00004DA33685A07F7D05249F2E7DB6A5B0040
:104BC000F2D53368580703D04F494A4808F09AFD98
:104BD000474BA1695A6942F480725A61BFF34F8F03
:104BE000BFF36F8F5A6931F8021C22F480725A6148
:104BF000BFF34F8FBFF36F8F4DF60272914208D013
:104C00009A6AD2B28AB3FA1D01212046FFF7E4FE68
:104C10003AE03368590705D023683C4A35480121FA
:104C200007F005FB2368FA79DAB907F1080604F101
:104C3000200C20686168324603C208346445164679
:104C4000F7D17A6A002D4DD0C2F3080121B96FEA7D
:104C500052226FEA42227A6207F108011846FFF7F2
:104C600021FD2837BD46BDE8F0819A6A12F47F4FD6
:104C700004D0F91D0120FFF7BDFD05E09B6AB3F5E7
:104C8000803F91D3FFF73AFE0346CCE7FA1D00219F
:104C9000BBE7F91D0020EEE7164803685A0783D0EA
:104CA0001B497FE7134803685B073FF47DAF194A50
:104CB000194B18F4F87FE8468AB018BF13466A46C5
:104CC0001649C2E905134FF400731384103E144BC8
:104CD000D66142F8103F00234FF41151FDF726F83A
:104CE000C54661E722F4FF7222F00102B3E700BF7C
:104CF00000ED00E0EC070020421501006D150100F9
:104D000084150100A5150100B3150100D21501009D
:104D1000EE150100291501001415010012160100FD
:104D200004000001044B5A6942F010025A615A69AA
:104D300022F008025A61704700ED00E0EFF30880AE
:104D4000EFF3098101B57246FFF7E6FE01BD00BF32
:104D5000002080F31488BFF36F8F134880F3088816
:104D600002F00CFB002011490860BFF34F8F00F0E8
:104D700033F8202080F311880D484FF0AA014FF43A
:104D8000046209F025FC0A484FF40461401880F3DE
:104D90000988EFF314800221084380F31488BFF3DD
:104DA0006F8F00F0EFF80000C04C002094ED00E0A1
:104DB000003F00200749D1F890200023C2F30722CA
:104DC0001846934200DB7047C1F89830C1F8A00044
:104DD0000133F6E700ED00E008B572B6002383F377
:104DE0001388FFF7E7FF144B4FF0FF32C3F8802022
:104DF000C3F88420C3F88820C3F88C20C3F890201F
:104E0000C3F89420C3F89820C3F89C20C3F88021ED
:104E1000C3F88421C3F88821C3F88C21C3F89021FA
:104E2000C3F89421C3F89821C3F89C2162B6BFF35C
:104E30004F8FBFF36F8F08BD00E100E0084B9B6808
:104E400083420BD1EFF3058343B1064B5A6842F01E
:104E500080525A605A6A22F400425A6205F0EAB956
:104E60007420002000ED00E016498A684FF0300001
:104E70001044EFF3098C80E8F01F202080F31288A3
:104E8000BFF36F8F104F4FF000664A698A603E6033
:104E90004FF0A804141920680C4C2060D2F8AC0024
:104EA0000023C2F8AC3080F3118804B5104600F03E
:104EB00009F9BDE8044002F1300090E8F01F8CF3DE
:104EC000098870477420002004ED00E0481F00208E
:104ED0001EF0040F0CBFEFF30880EFF30980816927
:104EE00011F8021C0229FFD001B5724608F0FFFB41
:104EF00001BD00BF40B2002807DB044A410901237D
:104F000000F01F00834042F82130704700E100E0CC
:104F100040B200280CDB4309064900F01F00203393
:104F20000122824041F82320BFF34F8FBFF36F8FE0
:104F3000704700BF00E100E0054B420900F01F0090
:104F400053F82220012303FA00F01040704700BFFD
:104F500000E100E040B20028A8BF00F1604001F18C
:104F60000101B8BF064B4FEA4111ACBF00F56140EB
:104F700000F00F00C9B2B4BF195480F80013704795
:104F800014ED00E00B4A08B50B4B22F07F029A604B
:104F9000BFF34F8FBFF36F8FD3F8882022F47002D6
:104FA000C3F8882004F0AAFA05F0AAFA00F060F825
:104FB00004F0ECFA0000000000ED00E042F8203CB4
:104FC000009B42F81C3C0A49019B42F8183C029B9A
:104FD00042F8143C21F001014FF0807342F8043C88
:104FE00042F8081C0023203A0265C0F8AC30704734
:104FF000A11300000A4A0346906878B113F1160F16
:10500000D0F8980005D0A0F140029A4205D883421A
:1050100003D2814228BF002070470020704700BFA4
:105020007420002008B515460A4A0B4B9060D0F852
:10503000A8201A600E4600F045F82C4686F3098831
:105040000020064B98472046002100220023044CF4
:10505000204700BF74200020481F002015D7000003
:10506000A1130000014B10221A61704700ED00E00F
:10507000044800232021C2180133302B82F800138A
:10508000F9D1704700E100E008B5EFF30583064A67
:10509000103B02EBC30152F8330049688847BDE872
:1050A0000840FFF793BB00BFB8EF0000024B034A74
:1050B0000348012100F092B8000004200000002005
:1050C000D8F80000D0F89820054B403A1A60054AFD
:1050D0004021C3E901121846012100F089B800BF40
:1050E0004C1F002000000B1508B503461148D0F8EE
:1050F0009020C2F30722013A93420AD90E4802686F
:10510000520703D00D4A012107F091F86FF0150006
:1051100008BDC0F898300A6822F01F021A4342F016
:105120001002C0F89C208A6842F00102C0F8A0205A
:105130001846EDE700ED00E0E80700202916010021
:10514000F0B50E4685B01F4604460025B54210DA7C
:10515000606828B3AFB1431E18420DD012480368EF
:105160005B0704D0114A2B46012107F060F86FF06D
:105170001502104605B0F0BD1F28EFD921680B427B
:10518000ECD12368019308F0E8FAA36801A903436E
:10519000D0B20393FFF7A8FF10F1160FE7D0421C1F
:1051A00001350C34D2E700BFE80700204F1601009C
:1051B000044B0522C3F89420BFF34F8FBFF36F8FCA
:1051C000704700BF00ED00E0BFF35F8F024B00228D
:1051D000C3F89420704700BF00ED00E010B5034C09
:1051E00001232278FFF7ACFF207010BDC022002001
:1051F00008B50B4A00231278FFF7A2FF10F1160F33
:1052000007D0084A0021D2F89030C3F30723984210
:1052100000DB08BDC2F89800C2F8A0100130F2E728
:10522000C022002000ED00E02DE9F0435748584926
:10523000D0F890300D68C3F307239D4285B000F28B
:10524000A180FFF7C1FF49680022954201F10C01DE
:105250001AD1504C504F25706846FDF7B5F8DFF86D
:105260003C81DFF83C9106460025AE421FD12378F1
:1052700046490020D1F89020C2F3072293427BDBFD
:10528000FFF796FF00204CE0C0F8982051F80C3C46
:1052900023F01F03134343F01003C0F89C3051F870
:1052A000043C43F00103C0F8A0300132CDE7009880
:1052B00000EB05114FEA051CCB683B40B3F5000F2E
:1052C00044D00AD8B3F5001F2ED0B3F5800F34D0E8
:1052D000B3F5801F10D00135C7E7B3F1807F3ED012
:1052E000B3F1007FF7D150F80C3088684A6808F0B5
:1052F00034FA40F4802009E050F80C3088684A689D
:1053000008F02BFA40F0885040F43020039001A9B7
:105310002078CDE90123FFF7E7FE002828DA6FF0B7
:10532000150005B0BDE8F08350F80C3088684A6875
:1053300008F013FA40EA0800E8E750F80C308868F3
:105340004A6808F00AFA40EA0900DFE750F80C3032
:1053500088684A6808F001FA40F08270D6E750F891
:105360000C3088684A6808F0F8F940F08870CDE79A
:10537000237801332370AEE7C1F89830C1F8A0005C
:10538000013377E74FF0FF30CBE700BF00ED00E0DF
:10539000E4F80000C02200200000F0FF0000081127
:1053A00000000207F0B587B007460E4614460021FC
:1053B000102268461D4609F08DFC02238DF802304C
:1053C0002A46054B019321466846CDE9047605F04F
:1053D000E3FE07B0F0BD00BF7BD7000008B5024B6D
:1053E0001B689847002008BD581F0020034B044A43
:1053F0001860937843F0020393707047581F0020A1
:105400002805002008B50649064821F00701C1F12A
:10541000005202F5802206F0A6F9002008BD00BF68
:10542000E75300205C1F002008B500F0B7F80A49D8
:1054300041610A490122C0E900220A6008490A6064
:10544000084A00231360084A03611360C0E902336D
:10545000064A136008BD00BF7F0401005405002008
:1054600050050020701F00206C1F0020681F0020C6
:105470002DE9F04107460E46154600F08FF8C36847
:1054800004461BB943691A78002A41D10023E3601E
:105490006368BB4256F8232008DB324B6361204629
:1054A00000F062F84FF0FF30BDE8F081511C6161FF
:1054B00092F80080B8F12D0FEFD1911C6161517805
:1054C000A1602D2904D192786AB901336360E4E7C1
:1054D00049B9244B63614146284609F013FC002872
:1054E000DDD0C4F80880D4F808802846414609F089
:1054F00009FCB8F13A0F636900D070B91B7813B991
:10550000636801336360204600F02EF83F20CBE74C
:105510005A1C42611B788360E5E742783A2A0BD037
:10552000002222611B7813B963680133636020464F
:1055300000F01AF8A068B7E718786268094928B936
:1055400001329742626004DD56F82230C4E904312A
:10555000EAE761612D783A2D2046D5D100F004F8B4
:105560002846A1E77F040100074B02681A60074B39
:1055700042681A60064B82681A60064BC2681A605D
:10558000054B02691A607047540500205005002041
:10559000701F00206C1F0020681F0020004870470B
:1055A000380500200E4A0123C2F840354FF08042F2
:1055B0004FF08051C2F87835D1F83001082808D171
:1055C000D1F83411052904D80648415C09B1C2F864
:1055D00038364FF080430122C3F880250020704701
:1055E00000E001408816010020B1034B800143F028
:1055F00001031847704700BF20F40000084B70B546
:10560000C31A0D4607499B100446594306484022D9
:1056100008F0F0F92B4601462046BDE870401847D7
:10562000881F0020B76DDBB610EF000073B50C4C7F
:105630000C4A4023041B00930D460B460A49A41054
:1056400061430646094808F000FA011E05DA3046B3
:105650002B4602B0BDE87040184702B070BD00BFD5
:10566000881F0020B3DA0000B76DDBB610EF000032
:1056700010B5EFF31184202383F31288BFF36F8FEB
:10568000074A136823F00201DB07116002D40120EE
:1056900008F065FD84F31188BFF36F8F10BD00BF64
:1056A000D81F0020002270B5012104461046FFF7E4
:1056B00051FC0F4801F0ECFF0E4B984215D101F060
:1056C000F7FF26690C49304606F0BAFB00280BDBD1
:1056D000012535642469084904F11C0006F0B0FB7B
:1056E000002801DBE564002070BD6FF00400FBE7DB
:1056F000FD5700000000AD0B04F900007FB500224B
:105700000123CDE9022304ABCDE90433094ACDF8E6
:1057100000D06B46CDF804D008F0C4F9002805DBB2
:105720004FF480420023684604F09CF907B05DF80E
:1057300004FB00BFD1DA000030B4104B0C2202FB96
:10574000003301460020D3E90E529863EFF3118035
:10575000202484F31288BFF36F8F1C6C04F0C00404
:1057600044F002041C6480F31188BFF36F8F1DB1F5
:105770002B46034830BC184730BC7047881F0020B8
:1057800010EF000010B4EFF31182202383F312888E
:10579000BFF36F8F1748016841F002040460C80727
:1057A00007D482F31188BFF36F8F012010BC01F082
:1057B00091BF4FF08041D1F80C04D1F80C14C90707
:1057C000EFD5EFF3118083F31288BFF36F8F0A498F
:1057D0000B6C03F0C00343F002030B6480F31188E9
:1057E000BFF36F8F82F31188BFF36F8F002010BC5F
:1057F000FFF7A2BFD81F0020881F002010B101288A
:1058000004D07047034B1B6C5B0701D1FFF794BFBB
:10581000704700BF881F00202DE9F0413849BFF3D1
:105820005B8F0746012251E8003F41E80020002835
:10583000F9D1BFF35B8F33B9324933484B60CB604A
:105840008A6006F010FB7B1E012B2BD8012F07D19D
:105850004FF08043D3F81C3403F00303012B21D015
:1058600008F052FF0546F8B9284B1B78E3B14FF01A
:1058700080430222C3F808230646DFF894804FF0E5
:105880008044D4F81824D4F81834D20315D503F082
:105890000303012B01D0012F0FD155B386F31188DB
:1058A000BFF36F8FBDE8F081EFF31186202383F300
:1058B0001288BFF36F8F0125DFE7ADB1304607F0E7
:1058C0003DFFD4F81835002BDBD1D4F80421002A91
:1058D000D7D0C4F80431D4F804310123C4F8183502
:1058E000C8F88031A360CCE70021212008F0BEFF7A
:1058F000E7E74FF080430222C3F80423D2E700BF5A
:10590000841F0020741F0020A41F0020F322002009
:1059100000E100E008B5074808F02FFE38B106485E
:10592000FFF764FD0448FBF735FD002008BD6FF06C
:105930001200FBE758EF00003D5900000A2838B577
:10594000074D044604D1AB680D215B682846984793
:10595000AB6803485B68E1B29847204638BD00BF9A
:1059600058EF0000F0B54068057B01F01F0444EAE1
:105970004514056987B0002D64D0B2F5001F00F111
:10598000100506D12146284608F07AFC002007B011
:10599000F0BD01AE0027B2F5800F0197776039D1D5
:1059A000B3F1007F14BF052304238DF804300023D6
:1059B000CDE904630393836823FA01F111F0010137
:1059C0001AD1B2F1A07F17D104F01F03620903F5C9
:1059D000E0732AD0012A3BD11F4A52F82330DB075B
:1059E0000AD40DF1030632462146284602F05AF940
:1059F0001A4B98421CD0029603AA2146284602F070
:105A000013F8174B984220D101222146284602F074
:105A1000ADF9BBE7B3F1C06F05D0B3F1007F14BFA0
:105A200001230223C1E70323BFE74FF0A042D4E7DD
:105A30003146284602F094F9094B9842DBD06FF0CA
:105A40000B00A4E76FF08500A1E76FF015009EE75B
:105A500051F82330FFDE00BF000300500400AD0BFF
:105A60000000AD0B38B545682B69B3B11035284639
:105A700002F066F9044680B90146284602F02CF986
:105A8000084B98420BD108492246284602F004F9F7
:105A9000224605210620FFF75DFA002038BD6FF091
:105AA0000400FBE70000AD0BAD5A0000420970B5E1
:105AB000034602D0012A17D070BD0D4E32695168DD
:105AC0000029F9D003F01F0301250C689D4000292F
:105AD000F2D08A682A4002D04B68304698472CB1F1
:105AE000236821461C46F2E7024EE7E72346F8E723
:105AF00040EF000028EF00002DE9F043466840F237
:105B00000635D006337B87B002EA050554BFC2F3E1
:105B10004010032001F01F07B5F5837F144647EAC4
:105B200043178DF8030045D00FD8062D18D007D89D
:105B3000B5B1022D40D06FF0150007B0BDE8F0837D
:105B4000B5F5807FF7D101250AE040F202229542A7
:105B500034D0B5F5407F33D0B5F5007FEBD10225C9
:105B60000123220303FA01F12CD57368C3F8081549
:105B7000326982BB07F01F037F0929D0012F77D13B
:105B80003E4A02EB830284F48033D2F80017C3F359
:105B90000043C4F3404444EA430421F4E16144EA8D
:105BA000800421F0070144EA05230B43C2F80037C3
:105BB0000020C2E70725D3E70425D1E70525CFE775
:105BC0000325CDE7630344BF7368C3F80C15CFE723
:105BD0004FF0A042D5E710360DF1020239463046AB
:105BE00002F060F814F4403F80460CD1394630464C
:105BF00008F044FB224B9845DAD19DF8021030465C
:105C000002F0A8F8D4E701AB4FF0000903AA394627
:105C10003046CDE90439CDE90199CDF80C9001F079
:105C200003FF174B984286D114F4003315D09DF82A
:105C300003308DF80E3084F48034C4F300444B46B6
:105C400003AA394630468DF80C508DF80D4001F00E
:105C5000A5FF0B4B9842CDD06DE7CDE9043303AAE5
:105C60000DF1030339463046039301F0DDFEF0E702
:105C700003F5E07352F82330FFDE00BF000300504D
:105C80000000AD0B036803F01F025B09026004D043
:105C9000012B034818BF002070474FF0A040704709
:105CA000000300502DE9F04FDFF89491DFF894A144
:105CB00085B01546834600EB810140F2FF18594537
:105CC00003D1002005B0BDE8F08FDBF800305E04A2
:105CD000C3F3C322C3F3080400F1AC801B0E19F810
:105CE0000270444508BF4FF0FF34222B00F2A5801C
:105CF000DFE803F012191F22252B22A3A3A3A33B45
:105D000068A3A3A3A3A3A3A3A3A36B818487A3A333
:105D1000A38A9194979A9D00C5F80C45601C5ED1AA
:105D20000BF1040BCBE7C5F81445621CF8D0002634
:105D30005FE0C5F80845F1E7C5F81045F5E7631CD5
:105D4000C5F80845ECD0002604E0661CC5F80C45F3
:105D5000E6D0012603A80394FFF794FF039B0122DA
:105D600002FA03F3C0F80C3508E0C5F80845002F27
:105D7000DBD1631CD4D0002632460627DBF8003086
:105D8000019303F40040002818BF002203A80092EA
:105D900018BF01260394FFF775FF039C019B009A2F
:105DA00000EB8400C3F3412CD0F800473B0243EAE8
:105DB0008C03134304EA0A04234343EA4603C0F86E
:105DC0000037ADE7C5F80C45D1E7C5F86045601C64
:105DD000DBF80030A4D0C3F30043002BB9D003A8F4
:105DE0000394FFF74FFF039B012606FA03F3C0F865
:105DF00008353246C2E7C5F86445E8E7C5F86845A6
:105E0000E5E7C5F86C45E2E7C5F82445621C87D094
:105E100000220126B2E7C5F828457FE7C5F83045DE
:105E2000F4E7C5F83445F1E7C5F83845EEE7C5F8BD
:105E30003C4573E76FF0150044E76FF0850041E7DC
:105E4000E9160100F0F8FCFF2DE9F041044647682F
:105E50000D4608F059FC4FF0200888B9264B1B78F6
:105E600073B16426606807F042FFF0B9012008F0C2
:105E700068F9013EF6D10021212008F0F7FCF0E797
:105E8000EFF31186314688F31288BFF36F8F606895
:105E900007F02DFFA8B986F31188BFF36F8FEFE7E6
:105EA00086F31188BFF36F8FE5E7EFF31186314674
:105EB00088F31288BFF36F8F606807F018FF00281F
:105EC000EED0BB691D706368BA691B680020C3F817
:105ED00044250122C3F84825C3F82001D3F8204106
:105EE000C3F85801D3F858019A6081F31188BFF3C1
:105EF0006F8FBDE8F08100BFF3220020F7B50546A3
:105F0000002201210220FFF725F80220FEF7F2FF10
:105F10006A6811681369C1F82435137D507D927D3C
:105F200003431343C1F86C356E68D6E9004313F0A0
:105F3000010353D02F6907F10C0008F00EF9344B20
:105F400098420BD0334803685B0703D0324A0121E3
:105F500006F064F96FF0040003B0F0BD387B04F183
:105F60000C0204F5907108F0EEF8387B012707FA6F
:105F700000F001F025FB0823C4F80035B369C4F82C
:105F800044350023C4F84835A760D4F85831002BB5
:105F9000FBD00021C4F800156B68DC6801AA20461C
:105FA00007F0EEFD002805DB019B226819791868CF
:105FB000FFF778FE6A6813680821C3F80015117AA4
:105FC00051B9D269C3F834250122C3F83825C3F882
:105FD0001011D3F810111A600020BDE70822C4F890
:105FE0000025B269C4F84425C4F848350123A360EC
:105FF000D4F82031002BFBD00023C4F82031D4F892
:1060000020310123E3604FF48073C4F80433BCE70C
:106010000000AD0B08080020F11601002DE9F04347
:1060200083B045680669D5F8208000AF3A1D00218D
:10603000404607F0A5FD041E1DDB7B68D8F8002054
:1060400019791868FFF72EFE041E14DB696A481CD4
:1060500021D005F1280000F081FB10F1130F044658
:106060000ED1354803685A0703D0344A012107F09E
:10607000DBFE6FF0120420460C37BD46BDE8F0830E
:10608000431D08D12C4803685D07F4D02C4A012138
:1060900007F0CAFEEFE7EB699847B5684FF00108D3
:1060A000D6E9023203EBC2039D4204D3304607F027
:1060B000E9FE0024DFE7286808F05FFA0346C8B964
:1060C0001D4802685107D4D02A68297916686C46A1
:1060D0008AB06A461B4DD1614FF4007111841A4990
:1060E000C2E9055642F8101F4FF41151FBF71EFE8E
:1060F000A546BEE728682979EB88D0F810C0D0F80B
:106100000890DCF80040DA0754BF43F4B01383F47E
:10611000D01323F4801208FA01FEDB074CBF44EAD7
:106120000E0424EA0E04CCF80040D9F80030984759
:10613000041EA0DB0835B3E7000800203417010077
:106140005F1701007C170100040000017FB50546C0
:1061500040682A69536ED16EE3B9A9B1146E916794
:106160001E460B46926E0292CDE90046EAB1002926
:1061700018BF194603910022694602F06BF80D4BD7
:10618000984214D06FF00401284604B0BDE8704076
:1061900007F0A2BE146E11B18B4228BF0B46002C33
:1061A000936714BF1E460026DCE71146E2E704B001
:1061B00070BD00BF0000AD0B10B503780C46002B7E
:1061C0005ED18A6F32B9606F6FF07301BDE8104025
:1061D00007F082BE4B6E4BB19A4220D92948036822
:1061E0005B0703D0284A012107F01EFE2368A26F37
:1061F0009B88D90742BF236F9B182367E36E4BB17F
:106200009A4224D91F4803685B0703D01E4A012124
:1062100007F00AFE606FBDE81040FFF797BF9B1ABA
:106220004B6673B90B6D08330B654B6D013B4B65CA
:1062300001F1640204F15000543107F0FCFD2066C6
:10624000D4E70B6E002BD1D013440B66CEE79B1A1C
:10625000E3667BB9A36D0833A365E36D013BE3659A
:1062600004F16C0204F15C0104F1580007F0E3FD55
:10627000A066CFE7A36E002BCCD01344A366C9E77A
:1062800010BD00BF00080020A01701002DE9F04F4D
:106290008BB000AFC7E9023243687B608B8804692A
:1062A0009E04804689462FD44FF0FF324FF0FF33D3
:1062B00004F1100003F0D6FBC4F8049097F85030B6
:1062C00084F84C307B6D6364BB6DA364D8F810A078
:1062D000D8F804B09AF87D3023B1DAF80030994547
:1062E00000F01181B9F8046016F4006318D0714809
:1062F00003685D070FD16FF085050023636004F12B
:10630000100003F07BFB66E1A369002BCCD163682E
:106310009942C9D1D2E7684A012107F085FDEAE731
:10632000F0071AD563480268510702D16FF01505CE
:10633000E3E76D4688B0D8F800106A465F4EC2E9C0
:1063400005614FF4007191835D4942F8101F4FF4CD
:10635000E251FBF7EBFCAD46E8E7320708D55548BC
:1063600003685B07E2D0574A012107F05DFDDDE7D6
:10637000C6F34513082B05D04E4803685E07D5D0F9
:10638000514AF1E7D9F80050504B9D4205D8494891
:1063900003685D07CAD04E4AE6E70BF1080EBEE877
:1063A0000F0007F1140CACE80F00DEF80030CCF859
:1063B0000030484B9D4258D9474B9D4258D9474BD6
:1063C0009D4258D9464B9D4258D9464B9D4258D97B
:1063D000454B9D422CBF4FF000454FF08045B10723
:1063E000FD6106F004034FD5002B14BF03230223E5
:1063F00087F82030C6F3001387F82130DBF800302F
:10640000D3F8083516F0020F4FEA5312C6F34001D5
:1064100003F01F033FD1002A3AD0012A40F07081D7
:106420003249012202FA03F3C1F80C359AF87D30A3
:106430002BB1584601F0D6FE00238AF87D302C4A55
:10644000534607F11401584601F098FE294A90423C
:10645000034653D017480268520703D0264A012149
:1064600005F0E5FE6FF0040547E74FF00075B6E76D
:106470004FF08065B3E74FF00065B0E74FF080550F
:10648000ADE74FF00055AAE7003B18BF0123AFE787
:106490004FF0A041C5E74AB1012A40F034811349C9
:1064A000012202FA03F3C1F80835BFE74FF0A0411B
:1064B000F6E700BF00080020BE170100D817010052
:1064C00003000001FA1701001918010047E8010054
:1064D000481801008FD003001FA107003F420F00A2
:1064E0007F841E00FF083D0000127A000003005068
:1064F000B96100000000AD0B7918010001238AF892
:106500007D30CAF80090012384F87C307B68596A9A
:106510004E1C0ED003F1280007F013FD743008D193
:106520007B48036813F0060F03D07A4A022107F074
:106530007BFCFB68002B53D123650023636504F1CA
:10654000640204F1540104F1500007F074FCBB68CC
:106550002066002B4CD1A3650023E36504F16C0297
:1065600004F15C0104F1580007F065FCA0662068A6
:1065700000232364236748B183683BB101210830BD
:1065800007F06CFC2368186907F0F2FF4046FFF73C
:10659000DDFD94F84C202368002A31D09A8812F04F
:1065A000010500F0A380256F15F1740F5BD02368FF
:1065B0002BB19A681AB19A88D20440F18E80002DCE
:1065C000FFF69BAE23689B889B0404D494F84C3060
:1065D000002B3FF492AE28462C37BD46BDE8F08F25
:1065E000FB681B682365002BA7D0FB685B68A5E7E9
:1065F000BB681B68A365002BAED0BB685B68ACE7CB
:10660000998811F0010151D1656D0A46AA423FD126
:106610000022E66D1546B54241D18A4238BF0A468E
:106620004FF4FA5101FB02F51B68B5FBF3F54FF48B
:106630000046C83540F2E73000214FF47A7200235B
:10664000E5FB0601F9F7ACFD02460B4604F1280014
:1066500003F008FA70B32E4803685D0703D02E4A92
:10666000012107F0E1FB00257868A56701F0BAFD7C
:1066700084F87D506FF07301404607F02DFC04F163
:10668000280003F015FA2368F3B96FF0730534E6B8
:10669000206D00EBC200013240680144B6E7A06DF6
:1066A00000EBC500013540680244B4E74FF0FF320B
:1066B0001346CBE72368256C9B88D8077FF574AF1A
:1066C000002D7FF471AF6EE79A68002ADDD09A88BA
:1066D000D1046FF073053FF510AE186907F048FF5D
:1066E00020680021083007F0B9FB68E7996829B1F4
:1066F00012F480527FF466AF1546EEE70D4661E76F
:10670000C1F80C15FFDE0023C3F80835FAE700BF17
:1067100000080020A0180100CA18010000F01F02A4
:1067200040090DD001280ED10A4B03EB82030A4A1F
:10673000D3F80007024042EA8102C3F800277047FD
:106740004FF0A043F1E702F5E072002353F8223046
:10675000FFDE00BF00030050F0F8FCFFF0B587B08B
:1067600001238DF8023002238DF804306B4403932B
:106770000F4601AB0DF1030100240493054602917D
:10678000059401F0EDFA0C4B984206460FD103AA8E
:106790003946284601F048F9B0420BD09DF8031065
:1067A000284601F0D7FA6FF0040007B0F0BD6FF093
:1067B0001200FAE72046F8E70000AD0B2DE9F0479C
:1067C0004568D0F8108000AF0646E86B07F0FBFB89
:1067D000041E1FDB296C481C20D005F14400FFF784
:1067E000BDFF10F1130F04460AD1374803685A075A
:1067F00003D0364A012107F0CCFB6FF0120409E008
:10680000431D0BD1304803685D0703D0304A012196
:1068100007F0BFFB2046BD46BDE8F0876B6B98478D
:10682000D8F808504FF00109D8E9023203EBC2034F
:106830009D4208D3404607F00AFC7368D86B07F006
:10684000C2FB0024E6E7286807F097FE0346C8B9B4
:106850001D4802685107D0D02A68297916686C460D
:106860008AB06A461B4DD1614FF4007111841A49F8
:10687000C2E9055642F8101F4FF41151FBF756FAC2
:10688000A546BAE728682979EB88D0F810C0D0F877
:1068900008A0DCF80040DA0754BF43F4B01383F4D7
:1068A000D01323F4801209FA01FEDB074CBF4EEA35
:1068B000040424EA0E04CCF80040DAF800309847CB
:1068C000041EA7DB0835AFE70408002034170100D9
:1068D0005F1701007C170100040000012DE9FF4152
:1068E0000569D0F80480EB6E0646686E002836D144
:1068F000002B56D0B8F838402A6EAF6E9C4228BFA5
:106900001C46AB6E5BB1E96E49B107F06041B1F175
:10691000005F04D0082CD5F8847028BF08240092AA
:106920002A6EAC671AB16A6E002A18BF2246CDE9FA
:1069300001271BB1EB6E002B18BF234600226946CE
:106940004046039301F078FF184B98422BD06FF02C
:106950000401304604B0BDE8F04107F09ABB296E4F
:10696000AF6EB8F838400A46BBB1834228BF034631
:106970009C4228BF1C460029C3D001F06043B3F1FC
:10698000005FBED0082C28BF08242246D5F880001E
:1069900008F078F9D5F88020B3E7844228BF044690
:1069A000E9E71946D5E704B0BDE8F0810000AD0B7A
:1069B00010B502780346002A6DD10C69A26F32B976
:1069C000606F6FF07301BDE8104007F062BBA06E0E
:1069D00048B1E16E39B1DB682BB1834203D0D4F802
:1069E000841008F04FF9636EA26F4BB19A4220D920
:1069F000294803685B0703D0284A012107F0C9FA38
:106A00002368A26F9B88D90742BF236F9B18236717
:106A1000E36E4BB19A4225D91F4803685B0703D048
:106A20001E4A012107F0B5FA606FBDE81040FFF77C
:106A300055BF9B1A63667BB9236D08332365636D6D
:106A4000013B636504F1640204F1540104F1500058
:106A500007F0A6FA2066D3E7236E002BD0D01344AC
:106A60002366CDE79B1AE3667BB9A36D0833A36564
:106A7000E36D013BE36504F16C0204F15C0104F198
:106A8000580007F08DFAA066CEE7A36E002BCBD09E
:106A90001344A366C8E710BD04080020A017010036
:106AA0002DE9F04F8FB000AFC7E9023243687B6039
:106AB0008B8804699B048046894632D44FF0FF32AC
:106AC0004FF0FF3304F1100002F0CCFFC4F8049043
:106AD00097F8603084F84C307B6E6364BB6EA364BF
:106AE000D8F804B0D8F810A0DBF808303B609AF86A
:106AF0007D3023B1DAF80030994500F0F180B9F823
:106B000004E01EF4006318D0A04803685E070FD1AC
:106B10006FF085050023636004F1100002F06EFF42
:106B20002FE1A369002BC9D163689942C6D1CFE791
:106B3000974A012107F02DFAEAE71EF0010F19D05C
:106B400092480268550712D06D4688B0D8F80010F8
:106B50006A46904EC2E905614FF4007191838E49F7
:106B600042F8101F4FF4E251FBF7E0F8AD466FF02A
:106B70001505CFE71EF0080F08D0844803685907B1
:106B8000F5D0864A012107F004FAF0E7CEF3451369
:106B9000082B05D07D4803685A07E8D0804AF1E702
:106BA000D9F800C07F4B9C4505D8784803685B073F
:106BB000DDD07D4AE6E70BF10C060FCE07F110059C
:106BC0000FC50FCE0FC53B68634528BF63469C4683
:106BD00096E80300754B9C4585E8030017D2744B7B
:106BE0009C4514D2734B9C4511D2734B9C4555D890
:106BF000724B9C4554D8724B9C4553D8714B9C4565
:106C000052D87149714B724A8C4588BF13461EF0A9
:106C1000020F7B620EF0040348D0002B14BF032345
:106C2000022387F82830CEF3001387F82930DBF8E9
:106C30000030D3F808351EF0020F4FEA5312CEF39E
:106C4000400103F01F0338D1002A33D0012A40F05D
:106C500056816049012202FA03F3C1F80C359AF813
:106C60007D302BB1584601F099FD00238AF87D3024
:106C7000594A434607F11001584601F05BFD574A57
:106C80009042034627D041480268560703D0544A31
:106C9000012105F0CCFA6FF004053BE7514BB6E754
:106CA000514BB4E7514BB2E7514BB0E7003B18BF33
:106CB0000123B6E74FF0A041CCE74AB1012A40F0EA
:106CC00021814449012202FA03F3C1F80835C6E7DD
:106CD0004FF0A041F6E701238AF87D30CAF8009012
:106CE000012384F87C307B68196C4D1C0ED003F1B5
:106CF000440007F026F9743008D12448036813F0E3
:106D0000060F03D03B4A022107F043F9FB68002B32
:106D100072D123650023636504F1640204F1540118
:106D200004F1500007F03CF9BB682066002B6BD1E2
:106D3000A3650023E36504F16C0204F15C0104F136
:106D4000580007F02DF90022A06622642267012175
:106D5000204607F05CF94046FFF7C0FD94F84C3040
:106D60002668002B58D0B388D80700F1C0800025D2
:106D700023689B889B0404D494F84C30002B3FF488
:106D8000C9AE28463C37BD46BDE8F08F0408002058
:106D9000BE170100D817010003000001FA17010017
:106DA0001918010047E80100481801000048E801EF
:106DB0000024F40000127A00FF083D007F841E00CA
:106DC0003F420F001FA107008FD0030048E80100D9
:106DD00090D0030000030050B16900000000AD0B2B
:106DE0007918010000093D0080841E0040420F0018
:106DF00020A10700A0180100FB681B682365002B79
:106E000088D0FB685B6886E7BB681B68A365002BBE
:106E10008FD0BB685B688DE7B28812F001024FD15A
:106E2000606D134683423DD10023E56D1946A942AA
:106E30003FD1934238BF13464FF4FA5202FB03F599
:106E400040F2E7303368B5FBF3F54FF40046C83540
:106E500000214FF47A720023E5FB0601F9F7A0F94F
:106E600002460B4604F1280002F0FCFD60B32748FF
:106E70000368590703D0264A012107F08AF8002544
:106E80007868A56701F08AFC84F87D506FF0730183
:106E9000404607F0FEF804F1280002F009FE6FF00A
:106EA000730537E6216D01EBC301013349680A44DC
:106EB000B8E7A06D00EBC100013140680344B6E7BC
:106EC0004FF0FF321346CDE72368256C9B88DA0725
:106ED0000ED565B115F1740FD1D00022D8F810008D
:106EE000114607F094F8002DBFF642AF12E6256F69
:106EF00015F1740FC3D0002D3FF439AFEDE7C1F8A1
:106F00000C15FFDE0023C3F80835FAE7040800205B
:106F1000CA18010070B5012383400E4ABFF35B8F8E
:106F2000DC4352E8001F01EA040542E80056002E47
:106F3000F7D1BFF35B8F4FF4803282400648C0F830
:106F40000823BFF35F8FBFF36F8F0B4214BF012085
:106F5000002070BDF81F00200010014070B40E49E1
:106F6000D1E90034D01AC31844F1000422F07F465E
:106F7000C1E90034A6F50013B3F5400F09D2074B61
:106F80001B681A0A1B069C19054B42F10005C3E950
:106F9000004570BC03F074BB20130020FC1F0020D0
:106FA0002813002011B3BFF35B8F0123104A8340E5
:106FB00052E800CF4CEA030C42E800C10029F7D1A7
:106FC000BFF35B8F0B4A4FF480338340C2F8043326
:106FD000094BBFF35B8F1B68BFF35B8FC340DB07BD
:106FE00042BF064B4FF40032C3F80021704700BF88
:106FF000F81F002000100140F41F002000E100E015
:107000000D4B1868010A0006BFF35F8F0B4BD3F8D6
:107010000435181841F10001B3F5801F0AD2084B5E
:10702000D3E90023904271EB030303D210F1807087
:1070300041F10001704700BFFC1F0020001001401B
:10704000281300202DE9F04F85B016461F469DF805
:1070500040A00446FFF75EFF0190FFF7D1FFB0426A
:1070600071EB070354D23E4B301A67EB0101984293
:1070700071F100014FD23B4B03EB0413D3E9022320
:107080009F4208BF96425ED037494FF4803804F1E2
:10709000500508FA04F8AD00C1F848832046ADB2A7
:1070A00007F033F826F07F4B05F1804504F5A8730F
:1070B00005F58835DC464FF003090293029A2CF05F
:1070C0007F4341F82230C1F84483D1F80435274A80
:1070D0006FF00200C01A604420F07F40904232D925
:1070E000286868B1D1F804350393A3EB0B0020F0B6
:1070F0007F40B0F5000F26D9204607F006F8039B25
:10710000BAF1000F07D109EB030C09F10109D5E72A
:10711000BAF1000F09D06FF0150520460199FFF76D
:1071200041FF284605B0BDE8F08F0123104ABFF3A8
:107130005B8FA34052E8000F184342E8000100298A
:10714000F8D1BFF35B8F07490E98230101EB0412BE
:10715000C8500F9B5360C2E902670025DDE700BFFE
:10716000010080001013002000100140FDFF7F008F
:10717000F41F00207FB51C4C1C4BC4F80833C4F826
:1071800048331B4B00254FF0FF304FF0FF31C4F860
:107190000855C3E902014FF48033C4F80433154B9A
:1071A00002264FF400320121C4F804631120C3F811
:1071B00080212A46FDF7CEFE1120FDF79BFE0E4AE8
:1071C0000123A360236013600C4B0D4A0093CDE9AB
:1071D000015500232846FFF735FF3046FEF71CFB1C
:1071E000284604B070BD00BF0010014003000F002E
:1071F0001013002000E100E0F81F00205D6F000088
:10720000FFFF7F002DE9F7432F4CD4F80433990793
:107210000BD5D4F8043143B12C4A0023C4F804310F
:10722000D4F80431136801331360D4F80433DA035B
:1072300029D5BFF35B8F264B53E8002F22F00101C5
:1072400043E800100028F7D1BFF35B8FD30702D4C7
:10725000D4F84031BBB10025C4F84051D4F84031D6
:10726000FFF7CEFEEFF31182202383F31288BFF3E2
:107270006F8F184BD3E90267B042B94106D282F34F
:107280001188BFF36F8F03B0BDE8F0834FF0FF3874
:107290004FF0FF39C3E90289D3E900101D604FF4B4
:1072A0008033C4F84833C4F84051D4F8403182F3F5
:1072B0001188BFF36F8F0029E5D0009032463B461E
:1072C00028468847DFE700BF00100140FC1F002070
:1072D000F41F00201013002030B5431C124C85B061
:1072E00005D08442A8BF0446012CB8BF0124FFF793
:1072F00087FE0E4B0C4DD3E90013401AB0F5000F7A
:1073000010D22218AA4228BF2A4652184FF0000075
:1073100007490091CDE9010043F10003FFF792FE18
:1073200005B030BD2A46F0E7FFFF7F0020130020A4
:107330005D6F000008B5FFF763FE024B1B68C01AC3
:1073400008BD00BF201300204FF08053D3F8302138
:10735000082A06D1D3F83431052B02D8024AD05C72
:1073600070470020704700BF41190100024AD2F85F
:107370000034002BFBD0704700E0014010B54FF007
:107380008053D3F83021082A4ED14FF0804200219B
:10739000C2F80C11C2F81011C2F8381502F54042BB
:1073A000D3F80414C2F82015D3F80814C2F8241531
:1073B000D3F80C14C2F82815D3F81014C2F82C1501
:1073C000D3F81414C2F83015D3F81814C2F83415D1
:1073D000D3F81C14C2F84015D3F82014C2F8441591
:1073E000D3F82414C2F84815D3F82814C2F84C1561
:1073F000D3F82C14C2F85015D3F83014C2F8541531
:10740000D3F83414C2F86015D3F83814C2F86415F0
:10741000D3F83C14C2F86815D3F84014C2F86C15C0
:10742000D3F84434C2F87035FFF78EFF18B13A4BE9
:107430003A4AC3F88C26FFF787FF18B1384BFB2276
:10744000C3F81825FFF780FF70B14FF080414FF06F
:107450008053D1F8E42ED3F8583222F00F0203F013
:107460000F031343C1F8E43EFFF76EFF20B12D4B2D
:107470004FF40072C3F840264FF08053D3F83031F8
:10748000082B1AD14FF08043D3F80024D20744BF11
:107490006FF00102C3F800244FF08053D3F8343169
:1074A000052B02D8204AD35C3BB14FF01023D3F810
:1074B00008224FF08043C3F858254FF01023D3F82B
:1074C0000022002A03DBD3F80432002B22DA17490A
:1074D00001234FF01020C1F804351224FFF746FFB6
:1074E000C0F80042FFF742FFC0F80442FFF73EFF3A
:1074F0000023C1F80435FFF739FFBFF34F8F0C4964
:107500000C4BCA6802F4E0621343CB60BFF34F8FA9
:1075100000BFFDE710BD00BF0050004048810300E0
:1075200000F00040009002403B19010000E00140E3
:1075300000ED00E00400FA0530B50468CCB1BFF3FB
:107540005B8FB4FA84F3C3F11F03DBB201229A40CC
:1075500024EA020250E8005FA54204D140E8002C72
:10756000BCF1000FF6D1BFF35B8FE6D102480B7080
:1075700030BD0248FCE700BF0000AD0B0200AD0BC0
:1075800010B50368CB40DB0714D401238B4002689D
:10759000BFF35B8F43EA020150E8004F944204D1ED
:1075A00040E8001CBCF1000FF6D1BFF35B8FEED1B9
:1075B000014810BD0148FCE70000AD0B0400AD0B15
:1075C000014BC3F80405704700F00140F7B50546CC
:1075D000F8B101281BD104224FF4807301464FF00B
:1075E000804003440244C0F80813002601211160C2
:1075F0001E608D421B688DF8071008BF0DF107064D
:1076000042F210744FF0804745B1012D28D003B0ED
:10761000F0BD0C224FF482730221E0E7D7F8183452
:1076200003F480333EB9002BF1D0012006F089FD30
:10763000013CF3D1EBE7D7F8182402F003023260E3
:10764000002BE4D09DF80700012803D106F079FD56
:10765000013CD9D1012DDAD10C4B00225A71D6E769
:10766000D7F80C3403F480333EB9002BF4D001205A
:1076700006F067FD013CF3D1EEE7D7F80C2402F0E9
:1076800001023270002BDDD1E6E700BF00200020B0
:10769000044B1A7922B9012218609A800248704777
:1076A00002487047002000200000AD0B0C00AD0B1D
:1076B00008B5074B1B682BB10020FDF73DFC08B94E
:1076C000FDF718FC4FF080430022C3F8182508BDD1
:1076D0000020002010B510B1012843D010BD4FF09C
:1076E0008043D3F81814D3F81824C80321D502F026
:1076F0000303012B04D013B10020FFF767FF002321
:107700004FF080420220C2F8183508224FF48273ED
:1077100003F180430021196002F180421C680124BA
:107720001460154A12680AB34FF08043C3F804038B
:10773000D4E7D3F81424D107E1D5D3F81C24920759
:10774000DAD40D4A12681AB10222C3F80423C5E73D
:10775000D3F80421002AFBD00022C3F80421D3F877
:107760000431BBE700224FF48073D1E71A68002A86
:10777000FCD019601B68B1E700200020F8B54FF07D
:1077800080431C4ED3F804430125002704B9F8BDFB
:10779000B4FA84F0C0F11F00830003F580739BB23C
:1077A00003F1804305FA00F2196892B224EA020458
:1077B0000029EBD01F601B684FF08043012AC3F8FB
:1077C000082305D0022A08D03368C0B29847DDE705
:1077D0007379002BDAD17271F6E7D3F81814D3F865
:1077E00018148907F0D1C3F81855C3F804239D6015
:1077F000CCE700BF00200020036803F01F025B09F4
:10780000026004D0012B034818BF002070474FF0DE
:10781000A040704700030050034A430900F01F00D6
:10782000D35C1844C0B270474719010070B50546D3
:10783000FFF7F2FF0C4C08300E4634F81030DA0532
:1078400008D5C3F3432304EBC302284654F833306E
:1078500052689847A3682BB1E26831462846BDE8D4
:107860007040184770BD00BF8406002008B5FFF7C0
:10787000D3FF034B083033F81000400B08BD00BFA6
:107880008406002008B5FFF7C7FF034B083033F824
:107890001000C0F3400008BD8406002008B5FFF7C3
:1078A000BBFF034B083033F81000C0F3401008BD95
:1078B00084060020034611F0010010B5CCB20DD1B2
:1078C000A207C4F3400012D5094AD2F82005586037
:1078D000C2F82005003818BF012008E04FF0A04191
:1078E000D1F820251A60C1F82025002AE8D010BD63
:1078F0000003005010B5FFF78FFF124A083032F82E
:107900001030D9051CD5C3F3432123F4F85322F8D2
:10791000103002F10E04002034F8023F13F4807F8F
:1079200003D0C3F3432399420AD001303028F3D166
:10793000002342F831300448BDE81040FFF720BE74
:1079400010BD00BF84060020FC060020F0B50546EF
:1079500000200446012607468C420BD1114BD3F878
:107960007C2132B10022C3F87C21D3F87C3140F075
:107970000040F0BDE3B29B0003F580729B0806FA5D
:1079800003F31D420BD002F1804202F5C042D2F84F
:1079900000C0BCF1000F02D0176012681843013418
:1079A000DAE700BF00600040F7B506460846FFF77B
:1079B00033FF194F00F108050C4637F81530DB0787
:1079C00027D5304606F036FC2046FFF767FF40B16A
:1079D0002046FFF74BFF316800F5A270002341F805
:1079E00020302046FFF786FF002301A827F8153036
:1079F0000194FFF701FF019B00EB8300074BD0F8D8
:107A00000027134043F00203C0F80037044803B0D6
:107A1000F0BD0448FBE700BF84060020F0F8FCFF3F
:107A20000000AD0B0400AD0B2DE9FF41164680466A
:107A30000846FFF7F1FE0D463168044609B32846B3
:107A4000FFF720FF18B12846FFF728FF10BB0023DF
:107A5000CDE900338DF80E308DF80F300DF10F02A7
:107A60000B4628460DF10E0106F07BFB474A04F158
:107A7000080132F8113023F0020343F0010322F829
:107A80001130736863B328461F785968FFF7FAFE10
:107A900010B1D1B13E4826E03C4A04F1080032F86A
:107AA000103023F02003DB04DB0C22F8103061B12E
:107AB000032FEFD87168496891F800C0D8F800101A
:107AC000A7B90CF5A27C41F82C70304A04F10801EA
:107AD00032F8113023F01C0343EA870322F81130F7
:107AE000B3684BBB2B4804B0BDE8F08101EB8C01BF
:107AF00043EA4C33D1F810E52EF0030EC1F810E53F
:107B0000D8F8001001EB8C0E43F02003DEF81015BE
:107B100022F8103021F44F3121F44071CEF81015C5
:107B20002902DEF8108501F47C5141EA074141EA5F
:107B30000801CEF81015C8E7D3E900672846FFF71B
:107B4000D9FE002ECED0114DD5E90023964203D1A7
:107B50009F4201D1002209E00F480DF10F01FFF70C
:107B6000EBFC0C4B9842BED19DF80F2045F83260DB
:107B700005EBC20308345F6035F8143043EA422352
:107B800043F4807325F81430ACE700BF840600206E
:107B90000400AD0B0000AD0BFC0600202DE9F04306
:107BA0000C4685B08046204611461E46FFF734FE3F
:107BB000054629B32046FFF765FE18B92046FFF7B2
:107BC0006DFE18BB314F05F1080937F8193013F075
:107BD0001C0F02D04B78012B18D001238DF80F30E9
:107BE0000023CDE900134A1C8B1C20460DF10F0128
:107BF00006F0B7FA37F8193043F0030327F81930C5
:107C0000002E41D02046FFF73DFE18B9204805B0B0
:107C1000BDE8F08396F800C0D8F800301B4F0CF593
:107C2000A272002143F8221005F1080237F8121061
:107C300021F02001C904C90C27F8121075781DB372
:107C4000D8F80000B67800EB8C002D04D0F8103581
:107C500023F4991323F4F853C0F81035230203F4E6
:107C60007C5305F440353605D0F810E52B4306F477
:107C7000801641EA4C31334341F0200143EA0E03C0
:107C800027F81210C0F810350248C0E7840600201B
:107C90000400AD0B0000AD0B014BC3E902127047AD
:107CA0008406002010B508461446FFF7F7FD50B1D2
:107CB0000846FFF7B1FD054B083033F81030044893
:107CC0005B0B237010BD0348FCE700BF8406002057
:107CD0000000AD0B0400AD0B70B5164D95F880405B
:107CE00006462CBB2146602205F1100006F0F2FF8B
:107CF00030682E6F21468E420ED10023C0F87C31B1
:107D0000D0F87C3140F30730FDF7F4F801230A483E
:107D100085F88030AB6770BDCBB29B0003F58072F5
:107D20007C2B08BF845001F1010108BF8358E2E7B2
:107D30000248F0E7840600200000AD0B0C00AD0BFC
:107D4000034B93F88000003818BF0120704700BF34
:107D5000840600200148FFF713BC00BFF80600208E
:107D60000148FFF7E9BB00BFF806002073B50368C0
:107D70001646D3F80423002AA8BF4FF00042054658
:107D8000A8BFC3F8042308460C46FFF787FD00B3DD
:107D90000846FFF777FD0146D8B92046FFF766FD94
:107DA00004B2A40004F58072034628688150296853
:107DB00082582144D1F8102542F00102C1F8102563
:107DC0002EB12968012202FA03F3C1F8043302B08C
:107DD00070BD2046FFF720FD0F4B083033F8103000
:107DE000C3F38203042B12D0052B12D001A80194F7
:107DF000FFF702FD019AD0F81035D34003F00103DC
:107E0000991C204602B0BDE8704006F0F3B903218A
:107E1000F7E70221F5E700BF840600202DE9F04FC7
:107E2000694BDFF8A881D3F80403D8F87010C0B20A
:107E300089B040F00040FFF789FD051E2FDAC246E9
:107E400000235AF87C1F06A8CDE90633FFF732FD60
:107E50005F4B01930DF118094FF0000B019A12F8D6
:107E6000013B0192DA0803F007031AF8022022FA14
:107E700003F3DA071CD409F10409BBF1000F14D095
:107E8000D8F870104FF00040FFF760FDD8F87C1074
:107E900006A8FFF70FFD0028DAD125F000450124E0
:107EA000002D79D109B0BDE8F08F4FF0010BD5E777
:107EB000484B5B440293D9F800100029DBD0029BA9
:107EC00091FAA1F11C78B1FA81F141EA44142046FB
:107ED000FFF7A2FC0830059438F81070C808BB08FA
:107EE00019F80020039301F00701012303FA01F1BF
:107EF00022EA010209F8002005A8FFF77DFC059A97
:107F0000039B02F5E072C7F3820650F822205B075C
:107F10003746C2F3014224D520463946D6B2FFF790
:107F200085FC05A80594FFF767FC059B03F5E07346
:107F300050F82330C3F301439E4207D1002120466D
:107F400006F058F93146204606F054F905A8059484
:107F5000FFF752FC059B012202FA03F3C0F820351B
:107F6000A9E7022A0CD10321204606F043F906F0C6
:107F70000503012BEAD139462046FFF757FCE5E718
:107F800002212046039206F035F9032EF3D0039A1E
:107F9000032ADBD1022EEDE795FAA5F3B3FA83F3BA
:107FA00004FA03F29B0003F1804303F5C04325EA82
:107FB0000205D3F81005D3F81015C0F30520C1F35E
:107FC0000141FFF733FC6BE70060004084060020AE
:107FD000571901005719010001460148FFF7ACBAD3
:107FE00008070020036803F01F025B09026004D049
:107FF000012B034818BF002070474FF0A040704786
:108000000003005007B5019001A8FFF7EBFF019BAB
:1080100000EB8300054BD0F80027134043F0030327
:10802000C0F8003703B05DF804FB00BFF0F8FCFFB8
:1080300073B5CB7B0446002B38D10B7B0878012B22
:1080400077D806F02FF90B78019301A8FFF7CAFF44
:10805000019B00EB83003C4BD0F80027134043F01A
:108060000103C0F800374878FF2804D006F01AF959
:108070004878FFF7C7FF8B78FF2B0FD001A88D7BC7
:108080000193FFF7AFFF019B00EB83002E4BD0F86D
:108090000027134043EA8503C0F80037C878FF285B
:1080A00004D006F0F2F8C878FFF7ACFF2379274830
:1080B000CA78282505FB03039A770B7C9BB94B787C
:1080C00025680E78FF2B18BF1A468B78C5F808650F
:1080D00008BF4FF0FF32FF2B08BF4FF0FF33C5F84A
:1080E0000C25C5F8103523688A68C3F824254B7B16
:1080F0000A7B2568003B18BF0123022A1CD0032AF3
:108100001DD0012A01D143F00203C5F8543523796B
:108110004979282202FB0303D97723795343C358B3
:1081200083B1206840F3073002B0BDE87040FCF72F
:10813000E1BE06F0AAF886E743F00403E5E743F062
:108140000603E2E702B070BDF0F8FCFF0820002053
:1081500007B5019001A8FFF745FF019B00EB8300E5
:10816000054BD0F80027134043F00203C0F8003756
:1081700003B05DF804FB00BFF0F8FCFF2DE9F0410F
:1081800090F80480144C4FF0280C0CFB08FC04EB16
:108190000C06074696F81CE0BEF1000F19D144F812
:1081A0000C20736041B1CB7B86F82530CB78B37758
:1081B0004B79F377FFF73CFF3A6808480123C2F890
:1081C0000035282202FB0844002262772377BDE8AD
:1081D000F0810348FBE700BF082000200000AD0B42
:1081E0000C00AD0B70B50679194C05682823734354
:1081F000E35833B145F30730FCF78AFE0423C5F892
:1082000008330023C5F80035282303FB064393F801
:108210002530BBB9D5F80805FFF79AFFD5F810054A
:10822000421C01D0FFF794FFD5F80C05431C01D088
:10823000FFF78EFF282303FB0643987FFF2801D01A
:10824000FFF786FF282303FB06440023237770BD36
:10825000082000202DE9F8430779394C28237B4377
:108260009046E2180E46517F8146002966D1E358B8
:108270000BB10123537796E80F00282505FB07452E
:1082800005F10C0C8CE80F00A87F0023FF2885F86F
:10829000243001D006F006F82823B8F1000F06D0EC
:1082A00003FB0743002227485A77BDE8F883D9F833
:1082B000005003FB07430422C5F80823C3F82080BD
:1082C000C5F80881D5F8082172689AB133681B781F
:1082D000C5F81C357368012B0ED933685B78C5F877
:1082E0001C3528237B43E65876B10423C5F80433B4
:1082F0001548DAE7DB7FEBE7F368012BF1D9282398
:1083000003FB0743DB7FEAE707EB870104EBC101CF
:10831000D5F80831002BFBD0C5F808612846D5F800
:10832000083105F0CCFF0028F2D1282303FB0744D5
:10833000A07FFF28DCD005F0A8FFD9E70348B4E709
:10834000082000200300AD0B0000AD0B0B00AD0BAF
:1083500010B54FF040200023C0F808310A49D0F88A
:10836000083105F0ACFF68B9887FFF2801D005F01F
:108370008CFF00234B770B72BDE81040D1E9003130
:108380000248184710BD00BF082000201020002020
:10839000036803F01F025B09026004D0012B03484D
:1083A00018BF002070474FF0A040704700030050F6
:1083B000012370B504460D46436164260022022164
:1083C000204605F0C4FF20B9012005F0BAFE013EA9
:1083D000F4D100236B774FF08051D1E94C1208297A
:1083E0001AD1052A18D80E498A5CAAB14FF0FF327B
:1083F000D4F80805D4F80C15C4F80035C4F80825DD
:10840000C4F80C250922C4F80025C4F80035C4F8C6
:108410000805C4F80C1570BD0023C4F80035FAE750
:10842000591901000F4B984219D00DD80E4B9842A4
:1084300015D007D80D4B984211D00D4BC31A584296
:10844000584170470B4BF9E70B4B984207D004D8C3
:108450000A4B984203D00A4BF0E70A4BEEE70120A3
:10846000704700BF80841E0020A1070048E801007B
:1084700090D0030040420F000024F40000093D00AA
:1084800000127A000048E80173B51646421C1C46EB
:108490000546069B18D0012902D1BBB105F095FF16
:1084A00001A80195FFF774FF019B00EB83002402F4
:1084B000D0F80027074B44EA86040C4313401C43C2
:1084C00044EA4101C0F8001702B070BD05F08AFF10
:1084D000E6E700BFF0F8FCFF2DE9F04F91F82130FE
:1084E00090F804A085B007460C46002B00F0B4803D
:1084F00091F8223003934FF001086569784B9D4253
:1085000000F0C48000F2B480764B9D4200F0C18040
:1085100000F2A680744B9D4200F0BE80734B9D42DA
:108520000CBF4FF080654FF08045DFF8C49194F8A0
:108530002300242202FB0A93997F60F300019977BC
:108540003B79217C02FB03939A7F61F341029A7786
:1085500094F82360002E32D16269664B9A420CBFB8
:108560004FF0030B4FF0000B237E012B94BF002331
:108570000123009320685B4632460121FFF784FF08
:10858000009660685B4632460121FFF77DFF00964A
:10859000A27EA0685B463146FFF776FF237C83F01E
:1085A00001030093E0685B4632460121FFF76CFF50
:1085B00001210091E0695B463246FFF765FF242305
:1085C000B8F1000F71D003FB0A934FF0FF321A622B
:1085D000A07C217E627EE66894F8108094F824E006
:1085E00094F820C03B68BEF1000F13D1D4E900BA63
:1085F000D4F808E0E469C3F808B5C3F80CA5C3F8DB
:1086000010E5C3F86C45039CC3F81465C3F868858E
:10861000C3F86445003A18BF01220229C3F8C00517
:10862000C3F8245553D0032954D0012901D142F075
:108630000202C3F85425C3F860C53B792422534392
:1086400059F80330002B48D0386840F3073005B0A4
:10865000BDE8F04FFCF74EBC9846022303934CE76D
:10866000254B9D420CBF4FF080554FF080455CE795
:10867000224B9D4213D01F4B9D4213D0204B9D4255
:108680000CBF4FF000454FF080454EE74FF00055CE
:108690004BE74FF0006548E74FF0007545E74FF0B6
:1086A000206542E74FF0A0553FE703FB0A9AE268D6
:1086B000CAF82020227C9AF81E3062F341038AF81F
:1086C0001E30A07C217E627E4FF0FF3686E742F0AE
:1086D0000402AEE742F00602ABE705B0BDE8F08F5A
:1086E00080841E0020A1070048E8010090D003000C
:1086F000342000200048E80140420F000024F4002C
:1087000000127A00431C07B50ED0019001A8FFF7B4
:108710003FFE019B00EB8300054BD0F80027134080
:1087200043F00203C0F8003703B05DF804FB00BF5C
:10873000F0F8FCFF2DE9F8430746144C97F8048045
:10874000242505FB08F504EB05091E4699F81C30A5
:10875000C3B999B14869FFF765FEA8B138466251BF
:10876000C9F80460FFF7B8FE242303FB0844002384
:108770006377074801232377BDE8F8836251C9F87E
:108780000460F1E70348F7E70348F5E734200020E9
:108790000000AD0B0C00AD0B0400AD0B2DE9F0415A
:1087A000044606790068214D40F30730FCF7B0FB22
:1087B00024237343EB5853B123681D4AC3F808239D
:1087C00006EBC601206805EB8101FFF7F1FD2421CE
:1087D000236801FB0651D3F80805D3F80C75D3F8CC
:1087E00010858B7FDB0714D4FFF78CFF4046FFF723
:1087F00089FF3846FFF786FF086AFFF783FF236883
:10880000D3F86C05D3F81415FFF77CFF0846FFF783
:1088100079FF2368074A934204BF01225A60242348
:1088200003FB065500232B77BDE8F08134200020A0
:108830005201080000F002402DE9F0430779DFF80B
:10884000AC8124237B43164608EB03020D46517F7F
:1088500085B08146002940F0C68058F8033023B126
:1088600016F0140F04BF0123537795E80F0024245A
:1088700004FB078404F10C0C8CE80F00206A431CF5
:1088800004D0A37F99071AD505F09FFD2968D9F870
:10889000004021B101F06043B3F1005F06D1AB6845
:1088A00083B103F06043B3F1005F0BD0242303FBDB
:1088B000078300224E485A7705B0BDE8F08305F0E3
:1088C00091FDE3E74B4B9C4224D14FF080436A6813
:1088D000D3F8000E484B1860E2B1484821F4FF532A
:1088E00023F01F0383426ED85018DFF814C1C3F37E
:1088F0004F3101228A40002103F50053984241EA9A
:1089000002014FEA420201D96345F5D34FF080439B
:10891000C3F8001E16F0010318BF0123C4F8503538
:1089200016F0020318BF0123C4F8403595E80F0084
:10893000EC468CE80F00039BC4F84405C4F84815C6
:10894000C4F83425C4F838350023C4F81831D4F8F5
:10895000183116F008054FF00703C4F800350FD1A1
:1089600024237B4358F803200123236142B9D4F820
:108970001831002BFBD062464021204605F0E7FC71
:1089800024237B4358F803301BBB1A4B9C4201BF86
:10899000194B1A684FF08043C3F8002E242303FBC1
:1089A0000783186A421C04D09B7F9B070ED505F0F5
:1089B00019FD35B907EBC70708EB87012046FFF71C
:1089C000F7FC104878E74FF480719FE705F0FDFC55
:1089D000EFE716F0040F4FF0400314BFC4F808335C
:1089E000C4F80433EDE7084866E700BF34200020F0
:1089F0000A00AD0B00F0024030200020FFFF0020F5
:108A0000002001200000AD0B0B00AD0B10B5134A88
:108A10001348402105F09BFCF8B1124B124C1A6828
:108A20004FF08043C3F8002E206A421C04D0A37F7D
:108A30009B070FD505F0D6FC637F1BB10A49084898
:108A4000FFF7B6FC002323720848D4E90031BDE8E3
:108A50001040184705F0B9FCEEE710BD402000209B
:108A600000F0024030200020342000203C20002074
:108A700008B5124BA8220021184606F02BF9032254
:108A800002610F4942610F4A8161C2614FF4806205
:108A90000262002282624262C26201660A49416643
:108AA00010218166094902670346C266426711F8D0
:108AB000010D98540132102AF9D108BD100400208C
:108AC0005F1901001000002000000020781901004B
:108AD0002DE9F84FDFF87C80182606FB008E00FB9E
:108AE00006664644DEF82440DEF828C07368A445D4
:108AF00007468946154603EB040022D8DEF820B06D
:108B0000ABEB040A0AF1FF339A4203D806F0BAF835
:108B10002C440FE063449A4219D852462C4406F084
:108B2000B1F8B4EB0B0405D07068224609EB0A01DA
:108B300006F0A8F8182303FB078301205C62BDE858
:108B4000F88F0CF1FF3CACEB040C9445DED2002016
:108B5000F5E700BF10040020034B182202FB00338E
:108B60009A6A586A801A70471004002010B4084AA4
:108B700008490023C85C12F8014D844204D1013336
:108B8000102BF7D110BC704710BCFFF771BF00BFAE
:108B9000781901001004002008B5054803685B0738
:108BA00003D0044A012105F076FC002008BD00BF77
:108BB000F00700207919010008B5054803685B0734
:108BC00003D0044A012105F066FC002008BD00BF67
:108BD000F007002099190100F0B504460E464568DB
:108BE00085B000213046174606F074F8606840F200
:108BF0006762002305F09CFC28B9606805F082FCE0
:108C00004FF0FF351FE060680121303005F066FC51
:108C1000CDE9006729460126CDF808D0039651F822
:108C2000040B836800221D6802ABA847054668B1A3
:108C3000134803685B0704D0124A2B46314603F001
:108C4000F6FA6FF00105284605B0F0BD606840F205
:108C50006762002305F024FC0028CED0606805F090
:108C600051FC052005F054FC606840F26762002367
:108C700005F05EFC0028C0D0606805F043FCE2E728
:108C8000F0070020B419010037B504220D460DEBA2
:108C90000201FFF7A1FF044650B1074803685B07D4
:108CA00003D0064A012105F0F6FB204603B030BD93
:108CB000019B2B60F9E700BFF0070020C8190100F5
:108CC0002DE9F04107464568D0F81080404605F090
:108CD00004FD286805F051FC4E4E60B933685A0710
:108CE00004D04D4A4B48012105F0D5FB6FF012042A
:108CF0002046BDE8F081E86818B105F037FC00288F
:108D0000ECD0286B05F1300405F030FC20B9336855
:108D10005B07EBD0414AE5E720464FF4202105F000
:108D200080FB044648B133685F07E1D03C4A034604
:108D30003848012103F07BFADAE7286A05F12004BC
:108D400005F014FC20B933685E07CFD0354AC9E777
:108D500020464FF4202105F064FB044628B1336817
:108D60005D07C5D0304A0346E2E7A86905F118045B
:108D700005F0FCFB20B933685807B7D02B4AB1E7A0
:108D800020464FF4803105F04CFB044628B133688F
:108D90005907ADD0264A0346CAE7A86A05F1280458
:108DA00005F0E4FB20B933685A079FD0214A99E7C0
:108DB00020464FF4803105F034FB044628B1336877
:108DC0005B0795D01C4A0346B2E77F68203701460F
:108DD000384605F083FB0A2005F09AFB012138464E
:108DE00005F07CFB322005F093FB012388F814305A
:108DF000AB6BC8F81830336888F8154003F00703E8
:108E0000022B7FF675AF0D4A0248032105F043FBA4
:108E10006EE700BFF0070020E6190100FB19010012
:108E20000E1A01002F1A0100421A0100631A0100F4
:108E3000761A0100971A0100AB1A0100CD1A010041
:108E4000F0B5456885B004461646002340F26762D7
:108E500028460F4605F06CFB28B9606805F052FB08
:108E60004FF0FF351FE060680121303005F036FB20
:108E7000CDE9007629460126CDF808D0039651F8B1
:108E8000040B836802AA1D680023A847054668B141
:108E9000134803685B0704D0124A2B46314603F09F
:108EA000C6F96FF00105284605B0F0BD606840F2D4
:108EB0006762002305F0F4FA0028CED0606805F060
:108EC00021FB052005F024FB606840F26762002367
:108ED00005F02EFB0028C0D0606805F013FBE2E728
:108EE000F0070020ED1A010073B50669337D0446D2
:108EF0000D463BB34FF0FF324FF0FF33304600F0EA
:108F0000B5FC012D17D0022D17D0C5B90F4B1A880B
:108F1000ADF804209B788DF806302046032201A985
:108F2000FFF78EFF044600B97575304605F0EEFA7E
:108F3000204602B070BD064BE9E7064BE7E76FF04D
:108F40008504F2E76FF01204F2E700BF021B010094
:108F500004F40000061B010073B504238DF805100E
:108F600016460DEB0301022205468DF80430FFF78B
:108F700067FF044650B1084803685B0703D0074AFF
:108F8000012105F088FA204602B070BD314628461E
:108F9000FFF77AFE0446F6E7F00700200A1B0100FF
:108FA0002DE9F04F076997F814808BB005460E46FF
:108FB000B8F1000F00F06D81002900F06A81072AE6
:108FC00040F267814FF0FF324FF0FF33384600F038
:108FD0004DFCB14B1A88ADF81C209B788DF81E30E3
:108FE000032207A92846FFF72BFF044630B1384675
:108FF00005F08CFA20460BB0BDE8F08F1623022254
:1090000004A92846D5F810B0ADF81030FFF718FFC6
:1090100004460028EBD105F030FA059481468A46D3
:1090200005AA02212846FFF797FF04460028DED153
:10903000059C14F400741BD105F01FFADBF81830FE
:10904000B0EB090061EB0A01834274EB01010BDA1A
:10905000924803685C0702D14FF0FF34C7E7904A9B
:10906000012105F018FAF7E7052005F051FAD7E7D6
:109070004FF4407307930622022307A92846ADF850
:109080002030FFF7DDFE04460028B0D1DFF814A23F
:10909000DAF80300BAF807300790062207A9284635
:1090A000ADF82030FFF7CCFEDAF8090007900AF19E
:1090B000090300930622BAF80D30ADF8203007A955
:1090C0002846FFF7BDFEDAF80F00BAF81330079014
:1090D000062207A92846ADF82030FFF7B1FEDAF8DE
:1090E00015009AF819300790052207A928468DF82F
:1090F0002030FFF7A5FE0AF1030B0AF10F09DFF894
:10910000A8A100F0C9FF002304AA13212846049354
:10911000FFF722FFF0B9049AC2F308020A2A1CD80A
:10912000002A6CD013B20A22ADF8142005A902223D
:1091300028460193FFF784FE019B80B1574B1B68C3
:10914000590704D0594A5548012105F0A4F90134C2
:10915000102CD6D14FF000081CE00A23E3E71A4692
:1091600007A92846FFF738FD30B14C4803685A0775
:10917000EDD04F4A0121E8E79DF81C30002B3ED18D
:10918000731E0DF12602073612F8011D03F8011FA8
:10919000B342F9D11723022203A92846D5F810902B
:1091A000ADF80C30FFF74CFE824610BB05F065F9B8
:1091B000CDF810A004460E4604AA02212846FFF767
:1091C000CBFEB0B9049B13F4807A58D105F055F961
:1091D000D9F81830001B61EB060183427AEB0101DC
:1091E00049DA2E4803685B0703D0324A012105F0B3
:1091F00052F9384605F08AF908F1FF34FAE60F2CE7
:10920000A8D0009B186805909B88ADF818300622FE
:1092100005A92846FFF714FED9F80000B9F8043074
:109220000590062205A92846ADF81830FFF708FE7C
:10923000DBF80000BBF804300590062205A928469B
:10924000ADF81830FFF7FCFDDAF80000BAF804308A
:109250000590062205A92846ADF81830FFF7F0FD65
:1092600038B90923022203A92846ADF80C30FFF7CC
:10927000E7FD013445E7052005F04AF99CE70E4B70
:10928000ADF81800062205A928460593FFF7D8FD7A
:10929000AFE76FF00304ADE6021B0100F00700200A
:1092A0002F1B010004F40000BB1B0100541B010034
:1092B000751B0100951B010000030001034A044BCC
:1092C00002609B1A1820B3FBF0F0704710EF00000B
:1092D000B8EF000010B50446F8F768FB05480368CE
:1092E0005B0703D0044A012102F098FF204605F0F5
:1092F0004FF900BFEC070020D21B01002DE9F04719
:10930000044600AF0D46EFF31189202383F3128842
:10931000BFF36F8FDFF8CC80334AD8F800309668FF
:1093200059075BD0042898BF304B117C94BF53F889
:1093300020302F4BEA468AB06A462E48C2E90731F0
:1093400040F2013393842C4BC2E9050442F8103FEC
:10935000244800234FF43151F8F7E8FCD54665B1B5
:10936000EB69D8F80020C3F3080333B152071ED0CD
:10937000224A1C48012102F051FFD8F800305B0757
:1093800015D016BB1E48E8468AB06A461D4BD06110
:10939000C2E9053640F2013313841B4B42F8103FFB
:1093A000104800234FF41151F8F7C0FCC546294678
:1093B0002046FFF78FFF89F31188BFF36F8F304688
:1093C000FBF73CFDBD46BDE8F087304605F0A2F94D
:1093D0000028D7D00378002BD4D0D4E7002DBFD1FC
:1093E000E5E700BFEC0700207420002010FB000020
:1093F000E11B0100F71B0100050000011F1C01001B
:10940000EF1B0100401C01000400000138B5094BAE
:1094100053F82040013053F82050A54200D838BD01
:10942000636823B1204605F0BBF80834F5E72368EC
:109430009847FAE724FB000070B52B4B2B4C2C4DC2
:10944000012286B003201A70FFF7E0FFFBF730F827
:1094500005F0C2F80420FFF7D9FF2646AE4204F11A
:10946000300410D300F0C8FD204C224EAC4226D36D
:1094700000F0D6FDF7F7B6FA1F4A137B23F001037D
:10948000137306B070BD54F80C3C059354F8103CAF
:10949000049354F8143C039354F8183C029354F882
:1094A0001C3C019354F8203C009354E90A2354E9EE
:1094B0000C0100F085FB54F8303C5E65CDE7D4E943
:1094C0000A23B3F1FF3F08BFB2F1FF3F05D052EAD4
:1094D0000301206803D100F081FE3034C6E7314635
:1094E000183001F057F8F8E7F322002038F10000B7
:1094F00038F1000029E80000E813002008B503480F
:10950000034A0021121A05F063F808BD180900206B
:10951000F822002070B5174E174D184986B0B823B1
:1095200003FB0066164B059301220F23CDE903329E
:109530000023CDE90133142303FB005504464FF407
:10954000C07000FB04110F4B00954FF4A072304621
:1095500000F036FB737B0C4AEE6023F00403737358
:109560004FF4046304FB033313442C746B6006B0A4
:1095700070BD00BF30130020742000204047002041
:10958000A21C01009BE60000003F0020BFB50020A8
:10959000FFF73CFF2D4B83F308882D4D2D4E6B6953
:1095A0002D4F43F400736B610024E02385F82230D3
:1095B000EC772C766C76AC7685F820406B6A43F4B9
:1095C000E0236B6285F82340FBF7ACFBFBF74AFD19
:1095D0004FF0FF33AB62EB62FBF726FEFBF766FD55
:1095E000F8F732F91D4BB36040F201129A81C3E9DA
:1095F0002644C3F8A44004F0BFFF0120FFF706FF94
:109600000220174DFFF702FF00F03EFD154B75617C
:109610000593012314490094CDE903434FF480627C
:109620003B46CDE90144284600F0CAFA6A7B06466B
:1096300022F0040228466A7305F0B9F82046FFF7C5
:1096400069FF3A4631462846FBF7ECFC40470020CC
:1096500000ED00E07420002039940000A0140020E8
:10966000E8130020BFFF0000C048002038B5064CBA
:10967000064D0020AC4200D338BD204604F0ADFFBB
:109680000028F9DB1C34F5E70C0800200C0800204A
:1096900073B50C46EFF31181202585F31288BFF3D3
:1096A0006F8FC5685DB125602B68C3608369013326
:1096B0008361002081F31188BFF36F8F11E052EABC
:1096C000030603D125606FF00B00F3E7CDE900231B
:1096D0000246083000F0F0FB18B9034B9B685B6949
:1096E000236002B070BD00BF742000202DE9F3415B
:1096F00004460E4600F10807EFF31188202181F39C
:109700001288BFF36F8F006AE168884232D2256801
:10971000AC4217D0B5B1284604F0CAFF05F11800D5
:1097200005F0F9F8A26868693146002405F0AAFA44
:10973000C5F8B040284605F03AF84146384600F0F2
:1097400035FC25E0A268E069314605F09BFAE36943
:10975000A26813446269E361934204BF2369E36131
:10976000236A0133236204F12400102105F036FA44
:109770000024E2E752EA03010ED00949896838461D
:109780004E61CDE900234146224600F095FB044698
:10979000204602B0BDE8F0816FF02204CDE700BFA3
:1097A00074200020F7B5044604F108070846EFF3DB
:1097B0001186202181F31288BFF36F8F216A00295F
:1097C0003AD0A268A16905F05DFAA369A26825688C
:1097D00013446269A361934204BF2369A361236AAE
:1097E000AC4203F1FF33236234D02846002D32D03F
:1097F00004F05EFF05F1180005F08DF8A2686969B4
:10980000E06905F03FFAE369A26813446269E36125
:10981000934204BF2369E361236A01332362002476
:109820002846C5F8B04004F0C2FF3846314600F083
:10983000BDFB204603B0F0BD52EA030110D00A4937
:1098400089684861CDE9002331462246384600F058
:1098500033FBEFE7002086F31188BFF36F8FE9E752
:109860006FF02200F7E700BF742000202DE9F341DC
:10987000044617461E46EFF31188202383F312880F
:10988000BFF36F8FC368334A7BB1806891688842A9
:1098900019D057EA060318D188F31188BFF36F8FE8
:1098A0006FF00F0002B0BDE8F081916891F90E10E1
:1098B00021610133E3609368A36088F31188BFF3EB
:1098C0006F8F0020EEE72169F2E791F90E1090F911
:1098D0000E309942A8BF19466FF07E029142B8BF80
:1098E00011468B422DDD04F0F0FE0546CDE90076F1
:1098F00019482246414600F0DFFA0028E1D0EFF394
:109900001186202383F31288BFF36F8FA068D0B134
:10991000236821699C420AD04BB193F90E309942D9
:10992000A8BF19466FF07E039942B8BF194604F0EC
:10993000CCFE40B10848314600F038FB6FF00A0019
:10994000B0E70025D2E7002DF4D186F31188BFF3EC
:109950006F8FF3E774200020F4220020F8B58368AD
:109960000546002B40D0234A926893423FD1C368FA
:10997000012B03D9013BC3600020F8BDEFF3118731
:10998000202383F31288BFF36F8F0169806804F08E
:109990009CFE2C68AC4207D10023C5E9023387F353
:1099A0001188BFF36F8FE7E7002CF5D0D4E90032C0
:1099B00013605A60637B002623F002036373C4E9DB
:1099C0000066A66004F1180004F0A5FFAC6094F9ED
:1099D0000E302B612046C4F8B06004F0E8FE064863
:1099E000394600F0E3FAC7E76FF01500C5E74FF01E
:1099F000FF30C2E774200020F422002070B5EFF39E
:109A00001186202383F31288BFF36F8F0468A0426E
:109A10001BD0D4B1D4E9003213605A60637B0025B7
:109A200023F00203C4E900556373A56004F1180034
:109A300004F071FFC4F8B050204604F0B8FE31467F
:109A40000748BDE8704000F0B1BAD0E902329A424E
:109A500018BF013383600221103005F0BFF8EEE734
:109A6000F422002013B5EFF31181202484F312882F
:109A7000BFF36F8F846844B1013C846081F3118827
:109A8000BFF36F8F002002B010BD52EA030406D16D
:109A900081F31188BFF36F8F6FF00F00F3E7CDE90B
:109AA00000230246014800F007FAECE7F422002008
:109AB0002DE9F0410546EFF31187202383F3128847
:109AC000BFF36F8F00266FF00A082C68A54215D0EF
:109AD000A4B1D4E9003213605A60637BA66023F01E
:109AE0000203C4E90066637304F1180004F013FF75
:109AF000C4F8B080204604F05AFEE6E7002305F1E2
:109B00001000AB60022105F069F839460248BDE853
:109B1000F04100F04BBA00BFF422002010B504461B
:109B200008B9054B9C681F2204F1780005F009F97B
:109B3000002084F8970010BD742000202DE9F84F14
:109B40000C46A1B39AB390F80D90DFF86880571EC9
:109B50000846B9F1000F25D0DFF85CA00025B8F861
:109B600004B019EA0B0F19D0B8F80630D8F8001075
:109B70007E1B9E4228BF1E46324605F083F82E44C7
:109B800039EA0B0904EB06000CD0BD1B012D28BFE0
:109B900001252A46514605F075F8354408F10808B4
:109BA0006019DCE7002303702046BDE8F88F034806
:109BB000FBE700BF3CFB0000AA1C01007F04010082
:109BC0002DE9F04FD51D85B025F0070504461F4649
:109BD0007F3500F15803C0E9163325F03F05129B8D
:109BE000237300200E46119BDDF838B0DDF84C8061
:109BF000A06004213F2DC4E906006173A373E073E4
:109C000006F1400AA5F1400905D880F31188BFF399
:109C10006F8F084602DF4A463544AA21504605F0B8
:109C200059F829462046FAF7B1FD0730109B20F07D
:109C30000700C4E926A9C4F8A00002930F9B2D1ABF
:109C4000CDE900B32A463B4631462046FBF7B6F93C
:109C50000F9BE3664FF00009109BC4F85490C4E9D1
:109C6000197B2367EFF31182202181F31288BFF360
:109C70006F8F104E316A6167346282F31188BFF3CF
:109C80006F8FB8F1000F11D01F22414604F1780008
:109C900005F057F884F89790B3680BB1D3F8A43067
:109CA000C4F8A430284605B0BDE8F08F84F8788069
:109CB000F2E700BF74200020F0B587B000250595BD
:109CC000109D04950F9D03950E9D0295DDE912767A
:109CD0000D9D01950C9D00950446FFF771FFB6F1AF
:109CE000FF3F08BFB7F1FF3F05D056EA070305D194
:109CF000204600F073FA204607B0F0BD03493A460B
:109D0000334604F1180000F045FCF4E729E80000B0
:109D10000A4A93686FF00A01C3F8B0100849C3F803
:109D2000AC004B6843F080534B60002383F31188F1
:109D3000BFF36F8F9368D3F8B00070477420002092
:109D400000ED00E070B590F90D20437B002A39DB6F
:109D5000D90637D18269002A34D11D4C63F07F03C4
:109D60002246437352F8183F93422CD1E169C0E96F
:109D700000210860E06111E09942F8D01B68002BD7
:109D8000F5D090F90E5093F90E60B542F4D0AE4282
:109D9000F2DD5968C0E9003108605860A569954254
:109DA00000D005B9E568A3685A7BD20604D1DA89E8
:109DB0007F2A01D9AA6942B1AB4202D0284600F0FD
:109DC00005FB656170BDE169D9E76361FAE700BF32
:109DD0007420002038B590F90D20437B002A0146FD
:109DE00004DA03F07F03437304F0A7FC0D4D2A4609
:109DF000AB6852F8184F944200D004B9EC688B421B
:109E000007D05A7BD20604D1DA897F2A01D9A26908
:109E10002AB1A34202D0204600F0D8FA23466B6153
:109E200038BD00BF7420002070B590F90D20437B31
:109E3000002A014604DA03F07F03437304F07DFC3B
:109E40004B7B1C4C63F07F0322464B7352F8183F48
:109E5000E069934207D1C1E900200160E16111E0AE
:109E60009842F8D01B68002BF5D091F90E5093F969
:109E70000E60B542F4D0AE42F2DD5868C1E9003060
:109E800001605960A569A368954200D005B9E568ED
:109E90008B4207D05A7BD20604D1DA897F2A01D9B6
:109EA000AA692AB1AB4202D0284600F08FFA2B46AD
:109EB000636170BD74200020F8B5124B0C4611464A
:109EC000114A98681060DDE90676EFF311822022CE
:109ED00082F31288BFF36F8F9D68284604F03FFC21
:109EE000B6F1FF3F08BFB7F1FF3F06D007493A463A
:109EF000334605F1180000F04DFB2046BDE8F84060
:109F0000FFF706BF742000209820002029E80000F9
:109F1000F8B50446EFF31186202383F31288BFF3CC
:109F20006F8F437BDA0649B217D18269AAB903F071
:109F30007F03437304F001FC1B4D437B817363F08B
:109F40007F032A46437352F8183F93422AD1E869A7
:109F5000C4E900200460EC6116E0A173002086F3E0
:109F60001188BFF36F8FF8BD8342F1D01B68002BBF
:109F7000EED093F90E70B942F6D08F42F4DD5968F5
:109F8000C4E900310C605C60AC69944200D004B953
:109F9000EC68AB689C4202D0204600F017FA6C6176
:109FA0000120DCE7E869E2E77420002049B9EFF31B
:109FB000058030B9054B5A699B689A4201D0FFF77A
:109FC000A7BE81F31188BFF36F8F70477420002004
:109FD000034648B9EFF3058232B9064A51699268DF
:109FE000914201D0FFF794BE83F31188BFF36F8FC6
:109FF000704700BF74200020EFF31181202383F30A
:10A000001288BFF36F8F054B9A68D37B013BD373E4
:10A0100081F31188BFF36F8F704700BF7420002059
:10A0200070B5EFF31186202383F31288BFF36F8F8F
:10A03000144DAB68DA7B0132DA732A4652F8184FB6
:10A04000944200D004B9EC685A7BD20604D1DA8974
:10A050007F2A01D9A2692AB1A34202D0204600F08A
:10A06000B5F923466B6186F31188BFF36F8FEFF369
:10A070001180202383F31288BFF36F8FBDE87040F7
:10A08000FFF7A6BF74200020024B03F11802C3E9BA
:10A09000062270477420002070B5EFF3118620234C
:10A0A00083F31288BFF36F8F1B4CA168E0690B68C4
:10A0B000814214BF1A46002249680B605960A368A8
:10A0C000E1692AB9154AC3E900210B60E3610CE09C
:10A0D00093F90E0092F90E50A84218D0854216DD71
:10A0E0005168C3E900210B605360A5690B4B9D4289
:10A0F00000D005B9E568A3689D4202D0284600F06B
:10A1000065F965613046BDE87040FFF701BE8A42DF
:10A11000D8D01268D5E700BF742000208C20002022
:10A1200050EA01032DE9F04105460E4604D1FFF740
:10A13000B3FF0020BDE8F081831C71F1FF3324DB05
:10A1400004F00AFC2C18EFF31188202383F3128803
:10A15000BFF36F8F0F4F104BB8681860FFF73AFED0
:10A16000B8680E492A463346183000F013FABA6828
:10A17000537B43F0040353734046FFF7C9FD04F0DB
:10A18000EBFB201A20EAE070D4E76FF00104241AF8
:10A19000D9E700BF742000209820002029E80000A3
:10A1A0000C490D4A38B500244FF400458C46214631
:10A1B000C0FB05C100236046F5F7F2FFC117FFF7AA
:10A1C000AFFF054A47F6FF73C0FB0234DB0B43EADF
:10A1D000444038BD3F420F0040420F0038B50446AE
:10A1E000183004F098FBEFF31185202383F31288D5
:10A1F000BFF36F8F637B5A0704D485F31188BFF3D5
:10A200006F8F38BD23F0040363732046FFF79AFD78
:10A21000EFF30583002BF0D129460248BDE8384012
:10A22000FFF7C4BEF4220020014B9868704700BFBE
:10A23000742000202DE9F8430446EFF31187202312
:10A2400083F31288BFF36F8F067B16F001060DD0E3
:10A2500087F31188BFF36F8F002383F31188BFF357
:10A260006F8F0423184602DFBDE8F883437B1A078B
:10A2700004D587F31188BFF36F8FF5E7D90943F051
:10A28000080254D14273A36813B1204604F05DFA6A
:10A2900004F1180004F03FFBA56D04F15808A8452F
:10A2A00011D04FF0000975B1284604F04EFA05F1BF
:10A2B000180004F030FBC5F8B0902846FFF742FDC7
:10A2C000A56DA845EFD11E4DAB689C4204D1EFF3BC
:10A2D0000586003E18BF0126D5F81880194A90451A
:10A2E00002D0B8F1000F01D1D5F80C80434502D05F
:10A2F000404600F06BF82046C5F8148000F0BEF828
:10A300004EB1114BAB6040F201129A810022C3E9B9
:10A310002622C3F8A420AB689C42AAD1EFF30583A0
:10A32000002BA6D13846BDE8F843FFF7F1BC03F097
:10A330007F0343F00803437304F0FFF9A3E700BF72
:10A34000742000208C200020A0140020D3B5DDE96B
:10A350000667089CCDE90067FFF7AEFD1CB1034B13
:10A360009B685B69236002B0D0BD00BF74200020F1
:10A37000044BC01A044BC0105843044B01221A541A
:10A38000704700BF58150020ABAAAAAAF4220020EB
:10A39000C3897F2B12D80A4B1B6863B1094B90F914
:10A3A0000E201B689A4209DB437BDB0606D1064B75
:10A3B000C31A18BF012303F0010070470023FAE716
:10A3C000A02000209C2000203013002070B50E4BF0
:10A3D0000E4C1E7C06EB460304EBC30405462046E8
:10A3E00004F099FA0A4B002228469A55FFF7D0FF4D
:10A3F00048B1084B08491A68013A2046D317BDE80E
:10A40000704000F0C7B870BD7420002058150020BF
:10A41000F4220020A020002071A3000038B5EFF343
:10A420001185202383F31288BFF36F8F104B114ADD
:10A430009C681068A04206D1FFF7C8FF85F3118819
:10A44000BFF36F8F38BD00211B7C11600A4AD35CBB
:10A45000002BF3D02046FFF79BFF0028EED0637B54
:10A46000DB0602D12046FFF7DFFC2046E4E700BF11
:10A470007420002098200020F4220020EFF31181A6
:10A48000202383F31288BFF36F8F0A4A136A834233
:10A4900007D15B6F136281F31188BFF36F8F704731
:10A4A0001346002BF7D05A6F8242F9D1426F5A6798
:10A4B000F1E700BF74200020F8B506460F46EFF321
:10A4C0001183202282F31288BFF36F8F0B490C6A2D
:10A4D000154624B983F31188BFF36F8FF8BD83F35A
:10A4E0001188BFF36F8F39462046B047EFF31183D1
:10A4F00085F31288BFF36F8F646FEAE77420002042
:10A500000748084A084908B5121A04F063F80748D2
:10A51000074A0849BDE80840121A04F05BB800BFBA
:10A52000C004002014090020081D0100B804002008
:10A53000C0040020001D0100024B1868984208BFAB
:10A54000002070470C070020034B1B680BB9FCF779
:10A55000F1BE0020704700BFA420002030B570B1CC
:10A560000B4B5B6898420AD0036843B1D3E90421DE
:10A57000D0E90445121941EB0501C3E90421D0E9F2
:10A58000003213605A600023C0E9003330BD00BFC1
:10A590000C070020B3F1FF3F08BFB2F1FF3FF8B551
:10A5A00004461D4616465AD08160EFF311872023DA
:10A5B00083F31288BFF36F8F013275F1FF3321DA15
:10A5C0002C49D1E900206FF001039B1A4FF0FF32B4
:10A5D00062EB00009E1B60EB0500012E70F1000392
:10A5E00001DA01260020C4E90460FFF7A5FF224E2E
:10A5F00084467068BCF1000F0DD1C4E900600460AE
:10A6000074601CE0FFF7A0FF013645F10005361825
:10A6100045EBE070E7E7DCE90425D4E90431934237
:10A6200071EB050E1CDAD21ADCF8043065EB01057B
:10A63000CCE90425C4E900C31C60CCF80440FFF752
:10A640007BFF844207D10D4B1C6824B904F04AF902
:10A650002146FCF741FE87F31188BFF36F8FF8BDE9
:10A660009B1A61EB05018445C4E90431C5D0DCF8CF
:10A6700000C0BFE7701500200C070020A4200020B8
:10A680002DE9F047EFF31185202383F31288BFF300
:10A690006F8FDFF8A090DFF8A080C9F80000FFF707
:10A6A0004BFF00260027D9F80030D8E900ECD91775
:10A6B00050B1D0E90442A34271EB020A1ADAE41A5B
:10A6C00062EB0102C0E9044213EB0E034CEB010103
:10A6D0000024C8E90031C9F8004004F003F921461C
:10A6E000FCF7FAFD85F31188BFF36F8FBDE8F047E3
:10A6F000FFF794BE14EB0E024CEBE473C0E9046761
:10A70000C8E90023FFF72AFF85F31188BFF36F8F95
:10A7100083689847EFF31185202383F31288BFF3F2
:10A720006F8FD9F800301B1BC9F80030FFF704FF0A
:10A73000B9E700BFA42000207015002010B5EFF38A
:10A740001184202383F31288BFF36F8FFFF7FCFE81
:10A75000054A0346D2E90001181841EBE37184F37E
:10A760001188BFF36F8F10BD70150020F8B5044637
:10A77000EFF31187202383F31288BFF36F8F0268F2
:10A7800022B187F31188BFF36F8FF8BDD0E90A3685
:10A79000581C46F10001022871F1000127D3012B5A
:10A7A00076F10001BCBF012316465D1E46F1FF365F
:10A7B00004F0D6F8013041F10001401946EB0101E7
:10A7C000012871F100013ADB04F0CAF8013041F1CF
:10A7D00000016FF00102401946EB0103121A4FF01D
:10A7E000FF3161EB030318492046FFF7D3FE236BCB
:10A7F00001332363236A6BB187F31188BFF36F8F33
:10A80000236A20469847EFF31187202383F31288A9
:10A81000BFF36F8F54F8185FA542B2D0002DB0D0AF
:10A82000284603F0D3FF0023C5F8B03087F3118822
:10A83000BFF36F8F2846BDE8F84003F0B8BF6FF054
:10A8400001024FF0FF33CEE76DA700002DE9F04184
:10A8500005461C4690461F46EFF31186202383F3DE
:10A860001288BFF36F8FB4F1FF3F08BFB2F1FF3F13
:10A8700005D186F31188BFF36F8FBDE8F081531CBB
:10A8800074F1FF3309DB012A74F10003BCBF01221C
:10A89000002412F1FF3844F1FF37284604F03BF85A
:10A8A000DDE906010023C5E90A012B63034942469D
:10A8B0003B462846FFF76EFEDBE700BF6DA70000B2
:10A8C0002DE9F74F1D46274B9F68012387F860301D
:10A8D00087F8613052EA050316460CBF01230023B6
:10A8E00007F16002804604F0BDF88146EFF3118B5A
:10A8F0004FF0200A8AF31288BFF36F8F97F86040F9
:10A900004CB901465A46404604F054F88BF311887E
:10A91000BFF36F8F0BE0002387F8603056EA050322
:10A9200009D18BF31188BFF36F8F6FF00A042046B3
:10A9300003B0BDE8F08FCDE900650B4A0B485946DE
:10A94000FFF7BAFA0446EFF311858AF31288BFF3D2
:10A950006F8F2A464946404604F02CF885F311884B
:10A96000D6E700BF7420002014070020F522002045
:10A9700038B50346EFF31185202282F31288BFF326
:10A980006F8FC160012181600068834206D185F329
:10A990001188BFF36F8F0024204638BDD0E9003204
:10A9A00013605A600023C0E9003304F0C2F829465E
:10A9B00004460248FFF7FAFAEEE700BFF52200204E
:10A9C00038B5064C064DAC4201D3002038BDD4E961
:10A9D0000112204604F029F91434F4E70C08002091
:10A9E0000C0800201FB5094A92E8030002AB83E877
:10A9F00003004FF480620093054906484FF0FF338F
:10AA000000F00AF9002005B05DF804FBC0F3000077
:10AA1000004D0020781500202DE9FF414F4E0446DF
:10AA20002027EFF3118887F31288BFF36F8FD4F8D4
:10AA3000B850F5B9022104F1D00004F0FEF8002866
:10AA400068D004F1C80500220121284603F027FF41
:10AA50000028F8D1002302934FF0FF324FF0FF336C
:10AA6000CDE90023414604F1C0023D48FFF76EFCEA
:10AA7000D7E7D4F8BC202B68C4F8B830954208BF9B
:10AA8000C4F8BC30D4F8D03043F00203C4F8D0305E
:10AA9000EB6823F0040343F00103EB606B6888F379
:10AAA0001188BFF36F8F28469847EFF3118887F31B
:10AAB0001288BFF36F8FEB68D80623F0010236D4FB
:10AAC000EA60EB689A0716D5306823F00203EB6062
:10AAD00088B10368002170B14268954235D103689E
:10AAE00069BB72683360824200D17360002340F812
:10AAF000083BFEF783FFD4F8D03023F00203C4F8FC
:10AB0000D03088F31188BFF36F8FDB0589D4FFF74E
:10AB1000C3FA86E7D4F8D030D9069BD5C4F8D00064
:10AB200088F31188BFF36F8F04B0BDE8F08123F084
:10AB30001103EB6005F11000FEF760FFC1E70B6049
:10AB40007368834208BF7160D0E723B11A68014679
:10AB500018461346BFE71A46F9E700BFA8200020B1
:10AB6000F5220020F8B5C3689A0704460F46C3F3E0
:10AB700040062CD45B071AD40B680BB983680B60B2
:10AB8000E368DD0744BFA3683B603D684CBF022615
:10AB90000126002D3AD01F4B9B68AB420AD0D5F856
:10ABA000D030D807C3F3800214D46FF0120600230C
:10ABB0003B6025E003F0A8FDD5F8D0300028F0D1A7
:10ABC000D907C3F3C002F0D552B15B0708D46FF0C8
:10ABD0000F06ECE7002AFAD1C3F3C003002BF6D12D
:10ABE00000232360D5F8BC3063B9C5E92E4428465C
:10ABF00004F02EF8E36843F00403E3603B68A360CD
:10AC00003046F8BD1C60C5F8BC40F0E76FF0150693
:10AC1000CDE700BF74200020F0B589B004460020C5
:10AC2000C4E92E000E9D04F1C000C4E9300004F117
:10AC3000C800C4E932004DB32879002840F2011061
:10AC400008BF0120C4F8D00000204FF0FF364FF0BD
:10AC5000FF37CDE90330CDE90100CDE906670C4BA4
:10AC600000942046FFF728F855B1296811B1204615
:10AC7000FEF754FF6B791BB1237B43F00103237371
:10AC8000204609B0BDE8F040FFF7A8BA0120D9E797
:10AC900019AA000010B50A4C23681BB101232360D8
:10ACA000002010BD00F0EAF80028F7D0013806288F
:10ACB00003D8044B53F8200010BD034810BD00BF5B
:10ACC000B02000207CFB0000FE8FFFFFBFF34F8F02
:10ACD0000549064BCA6802F4E0621343CB60BFF338
:10ACE0004F8F00BFFDE700BF00ED00E00400FA0554
:10ACF00010B4094B09490A4C4FF0FE32C3F8002446
:10AD00004968C3F80424C3F80824C3F80C240023BA
:10AD1000C4F8003510BC084700B002501C070020E2
:10AD200000A00250D0E90012014BC3E900127047A5
:10AD30001C07002010B5044650B1636813F0685F2B
:10AD400005D0064A934202D000232360626010BD02
:10AD5000034B04485B689847EFE700BF2C5F5CA992
:10AD60001C07002098FB0000C8B143680D4A9342BD
:10AD700013D013F0685F0ED0012350E8002F19465E
:10AD800040E8001C9CF0000FF7D1012AF5D0BFF37A
:10AD90005F8F0020704704487047044870476FF485
:10ADA000E04070472C5F5CA9E98FFFFFEA8FFFFF4F
:10ADB00080B14368094A93420AD013F0685F05D016
:10ADC000BFF35F8F00230360184670470448704745
:10ADD000044870476FF4E040704700BF2C5F5CA9E7
:10ADE000E98FFFFFEA8FFFFF10B5044620B1044B47
:10ADF00063600022226010BD0248FFF779FFF6E78A
:10AE00003A00003AC0FB000070B5D0E90023174CAF
:10AE1000174D6360D0E90230C4E90230226048680F
:10AE2000D1F800C0134BC3E900C0D5F81801D1F820
:10AE300008C0C3F808C010F0685FD1F80CC00969F9
:10AE4000C3F80CC0196110D00B49C5F8BC11002320
:10AE5000C5E9453105F58A70C5F8B83190472368D2
:10AE600005F5DC70BDE87040184770BD380700205C
:10AE7000C8200020240700202C5F5CA938B500F012
:10AE80002FF820B1032400F063F8204638BD00F00D
:10AE900031F898B900F0ACF898B90F4DD5F82839C9
:10AEA0001B0EF02B08D1D5F8242A0C4B9A420AD05D
:10AEB000072400F017F8E6E70624FAE70424204602
:10AEC00038BD0024F5E7012000F092F80446002880
:10AED000F7D1C5F80C0AD8E700B002500000E02016
:10AEE0000020704700207047014BC3F8040A7047E8
:10AEF00000B0025010B5114800F048F800B110BD84
:10AF00000F4800F043F80028F9D10E4C204600F01D
:10AF10003DF80028F3D10C4B0C481C6000F036F8CB
:10AF200001460028EBD100F02DF8044608B1204678
:10AF300010BD00F03FF82046FAE700BF7807002078
:10AF40007407002070070020680700206C070020AD
:10AF500008B5084800F024F8074800F021F8074831
:10AF600000F01EF8064800F01BF8BDE8084000F0AD
:10AF70000BB800BF7807002074070020700700207E
:10AF80006C07002000207047704700BF08B5034BD6
:10AF900002681B6810689847002008BD3807002029
:10AFA00008B5034B02685B6810689847002008BD2D
:10AFB0003807002070B5094C094D2069AB689847E7
:10AFC00018B1084B08485B689847084AEB68206945
:10AFD00000211160BDE87040184700BF2407002021
:10AFE000380700201C070020E4FB0000C4200020DC
:10AFF000F8B51A4D1A4E0446B26828699047E8B968
:10B00000184F3B684CB1A3B1012B19D0013B3B60F9
:10B010002869F36898470020F8BD43B9124A012116
:10B02000C2F800151149D1F81029002AFBD10133CB
:10B030003B60F368286998470020F8BD0C48F8BDCC
:10B040000A4AD2F81039002BFBD1074A6FF07E4034
:10B05000C2F80035FFF748FF3B68D7E72407002018
:10B0600038070020C420002000A0025000B0025089
:10B07000E98FFFFF0CB430B589B005460C461C22A1
:10B08000002101A803F026FE02238DF806300E4BA6
:10B090000293059523462CB1B4F1004F28BF4FF021
:10B0A0000043013B1D440DAA0C99069501A800928E
:10B0B00000F072F814B1059B00221A7009B0BDE8C7
:10B0C000304002B0704700BF55EE0000242AF0B5B2
:10B0D000044601D8012A40D103F0C4FE2D4B1622AC
:10B0E0001A5001B10C600020F0BD2F463D4615F806
:10B0F000010B2028F9D0A0F10906042E0346F4D94B
:10B100002B282CD02D282CD101267B78BD1C302B50
:10B110002DD1287840F02000782824D132F010007A
:10B1200021D16B782C46102202350020392B82BFAA
:10B1300003F1FF3343F02003263B303B9A421AD9F8
:10B14000A0FB02040CB9C01801D346F002062F463A
:10B150002C4617F8013B3D46E8E70746C6E70026C0
:10B16000D3E70026D3E7002A08BF0822DDE7002A3C
:10B1700008BF0A22D9E701B10C60F20748BF40427C
:10B18000B307B1D503F06EFE024B22221A504FF0E6
:10B19000FF30A9E70C0000002DE9F04F8DB04368A7
:10B1A0000293837815469A07804640F10D8100246A
:10B1B0000E78002E00F00A81252E0BD04B1C039335
:10B1C0000134029B4146304698470028C0F2F68081
:10B1D0000399EDE74E788B1C252E0393F0D00027C2
:10B1E000B946BB46BBF11F0F38D8A6F12003102B80
:10B1F0000AD8DFE803F02A090930090909210909F9
:10B200000928092D09091F00A6F13003092B33D99C
:10B210002A2E37D11BF0400F55F8043B40F08280B6
:10B22000002BA7BF4BF0200B9946C3F100094BF050
:10B23000280B01E04BF0010B039B13F8016B039308
:10B24000002ECFD130E04BF0020B4BF0040BF3E7B4
:10B250004BF0080BF0E74BF0100BEDE7BBF17F0F65
:10B2600019D8A6F13003092BD2D81BF0400F03D018
:10B270000A2101FB0737DFE70A2101FB09394BF0FF
:10B28000200BD9E72E2E06D11BF0400F40F09E80F8
:10B290004BF0400BD0E76C2E31D02BD8682E36D037
:10B2A0006A2E3CD04C2E3AD0002F46F02003B8BF77
:10B2B0002BF04002A3F16501BCBF1FFA82FB0027FF
:10B2C000022901D9612B2FD1073525F00705DFF8B9
:10B2D000ACA2083507271BF0080F66D00AEB070B56
:10B2E00056465E4563D1A4EB0A0A06EB0A02A9EBB7
:10B2F00007096FE1742E9FD07A2E9DD0D4E71BF002
:10B30000800F18BF4BF4007B4BF0800B94E71BF4CD
:10B31000807F18BF4BF4007B4BF4807B8CE74BF4B1
:10B32000207B89E71F4687E7A6F16301122900F217
:10B33000F080DFE811F013004F00EE00EE00EE00A9
:10B34000EE004F00EE00EE00EE00EE00EE00FE001C
:10B35000E900EE00EE001B00EE00AF0055F8043BE4
:10B360008DF8183001270DF1180AB4E755F804AB31
:10B37000834BBAF1000F08BF9A461BF0400F14BF71
:10B3800039464FF0FF31504603F0EBFC0746A2E789
:10B39000029B41462020984700280FDB013EB74220
:10B3A000F6D34C44A41BB14698E74E46F7E716F88F
:10B3B000010B029B41469847002892DA98F8023028
:10B3C00043F0040388F802304FF0FF3420460DB0FC
:10B3D000BDE8F08F1BF0800F34D01BF4007F2CD021
:10B3E000073525F00705AA4669685AF8080B2BF0BF
:10B3F00010050029ADB237DA404261EB410145F456
:10B4000080650DF1180B0A235A4603F0CCFCA0EB23
:10B410000B0301936B0662D5019B25F001019F424E
:10B4200089B240F3A180002E00F0998015F010023F
:10B4300040F09C80BB460D4623E0AA465AF8040B18
:10B44000C117D4E7AA461BF4807F5AF8041B01D128
:10B450000846F5E71BF4007F15BF48B208B241F378
:10B46000C01141F3C031C2E750EA0103C9D11BF05A
:10B47000400FC6D0002FC4D12BF0110295B2BB46AD
:10B48000019740F2064115EA01021CBF0BF1010BC6
:10B4900000222CE02BF010021FFA82FB0A231BF083
:10B4A000800C49D01BF400711DBF073525F007053E
:10B4B000AA46AA461ABF5AF8080B69685AF8040B3C
:10B4C00050EA010545D12BF016051BF0400FADB237
:10B4D00042D0002F40D12BF0170295B2019715F002
:10B4E000100248D0019B002E42D103F1010B290725
:10B4F0005AD4EB0706D5D9456FDD0199A9EB0B03AB
:10B500005F18CB465B4649E04BF0100B10237826C2
:10B51000C5E7782B04D1C6F1780343F01003BEE7EA
:10B52000029B4146252098470028FFF647AF02348A
:10B5300047E608230026B2E7AA461BF480715AF8B2
:10B54000040BBDD01BF400711ABFC0B2614680B2BB
:10B55000B6E72BF0060295B20DF1180B54E725F073
:10B560001105ADB2BB468CE70D46B8E73B460D462C
:10B5700003F1020BBBE7DDF804B082E7F51C010024
:10B58000EE1C0100CDE904324146029B2020984781
:10B590000028FFF613AF049B059A01339945F1DCAF
:10B5A000A4EB0B01CC189B460AB3029B414630200A
:10B5B00098470028FFF602AF8EB901342744019B5B
:10B5C000391B994224DC1D465DBB019AA9EB0B098E
:10B5D000224455461446914435E0019F92E70234D7
:10B5E00041463046029B98470028E7DAE6E640F2FB
:10B5F00006410D42E2D015F0020F14BF2B2020208F
:10B6000015F4806F04F10104414618BF2D20E9E7CD
:10B61000029B414630209847002804F10104CEDA0D
:10B62000CCE606AB013D4146585D029B9847002899
:10B63000CADAC3E6029B414620209847002804F15D
:10B640000104FFF6BBAEA9EB0403002BF2DCBFE55F
:10B65000704700F0E3BD836800EBC101B3F5004F14
:10B660002CBF51F8220031F81200704700EBC101E5
:10B670008068B0F5004F2CBF41F8223021F812301D
:10B68000704708B50122FFF7E6FFD04008BD836888
:10B69000B3F5004F00EBC10108D34B681AB143F07A
:10B6A00001034B60704723F00103FAE74B881AB19E
:10B6B00043F001034B80704723F00103FAE7530086
:10B6C0000122FFF7D3BFB0F5004F34BF0423082396
:10B6D000481C0833A0EBD300B0FA80F0C0F11F0083
:10B6E00070472DE9F0410D4686680446FFF7C9FF13
:10B6F000B6F5004F014601D3012832D03046FFF79E
:10B70000E2FF04EB80010E6996B9E36801228240F2
:10B710001343E36002220D612B4629462046FFF7C2
:10B72000A5FF032229462046BDE8F041FFF79EBF52
:10B73000022231462046FFF78EFF29460346074680
:10B740002046FFF793FF0322334629462046FFF7A2
:10B750008DFF39462B462046FFF788FF02223146EF
:10B76000E1E7BDE8F081B2F5802F2CBF0823042368
:10B77000D21A2DE9F0418C18CD1D25F0070524F0D3
:10B780000704641B0026E40805602146AC60EE60F7
:10B790002046FFF798FF421D9200013002F1070793
:10B7A0004FEAD707A2F110023146B8BF324605F181
:10B7B000100003F08FFA3A4631462846FFF77FFF24
:10B7C0003346324631462846FFF750FFA4EB0708C0
:10B7D000284631460122FFF75AFF42463946FFF715
:10B7E0006EFF3B46324639462846FFF73FFF21466B
:10B7F0002846FFF764FF4346324621462846FFF7B6
:10B8000035FF214628460122FFF741FF3946BDE8B2
:10B81000F041FFF766BF2DE9F04706460D46174693
:10B8200098462BB398F8004093F80190DB78A40079
:10B8300004EB430498F802301C4444444FF0000ADF
:10B84000CA4509D3D8F8042008F108033946304620
:10B85000AC46BDE8F047604714F8013B48F8234088
:10B860002046F4F7C9FC013004440AF1010AE7E775
:10B870006FF01500BDE8F08770B500250246284638
:10B88000144614F8013B0BB9184609E098B18D42F3
:10B8900007D1702B04D0A3F140023A2A0BD8002024
:10B8A00070BDA3F140063A2E05D853780135941C9B
:10B8B000002BE9D00020252B08BF80F00100224694
:10B8C000DEE7002070470FB407B504A951F8040B58
:10B8D000019100F016FC03B05DF804EB04B0704772
:10B8E00010B50369024613F0080009D11368D46843
:10B8F0009C4297BF126AE31AD31A01200B6010BD55
:10B9000000231846FAE713B501A90446FFF7E8FF3C
:10B9100020B1019BE268013B13440193206A019B23
:10B92000C01A013802B010BD10B504465018226983
:10B93000236AD20702D5013B184010BD984228BFA8
:10B94000C01AFAE710B504460A46C168FFF7ECFFD3
:10B950002369E06023F00803236110BD38B50D466C
:10B96000C2698B00016843F0020342F821300446AB
:10B9700001682A46FFF7D8FFE368616820609842B3
:10B9800002BF236943F0080323612A462046FFF7DC
:10B99000CBFF606038BD2DE9F74FC768C6699B468D
:10B9A00016F8273003F00303022B0446884691461D
:10B9B00006EB870A4FF0000309D01360CBF8003084
:10B9C0002369990710D4002003B0BDE8F08F56F822
:10B9D000271013608908CBF80030F1D0FFF7B2FFD1
:10B9E000E368A3600120EFE7A3695046984716F883
:10B9F0002730DA070546E6D513F002031DD0B8F16B
:10BA0000000F03D041462046FFF7A8FF61682A4691
:10BA10002046FFF789FFD4E902319942606004D1E2
:10BA20002A462046FFF780FFA060A3682360E360FA
:10BA3000236943F008032361D4E7014620460193BC
:10BA4000FFF780FFE268A260B8F1000F04D0216820
:10BA5000E269019B42F8213005EB0802CBF8002097
:10BA600021682046FFF760FF2369206043F0080348
:10BA7000236116F827306FF3000306F82730C9F862
:10BA800000A0AFE770B504461546FFF74DFF2368E9
:10BA9000834205D12369216023F00803236170BD2F
:10BAA000E269AB0043F0020342F8213020466168AE
:10BAB0002A46FFF739FF6060F1E738B503695B0795
:10BAC000044606D5456AFFF71EFF85422CBF656216
:10BAD000606238BD38B50D4604461C22002103F0D3
:10BAE000F9F8EB68A361AB6863612B68E3616B688D
:10BAF0002362002262622A6923B1591E194208BFDB
:10BB000042F001022261012204F128000021BDE877
:10BB1000384002F0E9BD2DE9F04F87B000250093D1
:10BB2000036A03958B4204460E4692460595A94644
:10BB300039D3EFF3118B202383F31288BFF36F8F78
:10BB4000059AD8462AB129462046FFF79BFF0023D5
:10BB5000059304A92046FFF7C3FE0499B1420746A6
:10BB60002AD32268E36913F8221021F0030103F8B5
:10BB7000221003EB8209216832462046FFF7D4FEEB
:10BB8000E3682060984212D0002788F31188BFF341
:10BB90006F8F039929B162690AB12046904700234B
:10BBA0000393002FC5D1484607B0BDE8F08F236945
:10BBB00043F008032361E7E718B12046FFF7CEFE04
:10BBC000E3E7009B5AEA03021CD0019102F09CFDBE
:10BBD0000199B8B9BBF1000F14D187F31188BFF3F5
:10BBE0006F8F009B524604F12800FDF73BFFEFF3F7
:10BBF0001188202383F31288BFF36F8FB0FA80F788
:10BC00007F09C2E705AB03AA20462568FFF7C3FEFC
:10BC10000746BAE770B50446836908460D4698475B
:10BC20000246EFF31186202383F31288BFF36F8F50
:10BC30002B7843F001032B7061682046FFF774FEF8
:10BC400060602046FFF739FF86F31188BFF36F8FDE
:10BC500070BD2DE9F04104462027EFF3118687F3EC
:10BC60001288BFF36F8F236913F0080FA36802D106
:10BC70006268934200D9226AE169D21A32B986F326
:10BC80001188BFF36F8F4FF0000833E011F82320C5
:10BC900012F0030001EB8308F1D0022803D151F820
:10BCA0002350AD0805D1D00712D4A3694046984768
:10BCB0000546A1682A462046FFF736FE2946A060C1
:10BCC0002046FFF73FFE86F31188BFF36F8FC4E76E
:10BCD00042F0020201F823204046A369A568984774
:10BCE000294602462046FFF71FFEA06086F3118812
:10BCF000BFF36F8F4046BDE8F081F8B50446836915
:10BD000008460D4698470646EFF31187202383F334
:10BD10001288BFF36F8F2B786FF300032B702369AA
:10BD20009B0705D5E268E36903EB82039D421AD1C4
:10BD30002B786FF341032B70D4E90231994204D17F
:10BD400032462046FFF7F0FDA06031462046FFF75F
:10BD5000F9FD87F31188BFF36F8F04F12800BDE868
:10BD6000F840FDF74BBE2B6860F39F032B60F0E7B4
:10BD7000EFF31181202383F31288BFF36F8F0369E0
:10BD800013F0080F836802D14268934200D9026A17
:10BD9000D31A81F31188BFF36F8F181E18BF0120CB
:10BDA0007047038B13F0070305D10368002B0CBF0A
:10BDB000002003207047022B05D1408BB0FA80F0A1
:10BDC000400980007047012B05D10368002B0CBF90
:10BDD0000020052070470020704710B50C4600B1C8
:10BDE00011B96FF0150010BD081D00F093F8002880
:10BDF000F9D1A368032BF6D9F3E72DE9F0410D46FD
:10BE000007461946281D90461E4600F097F804463E
:10BE100038B13346424629463846A446BDE8F0418B
:10BE20006047BDE8F08110B4EFF31182202484F361
:10BE30001288BFF36F8F416110BC0121F5F7CABAB8
:10BE400038B50C46054658B151B10B6843B14B6843
:10BE500033B11C22002102F03DFF2C61002038BDCF
:10BE60006FF01500FBE770B505460E46FFF7B5FF0E
:10BE7000041E14DBEFF31182202383F31288BFF337
:10BE80006F8F6B8B2C8B4FF6FF718B4204F0070486
:10BE900007D182F31188BFF36F8F6FF00A04204639
:10BEA00070BD022C0CD101336B8382F31188BFF378
:10BEB0006F8F0023224631462846FFF79EFFEEE7AC
:10BEC000062C14D8DFE804F004131313041A04003A
:10BED000002333606B683BB9C5E90066ACB9022149
:10BEE0002846F5F777FADAE71E606E60F6E782F328
:10BEF0001188BFF36F8F6FF00404D0E782F31188CD
:10BF0000BFF36F8F6FF08504C9E782F31188BFF329
:10BF10006F8FC4E7034640B1426802F00302022A71
:10BF200006D0032A04D0012A05D06FF0150070470F
:10BF30001A68002AF9D000209860704710B542684E
:10BF4000816002F00302022A03464FF0000407D08A
:10BF5000032A02D05C60002001E018685C6010BD1C
:10BF600018685C600028F6D0FEF702FDF3E7F0B534
:10BF7000C6684568C369AF1B04464069BB4298BFA9
:10BF8000FF1AA5EB0000944698BFF6181A1AD81BA2
:10BF90002368AD1B62452B4428BF62460B60636873
:10BFA000904228BF104603446360F0BDD0E90123EE
:10BFB000D21A8A420CD31944C368C269C0E901117C
:10BFC000C91A8A4201D9002070471344C360FAE7B6
:10BFD0006FF0150070472DE9F34180460E46154677
:10BFE00000272A4601A94046FFF7C1FF3146044613
:10BFF0000246019802F046FE2D1B2744264401D03C
:10C00000002CEED139464046FFF7D0FF384602B04B
:10C01000BDE8F081F0B5044686690569C069A3688A
:10C02000AF1BB842944698BF3618A3EB05022368AD
:10C03000A5EB060598BF3F1A2B446245A0EB07000D
:10C0400028BF62460B602369904228BF1046034414
:10C050002361F0BDD0E90423D21A8A420CD31944DB
:10C06000D0E90632C0E90411C91A8A4201D9002078
:10C07000704713448361FAE76FF0150070472DE9AC
:10C08000F34180460D4616460027324601A9404638
:10C09000FFF7C0FF04462DB102460199284602F081
:10C0A000F1FD2544361B274401D0002CEDD1394643
:10C0B0004046FFF7CFFF384602B0BDE8F081704739
:10C0C00003785B075FBF03684288C3F34A2303EB2F
:10C0D00012105DBF173020F0070080080020704765
:10C0E0000020704702F01DB80346BFF35B8F53E892
:10C0F000000F421C43E800210029F8D1BFF35B8FF9
:10C1000070471FB50023CDE90201CDE900331A467F
:10C1100019461846F5F792FE05B05DF804FB0120BC
:10C12000F5F738BB0020704718B140680079F5F783
:10C1300047BD4FF0FF30FAE710B543685B7904461E
:10C1400013B10021F5F79AFD636800225A7110BD02
:10C1500070B5D2E901369B1B8B420C4615460AD3BB
:10C1600013680A460146981902F08CFDAB68234417
:10C17000AB60204670BD6FF01B00FBE770B50E464C
:10C1800015461946044618B9BDE87040F5F702BBDC
:10C1900033B1C2F34A231030120D184402F072FD7D
:10C1A000C4E900562046BDE87040F5F7AFBC2DE964
:10C1B000F3415F1C4FEA8708064608F1170020F09C
:10C1C000070080080C461546F5F75AFB0023ADF82A
:10C1D00005308DF807308DF8047068B10346019A78
:10C1E00043F8102FA8F104012A46294452F8045BB1
:10C1F00043F8045F8A42F9D1A20102F4E07242EAF4
:10C20000482222F07F4222F47002002322F03F02F3
:10C21000314602B0BDE8F041FFF7B0BF07B50123DA
:10C22000019201AAFFF7C3FF03B05DF804FB07B555
:10C23000CDE9002302236A46FFF7B9FF03B05DF89A
:10C2400004FBF8B506460D4614461F4604B9F8BD72
:10C25000214628463A46B047241A0544F6E710B569
:10C26000426881680446D2E900230068FFF7E9FFCD
:10C27000636800221A6010BD38B54B681A68CB6835
:10C280009A4205460C4602D10846FFF7E8FF63686C
:10C29000BFF35B8F53E8002F511C43E800100028C8
:10C2A000F8D1BFF35B8FA3689D54002038BD0A28E6
:10C2B00038B504460D4602D10D20FFF7DDFF2946B3
:10C2C0002046FFF7D9FF002038BD2DE9F043054691
:10C2D00087B008460E8891F80090D1F808800C4687
:10C2E0001746F5F703FE011EC6F38216C9F3C2090D
:10C2F0001EDB4846F5F71CFC03462146608851F8D2
:10C30000102B0196C2F34A22002A01EB0204C0F36B
:10C310000B1008BF00210022CDE90407CDE902146B
:10C32000009241462846F5F70DFE07B0BDE8F083C0
:10C330000023E2E703785B075FBF03684288C3F32B
:10C340004A2303EB12105DBF173020F0070080086E
:10C350000020704783689B6903B11847704708B590
:10C360004368197311B11868FFF7F4FF002008BD86
:10C3700010B5406830301C46FFF781FE2060002079
:10C3800010BD10B5406850F8984B02F0F7FA2046FF
:10C39000FFF7E0FFA3685B6A0BB1204698470020D7
:10C3A00010BD2DE9F04145681E462B7B0C46174613
:10C3B00093B101EB0208A04507D13760D5E90131FF
:10C3C000012098470020BDE8F081286814F8011B7F
:10C3D00083685B689847EEE705F11000FFF7FBFD07
:10C3E00005F1D00330600121BFF35B8F53E8002FCC
:10C3F00043E800100028F9D1BFF35B8F002AE1D198
:10C40000286883685B69002BDCD09847DAE782688C
:10C41000002382F856308268A2F852308268A2F86F
:10C420005030704710B50346BFF35B8F53E8000FE1
:10C4300040EA010243E80024002CF7D1BFF35B8FF0
:10C4400010BD10B50346BFF35B8F53E8000F00EA41
:10C45000010243E80024002CF7D1BFF35B8F10BD2D
:10C46000FDF704BA73B50901856801F51F7104462B
:10C4700016460D4401AA6946284602F0D1FB009BEE
:10C4800023B1284602F0C9FB2046B04702B070BD78
:10C490000EB403B503AA52F8041B0192F7F754FB3C
:10C4A00002B05DF804EB03B0704708B510B1F3F7C4
:10C4B000A3FE80B208BD8B6820B903F51F70002170
:10C4C000FEF756BA03F52B70F9E700F51E7019B1A7
:10C4D0004FF40061FFF7A6BF6FF40061FFF7B1BF33
:10C4E00000F51E7011B10421FFF79CBF6FF004012D
:10C4F000FFF7A7BF08B500F51D7029B10121FFF7AF
:10C5000091FF00F0010008BD6FF00101FFF799FFF6
:10C51000F7E7FDF723BA73B50023044600932046DE
:10C5200000F03DFCE06900F090FE05462046A6685C
:10C53000F7F712FDA368B3F8503006F51F7623B164
:10C540004FF4F670002102F091F901AA69463046D5
:10C5500002F066FB15B1009B002BE0D002B070BD6D
:10C5600010B583681A7D012A044629D1D3F87822B0
:10C57000510408D5D3F87422520704D40146DA6C6A
:10C58000C06900F008FEA0684FF0FF324FF0FF33A3
:10C5900000F54370FFF764FF08212046F7F7C4FB5E
:10C5A0006069F6F725FC2046F6F7E2FD204600F02C
:10C5B000F8FCA06800F54370FFF7ABFF002010BD4A
:10C5C0006FF08500FBE7F8B5044680681F46037DE1
:10C5D000022B0D46164607D0BDE8F8404FF48051B7
:10C5E00000F51E70FFF71EBF4FF0FF324FF0FF3314
:10C5F00000F54370FFF734FFA368D3F878221005E5
:10C6000008D49A6C32B9D3F87432990602D5204610
:10C6100000F0C5FB3B4632462946204600F021FC8F
:10C62000A368D3F87822120508D49A6C32B9D3F8EB
:10C6300074329B0602D52046F7F78EFC606900F045
:10C640008FF8A068BDE8F84000F54370FFF761BFC0
:10C650000CB407B504AB53F8042B0193FFF7B3FFF9
:10C6600003B05DF804EB02B070470EB403B503AB42
:10C67000082153F8042B0193FFF7A5FF02B05DF8E2
:10C6800004EB03B070470EB403B503AB032153F8BA
:10C69000042B0193FFF797FF02B05DF804EB03B0A2
:10C6A00070470EB403B503AB012153F8042B01937B
:10C6B000FFF789FF02B05DF804EB03B07047F8B5EF
:10C6C00005460F46D1B10846FFF7EFFE0646A868BB
:10C6D0004FF42472002300F54370FFF7C1FE0446B7
:10C6E00018B16FF00F042046F8BD731C142BA86816
:10C6F00000D836B900F54370FFF70BFF6FF0150453
:10C70000F1E73946F3F770FDAB6883F83C60A86841
:10C7100000F54370FFF7FDFEE5E710B504468068BD
:10C720004FF0FF324FF0FF3300F54370FFF798FEF4
:10C730002046F6F723FBA068BDE8104000F54370E3
:10C74000FFF7E7BE18B18368D3F8240370476FF092
:10C75000150070478368996409B9FFF758BE7047A0
:10C7600010B502698368126801680446C06898477A
:10C77000236900221A6010BD38B5CB681B7C022BE0
:10C7800005460C4604D10A2802D10D20FFF7F4FF1C
:10C79000236922681B68D55422691368013313602A
:10C7A00023691A6863689A4202D12046FFF7D8FFCE
:10C7B000002038BD08B510B1F3F71EFD80B208BDEA
:10C7C00010B5047B438922442144B2FBF3F003FB00
:10C7D0001022B1FBF3F003FB1010101A10BD10B5BE
:10C7E000047B438921441019B1FBF3F1B0FBF3F052
:10C7F000401A10BD30B5057B43892944B1FBF3F4E1
:10C8000003FB141101312A4401340180B2FBF3F11E
:10C8100003FB1122848001324C1CC480428030BD55
:10C820002DE9F74F002607468846144699460660CC
:10C83000B2462378002B00F0BF80202B3AD0093B72
:10C84000042B37D93B685A1C3A6048F823403B68B0
:10C850004B4500F0B18000262278002AE9D0A6B925
:10C86000164623461C46272E04D05C2E25D0222EA9
:10C8700040F096802046FFF79DFF611C024620464F
:10C8800002F00EFA2278002AD3D0B242A34604F175
:10C89000010420D15846FFF78DFF21460246584635
:10C8A00002F0FEF99BF800605C46002ED9D1C0E78B
:10C8B0000026BEE704F801ABBBE72046FFF77AFF8E
:10C8C000651C02462946204602F0EAF966782C46A5
:10C8D000002EC8D1ADE75C2A9BF80120D3D1B2422B
:10C8E000104608D15846FFF765FF214602465846D4
:10C8F00002F0D6F9B0E7302A25D1022300251BF833
:10C900000300A0F13001C9B2072919D8ED000133A5
:10C91000EDB2052B45EA0105F1D1591E594458469F
:10C9200001930091FFF746FF019B0099023BC21A59
:10C93000584602F0B5F99BF801208BF80050A2E7A9
:10C94000DBB2022BE9D1782825D1022100251BF882
:10C950000130A3F13000C0B2092808D82D01EDB292
:10C960000543022901D00423D7E70321EFE7A3F110
:10C970006100052805D82D01EDB2573B1D43EDB2EE
:10C98000EFE7A3F14100052803D82D01EDB2373BB5
:10C99000F4E7022902D10BF1010474E70323BCE799
:10C9A000202E85D0093E042E82D96678631C002E85
:10C9B0007FF458AF1C463CE7304603B0BDE8F08F2B
:10C9C000F8B50E4611460746154602F0D6F904465C
:10C9D000E0B12846FFF7EEFEA742054607D214F85D
:10C9E000013C202B02BF0135ADB204F1FF342046DB
:10C9F000FFF7E0FE3388421C5B1B521B338061193A
:10CA0000204692B2BDE8F84002F04AB9F8BD2DE9DF
:10CA1000F0410F4686B01646044670B1034601AC9D
:10CA200000F1100518685968224603C20833AB426A
:10CA30001446F7D11868106001AC4FF00008414669
:10CA400032462046F7F794F808F10108054628B168
:10CA500029683846F3F7BEFB0028F0D1284606B017
:10CA6000BDE8F0812DE9F0471C46DDF820809DF8F7
:10CA7000249000230F46164623602368BB420546D8
:10CA80001BD256F8230000F0ECFD2368824618B153
:10CA9000013323602846F0E756F823104246284623
:10CAA000FFF7B5FF48B123685A1C2260B9F1000FA7
:10CAB000E3D08045E1D1236055462846BDE8F087A4
:10CAC000F8B50746FFF776FE054638BBF8BD54B10A
:10CAD0008AB2AA1A013001323944384402F0E0F82F
:10CAE0002C1BA5B20024334698B26A1E9042EDDAA0
:10CAF0003A5C202A03F1010602D0093A042AF2D84E
:10CB0000B1B28BB29D42EED97B5C202B02D0093BA7
:10CB1000042BDCD80134A4B20131F2E700231C4617
:10CB2000E2E7F8B5846894F8563006462BB9B36846
:10CB3000B3F85020A3F85220F8BD04F15600B4F821
:10CB40005030C21812F8012C202A1CD0093A042AAD
:10CB500019D90022C25413461D460133425D202AD2
:10CB60009BB200EB0501F7D0093A042AF4D9002D55
:10CB7000DDD0B4F850707A1C521B7F1B02F090F885
:10CB8000A4F85070D3E7013B9BB2A4F85030002BBF
:10CB9000D5D184F85630CAE70EB403B503AA52F8CB
:10CBA000041B0192F6F7D0FF02B05DF804EB03B06E
:10CBB000704710B50446F3F71FFBB4F8503013FA72
:10CBC00080F038B1638FB0FBF3F203FB1200B0FAD0
:10CBD00080F0400910BD38B584682046F3F70CFB9F
:10CBE000D4F87452B4F85230C5F3400580B205FB56
:10CBF0000300638FB0FBF3F203FB1200B0FA80F086
:10CC0000400938BD10B50446FFF7E5FF18B9A06824
:10CC1000FFF7CFFF20B16069BDE81040F7F716B805
:10CC200010BDF8B584680546B4F85020B4F8521029
:10CC300004F13000FFF7DEFDA868A78EE68EFFF74F
:10CC4000B8FF10B16869F7F701F8B74207D1218E34
:10CC5000638E2846C91ABDE8F840F7F713B8E18E8D
:10CC6000A38E2846C91AF6F7F7FFF0E7F8B5044691
:10CC700080680D46B0F85210B0F8502030300D44A6
:10CC8000FFF7B8FDA068ADB2B0F852102A463030B8
:10CC9000FFF7A5FD0746A0682A46B0F852103030CD
:10CCA000FFF78EFD794206462046F6F7D5FF31465E
:10CCB0002046F6F7E7FFA368A3F85250F8BD2DE928
:10CCC000F0410C1E064636DA644224B24FF0FF35BE
:10CCD000A4B2AFB216E0B368B3F852C0B3F8508054
:10CCE00003F1560E6146002281B96B1C02D0B8F1E7
:10CCF000000F0FD1A1EB0C0109B23046FFF7B6FFD0
:10CD0000013CA4B2002CE6D1BDE8F081884501D1F8
:10CD1000012DEFD01EF8013023F0200041381928F2
:10CD200007D9303B092B04D9002AE3D1394489B211
:10CD3000DAE70122FAE70125CAE78368B3F852105F
:10CD4000494209B2FFF792BF8368B3F85010B3F8B5
:10CD50005230C91A09B2FFF789BF8368B3F852305D
:10CD60001BB14FF0FF31FFF781BF70478368B3F805
:10CD70005220B3F850309A4202D20121FFF776BF19
:10CD800070478268B2F85210A2F850108368B3F866
:10CD900052201344002283F85620F6F74BBF10B5FB
:10CDA00004468068B0F85020B0F852103030FFF7D9
:10CDB00021FDA368198E2046C1F10101F6F762FF3B
:10CDC000A368998E20460139F6F746FF2046BDE854
:10CDD0001040F6F72FBF2DE9F041054686B00F460B
:10CDE00014460026A4B906B0BDE8F081D3F8782235
:10CDF0009207FBD5BFF35B8F03F51E7353E8001F4B
:10CE000021F0020143E80012002AF7D1BFF35B8F43
:10CE1000686803682246D3F80C80B9196B46C0478E
:10CE2000009A1644A41A002ADCD1AB68197D0329A4
:10CE3000EED00229DAD803F52B73012101A801F005
:10CE4000BEFE4FF0FF324FF0FF33012101A8FDF786
:10CE500037FDA86800F52B7001F0DFFED8E7FFF77B
:10CE6000BABFF7B51E4683681546D3F87422D206BA
:10CE7000044613D593F83E208A420FD0DB8FADF8DD
:10CE80000430F6F751FF606932462946F6F75CFE3A
:10CE900001A92046F6F768FF03B0F0BD606932468D
:10CEA000294603B0BDE8F040F6F74EBE0CB407B516
:10CEB00004AB53F8042B0193FFF7D3FF03B05DF8E5
:10CEC00004EB02B070472DE9F0418768B7F8506075
:10CED000B318FF2B05468846144626DCB7F85230B7
:10CEE000F61A56331F44B6B232463946381901F0A5
:10CEF000D7FE22464146384601F0C4FEAA68B2F881
:10CF000050302344A2F85030AB68B3F8502013449B
:10CF1000002283F85620AB68D3F87412890706D430
:10CF2000B3F852201444A3F85240BDE8F0813146D2
:10CF30002846BDE8F041F6F799BFFFF7C4BF38B502
:10CF400005468068B0F85220B0F85040A41AA4B248
:10CF50009CB156321044411C224601F0A1FEAA6841
:10CF6000B2F85030013BA2F85030611E2846012231
:10CF7000BDE8384089B2F6F779BF38BD10B583688F
:10CF8000B3F8502004465AB1B3F8523043B14FF0D1
:10CF9000FF31FFF76BFE2046BDE81040FFF7CFBF23
:10CFA00010BD70B592B00023054601934FF47A741A
:10CFB0006868036840221E6902A901ABB047019B63
:10CFC00013B108B9013CF3D112B070BDF8B5C36913
:10CFD0005E695F6883683046D3F87452FEF739FEA5
:10CFE000C5F30015044650B1014605F10E0238465E
:10CFF000FFF76BF930462146FEF77FFE0120F8BDB2
:10D0000043681B68D3E90632BFF35B8F53E800CF58
:10D010008C4443E800C00028F8D1BFF35B8F9368CD
:10D02000BFF35B8F53E8000F084443E80002002A77
:10D03000F8D1BFF35B8F70472DE9F04743681E6856
:10D04000F369B268D3F81480D2F874429A68D3F8BE
:10D0500004901279012A07460D46C4F3001403D048
:10D06000032A4FD0BDE8F087D8680B7859075EBF18
:10D070002B68C3F34A246B8840F2E7314FF0000A73
:10D0800058BF04EB13144FF4004C8E46514658BF62
:10D090001734E0FB0CE158BF24F007044FF47A7218
:10D0A0004FF00003704654BFA4080024F3F778F84B
:10D0B00002460B4640462146FEF72DFD814628B923
:10D0C00038460121BDE8F047FFF79ABF012CF7D998
:10D0D0002946026851F8043BC3F39D0363F39F02A2
:10D0E00040F8042B621E920001F0CCFD40464946F8
:10D0F000FEF790FDB06800F523705146BDE8F0479B
:10D10000FDF736BC3046FFF74AFE01F0FDFA04F1A8
:10D110000E07044600B3EFF31184202383F3128833
:10D12000BFF36F8FB368D3F878321A051ED53A462D
:10D1300029464846FFF7C9F8B368D3F878321B058B
:10D1400002D43046F6F708FF01F0DEFA90B184F31E
:10D150001188BFF36F8F85E7B06800F543704FF01B
:10D16000FF324FF0FF33FCF781FBDBE73046FFF780
:10D1700016FEDCE7B06800F54370BDE8F047FCF749
:10D18000EDBB10B513460C460A4601461846FFF79C
:10D1900066FE204610BD70B504460D461646D0E921
:10D1A0000410FEF797FC324620682946F4F77EFD0E
:10D1B00063685B685D60A36800221A60A36801224F
:10D1C0001A7170BD10B504460068FEF7B5FFA3687C
:10D1D00002221A7110BD10B543681C6860680368AC
:10D1E00001219B68984758BBE3699B6803221A7129
:10D1F000A368BFF35B8F03F51E7353E8001F41F470
:10D20000005143E80012002AF7D1BFF35B8FA068FA
:10D21000B0F85020B0F852103030FFF7EBFA4FF072
:10D22000FF312046F6F718FDA368198E20464942C3
:10D23000F6F728FD2046FFF7C9FE0028FAD110BDF9
:10D24000E069BDE81040FFF7BDBF73B503688268B1
:10D250005B681D68AB68D3F87432BFF35B8F04461C
:10D26000C3F30013002152E8006F42E800100028C9
:10D27000F9D1BFF35B8F26B14BB960683146F4F743
:10D28000CBFF284602B0BDE87040FFF79FBEAB68F9
:10D290002846DB8FADF804300121F6F745FD6068C4
:10D2A0003146F4F7B9FF01A92846F6F75DFDE8E736
:10D2B0000EB403B503AA52F8041B0192F6F744FC1E
:10D2C00002B05DF804EB03B070472DE9F843054662
:10D2D00090460E46002967D00024335D202B23D0D2
:10D2E000093B042B20D93046F2F786FFAB68598FF3
:10D2F00080B2001BA1EB0803984206EB040915D984
:10D300004846002710F8012B202A06D0A2F1090C6C
:10D31000BCF1040F02D80A2A2DD03B4608EB0702C5
:10D32000914227D90137EDE70134D6E74B46002774
:10D33000B84214D013F8012B0A2A19D16869FFF7F3
:10D340000FFA49463A462846FFF745FD6869F6F761
:10D350001BFE0134414628463C44F6F793FC6869BD
:10D360003119FFF7A5FF6869BDE8F843F6F70CBE71
:10D370000137DDE71F466869FFF7F2F93A4649468B
:10D380002846FFF728FD3C44335D202B02D0093BA3
:10D39000042B01D80134F7E76869F6F7F5FD41463B
:10D3A0002846F6F76FFC9EE7BDE8F883002070473B
:10D3B00083690020186070470EB403B503AA52F8C1
:10D3C000041B0192F6F7C0FB02B05DF804EB03B05A
:10D3D000704708B50168FFF772F9002008BD83683F
:10D3E000BFF35B8F03F51D7353E8001F21F020018D
:10D3F00043E80012002AF7D1BFF35B8F002070478B
:10D400008368BFF35B8F03F51D7353E8001F41F082
:10D41000080143E80012002AF7D1BFF35B8F002018
:10D4200070478368BFF35B8F03F51D7353E8001FDC
:10D4300021F0100143E80012002AF7D1BFF35B8FFF
:10D44000002070478368BFF35B8F03F51D7353E8BB
:10D45000001F21F0080143E80012002AF7D1BFF3B2
:10D460005B8F002070478368BFF35B8F03F51D73EC
:10D4700053E8001F21F0020143E80012002AF7D10F
:10D48000BFF35B8F002070478368BFF35B8F03F5AA
:10D490001D7353E8001F41F0100143E80012002AF9
:10D4A000F7D1BFF35B8F002070478368BFF35B8FBA
:10D4B00003F51D7353E8001F41F0200143E80012FB
:10D4C000002AF7D1BFF35B8F002070478368BFF35A
:10D4D0005B8F03F51D7353E8001F41F0020143E821
:10D4E0000012002AF7D1BFF35B8F0020704708B508
:10D4F0008368D3E900210A6051600021C3E900116B
:10D500001A895B8900681A440C32FEF7B8FD0120C5
:10D5100008BD0023C3607047F8B51F460346164692
:10D5200053F8044F9C4202D100203880F8BDC568F2
:10D53000B1B9002DF8D0AC4202D10023C360F3E7AB
:10D540006C68C460002CEFD0228904F10C013046D5
:10D5500001F098FB23893B800022F2540120E5E78B
:10D56000002DEED08368AB42E7D02C68E9E738B5F0
:10D570000446051D6368AB4204D02046FFF7B7FFA1
:10D580000028F7D138BD2DE9F04F02F10C050368F2
:10D59000C5F10009DB6909F0030985B04D449D42DE
:10D5A00004460191174610D80023C3606AB146684B
:10D5B00000F1040AB2450BD05EB13389934208D121
:10D5C00006F10C0001F08EFB18B905B0BDE8F08F34
:10D5D0001E464FF00008236819699A68914201BFFE
:10D5E000C3E90288C3E90588C3F80480C3F8108042
:10D5F00020682A4603A9FEF7BAFC854283461ED955
:10D6000020682A4603A9FEF7B2FC854218D1728928
:10D610005A447281AB44039D01992F813A46A5F883
:10D620000A9005F10C0001F02DFB6268C5E9002AA3
:10D630005560206865605946FEF7B8FCC5E7EAD03A
:10D6400020680021FEF7B2FC63689A45C3D02046EB
:10D65000FFF74DFFBFE7031DC0E901330023C3609F
:10D66000704710B5044628B1F2F7C6FD002380B21A
:10D67000984201D8002010BDE25C3F2A03D02A2A3C
:10D6800001D00133F4E70120F5E710B504468068C6
:10D690004FF48072002100F5AB7001F01BFBA06815
:10D6A000B0F8502000F1560100F5AB7001F0EAFA35
:10D6B000A06800F5AB70FFF703FAA46804F5AB703F
:10D6C000F2F79AFD0130A4F8540010BD10B50446DD
:10D6D0008068B0F8542000F5AB71563001F0D2FAF2
:10D6E000A368B3F85420A3F8502010BDFEE701460C
:10D6F0000068F6F7D7BF08B5F7F744F8BDE808406B
:10D70000F7F764B80A460121FEF788BD0021012021
:10D71000F6F7C8BF61B662B680F31188BFF36F8FAA
:10D72000704772B6002383F31188BFF36F8FBFF386
:10D730004F8F30BF62B6BFF36F8F704772B6002352
:10D7400083F31188BFF36F8FBFF34F8F20BF80F338
:10D750001188BFF36F8F62B67047202809D9B0F1E6
:10D76000004F08D80138B0FA80F0C0F11F00400027
:10D770007047082070473E20704708B5D1E9043152
:10D780009847002008BD08B5F7F728FE002008BD1F
:10D790000B0704D5A0F14103192B98BF2030704727
:10D7A0002DE9F04F85B08A461546029304460028BD
:10D7B0003ED000293CD0002B00F00C810A46A04648
:10D7C000294618F8010BFFF7E3FF0346C0B23F28D4
:10D7D0001778064627D013F0C00F0BD1C8B12A28FE
:10D7E00037D029463846FFF7D3FF864202F10102BF
:10D7F0002DD01DE05B287AD05C28F2D1EB07F0D465
:10D800006078FFF7C5FF10F0FF0618BF04F10208AB
:10D81000E7E7EC0601D52F2F02D0381E18BF0120F4
:10D8200005B0BDE8F08F1FB12F2F03D1A8070DD58C
:10D830000120F5E72E2F09D1690707D55245F7D00A
:10D84000AB0703D512F8013C2F2BF1D0013244462F
:10D85000B5E76078FFF79CFFC1B22A2918D02E2FB8
:10D8600009D16F0707D55245E2D0AE0703D512F8AC
:10D87000013C2F2BDCD079B915F00200D0D0ED0699
:10D8800000F1AA802F21104601F03CFA0038C5E7CC
:10D8900018F8010F2946DDE72F2908D1AC0706D576
:10D8A000104601F02FFA02460028D0D1C0E7029BB3
:10D8B000164603F1FF3925F0040A05F00207B346C6
:10D8C00029469BF80000FFF763FF10F0FF0406F104
:10D8D0000106ADD04B46524659464046FFF760FF21
:10D8E00001289DD12F2CEAD1002FE8D098E7002FF6
:10D8F0009ED02F2F01D1A8079AD43846FFF748FFB2
:10D900006378212B814601D05E2B1DD10234012387
:10D9100014F8010B01932946FFF73AFFC6B25D2EBA
:10D9200015D04FF0000B2F2E48D05C2E07D1EB07FF
:10D9300008D414F8010B2946FFF72AFFC6B2002EBF
:10D940003FF476AF234605E044460023E0E7234654
:10D950004FF0000B21782D2937D1607803932946A9
:10D96000FFF716FF10F0FF00039B18D05D2816D0BC
:10D970005C2804F102030CD115F0010F09D1E31C5E
:10D98000A0780393FFF704FF10F0FF003FF450AFBF
:10D99000039B4E4503DC4845A8BF4FF0010B1C46D6
:10D9A000294614F8010BFFF7F3FEC6B25D2EBAD17B
:10D9B000019B5B453FF43CAF611C03D15B2F7FF4BF
:10D9C00037AF44460132A04641E74E4508BF4FF00D
:10D9D000010BE4E7032023E7084621E74023FFF794
:10D9E000DFBE0369C9B20C2201FB0233186C00F0E0
:10D9F0000700704770B5C9B20369EFF311852024A1
:10DA000084F31288BFF36F8F0C2606FB0134246C5D
:10DA100014F0C00408D0A24206D085F31188BFF3E9
:10DA20006F8F4FF0FF3070BD71430B4401221A64B9
:10DA300085F31188BFF36F8F43680B445B68984789
:10DA40000020F0E78022FFF7D5BFF8B5069F0469F4
:10DA5000C9B2EFF31186202585F31288BFF36F8FCB
:10DA60000C2569430C44256C05F0070CBCF1010F33
:10DA70000BD1276486F31188BFF36F8FC4E90E239F
:10DA800043685B5898470020F8BD05F0C005AF42D9
:10DA900086F31188BFF36F8F0CBF6FF077004FF0E4
:10DAA000FF30F1E713B580240094FFF7CEFF02B0FA
:10DAB00010BD10B40069CBB21C2403FB040000218C
:10DAC00010BC10470020F9F705BE002000F047BB4E
:10DAD0001046FBF793BF43685B68D3F810350B60C3
:10DAE0000020704743685B6802EA010021EA0201F6
:10DAF000C3F80805C3F80C150020704743685B683D
:10DB00000020C3F80815704743685B680020C3F81D
:10DB10000C15704743685A68D2F8043521EA0300AF
:10DB20000B40C2F80805C2F80C350020704710B54C
:10DB300003695868F8B1884219D19C680868586030
:10DB4000A14200D19860002008602AB15A680A609A
:10DB50009A68596002B99960002010E0814206D1AC
:10DB60000868206098688142EDD19C60EBE704462C
:10DB700000680028F2D1002AE8D16FF0150010BD2E
:10DB800030B543681360057A446804EBC504A342CA
:10DB900002D36FF0010030BD5C798C4201D00833B4
:10DBA000F0E70020F7E743681B68D3F88004C3F868
:10DBB0008004704742681368D3F8100150B1D269ED
:10DBC000002012780A70C3F81001D3F81021012246
:10DBD0001A6070474FF0FF307047002A0FDD42682F
:10DBE0001368D3F8100158B10020C3F81001D269AE
:10DBF000D3F8100112780A700120186070470020D5
:10DC0000704710B5436819680369EFF3118220204B
:10DC100080F31288BFF36F8F1868002484731B6829
:10DC20000120D8734FF48003C1F8043382F31188C4
:10DC3000BFF36F8F10BD03691A68012191731B68D0
:10DC40000022DA737047026911680346C87B40B14D
:10DC50005B681B68D3F8580118B100230B61136887
:10DC60009889704743681B68D3F81001003818BFC3
:10DC70000120704743681B681022C3F804237047D3
:10DC800043681B681022C3F80823704743681B6869
:10DC90004FF40072C3F80423704743681B684FF4C5
:10DCA0000072C3F80823704738B543681D68D5F87B
:10DCB00004335B02044605D4D5F8040310F01000C9
:10DCC00006D138BDFFF7BFFF0028F5D00120F8E7E7
:10DCD0002046FFF7C7FF003818BF0120F1E70120F9
:10DCE00070470369186801601B685A6070470268D2
:10DCF0000346D2F8580140B95B68DB0706D4D2F876
:10DD00002001003818BF012070470120704710B46F
:10DD1000436802691B68D3F80413C90517D5D3F803
:10DD20002011A1B1EFF31181202484F31288BFF3F5
:10DD30006F8FD3F8204134B10024C3F82041D3F8C9
:10DD400020410124DC6081F31188BFF36F8F1168DB
:10DD5000D3F8584171B17CB100240C611168C97BC2
:10DD600019B94FF48001C3F8081311688C7B1CB1FA
:10DD700000238B7310BC7047D3F8241121B100210C
:10DD8000C3F82411D3F8243112681368002BF1D0A2
:10DD9000516810BC18472DE9F041066933689C8929
:10DDA000BFF35B8F94420546A8BF1446103301278A
:10DDB00053E8002F002A03D143E800700028F7D170
:10DDC000BFF35B8F0CBF3B4600232BD13368224649
:10DDD000986800F057FFEFF31188202383F312882F
:10DDE000BFF36F8F69680846FFF781FF326840B95B
:10DDF0001061044688F31188BFF36F8F2046BDE899
:10DE0000F0810B689268C3F844250022C3F84845A6
:10DE1000C3F82021D3F82011C3F85821D3F8582192
:10DE20009F60E7E71C46E9E7FEF7F8B90022012109
:10DE30000420F7F78FB810B50B6813B913601846B4
:10DE400005E003685C681CB114600368186810BDC5
:10DE5000083303600B68013B0B60EDE703460A469D
:10DE600000681979012303FA01F103691B6819425B
:10DE700018BF82F0010212B18368DB68184783681B
:10DE80001B69FBE710B5036804464BB19A683AB1C9
:10DE9000186900F06DFB206800210830FFF7DEFFF5
:10DEA000A36933B9636004F11000BDE81040FBF7CB
:10DEB000A5BD10BD10B5006903688B4206D190F86E
:10DEC0007C4034B9FFF7DEFF204610BD6FF015002F
:10DED000FBE76FF00F00F8E710B5046994F84C30D9
:10DEE00043B9216404F12800FBF788FD002384F87E
:10DEF0007C3010BD636C3BB122689288D20701D59B
:10DF000001B9216FA26C984723689B8813F40053D2
:10DF1000ECD1636004F11000E6E71FB5079C0294A2
:10DF2000069C019401240094F8F7B0F904B010BDE8
:10DF30001FB50024CDE901440094F8F7A7F904B017
:10DF400010BDF8B50C46054600F09CF900222146AC
:10DF500006462846F9F70AFF03212046F8F7DEFBBC
:10DF600000F0DFF807462B689B5953B10026214685
:10DF7000284600F085F920460121F8F7CFFB30460E
:10DF8000F8BD00F0CEF8C01B0628ECD96FF0730680
:10DF9000EDE7FEF743B9002201212F20F6F7DABFA3
:10DFA00010B50B6813B91360184605E003685C6888
:10DFB0001CB114600368186810BD083303600B6857
:10DFC000013B0B60EDE713B5002101AA0446FFF702
:10DFD000D7FD002805DB019B226819791868F7F73F
:10DFE00061FE02B010BD03460A460068197901239C
:10DFF00003FA01F103691B68194218BF82F001029C
:10E0000012B18368DB68184783681B69FBE710B5AA
:10E0100004460068D0B18368C3B149B1012108301A
:10E02000FFF7E1FF23681869BDE8104000F0A0BACF
:10E0300012B98388DB0409D4006900F099FA2068DA
:10E040000021BDE810400830FFF7CDBF10BD10B56E
:10E05000012200210446FFF7DAFFA36933B96360A8
:10E0600004F11000BDE81040FBF7C8BC10BD10B5AE
:10E07000006903688B4206D190F87C4034B9FFF701
:10E08000E6FF204610BD6FF01500FBE76FF00F00B4
:10E09000F8E738B5046994F84C3005466BB921644B
:10E0A00004F12800FBF7AAFC002284F87C202869F0
:10E0B0001146BDE83840FFF7AABF636C43B1226840
:10E0C0009288D20701D501B9216FA26C28469847E2
:10E0D00023689B8813F40053E6D1636004F11000B9
:10E0E000E0E71FB5079C0294069C0194012400946C
:10E0F000F8F7D6FC04B010BD1FB50024CDE90144EB
:10E100000094F8F7CDFC04B010BD00F150039B0063
:10E110009BB203F1804303F5883300221A601B6829
:10E12000704708B5F8F76CFF08BDFCF7B3BD08B53C
:10E13000F6F7CCF9F6F7A0FABDE80840FCF7AABD5F
:10E14000004700F015BAC00000F1804000F5F8303B
:10E15000C0F81015C0F814257047F9F73DBFF9F75E
:10E1600035BAF7B5019001A8DDE9084716461D4606
:10E17000F9F742FB019BB6F1000C18BF4FF0010C00
:10E1800000EB83000B1E18BF0123002D43EA4C0354
:10E1900014BF4FF00C0C4FF0000C002C43EA0C03A2
:10E1A00014BF4FF4E06C4FF0000C002F43EA0C0357
:10E1B000D0F8002714BF4FF4403C4FF0000C43EA66
:10E1C0000C0322EA030301B109780EB13678760018
:10E1D00019430DB12D78AD0031430CB124782402E0
:10E1E00029430FB13F783F040C433C43C0F800473C
:10E1F00003B0F0BD1FB50DF10F03019300238DF89F
:10E200000F1000931A461946FFF7ABFF05B05DF8F3
:10E2100004FB08B50146F9F741FB40B10846F9F7A0
:10E2200025FB00B2800000F5807080B208BD4FF47D
:10E23000BE70FBE738B5054608460C46F9F72EFBDD
:10E24000B0B10846F9F71EFB90B90846F9F70EFB86
:10E250002A6801238340C2F808332A6803B202EB1C
:10E260008303D3F8102522F00302C3F8102538BD2C
:10E2700020460021BDE83840FFF7BCBFF9F794BB4A
:10E28000FFF7D8BF0846FFF7C4BF07B5019001A844
:10E29000F9F7A8FE019A01239340C0F8083503B0AE
:10E2A0005DF804FB07B5019001A8F9F79BFE019A00
:10E2B00001239340C0F80C3503B05DF804FB37B57B
:10E2C000D0F818358A69DBB28DF807300B6A9342B3
:10E2D0003EBF4A699DF80740D4540B6A91F8245018
:10E2E0000C695A1C0A62023335B1A3428C6938BFEB
:10E2F0000B619C4288BF8B610D699D4205D9CA683C
:10E30000D35CC0F81C3501200AE08C699C4201D91D
:10E31000CB7FF6E7AA42F6D3A2422CBF0020012011
:10E3200003B030BD70B5A2F58074A408012606FACA
:10E3300004F4054614EA010008D0A85830B10021C1
:10E34000A950AA581A6822431A60304670BD2DE9B8
:10E35000F341002304460D460193904601AB4FF470
:10E36000A672FFF7DFFF4FF4827229462046FFF7BF
:10E37000D9FF4FF48C72074629462046FFF7D2FF9B
:10E38000064630B1B8F1000F1DD017B1D4F83C35B6
:10E390003E4601AB4FF4887229462046FFF7C2FF84
:10E3A00030B1B8F1000F03D016B90FB1D4F83C3535
:10E3B00001AB4FF4907229462046FFF7B3FF019856
:10E3C00002B0BDE8F0814646E3E707B5019001A839
:10E3D000F9F7DEFF019A01239340C0F8083503B036
:10E3E0005DF804FB07B5019001A8F9F7D1FF019A88
:10E3F00001239340C0F80C3503B05DF804FB08B569
:10E40000FAF7B4FB002008BDEFF31180202383F35B
:10E410001288BFF36F8F704780F31188BFF36F8F3F
:10E42000704770B403460C46DA88006819792243B5
:10E43000056986682B6801248C4012F0010F14BF17
:10E440002343A3432B60336870BC184737B50C4691
:10E450000569836801A95B68984748B9019B2A68E8
:10E460005A40012303FA04F10A4214BF184600205F
:10E4700003B030BD6FF08500704708B500F070FA4A
:10E480004FF47A72A0FB020302FB0131C00B40EA99
:10E490004140C90B08BDFDF7C1BE6FF08500704754
:10E4A00070B50446FFF7E9FF10F1320541F10006AF
:10E4B00094F82C10A06AFFF7C9FF08B1012070BDC5
:10E4C000FFF7DBFF854276EB010103DABDE8704020
:10E4D000FAF762BB3220FBF763FEE9E703460A4620
:10E4E00000681979012303FA01F103691B681942D5
:10E4F00018BF82F0010212B18368DB681847836895
:10E500001B69FBE700213030FFF7E8BFFBF726BAB5
:10E51000014640F2E73008B54FF47A72002300EB71
:10E52000C1304914F1F73CFEBDE8084000F09EB947
:10E5300070B50446FFF7A1FF10F1320541F1000666
:10E5400094F82C10A06AFFF781FF08B9012070BD74
:10E55000FFF793FF854276EB010103DABDE87040D7
:10E56000FAF72ABB3220FBF71BFEE9E700F005B8FB
:10E5700008B1F7F739B87047704740B1C3685878A9
:10E5800010F001001EBF1878B0FA80F04009704703
:10E59000EFF31183202383F31288BFF36F8FFEE71D
:10E5A00010B5D0E9003433B90020E268537843F065
:10E5B0000103537010BD204698470028F4D000286E
:10E5C000B8BF4042E368FF28A8BFFF201870ECE7FF
:10E5D00000F080BB00F056BB70474169836843EA96
:10E5E000010212F003020FD1C2600269013A01FB7D
:10E5F000023382689A4201D900207047C2681A60CB
:10E600004269C3609B1AF4E76FF01500704710B5BC
:10E61000C0E904320023816083610446FFF7DDFF17
:10E620000028A8BFC4E9004410BD2DE9F04105460B
:10E630000F46EFF31188202383F31288BFF36F8F07
:10E64000C668FEB90468A0421CD0DCB1D4E900322F
:10E6500013605A60637BA66023F002036373C4E90E
:10E66000006604F1180000F056F92046C4F8B060C6
:10E67000676100F09CF8414605F10800BDE8F041F3
:10E68000FBF794BC3E60AB69EF60013BAB6188F384
:10E690001188BFF36F8FBDE8F08108B52024EFF338
:10E6A000118384F31288BFF36F8FFFF73AF8F6E710
:10E6B000D0E9003213605A60427B002322F002024C
:10E6C000C0E9003342738360704790F90E308B428B
:10E6D00001D0FBF71DBC0020704703460020C3E9B2
:10E6E0000200C3E9003370475AB18A4209D300F1EE
:10E6F0001003C0E90212C0E90000C0E904330020A1
:10E7000070476FF015007047EFF30580003818BFB1
:10E71000012070477830704710B500238B4202D13A
:10E720001360002010BDC45CAA2CF9D10133F5E7B9
:10E730000A46D0E92601FFF7EFBFD0E900321360A7
:10E740005A600023C0E90033704708B5FFF7F5FFB2
:10E75000437B23F0020343730023836008BD38B575
:10E7600004460D46FBF736FB637B43F002036373FD
:10E77000E5B1A5602B689D4209D16B68C4E90053DF
:10E780001C606C6012E06A689A42F6D01B68002B2D
:10E79000F3D094F90E2093F90E108A42F3D09142EF
:10E7A000F1DD5A68C4E9003214605C6038BD10B510
:10E7B000EFF31184202383F31288BFF36F8FFBF7ED
:10E7C000C1FA84F31188BFF36F8F10BD08B5EFF362
:10E7D0001181202282F31288BFF36F8F83680BB1FF
:10E7E000FFF7B3FF81F31188BFF36F8F08BD10B53A
:10E7F0000146EFF31184202383F31288BFF36F8F58
:10E80000437B13F0280F0AD183680BB1FFF79DFFFC
:10E810004B7B23F004034B730846FBF793FA84F316
:10E820001188BFF36F8F10BD01211838FFF7DFBFCC
:10E8300008B50346EFF31181202282F31288BFF35B
:10E840006F8F0068834207D008B1FFF77EFF81F326
:10E850001188BFF36F8F08BD0020F8E710B5FFF7F0
:10E86000B5FFBDE81040183000F055B838B50C467B
:10E870000546FBF755FCB4F1FF3F08BFB5F1FF3F7C
:10E880001FBF47F6FF7300224FF47A71C0FB0132BD
:10E890001ABFD80B40EA42404FF0FF3038BD38B5C0
:10E8A000EFF31185202383F31288BFF36F8F046881
:10E8B000A04213D0A4B1C4F8B01062612046FFF7A3
:10E8C00044FF04F1180000F026F82046FBF73AFA5E
:10E8D000012085F31188BFF36F8F38BD0020F8E762
:10E8E0002046F6E710B5FBF727FE0446FBF72CFEA3
:10E8F00074B1D4E904321B1A62EBE072B3F1004F39
:10E9000072F1000104DA002AACBF1846002010BDE5
:10E910006FF00040FBE738B50246EFF31185202386
:10E9200083F31288BFF36F8F036893B1FBF704FE84
:10E9300004461046FBF712FE844204D1FFF7D2FFD3
:10E940000021F8F7C9FC002085F31188BFF36F8F11
:10E9500038BD6FF01500F7E708B5FBF7EFFE08BD0F
:10E96000FBF7ECBE0023C0E9081200F11802C0E971
:10E970000622C0E9003303634363704710B50446C1
:10E98000FFF7C9FFA8B9636A0BB12046984704F1A5
:10E990001800FFF74DFF60B1FFF709FFEFF311809B
:10E9A000202383F31288BFF36F8FBDE81040FBF77D
:10E9B0000FBB10BD1423F0B503FB010000244FF47E
:10E9C0008B76202701B9F0BD10F8073C40F80C4CBD
:10E9D00003F03F03082BA0F1140C0CD826FA03F324
:10E9E000DB0708D550F8143C2BB150F8105C2B60B5
:10E9F0005D6040E9054482F31188BFF36F8FEFF348
:10EA0000118287F31288BFF36F8F01396046D9E70F
:10EA100070B5D0E90034984209D044B1A568EDB191
:10EA200015F9526C12F9525CB54208D007DDC1E904
:10EA300000042160416010E0A342F8D01B68002B65
:10EA4000F5D09A6862B112F9522CAA42F4D0F3DDE3
:10EA50005A68C1E900321160596070BDAB7BFFDEBE
:10EA6000937BFCE72DE9F84F00258B4614469A4628
:10EA700001462E464FF020082F465D4502DB30460A
:10EA8000BDE8F88FEFF3118988F31288BFF36F8F19
:10EA90004B7B03F03F03013B072B0DD8DFE803F06E
:10EAA0001D040C090C0C0C230B699B6823B1022379
:10EAB0001EE00B691B685BBBBAF1000F21D1237804
:10EAC000FBB14B7B03F03F03013B072B27D8DFE86B
:10EAD00003F0292126212626262C0B699B68002B72
:10EAE000EAD0012304E00B691B6A002BE4D0102359
:10EAF000CA688F60C2F38630034363F39432CA60FE
:10EB0000277089F31188BFF36F8F01351431B4E793
:10EB10000423EDE7086922461030FFF779FF8C6087
:10EB20000136EEE708692246F7E7086922462430F5
:10EB3000F3E72DE9F041846805460E46ECB16378B1
:10EB4000012B25D114F8533C9A0714D5A4F1600782
:10EB50003846FFF783FE082E0CBF6FF00303002337
:10EB6000236514F8533CDB0605D154F8483C13B92F
:10EB70003846FFF71CFE00232370EB68C3F3863290
:10EB80001643002066F39433A860EB60BDE8F08183
:10EB9000022BF0D12378002BEDD054F8048CB8F17F
:10EBA000000FE8D004F11400FFF7B5FEA4F114073C
:10EBB0000023E3623946404600F051F8DBE710B528
:10EBC0005205090201F47C5102F400120A43017B50
:10EBD00000240A43C0E90323846010BD10B5034636
:10EBE000EFF31184202282F31288BFF36F8F006845
:10EBF000834208D0D0E9003213605A600023C0E994
:10EC00000033FFF796FF84F31188BFF36F8F10BDB9
:10EC10000023C0E9000083607047002383607047D1
:10EC200083680B60C3681360704710B400F10C0474
:10EC3000C0E9034410BCFCF796BD026801238B4079
:10EC400022EA0303036022FA01F000F0010070479A
:10EC500020B100221146C030FFF721BE704713B526
:10EC600001900846EFF31184202383F31288BFF349
:10EC70006F8F01A9FBF776FF84F31188BFF36F8FC5
:10EC800002B010BD0A44914200F1FF3300D1704739
:10EC900010B511F8014B03F8014F9142F9D110BDA5
:10ECA000884210B501EB020402D98442234607D8FA
:10ECB000431EA14208D011F8012B03F8012FF8E7F9
:10ECC000024401468A4200D110BD13F8014D02F8FA
:10ECD000014DF7E702440346934200D1704703F821
:10ECE000011BF9E710B501390244904201D100201F
:10ECF00005E0037811F8014FA34201D0181B10BDA5
:10ED00000130F2E7C9B20346184613F8012B12B1DD
:10ED10008A42F9D17047002918BF0020704710B50A
:10ED20006AB10139841810F8012B11F8013F9A4299
:10ED300003D1A04201D0002AF5D1D01A10BD10464F
:10ED4000FCE710B50139044632B111F8013F00F873
:10ED5000013B013A002BF7D10021FFF7BBFF204612
:10ED600010BD10B5024601448A42134603D01C78F8
:10ED70000132002CF8D1181A10BD0A7870B56AB9A2
:10ED800070BD9A4209D10C46054614F8013F002B8C
:10ED9000F6D015F8016F9E42F7D001300378002BB2
:10EDA000EFD11846ECE7F0B5C3F137070446FFB2E0
:10EDB00003F01F031046082BE6B233D0102B3ED0D1
:10EDC0006508A40844EA817445EAC1752D194FEA23
:10EDD000910242EB5102290941EA02716D1842EB9E
:10EDE0001212290A41EA02616D1842EB1222290C23
:10EDF00041EA02416D1842EB1242AD1842F10002A5
:10EE0000EC0844EA4274D10804EB8402A6EB420504
:10EE1000EDB2092D0CD90134A5F10A0541F100012B
:10EE2000EDB212E0E40844EA417406F00705C908AF
:10EE3000303554EA010200F8015BBCD1F0BD240971
:10EE400044EA017406F00F050909092D84BFED1984
:10EE5000EDB2EDE7D1E9043293421EBF5A1C0A61BC
:10EE6000187070470148006870470000481F002074
:10EE70006413FF7F01000000A555000000000000A2
:10EE8000A556000010EF0000FFE3000000000000A6
:10EE90006D96000000000000C1A900000000000005
:10EEA000655A000040EF0000655A000028EF00009E
:10EEB0002BE1000000000000FD5E000058EF0000A4
:10EEC00015590000000000007571000000000000EE
:10EED000551600000000000005540000000000006E
:10EEE0002FE1000000000000E5A900000000000084
:10EEF0001D60000070EF0000BD67000088EF00009B
:10EF0000C18C0000A0EF0000E52B00000000000015
:10EF1000921601001CF9000074F100007C0700202B
:10EF2000881F002010F90000C116010040F9000000
:10EF300038F100007E070020DC1F002034F90000BB
:10EF4000D516010064F9000038F1000080070020A8
:10EF5000E81F002058F900001017010088F9000090
:10EF600090F1000082070020580500207CF9000085
:10EF7000F0180100D8F900005CF1000084070020BF
:10EF80007C050020CCF900000F19010040FA0000B8
:10EF900068F1000086070020FC05002030FA000020
:10EFA000C21B0100C0FA0000FCFA00008807002024
:10EFB00058200020B4FA00007D77000041E10000F5
:10EFC000000000000DD7000058EF00000FDD00002A
:10EFD000000000000DD700005183000041E1000057
:10EFE000000000000DD700001D7E000041E1000080
:10EFF000000000000DD70000000000000DD7000049
:10F00000000000000DD70000000000000DD7000038
:10F01000000000000DD70000000000000DD7000028
:10F02000000000000DD70000000000000DD7000018
:10F03000000000000DD70000000000000DD7000008
:10F040000000000005720000000000000DD7000065
:10F05000000000000DD70000000000000DD70000E8
:10F06000000000000DD70000000000000DD70000D8
:10F07000000000000DD70000000000000DD70000C8
:10F08000000000000DD70000000000000DD70000B8
:10F09000000000000DD70000000000000DD70000A8
:10F0A000000000000DD70000000000000DD7000098
:10F0B000000000000DD70000000000000DD7000088
:10F0C000000000000DD70000000000000DD7000078
:10F0D000000000000DD70000000000000DD7000068
:10F0E000000000000DD70000000000000DD7000058
:10F0F000000000000DD70000000000000DD7000048
:10F10000000000000DD70000000000000DD7000037
:10F11000000000000DD70000000000000DD7000027
:10F12000000000000DD70000000000000DD7000017
:10F130000D8A000041E10000F95A0000D7DA000012
:10F14000E5DA0000FDDA000009DB000015DB000055
:10F15000655900002FDB00000000000031DF0000D7
:10F160001BDF0000B5DE0000F9E00000E3E0000076
:10F170006FE00000FD56000045DA0000A5DA00004F
:10F1800000000000E3D900000000000000000000C3
:10F19000B5DB0000495E0000A7DB000097DD000042
:10F1A000DBDB000003DC000037DC000047DC000094
:10F1B00075DC000081DC000047DC000065DC00003D
:10F1C0008DDC00009BDC0000A9DC0000DFDC00001F
:10F1D000E3DC00006700010003000000B31601003B
:10F1E0000300000081160100030000008000010000
:10F1F000030000008400010003000000BFFF0000C6
:10F20000030000002516010003000000A71C0100F8
:10F2100003000000CB1B0100030000007408010084
:10F22000030000007A080100030000008E160100B0
:10F230000300000002190100030000002D19010065
:10F2400003000000241701000300000074F4000014
:10F250007C1600209801010001000000C8F50000A4
:10F26000241A00208E08010000000000850801001B
:10F2700000050020A8160020D00400200200000095
:10F280004CF50000A416002060F50000F4070020F3
:10F290007A080100800F0020C036002034F60000FC
:10F2A000B4F40000F4F40000B4F500000CF6000023
:10F2B000A0F4000048F60000F8F50000E4F50000B6
:10F2C00020F6000000000000000000000000000028
:10F2D0000000000000000000D5010100DC01010079
:10F2E00000000000D52300000000000061030100C1
:10F2F0006B0301000000000059240000030000001F
:10F30000F5FC0000D3FD000000000000F123000028
:10F31000020000008A0301009103010050F3000085
:10F3200000000000000000008E02010095020100B4
:10F3300000000000A904000001010000EC0201002F
:10F34000F402010000000000412400000000000061
:10F3500000000000000000000000000000000000AD
:10F36000000000008004010085040100000000008E
:10F37000D524000000000000260501002D05010035
:10F3800000000000C925000000000000000000008F
:10F39000000000000000000000000000000000006D
:10F3A00092FF000098FF0000A3FF0000B0FF0000E4
:10F3B000E0040100888C9CA5041122334455667733
:10F3C000E51C0100000100001B5B4A00001B5B48BC
:10F3D00000001B5B324A00001B5B4A00001B5B6D98
:10F3E00000001B3700001B3800001B5B3F336C0024
:10F3F000001B5B4800001B5B324A00001B3700000B
:10F400001B3800001100800003FFFF0F000200F80E
:10F41000FFFFFF01000300000009000601000000DB
:10F420000338FDD870470000400B002000010000A9
:10F430001FC10000C1C0000002000000CBC20000DC
:10F4400000000000000000000000000000000000BC
:10F4500078010100800101000000000000000000B0
:10F4600000000000880101008C01010090010100F2
:10F4700094010100C1220000B5220000E522000035
:10F480009D22000000000000A922000000000000F2
:10F4900041230000841600208D220020100000006F
:10F4A000A8010100AF010100C4F20000000000004B
:10F4B000000000007C05010083050100C8F4000085
:10F4C0000000000000000000CCF4000080040100F7
:10F4D00093050100000000009926000000000000D4
:10F4E000000000000000000000000000000000001C
:10F4F000000000000D0701001407010008F50000DE
:10F5000071270000020200000CF50000D607010080
:10F51000DB070100000000003528000005020000A4
:10F520001308010018080100000000000D2B000066
:10F5300002010000000000000000000000000000C8
:10F5400000000000000000003A000000A22200209D
:10F550001E0000005FCE00006CF20000C804002016
:10F560005CF200008CF50000101A0020640000001E
:10F5700078F50000D019002038100020800000002D
:10F580000000000035C300000200000083D100002D
:10F59000181A0020A22200201E0000001D2C0000CE
:10F5A00083C300005FC30000A3C3000071C3000059
:10F5B00000000000AD0B01006F0B01000000000017
:10F5C000513900000100000039D0000001D00000D6
:10F5D000D7D1000000000000000000000000000083
:10F5E000000000006E0C0100750C0100000000001E
:10F5F0008D410000010000009F0C0100A60C0100DD
:10F600005CF600002D420000010100004B0D0100DE
:10F61000530D0100000000004D41000001000000FA
:10F62000640D01006A0D010088F600000000000072
:10F6300000000000900D0100960D01000000000088
:10F64000F941000001000000A40D0100A80D010017
:10F6500000000000ADD300000000000060F60000D4
:10F66000CB0D0100D30D010000000000B1400000EF
:10F670000100000000000000000000000000000089
:10F6800000000000000000008CF60000170E0100D2
:10F69000200E010000000000F14000000100000009
:10F6A0003D0E01004C0E01002CF700000000000090
:10F6B00000000000FC0E0100030F01006CF80000C8
:10F6C00000000000000000001A0F0100200F0100E0
:10F6D0002CF800000000000000000000370F0100BF
:10F6E0003E0F0100ECF700000000000000000000E9
:10F6F0004D0F0100520F0100ACF70000A9410000BE
:10F7000001010000650F01006B0F01006CF70000A4
:10F7100000000000000000000000000000000000E9
:10F7200000000000000000000000000030F70000B2
:10F730007D0F0100870F01000000000045D400008C
:10F7400001000000BF0F0100C60F01000000000013
:10F7500001D40000010000000000000000000000D3
:10F7600000000000000000000000000070F7000032
:10F77000FD0F01000310010000000000B1D30000E4
:10F7800001000000311001003610010000000000EF
:10F79000DD4000000100000000000000000000004B
:10F7A000000000000000000000000000B0F70000B2
:10F7B000FC0B0100621001000000000067D4000093
:10F7C00001000000F1020100A11001000000000092
:10F7D000CDD4000001000000000000000000000087
:10F7E000000000000000000000000000F0F7000032
:10F7F000FC0B0100B4100100000000003D410000BE
:10F8000001000000F1020100C4100100000000002E
:10F81000D3D3000001000000000000000000000041
:10F8200000000000000000000000000030F80000B0
:10F83000FC0B0100D310010000000000DFD300002A
:10F8400001000000F1020100EB10010000000000C7
:10F85000ABD4000001000000000000000000000028
:10F8600000000000000000000000000070F8000030
:10F87000FC0B0100021101000000000023D4000075
:10F8800001000000F10201001A1101000000000057
:10F8900089D400000100000000000000000000000A
:10F8A0000000000000000000000000000000000058
:10F8B000EDD60000200500201805002010050020CE
:10F8C0000000000008050020E5450000D9440000C4
:10F8D0002D4500008D450000C00400200000000000
:10F8E00000000B0602000000ECF800000000000021
:10F8F0007216010026000207000000207A1601009F
:10F9000022000B112D560000FD55000000000000E4
:10F9100014F9000001000000A11601008557000045
:10F9200071560000A7160100C5DA0000CBDA00000E
:10F93000AD16010038F9000001000000CF160100EB
:10F94000FFFF000000030050000000000100000065
:10F9500000600040000000005CF9000001000000B1
:10F96000E3160100BCF801FF000000500000000099
:10F9700000000000006000400000000080F900006E
:10F98000010000001E1701000020004001000000DF
:10F9900000000000A8F900000000D60100000000EF
:10F9A000C2220020C122002000200040B4F9000043
:10F9B00001000000BCF90000040000000600000087
:10F9C000050000020806000107060003D0F9000048
:10F9D00001000000FD180100004000400000000090
:10F9E000000000FF00FF0000000000000000000118
:10F9F000010000002DDE000008FA0000FFFFFFFFFD
:10FA000000000000000000000040004014FA000068
:10FA1000010000001CFA0000030000001F000004A9
:10FA20001E00000528000006000000000000000085
:10FA300034FA0000020000001C1901002119010025
:10FA400000F00240000000000048E8010000000053
:10FA50000000000000000000FFFFFFFF0000FF00AB
:10FA60000000000000000000FFFFFFFF0200000197
:10FA70000100000097DF0000FFFF00008CFA00008B
:10FA8000FFFFFFFF000000000000000000F0024048
:10FA900098FA000001000000A0FA00000300000036
:10FAA0002F0000042E0000062D00000528EF0000A6
:10FAB0000C000100B8FA000001000000CB1B01009F
:10FAC00088EF0000C0CF6A000001000028EF0000AE
:10FAD0000C0001000000000040EF00000E000000DC
:10FAE00040EF00000200000040EF000003000000B3
:10FAF00040EF00001C000100E8030000C18C000082
:10FB0000E98E0000A18F000075E400009BE4000076
:10FB1000581C0100661C01007A1C0100891C0100B0
:10FB2000951C010078EE000078EE0000C8EE0000A1
:10FB3000D0EE000010EF000010EF0000AC1C010040
:10FB400001000500D61C010002000700B21C0100E4
:10FB500004000800BB1C010008000400C01C0100D8
:10FB600010000900CA1C010020000800D31C01007D
:10FB700040000A00DE1C010080000600FF8FFFFF2E
:10FB8000FF8FFFFFFE8FFFFFFE8FFFFFFD8FFFFF49
:10FB9000FC8FFFFFFC8FFFFF6D757465785F6672E9
:10FBA00065652063616C6C65642077697468204EBC
:10FBB000554C4C20706172616D6574657200000077
:10FBC00043616E277420696E697469616C697A6536
:10FBD000206D757465782C20776173204E554C4CE0
:10FBE0000D0A0000436F756C64206E6F74206C6F9B
:10FBF000636B20706F7765722073617665206D7519
:10FC00007465780053797374656D207374617465DD
:10FC10003A202573202D3E202573004E4643207444
:10FC200068726561642073746172746564004E4625
:10FC3000432073797374656D206177616B656E65C0
:10FC400064202D207374617274696E672073636120
:10FC50006E004E46432071756575652066756C6C47
:10FC60002C2064726F7070696E6720746167206405
:10FC700065746563746564206576656E74005461AF
:10FC8000672064657465637465643A202530325872
:10FC90002025303258202530325820253032582047
:10FCA0002530325820253032582025303258202532
:10FCB000303258004E6F207461672064657465634C
:10FCC00074656400506F776572696E6720646F7742
:10FCD0006E204E46432073797374656D004E464323
:10FCE0002073797374656D2072657475726E696EB8
:10FCF0006720746F20736C6565700057616B652DAC
:10FD00007570204750494F20747269676765726546
:10FD100064210050726F63657373696E6720746845
:10FD20007265616420737461727465640050726FEF
:10FD300063657373696E67207461673A202530329A
:10FD4000582025303258202530325820253032585E
:10FD50002025303258202530325820253032582086
:10FD60002530325800417574686F72697A65642075
:10FD7000746167206465746563746564002A2A2A67
:10FD800020414343455353204752414E544544205C
:10FD90002A2A2A00556E617574686F72697A6564E3
:10FDA00020746167206465746563746564002A2A41
:10FDB0002A204143434553532044454E494544205E
:10FDC0002A2A2A00546167206C6F737420617420A2
:10FDD0002575206D73005461672072656D6F7665BF
:10FDE000642C20726573657474696E672061636347
:10FDF0006573732073746174650052657365747400
:10FE0000696E672061636365737320636F6E7472DC
:10FE10006F6C207374617465004E46432065727286
:10FE20006F72206F6363757272656400504E353176
:10FE3000383020506F7765722D4566666963696555
:10FE40006E742052544F53204170706C696361741A
:10FE5000696F6E205374617274696E672E2E2E0066
:10FE6000504E3531383020646576696365206E6F99
:10FE7000742072656164790057616B652D7570201F
:10FE80004750494F20646576696365206E6F742022
:10FE90007265616479004661696C656420746F20E5
:10FEA000696E697469616C697A6520504E353138C4
:10FEB00030004661696C656420746F20636F6E6604
:10FEC000696775726520504E35313830004661697A
:10FED0006C656420746F20636F6E66696775726508
:10FEE0002077616B652D7570204750494F3A20256A
:10FEF0006400504E3531383020616E642077616B7C
:10FF0000652D7570204750494F20696E697469618D
:10FF10006C697A6564006E66635F7363616E6E65BB
:10FF200072007461675F70726F636573736F7200E4
:10FF3000416C6C20746872656164732073746172C3
:10FF40007465642C20656E746572696E6720736CCD
:10FF5000656570206D6F646500456E746572696ECD
:10FF60006720736C656570206D6F6465004170700B
:10FF70006C69636174696F6E2072756E6E696E670D
:10FF80002E2E2E2028636F756E7465723A202575AB
:10FF90002900534C454550004E46435F4143544968
:10FFA0005645004E46435F5343414E4E494E47002F
:10FFB0004E46435F50524F43455353494E47006DA1
:10FFC00061696E0028756E7369676E6564292063C8
:10FFD000686172202A207573656420666F7220251F
:10FFE000257020617267756D656E742E20497427C7
:10FFF00073207265636F6D6D656E64656420746FE8
:020000040001F9
:10000000206361737420697420746F20766F696453
:10001000202A2062656361757365206974206D61B3
:1000200079206361757365206D69736265686176B7
:10003000696F7220696E206365727461696E2063F6
:100040006F6E66696775726174696F6E732E205387
:100050007472696E673A2225732220617267756D2A
:10006000656E743A25640063627072696E74665FCF
:100070007061636B616765006C6F6767696E6700CD
:100080006C6F67006C6F675F6D676D74004D6573B3
:1000900073616765202822257322292064726F709E
:1000A000706564206265636175736520697420659D
:1000B0007863656564732073697A65206C696D691E
:1000C000746174696F6E2028257529004D657373FE
:1000D0006167652064726F7070656420626563613A
:1000E0007573652069742065786365656473207332
:1000F000697A65206C696D69746174696F6E202816
:10010000257529000D0A001B5B306D00257320004A
:100110005B2530386C755D20005B253032753A25E3
:100120003032753A253032752E253033752C253016
:1001300033755D200025732F003C25733E2000257C
:10014000733A2000253032782000202020007C00E7
:10015000206D657373616765732064726F7070657D
:1001600064202D2D2D0D0A1B5B306D001B5B313B78
:1001700033316D2D2D2D20001B5B313B33316D0054
:100180001B5B313B33336D006572720077726E001A
:10019000696E6600646267006C6F675F6261636BC3
:1001A000656E645F727474006B65726E656C004B93
:1001B00065726E656C20636F6D6D616E6473006354
:1001C00079636C65733A20257520687720637963BD
:1001D0006C65730A006379636C6573004B65726EBE
:1001E000656C206379636C65732E00556E61626C7B
:1001F0006520746F20706172736520696E7075740C
:100200002028657272202564290A00557074696D72
:10021000653A20256C6C75206D730A002D70002DD9
:100220002D70726574747900556E737570706F728D
:10023000746564206F7074696F6E3A2025730A00CC
:10024000757074696D653A20256C6C7520646179F0
:10025000732C20256C6C7520686F7572732C2025AB
:100260006C6C75206D696E757465732C20256C6CD3
:1002700075207365636F6E64732C20256C6C75201C
:100280006D696C6C697365636F6E64730A00757079
:1002900074696D65004B65726E656C20757074696C
:1002A0006D652E2043616E2062652063616C6C6514
:1002B00064207769746820746865202D70206F72DF
:1002C000202D2D707265747479206F7074696F6E53
:1002D0007300342E302E3939005A657068797220D7
:1002E00076657273696F6E2025730A007665727386
:1002F000696F6E004B65726E656C2076657273690E
:100300006F6E2E00556E61626C6520746F20706197
:10031000727365206C6F6720736576657269747996
:100320002028657272202564290A00496E76616C66
:100330006964206C6F67206C6576656C3A20256473
:100340000A00556E61626C6520746F2066696E6488
:10035000206C6F6720736F757263653A2025730A8E
:10036000006C6F675F6C6576656C003C6D6F6475E3
:100370006C65206E616D653E203C736576657269C3
:1003800074792028302D34293E00746872656164C8
:10039000004B65726E656C20746872656164732EC3
:1003A000005363686564756C65723A202575207327
:1003B000696E6365206C6173742063616C6C0A0004
:1003C000546872656164733A0A004E4100257325D2
:1003D0007020252D3130730A00096F7074696F6EBB
:1003E000733A20307825782C207072696F726974A6
:1003F000793A2025642074696D656F75743A2025FB
:100400006C6C640A000973746174653A2025732C5E
:1004100020656E7472793A2025700A00556E61620B
:100420006C6520746F2064657465726D696E6520FB
:10043000756E7573656420737461636B2073697A7C
:100440006520282564290A0A0009737461636B20FA
:1004500073697A6520257A752C20756E75736564CD
:1004600020257A752C20757361676520257A7520A3
:100470002F20257A7520282575202525290A0A0090
:100480006C697374004C697374206B65726E656C73
:1004900020746872656164732E0025702049525182
:1004A0002025303264202573287265616C207369C1
:1004B0007A652025347A75293A09756E75736564F5
:1004C0002025347A750975736167652025347A753E
:1004D000202F2025347A75202825327A752025256D
:1004E000290A00257020252D33327320287265617A
:1004F0006C2073697A652025347A75293A09756EFE
:10050000757365642025347A750975736167652094
:1005100025347A75202F2025347A752028253275C8
:10052000202525290A00737461636B73004C69737D
:1005300074207468726561647320737461636B20E6
:1005400075736167652E0052454144590044495313
:1005500041424C454400646576696365733A0A001C
:100560005B25705D002D2025730020204454206EF3
:100570006F6465206C6162656C733A0064657669CE
:1005800063650044657669636520636F6D6D616EB8
:100590006473004C69737420636F6E66696775726B
:1005A00065642064657669636573005573696E6779
:1005B00020646174612077696474682025640A008E
:1005C000496E636F72726563742064617461207731
:1005D000696474680A00526561642076616C7565AF
:1005E00020307825780A0057726974696E67207622
:1005F000616C756520307825780A00696E76616CCB
:100600006964206164647220272573270A00696E7B
:1006100076616C69642073697A6520272573270ADF
:1006200000696E76616C696420776964746820275C
:100630002573270A00613A733A773A00272D612023
:100640003C616464726573733E27206973206D6139
:100650006E6461746F72790A00272D73203C736990
:100660007A653E27206973206D616E6461746F72D4
:10067000790A006465766D656D206C6F6164207326
:100680007570706F7274732073657474696E67200F
:10069000627970617373206F6E20612073696E6779
:1006A0006C6520696E7374616E63652E0A004C6F11
:1006B0006164696E672E2E2E0A70726573732063F3
:1006C00074726C2D78206374726C2D7120746F209D
:1006D0006573636170650A004E756D626572206FA7
:1006E0006620627974657320726561643A202564BE
:1006F0000A002D2D002D6500556E6B6E6F776E20F4
:100700006F7074696F6E20222573220A006465760B
:100710006D656D00526561642F7772697465207034
:100720006879736963616C206D656D6F72790A55C4
:10073000736167653A0A52656164206D656D6F7219
:1007400079206174206164647265737320776974C1
:1007500068206F7074696F6E616C2077696474686B
:100760003A0A6465766D656D203C616464726573F8
:10077000733E205B3C77696474683E5D0A5772691A
:100780007465206D656D6F72792061742061646499
:10079000726573732077697468206D616E6461742B
:1007A0006F727920776964746820616E6420766165
:1007B0006C75653A0A6465766D656D203C616464AC
:1007C000726573733E203C77696474683E203C76A2
:1007D000616C75653E0064756D7000557361676589
:1007E0003A0A6465766D656D2064756D70202D61C3
:1007F000203C616464726573733E202D73203C73EA
:10080000697A653E205B2D77203C77696474683E89
:100810005D0A006C6F61640055736167653A0A6434
:1008200065766D656D206C6F6164205B6F707469B7
:100830006F6E735D205B616464726573735D0A4FF4
:100840007074696F6E733A0A2D65096C6974746C03
:10085000652D656E6469616E20706172736500520A
:10086000582072696E6720627566666572206675CB
:100870006C6C2E007368656C6C2E7368656C6C5FB5
:100880007561727400756172743A7E242000736819
:10089000656C6C5F756172745F6261636B656E64D9
:1008A00000537562636F6D6D616E64733A0A006E1A
:1008B0006F74207465726D696E617465643A202589
:1008C000630A00506C6561736520737065636966C7
:1008D00079206120737562636F6D6D616E642E0A9D
:1008E000004572726F723A20726571756573746536
:1008F00064206D756C7469706C652066756E6374C8
:10090000696F6E20657865637574696F6E730A0030
:100910003A20636F6D6D616E64206E6F7420666F38
:10092000756E6400546F6F206D616E79206172671F
:10093000756D656E747320696E2074686520636FD1
:100940006D6D616E642E0A0025733A2077726F6EAA
:100950006720706172616D6574657220636F756E7A
:10096000740A005741524E494E473A204120707256
:10097000696E742072657175657374207761732078
:100980006465746563746564206F6E206E6F742097
:10099000616374697665207368656C6C206261635D
:1009A0006B656E642E0A000A257325730053686513
:1009B0006C6C20746872656164206572726F723A43
:1009C00020256400506C65617365207072657373D7
:1009D00020746865203C5461623E20627574746FB7
:1009E0006E20746F2073656520616C6C2061766188
:1009F000696C61626C6520636F6D6D616E64732EEE
:100A00000A00596F752063616E20616C736F2075E9
:100A1000736520746865203C5461623E2062757481
:100A2000746F6E20746F2070726F6D7074206F72AF
:100A3000206175746F2D636F6D706C6574652061D6
:100A40006C6C20636F6D6D616E6473206F722069D2
:100A5000747320737562636F6D6D616E64732E0ABB
:100A600000596F752063616E2074727920746F2055
:100A700063616C6C20636F6D6D616E647320776968
:100A80007468203C2D683E206F72203C2D2D6865D7
:100A90006C703E20706172616D6574657220666F66
:100AA00072206D6F726520696E666F726D61746918
:100AB0006F6E2E0A000A5368656C6C207375707037
:100AC0006F72747320666F6C6C6F77696E67206DE0
:100AD0006574612D6B6579733A0A20204374726CDA
:100AE000202B202861206B65792066726F6D3A207B
:100AF0006162636465666B6C6E707577290A20208D
:100B0000416C7420202B202861206B65792066724F
:100B10006F6D3A206266290A506C656173652072B8
:100B20006566657220746F207368656C6C20646FF5
:100B300063756D656E746174696F6E20666F722087
:100B40006D6F72652064657461696C732E0A000AAA
:100B5000417661696C61626C6520636F6D6D616E79
:100B600064733A0A00253038583A20007C0A005055
:100B700072696E7473207468652068656C70206D8E
:100B80006573736167652E001B5B25642563001B1D
:100B90005B313B3325646D001B5B34303325646D62
:100BA000002573252D2A73002D68002D2D68656C96
:100BB0007000202D20002020004C6F7374206C6F7B
:100BC00067733A20256C750A004163746976652065
:100BD0007368656C6C206261636B656E64733A0A5E
:100BE0000020202532642E203A25732028257329E1
:100BF0000A005B2533645D2025730A006F6666007A
:100C000020756E6B6E6F776E20706172616D6574AA
:100C100065723A200025733A257325730A004563EF
:100C2000686F207374617475733A2025730A004EDF
:100C30006F20726573706F6E73652066726F6D20C2
:100C4000746865207465726D696E616C2C206173C7
:100C500073756D6564203830783234207363726543
:100C6000656E2073697A650A001B5B366E007265DB
:100C70007476616C005072696E742072657475725E
:100C80006E2076616C7565206F66206D6F737420C1
:100C9000726563656E7420636F6D6D616E64007262
:100CA0006573697A6500436F6E736F6C6520676565
:100CB0007473207465726D696E616C207363726504
:100CC000656E2073697A65206F7220617373756D2C
:100CD00065732064656661756C7420696E2063615C
:100CE00073652074686520726561646F7574206631
:100CF00061696C732E204974206D75737420626570
:100D0000206578656375746564206166746572201A
:100D100065616368207465726D696E616C207769C6
:100D2000647468206368616E676520746F20656E07
:100D30007375726520636F72726563742074657871
:100D40007420646973706C61792E00686973746FC4
:100D5000727900436F6D6D616E6420686973746FA2
:100D600072792E007368656C6C0055736566756CDE
:100D70002C206E6F7420556E69782D6C696B652020
:100D80007368656C6C20636F6D6D616E64732E00AB
:100D9000636C65617200436C656172207363726598
:100DA000656E2E0072656D0049676E6F7265206C0E
:100DB000696E657320626567696E6E696E6720771C
:100DC000697468202772656D202700646566617507
:100DD0006C7400417373756D6520383020636861F1
:100DE00072732073637265656E207769647468201E
:100DF000616E642073656E64207468697320736526
:100E00007474696E6720746F2074686520746572ED
:100E10006D696E616C2E006261636B656E64730058
:100E20004C69737420616374697665207368656CBE
:100E30006C206261636B656E64732E0A006261638D
:100E40006B73706163655F6D6F646500546F676796
:100E50006C65206261636B7370616365206B65799B
:100E6000206D6F64652E0A536F6D65207465726D19
:100E7000696E616C7320617265206E6F742073659A
:100E80006E64696E67207365706172617465206558
:100E9000736361706520636F646520666F722062A2
:100EA00061636B737061636520616E642064656C5F
:100EB00065746520627574746F6E2E205468697352
:100EC00020636F6D6D616E6420666F726365732061
:100ED0007368656C6C20746F20696E7465727072D3
:100EE00065742064656C657465206B657920617339
:100EF000206261636B73706163652E00636F6C6F5A
:100F0000727300546F67676C6520636F6C6F7265F6
:100F1000642073796E7461782E00767431303000FD
:100F2000546F67676C6520767431303020636F6D65
:100F30006D616E64732E0070726F6D707400546F0B
:100F400067676C652070726F6D70742E00656368E2
:100F50006F00546F67676C65207368656C6C206503
:100F600063686F2E007374617473005368656C6CF2
:100F700020737461746973746963732E00626163B2
:100F80006B737061636500536574206469666665A0
:100F900072656E742065736361706520636F64654C
:100FA00020666F72206261636B737061636520619C
:100FB0006E642064656C657465206B65792E0064D1
:100FC000656C657465005365742074686520736191
:100FD0006D652065736361706520636F646520666D
:100FE0006F72206261636B737061636520616E6410
:100FF0002064656C657465206B65792E007265737D
:101000006574005265736574207368656C6C207339
:1010100074617469737469637320666F7220746895
:1010200065204C6F67676572206D6F64756C652E07
:101030000073686F7700476574207368656C6C2077
:101040007374617469737469637320666F7220745A
:101050006865204C6F67676572206D6F64756C659D
:101060002E0044697361626C65207368656C6C2046
:101070006563686F2E2045646974696E67206B65CF
:10108000797320616E64206D6574612D6B65797371
:1010900020617265206E6F742068616E646C656497
:1010A00000456E61626C65207368656C6C206563D9
:1010B000686F2E0044697361626C652070726F6D99
:1010C00070742E00456E61626C652070726F6D7079
:1010D000742E0044697361626C652076743130301F
:1010E00020636F6D6D616E64732E00456E61626C7E
:1010F0006520767431303020636F6D6D616E64737E
:101100002E0044697361626C6520636F6C6F726559
:10111000642073796E7461782E00456E61626C652F
:1011200020636F6C6F7265642073796E7461782EC2
:1011300000436F6D6D616E64206275666665722036
:10114000697320746F6F2073686F727420746F20DE
:10115000657870616E6420616C6C20636F6D6D6189
:101160006E6473206D61746368696E672077696C63
:101170006463617264207061747465726E3A2025D4
:10118000730A002A2A2A20426F6F74696E67206EE4
:10119000524620436F6E6E6563742053444B207635
:1011A000332E302E322D3839626131323934616359
:1011B0003962202A2A2A0A002A2A2A205573696EAF
:1011C00067205A6570687972204F532076342E302C
:1011D0002E39392D66373931633439663439326303
:1011E000202A2A2A0A006D757465785F696E697411
:1011F0002063616C6C65642077697468204E554C7F
:101200004C20706172616D6574657200436F756C1E
:1012100064206E6F7420616C6C6F63617465206D07
:1012200075746578206265666F726520696E697491
:1012300069616C697A696E670072302F61313A209A
:1012400020307825303878202072312F61323A20D2
:1012500020307825303878202072322F61333A20C0
:10126000203078253038780072332F61343A2020CE
:10127000307825303878207231322F69703A20204A
:10128000307825303878207231342F6C723A202033
:101290003078253038780020787073723A2020300A
:1012A0007825303878004661756C74696E672069FE
:1012B0006E737472756374696F6E206164647265B5
:1012C000737320287231352F7063293A20307825C6
:1012D00030387800556E68616E646C6564204952E0
:1012E000516E3A202564002A2A2A2A2A2042555380
:1012F000204641554C54202A2A2A2A2A00202053CD
:101300007461636B696E67206572726F7200202072
:10131000556E737461636B696E67206572726F726C
:1013200000202050726563697365206461746120D8
:10133000627573206572726F7200202042464152BE
:1013400020416464726573733A20307825780020F8
:1013500020496D70726563697365206461746120F2
:10136000627573206572726F72002020496E73740B
:1013700072756374696F6E20627573206572726F27
:1013800072002020466C6F6174696E672D706F6902
:101390006E74206C617A7920737461746520707248
:1013A00065736572766174696F6E206572726F72B3
:1013B000002A2A2A2A2A20555341474520464155CA
:1013C0004C54202A2A2A2A2A00202044697669734C
:1013D000696F6E206279207A65726F002020556EE9
:1013E000616C69676E6564206D656D6F72792061EF
:1013F00063636573730020204E6F20636F70726F9C
:10140000636573736F7220696E7374727563746948
:101410006F6E73002020496C6C6567616C206C6F87
:101420006164206F66204558435F52455455524EC3
:1014300020696E746F205043002020496C6C6567F2
:10144000616C20757365206F662074686520455057
:101450005352002020417474656D707420746F20A5
:101460006578656375746520756E646566696E651B
:101470006420696E737472756374696F6E002A2AD2
:101480002A2A2A204D5055204641554C54202A2ABC
:101490002A2A2A002020537461636B696E672065D5
:1014A00072726F722028636F6E7465787420617237
:1014B0006561206D69676874206265206E6F7420B5
:1014C00076616C6964290020204461746120416365
:1014D000636573732056696F6C6174696F6E002069
:1014E000204D4D46415220416464726573733A2029
:1014F00030782578002020496E73747275637469A2
:101500006F6E204163636573732056696F6C6174FD
:10151000696F6E0052657365727665642045786305
:10152000657074696F6E20280053707572696F75ED
:101530007320696E746572727570742028495251F7
:101540002000535053454C20696E207468726561C9
:1015500064206D6F646520646F6573206E6F742006
:10156000696E64696361746520505350002A2A2AA9
:101570002A2A2048415244204641554C54202A2AC8
:101580002A2A2A002020427573206661756C742017
:101590006F6E20766563746F72207461626C652073
:1015A0007265616400202044656275672065766518
:1015B0006E740020204661756C7420657363616CE5
:1015C0006174696F6E20287365652062656C6F7742
:1015D0002900415243485F4558434550542077699C
:1015E000746820726561736F6E2025780A002A2A5C
:1015F0002A2A2A204465627567206D6F6E69746FB0
:101600007220657863657074696F6E202A2A2A2AB1
:101610002A002A2A2A2A2A20257320256429202AFA
:101620002A2A2A2A006D7075004661696C6564205B
:10163000746F20616C6C6F63617465206E657720D8
:101640004D505520726567696F6E2025750A0050F0
:101650006172746974696F6E2025753A2073616ECA
:1016600069747920636865636B206661696C656481
:101670002E00464C4153485F30005352414D5F307D
:10168000006765746F707400000001000000736FE4
:101690006300636C6F636B40343030303030303017
:1016A00000636C6F636B006866636C6B006C6663F1
:1016B0006C6B00636C6F636B5F636F6E74726F6CE7
:1016C000006770696F40353030303033303000673C
:1016D00070696F31006770696F403530303030307D
:1016E0003030006770696F300000010203040506A6
:1016F000074661696C656420746F20616C6C6F6370
:1017000061746520505049204368616E6E656C00BD
:101710007561727440343030303230303000756171
:1017200072743000756172745F6E7266785F756195
:10173000727465004661696C656420746F20616C29
:101740006C6F63617465204750494F54452063684E
:10175000616E6E656C20666F722057414B45004686
:1017600061696C656420746F20636F6E666967756C
:1017700072652057414B452070696E0043532047E6
:1017800050494F20706F72742025732070696E204D
:101790002564206973206E6F74207265616479001E
:1017A0005570646174652065786365656473206352
:1017B000757272656E742062756666657200486146
:1017C0006C662D6475706C6578206E6F742073750F
:1017D00070706F7274656400536C617665206D6F14
:1017E0006465206973206E6F7420737570706F72FA
:1017F000746564206F6E202573004C6F6F7062619A
:10180000636B206D6F6465206973206E6F74207345
:101810007570706F7274656400576F7264207369BD
:101820007A6573206F74686572207468616E203801
:10183000206269747320617265206E6F7420737505
:1018400070706F72746564004672657175656E6361
:10185000696573206C6F776572207468616E2031E2
:101860003235206B487A20617265206E6F74207368
:101870007570706F72746564004661696C65642090
:10188000746F20696E697469616C697A65206E7223
:101890006678206472697665723A2025303878005F
:1018A00057616974696E6720666F722057414B45B6
:1018B0002061636B6E6F776C6564676D656E742015
:1018C00074696D6564206F75740054696D656F751A
:1018D000742077616974696E6720666F7220747214
:1018E000616E7366657220636F6D706C6574650000
:1018F0007370694034303030343030300073706988
:1019000031007370695F6E7266785F73706900731F
:101910007069403430303266303030007370693373
:101920000061726475696E6F5F73706900737069CE
:101930005F6E7266785F7370696D00000000000072
:101940000101000000000000203030303030303025
:1019500030303030303030000101000000000054E1
:1019600065726D696E616C000000000000005454E7
:1019700052205245474745530054696D656F757451
:101980003A20504E35313830206E657665722077BA
:10199000656E7420627573790054696D656F757436
:1019A0003A20504E35313830207374696C6C2062A7
:1019B00075737900535049207265616420666169CE
:1019C0006C65643A202564004661696C6564207426
:1019D0006F20726561642072656769737465722037
:1019E00076616C756500535049206465766963655E
:1019F000206E6F74207265616479004E53532047E6
:101A000050494F206E6F74207265616479004661A1
:101A1000696C656420746F20636F6E6669677572A8
:101A200065204E5353204750494F3A2025640052B9
:101A30005354204750494F206E6F74207265616483
:101A400079004661696C656420746F20636F6E660F
:101A5000696775726520525354204750494F3A20A8
:101A6000256400495251204750494F206E6F742021
:101A70007265616479004661696C656420746F20E9
:101A8000636F6E66696775726520495251204750D1
:101A9000494F3A2025640042555359204750494F39
:101AA000206E6F74207265616479004661696C65AF
:101AB0006420746F20636F6E66696775726520427B
:101AC000555359204750494F3A20256400504E3510
:101AD00031383020696E697469616C697A65642097
:101AE0007375636365737366756C6C790073706985
:101AF0005F7772697465206661696C65643A202558
:101B00006400110D8D00110383004661696C6564EA
:101B100020746F2073656E6420524541445F5245C6
:101B200047495354455220636F6D6D616E64005494
:101B3000696D656F75742077616974696E67206679
:101B40006F722054585F52464F4E5F4952515F5357
:101B5000544154004661696C656420746F2073655C
:101B60006E6420524541445F4441544120636F6D8F
:101B70006D616E64004661696C656420746F2072EB
:101B800065616420726563657074696F6E2062754B
:101B9000666665720054696D656F7574207761695A
:101BA00074696E6720666F722054585F52464F46C4
:101BB000465F4952515F535441540002183FFBFFA6
:101BC000FF00706E35313830403000706E3531387E
:101BD000300048616C74696E672073797374656D49
:101BE00000556E6B6E6F776E206572726F72007546
:101BF0006E6B6E6F776E003E3E3E205A45504859E0
:101C00005220464154414C204552524F52202564A7
:101C10003A202573206F6E204350552025640046DE
:101C200061756C7420647572696E6720696E746585
:101C300072727570742068616E646C696E670A00F8
:101C400043757272656E74207468726561643A20BF
:101C50002570202825732900435055206578636539
:101C60007074696F6E00556E68616E646C65642097
:101C7000696E7465727275707400537461636B2061
:101C80006F766572666C6F77004B65726E656C205F
:101C90006F6F7073004B65726E656C2070616E695A
:101CA000630069646C65006F73002B0064756D6D73
:101CB0007900736C656570696E67006465616400C6
:101CC00073757370656E6465640061626F727469C8
:101CD0006E670073757370656E64696E6700717509
:101CE0006575656400737973776F726B7100286E28
:101CF000756C6C29002A666C6F61742A0000000004
:101D0800C3B80000E1C000000000000001000000AE
:101D1800E0040020000000000000000000000000B7
:101D2800E05100200000000000000000000000005A
:101D38000000000000000000000000000002000099
:101D48009CF5000038120020340800203A000000FA
:101D5800480800203A0000000C0800203A00000063
:101D6800700800203A0000000000000087D700003B
:101D78000000000000000000010000000100000059
:101D88000000000000000000000000007F040100C7
:101D980001000000010000006805002000000000AC
:101DA800000000000000000000000000000000002B
:101DB800C3220020200000000000000000000000F6
:101DC8000000000028FA0000000000008C05002038
:101DD8008C05002000000000010000009C05002088
:101DE8009C050020A4050020A40500200000000098
:101DF80001000000B4050020B40500200000000028
:101E080000000000000000000000000000000000CA
:101E180000000000000000000000000000000000BA
:101E280000000000000000000000000000000000AA
:101E380070EF00000000000000000000000000003B
:101E480000000000ACFA0000010000000C060020B1
:101E58000C06002000000000010000001C06002005
:101E68001C06002024060020240600200000000094
:101E780001000000340600203406002000000000A5
:101E8800000000000000000000000000000000004A
:101E9800000000000000000000000000000000003A
:101EA800000000000000000000000000000000002A
:101EB80088EF00000000000000000000EB22002076
:101EC800E3220020000000000000000000000000E5
:101ED80000000000000000000000000000000000FA
:101EE80000000000000000000000000000000000EA
:101EF80000000000000000000000000000000000DA
:101F080000000000000000000000000000000000C9
:101F180000000000000000000000000000000000B9
:101F280000000000000000000000000000000000A9
:101F38000000000008000000FF0000000000000092
:101F48000300000000000000FFFF0F000C07002046
:101F58000C070020140700201407002000000000D0
:101F6800CDAC000060070020580700205007002073
:101F78000000000048070020E9AD000035AD000072
:101F880069AD0000B1AD0000B42000203A00003A6D
:101F9800B82000203A00003ABC2000203A00003A5D
:101FA800C02000203A00003A7007002034070020C3
:101FB8002C0700202807002024070020000000002C
:0A1FC800000000000000000000000F
:101FD40000000000000000000000000000000000FD
:101FE40000000000000000000000000000000000ED
:101FF40000000000000000000000000000000000DD
:1020040000000000000000000000000000000000CC
:1020140000000000000000000000000000000000BC
:1020240000000000000000000000000000000000AC
:10203400000000000000000000000000000000009C
:10204400000000000000000000000000000000008C
:102054000C0800200C080020000000000000000014
:102064000E000000200800202008002000000000CE
:10207400000000000E000000340800203408002096
:1020840000000000000000000E00000048080020CE
:102094004808002000000000000000000E000000BE
:1020A4005C0800205C080020000000000000000024
:1020B4000E000000700800207008002000000000DE
:1020C400000000000E0000008408002084080020A6
:1020D400100000000A00000040510020E0510020E0
:1020E400405100204051002000000000A8080020BA
:1020F400A808002000000000B4080020B408002054
:102104000000000001000000C4080020C4080020F2
:10211400CC080020CC0800200000000001000000D2
:10212400DC080020DC080020E4080020E40800208B
:102134000000000001000000F4080020F408002062
:10214400FC080020FC080020000000000100000042
:0C2154000C0900200C09002015E015E02B
:00000001FF
