:020000040000FA
:10000000C0EC0120FD35000091CD0100E935000074
:10001000E9350000E9350000E93500000000000086
:100020000000000000000000000000007937000020
:10003000E93500000000000015370000E935000038
:100040002939000029390000293900002939000028
:100050002939000029390000293900002939000018
:100060002939000029390000293900002939000008
:1000700029390000293900002939000029390000F8
:1000800029390000293900002939000029390000E8
:1000900029390000293900002939000029390000D8
:1000A00029390000293900002939000029390000C8
:1000B00029390000293900002939000029390000B8
:1000C00029390000293900002939000029390000A8
:1000D0002939000029390000293900002939000098
:1000E0002939000029390000293900002939000088
:1000F0002939000029390000293900002939000078
:1001000081F0004102E000BF83F0004330B54FEAC8
:1001100041044FEA430594EA050F08BF90EA020F35
:100120001FBF54EA000C55EA020C7FEA645C7FEAC8
:10013000655C00F0E2804FEA5454D4EB5555B8BFEB
:100140006D420CDD2C4480EA020281EA030382EA5C
:10015000000083EA010180EA020281EA0303362DEE
:1001600088BF30BD11F0004F4FEA01314FF4801CC1
:100170004CEA113102D0404261EB410113F0004FD3
:100180004FEA03334CEA133302D0524263EB43038A
:1001900094EA050F00F0A780A4F10104D5F1200E28
:1001A0000DDB02FA0EFC22FA05F2801841F1000183
:1001B00003FA0EF2801843FA05F359410EE0A5F157
:1001C00020050EF1200E012A03FA0EFC28BF4CF088
:1001D000020C43FA05F3C01851EBE37101F000453E
:1001E00007D54FF0000EDCF1000C7EEB00006EEB4B
:1001F0000101B1F5801F1BD3B1F5001F0CD34908D5
:100200005FEA30004FEA3C0C04F101044FEA44522B
:1002100012F5800F80F09A80BCF1004F08BF5FEAB2
:10022000500C50F1000041EB045141EA050130BD92
:100230005FEA4C0C404141EB0101013C28BFB1F5A4
:10024000801FE9D291F0000F04BF01460020B1FAEF
:1002500081F308BF2033A3F10B03B3F120020CDAC2
:100260000C3208DD02F1140CC2F10C0201FA0CF0A0
:1002700021FA02F10CE002F11402D8BFC2F1200C05
:1002800001FA02F120FA0CFCDCBF41EA0C019040BB
:10029000E41AA2BF01EB0451294330BD6FEA040404
:1002A0001F3C1CDA0C340EDC04F11404C4F12002EF
:1002B00020FA04F001FA02F340EA030021FA04F301
:1002C00045EA030130BDC4F10C04C4F1200220FA58
:1002D00002F001FA04F340EA0300294630BD21FA96
:1002E00004F0294630BD94F0000F83F4801306BF5C
:1002F00081F480110134013D4EE77FEA645C18BF50
:100300007FEA655C29D094EA050F08BF90EA020FE6
:1003100005D054EA000C04BF1946104630BD91EADE
:10032000030F1EBF0021002030BD5FEA545C05D1E1
:100330004000494128BF41F0004130BD14F5800420
:100340003CBF01F5801130BD01F0004545F0FE4194
:1003500041F470014FF0000030BD7FEA645C1ABFC9
:10036000194610467FEA655C1CBF0B46024650EA00
:10037000013406BF52EA033591EA030F41F400212C
:1003800030BD00BF90F0000F04BF0021704730B5B2
:100390004FF4806404F132044FF000054FF0000187
:1003A00050E700BF90F0000F04BF0021704730B548
:1003B0004FF4806404F1320410F0004548BF40421D
:1003C0004FF000013EE700BF42004FEAE2014FEA72
:1003D00031014FEA02701FBF12F07F4393F07F4F4D
:1003E00081F06051704732F07F4208BF704793F050
:1003F0007F4F04BF41F40021704730B54FF4607463
:1004000001F0004521F000411CE700BF50EA010265
:1004100008BF704730B54FF000050AE050EA01020E
:1004200008BF704730B511F0004502D5404261EB7E
:1004300041014FF4806404F132045FEA915C3FF4BF
:10044000D8AE4FF003025FEADC0C18BF03325FEA5C
:10045000DC0C18BF033202EBDC02C2F1200300FA0D
:1004600003FC20FA02F001FA03FE40EA0E0021FA32
:1004700002F11444BDE600BF4FF0FF3C06E000BFB0
:100480004FF0010C02E000BF4FF0010C4DF804CD1D
:100490004FEA410C7FEA6C5C4FEA430C18BF7FEADD
:1004A0006C5C1BD001B050EA410C0CBF52EA430C0B
:1004B00091EA030F02BF90EA020F0020704710F18B
:1004C000000F91EA030F58BF994208BF90422CBF1A
:1004D000D8176FEAE37040F0010070474FEA410C13
:1004E0007FEA6C5C02D150EA013C07D14FEA430C31
:1004F0007FEA6C5CD6D152EA033CD3D05DF8040BA2
:10050000704700BF8446104662468C4619466346D3
:1005100000E000BF01B5FFF7B7FF002848BF10F1AA
:10052000000F01BD4DF808EDFFF7F4FF0CBF0120EF
:1005300000205DF808FB00BF4DF808EDFFF7EAFF6B
:1005400034BF012000205DF808FB00BF4DF808ED26
:10055000FFF7E0FF94BF012000205DF808FB00BF1B
:100560004DF808EDFFF7CEFF94BF012000205DF8A5
:1005700008FB00BF4DF808EDFFF7C4FF34BF0120B2
:1005800000205DF808FB00BF7BB972B90029BEBF2F
:1005900000204FF0004106E008BF00281CBF6FF0AC
:1005A00000414FF0FF3000F057B8ADF1080C6DE995
:1005B00004CE002909DB002B1ADB00F05FF8DDF820
:1005C00004E0DDE9022304B07047404261EB4101E1
:1005D000002B1BDB00F052F8DDF804E0DDE902231C
:1005E00004B0404261EB4101524263EB4303704768
:1005F000524263EB430300F041F8DDF804E0DDE92B
:10060000022304B0404261EB41017047524263EB68
:10061000430300F033F8DDF804E0DDE9022304B021
:10062000524263EB4303704753B94AB9002908BFEC
:1006300000281CBF4FF0FF314FF0FF3000F00CB826
:10064000ADF1080C6DE904CE00F018F8DDF804E017
:10065000DDE9022304B07047704700BF034611F87C
:10066000012B03F8012B002AF9D17047034613F838
:10067000012B002AFBD1181A013870472DE9F047E9
:1006800086468C460846089E154674461946002B39
:1006900040F0C2808542B2FA82F245D94AB1C2F135
:1006A000200300FA02FC2EFA03F3954043EA0C0CF7
:1006B00094404FEA154EA8B2BCFBFEF8230C0EFB8B
:1006C00018CC08FB00F943EA0C43994528D9EB18EC
:1006D00008F1FF3704D2994502D9A8F102072B444B
:1006E000A3EB0903A4B2B3FBFEFC0EFB1C330CFB13
:1006F00000F044EA0344A04214D92C190CF1FF3352
:1007000004D2A04202D9ACF102032C44241A43EAD9
:1007100007401EB1D440002334607360BDE8F08709
:100720004746DDE76346F1E792BB431B01214FEAF1
:10073000154EAFB2B3FBFEFC200C0EFB1C330CFBC2
:1007400007F840EA0343984562D9EB180CF1FF30F3
:1007500004D2984502D9ACF102002B44A3EB080364
:10076000A4B2B3FBFEFC0EFB1C330CFB07F744EA00
:100770000344A7424ED92C190CF1FF3304D2A742EF
:1007800002D9ACF102032C44E41B43EA0040C0E769
:10079000C2F1200320FA03F1954090402EFA03F3B2
:1007A00003434FEA154EAFB2B1FBFEFC0EFB1C102B
:1007B000190C0CFB07F841EA0041884504FA02F4E1
:1007C00022D969180CF1FF3004D2884502D9ACF166
:1007D00002002944A1EB08019BB2B1FBFEFC0EFB19
:1007E0001C110CFB07F743EA01439F420ED9EB189B
:1007F0000CF1FF3104D29F4202D9ACF102012B442B
:10080000DB1B41EA004192E76046E3E76146F7E718
:100810006046A3E76346B7E7834206D916B90021CD
:1008200008467BE7C6E900E0F9E7B3FA83F78FB93A
:10083000834201D3724508D8BEEB020460EB030388
:1008400001209C461EB9002168E73846FAE7C6E950
:10085000004CF8E7C7F1200CBB4022FA0CF41C4313
:100860002EFA0CF120FA0CF3B84001434FEA144978
:100870000EFA07F5B3FBF9F81FFA84FE09FB1830EE
:100880000B0C08FB0EFA43EA00439A4502FA07F202
:1008900040D9E31808F1FF3004D29A4502D9A8F1F3
:1008A00002002344A3EB0A0389B2B3FBF9F809FB66
:1008B000183308FB0EFE41EA03418E452CD961181E
:1008C00008F1FF3304D28E4502D9A8F10203214476
:1008D00043EA0040A0FB0298A1EB0E014145CE4641
:1008E000434602D306D14D4504D2B9EB020E68EB64
:1008F00004030138002EA6D0B5EB0E0261EB030114
:1009000001FA0CFC22FA07F34CEA0303F940C6E9AA
:10091000003198E74046C5E74346D9E700000000AC
:100920002DE9F04F9DB0154A1548032108AF1BF083
:10093000D4F91BF0D4F900F06FFE061E06DA114A56
:1009400033460F4801211CF08CF911E000F00AFF3A
:10095000061E02DA0C4A3346F3E70C4833F0C4F8BB
:10096000C0B90B4A064801211BF0B7F96FF0120617
:1009700030465437BD46BDE8F08F00BF2E660300F9
:10098000AC44030056660300776603009C420300F4
:1009900095660300D94ADA48DA4D03211BF09DF928
:1009A00008F080FB04462BF024FDC0F307237B7284
:1009B000C0F30743BB723872B9682046002220F0AA
:1009C00001F80022FF21204620F00BF8204605F018
:1009D00069FD4FF496724FF4C87128601EF004FA56
:1009E000002211462868C84C1EF0C5F900221146A5
:1009F00028681FF0F6FF00221146286820F00EF844
:100A0000286800211BF079F9286810211DF0F1F801
:100A1000286801211DF037FB4FF03608286805F0E3
:100A200041FD2022114620601EF0DEF954F8040B2F
:100A3000414646221EF09FF9002247F6FF7154F806
:100A4000040C20F025F854F8046C2BF0D2FCC0F311
:100A5000072387F83400C0F3074087F8353087F85C
:100A60003600796B304600221FF0ACFF0022FF21D8
:100A700054F8040C1FF0B5FF54F8046C2BF0C7FCBD
:100A8000C0F3072387F83000C0F3074087F8313000
:100A900087F83200396B002230461FF0B0FF002289
:100AA00054F8040C02211FF0B9FF54F8040C002183
:100AB0001BF023F908F1340854F8040C10211DF040
:100AC00098F8B8F5B77FA9D10623904A8C4803213E
:100AD0001CF0C7F8286815F041F98D490222044638
:100AE00030F054FA2BF093FCC0F307237B73C0F370
:100AF0000743BB733873F968204600221FF09CFF40
:100B00002046002202211FF090FF73220021204680
:100B10001EF031F928687F4C05F0C4FC5A224FF4CE
:100B2000BE7120601EF060F9206837230022092181
:100B30001EF087F926682BF06AFCC0F3072387F8BC
:100B40002C00C0F3074087F82D3087F82E00F96A93
:100B5000304600221FF036FF20686F4E0022FF2132
:100B60001FF03FFF0022206811461FF057FF0022B0
:100B7000206804211FF08CFF20680A211BF0BDF8BB
:100B8000206810211DF035F8206814F045F86349FD
:100B9000306030F070F800231A46306809211EF0EA
:100BA00050F95F49306800221FF064FF36682BF06F
:100BB00020FCC0F3072387F82800C0F3074087F81C
:100BC000293087F82A00B96A002230461FF043FF17
:100BD0002068544C14F020F85349206030F04BF852
:100BE00023232068002202211EF02BF94C492068A3
:100BF00000221FF03FFF24682BF0FBFBC0F307230C
:100C000087F82400C0F3074087F8253087F82600CE
:100C1000796A204600221FF01EFF444A3848444C9F
:100C200003211BF05AF808F03DFA05F03BFC4FF4A5
:100C300096724FF4C87120601EF0D6F8002211465B
:100C400020681EF098F826682BF0D3FBC0F307232A
:100C500087F82000C0F3074087F8213087F822008A
:100C6000396A304600221FF0ADFE20680022FF21C5
:100C70001FF0B7FE0022114620681FF0CFFE20684B
:100C800000211BF03AF8206810211CF0B2FF206808
:100C900013F0C2FF274906462FF0EDFF2649002238
:100CA00030461FF0E7FE2BF0B2FBC0F307237B7743
:100CB000C0F307433877BB77F969304600221FF04D
:100CC000CAFE6FF027030022092130461EF0B9F852
:100CD000206813F0A1FF194906462FF0CCFF1849F0
:100CE000002230461FF0C6FE2BF091FBC0F3072315
:100CF0007B76C0F307433876BB7623E0AE6603000D
:100D0000AC4403006090002074900020C366030090
:100D100000050020709000206C900020FD6403000E
:100D2000204903006890002040940300DD66030022
:100D300064900020F4660300784C030051660300C1
:100D4000C8450300B969304600221FF084FE0A231B
:100D50000022092130461EF074F8206814F0FEFFCE
:100D600093490222064630F011F92BF050FBC0F3F4
:100D700007237B75C0F30743BB7538757969304627
:100D800000221FF059FE3046002202211FF04DFEC6
:100D9000B422002130461DF0EEFF206813F03CFF26
:100DA000844906462FF067FF8349002230461FF032
:100DB00061FE2BF02CFBC0F307237B74C0F30743C9
:100DC0003874BB743969304600221FF044FE6FF05E
:100DD00013033046002205211EF033F8774A784885
:100DE00003211AF07AFF0EF05FF8764A7448032167
:100DF0001AF073FFDFF8D081404632F075FE08B973
:100E0000724AAFE5D8F808904046D9F800309847C4
:100E1000061E02DA6E4A334693E5D9F80430002103
:100E200040469847061E02DA6A4A334689E56A4A0E
:100E3000634803211AF051FF00220023CDE9062365
:100E400000236FF00802CDE90323CDE901330093BD
:100E50006249634B63484FF4006219F0D9FC624960
:100E60006048DFF888A132F05DFF614A54480321F1
:100E70001AF033FF4FF4A472002307F1400000F092
:100E8000BFFB5C4E00283FD097F84180B8F1000FBF
:100E900040F05A81584B04200121186000F0E0FC1A
:100EA00000220023CDE900235448DFF854B1002389
:100EB0004FF480421AF030FA3378002B00F0A8800B
:100EC00008F00CF84146814608F0B8F82068012186
:100ED0001DF0D9F8286801211CF08BFE86F80080EF
:100EE0001AF0FDFECBE900010121484608F0A6F802
:100EF00008F0D8F81EF0D0F9484620F084F9414AAD
:100F00002F4803211AF0E9FE3F4B1B78012B01D03B
:100F10000DF0CAFF3378002B3ED1DFF8E480D8E92A
:100F20000023012A73F1000336DB1AF0D8FED8E95A
:100F30000023801A61EB0301FFF770FA1AA3D3E9CB
:100F40000023FFF717FB38B396F800B0BBF1000F92
:100F500022D107F0C3FF5946814608F06FF8286890
:100F600001211DF090F8206801211CF042FE0121B2
:100F7000002200234846C8E90023317008F05EF8DB
:100F800008F090F81EF088F9484620F03CF91F4A16
:100F90000B4803211AF0A1FE00214FF4A47032F097
:100FA0005FFF67E7AFF3008000000000004CDD400A
:100FB000F004002000670300C84503001567030024
:100FC000AC4403002B67030088420300566703000C
:100FD0006E67030085670300A16703008057012047
:100FE0006D13000078080020C567030041570120F9
:100FF000D1670300FC0600201005002050070020E8
:10100000F80800200368030040570120916803009E
:101010001AF065FE524BDFF84CC1CBE900011968AC
:101020000131196097F84030052B9FBF4E4850F8AA
:101030002320013240F823201AF803204B4882F085
:101040000102E8468AB00AF80320002A18BF604669
:1010500008AADFF81CC1C2E905C340F20243938429
:10106000444BC2E9071042F8103F002342484FF4B6
:10107000335101F0AFFB97F84030C5465BB93F4AAA
:101080003D4803211AF029FE3D4832F02DFD10B1F4
:101090003C4819F069F907F021FF0021804607F06C
:1010A000CDFF97F840B0BBF1050F2BD8364B1AF89F
:1010B0000B2053F82B909AB32BF0A9F9C0F3072318
:1010C00087F83C00C0F3074087F83D3087F83E00C2
:1010D000F96B002248461FF075FC2C4BE9468AB09C
:1010E00008AA2B49D36140F201331384294BC2E98A
:1010F000051B42F8103F204800234FF4135101F024
:1011000069FBCD4600F064F80121404607F096FFE8
:1011100007F0C8FF1EF0C0F8404620F074F8F3E670
:101120007A602BF066F9C0F3072387F83800C0F324
:10113000074087F8393087F83A007A68B96B484633
:101140001FF040FC144BC9E7B8F1010F7FF4DCAE8F
:1011500097F84030114A084803211BF082FDD3E67E
:10116000A49000201E6603008C90002021660300DE
:101170001768030005000001AC4403004168030048
:10118000884203005C08002074900020276603005A
:101190006868030004000001256603007E68030000
:1011A00010B5084C206806280BD8002100F058FB29
:1011B0002368054A054803211BF053FD4FF0FF3318
:1011C000236010BD10050020AC640300AC44030094
:1011D00070B5344B344C1E7888B0002E41D0334B60
:1011E0003348DA7906929A7905925A7904921A79F3
:1011F0000392DA7802929A7801925A7800921B78D8
:101200002C4A30210EF05CF900231A460221206896
:101210001DF017FE2068284C25492FF02CFDD4E93D
:101220000023012A73F1000337DB1AF058FDD4E9DB
:101230000034C01A61EB04014FF47A720023FFF707
:10124000A3F93B281DDC03461C4A1D4840210EF033
:1012500037F91C4B1A49186808B0BDE870402FF0E8
:101260000ABD194B1D6825B118491148FFF7F6F959
:10127000CAE717490E48FFF7F1F92B462A4609211C
:10128000C5E73C2290FBF2F302FB13000090114AE9
:101290000B4840210EF014F9DBE70F490848FFF72F
:1012A000DDF9D6E7485701206C900020495701200E
:1012B00010570120CA640300000900200E650300D6
:1012C000D056012068900020A8900020F064030010
:1012D000FD6403002465030040940300F0B583B06F
:1012E000044600AF4FF0FF331848194D4FF0FF325E
:1012F00018F072FF174B3B60174B7B602B78A342B3
:101300001DD007F1080202EB83036E4653F8081C58
:1013100002EB84038AB053F8083C6A460F48D36155
:101320000F4B13620F4BC2E9050142F8103F0E4804
:1013300000234FF4235101F04DFAB5462C700348B9
:1013400018F0C2FF0C37BD46F0BD00BFEC0700200F
:10135000405701203E6503004365030050650300CC
:101360000002010304000002AC4403002DE9F04F29
:1013700085B0002300AF444A4448444D444E032105
:10138000C7E902331AF0A9FC4FF0FF334FF0FF32E8
:10139000404819F01DF8404A3C4803211AF09DFCD2
:1013A0000120FFF79BFF3D4A1368013313601AF0D9
:1013B00096FC3B4BC3E900014FF0FF324FF0FF3387
:1013C000304618F009FF3748836808229B68B9182F
:1013D00098470446304618F077FF002C3FD1284646
:1013E000314A03211AF079FCC7F804D08EB097F87F
:1013F00008A097F8099097F80A8097F80BE097F8FB
:101400000CC0787BB97BFB7B6A46DFF8A0B05363E6
:101410000A23C2E905BAC2E90798C2E909ECC2E9A0
:101420000B0142F8103F45F2C0012346284601F067
:10143000D1F907F1080303CB1D4A1E4B1060516020
:10144000D7F804D001221A70FFF7C2FE0020FFF780
:1014500045FF194A032128461AF03FFC94E7631C14
:101460000BD1164A032128461AF037FC114A0023F3
:1014700013700F4A13605360E6E7114A23460121B7
:1014800028461BF0EEFBDFE767650300AC44030072
:10149000D80700205C0800207A650300A89000208F
:1014A00000090020884203008D650300A265030047
:1014B00049570120485701200C660300CF650300FF
:1014C000ED65030070B40D480D4C0023012514F8A0
:1014D000331022FA01F1C90705D5017805FA03F6A0
:1014E0003143C9B201700133072BF0D170BC0548FC
:1014F0004FF42472002319F033B900BF5157012073
:101500005C450300C00400202DE9F04F89B032F0A3
:1015100020FD4FF47A73A0FB030603FB0166C40BA6
:10152000DFF8C080DFF8C090DFF8C0B044EA46447E
:101530000025F60B9BF80030EB40DB0743D59BF80A
:101540000030D9F800004FF0010A0AFA05F223EA48
:1015500002038BF80030026999F804300393029279
:1015600081684F6804A9B847074658B9029A039B97
:101570001168049A0AFA03FA4A4012EA0A0F14BFE1
:1015800001270027012F28D1D8E90023A21A66EBF2
:101590000303962A73F1000315DB0023C8E9004614
:1015A0008DF810508DF81130CDE906460022002349
:1015B00004A90F4818F054FD0E4A00972B460E4818
:1015C00003211BF058FB0135072D08F1080809F12C
:1015D0000809AFD109B0BDE8F08F084A00972B4643
:1015E000EDE700BF080900205845030051570120CE
:1015F00014080020C16803007C440300DE68030077
:1016000008B50146034818F085FDB0FA80F040099E
:1016100008BD00BF140800202DE9F84F474CDFF843
:10162000208100AF0026A346206832F05DFA034611
:10163000D8B95BF836206C468AB011686A464148D2
:10164000D16140F2013111843F49C2E9050642F8F7
:10165000101F3E484FF4115101F0BCF86FF0120515
:10166000A5462846BD46BDE8F88FE3882068217965
:1016700043F4803242F01002D0F810C0D0F808E0F5
:1016800013F0010F4FF00105DCF8003005FA01F509
:1016900014BF2B43AB43CCF80030DEF80030984742
:1016A000054630B12A4A3346284801211BF0D9FAB1
:1016B000D7E72068217983689D694DB14FF00073A9
:1016C0004FF0A072A847054628B1224A3346EBE7FF
:1016D0006FF05705F9E794F804A01F4BC8F80430E1
:1016E000012202FA0AF3D4F80090C8F80830D9F8B9
:1016F0000830DB6913B1414648469847D9F80030B5
:10170000E9468AB06A461549C2E9073A40F2013310
:101710009384134BC2E9051642F8103F0B4800238F
:101720004FF43351013601F055F8072ECD4604F140
:10173000080408F10C087FF477AF92E758450300DE
:10174000AC90002003690300040000017C44030006
:10175000216903003F690300C514000065690300A7
:10176000050000012DE9F84F364CDFF8DC90DFF87A
:10177000DC8000AF0025A246206832F0B5F90346B0
:10178000D8B95AF835206C468AB011686A46304894
:10179000D16140F2013111842E49C2E9050542F8B8
:1017A000101F2D484FF4115101F014F86FF012067C
:1017B000A5463046BD46BDE8F88F20682179E3880C
:1017C000D0F810E0D0F808B0DEF80060DA0754BFB7
:1017D00043F4B01383F4D0134FF0010C23F48012C0
:1017E0000CFA01FCDB074CBF4CEA060626EA0C06A5
:1017F000CEF80060DBF800309847064630B1174A53
:1018000015482B4601211BF02CFAD2E72368EB4642
:101810008AB0196823796A46C2E9071340F2013396
:10182000C2E90595938442F8108F4FF43351034673
:101830000135094800F0CEFF072DDD4604F108040C
:101840009AD1B6E790450300C66903000500000180
:10185000906903000400000194440300AB69030095
:10186000062803460A4615DC0C4951F8300001EB06
:10187000C3010123097903FA01F103691B681942C5
:1018800018BF82F0010212B18368DB6818478368D1
:101890001B69FBE76FF01500704700BF9045030020
:1018A0002DE9F04F91B08407009302F004030293F6
:1018B000C2F3C20303F10103DDF868800392054619
:1018C0000E46059340F0BA81041D30B1072909D8AE
:1018D0006FF01B0011B0BDE8F08F01F00706344433
:1018E000C6F10806009B4FF00009591E4FF0040A8C
:1018F0004FF0FF330193CDF810904F46CB4653463F
:101900000DB1009A22600598002800F3E8809848FD
:10191000009A824203D397488242C0F0E080039A43
:10192000A4EB050E92074FEA9E0000F103810F2FF2
:1019300000F2B180002D00F0058107F140020DEBAF
:10194000020C019A0CF8200C0CF8102C04980130B1
:101950000490E7E07A285DD84B280ED8472859D85C
:1019600029282DD8252852D054D820287AD0233899
:10197000D0F1000B4BEB000B74E04C382E2849D80B
:10198000DFE800F070484848484848484848484818
:101990004B484848484848484859484B4B5959597A
:1019A000704B6D487048184B184848827F4B484828
:1019B0004B487F0000204FF0000B4FF0040A38E046
:1019C0002A38C0B2012202FA00F010EA0E0F49D103
:1019D00010F0625C2FD110EA020B43D06046013C4C
:1019E0005444B4FBFAF40AFB04F4002D61D0A3EBD9
:1019F000050CA444B4453FF66BAF002868D1042B16
:101A000047D158F8043B2360043404232AE0019AA8
:101A1000013A01924FF0000B24E011F8010C6C2800
:101A200034D111F8023C00206C2B8346C5D14FF015
:101A3000080A5346D3E708F1070828F007080734D7
:101A4000F8E802AB24F0070435B106982044B04210
:101A50003FF63EAFC4E900AB08344FF0000B4FF047
:101A6000080A534611F8010F002878D0BBF1000F87
:101A70007FF470AF2528F5D1019B013301934FF01E
:101A8000010B4FF0040AECE7584694E70020834628
:101A9000A5E7082B02D06FF015001BE708F1070837
:101AA00028F00708F8E80223C4E9002308340823D3
:101AB000D8E768B9042B02D108F10408A4E7082B81
:101AC000E9D108F1070828F0070808F10808EDE750
:101AD000059A013A059258F8042B009210E7039AF0
:101AE000900720D5A4EB050E4FEA9E004FF0010CA5
:101AF000BEF5007FCFD20F2FCDD8F5B107F1400250
:101B00000DEB020EC0B2019A0EF8200C0EF8102C4C
:101B1000BCF1000F3FF41AAF60F07F000EF8200C0C
:101B200009F101090137C5F10802043406924FF6A4
:101B3000DA7E97E74FF0000CDAE7BCF1000F01D036
:101B40000136EFE7029802360028EBD10098CDE984
:101B50000631FEF78BFDDDE906310644E2E7631B43
:101B6000B3F5806F97D23DB9A6F10804E018B1E64D
:101B7000B0410300ECDB0300029A28609B082B7045
:101B80009DF81030C2B1EB7085F80290B9F1000FEA
:101B900005D008A80022C5F1010C97420ED1C5F16D
:101BA00001030DF120084FF0000A01930DF1300BF5
:101BB000574512D1601B8DE66B70E5E710F8013BCD
:101BC000190608D50CEB040EB64503F07F033FF66B
:101BD0007FAE04F8013B0132DFE7B9F1000F03D01B
:101BE00098F90020002A17DB029BD3B11AF80B20CA
:101BF00004F8012B0022019B18191044B0423FF653
:101C000067AE98F8000004F8010B00990392204693
:101C100032F031FA039A14440AF1010A08F101087A
:101C2000C6E798F8002055F822300093029B45F84B
:101C300022300098FEF71AFD421CDCE76FF00D0021
:101C400048E600BF2DE9F04F97B000AF90F802A032
:101C5000D7F880B03B62CBF3C0030446FA62BB61A5
:101C6000894641B9457800780AEB800020444D450B
:101C700017D8A0EB0409E378FB61BAF1000F02D09A
:101C80001BF0010F16D1FB6953BBFB6A1BB13A6A0B
:101C90004946204698474D4628465C37BD46BDE834
:101CA000F08F461C3046FEF7E1FC0130304409F16C
:101CB0000109DCE7237862687A62FA6A990079613F
:101CC00004EB8301002A40F000814D460E4601EBF3
:101CD0000A094FF000084E454CD101EB0A0610E00E
:101CE0001BF0020FD1D023789A007A6162687A6281
:101CF000FA6A04EB8301002A77D14D4601EB0A060C
:101D000090461BF0050F0CBF02230123FB62FB6909
:101D100006EB430A0BF00203BB625645BCD016F833
:101D2000021B16F8013C54F82390994B994502D3B5
:101D3000984B994536D3BB69002B40D0786A1AF08E
:101D400073FB00283BD0E9468AB06A46924B536148
:101D50007B6AC2E906314FF4007313848F4B42F85B
:101D6000103F8F4800234FF4125100F033FD023D25
:101D7000CD46D2E716F8013BF96254F82300FEF78E
:101D800075FCD7F88430F96A01304BB1D7F8883048
:101D900098453EBFD7F8843023F8180008F10108B1
:101DA000054498E7BB6923B1786A1AF03DFB002827
:101DB000C9D11BF0010F05D1FB6AED1AADE7BB6A73
:101DC000002BAAD04846FEF751FCD7F8843053B117
:101DD000D7F8883098453FBFD7F88420431C22F8B5
:101DE000183008F10108054497E7BAF1000F72D0E6
:101DF0001BF0040672D0D046002607F14800524678
:101E00003B61B96232F037F9B96A3B6901EB0A020A
:101E1000BA62FA69F9695200FA60BA6A02EB4102E1
:101E20003A610BF00202BA603A69B96A8A4257D144
:101E300062787A621BF0020F32440CBF4FEA5801FD
:101E400000211BF0010FD2B240F09F801BF0040F65
:101E500014BF40460020BB616270A070E1703A6A16
:101E60007969FB6A20469847051EFFF615AFBB69E6
:101E700023707B6A6370FB69E37041463A6AFB6AD0
:101E800084F802A007F148009847B0F10008C0F2BA
:101E9000BB807B693A6AA9EB0A01C91AFB68C91AB7
:101EA000D7E90A0398470028C0F2B080A84408EB9D
:101EB00000054FF0000B07F1380AB34572D300213B
:101EC0003A6AFB6A08469847E6E656464FF000082D
:101ED00007F1380093E75646D04697E7B04695E7B6
:101EE000BA6A12F8021BBA6212F8015C284A54F866
:101EF0002500904202D3274A90421ED3BA6932B1DC
:101F0000786A7B601AF090FA7B6800288CD1BA68F6
:101F100002BB08F1280207F1300C08F101009444DB
:101F200007F1580252FA80F008F102080CF8101C70
:101F30005FFA88F800F8105C76E7BA693AB1786A17
:101F40007B601AF071FA7B6800287FF46DAF1BF09C
:101F5000010F09D006F1280207F13000711C161894
:101F600006F8205CCEB25FE71BF0040F3FF45CAFD5
:101F700008F1280207F1300008F1010102EB000826
:101F800008F8105C5FFA81F84EE7002063E700BFB5
:101F9000B0410300ECDB0300D59203000400000114
:101FA000844403001BF80A3087F8373054F8239034
:101FB000D7F884302BB3D7F888309B4521D2D7F897
:101FC000843033F81B803A6AFB6A012107F137003D
:101FD000984700281ADB0544B8F1000F06D148469F
:101FE000FEF744FB00F101081FFA88F83A6AFB6A21
:101FF000414648469847002808DB05440BF1010B91
:102000005BE74FF00008DEE7454645E6054643E658
:1020100080B505460E461746984618F0AFFE0346B3
:1020200032F0BCF8DFF81890044649F80030424618
:1020300030463946A84754F8090001F055FB00BF67
:102040000800000008B50446EFF31183202383F352
:102050001288BFF36F8F03F027F8204601F044FE8B
:1020600002481AF006FA1AF0A9FEFCE78993030069
:102070002DE9F047058B04462807904611D4022924
:1020800005F0070540F0CC8020461AF060FC78B1DE
:102090000138218B042811D8DFE800F0C2106D85CB
:1020A000950001290CBF45F0100545F0200525835A
:1020B00088F31188BFF36F8FBDE8F08701F0070A3E
:1020C000AA4500F0A5800027B9463E46A368002B2C
:1020D00000F0BC8041F00801218388F31188BFF330
:1020E0006F8FA168002900F0BA800D68002900F008
:1020F000B680D1F80480334652462046C047002DB2
:1021000076D02B6829461D46F0E701F007035A1FD9
:10211000012A1BD8002221F00701062B276889B26B
:10212000C4E9002209D13B4603E0628B013262839D
:102130001B68002BF9D141F00201218320461AF0DF
:1021400006FC00287AD041F0200176E0042B0AD169
:1021500021F0070189B2218320461AF0F8FB10B163
:1021600041F020012183218B01F0070AAA454FD0BD
:102170000027B946AAE7236921F0070141F00601CB
:10218000062DD3F8009021832DD1B9F1000F3FD057
:1021900041F00801218388F31188BFF36F8F3A491A
:1021A0002046C84729E021F00701236941F00401D6
:1021B00089B2042DD3F804902183E6D000273E464F
:1021C0004FF0040A82E721F00701236941F005017D
:1021D00089B2052DD3F808902183D6D000273E463A
:1021E0004FF0050A72E700273E464FF0060A6DE7FA
:1021F0002B4687E7B9F1000FD1D1EFF311882023E7
:1022000083F31288BFF36F8F238B23F0080323839C
:10221000258BEA062ED525F01003238305F007054C
:102220006669218B002EBFF670AF00232768C4E9D2
:10223000003321F0070141F001012183218B01F0DE
:10224000070AAA454FF000097FF440AF002F9CD049
:1022500041F00801218388F31188BFF36F8F002FAD
:10226000C8D03D6839463346524620461AF09BFB9B
:102270002F46F4E7AB067FF51BAF25F02003238341
:1022800005F0070500E700BFD3C901002DE9F047BD
:10229000DFF85880044607464FF0010914B9384664
:1022A000BDE8F08794FAA4F5B5FA85F509FA05F3C7
:1022B0002E0108EB05156FEA030A24EA03042B7BC1
:1022C000002BEBD058F806301B694BB9464404226A
:1022D00073682846196807EA0A0700F067FADDE71D
:1022E000284698470028D9D1F0E700BFEC44030006
:1022F00030B51049104889B0002231F02CFE0F4D46
:102300000F4900220023CDE9062300240E23CDE946
:102310000334CDE901440B4B00944FF4407228463E
:1023200018F076FA0849284631F0FCFC204609B03E
:1023300030BD00BF4D230000C80D00204009002023
:10234000C05F012051260000B2930300014818F03D
:102350000BB800BF440800202DE9F04780461F4815
:102360000F461AF0EFFB0646002830D0002528461D
:10237000BDE8F087237B6BB12368DB680BB1204697
:10238000984723681B69D3B96368042219682046FB
:1023900000F00CFA013610344C45EBD3B8F1000FC5
:1023A000E5D0002DE2D02846FFF770FF0546002F4C
:1023B000F7D000214FF4A47031F052FDF1E7204630
:1023C00098470028E0D00AFA06F31D43E2E7044CE0
:1023D000DFF8109005464FF0010ADDE7109100206C
:1023E000EC440300FC440300014B53F82000704709
:1023F000E44F030008B5034608462BB1044A1360B6
:1024000000F07EFC002008BD6FF01500FBE700BF68
:102410001405002010B5044C237813B9034817F0B5
:10242000A3FF0123237010BD525701204408002050
:1024300010B504460B481AF085FB5CB1BFF35B8F07
:10244000094B53E8001F013943E80012002AF8D174
:10245000BFF35B8F054831F08AFD0548BDE81040A9
:1024600017F082BF089100200C910020C80D0020B9
:10247000440800200020064BBFF35B8F014653E861
:10248000000F43E80012002AF9D1BFF35B8F7047B9
:102490000891002070B5FFF7EDFF084C084E054687
:1024A000B44200D370BD63685B792BB123685B686D
:1024B00013B12946204698471034F1E7EC44030055
:1024C000FC44030010B5044C044920461AF0D8F827
:1024D000034B1C6010BD00BF0C070020D04F030051
:1024E00000910020084A094808B500231370084AE3
:1024F0001360084A4FF400411360FFF77BFFBDE80B
:102500000840FFF7DFBF00BF5357012041CB010058
:10251000089100200C910020014600220148002370
:102520001AF0CFB80C07002001481AF068B900BFB4
:102530000C070020024B014618681AF0B4B900BF1E
:102540000091002001481AF0E9B900BF0C070020F3
:1025500070B5284B187800284BD0FFF7E5FF0546EB
:1025600090B1BFF35B8F244B53E8001F013943E860
:102570000012002AF8D1BFF35B8F204C204EB442EA
:102580002DD32846FFF7D6FF1E4B1F4C1B68002B90
:1025900019DD31F0DEFC4FF47A72A0FB020302FB7E
:1025A0000131C30BD4E9002043EA41439B1A4FEAAF
:1025B000D13140F2E93261EB0001934271F1000147
:1025C00001D3FFF767FFD4E9003213F57A7342F1C4
:1025D0000002C4E90032BDE87040FFF7B3BF636892
:1025E0005B7923B1236829461B682046984710343D
:1025F000C5E770BD525701200C910020EC44030048
:10260000FC44030008910020C00D002070B50D4D62
:10261000297861B90120FFF79FFE0B4C0B4EB442A5
:1026200006D3FFF795FF0028FBD101232B7070BD67
:1026300063685B791BB1236820469B689847103418
:10264000EDE700BF53570120EC440300FC440300B6
:1026500000212DE9F0470846FFF77EFE044658B3F7
:1026600040F267684FF0000931F098FD1B4B1C4A9F
:102670001B58136033B11B4B1B68092B02DD1A4832
:1026800017F072FE194FDFF860A0002544B1204614
:10269000FFF7FCFD044618B94FF0FF384FF0FF3943
:1026A000FFF756FF064628B9B5B942464B46504695
:1026B00017F08EFE3546E9E74FF0FF384FF0FF394F
:1026C000D2E72B689B691BB1002211462846984728
:1026D0001035BD42F5D3E8E7054DFAE708000000E4
:1026E000049100200C91002044080020FC440300C9
:1026F000EC44030013B518481AF024FA174B1B7862
:1027000073B1EFF31184202383F31288BFF36F8F2B
:10271000FFF71EFF84F31188BFF36F8F02B010BD67
:102720000F4B1B68002BF9D050B900220023CDE9D4
:1027300000230C484FF40042002318F0EDFDEDE7B4
:102740000928EBD1074831F012FC074802B0BDE878
:10275000104017F009BE00BF0C9100205357012014
:1027600004910020C80D00204408002010B5064B3D
:102770001B68044698472146A06004481AF020F8D8
:10278000BDE81040FFF7B6BF140500200C0700207D
:10279000044A054B9B1AB1EBD30F34BF52F83100FA
:1027A000002070477C440300EC440300084BC31A2C
:1027B00010B41B1144680133237143689A71436854
:1027C0001960436801225A7110BCFFF723BE00BF95
:1027D000EC4403002DE9F04F8FB004AFC1F34A2859
:1027E000B8600D4691467B600C0DB8F1000F63D0C8
:1027F000002607F114034FF0040B4FF00A0AC7F844
:102800000C80C7E907667E620193CDF808B0CDF869
:1028100000A007F11C03F96832464846FFF712FA98
:10282000B0F5006F03461CD36C468AB0D9F804108B
:1028300004AB2648C3E9050140F2FF71D9611A468D
:102840004FF400711984224B42F8103F214833465F
:102850004FF41251FFF7BEFFA5462C37BD46BDE829
:10286000F08FC0F30A0804F11700184420F00700A5
:1028700080083B60FFF750FE68F35325044690B193
:102880003B68154AC7E9083600F1100107F1140347
:10289000F961CDE900A3CDF808B0F96807F11C0390
:1028A0004846FFF7CFF968F353257B68B9682A4695
:1028B00020461AF07DF9D0E704F1170020F0070058
:1028C0008008FFF729FE0446EDE700BFC793030029
:1028D000040000019C44030085CB01002DE9F04F6A
:1028E00087B0DDE91279DDE9105A04460391934679
:1028F0009846BFB1CDF800903B46524610210020CB
:10290000CDF81490FEF7CCFFB0F5006F06460AD361
:10291000184A194840F2FF73022107B0BDE8F04F92
:102920001AF09FB93E4605F11700304420F0070029
:1029300004F007048008FFF7EFFD0BF0070BE4003D
:1029400044EA8B1444EA462444EA0554054640B15F
:102950003FB1CDF800903B46524631461030FEF76D
:102960009FFF039943462246284607B0BDE8F04F33
:102970001AF01EB9069403009C440300406820B17D
:10298000034BC01A40F3CF0070474FF0FF30704741
:102990007C4403000EB403B503AB014653F8042B8B
:1029A0000448019301F046F902B05DF804EB03B06E
:1029B000704700BFC5CC0100CA0605D48B064CBFCA
:1029C00002490349FFF7E6BF704700BF3F94030089
:1029D0003E9403002DE9F04F89B09B46149B06936B
:1029E0009DF84CA0159B0593169B179E04930446D7
:1029F0000D469046BAF1000F00F09D8006F48073FA
:102A000007931AF0BDF806F00209024600283ED0EE
:102A100091492046FFF7BEFF0746B9F1000F08D0E5
:102A200016F0440F35D18D492A462046FFF7B2FFF4
:102A3000074406F0010353B1894B8A4953F82A2011
:102A4000894B2046002A08BF1A46FFF7A3FF06F469
:102A50008073002B49D006F00803002B63D1B8F136
:102A6000000F66D0814942462046FFF793FF054696
:102A7000069B3D44002B6DD1049B002B73D1F307C3
:102A800000F1E48031462046FFF796FFD8E0074684
:102A9000C3E7774B18680028CAD0764B4FF47A7991
:102AA0001B68B5FBF3F54FF46163B5FBF0F100FB78
:102AB000115509FB05F54FF03C0CB1FBF3F203FB9C
:102AC0001211B5FBF0FEB1FBFCF300FB1E550CFB35
:102AD000131109FB05F50091B5FBF0F56649CDE949
:102AE00001E52046FFF756FFA2E706F00803EBB129
:102AF000624B634953F82A202046FFF74BFF0546F7
:102B0000B8F1000F05D0594942462046FFF742FF71
:102B10000544BBF1000FABD05A495A462046FFF797
:102B200039FF0544A4E74FF0000BE1E706F0080584
:102B3000E6E745469CE7BBF1010F069B06D1002B5B
:102B400064D1049B002B7BD000250CE0002BF8D037
:102B50004D485CE04D48069B4D49224619F033FC38
:102B6000049B002B68D0DFF82C81DFF82C91049FA8
:102B70003146102F204628BF1027FFF71DFF4FF0CA
:102B8000000B5D4545DC059B49461A782046FFF75A
:102B900001FF4FF0010B1BF0070F03D14146204608
:102BA000FFF7F8FE5F453BD9059B494613F80B201C
:102BB0002046FFF7EFFE0BF1010BBBF1100FEAD13E
:102BC000364920464FF0000BFFF7E4FE5A46059BBE
:102BD0009A5CA2F120015F2928BF2E2230492046AD
:102BE000FFF7D8FE0BF1010BBBF1100F1DD01BF04E
:102BF000070F03D141462046FFF7CCFE5F455A46FA
:102C0000E5D841462046FFF7C5FEEBE71F4855468D
:102C1000A1E741462046FFF7BDFE0BF1010BB0E7EF
:102C200020492046FFF7B6FEC5E7059B3B440593C8
:102C3000049BDB1B04939AD1BAF1000F7FF41FAF02
:102C4000204609B0BDE8F04F1AF02FB8064A0549F2
:102C50002046FFF79FFE15E7469403004A940300C1
:102C6000F44F03007B680300419403006F9403005A
:102C70001891002014910020539403000850030081
:102C80007394030079940300FBCC0100C5CC0100D0
:102C9000353C0000869403007E9403008894030072
:102CA0008A9403008494030073B542F20F738B423D
:102CB00028BF0B4605680F4A0446052168460CF0FC
:102CC000FFFB63680C495B6806460B22284619F037
:102CD000DEFF63683246694628465B6819F0D7FF15
:102CE000636806495B681B22284619F0D0FF02B0D2
:102CF00070BD00BFC4D50300A99403008D940300E8
:102D0000074A00210123904206D8064A01B901234F
:102D10001360054B1860704740085B000121F2E723
:102D200040420F001491002018910020014B012215
:102D30001A70704754570120014B002019607047EA
:102D4000309100200148FFF7AFBF00BF38500300AB
:102D500010B5064B18680C46FFF746FB21460346A4
:102D6000BDE8104002480F22184700BF30910020F4
:102D700038500300F8B5094D094B0A4ED5E9004714
:102D800001221A700CB92C60F8BD214630463A4633
:102D900000F01EF8241A0644F4E700BF2491002036
:102DA000555701205657012010B9074B187070472E
:102DB000064B1B781BB141F2883030F090BEA42046
:102DC000002131F04DB800BF545701205557012064
:102DD0002DE9F047DFF878901E4F80460E46042418
:102DE00099F80050A5B930F0E9FB324682464146D9
:102DF000284615F0D1FF0546504630F0E7FBE5B117
:102E000001233B7099F8003073B93046BDE8F08774
:102E100032464146002015F0BFFF0546EFE7204649
:102E2000FFF7C2FF651E2C46002015F0F9FF0028B1
:102E3000EBD03B78002BF2D1E7E73B78002BE4D0D6
:102E4000013C2046FFF7B0FF3B78002BC8D1DCE700
:102E50005557012054570120014B03600020704753
:102E60004850030008B5044819F003FBBDE80840CA
:102E7000024819F0FEBA00BFE59403001A9503005A
:102E8000014818F025BB00BF4850030038B5044680
:102E900018B90F4B0F485B6898476168B1F5683FF8
:102EA00010D0B1F5680F0DD00B4DA9420AD011F426
:102EB0006861206807D00146084830F06DFE0023A5
:102EC0002360656038BD142231F0FDF8F9E700BFDA
:102ED0009C060020489503002C5F5CA934960020D6
:102EE00008B520B34368B3F5683F10D101220368E9
:102EF000BFF35B8F53E8001F002903D143E8002094
:102F00000028F7D1BFF35B8F0DD1002008BD094A1F
:102F100093420AD000684FF0FF324FF0FF3317F0B2
:102F20005BF90028F1D00448F0E70448EEE76FF4BD
:102F3000E040EBE72C5F5CA9E98FFFFFEA8FFFFF22
:102F400008B5D8B14368B3F5683F10D100220368D3
:102F5000BFF35B8F53E8001F012903D143E8002032
:102F60000028F7D1BFF35B8F0BD1002008BD074AC3
:102F7000934208D0006817F0A7F9F6E76FF4E04035
:102F8000F4E70348F2E70348F0E700BF2C5F5CA9D1
:102F9000E98FFFFFEA8FFFFF10B5044618B91D4BFC
:102FA0001D485B6898476368B3F5683F2FD0B3F559
:102FB000680F2CD0194A934219D1236803BB1848D3
:102FC0004FF0FF324FF0FF33214617F01BF808B9DE
:102FD00023681BB90F4B13485B689847206814227D
:102FE000002131F070F84FF46863636008E0B3F5D6
:102FF000683F0DD83A2B03D040F6BA629342DED137
:10300000206830F020FE636843F03A03636010BD2F
:10301000054AF3E79C060020489503002C5F5CA955
:10302000349600206E9503003A00003A08B5064930
:1030300006484023142230F0A1FDBDE808400449B1
:10304000044818F0B7BA00BF34910020349600202D
:1030500050500300645003002DE9F047064600AFCE
:103060000C46002936D0E9468AB0D1E90012A3689F
:103070006D462148A8464FF0050AC5E90501C5E996
:10308000072348F810AF1D48424600234FF4215152
:10309000FFF7A0FBCD46D4E903126369AD4618489B
:1030A000C5F810A0C5E90501C5E9072313480023A9
:1030B00042464FF42151FFF78DFBCD46E369114A9B
:1030C0000E48012119F0CDFDA3690F4A0B480121DB
:1030D00019F0C7FD012E07D1EFF305830B4A07480E
:1030E000103B314619F0BDFD2146304616F0D6FDA5
:1030F000BD46BDE8F08700BF9B950300BC440300BC
:10310000CA950300F995030008960300369603005C
:1031100030BFFFF7FDBF00BF2DE9F0410B4EDFF8D8
:10312000308006EB0807CC1B05463246094920468D
:1031300030F0A1FFA01942460021083C30F0C3FF47
:103140006C6707F10800BDE8F08100BF00000000D7
:1031500004000000FC440300074A936893F90E1032
:10316000002907DB526993421FBF044A536843F0AA
:1031700080535360704700BFC054012000ED00E051
:1031800070B5294C06460D462848294919F007FE16
:10319000A36AD9043CD52548264919F000FE17201A
:1031A000A36A1A0504D52148234919F0F8FD18200F
:1031B0001D4CA36A9B0512D51C48204919F0EFFD50
:1031C000A36BA26A100409D51D4A1848012119F001
:1031D00048FD1EB1A36A23F40043A3621920124CD8
:1031E000A36A590504D51148164919F0D8FD1A20CB
:1031F000A36ADA050ED50D48134919F0D0FD1B203E
:10320000094A936A43F47F43936200232B7070BD95
:103210001620C5E7A36A9B04F2D504480B4919F0B0
:10322000BEFD1C20ECE700BF00ED00E0BC44030045
:10323000499603005F96030070960300839603008F
:103240009C960300B1960300CC960300E49603001D
:1032500010B5204C2049214819F0A1FDA36A99011D
:1032600036D51E481E4919F09AFD1E20A36ADA01C0
:1032700004D51A481B4919F092FD1F20154CA36A6A
:103280001B0304D51548184919F089FD2120A36AAC
:10329000590304D51148154919F081FD22200D4C20
:1032A000A36A9A0304D50D48114919F078FD23202B
:1032B000A36ADB0304D509480E4919F070FD2420E8
:1032C000044A936A6FEA03436FEA1343936210BDA3
:1032D0001D20CBE700ED00E013970300BC44030082
:1032E0002B9703003E97030058970300769703003F
:1032F0009B970300B59703002DE9F843364D8046B0
:10330000894636483649174619F049FDAB6ADE064C
:1033100027D53449314819F042FD1124AB6A1D0705
:1033200004D531492D4819F03AFD12242A4DAB6AD3
:10333000980718D52D49294819F031FD6E6BAB6AF5
:10334000190646D52A4A25483346012119F089FC39
:10335000B9F1000F03D0AB6A23F08003AB621324F2
:1033600003E01024DAE76FF015061B4DAB6ADA07AD
:1033700004D52049194819F012FD1424AB6A9B06A4
:1033800004D51D49154819F00AFD1524124B9A6AF7
:10339000D50602D49A6A90070AD55B68190507D545
:1033A0004146304600F07AFA10B180F309880224D1
:1033B000094B9A6A920642BF5A6A22F400525A6234
:1033C0009A6A42F0FF029A6200233B702046BDE8F1
:1033D000F8836FF01506C2E700ED00E0BC4403007F
:1033E000E0970300F6970300709603002998030006
:1033F0004198030057980300E49603002DE9F0413B
:10340000664B8AB0D3F8048000AF0446C8F30805C1
:10341000002686F31188BFF36F8F02F07F43B3F16C
:103420007F4F07D102F00C03082B12D15C495D4895
:1034300019F0B5FC002634460023FB71EB1E092B66
:1034400000F28A80DFE803F00A80837C888888881D
:10345000888610074CBF0C460126EDE752495148BB
:103460004E4D19F09CFC0023FB71EB6A9A0705D5C1
:103470004E494C4819F093FC002332E0EB6A002BD4
:1034800001DA4B49F5E7EB6A5B00F5D54949454858
:1034900019F085FC6B69A26943F480736B61BFF31B
:1034A0004F8FBFF36F8F6B6932F8022C23F4807358
:1034B0006B61BFF34F8FBFF36F8F4DF602739A426C
:1034C00008D0AB6ADBB273B3FA1D01212046FFF7C7
:1034D00013FF37E02368384A3248012119F0C1FB55
:1034E0002368FA79DAB907F1080504F1200C20689D
:1034F00061682A4603C2083464451546F7D17A6AE2
:10350000002E45D0C2F3080121B96FEA52226FEABA
:1035100042227A6207F108011846FFF79DFD28371D
:10352000BD46BDE8F081AB6A13F47F4F04D0F91DAE
:103530000120FFF725FE05E0AB6AB3F5803F9BD382
:10354000FFF786FE0346CCE7FA1D0021BEE7F91D12
:103550000020EEE719498CE7194A1A4B18F4F87F56
:10356000E8468AB018BF13466A461749C2E90513F0
:103570004FF400731384103D144BD56142F8103F93
:10358000084800234FF41151FFF724F9C54673E7AB
:1035900022F4FF7222F00102BBE700BF00ED00E061
:1035A000A4980300BC440300CF980300E6980300EE
:1035B00007990300159903003499030050990300FB
:1035C0008B980300769803007499030004000001AF
:1035D000044B5A6942F010025A615A6922F00802FB
:1035E0005A61704700ED00E0EFF30880EFF30981C6
:1035F00001B57246FFF702FF01BD00BF002080F356
:103600001488BFF36F8F134880F3088801F07EFDA4
:10361000002011490860BFF34F8F00F033F82020DD
:1036200080F311880D484FF0AA014FF4046230F086
:1036300086FA0A484FF40461401880F30988EFF3D2
:1036400014800221084380F31488BFF36F8F00F0C9
:10365000EDF80000C0EC012094ED00E000630120D3
:103660000749D1F890200023C2F30722184693425D
:1036700000DB7047C1F89830C1F8A0000133F6E7CD
:1036800000ED00E008B572B6002383F31388FFF75E
:10369000E7FF144B4FF0FF32C3F88020C3F88420BB
:1036A000C3F88820C3F88C20C3F89020C3F8942076
:1036B000C3F89820C3F89C20C3F88021C3F8842164
:1036C000C3F88821C3F88C21C3F89021C3F8942152
:1036D000C3F89821C3F89C2162B6BFF34F8FBFF3A4
:1036E0006F8F08BD00E100E0084B9B6883420BD15F
:1036F000EFF3058343B1064B5A6842F080525A609B
:103700005A6A22F400425A6217F03EBBC0540120AC
:1037100000ED00E015498A684FF030001044EFF3E7
:10372000098C80E8F01F202080F31288BFF36F8F90
:103730000F4F4FF000664A698A603E604FF0740494
:10374000141920680B4C2060906F0023936780F35E
:10375000118804B5104600F005F9BDE8044002F1F7
:10376000300090E8F01F8CF309887047C0540120A6
:1037700004ED00E0509600201EF0040F0CBFEFF3A4
:103780000880EFF30980816911F8021C0229FFD03B
:1037900001B5724619F0F8FA01BD00BF40B2002829
:1037A00007DB044A4109012300F01F00834042F86F
:1037B0002130704700E100E040B200280CDB4309F3
:1037C000064900F01F0020330122824041F82320E7
:1037D000BFF34F8FBFF36F8F704700BF00E100E072
:1037E000054B420900F01F0053F82220012303FA81
:1037F00000F01040704700BF00E100E040B2002838
:10380000A8BF00F1604001F10101B8BF064B4FEACB
:103810004111ACBF00F5614000F00F00C9B2B4BF68
:10382000195480F80013704714ED00E00B4A08B5F6
:103830000B4B22F07F029A60BFF34F8FBFF36F8F65
:10384000D3F8882022F47002C3F8882016F012FB07
:1038500017F0BCFB00F05CF816F050FB0000000015
:1038600000ED00E042F8203C009B42F81C3C0A4975
:10387000019B42F8183C029B42F8143C21F00101E4
:103880004FF0807342F8043C42F8081C0023203AB1
:1038900002658367704700BF11200000094A034694
:1038A000906870B113F1160F406E05D0A0F1400280
:1038B0009A4205D8834203D2814228BF0020704734
:1038C00000207047C054012008B51546094A0A4B2C
:1038D0009060426F1A600E4600F044F82C4686F362
:1038E00009880020054B984720460021002200232C
:1038F000034C2047C054012050960020AFCD01005A
:1039000011200000014B10221A61704700ED00E009
:10391000044800232021C2180133302B82F8001301
:10392000F9D1704700E100E008B5EFF30583064ADE
:10393000103B02EBC30152F8330049688847BDE8E9
:103940000840FFF709BC00BFB0420300024B034A26
:103950000348012100F08AB8000004200000002084
:1039600074500300426E054B403A1A60044A4021ED
:10397000C3E901121846012100F082B854960020D4
:1039800000000B1508B503461048D0F89020C2F38C
:103990000722013A934207D90D480E4A012119F036
:1039A00060F96FF0150008BDC0F898300A6822F081
:1039B0001F021A4342F01002C0F89C208A6842F0AD
:1039C0000102C0F8A0201846EDE700BF00ED00E0BE
:1039D000B44403008B990300F0B50E4685B01F4632
:1039E00004460025B5420DDA606810B397B1431E56
:1039F00018420AD0104A11482B46012119F031F91A
:103A00006FF01502104605B0F0BD1F28F2D92168ED
:103A10000B42EFD12368019319F0ECF9A36801A9D7
:103A20000343D0B20393FFF7ADFF10F1160FE7D0B9
:103A3000421C01350C34D5E7B1990300B4440300AE
:103A4000044B0522C3F89420BFF34F8FBFF36F8F51
:103A5000704700BF00ED00E0BFF35F8F024B002214
:103A6000C3F89420704700BF00ED00E010B5034C90
:103A700001232278FFF7B0FF207010BD66570120A8
:103A800008B50B4A00231278FFF7A6FF10F1160FB6
:103A900007D0084A0021D2F89030C3F30723984298
:103AA00000DB08BDC2F89800C2F8A0100130F2E7B0
:103AB0006657012000ED00E02DE9F04357485849D2
:103AC000D0F890300D68C3F307239D4285B000F213
:103AD000A180FFF7C1FF49680022954201F10C0166
:103AE0001AD1504C504F25706846FFF7B5F9DFF8F2
:103AF0003C81DFF83C9106460025AE421FD1237879
:103B000046490020D1F89020C2F3072293427BDB84
:103B1000FFF796FF00204CE0C0F8982051F80C3CCD
:103B200023F01F03134343F01003C0F89C3051F8F7
:103B3000043C43F00103C0F8A0300132CDE7009807
:103B400000EB05114FEA051CCB683B40B3F5000FB5
:103B500044D00AD8B3F5001F2ED0B3F5800F34D06F
:103B6000B3F5801F10D00135C7E7B3F1807F3ED099
:103B7000B3F1007FF7D150F80C3088684A6819F02B
:103B800039F940F4802009E050F80C3088684A6820
:103B900019F030F940F0885040F43020039001A92A
:103BA0002078CDE90123FFF7EDFE002828DA6FF039
:103BB000150005B0BDE8F08350F80C3088684A68FD
:103BC00019F018F940EA0800E8E750F80C30886866
:103BD0004A6819F00FF940EA0900DFE750F80C30A5
:103BE00088684A6819F006F940F08270D6E750F804
:103BF0000C3088684A6819F0FDF840F08870CDE70D
:103C0000237801332370AEE7C1F89830C1F8A000E3
:103C1000013377E74FF0FF30CBE700BF00ED00E066
:103C200080500300665701200000F0FF00000811DB
:103C300000000202F0B587B007460E461446002188
:103C4000102268461D4630F03EFA02238DF80230FD
:103C50002A46054B019321466846CDE9047617F0C4
:103C6000DFFD07B0F0BD00BF15CE010008B5064965
:103C7000064821F00701C1F1005202F5802218F038
:103C80004AFB002008BD00BFE78D0220609600209F
:103C90000E4A0123C2F840354FF080424FF0805168
:103CA000C2F87835D1F83001082808D1D1F834119C
:103CB000052904D80648415C09B1C2F838364FF0EE
:103CC00080430122C3F880250020704700E00140B6
:103CD000E399030020B1034B800143F0010318472F
:103CE000704700BF50450300BFF34F8F0549064B97
:103CF000CA6802F4E0621343CB60BFF34F8F00BF8A
:103D0000FDE700BF00ED00E00400FA05084B70B5C8
:103D1000C31A0D4607499B100446594306484022E2
:103D200019F087F82B4601462046BDE87040184739
:103D300080960020B76DDBB63842030073B50C4C9B
:103D40000C4A4023041B00930D460B460A49A4105D
:103D500061430646094819F097F8011E05DA304616
:103D60002B4602B0BDE87040184702B070BD00BFDE
:103D700080960020F1CE0100B76DDBB6384203001B
:103D800010B5EFF31184202383F31288BFF36F8FF4
:103D9000074A136823F00201DB07116002D40120F7
:103DA00019F022FA84F31188BFF36F8F10BD00BFA2
:103DB000D0960020002270B5012104461046FFF77E
:103DC0001DFD0F4801F026FB0E4B984215D101F066
:103DD00031FB26690C49304618F008FE00280BDB41
:103DE000012535642469084904F11C0018F0FEFD22
:103DF000002801DBE564002070BD6FF00400FBE7E4
:103E00000D3F00000000AD0BA05003007FB5002265
:103E10000123CDE9022304ABCDE90433094ACDF8EF
:103E200000D06B46CDF804D019F05BF8002805DB14
:103E30004FF480420023684616F0CAFA07B05DF8D6
:103E400004FB00BF0FCF010030B4104B0C2202FB6B
:103E5000003301460020D3E90E529863EFF311803E
:103E6000202484F31288BFF36F8F1C6C04F0C0040D
:103E700044F002041C6480F31188BFF36F8F1DB1FE
:103E80002B46034830BC184730BC70478096002052
:103E90003842030010B4EFF31182202383F3128819
:103EA000BFF36F8F1748016841F002040460C80730
:103EB00007D482F31188BFF36F8F012010BC01F08B
:103EC000CBBA4FF08041D1F80C04D1F80C14C907DB
:103ED000EFD5EFF3118083F31288BFF36F8F0A4998
:103EE0000B6C03F0C00343F002030B6480F31188F2
:103EF000BFF36F8F82F31188BFF36F8F002010BC68
:103F0000FFF7A2BFD09600208096002010B10128B4
:103F100004D07047034B1B6C5B0701D1FFF794BFC4
:103F2000704700BF809600202DE9F0413849BFF36B
:103F30005B8F0746012251E8003F41E8002000283E
:103F4000F9D1BFF35B8F33B9324933484B60CB6053
:103F50008A6018F05EFD7B1E012B2BD8012F07D144
:103F60004FF08043D3F81C3403F00303012B21D01E
:103F70002FF0D2FE0546F8B9284B1B78E3B14FF07D
:103F800080430222C3F808230646DFF894804FF0EE
:103F90008044D4F81824D4F81834D20315D503F08B
:103FA0000303012B01D0012F0FD155B386F31188E4
:103FB000BFF36F8FBDE8F081EFF31186202383F309
:103FC0001288BFF36F8F0125DFE7ADB1304618F0DF
:103FD00002FFD4F81835002BDBD1D4F80421002AD5
:103FE000D7D0C4F80431D4F804310123C4F818350B
:103FF000C8F88031A360CCE7002121202FF030FFEA
:10400000E7E74FF080430222C3F80423D2E700BF62
:104010007C9600206C9600209C9600207957012009
:1040200000E100E0F0B54068057B01F01F0444EAC0
:104030004514056987B0002D64D0B2F5001F00F16A
:10404000100506D12146284619F05FF9002007B077
:10405000F0BD01AE0027B2F5800F0197776039D12E
:10406000B3F1007F14BF052304238DF8043000232F
:10407000CDE904630393836823FA01F111F0010190
:104080001AD1B2F1A07F17D104F01F03620903F522
:10409000E0732AD0012A3BD11F4A52F82330DB07B4
:1040A0000AD40DF1030632462146284601F0BCFC35
:1040B0001A4B98421CD0029603AA2146284601F0CA
:1040C00075FB174B984220D101222146284601F06A
:1040D0000FFDBBE7B3F1C06F05D0B3F1007F14BF94
:1040E00001230223C1E70323BFE74FF0A042D4E737
:1040F0003146284601F0F6FC094B9842DBD06FF0C0
:104100000B00A4E76FF08500A1E76FF015009EE7B4
:1041100051F82330FFDE00BF000300500400AD0B58
:104120000000AD0B38B545682B69B3B11035284692
:1041300001F0C8FC044680B90146284601F08EFC17
:10414000084B98420BD108492246284601F066FCEC
:10415000224605210620FFF751FB002038BD6FF0F5
:104160000400FBE70000AD0B6D410000420970B593
:10417000034602D0012A17D070BD0D4E3269516836
:104180000029F9D003F01F0301250C689D40002988
:10419000F2D08A682A4002D04B68304698472CB14A
:1041A000236821461C46F2E7024EE7E72346F8E77C
:1041B000604203004C4203002DE9F043466840F2A0
:1041C0000635D006337B87B002EA050554BFC2F33B
:1041D0004010032001F01F07B5F5837F144647EA1E
:1041E00043178DF8030045D00FD8062D18D007D8F7
:1041F000B5B1022D40D06FF0150007B0BDE8F083D7
:10420000B5F5807FF7D101250AE040F20222954200
:1042100034D0B5F5407F33D0B5F5007FEBD1022522
:104220000123220303FA01F12CD57368C3F80815A2
:10423000326982BB07F01F037F0929D0012F77D194
:104240003E4A02EB830284F48033D2F80017C3F3B2
:104250000043C4F3404444EA430421F4E16144EAE6
:10426000800421F0070144EA05230B43C2F800371C
:104270000020C2E70725D3E70425D1E70525CFE7CE
:104280000325CDE7630344BF7368C3F80C15CFE77C
:104290004FF0A042D5E710360DF102023946304604
:1042A00001F0C2FB14F4403F80460CD13946304641
:1042B00019F029F8224B9845DAD19DF802103046C2
:1042C00001F00AFCD4E701AB4FF0000903AA39461C
:1042D0003046CDE90439CDE90199CDF80C9001F0D3
:1042E00065FA174B984286D114F4003315D09DF827
:1042F00003308DF80E3084F48034C4F300444B4610
:1043000003AA394630468DF80C508DF80D4001F067
:1043100007FB0B4B9842CDD06DE7CDE9043303AAE0
:104320000DF1030339463046039301F03FFAF0E7FD
:1043300003F5E07352F82330FFDE00BF00030050A6
:104340000000AD0B036803F01F025B09026004D09C
:10435000012B034818BF002070474FF0A040704762
:10436000000300502DE9F04FDFF85C81DFF85C912D
:1043700085B09246834600EB810140F2FF17594514
:1043800003D1002005B0BDE8F08FDBF80030580401
:10439000C3F3C322C3F3080400F18F801B0E043B58
:1043A00018F80260BC4208BF4FF0FF341E2B00F229
:1043B0008780DFE803F010171D85858585245185EA
:1043C00085858585858585858585858585858554CE
:1043D0005B6A6D707300621CCAF8084561D10BF10D
:1043E000040BCCE7631CCAF80C45F8D0012559E052
:1043F000CAF81045651CF2D000252A4608E0CAF824
:104400000845002EF6D1631CE9D000252A46062671
:10441000DBF80030019303F40040002818BF0022AD
:1044200003A8009218BF01250394FFF78BFF039C9C
:10443000019B009A00EB8400C3F3412CD0F80047A5
:10444000330243EA8C03134304EA0904234343EA97
:104450004503C0F80037C2E7CAF80C45D1E7CAF8EF
:104460002445601CBBD000220125D1E7CAF82845AD
:10447000621CB4D003A80394FFF764FF039B0125DB
:1044800005FA03F3C0F80835B7E7CAF83045E8E79E
:10449000CAF83445E5E7CAF83845E2E7CAF83C45CA
:1044A000E6E7002503A80394FFF74CFF039B0122D6
:1044B00002FA03F3C0F80C35AAE76FF0150061E7C4
:1044C0006FF085005EE700BF329A0300F0F8FCFF52
:1044D0002DE9F0474568D0F8108000AF0646E86B3C
:1044E00018F09AFD041E11DB296C481C1AD005F146
:1044F000440000F08FFB10F1130F04460AD1334A39
:104500003348012118F06EFD6FF012042046BD46BD
:10451000BDE8F087411D05D12E4A2D48012118F034
:1045200061FDF3E76B6B9847D8F808504FF001092D
:10453000D8E9023203EBC2039D4208D3404618F08B
:10454000AFFD7368D86B18F067FD0024DEE72868BC
:104550002FF0CAFA0346B0B92A68297910686C4668
:104560008AB06A461C4DD1614FF4007111841B4919
:10457000C2E9055042F8101F15484FF41151FEF7DB
:1045800029F9A546C0E728682979EB88D0F810C03A
:10459000D0F808A0DCF80040DA0754BF43F4B013A9
:1045A00083F4D01323F4801209FA01FEDB074CBF19
:1045B0004EEA040424EA0E04CCF80040DAF8003095
:1045C0009847041EA2DB0835B2E700BF3A9A030001
:1045D000D4440300659A0300829A0300040000019A
:1045E0002DE9FF410569D0F80480EB6E0646686E40
:1045F000002836D1002B56D0B8F838402A6EAF6E5E
:104600009C4228BF1C46AB6E5BB1E96E49B107F016
:104610006041B1F1005F04D0082CD5F8847028BF48
:10462000082400922A6EAC671AB16A6E002A18BF7D
:104630002246CDE901271BB1EB6E002B18BF2346A4
:10464000002269464046039301F0DCFD184B984276
:104650002BD06FF00401304604B0BDE8F04118F0F3
:1046600041BD296EAF6EB8F838400A46BBB18342EF
:1046700028BF03469C4228BF1C460029C3D001F036
:104680006043B3F1005FBED0082C28BF0824224647
:10469000D5F880002FF0EFFCD5F88020B3E78442F6
:1046A00028BF0446E9E71946D5E704B0BDE8F08124
:1046B0000000AD0B10B502780346002A67D10C69E3
:1046C000A26F32B9606F6FF07301BDE8104018F04F
:1046D00009BDA06E48B1E16E39B1DB682BB18342F0
:1046E00003D0D4F884102FF0C6FC636EA26F33B1F0
:1046F0009A421AD9264A2748012118F073FC2368E8
:10470000A26F9B88DB0742BF236F9B182367E36E72
:1047100033B19A4222D91E4A1E48012118F062FC88
:10472000606FBDE81040FFF75BBF9B1A63667BB903
:10473000236D08332365636D013B636504F16402F7
:1047400004F1540104F1500018F053FC2066D6E740
:10475000236E002BD3D013442366D0E79B1AE36665
:104760007BB9A36D0833A365E36D013BE36504F1F9
:104770006C0204F15C0104F1580018F03AFCA066E8
:10478000CEE7A36E002BCBD01344A366C8E710BDC1
:10479000A69A0300D44403002DE9F04F8FB000AF78
:1047A000C7E9023243687B608B8804699D048046B8
:1047B000894633D44FF0FF324FF0FF3304F110003D
:1047C00015F006FEC4F8049097F8603084F84C3079
:1047D0007B6E6364BB6EA364D8F804B0D8F810A0F5
:1047E000DBF808303B609AF87D3023B1DAF800300E
:1047F000994500F0DB80B9F804E01EF4006314D0A2
:104800009B4A9C48012118F0EDFB6FF085050023C1
:10481000636004F1100015F0A7FD14E1A369002BFB
:10482000C8D163689942C5D1CEE71EF0010F16D0FA
:104830006D4688B0D8F800106A468F48C2E9050175
:104840004FF4007191838D4942F8101F89484FF44D
:10485000E251FDF7BFFFAD466FF01505D7E71EF03B
:10486000080F05D0864A8348012118F0BBFBF3E707
:10487000CEF34513082B01D0824AF4E7D9F800C0E3
:10488000814B9C4501D8814AEDE70BF10C060FCE18
:1048900007F110050FC50FCE0FC53B68634528BF54
:1048A00063469C4696E80300794B9C4585E80300E7
:1048B00017D2784B9C4514D2774B9C4511D2774B3D
:1048C0009C4551D8764B9C4550D8764B9C454FD84B
:1048D000754B9C454ED87549754B764A8C4588BFBB
:1048E00013461EF0020F7B620EF0040344D0002B2F
:1048F00014BF0323022387F82830CEF3001387F870
:104900002930DBF80030D3F808351EF0020F4FEAEB
:104910005312CEF3400103F01F0334D182B3012AB6
:1049200040F04C816449012202FA03F3C1F80C35CE
:104930009AF87D302BB1584601F016FC00238AF816
:104940007D305E4A434607F11001584601F0D8FB1E
:104950005B4A9042034624D05A4A4648012118F047
:1049600080F96FF0040552E7574BBAE7574BB8E7A9
:10497000574BB6E7574BB4E7003B18BF0123BAE7E4
:104980004FF0A041CFE74AB1012A40F01A814A49CD
:10499000012202FA03F3C1F80835C9E74FF0A0413C
:1049A000F6E701238AF87D30CAF80090012384F8E5
:1049B0007C307B68196C481C0AD003F1440018F065
:1049C000CDFB743004D1444A2A48022118F00AFB76
:1049D000FB68002B3CD123650023636504F164026E
:1049E00004F1540104F1500018F003FBBB68206689
:1049F000002B35D1A3650023E36504F16C0204F1BB
:104A00005C0104F1580018F0F4FA0022A066226458
:104A100022670121204618F023FB4046FFF7E0FD06
:104A200094F84C302668002B58D0B388D90700F191
:104A3000BD80002523689B889B0404D494F84C30E7
:104A4000002B3FF4E4AE28463C37BD46BDE8F08F6E
:104A5000FB681B682365002BBED0FB685B68BCE766
:104A6000BB681B68A365002BC5D0BB685B68C3E748
:104A7000C49A0300D4440300DE9A0300030000013B
:104A8000009B03001F9B030047E801004E9B0300AF
:104A90000048E8010024F40000127A00FF083D00FD
:104AA0007F841E003F420F001FA107008FD003002C
:104AB00048E8010090D0030000030050B546000014
:104AC0000000AD0B7F9B030000093D0080841E00A9
:104AD00040420F0020A10700A69B0300B28812F0FD
:104AE00001024CD1606D134683423AD10023E56D3B
:104AF0001946A9423CD1934238BF13464FF4FA52AB
:104B000002FB03F540F2E7303368B5FBF3F54FF4F1
:104B10000046C83500214FF47A720023E5FB0601F8
:104B2000FBF782FD02460B4604F1280015F050FC0D
:104B300048B3264A2648012118F054FA002578681F
:104B4000A56701F011FB84F87D506FF073014046BA
:104B500018F0C8FA04F1280015F060FC6FF0730536
:104B600055E6216D01EBC301013349680A44BBE7F7
:104B7000A06D00EBC100013140680344B9E74FF07C
:104B8000FF321346D0E72368256C9B88DA070ED5E1
:104B900065B115F1740FD1D00022D8F8100011467C
:104BA00018F05EFA002DBFF645AF30E6256F15F11F
:104BB000740FC3D0002D3FF43CAFEDE7C1F80C15E6
:104BC000FFDE0023C3F80835FAE700BFD09B0300DF
:104BD000D444030000F01F0240090DD001280ED17B
:104BE0000A4B03EB82030A4AD3F80007024042EA69
:104BF0008102C3F8002770474FF0A043F1E702F5A8
:104C0000E072002353F82230FFDE00BF00030050A3
:104C1000F0F8FCFFF0B587B001238DF802300223D5
:104C20008DF804306B4403930F4601AB0DF1030183
:104C30000024049305460291059400F053FF0C4BA9
:104C4000984206460FD103AA3946284600F0AEFD29
:104C5000B0420BD09DF80310284600F03DFF6FF0E6
:104C6000040007B0F0BD6FF01200FAE72046F8E745
:104C70000000AD0B70B5012383400E4ABFF35B8F7C
:104C8000DC4352E8001F01EA040542E80056002E0A
:104C9000F7D1BFF35B8F4FF4803282400648C0F8F3
:104CA0000823BFF35F8FBFF36F8F0B4214BF012048
:104CB000002070BDF09600200010014070B40E4935
:104CC000D1E90034D01AC31844F1000422F07F4621
:104CD000C1E90034A6F50013B3F5400F09D2074B24
:104CE0001B681A0A1B069C19054B42F10005C3E913
:104CF000004570BC16F02ABA100E0020F496002071
:104D0000180E002011B3BFF35B8F0123104A8340BC
:104D100052E800CF4CEA030C42E800C10029F7D169
:104D2000BFF35B8F0B4A4FF480338340C2F80433E8
:104D3000094BBFF35B8F1B68BFF35B8FC340DB077F
:104D400042BF064B4FF40032C3F80021704700BF4A
:104D5000F096002000100140EC96002000E100E0F9
:104D60000D4B1868010A0006BFF35F8F0B4BD3F899
:104D70000435181841F10001B3F5801F0AD2084B21
:104D8000D3E90023904271EB030303D210F180704A
:104D900041F10001704700BFF4960020001001406F
:104DA000180E00202DE9F04F85B016461F469DF8DD
:104DB00040A00446FFF75EFF0190FFF7D1FFB0422D
:104DC00071EB070354D23E4B301A67EB0101984256
:104DD00071F100014FD23B4B03EB0413D3E90223E3
:104DE0009F4208BF96425ED037494FF4803804F1A5
:104DF000500508FA04F8AD00C1F848832046ADB26A
:104E000018F0D4F926F07F4B05F1804504F5A8731E
:104E100005F58835DC464FF003090293029A2CF021
:104E20007F4341F82230C1F84483D1F80435274A42
:104E30006FF00200C01A604420F07F40904232D9E7
:104E4000286868B1D1F804350393A3EB0B0020F078
:104E50007F40B0F5000F26D9204618F0A7F9039B34
:104E6000BAF1000F07D109EB030C09F10109D5E7ED
:104E7000BAF1000F09D06FF0150520460199FFF730
:104E800041FF284605B0BDE8F08F0123104ABFF36B
:104E90005B8FA34052E8000F184342E8000100294D
:104EA000F8D1BFF35B8F07490E98230101EB041281
:104EB000C8500F9B5360C2E902670025DDE700BFC1
:104EC00001008000000E002000100140FDFF7F0067
:104ED000EC9600207FB51C4C1C4BC4F80833C4F87A
:104EE00048331B4B00254FF0FF304FF0FF31C4F823
:104EF0000855C3E902014FF48033C4F80433154B5D
:104F000002264FF400320121C4F804631120C3F8D3
:104F100080212A46FEF772FC1120FEF73FFC0E4A64
:104F20000123A360236013600C4B0D4A0093CDE96D
:104F3000015500232846FFF735FF3046FEF7F4FF02
:104F4000284604B070BD00BF0010014003000F00F0
:104F5000000E002000E100E0F0960020BD4C0000B3
:104F6000FFFF7F002DE9F7432F4CD4F80433990756
:104F70000BD5D4F8043143B12C4A0023C4F80431D2
:104F8000D4F80431136801331360D4F80433DA031E
:104F900029D5BFF35B8F264B53E8002F22F0010188
:104FA00043E800100028F7D1BFF35B8FD30702D48A
:104FB000D4F84031BBB10025C4F84051D4F8403199
:104FC000FFF7CEFEEFF31182202383F31288BFF3A5
:104FD0006F8F184BD3E90267B042B94106D282F312
:104FE0001188BFF36F8F03B0BDE8F0834FF0FF3837
:104FF0004FF0FF39C3E90289D3E900101D604FF477
:105000008033C4F84833C4F84051D4F8403182F3B7
:105010001188BFF36F8F0029E5D0009032463B46E0
:1050200028468847DFE700BF00100140F4960020C3
:10503000EC960020000E002030B5431C124C85B0C9
:1050400005D08442A8BF0446012CB8BF0124FFF755
:1050500087FE0E4B0C4DD3E90013401AB0F5000F3C
:1050600010D22218AA4228BF2A4652184FF0000038
:1050700007490091CDE9010043F10003FFF792FEDB
:1050800005B030BD2A46F0E7FFFF7F00100E00207C
:10509000BD4C000008B5FFF763FE024B1B68C01A49
:1050A00008BD00BF100E002010B5084C012363603E
:1050B0001120FEF781FB064BC4F80833C4F84833CF
:1050C000044B4FF40032C3F8802110BD00100140A2
:1050D00003000F0000E100E04FF08053D3F83021CF
:1050E000082A06D1D3F83431052B02D8024AD05C05
:1050F00070470020704700BF179C0300024AD2F897
:105100000034002BFBD0704700E0014010B54FF099
:105110008053D3F83021082A4ED14FF0804200212D
:10512000C2F80C11C2F81011C2F8381502F540424D
:10513000D3F80414C2F82015D3F80814C2F82415C3
:10514000D3F80C14C2F82815D3F81014C2F82C1593
:10515000D3F81414C2F83015D3F81814C2F8341563
:10516000D3F81C14C2F84015D3F82014C2F8441523
:10517000D3F82414C2F84815D3F82814C2F84C15F3
:10518000D3F82C14C2F85015D3F83014C2F85415C3
:10519000D3F83414C2F86015D3F83814C2F8641583
:1051A000D3F83C14C2F86815D3F84014C2F86C1553
:1051B000D3F84434C2F87035FFF78EFF18B13A4B7C
:1051C0003A4AC3F88C26FFF787FF18B1384BFB2209
:1051D000C3F81825FFF780FF70B14FF080414FF002
:1051E0008053D1F8E42ED3F8583222F00F0203F0A6
:1051F0000F031343C1F8E43EFFF76EFF20B12D4BC0
:105200004FF40072C3F840264FF08053D3F830318A
:10521000082B1AD14FF08043D3F80024D20744BFA3
:105220006FF00102C3F800244FF08053D3F83431FB
:10523000052B02D8204AD35C3BB14FF01023D3F8A2
:1052400008224FF08043C3F858254FF01023D3F8BD
:105250000022002A03DBD3F80432002B22DA17499C
:1052600001234FF01020C1F804351224FFF746FF48
:10527000C0F80042FFF742FFC0F80442FFF73EFFCC
:105280000023C1F80435FFF739FFBFF34F8F0C49F6
:105290000C4BCA6802F4E0621343CB60BFF34F8F3C
:1052A00000BFFDE710BD00BF005000404881030073
:1052B00000F0004000900240119C030000E001401B
:1052C00000ED00E00400FA0530B50468CCB1BFF38E
:1052D0005B8FB4FA84F3C3F11F03DBB201229A405F
:1052E00024EA020250E8005FA54204D140E8002C05
:1052F000BCF1000FF6D1BFF35B8FE6D102480B7013
:1053000030BD0248FCE700BF0000AD0B0200AD0B52
:1053100010B50368CB40DB0714D401238B4002682F
:10532000BFF35B8F43EA020150E8004F944204D17F
:1053300040E8001CBCF1000FF6D1BFF35B8FEED14B
:10534000014810BD0148FCE70000AD0B0400AD0BA7
:10535000F7B50546F8B101281BD104224FF480733C
:1053600001464FF0804003440244C0F80813002671
:10537000012111601E608D421B688DF8071008BF67
:105380000DF1070642F210744FF0804745B1012D30
:1053900028D003B0F0BD0C224FF482730221E0E765
:1053A000D7F8183403F480333EB9002BF1D0012034
:1053B00017F018FF013CF3D1EBE7D7F8182402F0FF
:1053C00003023260002BE4D09DF80700012803D1CE
:1053D00017F008FF013CD9D1012DDAD10C4B002286
:1053E0005A71D6E7D7F80C3403F480333EB9002B5A
:1053F000F4D0012017F0F6FE013CF3D1EEE7D7F828
:105400000C2402F001023270002BDDD1E6E700BF70
:10541000F8960020044B1A7922B9012218609A806C
:105420000248704702487047F89600200000AD0B14
:105430000C00AD0B08B5074B1B682BB10020FEF725
:10544000CFF908B9FEF7AAF94FF080430022C3F85C
:10545000182508BDF896002010B510B1012843D0DA
:1054600010BD4FF08043D3F81814D3F81824C803A4
:1054700021D502F00303012B04D013B10020FFF764
:1054800067FF00234FF080420220C2F8183508223F
:105490004FF4827303F180430021196002F18042CE
:1054A0001C6801241460154A12680AB34FF0804347
:1054B000C3F80403D4E7D3F81424D107E1D5D3F813
:1054C0001C249207DAD40D4A12681AB10222C3F8DA
:1054D0000423C5E7D3F80421002AFBD00022C3F837
:1054E0000421D3F80431BBE700224FF48073D1E7E5
:1054F0001A68002AFCD019601B68B1E7F8960020F2
:10550000F8B54FF080431C4ED3F804430125002723
:1055100004B9F8BDB4FA84F0C0F11F00830003F5AC
:1055200080739BB203F1804305FA00F2196892B2CE
:1055300024EA02040029EBD01F601B684FF080436F
:10554000012AC3F8082305D0022A08D03368C0B264
:105550009847DDE77379002BDAD17271F6E7D3F85B
:105560001814D3F818148907F0D1C3F81855C3F8E4
:1055700004239D60CCE700BFF8960020036803F089
:105580001F025B09026004D0012B034818BF0020F2
:1055900070474FF0A040704700030050034A430992
:1055A00000F01F00D35C1844C0B270471D9C03007C
:1055B00070B50546FFF7F2FF0C4C08300E4634F884
:1055C0001030DA0508D5C3F3432304EBC3022846A1
:1055D00054F8333052689847A3682BB1E2683146DB
:1055E0002846BDE87040184770BD00BFC0050020C8
:1055F00008B5FFF7D3FF034B083033F81000400B1A
:1056000008BD00BFC005002008B5FFF7C7FF034B6A
:10561000083033F81000C0F3400008BDC00500207A
:1056200008B5FFF7BBFF034B083033F81000C0F399
:10563000401008BDC0050020034611F0010010B560
:10564000CCB20DD1A207C4F3400012D5094AD2F85A
:1056500020055860C2F82005003818BF012008E076
:105660004FF0A041D1F820251A60C1F82025002A6A
:10567000E8D010BD0003005010B5FFF78FFF124AAD
:10568000083032F81030D9051CD5C3F3432123F478
:10569000F85322F8103002F10E04002034F8023FD3
:1056A00013F4807F03D0C3F3432399420AD001301F
:1056B0003028F3D1002342F831300448BDE81040CF
:1056C000FFF726BE10BD00BFC00500203806002031
:1056D000F0B5054600200446012607468C420BD152
:1056E000114BD3F87C2132B10022C3F87C21D3F8CE
:1056F0007C3140F00040F0BDE3B29B0003F58072C6
:105700009B0806FA03F31D420BD002F1804202F51A
:10571000C042D2F800C0BCF1000F02D0176012687E
:1057200018430134DAE700BF00600040F7B50646D1
:105730000846FFF733FF194F00F108050C4637F80C
:105740001530DB0727D5304617F0B9FD2046FFF7A7
:1057500067FF40B12046FFF74BFF316800F5A270AC
:10576000002341F820302046FFF786FF002301A8E0
:1057700027F815300194FFF701FF019B00EB830030
:10578000074BD0F80027134043F00203C0F800375E
:10579000044803B0F0BD0448FBE700BFC00500208B
:1057A000F0F8FCFF0000AD0B0400AD0B2DE9FF414C
:1057B000164680460846FFF7F1FE0D46316804465E
:1057C00009B32846FFF720FF18B12846FFF728FF46
:1057D00010BB0023CDE900338DF80E308DF80F306B
:1057E0000DF10F020B4628460DF10E0117F0FEFCDD
:1057F000474A04F1080132F8113023F0020343F064
:10580000010322F81130736863B328461F78596882
:10581000FFF7FAFE10B1D1B13E4826E03C4A04F150
:10582000080032F8103023F02003DB04DB0C22F8F0
:10583000103061B1032FEFD87168496891F800C04A
:10584000D8F80010A7B90CF5A27C41F82C70304AAA
:1058500004F1080132F8113023F01C0343EA8703F6
:1058600022F81130B3684BBB2B4804B0BDE8F0817F
:1058700001EB8C0143EA4C33D1F810E52EF0030E16
:10588000C1F810E5D8F8001001EB8C0E43F02003AE
:10589000DEF8101522F8103021F44F3121F4407158
:1058A000CEF810152902DEF8108501F47C5141EA8A
:1058B000074141EA0801CEF81015C8E7D3E90067AF
:1058C0002846FFF7D9FE002ECED0114DD5E9002392
:1058D000964203D19F4201D1002209E00F480DF109
:1058E0000F01FFF7F1FC0C4B9842BED19DF80F2041
:1058F00045F8326005EBC20308345F6035F81430B8
:1059000043EA422343F4807325F81430ACE700BF28
:10591000C00500200400AD0B0000AD0B38060020D0
:105920002DE9F0430C4685B08046204611461E46C0
:10593000FFF734FE054629B32046FFF765FE18B988
:105940002046FFF76DFE18BB314F05F1080937F807
:10595000193013F01C0F02D04B78012B18D0012303
:105960008DF80F300023CDE900134A1C8B1C204614
:105970000DF10F0117F03AFC37F8193043F003032B
:1059800027F81930002E41D02046FFF73DFE18B908
:10599000204805B0BDE8F08396F800C0D8F8003084
:1059A0001B4F0CF5A272002143F8221005F10802EA
:1059B00037F8121021F02001C904C90C27F8121081
:1059C00075781DB3D8F80000B67800EB8C002D0474
:1059D000D0F8103523F4991323F4F853C0F8103598
:1059E000230203F47C5305F440353605D0F810E566
:1059F0002B4306F4801641EA4C31334341F0200139
:105A000043EA0E0327F81210C0F810350248C0E729
:105A1000C00500200400AD0B0000AD0B014BC3E935
:105A200002127047C005002010B508461446FFF763
:105A3000F7FD50B10846FFF7B1FD054B083033F8CC
:105A4000103004485B0B237010BD0348FCE700BF17
:105A5000C00500200000AD0B0400AD0B70B5164D65
:105A600095F8804006462CBB2146602205F11000C7
:105A70002EF029FB30682E6F21468E420ED1002376
:105A8000C0F87C31D0F87C3140F30730FDF786FE5A
:105A900001230A4885F88030AB6770BDCBB29B000C
:105AA00003F580727C2B08BF845001F1010108BF0F
:105AB0008358E2E70248F0E7C00500200000AD0B84
:105AC0000C00AD0B034B93F88000003818BF012089
:105AD000704700BFC00500200148FFF719BC00BF98
:105AE000340600200148FFF7EFBB00BF340600205A
:105AF00073B503681646D3F80423002AA8BF4FF0F5
:105B000000420546A8BFC3F8042308460C46FFF729
:105B100087FD00B30846FFF777FD0146D8B9204658
:105B2000FFF766FD04B2A40004F5807203462868FE
:105B30008150296882582144D1F8102542F0010291
:105B4000C1F810252EB12968012202FA03F3C1F829
:105B5000043302B070BD2046FFF720FD0F4B083024
:105B600033F81030C3F38203042B12D0052B12D06C
:105B700001A80194FFF702FD019AD0F81035D34037
:105B800003F00103991C204602B0BDE8704017F0F5
:105B900076BB0321F7E70221F5E700BFC00500202F
:105BA0002DE9F04F694BDFF8A881D3F80403D8F84A
:105BB0007010C0B289B040F00040FFF789FD051EAB
:105BC0002FDAC24600235AF87C1F06A8CDE9063317
:105BD000FFF732FD5F4B01930DF118094FF0000BF9
:105BE000019A12F8013B0192DA0803F007031AF850
:105BF000022022FA03F3DA071CD409F10409BBF1ED
:105C0000000F14D0D8F870104FF00040FFF760FD7F
:105C1000D8F87C1006A8FFF70FFD0028DAD125F090
:105C200000450124002D79D109B0BDE8F08F4FF077
:105C3000010BD5E7484B5B440293D9F800100029CB
:105C4000DBD0029B91FAA1F11C78B1FA81F141EA13
:105C500044142046FFF7A2FC0830059438F8107071
:105C6000C808BB0819F80020039301F007010123BD
:105C700003FA01F122EA010209F8002005A8FFF762
:105C80007DFC059A039B02F5E072C7F3820650F88B
:105C900022205B073746C2F3014224D5204639460D
:105CA000D6B2FFF785FC05A80594FFF767FC059BB6
:105CB00003F5E07350F82330C3F301439E4207D14C
:105CC0000021204617F0DBFA3146204617F0D7FABC
:105CD00005A80594FFF752FC059B012202FA03F385
:105CE000C0F82035A9E7022A0CD10321204617F07D
:105CF000C6FA06F00503012BEAD139462046FFF724
:105D000057FCE5E702212046039217F0B8FA032E6C
:105D1000F3D0039A032ADBD1022EEDE795FAA5F31F
:105D2000B3FA83F304FA03F29B0003F1804303F513
:105D3000C04325EA0205D3F81005D3F81015C0F3C7
:105D40000520C1F30141FFF733FC6BE70060004021
:105D5000C00500202D9C03002D9C0300036803F068
:105D60001F025B09026004D0012B034818BF00200A
:105D700070474FF0A040704700030050012370B5FA
:105D800004460D464361642600220221204617F096
:105D9000D6FA20B9012017F025FA013EF4D10023EC
:105DA0006B774FF08051D1E94C1208291AD1052A9E
:105DB00018D80E498A5CAAB14FF0FF32D4F8080512
:105DC000D4F80C15C4F80035C4F80825C4F80C251F
:105DD0000922C4F80025C4F80035C4F80805C4F841
:105DE0000C1570BD0023C4F80035FAE72F9C0300A2
:105DF0000F4B984219D00DD80E4B984215D007D8AA
:105E00000D4B984211D00D4BC31A58425841704760
:105E10000B4BF9E70B4B984207D004D80A4B98423A
:105E200003D00A4BF0E70A4BEEE70120704700BFB2
:105E300080841E0020A1070048E8010090D00300E4
:105E400040420F000024F40000093D0000127A00D7
:105E50000048E80173B51646421C1C460546069BE1
:105E600018D0012902D1BBB117F0A7FA01A80195FA
:105E7000FFF774FF019B00EB83002402D0F800279A
:105E8000074B44EA86040C4313401C4344EA410197
:105E9000C0F8001702B070BD17F09CFAE6E700BF2B
:105EA000F0F8FCFF2DE9F04F91F8213090F804A0B4
:105EB00085B007460C46002B00F0B48091F82230E4
:105EC00003934FF001086569784B9D4200F0C48050
:105ED00000F2B480764B9D4200F0C18000F2A680B3
:105EE000744B9D4200F0BE80734B9D420CBF4FF03F
:105EF00080654FF08045DFF8C49194F82300242298
:105F000002FB0A93997F60F3000199773B79217C2A
:105F100002FB03939A7F61F341029A7794F823601E
:105F2000002E32D16269664B9A420CBF4FF0030BD0
:105F30004FF0000B237E012B94BF0023012300931D
:105F400020685B4632460121FFF784FF00966068B7
:105F50005B4632460121FFF77DFF0096A27EA068D6
:105F60005B463146FFF776FF237C83F00103009305
:105F7000E0685B4632460121FFF76CFF012100918A
:105F8000E0695B463246FFF765FF2423B8F1000F56
:105F900071D003FB0A934FF0FF321A62A07C217E7E
:105FA000627EE66894F8108094F824E094F820C0AB
:105FB0003B68BEF1000F13D1D4E900BAD4F808E071
:105FC000E469C3F808B5C3F80CA5C3F810E5C3F835
:105FD0006C45039CC3F81465C3F86885C3F8644531
:105FE000003A18BF01220229C3F8C005C3F824559E
:105FF00053D0032954D0012901D142F00202C3F841
:106000005425C3F860C53B792422534359F8033023
:10601000002B48D0386840F3073005B0BDE8F04F9A
:10602000FDF7BCBB9846022303934CE7254B9D42EA
:106030000CBF4FF080554FF080455CE7224B9D42EE
:1060400013D01F4B9D4213D0204B9D420CBF4FF0ED
:1060500000454FF080454EE74FF000554BE74FF0BD
:10606000006548E74FF0007545E74FF0206542E7CF
:106070004FF0A0553FE703FB0A9AE268CAF82020D8
:10608000227C9AF81E3062F341038AF81E30A07C0D
:10609000217E627E4FF0FF3686E742F00402AEE7D3
:1060A00042F00602ABE705B0BDE8F08F80841E0029
:1060B00020A1070048E8010090D0030004970020C9
:1060C0000048E80140420F000024F40000127A006A
:1060D000431C07B50ED0019001A8FFF73FFE019BBE
:1060E00000EB8300054BD0F80027134043F0020378
:1060F000C0F8003703B05DF804FB00BFF0F8FCFF08
:106100002DE9F8430746144C97F80480242505FB35
:1061100008F504EB05091E4699F81C30C3B999B17E
:106120004869FFF765FEA8B138466251C9F80460B6
:10613000FFF7B8FE242303FB0844002363770748D6
:1061400001232377BDE8F8836251C9F80460F1E7C1
:106150000348F7E70348F5E7049700200000AD0B7C
:106160000C00AD0B0400AD0B2DE9F041044606799F
:106170000068214D40F30730FDF71EFB24237343D5
:10618000EB5853B123681D4AC3F8082306EBC60138
:10619000206805EB8101FFF7F1FD2421236801FB55
:1061A0000651D3F80805D3F80C75D3F810858B7F0A
:1061B000DB0714D4FFF78CFF4046FFF789FF384612
:1061C000FFF786FF086AFFF783FF2368D3F86C05A3
:1061D000D3F81415FFF77CFF0846FFF779FF236813
:1061E000074A934204BF01225A60242303FB065549
:1061F00000232B77BDE8F0810497002052010800AE
:1062000000F002402DE9F0430779DFF8AC81242348
:106210007B43164608EB03020D46517F85B081464D
:10622000002940F0C68058F8033023B116F0140F4F
:1062300004BF0123537795E80F00242404FB07844F
:1062400004F10C0C8CE80F00206A431C04D0A37FDF
:1062500099071AD517F0B1F82968D9F8004021B18B
:1062600001F06043B3F1005F06D1AB6883B103F086
:106270006043B3F1005F0BD0242303FB07830022AC
:106280004E485A7705B0BDE8F08317F0A3F8E3E76E
:106290004B4B9C4224D14FF080436A68D3F8000EE8
:1062A000484B1860E2B1484821F4FF5323F01F0324
:1062B00083426ED85018DFF814C1C3F34F31012266
:1062C0008A40002103F50053984241EA02014FEA57
:1062D000420201D96345F5D34FF08043C3F8001E55
:1062E00016F0010318BF0123C4F8503516F002035D
:1062F00018BF0123C4F8403595E80F00EC468CE840
:106300000F00039BC4F84405C4F84815C4F83425AD
:10631000C4F838350023C4F81831D4F8183116F011
:1063200008054FF00703C4F800350FD124237B4341
:1063300058F803200123236142B9D4F81831002B07
:10634000FBD062464021204616F0F9FF24237B4310
:1063500058F803301BBB1A4B9C4201BF194B1A68FB
:106360004FF08043C3F8002E242303FB0783186AF1
:10637000421C04D09B7F9B070ED517F02BF835B934
:1063800007EBC70708EB87012046FFF7F7FC10482B
:1063900078E74FF480719FE717F00FF8EFE716F0FA
:1063A000040F4FF0400314BFC4F80833C4F804339B
:1063B000EDE7084866E700BF049700200A00AD0B30
:1063C00000F0024000970020FFFF00200020012085
:1063D0000000AD0B0B00AD0B10B5134A1348402164
:1063E00016F0ADFFF8B1124B124C1A684FF0804313
:1063F000C3F8002E206A421C04D0A37F9B070FD550
:1064000016F0E8FF637F1BB10A490848FFF7B6FCA6
:10641000002323720848D4E90031BDE81040184732
:1064200016F0CBFFEEE710BD1097002000F0024001
:1064300000970020049700200C970020014820219D
:1064400026F09EBB5C970020014B186C704700BF84
:106450002897002010B50446064A074916F0E3FFC6
:1064600063692BB120B920460121BDE810401847CF
:1064700010BD00BFDDCC0200D1CC020010B5074931
:10648000074A044616F0CFFF6369014623B118B9E5
:106490002046BDE81040184710BD00BFD7CC020011
:1064A000E5CC020010B50146044800F009F80446A6
:1064B00008B117F082FE204610BD00BF68510300EE
:1064C0002C4A70B506460D4620B1036A1A4212D016
:1064D000C3F30F1009F01EF8044648B1C0E9006587
:1064E0007DBB02F0FBFC064638B9204609F024F8D3
:1064F0000024204670BD0068E6E7D0F8B80208B96D
:10650000C6F8D452D6F8D4120131890009F01EF829
:106510000028EAD0D6F8D432C6F8B8025A1C0025B2
:10652000C6F8D42240F82340C4E90555284602F0B5
:10653000E5FC0138E061284602F0F0FC01382062F9
:10654000D7E7AB6813B9284617F0E7FDAA68138EA2
:1065500001331386AE68318E3068890008F0F6FF8B
:106560003060AA68138E126803F18043013B42F841
:106570002340BEE7F0FF0F0030B589B0002864D09B
:106580000023CDE904329DF81C300391CDE90100D0
:1065900023F0070301A88DF81C3008F097F906F0E6
:1065A000D1F830B19DF81C3013F0020446D1D80761
:1065B00045D4019B9D6805B10835012201A92846F3
:1065C00026F098F80128044639D19DF81C0010F0F7
:1065D000020033D101A918F033FA012804462ED164
:1065E0009DF81C2012F0020228D101A9284626F0AD
:1065F00081F80128044622D19DF81C3099071DD44A
:1066000001981AF094FA0446C0B19DF81C305A075C
:1066100014D4039B2B3B012B0ED901984FF48041DE
:1066200017F03FFB50B1039B163B1E2B04D8084AC2
:1066300022FA03F3DB0701D40194B0E7012401A897
:1066400008F04CF9204609B030BD0124FAE700BF3C
:10665000F19F78588268531E032B05D9192A05D853
:10666000034BD340DB0701D526F0E3B80020704789
:1066700000DF3B0337B50B49054617F018FB04460E
:1066800010B1002003B030BD28461AF050FA00289F
:10669000F7D01622214619F080FD80B2003818BFCD
:1066A0000120EFE70100060007B5064B0022CDE907
:1066B000002334216A46FFF75FFF009803B05DF8BE
:1066C00004FB00BF010000E007B5064A0023CDE946
:1066D000002334216A46FFF74FFF019803B05DF8AD
:1066E00004FB00BF010000E02DE9F04F87B08146B8
:1066F000FFF7C0FF0546002840F0188148461AF011
:1067000016FA082229468246484619F046FD092213
:106710000590044683462946484619F03EFD064644
:1067200005900090BAF1000F07D102462146484675
:1067300007B0BDE8F04F18F0C6BD504618F0D7FBC3
:106740008046504618F0E3FB04F0C043B3F1005F0D
:1067500007461FD124F0C0446FF060439C4219D01B
:1067600001222946504619F018FD6FF04043984227
:10677000059000F09480B4F1805FA2BFC4F17F6403
:1067800004F57F2404F6FF7404FB08F44FF0640B57
:1067900094FBFBFB06F0C043B3F1005F1DD126F074
:1067A000C0446FF060439C4217D002220021504643
:1067B00019F0F3FC6FF040439842059071D0B4F1AA
:1067C000805F05DBC4F17F6404F57F2404F6FF7469
:1067D0007C43642394FBF3F300936A220021484630
:1067E00019F0DBFC6B220021059003900646484619
:1067F00019F0D3FC09F11404CDE9010005902046FD
:1068000025F0E7FC0546204625F0E8FC039B0446FE
:1068100003F0C040B0F1005FDDE9011212D123F0B6
:10682000C0436FF0604083420CD0B3F1805FA2BFE1
:10683000C3F17F6303F57F2303F6FF736B43642685
:1068400093FBF6F602F0C043B3F1005F12D122F0E1
:10685000C0426FF060439A420CD0B2F1805FA2BF99
:10686000C2F17F6202F57F2202F6FF726243642367
:1068700092FBF3F15E44DDF800B00A228B444846F7
:10688000002119F08AFC059010F0FF000BD1504652
:1068900018F038F9012825D1A8EB050521E0AB4611
:1068A00078E7002494E7023807281BD801A353F89F
:1068B00020F000BFD568000099680000FB68000068
:1068C000EB680000016900000D6900000769000025
:1068D0001D69000005EBD57508EBD8786D10C5EB88
:1068E00068052E445A46314621E705EBD57508EB7D
:1068F000D8786D10C5EB68052E443C1BA344F1E726
:10690000A8EB0505F8E7A8EB05052E4404EBD474C5
:1069100007EBD7776410C4EB6704EFE705EBD57599
:1069200008EBD8786D10C5EB6805EEE707B0BDE859
:10693000F08F00BF2DE9F04F90F82B3003F00C03DF
:106940000C2B91B0044603D1002011B0BDE8F08FAC
:106950001AF0EDF806460028F6D094F82B1004F152
:10696000140311F00801019363D0184625F031FC9F
:1069700094F82B1011F00401074600F0AF81019844
:1069800025F02CFC0546019825F023FC874200F0F9
:106990008A82204618F080FC63690893A3690993F2
:1069A000E3690A930CA9236A0B93304618F0BFFAE7
:1069B00000220CA908A825F07BF9804610B93046C2
:1069C00019F068FAA3691D44013D2562204618F0BC
:1069D00099F801280BBFE3696369DB1BFF180BBF44
:1069E000013307F1FF376361E76108AA31212046CF
:1069F000FFF7C2FD22462A213046FFF7BDFD2046A3
:106A000018F04AFC94F82A30019843F0020384F805
:106A10002A3000220CA925F04BF9B8F1000F00D163
:106A200010B1304619F036FA204617F0E1FF012088
:106A30008BE70122204619F0B0FB00F0C043B3F110
:106A4000005F80460C900546304605D128F0C047CF
:106A50006FF060439F4234D118F049FA6FF0404321
:106A60009845029040F0A480204618F01CFEA368D0
:106A700003900BB100221A62204618F034F98046C8
:106A8000204618F048F882462046FFF70DFE0AEB34
:106A9000000520461AF081F80490204618F032F8DC
:106AA0000128DFF8309245444FF0000B75D0049A6E
:106AB000A3685A4540F0A080864A914574D0C844E6
:106AC0008EE018F014FA6FF0404845450290CBD0A4
:106AD00096F82B1011F0080140F0DD8001223046BD
:106AE00019F05BFB40450C9040F0D580204618F033
:106AF00012F80546204618F0F6F8054458E01B68E1
:106B0000754953F82B70384617F0D1F8002842D158
:106B10003846FFF7AFFD014660B90A22384619F042
:106B20003CFB0C90C0B2082809D840F24913C3407E
:106B3000DA0704D5E3697A699B1A013317E0082262
:106B40000021384619F029FB0C90002844D106900A
:106B500007F1140025F03DFB069908EB00031A220B
:106B60003846059319F019FB059B0C9003441A2233
:106B700000213846059319F010FB059B0C90184432
:106B8000484508DB1A220021384619F006FB059B10
:106B90000C9003EB00090BF1010B049AA3685A4512
:106BA000ADD14C4A914519D113B1039A52421A62A0
:106BB00004220021204619F0F0FA052207460C9025
:106BC0000021204619F0E9FA029B0C900246394652
:106BD000284618F025FCCBE63E4BC8E70AEB09082F
:106BE000A26812B1039B5B4213623A4B9845DFD017
:106BF0004545B8BF4546DBE71B68374953F82B705E
:106C0000384617F054F8002840D13846FFF732FDD7
:106C1000014658B90A22384619F0BFFA0C90C0B2A2
:106C2000072808D89323C340DB0704D5FB696269B2
:106C30009B1A013316E008220021384619F0ADFAFC
:106C40000C9030BB069007F1140025F0C2FA0699AB
:106C50000AEB00031B223846059319F09EFA059BA8
:106C60000C9003441B2200213846059319F095FA35
:106C7000059B0C901844484508DB1B220021384630
:106C800019F08BFA059B0C9003EB00090BF1010B3B
:106C90000DE7104BE6E7B7F1805FA4BFC7F17F6750
:106CA00007F57F27029BA8BF07F6FF771A2200216E
:106CB00020465F43642397FBF3F719F06EFA1B221B
:106CC00005460C900021204619F067FA0C902844E4
:106CD0003D1A6DE7010000E0010004000222204699
:106CE00019F05BFA00F0C043B3F1005F81460C90ED
:106CF0000546304605D129F0C0486FF060439845FD
:106D000049D118F004F96FF04043994582462ED1DD
:106D1000204618F0CDFCA36804900BB100225A6203
:106D2000204617F0C6FF0290204617F0A8FF0390F8
:106D30002046FFF7C9FC029BDFF878911D18039BE2
:106D400020461D4419F029FF4FF0000B0590059ACD
:106D5000A3685A453BD113B1049A52425A62554B2B
:106D6000994504D0039B4B449D42B8BF1D46062263
:106D70000021204619F011FA072280460C900021CC
:106D8000204619F00AFA534602460C90414628461E
:106D900018F046FBF6E518F0BAF86FF040494D459B
:106DA0008246B5D096F82B1011F004015CD1022276
:106DB000304619F0F2F948450C9055D1204617F0AD
:106DC00078FF0546204617F05AFF0544CFE71B68B9
:106DD000394953F82B80404616F069FF00283ED110
:106DE0004046FFF747FC014648B906900A22404654
:106DF00019F0D3F90C90C0B20328069905D8D8F839
:106E00002030A2699B1A013315E00922404619F08F
:106E1000C4F90C9030BB079008F1140025F0DEF99E
:106E2000029B0799034418224046069319F0B5F9CE
:106E3000069B0C900344192200214046069319F04A
:106E4000ACF9069B0C901844484508DB1922002138
:106E5000404619F0A2F9069B0C9003EB00090BF1D8
:106E6000010B74E7134BE6E7B8F1805FA2BFC8F1EE
:106E70007F6808F57F2808F6FF780AFB08F364228C
:106E8000002193FBF2F82046182219F086F9192206
:106E900005460C900021204619F07FF90C902844FB
:106EA000A8EB000563E7019825F098F985427FF487
:106EB00070AD49E5010000E00100040038B50D4D5A
:106EC00095F8603063B9012385F8603019F027FE2A
:106ED000044694F82A3013F0040202D185F86020A9
:106EE00038BD6FF3820384F82A30204618F0D2FAB6
:106EF000EFE700BF289700202DE9F04F85B00E4640
:106F0000DDF83890074693469846FFF7D7FF1EB93D
:106F1000384619F00CFE0646384619F008FE82463F
:106F200017F0F9FD0190504617F0C3FE029030466D
:106F300017F0F1FD0546304617F0BBFE0446BBF1E5
:106F4000000F10D1304617F0DDFD012874D1304616
:106F500017F0CDFF834607F1140025F03AF9ABEBAB
:106F6000000B5D4468E00BF1FF3BBBF1140F2DD823
:106F700001A353F82BF000BF397000001970000016
:106F80004F6F00000F710000277100006171000059
:106F900089710000A9710000D36F0000D171000059
:106FA000DD71000009720000217200002D720000E6
:106FB00059720000717200007F720000AB72000015
:106FC000CB720000D7720000F1720000002400258F
:106FD00032E0304617F08BFF07F1140B0390584650
:106FE00025F0F7F8039B00EBD07003EBD373401050
:106FF000C0EB63000544304617F089FF0390584604
:1070000025F0ECF8039B00EBD07003EBD37340103A
:10701000C0EB630004440FE0304617F068FF83467E
:1070200007F1140025F0D5F800EBD0700BEBDB7BFB
:107030004010C0EB6B00054408F0C043B3F1005FA3
:1070400018D128F0C04B6FF060439B4512D006F179
:10705000140025F0BEF8BBF1805FA2BFCBF17F6BBF
:107060000BF57F2B0BF6FF7B00FB0BFB4FF064084F
:107070009BFBF8F809F0C043B3F1005F18D129F089
:10708000C04B6FF060439B4512D006F1140025F011
:10709000A5F8BBF1805FA2BFCBF17F6B0BF57F2B17
:1070A0000BF6FF7B00FB0BFB4FF064099BFBF9F930
:1070B000504617F027FD01287369DAF8142040F0D4
:1070C000248143445046A3EB020800F0C9F9019B18
:1070D0008044A8EB0308B3699944DAF818305046A5
:1070E000A9EB030918F0E9FA029B81440022384613
:1070F0000121A9EB030919F042FC45444C44224606
:107100002946384605B0BDE8F04F17F034BE30468A
:1071100017F0FDFE834607F1140025F05FF8ABEB96
:10712000000B5C4488E7304617F0E1FE07F1140BD2
:107130000390584625F04DF8039B00EBD07003EB0D
:10714000D3734010C0EB63000544304617F0DFFEF8
:107150000390584625F042F8039B1B1A1C446BE72A
:10716000304617F0C4FE07F1140383461846039314
:1071700025F02FF8ABEB000B304617F0C8FE039B51
:107180005D4483461846C8E7304617F0C0FE834684
:1071900007F1140025F022F800EBD0700BEBDB7B3D
:1071A0004010C0EB6B0035E7304617F0A0FE07F14A
:1071B000140383461846039325F00BF8ABEB000B42
:1071C000304617F0A4FE039B5D4483461846E1E772
:1071D00007F1140025F002F84442F8E606F1140025
:1071E00024F0F7FF07F114040546204624F0F1FFD0
:1071F00005EBD57300EBD0756D10C5EB630520462C
:1072000024F0ECFF444217E706F1140024F0E1FFFC
:1072100007F114040546204624F0DBFF2D1AEEE7A3
:1072200006F1140024F0DAFF0446D0E606F1140457
:10723000204624F0CEFF054607F1140024F0C9FFD4
:1072400005EBD57300EBD0756D10C5EB63052046DB
:1072500024F0C4FF0446EFE606F11404204624F0AF
:10726000B8FF054607F1140024F0B3FF2D1AEEE72E
:1072700007F1140024F0ADFF45420024DCE607F1DD
:10728000140B584624F0A5FF454206F1140024F0E3
:10729000A5FF0446584624F0A1FF04EBD47300EB8D
:1072A000D0746410C4EB6304C6E607F1140B5846AF
:1072B00024F08FFF454206F1140024F08FFF0446AE
:1072C000584624F08BFF241AB6E606F1140024F089
:1072D00080FF0546D1E706F11404204624F079FF2B
:1072E0000546204624F07AFF044607F11400D2E751
:1072F00006F11404204624F06CFF0546204624F0D5
:107300006DFF044607F11400DBE798445046A8EBF4
:10731000020800F04DF8DAE62DE9F347044619F0CB
:107320003CFC214EDFF8848007460025BD4224D175
:10733000204618F026F98046204618F008F91A4B26
:107340009E4218BF236A074618BF1B1A204618BF63
:10735000F61AFFF7B9F90546204617F0C5FDA0EB70
:107360000800C01B2D1A204618F0A2F9281AB042B6
:10737000B8BF304602B0BDE8F087A3681B6853F879
:1073800025A04146504616F092FC014650B91922FC
:107390005046DAF8209018F000FF81444E450190E5
:1073A000B8BF4E460135C1E7010000E0010004000E
:1073B0002DE9F74F0021054618F09DF8012806D069
:1073C000A86808B1006A404203B0BDE8F08F2846C3
:1073D00018F0F1F88046284618F09FF8074628462E
:1073E00019F0DBFB6FF0604481460026B1451BD1EC
:1073F0006FF060439C4216BF6E69174EF61928461F
:1074000018BF361BFFF750F90446284617F069FDF0
:10741000A0EB0800C01B241A284618F044F92044A9
:10742000B042B8BF3046CFE7AB680C491B6853F891
:1074300026A0504616F03BFC014658B91A22504689
:10744000DAF814B018F0A9FEABEB000B5C45019024
:10745000A8BF5C460136C9E7010000E00100040056
:107460002DE9F3470021054618F045F8012805D11C
:10747000A86800B1006A02B0BDE8F087284619F09C
:107480008CFB204EDFF8808007460024A74222D1E3
:10749000284618F090F80746284618F03EF8194B91
:1074A0009E4218BFEB69804618BFDB1B284618BFF9
:1074B000F61AFFF7F9F80446284617F012FDC01B2C
:1074C000A0EB0800241A284618F0EDF8201AB04264
:1074D000B8BF3046CFE7AB681B6853F824A04146DD
:1074E000504616F0E4FB014650B91B225046DAF82C
:1074F0001C9018F052FE81444E450190B8BF4E4694
:107500000134C3E7010000E00100040038B50D4676
:107510000C49044607F04CF958B1C06A4042286053
:107520000949204607F044F938B1C06A4042686012
:1075300038BD204618F0B7F8F1E7204618F0B8F843
:10754000F5E700BF1BF7010005F70100F0B516468F
:1075500051EA060297B004460D465FD0012B5FD179
:1075600000F0FAFC0746684607F09EF82146684698
:1075700024F062FA3949684624F073FA35B3384684
:1075800001F0BCFC4FF4C872C821401024F00DFA81
:107590000146684624F054FA204618F084F82A1A66
:1075A0004142684624F051FA2D49684624F046FAD3
:1075B0002C49684624F04FFA6A460C212046FEF713
:1075C000DBFF01282AD1684607F088F836B3384631
:1075D00001F0A4FC4FF4C872C821401024F0E5F972
:1075E0000146684624F02CFA204618F061F8321A59
:1075F0004142684624F029FA1B49684624F01EFAE5
:107600001849684624F027FA6A460C212046FEF7FE
:10761000B3FF012802D1684607F060F817B0F0BD4B
:10762000114907F0A1F80E49204607F09DF8002205
:107630000C212046FEF7A0FF0128EFD13246294653
:10764000204618F03CF80128E8D100220E212046FF
:1076500017B0BDE8F040FEF78FBF00BF07F501008F
:107660001BF70100F3B9020005F7010070B50446ED
:107670000D460749164607F077F8204618F013F82C
:107680003346411B00222046BDE8704018F050B838
:107690001BF7010070B504460D460749164607F072
:1076A00063F8204618F004F83346421B00212046B8
:1076B000BDE8704018F03CB805F701002DE9F04F27
:1076C00089B08046084602919146039319F02FFA3B
:1076D0001021064616F0E5FA002800F00681304633
:1076E00017F0CBFF0190304617F0D6FF82460028F6
:1076F00000F09E80029B03F11407304617F041FF13
:107700000446304617F023FFB5697B68F968D9F85D
:1077100004202544ED1A336A1B1A5B1AD11A8346DA
:107720003046CDE90623AD1A059117F0DDFB002D9B
:10773000DDE90512079B0490C0F28580002979DB02
:107740000025BAF1020F00F08980BAF1030F00F0B2
:107750008A80BAF1010F03D1B5697B682544ED1A1F
:10776000304617F092FF824610B1029B03F11408D5
:10777000304617F0D2FE0746304617F01CFF7469FA
:10778000D8F80030D9F80020D8F808103C44E41AA2
:10779000F3691B1A5B1AA41A8346A2EB03017ED479
:1077A000002974DB0024304617F09BFBBAF1020F6E
:1077B0007FD0BAF1030F00F08280BAF1010F04D13B
:1077C0007469D8F800303C44E41A4949304606F060
:1077D000CBFF4849304606F0C7FF019BD807019B05
:1077E00058BF24EAE4749907019B58BF04EAE47483
:1077F0005A07019BD9F8042058BF25EAE5751B07F5
:10780000039B58BF05EAE575002B6CD0D9F8003012
:107810002344C9F800302B461344C9F80430039BB5
:107820002A462146304609B0BDE8F04FFFF78EBE2C
:10783000474662E7002D83D0304617F039FFA84253
:10784000BFF67FAF7CE700297FF77AAF30469D1AFD
:10785000FFF762FDC5427FF574AF71E7356AFB68DB
:10786000A5EB0B057BE7049BB2691B1BA3EB0B038A
:1078700003EBD3731444384604EB630424F0AEFCEA
:107880007D6800EBD07005EB6005651B68E7002C98
:1078900088D03046FFF78CFDA04284DA82E70029C9
:1078A00080DD30469C1AFFF7DBFDC4427FF57BAFDD
:1078B00078E7F469D8F80830A4EB0B0484E773691F
:1078C000C01BA0EB0B0000EBD0701F4407EB600760
:1078D000404624F07EFCD8F8004000EBD07004EB6A
:1078E00060043C1B71E7039B96E709B0BDE8F08F8D
:1078F00005F701001BF70100F8B5044615461E46C2
:1079000001F47F0718F051FB012828D08C2D10D8E6
:10791000154B5B5DDA0716D477B96B1E012B0BD8BC
:1079200022684AB1012D0CBF9369D369CBB1336092
:1079300015E00E4B1B6B0BB90020F8BD2B4413F860
:107940008D3CDB07F8D507B96468002CF4D0218D95
:1079500033462A46204618F028FB0128F4D101209E
:10796000EBE71268DDE700BF59CE0300289700203F
:107970002DE9F84F07462548DFF890B00D469046B0
:10798000994625F0A8F904460CB9BDE8F88F4C4596
:10799000FBD02146584625F0A5F92368BB42824614
:1079A0001CD1A368AB4202D0B5F5702F16D1237954
:1079B000434502D0B8F1FF0F10D100267B8DC3F3F1
:1079C00005139E420CD30021204606F0CDFE0F4841
:1079D000214625F03DF9204607F0AEFD5446D3E799
:1079E000FA6802EBC603F000D97989070BD5B5F523
:1079F000702F04D05B68C3F317039D4203D1217934
:107A0000105825F098FC0136D8E700BF40970020B9
:107A10000148142125F0B4B840970020014B83F8A9
:107A200024007047289700202DE9F3475E4B93F818
:107A3000243004460E461546002B00F0838017F0D4
:107A40002BFC284607F0AAF800F0040A284607F0A5
:107A5000A5F800F00208284607F0A0F800F0010998
:107A6000284607F09BF806F47F0600F01007BAF1ED
:107A7000000F53D0B6F5702F3FD056B3022200212D
:107A8000204618F08AFB6FF04047B842019007D0BB
:107A900001220021204618F080FBB842019007D156
:107AA000002232212046FEF767FD204617F0A7F995
:107AB000FF2D3ED1204616F09BFF204617F0ECFB31
:107AC000B6F5803F3ED0204602B0BDE8F04718F042
:107AD000D9BA324632212046FEF74EFD204617F035
:107AE0008EF9FF2D3BD1204619F021F898B9002FCF
:107AF000E0D0204618F0E7FCDCE7002232212046E7
:107B0000FEF73AFD204617F07AF9FF2D204627D1DF
:107B100019F00DF8E8B117F072F925E0B6F5702FFD
:107B200013D0002EC4D1FF2DDDD00FB3204618F0A6
:107B3000CAFCB8F1000F28D1204617F0ADFBB9F10F
:107B4000000F2CD102B0BDE8F087FF2D0FD12046E9
:107B5000DEE7002FAED0204618F0B5FCA8E720469F
:107B600018F0E5FF0028D6D1002FA1D0F3E747B9E0
:107B7000B8F1000F09D1204602B0BDE8F04717F078
:107B80008BBB204618F09FFCF2E7204616F030FF32
:107B9000204617F081FBB9F1000FD3D090E7BAF17E
:107BA000000F8DD1CEE700BF28970020014A0021A9
:107BB00018F0EEBCFFFF0F002DE9F04104682748E4
:107BC00025682779254E25F083F8014619B96A8D75
:107BD000C2F305123DE0A1420BD00A6823689A4225
:107BE00007D18A68A3689A4203D10A7923799A4215
:107BF00031D0304625F072F80146E7E7EB6803EB39
:107C0000C103CE00D879800722D55B68A068C3F392
:107C1000170383421CD12146104825F019F820464D
:107C200007F08AFCEC683946A05925F084FBEB6824
:107C3000985904EB060825F01FFC60B1D8F8042021
:107C4000A159284622F07F42BDE8F04118F0A0BCBF
:107C500001318A42D2D8BDE8F08100BF40970020B0
:107C600070B50D4B93F82430064623B1002001F087
:107C70003BF9044670B970BDD4F8B832304653F8B9
:107C8000251018F064FD0135D4F8D432AB42F3D896
:107C90002046ECE70025F7E7289700202DE9F04380
:107CA000994699B090F82A30209D028543F0080348
:107CB00080F82A3016462A7A04460F4618F06DFAE4
:107CC000A4F8289000902A7A3946204618F065FAE0
:107CD00094F82A3001906FF3C30384F82A30009B94
:107CE0008342804678D026852A7A3946204618F085
:107CF00054FA39460090A4F82890204618F0DFF98D
:107D0000009A297A006825F051FB2A7A6968204692
:107D1000FFF78AFE2B7A0C2B20D1DDF8009047F676
:107D2000FF73994501D0984518D1204617F0D9F82E
:107D300000EBD0704610204617F0D6F847F6FF72D9
:107D400000EBD07391454FEA630353D19E424BDA67
:107D5000731CC845009301D1731C0193284824F07B
:107D600017FF064600283CD0009BC360019B0460BF
:107D700003612B7A0371876002A806F095FC3146F7
:107D800002A823F059FE02A81E4923F057FE02A8BC
:107D90001D4923F062FE02A81C4923F060FEFF2269
:107DA00002A8002123F051FE298802A823F048FEF2
:107DB000698802A823F046FEE96802A823F04BFE7A
:107DC00002A8002123F057FE02A8296923F05AFED9
:107DD00002A806F083FC04E0014624F0DCFA002847
:107DE00081D019B0BDE8F0835A1CC8450092B5D1C6
:107DF0000133B2E79045B1D19E42ADDBF8E700BF59
:107E000040970020117E0000EF080200B97B0000BF
:107E1000F7B506680446708D0023C0F3051098423C
:107E20003ED9F26802EBC302DD00D779BF0705D562
:107E30005268A768C2F31702BA4201D00133EEE7D5
:107E4000002300932379612B53D04CD8392B29D8A8
:107E50001B2B3DD91C3B0122DBB202FA03F33C4A47
:107E60001A4052BB13F0407F32D0FE293FDCE3685A
:107E7000009300230193F3682179585901AA25F052
:107E8000D9FA002854D10127F368009A217958596A
:107E900025F08CFA27B12279A1682068FFF7C4FD8C
:107EA00003B0F0BD582B11D83C2B11D9294A3D3BCA
:107EB000DBB222FA03F3DB070AD5002924DCE368EE
:107EC000ADF800301B0C8DF80230D2E75A2BCCD025
:107ED0000029CCD0FF290AD0D4E903239B1A4B43B5
:107EE00002EB23220AE0662BBFD0672BEFE7236962
:107EF000BEE7D4E90323002ABAD00BB90092B8E751
:107F00007F29D8BF1346B3E7FE2901DD2369D7E7F0
:107F1000CAB2D4E9031024F032FBC0F307238DF872
:107F20000000C0F307408DF801308DF80200A0E793
:107F3000DDE900739F42A6D13946384624F02BFA7A
:107F40000028A0D0019BFF1A18BF01279CE700BFA3
:107F5000810020200101000810B54368044613B1D8
:107F600018F0DDFD04460B4824F0B2FE88B1D0F8CD
:107F7000D422002306E0D0F8B81251F82310A14211
:107F800007D001339A42F6D10146024824F0A6FEFA
:107F9000ECE710BD2C970020F8B590F82B3013F0CB
:107FA000100204460DD143F0100380F82B30292134
:107FB000FEF7E2FA30B994F82B3060F3041384F83A
:107FC0002B30F8BDA06810B1083024F00EFC002161
:107FD000204618F0AFFD064698BB204615F06FFE10
:107FE0000746304604F0A4FB054670BB414D2146D0
:107FF000284606F009FC0128F9D0204616F0BAF808
:1080000065682046002D58D1FFF7A6FFD0F8D4228E
:10801000D0F8B81206462B46934240D1D6F8D41277
:10802000D6F8B80201398B423FD3C6F8D412890082
:1080300007F08CFAC6F8B8022046BDE8F84007F011
:108040007BBA3046FFF7A8FFC1E7284622F0D6FFEB
:1080500000F0FD03012B14D1AB6E9C4205D0EB6EFA
:108060009C4202D02B6F9C4203D12146284618F037
:1080700047FD6B6F9C42AB6F08BF6E679C4208BFA9
:10808000AE67D5F8B8309F4207D104F061FB844257
:1080900003D12146284618F033FD2846A2E751F8BF
:1080A00023008442BAD00133B6E7013350F82320CD
:1080B00000EB830040F8042CB0E718F086FD6368FD
:1080C0009A68138E80B2013B984209DB138663687D
:1080D0009D68298E2868890007F038FA2860ABE788
:1080E0001368013053F8202003EB800343F8042C7D
:1080F000E5E700BF590C02007FB5D0F8AC6204463A
:10810000B36B002B47D1204619F0FFF818B1254B6F
:10811000186918F04EFE01232363A26BD1073FD5E7
:10812000A26B92073CD56363A36A656B13B3336894
:1081300021691E69D4F80C3362690B440093D4F8AA
:10814000103313440193D4F814330B440293D4F83E
:1081500018333D21134420466A46039319F0DEF894
:10816000324669462046A36A98476A463E21204621
:1081700019F0D4F8204619F0C8F850B194F8393005
:10818000012B00D12DB1E369626A9A4208BF236ACC
:10819000636204B070BD01F0FBFB01F093FBAFE73D
:1081A0000023C0E7289700202DE9F04F0C46B3B01C
:1081B00080460121204615F074FD8146002865D1D6
:1081C00001466022204617F0E8FFC3B2012B17904A
:1081D00003935BD9204616F02CFC074630B92146A4
:1081E000404633B0BDE8F04F18F04FBE204616F0C1
:1081F000FBFB0BAD06462946204616F030FE324604
:108200003146284623F07EFC022F42D195E80F002C
:1082100013AE86E80F004A46314620460DF13C0970
:1082200016F035FF324608F11801484623F084FC69
:1082300060B399E80F0017AE86E80F003A46314662
:10824000204616F024FF2A463146304623F074FCBF
:10825000E0B196E80F0007AF87E80F00052211464E
:10826000384623F04FFC384623F0B8FF01903846DB
:1082700023F0B4FF0290079B1393099B1593089B6F
:10828000149316930A9A169B9A422CDC33B0BDE8DD
:10829000F08F012FFAD117AF2A4608F1180138469E
:1082A00023F04AFC0028F1D097E80F0007AE86E8DB
:1082B0000F00304623F092FF304623F08FFF304608
:1082C00023F087FF884B1B69064693F83C0024F097
:1082D00054F84FF4C04393FBF6F393FBF0F29B0882
:1082E00001920293C7E7149B0199013B0B4493420F
:1082F000D4BF1693169200217322204617F04DFF2B
:108300000DF14C0B81461790002840F0DA8004F103
:108310001401584623F0B7FC002800F0D28017AAB9
:108320001A2120468DF85C90CDF860B0FEF724F954
:108330009DF85C30002B40F0C48012215A46404624
:1083400019F056FA2146824618F09FFD6F2200214F
:10835000204617F022FF7022179004900021074654
:10836000204617F01AFF049B179003F0C041B1F1AB
:10837000005F024606461BD123F0C0436FF0604108
:108380008B4215D0B3F1805FA2BFC3F17F6303F5C9
:108390007F2303F6FF73CDE9043004F1140023F0CA
:1083A00018FF049B059A03FB00F7642397FBF3F780
:1083B00002F0C043B3F1005F19D122F0C0436FF067
:1083C0006042934213D0B3F1805FA2BFC3F17F63D9
:1083D00003F57F2303F6FF7304F11400049323F0E5
:1083E000FDFE049B03FB00F6642396FBF3F617A83F
:1083F00001F0D4FB63691F44DAF80430FF1AA36963
:1084000027971E44DAF808306E22F61A0021039BE3
:108410008DF8A8302046289617F0BFFE00220F9056
:108420000346B3F5616F57DC002A08BF0346229369
:108430000022002B54DB02B122936C220021204643
:1084400017F0ABFE6D220F9023900021204617F00D
:10845000A4FE71220F9024900021204617F09DFE6B
:1084600072220F9025900021204617F096FE672279
:108470000F9026900021204617F08FFE9DF8A9301E
:108480000F9060F302038DF8A930174B1B6993F826
:108490003A209DF8A930CDF8C49062F3C3038DF85B
:1084A000A93095E80F002CAE86E80F005A4617A9B0
:1084B0004046CDF878A019F034FA169B0133149396
:1084C000E0E6149B029A013B13440A9A9A42D4BFF5
:1084D00016921693102131E7A3F561630122A0E7FC
:1084E00003F561630122A4E7289700202DE9F843F2
:1084F00006460D4629B91F4B186900F04FFD054689
:1085000040B130462946FFF74FFE284618F00FFBD2
:10851000044608B9BDE8F883204618F03EFB002762
:108520008046B946474513D132461F212046FEF703
:1085300023F8324620212046FEF71EF8324621213C
:108540002046FEF719F8204618F0F1FA2546DFE735
:10855000A3681B6853F82710B9F1000F06D16B1AF6
:10856000D3F1000949EB03090137DBE73046FFF798
:108570001BFEF9E7289700202DE9FF41464E0546EE
:10858000306918F0C2FE10B9306918F012FC336976
:1085900093F83C0006F070F905F1180878B198E8F6
:1085A0000F006C4684E80F00D5E9011220464942CD
:1085B000524223F0B4FA2868214618F0E9FF3069E6
:1085C00000F0ECFC0146404618F00DFC3369D3F88E
:1085D000CC420746A4B9002835D1306900F006FD29
:1085E00001462846FFF782FF336993F8D822D00767
:1085F0002FD4D3F8CC42A4B93369D3F8C47226E09F
:108600002146404618F0EFFB3369044687B900283D
:10861000E3D093F8D822D1071CD4D3F8CC32002B66
:10862000EAD021462846FFF761FF002FE4D00EE094
:1086300093F8D822D2070FD4D3F8CC323BB100281C
:1086400008BF1C46EDE793F8D832DB0704D439465F
:108650000DE00024D3F8C47239462846FFF746FFE0
:108660003369D3F8CC1229B1002C18BF2146284613
:10867000FFF73CFF306900F0A5FC01462846FFF7F4
:1086800035FF306900F0A8FC0146284604B0BDE87B
:10869000F041FFF72BBF00BF289700202DE9F04FD6
:1086A000DFF8AC81D8F81030D3F8AC52D3F824C03E
:1086B0002E46044646F818CB0FC886E80F0094E80B
:1086C0000F0005F1280686E80F00D8F8103093F85F
:1086D0003970022F8BB016D194E80F002E1D86E85A
:1086E0000F00BCF80810284618F0B6FB204623F00F
:1086F00075FD2B7D073B032B21D82846FFF73CFF58
:10870000534B1D6955E037B994E80F002E1D86E8DC
:108710000F003946E7E7012FE8D10023C5E901330F
:10872000D8F8100000F0EAFB0138E860D8F8100033
:1087300000F0F4FB2B68013828611989D3E7D8F8D9
:1087400010302A685B8FD7682046C3F34703B7FB16
:10875000F3F723F0CDF98146287D23F00EFE7E1E2F
:1087600009FB0066204623F039FDB6FBF7F6012E23
:108770008146C2D04C2373431846049306F0C2FED0
:108780000746A0B1B9FBF6F34FF0000A0393731E3E
:1087900080468146D34605935E4513D1049D2C4EF9
:1087A0003D44A8453CD1384606F0C6FEA8E7D8F8B7
:1087B000105094E80F0005F5437585E80F000BB0E5
:1087C000BDE8F08F62680399531E0B445344009335
:1087D0005244A368216806A823F07AF9059B2A7DF4
:1087E0005B4504BFE3680993484606AB002118F0D7
:1087F000CBFF2B1D0FCB09F1040C8CE80F002B686D
:10880000C9F800304846FFF7B7FE039B0BF1010B98
:1088100009F14C099A44BFE701F0BAF801F052F8A7
:10882000D8F83830002BF7D13069D0F8AC322BB102
:108830001A6C42450AD1D8F840201A64D0F8B432F4
:108840000BB14146984708F14C08AAE71346EEE7FA
:1088500028970020014B1869704700BF2897002017
:108860002DE9F04FB94C99B0002843D0C36823617B
:1088700025F0DDF92069002800F04482436A002BCE
:1088800000F040821A69002A00F03C82DB68002B6D
:1088900000F038820022392118F040FD2369D3F816
:1088A000C402FEF70BFB2369D3F8CC0208B1FEF734
:1088B00005FB2369D3F8C802FEF700FB2369D3F850
:1088C000C002FEF7FBFA2369D3F8BC02FEF7F6FA02
:1088D0002369D3F8C422002A40F0FA80C3F860224A
:1088E00002F06EFE206900223A2119B0BDE8F04F77
:1088F00018F014BD00F0F2FA2061BBE7304490F8A4
:108900004052002D00F0A18001362069D0F860327D
:108910009E42F3D390F83930012B42D118F0F5FC88
:1089200000283ED0206900F51A7024F011FA0028C2
:1089300037D1206918F03DFA2069D0F81C80D0F8B2
:1089400024B0C34508BFD0F8208000F0D7FA0190CA
:10895000206900F0E3FA40220290002108A82BF0E1
:10896000B2FB4FF000092369D3F860221FFA89F6A1
:10897000B24203F51A7000F2AF800023CDE9043350
:10898000019B013B0693029B013B079324F0A0F956
:108990000546002840F0DC80206900F51A7024F0BC
:1089A000E3F92069D0F860629EB3013E00F51073D0
:1089B000002E80F2DF80002600223B2118F0AEFC62
:1089C000236993F838206FF3000283F8382093F876
:1089D00038206FF3410283F8382093F83B2042F0AF
:1089E000020283F83B204FF000080DF110092569C1
:1089F000D5F860329845C0F2C38000223C21284659
:108A000018F08CFC236993F83B206FF3410283F844
:108A10003B202069D0F86032002B3FF461AF18F0A2
:108A200074FC002840F04F8120694FF4007200214F
:108A3000403025F084FB20692022002100F51070D1
:108A400025F07DFB2369002248E74FEA061A0AF168
:108A500040092069D0F860329D42BFF455AF4319F8
:108A600093F84032002B31D1AE422FD04FEA051B94
:108A70000BF1400B00EB0B01484423F004F928B341
:108A8000216908A801EB0B02494423F077F808A8F4
:108A900023F02EF801902069484423F029F8074676
:108AA0002069584423F024F8019B0744BB420DD2AF
:108AB0002369089903EB0A022B4411640999516454
:108AC0000A9991640B99D16483F840820135C0E71B
:108AD00000264FF0010818E7334493F8403213B1F1
:108AE00009F101093FE724F0F3F8043633010546A4
:108AF0000393206900F51A70002DF1D0294624F067
:108B0000EDF8039B226982461A44294608A823F0FF
:108B10000BF9431C064617D0002709E024F053F850
:108B200008AB03EB071384460FCB8CE80F0001372B
:108B300020697BB29E4200F51A702946EEDC24F0D3
:108B400087F8284606F0F8FC5546D2E7289700201B
:108B500004AA2946284622F0EFFF294658462B460C
:108B6000424618F05CFD2069294600F51A7024F091
:108B7000B5F80DE79A5D002A3FF41EAF013E17E7F6
:108B800005EB080393F8403213B108F101082EE712
:108B9000B04502BF95F8383043F0010385F838300E
:108BA00095F838306FF3410385F8383008F1040345
:108BB00005EB03130FCB89E80F0095F83970002FF0
:108BC00073D1484623F005FB8346484623F006FB55
:108BD0002369019393F83C5082462946584600F099
:108BE00055FC072D019B27D0083DEDB2022D02D880
:108BF000464A32F8157008BB0025049B0893069B73
:108C00000A93059B0021079A05EB030A0AF1FF3737
:108C1000974236DD8A42B8D0216909930B9291F8C8
:108C2000383043F0020381F8383008A8FFF736FDEA
:108C30002069FFF761FAA8E70827DCE75B6ADD68CF
:108C40000023ED1BCDE90933B5FBF0F55545A8BF71
:108C5000554608932F4608AA35212069BA46013F98
:108C60000B9718F05BFB08A823F0B8FA854202DAEC
:108C7000002FF0DCC0E7BAF1000FBDDD0B9D013520
:108C8000BBE708BF226909930B9702BF92F83830FF
:108C900043F0020382F8383008A8FFF7FFFC206990
:108CA000FFF72AFA39465346ADE7013F012F3FF659
:108CB0006CAF95F8383005EB081043F0020385F8E7
:108CC00038304030B2E7236993F83930012B7FF414
:108CD000ABAE002510E0431993F840325BB900F5C4
:108CE0001A7023F099FF23692A1D03EB021306462D
:108CF0000FCB86E80F0001352069D0F86032AB4217
:108D0000E9D891E619B0BDE8F08F00BF50620300CA
:108D1000F0B5064685B06C480D4623F039FF044691
:108D2000002854D000214FF4477225F008FA4FF084
:108D3000FF33C4E902330023C4E904338223A3616F
:108D4000638F23F4FF7323F0010343F0030363876E
:108D50001223C4E9006584F83C304C2006F0DAFBAD
:108D60000146C4F8AC0290B3D4F8B0320BB120463F
:108D70009847D4F8AC2200235360D4F8AC22936017
:108D8000D4F8AC32013EDE60D4F8AC324F4E013D37
:108D90001D61D4F8AC3294F83C201A750123C4F854
:108DA000643208F045FF1021C4F8080304F51A7076
:108DB00023F0E6FE4648756974612246212106F0DB
:108DC0003DF8C4F8040330B9204606F0B5FB002492
:108DD000204605B0F0BD07F005FB0746002870D11E
:108DE000052005F007FEC0F30723C0F307428DF806
:108DF000080038468DF809308DF80A2005F0FAFD94
:108E0000C0F30723C0F307428DF80C008DF80D3036
:108E10008DF80E202F4B0093DDE902123B462046D1
:108E200007F0EAFAC4F800030020FDF73BFBC4F8A2
:108E3000C8020020FDF736FBC4F8C4020020FDF78D
:108E400031FBC4F8C0020020FDF72CFBC4F8BC02C3
:108E5000D4F8C802FEF7AAFED4F8C002FEF7A6FEB8
:108E6000D4F8BC02FEF7A2FED4F8C002022114F02E
:108E7000C0FED4F8BC02022114F0BBFED4F8C80234
:108E8000002116F0B2FBD4F8C002002116F0ADFBB1
:108E9000D4F8BC02002116F0A8FBD4F8C40216F0E6
:108EA000FBF9002D08BF25460B49756100233822C8
:108EB00004F5397023F07CFCD4F8040324F0C2FEDE
:108EC00086E708F0ABFEADE72C970020289700203E
:108ED000618800008C51030037120200014B586971
:108EE000704700BF289700200146034809B923F0C6
:108EF000EFBE23F0F3BE00BF2C97002010B9064B45
:108F0000586940B190F8FC3203F00503012B01D100
:108F100040687047006870472897002010B9064BDA
:108F2000586940B190F8FC3203F00503012B01D1E0
:108F300000687047406870472897002010B9034BBD
:108F4000586908B1806970478220704728970020CF
:108F500010B9034B586910B1C0E90712416270475C
:108F60002897002010B9034B586908B180F83910D0
:108F7000704700BF2897002010B9024B586900B114
:108F8000816270472897002010B9034B586908B1D7
:108F900090F83C00704700BF2897002010B9034BA1
:108FA000586908B1D0F8C402704700BF2897002064
:108FB00010B9034B586908B1D0F8CC02704700BF14
:108FC0002897002010B9034B586908B1D0F8C002A7
:108FD000704700BF2897002010B9034B586908B1AB
:108FE000D0F8BC02704700BF2897002010B9034B8F
:108FF000586908B1D0F8C802704700BF2897002010
:1090000010B9094B586970B1D0F8AC3280F83C10F7
:109010001975C36903B15970036A03B1597000220D
:10902000372118F07BB970472897002008B9024B08
:109030005869D0F8000370472897002010B9074BF3
:10904000586948B1D0F8643200290CBF4FF0FF32A4
:1090500001221344C0F86432704700BF28970020F3
:1090600010B9054B586928B1D0F864020028D4BF64
:1090700000200120704700BF2897002010B9034B43
:10908000586908B1C0F8E012704700BF2897002067
:1090900010B9034B586908B1D0F8E002704700BF1F
:1090A00028970020014B5869FFF778BF28970020C8
:1090B0002DE9F04F85B09846DDE90E43164608F5D8
:1090C000B472A2429DF84070119D81468A460AD131
:1090D000A9EB06032B60AAEB06036B6006EB090302
:1090E000AB60564469E1B8F5B47FC8BFA8F5B47861
:1090F000B4F5B47FC8BFA4F5B474A6EB030B1FB1DD
:1091000003EBD3735B105F1C5A2398FBF3F2D2B2CC
:10911000042A94FBF3F3DBB229D1042B5FD1A045E1
:10912000D6DC08F15A0000B205F022FC0BFB00F07F
:1091300009EBE030C01B28600FFA88F005F018FC3E
:1091400070430AEBE030C01B686004F15A0000B2C3
:1091500005F00EFC704309EBE0303844A86020B203
:1091600005F006FC0BFB00F00AEBE03034E0042BCA
:1091700067D1032AD3D0022AAAD108F15A0000B23B
:1091800005F0F6FB704309EBE030C01BAAEB0603C9
:10919000DB1B286004F15A006B6000B205F0E8FBAD
:1091A000704309EBE030384424B2A860204605F053
:1091B000DFFB0FFA88F80BFB00F6404605F0D8FB02
:1091C0000BFB00F08642CCBF2046404605F0D0FBAA
:1091D0000BFB00F0C01350443844E8606BE0032BF5
:1091E0009DD0002B7FF474AF04F15A0212B21046E6
:1091F000039205F0BDFB08F15A031BB2029018461A
:10920000019305F0B5FB0299019B8142B6BF039A19
:109210001846104605F0ACFB0BFB00F009EBE03004
:10922000C01B28600FFA88F005F0A2FB70430AEB20
:10923000E030B144C01B09EB07036860AB6020B2AB
:10924000EBE09A4240F08680A04500F38380032A39
:1092500031D801A353F822F069920000BD920000BA
:1092600005930000239100000FFA88F005F080FBC1
:109270000BFB00F00AEBE030C01B686008F15A00FD
:1092800000B205F075FB704309EBE0303844A8608C
:1092900020B205F06DFB70430AEBE0303844E86023
:1092A00004F15A0000B205F063FB0BFB00F009EB80
:1092B000E030C01B286005B0BDE8F08F0FFA88F0E1
:1092C00005F056FB70430AEBE0303844E86008F1E3
:1092D0005A0000B205F04CFB0BFB00F009EBE0304C
:1092E0003844A86020B205F043FB0BFB00F00AEB0A
:1092F000E030C01B686004F15A0000B205F038FB92
:109300007043D4E708F15A0000B205F031FB704316
:1093100009EBE030C01B28600FFA88F005F028FB4D
:109320000BFB00F00AEBE0303844E86020B205F0B7
:109330001FFB70430AEBE030C01B686004F15A0069
:1093400000B205F015FB0BFB00F009EBE0303844F0
:10935000A860B0E79ABB012B7FF4BAAE04F15A00C3
:1093600000B205F005FB704309EBE030C01B24B2EE
:109370002860204605F0FCFA0FFA88F302901846A0
:10938000019305F0F5FA029A019B8242B4BF204690
:10939000184605F0EDFA0BFB00F00AEBE030C01BBD
:1093A000686008F15A0000B205F0E2FA704309EB78
:1093B000E03038445644A8603E44EE607BE7012A22
:1093C0002FD1022B7FF484AEA9EB0603DB1B2B60AD
:1093D00020B205F0CDFA70430AEBE03008F15A03F1
:1093E0001BB2C01B68601846029305F0C1FA5A34DC
:1093F00024B20190204605F0BBFA019A8242CABF0E
:10940000029B2046184605F0B3FA0BFB00F009EB6F
:10941000E0303844A8600FFA88F005F0A9FA7043EC
:10942000A2E6022A01D1032BA6E6032A7FF450AE5E
:10943000D7E600BF10B518220446002124F07FFEB5
:10944000054B2360054B6360054BA3600023C4E913
:109450000333044B636110BD231402001F14020088
:10946000031402000D14020010B5074C2046FFF74C
:10947000E1FF04F11800FFF7DDFF04F13000BDE863
:109480001040FFF7D7BF00BFF09700200A46014603
:10949000014817F0C9BF00BFF097002038B50D464E
:1094A00014461BB91146FFF7F1FF0346142C05FBC8
:1094B00003F003D15B0805FB030038BD073CE4B2B1
:1094C000032CFAD81ABF034B1B5D4FF4806318447A
:1094D000F3E700BF3C9C03000A460146014817F031
:1094E000ABBF00BFF09700202DE9F047DDF82880E2
:1094F000DDE908578A4691461E46044610B9002009
:10950000BDE8F0871C22002124F019FE25B9314660
:109510005046FFF7BBFF054609FB05F34345EED870
:1095200066702368A4F804A003F47F4343F0190392
:109530002360074BA4F80690C4E904772581A36152
:10954000C4F80C8031463846FFF7C6FF0120D7E744
:10955000F097002007B5009313460A4601460348DA
:1095600017F089FF03B05DF804FB00BFF0970020FF
:1095700070B50D460446A8B101694078072813D09C
:10958000A0F10803DBB2022B10D8094E36F81330D5
:10959000248902FB0433CC1825B105F063F9684334
:1095A00004EBD004204670BD0823F1E70023EFE769
:1095B000566203002DE9F047036904460D4613B9CE
:1095C0000020BDE8F08743888688B0F806809B06B7
:1095D000F6D521B941783046FFF758FF0546238973
:1095E000AB422DD0607805F03DF970430730B5EB04
:1095F000D00F4FEAD009E3D32B466278414630467C
:10960000FFF74CFFE3688342DAD36378072B19D066
:10961000083BDBB2022B17D8194A32F813302789DE
:109620002669AF421DD208F1FF3202FB073705FB66
:10963000023337444FF0000A1E44C24506D3258149
:109640000120BEE70823EAE70023E8E73946304671
:109650004A4624F09CFD2389761BFF1A0AF1010A71
:10966000EBE71E44B24600274745E8D23146504654
:109670004A4624F08CFD2389AA441E440137F3E7AF
:10968000566203002DE9F74F0446002875D0408844
:1096900010F0010571D110F0200014D06378DA1FAA
:1096A000D2B2032A17D818BF354B256914BF9B5671
:1096B0004FF4807305EB8306AE4207D1638843F015
:1096C00001036380012003B0BDE8F08F284622F03B
:1096D000B8FE0435F0E7102B14D1B4F80680B4F8C6
:1096E0000490B4F808A027694545E7D2002602E0B7
:1096F00022F0A7FE01364E4507EB8600F8D357440B
:109700000135F1E7142B1DD1B4F80890B4F806A088
:109710002769B4F804B04FEA590309FB0A785545A4
:10972000CCD2002606E018F80610019322F0A0FE25
:10973000019B01365E4507EB4600F4D34F44984445
:109740000135ECE7132BB9D1B4F80690B4F804A0B6
:10975000B4F808B027694D45B0D23E464FF0000836
:1097600006E0B178304622F083FE033608F10108A6
:10977000D045F6D35F440135EDE70020A3E700BFF5
:10978000399C030008B505F0C5FE064BD3F824113B
:109790000160D3F82821C3F824010132C3F828213D
:1097A00008BD00BF289700202DE9F8438C6B0746C1
:1097B0000D464FF00008F4B9EB6B002B71D095F813
:1097C0004420002A6DD0AA6B002A6AD19B6B73B12A
:1097D0001A79062A63D19A6C002A60D1DA6CD269B0
:1097E000AA425CD101229A64354BC3F8302100268D
:1097F0003046BDE8F883A36CD4F80090032B4CD11D
:109800002379062B29D1E36CDE6933689BB1301DC7
:1098100022F0E4FC33682A4A1B894343D2F82C0126
:10982000834294BFC01A0020C2F82C01306817F0A0
:109830009EFE0023336087B1D7F8AC3223B11A6C97
:10984000964225D1326C1A64D7F8B43213B131463E
:1098500038469847304605F06FFE204618F092F9DA
:10986000064640B190F850305B0604D5C06905F05B
:1098700063FE0023F361E06C05F05EFE204605F018
:109880005BFEB8F1000F05D0C8F800904C4692E797
:109890001346D3E7C5F83890F8E7A046F6E71B680B
:1098A00095E7074BD3F824410026002CA0D023696C
:1098B0002046294698470130246818BF0126F4E75E
:1098C000289700202DE9F0410020FFF70DFB0E4FF7
:1098D000044600264FF001080CB9BDE8F081D4F829
:1098E000AC523DB90EB9C7F830812046FFF7FCFAFB
:1098F0000446F1E729462046FFF756FF2D6C002865
:1099000018BF0646EDE700BF28970020F8B5CE6CDB
:109910001E4D306195F838710C4647BB306870B108
:109920004FF4002114F0BDF948B1012385F8383116
:10993000306822462221FCF71FFE85F838714FF46B
:10994000C843A4F85030D5F824512DB994F85030BC
:109950004BB90323A364F8BD6B6913B121462846B4
:1099600098472D68F1E7BDE8F840FFF7ABBF4FF42B
:10997000C843A1F85030D5F82451002DEBD06B69C5
:1099800013B12146284698472D68F6E7289700200E
:10999000044BD3F83021002AFBD00022C3F8302139
:1099A000704700BF28970020024B0122C3F83021E6
:1099B000704700BF289700202DE9FF41294B846B99
:1099C000D3F82831012B06460D46174609D824B98D
:1099D0000024204604B0BDE8F081A36C012BF7D130
:1099E000F7E7F4B9002D38D1B56B002DF0D0AB6C92
:1099F000012B32D195F850300BB1BB422DD1B46B55
:109A000005F118085CB3A542E3D0A36C032B06D084
:109A1000424604F11801684622F08EF8E8B924683D
:109A2000F0E7FEF717FFFFF769FA0446FEF712FFAB
:109A3000FFF774FAB36B9A6C012AD3D09A68002AA4
:109A4000D0DC1A69013CA242CCDBDA68002AC9DC0E
:109A50005B6901388342C5DBBAE72D68C5E72C4650
:109A6000B7E700BF289700202DE9F04105680446BC
:109A700015B12869BDE8F081071D384622F0A9FB21
:109A80000646384622F0AAFB217D07463046FFF7FE
:109A9000FDFC227D07FB00F82B4639463046FFF7D8
:109AA00059FD20600028E5D0084AD2F82C31434403
:109AB000C2F82C31207D04F0DFFE18B12068294661
:109AC00017F066FD23681869D4E700BF28970020C7
:109AD0002DE9F04F1C4699B08B6CADF814301B0C7F
:109AE0008DF81630136B06931546BDF81C30526B7B
:109AF000DDF8889062F30803ADF81C30EB6A82460B
:109B0000884683B11CB12268234B9A420BD1239B18
:109B1000249CCDE900932A4605AB41465046A04718
:109B200019B0BDE8F08F239B0FCB08AF87E80F007B
:109B3000D9E9001238465242494221F0F0FF04B9F7
:109B40000CAC154BC4E90033C4E9023310AE0DF17F
:109B5000500B22463946284618F070FB039094E8D3
:109B60000F0086E80F00D9E90012304621F0D7FF38
:109B7000039B012BD4D123993246584621F0DCFFB8
:109B80000028E6D0CDE9006BDDF890C005AB2A4691
:109B900041465046E047DCE7010000E010B56C228A
:109BA0000021044624F0CBFA22F031FCC0F3072355
:109BB00084F849304FF48073C4E90C33B4F84C3066
:109BC00084F8480043F40F6343F00F03A4F84C30CB
:109BD000044BE365C0F307406C2384F84A006361DB
:109BE00010BD00BF010000E02DE9F04FA9B00E4606
:109BF0000690154605939BB3C969002215A800F08D
:109C000021FD01282CD106F1540A5046B78CB6F834
:109C1000269022F0DEFA0028ACBF9AE80F0095E803
:109C20000F0009AC84E80F003946204621F056FFAA
:109C30004946204621F057FF1E4BDDF824A00FCBEC
:109C40000DF1340888E80F0007EB0A030DF1440B0F
:109C50000793EB680A9A9A421BDD15A818F0FCFAE4
:109C600029B0BDE8F08F2A462146584621F064FF0E
:109C700048B1059B06980094CDE901B315AA434667
:109C80003146FFF725FF099B3B4409930B9B3B445F
:109C90000B93AB68099A9A42E5DD0A9BCDF824A0A4
:109CA0004B440A930C9B4B440C93079B013B0B9337
:109CB000CFE700BF0045030010B55822044600213D
:109CC00024F03DFAFF2384F84C3022F0A0FBC0F3CF
:109CD000072384F831304FF0FF332362154B84F8AB
:109CE00030006362C0F307404FF6FF73C4E90A33E4
:109CF00084F8320022F08BFBC0F3072384F8330092
:109D0000C0F3074084F8343084F83500052004F0AF
:109D100071FEC0F3072384F83730002384F836003F
:109D200084F84D30C0F30740582384F8380063614D
:109D300010BD00BF8C5103002DE9F04FC3B0904619
:109D40004F6A826804900C461DA841460C9321F08E
:109D5000F3FE002800F0F28094F84E30099394F856
:109D60004F30E169DA0700F1EC80404622F031FA29
:109D70000A90384621F02AF9E36BD8E90012C3189B
:109D800081461BA80B9322F038FA636CA16C1593E3
:109D90001C9B626D0B441C93002A40F0E080002560
:109DA000236A059394F84F30E06902934FF0000A5C
:109DB0000A9BCDF804A00093236C05993A462844E9
:109DC00004F004FF4619049A1C9B926852684B44A5
:109DD0009342C0F2E480099B022B40F00C81E069C1
:109DE00094F84F300093236C3A46711B284423F0BB
:109DF000E3FE8146404622F0ECF91B9BA0EB0900F4
:109E000000EBD07003EB60031B93A36A0693E36A35
:109E10000793DDE906322FA8934288BFCDE90623D8
:109E200017F0B6FE94F84C308DF8D33021AB329356
:109E3000236BADF8D03036A81B0C8DF8D23017F05C
:109E400063FF94F84C308DF8F83097F91630002BFA
:109E500008BF0123089322F0DAFAC0F30722C0F307
:109E600007438DF85D208DF85E30C1B2D2B2DBB20F
:109E70004FF0000A8DF85C000E9112921093CDF80D
:109E800044A0059B002B55D0E3695A195B5D1392E2
:109E9000002B4FD01B9B159AD3180F931B930023B5
:109EA00018939946731B14931899059B994203D2F2
:109EB000149B9942C0F0B680059BAD1B5B190593BE
:109EC00000F07C8294F84F30E06902930023019304
:109ED0000A9B0093236C05993A46304404F076FEC1
:109EE00006EB0009D8F800301B93099B022B40F0C9
:109EF0006782E06994F84F300093236C3A46A9EBEF
:109F00000601304423F058FE0546404622F061F930
:109F10001B9B401B00EBD07003EB60031B931C9B4F
:109F20000B9A1344049A1C939268D2689342354664
:109F300040F35D823598002840F05B8243B0BDE875
:109F4000F08F02936FF060430193E36B0093236CF7
:109F5000626A36A823F0D4FD369B0A9309E70029EC
:109F60007FF41DAFD8F804100029BFF618AF93682E
:109F70005B1A0B99002BB8BF5B42C1F50071B3EBC4
:109F8000410FC4BF4FF0FF331360636D1D68002D98
:109F9000FFF605AF5A681C9B13441C9300E794F826
:109FA0004F30E0690599CDE901A30A9B0093236C2A
:109FB0003A46304404F00AFE1C9B0B9A1344626D2F
:109FC0001C93304482B113F5806F0DDB1368002BB6
:109FD0000ADA1660D8F804101C9B626D5B1A536095
:109FE000636DD8F804209A60E3699B5D3546002BC9
:109FF000A4D00646E7E6099B032B7FF406AFE06991
:10A0000094F84F300093236C3A46711B284423F098
:10A01000D3FD8146404622F0DCF81B9BA0EB0900F3
:10A020000344F1E6069A4FF6FF739A421DD0079A51
:10A030009A421AD0B24BE0691B682944984783467C
:10A0400018AB13981AAA19A923F01DFD94F84F30E4
:10A050001B076ED5199A232A15D1B9F1000F07D124
:10A06000189B11934FF001091EE74FF0000BE7E733
:10A07000B9F1010F00F03F81B9F1020F00F09381B7
:10A080004FF0000A55E0B9F1010FF9D1202A189BD1
:10A0900040F08C81119A9B1A072B40F02281139B70
:10A0A00011990622591829A823F053FF00239DF87F
:10A0B000A4008DF8AA3017F053FD01469DF8A500C5
:10A0C00017F04EFD00EB0110C3B29DF8A6000D93F2
:10A0D00017F046FD01469DF8A70017F041FD00EB83
:10A0E0000110C1B29DF8A80017F03AFD81469DF815
:10A0F000A90017F035FD00EB0910C2B20D9822F04F
:10A100006DF9C0F30722C0F307438DF85D208DF889
:10A110005E30C1B2D2B2DBB28DF85C000E91129209
:10A120001093BAF1000F00F044814FF0000A4FF095
:10A13000020994F84F30180704D5B9F1020F08BF8F
:10A14000ABF1070BDDE91912384620F00CFF1C9B20
:10A150000B991B9A0D9059180139219224910244B0
:10A16000189914982293013A814223924DD394F87E
:10A170005010C9071CD50F9929912B92FA680498A1
:10A18000DDF830C013443A699B1A97F915209B1AE1
:10A19000089A2A931344013B228E2C9394F8323070
:10A1A000ADF8F9208DF8FB3036AA29AB0021E04745
:10A1B00094F850309B0728D50F9B29930D9A1B9B31
:10A1C0000498DDF830C01344013B2B93D7E90332E8
:10A1D0009B1A5B00032293FBF2F31C9A134497F93A
:10A1E000162002EBD27203EB6203089A2A931344FF
:10A1F000013B228E2C9394F83230ADF8F9208DF883
:10A20000FB3036AA29AB0021E047069A4FF6FF73D0
:10A210009A4277D0079A9A4274D0069B5B4571D8D0
:10A220005A4513466ED994F835308DF8D230E38E06
:10A23000B4F83320ADF8F93094F83830ADF8D020C8
:10A240008DF8FB300498DDF830C021AB36AA002130
:10A25000E0471999084617F059FC834600286BD14E
:10A260000A46034629A9384620F033FEBDF8AC2043
:10A27000002A61D0BDF8AA30002B5DD01B98BDF933
:10A28000AE1001440B44013B25912793D7E90331DC
:10A290005B1A1C990B44BDF9B0109B1A5B1A1A4447
:10A2A0002693049B013A289299685A4625A821F0E2
:10A2B000B0FD002838D1299B002B49D18DF8C03042
:10A2C00025AB31930DF1A40B00230498DDF830C0C9
:10A2D000CDF8CCB01A462FA9E047584620F0F2FD41
:10A2E0002AE094F83230109394F830300E9394F8BA
:10A2F0003130129315E74FF0000AD14619E700BF3D
:10A3000048570300B9F1020F09BF0E9B236B8DF86C
:10A31000D030129B0BBF8DF8D130ADF8D030109BF0
:10A320001B0C8DF8D23094E7049B329899685A46FA
:10A3300021F06FFD0028BED00D9B002B3FF4B4AD83
:10A34000236C0D9A1A4413461B9A1A441B92ABE5D0
:10A350009DF8B230013B172B22D800230093BDF8A3
:10A36000AA20BDF8AC303598002117F0DDF8B8B957
:10A37000359808B117F0FBF8BDF8AC20BDF8AA106D
:10A380001D4801FB02F33F2B4FF00003009398BFE1
:10A3900052000E2317F06FF8BDF8AC30C380359033
:10A3A0009DF8B2308AE74FF000097DE54FF0000AD2
:10A3B0007AE54FF0010A4FF0020975E5B14691E5E3
:10A3C000099B032B7FF4ABADE06994F84F30009309
:10A3D000236C3A46A9EB0601304423F0EDFB054619
:10A3E000404621F0F6FE1B9B401B034496E54E467B
:10A3F00047E517F0BCF8A1E50898002038B57022B1
:10A400000021044623F09BFE21F0F3FFC0F3072355
:10A4100084F82100C0F3074084F8223084F8230038
:10A4200021F0E7FFC0F3072384F82400C0F30740BE
:10A4300084F8253084F8260021F0E9FFC0F30723D3
:10A44000FF2584F8290084F82A30C0F3074002234E
:10A4500084F82E3084F82B0084F82D5021F0D7FF9B
:10A46000C0F3072384F83E00C0F3074084F83F3070
:10A4700084F8400021F0CBFFC0F3072384F85A3062
:10A480000E4B6363B4F8483084F8590023F4FF534B
:10A4900023F01F036FEA1333C0F307406FEA03335F
:10A4A00084F85B0084F8205084F83B5084F85850BE
:10A4B00084F86C50A4F8483038BD00BF8C510300BC
:10A4C0002DE9F04F06460D4687B00C2200212846A4
:10A4D00023F035FE96F81080D6F80C90B8F1000FF6
:10A4E00018D1D9F81030002B44D003F08DFF074667
:10A4F0004948DFF824B122F0EBFB06F1140A0446C8
:10A50000002C3CD1B8F1010F34D106F1140022F037
:10A5100094F92FE003F078FF074600B3B8F1010F7C
:10A52000E6D1DFF8F8B08DF80480DBF82001CDF833
:10A5300000900022694620F0A5FF824690B120F0ED
:10A54000ECFF00F10802034607CA85E807005C69D2
:10A55000DBF820010022514620F0A3FF0BE0B8F108
:10A56000010FC5D10222494606F1140022F096FAE5
:10A570000028BDD00024204607B0BDE8F08F236836
:10A58000002B3FD06368002B3CD000221146504680
:10A5900022F04BFA23682A46314620469847012884
:10A5A00030D12B890BB3B8F1010FE4D1504622F022
:10A5B00044F9002FDFD0012348468DF8043023F002
:10A5C00030FE009095E80700144D059402AB83E837
:10A5D00007006946D5F82001002220F07EFF0146E1
:10A5E000B0B9009804F0A8FFC4E76878AE881428D2
:10A5F00002D176002E81D6E704F034F946430736BF
:10A60000F608F7E72146584622F068FB044677E74C
:10A61000D5F8200100229FE73898002028970020D5
:10A6200038B505460C460648182122F0A9FA2846F6
:10A6300003F086FE2046BDE8384003F0B7BE00BFF9
:10A640003898002070B50E4686B0154600214C2281
:10A65000044623F074FD16B9002006B070BDE66014
:10A66000304617F0D8F8207403F098FE002836D052
:10A67000224BD3F81C012064EDB1AB78DBB104F1BF
:10A6800020012046FFF71CFF034620600028E3D08E
:10A69000286860602A7922725A68214618469047D5
:10A6A000227A002AD9D00128D7D1E06AA8B10021A6
:10A6B00016F0CAFE11E0237C8DF808300022E36812
:10A6C0000193694620F0DEFE064640B120F025FFEA
:10A6D000C368E3620369236066640120BDE704F197
:10A6E00020012046FFF7ECFE034620600028B3D08F
:10A6F000002DCDD165602572CEE700BF28970020E0
:10A7000010B5054822F044FA044618B11822002179
:10A7100023F015FD204610BD389800202DE9F041AA
:10A720001F460D4B06469046D3F81C01002220F030
:10A73000D4FE054668B120F0F0FE037AC0F80C8024
:10A74000012B044603D1406823F06BFD6060C4E92F
:10A7500004672846BDE8F0812897002073B50646B7
:10A760000D46002941D00379CBB92C467379002BD3
:10A770003CD06078A0F10B03032B37D904F07CF8B0
:10A78000A0B30121204616F0BAFF78BB2021204655
:10A7900016F0B5FF10B32046FEF774FF26E04978A7
:10A7A0001429E2D0A888FEF771FE2B898342044663
:10A7B000DBD001462846FEF7FDFE0128D5D00094E7
:10A7C0006B78EA88A9880B4816F055FE044660B1FC
:10A7D00000232A46194616F022FFC7E721460548FE
:10A7E00016F087FE04460028D6D10024204602B089
:10A7F00070BD00BF209800202DE9F0410B7D022B99
:10A8000096B006460C466BD98B6913B10B7F002BB3
:10A8100066D001ADB2682168284621F08DF9002884
:10A820005ED07668D4F8048033681F89B8F1000FD1
:10A8300070D1284621F0CDFC0690284621F0CEFCB0
:10A84000237D8DF82F30E37D8DF82E30A369B4F889
:10A850001520ADF82C20CDE90707CDF828801BB1D5
:10A86000227F012A08BF0023099395E80F000CAF4F
:10A8700087E80F00D6E9011238465242494221F0DA
:10A880004EF9D6E9013202998A1A01993046C91A5D
:10A8900016F0BEFF099B05908BB1606A10B9206A63
:10A8A00021F097FC216A0A904A68029B09689A1A6B
:10A8B000019B5B1A00FB0233099A1A440992337D0B
:10A8C000063B0F2B0CD8DFE803F019210B0B0B0B09
:10A8D0000B0B0B120E17080B0B1D05A81BF0B9F87C
:10A8E00016B0BDE8F08105A818F095FDF8E7032142
:10A8F00005A81CF063F9F3E70421F9E705A81AF0AD
:10A9000032FCEDE705A817F042FEE9E705A819F0CB
:10A910008FFCE5E722692946284621F00DF9002839
:10A92000DED0226A002A75D1284621F052FC06901A
:10A93000284621F053FC237D8DF8353094F82830DB
:10A940008DF83630CDE90707A368207B67680C9344
:10A950008DF8340003F086FF2169029B4A6809687C
:10A960009A1A019B5B1A43430C99DB0801FB0233E3
:10A970001F44A3690B9700220A92002B51D109931F
:10A9800095E80F000EAF87E80F00D6E901123846B0
:10A990005242494221F0C3F823690FCB12AC84E83C
:10A9A0000F00D6E9011220465242494221F0B7F881
:10A9B000D6E9013202998A1A01993046C91A16F06D
:10A9C00027FF0590337D063B0F2B89D801A252F853
:10A9D00023F000BF71AA000081AA0000E1A80000D6
:10A9E000E1A80000E1A80000E1A80000E1A8000043
:10A9F000E1A80000E1A8000063AA00005BAA000033
:10AA00006DAA000053AA0000E1A8000053AA0000AC
:10AA100079AA00002946284621F08EF8002883D123
:10AA20005EE7217F012912D0606A099310B9206A7C
:10AA300021F0CFFB216A0A904A68029B09689A1AA2
:10AA4000019B5B1A00FB0232099B134497E71346F4
:10AA500095E705A81BF047F942E705A818F0ABFDFC
:10AA60003EE7032105A81CF079F939E70421F9E74D
:10AA700005A81AF01AFC33E705A817F062FE2FE7C5
:10AA800005A819F0B7FC2BE7044BC20003EA00232A
:10AA900002F4FC6243EAD0001043704700F8FFFF65
:10AAA000034630B508466AB1FF2A4FEAD3010AD1FE
:10AAB000A2F6FF0202EA0322DB0003F4FC63134365
:10AAC000194488B230BDD4439B08E4B2C0F34515A5
:10AAD00013FB02F311FB02F104FB0533084AC50A1C
:10AAE00004FB0515DB1000F01F0003F4FC6302EA11
:10AAF000C50204FB0011134303EB112398B2E1E7F5
:10AB000000F8FFFF70B5044608467AB12178A578B1
:10AB10006378FF2A4FEAD10109D11448DB0000EA2B
:10AB2000052003F4FC631843084480B270BDD4438D
:10AB30009B08E4B2C0F3451613FB02F304FB063393
:10AB4000EE08C50A654306FB0255084EDB1000F00F
:10AB50001F0003F4FC6306EAC50512FB01F204FBC7
:10AB600000222B4303EB122398B2DFE700F8FFFF2C
:10AB70002DE9F04F89B04368019383680293C3685D
:10AB80000393D0E906530493D0E9044390F822706C
:10AB900090F821800668079382468946002F40F08E
:10ABA0002281002C3ED1B8F1FC0F26D8029B9C429A
:10ABB00080F21B81A6F1020BAA46002729E05778F4
:10ABC0009378FF0007F4FC6700EA03233B43177800
:10ABD00003EBD70326F811304A440131019B994217
:10ABE000EDDB039B1E44049B01341D44029B9C42ED
:10ABF00080F2FB802A460021F0E77D48F6E73BF82B
:10AC0000021F50464246FFF77DFF0137ABF80000B8
:10AC1000CA44019B9F42F2DB039B1E44049B013408
:10AC20001D44C3E7B8F1FC0F1ED8029B9F4280F27F
:10AC3000DC80B31EAB464FF0000A2FE014F808206A
:10AC40003BF8021F5046FFF75DFF08F10108ABF823
:10AC50000000CA44019B9845F0DB039B1E44049B03
:10AC60001D44079B01371C44029B9F4280F2BD801C
:10AC7000A6F1020BAA464FF00008EBE714F80A20F1
:10AC800033F8021F059312FB08F25846120AFFF729
:10AC900039FF059B0AF1010A1880CB44019A9245BD
:10ACA000ECDB039B1E44049B1D44079B01371C44A3
:10ACB000BBE79AF82230022B4BD0032B6AD0012B32
:10ACC00040F093807B789BF80220DB0803EBD203F3
:10ACD0001F2BA8BF1F23D8023B889BF80120C3F37A
:10ACE000451303EB92033F2BA8BF3F2380B200EB39
:10ACF00043103B789BF8002003F01F0380B203EB66
:10AD0000D2031F2BD4BFC0181F30398880B2002C4B
:10AD100060D1424603F0BCFD059B27F8020B0133CE
:10AD20000593CB44059B019A9342C2DB039B1E44CF
:10AD3000049B1D440CB1079B1C44069B01330693E6
:10AD4000069B029A934250DA00233746AB4605939E
:10AD5000E8E79BF802307A78DB08C3EBD20323EAFA
:10AD6000E373D8023B889BF80120C3F34513A3EBA0
:10AD7000920323EAE37380B200EB43103B789BF825
:10AD8000002003F01F0380B2A3EBD203002BA8BF67
:10AD9000C018BAE79BF802307A789BF80100D20815
:10ADA000DB0813FB02F33A888008C2F3451210FB5C
:10ADB00002F080115B11400100EBC3203A789BF850
:10ADC000003002F01F02DB0880B213FB02F300EB3D
:10ADD00053109AE7059BE25CB8F1FC0F9CBF12FB95
:10ADE00008F2120A96E70023A9E709B0BDE8F08F40
:10ADF00000F8FFFF08B51FF04CFB2820FEF7C2FC4F
:10AE0000044B0361044B436100234362C361034B62
:10AE1000C36008BDC78C02008D8C02003F9C0300FC
:10AE20002DE9F04F89B004AC84E80F002046DDF82E
:10AE300058809DF854A0129F149E21F0CAF905462F
:10AE4000204621F0CBF998F8482098F849B098F8B6
:10AE50004A9098F84B8001906FEA0804BAF1140FF9
:10AE6000E4B202D0BAF1120F49D1049B05995B00FC
:10AE700001FB06334FEAD20C4FEA9B0E4FEAD90989
:10AE800006EBD67625EAE57ADFF820B11F4409FB08
:10AE900008F20CFB08FC0EFB08FE26F001034FEA4B
:10AEA0004A0A4FF000090199894525DB09B0BDE840
:10AEB000F08F37F81800C0F34516C10A04FB06E608
:10AEC000F61004FB012106F4FC660BEAC10100F058
:10AED0001F0004FB00C0314301EB1021139820F840
:10AEE000181008F10108A845E3DB139951441391A8
:10AEF0001F4409F10109D6E74FF00008F3E7AAF172
:10AF00000F03022BD2D85046029221F036FA049B4E
:10AF1000029A0599434301FB063125EAE57E02FBCF
:10AF200008F3029300FB156609FB08F300FB0EFE15
:10AF30000BFB08FB394403934FF000087644019B58
:10AF40009845B3DA139F0B464FF0000924E093F8BD
:10AF500000C0029A0CFB042C4FEA2C2C87F800C08E
:10AF600093F801C0039A0CFB04BC4FEA2C2C87F821
:10AF700001C093F802C00CFB042C4FEA2C2C87F87C
:10AF800002C0BAF1100F04BF93F803C087F803C0E2
:10AF90000344074409F10109A945D8DB139B734415
:10AFA0001393314408F10108C9E700BF00F8FFFF1F
:10AFB00091F84D3013F0100F024B01D116F04BBD3C
:10AFC000FEF712BEED92020091F84C30022B02D92E
:10AFD000014BFEF7B1BE70473F9A02002DE9F04FDA
:10AFE0000B6BDDB083460C46002B00F0B98091F866
:10AFF0003C20022A40F2B480CD69A26AD1E908104F
:10B00000854202D1914200F0AB8003EBD3735B1019
:10B010005B428542D4BF5E191E180C968542ACBFB8
:10B02000C3EB0506C3EB00069142D4BF581898182D
:10B030009142ACBFC3EB0103C3EB02030CA90D901B
:10B04000DBF808200E9608460F9320F075FD0028C7
:10B0500000F08680216AA26AE069636A914240F04A
:10B06000D0808342D4BF40934090226B8342B8BFCC
:10B070000346013A013B429302F0010303EB6203F2
:10B08000CB1A01EB620240A943920846DBF8082084
:10B09000419320F051FDE8B1A56B1DB1656B003DFA
:10B0A00018BF01252C2200214EA823F048F840AB00
:10B0B0004E9394F82E30A28D8DF84F3194F83C3099
:10B0C000ADF84D218DF84C31002D4CD14EA958468C
:10B0D000FFF792FB94F83D3013F0180F40D04EA8C4
:10B0E00016F012FE94F82E308DF85B3147F6FF73A0
:10B0F000559394F83C30256B8DF8583194F83D30D9
:10B10000A28DADF859216E101A076FEA050505F0FA
:10B11000010510D5E269931B4093236A3244991BC1
:10B12000521B3344419142925B1B40AA4EA95846A0
:10B1300043931DF03AFE94F83D30DB0610D5626A69
:10B14000931B4093A36A3244991B521B3344419191
:10B1500042925B1B40AA4EA9584643931DF025FE20
:10B160005DB0BDE8F08F40A821F033F8419BDDF8D9
:10B170000C914393D4E90D23409F1344064697FB5B
:10B18000F3F203FB127704F0BDF94FF0020840AB75
:10B19000DDF804A15490054656938DF85481D145AD
:10B1A00003DA284604F0C8F994E728463246FF211E
:10B1B00022F0C5FF00203B46844686420CDC4EA9A7
:10B1C0005846FFF719FB419B01334193439B0133E1
:10B1D00043930AF1010AE2E7626B9A4209DBD21A51
:10B1E00000FA82F003FA82F38DF8548101300133C2
:10B1F000E3E7A16B0A449342D4BF05F800C00023E3
:10B20000F2E7834272D1206B9142D4BF41914192C7
:10B2100001388A42B8BF0A4600F0010505EB600517
:10B22000013A40A95D1B439203EB6003DBF8082061
:10B2300040950846429320F07FFC00283FF44AAF37
:10B24000A56B1DB1656B003D18BF01252C220021A7
:10B250004EA822F074FF40AB4E9394F82E30A28D8E
:10B260008DF84F3194F83C30ADF84D218DF84C31CC
:10B27000002D3FF42BAF40A820F0ABFF419BDDF841
:10B280000C914393804604F03DF940AB5693022362
:10B290008DF85431D4E90D23419F54901344064650
:10B2A00097FBF3F503FB1575B94501DA304679E7ED
:10B2B0004246FF21304622F042FF636BAB42B4BFEF
:10B2C000002201228DF85421A26B4EA91344584646
:10B2D0009D42A8BF0025FFF78FFA419B01334193A0
:10B2E000439B0133013543930137DDE7914204F17C
:10B2F000240704F11C0580F20F81294608A820F0DC
:10B3000072FFDDE9086A39460AA820F06CFFDDE922
:10B310000A59AB1BAA1B0693A9EB0A03079382EAFF
:10B32000E273A3EBE273A9EB0A02039382EAE273EE
:10B33000A3EBE2730493DDE903318B42DCBF039B93
:10B340000499226BC3BF0B465B0103995B0193FB1E
:10B35000F1F39A4911F8038002FB08F808F13F085D
:10B360004FEAE813B54205932B46A8BF3346A3EB3B
:10B37000E813B54210932B46B8BF334603EBE813EE
:10B38000D14512934B46A8BF5346A3EBE813D145D2
:10B39000119310A94B46B8BF534603EBE813DBF8F3
:10B3A00008201393084620F0C7FB00283FF492AE14
:10B3B000DDE9032C4FEAE81303F001014FEA2827E7
:10B3C000002301EB282124A80DF1C8086245CDE92E
:10B3D00016331490CDF85480189340F3B2800AEBE2
:10B3E0000102049209EB01020592AAEB0702039203
:10B3F000AA1B9A42A9EB0707019340F39580039A91
:10B4000000972B46314600F0F1F801230193049A8E
:10B41000059B00932B463146404600F0E7F894F830
:10B420003D3098061CD403230193AB1B534440AF1B
:10B430000093A9EB0A03F31A31465246384600F04E
:10B44000D5F802230193069B4B440093079B4EAE15
:10B45000EB1A4A462946304600F0C8F8CDE9167680
:10B4600010A820F0B6FE0746FDF7F4F9FDF746FDFB
:10B47000054610A820F03CFB854203D910A820F017
:10B4800037FB0546284604F03DF8139B03932A46F4
:10B49000119B1393FF21064622F051FE2C2200211E
:10B4A00019A822F04CFE10AB199394F82E308DF8A9
:10B4B0007B3094F83C30A28D8DF87830DDF84490E4
:10B4C000ADF8792010AB1F9621934FF00008039B35
:10B4D0004B4544DA139B119A9A4208D0013B1393CF
:10B4E00019A9022358468DF88030FFF785F93046B8
:10B4F00004F022F824A81EF0E9FF32A81EF0E6FFAF
:10B5000094F83D3099063FF5E5AD40A81EF0DEFF0A
:10B510004EA81EF0DBFFDDE5394608A820F063FEEB
:10B52000DDE9086A2946EFE6059B049A0093314657
:10B530002B4600F05BF80123CDE90073039A2B46FC
:10B5400069E7CDE9009352466B18314400F04EF89C
:10B550000123CDE900935246EB1BF11B5CE706EBA0
:10B56000080A5146109A00974B4614A81EF092FF05
:10B5700001468DF8800018B93A46504622F0DFFDAA
:10B58000B84407EB08039D4205D9139B013313937D
:10B5900009F101099BE7022319A958468DF880306B
:10B5A000FFF72AF9139B2A460133FF2130461193F6
:10B5B00013934FF0000822F0C2FDE9E7429C03001C
:10B5C00038B5094C0025D4F83C0108B103F0B4FFAC
:10B5D00004F59E701C2107351EF0B5FA1C2D04F1F0
:10B5E0001C04F0D138BD00BF289700202DE9F84396
:10B5F000089E9DF8249015460F463821044698462B
:10B600001EF0A1FAB54204D1B9F1030F09D1013DF1
:10B61000013EB54205DD2B4635461E463B464746B4
:10B62000984639462A4604F1080020F0E6FD3246E5
:10B63000414604F1100020F0E0FD237E69F302038F
:10B6400023762A46394604F11C00A8EB0707761B2F
:10B6500020F0D3FD87EAE77286EAE673A2EBE77291
:10B66000A3EBE6739A4294F8343030482060D4BF9C
:10B670000022012262F3000384F834300022DB0749
:10B68000C4E90922227121D537B14FF4801393FB0D
:10B69000F7F373439B12A36236B14FF4801393FB0D
:10B6A000F6F37B439B126362A26A217EE26211F091
:10B6B00007014FEAA2031BD194F834106FF3410144
:10B6C00084F83410002AB8BF5B4222E036B14FF450
:10B6D000801393FBF6F37B439B12636237B14FF405
:10B6E000801393FBF7F373439B12A362626ADCE758
:10B6F000012904D194F8341041F00201E0E7022955
:10B700000AD1002AD8DD94F8342042F0020284F8ED
:10B7100034202363BDE8F8830329D3D1002AE9DD6F
:10B7200094F834206FF34102F1E700BF6B9B0200F5
:10B730002DE9F347DDF828A040F26714A3421E4626
:10B74000A8BF26465445A8BF544626EAE67624EA12
:10B75000E474B4420546BABF04F5B470801BA01B64
:10B7600080B21F46A5F88800C5E9046405F1080009
:10B770009146884620F041FDB32F134B2B60D8BF74
:10B7800000224FF00103C8BF0122BAF1B30F2B71A1
:10B7900018DDA4F1B403B32B94BF00270127009256
:10B7A00033B24A46414605F118001EF0A5FE23B209
:10B7B0004A46414605F150000A9702B0BDE8F047FD
:10B7C0001EF09ABE1F46EAE7539F02002DE9F04F94
:10B7D00006468DB008460C4690461D4620F0F9FC02
:10B7E0000746204620F0FAFC2368B3606368F360E4
:10B7F0008742A8BF0746A36833617F104745E368C7
:10B80000A8BF474627EAE778C6E90538337F65F3DE
:10B8100000033377B44B3360002F4FF002033371D2
:10B820004FF0000503DC35620DB0BDE8F08FAF4B83
:10B830001946D3F8542142451ED11C2303FB05129F
:10B840000F2FD2F8500100F10100C2F85001D2F8D8
:10B850004C21CCBF4FEA2810012002446B43CC1886
:10B86000B2F57A7F03F59E73A8BF4FF47A720B444A
:10B87000C4F84C213362D7E70135042D03F11C03D2
:10B88000D7D19B4B00245A6932B9002C35D01969A5
:10B8900022699142B8BF1C46013D03F11C03F2D15D
:10B8A0006CBB1C2003F036FE4FF0FF3304462361CF
:10B8B00034622068C4F8188008B103F03DFE062009
:10B8C00008FB000003F01EFE00EB480302334FEAC2
:10B8D0008806E360331D0344012FC4E9000008F12A
:10B8E0000109A3601AD1B4230370E2680023138016
:10B8F000E2685780A268138096E71C46CCE763692C
:10B900000F2F03F101036361CCBF4FEA281301231A
:10B91000B3F57A7FA8BF4FF47A73C8E74FEA0910EE
:10B9200003F0F8FDC6F101030193B3100493002363
:10B9300000EBC90208939B460DF1100E0DF1200C8F
:10B940000021019F002F34DC07EB4B0703370197E1
:10B950000BF1010BB34536DCB71001314EF8047B17
:10B96000042906F003074CF8047BEAD19DF82C105B
:10B97000049F029107998F424FEA830E03F1010C55
:10B980006BD140F823700899029F42F823500F446E
:10B990003946099F39440A9F39446768F9546768F2
:10B9A000F95C0901F9546346B34505F10105C3DDAE
:10B9B0000BE0DDF80490ABEB060709EB4707053712
:10B9C0000197013EC4E70429D0D003F18047013F2D
:10B9D00040F2D32150F8276001FB08F8B6EBA82FFE
:10B9E0004FEAA8254FEA870103D152F82760B542F4
:10B9F0001DD0C8F309080431B8F5007F4550C8BF11
:10BA0000C8F580685550C8BF08FB08F86168D5BF05
:10BA100008FB08F84FEAE8384FEAD838C8F10F08B1
:10BA200001F803806568E95C0901E9540133991E56
:10BA30001D46002975DA002B03F1FF31D8BF002124
:10BA400003EB010CE16800230B801946614576DBAE
:10BA50000DB0BDE8F04F03F06FBD791E039105995D
:10BA60008F420EF1040A21D040F80E7042F80E50B9
:10BA70006168089FCF546768F95C0901F95403991C
:10BA800040F80A10029F099942F80A500F443946BB
:10BA90000A9F04313944676807F80C10676817F883
:10BAA0000C10090107F80C1002337DE7069940F8E5
:10BAB0000E708F4242F80E5008991BD0DDF824E03A
:10BAC00067687144F9546768DDF808E0F95C0901BA
:10BAD000F954039940F80A100A9942F80A508E4422
:10BAE000714667680831D7E75DA2020028970020F9
:10BAF00064980020099F01EB07090A99894461684D
:10BB000001F803906768F95C0901F954039940F85A
:10BB10000A1042F80A50029F61680C3701F80C7055
:10BB2000BCE752F8216040F8256050F8216042F8E7
:10BB300025606668775C77550139013579E7E568F6
:10BB400025F81310A56850F8216025F813604FEA16
:10BB5000430E52F82150AB4201D1614501D101336E
:10BB600074E7A66850F8217036F80E50BD42A8BFA1
:10BB70003D4626F80E500131EBE700BF2DE9F04FAE
:10BB8000B1B01C463C9D9DF8F8300E910B92D5E962
:10BB900010012A6B1193EB6A29926A6B2A925F4219
:10BBA00030AA6FF0090802E903004FF00A092B9749
:10BBB00097FBF9F708FB07F838B2A8EB030802F087
:10BBC000D7FE7E1C834630B202F0D2FE064607F155
:10BBD0005A0000B202F0CCFE824607F15B0000B2D0
:10BBE00002F0C6FEA9EB080208FB00F30AFB0233D1
:10BBF00093FBF9F35B1128932E9B0E981B022C9359
:10BC00002F9B08FB06F60BFB02661B0296FBF9F660
:10BC100076112D93279620F0DCFA83460E9820F0BB
:10BC2000DDFA119B15900F2B07D1102020F0A5FBFA
:10BC30000BFB00F3129300230FE0119B142B04D095
:10BC4000062B72D14FEA4B03F4E74FEA4B031293F2
:10BC50003F9B159A129901FB02330F9395F84D30D3
:10BC600003F00802C3F3C0031693EB6A1892139310
:10BC7000002B65D1296C2A6B686B631E5B1A5343DA
:10BC800001EB23213A9B6A6C013B9B1A434302EB75
:10BC900023220E9B9B688B42A8BF0B461D460E9B22
:10BCA000DB689342A8BF13461E460E9BD3E90007EC
:10BCB000BA42A8BF3A4620AB8142A8BF01460093D2
:10BCC00023A81FAB1EF0F2FC22AB2946009332469C
:10BCD00021AB1EF0EBFC1FA80FC8BBF1010FC5BFC5
:10BCE000121A1202139A0BF1FF35C8BF92FBF5F23C
:10BCF0000A92159A012AC5BF5B1A1B02002302F1A2
:10BD0000FF32C8BF93FBF2F3199300F180030C9349
:10BD100001F180031C9300231A931493DDE914327C
:10BD2000934213DB31B0BDE8F08F119820F025FB72
:10BD30000BFB00F31293119B122B7FF47CAF87E770
:10BD400000230A9319931C930C93E4E7139B5BBBAA
:10BD50001C9B1A9A03EB22231093139B0D93119BA8
:10BD6000063B0E2BDED801A252F823F095BE000050
:10BD700025BD000025BD000025BD000025BD00003B
:10BD800025BD000025BD000025BD00005DBE0000F2
:10BD900021BF00000DBE0000D7BE0000B5C10000ED
:10BDA00025BD0000E5C100000E9B0E995D68149B47
:10BDB0001D4420AB00932A4609681FAB23A81EF040
:10BDC00075FC0E9922AB00932A46896821AB1EF0C0
:10BDD0006DFCBBF1010F219D1F99229B209A12DD62
:10BDE0006D1A0BF1FF302D029B1A95FBF0F50A95A9
:10BDF0001B0293FBF0F30D9301F180030C9302F10E
:10BE000080031093ABE700230A93F4E74FF0000898
:10BE10003F9DCDF86C80CDF85C80179B9B456FDD16
:10BE20000C9B03EB282211120BD48C4209DD1B98CA
:10BE3000109B03EB2023181203D43A9E864200F392
:10BE4000F58000232B60179B0D9A013317931B9BE2
:10BE500013441B930A9B04359844DEE74FF0000C13
:10BE60003F99E0463F9BCB1A9B4549DD0C9B03EB7A
:10BE70002C252F120AD4BC4208DD109B03EB28208E
:10BE80005FEA202E02D43A9B73454BDC4FF000034F
:10BE90000B7098E00027DDF8FCC01B973E46B345C9
:10BEA0002EDD0C9B03EB272005120CD4AC420ADDDF
:10BEB000109B1B9A03EB22215FEA212E03D43A9BAD
:10BEC000734500F393813F9A4FF0000302F8163058
:10BED0008CF80130E4E104230793169B06933F9B03
:10BEE0000B98CDE904B30D9B03930A9B0293109B1F
:10BEF00001930C9B00932146DDE93A231EF027FCB9
:10BF00003F9B129A13443F930F9B0BB15B440F93DB
:10BF1000149B01331493DDE9192313441A93FDE6AE
:10BF20000323D9E7EAB22D0654BFC2F17F02803A5B
:10BF3000C3B259BF52004FF0FF365200012600062F
:10BF400055BFC3F17F03803B5B005B0054BF179379
:10BF500017933B9B0EFB03700B9B03EB0009185CD4
:10BF6000189B087054BF4FF0FF350125002B3ED0C1
:10BF700007EB060ABAF1FF3F30D0544537DD0EEB30
:10BF8000050ABAF1FF3F24D03A9B53452FDD3B9B76
:10BF900019F806605D43B04219F8055007D0179BA9
:10BFA000C3F580775E4300FB0766C6F30726A84209
:10BFB0001FBF5543C2F5807300FB0355C5F307252A
:10BFC0002E4476100E700D9B98440A9B01319C44C0
:10BFD00048E74FB9012C17D1012E15D1C2F1FF024C
:10BFE000424312120A70EEE7651EAF42F3E78FB9C3
:10BFF0000136F3D0012CF1D0BEF1000F10D1013584
:10C0000002D03A9B012BDED1179BC3F1FF034343C0
:10C010001B123DE704F1FF394F45EDD1012EEAE750
:10C020003A9B5A1E9645CED1012DECE7DDF8ECC0C7
:10C03000DDF82CE08F0000FB0C77DDF82CC0BC4451
:10C040005EF807702F605FFA82F9189F1206DEB261
:10C0500059BFC9F17F094FF0FF32A9F180090122D0
:10C060001B0659BFC6F17F064FF0FF33803E012308
:10C07000002F00F083808F18B7F1FF3F74D0BC42CF
:10C080007CDDC718B7F1FF3F69D0DDF8E8E0BE45B9
:10C0900074DD5CF8220021900CEB82013B9ACF7892
:10C0A00053430CEB03025CF8030092F803A02290C8
:10C0B000BAF1000F0ED1EB78C6F1FF0673431B12E5
:10C0C000EB7057BBEB78C9F1FF0909FB03F31B12B7
:10C0D000EB70B8E62299286820F06AF90028F0D1C0
:10C0E000EA784AB1C6F1FF0306FB0AFA02FB03AA8B
:10C0F0004FEA2A2A85F803A08DF88B6029682298D8
:10C1000020F071FAC0F3072328706B70C0F3074367
:10C11000C0F30760AB70E870D3E72199286820F07E
:10C1200047F900287FF48FAEEA783AB1C9F1FF03EE
:10C1300009FB07F702FB03773F12EF708DF887903A
:10C140002968219820F04FFAC0F3072328706B70FC
:10C15000C0F30743C0F30760AB70E87073E651B9F2
:10C16000012C17D1012A15D1EB78C9F17F0909FB00
:10C1700003F3DB11ACE7631E9942F2E779B90132B0
:10C18000F2D0012CF0D078B9013303D03A9B012BC7
:10C190007FF459AEEB78C6F17F067343E9E7671E7B
:10C1A000B942F0D1012AEDE73A9A013A90427FF480
:10C1B0004AAEECE7169B0893002307930F9B069368
:10C1C0003F9B0B98CDE904B30D9B03930A9B02930D
:10C1D000109B01930C9B00932146DDE93A231EF04E
:10C1E000AAFB8DE6169B08930123E6E7C2B2000680
:10C1F00054BFC2F17F02803ACBB259BF52004FF018
:10C20000FF3052000120090655BFC3F17F03803B78
:10C210005B005B0054BF179317933B9B0EFB0359C6
:10C220000B9B4B441D930B9B13F809803F9B03F81A
:10C2300016804FF0FF338CF80130189B54BF4FF03D
:10C24000FF310121002B45D02B18B3F1FF3F36D031
:10C250009C423FDD0EEB01039A4601332AD03A9B04
:10C26000534537DD1D9B185C3B9B59431D9B804507
:10C27000595C07D0179BC3F58075584308FB050030
:10C28000C0F3072088451FBF5143C2F5807308FBE8
:10C290000311C1F307213F9B0844401003F8160027
:10C2A0000D9B1B9A1A440A9B1B9201360CF1020C3F
:10C2B0001F44F4E55DB9012C19D1012817D10B9B5E
:10C2C00013F80930C2F1FF0253431B1200E6611E4E
:10C2D000A942F1E7B5B90130F1D0012CEFD0BEF1A0
:10C2E000000F15D1013102D03A9B012BD8D10B9B05
:10C2F00013F80920179BC3F1FF035A4312128CF85D
:10C300000120CDE704F1FF384545E8D10128E5E7F4
:10C310003A9B5A1E9645C3D10129E7E7F0B5054679
:10C32000408A85B0C0F308000022142793B29842D7
:10C3300001D8002010E0AB6807FB02F69C199B595E
:10C34000B4F804C0CB1A634502F10102EED2A27C1C
:10C35000022A03D1E088184405B0F0BD1AB9E2689A
:10C36000D05CE388F7E7032A14D1ADF80E30154B03
:10C37000228A0093A16802230DF10E0021F06BFCCC
:10C380000028E9D0AB6833449A68DB88801A03EB55
:10C390006000E1E7012ACCD1ADF80E30094B228ACA
:10C3A0000093A16802230DF10E0021F054FC002837
:10C3B000D2D0AB6833449A68801ADA68DB88105AA6
:10C3C000C9E700BFF5AF02002DE9F8430368D3F8D1
:10C3D000189003690E46002B00F0EC80C27BD9F860
:10C3E000044012F0020204EBC30709D054F83330C2
:10C3F000D9F80060C3F313031E443046BDE8F88348
:10C400003879797911FB00F1002900F0D58099F88D
:10C4100013103F2901F0C00803D9B8F1C00F40F054
:10C42000CD8054F83330D9F800403569C3F3130395
:10C430000E211C44FDF72AF899F8133003F01E036F
:10C44000022B40D100210A4616E012F007022378A1
:10C4500018D143F3C013DBB205F80C3001320CF1F4
:10C46000010C3B796345F0DCB8F1C00F02D10AB191
:10C4700001340022054401317B798B42BDDD4FF050
:10C48000000CEEE702F1FF3EBEF1050F16D8DFE823
:10C490000EF00306090C0F1243F38013DBE743F39E
:10C4A0004013D8E743F30013D5E743F3C003D2E7C3
:10C4B00043F38003CFE743F34003CCE743F30003A8
:10C4C000DBB20134C8E7042B32D10021DFF8F0C021
:10C4D0000A4616E012F00302237819D19B091CF8D2
:10C4E000033005F80E3001320EF1010E3B79734531
:10C4F000F0DCB8F1C00F02D10AB1013400220544CA
:10C5000001317B798B427FF778AF4FF0000EEDE77A
:10C51000012A02D1C3F30113E1E7022A02D1C3F3D6
:10C520008103DCE703F0030301341CF80330D8E790
:10C53000082B28D10021DFF88CE00B461CE0227884
:10C5400013F001030BBF120902F00F021EF80220C4
:10C550001EF8022005F80C2018BF01340CF1010C64
:10C5600001333A796245EADCB8F1C00F02D10BB170
:10C5700001340023054401317A798A427FF73DAFC7
:10C580004FF0000CEDE7102B7FF437AF00210AE0ED
:10C5900012F8014BEC54013397F804C09C45144643
:10C5A000F6DC054401317B798B427FF726AF2246CA
:10C5B0000023F1E71E4620E70E461EE716461CE75D
:10C5C000639C0300679C03002DE9F043092A8769F7
:10C5D00085B080460C461646994605D0002A41D1C2
:10C5E000002005B0BDE8F08320213846FFF796FE15
:10C5F00005460028F4D0FB68002B35D100207A686E
:10C600003B8A02EBC502092E518800FB03F3C1F3FC
:10C610000B1001464FEA231304BF01B2490008334F
:10C620000B441B09A380537923811179E18092F98E
:10C630000630638192F90730A381FB7CC3F3430288
:10C64000A2731346FA7C256102F0C002C02A04BF1F
:10C650001033A373E37B092E6FF30003E37360D001
:10C660000120BEE71146C0E7B9F1000FC6D0D8F8E7
:10C6700018004946FFF752FE0028BFD0D8F818200E
:10C68000D2F80C80D27C930634D498F80B203F2A41
:10C6900017D8D8F80090244BCDE90250D8F80820DC
:10C6A000009322F040420223494602A821F0D3FA27
:10C6B0000028A4D0A0EB09004010D8F80430185688
:10C6C0009DE702F0C002402A98D1D8F80090174B9D
:10C6D000CDE90250D8F80820009322F0404204230C
:10C6E000494602A821F0B7FA002888D0A0EB09003B
:10C6F0008010E2E7D8F80420D8F80810525D095CF1
:10C70000002A3FF47BAF00293FF478AFD8F800301F
:10C7100098F80D00013A0B4400FB023313F9010CA9
:10C720006DE74900E1809BE7D1AF0200E3AF020073
:10C730000146034809B920F0CBBA20F0CFBA00BFB8
:10C740006C970020014B186D704700BF28970020A0
:10C75000014B586D704700BF28970020F8B5837AC9
:10C7600043F002038372274B1A6D824204BF0022FA
:10C770005A650378013B012B04460D4609D8866EA5
:10C7800041B941676EB9206F0023E366F0B9002319
:10C79000A367F8BD436F994204BF00234367B142CA
:10C7A00021D1002722461721A7663046F9F7E4FE7B
:10C7B0003246172120461EF066FC002DE3D0E36EC2
:10C7C000206F9D4208BFE766854214D100262246AD
:10C7D00017212667F9F7D0FE3246172120461EF0B2
:10C7E00052FC45B9D3E7C36E994204BF0023C36628
:10C7F000036F994203D0A36F9D42CAD1C7E7084691
:10C80000E4E700BF2897002038B50D4618B1BDE811
:10C810003840FFF7A3BF084820F05AFA044610B981
:10C82000064B586538BD20462946FFF797FF20463E
:10C83000FFF77EFFF2E700BF6C97002028970020EB
:10C840002DE9F04F87B00F46904600210122019359
:10C850008246119C13F0A1FC02220590054600219E
:10C86000504613F09AFCFB7805909E0753D513F0C1
:10C87000010F6FF0404348D09D4248D0814B029356
:10C88000814B00930026C4E90166C4E90366666132
:10C890002660CDF810804146504614F04BF9DDF883
:10C8A00010900546002844D0C8453BD1774928461A
:10C8B00011F0FDF98346002840F0C2800146812234
:10C8C000284613F06AFC03909DF80C300590002B6D
:10C8D00000F0C380FB7813F001030DBF194604225A
:10C8E00059460622284613F058FCFB780590C845A7
:10C8F00003F0020344D0109A1044002B41D10644A7
:10C90000A368109A1344A36044E0984206D1FB78D0
:10C910006FF34103FB70FB78D907AFD45A4B0293F6
:10C92000584BAEE74FF40011284611F0BAF9002831
:10C93000BCD063690BB9A3680193019B6360049B3E
:10C94000C5B1984516D1DAF80830F9781B6853F864
:10C95000285004AAC1F3800150461EF0EBFB4DB1F4
:10C96000009B28469847029B206028469847012351
:10C970006060E360DDF81090484607B0BDE8F08FD6
:10C980002BB1A368019A334403449342D1DCC845D8
:10C990000644B5D16169237E0131DA07616141D571
:10C9A00018222069514302F0D1FD83460028E3D0CC
:10C9B0006169182202FB0101284641F8185CF978E8
:10C9C00011F001011ABF04220021062213F0E5FB39
:10C9D00062690590182101FB02B242F8140CF97843
:10C9E00011F001011ABF052200210722284613F089
:10C9F000D4FB62690590182101FB02B242F8100CC9
:10CA0000626901FB02B09DF80C2040F8082C6269B5
:10CA100001FB02B212F8041C6FF3000102F8041CBF
:10CA2000C4F810B0009B284698472368984203DD5D
:10CA3000009B2846984703462360E3680133E36080
:10CA4000FB7813F0040F0CBF01214FF0FF31494474
:10CA500000290491BFF620AF6BE7029B2846984758
:10CA6000C84518BF109BA26818BFC018FB789B0769
:10CA700005D50199B31803448B423FF75AAF1044D0
:10CA8000A060CFE7B5B1020095B102000100060039
:10CA90002DE9F04F7D22A9B00021044613F07DFB63
:10CAA000C343C0F3800203F0010343EA42039DF84D
:10CAB0005B202190C0F3C00043EA800322F007020C
:10CAC000134300217E2220468DF85B3013F065FB76
:10CAD0007F2221908DF858000021204613F05DFB45
:10CAE000802221908DF859000021204613F055FB3B
:10CAF00027222190C5B2002120468DF85A5013F00C
:10CB00004CFB9DF85B602190C3B216F001080393C3
:10CB100040F09A8015224146204613F03EFB142235
:10CB2000219005904146204613F037FB2190049058
:10CB3000204612F0ECF90690102200212046D4F88D
:10CB4000189013F02AFB302207462190002120463E
:10CB500013F023FB3422824600212190204613F05B
:10CB60001CFB83072190204648BF574412F0A0FDCC
:10CB7000B944A9EB00001790122200212046D4F8F6
:10CB8000149013F00AFB3022074621900021204622
:10CB900013F003FB3422824621900021204613F03B
:10CBA000FCFA21904007204648BF574412F07BFD15
:10CBB000B944A9EB00001890B8F1000F56D10DF15F
:10CBC000600A01220021204613F0E7FA02220A90AF
:10CBD00021900021204613F0E0FA6FF040430B90C3
:10CBE0002190B8F1000F44D0984240F0878094F82B
:10CBF0002B30590700F182800023199300279DF8FC
:10CC00005B6016F0040502D0A3681D8E013D039BF6
:10CC1000012B01D1F3073BD5A3681B8E9D42C0F0C9
:10CC20008B800A9A6FF040439A4202D00B9A9A4244
:10CC300002D12046F9F77EFE00223321204629B09A
:10CC4000BDE8F04FF9F798BC14220021204613F0FC
:10CC5000A4FA1522219005900021204613F09DFA98
:10CC600021900490204612F042F964E70DF15C0A2D
:10CC7000A7E70A9A9A4211D0039B012B3ED1ADB18E
:10CC80000027012D199714D116F00405BCD12F46A9
:10CC9000DAF800303B44CAF80030BDE794F82B3096
:10CCA00013F0080F039BE8D1012BA5D100231993A2
:10CCB000012516F004021CBFA3681A8E4FF000066F
:10CCC00018BF02F1FF3237460DF18408A3681B8EAE
:10CCD000934218D80EB1059BFF1A9DF85B30DA0716
:10CCE000204626D512F013F919ABCDE900A3014671
:10CCF00033463A4628461EF0E3F980E700231993AD
:10CD0000002DD6D17AE79DF89C30CDF804806FF3E2
:10CD100000038DF89C30049B009316A9069B2046C7
:10CD2000FFF78EFD219B05990B4402461F440136F7
:10CD3000CCE712F0DCF8D7E79DF89C3043F0010314
:10CD40008DF89C3021AB0193049B00932A46069BEF
:10CD500016A92046FFF774FD039B9DF85B200C90FD
:10CD6000012B07D1D0075FBFDAF8003021995B1A99
:10CD7000CAF80030189B1193179B129302F0010B15
:10CD8000634B644A6448654FDDF894801A95BBF1A3
:10CD9000000F0CBF194611461491614906BF0E469B
:10CDA0000146064610915F485F49089608BF134642
:10CDB000229A0F9204BF0E460146239A07910F99BB
:10CDC0000E93269B18BF0646A1EB02024FF01800F7
:10CDD0000D961392554E00FB038208BF3E461596F2
:10CDE0000992002B34D01399474600223B7DDB0784
:10CDF00055BF3B69FB68D218C91A099B1837BB425B
:10CE0000F4D143464FF0000993F814C01CF0010F11
:10CE100017D191FBF2FE1E699F68586806FB0EFE53
:10CE20007745A8BF77468742B8BF0746BE451EBFB5
:10CE30004CF0010C83F814C04FF00109DF60921B25
:10CE4000C91B099818339842DED1B9F1000FCAD135
:10CE500027220021204613F0A0F9C3B20993002332
:10CE6000CDE91B331CAB01931BAB1D9000930F9AB4
:10CE7000249B06999DF858001EF022F9BBF1000F83
:10CE800008D0099B012B05D1204612F030F81B9BDE
:10CE900003441B932946204613F04CFE259E05466D
:10CEA00018B11A9B0C9A9A4214D1304602F044FBF6
:10CEB000039A199B012ADAF8002040F06F81BBF138
:10CEC000000F40F06B8105990B44D31A0C9DCAF8F2
:10CED0000030A1E61649284610F0E9FE9DF85B10E7
:10CEE0000746C1F3800120B11AAA20461EF022F99C
:10CEF000D4E701468122284613F04FF91D90C0B2B5
:10CF0000002800F00081269A974213D1002718E0EC
:10CF10006BB1020087B1020079B10200E7BA0200EA
:10CF20005DB10200DDC10200D3C10200DDBA020022
:10CF300001000600334653F8181B8D4240F0DD8097
:10CF4000F76895F82B3023F00C03BBF1000F00F0CD
:10CF5000D78043F0080305F1140685F82B303046DE
:10CF6000079B9847B8421DD0284612F095F96B6987
:10CF70001D93AB691E93EB691F932B6A209339466F
:10CF8000159B304698471DAA31212846F9F7F4FA37
:10CF9000284613F0CCFD2A462A21F9F7EDFA284657
:10CFA00012F07AF99DF85930012B00F0B380022B72
:10CFB00040F0BC8021980D9B013020F0010605F166
:10CFC00014009847301A109B00EBD07600212846B9
:10CFD00098470E9B0746002128469847381A761036
:10CFE00000EBD07006EB6006BBF1000F09D0099B87
:10CFF000012B06D1079B05F1140098471B9B1B1AB8
:10D000001B936A220021284613F0C7F86B220021E7
:10D0100080461D908146284613F0BFF81D9013905E
:10D020000746284611F05DFF0F90284611F05CFF7F
:10D0300008F0C043B3F1005F0F99139A14D128F0A0
:10D04000C0486FF0604398450ED0B8F1805FA2BF32
:10D05000C8F17F6808F57F2808F6FF7808FB01F320
:10D060004FF0640993FBF9F907F0C043B3F1005F97
:10D0700012D127F0C0476FF060439F420CD0B7F148
:10D08000805FA2BFC7F17F6707F57F2707F6FF77AD
:10D090007843642390FBF3F26B691199AF69CB1A63
:10D0A0009944129BDF1B1744BBF1000F44D0089B2F
:10D0B0000021284698471B9B1844374410EB09066B
:10D0C00061D0284612F0E8F86B6933446B61EB6974
:10D0D0003344EB61AB693B44AB612B6A3B442B624D
:10D0E000284612F0D9F800233A463146284611F076
:10D0F0005DFFBBF1000F2BD047E001371E4603E771
:10D1000043F0040327E795F82B3023F00C0385F850
:10D110002B3047E70D9B219E05F1140098470E9B8D
:10D12000361A002128469847361A5DE7109B0021E1
:10D1300028469847064657E7089B59462846984789
:10D140001B9B4E4418440744002EBAD1002FB8D17F
:10D15000079B05F114009847049B1E181C9B002197
:10D160001E442846089B9847149B064400212846E5
:10D1700098471B9B304418449DF85B101B901AAADB
:10D18000C1F38001B1E6002F9BD1099A012ADDE9A4
:10D190001B03DDD1049A1344C01AEDE721990B4417
:10D1A00005990B44134491E6034B0449DA6D9160F1
:10D1B000DB6D0022DA6070472897002091CA0000DA
:10D1C0002DE9F04F00219BB0044613F0B3FC01465B
:10D1D000002877D1202212A820F0B1FF10220021D0
:10D1E0000AA820F0ACFF12220021204612F0D5FF41
:10D1F000302206460E900021204612F0CEFF342247
:10D2000005460E900021204612F0C7FF002142077C
:10D210000E904FF01002204648BF761912F0BDFF65
:10D22000302205460E900021204612F0B6FF34222F
:10D23000002107460E90204612F0AFFF8307636976
:10D240000E90204648BFED191E4412F02CFAA36937
:10D25000361A20461D440C9612F02AFA2D1A0D9506
:10D2600000230693A36806991A8E8A4200F262820E
:10D27000129802F061F9139802F05EF9149802F026
:10D280005BF9159802F058F901220021204612F0AE
:10D2900084FF022205460E900021204612F07DFFF9
:10D2A0006FF040439D420E9001D0984202D120463B
:10D2B000F9F740FB002233212046F9F75DF91BB056
:10D2C000BDE8F08F84220021204612F066FF05465B
:10D2D0001290002840F04E81204613F028FC842252
:10D2E000294612F05AFF0746129000285FD02946BF
:10D2F0008922204612F051FF29468A228046129048
:10D30000204612F04AFF461CB6001290304602F04A
:10D31000F9F8043E0546324607EB880120F019FE75
:10D320006FF06043AB514FF0010A00206FF0604393
:10D3300055F820209A4240F020811790800002F09A
:10D34000E1F813901798DFF810B3800002F0DAF8D4
:10D3500000261590179B9E42C0F011814FF00008E7
:10D36000BE4846464346179A9342C0F04581142270
:10D370000021204612F011FF07460E90204611F0C2
:10D38000C6FD179B013B07FB1303A3EB0803B34840
:10D3900023EAE3730027179A974202D2002E40F047
:10D3A0003D81BAF1000F02D0284602F0C5F885226F
:10D3B0000021204612F0F1FE05460E90002840F0B4
:10D3C0004681204613F0B3FB8522294612F0E5FE84
:10D3D00007460E9000285BD029468622204612F090
:10D3E000DCFE2946872280460E90204612F0D5FEAC
:10D3F000461CB6000E90304602F084F8043E054606
:10D40000324607EB880120F0A4FD6FF06043AB517A
:10D410004FF0010A204611F06AFD6FF06043834629
:10D42000002055F820209A4240F014811690800088
:10D4300002F068F812901698800002F063F8002657
:10D440001490169B9E42C0F00D81002783483E46F3
:10D450003B46169A9342C0F0428100211522204695
:10D4600012F09BFE169B0E90013B00FB13B0C01BFD
:10D470007A4920EAE0700027169B9F4202D2002ED4
:10D4800040F03F81BAF1000F02D0284602F054F874
:10D4900015220021204612F080FE142280460E90B4
:10D4A0000021204612F079FE272207460E90002127
:10D4B000204612F072FEC2B2511E4D424D410E90F6
:10D4C00001220021204612F068FE022206460021B9
:10D4D0000E90204612F061FE6FF040439E4208BF5E
:10D4E00094F82B600E9008BF86F00806814620460F
:10D4F0000CBFC6F3C006002611F0F9FC822282465A
:10D500000021204612F049FE129B0293149B0193C6
:10D51000169B03953146C2B20E9000935046434687
:10D520001DF088FE6FF04043994508BF94F82B101A
:10D53000189008BF81F0040120460CBFC1F380059C
:10D54000002511F0E4FC832206460021204612F05B
:10D5500024FE00230393139B0293159B0193179BB7
:10D560000E900093C2B23B46294630461DF062FE43
:10D57000199033E64FF0000AD7E60130D8E655F8A7
:10D580002630364A934235D14FF000095F4624E0F9
:10D590004946204613F0CEFA3149804610F087FB09
:10D5A0000146C0B905908A22404612F0F6FD0128D6
:10D5B00005990E900FD18922404612F0EEFD864269
:10D5C0000E9008D1404611F08FFCB84203DB404674
:10D5D00011F08AFC074609F10109204613F0DDFA33
:10D5E0008145D5D3002F159BB6BF002243F8267086
:10D5F00043F826200136ADE655F82320824205DDAA
:10D6000006F16046653616440133ACE615990CBF49
:10D6100051F8232041F823209044F5E755F82720BE
:10D62000824212DD06EBD671DDF854C002F1604291
:10D630006532491003FB021191FBF6F14CF82710FB
:10D64000B61A159A52F827209B1A0137A3E64FF015
:10D65000000ADFE60130E4E6010000E09AFFFF1F68
:10D660000100060055F826309A4A934235D19A4F68
:10D670004FF0000924E04946204613F05BFA974931
:10D68000804610F014FB0146C0B905908722404641
:10D6900012F083FD012805990E900FD18622404695
:10D6A00012F07BFD86420E9008D1404611F019FC25
:10D6B000B84203DB404611F014FC074609F10109AA
:10D6C000204613F06AFA8145D5D3002F149BB6BFCC
:10D6D000002243F8267043F826200136B1E655F8BB
:10D6E0002320824205DD06F160466536164401338B
:10D6F000AFE614990CBF51F8232041F823201744BA
:10D70000F5E755F827308B4212DD06EBD672DDF8CF
:10D7100050C003F160436533521000FB032292FBBB
:10D72000F6F24CF82720F61A149B53F82730C01A4B
:10D730000137A1E61B68069A684953F8225028462B
:10D7400010F0B5FA8246002840F09D8101468722FC
:10D75000284612F022FD8A220E9080465146284625
:10D7600012F01BFD07460E90002800F08C81B8F1E6
:10D77000000F00F0888186225146284612F00DFDE8
:10D78000892206460E905146284612F006FD882250
:10D7900007900E905146284612F0FFFC8B22C3B230
:10D7A0000E9051462846059312F0F7FCB0446FF0F6
:10D7B00040420E90C3B2904412981499099351F8C4
:10D7C000281050F8283001EB0309079B50F8261069
:10D7D0001F441744A9EB0109159A139952F8272001
:10D7E00051F8270051F823100244531A28462722E3
:10D7F0005146089312F0D1FC0E90C0B2012805F1F9
:10D80000140B5AD1059BCBB958461EF0E2FC80465A
:10D8100058461EF0E3FC0746129B53F82630284674
:10D82000994411F05EFB1B22A9EB00090021284658
:10D8300012F0B3FC0E90A9EB000614E0059B022B3E
:10D84000584612D11EF0C5FC804658461EF0C6FC54
:10D850000746129B1A220021284653F8266012F030
:10D860009CFC0E900644002354E01EF0B2FC80465F
:10D8700058461EF0B3FC0746059B129A032B2FD087
:10D88000012BE6D152F8266000211A22284612F018
:10D8900084FCA9EB080909EBD97906EB69090E901C
:10D8A00006461B220021284612F077FC361A06EBAA
:10D8B000D6760E9009EB6606D5E758461EF089FC31
:10D8C000804658461EF08AFC059B022B0746D3D1A2
:10D8D000A2E700BF9AFFFF1F010000E00100060061
:10D8E00052F8266000211A22284612F056FC1A220D
:10D8F0000E9000210644284612F04FFC1B22804661
:10D900000E900021284612F048FC0E904044A9EBEE
:10D910000008012395F82B2063F3C30285F82B2020
:10D92000139B079A53F82290099B022B00F0E58085
:10D93000032B00F0AC80012B00F0C38018220021E3
:10D94000284612F02AFC0E90814495F82B306AF399
:10D95000820385F82B30284611F0C3FA404500F0C9
:10D96000DD806B690E93AB690F93EB6910932B6AA3
:10D970001193284611F090FC414658461EF0AEF82F
:10D98000394658461EF0AFF8284611F085FC0EAA1D
:10D9900031212846F8F7F0FD284613F0C8F82A464A
:10D9A0002A21F8F7E9FD6A220021284612F0F5FB4A
:10D9B0006B22002107460E908046284612F0EDFBB0
:10D9C0000E9083468246284611F08BFA0590284631
:10D9D00011F08AFA07F0C042B2F1005F059B13D143
:10D9E00027F0C0476FF0604297420DD0B7F1805FDB
:10D9F000A2BFC7F17F6707F57F2707F6FF777B4355
:10DA00004FF0640893FBF8F80BF0C043B3F1005FEC
:10DA100013D12BF0C0436FF0604293420DD0B3F1AD
:10DA2000805FA2BFC3F17F6303F57F2303F6FF731B
:10DA300058434FF0640A90FBFAFA0C9B46441E448C
:10DA40006B69F61A0D9BD1449944AB69A9EB0309A4
:10DA500056EA090317D0284611F01EFC6B693344BF
:10DA60006B61EB693344EB61AB694B44AB612B6A8F
:10DA70004B442B62284611F00FFC00234A463146E6
:10DA8000284611F093FA069B0133FFF7EABB1822F0
:10DA90000021284612F081FB18220E9000218144BB
:10DAA000284612F07AFB192207460E9000212846DC
:10DAB00012F073FB089B0E9038441F1A4FF0010AB6
:10DAC00043E7089BDB1B03EBD37309EB63031822CB
:10DAD00000212846059312F060FB192281460E9022
:10DAE0000021284612F059FB059B0E90A9EB000976
:10DAF00009EBD97903EB690927E7089B28464B44D2
:10DB0000994611F0F1F91922A9EB000900212846E4
:10DB100012F043FB0E90A9EB000916E7284611F01E
:10DB2000E3F9B8427FF41DAF3DE700BF034B044962
:10DB3000DA6D1161DB6D00225A6170472897002071
:10DB4000C1D1000010B5064CA06DC00001F0DAFC98
:10DB5000E065FFF729FBBDE81040FFF7E7BF00BF16
:10DB60002897002013B516220021044612F015FB59
:10DB700010F0FF0301900ED0084A916D8B420AD835
:10DB8000D26D02EBC30152F833304968204602B02F
:10DB9000BDE81040184702B010BD00BF2897002014
:10DBA00037B50D4614462B7CC96843B90C22204674
:10DBB00020F0CFF92378192B2BD1012021E0012B64
:10DBC0001CD1084600F0BEFE144920F01FFBB8B976
:10DBD00001AB0C22214605F114001EF04FFE78B96E
:10DBE000019B0C2B0CD12378192B1EBF63701923BA
:10DBF0002370638843F020036380DBE7022B02D0AD
:10DC0000002003B030BD0E2353704FF0011353605A
:10DC1000D0E7638823F001036380CEE7E0CB030005
:10DC20002DE9F04390F82150D0F84880072DD8F81E
:10DC3000009085B004460ED0A5F10803DBB2022B9C
:10DC40000BD8204A32F81370638C1B0707D5D8F81D
:10DC500020301E6920E00827F6E70027F4E7237C40
:10DC6000012B26D1384601F04DFC064670B103ABBE
:10DC7000009302463B460C2148461DF052FB10B96A
:10DC8000039B9F4206D0304601F056FC002005B0B1
:10DC9000BDE8F083C8F80460072D26630DD0083D69
:10DCA000EDB2022D0BD8084B33F815306363012019
:10DCB000EDE7002BEAD1E368CBE70223F6E7002388
:10DCC000F4E700BFDE620300D86203002DE9F04FE5
:10DCD000054685B0D0F848A090F8210000F0C2FDBC
:10DCE0002C8DB5F826B0E600B6FBF0F60096A98CB0
:10DCF00080460E2332485A4613F0BDFB0BFB04F45A
:10DD0000074648B36B8CD0F810901B0711D5DAF892
:10DD1000203019692246484620F01BF995F8213039
:10DD20000E2B1FD1CAF81C700120EF6205B0BDE8B0
:10DD3000F08F2B7C012B11D103AB0093DAF800009C
:10DD400023464A460C211DF0ECFA10B9039B9C4275
:10DD5000E4D0384613F00BFC0020E7E7002BDDD1C0
:10DD6000EB68D6E70BFB06F60123701E03FA08F3F7
:10DD7000013C013B48444C44DBB2861B0021B042CD
:10DD8000D0D022780A411A4018D0C4469146BCF13E
:10DD9000070F07D94144C9B2072900F80199EED904
:10DDA000013CEBE7CCF1080E02FA0EFE49EA0E0E3A
:10DDB000C4445FFA8EF95FFA8CFCE8E79146E9E724
:10DDC000209800202DE9F0430B7C012B87B00646FC
:10DDD0000C4643D1C86800F0B5FD644920F016FA3E
:10DDE00068B920461DF0E0FA054640B1A0640C2059
:10DDF00001F088FB074638B920461DF0AAFA002535
:10DE0000284607B0BDE8F083E16802221EF046FE16
:10DE100018B1384601F090FBEEE72F60628C94F861
:10DE20002130100704D5002520461DF092FAE7E7BF
:10DE3000DA1F032A0BD8E379002BF4D12046FFF731
:10DE4000EFFE01280546EFD14FF0000849E00B3BFB
:10DE5000032BF9D82046FFF739FFF2E7002BE2D178
:10DE6000CD682B69002BCAD04B8C95F8019019070F
:10DE7000D9D4A9F10703032B05D820461DF094FA45
:10DE80000028D8D1BBE7A9F10B03032B204604D807
:10DE90001DF08AFA0028DDD1B1E71DF085FA6B8804
:10DEA000DA0619D42B8900F12408F3B90FCD6F4697
:10DEB0000FC795E8030087E803004846BDF8045003
:10DEC00000F0D0FC68430730C010ADF80800694688
:10DED000404613F01EFC4546E5622B893BB14FF0EE
:10DEE0000108E76A37B901258AE72946F0E7238D5B
:10DEF0002B81F4E7638CDB0703D50121384613F04F
:10DF000004FC39462046FCF729FC054600283FF46E
:10DF100073AF874224D020461DF01BFA20461DF027
:10DF200043FAC561E562A579002DDCD100F036FA2F
:10DF30000028D8D0237C8DF80830E26AE36801938A
:10DF4000D36800936946A36C3046FCF7E7FB0028D2
:10DF50003FF452AF606420461DF026FAC561C2E767
:10DF6000E762B8F1000FDED0BDE700BFE0CB0300F1
:10DF70002DE9F04F91F821901D46A9F1070387B0D4
:10DF8000DBB2032B0E460492029303D9A9F10F03CF
:10DF9000052B7BD8D6F848A0BAF1000F76D04846BA
:10DFA000DAF800B000F05EFC044604981EF011F9A7
:10DFB000337C804A012B14BF00230C2303936B682E
:10DFC0009342804666D1029B032B8CBF4B461023A5
:10DFD00005930023009302460599DAF840000123D7
:10DFE00013F0A2FA0746A0B9DAF8400020B113F006
:10DFF000BEFA0023CAF84030002300936E48059B08
:10E000000122414613F037FA074600283ED0CAF8ED
:10E010004000049B0FCB85E80F00E960049B6A6811
:10E02000DB68D7F810A09A4230DC029B032B00F289
:10E0300084802868318D0823B3FBF4F3B0FBF3F53B
:10E0400003FB1505736B514301EB83016043039B95
:10E0500001EBD0011944337C012B23D104FB08F3DD
:10E060000733DB08013318460391029301F04AFAA3
:10E07000044658B100220092029B0399024658467A
:10E080001DF04FF988B1204601F056FA002007B084
:10E09000BDE8F08F01336B60EB680133EB60DAF8B9
:10E0A0004070BBE7F3681C690C44B9F1090F27D035
:10E0B000B9F10A0F2CD0B9F1080F19D085F0070576
:10E0C0006DB22046012101238B40013BD6F830E0A0
:10E0D0009BB24FF0000CC1F10809E0451CDC337C19
:10E0E000012B02D1204601F027FAF7620120CEE78A
:10E0F00004EBA500ED4305F003056D000221E2E706
:10E1000004EB6500ED4305F00105AD000421DAE7FD
:10E11000601908210025D6E702782A411A40D2B2B8
:10E120006D1A6DB2002D5EF822204AF82C20BCBF7B
:10E130004D4601300CF1010CCFE7A9F10F03042B80
:10E1400013D82968039804FB08F34C43318D5143DD
:10E1500001EBD40100220092DB08524601445846EC
:10E160001DF0DFF8002891D1BFE7B9F1140F8DD170
:10E170002B68318D3C8903981B01514301EBD3017E
:10E180000023009301442346524658461DF0C9F827
:10E1900000287FF47BAF2B68318DF28C6D68009086
:10E1A0000C3301FB023C490843460AEB040205FB21
:10E1B00001C1D4E7010000E02098002010B5FCF771
:10E1C0009FFA044680B1094914F05BF808492046DB
:10E1D00014F059F80749204614F057F8064920462C
:10E1E00014F055F8054B236110BD00BFA1DB000002
:10E1F000C5DD000071DF00008BB30200E4CB03003B
:10E2000070B5224C2578002D3ED14FF4E47229469A
:10E2100020461FF094FF4FF44771201D1EF0B0FC04
:10E22000E42104F144001EF0ABFC194B63660323A8
:10E23000A3658C231748E36201264223236784F8F1
:10E24000246000F0D1FB25F0FAF8FBF70DF908F097
:10E250003BFE1FF020FD00F0E3FD00F057FBFFF751
:10E2600071FC00F009FAF8F7E9F813F065FAFCF729
:10E27000C1FDF9F7CDFB12F007FE29462846FCF751
:10E28000CFF9FFF79BFF267070BD00BF28970020D5
:10E29000D4C3B2A1CDAB341210B5044640681DF012
:10E2A0004CF9044B014604222046BDE810401EF004
:10E2B00047BC00BF99B5020038B5044605698369BB
:10E2C000406810B90025284638BD002DFAD0002B33
:10E2D000F8D01DF032F92946021D04F124001EF089
:10E2E000F0FE05460028EDD0042104F130001EF0B8
:10E2F00047FC014BE363E6E791B5020038B50446FD
:10E3000005698369406810B90025284638BD002D8D
:10E31000FAD0002BF8D01DF010F92946021D04F1A7
:10E3200024001EF0CEFE05460028EDD0042104F1A5
:10E3300030001EF025FC014BE363E6E795B50200D3
:10E3400030B5124CD4F81C3187B00546DBB9104B00
:10E3500093E8070006AB03E9070013E903002A4628
:10E360008DE80300039B0B4818211DF066F80A494D
:10E37000C4F81C011DF0C4F8D4F81C01003818BF03
:10E38000012007B030BD0120FBE700BF2897002027
:10E3900010450300EC560300E8CB0300024BD3F812
:10E3A0001C011DF0A8B800BF2897002030B5124C02
:10E3B000D4F8203187B00546DBB9104B93E807004D
:10E3C00006AB03E9070013E903002A468DE80300C2
:10E3D000039B0B4818211DF030F80A49C4F82001AE
:10E3E0001DF08EF8D4F82001003818BF012007B0C6
:10E3F00030BD0120FBE700BF289700201C4503002B
:10E4000018570300EECB0300024BD3F820011DF098
:10E4100072B800BF2897002010B504460146064890
:10E420001EF016FC63690BB1204698472046BDE8F4
:10E43000104001F081B800BFD497002010B50A4CFD
:10E44000012304F1AC0084F8A4301EF041FC28B98B
:10E45000D4F8A800BDE810401FF0E9BBD4F8A8002C
:10E46000BDE810401FF0E8BB2897002070B5436856
:10E4700005460BB983682BB11748174E1EF028FCD0
:10E48000044604B970BDA54221D0636B002B03DAAA
:10E4900094F854301B071AD522682B689A4216D17B
:10E4A0006368A3B16A68934211D10B4821461EF0FC
:10E4B000CFFB63690BB120469847204601F03CF83A
:10E4C000FFF7BCFF04481EF003FC0446D9E72146D1
:10E4D00030461EF003FCF8E7D49700202DE9F04702
:10E4E000634D95F8A53005F1AC0083F0010385F884
:10E4F000A5301EF0EDFB0027044605F1AC060CB973
:10E50000BDE8F087206D1FF034FF636B0344636345
:10E5100003F08EFB206585F8A47094F8543095F8CC
:10E52000A520C3F34001914265D062F3410359072E
:10E5300084F85430DAB21ED4636B002B1BDB130754
:10E5400009D4A3693BB120469847636A03446362D8
:10E55000E36A0344E36220461DF00AFAE3680BB164
:10E560002046984794F8543043F0040384F854301C
:10E570002046FFF77BFFD4F83490B9F1000F37DB6A
:10E58000236B9945C8BF63632046236AD4F834A03F
:10E590009847A36A8342804636D06368A06213B16D
:10E5A00001462068984795F8A4308BBBA36843BB0D
:10E5B000636B534501D1C4F83490D4E90C03834212
:10E5C00016DB94F85420616C12F0010224D079BB60
:10E5D000284821461EF03CFBFFF730FF2369002B43
:10E5E00043D163690BB120469847204600F0A4FF51
:10E5F00095F8A43063B9214630461EF06FFB0446FF
:10E600007DE741462046984795F8A430002BCFD0AF
:10E6100030461EF05DFBF2E7D4F83CC029B1B1F101
:10E62000FF3F05D00139616411B9BCF1000FCFD0B3
:10E630008342216CCCBF1B1A00235B1AE16B63631E
:10E640000029D5D012B9A36B5B42636394F85430B0
:10E65000E06382F0010262F3000384F85430636ADD
:10E66000E26A6262C4E90B31C2E720469847B8E724
:10E6700028970020D497002010B5094C5821204637
:10E680001EF07EFA00222121064800F0D7FB44F854
:10E69000040CFFF7D3FE002324F8083C10BD00BF94
:10E6A000D4970020DDE4000010B558220446002174
:10E6B0001FF045FD4FF4FA73236300236362642364
:10E6C000E36201236364044B236294F8543043F003
:10E6D000080384F8543010BDDBB8020038B5054695
:10E6E0001F481EF055FA0446002837D05822294604
:10E6F0001FF02FFC2B68AB421A4B08BF246093F825
:10E70000A52094F8543062F3410384F8543003F0A8
:10E710008FFA94F8543020651B071DD5A3693BB1CF
:10E7200020469847636A03446362E36A0344E362F2
:10E7300020461DF01DF96B680BB9AB6813B120467C
:10E74000FFF794FE636813B1616A20689847A36875
:10E7500013B1616A20469847FFF770FE204638BD26
:10E76000D497002028970020F8B504460F480F4F93
:10E770000D461EF0ADFA002608B93046F8BD036814
:10E78000A34200D064B94368AB4200D045B9FFF75B
:10E7900043FEFFF753FE38461EF09AFA0126EBE7D8
:10E7A000014638461EF09AFAE6E700BFD4970020EB
:10E7B00070B505460948094E0C461EF089FA00B9A5
:10E7C00070BD0368AB4204D14368A342F8D0002C6B
:10E7D000F6D0014630461EF081FAF0E7D4970020CB
:10E7E00000286FF0704307DA064A9042ACBF1B1A4C
:10E7F0009B1A43F0005070479842A8BF184640F05B
:10E8000000507047010000F02DE9F0470546002058
:10E810000E4600F007FCDFF848A004464FF0000960
:10E8200014B94846BDE8F087204600F0FBFBA3681A
:10E830005345074611D1D4F80C80D8F80030AB42CC
:10E840000BD1D8F80430B34207D1204600F01CFBAE
:10E85000404600F071FE4FF001093C46E0E700BF82
:10E8600003C302000638C0B220289ABF014B185CCF
:10E8700000207047FBCB030018289DBF034B23FAF1
:10E8800000F000F001000020704700BF807FF90118
:10E89000FF2A034610B5084614D092B18B4210D01F
:10E8A000094C01EB014103EB0343214023400432B7
:10E8B0005B1AD208534301EB5310204040EA10404A
:10E8C00080B210BD1846FCE71FF8E007024BDA6E75
:10E8D0004261D866704700BF28970020014B42690B
:10E8E000DA66704728970020074BDB6E03B9704744
:10E8F0005A68824202D01A68824203D11A7E42F0DC
:10E9000001021A765B69F1E728970020014804218B
:10E910001EF036B9DC98002038B504460848084D8A
:10E920001EF0D6F9014609B9084638BD08680378D3
:10E93000A342FAD028461EF0D1F90146F3E700BF02
:10E94000DC98002010B504461FF041FC08B90748C8
:10E9500004E0235C2E2B02D10130204410BD2F2B6C
:10E96000F5D05C2BF3D00138F0E700BF40940300F2
:10E9700000280EDBB0F5B47F0FDA5928174B10DCF6
:10E9800033F8100047F6FF73984208BF4FF4004079
:10E99000704700F5B47000B2EAE7A0F5B47000B2B9
:10E9A000E8E780B2A0F15A02592A03D8C0F1B400B6
:10E9B00080B2E5E7A0F1B40292B2592A85BFC0F552
:10E9C000B47080B233F8120033F81000044A054BDB
:10E9D0004042904208BF1846704700BFE4620300FF
:10E9E0000180FFFF0080FFFF014B9866704700BF6A
:10E9F00028970020122882B002D902B01DF007BD6E
:10EA000000EB4000094B1A181B5AADF804309DF872
:10EA10000430002063F307009DF8053063F30F20F6
:10EA2000937863F3174002B0704700BF1DCE030018
:10EA3000122882B002D902B01DF0E9BC0139C9B276
:10EA40000429F8D8C0EB001001EB41010144094B47
:10EA50005A185B5AADF804309DF80430002063F377
:10EA600007009DF8053063F30F20937863F3174098
:10EA700002B0704700CD0300122882B002D902B064
:10EA80001DF0C5BC0139C9B20329F8D801EB410119
:10EA90000C2202FB0010094B1A181B5AADF8043067
:10EAA0009DF80430002063F307009DF8053063F300
:10EAB0000F20937863F3174002B070471CCC03001B
:10EAC000F8B50F4615460021142204461E461FF0D5
:10EAD00036FB064B2760002D08BF1D46C4E90256D1
:10EAE000069B2361079B6360F8BD00BFDBB8020093
:10EAF000582882B024D8392809D8212810D80728C6
:10EB00003ED01C282DD005283AD0002327E03A38E3
:10EB10001D4AC0B2012383401342F6D0FF231EE0FA
:10EB2000A0F12202D2B201239340184A1A40002ACF
:10EB3000F4D1174A1342E8D13428E6D10F230EE06E
:10EB40006D2808D86B2808D85A2817D0E6D95F381E
:10EB50000128E3D9D9E77428D7D14FF48073019302
:10EB600009E000238DF807300A4B1A889B78ADF82E
:10EB700004208DF80630019802B07047064BEEE78E
:10EB80006FF06043EBE700BF110408028D00010045
:10EB90000280800056CE03008C510300FF280FD066
:10EBA00068B18C2802D8074B185C7047064A136B73
:10EBB00023B1926A7330C0B29042F5D300207047FF
:10EBC0003F20704759CE0300289700202DE9F04FD1
:10EBD00091B0064608939DF8703004931B9B0691F4
:10EBE000039213B11B9A00231360002E00F0FC80E7
:10EBF000307800B3039B002B00F0F880049B13F0E7
:10EC000003031BD07D49002000E00130069B8342B6
:10EC10000BD0335C0D2BF8D841FA03F2D407F4D4AF
:10EC2000069A824201D903B101301B9B1BB11B9A8A
:10EC30004FF0FF33136011B0BDE8F08F049A8DF8E8
:10EC4000333012F0010209921A9A0D9318BF6FF037
:10EC500060421A920193DDF834B0069B5B457AD985
:10EC600006EB0B03079316F80B30002B73D01A9B9F
:10EC7000002B70DD049BBBF1000F01D143F00403B6
:10EC80000293099B002B4FF000051A9B0E9518BFAD
:10EC90006FF060430EA906EB0B000A931EF060FDB7
:10ECA0000E9B0F93029B009503F0080307464FF05D
:10ECB000FF3AA946A8462C460B93079B1A5D002AEB
:10ECC00042D007980FA91EF04BFD09F101030593EF
:10ECD0000B9B009063B139460DF133001EF060FECE
:10ECE00030B1DDE90E43DDF81490009F0E93E4E7A8
:10ECF000009A039839461CF036F9804408B1089B05
:10ED00009844BAF1FF3F09D1089BA8EB03020A9B84
:10ED10009A4203DD029B59076AD4A2460A2F32D0D9
:10ED20000D2F30D00022364BD1B2595C39BB009840
:10ED30001EF0B4FD20B938461EF0B0FD002849D0C1
:10ED40000E9CDDF814904546BAF1FF3F21D0029B9E
:10ED50005A07544626D40D9C002C40D10DA93046AC
:10ED60001EF0FEFC1B9B0146002B3BD00398224665
:10ED70001CF0F9F801901B9B019A1A6032E08F4257
:10ED800002F10102CFD1002CDED1BAF1FF3FDED17A
:10ED90004546B9F1000F04D00D2F03D1009B0A2B7B
:10EDA00000D10E9C1A9B5B1B1A93019B2B44019371
:10EDB000002CD0D033785C440A2B0D94CBD00D2B93
:10EDC000C9D0335D0A2B02D00D2B7FF444AF013440
:10EDD0000D94C0E7BAF1FF3F08BF454681E71B9B92
:10EDE000002BC8D10D9826E7304624E7039822E788
:10EDF000631CD7D1DDF81490CBE700BFFEDBFFFF2B
:10EE0000E6CE0300054B0022C3F88420D3F89C20F3
:10EE100012B1D3F8A0001047704700BF2897002018
:10EE200010B5054C182120461DF0AAFE01232373BE
:10EE3000BDE81040FFF7E6BF9C970020F8B50646F6
:10EE40000F480F4615461DF0A3FE0446B0B14FF023
:10EE5000FF330361037D07606FF300030375866072
:10EE600002F0E6FE237D606043F002032375054B4C
:10EE7000E560012283F88320FFF7C4FF2046F8BD38
:10EE80009C9700202897002038B5064D044601467F
:10EE900028461DF0DDFE0123AB732046BDE8384057
:10EEA00000F04ABB9C9700202DE9F0475B4D95F898
:10EEB00088303BB9012385F8883095F880302BB92C
:10EEC00085F8883001263046BDE8F08702F0B0FEB4
:10EED000804640B9D5F898300133642B94BF1A4668
:10EEE0000246C5F89820DFF838914FF0000A4846EE
:10EEF000A5F882A01DF0ECFE044694BB4848DFF85C
:10EF000020911DF0E5FE4FF0FF360446002C70D135
:10EF100040461FF02EFAD5F890300344D5F89400FF
:10EF2000C5F890301FF025FAB0F5FA7F13D3D5F865
:10EF3000903064225343B3FBF0F0C0B290429CBFC8
:10EF4000101AC4B2002385F88140C5F8903002F051
:10EF50006FFEC5F894000023C5F8846085F88830FA
:10EF6000B1E7214648461DF0B9FE237D0746D80784
:10EF70002ED460681FF0FDF9236898421DD32669DE
:10EF8000002E0FDD013E266102F052FEA368606094
:10EF900083B995F882300BB92369DBB1B5F88230BB
:10EFA000B3B1A4E702F044FEA3686060002BF0D088
:10EFB000002EEED020469847EBE795F882303BB91B
:10EFC00023692BB9237D99070FD52046FFF75CFFF6
:10EFD0003C4692E7237D9A0703D52046FFF754FF6E
:10EFE000DCE743F001032375D8E743F00103237501
:10EFF000EEE7237D13F001070AD160681FF0B9F92D
:10F00000236898422CBF3B461B1A9E4228BF1E46CF
:10F01000214648461DF062FE044677E72897002007
:10F020009C9700200146034809B91DF051BE1DF010
:10F0300055BE00BF9C9700202DE9F04F93B091463C
:10F040000B930B1E0A93A54B1C9E14BF82469A4637
:10F0500000250B9B187860B94D450A992CBF09F122
:10F06000FF322A464B460020D047284613B0BDE861
:10F07000F08F0B9F252807F1010707D00A994B460F
:10F080002A46D0476C1C0B972546E2E700230DE08B
:10F090002D2A29D0302A06D0303A092A4FF000080C
:10F0A00012D80A2431E043F001030F46394611F823
:10F0B000012B2B2A1BD0EBD8202A1BD0232A1CD0B3
:10F0C0002A2A2AD04FF000083A782E2A7DD1797862
:10F0D000A1F13000092807F1010243F480636BD8E5
:10F0E00000244FF00A0C28E043F00203DDE743F070
:10F0F0000403DAE743F00803D7E743F01003D4E74B
:10F1000004FB0822A2F130080F46394611F8012B02
:10F11000A2F130000928F3D9D6E756F8048BB8F1EC
:10F12000000FBCBF43F00203C8F100080F46CBE755
:10F130000CFB0411A1F130040246104610F8011B2B
:10F14000A1F13007092FF3D917463A4612F8011BEF
:10F150006C2943D03BD8682947D06A294FD03A461A
:10F1600012F8010B0B92782800F2A481612849D88B
:10F17000252800F09F81242840F29C8100F0F702AE
:10F18000502A40F0978158286DD0502867D179785F
:10F190000B98562918BF384643F488731022074647
:10F1A0003978582903F4806001D0502978D100289B
:10F1B0005FD123F00C035EE02A2905D156F8044BF9
:10F1C000023724EAE474C0E717460024BDE7742937
:10F1D00001D07A29C3D143F480730BE079786C298C
:10F1E000F9D143F440730237B9E77978682903D03D
:10F1F00043F080031746B2E743F0C003F3E743F45C
:10F200000073F7E7A0F162023549D2B24FF0010C6A
:10F210000CFA02F21140C1B9732800F0ED806328A6
:10F2200040F0488113F0020400F0D38067460A9949
:10F2300016F8040B4B462A4605F1010BD047002C6B
:10F2400000F0D8803C465A46CCE000F0DF02582A55
:10F2500009D0502A9BD06F2807D0622807D023F00E
:10F2600010030A229CE710229AE7082298E702225C
:10F2700096E723F00D0343F0200313F4007172D0DE
:10F28000CDE907830023CDE9042306F1070B2BF01A
:10F29000070B06940293FBE80223CDE900233DE02F
:10F2A00069291FD064291DD0002859D023F00D03EF
:10F2B0005629E2D1B3460A995BF8043B5A681268B2
:10F2C000119200922944A9EB05021B685046FFF7F2
:10F2D000B3FE05447B1C0B935E46BAE6A1DC02003C
:10F2E0008560480008B123F0010398051ED5073654
:10F2F00026F00706B34670685BF8081B0694CDE954
:10F30000078300230593C30F0028029304920B4642
:10F3100002DA4B4260EB4000CDE900300A994B46DF
:10F320002A4650461EF0C6FD0546D3E7D90506F12C
:10F33000040B01D5316802E058060CD53178CDE9CF
:10F340000224CDE9048300294FEAD1730193B8BFA9
:10F350004942009112E01906ECD5B6F90010EEE72B
:10F3600023F00C03A4E7D80506F1040B0DD5CDE975
:10F370000483CDE902240191336800930A994B4636
:10F380002A4650461EF053FDCEE7590607D5317880
:10F39000CDE904830023CDE902240193D9E7316844
:10F3A00013F0800F18BF89B2F2E70A994B4620206C
:10F3B000D047EA1901374745F7D3B8F1000F08F1F4
:10F3C000FF3308BF002308F101071D4408BF0227CF
:10F3D0002DE72746EDE7551C0A994B462020D047DC
:10F3E00001342A464445F6D3A8EB0703B84538BF95
:10F3F00000239B445D462CE63246002C52F804BBA9
:10F400000C9214BF21464FF0FF3159445A461078F0
:10F4100008B1914210D1A2EB0B0713F480620D9258
:10F4200002D0A74228BF274613F002030E9317D13C
:10F430007B1B2A460F9307E00132E8E7561C0A9926
:10F440004B462020D04732460F9BD3189845F5D81D
:10F45000A8EB0703B84538BF00237A1C1D449F184A
:10F460005E46A5EB0B0B04E01C460A994B462A4668
:10F47000D0470BEB060516F8010B28B10D9B002BAE
:10F48000F3D0631E002CEFD10E9B8BB12A467C1B60
:10F4900005E0561C0A994B462020D04732461319E6
:10F4A0004345F6D3A8EB0703B84538BF00231D44F6
:10F4B0000C9ECEE50A994B462A466C1CD047E3E5E4
:10F4C0000CB41FB506AC0A4654F8043B0094014640
:10F4D00004480394FFF7B0FD04B0BDE8104002B04B
:10F4E000704700BF99DC020007B5009313460A4637
:10F4F00001460348FFF7A0FD03B05DF804FB00BF21
:10F5000099DC020008B109F0CFBB0148704700BF89
:10F510008C97002038B5054648B109F0C5FB044674
:10F5200018B12A4600211EF00AFE204638BD014CC3
:10F53000FBE700BF8C970020034A904202D008B13D
:10F5400009F0DCBB704700BF8C97002010B559B1A3
:10F55000074CA04204D1BDE810400846FFF7D2BFD7
:10F56000BDE8104009F0B4BBFFF7E6FF004810BD4E
:10F570008C9700202DE9F047BC4B0846D3F8B051DA
:10F580000C4611F0D4FA064618B9002205F14001E4
:10F5900021E0B74920460EF0D5FD804600287BD0FB
:10F5A000B44930460EF0CEFD18BBB24930460EF0DD
:10F5B000C9FD30BB304611F0BAFAAE490EF0C2FDBB
:10F5C0000746B8B3002205F58071204611F067F8B0
:10F5D000002205F5B671204611F061F84FF4803233
:10F5E00005F14C01204611F05AF8A34A05F15801E3
:10F5F0001BE00121304611F09DFA8442D5D1BDE8CF
:10F60000F0870021304611F095FA8442D2D10022D1
:10F6100005F1B80111F043F8042205F59871204670
:10F6200011F03DF8042205F54D712046BDE8F04784
:10F6300011F035B8914930460EF084FD70B139466D
:10F64000304611F077FA844208D13A4605F1AC0110
:10F6500011F025F83A4605F1E801E6E7874930461A
:10F660000EF070FD70B10121304611F063FA844252
:10F6700008D1002205F1400111F011F8002205F532
:10F680008071A8E77E4930460EF05CFD02460028F6
:10F69000B5D105F164019EE77A4920460EF052FD8E
:10F6A0000746002876D0304611F041FA05F1C40A29
:10F6B00005F59879074618B3414611F03BFA8642A2
:10F6C0001ED16C4938460EF03DFDC8B1202251468E
:10F6D000204610F0E4FF012205F18801204610F0D9
:10F6E000DEFF012205F55071204610F0D8FF0422FC
:10F6F0004946204610F0D3FF082205F59E718EE79B
:10F70000002205F17001204610F0C9FF002205F12A
:10F710007C01204610F0C3FF002205F5C27120468F
:10F7200010F0BDFF20225146204610F0B8FF2022E5
:10F7300005F5C871204610F0B2FF04224946204664
:10F7400010F0ADFF202205F5BC71204610F0A7FF98
:10F75000012205F19401204610F0A1FF05F1D0012E
:10F760002046802210F09BFF474930460EF0EAFC0D
:10F7700048B1002205F53271204610F090FF20229A
:10F7800005F5387151E7414930460EF0DBFC0028A1
:10F79000EFD134E73E4920460EF0D4FC804618B144
:10F7A0003A4605F50B7140E73A4920460EF0CAFC8F
:10F7B000074600287AD0304631490EF0C3FC05F1E7
:10F7C000C40905F1D00A05F5987705F59E7602463D
:10F7D00040B3424605F51771204610F060FF042241
:10F7E0003946204610F05BFF08223146204610F0D3
:10F7F00056FF4FF4A02205F51A71204610F04FFF76
:10F80000254A4946204610F04AFF244A51462046E0
:10F8100010F045FF224A3946204610F040FF214AA9
:10F82000314602E705F16401204610F038FF04225A
:10F830003946204610F033FF08223146204610F0AA
:10F840002EFF4FF4A02205F17001204610F027FF93
:10F85000124A5146204610F022FF0F4A49462046E0
:10F8600010F01DFF104A05F17C01D0E72897002019
:10F87000685103003860030040000100C8600300C5
:10F8800028580300A8570300D85C0300FC5C030061
:10F89000485C0300CC5703002000050080000500F1
:10F8A000040005000800050001000500E4492046A9
:10F8B0000EF048FC804610B33A4605F18801204618
:10F8C00005F5A47610F0EBFE3A463146204610F0DE
:10F8D000E6FE042205F59871204610F0E0FE0822AD
:10F8E00005F59E71204610F0DAFE4FF4003205F166
:10F8F0007C01204610F0D3FE4FF4003290E7D1494E
:10F9000020460EF01FFC0746E8B3424605F1880189
:10F91000204605F5A47610F0C2FE42463146204648
:10F9200010F0BDFE042205F59871204610F0B7FED8
:10F93000082205F59E71204610F0B1FE4FF400320A
:10F9400005F17C01204610F0AAFE4FF4003231464A
:10F95000204610F0A4FE4FF4403205F5DA7120463F
:10F9600010F09DFEB84A05F5BC71204610F097FED8
:10F970004FF4403205F5C271204610F090FEB24AB5
:10F9800005F5C87151E6B14920460EF0DBFB804613
:10F9900000284FD03A4605F16401204610F07FFE62
:10F9A0003A4605F1DC01204610F079FE3A4605F5AD
:10F9B000AA71204610F073FE042205F598712046C6
:10F9C00010F06DFE082205F59E71204610F067FECE
:10F9D0004FF4803205F14C01204610F060FE9C4A45
:10F9E00005F15801204610F05AFE4FF4A02205F10F
:10F9F000B801204610F053FE4FF4A02205F50E7119
:10FA0000204610F04CFE4FF4A02205F580712046F0
:10FA100010F045FE8F4A05F1C401204610F03FFE6C
:10FA20008D4A05F17C01204610F039FE8B4A05F124
:10FA30009401FAE58A4920460EF084FB00283BD069
:10FA4000424605F58671204610F029FE042205F590
:10FA50009871204610F023FE824A05F1D00120461D
:10FA600010F01DFE4FF4003205F50271204610F033
:10FA700016FE7D4A05F17C01204610F010FE7A4A00
:10FA800005F50571204610F00AFE784A05F1C4011B
:10FA9000204610F004FE754A05F5BC71204610F0B2
:10FAA000FEFD724A05F5C871204610F0F8FD4FF4CE
:10FAB000003205F5C271B8E56D4920460EF042FBF3
:10FAC000002855D005F1AC0105F5A47700222046A9
:10FAD00010F0E5FD00223946204610F0E0FD05F16A
:10FAE000D00605F5D4710022204610F0D8FD802202
:10FAF0003146204610F0D3FD05F5987104222046CA
:10FB000010F0CDFD05F17C01574A204610F0C7FDED
:10FB10004FF400323946204610F0C1FD514A3146BB
:10FB2000204610F0BCFD05F5DA714FF44032204656
:10FB300010F0B5FD05F1B8014FF44032204610F049
:10FB4000AEFD05F508714FF44032204610F0A7FDD8
:10FB500005F5C875474A3146204610F0A0FD424AD7
:10FB60002946204610F09BFD4FF4003229465CE503
:10FB7000414920460EF0E6FA074680B3002205F11F
:10FB80006401204610F08BFD002205F1F4012046AF
:10FB900010F085FD002205F5F871204610F07FFD7C
:10FBA0004FF4803205F14C01204610F078FD05F548
:10FBB000EC76274A05F15801204610F070FD4FF40D
:10FBC000A0223146204610F06AFD4FF4003205F5C0
:10FBD000F271204610F063FD4FF4C02220E6274961
:10FBE00020460EF0AFFA8046002849D03A4605F18B
:10FBF0006401204610F053FD3A4605F5CE712046CB
:10FC000010F04DFD3A4605F58C71204610F047FD89
:10FC10003A4605F59271204610F041FD042205F5A3
:10FC20009871204610F03BFD082205F59E71204694
:10FC300010F035FD4FF4802205F17C01F5E400BFA2
:10FC400084570300845F0300200003001460030056
:10FC50004000010020000500040005000800050028
:10FC6000E8580300800002000100020020000200AA
:10FC7000F05F030080000300C45803003C5F0300F2
:10FC8000DA4920460EF05EFA0746A0B3424605F177
:10FC90006401204610F003FD424605F1F4012046C0
:10FCA00010F0FDFC05F5C876424605F5C271204608
:10FCB00010F0F5FC20223146204610F0F0FC202206
:10FCC00005F1C401204610F0EAFC042205F5987104
:10FCD000204610F0E4FC082205F59E71204610F045
:10FCE000DEFC4FF400323146204610F0D8FC802272
:10FCF00005F1D00199E4BE4920460EF023FA804672
:10FD0000A8B33A4605F16401204610F0C8FC3A4613
:10FD100005F5B071204610F0C2FC3A4605F58C712D
:10FD2000204610F0BCFC3A4605F5FE71204610F066
:10FD3000B6FC4FF4803205F14C01204610F0AFFCC8
:10FD4000AC4A05F15801204610F0A9FC4FF480227E
:10FD500005F1B801204610F0A2FCA74A05F17C018C
:10FD6000204610F09CFCA54A05F1C4015DE4A449BD
:10FD700020460EF0E7F90746C0B105F5E0764246A9
:10FD80003146204610F08BFC4FF4003231462046BD
:10FD900010F085FC4FF4003205F5E671204610F0B6
:10FDA0007EFC4FF4403205F5DA713EE49549204679
:10FDB0000EF0C8F9804688B105F5E0763A4631463E
:10FDC000204610F06CFC4FF400323146204610F013
:10FDD00066FC4FF4003205F5E67126E48A492046B8
:10FDE0000EF0B0F90746B0B3424605F16401204673
:10FDF00010F055FC424605F1F401204610F04FFC8E
:10FE0000802205F1D001204610F049FC042205F5BE
:10FE10009871204610F043FC082205F59E7120469B
:10FE200010F03DFC4FF4803205F14C01204610F0FB
:10FE300036FC704A05F15801204610F030FC734A38
:10FE400005F51171204610F02AFC4FF4002205F54B
:10FE50001471FFF7EABB6E4920460EF073F950B1FA
:10FE60003A4605F16401204610F019FC3A4605F1C6
:10FE7000DC01FFF7DABB674920460EF063F920B1D9
:10FE8000002205F51D71FFF7D0BB634920460EF037
:10FE900059F90028F4D1614920460EF053F90028A1
:10FEA0004FD005F140010022204610F0F8FB95F8F4
:10FEB0002830012B0CBF05F1F40105F1E801002207
:10FEC000204610F0ECFB042205F59871204610F056
:10FED000E6FB082205F59E71204610F0E0FB4FF48A
:10FEE000A02205F17001204610F0D9FB4C4A05F123
:10FEF000D001204610F0D3FB4FF4A02205F1B80149
:10FF0000204610F0CCFB4FF4A02205F541712046AD
:10FF100010F0C5FB434A05F1C401204610F0BFFBB9
:10FF2000414A05F1AC01204610F0B9FB3F4A05F10A
:10FF30008801204610F0B3FB3D4A05F1A001FFF710
:10FF400074BB3C4920460EF0FDF830B12E493046D6
:10FF50000EF0F8F800287FF46DAE374920460EF019
:10FF6000F1F8064650B1002205F16401204610F078
:10FF700096FB002205F54471FFF72DBB2F49204663
:10FF80000EF0E0F8074650B1324605F1AC012046CC
:10FF900010F085FB324605F54A71FFF746BB28494C
:10FFA00020460EF0CFF8064600284BD03A4605F121
:10FFB000B801204610F073FB3A4605F5477120461C
:10FFC00010F06DFB05F54A76042205F17C01204610
:10FFD00010F065FB04223146204610F060FB202221
:10FFE0003146204610F05BFB2022BDE6305903006D
:10FFF0000C5903004000010001000400200004002F
:020000040001F9
:1000000060570300CC5F03005C6003000200060041
:10001000285803007C580300A0580300DC5B030051
:100020008000050020000500010005000400050017
:1000300008000500005C0300B45C03006C5C030076
:10004000905C0300AF4920460EF07CF8804650B12A
:10005000324605F16401204610F021FB324605F5D9
:100060002071FFF7E2BAA84920460EF06BF8074668
:1000700020B1424605F52671FFF7ADBAA3492046E7
:100080000EF060F8064620B13A4605F52971FFF7F3
:10009000A2BA9F4920460EF055F8C8B1324605F580
:1000A0002371204610F0FBFA05F18806202205F5A1
:1000B0003871204610F0F3FA21223146204610F024
:1000C000EEFA01223146204610F0E9FA0422B3E5A7
:1000D000904920460EF036F820B1002205F52F7128
:1000E000FFF7A3BA8C4920460EF02CF80028F4D173
:1000F0008A4920460EF026F820B1002205F52C7121
:10010000FFF769BA864920460EF01CF8074620B171
:10011000002205F53571FFF788BA824920460EF0B6
:1001200011F8064620B13A4605F53B71FFF77DBA56
:100130007D4920460EF006F8074680B1324605F1AB
:100140006401204610F0ABFA324605F1DC0120468E
:1001500010F0A5FA324605F5B071FFF766BA73499B
:1001600020460DF0EFFF064620B13A4605F53E71F8
:10017000FFF75BBA6E4920460DF0E4FF074650B129
:10018000324605F1E801204610F089FA324605F1C1
:10019000AC01FFF74ABA674920460DF0D3FF064687
:1001A00000287FF457AA644920460DF0CBFF78B1B0
:1001B0004FF4803205F14C01204610F070FA5F4A8E
:1001C00005F15801204610F06AFA3246FFF743BAAB
:1001D0005B4920460DF0B6FF38B3002205F17001EF
:1001E000204610F05CFA002205F17C01204610F058
:1001F00056FA002205F5C271204610F050FA20226E
:1002000005F1C401204610F04AFA202205F5C87114
:10021000204610F044FA042205F59871204610F0AB
:100220003EFA012205F194015EE5464920460DF0B3
:1002300089FF0028D1D1444920460DF083FFD0B179
:10024000002205F16401204610F029FA002205F190
:10025000F401204610F023FA042205F59871204697
:1002600010F01DFA082205F59E71204610F017FACD
:100270004FF4C022E0E4354920460DF063FF00282A
:100280007FF483A9324920460DF05CFF0646002822
:100290007FF4A4A92F4920460DF054FF804638B1C1
:1002A000324605F14001204610F0F9F93246DEE50C
:1002B000294920460DF046FF074608B142464AE765
:1002C000264920460DF03EFF064620B13A4605F588
:1002D0005371FFF7AAB9224920460DF033FF0028D9
:1002E0003FF48DA905F5567532462946204610F093
:1002F000D6F94FF400322946204610F0D0F94FF4D9
:10030000A02233E4F85D0300445D0300205D030098
:10031000B05D0300D85C0300FC5C0300D45D030007
:100320008C5D0300685D0300F45E03001C5E030047
:10033000D05E0300885E0300AC5E03004000010055
:10034000405E0300645E0300A85F0300A460030036
:100350008060030038600300C8600300245C030071
:10036000605F030010B586B0174B0191D3F8B03130
:100370005B6ADB0714464FF002014FF0120013D501
:10038000FEF77AFB8DF81000C0F30723C0F3074097
:100390008DF811308DF8120001990498224606B0AC
:1003A000BDE810401CF0EBB8FEF742FB8DF81400DE
:1003B000C0F30723C0F307408DF815308DF8160001
:1003C000019905982246EAE728970020044BD3F8C4
:1003D000B03193F83C300BB11CF09EBF1CF098BFBD
:1003E00028970020034BD3F8B00108B190F83C00E7
:1003F000704700BF289700202DE9F04792B0CDE963
:10040000022105461F46FFF7EDFFDDF86880344CFA
:1004100028B94FF46770FFF77DF8C4F8B001D4F83D
:10042000B041A5BBF8F75AFD06463046F8F786FD01
:1004300081463046F8F762FDB0F5A07F29DDB0F5C2
:10044000347FACBF4FF0010A4FF0020A94F83C3001
:1004500013BB84F828A0C4F82C90E660039B238289
:100460001B0CA3749DF80A30BDF8082063751D4B62
:10047000A4F81320C4E90688C4F8208023606762CA
:10048000002F31D104211220FEF7D2FA2FE02E46A0
:10049000CBE74FF0030AD9E7E36A4B45D9D194F88B
:1004A00028305345D5D1039920691BF074FF0028EB
:1004B000CFD0E37C227D607D029943EA022343EAA8
:1004C00000401BF068FF0028C3D0636ABB42C0D164
:1004D000A3694345BDD1204612B0BDE8F08700BFF7
:1004E0002897002075F50000C3481BF067FFC0F394
:1004F000072384F83130636A84F83000DE07C0F3E4
:10050000074084F8320040F16D8205211220FEF789
:100510008FFAC0F3072384F83430636A84F8330019
:10052000C0F3074084F83500D80740F16082B34833
:100530001BF044FFC0F3072384F83730636A84F864
:100540003600D907C0F3074084F8380040F15282E2
:10055000AB481BF033FFC0F3072384F8390004F5E0
:10056000C27AC0F3074084F83A3084F83B0004F5BF
:10057000C8795046FFF72AFF4846FFF727FF04F5E2
:100580005D7646234FF000083046CDE900389D4A9D
:100590009D49502304F56277FEF792FA994A9A49E9
:1005A00050233846CDE90088FEF78AFA3146504696
:1005B0001DF0AFF804F14C06394648461DF0A9F885
:1005C0003046FFF703FF636ADA0740F11882022121
:1005D0001220FEF751FAC0F307238DF81400C0F380
:1005E00007408DF815308DF81600059930461CF03F
:1005F00090FF304647F6FF711DF06DF8E16AC1EBE0
:10060000C101EF29C5BFA02350310121B1FBF3F196
:1006100030461DF03DFEE16A01EB8101EF29C5BFC7
:100620005031A0230121B1FBF3F130461CF029FF2A
:10063000304666211CF07BFF3946304604F15806EF
:100640001DF067F83046FFF7C1FEFF21304604F188
:1006500040061CF06CFF3046FFF7B8FEFF21304625
:100660001CF065FF216B30461CF053FF94F83420DA
:1006700094F8333094F8351043EA022343EA0141F9
:1006800030461DF008F8E16930461DF012F894F884
:100690002830E16A012B00F0B681022B14BF0A2337
:1006A0000C235943EF29C5BF5031A0230121B1FBD1
:1006B000F3F130461CF021FF94F82830E16A012B59
:1006C00000F0A381022B14BF0A230C235943EF2906
:1006D000C5BFA02350310121B1FBF3F130461CF01E
:1006E00012FFE16A0029B8BF0331891009023046C0
:1006F00004F164061DF013F83046FFF767FE94F826
:100700002830E16A012B14BF08230C235943EF2939
:10071000C5BF5031A0230121B1FBF3F130461CF0DD
:10072000DAFFFF2130461CF002FFE38E94F8381008
:10073000304643EA01411CF0ECFE94F83A2094F86C
:10074000393094F83B1043EA022343EA0141304632
:100750001CF007FFE16A7729C5BF2831502301212A
:10076000B1FBF3F130461CF010FF012130461CF0C4
:1007700018FF94F8333094F8342094F8351043EA95
:10078000022343EA014130461CF085FF94F82830EB
:10079000E16A012B00F03B81022B14BF10231423CC
:1007A0005943EF29C5BF5031A0230121B1FBF3F11B
:1007B00030461DF06DFD94F82830E16A012B00F001
:1007C0002881022B14BF0A230C235943EF29C5BFEC
:1007D0005031A0230121B1FBF3F130461CF08DFE16
:1007E00094F82830E16A012B00F01581022B14BF28
:1007F0000A230C230AE000BF1A171500302B28002B
:1008000037322F00DBB80200F4CE03005943EF2942
:10081000C5BF5031A0230121B1FBF3F130461CF0DC
:1008200072FE1220FEF7E6F8C0F307238DF81800D9
:10083000C0F307408DF819308DF81A00069930463C
:100840001CF001FFE16AEF29C5BFA023503101214F
:10085000B1FBF3F1304604F598761CF0EEFE30461D
:10086000FFF7B4FD304621691CF0A7FEE16A01EBF9
:100870004101EF29C5BFA02350310121B1FBF3F1A4
:1008800030461CF094FEE16A01EB4101EF29C5BF3F
:100890005031A0230121B1FBF3F130461CF0A1FE41
:1008A0007F21304604F59E761CF095FE3046FFF71A
:1008B0008DFD227DE37C617D43EA022343EA014111
:1008C00030461CF07AFEE16A01EB4101EF29C5BF19
:1008D0005031A0230121B1FBF3F130461CF067FE3B
:1008E0007F21304604F170061CF075FE3046FFF79C
:1008F0006DFD94F82830E16A012B00F08E80022B08
:1009000014BF08230C235943EF29C5BF5031A0233E
:100910000121B1FBF3F130461CF0DDFEFF21304632
:100920001CF005FE94F8393094F83A2094F83B1006
:1009300043EA022343EA014130461CF0EAFD676ABC
:1009400017F0010777D11220FEF754F8C0F3072300
:100950008DF81C00C0F307408DF81D308DF81E0087
:10096000079930461CF055FE3846F8F7E7FA00EBD9
:100970004000EF2853DD3846F8F7E0FA00EB40007E
:1009800000F15001A02391FBF3F130461CF02FFE43
:100990007F2130461CF04BFE0020F8F7CFFA3B28B1
:1009A0003FDC0020E76AF8F7C9FA3B2801F3C08072
:1009B00001204743EF2F41F3C7800020E76AF8F793
:1009C000BDFA3B2841F3BD800020F8F7B7FA282391
:1009D000143090FBF3F000FB07F15031A02391FBA2
:1009E000F3F125E004211220FEF746F891E51BF013
:1009F00000FD9FE502211220FEF71AF8ABE5122058
:100A0000FDF7F8FFE7E50E234BE60E235EE618231D
:100A1000C6E60E23D9E60E23F8E6102373E701217C
:100A2000B3E70020F8F78AFA3B304E28B9D8002106
:100A300030461CF0E2FD94F8333094F8342094F8FA
:100A4000351043EA022343EA014130461CF023FEFD
:100A500094F82830E16A012B01F07980022B14BF51
:100A6000102314235943EF29C5BF5031A02301217E
:100A7000B1FBF3F130461DF000FC94F82830E16A38
:100A8000012B01F06780022B14BF0A230C2359436A
:100A9000EF29C5BFA02350310121B1FBF3F130464E
:100AA0001DF0DAFBE16A01EB8101EF29C5BFA0234C
:100AB00050310121B1FBF3F130461CF024FDE16A15
:100AC00001EB8101EF29C5BF5031A0230121B1FB0A
:100AD000F3F1304604F559771CF00FFD04F55B7611
:100AE000384693491BF0C9FD04F1C40891493046CA
:100AF0001BF0C3FD4046FFF769FC394640461CF039
:100B0000F6FD04F1D007232140461CF0F6FD3846DF
:100B1000FFF75CFC314638461CF0E9FD04F5B07681
:100B20007F2138461CF0E9FD3046FFF74FFC304688
:100B300001211CF0D6FD0121304604F580761CF021
:100B400030FD3046FFF742FC94F82830E16A012B73
:100B500001F00380022B14BF102314235943EF2903
:100B6000C5BF5031A0230121B1FBF3F130461DF088
:100B70008FFB94F82830E16A012B00F0F187022BFB
:100B800014BF102314235943EF29C5BF5031A023AC
:100B90000121B1FBF3F130461CF0AFFC94F8283092
:100BA000E16A012B00F0DF87022B14BF102314230E
:100BB0005943EF29C5BF5031A0230121B1FBF3F107
:100BC000304604F1F4061CF09EFC3046FFF7FEFBB5
:100BD00094F82830E16A012B00F0C887022B14BF7B
:100BE0000A230C235943EF29C5BF5031A02301210B
:100BF000B1FBF3F130461DF04BFB94F82830E16A6D
:100C0000012B00F0B687022B14BF0A230C23594393
:100C1000EF29C5BF5031A0230121B1FBF3F13046CC
:100C200004F586761DF00DFB3046FFF7CFFBE16A39
:100C30000A235943EF29C5BF5031A0230121B1FB3D
:100C4000F3F130461CF059FCE16A0A235943EF29BD
:100C5000C5BF5031A0230121B1FBF3F1304604F5AB
:100C60008C761CF050FC3046FFF7B0FBE16A142391
:100C70005943EF29C5BF5031A0230121B1FBF3F146
:100C8000304604F592761CF01AFD3046FFF79EFBC5
:100C90000221304604F1DC061CF017FD3046FFF758
:100CA00095FB304600211DF0F3FA304600211CF080
:100CB00024FC0021304604F1E8061CF024FC3046F8
:100CC000FFF784FB94F82830E16A012B00F0548789
:100CD000022B14BF022306235943EF29C5BF50310D
:100CE000A0230121B1FBF3F130461DF0D1FA94F8B5
:100CF0002830E16A012B00F04287022B14BF022347
:100D000006235943EF29C5BF5031A0230121B1FB70
:100D1000F3F130461CF0F1FB94F82830E16A012B26
:100D200000F03087022B14BF0223062304E000BF2B
:100D30006FE20200650301005943EF29C5BF50313E
:100D4000A0230121B1FBF3F1304604F17C061CF035
:100D5000DAFB3046FFF73AFB216930461CF0D9FB3D
:100D60001BF047FBC0F307238DF82000C0F30740BA
:100D70008DF821308DF82200089930461CF08BFC4C
:100D8000FF21304604F188061CF0D1FB3046FFF706
:100D90001DFB304621691CF0BCFB304621691CF06C
:100DA0007AFC3321304604F194061CF0C0FB304637
:100DB000FFF70CFB227DE37C617D43EA022343EADB
:100DC000014130461CF0A5FB1BF013FBC0F30723C9
:100DD0008DF82400C0F307408DF825308DF82600EB
:100DE000099930461CF057FCFF21304604F1A0065B
:100DF0001CF09DFB3046FFF7E9FA227DE37C617D24
:100E000043EA022343EA014130461CF082FB227D83
:100E1000E37C617D43EA022343EA014130461CF052
:100E20003AFC3321304604F1AC061CF080FB30461E
:100E3000FFF7CCFA94F83A2094F8393094F83B1044
:100E400043EA022343EA014130461CF062FB30468C
:100E5000FF211CF06CFB94F8342094F8333094F8A4
:100E6000351043EA022343EA0141304604F1B80653
:100E70001CF011FC3046FFF7A9FAE38E94F8381005
:100E8000304643EA01411CF044FB3046FF211CF090
:100E90004EFB94F8342094F8333094F8351043EA3C
:100EA000022343EA0141304604F5A4761CF0F3FB2B
:100EB0003046FFF78BFA47F6FF71304604F5AA7605
:100EC0001CF009FC3046FFF781FA0021304604F59A
:100ED000B6761CF000FC3046FFF778FAE16A00298C
:100EE000B8BF033189100902304604F5BC761CF006
:100EF00016FC3046FFF76AFAE16A01EB4101EF297F
:100F0000C5BFA02350310121B1FBF3F130461CF0E5
:100F1000D0FAE16A01EB4101EF29C5BF5031A023AE
:100F20000121B1FBF3F1304604F5DA761CF0C7FA83
:100F30003046FFF74BFA304621691CF0EAFA30469A
:100F4000FF211CF0F4FAE16A06235943EF29C5BFDB
:100F50005031A0230121B1FBF3F130461DF098F987
:100F600047F6FF71304604F5CE761CF0B4FB3046F0
:100F7000FFF72CFAC821304604F5D4761CF0C3FBE9
:100F80003046FFF723FA7821304604F5E0761CF06E
:100F9000BAFB3046FFF71AFA94F83A2094F8393041
:100FA00094F83B1043EA022343EA014130461CF027
:100FB00064FBE16AC1EB0111EF29C5BFA0235031E9
:100FC0000121B1FBF3F130461CF04BFB012130460F
:100FD00004F5E6761CF04BFB3046FFF7F7F9216984
:100FE000304604F5FE761CF048FB3046FFF7EEF97C
:100FF0004FF48271304604F502761CF04EFA30460A
:10100000FFF7E4F9E16A01EB4101EF29C5BFA02335
:1010100050310121B1FBF3F130461DF039F9E16A9D
:101020007729C5BF283150230121B1FBF3F13046A8
:101030001CF0ABFA304621691CF093FAE38E94F869
:101040003810304643EA01411CF063FA3046FF2174
:101050001CF06DFA94F82830E16A012B14BF0823C4
:101060000C235943EF29C5BF50314FF4A073002121
:10107000B1FBF3F130461CF02EFBA16930461CF0A9
:1010800018FB1BF0B6F9C0F307238DF82800C0F356
:1010900007408DF829308DF82A000A99304604F56A
:1010A00005761CF0F8FA3046FFF790F99D49304676
:1010B00004F508761CF04FFA3046FFF787F9E16A2D
:1010C0003B29C5BF14316FF027034FF0FF3191FB6F
:1010D000F3F130461DF0DCF81BF08BF9C0F3072369
:1010E0008DF82C00C0F307408DF82D308DF82E00C0
:1010F0000B99304604F50B761CF00BFA3046FFF7DF
:1011000065F9304601211CF098FA94F8342094F8DF
:10111000333094F8351043EA022343EA0141304664
:1011200004F5F8761CF08FFA3046FFF74FF9304699
:1011300000211CF036FAE16A0A235943EF29C5BFA2
:101140005031A0230121B1FBF3F130461CF0DBF953
:1011500094F83A2094F8393094F83B1043EA02238B
:1011600043EA014104F5EC7730461CF06CFA38464E
:10117000FFF72CF9E16A01EB4101EF29C5BFA0237C
:1011800050310121B1FBF3F138461CF056FAE16A07
:1011900001EB4101EF29C5BFA02350310121B1FB73
:1011A000F3F138461CF097FAE66A1D2ECABF0A36DC
:1011B000012614233846C8BFB6FBF3F631461CF0AF
:1011C00060F9314638461CF062F9E16A7729C5BFFB
:1011D000283150230121B1FBF3F1384604F5F277B1
:1011E0001CF091F93846FFF7F1F847F6FF713846E1
:1011F0001CF071FA314638461CF043F93146384646
:101200001CF045F9216938461CF083F904F5207675
:10121000FF2138461CF08BF93046FFF7D7F83046EF
:1012200000211DF035F8304600211DF00AF8304647
:1012300000211CF050FA304601211CF052FA002126
:10124000304604F535761CF0A6F93046FFF7BEF8B7
:1012500094F82830E16A012B14BF08230C2359436A
:10126000EF29C5BF5031A0230121B1FBF3F1304676
:101270001CF031FA304601211CF033FA3046FF21D0
:101280001CF055F9E38E94F83810304643EA0141DA
:101290001CF03FF994F8342094F8333094F835106A
:1012A00043EA022343EA0141304604F523761CF069
:1012B000F2F93046FFF78AF894F82830E16A012BFA
:1012C00000F06384022B14BF0A230C235943EF2937
:1012D000C5BF5031A0230121B1FBF3F130461CF012
:1012E000CCFF94F82830E16A012B00F05184022BE6
:1012F00014BF0A230C235943EF29C5BF5031A02343
:101300000121B1FBF3F130461CF0A6FF94F8283020
:10131000E16A012B00F03F84022B14BF0A230C2347
:1013200002E000BFF0CE03005943EF29C5BFA02360
:1013300050310121B1FBF3F130461CF082FFE16A2C
:10134000EF29C5BF5031A0230121B1FBF3F1304695
:101350001CF01BF9304619211CF011F994F83420C7
:1013600094F8333094F8351043EA022343EA0141FC
:1013700030461CF0F6F80021304604F526761CF0C5
:101380000AF93046FFF722F8304600211CF080FFB2
:10139000304600211CF055FFE16AEF29C5BF5031EE
:1013A000A0230121B1FBF3F130461CF0EEF83046EA
:1013B00019211CF0E4F894F8342094F8333094F8B0
:1013C000351043EA022343EA014130461CF0C9F8D4
:1013D0000821304604F529761CF0DDF83046FEF78A
:1013E000F5FF304600211CF053FF0021304604F584
:1013F0002F761CF026FF3046FEF7E8FF94F82830E1
:10140000E16A012B00F0CA83022B14BF0A230C23CC
:101410005943EF29C5BF5031A0230121B1FBF3F19E
:1014200030461CF02AFF94F82830E16A012B00F0C6
:10143000B783022B14BF022306235943EF29C5BFEC
:101440005031A0230121B1FBF3F130461CF004FF21
:1014500094F82830E16A012B00F0A483022B14BF1A
:101460000A230C235943EF29C5BF5031A023012182
:10147000B1FBF3F1304604F532761CF0E2FE304663
:10148000FEF7A4FF94F82830E16A012B00F08C836A
:10149000022B14BF022306235943EF29C5BF503145
:1014A000A0230121B1FBF3F130461CF0E6FE94F8D5
:1014B0002830E16A012B00F07983022B14BF02234C
:1014C00006235943EF29C5BF5031A0230121B1FBA9
:1014D000F3F130461CF0C0FE304600211CF0A7F8A6
:1014E000304600211CF023F894F8342094F833306F
:1014F00094F8351043EA022343EA0141304604F5EB
:101500002C761CF0C8F83046FEF760FF304600210C
:101510001CF0B3FE0021304604F538761CF091FE35
:101520003046FEF753FF332130461CF000F81220FE
:10153000FDF760FAC0F307238DF83000C0F30740D1
:101540008DF831308DF832000C99304604F53B7639
:101550001BF0DFFF3046FEF739FF002130461BF05D
:10156000E6FF94F82830E16A012B00F02183022B7A
:1015700014BF022306235943EF29C5BFA0235031CE
:101580000121B1FBF3F1304604F50E761CF064FE48
:101590003046FEF71BFFE16AEF29C5BF5031A0239B
:1015A0000121B1FBF3F130461BF0EFFF94F83A2034
:1015B00094F8393094F83B1043EA022343EA01419E
:1015C00030461BF0CEFF0321304604F511761BF0A8
:1015D000E2FF3046FEF7FAFE94F8342094F83330F8
:1015E00094F8351043EA022343EA014130461BF0E8
:1015F000B8FFE16A7729C5BF502328310121B1FB2B
:10160000F3F130461BF0C1FFE16AEF29C5BF50314D
:101610006FF09F034FF0FF3191FBF3F130461BF069
:1016200060FF304604211BF0B6FF30464FF4C8710E
:1016300004F514761CF067F83046FEF7C7FE636ABF
:10164000DB0740F1B78202211220FDF715FAC0F343
:1016500007238DF83400C0F307408DF835308DF83E
:1016600036000D99304604F517761CF014F8304614
:10167000FEF7ACFE94F82830E16A012B00F09F825F
:10168000022B14BF0A230C235943EF29C5BF503145
:10169000A0230121B1FBF3F130461CF0F9FD94F8D1
:1016A0002830E16A012B00F08C82022B14BF0A2340
:1016B0000C235943EF29C5BF4FF4A07350310021CB
:1016C000B1FBF3F1304604F51A761CF0BAFD304652
:1016D000FEF77CFEE16AEF29C5BF5031A02301214E
:1016E000B1FBF3F130461BF050FF94F83A2094F828
:1016F000393094F83B1043EA022343EA0141304673
:101700001BF02FFFE38E94F83810304643EA014176
:101710001BF0FFFE3321304604F51D761BF007FF5A
:101720003046FEF753FE94F82830E16A012B00F0B2
:101730004A82022B14BF0A230C235943EF29C5BF49
:101740005031A0230121B1FBF3F130461CF095FD8F
:1017500094F82830E16A012B00F03782022B14BF85
:101760000A230C235943EF29C5BF5031A02301217F
:10177000B1FBF3F130461BF0A8FE94F82830E16A83
:10178000012B00F02482022B14BF022306235943AD
:10179000EF29C5BF5031A0230121B1FBF3F1304641
:1017A0001BF099FE94F82830E16A012B00F01182B9
:1017B000022B14BF0A230C235943EF29C5BF503114
:1017C000A0230121B1FBF3F1304604F53E761CF075
:1017D00038FD3046FEF7FAFD1220FDF70BF9C0F395
:1017E00007238DF83800C0F307408DF839308DF8A5
:1017F0003A000E9930461BF08CFE7F21304604F5EE
:1018000041761BF094FE3046FEF7E0FD00213046A5
:101810001BF0EDFE94F82830E16A032B40F0DB81E9
:10182000C900EF2940F3E18150314FF4A073B1FBBF
:10183000F3F1304604F550761BF04DFF3046FEF7CD
:10184000C5FD304621691BF08CFEE16A7729C5BFD2
:10185000283150230221B1FBF3F13046C8BF4900C3
:101860001BF093FE304601211BF095FEE16A7729BB
:10187000C5BF283150230221B1FBF3F13046C8BF68
:10188000490004F54D761BF020FE3046FEF79EFD24
:10189000E16A7729C5BF28316FF04F034FF0FF3160
:1018A00091FBF3F1304604F544761BF09AFE304686
:1018B000FEF78CFD94F82830E16A012B00F0998145
:1018C000022B14BF102314235943EF29C5BFA023B3
:1018D00050310121B1FBF3F130461CF0CEFC304613
:1018E00000211CF0B9FC304600211CF0AAFC0121AB
:1018F000304604F547761BF0F4FE3046FEF766FDF1
:10190000E16AEF29C5BF5031A0230121B1FBF3F1FA
:1019100030461BF03AFE94F83A2094F8393094F8A7
:101920003B1043EA022343EA014130461BF019FE13
:10193000012130461BF02FFE94F82830E16A012B7C
:1019400000F05981022B14BF0A230C235943EF29BD
:10195000C5BF5031A0230121B1FBF3F130461CF08B
:1019600097FC94F82830E16A012B00F04681022BA5
:1019700014BF0A230C235943EF29C5BF5031A023BC
:101980000121B1FBF3F1304604F54A761BF0BBFDB3
:101990003046FEF71BFD94F82830E16A012B00F079
:1019A0002E81022B14BF102314235943EF29C5BFE6
:1019B0005031A0230121B1FBF3F1304604F55376F9
:1019C0001BF077FD3046FEF701FDFF2130461BF08E
:1019D000AEFD1AF00EFDC0F307238DF83C00C0F3F6
:1019E00007408DF83D308DF83E000F9930461BF0D2
:1019F00090FD1220FCF7FEFFC0F307238DF8400096
:101A0000C0F307408DF841308DF842001099304600
:101A10001BF093FD304647F6FF711BF05CFEE16A58
:101A2000C1EB0111EF29C5BF5031A0230121B1FB4A
:101A3000F3F130461BF0DBFD1AF0DBFCC0F30723AB
:101A40008DF84400C0F307408DF845308DF846000E
:101A5000119930461BF0DDFDE16A01EB8101EF29B0
:101A6000C5BF5031A0230121B1FBF3F1304604F58D
:101A700056761BF0C8FD3046FEF7A8FC94F83420DB
:101A800094F8333094F8351043EA022343EA0141D5
:101A900030461BF0D8FD0020F7F750FA772840F3C6
:101AA000B0800020F7F74AFA502300F1280191FB9B
:101AB000F3F130461BF0C1FD94F8342094F8333034
:101AC00094F8351043EA022343EA014130461BF003
:101AD000D4FD0020F7F732FA772840F394800020F5
:101AE000F7F72CFA502300F1280191FBF3F130466F
:101AF0001BF0B7FD0020F7F721FA06277843EF28FF
:101B000040F383800020F7F719FA07FB00F150310A
:101B1000A02391FBF3F130461BF0C5FC002D76D1DC
:101B20000020F6F79DF8012384F83C30FEF7D3BC83
:101B30000020F7F703FA2823143090FBF3F0FEF7A8
:101B400038BF0120FEF747BF0121FEF771BF182300
:101B5000FEF788BF0E23FEF79ABF1823FEF7FEBFDD
:101B60001823FFF710B81823FFF722B80E23FFF74A
:101B700039B80E23FFF74BB80823FFF7ADB8082399
:101B8000FFF7BFB80823FFF7D7B80E23FFF79EBBB8
:101B90000E23FFF7B0BB0E23FFF7C6BB0E2337E4BF
:101BA00008234AE40E235DE4082375E4082388E44F
:101BB0000823E0E401211220FCF73AFF47E50E2359
:101BC00062E50E2375E50E23B7E50E23CAE508236B
:101BD000DDE50E23F0E5012B14BF08230C23594348
:101BE000EF2904DD5031A02321E6002121E6012167
:101BF0001FE6182368E60E23A8E60E23BBE618238B
:101C0000D3E6012155E7012171E7012183E7284649
:101C1000F7F70CFA844286D182E700BF08B5FEF7D9
:101C2000E1FB10B1014BD3F8B00108BD28970020AB
:101C3000074BD3F8C02002B11047D3F8B8000121F8
:101C400083F8BC1093F8BC20002AF9D0704700BF7D
:101C500028970020014BC3F8C00070472897002048
:101C600038B54FF4877200258723C1E90B53C1E9CA
:101C70000D23164B4D642D22C1E90F2364238B6481
:101C800091F84C3023F00F0343F008030C4681F821
:101C90004C304FF434730B65FFF7CAFF636BA365D9
:101CA00094F84C30606565F3041384F84C3020469A
:101CB00002210CF0E8F920464FF444710BF099FF33
:101CC00020460D21BDE838400DF091BB0080FFFF9C
:101CD0002DE9F047BC48B6B00E460CF0B1FE012825
:101CE0002CD130461AF0A1FD054630461AF099FD78
:101CF000022D044640F01F81FAF724FD0546E8B1A5
:101D000019F07CF9012819D10AA9284619F080F99F
:101D100006AA1AA920461CF0BAFB0A9B1A9A9B1A1B
:101D20000A931B9A0B9B9B1A0B9394F84C30DF077A
:101D300007D5DDE90A1051EA000335D136B0BDE818
:101D4000F0874FF4003120461CF07EFB069D0646CE
:101D50002D1A4FF4803120460BF0A3FFD0B1AD1BFC
:101D6000DDE90A32012DB8BF01255243069503FB78
:101D700003236D43AB4208DD94F84C3043F001037C
:101D800084F84C30FFF754FF606594F84C30DE0760
:101D9000D4D5CEE7002D2B46B8BFEB1C9B10B34229
:101DA000ACBFED1AAD1BDBE7D4E90E369E42B8BFDF
:101DB00006F5B4761BF072F8E36AC51AA36BED1A48
:101DC000002D39DBB5F5B47F39DA069A4FF41D736F
:101DD00032205A436423B2FBF3F70FF0BDFA94F8B4
:101DE0004C804FF4B47303FB00F229462046B2FB4B
:101DF000F7F2C8F3C0081CF0EFFA00289ED0A16BE0
:101E0000A76D94F84C307F1AEA1B002AB8BF5242E3
:101E1000B2F58C7FA6EB010C56DD1D0712D4B8F18C
:101E2000000F68D013F0180F65D194F84C3043F0D0
:101E3000080384F84C300BE005F5B475C0E7A5F550
:101E4000B475BFE7B8F1000F02D013F0180FECD053
:101E50000025606D1CF08DFA236DED1B58434FF487
:101E60007A73B0FBF3F0854203DC4042A842B8BF6E
:101E70002846D4E91135A16B721A3844D200EF1A02
:101E800092FBF7F2171D48BF02F1130700EB271072
:101E90003246276C009508441BF062F894F84C30E9
:101EA00003F00603042B08BFA36C054602BF656C54
:101EB0001B1AED18236CAB4226D1636C9D4235D1C1
:101EC000FFF7B6FE606539E7D80617D4180714D4B3
:101ED00003F01803B8F1000F0DD16546082BB8D1F7
:101EE000C2F5B472B2F58C7FB3DD94F84C306FF369
:101EF000C30384F84C306546ABE78D1BB8F1000F87
:101F0000A7D103F01803E9E7FFF792FE29466065C1
:101F100020461CF054FDAF42CFD0002223212046A2
:101F2000F4F72AFB01287FF409AFC6E7A36C9D42B2
:101F30007FF404AFC4E71D2D3FF600AF102D21D86C
:101F400025F00805032D7FF4F9AE90F84C306FF3BF
:101F5000000380F84C300BF0B2FE04460BF07DFB22
:101F60000546FAF7EFFB19F049F804287FF4E6AECE
:101F7000002D3FF4E3AE0021204636B0BDE8F04727
:101F80000BF04BBB113D0C2D3FF6D8AE01A353F81F
:101F900025F000BFCD1F01000B2001003D1D0100F9
:101FA0003D1D01003D1D0100172001003D1D0100E8
:101FB0003D1D01003D1D01003D1D0100EB20010004
:101FC0003D1D01007F2101006057030030460CF0E9
:101FD00066FD20F00203112B256C0FD1691C2046F1
:101FE0001CF0EDFC236C9D423FF4A8AE002223219F
:101FF000204636B0BDE8F047F4F7BEBA142802D048
:1020000012287FF49BAE691EE9E730460CF053FDC1
:10201000256C4119E3E730461AF00BFC06AA80460E
:102020000AA920461CF033FAA76807B1BF6A00214D
:1020300020461CF009FADDE90AA6069D00EB070917
:10204000A5EB0905AB190093721BAAEB05011AA8B1
:1020500005EB0A03069519F03BFDD8F8001047F68A
:10206000FF721AA819F0A4FDD8BBD8F80030D3E944
:102070000010801BA1EB0A011AF010FFE36AC61AD8
:10208000A36BF61A002E26DBB6F5B47F26DA3220D3
:102090000FF062F94FF4B47303FB00F24FF41D73B9
:1020A0005D43314664232046B5FBF3F5B2FBF5F200
:1020B0001CF092F9A8B107EB090211461AA819F011
:1020C00021FDD8F8001047F6FF721AA819F070FD2C
:1020D00088F8040032E606F5B476D3E7A6F5B476C0
:1020E000D2E7002388F8043028E600211CF0B3F979
:1020F0000021054620461CF0B5F900210746204680
:102100001CF0B7F90021804620461CF0B9F9AF4217
:10211000B8BF2F464745B8BF47468742B8BF0746B6
:102120004FF4403120461CF096F94FF440310546FB
:1021300020461CF097F94FF44031814620461CF0B0
:1021400098F94FF44031804620461CF099F94D45EE
:10215000B8BF4D464545B8BF45468542B8BF054660
:1021600020461CF078FA0235ED1B054430461AF083
:1021700060FB0368AB42ACBF03600560DEE5304640
:102180001AF04FFB044630460CF081FC04AE0746C3
:1021900003AA314620461CF07AF9DDF80C80B8F12C
:1021A000000F19DD0AA80FF0E7F80AAA002120465F
:1021B0000CF062FB96E8030015AB83E80300E26ACB
:1021C000A36B13441393E36BADF85C8013440AA92B
:1021D000384614930FF0E7F84FF4003120461CF016
:1021E0003AF94FF40031054620461CF03BF94FF414
:1021F0000031824620461CF03CF94FF40031814604
:1022000020461CF03DF95545B8BF55464D45B8BF71
:102210004D468542ACBFA8EB0509A8EB0009B9F112
:10222000000F1ADD0AA80FF0A7F80AAA4FF4003130
:1022300020460CF021FB96E8030015AB83E8030071
:10224000D4E90B2313441393636BADF85C901344F0
:102250000AA9384614930FF0A6F806AB4246314659
:1022600020461CF056F91AA8F8F7C8F81AAA204612
:102270004FF440310CF012F806AA1AA938460FF0B4
:102280006EFD5BE52DE9F04399B005469DF8808031
:102290000F4616461C46B8F1000F16D141461846A7
:1022A0004FF0FF39FCF760FAC4F80C90284637600D
:1022B0000CF0F2FF41462046FCF756FAC4E90058FC
:1022C000C4E9028919B0BDE8F083DB6801330CBFB3
:1022D0001368A3682046C4E9013131600021FCF78E
:1022E00043FA02A8FCF7E0F9214602A819F0A4FB82
:1022F00002A80D4919F0A2FB4FF4807202A8002138
:1023000019F0A3FB02A8094919F0A9FB64220021D6
:1023100028460DF042FF014602A819F091FB02A8E1
:10232000FCF7DCF9CEE700BF2DEA020003EA020069
:102330002DE9F04FF7B005461AF073FA0446284627
:102340000CF0A5FB0BA9029020460CF088FD68223A
:10235000002120460DF021FF692205465A900021F8
:1023600020460DF01AFF294602465A900BA819F094
:10237000C9FB0BA819F02DFF05900BA819F02EFF33
:10238000D4E90C3294F870900690B2EB030BC9F3C9
:10239000C20908BF4FF0010BB9F1010F09D0B9F123
:1023A000020F56D0059B8342B4BF4FF000094FF097
:1023B000010920461CF0BFFB002108901222204694
:1023C0000DF0EBFE132203905A90002120460DF0F1
:1023D000E4FE102204905A90002120460DF0DDFE0C
:1023E000112200905A90002120460DF0D6FE039D48
:1023F0005A9001900B980E9BDDE90C212844E06374
:102400000498091A616400990A442264019A04F14B
:102410003C089B1AA3644046B9F1000F1CD019F088
:10242000DDFE032809DC069B03EBD372A36903EBF3
:1024300062039A1E02332264A364404619F0C9FE67
:102440000746404619F0CAFE04F1440A944A43463E
:102450001CE04FF00009ACE719F0BBFE032809DCD3
:10246000059B03EBD372636903EB62039A1E02338D
:10247000E2636364404619F0ACFE404619F0AEFEDC
:10248000884A074604F1400304F1480AE16E0792C6
:102490004A1C206B54D0656EA26E2D1A121A7D4311
:1024A0007A4395FBFBF592FBFBF2521B514348BF6D
:1024B000FF3105EB2125E16D4E1C47D0666DA26D05
:1024C000361A121A7E437A4396FBFBF692FBFBF216
:1024D000921B514348BFFF3106EB212627220021E2
:1024E000204609930DF059FE099B5A90B9F1000F4F
:1024F00032D0C2B2511E4A424A4194F84CC094456F
:1025000004D01946764253466D428A46B9F1000F0F
:1025100024D019683144CAF8001018680899284472
:102520001860002935D1079B40469847012848DCB0
:10253000002222212046F4F71FF877B0BDE8F08F83
:10254000A56B2D1A7D4395FBFBF5B4E7E66A361AB9
:102550007E4396FBFBF6C1E74A46CEE7DAF8001069
:102560000898891B01311960DAF80010491BCAF874
:1025700000100028D7D0206B9445C0F1000007FB65
:1025800000F090FBFBF079D10A1A013251469A46CD
:1025900076E0216B9445C1F1000107FB01F191FB4D
:1025A000FBF102D10844524603E0411A1A46481C86
:1025B0005346DAF800108142CBBF116019601860F1
:1025C0001060E36B0F93236C1093636C11933EA820
:1025D000A36C1293F7F712FF20463EAA4FF4003186
:1025E0000BF05CFE0C22002120460DF0D6FDDDE94B
:1025F00005439C42A8BF1C4664108442A8BF044601
:102600005A904046459E19F0E4FD0546404619F0B3
:10261000E5FD854240463DDA19F0DBFD4510DDE978
:1026200003039DF827214A99B542A8BF354602F019
:102630000F020343B9F1000F2FD1012A00F0AE8041
:10264000002940F0AB80009A1343019A134300F134
:10265000C180A54280F2BE8022460BA90FA819F0C6
:1026600027FB002840F0B6804FF0000A00238DF8C9
:1026700040318DF850314FF001082BE00A1819460F
:102680001B689342CBBF0B60CAF80030CAF8002029
:102690000A6096E719F0A2FDC0E7022ACEE700BF64
:1026A000D3C10200DDC1020070223EA95AA821F068
:1026B000E2FC4FF0000802988DF8B0810FAA5AA9E9
:1026C0008DF8C0818DF888818DF8A3810FF047FBCC
:1026D0004FF0010A002670223EA95AA80FAF8DF8CC
:1026E000646121F0C8FC97E80F008DF8B0618DF8A7
:1026F000C06113AE86E80F00BAF1000F0CD0B9F13B
:10270000000F5ED0039A0B9B13443360049A0D9B19
:102710009B1AB360002361933246102102980FF098
:1027200067F832465AA981460FF019FB17A80FF037
:10273000B2FAB8F1000F0AD00BAB0FCB0DF1780C49
:102740008CE80F0017A9484622940FF0A8FABAF1B6
:10275000000F09D097E80F001EAC84E80F0017A9FE
:10276000484622950FF09BFA23A8F7F717FA02982C
:10277000CDF8A890324623A90FF0D3F870223EA9D5
:102780005AA821F078FC00238DF888318DF8A33108
:102790003A465AA902980FF0E2FACEE6009A13439D
:1027A000019A134380D4A542BFF67EAF22460BA9FF
:1027B0000FA819F07DFA00287FF476AF4FF0010AD8
:1027C00054E7009A0C9B13447360019A0E9B9B1A6A
:1027D000F3609FE70FAA3EA9DCE700BF2DE9F341B4
:1027E0002E480C460CF02CF9012840D120461AF056
:1027F0001CF8064620461AF014F81B2E054639D15F
:102800004FF400310CF088F8074620461AF011F812
:102810000368BB42ACBF036007601222002106467A
:1028200028460DF0BAFC132280460190002128466C
:102830000DF0B3FC102204460190002128460DF053
:10284000ACFC112207460190002128460DF0A5FCA2
:102850004445A8BF4446BC42A8BF3C468442A8BFEA
:102860000446002C019002DA33681B1B336002B06F
:10287000BDE8F081012E01D00B2E07D105F13C01FE
:10288000284602B0BDE8F0410CF0DBBC1D2EEED1B5
:10289000204602B0BDE8F041FFF74ABD845703006F
:1028A00010B501460348F3F70BFE04460BF085FC18
:1028B000204610BDA85703002DE9F04F0123DFF893
:1028C0005082C36391B004460E460F1F002557F88F
:1028D000040F18B10378002B40F08A80A36B9D424F
:1028E0001ED0206B18B1FCF727FE00232363606B1A
:1028F00018B1FCF721FE002363632801FCF702FEF8
:1029000020636800FCF7FEFD236B6063002B79D029
:10291000002808BF00256A0000211BF010FCA563F9
:1029200027220021E66220460DF037FC1222C3B2B6
:102930000F90002120460C930DF02FFC30220F90B9
:102940000490002120460DF028FC342205460F900B
:10295000002120460DF021FC420748BF049B0F9048
:1029600048BF5B194FF010024FF00001204648BFEE
:1029700004930DF012FC302205460F9000212046F2
:102980000DF00BFC342207460F90002120460DF07D
:1029900004FC142283074FF000010F90204648BF2B
:1029A000ED190DF0FAFB07900F9020461CF0EFF8A0
:1029B000089020460CF09BFA059020460CF0A7FAF0
:1029C000E36B079A0395013B4FF0000802FB1303EA
:1029D0000993CDF818804746E36B069A9A4280F037
:1029E0008D800025A6F1040A4FEA4709029521E0EF
:1029F00041461BF00BFC08B1013568E7E36B01337E
:102A0000E36364E71D4686E741491BF0FFFBA8B17D
:102A1000DAF800301B788BB1636B029A33F8093017
:102A200003F00F03012B2CBFD218013202920135A3
:102A300009F102095AF8040F0028E5D1069B013379
:102A40000693002D52D0039BE16BB8FBF1F21A44C0
:102A5000099B4344B3FBF1F3039901390B440A93F7
:102A60000899059B05F1FF3901FB19394FF0000A60
:102A70007B1929EAE9790B93D346029B02980BFB59
:102A800009F1B1FBF3F1636B33F8173003F00F0377
:102A9000012B2CBF9B440BF1010B0BFB09F3B3FB88
:102AA000F0F30AF1FF3003440C980128514404D19B
:102AB0000598C01A059B5B1A0146DDF828C0206BFB
:102AC000CDF800C0DDF810C00D92634400EB071094
:102AD000614418F0FDFF089B0D9A9A440B9B013747
:102AE0009F42CAD1013506EB850600E00436099BFA
:102AF000079A9844039B134403936DE720460BF019
:102B000077FF204611B0BDE8F04F0CF0C5BB00BF09
:102B10003F9403004FF6FF720A6491F844200023AB
:102B200063F30002C1E90E33C1E90C330846CB62FE
:102B300081F844200149FFF7BFBE00BFF0570300F2
:102B40002DE9F04FFBB0054619F06BFE836B044690
:102B5000002B57D028460BF09AFF94F82A300490A7
:102B600043F008030EA984F82A3020460CF077F9C8
:102B7000A26ABC4BB4F82880134043F40023A3623C
:102B80005EA8F7F73BFC2CA8F7F796F85EAA4FF47F
:102B9000A02120460BF082FB2CAA4FF4A021204656
:102BA0000BF041FD94F82A30A4F828806FF3C3039A
:102BB00084F82A301022002120460DF0EEFA11226E
:102BC00005904290002120460DF0E7FA122206906F
:102BD0004290002120460DF0E0FA13220790429027
:102BE000002120460DF0D9FA4FF0000908904290DC
:102BF0004F46A36BBB4208D894F82A306FF3C30347
:102C000084F82A307BB0BDE8F08FE36A964953F828
:102C100029001BF0FBFA4FEA890B09F10109002892
:102C2000F3D0636B33F81730DA064FEA470A00F146
:102C3000DC80C3F300255B0640F1D98045F08005B8
:102C4000206B390100EB0713D3E9012C4158DE68F2
:102C50000E9B194412910F9963440A443144139214
:102C600014931591002D40F0DB8070225EA942A8DC
:102C70001BF06FF958222CA90DEB02001BF069F92B
:102C8000626B9DF8A73032F80A20449716054CBFB6
:102C900043F0080303F0F7038DF8A7309DF8513196
:102CA00003F01F020F2A3CD90F2262F304038DF8B0
:102CB00051316369079A08991A44129B934214BFD1
:102CC0000F230B239DF8512163F304028DF851214A
:102CD000E269521A1499914201BF9DF8512103F003
:102CE000170363F304028DF85121A369059A134475
:102CF000139A9A4201BF9DF8513103F01D0262F30D
:102D000004038DF85131236A069A9B1A159A9A4248
:102D100001BF9DF8513103F01E0262F304038DF8E8
:102D2000513112A819F05AFA15F02005064607D0BD
:102D3000636B33F80A30580542BF139B9B1B1393F8
:102D400042A9049812AA0FF00AF8E06A269B1F9A7B
:102D500050F80BB00A930EA8259B0B92099319F01B
:102D600038FA9DF8A710099B0093CDE90101DDE930
:102D70000A3259460CA81AF0C3FE12A819F029FA13
:102D80000C9BC01A129B00EBD07003EB600312A8DF
:102D9000129319F023FA0D9B139A1299C01A00EBA3
:102DA000D07002EB60020C9813920144134414910A
:102DB000159365B1616B31F80A10490507D506EB2B
:102DC000D6767610764232443344139215939DF8AA
:102DD000A8300498CDF874B043F0400312AA16A9A5
:102DE0008DF8A83018970EF0D7FE013701E7236C55
:102DF000BB427FF425AF18F0200F18BF45F0200527
:102E000018F0020F18BF45F0020518F0040F18BFA4
:102E100045F0040518F0080F18BF45F008050FE746
:102E200094F82A30258543F0080384F82A3042A814
:102E3000F7F7E4FA16A8F6F73FFF42AA4FF4A021ED
:102E400020460BF02BFA16AA4FF4A02120460BF0D7
:102E5000EAFB94F82A30A4F828806FF3C30384F8BF
:102E60002A300DE70000F7FF3F94030010B501463C
:102E70000348F3F725FB04460BF09FF9204610BDED
:102E8000CC5703002DE9F8434FF6FF7399420446EF
:102E90000E4602D10020BDE8F883836B8B42F9D93E
:102EA0000025DFF834902F46B54206D1A36BAB4224
:102EB000F0D0E36A53F82700EDE7E36A07F1010871
:102EC000494653F8280001351BF0A0F908B907F16D
:102ED00002084746E8E700BF3F9403002DE9FF41A1
:102EE000AE480E460BF0ACFD01281AD1304619F061
:102EF0009CFC0546304619F094FC1B2D044627D156
:102F0000C36B73B1C56ADFF89882043D002755F89A
:102F1000040F30B141461BF079F910B12B681B78D2
:102F200013B904B0BDE8F081636BDB5B5B0507F1AF
:102F30000207ECD5E16B29B120460BF0E8FFE16B0D
:102F4000B0FBF1F1304604B0BDE8F0410BF0BFBD7D
:102F5000322D05D1E16A04B0BDE8F0411BF024BF79
:102F6000132D2DD8002DDCD0013D122DD9D801A371
:102F700053F825F0CD2F0100473001002531010025
:102F8000232F0100232F0100232F0100232F0100F5
:102F9000232F010003310100232F01008B3001009A
:102FA000232F0100232F0100232F0100232F0100D5
:102FB000232F0100C5310100232F0100333101000F
:102FC0001D2D00F0DE81312DC4D0AAE73046F3F785
:102FD00041FB216C054620461BF08BFEF9F7B2FB46
:102FE00018F00CF800F0FD00012817D102A92846BE
:102FF00018F00EF802A920461BF0D1FD4FF6FF7322
:1030000098420146236409D0636B33F8103003F013
:1030100050031BB9206420461BF06BFE236C4FF657
:10302000FF7293423FF47DAF626B32F8132002F4DB
:10303000CA62002A7FF475AF019301AA23212046BA
:10304000F3F79AFA6DE7036C4FF6FF77BB423FF454
:1030500068AF3046F3F7FEFA054617F0CFFF00F0F1
:10306000FD0001287FF45DAF02A9284617F0D0FFCC
:1030700002A920461BF093FD216C81423FF451AF21
:1030800020461BF036FE27644BE7026C4FF6FF73B9
:103090009A422CD0416B31F81230180614D55F06D5
:1030A00012D4DE052AD594F84400C50726D423F4AB
:1030B00080739BB221F8123094F84430D80703D5BE
:1030C000216C20461BF0FEFE236C626B32F813204D
:1030D00012F4C06F0BD012F0500F08D102AA2321B6
:1030E00020460293F3F748FA01287FF41AAF216CC7
:1030F000204604B0BDE8F0411BF0FBBD43F48073F3
:10310000D8E7036C4FF6FF7293423FF40AAF426B6D
:1031100032F8132002F07002002A7FF402AF02930B
:1031200002AA8BE7016C1BF0E4FD4FF6FF732364EA
:10313000F7E6836B002B3FF4F4AE3046F3F78AFAE0
:10314000064617F05BFF05462EB93046F9F7F0FA50
:1031500017F054FF054620460AF0B1FD0AF07DFA4B
:10316000226C4FF6FF739A427FF4DBAE022D05D03E
:10317000042D7FF4D6AE00283FF4D3AE94F844304B
:10318000A26B13F001031BD1934217D0616B31F88E
:10319000131001F0500181B10133F5E7CC57030062
:1031A0003F9403000133934208D0616B31F8131050
:1031B00011F0500FF6D1C905F4D51A462264B0E6D5
:1031C0000023F0E7016C1BF094FD30460BF067FC28
:1031D000132821D1236CA16B606B4FF6FF729342D1
:1031E00014BF01330023994223649CBF002323644E
:1031F000256C236C30F8132002F05002002A3FF4B3
:1032000076AF0133994298BF00239D422364F0D1E9
:103210004FF6FF7323646AE714281CD1226C4FF623
:10322000FF739A4204BF00232364226C02B9A26B8D
:10323000606B013A2264236C30F8131001F05001E6
:1032400000293FF454AF23B1013B9A422364F2D1E9
:10325000DEE7A36BF8E7122847D120461BF097FC66
:10326000236C4FF6FF729342054610D10023616B29
:103270002364236C31F8132002F05002002A3FF43B
:1032800036AFA26B013393422364F2D3C0E71A0135
:10329000206B865800EB031018F09BFF236C06EBA5
:1032A0006002A66B4FEA031C9E427FF620AF216BA3
:1032B00001EB0C0801EB0310D8F80470D0F804807F
:1032C000B8454FEA031E0EDD51F80E1091420ADC9C
:1032D00081682944914206DB616B31F8131001F0DB
:1032E0005001002996D00133DEE711287FF4FFAEAC
:1032F00020461BF04CFC236C4FF6FF7293420546B0
:1033000010D10023616B2364236C31F8132002F089
:103310005002002A3FF4EBAEA26B013393422364C8
:10332000F2D375E71A01206B865800EB031018F0F2
:1033300050FF226C13B206EB60004FEA021C5E00E5
:10334000002BFFF6D4AE226B02EB0C0E02EBC60193
:10335000DEF80470D1F804E0BE450EDA52F83620EB
:10336000521B824209DC8A68824206DB626B925BF6
:1033700002F05002002A3FF44DAF013B1BB2023E67
:10338000DEE7304604B0BDE8F041FFF7D9BB00BF2F
:103390002DE9F84F4FFA82F80123818680F83680B4
:1033A00080F8373004460F46C06A40211BF03AFDD2
:1033B00000252946E06A402201351BF042FD072D19
:1033C000F7D1BFB2414638461BF093FD4146054652
:1033D00038461BF05FFEDFF8ECB00646411C0544A2
:1033E00004F1F90A8B1B01F1010901398D42DBB2AD
:1033F00037D808F1FF3138461BF07BFDC6F10103D9
:1034000000EB030804F22119DFF8B8B05FFA88F87E
:103410000027CA4608EB0703B742DBB229D3DFF81F
:10342000A490C5F101074FF01408292D2FD920468B
:103430001BF058FEE06A1BF036FD4FF6FF73984212
:1034400003D0E06AF11D1BF0C0FC20460BF024FF06
:1034500020460DF0A2FB00250646B54225D1BDE869
:10346000F88F142101FB09A05A46FCF729F84946B8
:10347000B8E75A4614214846FCF722F8F91DE06ADD
:1034800040221BF0DEFC013709F11409C2E77B1969
:103490004A46142108FB05A0FCF712F8E91DE06A72
:1034A00040221BF0CEFC0135BFE7294620460DF037
:1034B00041FBE36A834203D022462321F3F75CF801
:1034C0000135CAE7C4D503003A4B2DE9F041002588
:1034D0000C46C1E90C33C1E90E554FF4527229462E
:1034E00004F22110344E354FDFF8D4801AF027FE55
:1034F00029462A4604F13C0314254FF0780C40F28B
:10350000211E043351B1481C10F0070F50D006297A
:1035100007D858F8211019600146F2E71E60012013
:10352000FAE705FB024181F821C115FB02E10132F6
:103530002144D2B238281960EED1224BC4F81C3194
:103540002046FFF793FC04F14001E0621BF02CFCE5
:10355000E06A4FF408711BF097FC002322221A49FD
:10356000E06A0BF083FA6420E56AFBF739F901465B
:1035700028460BF00BFCE06A4FF404210AF083FDAF
:103580002046012117F026FEE06A012117F046FED1
:103590002046002202210DF074FA204694F93620CC
:1035A000A18EFFF7F5FE2046BDE8F0411BF09ABD65
:1035B0003946BFE7E80701012BCF03003F94030022
:1035C0000C5803004094030055EF0200F8B50C4678
:1035D000204600210DF0B3FB2046002117F0FAFD34
:1035E000002319460222204617F000FE2046FFF76E
:1035F00057F900222A492B4F05460DF0F9F96420AE
:10360000FBF7EEF8014628460BF0D7FB2846F3F708
:1036100055FC28460BF068FC0646014628460BF090
:10362000B5FB00230A22394628460BF01FFA042175
:1036300028460AF0DEFA204601F0EEFA032105469C
:1036400001F0A0FE0022284602210DF01AFA012105
:10365000284617F0E3FD2046FFF722F912490546F8
:1036600000220DF0C5F93246314628460BF0BCFB6E
:1036700000230A22394628460BF0F8F9284604218F
:103680000AF0B7FA09490023232220460BF0EEF98D
:1036900020460022BDE8F8402321F2F76DBF00BFAD
:1036A00049CF0300ED3601004DCF0300B1360100D4
:1036B00070B519F0B6F805460DF039FA1BF051FD5A
:1036C0000446012128460DF035FA94F90230054AE6
:1036D0000549013B52F823302288BDE870401DF0B7
:1036E00001BB00BF4C58030051CF03002DE9F04748
:1036F00019F097F880460DF01AFA06460DF017FA01
:1037000007461BF02EFD0021058890F90290847871
:1037100030460DF00FFA80451BD1B9F1010F15D1DC
:10372000013DADB20C24224629463846FFF730FE53
:10373000012130460DF0FEF9013C0A4B0A4953F8CD
:1037400024302A46BDE8F0471DF0CCBA013C64B2F3
:10375000E9E7B9F10C0F03D10135ADB20124E2E77D
:103760000134F4E74C58030051CF030070B508460C
:103770000C460DF0DCF90021064620460DF0DFFA7C
:103780000021204617F026FD204600F09DFC16493A
:1037900005461CF036FC33462322144928460BF01C
:1037A00065F90121284617F039FD204600F08CFC10
:1037B0000F4905461CF025FC334623220D492846B7
:1037C0000BF054F92846012117F028FD0A4923225D
:1037D000204600230BF04AF920460022BDE8704045
:1037E0002321F2F7C9BE00BFC3CF0300FBF10200E3
:1037F00034D20300CBF1020067F102002DE9F04F53
:10380000B448C5B00D460BF01BF9012834D1284649
:1038100019F00BF80646284619F003F8012E044665
:1038200044D1F8F78FFF28A917F0F2FB6369289EAF
:103830002046F61A2896F3F7BBFD064420460BF007
:1038400056FB054620461BF07CFD301A2CD48542E1
:1038500015DA256F013D636EAB420DD02946204637
:103860001BF077FD616E20461BF073FD656600223C
:1038700023212046F2F780FE45B0BDE8F08F94F892
:10388000743003F00703012B07D1236F5A1E6B100E
:1038900000FB0233B3FBF5F5DDE7022B04D1236F08
:1038A0005843B0FBF5F5D6E70025D4E70B2E06D13B
:1038B000416E1BF04EFD6FF000436366DCE71D2E8A
:1038C000DAD128460BF0E3F804F1140A00F11805E8
:1038D00014AE02902A465146304618F02DF90028C1
:1038E0004FD095E80F0018AF87E80F0096E80F005B
:1038F00085E80F0020461BF01CFD804620461BF08B
:1039000020FD079020461BF0BAFD064620460BF02E
:10391000EEFA039020460BF0FAFA049028A80EF075
:1039200066F928AA002120460AF03FFF3222002132
:1039300020460CF032FCC3B21090204606931BF0D8
:10394000F8FC34220021059020460CF026FC109053
:10395000C7B22046F3F72CFD089020460BF0ADFED1
:10396000D4F86890B9F1000F25D1D4F86C90B9F172
:10397000000F66D1029B03F1180618AB0FCB86E847
:103980000F0004F12C031846059319F0E1F90646DF
:1039900050B994F8743003F00703012B40F09C8079
:1039A000029920461BF073FD0299204645B0BDE800
:1039B000F04F1BF0FABFA26946441644331A6269FD
:1039C0000993069B2F92E2693192022B0FFA89FB31
:1039D00035D9059B002B32DD17F0020605D02046B5
:1039E0001BF04DFDB0FA80F67609FA070AD51122D0
:1039F000002120460CF0D1FB109018B909F1FF33DB
:103A00000FFA83FB049B03FB06F233465E45ACDAF8
:103A1000A16E0B920139B2FBF1F1099A02982A9337
:103A200011443091329128A90A930EF0FAF8049BC0
:103A30000B9A1A440A9B013636B20133E6E7002698
:103A4000E0E7079B984463699844089BA8EB030848
:103A5000A3693093236A3293069B022B0FFA89F6EF
:103A600034D9059B002B31DD17F0040B06D020461E
:103A70001BF067FCB0FA80FB4FEA5B1B3B070AD5E3
:103A80001322002120460CF088FB109018B909F190
:103A9000FF390FFA89F6039B5F4603FB0BF9B34529
:103AA000BFF668AFE36E02982A97013B28A9B9FBDD
:103AB000F3F343442F9331930EF0B3F8039B0BF1D0
:103AC000010B0FFA8BFB99440137E8E74FF0000B2D
:103AD000E1E700BFC4580300022B40F0E48010AFC0
:103AE0002A465146384618F027F800283FF45CAFC4
:103AF000029B03F1180595E80F000DF1500C8CE8BE
:103B00000F0097E80F0085E80F0020461BF019FC16
:103B1000814620461BF0B3FC804620460BF0E7F9B7
:103B2000824620460BF0F3F9039004F12C0019F0C3
:103B3000DCF8054600283FF437AF314620461BF03D
:103B400093FB236F5F1E4FF4A02100FB17A72046B5
:103B5000B7FBF3F71BF088FB6A1E00FB127206909E
:103B6000B2FBF5F52046012DB8BF01251BF0E1FBA6
:103B700083462046F3F71CFCA9EB000920460BF016
:103B80009CFDA8EB000828A8F6F738FC28AA4FF4FB
:103B9000A02120460AF082FB9DF8CF202F9966F3E2
:103BA00003028DF8CF20FF22AAEB07038DF8C02077
:103BB000226A0493069B0A442B44D9441B92C344B3
:103BC0000693B046236FB34207D8029B03F1180552
:103BD00014AB0FCB85E80F00E6E6626905982B96DB
:103BE000012B18BF03F1FF3309EB020A1CBFB8FB1E
:103BF000F3F39A4400232A9319F06AF8074608B3AE
:103C00003B7C13F0010314D194F87420109912F046
:103C1000180F05EB0A0202F1FF3208BFFB68CDF86E
:103C200060A08A421A9209DA2A9B069A01339244CA
:103C30002A930598394619F051F8DFE71299226F57
:103C40008A4503DD049B01369844BBE73889B97A7D
:103C50008DF8C310ADF8C1003344B3FBF2F102FBA1
:103C6000113C397C7A68039B52F82C20C1F3001177
:103C700004EB8101486CC96C121A5A43091A92FB71
:103C8000F1F2A1699A1A0A445A4419927A6852F8D0
:103C90002C306FF000429342C6D0029818AA28A98F
:103CA0000EF05DF8C0E7032B7FF47EAE0CAE2A4623
:103CB0005146304617F040FF00283FF475AE95E8B6
:103CC0000F0010AF87E80F0096E80F0085E80F009F
:103CD00020461BF02EFB064620461BF032FB074613
:103CE00020461BF0CCFB054620460BF000F9069061
:103CF00020460BF00CF96369039020461F44F3F74C
:103D000057FB37443B1A0493A36920461D440BF02C
:103D1000D4FC35442B1A18A807930DF068FF18AA95
:103D20004FF4A02120460AF040FD28A8F6F766FBD4
:103D300028AA4FF4003120460AF0B0FA4FF40031BF
:103D400020461BF08AFA00EBD0704FEA600802228E
:103D50004FF4003120460CF020FA149000EBD070A4
:103D6000249B4610B045424603EBD371A8BF3246B0
:103D7000B2EB610FC2BF9DF89D2042F020028DF88A
:103D80009D20012B08BF9DF89D3004F12C0004BF3D
:103D900043F020038DF89D3018F09DFF6FF0004B2D
:103DA0000546002D3FF400AE2F7C17F0010740F0D0
:103DB000C380AB68ADF88C301B0C8DF88E30AB7ABD
:103DC0002A89ADF8C1208DF8C33094F8743013F00F
:103DD000180F049B08BFEF681F9321936B68089727
:103DE00053F827300A2B28D0297C2868069B00939B
:103DF000C1F3C00104EB81010023CA6D50F8270014
:103E0000496D19F0ADF8049B18442190297C68682D
:103E1000039B0093C1F3001104EB81010023CA6CE2
:103E200050F82700496C19F09BF8039B181A079B60
:103E3000184422904FF0000A6EE04C4B2193184634
:103E4000F7E7219A1F92229A2092089A5244B2FBD5
:103E5000F3F103FB11294FEA890309936B6853F8C7
:103E60002900584555D0297C039B0093C1F30011CC
:103E700004EB81010023CA6C496C19F071F8039BB3
:103E8000181A079B18442290297C2868069B0093E7
:103E9000C1F3C00104EB81010023CA6D50F8290071
:103EA000496D19F05DF8049B18442190BAF1000F98
:103EB00026D01F9BA3EB080243441693209B149229
:103EC0009A1B3344159217936B6853F827205A4571
:103ED00015D04FEA89029B585B4510D00298CDF867
:103EE0006CA018A90DF09DFEB8F1000F07D036B1F7
:103EF0000298CDF8ACA014AA28A90DF030FF4F46C7
:103F0000236F9A4504D16B68099A9B585B4519D178
:103F1000B9460AF1010A4F46236F9A4591D31A9B7D
:103F200001331A932A9B01332A93029B03F118074A
:103F300010AB0FCB87E80F002946059818F0D2FE8A
:103F400005462EE7219B0298CDF8ACA0A3EB080212
:103F500043441693229B14929A1B1592334414AA3D
:103F600028A917930DF0FBFED2E700BF010000E087
:103F700010B50E4BCB6291F830300C4643F0010384
:103F800081F83030204602210AF07DF820460821D1
:103F90000AF079F820464FF480610AF074F8204660
:103FA0001021BDE8104009F024BE00BF77D2030005
:103FB0002DE9F047434888B00D460AF041FD01283D
:103FC00064D1284618F031FC0646284618F029FC32
:103FD000342E04465DD1284618F02BFC5A220746A1
:103FE000002120460CF0D9F80546069016F0EEFFA9
:103FF0005C220646002120460CF0CFF85B2280466A
:104000000690002120460CF0C8F84FF000096FF030
:104010006042CDE901290690CDF8008003462A468A
:10402000E16A06A819F06CFD4946152220460CF0FD
:10403000B4F81222814605904FF4003120460CF06E
:10404000ACF81322054605904FF4003120460CF0E1
:10405000A4F81022824605904FF4003120460CF05F
:104060009CF81122804605904FF4003120460CF058
:1040700094F83544069B55441D444D443D604644E8
:10408000079B06449E42ACBF7E607B6008B0BDE8E3
:10409000F0871B2E0ED1284618F0CBFB4FF40031D1
:1040A000054620460AF038FC2B688342ACBF2B60E3
:1040B0002860EBE71D2EE9D1284608B0BDE8F0479F
:1040C0001BF05CBDE858030010B501460348F2F749
:1040D000F7F904460AF071F8204610BD3059030084
:1040E00038B5154A0023C1E90C32C1E90E33C1E9E4
:1040F0001033CB624FF6FF738B6491F84C3023F092
:104100003F030C4643F0380381F84C3020464FF40F
:10411000806109F0B8FF094920461BF0AAFF20463C
:104120000CF0FDFC01460648F2F7CAF905460AF014
:1041300044F8E562EC6238BD8AD203008ED20300F7
:104140000C590300806B024B002808BF18467047CB
:10415000409403002DE9F047084688B0884618F0DF
:1041600064FB202807461CD1404618F05AFB404605
:1041700018F057FBC46A40460AF089FCE26A00F175
:104180001805EA46064614322946504617F0D4FC74
:10419000002873D15D48414608B0BDE8F0470AF0F9
:1041A0004FBC5A4841460AF04BFC01283FD14046DB
:1041B00018F037FB0B2FC66A044641D1F8F7C2FA54
:1041C00016F043FF064690BBE46AF8F7BBFA0546D3
:1041D00016F014FF04280CD1236C6364204609F008
:1041E0006EFD074609F039FA18B13146384609F034
:1041F00014FA284616F002FF01281BD104A928460C
:1042000016F006FF059920461BF0D8FEC4E9100001
:1042100020461CF095F9236B13B920460BF03CF8AF
:10422000236C049304AA23212046F2F7A5F908B0D1
:10423000BDE8F087284616F0E1FE0328E8D1DDE767
:10424000012F59D1F8F77EFA05460028EFD016F075
:10425000D5FE01280CD104A9284616F0D9FE0599EF
:1042600030461BF0ABFEB06420460BF015F8DEE7DD
:10427000284616F0C3FE0328D9D1ECE795E80F00D5
:104280000DF1100989E80F009AE80F0085E80F008A
:1042900094F84C309B0627D5A26C236C9A4207D128
:1042A0002123314620461BF032FE2123A26C12E06E
:1042B0003B46314620461BF02AFEA26C3B46314667
:1042C00020461BF0B5FD226C0123314620461BF031
:1042D0001EFE226C0123314620461BF0A9FD99E801
:1042E0000F0085E80F0055E73B46A26C314620469B
:1042F0001BF00DFE3B46D9E70C2F98D14FF6FF730C
:10430000B36408B0BDE8F0470AF0C6BF0C5903001B
:1043100073B55D480E460AF093FB012822D1304662
:1043200018F083FA0546304618F07BFA132D044640
:1043300012D109F0C4FC09F090F90546F8F702FA29
:1043400016F05CFE04280DD1002D71D0204602B07D
:10435000BDE870401BF0F5BF1D2D25D8102D03D8EA
:104360000B2D72D002B070BD113D0C2DFAD801A3F7
:1043700053F825F0D943010055440100654301007D
:1043800035440100354401006543010065430100E7
:104390006543010065430100654301006543010079
:1043A000654301007B440100322D03D0342D06D03B
:1043B000312DD7D102B0BDE870400AF0DBBD3046E8
:1043C00018F037FA5A220546002120460BF0E5FE88
:1043D00016F0FCFD6860C5E730460AF060FBA0F10E
:1043E0001203012B11D820461CF0BDF80028ADD0D7
:1043F000236CE26B01339342B4D223640121204643
:1044000002B0BDE870401BF0BBBC142804D00DD82E
:104410000A2815D01128A5D120461CF0A4F80028A0
:1044200094D0236C002B9DD0013BE6E71B2899D14B
:10443000636C2364204602B0BDE870401CF080B875
:10444000F8F786F984428DD0204602B0BDE870406E
:104450001CF092B81CF087F800283FF477AF304684
:104460000AF029FB236C1844E36B013B9842A8BF78
:10447000184620EAE0702064C0E7304602B0BDE88C
:1044800070401BF066BE00BF3059030038B591F88C
:10449000583023F07F03002543F00303CD6281F8F9
:1044A000583008460C460AF01CFDE06320460AF02E
:1044B0001BFD4FF48073C4E9123394F8583043F075
:1044C000800384F85830C4E910052A46294604F1CF
:1044D000340017F092FE0C4A04F15000114617F018
:1044E0008CFE94F85930092262F30303204684F8C5
:1044F0005930022109F07DFB20464FF48031BDE8A0
:10450000384009F0C0BD00BF3200002010B50146A0
:104510000348F1F7D5FF044609F04FFE204610BDD1
:10452000545903002DE9F0430846ABB00D4618F08E
:104530007CF929460646A3480AF082FA012813D1DD
:10454000284618F06EF905AF394604461CF066F8A7
:10455000322E10D194F8583003F00303022B06D109
:10456000E16A20461CF007FA2BB0BDE8F083204634
:104570000AF03EFAF8E7202E1ED8152EF4D9163E82
:104580000A2EF1D801A353F826F000BF49460100D6
:10459000694501006945010069450100F5460100D2
:1045A000CD45010069450100F5460100694501005E
:1045B00069450100F5460100342ED5D1284618F092
:1045C00038F9E36B0360236C4360CDE7284618F0AD
:1045D00030F9636C05463BB9A36CB3F5807F03D11A
:1045E000E36CB3F5807FBFD020460AF07AFC8046AA
:1045F00020460AF079FC0297B4F84C300193B4F8E5
:10460000483000930246636C064641460FA80DF001
:104610000FF90F9A2B6852429A42B8BF1A462A6085
:10462000109B5B429342B8BF13462B601199A1EBDC
:1046300008019942B8BF19462960129B9B1B8B4207
:10464000ACBF2B6029608FE7284618F0F2F80546CA
:104650002046E66B0AF045FC864246D12046266C91
:104660000AF042FC864240D1A36CB3F5807F13D19F
:10467000E36CB3F5807F0FD1636C6BB9E36B226D94
:1046800003EBD373B2EB630F06D1236C626D03EBC4
:10469000D373B2EB630F28D020460AF022FC064603
:1046A00020460AF021FC0297B4F84C300193B4F88C
:1046B000483000930246636C31460FA80DF0B8F8FD
:1046C00061690F9B0B440F93A269109B13441093D5
:1046D000119B0B441193129B1344129329680022DF
:1046E0000FA817F065FA28713EE70FA920460AF0D7
:1046F00086FEF3E7284618F098F80646284618F094
:1047000090F81A2E04465FD1284618F092F80378E4
:10471000022B05463FF428AF94F85800830702D5D2
:1047200001232B7020E7C0F38400FAF7A5F80146B7
:104730000028F5D1442220460BF02FFD0F90C0B287
:10474000FF28EDD1626C002AEAD1A36CB3F5807F1B
:104750000ED1E36CB3F5807F0AD104F114016868CF
:1047600017F0A6FA0028DBD0236B002BD8D1FBE68C
:104770000BAF394620461BF051FF20460AF0B1FB33
:10478000064620460AF0B0FB0297B4F84C3001937D
:10479000B4F8483000930246002331460FA80DF0CC
:1047A00047F861690F9B0B440F93A269109B134458
:1047B0001093119B0B441193129B134412930022EC
:1047C0000FA9CCE7545903001D2E7FF4CDAE036C26
:1047D000002B3FF4C9AEC36B002B3FF4C5AE836C16
:1047E000002B3FF4C1AEC36C002B3FF4BDAE284696
:1047F0000AF04DF994F8583013F00206814640F063
:1048000091800FA8F5F7CAF909F1180531460FAAEA
:10481000204609F06DFF95E80F000DF11C0888E8AF
:104820000F001FA920461BF0F9FEA36C1B93E36C3D
:104830001C93636C1A9394F8582094F85930C2F37F
:10484000C012C3F3021343EAC2039DF8892022F089
:104850000F0213438DF88930236B2993E36A169373
:10486000D4E90512206CE36B10440B44013824AFEB
:10487000013B0090384617F02BF90C2231462046B8
:104880000BF08BFC0B90289094F8593003F00F023A
:10489000092A0BAE0CD8A36B0093636B394604F165
:1048A000140017F0F5FA97E80F0086E80F002FE0E4
:1048B00003F00F030C2BF6D104F11402294628460D
:1048C00017F03AF9D4E90D12384617F028F9D4E96F
:1048D0000F14D9F81C30259A24989A1A631ED21AFC
:1048E000D9F8183092FBF4F21B1A481E1B1A6243C7
:1048F00093FBF1F33846594317F011F995E80F008F
:1049000086E80F009DF8893043F010038DF8893058
:1049100032460FA948460DF049F898E80F0085E89F
:104920000F0021E603F00303022B7FF41DAE0FA856
:10493000F5F7C2F90FAA2046002109F074FEE36AD8
:10494000169304F114020FA948460DF025F90BE661
:10495000F8B590F84D30174F13F00105044607D015
:1049600090F84C3057F82310BDE8F8401AF020BA00
:10497000806B4000FAF7C6FD94F84C30A26B57F8F4
:1049800023100646520019F0E4FAB21E2B46A16B22
:104990008B4208D3204631461AF00AFA3046BDE869
:1049A000F840FAF7C9BD32F8021F21F48061118086
:1049B0000133ECE74406002010B5064B90F84C207C
:1049C000044653F822101AF0EFF92046BDE81040D3
:1049D000FFF7BEBF6C06002038B50C462046042108
:1049E00009F007F9B4F84C3023F4FF73002523F0E5
:1049F0000103A4F84C302A462B462046A564052125
:104A00000AF01FFA2B460749232220460AF02EF807
:104A100020462A4629460CF049F82046BDE8384091
:104A2000FFF7CABF294A010070B517F0FAFE044625
:104A30001AF039FA4FF6FF739842014600F0D08021
:104A40002046FEF71FFA0546002800F0C980654998
:104A500019F0DCFB58B9644B84F84C001968204607
:104A60001AF0A2F92046BDE87040FFF771BF5F4918
:104A7000284619F0CBFB28B9012384F84C305A4B57
:104A80005968ECE75A49284619F0C0FB28B90223B7
:104A900084F84C30544B9968E1E75649284619F0A0
:104AA000B5FB88B9002227212046F1F765FD0128D2
:104AB00040F09680A06C002800F092800022272110
:104AC000BDE87040F1F758BD4B49284619F09EFBF0
:104AD0000028E7D04949284619F098FB024658B902
:104AE00026212046F1F748FD012879D1A06C002845
:104AF00076D000222621E3E7A36C002B70D040493A
:104B0000284619F083FB60B9A06C0A2103F0CAFBA8
:104B1000A06C1EF059FB002862D0A06C0022262158
:104B2000CEE73849284619F071FB0028ECD0364909
:104B3000284619F06BFB20B9A06CBDE870401EF050
:104B4000C0BB3249284619F061FB20B9A06CBDE812
:104B500070401EF0B2BB2E49284619F057FB20B911
:104B6000A06CBDE870401EF050BB2A49284619F0E1
:104B70004DFB064670BBA06C1EF021FB0546A06CE9
:104B80001EF014FB03782D2B10D10121A06C03F033
:104B9000B9F9A06C1EF039FB2B21A06C03F082FB4D
:104BA0002946A06CBDE8704003F0ACB92B2BA06C7B
:104BB00007D1012103F0A6F9A06C1EF026FB2D21E0
:104BC000EBE7314603F09EF92D21A06C03F06AFB60
:104BD000691CE6E7A06C2946BDE8704003F0DABA2C
:104BE00070BD00BFBDD203006C060020C1D203001F
:104BF000C5D20300C8D20300CCD20300F0CE03001C
:104C0000D0D20300D6D2030049CF03004DCF03001A
:104C1000DAD20300DED2030010B501460348F1F7F3
:104C20004FFC044609F0C9FA204610BD005C0300A1
:104C30002DE9F04FC46A95B09046099122460021B3
:104C400006460BF0FEFB23780490CBB90228C8F887
:104C500004300ED0032806D0012801D1C8F8003056
:104C600015B0BDE8F08F30460AF041F9C8F80000F1
:104C7000F6E730460AF03BF900EBD0704010F5E75C
:104C800030461BF0C7FF454B09991B680746204675
:104C90009847814630461BF0A5FF069030461BF032
:104CA000A9FF059030461BF0ADFF079016F08EF976
:104CB00010A9089030460AF03AF910A817F089FABE
:104CC0000A9010A817F08AFA089A069B0B9003EB3B
:104CD00042030C93069B00251344AB460D93635D82
:104CE0006019002B34D1AA46B9F1000F0FD004EBA4
:104CF000090313F8013C0A2B01D00D2B07D114F83E
:104D0000093023B9069B089A13449B444D462C4412
:104D1000059B079A0097A9EB0501204618F04CFF68
:104D2000099B049903979D421CBF059BC01810ABBB
:104D30000293059B0193079B0F9000932246AAEBD9
:104D400005030FA81BF0D2FE0F9BC8E9003B87E7C5
:104D50000C9B0B9A5B449A4208DA96F85C3003F09D
:104D60000F03012B04BF47F00407FFB20023019398
:104D70000A9B0093079A059B02974FF0FF31F9F7C2
:104D800025FF05EB000AD145AED314F80A30002BFD
:104D9000AAD00D9B55469B44A1E700BF4C5703008A
:104DA0002DE9F04F97B00B6807930C4612220021B3
:104DB00005460BF0F2F910220690129000212846C9
:104DC00064680BF0EAF912A9231A12902846089396
:104DD0000AF0ADF812A8D5F82C9017F0FAF909905E
:104DE00012A817F0FBF90A9028461BF00BFF824629
:104DF00028461BF0F7FE044628461BF0FBFE0490F5
:104E0000504616F0E3F8804628461BF003FF04EBFB
:104E1000080307460B93002619F8063009EB060B2A
:104E20000BB934462CE00B9B43440593059A0A9B2F
:104E3000934208DA95F85C3003F00F03012B04BFAE
:104E400047F00407FFB200230193099B00930297E8
:104E5000049B52464FF0FF315846F9F7B7FE089BC6
:104E6000434506EB00045EDC334B11941B6811A92B
:104E7000484698470A2803D019F8043003B901348A
:104E80004FF00008EA6ACDF83880414628460BF01A
:104E9000D8FA12AB0293049B0397CDE900A3014615
:104EA000A31B5A460EA81BF021FE8DF83780CDF8C3
:104EB0003C805CB3DDE9062307F008079D1A0F9BD1
:104EC0003344A34222D20FAB11AA10A9584618F0BE
:104ED000DAFD47B10F9B0DF137001BF8031018F0F6
:104EE0005FFD0028EBD1DDE91012504616F03BF8CB
:104EF0000E9B1844854207DB0F9B9A19A24203D0F0
:104F000009EB0802925D92B9CDF83C800B4B0F99EA
:104F10001D685846A847314604464846A8472044DD
:104F200017B0BDE8F08FDDF81480264674E7049AC8
:104F300010440E909846C2E75057030048570300AC
:104F40002DE9F043C36AA3B00446002B00F00581AD
:104F50004FF0FF33836390F85C3043F0800380F8B8
:104F60005C3008A909F0E3FF08A817F032F9804681
:104F700020461BF047FE064620461BF033FE074640
:104F800020461BF037FE054620461BF043FE8146B7
:104F900020461BF0F6FDCDE9018900973246E16A13
:104FA0002B4606A818F0ACFD204609F0E3FF94F864
:104FB0005C2002F00F02022A40F0EC806322002104
:104FC00020460BF0EAF864220C90074600212046A8
:104FD0000BF0E3F805460C9038B942F210724FF42A
:104FE0009671282016F0E1FC05460CA8F9F75CFB49
:104FF00021460CA816F020FD4FF0FF310CA816F04A
:1050000036FD4FF496710CA816F02FFD1A990CA8D6
:1050100016F02FFD08A8DDF8188017F0DAF88045A3
:1050200053DD08A817F0D5F8069A0021821A0CA8BB
:1050300016F00BFD9E490CA816F000FD9C49204679
:10504000F9F7B6FB189930BB002906DD9DF88420DE
:10505000199060F3C3028DF8842029460CA816F03D
:10506000EFFC18990CA816F0FEFC3FB194F85C20F8
:10507000394602F00F020CA81BF064FD0CA8F9F7EA
:105080002DFB08A817F0AAF88A492046F9F76CFB0F
:105090000023A3655EE0426B90F854308A4203F02F
:1050A0000103DADA19929DF884206FF3C3028DF8B8
:1050B0008420002BD1D0D3B243F00103179A8DF88E
:1050C0008430159B17931592C7E7794920464FF016
:1050D0000008F9F749FBC4F8548008A8DDF81C90D3
:1050E00017F07CF88145CFDD08A817F077F8079B0B
:1050F000A0EB0309304615F069FF4146A9EB000219
:105100000CA816F0A2FC6B490CA816F097FC694994
:105110002046F9F74DFB189910BB414506DD9DF877
:105120008420199060F3C3028DF8842029460CA8CE
:1051300016F086FC18990CA816F095FC3FB194F86F
:105140005C20394602F00F020CA81BF0FBFC0CA8F7
:10515000F9F7C4FA20460AF09FF823B0BDE8F083BF
:10516000426B90F854308A4203F00103DEDA199260
:105170009DF8842068F3C3028DF88420002BD5D0DD
:10518000D3B243F00103179A8DF88430159B17931F
:105190001592CBE7032A40F08F806322002120463E
:1051A0000AF0FBFF64220C900746002120460AF01B
:1051B000F4FF05460C9038B942F210724FF4967124
:1051C000282016F0F2FB05460CA8F9F76DFA2146E7
:1051D0000CA816F031FC4FF0FF310CA816F047FC7C
:1051E00008A8DDF8188016F0F4FF804528DD20229D
:1051F0001146304615F0B7FE069AA0EB8000821AE1
:1052000000210CA816F021FC29490CA816F016FC68
:1052100029460CA816F014FC25492046F9F7C8FACF
:1052200000B1406B002F7FF421AF189B8342C1BFB8
:105230009DF88430199067F3C3038DF884301DE71F
:105240001B4920464FF00009F9F78EFAC4F8549034
:1052500008A8DDF81C8016F0C1FF4045BFF614AF6A
:10526000079A3046C2F1000815F0B0FE4946A8EB97
:1052700000020CA816F0E9FB0E490CA816F0DEFBA4
:1052800029460CA816F0DCFB0A492046F9F790FAEB
:1052900000B1406B002F7FF452AF189B8342C1BF17
:1052A0009DF88430199067F3C3038DF884304EE77E
:1052B000CF0A0300C90A0300012A7FF44BAF08A8F4
:1052C000DDF81C8016F08AFF80457FF743AF30463B
:1052D000DDF81C8015F07AFE80457FF73BAF264B4A
:1052E000E06A1B68984703287FF634AF08A816F0D9
:1052F00070FF2E2211468046304615F034FE4319C9
:10530000A3EB8303434408A80C9316F067FF0546FC
:10531000304615F05BFE384495FBF0F800FB18585A
:10532000304615F053FE8045A5EB08051DDB3046E1
:1053300015F04CFE054400220CA920460D95FFF700
:105340002FFD0646E06A18F042FF0C4B31461B6801
:105350000B4E0546E06A984705900599CB1C9D4287
:1053600005D320461BF023FCF4E6ED1BE3E733688E
:10537000E06A05A99847F0E7445703004C5703003B
:105380005057030038B505460C461149F9F7ECF9BA
:1053900010492846F9F7E8F9002205F154001146B2
:1053A00016F02BFFA31E022B8CBF0023012304F059
:1053B0000F0444EA831495F85C3023F04F031C4338
:1053C00085F85C402846BDE83840FFF7B9BD00BF0E
:1053D000CF0A0300C90A030070B591F85C300C468F
:1053E00000254FF0FF3623F03F032A46CD624E637F
:1053F00081F85C3004F15400294616F0FEFE4FF6A9
:10540000FF73C4E911332046C4E90F55A663022196
:1054100008F0EFFB29462046FFF7B4FF204602497B
:10542000BDE870401BF027BC3FD303002DE9F04FCF
:105430004A48ABB00E4609F003FB012840F08880D3
:10544000304617F0F2F90546304617F0EAF9A5F1B3
:105450003103012B044604D82BB0BDE8F04FFFF711
:105460006FBD1B2D0DD11BF0CDFB15F0AFFD011E47
:10547000B8BF0331891030462BB0BDE8F04F09F0BA
:1054800026BB342D6CD190F95C30002B51DA1BF027
:10549000B9FB804620461BF0ADFB814620461BF041
:1054A000A1FB94F85C30C3F340175A0682464FEADA
:1054B000C7074FF001024FF00001204648BF47F0F8
:1054C00001070AF06AFE6FF040439842149003D13E
:1054D00094F82B301B073ED5204609F008FD054601
:1054E0000522002120460AF058FE8542149006DB72
:1054F0000522002120460AF050FE05461490204661
:10550000D4F834B01BF03DFBCDE90157CDF800A035
:105510004B46E16A424604F14C0018F0F1FA594654
:1055200020461BF044FB94F85C306FF3C71384F8FB
:105530005C30304617F07DF9E36C02689A42ACBFEC
:1055400002600360236D42689A42ACBF42604360D0
:105550002BB0BDE8F08F6FF06045C1E7005C030041
:105560001D2DF5D1304617F05CF90446304609F0A0
:105570008EFA08A90746204609F0D9FC20461BF000
:1055800049FB804614A8F4F797FBE36A1B9394F851
:105590005C309DF8A020C3F3001363F3C7128DF8AD
:1055A000A020636D2593A36D269394F85C3003F0DF
:1055B0000F03032B08D008A816F010FEB0F5806F7B
:1055C000A4BF04F13803299314AA002120468DF8C2
:1055D0009F8009F028F89DF89E3013B901238DF8BB
:1055E0009E30616C1E914FF6FF73A26C1F92994220
:1055F00026D09A4224D058224FF4802120460AF027
:10560000CCFD4FF480210246059020460AF0F9FDBA
:10561000C0F30722C0F3074310908DF883008DF884
:1056200084204FF480211C2220468DF885300AF01A
:10563000B4FDC0F307431090ADF886008DF88830B4
:1056400094F85C3003F00E03022B1AD19DF89E30C3
:10565000023B012B15D86FF060430193239B00930D
:10566000CDF80880249B1D9AE16A10A818F048FA2A
:1056700008A8109D16F0ADFD8542C4BF01238DF82A
:105680009E3007F118050DF130092A4608A9484651
:1056900016F052FA00283FF45BAF94F85C1011F05A
:1056A0000F0609D120460AF008F83146424208A800
:1056B00016F035FA236A0B9394F85C3003F00E036E
:1056C000022B10AE61D195E80F0086E80F0099E833
:1056D0000F0085E80F0008AA14A938460CF05CFA00
:1056E00096E80F0085E80F0095E80F0086E80F00A8
:1056F00099E80F0085E80F0094F85C3003F00F0381
:10570000032B3DD16FF060430193239BCDF80880BC
:1057100000931D9A249BE16A06A818F0F1F908A8E5
:10572000DDF8188016F055FD804513DD636D069A8F
:105730001D9803EB02082022114615F014FC00EB23
:10574000400040442590A36D269308AA14A938462A
:105750000CF022FA08A8DDF81C8016F03FFD804509
:105760000EDD636D2593A46D079B1D981C4415F0F9
:105770002DFC08AA044414A9384626940CF00CFA0F
:1057800096E80F0085E80F00E2E608AA14A938465B
:105790000CF002FAA8E700BFF8B590F85C30DB0621
:1057A00004460D46174622D409F076FDE06A18F04B
:1057B0000EFD0646384618F00AFD31180131E06A40
:1057C000F9F7C4FEE06290B14FF6FF739D4203D13A
:1057D000074B1B6898470546E06A29463A4618F089
:1057E000F8F820460021BDE8F8401BF044BAF8BDA7
:1057F0004457030070B50846A8B00D4617F015F8D9
:10580000A0F11D03012B06460ED90648294609F0D2
:1058100017F9012840F0D681284628B0BDE870402D
:1058200016F0FFBF245C0300284616F0FAFF1D2E79
:10583000044640F0C7810CA8F4F7E0FD00210CAA53
:10584000204608F02BFD16F0E2FDC0F307239DF87B
:1058500052208DF800008DF80130C0F307409DF80C
:1058600051308DF802009DF8530043EA022343EAC9
:10587000004016F0F2FE00990246E06A16F07FFE44
:10588000C0F307238DF85100C0F307408DF8523064
:105890008DF8530016F0BBFDC0F307238DF804000C
:1058A000C0F307408DF8060015988DF8053016F006
:1058B000D4FE01990246E06A16F061FEC0F30723A8
:1058C0008DF85400C0F307408DF855308DF8560020
:1058D00016F09DFDC0F307239DF85A208DF80800AF
:1058E0008DF80930C0F307409DF859308DF80A0053
:1058F0009DF85B0043EA022343EA004016F0ADFE48
:1059000002990246E06A16F03AFEC0F307238DF8CA
:105910005900C0F307408DF85A308DF85B0016F03F
:1059200076FDC0F307239DF88A208DF80C008DF8D2
:105930000D30C0F307409DF889308DF80E009DF8BA
:105940008B0043EA022343EA004016F086FE0399E7
:105950000246E06A16F013FEC0F307238DF88900B3
:10596000C0F307408DF88A308DF88B0016F04FFD9C
:10597000C0F307238DF81000C0F307408DF81130F5
:105980008DF81200BDF86E309DF8700043EA0040BB
:1059900016F063FE04990246E06A16F0F0FDC0F3CB
:1059A00007238DF86E00C0F307408DF86F308DF837
:1059B000700016F02CFDC0F307238DF81400C0F31F
:1059C00007408DF815308DF81600BDF87A309DF837
:1059D0007C0043EA004016F040FE05990246E06A6A
:1059E00016F0CDFDC0F307238DF87A00C0F3074011
:1059F0008DF87B308DF87C0016F009FDC0F307238D
:105A00009DF852208DF818008DF81930C0F307402A
:105A10009DF851308DF81A009DF85300069943EA1D
:105A2000022343EA004094F82F2016F0A8FDC0F3AB
:105A300007238DF85100C0F307408DF852308DF8E0
:105A4000530016F0E4FCC0F307238DF81C00C0F3EC
:105A500007408DF81D308DF81E0094F82F2007990F
:105A6000159816F08CFDC0F307238DF85400C0F391
:105A700007408DF855308DF8560016F0C8FCC0F37D
:105A800007239DF85A208DF820008DF82130C0F3AF
:105A900007409DF859308DF822009DF85B00089969
:105AA00043EA022343EA004094F82F2016F067FDF2
:105AB000C0F307238DF85900C0F307408DF85A3022
:105AC0008DF85B0016F0A3FC8DF82400C0F30723CB
:105AD000C0F307408DF825308DF82600BDF86E30F4
:105AE0009DF8700094F82F20099943EA004016F0C1
:105AF00046FDC0F307238DF86E00C0F307408DF814
:105B00006F308DF8700016F082FCC0F307239DF80B
:105B10008A208DF828008DF82930C0F307409DF8C1
:105B200089308DF82A009DF88B000A9943EA0223F8
:105B300043EA004094F82F2016F021FDC0F307231C
:105B40008DF88900C0F307408DF88A308DF88B00FE
:105B500016F05DFC8DF82C00C0F30723C0F307405E
:105B60008DF82D308DF82E00BDF87A309DF87C0030
:105B700094F82F200B9943EA004016F000FD8DF8B1
:105B80007A00C0F30723C0F307408DF87C008DF83E
:105B90007B3094F82F30239A2699503B5343AF2201
:105BA00093FBF2F3239394F82F302846503B4B435A
:105BB00093FBF2F3269308F06AFF04F114020CA998
:105BC0000CF0CDF828B070BD2DE9F04F624897B0C9
:105BD0000D4608F035FF012816D1284616F025FE9F
:105BE0000646284616F01DFE1B2E04460FD14822FD
:105BF00000210AF0D2FA04460690284616F019FE53
:105C00000368A34200DA046017B0BDE8F08F342EB9
:105C100034D1036B002BF7D0C36A002BF4D0284695
:105C200016F007FE0023276B1A4619466FF06046F0
:105C3000BB4202D1C0E90012E6E7E56A05EBC30CFE
:105C400055F8335005F0C04EBEF1005F03D125F08A
:105C5000C04EB64502D1A942B8BF2946DCF804506F
:105C600005F0C04CBCF1005F03D125F0C04CB44539
:105C700002D1AA42B8BF2A460133D9E71D2EC3D1AB
:105C8000284608F004FF236B0090002BBCD0E36A89
:105C9000002BB9D002A9204609F0E1F82046029D68
:105CA00009F001FDA5EB00092046039D09F000FD68
:105CB000A5EB000806A80BF09AFF06AA00212046D3
:105CC00008F073FD0027236B013B9F429CD22046C6
:105CD00009F007F98346204609F006F9E36A0193C3
:105CE0000546594653F8370003EBC7061BF023F966
:105CF00048440D90706829461BF01DF94FEAC70A09
:105D0000019B0E9006460AF1080003EB000A594673
:105D100018581BF010F948440F902946DAF804008F
:105D20001BF009F994F83430DB0747BFAE1B2D1A7E
:105D300008EB0005464444BF4644454400980E968F
:105D400006A910950BF06DFF9DF855306FF3C30356
:105D500001378DF85530B6E7485C030010B50146B1
:105D60000348F0F7ADFB044608F027FA204610BDC3
:105D7000485C03002DE9F0410C462046012109F062
:105D800055F82046002115F025FA94F86A30414F65
:105D900023F01F03002584F86A30042104F15C001D
:105DA000A4F8685016F0ECFE2046F0F77BFB0121CA
:105DB000E06208F068F92146C4E913556564656539
:105DC000A5643548F0F77CFB064608F0F6F939463D
:105DD000304608F0F2FF3046012115F01FFA304638
:105DE000012115F0F7F930464FF4804108F04BF9E6
:105DF0003046022107F0FDFE314626632748F0F7C2
:105E00005FFB064608F0D9F96FF04042394630464C
:105E100008F0EAFF2946304615F0DCF902231A465D
:105E20002946304615F0E2F93046022107F0E1FE3E
:105E30004FF48041304608F026F9A6633046FCF75F
:105E40002FFD23460A220646154908F00FFE30466C
:105E50004FF4804108F017F92946304615F0BAF999
:105E6000E6633046FEF752FB0E491AF084FDA06B44
:105E7000FEF7D2FE0121064608F005F926646563A7
:105E8000A565234620460849BDE8F041232208F0D5
:105E9000EDBD00BF64000020205D0300FC5C03003A
:105EA0000112030049CF0300F30F03002DE9F04F67
:105EB00099B0064601911BF0F4F9054600285AD026
:105EC0001AF0D7FE0021024628460AF0BAFA022844
:105ED00054D003285ED00021284608F01EFF002180
:105EE00030461BF0D7F9804630461BF0DDF981467D
:105EF000404615F06BF88346304609F008F86422F6
:105F00000746002130460AF048F9019B029080467E
:105F10004FEAD77A4FEADB74D944002B43D00028EC
:105F200041D05C44336BBA446410C4EB6A0403FB95
:105F3000194402A8F8F7B8FB294602A815F07CFD21
:105F4000264902A815F07AFD284608F0A4FF22464B
:105F5000014602A815F079FD414602A815F070FD32
:105F60001F4902A815F07BFD02A81E4915F073FD1C
:105F700002A8F8F7B3FB19B0BDE8F08F304608F07F
:105F8000B6FF0446284608F0ACFF231A03EBD37390
:105F90005910A1E7304608F0AAFF0446284608F049
:105FA000A0FF211A98E730465C441BF0BCF9BA44C4
:105FB000336B6410C4EB6A0403FB1944019B13B1F7
:105FC000B8F1000FB5D105492846F8F7CDFB2146B9
:105FD000284619B0BDE8F04F08F0B6BE9112030094
:105FE000A3130300F3B902002DE9F0430846ABB058
:105FF0000C4616F01AFC1D2805467CD1204616F0EA
:1060000010FC204616F00DFC05460AF090FD0646F1
:1060100014A8F3F751FE304614AA002108F003FB40
:1060200028461AF070FF002840F09180204608F0C2
:106030002EFD00F11804814694E80F006F460DF123
:10604000100887E80F0006F114022146404615F0BB
:1060500073FD002878D098E80F0084E80F003046E0
:1060600008A91BF029F96B690C93AB690D930CAE71
:10607000EB690E933246099B0F932146304615F08B
:106080005BFDB8B194E80F000DF1400888E80F00FF
:1060900096E80F0084E80F0028461AF0EAFD05F1A3
:1060A00014021B9014A948460BF076FD98E80F00E7
:1060B00084E80F006B690C930B9B0D93EB690E93B7
:1060C00032462B6A0F932146304615F035FD68B1F4
:1060D00096E80F0084E80F0028461AF0CAFD05F183
:1060E00014021B9014A948460BF056FD97E80F00C8
:1060F00084E80F0028E01948214608F0A1FC012897
:1061000022D1204616F08DFB1B2D064609D0312DDD
:106110001AD10AF00CFD00212BB0BDE8F043FFF7C7
:10612000C5BE204616F085FB054630460AF0FFFC4A
:106130001BF063FA0446304608F0D3FE2B68241A9D
:10614000A342ACBF2B602C602BB0BDE8F0839DF860
:106150009F3043F008038DF89F3067E7185F030016
:1061600038B591F83C300C466FF30103002581F8F7
:106170003C30C1E90B554D632046102107F039FD35
:1061800020464FF4007107F034FD21460548F0F732
:1061900097F908F012F82A4620460349BDE838402E
:1061A0001BF052BA185F0300FDD303002DE9F04F36
:1061B000BA4885B00E4608F043FC012811D130469C
:1061C00016F033FB0546304616F02BFB342D044603
:1061D0000AD1304616F02DFB054620461BF00DFA7D
:1061E000286005B0BDE8F08F202D47D8002DF8D0ED
:1061F000013D1F2DF5D801A353F825F0AB62010036
:10620000CD62010011630100E3610100E36101005F
:10621000E3610100E3610100E3610100E36101006A
:10622000E361010011630100E3610100E36101002A
:10623000E3610100E3610100E3610100A964010081
:10624000F36401006164010095640100E3610100F1
:10625000E3610100E3610100E3610100E36101002A
:10626000E36101001B650100E36101002965010094
:10627000E3610100E361010029650100312D0ED0C9
:10628000322DAED11BF00DF818B100222946F0F7DF
:1062900073F9204608F06EFE0021204600E0002140
:1062A00005B0BDE8F04FFFF701BEC36A012B98D9D6
:1062B00090F83C306FF3820380F83C301AF0F1FF25
:1062C000774905B0BDE8F04FF8F74EBAC36A012B25
:1062D00087D9F6F737FA02A914F0C1FE02A92046C1
:1062E0001BF03DF9039B002B3FF47BAF20461AF0D7
:1062F000D8FF054608F0EDFD03990144284608F053
:1063000023FD94F83C3043F0040384F83C3068E704
:10631000C36A012B7FF665AF1AF0C3FF064600285B
:106320003FF45FAFF6F70EFA804614F067FE0428DC
:106330000DD1236B6363204607F0C1FC054607F0CF
:106340008CF940B10021284607F067F903E00228E4
:1063500001D1236B6363404614F050FE012802AF65
:1063600037D194F83C5015F004053FD00021204669
:106370001AF090FF054620461AF096FF81462846FF
:1063800014F024FEA569236A8144D8E918015B1B37
:1063900087E8030003EBD3733946204605EB63051A
:1063A0001BF0DDF898F82510039B0022C1F1640171
:1063B0006420002B4FD1B3691A44E36AAD1A95FBF0
:1063C000F9F525EAE5759D42A8BF03F1FF352DB229
:1063D00029E0404614F012FE0328C2D0236B02933A
:1063E0003A4623212046F0F7C7F8FAE640463946F8
:1063F00014F00EFEB269039BDFF8A8B09B1A03935A
:106400007269029B39469B1A304601220293FEF7BD
:10641000C7FC804630461AF02CFCAA460646019579
:10642000A946D04507D1002DD8DB012229462046B8
:106430001BF091F9D2E7DBF8003001A9304698470C
:106440000A2803D1C8451CBF6B1C1DB2DDF804909F
:106450000AF1010AE5E71A444B4393FBF0F3A8E77E
:1064600007F02DFC0546F6F76DF914F0C7FD04287A
:106470000DD1284607F0F1F8226B08B16263B0E64F
:10648000636B9A423FF4ADAE2363012105E7236BB2
:106490006363A6E6D0E90C23F3E700BF3C5F03008B
:1064A0009112030054570300C36A012B7FF699AE83
:1064B000304608F0F4FAA0F11203012B08D8216B42
:1064C000E36A01319942BFF48CAE656B01220BE0A7
:1064D000142802D011287FF484AE216B00293FF4E8
:1064E00080AE656B0122013920461BF034F96563EB
:1064F00077E6C36A012B7FF674AE304608F0DBFA0C
:10650000D4E90B13013918448142A8BF014621EA9E
:10651000E17199423FF465AED7E71AF0C2FE05B0CB
:10652000BDE8F04F08F064BA304605B0BDE8F04F62
:106530001AF03FBF10B50C4604F12C00382116F0BC
:106540001FFB012384F83C3064220023C4E910328D
:106550000B4AA26494F84C20236663F3000284F88B
:106560004C204FF487718722C4E91412C4E9163312
:10657000A36320461021BDE8104007F03ABB00BFDE
:106580000B8002402DE9F04F0446FDB0084606910D
:1065900008F07DFAB4F848300390C3F30E03012BE2
:1065A00039D94BA8F3F788FB4BAA4FF400312046AA
:1065B00008F039F81BA80BF01AFB1BAA4FF40031A6
:1065C000204608F0F2F894F83C30102B01D0082B4C
:1065D00005D19DF8A9306FF345138DF8A9302BA88C
:1065E0000BF005FB2BAA4FF4A021204608F0DDF8A4
:1065F0003BA80BF0FCFA3BAA0021204608F0D5F896
:10660000B4F848304FF00008C3F30E030493464635
:10661000049B9E4202DB7DB0BDE8F08FA36CC3F308
:10662000CE33B6FBF3F203FB1263002B40F09380F2
:1066300008F101084FF00109636C049A0093236C80
:10664000013A0021304616F08BFC04F12C0ACDE90A
:106650004D600746504616F03EFB0546002842D0E6
:10666000EB68BB4200F3C2802B69BB42C0F2BE8024
:10667000B9F1000F00F0B580D5F804A0BAF1000F11
:1066800000F0898016AA5821504616F0D3FE012842
:1066900064D1169BADF85C311B0C16AA59215046EB
:1066A0008DF85E3116F0C6FE012863D19DF85800C2
:1066B0008DF8780116AA5B21504616F0BBFE012822
:1066C00061D116985B9016AA5A21504616F0B2FE78
:1066D00001287ED1169854906A684FF400331BA9A4
:1066E00020461BF0B5F90CAD0AAB314600954A4681
:1066F00020461BF006FC94F84B30590640F1AB8164
:10670000B9F1000F00F0AB81069808F0C0F90DF167
:10671000580A4FF0000B10228146CAF800B05946C3
:1067200017A81DF0D0FCA26B002A00F0B780A16D65
:106730001FFA88F38B4270DC03F18043013B52F86F
:106740002330002B69D052939DF87C316BF3861374
:106750008DF87C3163E04FF000096DE758224FF46B
:106760000031204609F019FD6190C0F30743ADF8F0
:106770005C0192E759224FF40031204609F00DFDEB
:106780006190C0B294E75B224FF40031204609F0DB
:1067900004FD619096E758224FF40031204609F03D
:1067A000FCFC5922C0F307436190ADF85C014FF443
:1067B000003120468DF85E3109F0EFFC5B226190DC
:1067C0008DF878014FF40031204609F0E6FC619025
:1067D0005B905A224FF40031204609F0DEFC6190B4
:1067E00079E7AA684FF4A0232BA979E74BAA2046A2
:1067F0004FF4003107F017FF1BAA20464FF4003179
:1068000007F0D3FF20462BAA4FF4A02107F0CDFFBD
:106810002946504616F066FA1FE7002352936A2273
:106820004FF40031204609F0B8FC6B2261904FF420
:1068300000318346204609F0B0FC6E22619082460A
:106840004FF40031204609F0A8FC94F83C306190E8
:10685000022B074600F0A580082B2ED02BD8012B49
:1068600040F29F80042B00F09C8008AD0AA92846C6
:1068700015F0BEFC95E8030022AB83E803000CA9E9
:10688000284615F0B5FC95E8030024AB83E8030027
:106890001BA903980BF0C5F90136B9E63B467A4AC5
:1068A00014215046F8F70CFE9DF87C31CDF848A134
:1068B00043F040034CE7102BD7D175224FF4003141
:1068C000204609F06AFC0E22079061904FF40031D7
:1068D000204609F062FC61A900F10F036190204697
:1068E000059308F024FB61A815F073FC054661A828
:1068F00015F074FC00EBD070431005EBD575B3EBCD
:10690000650F61A840F3848015F063FC619A00EB89
:10691000D07045102A440E92629A2A440F924FF486
:1069200000310322204609F038FC216DB4F84820DC
:10693000079B12904FF00A0C7143C2F30E02013A0A
:106940000CFB01F1B1FBF2F1626D0CFB03110CFBCE
:10695000021194F83C20082A0EAB5CD1281A5B9AED
:10696000059D1544401B0E9A5A44024410920F9AFA
:1069700052441192FA02C7F3120502D538030D44AE
:1069800057D40022CDE900324FF480731A4610A884
:1069900015F011FC12AB10AA4BA920461AF0BAFF51
:1069A0000DE02B685B4461936B685344629361AA6A
:1069B00012AB4BA920461AF0ADFFC7F31205002D0C
:1069C00012AA43DD102148460AF012FF12AA4BA971
:1069D00007460BF0E1F812A815F0FBFB834612A85E
:1069E00015F0FCFB0BEBDB7B824661A8F3F7D6F8D6
:1069F0000AEBDA7A4FEA6B03719312AA4FEA6A0341
:106A000061A9484668976C9572930AF08AFF2CE753
:106A100015F0E4FB7AE7102A01BF5B9ADDF814C099
:106A20009444624606BF2D18501900209BE7A5F537
:106A30006165B5F5616FFADC6FF46172A81840F218
:106A4000DA52904298BF05F5E1659AE74BA94846AE
:106A50000BF0A2F809E7B9F1000F7FF406AF08AF19
:106A60000AA9384615F0C4FB97E8030032AB83E867
:106A700003002946384615F0BBFB97E8030034AB0A
:106A800083E803002BA904E7C4D5030070B51F48B1
:106A90000D4607F0D5FF012826D1284615F0C5FE82
:106AA0000646284615F0BDFE1D2E044616D190F967
:106AB0004B30002B18DB1AF07DFE20461BF08CFBC0
:106AC00094F84C30DB07294620460ED51BF01AF807
:106AD00029462046BDE87040FFF754BD202E0CD15A
:106AE00090F94B30002BE6DB70BDFFF74BFD2946DC
:106AF0002046BDE870401BF005B81B2EF4D1284697
:106B00006421BDE8704007F0E2BF00BF605F030092
:106B10002DE9F04FC54887B00E4607F091FF0128D8
:106B200046D1304615F081FE0546304615F079FE17
:106B300004461BF0E9FC162D07463CD1304615F003
:106B400078FEA568804605B1AD6AD4F8843002931A
:106B5000D4F888300393D4F88C300493D4F8903070
:106B600005932A46294602A814F0CCFFD8F8001055
:106B7000002202A815F01CF8064688F80400B8B9EF
:106B8000022F15D1636F0293A36F0393E36F0493F6
:106B9000D4F8803005932A46294602A814F0B2FFA3
:106BA000D8F80010324602A815F002F888F8040060
:106BB00007B0BDE8F08F1D2D40D8102D1ED8013D27
:106BC0000A2DF5D80A2DF3D801A353F825F000BFFC
:106BD0006B6C0100896C0100976C0100B16B0100C6
:106BE000B16B0100B16B0100B16B0100B16B010031
:106BF000B16B0100B16B0100976C0100113D0C2DD0
:106C0000D6D801A353F825F0316E0100956E01002E
:106C10002D6D0100B16B0100B16B0100B16B010082
:106C2000B16B0100B16B0100B16B0100B16B0100F0
:106C3000596D0100B16B0100BB6E0100312DB7D160
:106C400020461BF0ECFB00287ED04FF4007120465C
:106C500007F019FA4FF48071204606F0CAFF20466B
:106C600007B0BDE8F04F07F0C3BE04F19405F5F797
:106C700069FD294614F0CCF903222946204607B0C5
:106C8000BDE8F04F08F0FFB90121204607B0BDE88C
:106C9000F04F1BF043BC002120461BF03FFC94F852
:106CA000A03000266FF3000384F8A0302046C4F81B
:106CB0009C6008F0F1FA204607F001F8054606F05E
:106CC000CCFC0746F5F73EFD14F098F904281BD1DB
:106CD000002F3FF46DAF20461BF016FC02280CD1AC
:106CE00094F8A030980704D443F0020384F8A0304D
:106CF0005EE766F3410384F8A0303146284607B0CA
:106D0000BDE8F04F06F089BC01287FF451AF204662
:106D10001BF085FB38B14FF40071204607B0BDE889
:106D2000F04F07F0B0B94FF48071F6E7F5F70AFDC0
:106D300014F064F9042802D002287FF439AF94F8E3
:106D4000A0306FF34103D1E74FF48071204607F084
:106D50009AF94FF400717FE712224FF44031204638
:106D600009F01BFA132202904FF44031824620466C
:106D700009F013FA102202904FF4403107462046E2
:106D800009F00BFA112202904FF44031814620465F
:106D900009F003FA682202904FF440318046204601
:106DA00009F0FBF9692205464FF440310290204674
:106DB00009F0F3F9CDE90100204608F092F84FEA16
:106DC000450B00EB4505204608F08EF8019A00EBD4
:106DD000420085424FEA42031FDA204608F081F85C
:106DE00083444FEA6B035745B8BF57464F45B8BF7A
:106DF0004F464745ACBFDB1943444FF44031204672
:106E00009D1C07F089FD0544304615F012FD03680E
:106E1000AB42ACBF03600560CAE62046019308F0B0
:106E200063F8019B03445B10DDE700BF845F030050
:106E3000304607F034FE20F00203112B13D194F8F2
:106E4000A0309907204633D417F05CFE0122811848
:106E5000204617F0EFFD00222321204607B0BDE8B1
:106E6000F04FEFF789BB142802D012287FF4A0AEB0
:106E700094F8A0309A07204604D417F043FE01226C
:106E8000411EE5E717F044FE0122411E204617F09F
:106E90001AFEE0E7304607F00EFE94F8A0309B079C
:106EA0000546204604D417F02DFE01222918CFE70D
:106EB00017F02EFE01228118E8E7304607B0BDE842
:106EC000F04F1BF095BC00BF08B540F20470F8F716
:106ED00019FB024BC3F8C00108BD00BF2897002072
:106EE0002DE9F04304468BB000260E22314606A859
:106EF00005961DF0E8F8E26F636FB24241DAB342E3
:106F0000B4BF2D222B228DF814200DF11505002B76
:106F100001AF2F4AB8BF5B420E213846F8F7D0FACE
:106F2000384617F054F994F8849009F00F09B9EB3A
:106F30000002C84628D194F884200F2A01D94FEACC
:106F4000121838460023984502DD10F8011B51BB8A
:106F50000F2A2CD805A9204601F01CFA94F88410B9
:106F6000D4F8803001F00F010A22092B2BDC4145B7
:106F700088BF0131891B204600F0C4FF0BB0BDE87B
:106F8000F083012605ADC2E73B18002806DA22EAA5
:106F9000E272302138461DF096F8CCE71978995402
:106FA0000138013BF1E705F8011B0133CBE72E2245
:106FB00005F8012B9945CDDDFA5C002ACAD005F809
:106FC000012B0133F6E7013993FBF2F3CDE700BF64
:106FD000C4D5030038B5114B0022C1E91D23104B65
:106FE0000125C1E91F35B1F8843023F4FF6323F094
:106FF000070343F480630C4643F00503A1F8843093
:10700000204629461CF09CF8204629461CF091F8A1
:107010002046BDE83840FFF763BF00BF9F860100F0
:107020006179FEFF70B556480D4607F009FD01284D
:1070300040F0A580284615F0F8FB0646284615F0D6
:10704000F0FB0B2E044676D1F5F77CFB13F0D6FF50
:10705000042834D1204606F032FE06F0FEFA70B362
:1070600094F8842002F00F02012A40F2888094F8FC
:107070008530D4F8805003F00603042B12D1012D83
:1070800004DD2046BDE870401BF057BC023A0A20E0
:10709000002115F04DFFC4F880002046BDE8704087
:1070A0001BF057BC013A0A20002115F041FFEB17F5
:1070B00085428B41F1DB0A23C4F88030E1E72046AA
:1070C0001CF074F8054617F082F8E36CEA5C2E2A8F
:1070D00020D120461CF0F5F8E26C94F88430B2EB35
:1070E000131F03D90F2B88BF02F1FF3203F00F03E8
:1070F000013B9B1AE26F002AB8BF01330122002135
:107100000A20994214D1C4F880202046BDE870407E
:10711000FFF7E6BE984204D1411E204600F0F2FE81
:10712000DAE7002BD8D1E36F002BD5DA0121F4E7A1
:1071300042430131E5E7112E21D1F5F703FB13F0AE
:107140005DFF0646284615F074FB016813292046AA
:1071500005D1042E96D1BDE870401BF00CBC14295B
:1071600005D1042E9AD1BDE870401BF024BC112932
:10717000F1D01229F7D0BDE8704001F093B870BD8E
:10718000A85F030070B50E4698B00021154604466E
:10719000F7F7EAFA02A8F7F787FA214602A814F0EF
:1071A0004BFC02A81E4914F049FC02A84FF0FF3125
:1071B00014F05DFC314602A814F042FC05F5B472EF
:1071C000294602A814F041FC02A8F7F787FA02A8A2
:1071D000144914F040FC4FF48063009302A800238C
:1071E00040F251224FF4D77114F04EFC4FF4B472B8
:1071F00002A8002114F029FC0B4902A814F01EFC7F
:1072000002A8F7F76BFA4FF4B4722046002117F08A
:10721000BCFB4FF48771204617F0C3FB18B070BD5C
:10722000F92903001BBA0200F52903002DE9F041FA
:10723000534896B00E4607F003FC012849D130466A
:1072400015F0F3FA0446304615F0EBFA1B2C054610
:1072500048D112224FF4403108F09FFF132280469C
:1072600000904FF44031284608F097FF1022044662
:1072700000904FF44031284608F08FFF1122074656
:1072800000904FF44031284608F087FF4445B8BFCE
:107290004446BC42B8BF3C468442B8BF04464FF4A3
:1072A00040310090284607F037FB02340444304652
:1072B00015F0BFFA03689C42B8BF1C46046006463E
:1072C0004FF40031284607F027FB844204DD306884
:1072D000306016B0BDE8F0814FF40031284607F069
:1072E0001BFBF5E7232C42D16422002108F055FF57
:1072F0000746009098B3284606F0DFFCEC6A631C52
:1073000000F0010631D1002E08BF4FF480744FEA1F
:10731000062618BF002400212846F7F725FA6846FC
:10732000F7F7C2F92946684614F086FB1549684606
:1073300014F084FB32462146684614F086FB12495D
:10734000684614F08CFBA11B0029B8BF4942794361
:107350006846090A14F074FB6846F7F7BFF9284637
:1073600016B0BDE8F04107F097BF3602D3E71D2CF9
:10737000AFD1304616B0BDE8F0411BF074BB00BF82
:10738000F05F0300252A0300192A03002DE9F04FBE
:10739000ADF5117D054615F044FA0446284607F080
:1073A00076FB14AF00F118060546324604F11401CD
:1073B000384614F0C1FB002877D096E80F000DF195
:1073C000600C8CE80F0097E80F0086E80F00302271
:1073D0000021204608F0E1FE00210590749020462F
:1073E0001BF021FC112209900021204608F0D5FE57
:1073F00000210E90749020461BF007FC00210A909B
:1074000020461BF009FC238DA26A0C93A54B0B9020
:10741000134043F40023A36258A8F2F7EFFF58AAE1
:107420004FF4A021204606F039FF2CA8F2F744FCC7
:107430004FF4A0212CAA204607F0F5F80C9B2385D9
:1074400094F82A30099A6FF3C30384F82A30A369A9
:10745000204613445E1E08F02BF9059B361A1E4485
:107460001F96204600261C961E9608F01CF927221F
:107470000D903146204608F090FEC3B274900893F8
:10748000B146236B4B450BD9A36B53F829201F9BA7
:107490000133991801391F91F9681D938B4208DD5A
:1074A00018AB0FCB183585E80F000DF5117DBDE841
:1074B000F08F089B012B0FD10B99E3695B1A0D9993
:1074C000013B5B1A05995B1A1C9302EBD2725310B5
:1074D0000F934FF000084BE00A9963690B440D9934
:1074E000013B5B1A05990B441E93EEE7B30006932C
:1074F000636B03EB860253F8263083B193F800B038
:10750000089BE16B012B0CD11C9B013B1E9351F896
:1075100028001B1A01331C9308F1010A1EE09B4648
:10752000EEE71E9B01331C9351F828000344013BF6
:107530001E93F1E752F8043B93B11B78D8070FD59F
:10754000089851F82A3001280BBF1C981E98C01AC1
:107550001B180CBF1C901E930AF1010AD445E9D1F7
:10756000AAEB08031F9A1E447B689A4207DAD046AA
:10757000D4F82CC0C445B9D809F1010981E79DF8B8
:10758000A9311E98DDF870E0DDF874C0CDF880E018
:1075900003F01F015B07CDE92202CDF884C00791FB
:1075A0000AD563690A990B447345BFBF699B03EB16
:1075B000D373AEEB63032093079B99070AD5A369A6
:1075C00009990B446345BFBF699B03EBD373ACEBD5
:1075D00063032193079B1B070ED5E3690B995B1A85
:1075E000013B834208DD699B03EBD37C03F001037D
:1075F00003EB6C0303442293079BD9070ED5236A40
:107600000E995B1A013B9A4208DA699B03EBD3712E
:1076100003F0010303EB610313442393636C4B45B5
:1076200045D1236C434542D1228D02F06003A3F182
:1076300020014B424B4102F0040002F00801920786
:107640004FEA431325D543F0020318BB31BB238512
:1076500094F82A3043F0080384F82A3074A8F2F72B
:10766000CDFE42A8F2F728FB74AA4FF4A0212046D1
:1076700006F014FE42AA4FF4A021204606F0D3FFE4
:107680000C9B238594F82A306FF3C30384F82A30C7
:1076900017E010B143F00403D8E729B143F0080321
:1076A000D5E700BF0000F7FF002B40F08C80702270
:1076B00058A974A816F04DFC58222CA942A816F01F
:1076C00048FC20AA74A92846CDE97698CDE94498CB
:1076D0000AF045FB636B069A9B58002B3FF447AFBB
:1076E0004FF4A02120461BF090FA4FF4A0211090F7
:1076F00020461BF091FA4FF4A021079020461BF082
:1077000092FA4FF4A02180461122204608F045FD50
:10771000109B1C9A28901A4424921E9B079A9B1A2D
:1077200026931D9B069A434425931F9B1B1A279360
:10773000636B9B58359A119203F10808529B109382
:1077400024A8519B07930BF0020B14F042FDBBF1F0
:10775000000118BF0121079B0093CDE90101DDE97C
:107760001032414612A816F0CBF9BBF1000F0BD135
:107770000F9B1D9A1A44139B03EBD3735B105B4260
:10778000D118D21A259127920DF1A00B1CAA3946C7
:10779000584614F0D1F900283FF4E9AE9BE80F00F9
:1077A00005F1180888E80F00069A636B9B5842A9F8
:1077B000083324AA284649930AF0EEF914AB0FCBFC
:1077C00088E80F00D3E6202341E700BFF0B59648D4
:1077D00085B00E4607F034F9012819D1304615F06E
:1077E00024F80546304615F01CF8322D044604D125
:1077F00005B0BDE8F0401BF072BB132D00F0848093
:107800001ED80B2D00F09D8004D8013D012D3AD9E2
:1078100005B0F0BD112DFBD1304615F00AF8076810
:10782000D4E910014FF6FF73984202D0994240F01C
:10783000AF800023C4E9103320461BF018FB62E040
:107840001D2D00F0EB80342DE2D1304614F0F1FF15
:107850000022E16A13468B4209D10023256B1946A9
:10786000A9420AD1013A013B02604360D0E7E56BCF
:1078700055F8235001332A44EDE7A66B56F82160F2
:1078800001313344ECE7F4F75DFF13F0B7FB00F090
:10789000FD000128BCD1F4F755FF02A913F0B8FB95
:1078A0002046029D07F0FFFE2722054400212046C6
:1078B00008F073FC0190C0B201282AD100212046B3
:1078C000E6691BF0A9F9361A751B0026E26A3346F1
:1078D000B24226D12046039D07F0EAFEA369054483
:1078E00000212046ED1A1BF09EF90023216B2D1A72
:1078F0001A4699421DD1226CB24202D1626C9A4260
:1079000086D0C4E91063204605B0BDE8F04007F01A
:10791000C3BC636900212046ED1A1BF076F92D1ACD
:10792000D3E7E16B51F826100B44AB42D2DC0136B1
:10793000CEE7A06B50F8230002449542DBDB013315
:10794000D7E707F0A9FCF4F7FDFE13F07EFB216CEE
:107950004FF6FF73994202460DD1F4F7F3FE13F090
:107960004DFB00F0FD0001287FF452AF4FF6FF738E
:10797000C4E910334CE7616C9942EED00028ECD199
:1079800023212046EEF7F8FD01287FF441AFE4E71C
:10799000E66A256BB042B4BF02460022A942B4BFDA
:1079A0000B460023142F24D1013A96422EDC6A1E86
:1079B0009A42C6BF0133002206F1FF329D42D4BF76
:1079C00005F1FF3323EAE373904202D199423FF479
:1079D0001FAFC4E91023204607F05EFC20461BF0D1
:1079E00046FA00222321204605B0BDE8F040EEF71C
:1079F000C3BD132F01D10132D7E7112F01D1013BB4
:107A0000D3E7122F7FF404AF0133CEE7002AD5DA93
:107A100013B1721E013BD1E71A46CFE7304605B0DD
:107A2000BDE8F040FFF7B2BC146003004B1E2DE927
:107A3000F04104460F46072B4ED8DFE803F02A4BEF
:107A40004D044D4D4D280121204613F0C3FB204627
:107A50001BF0B4FA054620461BF0ADFA364906463F
:107A600007F094F90121304613F0D8FB0021284695
:107A700013F0B0FB0021304613F0ACFB032130467D
:107A800007F0D8FD0021304607F0E1FD2AE009218A
:107A9000DAE70021204613F09DFB20461BF08EFA0A
:107AA000054620461BF087FA2349064607F085F96C
:107AB0000121304613F0B2FB0121284613F08AFB66
:107AC0000121304613F086FB0021304607F0B2FD5D
:107AD0000321D8E70821DDE71BF070FA05462046B0
:107AE0001BF069FA94F8303013F00C0F14BF012228
:107AF000002217F00C0814BF012300239A4212D071
:107B00002046F0F729FAF1F719FA06466420B8F191
:107B1000000F0CD0F6F764FE06EBD6760146721025
:107B2000284607F061F984F83070BDE8F081F6F777
:107B300057FE31460246F3E764000020164A70B54E
:107B40000C46002681F830602046114607F04CF9BB
:107B50002046EEF7A7FC2046EEF7A4FC314605468A
:107B600013F038FB334632460C49284606F07EFFB8
:107B70003146284607F039FD20460421FFF756FF1D
:107B80002846802106F07FFA28464FF48061BDE840
:107B9000704006F02EB800BF64000020C32F030021
:107BA00008B51BF00BFABDE80840014908F0F9BF21
:107BB000A85703002DE9F3470D46064691461BF0F2
:107BC000FAF9044630461BF0F9F980463046FFF7D3
:107BD000E7FFA84298BF00F1FF353046EFF76EF996
:107BE00064B396F8301011F00C012AD01522002150
:107BF000204608F0D2FA82460190204607F077F935
:107C0000002127220746304608F0C7FAC3B2012BED
:107C1000574408BF6942019019BF4A4605FB07F166
:107C20004A4679432046EFF721FD144A134F0021BD
:107C3000404608F08EFF002498B9F56202B0BDE816
:107C4000F0871422204608F0A8FA07460190204643
:107C500007F05DF9C1194A4669432046EFF71AFD5E
:107C6000E3E72B1B5A425A410121013406F014F874
:107C70003A462146404608F06CFFDDE7A85703006E
:107C800038B50B480C4606F0DBFE01280ED1204625
:107C900014F0CBFD0546204614F0C3FD312D05D16F
:107CA000BDE83840C16A0022FFF784BF38BD00BF7D
:107CB0003860030030B5642297B04FF4C021054608
:107CC00008F06BFA0446009058B918492846F6F7B0
:107CD0004BFD95F8643043F0010385F8643017B02C
:107CE00030BD6846F6F7E0FC2946684613F0A4FE6E
:107CF00068460E4913F0A2FE2146684613F0A0FE26
:107D00002146684613F0AFFE00226846012113F0B9
:107D10009CFE6846064913F09EFE68464FF0FF3110
:107D200013F0A5FE6846F6F7D9FCD8E7A7300300A4
:107D30000DBA02002DE9F04F89B004461BF0D5F9C9
:107D40005C2200218046204608F027FA049007466E
:107D5000E06AD4F84CB018F08CFF674B59461B68AA
:107D600081469847654B1B68009309EB000301931C
:107D7000002106461846009B98478246404613F06D
:107D800025F9BAF10D0F019000F2B18042F20142E3
:107D900022FA0AF212F0010F0CBF514620210022F4
:107DA000404613F0E0F8594602AA0546E06AFCF79F
:107DB0003FFFD4F82CB0584618F05BFF0021024674
:107DC000584608F03EFBE36A029A59690A44D969A9
:107DD0002A448A422ADD94F870B01BF0080B25D1A2
:107DE000032823D0019B039ACDF808B01F443A44DE
:107DF0000392BAF1000F7CD0414B09EB06001B68DF
:107E0000984706445946009B09EB060098470D2801
:107E1000014606D842F20143C34013F0010F18BFD8
:107E200020210022404613F09EF8054626663022A7
:107E30004FF4C021204608F0B0F910228246049089
:107E40004FF4C021204608F0A8F91122049000EB5D
:107E50000A064FF4C021204608F09FF91222049030
:107E600000EB0A084FF4C021204608F096F91322CF
:107E7000049000EB0A074FF4C021204608F08DF96A
:107E8000039B029A04909E1B9844019B9844E36ACA
:107E900050445969D71B1044226D0A4404929A69D0
:107EA000636D0544D318A06D0593E36D08441A442F
:107EB00008F1FF38069004A92046013D079207F01B
:107EC000C0F9C4E91476C4E91658E36A5A6917443C
:107ED00004979B6915441E4404A943442046059613
:107EE0000695079307F0ADF909B0BDE8F08F51464C
:107EF00055E7202195E700BF4C5703005457030076
:107F00005C570300F7B5C36C8B4204460E4665D040
:107F1000C06A18F0AEFE324B1B689847002EB8BFFF
:107F20003618B042054604DB47F6FF739E4218BF81
:107F30003546E5642046EEF7C1FF20461BF0D5F834
:107F4000294606466A46E06AFCF772FE304613F0A0
:107F50003DF805462046019E07F0AFFB864204DA55
:107F6000019901222046EFF795FB204606F0CFFF4E
:107F7000019B07462046EE1807F09FFB331ABB42D1
:107F800006DD0199C91B012229442046EFF782FB37
:107F90002046009EEFF70CFA864204DA009901228F
:107FA0002046EFF763FB204606F0A1FF009B074643
:107FB0002046EE18EFF7FCF9331ABB4206DD0099B4
:107FC000C91B012229442046EFF750FB009BA36404
:107FD0002046FFF76FFE2046FFF7ACFE03B0F0BD72
:107FE0004457030070B540F2DC534B640123CB646B
:107FF00091F8643023F0030343F0030381F8643005
:1080000091F87030002523F00E0381F87030C1E93B
:108010000D55C1E90F55C1E90B558D6408460C4655
:10802000FCF7FAFD0646E0626420F6F7D9FB01464C
:10803000304606F0ABFEE06A0D4918F01CFE2B46F8
:108040002A460C49E06A06F011FD20464FF4806193
:1080500006F019F820464FF4006105F0CAFD2046ED
:108060002946FFF74FFF2046BDE87040FFF722BECC
:1080700040940300FB30030010B5846B86B064B9F4
:108080001BF033F8234642F22202694612F021FF28
:10809000034C044B002808BF1C46204606B010BD08
:1080A00070D40300A06503002DE9F84F90F87030FC
:1080B0005B07044635D5C06A18F0DBFD1A4B1B6818
:1080C0009847064668B32046FFF7D6FF814616F06C
:1080D0007EF800FB06FA07460AF10100F7F712FAEC
:1080E0004FF000080546834658463A46494608F18F
:1080F000010815F02EFF4645BB44F5D1002305F8D5
:108100000A302946E06A18F0B6FD2846F7F714FA57
:1081100020460649F6F728FB2046BDE8F84FFFF752
:1081200009BEBDE8F88F00BF445703007B30030051
:1081300010B5436C96B0044623B916B0BDE81040A4
:10814000FFF7B2BF6846F6F7AFFA2146684613F06C
:1081500073FC68460C4913F071FC616C684613F0BF
:108160006FFC01226846002113F06FFC6846074946
:1081700013F071FC0649684613F071FC6846F6F787
:10818000ADFA16B010BD00BF7B3003000DBA02007F
:10819000C3310300F7B590F870305A0704460D4616
:1081A00001D5FFF781FFE36B0BB9236C9BB1002373
:1081B0002A4E2B4F0193019BEB5C0BB903B0F0BD32
:1081C00001A93368284698473B68984701462046EE
:1081D00000F068F8EFE72946204600F045F801284E
:1081E000ECD1D4E90B0333B118F043FD037813B994
:1081F000204607F051F8E16CE06A2A46FDF7CCFA18
:1082000020461AF0E6FF94F870305B0715D5606BD6
:1082100015F0DDFF0646284615F0D9FF311801316B
:10822000606BF7F793F960630028C7D0E16C2A46CA
:1082300015F0CFFB2046FFF77BFF0A4BE66C1B686F
:108240002846984781192046FFF75CFE002223212B
:10825000204603B0BDE8F040EEF78EB95457030056
:10826000585703004457030070B50D4E00230A46CB
:108270000C46242105463360EEF77EF9306808B9D4
:10828000012070BD037843B1214615F0BFFF0028DF
:10829000F6D031682846FFF77DFF0020F1E700BFE8
:1082A000F09800207FB590F870300446180703D589
:1082B0000A2926D00D2924D002910091002502A977
:1082C00020460395FFF7D0FF01281AD12F4B2946EE
:1082D0001E686846B047236C054643B120461AF035
:1082E00065FF2B4B1B689847236C984209D2E36BC0
:1082F0006BB11B785BB100230193E06B019BC35C06
:108300000BB904B070BD01A9B0478542F5D194F80E
:1083100070305A0702D52046FFF7C6FED4E90B039A
:1083200033B118F0A6FC037813B9204606F0B4FF69
:10833000E16CE06A02AAFDF72FFA20461AF049FF25
:1083400094F870305B0715D5606B15F040FF05465B
:1083500002A815F03CFF29180131606BF7F7F6F819
:1083600060630028CDD0E16C02AA15F032FB2046F4
:10837000FFF7DEFEE16C20460131FFF7C3FD00226E
:1083800023212046EEF7F8F8BBE700BF545703005F
:1083900044570300F7B504460D461AF01AFFE36B85
:1083A00013B9236C002B44D02849E06A284E294F8A
:1083B00018F061FC47F6FF712046FFF7A3FD94F823
:1083C000703013F0040F18BF626B4FF0000318BF3A
:1083D00013700193019BEB5C03BB236B3BB1E06A21
:1083E00018F047FC037813B9204606F055FF94F8BF
:1083F00070305B070AD5606BF7F79EF8284615F0DA
:1084000010FF6063F8B12046FFF74EFE00222321E3
:10841000204603B0BDE8F040EEF7AEB801A93368DE
:10842000284698473B68984701462046FFF73AFFA1
:10843000D0E7E06A294618F01EFC47F6FF71204697
:10844000FFF760FDC9E703B0F0BD00BF4094030033
:1084500054570300585703002DE9F047AF48BAB00E
:108460000D4606F0EDFA012840F0AF80284614F0E2
:10847000DCF90646284614F0D4F9132E044604D13C
:108480003AB0BDE8F047FFF715BC1D2E00F0BC81E7
:1084900000F29E80112E00F0218100F29680032EC2
:1084A00000F29080002E00F09080F4F74BF9064621
:1084B000002800F08A80284614F0B3F990F8643060
:1084C0009F07044640F18180304612F097FD022854
:1084D0007BD0304612F092FD042876D0E06A1EA9C7
:1084E00006F0BDFC02A9304612F092FD04A9304608
:1084F00012F0B5FD029A002A67DB039B002B64DBB8
:108500001E99521A08921F9A28469B1A099314F032
:108510008CF90646E06A06F0E4FC089BE56A002B4D
:10852000C0F23C81984240F33C81012208A92846D0
:10853000FCF736FC08A90746E06A18F013FC80F047
:108540000103DBB294F87020900702F0010140F1C2
:108550004081002940F02981002B40F03D81012E0F
:1085600033D14FF6FF7342F00102A766E36684F849
:1085700070204FF44071204605F03BFB3946204601
:10858000FFF7C0FC94F87030D9071ED5D4E91A3231
:108590009342696C40F224818A4202D1A96C8B42D9
:1085A00005D06A64A36EAB64204606F075FE26F023
:1085B0000806032E09D194F870306FF3000384F895
:1085C000703002E00B2E3FF470AF3AB0BDE8F08798
:1085D000202EFAD1284614F024F90446284606F045
:1085E00056FA0646E06A18F044FB94F86430DB075C
:1085F0008046EAD51EA8F1F701FF1EAA4FF4C0215C
:10860000204605F04BFEE06A236D4269E56D134498
:10861000D4E91517049383693A44194405912B440E
:1086200006921EA904AA3046079309F098FB30224F
:108630004FF4C021204607F0B0FD122207460890F3
:108640004FF4C021204607F0A8FD102200EB0709D7
:108650004FF4C0210890204607F09FFD4FF0000A1C
:10866000CDE902AA0890236E08EB03052C4B0744C2
:108670001B68284698470DF10808024629464046DF
:1086800015F067FC049B4B440493059B3B44059306
:1086900058225146E06A07F080FDC0F30743089076
:1086A000ADF8040008A88DF80630F1F705FB08AA1C
:1086B0004FF4C021204605F0B6FF9DF89830022BFC
:1086C00040F20D819DF87030CDF83C8043F04003BE
:1086D0008DF8703004AA08A93046FDE0284614F051
:1086E000A8F80168132905D120463AB0BDE8F04743
:1086F0001AF0E3BD142915D8012915D98B1E122BA8
:1087000012D8DFE803F0353C1111111129113F1186
:1087100011111111111D2311170000BF5C6003001E
:108720005C5703007F291DD020463AB0BDE8F047D2
:10873000FFF7B8BD20463AB0BDE8F0471AF0C1BD1A
:1087400020463AB0BDE8F0471AF0EDBD20463AB0F9
:10875000BDE8F0471AF0BBBD20463AB0BDE8F0478F
:108760001AF053BD20463AB0BDE8F0471AF096BD66
:10877000002120463AB0BDE8F047FFF7C3BB47F6FB
:10878000FF71F6E794F870301B07CDD50022262143
:1087900020463AB0BDE8F047EDF7EEBE01230027D2
:1087A000D0E6012347F6FF77CCE6022E0FD0032E4A
:1087B00002D00B2E7FF4E2AE20464FF4407105F05C
:1087C00062FC94F87030D8077FF5FFAED6E6E76616
:1087D000D4E600297FF4D2AE012E7FF4F6AECDE6CA
:1087E00008D28B4203D1A96C8A423FF4E0AE6B649D
:1087F000E36ED8E64FF6FF73994203D1AA6C9A4212
:108800003FF4D5AE6B64CEE6284614F00AF8044671
:10881000284606F03CF90746E06A18F02AFA037881
:10882000002B7FF4D2AE236B002B3FF4CEAE1B782F
:10883000002B3FF4CAAE1EA8F1F73EFA1EAA4FF471
:108840000021204605F0EFFE94F870301A0748BF6B
:108850009DF8C7304FF0120248BF43F001034FF0BC
:108860000001204648BF8DF8C73007F096FC132260
:10887000054608900021204607F08FFC1022814613
:1088800008900021204607F088FC11220646089037
:108890000021204607F081FC30228046089000210C
:1088A000204607F07AFC08900346D4E90602216AC4
:1088B000D4F814C01D4499441E444344C91AA2EB81
:1088C0000902064465440A920B9108950996236BA8
:1088D000259308AA1EA9384609F05EF975E60199A4
:1088E000149813F058FD00283FF4ECAE6DE600BF7D
:1088F0000D4A10B50C462046114606F075FA0023C5
:108900001A460A49204606F0B1F82046802105F0B3
:10891000BAFB2046032106F08DFE20460321BDE868
:10892000104006F094BE00BF6400002075330300C1
:1089300010B5054A0C462046114606F055FA204669
:10894000BDE81040EEF7BABA6400002070B50846E2
:108950000C4608F0ECF8064606F0C3FA0546304629
:1089600006F0C2FA29460246204606F03DFA0121E9
:10897000204612F02FFC2046EDF794FD05462046D8
:10898000EFF7EAFAF0F7DAFA0F4E00EBD070421088
:108990003146284606F028FA2846002112F01AFC33
:1089A00002231A460021284612F020FC2046EDF74B
:1089B00079FD0121044612F031FC31462046BDE824
:1089C000704006F0E3B900BF6400002037B51B4DCE
:1089D00028461BF089F840B3194CF5F711FC1948EB
:1089E000F9F738F9AB682146284641F8045BDB69A2
:1089F000154D9847E188A088F0F78AF92860B8B14A
:108A00002146F0F73BFB286800F022F8024690B9B7
:108A100000900E4928684BF6803308F01EFC1AF0CF
:108A2000C6FD00EAE07003B030BD6FF01200FAE757
:108A30006FF00B00F7E76FF08500F4E79C4203004E
:108A400074540120253403008C540120F498002034
:108A500010B50446F0F71CFB037C082B09D863B162
:108A6000013B072B09D8DFE803F02531083108085E
:108A70000815102B24D0202B22D000212046F0F7FF
:108A80007BFA204623463522002108F043FC6FF094
:108A900085000EE010212046F0F7B2FA1149204679
:108AA000F0F76AFA234635220021184608F032FC16
:108AB000002010BD0F212046F0F7A2FA0A49EEE788
:108AC00012212046F0F79CFA0849E8E707212046E2
:108AD000F0F796FA06492046F0F74EFA0549234684
:108AE0003522E2E76D3503000B350300C93403007E
:108AF000F98A01007B3403002DE9F04F8C680B6884
:108B00000134E41ACB6890464A6891B001339B1A4D
:108B10000E461FFA83FB0690F0F7BAFAC36807689F
:108B200003F0040305460698039308F0E9FB5C4B49
:108B3000297CD3F800905B4B02901B6805930439A5
:108B400018BF4FF0FF31C9B21A4648461BF0BBFAB6
:108B50004FF0000CA4B208F10808E64661468B45C8
:108B600055D94FEADE030793CB0804FB039309931F
:108B700001F007030A93CB430CF1FF3003F0070326
:108B8000002208900B932FE00EEB02030898DB08FD
:108B9000801A18F8033000F007000341DB0722D5E4
:108BA000EB68D80703F0020A25D5099BBAF1000F3C
:108BB00003EB0200DDE90A3A18BF534690F800A023
:108BC000CDF810A04FF0010A0AFA03F35FFA83FA16
:108BD0002B7C042B049B0BBF43EA0A0323EA0A0AFB
:108BE000037080F800A001329442CDD80131A64430
:108BF000ACEB040CB3E7079B03EBD2004844D3B2C1
:108C0000BAF1000F00D0DB4303F00703D6E7059A63
:108C1000494640461BF02FFA039B53B12B7D43B9C5
:108C2000029B33B9BB681B680BB1384698470123D8
:108C30002B750BFB04F3DB080D93029BADF83C4056
:108C400083F001038DF83E30BB68CDF80080ADF8AD
:108C50003840B2889C683188ADF83AB00DAB3846E0
:108C6000A047EB681B0708D5BB68CDF800809C685F
:108C7000B28831880DAB3846A047039B53B1029BA5
:108C800043B12B7D33B1BB685B680BB13846984765
:108C900000232B75069808F030FB11B0BDE8F08F6B
:108CA000945401209054012010B50146EFF3118433
:108CB000202383F31288BFF36F8F044803F0DEF99B
:108CC00084F31188BFF36F8F10BD00BF985401204B
:108CD00010B50B46EFF31184202282F31288BFF304
:108CE0006F8F00220146044803F073FA84F3118861
:108CF000BFF36F8F10BD00BF9854012010B501461F
:108D0000EFF31184202383F31288BFF36F8F04489D
:108D100003F0A2F984F31188BFF36F8F10BD00BF79
:108D200098540120024903484FF4004203F0F3BA7B
:108D3000200E00209854012008B5124BA8220021D3
:108D400018461BF0C0F9032202610F4942610F4A25
:108D50008161C2614FF480620262002282624262DB
:108D6000C26201660A4941661021816609490267AB
:108D70000346C266426711F8010D98540132102A69
:108D8000F9D108BD100400208FD40300100000208A
:108D900000000020A8D403002DE9F84FDFF87C8004
:108DA000182606FB008E00FB06664644DEF82440CB
:108DB000DEF828C07368A44507468946154603EBCC
:108DC000040022D8DEF820B0ABEB040A0AF1FF332E
:108DD0009A4203D81BF04FF92C440FE063449A42A7
:108DE00019D852462C441BF046F9B4EB0B0405D0BD
:108DF0007068224609EB0A011BF03DF9182303FBBA
:108E0000078301205C62BDE8F88F0CF1FF3CACEBFE
:108E1000040C9445DED20020F5E700BF10040020CA
:108E2000034B182202FB00339A6A586A801A704773
:108E30001004002010B4084A08490023C85C12F846
:108E4000014D844204D10133102BF7D110BC70477F
:108E500010BCFFF771BF00BFA8D4030010040020AE
:108E600008B5034A034801211AF0EFFB002008BDB2
:108E7000A9D40300C444030008B5034A03480121F0
:108E80001AF0E3FB002008BDC9D40300C44403006A
:108E9000F0B504460E46456885B0002130461746B9
:108EA0001BF011F9606840F2676200231AF01AFCA7
:108EB00028B960681AF000FC4FF0FF351CE06068CC
:108EC000012130301AF0E4FBCDE900672946012684
:108ED000CDF808D0039651F8040B836800221D6872
:108EE00002ABA847054650B1124A03463146124824
:108EF00003F0B7FE6FF00105284605B0F0BD6068CD
:108F000040F2676200231AF0A5FB0028D1D0606808
:108F10001AF0D2FB05201AF0D5FB606840F26762B8
:108F200000231AF0DFFB0028C3D060681AF0C4FBEE
:108F3000E2E700BFE4D40300C444030037B50422D1
:108F40000D460DEB0201FFF7A3FF044638B1054AB9
:108F5000054801211AF079FB204603B030BD019B82
:108F60002B60F9E7F8D40300C4440300F8B50646C3
:108F70004568076938461AF066FE28681AF0B4FD9D
:108F800040B93B4A3B4801211AF05FFB6FF01204E5
:108F90002046F8BDE86818B11AF0C2FB0028F0D0EE
:108FA000286B05F130041AF0BBFB08B9324AE9E737
:108FB00020464FF420211AF00EFB044630B12F4A10
:108FC00003462C48012103F04CFEE1E7286A05F135
:108FD00020041AF0A5FB08B9294AD3E720464FF42C
:108FE00020211AF0F8FA044610B1264A0346E8E7B1
:108FF000A86905F118041AF093FB08B9224AC1E7E1
:1090000020464FF480311AF0E6FA044610B11F4AA8
:109010000346D6E7A86A05F128041AF081FB08B9CF
:109020001B4AAFE720464FF480311AF0D4FA0446C9
:1090300010B1184A0346C4E7766820360146304628
:109040001AF026FB0A201AF03DFB012130461AF0E7
:109050001FFB32201AF036FB01233B75AB6B0E4A27
:109060000448BB617C7503211AF0EFFA90E700BF5A
:1090700016D50300C44403002BD503003ED50300DE
:109080005FD5030072D5030093D50300A6D5030076
:10909000C7D50300DBD50300FDD50300F0B5456857
:1090A00085B004461646002340F2676228460F4604
:1090B0001AF018FB28B960681AF0FEFA4FF0FF3575
:1090C0001CE06068012130301AF0E2FACDE9007648
:1090D00029460126CDF808D0039651F8040B836881
:1090E00002AA1D680023A847054650B1124A03464C
:1090F0003146124803F0B5FD6FF00105284605B072
:10910000F0BD606840F2676200231AF0A3FA0028FD
:10911000D1D060681AF0D0FA05201AF0D3FA60684E
:1091200040F2676200231AF0DDFA0028C3D06068BD
:109130001AF0C2FAE2E700BF1DD60300C4440300E0
:1091400073B50669337D04460D463BB34FF0FF32DD
:109150004FF0FF33304601F03FF8012D17D0022DBC
:1091600017D0C5B90F4B1A88ADF804209B788DF83D
:1091700006302046032201A9FFF790FF044600B9FC
:10918000757530461AF09CFA204602B070BD064B49
:10919000E9E7064BE7E76FF08504F2E76FF01204AA
:1091A000F2E700BF32D603003045030036D6030095
:1091B00073B504238DF8051016460DEB030102224A
:1091C00005468DF80430FFF769FF044638B1074AB9
:1091D000074801211AF039FA204602B070BD314625
:1091E0002846FFF7ABFE0446F6E700BF3AD6030079
:1091F000C44403002DE9F04F076997F814808BB041
:1092000005460E46B8F1000F00F05D81002900F020
:109210005A81072A40F257814FF0FF324FF0FF3357
:10922000384600F0D9FFA94B1A88ADF81C209B786E
:109230008DF81E30032207A92846FFF72FFF0446AA
:1092400030B138461AF03CFA20460BB0BDE8F08F3A
:109250001623022204A92846D5F810B0ADF8103024
:10926000FFF71CFF04460028EBD11AF0E0F9059443
:1092700081468A4605AA02212846FFF799FF04463F
:109280000028DED1059B9B0517D41AF0D0F9DBF836
:109290001830B0EB090061EB0A01834274EB010165
:1092A00007DA8B4A8B4801211AF0CFF94FF0FF34CF
:1092B000C7E705201AF006FADCE74FF4407307937E
:1092C0000622022307A92846ADF82030FFF7E6FE64
:1092D00004460028B5D1DFF800B2DBF803000790A0
:1092E0000BF1030300930622BBF80730ADF82030E2
:1092F00007A92846FFF7D2FEDBF80900BBF80D30BE
:109300000790062207A92846ADF82030FFF7C6FED1
:10931000DBF80F00BBF813300790062207A9284698
:10932000ADF82030FFF7BAFEDBF815009BF81930D6
:109330000790052207A928468DF82030FFF7AEFEDA
:109340000BF109090BF10F0ADFF890B101F04EFCA7
:10935000002304AA132128460493FFF729FFD0B95C
:10936000049AC2F308020A2A18D8002A61D013B25C
:109370000A22ADF8142005A9022228460193FFF71E
:109380008DFE019B60B1564A5248012101341AF00A
:109390005CF9102CDAD14FF0000816E00A23E7E759
:1093A0001A4607A92846FFF773FD00283FD19DF80C
:1093B0001C30002B3DD1731E0DF12602073612F82A
:1093C000011D03F8011FB342F9D11723022203A99B
:1093D0002846D5F81090ADF80C30FFF75FFE8246B6
:1093E000F8B91AF024F9CDF810A004460E4604AAE4
:1093F00002212846FFF7DCFE98B9049B13F4807A1B
:1094000057D11AF014F9D9F81830001B61EB060196
:1094100083427AEB010148DA324A2E4801211AF0E0
:1094200014F938461AF04CF908F1FF340CE72E4ACB
:10943000AAE70F2CAFD0D9F80000B9F80430059096
:10944000062205A92846ADF81830FFF727FEDAF8FE
:109450000000BAF804300590062205A92846ADF8A8
:109460001830FFF71BFE009B186805909B88ADF82D
:109470001830062205A92846FFF710FEDBF8000089
:10948000BBF804300590062205A92846ADF818302F
:10949000FFF704FE38B90923022203A92846ADF8D4
:1094A0000C30FFF7FBFD013450E705201AF00AF9F4
:1094B0009DE70E4BADF81800062205A92846059336
:1094C000FFF7ECFDADE76FF00304BDE632D6030015
:1094D0005FD60300C444030030450300EBD603000D
:1094E00084D60300C5D60300A5D6030000030001FF
:1094F00070B586B005468DF80710183001211AF0B6
:1095000030F9041E08DA104A23461048012103F0FE
:10951000A8FB204606B070BD0DF1070329460126C1
:10952000029302ABCDE9043651F8040B039683682D
:1095300004AA1C680023A047041E02DA044A23463A
:10954000E3E70024E5E700BF02D70300DC440300A3
:109550001BD7030070B586B005468DF8071018308C
:1095600000211AF0FEF8041E08DA104A23461048BB
:10957000012103F076FB204606B070BD0DF1070314
:1095800029460126029302ABCDE9043651F8040BBB
:109590000396836804AA1C680023A047041E02DA0D
:1095A000044A2346E3E70024E5E700BF02D70300AF
:1095B000DC44030035D7030073B5046961780029E2
:1095C00061D1637945688BB105F1200630461AF008
:1095D000C8F81AF0DCF8012130461AF0C2F81AF087
:1095E000D6F82A4A2A4803211AF0CFF81AF0CFF801
:1095F00012212846FFF7AEFF002845DB1AF0C7F816
:1096000001212846FFF7A6FF00283DDB2B21284635
:10961000FFF76EFF002837DB01212846FFF768FFC0
:10962000002831DB00212846FFF762FF00282BDBF2
:109630003C212846FFF78EFF002825DB0121284624
:10964000FFF756FF00281FDB18212846FFF782FF8F
:10965000002819DB80212846FFF74AFF002813DB8A
:109660006A8E2B8E00920022114628461AF0ACF822
:10967000002809DB012363700023064A0448637154
:1096800003211AF082F8002002B070BD52D7030007
:10969000DC4403006BD703002DE9F04F87B0074689
:1096A0009DF84C0004909DF850000590CDE9021201
:1096B0005842BDF94420BDF94010BDF94850B7F8F3
:1096C00030E000F007001FFA83F903F0070358BFEA
:1096D000434212F1070848BF02F10E089BB2A9EB02
:1096E000030CC8F3CF080FFA8CFC4FEAC80006B28F
:1096F0002CEAEC740CFA80F0B7F930C0A3EB090344
:1097000060459BB2B7F932C0788EA8BF9E441FFA5D
:1097100081FA21EAE1722944A8BF0FFA8EF6614569
:10972000A1B213FA84F4A4B2A8BFA0EB0A00A6EB7E
:1097300004061FFA82FBACBF00B22846B3B2AAEB04
:109740000B0936B28144002E1FFA89F00FFA89F90D
:1097500002DDB9F1000F09DC2A482B4A02211AF078
:1097600014F86FF0150007B0BDE8F08F00905A466E
:1097700038461AF029F80028F5DB02993846FFF739
:10978000E9FE0028EFDB24B2002CABEB0A0212B298
:10979000B8BF0734013DC4F3CF04AD1A12FB08F281
:1097A00015FB08451444F610ADB2A4B24FF0000BFF
:1097B0004FF0000A11E0059B03B305EB0A031BB24F
:1097C000039AD15C049B0BB1C943C9B23846FFF779
:1097D0008FFE00280AF1010AC5DB0FFA8AF39E42C8
:1097E000E9DC0BF1010B0FFA8BF3A5EB0805444400
:1097F0004B45ADB2A4B2DBDB0020B4E704EB0A03B7
:10980000DDE700BFDC4403008CD703002DE9F04303
:109810000546D0F8109087B0174698460E4691B38B
:1098200099F80130CBB199F80230F3B99DF8443082
:1098300004939DF840300393BDF93C300293BDF989
:109840003830CDE90083324668683B462421FFF773
:1098500023FF041E11DB002403E0FFF7ADFE041E0E
:10986000E1DA204607B0BDE8F083FF222421284634
:109870001AF042F8041ED9DAF3E7044A0448012139
:1098800019F083FFEDE76FF01504EAE7A5D70300B1
:10989000DC4403002DE9F04F89B016461F46BDF9A0
:1098A0004880BDF94C909DF850A09DF854B00369D4
:1098B00005460A4631B15B7853B9174A174801216A
:1098C00019F063FF6FF01504204609B0BDE8F08F72
:1098D000CDE903ABCDE90189009707914068334694
:1098E0002621FFF7D9FE041E079A05DA0C4A0B4819
:1098F000012119F04AFFE7E7CDE903ABCDE9018982
:109900000097686833462421FFF7C6FE041E01DA7B
:10991000044AECE70024D7E7CDD70300DC4403007A
:10992000E5D70300A5D703002DE9F04106460769F6
:109930000D4649B9354A3648012119F026FF6FF026
:1099400015042046BDE8F08108681AF0CDF838B952
:10995000304A2F48012119F018FF6FF01204F0E788
:10996000E86818B11AF0C0F80028F1D0A86905F12C
:1099700018041AF0B9F808B9274AEAE7286A1AF071
:10998000B3F808B9254AE4E7A86A1AF0ADF808B9AF
:10999000234ADEE720464FF4D01119F0C3FE041E1F
:1099A00006DA204A23461A48012103F05AF9C8E78B
:1099B0004FF4D01105F1200019F0B4FE041E02DAB4
:1099C000194A2346EFE74FF4803105F1280019F0DA
:1099D000A9FE041E02DA154A2346E4E7144B3B6055
:1099E0004FF001080025A7F80480BD60FF21304634
:1099F0001AF054F8041E02DA0E4A2346D3E70E4A40
:109A00000348032119F0C1FE2C469AE70ED8030043
:109A1000DC44030024D8030036D803005FD50300DC
:109A2000C7D5030048D8030067D8030087D80300D0
:109A300000000101A8D80300C3D8030031B1044AD3
:109A40000223C1E9002306228A600B73704700BF1E
:109A500090012C0108B5044A0448022103F0F8F8EB
:109A60006FF0850008BD00BFE6D80300E4440300A2
:109A700008B50346034A0448022103F0F2F86FF0E8
:109A8000850008BD1CD90300E444030038B505690E
:109A900019F085FF041E07DA054A0648234601210E
:109AA00003F0DFF8204638BD01236B700024F9E78E
:109AB00054D90300E444030038B5056919F04BFF9D
:109AC000041E07DA054A06482346012103F0C9F8B7
:109AD000204638BD00246C70FAE700BF74D903003B
:109AE000E44403002DE9F04F85B004AF9246D7F867
:109AF0002880026906468B461D4613B1B8F1000F57
:109B000018D16C4688B004AA404BC2F81C80C2E948
:109B10000535042342F8103F3D4800234FF401511E
:109B2000E8F758FEA5466FF0150420460437BD46F9
:109B3000BDE8F08F9B88EC8803B134B9354A3448CE
:109B40000094012103F097F8EDE71944B1F5C87FBF
:109B500004DC04EB0A01B1F5967F13DD6D468AB093
:109B600004AA2D495462C2E907A30623C2E9051BD2
:109B700042F8103F264800234FF44151E8F72AFEEF
:109B8000AD46D0E75378E3B94FF00009CDE902992B
:109B9000B5F906300193B5F9043000930FFA8BFB49
:109BA0000FFA8AFA53465A4641463046FFF72EFED0
:109BB000041E0BDA194A23461548012103F051F817
:109BC000B3E7FFF779FF041EDEDAAEE7CDE90299CD
:109BD000B5F906300193B5F9043000935A4653465F
:109BE00041463046FFF756FE031E04DA0C4A084889
:109BF000012103F036F80021304619F0D6FE041E8C
:109C000002DA084A2346D7E700248EE793D90300F7
:109C1000E4440300B7D90300D6D9030010DA0300E7
:109C20002FDA03004ADA030070B504464668056976
:109C30000E4A0F48032103F00BF820463146FFF788
:109C400073FE041E07DA0B4A09482346012103F07C
:109C500008F8204670BD012300242B706C70064A62
:109C60000348032102F0F4FFF3E700BF68DA0300C2
:109C7000E44403008CDA0300B4DA030010B50446B0
:109C8000E8F7C4FC0348044A012102F0E1FF204642
:109C900019F035FFBC440300FEDA03002DE9F84358
:109CA000044600AF0D46EFF31188202383F312889A
:109CB000BFF36F8F0428294A98BF294B9668117CFF
:109CC00094BF53F82030274BE9468AB06A462648AD
:109CD000C2E9073140F201339384244BC2E9050401
:109CE00042F8103F224800234FF43151E8F772FD4B
:109CF000CD4645B1EB69C3F3080323B11D4A1C48A7
:109D0000012102F0A5FF2EB130461AF00EF808B17D
:109D1000037803B91848E9468AB06A46174BD06100
:109D2000C2E9053640F201331384154B42F8103F67
:109D300000230F484FF41151E8F74CFD2946CD465A
:109D40002046FFF79BFF88F31188BFF36F8F3046E3
:109D5000E9F7CAFCBD46BDE8F88300BFC054012046
:109D60009C6103000DDB030023DB03000500000101
:109D7000BC4403004BDB03001BDB03006CDB030074
:109D80000400000138B5094B53F82040013053F866
:109D90002050A54200D838BD636823B1204619F091
:109DA000B6FE0834F5E723689847FAE7B061030088
:109DB00070B52B4B2B4C2C4D012286B003201A7012
:109DC000FFF7E0FFE9F74EF819F0BDFE0420FFF7BA
:109DD000D9FF2646AE4204F1300410D300F0B6FE9F
:109DE000204C224EAC4226D300F0C4FEE6F798FD8C
:109DF0001F4A137B23F00103137306B070BD54F8A0
:109E00000C3C059354F8103C049354F8143C039311
:109E100054F8183C029354F81C3C019354F8203C2D
:109E2000009354E90A2354E90C0100F09FFC54F814
:109E3000303C5E65CDE7D4E90A23B3F1FF3F08BFAC
:109E4000B2F1FF3F05D052EA0301206803D100F0D0
:109E50006FFF3034C6E73146183001F001F9F8E7FA
:109E60007957012030440300304403001D3E0300B5
:109E7000A08E002008B50348034A0021121A19F0E9
:109E80005EFE08BD780800207C57012070B50023D5
:109E900086B00122CDE90423134E144D01930F2205
:109EA000CDE902321249142303FB005506EBC0161C
:109EB00004464FF4C07000FB04110E4B00954FF4A4
:109EC000A072304600F052FC737B0B4AEE6023F028
:109ED000040373734FF4046304FB033313442C74BF
:109EE0006B6006B070BD00BF208E0020C054012002
:109EF000406B0120073C030000630120BFB5002038
:109F0000FFF740FF2E4B83F308882E4D2E4E6B69D2
:109F10002E4F43F400736B610024E02385F8223058
:109F2000EC772C766C76AC7685F820406B6A43F43F
:109F3000E0236B6285F82340E9F74AFBE9F7E2FC8E
:109F40004FF0FF33AB62EB62214DE9F7B5FDE9F766
:109F5000FDFCE8F7C7FA40F201132846AB81C5E9DA
:109F6000194401F03BFAB56019F0BDFD0120FFF77F
:109F700009FF0220174DFFF705FF00F02FFE164BDB
:109F800075610593012315490094CDE903434FF40E
:109F900000423B46CDE90144284600F0E7FB6A7BDE
:109FA000064622F0040228466A7319F0FAFE20469B
:109FB000FFF76CFF3A4631462846E9F785FC00BFBB
:109FC000406B012000ED00E0C0540120B19D010074
:109FD000208F0020A08E0020BC680300C06C0120F0
:109FE00038B5064C064D0020AC4200D338BD2046A3
:109FF00019F0AAFD0028F9DB1C34F5E788070020DA
:10A000008807002073B50C46EFF31181202585F3F6
:10A010001288BFF36F8FC5685DB125602B68C36080
:10A02000836901338361002081F31188BFF36F8F4F
:10A0300011E052EA030603D125606FF00B00F3E74D
:10A04000CDE900230246083000F0E0FC18B9034BCC
:10A050009B685B69236002B070BD00BFC0540120E3
:10A060002DE9F34104460E4600F10807EFF311888D
:10A07000202181F31288BFF36F8F006AE168884264
:10A0800031D22568AC4216D0ADB1284619F0C6FDD4
:10A0900005F1180019F038FFA268686931460024FC
:10A0A00019F0E9FFEC67284619F07BFE4146384677
:10A0B00000F026FD25E0A268E069314619F0DBFFDB
:10A0C000E369A26813446269E361934204BF2369B0
:10A0D000E361236A0133236204F12400102119F0A3
:10A0E000A8FF0024E2E752EA03010ED0084989687C
:10A0F00038464E61CDE900234146224600F086FCF9
:10A100000446204602B0BDE8F0816FF02204CDE79E
:10A11000C0540120F7B5044604F108070846EFF3E0
:10A120001186202181F31288BFF36F8F216A0029E5
:10A1300039D0A268A16919F09EFFA369A2682568B9
:10A1400013446269A361934204BF2369A361236A34
:10A15000AC4203F1FF33236233D02846002D31D0C7
:10A1600019F05CFD05F1180019F0CEFEA2686969CE
:10A17000E06919F080FFE369A26813446269E36152
:10A18000934204BF2369E361236A013323620024FD
:10A190002846EC6719F005FE3846314600F0B0FC61
:10A1A000204603B0F0BD52EA030110D00949896886
:10A1B0004861CDE9002331462246384600F026FCAE
:10A1C000EFE7002086F31188BFF36F8FE9E76FF0A8
:10A1D0002200F7E7C05401202DE9F3410446174659
:10A1E0001E46EFF31188202383F31288BFF36F8F8D
:10A1F000C368334A7BB180689168884219D057EAB6
:10A20000060318D188F31188BFF36F8F6FF00F002A
:10A2100002B0BDE8F081916891F90E10216101331F
:10A22000E3609368A36088F31188BFF36F8F002009
:10A23000EEE72169F2E791F90E1090F90E3099429C
:10A24000A8BF19466FF07E029142B8BF11468B42FB
:10A250002DDD19F0F0FC0546CDE9007619482246BF
:10A26000414600F0D3FB0028E1D0EFF31186202314
:10A2700083F31288BFF36F8FA068D0B12368216980
:10A280009C420AD04BB193F90E309942A8BF1946AF
:10A290006FF07E039942B8BF194619F0CCFC40B16B
:10A2A0000848314600F02CFC6FF00A00B0E70025AA
:10A2B000D2E7002DF4D186F31188BFF36F8FF3E757
:10A2C000C05401207A570120F8B583680546002B59
:10A2D0003FD0234A926893423ED1C368012B03D9F1
:10A2E000013BC3600020F8BDEFF31187202383F307
:10A2F0001288BFF36F8F0169806819F09CFC2C688D
:10A30000AC4207D10023C5E9023387F31188BFF3BC
:10A310006F8FE7E7002CF5D0D4E9003213605A6064
:10A32000637B002623F002036373C4E90066A66022
:10A3300004F1180019F0E8FDAC6094F90E302B61BF
:10A340002046E66719F02DFD0648394600F0D8FB97
:10A35000C8E76FF01500C6E74FF0FF30C3E700BF56
:10A36000C05401207A57012070B5EFF311862023E5
:10A3700083F31288BFF36F8F0468A0421AD0CCB168
:10A38000D4E9003213605A60637B002523F0020396
:10A39000C4E900556373A56004F1180019F0B4FD19
:10A3A000E567204619F0FDFC31460848BDE87040DD
:10A3B00000F0A6BBD0E902329A4218BF0133836095
:10A3C0000221103019F035FEEEE700BF7A57012068
:10A3D00013B5EFF31181202484F31288BFF36F8F3C
:10A3E000846844B1013C846081F31188BFF36F8FAE
:10A3F000002002B010BD52EA030406D181F3118897
:10A40000BFF36F8F6FF00F00F3E7CDE90023024633
:10A41000014800F0FBFAECE77A5701202DE9F04102
:10A420000546EFF31187202383F31288BFF36F8F64
:10A4300000266FF00A082C68A54215D0A4B1D4E913
:10A44000003213605A60637BA66023F00203C4E904
:10A450000066637304F1180019F056FDC4F87C809F
:10A46000204619F09EFCE6E7002305F11000AB60E2
:10A47000022119F0DEFD39460248BDE8F04100F046
:10A480003FBB00BF7A5701202DE9FF414F4E0446E4
:10A490002027EFF3118887F31288BFF36F8FD4F86A
:10A4A0008050F5B9022104F1980019F0E3FB00286F
:10A4B00068D004F1900500220121284619F0E9FC3A
:10A4C0000028F8D1002302934FF0FF324FF0FF3302
:10A4D000CDE90023414604F188023D4800F0DEFC4E
:10A4E000D7E7D4F884202B68C4F88030954208BFA1
:10A4F000C4F88430D4F8983043F00203C4F898309C
:10A50000EB6823F0040343F00103EB606B6888F30E
:10A510001188BFF36F8F28469847EFF3118887F3B0
:10A520001288BFF36F8FEB68D80623F0010236D490
:10A53000EA60EB689A0716D5306823F00203EB60F7
:10A5400088B10368002170B14268954235D1036833
:10A5500069BB72683360824200D17360002340F8A7
:10A56000083BFFF701FFD4F8983023F00203C4F84A
:10A57000983088F31188BFF36F8FDB0589D400F022
:10A5800035FB86E7D4F89830D9069BD5C4F89800F7
:10A5900088F31188BFF36F8F04B0BDE8F08123F01A
:10A5A0001103EB6005F11000FFF7DEFEC1E70B6061
:10A5B0007368834208BF7160D0E723B11A6801460F
:10A5C00018461346BFE71A46F9E700BFE0540120DA
:10A5D0007A570120F8B5C3689A0704460F46C3F3BB
:10A5E00040062CD45B071AD40B680BB983680B6048
:10A5F000E368DD0744BFA3683B603D684CBF0226AB
:10A600000126002D3AD01F4B9B68AB420AD0D5F8EB
:10A610009830D807C3F3800214D46FF012060023D9
:10A620003B6025E019F078FBD5F898300028F0D190
:10A63000D907C3F3C002F0D552B15B0708D46FF05D
:10A640000F06ECE7002AFAD1C3F3C003002BF6D1C2
:10A6500000232360D5F8843063B9C5E92044284637
:10A6600019F022FBE36843F00403E3603B68A36056
:10A670003046F8BD1C60C5F88440F0E76FF0150661
:10A68000CDE700BFC0540120F0B589B004460020DA
:10A69000C4E920000E9D04F18800C4E9220004F101
:10A6A0009000C4E924004DB32879002840F201103D
:10A6B00008BF0120C4F8980000204FF0FF364FF08B
:10A6C000FF37CDE90330CDE90100CDE906670C4B3A
:10A6D0000094204600F09CF855B1296811B120463D
:10A6E00019F020FB6B791BB1237B43F0010323732B
:10A6F000204609B0BDE8F04000F01ABB0120D9E7C0
:10A7000089A40100F7B50C46019016461D46EFF3EB
:10A710001187202383F31288BFF36F8F084619F047
:10A72000B4FA55EA060309D101A92046FFF752FF02
:10A7300087F31188BFF36F8F03B0F0BDE36807495B
:10A7400043F00803E360019BA36204F1100032466A
:10A750002B4600F085FC0120EAE700BFB73C030070
:10A7600001460148FFF7CEBFC08F00202DE9F0431E
:10A77000D51D85B025F007050E461F4610990173BB
:10A7800000F158037F35C0E916330446002325F055
:10A790003F050421836041733F2D0F98A073C4E9E6
:10A7A0000633E37306F14008A5F1400905D883F3A9
:10A7B0001188BFF36F8F084602DF4A463544AA214D
:10A7C000404619F080FC29462046E8F7A5FC0730F2
:10A7D0000E9B20F00700E066C4E9198902930D9BE7
:10A7E00001932D1A0C9B00932A463B463146204686
:10A7F000E9F738F800236365044B9B6803B11B6FCE
:10A800002367284605B0BDE8F08300BFC05401208F
:10A81000F0B587B000250595109D04950F9D039513
:10A820000E9D0295DDE912760D9D01950C9D00951A
:10A830000446FFF79BFFB6F1FF3F08BFB7F1FF3FAC
:10A8400005D056EA070305D1204600F071FA2046EC
:10A8500007B0F0BD03493A46334604F1180000F052
:10A86000FFFBF4E71D3E0300094A93686FF00A01FD
:10A87000D967084998674B6843F080534B600023C1
:10A8800083F31188BFF36F8F9368D86F704700BF51
:10A89000C054012000ED00E070B590F90D20437B1D
:10A8A000002A39DBD90637D18269002A34D11D4C00
:10A8B00063F07F032246437352F8183F93422CD132
:10A8C000E169C0E900210860E06111E09942F8D037
:10A8D0001B68002BF5D090F90E5093F90E60B5422D
:10A8E000F4D0AE42F2DD5968C0E90031086058602A
:10A8F000A569954200D005B9E568A3685A7BD206E0
:10A9000004D1DA897F2A01D9AA6942B1AB4202D0C7
:10A91000284600F003FB656170BDE169D9E763611A
:10A92000FAE700BFC054012038B590F90D20437BF1
:10A93000002A014604DA03F07F03437319F0F7F9A4
:10A940000D4D2A46AB6852F8184F944200D004B916
:10A95000EC688B4207D05A7BD20604D1DA897F2A71
:10A9600001D9A2692AB1A34202D0204600F0D6FA4A
:10A9700023466B6138BD00BFC054012070B590F90B
:10A980000D20437B002A014604DA03F07F03437362
:10A9900019F0CDF94B7B1C4C63F07F0322464B73BF
:10A9A00052F8183FE069934207D1C1E900200160E5
:10A9B000E16111E09842F8D01B68002BF5D091F9C5
:10A9C0000E5093F90E60B542F4D0AE42F2DD5868F5
:10A9D000C1E9003001605960A569A368954200D0C3
:10A9E00005B9E5688B4207D05A7BD20604D1DA89D3
:10A9F0007F2A01D9AA692AB1AB4202D0284600F0C9
:10AA00008DFA2B46636170BDC0540120F8B5124B1E
:10AA10000C461146114A98681060DDE90676EFF39E
:10AA20001182202282F31288BFF36F8F9D6828461F
:10AA300019F08FF9B6F1FF3F08BFB7F1FF3F06D01D
:10AA400007493A46334605F1180000F009FB204655
:10AA5000BDE8F840FFF708BFC0540120E8540120CA
:10AA60001D3E0300F8B50446EFF31186202383F35F
:10AA70001288BFF36F8F437BDA0649B217D1826920
:10AA8000AAB903F07F03437319F051F91B4D437BBF
:10AA9000817363F07F032A46437352F8183F934251
:10AAA0002AD1E869C4E900200460EC6116E0A173D2
:10AAB000002086F31188BFF36F8FF8BD8342F1D079
:10AAC0001B68002BEED093F90E70B942F6D08F427E
:10AAD000F4DD5968C4E900310C605C60AC699442F3
:10AAE00000D004B9EC68AB689C4202D0204600F06C
:10AAF00015FA6C610120DCE7E869E2E7C054012047
:10AB000049B9EFF3058030B9054B5A699B689A4201
:10AB100001D0FFF7A9BE81F31188BFF36F8F704793
:10AB2000C0540120034648B9EFF3058232B9064A02
:10AB300051699268914201D0FFF796BE83F3118864
:10AB4000BFF36F8F704700BFC0540120EFF3118136
:10AB5000202383F31288BFF36F8F054B9A68D37B52
:10AB6000013BD37381F31188BFF36F8F704700BF30
:10AB7000C054012070B5EFF31186202383F31288AF
:10AB8000BFF36F8F144DAB68DA7B0132DA732A465C
:10AB900052F8184F944200D004B9EC685A7BD206A0
:10ABA00004D1DA897F2A01D9A2692AB1A34202D04D
:10ABB000204600F0B3F923466B6186F31188BFF39A
:10ABC0006F8FEFF31180202383F31288BFF36F8F11
:10ABD000BDE87040FFF7A6BFC0540120024B03F14F
:10ABE0001802C3E906227047C054012070B5EFF384
:10ABF0001186202383F31288BFF36F8F1B4CA1684B
:10AC0000E0690B68814214BF1A46002249680B6054
:10AC10005960A368E1692AB9154AC3E900210B60AC
:10AC2000E3610CE093F90E0092F90E50A84218D09F
:10AC3000854216DD5168C3E900210B605360A569A8
:10AC40000B4B9D4200D005B9E568A3689D4202D038
:10AC5000284600F063F965613046BDE87040FFF7B3
:10AC600003BE8A42D8D01268D5E700BFC054012085
:10AC7000D854012050EA01032DE9F04105460E4663
:10AC800004D1FFF7B3FF0020BDE8F081831C71F110
:10AC9000FF3324DB19F059F92C18EFF31188202326
:10ACA00083F31288BFF36F8F0F4F104BB868186093
:10ACB000FFF73AFEB8680E492A463346183000F0CE
:10ACC000CFF9BA68537B43F0040353734046FFF750
:10ACD000CBFD19F03AF9201A20EAE070D4E76FF0C2
:10ACE0000104241AD9E700BFC0540120E854012010
:10ACF0001D3E03000C490D4A38B500244FF40045B1
:10AD00008C462146C0FB05C100236046E5F78CFC5C
:10AD1000C117FFF7AFFF054A47F6FF73C0FB0234C8
:10AD2000DB0B43EA444038BD3F420F0040420F0076
:10AD300038B50446183019F0E7F8EFF311852023F1
:10AD400083F31288BFF36F8F637B5A0704D485F3B4
:10AD50001188BFF36F8F38BD23F00403637320465F
:10AD6000FFF79AFDEFF30583002BF0D12946024847
:10AD7000BDE83840FFF7C4BE7A570120014B986800
:10AD8000704700BFC05401202DE9F8430446EFF39B
:10AD90001187202383F31288BFF36F8F067B16F091
:10ADA00001060DD087F31188BFF36F8F002383F363
:10ADB0001188BFF36F8F0423184602DFBDE8F883C4
:10ADC000437B1A0704D587F31188BFF36F8FF5E72C
:10ADD000D90943F0080252D14273A36813B1204647
:10ADE00018F0ADFF04F1180019F08EF8A56D04F10C
:10ADF0005808A84511D04FF0000975B1284618F041
:10AE00009EFF05F1180019F07FF8C5F87C902846E0
:10AE1000FFF742FDA56DA845EFD11D4DAB689C42E3
:10AE200004D1EFF30586003E18BF0126D5F818803F
:10AE3000184A904502D0B8F1000F01D1D5F80C8026
:10AE4000434502D0404600F069F8C5F8148056B179
:10AE5000114E40F20113B38130460023C6E9193385
:10AE600000F0BCFAAE60AB689C42ACD1EFF3058356
:10AE7000002BA8D13846BDE8F843FFF7F5BC03F036
:10AE80007F0343F00803437318F051FFA5E700BFA9
:10AE9000C0540120D8540120208F0020D3B5DDE913
:10AEA0000667089CCDE90067FFF7B0FD1CB1034BB6
:10AEB0009B685B69236002B0D0BD00BFC054012015
:10AEC000044BC01A044BC0105843044B01221A54BF
:10AED000704700BFA08F0020ABAAAAAA7A57012012
:10AEE000C3897F2B12D80A4B1B6863B1094B90F9B9
:10AEF0000E201B689A4209DB437BDB0606D1064B1A
:10AF0000C31A18BF012303F0010070470023FAE7BA
:10AF1000F0540120EC540120208E002070B50E4B1F
:10AF20000E4C1E7C06EB460304EBC304054620468C
:10AF300018F0EAFF0A4B002228469A55FFF7D0FF87
:10AF400048B1084B08491A68013A2046D317BDE8B2
:10AF5000704000F085B870BDC0540120A08F002063
:10AF60007A570120F0540120C1AE010038B5EFF34B
:10AF70001185202383F31288BFF36F8F104B114A82
:10AF80009C681068A04206D1FFF7C8FF85F31188BE
:10AF9000BFF36F8F38BD00211B7C11600A4AD35C60
:10AFA000002BF3D02046FFF79BFF0028EED0637BF9
:10AFB000DB0602D12046FFF7E1FC2046E4E700BFB4
:10AFC000C0540120E85401207A5701200748084A5C
:10AFD000084908B5121A18F0B4FD0748074A08498D
:10AFE000BDE80840121A18F0ACBD00BFC004002034
:10AFF00074080020F4DB0300B8040020C004002023
:10B00000ECDB0300024B1868984208BF0020704731
:10B0100094060020034B1B680BB9EAF73BB80020ED
:10B02000704700BFF454012030B570B10B4B5B6822
:10B0300098420AD0036843B1D3E90421D0E904451A
:10B04000121941EB0501C3E90421D0E90032136074
:10B050005A600023C0E9003330BD00BF94060020D1
:10B06000B3F1FF3F08BFB2F1FF3FF8B504461D46FC
:10B0700016465AD08160EFF31187202383F312889C
:10B08000BFF36F8F013275F1FF3321DA2C49D1E91B
:10B0900000206FF001039B1A4FF0FF3262EB0000BB
:10B0A0009E1B60EB0500012E70F1000301DA012602
:10B0B0000020C4E90460FFF7A5FF224E84467068B3
:10B0C000BCF1000F0DD1C4E90060046074601CE0A5
:10B0D000FFF7A0FF013645F10005361845EBE0709B
:10B0E000E7E7DCE90425D4E90431934271EB050E6E
:10B0F0001CDAD21ADCF8043065EB0105CCE9042532
:10B10000C4E900C31C60CCF80440FFF77BFF844215
:10B1100007D10D4B1C6824B918F0DDFE2146E9F774
:10B120008BFF87F31188BFF36F8FF8BD9B1A61EB1C
:10B1300005018445C4E90431C5D0DCF800C0BFE78F
:10B14000B88F002094060020F45401202DE9F04728
:10B15000EFF31185202383F31288BFF36F8FDFF89D
:10B16000A090DFF8A080C9F80000FFF74BFF002691
:10B170000027D9F80030D8E900ECD91750B1D0E950
:10B180000442A34271EB020A1ADAE41A62EB0102EA
:10B19000C0E9044213EB0E034CEB01010024C8E9A3
:10B1A0000031C9F8004018F096FE2146E9F744FF47
:10B1B00085F31188BFF36F8FBDE8F047FFF7D6BE68
:10B1C00014EB0E024CEBE473C0E90467C8E90023FA
:10B1D000FFF72AFF85F31188BFF36F8F83689847C5
:10B1E000EFF31185202383F31288BFF36F8FD9F813
:10B1F00000301B1BC9F80030FFF704FFB9E700BFA0
:10B20000F4540120B88F002010B5EFF311842023EF
:10B2100083F31288BFF36F8FFFF7FCFE054A0346E6
:10B22000D2E90001181841EBE37184F31188BFF3F0
:10B230006F8F10BDB88F0020F8B50446EFF311876B
:10B24000202383F31288BFF36F8F026822B187F344
:10B250001188BFF36F8FF8BDD0E90A36581C46F14C
:10B260000001022871F1000127D3012B76F10001C2
:10B27000BCBF012316465D1E46F1FF3618F069FE7D
:10B28000013041F10001401946EB0101012871F143
:10B29000000139DB18F05DFE013041F100016FF073
:10B2A0000102401946EB0103121A4FF0FF3161EB26
:10B2B000030318492046FFF7D3FE236B01332363B2
:10B2C000236A6BB187F31188BFF36F8F236A20461F
:10B2D0009847EFF31187202383F31288BFF36F8F12
:10B2E00054F8185FA542B2D0002DB0D0284618F00F
:10B2F00067FD0023EB6787F31188BFF36F8F284644
:10B30000BDE8F84018F04DBD6FF001024FF0FF337B
:10B31000CFE700BF39B201002DE9F04105461C46D8
:10B3200090461F46EFF31186202383F31288BFF364
:10B330006F8FB4F1FF3F08BFB2F1FF3F05D186F335
:10B340001188BFF36F8FBDE8F081531C74F1FF3398
:10B3500009DB012A74F10003BCBF0122002412F1B1
:10B36000FF3844F1FF37284618F0CEFDDDE906012D
:10B370000023C5E90A012B63034942463B462846A0
:10B38000FFF76EFEDBE700BF39B2010038B50346B8
:10B39000EFF31185202282F31288BFF36F8FC16013
:10B3A000012181600068834206D185F31188BFF3D3
:10B3B0006F8F0024204638BDD0E9003213605A60F8
:10B3C0000023C0E9003318F0EEFD29460446024888
:10B3D000FFF796FBEEE700BF7B570120014B0367A9
:10B3E000704700BF8807002038B5064C064DAC42B8
:10B3F00001D3002038BDD4E90112204618F033FEF5
:10B400001434F4E7880700209C0700201FB5094A80
:10B4100092E8030002AB83E803004FF4004200937C
:10B42000054906484FF0FF33FFF72EF9002005B01D
:10B430005DF804FB2845030000ED0120C08F0020CB
:10B4400010B50A4C23681BB101232360002010BDF6
:10B4500000F0EAF80028F7D00138062803D8044B9A
:10B4600053F8200010BD034810BD00BFF854012060
:10B47000C8610300FE8FFFFFBFF34F8F0549064BE6
:10B48000CA6802F4E0621343CB60BFF34F8F00BF82
:10B49000FDE700BF00ED00E00400FA0510B4094B21
:10B4A00009490A4C4FF0FE32C3F800244968C3F83A
:10B4B0000424C3F80824C3F80C240023C4F800357E
:10B4C00010BC084700B002509C06002000A00250AB
:10B4D000D0E90012014BC3E9001270479C0600201E
:10B4E00010B5044650B1636813F0685F05D0064A92
:10B4F000934202D000232360626010BD034B0448D6
:10B500005B689847EFE700BF2C5F5CA99C060020B2
:10B51000E4610300C8B143680D4A934213D013F0AD
:10B52000685F0ED0012350E8002F194640E8001C48
:10B530009CF0000FF7D1012AF5D0BFF35F8F0020F8
:10B54000704704487047044870476FF4E040704704
:10B550002C5F5CA9E98FFFFFEA8FFFFF80B1436892
:10B56000094A93420AD013F0685F05D0BFF35F8F9A
:10B57000002303601846704704487047044870472A
:10B580006FF4E040704700BF2C5F5CA9E98FFFFFBC
:10B59000EA8FFFFF10B5044620B1044B6360002220
:10B5A000226010BD0248FFF779FFF6E73A00003A43
:10B5B0000C62030070B5D0E90023174C174D63608F
:10B5C000D0E90230C4E9023022604868D1F800C0F6
:10B5D000134BC3E900C0D5F81801D1F808C0C3F86F
:10B5E00008C010F0685FD1F80CC00969C3F80CC03E
:10B5F000196110D00B49C5F8BC110023C5E94531CC
:10B6000005F58A70C5F8B8319047236805F5DC70F8
:10B61000BDE87040184770BDB806002010550120E5
:10B62000A40600202C5F5CA938B500F02FF820B1EB
:10B63000032400F063F8204638BD00F031F898B9D3
:10B6400000F0ACF898B90F4DD5F828391B0EF02B47
:10B6500008D1D5F8242A0C4B9A420AD0072400F0CE
:10B6600017F8E6E70624FAE70424204638BD00244C
:10B67000F5E7012000F092F804460028F7D1C5F85C
:10B680000C0AD8E700B002500000E020002070470C
:10B6900000207047014BC3F8040A704700B0025005
:10B6A00010B5114800F048F800B110BD0F4800F087
:10B6B00043F80028F9D10E4C204600F03DF8002850
:10B6C000F3D10C4B0C481C6000F036F80146002802
:10B6D000EBD100F02DF8044608B1204610BD00F073
:10B6E0003FF82046FAE700BFF8060020F4060020E5
:10B6F000F0060020E8060020EC06002008B5084807
:10B7000000F024F8074800F021F8074800F01EF880
:10B71000064800F01BF8BDE8084000F00BB800BF79
:10B72000F8060020F4060020F0060020EC060020B9
:10B7300000207047704700BF08B5034B02681B68C4
:10B7400010689847002008BDB806002008B5034BD4
:10B7500002685B6810689847002008BDB8060020A2
:10B7600070B5094C094D2069AB68984718B1084B72
:10B7700008485B689847084AEB6820690021116017
:10B78000BDE87040184700BFA4060020B80600209E
:10B790009C060020306203000C550120F8B51A4DBC
:10B7A0001A4E0446B26828699047E8B9184F3B68BA
:10B7B0004CB1A3B1012B19D0013B3B602869F36860
:10B7C00098470020F8BD43B9124A0121C2F800157C
:10B7D0001149D1F81029002AFBD101333B60F368ED
:10B7E000286998470020F8BD0C48F8BD0A4AD2F8ED
:10B7F0001039002BFBD1074A6FF07E40C2F80035AC
:10B80000FFF748FF3B68D7E7A4060020B8060020F2
:10B810000C55012000A0025000B00250E98FFFFF3C
:10B820002DE9F04F8DB043680293837815469A074F
:10B83000804640F10D8100240E78002E00F00A8130
:10B84000252E0BD04B1C03930134029B41463046FE
:10B8500098470028C0F2F6800399EDE74E788B1CDC
:10B86000252E0393F0D00027B946BB46BBF11F0F2E
:10B8700038D8A6F12003102B0AD8DFE803F02A09F4
:10B8800009300909092109090928092D09091F0099
:10B89000A6F13003092B33D92A2E37D11BF0400FE4
:10B8A00055F8043B40F08280002BA7BF4BF0200BE3
:10B8B0009946C3F100094BF0280B01E04BF0010B56
:10B8C000039B13F8016B0393002ECFD130E04BF0B4
:10B8D000020B4BF0040BF3E74BF0080BF0E74BF0D7
:10B8E000100BEDE7BBF17F0F19D8A6F13003092B40
:10B8F000D2D81BF0400F03D00A2101FB0737DFE746
:10B900000A2101FB09394BF0200BD9E72E2E06D175
:10B910001BF0400F40F09E804BF0400BD0E76C2EA8
:10B9200031D02BD8682E36D06A2E3CD04C2E3AD04F
:10B93000002F46F02003B8BF2BF04002A3F16501B1
:10B94000BCBF1FFA82FB0027022901D9612B2FD12E
:10B95000073525F00705DFF8ACA2083507271BF0EF
:10B96000080F66D00AEB070B56465E4563D1A4EB81
:10B970000A0A06EB0A02A9EB07096FE1742E9FD0B1
:10B980007A2E9DD0D4E71BF0800F18BF4BF4007BBC
:10B990004BF0800B94E71BF4807F18BF4BF4007BC7
:10B9A0004BF4807B8CE74BF4207B89E71F4687E7CD
:10B9B000A6F16301122900F2F080DFE811F0130014
:10B9C0004F00EE00EE00EE00EE004F00EE00EE0045
:10B9D000EE00EE00EE00FE00E900EE00EE001B00BF
:10B9E000EE00AF0055F8043B8DF8183001270DF13B
:10B9F000180AB4E755F804AB834BBAF1000F08BF3F
:10BA00009A461BF0400F14BF39464FF0FF315046A5
:10BA100018F061FB0746A2E7029B414620209847A9
:10BA200000280FDB013EB742F6D34C44A41BB146BD
:10BA300098E74E46F7E716F8010B029B41469847F8
:10BA4000002892DA98F8023043F0040388F80230B4
:10BA50004FF0FF3420460DB0BDE8F08F1BF0800F93
:10BA600034D01BF4007F2CD0073525F00705AA46FB
:10BA700069685AF8080B2BF010050029ADB237DAC7
:10BA8000404261EB410145F480650DF1180B0A233A
:10BA90005A4618F02CFBA0EB0B0301936B0662D502
:10BAA000019B25F001019F4289B240F3A180002E45
:10BAB00000F0998015F0100240F09C80BB460D46C6
:10BAC00023E0AA465AF8040BC117D4E7AA461BF490
:10BAD000807F5AF8041B01D10846F5E71BF4007F6C
:10BAE00015BF48B208B241F3C01141F3C031C2E7FB
:10BAF00050EA0103C9D11BF0400FC6D0002FC4D1BA
:10BB00002BF0110295B2BB46019740F2064115EAAF
:10BB100001021CBF0BF1010B00222CE02BF01002E4
:10BB20001FFA82FB0A231BF0800C49D01BF4007122
:10BB30001DBF073525F00705AA46AA461ABF5AF8C1
:10BB4000080B69685AF8040B50EA010545D12BF03F
:10BB500016051BF0400FADB242D0002F40D12BF0A4
:10BB6000170295B2019715F0100248D0019B002EE4
:10BB700042D103F1010B29075AD4EB0706D5D94569
:10BB80006FDD0199A9EB0B035F18CB465B4649E0DB
:10BB90004BF0100B10237826C5E7782B04D1C6F1A3
:10BBA000780343F01003BEE7029B414625209847E7
:10BBB0000028FFF647AF023447E608230026B2E725
:10BBC000AA461BF480715AF8040BBDD01BF4007117
:10BBD0001ABFC0B2614680B2B6E72BF0060295B23A
:10BBE0000DF1180B54E725F01105ADB2BB468CE7FB
:10BBF0000D46B8E73B460D4603F1020BBBE7DDF807
:10BC000004B082E7E1DB0300DADB0300CDE90432B4
:10BC10004146029B202098470028FFF613AF049B63
:10BC2000059A01339945F1DCA4EB0B01CC189B4636
:10BC30000AB3029B4146302098470028FFF602AF26
:10BC40008EB901342744019B391B994224DC1D46DF
:10BC50005DBB019AA9EB0B09224455461446914459
:10BC600035E0019F92E7023441463046029B9847F7
:10BC70000028E7DAE6E640F206410D42E2D015F090
:10BC8000020F14BF2B20202015F4806F04F1010453
:10BC9000414618BF2D20E9E7029B414630209847D6
:10BCA000002804F10104CEDACCE606AB013D4146A2
:10BCB000585D029B98470028CADAC3E6029B4146BA
:10BCC00020209847002804F10104FFF6BBAEA9EB41
:10BCD0000403002BF2DCBFE5704700F0B9BF08B5E4
:10BCE00018F037F94FF47A72A0FB020302FB01311E
:10BCF000C00B40EA4140C90B08BD38B500220446DC
:10BD00000D4604F051FE29462046002204F053FE61
:10BD100029462046002204F039FE2946204600220A
:10BD2000BDE8384004F039BE836800EBC101B3F5CB
:10BD3000004F2CBF51F8220031F81200704700EB81
:10BD4000C1018068B0F5004F2CBF41F8223021F8C6
:10BD50001230704708B50122FFF7E6FFD04008BD5A
:10BD60008368B3F5004F00EBC10108D34B681AB1EB
:10BD700043F001034B60704723F00103FAE74B885F
:10BD80001AB143F001034B80704723F00103FAE737
:10BD900053000122FFF7D3BF8368B3F5004F34BFD0
:10BDA00004230823C91A081AC0087047B0F5004FC9
:10BDB00034BF04230823481C0833A0EBD300B0FA97
:10BDC00080F0C0F11F0070472DE9F04117460322B3
:10BDD0000E460446FFF7A8FF8642054607F1040811
:10BDE0000AD1E3680122BA4023EA0203E360002398
:10BDF00044F82830BDE8F081314602222046FFF7A2
:10BE000093FF2B460646014644F82850204603225D
:10BE1000FFF795FF3346294620460222BDE8F04150
:10BE2000FFF78DBF70B50D4686680446FFF792FF99
:10BE3000B6F5004F014601D3012809D03046FFF77F
:10BE4000B5FF294602462046BDE87040FFF7BCBF5B
:10BE500070BD2DE9F04705468068FFF7A7FF05EBA9
:10BE6000800A8846DAF810900646B9F1000F1BD018
:10BE70000327DAF8104028462146FFF76BFF4045BC
:10BE800007D3324621462846FFF79EFF2046BDE8ED
:10BE9000F087032221462846FFF746FF013FCAF8F4
:10BEA000100001D08145E4D1EB6801364FF0FF343A
:10BEB000B4401C40EAD094FAA4F2B2FA82F2131D04
:10BEC00055F82340DEE72DE9F041144605460E46BD
:10BED000FFF740FFA4EB0608371B074442463146F4
:10BEE0002846FFF755FF3A4621462846FFF750FF00
:10BEF0004346002221462846FFF721FF21462846D7
:10BF0000FFF728FF3B46211800222846BDE8F041F4
:10BF1000FFF715BF2DE9F041164604460F46FFF71F
:10BF200019FF314605462046FFF714FF05442A460F
:10BF300039462046FFF72CFF31462046FFF70AFF1F
:10BF40002B46311800222046BDE8F041FFF7F7BE2E
:10BF50002DE9F0410D4686680446FFF7FBFEB6F575
:10BF6000004F014601D3012832D03046FFF71EFFB3
:10BF700004EB80010E6996B9E36801228240134305
:10BF8000E36002220D612B4629462046FFF7D7FECB
:10BF9000032229462046BDE8F041FFF7D0BE022229
:10BFA00031462046FFF7C0FE294603460746204695
:10BFB000FFF7C5FE0322334629462046FFF7BFFEA2
:10BFC00039462B462046FFF7BAFE02223146E1E70A
:10BFD000BDE8F081F8B50C460546FFF7BBFE261814
:10BFE000012231462846FFF79FFEC3070CD4314695
:10BFF0002846FFF717FF21462846FFF7ABFE2146EC
:10C0000022182846FFF786FF002221462846FFF720
:10C010008BFE271A012239462846FFF785FE10EAD3
:10C02000020613D139462846FFF7FCFE2146324668
:10C030002846FFF779FE2246211A2846FFF76AFFB5
:10C04000214632462846FFF76FFE241A214628462D
:10C05000BDE8F840FFF77CBF38B571B105682846E8
:10C06000FFF79AFE0022044601462846FFF778FEB5
:10C070002146BDE83840FFF7ADBF38BD70B5066852
:10C0800009B9002070BDB368B3EBD10FF9D9B3F58E
:10C09000004F34BF04230823CC1D1C44E408214670
:10C0A0003046FFF7D6FE05460028EAD00146304666
:10C0B000FFF750FEA04209D92C44294630462246BB
:10C0C000FFF701FF21463046FFF742FF30460122CD
:10C0D0002946FFF745FEB368B3F5004F34BF04238C
:10C0E000082303EBC5031844CCE72DE9F8430668A1
:10C0F0001446B26801F1FF39B2F5004F34BF042392
:10C10000082319EA01090F460BD0494239408B42F6
:10C110004F4628BF0B46894654B900252846BDE83E
:10C12000F8839942F8D82146BDE8F843FFF7A6BF47
:10C13000B2EBD40FF1D9E11DB2F5004F394434BF51
:10C1400004220822C91A1144C9083046FFF781FEAB
:10C1500080460028E1D0B368B3F5004F34BF042314
:10C16000082309EBC0051D4435447B1E1D44B5FB67
:10C17000F7F57D43A5EB090529463046FFF70CFE90
:10C180002C44073424F00704A41B804507464FEADB
:10C19000E40408D2024641463046FFF794FE414689
:10C1A0003046FFF7D5FE39463046FFF7D3FD384419
:10C1B000844208D2394630462246FFF784FE2146A3
:10C1C0003046FFF7C5FE012239463046FFF7C8FD6D
:10C1D000A4E72DE9F74F91460568009098460F4671
:10C1E00031B94246494603B0BDE8F04FFFF77DBF85
:10C1F000B8F1000F06D1FFF72FFF0024204603B04F
:10C20000BDE8F08FAC68B4EBD80FF6D92846FFF73D
:10C21000C3FD014606462846FFF79CFDB4F5004FD6
:10C2200034BF0421082101EBC6022A4408F10704A7
:10C23000BB1A0C441C4483460193E408B9F1000F77
:10C2400003D009F1FF32174243D15C450ED00FD223
:10C250003444224631462846FFF735FE3146012256
:10C260002846FFF77DFD2146FFF7B4FE3C46C5E7B3
:10C2700006EB0B0A012251462846FFF755FDC3077E
:10C2800027D451462846FFF765FD5844A04220D3E5
:10C2900051462846FFF7C6FD51462846FFF75AFD8E
:10C2A000A4EB0B08404509D93444514628462246A0
:10C2B000FFF709FE21462846FFF74AFE524631465F
:10C2C0002846FFF727FE012231462846FFF748FDA2
:10C2D000CCE7009842464946FFF707FF044600288E
:10C2E0008BD031462846FFF735FDAB68019AB3F590
:10C2F000004F34BF04230823C2EBC002D21A4245C8
:10C30000394628BF4246204617F0B5FE0098394608
:10C31000FFF7A2FE72E7B2F5802F2CBF082304239B
:10C32000D21A2DE9F0418C18CD1D25F0070524F017
:10C330000704641B0026E40805602146AC60EE603B
:10C340002046FFF733FD421D9200013002F107073E
:10C350004FEAD707A2F110023146B8BF324605F1C5
:10C36000100017F0B0FE3A4631462846FFF710FDA0
:10C370003346324631462846FFF7E1FCA4EB070876
:10C38000284631460122FFF7EBFC42463946FFF7CB
:10C39000FFFC3B46324639462846FFF7D0FC214693
:10C3A0002846FFF7F5FC4346324621462846FFF76C
:10C3B000C6FC214628460122FFF7D2FC3946BDE8DB
:10C3C000F041FFF7C5BD2DE9F04706460D4617467B
:10C3D00098462BB398F8004093F80190DB78A400BE
:10C3E00004EB430498F802301C4444444FF0000A24
:10C3F000CA4509D3D8F8042008F108033946304665
:10C40000AC46BDE8F047604714F8013B48F82340CC
:10C410002046E4F72BF9013004440AF1010AE7E76A
:10C420006FF01500BDE8F08770B50025024628467C
:10C43000144614F8013B0BB9184609E098B18D4237
:10C4400007D1702B04D0A3F140023A2A0BD8002068
:10C4500070BDA3F140063A2E05D853780135941CDF
:10C46000002BE9D00020252B08BF80F001002246D8
:10C47000DEE70FB407B504A951F8040B019100F0F1
:10C480006EFB03B05DF804EB04B0704710B50369B0
:10C49000024613F0080009D11368D4689C4297BF84
:10C4A000126AE31AD31A01200B6010BD002318464C
:10C4B000FAE713B501A90446FFF7E8FF20B1019B95
:10C4C000E268013B13440193206A019BC01A0138C2
:10C4D00002B010BD10B5044650182269236AD20775
:10C4E00002D5013B184010BD984228BFC01AFAE798
:10C4F00010B504460A46C168FFF7ECFF2369E06007
:10C5000023F00803236110BD38B50D46C2698B00C6
:10C51000016843F0020342F82130044601682A46CC
:10C52000FFF7D8FFE36861682060984202BF236983
:10C5300043F0080323612A462046FFF7CBFF6060E3
:10C5400038BD2DE9F74FC768C6699B4616F82730F6
:10C5500003F00303022B04468846914606EB870A44
:10C560004FF0000309D01360CBF80030236999071E
:10C5700010D4002003B0BDE8F08F56F827101360E8
:10C580008908CBF80030F1D0FFF7B2FFE368A36071
:10C590000120EFE7A3695046984716F82730DA07DD
:10C5A0000546E6D513F002031DD0B8F1000F03D005
:10C5B00041462046FFF7A8FF61682A462046FFF75C
:10C5C00089FFD4E902319942606004D12A462046AD
:10C5D000FFF780FFA060A3682360E360236943F056
:10C5E00008032361D4E7014620460193FFF780FF4B
:10C5F000E268A260B8F1000F04D02168E269019BF3
:10C6000042F8213005EB0802CBF8002021682046D3
:10C61000FFF760FF2369206043F00803236116F8E9
:10C6200027306FF3000306F82730C9F800A0AFE702
:10C6300070B504461546FFF74DFF2368834205D1C8
:10C640002369216023F00803236170BDE269AB0018
:10C6500043F0020342F82130204661682A46FFF782
:10C6600039FF6060F1E738B503695B07044606D51A
:10C67000456AFFF71EFF85422CBF6562606238BDC8
:10C6800038B50D4604461C22002117F01CFDEB684E
:10C69000A361AB6863612B68E3616B68236200226E
:10C6A00062622A6923B1591E194208BF42F0010291
:10C6B0002261012204F128000021BDE8384017F072
:10C6C000C9BA2DE9F04F87B000250093036A03959E
:10C6D0008B4204460E4692460595A94639D3EFF3A0
:10C6E000118B202383F31288BFF36F8F059AD846EE
:10C6F0002AB129462046FFF79BFF0023059304A992
:10C700002046FFF7C3FE0499B14207462AD32268A8
:10C71000E36913F8221021F0030103F8221003EB60
:10C720008209216832462046FFF7D4FEE368206084
:10C73000984212D0002788F31188BFF36F8F0399B6
:10C7400029B162690AB12046904700230393002F64
:10C75000C5D1484607B0BDE8F08F236943F0080310
:10C760002361E7E718B12046FFF7CEFEE3E7009B21
:10C770005AEA03021CD0019117F0CEFA0199B8B918
:10C78000BBF1000F14D187F31188BFF36F8F009BAB
:10C79000524604F12800FDF71BFEEFF31188202319
:10C7A00083F31288BFF36F8FB0FA80F77F09C2E777
:10C7B00005AB03AA20462568FFF7C3FE0746BAE784
:10C7C00070B50446836908460D4698470246EFF364
:10C7D0001186202383F31288BFF36F8F2B7843F0E9
:10C7E00001032B7061682046FFF774FE60602046ED
:10C7F000FFF739FF86F31188BFF36F8F70BD2DE906
:10C80000F04104462027EFF3118687F31288BFF327
:10C810006F8F236913F0080FA36802D162689342F7
:10C8200000D9226AE169D21A32B986F31188BFF3BE
:10C830006F8F4FF0000833E011F8232012F003004F
:10C8400001EB8308F1D0022803D151F82350AD0841
:10C8500005D1D00712D4A369404698470546A16880
:10C860002A462046FFF736FE2946A0602046FFF7FD
:10C870003FFE86F31188BFF36F8FC4E742F00202D8
:10C8800001F823204046A369A56898472946024637
:10C890002046FFF71FFEA06086F31188BFF36F8F5D
:10C8A0004046BDE8F081F8B50446836908460D4668
:10C8B00098470646EFF31187202383F31288BFF3CE
:10C8C0006F8F2B786FF300032B7023699B0705D5BF
:10C8D000E268E36903EB82039D421AD12B786FF380
:10C8E00041032B70D4E90231994204D132462046EB
:10C8F000FFF7F0FDA06031462046FFF7F9FD87F312
:10C900001188BFF36F8F04F12800BDE8F840FDF7F0
:10C910002BBD2B6860F39F032B60F0E7EFF31181D1
:10C92000202383F31288BFF36F8F036913F0080F7E
:10C93000836802D14268934200D9026AD31A81F314
:10C940001188BFF36F8F181E18BF01207047038B2B
:10C9500013F0070305D10368002B0CBF0020032050
:10C960007047022B05D1408BB0FA80F0400980005F
:10C970007047012B05D10368002B0CBF0020052058
:10C9800070470020704710B50C4600B111B96FF028
:10C99000150010BD081D00F093F80028F9D1A36818
:10C9A000032BF6D9F3E72DE9F0410D46074619466A
:10C9B000281D90461E4600F097F8044638B13346CD
:10C9C000424629463846A446BDE8F0416047BDE8E6
:10C9D000F08110B4EFF31182202484F31288BFF3A6
:10C9E0006F8F416110BC0121E5F742BB38B50C46A1
:10C9F000054658B151B10B6843B14B6833B11C22A5
:10CA0000002117F060FB2C61002038BD6FF015008D
:10CA1000FBE770B505460E46FFF7B5FF041E14DBB5
:10CA2000EFF31182202383F31288BFF36F8F6B8B98
:10CA30002C8B4FF6FF718B4204F0070407D182F371
:10CA40001188BFF36F8F6FF00A04204670BD022C6F
:10CA50000CD101336B8382F31188BFF36F8F0023F6
:10CA6000224631462846FFF79EFFEEE7062C14D8F3
:10CA7000DFE804F004131313041A040000233360E6
:10CA80006B683BB9C5E90066ACB902212846E5F7F9
:10CA9000EFFADAE71E606E60F6E782F31188BFF303
:10CAA0006F8F6FF00404D0E782F31188BFF36F8FAC
:10CAB0006FF08504C9E782F31188BFF36F8FC4E775
:10CAC000034640B1426802F00302022A06D0032A5C
:10CAD00004D0012A05D06FF0150070471A68002AAB
:10CAE000F9D000209860704710B54268816002F06C
:10CAF0000302022A03464FF0000407D0032A02D0A3
:10CB00005C60002001E018685C6010BD18685C6023
:10CB10000028F6D0FEF73AFCF3E7704703785B078E
:10CB20005FBF03684288C3F34A2303EB12105DBF63
:10CB3000173020F007008008002070470020704761
:10CB400000F040BB0346BFF35B8F53E8000F421C6D
:10CB500043E800210029F8D1BFF35B8F70471FB570
:10CB60000023CDE90201CDE900331A4619461846E3
:10CB7000E5F7B4FE05B05DF804FB0120E5F758BC0D
:10CB80000020704770B5D2E901369B1B8B420C46E2
:10CB900015460AD313680A460146981917F06BFA2E
:10CBA000AB682344AB60204670BD6FF01B00FBE711
:10CBB00070B50E4615461946044618B9BDE87040D2
:10CBC000E5F736BC33B1C2F34A231030120D1844D6
:10CBD00017F051FAC4E900562046BDE87040E5F769
:10CBE000C5BD2DE9F3415F1C4FEA8708064608F1F1
:10CBF000170020F0070080080C461546E5F78CFC6E
:10CC00000023ADF805308DF807308DF8047068B159
:10CC10000346019A43F8102FA8F104012A4629443B
:10CC200052F8045B43F8045F8A42F9D1A20102F48E
:10CC3000E07242EA482222F07F4222F4700200238E
:10CC400022F03F02314602B0BDE8F041FFF7B0BF2D
:10CC500007B50123019201AAFFF7C3FF03B05DF8F6
:10CC600004FB07B5CDE9002302236A46FFF7B9FFAD
:10CC700003B05DF804FB1FB5CDE90123069B0393C8
:10CC800001AA0323FFF7ADFF05B05DF804FBF8B57B
:10CC900006460D4614461F4604B9F8BD21462846EF
:10CCA0003A46B047241A0544F6E710B54268816851
:10CCB0000446D2E900230068FFF7E9FF6368002219
:10CCC0001A6010BD38B54B681A68CB689A420546A1
:10CCD0000C4602D10846FFF7E8FF6368BFF35B8F9D
:10CCE00053E8002F511C43E800100028F8D1BFF38F
:10CCF0005B8FA3689D54002038BD0A2838B50446D0
:10CD00000D4602D10D20FFF7DDFF29462046FFF733
:10CD1000D9FF002038BD2DE9F043054687B008460D
:10CD20000E8891F80090D1F808800C461746E5F778
:10CD300025FE011EC6F38216C9F3C2091EDB484652
:10CD4000E5F726FD03462146608851F8102B019631
:10CD5000C2F34A22002A01EB0204C0F30B1008BF01
:10CD600000210022CDE90407CDE9021400924146DA
:10CD70002846E5F72FFE07B0BDE8F0830023E2E781
:10CD800008B50020E5F75EF901460068E6F764B9EA
:10CD900008B5E6F7BDF9BDE80840E6F7DDB90A4693
:10CDA0000121FFF755BF00210120E6F755B961B613
:10CDB00062B680F31188BFF36F8F704772B600239D
:10CDC00083F31188BFF36F8FBFF34F8F30BF62B60D
:10CDD000BFF36F8F704772B6002383F31188BFF3E0
:10CDE0006F8FBFF34F8F20BF80F31188BFF36F8F1A
:10CDF00062B67047202809D9B0F1004F08D8013831
:10CE0000B0FA80F0C0F11F00400070470820704762
:10CE10003E20704708B5D1E904319847002008BD8D
:10CE20000369C9B20C2201FB0233186C00F0070041
:10CE3000704770B5C9B20369EFF31185202484F3FC
:10CE40001288BFF36F8F0C2606FB0134246C14F09C
:10CE5000C00408D0A24206D085F31188BFF36F8FBB
:10CE60004FF0FF3070BD71430B4401221A6485F30B
:10CE70001188BFF36F8F43680B445B6898470020AD
:10CE8000F0E78022FFF7D5BFF8B5069F0469C9B265
:10CE9000EFF31186202585F31288BFF36F8F0C25E1
:10CEA00069430C44256C05F0070CBCF1010F0BD154
:10CEB000276486F31188BFF36F8FC4E90E2343689C
:10CEC0005B5898470020F8BD05F0C005AF4286F3D7
:10CED0001188BFF36F8F0CBF6FF077004FF0FF30FA
:10CEE000F1E713B580240094FFF7CEFF02B010BD28
:10CEF00010B40069CBB21C2403FB0400002110BC59
:10CF000010470020E8F7A8BA002000F06DB91046DD
:10CF1000FDF72ABA43685B68D3F810350B60002030
:10CF2000704743685B6802EA010021EA0201C3F826
:10CF30000805C3F80C150020704743685B680020A3
:10CF4000C3F80815704743685B680020C3F80C15E8
:10CF5000704743685A68D2F8043521EA03000B4051
:10CF6000C2F80805C2F80C350020704710B50369F7
:10CF70005868F8B1884219D19C6808685860A14285
:10CF800000D19860002008602AB15A680A609A6847
:10CF9000596002B99960002010E0814206D108680A
:10CFA000206098688142EDD19C60EBE70446006800
:10CFB0000028F2D1002AE8D16FF0150010BD30B57D
:10CFC00043681360057A446804EBC504A34202D3A6
:10CFD0006FF0010030BD5C798C4201D00833F0E77E
:10CFE0000020F7E7FFF734BE002201212F20E6F7EB
:10CFF00005BC10B50B6813B91360184605E003684B
:10D000005C681CB114600368186810BD08330360C5
:10D010000B68013B0B60EDE713B5002101AA044644
:10D02000FFF7CDFF002805DB019B226819791868FE
:10D03000E7F798F902B010BD03460A46006819796F
:10D04000012303FA01F103691B68194218BF82F03A
:10D05000010212B18368DB68184783681B69FBE72C
:10D0600010B504460068D0B18368C3B149B101214D
:10D070000830FFF7E1FF23681869BDE8104016F09B
:10D080002EBD12B98388DB0409D4006916F027FD90
:10D0900020680021BDE810400830FFF7CDBF10BD6B
:10D0A00010B5012200210446FFF7DAFFA36933B966
:10D0B000636004F11000BDE81040FDF755B910BDE4
:10D0C00010B5006903688B4206D190F87C4034B9F2
:10D0D000FFF7E6FF204610BD6FF01500FBE76FF08D
:10D0E0000F00F8E738B5046994F84C3005466BB981
:10D0F000216404F12800FDF737F9002284F87C2030
:10D1000028691146BDE83840FFF7AABF636C43B1F8
:10D1100022689288D20701D501B9216FA26C2846F6
:10D12000984723689B8813F40053E6D1636004F1A9
:10D130001000E0E71FB5079C0294069C01940124AF
:10D140000094E7F729FB04B010BD1FB50024CDE91A
:10D1500001440094E7F720FB04B010BDF8B50C467D
:10D16000054600F0D4F80022214606462846E8F796
:10D17000BFFC03212046E7F72DFD00F023F807460A
:10D180002B689B5953B100262146284600F0BDF874
:10D1900020460121E7F71EFD3046F8BD00F012F8E9
:10D1A000C01B0628ECD96FF07306EDE700F15003C1
:10D1B0009B009BB203F1804303F5883300221A6081
:10D1C0001B68704708B5E7F7CBFD08BDFEF738B917
:10D1D00008B5E5F755FEE5F729FFBDE80840FEF77D
:10D1E0002FB9004716F07BBCE8F7B2B8F7B501904D
:10D1F00001A8DDE9084716461D46E8F7BFF9019B7F
:10D20000B6F1000C18BF4FF0010C00EB83000B1EB1
:10D2100018BF0123002D43EA4C0314BF4FF00C0C40
:10D220004FF0000C002C43EA0C0314BF4FF4E06CE9
:10D230004FF0000C002F43EA0C03D0F8002714BF76
:10D240004FF4403C4FF0000C43EA0C0322EA030386
:10D2500001B109780EB13678760019430DB12D78F9
:10D26000AD0031430CB12478240229430FB13F783B
:10D270003F040C433C43C0F8004703B0F0BD1FB56A
:10D280000DF10F03019300238DF80F1000931A4640
:10D290001946FFF7ABFF05B05DF804FB08B5014682
:10D2A000E8F7BEF940B10846E8F7A2F900B28000FD
:10D2B00000F5807080B208BD4FF4BE70FBE738B552
:10D2C000054608460C46E8F7ABF9B0B10846E8F762
:10D2D0009BF990B90846E8F78BF92A680123834047
:10D2E000C2F808332A6803B202EB8303D3F810258F
:10D2F00022F00302C3F8102538BD20460021BDE806
:10D300003840FFF7BCBFE8F711BAFFF7D8BF0846AF
:10D31000FFF7C4BF70B5A2F58074A408012606FA11
:10D3200004F4054614EA010008D0A85830B10021E1
:10D33000A950AA581A6822431A60304670BD2DE9D8
:10D34000F341002304460D460193904601AB4FF490
:10D35000A672FFF7DFFF4FF4827229462046FFF7DF
:10D36000D9FF4FF48C72074629462046FFF7D2FFBB
:10D37000064630B1B8F1000F1DD017B1D4F83C35D6
:10D380003E4601AB4FF4887229462046FFF7C2FFA4
:10D3900030B1B8F1000F03D016B90FB1D4F83C3555
:10D3A00001AB4FF4907229462046FFF7B3FF019876
:10D3B00002B0BDE8F0814646E3E707B5019001A859
:10D3C000E8F7CCFC019A01239340C0F8083503B07C
:10D3D0005DF804FB07B5019001A8E8F7BFFC019ACE
:10D3E00001239340C0F80C3503B05DF804FB70B521
:10D3F00006460020EFF79CF9002504460CB92846A4
:10D4000070BD20460DF0FAFD01280AD020460DF02F
:10D41000FBFD864208BF25462046EFF789F9044602
:10D42000ECE72546EBE72DE9F047037FDC070546EF
:10D430008846924602D50020BDE8F087C668BEB196
:10D4400037464FF0010931462846D047B8420446D6
:10D45000F1D03E46ACB92B7F1907ECD5B9F1000FDE
:10D46000E9D02846C047044636B14FF00009F1E73D
:10D470001A07F6D488470446002CDCD026464FF025
:10D480000009206800F019FC030638D4276837BB70
:10D49000EB68A342CFD073B128461E68FFF7A7FF01
:10D4A000142102463046E9F767F80128C3D1EB683A
:10D4B000186801F0F1FEEC6028462468FFF797FF3A
:10D4C000132102462046E9F757F80128B3D1EB684B
:10D4D000186801F0E1FE2B69A3B90120ACE7012136
:10D4E000384600F0DEFB20B9384603F020FB074643
:10D4F000CDE70121384600F0D4FB0028C8D03746DC
:10D500002646A0E728469847E7E770B5064600F0AC
:10D51000D6FB0446002838D0C368E3B11B68B34289
:10D5200019D1037FDA0744BF6FF3000303770FF0CD
:10D53000CFFBE368834229D120460FF0CCFBE368A0
:10D54000984223D105682046FFF751FF1421024677
:10D550002846E9F711F8E36823B11B68B34204BF1A
:10D560000023E36020460FF0B3FB054668B12B684B
:10D57000B342294620461CD10FF06AFB2846F1F73A
:10D58000DBFFB3680BB100225A6070BD237FC3F389
:10D59000C00543F0080323775B07204606D4E8F76D
:10D5A00059FF237F65F3C3032377D4E7E8F766FFCA
:10D5B000F7E70FF093FBD8E770B50D46044618B3B4
:10D5C0000846FFF7A2FFAB6813B9284600F0A5FD97
:10D5D000AB6820465C600FF01FFB0646A0B10560FB
:10D5E00020460FF075FB86420ED1237FC3F3C005A2
:10D5F00043F0080323775B07204606D4E8F72AFFA9
:10D60000237F65F3C303237770BDE8F737FFF7E7A0
:10D6100010B1C06800B10068704738B5027FC2F32E
:10D6200040048C42034617D061F341020277FFF7B2
:10D63000EFFF044680B1DA6818461568FFF7D7FE99
:10D64000132102462846E8F797FF012804D1204617
:10D65000BDE8384001F020BE38BD10B1007FC0F3F6
:10D66000400070472DE9F3414E680C462EB330461A
:10D67000E9F79EFE0746304602F01FF8102280466A
:10D6800000213046B56902F088FD2B18A3EB080392
:10D69000A361013B2362019012220021304675698B
:10D6A00002F07BFD0544E81B60610138E0614BF648
:10D6B0007633636202B0BDE8F08141F67603F8E7A5
:10D6C0002DE9F04FB0F828B08B4589B00446884664
:10D6D00007D00A46594602F0BBFD814620B9A4F89E
:10D6E000288009B0BDE8F08F204601F0D5FD204626
:10D6F000A4F8288002F0E7FE4FF42070F1F70AFF4B
:10D7000000266FEA0803074635460793628DC2F389
:10D710000513B3421BD9202D19D0E16801EBC60CCB
:10D72000F000DCF80430C3F3170E9BB20593DDF86C
:10D7300014A0079B13EA0A0F38D19CF8073013F0A6
:10D74000020309D00136C2F305139E42E5D3142328
:10D750003E4603FB057566E00A58117A1268FF29F8
:10D7600020D002EB8100994220D910F801ABBAF128
:10D77000660F1DD152F8233004E0662B02F1080237
:10D7800010D14B680EF47F02069200211A6812F83D
:10D7900001A0BAF1000F09D0202D07D000203A4691
:10D7A00003901BE013781146002BE6D10136ADE75C
:10D7B0000133D8E7107A50450CD15068049000F43A
:10D7C0007F0E0698864505D1BDF81000DDF814E0FF
:10D7D00070451CD20398013003901432039885429F
:10D7E000E8D114226A43D3F80CE027F802E0B81815
:10D7F0001A6942809A68C2601A68525C02725A685A
:10D800000261DCF80420C2F31702426001350131E5
:10D81000BCE77168009643465A4601F47F012046F2
:10D82000EAF73CFA1436B542F3D13846F1F784FEF4
:10D8300009F0FD03012B08D1FF224FF4702120468F
:10D8400009B0BDE8F04FEAF7EFB8B9F1020F7FF485
:10D8500048AF204601F020FD204609B0BDE8F04F5A
:10D8600001F0C6B82DE9F041A6B005460EF0DDFF87
:10D87000064628460EF0D5FF1A2E044674D12846D7
:10D880000EF0D7FF0378022B054609D02D22002188
:10D89000204602F082FC06460A9020B102232B703B
:10D8A00026B0BDE8F08101460C22204602F075FC4E
:10D8B000682207460A903146204602F06EFC692233
:10D8C00080460A903146204602F067FC0A90636960
:10D8D0000A93A3690B93E3690C930246236A0D93A1
:10D8E00041460AA80EF00EF968683A460AA90EF0F9
:10D8F000DFF908B90123D2E71D223146204602F0A4
:10D900004CFC0690C0B2FC28F4D95F223146204678
:10D9100002F043FC0690C0B2FC28EBD9202231462D
:10D92000204602F03AFC0690C0B240B125223146B2
:10D93000204602F032FC0690C0B2FC28DAD926223A
:10D940000021204602F029FC069020B1827A0023B3
:10D9500003309A4201D80023A1E703EB8301415C25
:10D96000FC29C7D90133F4E71D2E38D1284601F030
:10D970008EF806460AA8ECF741FD0AAA00212046C7
:10D9800000F08CFC35220021204602F006FC0690B7
:10D9900028B19DF8713043F020038DF87130682272
:10D9A0000021204602F0F9FB69220546069000217D
:10D9B000204602F0F2FB069063690693A369079381
:10D9C000E3690893236A09930246294606A80EF0E4
:10D9D00099F806AA0AA9304604F0C1F960E7202E9A
:10D9E0007FF45EAF284601F052F806AA064602A967
:10D9F000204601F024FF02A80EF07AF8002800F07B
:10DA0000AF800AA8ECF7FAFC1D224FF480312046C3
:10DA100002F0C3FB0190C0B202288DF8480010D973
:10DA20001C224FF48031204602F0B7FBC0F30722DE
:10DA3000C0F3074301908DF849008DF84A208DF816
:10DA40004B3032224FF48031204602F0A6FB019089
:10DA5000C0B202288DF8700017D930224FF48031FF
:10DA6000204602F09AFB002801901B9040F3B980F9
:10DA700031224FF48031204602F08FFBC0F3074380
:10DA80000190ADF866008DF868303E224FF4803189
:10DA9000204602F082FBC3B2022B01908DF8943035
:10DAA00023D93C224FF48031204602F076FB002837
:10DAB0000190219040F3998042224FF4803120461A
:10DAC00002F06BFB3D22019024904FF48031204600
:10DAD00002F063FBC0F30722C0F3074301908DF807
:10DAE00081008DF882208DF883304FF480312046FC
:10DAF00002F0B9FCFC280BD89DF8483013FB00F36A
:10DB0000C3F307238DF848308DF870308DF89430CA
:10DB10009DF870209DF8483013439DF894201343DE
:10DB200024D00C224FF48031204602F036FB0190C5
:10DB3000119002A80DF0DCFF30B1002302AA0AA95F
:10DB400030460C9304F00BF906A80DF0D1FF68B134
:10DB5000012306AA0AA930460C9304F000F905E057
:10DB600006A80DF0C5FF00287FF44BAF302200213E
:10DB7000204602F012FB0A9000283FF491AE3522B5
:10DB80000021204602F009FB0A9000283FF488AEED
:10DB900000250AA8ECF732FC0AAA294620468DF88F
:10DBA00048508DF863508DF880508DF8945000F0F7
:10DBB00075FB68222946204602F0EFFA69220746E3
:10DBC00006902946204602F0E8FA0690636906931B
:10DBD000A3690793E3690893236A099302463946C8
:10DBE000F4E600238DF870304FE700238DF8943071
:10DBF0007BE770B5436A194288B004460D4636D0BB
:10DC0000E8F738FDEA0606460CD504AA6946204620
:10DC100001F015FE6946204601F013FB04A92046D9
:10DC200001F00FFB636A23EA05036362EB070ED57D
:10DC3000204601F031FB2046E8F71CFD38B12046B4
:10DC400002F075FF01F0DBF8204601F0D8F820461D
:10DC5000E8F710FD864202D115F0C07F07D02046BC
:10DC600002F065FF08B0BDE8704001F0C8B808B028
:10DC700070BD038D43EA010231EA030302D011466D
:10DC8000FFF71EBD7047038D0A461A4223EA0101C1
:10DC900001D0FFF715BD70470AB1FFF7EABFFFF7E4
:10DCA000F2BF436A99430CBF012000207047436ACA
:10DCB000194214BF012000207047008D7047806812
:10DCC00000B140687047F0B5084689B00D460EF0C7
:10DCD000ACFD064628460EF0A4FD012E044605D1F3
:10DCE000202109B0BDE8F040FFF7C3BF033E2F2E4F
:10DCF0005AD8DFE816F04C00590059005900590075
:10DD000059005900590030001301590015015900FC
:10DD1000590063005900ED002C015900590093018E
:10DD200098019A018D01830159008D015900590014
:10DD30008D015900590059005900590059005900E6
:10DD400059005900510159007C01590059005900EE
:10DD500059002E0153002021FFF795FF28460EF0B1
:10DD600068FD0DF072F9F8B9636A1E071CD5238DA2
:10DD7000DD074FF00101204633D4FFF77AFF002280
:10DD80002321204609B0BDE8F040E8F7F5BB20218B
:10DD9000204609B0BDE8F040FFF775BF02F0FDFE78
:10DDA00000250646B54201D109B0F0BDA3681B6845
:10DDB00053F8250001F023F80135F3E7436A18070B
:10DDC00015D5284600F06BFE132802D1012120460C
:10DDD000D3E71128FAD0142801D0122804D1012148
:10DDE0002046FFF750FFCAE70A28DDD0C7E703F453
:10DDF0000163B3F5016FD7D1204600F0C8F90028C0
:10DE0000D2D12046E9F7D4FA07462046E9F728FBA5
:10DE10000646284600F043FE12280DD1204601F0A8
:10DE200047FC0546204601F05FF8011EB8BF0331EC
:10DE3000002205EBA1010EE0112812D1204601F0CD
:10DE400037FC0546204601F04FF8011E00DA033189
:10DE50000022A5EBA101204609B0BDE8F040E9F79A
:10DE600019BC13281BD1204601F007FC8107D5D02F
:10DE7000002F01DC002ED1DD204601F014FC054608
:10DE8000204601F02EF8011EB8BF0331002205EB39
:10DE9000A101204609B0BDE8F040E9F7E7BB14282E
:10DEA00082D1204601F0E9FB8207C7D0002F01DCB8
:10DEB000002EC3DD204601F0F6FB0546204601F0AA
:10DEC00010F8011EB8BF03310022A5EBA101E0E765
:10DED000436A5B0502D5012101F095FC2046FFF75E
:10DEE000EEFEFFF7BAFB0646EEF72CFC10B928460B
:10DEF000E8F7B0FB0DF082F8022808D0042814BF20
:10DF0000022106212EB141F008012046E9E6062152
:10DF1000F8E72046FFF7ADFE082139E74021F4E796
:10DF20004021FFF7B0FE204601F09EFB02287FF45F
:10DF30003BAF04AA6946204601F081FC69462046B1
:10DF400001F07FF904A9204601F07BF92CE70E21AE
:10DF50001EE70A22002102F020F91622049005464D
:10DF60000021204602F019F9049080B208B9EDB200
:10DF700015B1204600F043FF204602F00EFE0025BA
:10DF80000646B5423FF410AFA3681B6853F825005E
:10DF900000F035FF0135F4E70122002102F0FDF821
:10DFA0000222049000210746204602F0F6F80A22D9
:10DFB000049000210646204602F0EFF81622049055
:10DFC00005460021204602F0E8F8049080B240B9EE
:10DFD000EDB235B96FF040439F4202D09E427FF4CC
:10DFE000E3AE204609B0BDE8F04000F008BF90F86D
:10DFF0002A3043F0020380F82A30F2E7002100F0D3
:10E000008BFC0146284609B0BDE8F04000F05FBD3A
:10E01000284609B0BDE8F040FFF724BC2021FFF7F7
:10E0200032FE4021B4E610216FE71021B0E610B5B2
:10E0300008460C46F0F758FC0020E9F7EFFC2046B4
:10E04000E9F7B4FD0120E9F7E9FC00212046F0F7EB
:10E050008BFB2046FFF733FE10B12046FFF755FA41
:10E06000A3687BB1186820B1F1F766FAA3680022B3
:10E070001A60A06808300EF0B8FBA068F1F75CFAEF
:10E080000023A36010BDF0B5436A31EA030389B0F1
:10E0900004460D4626D0E8F7EDFAE907074623D4F3
:10E0A000636A2B4363622046E8F7E4FA874202D1B1
:10E0B00015F0C07F07D0204602F039FD00F09FFE2A
:10E0C000204600F09CFEEB060CD504AA69462046CB
:10E0D00001F0B5FB6946204601F0B3F804A92046DB
:10E0E00001F0AFF809B0F0BD204601F0D5F8636A41
:10E0F0002B436362238D9A07D5D52046FFF7DFFDBA
:10E1000006460028CFD0E8F7A5F93046FFF780FA99
:10E110000028C8D001F0C0F8C5E710B583680446F0
:10E120007BB93420F1F7F6F9A06050B1438E43F487
:10E1300070734386A26892F8323043F0030382F88A
:10E14000323010BD18B10068431A58425841704728
:10E1500070B50E68336805460C461BB10B60FFF7BF
:10E16000F7FF2660736823B121462846BDE870405A
:10E17000184770BD10B50446206883680BB121466E
:10E18000984723681B680BB12360F5E710BD006852
:10E1900038B190F8203013F00303F8D0013B584217
:10E1A00058417047006838B190F8203013F00C03E4
:10E1B000F8D0043B58425841704738B50446B0B3D4
:10E1C00000F01DFE0020E9F729FC204610F0A1F820
:10E1D00021462068FFF7BCFF0120E9F71FFCFF2262
:10E1E0004FF470212046E9F71FFC204600F0C2FEE4
:10E1F000E8F72AF9024638B12046FFF7D3FF18B1F5
:10E2000021461046FFF7D8F9204602F090FC05465B
:10E2100068B122462A21E8F7AFF9224628462B2189
:10E22000E8F7AAF92046BDE8384001F035B838BD16
:10E2300030B51C2285B004460D4601F0AEFF2946DC
:10E240000246204601F0DDFF0346DAB2002062F309
:10E250000700C3F3072262F30F20C3F3074363F3FE
:10E26000174005B030BD30B5582285B004460D4684
:10E2700001F093FF29460246204601F0C2FF034603
:10E28000DAB2002062F30700C3F3072262F30F2023
:10E29000C3F3074363F3174005B030BDF0B5C2E9DF
:10E2A000000187B006460D46144602F0DCF807462A
:10E2B00075B102280CD8002384F8203084F83B3054
:10E2C00084F8483084F8583084F86C3007B0F0BDDA
:10E2D0000C222946304601F060FF94F8203005906A
:10E2E000E0615BB31D222946304601F056FF0590E0
:10E2F000C0B2022884F8200020D929463046FFF712
:10E3000097FFC0F3072384F82100C0F3074084F887
:10E310002300294684F822302622304601F03DFFB2
:10E3200001460590002800F00781C37A1A0700F023
:10E3300003810C2204F124000FF00BFE94F8483006
:10E3400073B330222946304601F027FF0590606400
:10E3500030B332222946304601F01FFF0590C0B28B
:10E36000022884F848001BD934222946304601F09F
:10E3700014FF94F84930059060F3040384F84930A1
:10E3800031222946304601F008FF29460246304630
:10E3900001F037FFC0F307430590E08784F8403071
:10E3A00094F8583053B338222946304601F0F5FE30
:10E3B0000590206510B33A222946304601F0EDFE63
:10E3C0000590C0B2022884F8580017D93B2229468C
:10E3D000304601F0E2FE392205906065294630465C
:10E3E00001F0DBFE29460246304601F00AFFC0F389
:10E3F00007430590A4F84A0084F84C3094F83B3069
:10E400006BB328222946304601F0C7FE05902063F1
:10E4100028B329222946304601F0BFFE0590C0B23C
:10E42000022884F83B001AD9206B03F0F4F9022883
:10E4300040F0D5805A222946304601F0AEFE2946EA
:10E44000059060633046FFF70EFFC0F3072384F8A2
:10E450003800C0F3074084F8393084F83A0094F863
:10E460006C30002B41D03C222946304601F095FE0D
:10E470000590E065002838D094F86C30022B34D930
:10E480003E222946304601F088FE0590C0B202289F
:10E4900084F86C0029D940222946304601F07DFEDF
:10E4A0004122059020662946304601F076FE422240
:10E4B000059060662946304601F06FFE3D220590CA
:10E4C000A0662946304601F068FE294602460590BE
:10E4D000304601F096FEC0F30722C0F3074384F8EC
:10E4E000590084F85A2084F85B30FC2F3FF6EEAEDA
:10E4F00094F8203013FB07F31B1284F8203094F8B3
:10E500003B3013FB07F31B1284F83B3094F8483080
:10E5100013FB07F31B1284F8483094F86C3013FB9C
:10E5200007F31B1284F86C3094F8583013FB07F390
:10E530001B1284F85830C9E620222946304601F0E3
:10E540002CFE94F82F30059060F3030384F82F30ED
:10E550001B073FF4F3AE29463046FFF769FEC0F3D0
:10E56000072384F82400C0F3074084F8253084F89A
:10E57000260023222946304601F00FFE2946024696
:10E58000304601F03EFEC0F30743C0F3072284F893
:10E590002B30059084F8290084F82A20294621226E
:10E5A000304601F0FAFD2222059084F82800294621
:10E5B000304601F0F2FD2422059084F82D00294612
:10E5C000304601F0EAFD2522059084F8270029460F
:10E5D000304601F0E2FD059084F82C00AEE62A22D8
:10E5E0002946304601F0D9FD29460246304601F061
:10E5F00008FEC0F307430590208784F83A302B22A9
:10E600002946304601F0C9FD2C22059084F83C00D3
:10E610002946304601F0C1FD0590003818BF0120A1
:10E6200084F83D001BE773B5C2E900011446592286
:10E6300006460D4601F0B1FD0190C0B2022884F8F3
:10E640004C0053D92946304601F00DFFFC289FBFEE
:10E6500094F84C3013FB00F0001284F84C0094F84E
:10E660004C30022B42D929463046FFF7FCFDC0F35F
:10E67000072384F83000C0F3074084F8313084F871
:10E6800032005B222946304601F087FD5C22019072
:10E6900020642946304601F080FD5D220190E06350
:10E6A0002946304601F079FD94F85030019060F32E
:10E6B000020384F850305DB167222946304601F0EC
:10E6C0006CFD94F85030019060F3C50384F850302D
:10E6D0005A222946304601F060FD5E2201906062B8
:10E6E0002946304601F059FD84F84E0002B070BD55
:10E6F000F7B5C2E900011446442205460E4601F072
:10E700004CFD0190C0B2022884F84C004BD9314630
:10E71000284601F0A8FEFC289FBF94F84C3013FB5C
:10E7200000F0001284F84C0094F84C30022B3AD9D7
:10E730004FF48073002205F11407C4E90B236363CF
:10E7400038460DF046FD00EBD0704010206438468E
:10E750000DF044FD00EBD07040106064462231465D
:10E76000284601F01AFD4522019084F84B003146FD
:10E77000284601F012FD31460246284601F041FDCF
:10E78000C0F307430190A4F8480084F84A3056B11A
:10E7900067223146284601F000FD94F84D3060F3C1
:10E7A000020384F84D3003B0F0BD73B5C2E9000137
:10E7B00014464D2206460D4601F0EFFC0190C0B212
:10E7C000022884F83C0055D92946304601F04BFE1A
:10E7D000FC289FBF94F83C3013FB00F0001284F833
:10E7E0003C0094F83C30022B44D94822294630465C
:10E7F00001F0D3FC0190206300283BD04C22294635
:10E80000304601F0CAFC29460246304601F0F9FCC8
:10E81000C0F307430190A08584F82E304922294691
:10E82000304601F0BAFC0190606330B14A222946BB
:10E83000304601F0B2FC0190A0634B2229463046DD
:10E8400001F0ABFC94F83D300190003818BF012076
:10E8500060F3C30360F3041384F83D3055B16722BD
:10E860002946304601F099FC94F83D3060F30203EC
:10E8700084F83D3002B070BD73B5C2E900011446A2
:10E88000502205460E4601F088FC019020620028C7
:10E8900040D053223146284601F07FFC0190C0B29F
:10E8A000022884F83C0035D93146284601F0DBFDCA
:10E8B000FC289FBF94F83C3013FB00F0001284F852
:10E8C0003C0094F83C30022B24D952223146284691
:10E8D00001F063FC314602460190284601F091FCAC
:10E8E000C0F30743A3770090A08354223146284603
:10E8F00001F053FC51220090A0633146284601F0FC
:10E900004CFC94F83D30003818BF012060F3000340
:10E9100084F83D3002B070BDF7B53C2205460E4686
:10E9200001F03BFC0446019080BB002438223146B4
:10E93000284601F032FC0746019090B13A22314658
:10E94000284601F02AFC0190C0B2022809D93B22D6
:10E950003146284601F021FC0744BC420190B8BF73
:10E960003C4631466822284601F017FC69220746DA
:10E9700001903146284601F010FCB842B8BF384635
:10E980000028C8BF2418204603B0F0BD3E223146FF
:10E99000284601F002FC0190C0B20228C5D94222EB
:10E9A0003146284601F0F9FB04EBD47464100134BD
:10E9B0000190044440223146284601F0EEFB4122FA
:10E9C000074601903146284601F0E7FB00280190F8
:10E9D000B8BF4042002FB8BF7F42B842ACBF241836
:10E9E000E41924EAE474A1E7806800B1C06A7047C2
:10E9F00037B50446FFF7F8FF002301AA05461B219F
:10EA000020460193E7F7B8FDA268019B42B1D362AB
:10EA1000019BAB4202D0204600F03EFC03B030BD6B
:10EA2000002BF5D02046FFF778FBA368019ADA6245
:10EA3000EEE7806818B190F83300C0F381007047AA
:10EA400010B50C4670B90B68186868B1C3684BB153
:10EA50000023E360C36821469847207EC04300F04E
:10EA6000010010BD0068F0E70120FAE72DE9F04150
:10EA700007460C4615461E46FFF74FFBB86833465F
:10EA80002A4621460830BDE8F0410DF091BE83686A
:10EA90001C3B052B01D80DF0CCBE0020704708B5FB
:10EAA0008368112B01D0002008BD0DF0C2FE0028A4
:10EAB000F9D00068F8E708B58368122B01D0002070
:10EAC00008BD0DF0B6FE0028F9D00068F8E710B5D3
:10EAD00083681B2B0C4606D10DF0ABFE0368A342E6
:10EAE000ACBF0360046010BD00B9704783682BB1F0
:10EAF00093F8333003F00C03082B01D04068F3E7A0
:10EB00000120704707B52722002101F046FBC0B263
:10EB100003B05DF804FB73B512220021064601F034
:10EB20003CFB3022044601900021304601F035FBC9
:10EB30003422054601900021304601F02EFB4307A8
:10EB400048BF6419204602B070BD2DE9F04F8BB06C
:10EB5000924605916E22002104461D4601F01DFBE0
:10EB60006C220890002106468346204601F015FBE2
:10EB70006D2201280890074681464FF0000120468B
:10EB8000B8BF012701F009FB012880460890B8BFF3
:10EB90004FF001082EB9B9F5807F02D1B0F5807F22
:10EBA0006AD06F220021204601F0F7FA7022089007
:10EBB0000021204601F0F1FA089B099003F0C042C1
:10EBC000B2F1005F19D123F0C0496FF06042914566
:10EBD00013D0B9F1805FA4BFC9F17F6909F57F291E
:10EBE00004F11400A8BF09F6FF790DF0F2FA6423CE
:10EBF00009FB00F090FBF3F00890099B03F0C04282
:10EC0000B2F1005F19D123F0C0496FF06042914525
:10EC100013D0B9F1805FA4BFC9F17F6909F57F29DD
:10EC200004F11400A8BF09F6FF790DF0D7FA6423A8
:10EC300009FB00F090FBF3F009906269089B134414
:10EC40000893A269099B134409934DB14FF6FF73D2
:10EC5000C6F1000BFA184344B2FBF7F7B3FBF8F820
:10EC600008AB85F00105CDE90083059802953B4688
:10EC70005A4651460DF0D7F90BB0BDE8F08F73B589
:10EC800011220021064601F088FA30220446019044
:10EC90000021304601F081FA34220546019000211E
:10ECA000304601F07AFAC30748BF6419204602B023
:10ECB00070BD73B510220021064601F06EFA3022B5
:10ECC000044601900021304601F067FA34220546DF
:10ECD00001900021304601F060FA830748BF6419B3
:10ECE000204602B070BD73B513220021064601F024
:10ECF00054FA3022044601900021304601F04DFACA
:10ED00003422054601900021304601F046FA0307FF
:10ED100048BF6419204602B070BD37B500230C46C9
:10ED200001AA0821054601F04CFA012804D1019BF3
:10ED3000A34203D103B030BD0028FBD100222146FD
:10ED4000284601F00EFEF5E737B500230C4601AA70
:10ED50000921054601F035FA012804D1019BA3429F
:10ED600003D103B030BD0028FBD100222146284644
:10ED700001F0FEFDF5E738B504461546FFF7CDFF77
:10ED800029462046BDE83840FFF7DEBF37B50023EF
:10ED90000C4601AA0121054601F013FA012804D10D
:10EDA000019BA34203D103B030BD0028FBD1002258
:10EDB0002146284601F0C0FDF5E737B500230C4693
:10EDC00001AA0221054601F0FCF9012804D1019BAA
:10EDD000A34203D103B030BD0028FBD1002221465D
:10EDE000284601F0B7FDF5E738B504461546FFF7AC
:10EDF000CDFF29462046BDE83840FFF7DEBF08B505
:10EE000090F82A2042F0010280F82A2001F087FEC3
:10EE100090F82A2042F0040280F82A20E9F79CF8B2
:10EE2000BDE808400022382102F078BA10B500226F
:10EE3000044689B201F033FE2046BDE81040FFF7DA
:10EE4000DEBF70B5044615461E46002201F097FD50
:10EE5000324629462046BDE87040FFF78CBF436923
:10EE60000B6083694B60C3698B60036ACB6070473A
:10EE700038B5044601F05BFE6469054648B1426955
:10EE8000A41A00F010FC04442846FFF744FE201AA0
:10EE900038BD2046FCE738B5044601F048FEA469B9
:10EEA000054648B18269A41A00F002FC04442846D1
:10EEB000FFF7FFFE201A38BD2046FCE738B50546AF
:10EEC000FFF7E9FF044605F114000DF087F920442F
:10EED00038BD07B50922002101F05FF903B05DF8E4
:10EEE00004FB14300DF075B914300DF077B970B51E
:10EEF0000446FFF710FE06462046FFF7F4FE0546DF
:10EF000004F114000DF065F9801B401B70BD70B555
:10EF10000446FFF7CEFE06462046FFF7B0FE054644
:10EF200004F114000DF05AF9801B401B70BD38B578
:10EF300043690B6083694B60C3698B60036ACB6074
:10EF40000C460546FFF7E7FD236803442360284687
:10EF5000FFF7C9FEA3681B1AA3602846FFF7A9FEA6
:10EF60006368034463602846FFF789FEE3681B1A61
:10EF7000E36038BD37B501220021044601F00DF9E8
:10EF80000222054601900021204601F006F96FF0AB
:10EF900040439D42019001D0984205D12046FFF7A1
:10EFA0002EFF012003B030BD0020FBE72DE9F04724
:10EFB00081460D4616469A4601F0EFFD0027804631
:10EFC000474501D1BDE8F087D9F808301B6853F8F0
:10EFD0002740BAF1000F13D163692B446361A36921
:10EFE0003344A361E3692B44E361236A334423621E
:10EFF0003246002329462046FFF7D8FF0137DFE7D6
:10F000004FF480212046FEF74CFE0028E4D0F5E7BF
:10F010002DE9F04704460D4616461F4603F0010948
:10F0200003F0020A6CB32046FFF703FD0AF0FF036A
:10F030008046BAF1000F15D0B9F1000F07D0204675
:10F0400001F075FD3B4632462946FFF7E1FFB8F176
:10F05000020F16D13246294620460123BDE8F0476B
:10F06000FFF773BD022804D1324629462046FFF738
:10F070006CFDB9F1000F04D0204601F058FD0446A4
:10F08000D0E7BDE8F08713460122FFF7C1BF70B596
:10F090000C4688B009686668A5680091CDE90161F1
:10F0A000E16801350131CDE906511346039104228F
:10F0B0006946CDE90456FFF7ABFF069B049D029815
:10F0C0000099AB421A46A8BF2A468242A8BF024610
:10F0D0008A42D4BF22602160AB42B8BF2B46834234
:10F0E000B8BF0346059D8B42ACBFA360A160079BE0
:10F0F00003980199AB421A46A8BF2A468242A8BF8C
:10F1000002468A42D4BF62606160AB42B8BF2B4600
:10F110008342B8BF03468B42ACBFE360E16008B0F6
:10F1200070BD2DE9F0410D4688B001210446FEF77F
:10F13000B8FD002874D1204601F0F1FC0646E8F73E
:10F140000BFF0746E9F72AFF864255D12046FFF715
:10F150004BFC63690093A36901936E46E3690293D4
:10F160000246236A0393014630460CF0CBFC32463C
:10F17000294628460CF0E0FC0746002850D02046DF
:10F18000FFF7B2FC002850D196E80F0085E80F0089
:10F19000204601F0CCFC0DF110080446002C40D0B4
:10F1A00001212046FEF77DFDD0BB04F1140696E850
:10F1B0000F0088E80F004FF480112046FEF771FD24
:10F1C00038B12046FFF710FC0246014640460CF0DD
:10F1D00099FC2046FFF788FC68BB96E80F0088E89A
:10F1E0000F004246294628460CF0A6FCC0B1204636
:10F1F00001F09DFC0446D1E73846E9F7D9FE864286
:10F20000A4D03846E9F7F2FE86429FD03846E9F7A7
:10F21000D9FE86429AD03846E9F7DEFE864295D07E
:10F220000027384608B0BDE8F08101222946204673
:10F23000FFF72DFFACE7012241462046FFF727FFED
:10F24000CFE730B585B00C460546E8F785FEE9F70F
:10F2500007FFF8B12368009363680193A3680293E2
:10F260006946E36803932846FFF75BFF90B1AB68FC
:10F2700053B193F8333003F00C03082B04D105226B
:10F28000114668460CF03EFC2846E8F765FE6946E4
:10F2900001F045FF05B030BD30B5044685B0FFF73D
:10F2A000A3FBD4E90623256A6169121A0344091AEB
:10F2B0002844009103906946204601920293FFF78B
:10F2C000C0FF05B030BD2DE9F043456889B0044664
:10F2D0000E4617469DB14FF48021FEF7E2FCD5F8AB
:10F2E0001490002847D0AB69B1441F442846FFF76B
:10F2F00012FC09EB00062846FFF7DBFC07446369B4
:10F30000F61AA369FF1A56EA070331D02046FFF721
:10F31000C3FF63690093A3690193E3690293236ABE
:10F3200003936DB104A92846FFF701FE002204A94A
:10F3300068460CF0BDFC804620B9284600F0AAFDC6
:10F340004FF00008636933446361A3693B44A361E0
:10F35000E3693344E361236A3B4423623A46002372
:10F3600031462046FFF722FE9DB92046FFF794FF65
:10F3700009B0BDE8F083284600F095F9A9EB000933
:10F380002846B144AE6900F093F9A6EB0008474463
:10F39000ACE722462A212846E7F7EEF82046FFF799
:10F3A0007BFF002204A904F114000CF081FCB8F1E9
:10F3B000000F01D10028DBD0284600F06BFDD7E715
:10F3C00030B5044685B0FFF70FFBD4E90623256A64
:10F3D0006169121A0344091A28440091039069468E
:10F3E000204601920293FFF79CFE05B030BD38B570
:10F3F00005460C46FEF791FEAB689C6238BD03469D
:10F4000008465A690A609A694A60DA698A601A6A23
:10F41000CA609B681BB19A6A11460CF073BB7047B7
:10F4200030B50446084601F0C041B1F1005F12D189
:10F4300020F0C0416FF06045A9420CD0B1F1805F6F
:10F44000A2BFC1F17F6101F57F2101F6FF71594330
:10F45000642091FBF0F002F0C041B1F1005F12D1E5
:10F4600022F0C0416FF06045A9420CD0B1F1805F3D
:10F47000A2BFC1F17F6101F57F2101F6FF71594300
:10F48000642291FBF2F2A242A8BF22469042B8BF8A
:10F49000104630BD70B5044601F07FFB00250646DE
:10F4A000B5421FD194F82A30D9070DD56FF3000368
:10F4B00084F82A302046E7F73DFA2046E7F714F9AA
:10F4C00015B12046EEF74EFB94F82A309A0711D575
:10F4D0006FF3410384F82A3020460021BDE87040D4
:10F4E00000F0F9BCA3681B6853F82500FFF7D2FFB2
:10F4F0000135D5E770BD07B5272200F04EFEC0B23A
:10F5000003B05DF804FB90F854305B0704D5006845
:10F5100000220E21E7F730B8704773B512220021A0
:10F52000064600F03AFE30220446019000213046A3
:10F5300000F033FE3422054601900021304600F0F1
:10F540002CFE430748BF6419204602B070BD73B556
:10F5500011220021064600F020FE302204460190D0
:10F560000021304600F019FE3422054601900021AA
:10F57000304600F012FEC30748BF6419204602B0AF
:10F5800070BD73B510220021064600F006FE302241
:10F59000044601900021304600F0FFFD342205466C
:10F5A00001900021304600F0F8FD830748BF641940
:10F5B000204602B070BD73B513220021064600F04C
:10F5C000ECFD3022044601900021304600F0E5FDBC
:10F5D0003422054601900021304600F0DEFD03078D
:10F5E00048BF6419204602B070BD38B504460D46C8
:10F5F000FEF793FDA26892F8323003F00301A942AE
:10F6000008D065F3010382F832302046BDE8384067
:10F61000FFF742BE38BD38B505460C46FEF77DFD06
:10F62000AA68538EC3F38311A1421CBF64F38913EC
:10F63000538638BD38B505460C46FEF76EFDAB68FF
:10F6400093F8322064F3830283F8322038BD38B552
:10F6500005460C46FEF761FDAB6893F8322064F373
:10F66000051283F8322038BD836823B193F8320045
:10F6700000F0030070470320704783681BB1588E69
:10F68000C0F3831070470F207047806818B190F85E
:10F690003200C0F381007047806818B190F83200E2
:10F6A000C0F301107047806808B1006A404270479B
:10F6B000806808B1406A40427047FFF7F9BF51EADD
:10F6C000020370B504460D46164619D0FEF725FD17
:10F6D000A268136A2B441362A268536A33445362CC
:10F6E0002946012332462046FFF760FC00220F2105
:10F6F0002046E6F741FF012803D12046FFF7CCFD65
:10F70000012070BD08B50346FFF7D2FF4218184626
:10F710000021BDE80840FFF7D2BF08B50346FFF758
:10F72000C2FF002201441846BDE80840FFF7C7BFEA
:10F730002DE9F047984651EA02030546894692466C
:10F7400051D0E7F7BBFB2846FFF7ADFF0021074686
:10F75000A9EB00092846FFF7CEFE01282ED0B9F10B
:10F76000000F3CDA2846E7F723FE04462846E7F771
:10F7700077FE204420EAE07044424C45B8BF4C4636
:10F780002846FFF795FFBAEB000A814629D528469F
:10F79000E7F7C2FD09EB000626EAE6767642564513
:10F7A000B8BF5646391909EB060251EA02031AD0CE
:10F7B00043462846BDE8F047E7F7C8BEB9F1000F59
:10F7C0000DDD2846E7F7F4FD04462846E7F748FE36
:10F7D000044424EAE4744C45A8BF4C46D0E7002416
:10F7E000CEE70026DEE7BDE8F08770B50546164691
:10F7F0001C461A46E7F73AFF224631462846BDE83E
:10F800007040E7F747BF73B504460E46E7F756FB6F
:10F8100000232046CDE9003301F089F92146054651
:10F8200014340DB902B070BD33466A462046E7F77E
:10F8300045FF284601F07BF929460546F1E72DE909
:10F84000F04F93B04FF0FF360D4617460022114699
:10F8500004463346284600960CF03AF90022114639
:10F860003346384600960CF033F910212046FEF757
:10F8700018FA8046C0B32046FFF7F6FE834698B3D9
:10F880000020ECF755FFBBF1020F824629D020463D
:10F89000FFF70EFF81462046E7F73EFD0D9020461C
:10F8A000E7F786FD0B902046E7F7DAFD0490204647
:10F8B000FFF7E3FE10F00C0F00F003061FD19EB11E
:10F8C000BBF1010F40F0178146464FF0000832E0CF
:10F8D00050460BF0BAFB8442D9D05046ECF728FFD3
:10F8E0008246BAF1000FF3D113B0BDE8F08F002EBD
:10F8F000FAD050460BF09CFB0328F5D1E4E7BBF1AE
:10F90000010FF6B200F0EA80BBF1030F40F0D280A5
:10F91000B9F1000F0BDC0D9B002B08DC002EE3D0AF
:10F920000B9B002BD0DC049B002BCDDCDCE7002EF6
:10F9300040F0D88000264FF480312046FFF7DBFDF1
:10F9400010220C904FF48031204600F026FC11224A
:10F95000089011904FF48031204600F01EFC1222D6
:10F96000099011904FF48031204600F016FC1322CC
:10F9700011904FF480318346204600F00EFC0122A6
:10F9800011904FF480318246204600F006FC03229D
:10F990004FF4803103901190204600F0FEFB0A9056
:10F9A000119007902046FFF79FFA05902046FFF739
:10F9B00098FAB8F1000F039B069008BF0023002EB1
:10F9C00002934FF01D02039B4FF4803108BF0023C8
:10F9D00020460E9300F0E1FB1190C0B2012840F2E6
:10F9E0009580B8F1000F40F09D80002E3FF47CAF71
:10F9F000069B0B9E1E44049BF6183FF475AF236ACA
:10FA0000099A9B1A039AEB609B1A01336B60636936
:10FA10002B60E369AB60069BA3EB0B07029BA7EB94
:10FA20000A07FF1A0A9B002BD8BF069B4FF0000065
:10FA3000DEBF7B4393FBF6F30793E9F77FFA4FF0C2
:10FA40000A0808FB00F0EF2840F369810020E9F77D
:10FA500075FA08FB00F05030A02390FBF3F0079BF1
:10FA6000834213DC0020E9F769FA4FF00A0808FB2B
:10FA700000F0EF2840F355810020E9F75FFA08FB1A
:10FA800000F05030A02390FBF3F30793069B6169CD
:10FA9000F61A002E00F34F810C9B012B594440F0C5
:10FAA0004281029B0B44591E2960E369A3EB0A03C0
:10FAB000AB6019E7BBF1020F7FF416AF50460BF0B5
:10FAC000B7FA0C287FF413AF002E3FF433AF504643
:10FAD0000BF0AEFAC31E5E425E412CE7003E18BF3B
:10FAE000012628E70B9B002B0EDC049B002BD4BFC8
:10FAF000002601261FE7BBF1030F3FF411AFBBF156
:10FB0000020F7FF4F1AEF4E6464614E732224FF4DA
:10FB10008031204600F041FB1190C0B201283FF631
:10FB200060AFE1E6059B99440D9B19EB03093FF497
:10FB30005CAFA3697B60236AFB600C9B012B53D1F4
:10FB40006369039A5B443B601344013BBB60089AC2
:10FB5000059BA3EB0208099BA8EB03080E9BA8EBEF
:10FB600003030F930A9B002BDABF059B0F9ADDF866
:10FB700028804FF00000DCBF534393FBF9F8E9F70E
:10FB8000DDF90A225043EF2837DD0020E9F7D6F9E6
:10FB90000A2250435030A02290FBF2F0804511DC45
:10FBA0000020E9F7CBF94FF00A0808FB00F0EF2836
:10FBB00025DD0020E9F7C2F908FB00F35033A0224D
:10FBC00093FBF2F8059BA269A9EB0309B9F1000FB9
:10FBD00018DC089B13447B60236A099A9B1A0E9ACF
:10FBE0009B1A013BFB6000E7E369039AA3EB0A035E
:10FBF000BB609B1A01333B60A9E70120CEE74FF0C1
:10FC00000108DFE7059B0F994345A8BF4346A1EBD9
:10FC100003080D9908FB01F191FBF9F90899A8EB8C
:10FC20000908424451180B44013B7960FB60A36909
:10FC30009A4230DADDF820809844C7F8048000202A
:10FC4000E9F77CF94FF00A0909FB00F0EF285EDDC7
:10FC50000020E9F773F909FB00F05030A02390FB76
:10FC6000F3F0FB688044984515DD0020D7F8048048
:10FC7000E9F764F94FF00A0909FB00F0EF2848DDC5
:10FC80000020E9F75BF909FB00F05030A02390FB5E
:10FC9000F3F04044F8600E9A236A9B1A099AA3EB8A
:10FCA0000208FB6843457FF7A0AEC7F80C80002030
:10FCB000E9F744F94FF00A0909FB00F0EF282ADDC3
:10FCC0000020E9F73BF909FB00F05030A02390FB3E
:10FCD000F3F07B68A8EB00089845BFF686AE0020DD
:10FCE000D7F80C80E9F72AF94FF00A0909FB00F070
:10FCF000EF2812DD0020E9F721F909FB00F0503070
:10FD0000A02390FBF3F0A8EB000078606DE60120E3
:10FD1000A7E70120BDE70120DBE70120F3E7012091
:10FD20009DE60123B1E62960E369029AA3EB0A0389
:10FD30009B1A013BBCE6DDE906239A42A8BF1A469E
:10FD4000049BBF1A7B4393FBF6F6BF1B0F440C9931
:10FD500001290BEB070363D102990B442B60134479
:10FD6000013BAB606669BE4227DD5E440E442E60F7
:10FD70000020E9F7E3F80A277843EF284CDD00205C
:10FD8000E9F7DCF878435030A02390FBF3F0AB6840
:10FD900006449E4211DD00202E68E9F7CFF80A27BD
:10FDA0007843EF283ADD0020E9F7C8F8784350306F
:10FDB000A02390FBF3F00644AE60E469AB68A4EBCB
:10FDC0000A04A3427FF790ADAC600020E9F7B6F8D3
:10FDD0000A267043EF2859DD0020E9F7AFF8704399
:10FDE0005030A02390FBF3F02B68241A9C42BFF6FE
:10FDF0007BAD0020AC68E9F7A1F80A267043EF2834
:10FE000046DD0020E9F79AF870435030A02390FBBC
:10FE1000F3F0241A2C6067E50C98B8E70120CAE7D4
:10FE20002B601344013BAB606669BE4226DD5E4435
:10FE30002E600020E9F782F80A277843EF2821DDB9
:10FE40000020E9F77BF878435030A02390FBF3F0D3
:10FE5000AB6806449E4211DD00202E68E9F76EF87B
:10FE60000A277843EF280FDD0020E9F767F8784389
:10FE70005030A02390FBF3F00644AE60E469029B8F
:10FE8000E41A9BE70120E3E70120F5E70120ABE757
:10FE90000120BEE710B588B004AA69460446FFF702
:10FEA000CEFC68460BF024FE18B904A80BF020FE27
:10FEB00078B168460BF01CFE18B169462046FFF782
:10FEC000C0F904A80BF014FE18B104A92046FFF7EE
:10FED000B8F908B010BD2DE9F0410446FFF7DCFB8E
:10FEE0008846064698B92046FFF7E2FB07462046BB
:10FEF000E7F712FA051E0ADA002F08DD6A42BA4255
:10FF00004346A8BF3A4631462046E7F71FFB204646
:10FF1000FFF7BBFB074620BB2046E7F749FA06463A
:10FF20002046E7F79DFA394605462046FFF7E3FAF3
:10FF300001280ED0002D14DA002E12DD6942B142E4
:10FF400043463A46A8BF31462046BDE8F041E7F7B0
:10FF5000FDBA002E05DA002D03DD43463A46314650
:10FF6000F2E7BDE8F08170B5047A0368FF2C0ED08B
:10FF700003EB8405002084420ED800200BE0884269
:10FF800003F1080303D163681360012003E01878CC
:10FF90001C460028F3D170BD15F8016B8E4202D1CA
:10FFA00053F82030F0E70130E5E72DE9F84F0F4630
:10FFB00011461A468B0890F82A501F2B28BF1F2382
:10FFC0004FF00109064609FA03F907F47F0A05F024
:10FFD00008050024738DC3F30513A34205D84FF021
:10FFE000FF35681C18BF01201CE0F06800EBC4035B
:10FFF0004FEAC40C93F807E01EF0020F14D00DB1C5
:020000040002F8
:100000000134E7E75B6803F47F035345F8D150F808
:100010000C00436819EA030FF2D0FFF7A4FF012890
:10002000EED10120BDE8F88FBFB2FB431FFA83FB7E
:100030004FF0FF35738DC3F30513A342D1D9F36895
:1000400053F8340003EBC40C436819EA030F07D0DC
:10005000DCF80430C3F3170C03F47F039A4503D094
:10006000A84601344546E5E71CEA0B0F1FFA8CF859
:10007000F6D1A845F4DDFFF776FF0128F0D147451A
:10008000EFD1CEE7F8B5074600F087FD002406461D
:10009000B44200D1F8BDBB681B6853F82450284611
:1000A000FFF7FAF8002232212846E6F765FA2846DB
:1000B000FFF7F2F82846FFF7E5FF0134E8E770B5EF
:1000C000438D0446C0680D46C3F3051300229342D6
:1000D00003D80ED000EBC20070BD00EBC201CE7998
:1000E000B60704D54968C1F31701A942F2D001321D
:1000F000EDE7628D013303F03F0363F3091262857C
:10010000D900EFF723FA668DE060C6F30516013ECD
:10011000E06818D1082231460EF011F80C20E6688C
:10012000EFF7F0F93060E36818680DF0F1F8E26875
:10013000D37943F00203D371E3685A6865F3170279
:100140005A60E068C8E700EBC60313E9030083E8E0
:100150000300DCE770B5037A0568FF2B04461AD06C
:1001600005EB83050026237A9E4212D215F8010B77
:10017000EEF714FD830605D40136F4E7EEF70EFD25
:10018000820601D5012070BD013415F83400002825
:10019000F4D10020F7E70024F7E737B5058D0023F9
:1001A000009329436B461446E7F7A6FB012805D0C8
:1001B000204603B0BDE83040EEF79ABC009803B08B
:1001C00030BDF0B5458D0024C5F30515A54201D815
:1001D0000020F0BDC76807EBC4064FEAC40C96F8D0
:1001E00007E01EF0010F0AD07668C6F317069E429C
:1001F00005D157F80C00BDE8F0400DF01BB90134F3
:10020000E4E77FB50E4601920546F0B16122FFF7A3
:10021000C4FF04460390C0B10368B3B16222314603
:100220002846FFF7BAFF10F0FF0203900DD02368B5
:10023000019920469847C0F307238DF80400C0F3C6
:1002400007408DF805308DF80600019804B070BDA8
:100250002DE9F743002507462E466FEA01086FEAAD
:1002600002097B8DC3F30513AB4240F28780FB6824
:1002700003EBC502E900D07984077CD4928818EAA0
:10028000020F0CBF0120002019EA020F0CBF01224F
:10029000002290426FD05C5801AA102120460DF038
:1002A000C9F8002869D101AA112120460DF0C2F831
:1002B000002862D101AA122120460DF0BBF80028C7
:1002C0005BD101AA132120460DF0B4F8002854D1C7
:1002D00001AA152120460DF0ADF800284DD101AA44
:1002E000142120460DF0A6F8002846D101AA1621B7
:1002F00020460DF09FF800283FD101AA6A21204630
:100300000DF098F8002838D101AA6B2120460DF095
:1003100091F890BB01AA012120460DF08BF860BB3B
:1003200001AA022120460DF085F830BB01AA042164
:1003300020460DF07FF800BB01AA052120460DF0F4
:1003400079F8D0B901AA062120460DF073F8A0B9BA
:1003500001AA072120460DF06DF870B901AA3021DD
:1003600020460DF067F840B901AA682120460DF03B
:1003700061F838B10226013573E70326304603B031
:10038000BDE8F08301AA692120460DF053F800284A
:10039000F0D101AA6E2120460DF04CF80028E9D1D9
:1003A00001AA6C2120460DF045F80028E2D101AAEF
:1003B0006D2120460DF03EF80028DBD101AA3A213C
:1003C00020460DF037F80028D4D101AA3B21204661
:1003D0000DF030F80028CDD101AA382120460DF0CB
:1003E00029F80028C6D101AA3C2120460DF022F8A8
:1003F0000028BFD101AA3E2120460DF01BF800289D
:10040000B8D101AA402120460DF014F80028B1D13E
:1004100001AA412120460DF00DF80028AAD101AA19
:10042000422120460DF006F80028A3D101AA482158
:1004300020460CF0FFFF00289CD1012E38BF01267A
:1004400099E773B55E2205460E46FFF7A6FE272202
:10045000C4B231462846FFF7A0FE012C204638BF23
:10046000012002B070BD73B55F2205460E46FFF74E
:1004700094FEC4B2022C019003D80024204602B09E
:1004800070BDFC2C9ABFC4EB0424C4F30724FF24E2
:100490001EB9284600F04BFB05462DB9022CECD9BD
:1004A000FD2C28BFFF24E9E75F2200212846FFF743
:1004B00074FE0190C0B20228DFD9FC289CBF4443DF
:1004C000C4F30724E5E737B56E2200210446FFF7A1
:1004D00064FE0546019020B1A368002B4ED1022591
:1004E0002EE001466C222046FFF757FEB0F5807FD4
:1004F0000190F1D16D2229462046FFF74EFEB0F55E
:10050000807F0190E8D1294671222046FFF745FE01
:10051000014601900028DFD172222046FFF73DFE00
:10052000054601900028D7D1014660222046FFF7FA
:1005300034FE0190C0B2FF280BD0A36833BB012565
:100540002046FDF7EAFDA36893F8332065F38302A4
:1005500019E0294673222046FFF71FFE014601904D
:100560000028EAD167222046FFF717FE019010F01D
:10057000FF00A368E2D113B903B030BD022093F8A5
:10058000332060F3830283F83320F5E70120F6E798
:100590002DE9F84F04461FFA82F902F47F050F4651
:1005A00011B30E7A1DB90846FFF7D4FDC0B9003E5D
:1005B00018BF01267642F6B2002290464FF6FF7A27
:1005C000638DC3F30513434510D8002A65D0002E70
:1005D00063D029462046FF22BDE8F84FE7F724BA4A
:1005E0002046FEF759FEE2E7FF26E5E7E06800EB6C
:1005F000C801D1454B684FEAC80BC3F3170303D0BA
:100600001FFA83FCCC450BD1B5F5702F03D003F452
:100610007F039D4204D137B150F80B30BB4202D06A
:1006200008F10108CCE7CB79990705D50023FF2213
:1006300029462046E7F79CF9E36803EB0B02D279E1
:1006400092070DD053F80B0008B10CF065FEE3687B
:1006500053F80B00EEF770FFE368002243F80B201D
:10066000424606E0013200EBC20393E8030003E9CF
:100670000300638DE068C3F3051101F1FF3C94456D
:10068000F0D83F3101F03F0161F309136385C900E0
:10069000EEF75CFF0122E06092E7BDE8F88F2DE9FC
:1006A000F04115460E460023FF2229460446E7F78F
:1006B0005FF94EB115F47F0F06D13046FFF74AFDC2
:1006C00010B12046FEF7E8FD20462A463146FFF7E6
:1006D0005FFF638DE068C3F305134FF000084345E7
:1006E0004FEAC80725D8628D013303F03F0363F357
:1006F0000912D9006285EEF729FF638DE060C3F32C
:100700000513013B9845E0681AD3384408220021BC
:100710000DF015FDE368DE51E3683B4429465A6855
:1007200065F317025A602046FF22BDE8F041E7F763
:100730007BB9C219D2799207D5D008F10108CEE76A
:1007400000EBC30212E9030082E80300D9E7F8B521
:100750004B8D13F47C7F05460C46C3F305120CD079
:1007600028B10023E16851F83310A9420DD1FF22CE
:100770004FF470212046E7F757F9204600F00DFAB4
:1007800000260746BE4204D1F8BD01339A42E9D89B
:10079000F3E7A3681B68284653F82610FFF7D7FF36
:1007A0000136EFE72DE9F74304461E460192002388
:1007B0000A460F4606F47F01E7F7DAF8658DE06830
:1007C000C5F305150023AB4234D3638D013505F025
:1007D0003F0565F30913E9006385EEF7B7FE658D04
:1007E000E060C5F30515013DE0684FEAC508002D3E
:1007F00046D10822002140440DF0A1FC0C20D4F881
:100800000C90EEF77FFE49F83500E36853F83500A9
:100810000CF07EFDE3684344DA7942F00102DA71BC
:10082000E36843445A6866F317025A60E36853F872
:1008300035500DE000EBC302D90092F807C01CF060
:10084000010F1BD05268C2F31702964216D14558C9
:100850003EB93846EEF7A2F9830602D52046FEF7E8
:100860001BFD019A394628460CF0A0FD3A46314658
:10087000204603B0BDE8F043E7F7D6B80133A2E75E
:10088000A8F10803034400EB0802D9798907B0D125
:1008900093E8030082E80300A5E7F8B50F46418D11
:1008A00004461646C1F305110023994203D80DD121
:1008B00000252846F8BDE26802EBC302D079C007E4
:1008C00013D55268C2F31702B2420ED1E26839461C
:1008D00052F833000CF02FFD05460028E8D03A46C8
:1008E00031462046E7F7A0F8E3E70133DDE770B5CE
:1008F0000468A5682279206805F47F052946FFF77A
:100900004CFC2679E060002332462068237129469A
:100910002346E7F72DF8A16820682671FFF7CFFB83
:10092000E268217900680CF041FD2279A168206815
:10093000BDE87040E7F778B882B013460A46012157
:1009400002B0FFF72FBF82B013460A46042102B05F
:10095000FFF728BF82B013460A46022102B0FFF714
:1009600021BF82B013460A46082102B0FFF71ABF22
:1009700082B013460A46092102B0FFF713BF82B0C6
:1009800013460A460A2102B0FFF70CBF82B0134695
:100990000A46102102B0FFF705BF82B013460A468F
:1009A000112102B0FFF7FEBE82B013460A461221A3
:1009B00002B0FFF7F7BE82B013460A46132102B019
:1009C000FFF7F0BE84B01346ADF80C100022090CFE
:1009D0008DF80E108DF80F20039A1C2104B0FFF73C
:1009E000E1BE82B013460A461D2102B0FFF7DABE0F
:1009F00082B013460A46282102B0FFF7D3BE84B066
:100A00001346ADF80C100022090C8DF80E108DF86D
:100A10000F20039A312104B0FFF7C4BE82B0134601
:100A20000A46302102B0FFF7BDBE82B013460A4627
:100A3000482102B0FFF7B6BE84B01346ADF80C10E3
:100A40000022090C8DF80E108DF80F20039A4C210E
:100A500004B0FFF7A7BE84B01346ADF80C10002217
:100A6000090C8DF80E108DF80F20039A582104B050
:100A7000FFF798BE82B013460A465A2102B0FFF72C
:100A800091BE82B013460A465E2102B0FFF78ABECD
:100A900082B013460A460C2102B0FFF783BE82B033
:100AA00013460A46162102B0FFF77CBE82B01346F9
:100AB0000A46272102B0FFF775BE82B013460A46E8
:100AC0007D2102B0FFF76EBE82B013460A467E213A
:100AD00002B0FFF767BE82B013460A467F2102B01C
:100AE000FFF760BE82B013460A46802102B0FFF7CE
:100AF00059BE82B013460A46812102B0FFF752BEAA
:100B000038B504460D460AF07CFA10B120460AF0CA
:100B1000B4FA29462046BDE83840EBF775BE0346D7
:100B200020B118465B68002BFBD17047704700B1BD
:100B300040687047806858B10029038E01DAC918EF
:100B400005D48B4203D9036853F821007047002075
:100B5000704770B58468F4B10029238E19DA013129
:100B6000013B14D3206850F8230005689542F7D163
:100B70000029F4D170BD206850F82500066896421F
:100B800002D10029F6D0013901359D42F3DB002066
:100B9000F0E70025F9E72046ECE7806800B1008E19
:100BA000704730B5836873B100201C8E02469442B2
:100BB00000D830BD1D6855F822502D688D4208BF01
:100BC00001300132F3E71846F3E710B5034630B1C0
:100BD000426822B19268118E0020814202DC4FF0FF
:100BE000FF3010BD146854F820409C42F9D0013009
:100BF000F3E770B590F82B30DB0604462BD4FEF7F4
:100C00004BFB65682046ADB1E7F7C6F995F82B4078
:100C100014F010041FD12846FFF73CF922462A2180
:100C20002846E5F7A9FC224628462C21BDE870405D
:100C3000E5F7A2BCE7F790F9064660B1D0F8C432F8
:100C40009C42204603D0BDE87040E7F7A5B9E7F71E
:100C5000A3F9C6F8C45270BDFFF7CBBF2DE9F04130
:100C6000436805460C46002B67D0002965D08B42AF
:100C700063D0FEF711FB2046FDF74FFA2846FFF739
:100C8000A4FF6E6803463046FFF787FF013898429D
:100C9000B26843DC138E013B1386B768B7F8308027
:100CA000B8F1000F42D038684FEA8801EEF74EFCE9
:100CB0003860A268138E01331386A768398E3868AE
:100CC0008900EEF743FC38602046FFF766FFA36813
:100CD00000F180401B68013843F8205030466C60BA
:100CE000FFF7D8F82A462A213046E5F745FC0022CE
:100CF0002C213046E5F740FC2A462A212046E5F71C
:100D00003BFC00222B212046E5F736FC2846FEF767
:100D100076F82846BDE8F041FEF7BEBA126802EB4D
:100D20008301496842F823100133ACE73868EEF7D5
:100D300003FCB368C3F80080BBE7BDE8F08170B581
:100D40000C460646A0B3456895B32846FFF725FF35
:100D5000002901DA0C182BD4A04229DD3046FFF718
:100D600034FFA04224D011DCAB68A0421B6811D034
:100D700003EB8002526843F820200130F4E703EBD4
:100D8000800252F8042C43F820200138AB68A042BE
:100D90001B68F4D1AB681B68284643F82460002226
:100DA0002A21E5F7E9FB2846BDE87040FEF774BA52
:100DB00070BD10B5044600223F2100F0AFFAE36A8F
:100DC0006BB1226B0AB120469847002323630022AF
:100DD000626320464021BDE8104000F09FBA236BBB
:100DE000002BFCD1F3E773B500220C461431064604
:100DF0000AF05EFF10B9002002B070BD012120464C
:100E0000FCF74FFF0028F6D12046FDF712FE002820
:100E1000F1D18DF800006A461A2120460196E5F7C7
:100E2000ABFB9DF80030022BE5D02046FFF7B5FE66
:100E3000451E002D05DA9DF80030002BDBD1204641
:100E4000DAE7A3681B68304653F82510FFF7CBFF9D
:100E50000028D1D1013DECE72DE9F341041D0768DD
:100E600090F8148020460E460BF0B3F90546204654
:100E70000BF0B4F9009603462A464146384600F086
:100E800053FB02B0BDE8F08170472DE9F04F00F14F
:100E900018050C46074695E80F00C7B00DF10C0881
:100EA00088E80F000BA92046FDF7D9FF2046FDF783
:100EB0009BFD07AE024601460BA80AF023FE0BAAD3
:100EC000414630460AF038FEE8B396E80F0085E860
:100ED0000F003A461C212046E5F74EFB3A461D21FD
:100EE0002046E5F749FB1E213A462046E5F744FB3C
:100EF0004FF480112046FCF7D4FE38BB04F11402F5
:100F00000DF13C09414648460AF016FEB8B12046AC
:100F1000FFF743FE8346D8B996E80F0085E80F0037
:100F20003A461F212046E5F727FB3A462021204676
:100F3000E5F722FB3A4621212046E5F71DFB98E81C
:100F40000F0085E80F0047B0BDE8F08F0BAAD7E788
:100F500099E80F0085E80F002D2200212046FFF7B9
:100F60001CF92B9068B94FF00009A3681B6838463C
:100F700053F8291009F10109E7F716F9CB45F4D127
:100F8000CAE70C2200212046FFF707F981462B9083
:100F90000028E8D004F114061FA800F07CFE96E8B3
:100FA0000F000DF1980C8CE80F002BA8CDF8A8903D
:100FB000E8F7F4FD30460BF00CF9824630460BF0B2
:100FC0000DF9824503DB30460BF008F902E03046AC
:100FD0000BF0FFF840104845A8BF4846009096E83F
:100FE0000F000DF14C0989E80F00009A9B1A01339C
:100FF00042464946484614930AF09EFD60B34A466D
:101000001021384600F0F4FB00238246A2680193C9
:101010001268504652F82310E7F7C6F8019B0133D7
:101020009B45F3D152461F212046E5F7A5FA5246CB
:1010300020212046E5F7A0FA524621212046E5F777
:101040009BFA1FA9504600F02AFE4A462BA93846B3
:10105000CDF8C8A000F065FC96E80F000DF15C0922
:1010600089E80F00009A0B461344013B424649466B
:1010700048461A930AF060FD60B34A46102138468C
:1010800000F0B6FB00238246A26801931268504626
:1010900052F82310E7F788F8019B01339B45F3D101
:1010A00052461F212046E5F767FA52462021204686
:1010B000E5F762FA524621212046E5F75DFA1FA9BD
:1010C000504600F0ECFD4A462BA93846CDF8C8A0A2
:1010D00000F027FC96E80F000DF16C0989E80F007D
:1010E000009A0B4613441C931E9B49469B1A484684
:1010F00042461E930AF020FD00283FF420AF99E8F5
:101100000F0085E80F000026A3681B68384653F8D7
:1011100026100136E7F748F8B345F5D100E770B57A
:101120000E4688B0044618B9E7F7D8FE044630B139
:101130002046E7F795FF10B11EB9C4F8606208B009
:1011400070BD00232046CDE90033E7F7D7FE013814
:1011500002902046E7F7E2FE6D46013803902A46EA
:10116000314604A80AF0E8FC0028E8D094F83C30A6
:10117000072B07D1049B23F007030493069B43F03E
:101180000703069394F83930022B0ED195E80F002F
:1011900004F1400686E80F000123C4F86032002203
:1011A0003821204600F0BAF8C9E704AA35212046C4
:1011B00000F0B4F80128C2D10026D4F86032B1B2F0
:1011C0008B4215D81F2B84BF0023C4F86032D4F89B
:1011D00060328CBF2A4604AA04EB0311106808642D
:1011E0005068486490688864D268CA640133D4E760
:1011F0000431002204EB011104A80AF059FD013664
:101200000028DAD09BE710B504460AF0EFFB5CB18A
:10121000D4F8040370B1BDE81040E7F721BBD4F85F
:10122000040308B1E7F71CFB2046E7F75DFE044620
:101230000028F4D110BD38B505460BF0F6FA044687
:1012400028460BF0F0FA382C06D1D0F8040318B178
:10125000BDE838400CF0F0BC38BD2DE9F04F87B048
:101260009A469DF8403004930446E7F78DFE064603
:101270002046E7F743FE80462046E7F74FFE8B46C1
:101280001746054631465846E8F726F91FB131465C
:101290003846E8F721F931464046E8F7F7F8049B6D
:1012A00081463BB32A4604F51D75CDE901BA3346A4
:1012B000414604F5247BCDF8009028460592E8F7D6
:1012C00013F9059ACDF8009033464146CDE9017AED
:1012D0005846E8F709F9002F2946204614BF5A4618
:1012E0000022E7F735FE0499204607B0BDE8F04F2D
:1012F000E7F738BEBAFBF0F2D5E700230363704787
:10130000406B003818BF01207047006A003818BFD2
:101310000120704700F539700BF04ABA70B588B0FB
:1013200004460E46154600211C2201A80CF007FFBA
:10133000CDE9014404F53974012201A92046039640
:1013400005950BF0D7F9012804D1002201A9204608
:101350000BF0D0F908B070BD08B5024650B10020BE
:10136000E7F7ECFD4243EF2AD1BF01225032A02320
:10137000B2FBF3F2104608BD10B54022044600212E
:101380000CF0DDFE01232362FF2384F83C300BF0D8
:101390003EF8C0F3072320776377C0F3074040236C
:1013A000A077636110BD7FB591F83C30022B0546F4
:1013B0000C4624D90B6A13B3D1E909239A421ED0F3
:1013C0008B8ECA6AD11A0091216B1A44CE1A0B4433
:1013D000013B013A694603930292019600F0ADF990
:1013E00006464020EEF78EF82146F06440220CF0CD
:1013F000B0FD0823337131462846E8F787FA04B078
:1014000070BD10B1033020F00300704710B50446E2
:101410000846EDF727FA60430730C00810BDEEF725
:101420008BB80330EEF76EB8034608465B69114689
:1014300003B1184718467047034608469B68114693
:1014400003B118471846704730B585692B6987B0D6
:1014500004460A466BB141B98388C08801380090C0
:10146000013B02A80AF034FB02AA2B691146204670
:10147000984707B030BD2DE9F84F07461C200A9E5B
:10148000894693461D46EEF745F8044688B126B9CD
:1014900029464846E7F7FAFF064633462A465946A4
:1014A0004846E7F7FBFF3B68804633B92046EEF736
:1014B00043F800242046BDE8F88F29469847824625
:1014C0000028F3D065702368A4F8049003F47F43E8
:1014D00043F4401343F01903A4F806B026812360B7
:1014E0002946E7F7F9FFC4F80C80C4E9040AA761AC
:1014F000E0E737B50B8900934B78CA880C4689889A
:10150000FFF7B9FF054660B16388C26843F0300356
:101510004380E368216900699A4228BF1A460CF0AB
:1015200018FD284603B030BD2DE9F041069E0D465A
:1015300017469846044618B900242046BDE8F081B5
:1015400001B9457826B929463846E7F79FFF064690
:1015500033462A4641463846E7F7A0FFE368834210
:10156000EAD36570A780A4F806802681E5E710B568
:10157000044660B14388DB0609D583695B680BB11B
:10158000406998472046BDE81040EDF7D5BF10BD33
:10159000F0B50446068989B00D4651B90A46E7F709
:1015A000E7FFE2882946724309B0BDE8F0400CF03D
:1015B000C6BD0023CDE900338388013B0293C38875
:1015C0006A46013B04A803930AF0B6FAE8B104A8FE
:1015D0000AF0FFFD002818DD04A80AF0FFFD00282E
:1015E00013DDDDE904122046E7F7C2FF0546607807
:1015F000EDF738F9044604A80AF0EBFD444307343C
:10160000059FE410079BBB4201DA09B0F0BD2846F4
:10161000224600210CF093FD35440137F2E72DE915
:10162000F84F054691461E460C4671B94378B0F80E
:101630000480DA1F032A11D91EB330460AF0C9FD0F
:1016400040453FD1D6E9001221E008460AF0C1FD2D
:101650008046CEBB6B78DA1F032A12D8072B286985
:10166000D9F8101009D0082B09D0092B14BF4FF45A
:10167000806240220CF06DFCDEE70822FAE71022BF
:10168000F8E7B9F8043043451CD10022114648461A
:10169000E7F76EFF0746E4B1D4E900122846E7F702
:1016A00067FFD4F804B0D4F80CA0064668782C89FB
:1016B000B9F80890EDF7D6F808FB00F50735ED10FE
:1016C000D34512DDBDE8F88F30460AF082FD804533
:1016D000B7E7224621462846E7F74AFFB5F806A0B5
:1016E00006460AF1FF3AA346E0E7394630462A4665
:1016F0000CF02FFC26444F440BF1010BE0E743882C
:10170000194214BF012000207047438819434180CB
:10171000704730B585B0CB6802930B6901930B8994
:1017200000934B78CA880C4689880546E7F7DCFEAB
:1017300063886B8005B030BD7047F8B5064654200D
:101740000C46EDF7E7FE054600F1080794E80F00A8
:1017500087E80F0094E80F0005F1180787E80F00ED
:1017600006F118030FCB05F1380484E80F000123BC
:10177000AB64B36B13B9B5632846F8BD1A461B6852
:10178000002BFBD11560F7E72DE9F0410F4690469D
:1017900000214C2205461C460CF0D1FCE7F75AF814
:1017A000EF63064694E80F0005F1180787E80F007D
:1017B00094E80F002F1D87E80F0094E80F0005F153
:1017C000280787E80F0085F81480D6F8B03213B1E7
:1017D000294630469847D6F8AC3233B11A461B6CCE
:1017E000002BFBD11564BDE8F081C6F8AC52FAE7D6
:1017F000F8B505464C200E461746EDF78BFE04461D
:1018000020B13B4632462946FFF7BEFF2046F8BDD1
:101810000068E7F7ADBE38B10078A0F120035F2B78
:1018200004D9C00940007047032070470120704769
:101830002DE9F0438BB00546BDF84870BDF84C80EB
:10184000DDF850901E4673B9B7F5807F0BD1B8F51F
:10185000807F08D1C0E9003301398160541EEC60FB
:101860000BB0BDE8F08301240023CDE90413CDE9DA
:101870000632CDE90812CDE90233CDE900944346A2
:101880003A46314602A80AF096FCCDE90094434658
:101890003A46314604A80AF08EFCCDE9009443464E
:1018A0003A46314606A80AF086FCCDE90094434644
:1018B0003A46314608A80AF07EFC089B069C04982C
:1018C0000299A3421A46A8BF22468242A8BF0246F6
:1018D0008A42D4BF2A602960A342B8BF234683420C
:1018E000B8BF0346099C0798039A8B42B8BF0B46C2
:1018F000013B84420599AB602346A8BF03468B4257
:10190000A8BF0B469342D4BF6B606A608442B8BFE5
:1019100004468C42B8BF0C469442B8BF1446013C02
:101920009DE72DE9F0430B6B002B85B007460C4675
:10193000164638DD4B6B002B35DD1146FFF7FDFEFB
:1019400005466C20EDF7DEFD21466C22E8640CF0C4
:1019500000FB06232B710023AB6430460AF039FCF0
:10196000804630460AF03AFC04F140030293A38E0D
:101970000193238E009305F11809E36A024641465C
:101980004846FFF755FFD6E9001248460AF0C7F867
:10199000E36901222946384683F8442005B0BDE8B2
:1019A000F043E7F7B3BF05B0BDE8F0832DE9F0439E
:1019B000CB6985B080460C461546002B48D091F87F
:1019C0004C30022B44D90B6B002B41DD4B6B002BB1
:1019D0003EDD6C20EDF796FD07466C2221460CF0AB
:1019E000B8FAF86907F1200100F010FC012805D0D1
:1019F000384605B0BDE8F043EDF79EBD29464046A8
:101A0000FFF79BFE0523037100F118090646C76422
:101A100028460AF0DEFB074628460AF0DFFB04F101
:101A200040030293A38E0193238E0093E36A024640
:101A300039464846FFF7FCFED5E9001248460AF051
:101A40006EF83146404605B0BDE8F043E7F75EBFAB
:101A500005B0BDE8F0832DE9F0410646A0B00C4684
:101A600015461F46002B4ED0136805935368069306
:101A700093680793D3680893CB6A3BB90B6BB3F5B4
:101A8000807F03D14B6BB3F5807F21D028460AF0CD
:101A9000A0FB804628460AF0A1FB04F14003029314
:101AA000A38E0193238E00930246E36A414605A864
:101AB000FFF7BEFE2968059B6A680B440593069BE9
:101AC00013440693079B0B440793089B1344089306
:101AD0000DF12408B26805A940460AF02DF890B12E
:101AE000E16900220DA8E8F7ADFD01280BD13046D1
:101AF000CDE90187009500230DAA2146E7F7E8FF0D
:101B00000DA800F0A9FB20B0BDE8F0811F2825D961
:101B100040F21C63984221D0A0F58A531F3B012B51
:101B20001CD9A0F5C0530B3B032B17D9A0F50053CC
:101B3000A3F10B02042A11D9283B072B0ED9A0F5DB
:101B400001531F3B102B09D94FF6FF63984205D074
:101B50004FF6FF03C31A584258417047012070479F
:101B600003463038C0B209280BD9602B84BF203B14
:101B7000DBB2A3F14102052A02D8373BD8B2704745
:101B8000002070470379042B0CBFC06C0020704705
:101B90001C2200210CF0D3BAF8B50C46064694F886
:101BA0004C30022B114621D9E369FBB11B78EBB114
:101BB000636ADBB1FFF7C1FD05465820EDF7A2FCD3
:101BC0005822E86421460CF0C4F904232B7194F8E0
:101BD00050305B0604D5E069EF6C0CF022FBF86135
:101BE00029463046BDE8F840E7F790BEF8BD10B58D
:101BF0004022044600210CF0A2FA01232363FF23B4
:101C000084F83C300AF003FCC0F3072384F82C006E
:101C100084F82D30C0F30740402384F82E00636120
:101C200010BD7FB50B6B06460C46002B31D091F8EA
:101C30003C20022A2DD9496AE2699142D4BFC3EB04
:101C40000105C3EB020500959142ACBF5D189D18DC
:101C5000226AA16A02959142D4BFC3EB0105C3EB8E
:101C600002059142ACBF5B189B186946039301952E
:101C7000FFF763FD05464020EDF744FC2146E8648C
:101C800040220CF066F907232B7129463046E7F70E
:101C90003DFE04B070BD302200210CF050BAF8B502
:101CA0000446007D0F46ECF7E7FD60B3211D20469A
:101CB000FFF743FD05463020EDF724FC3022E864B1
:101CC00039460CF046F9EE6C0A232B71306834610A
:101CD00098B14FF40021FBF7E4FF70B130684FF486
:101CE0000021FBF786FF222138682A46E4F744FCEE
:101CF00030684FF40021FCF7C6F929462046BDE8BC
:101D0000F840E7F703BEF8BD10B5302204460021C5
:101D10000CF015FAFF2384F820303023636110BDE6
:101D20000379012B0CBFC06C0020704710B504462E
:101D30002C2200210CF003FA238D23F4FF5323F00F
:101D40001F036FEA13336FEA033323852C23636188
:101D500010BD0379022B0CBFC06C002070472DE929
:101D6000F04FCD6D93B007460C46164685B191F8FD
:101D70006C30022B40F28D80012D40F08C808B6EF8
:101D8000002B05DC0B6E1BB94D6E003D18BF012505
:101D900094F82030059394F83B30022B7DD9236BC7
:101DA000003B18BF0123079394F84830022B76D9E3
:101DB000636C002B73D094F8499019F0200F6ED10A
:101DC00019F01F0918BF4FF0010994F85830022B81
:101DD00068D9236D003B18BF01230693059BFF2B99
:101DE00073D194F82F301B075ED1002D72D031468D
:101DF0003846FFF7A2FC82463820EDF783FBCAF88D
:101E00004C00A26E0AF1180B80461146584609F0A4
:101E100079FEE26D5846114609F074FED4E91812B5
:101E2000584609F07CFEA646BEE80F00C446ACE862
:101E30000F009EE807008CE807003823C8F814302C
:101E4000E369C8F81C3094F85B30B4F85920A8F85E
:101E5000202088F82230E36DC8F82430A36EC8F83B
:101E6000283094F86C3088F83430236EC8F82C3061
:101E7000636EC8F8303098F8353065F3000388F8A1
:101E8000353003238AF8043051463846E7F73EFDE3
:101E90001DE000257CE701257AE7002383E74FF06A
:101EA000000992E7002398E794F82E20002304F11C
:101EB00027019A4299D903EB8300085CFF2801D1DE
:101EC0000133F6E735B1002591E7002DFBD1059BE5
:101ED000022B58D996E80F000EAD85E80F00636C11
:101EE000012B1BDD94F84830FC2B17D9E369ABB10B
:101EF00094F849300246C3F380010A440E920F9AC7
:101F0000C3F340010A440F92109AC3F3C001521A5E
:101F10001092119A03F00103D21A11922946384601
:101F2000FFF70BFC80463020EDF7ECFA0546FFF793
:101F3000EBFEC8F84C50A646BEE80F00AC46ACE835
:101F40000F009EE807008CE8070030236B61E3690F
:101F5000EB61B4F82130A5F8213094F8233085F8EE
:101F6000233004F1240207CA05F1240383E80700A3
:101F700094F8203085F82030012388F80430414659
:101F80003846E7F7C3FC079B002B6FD0206BFFF7A9
:101F900042FC012805460DF12C0A1CD8206B514645
:101FA00000F034F9012861D194F83D30002B40F065
:101FB000ED80BDF830200093013A1092BDF8322038
:101FC000013A11920EA909223046CDE90E3309F0EB
:101FD0005FFF0EA9DBE00C22002150460CF0AFF8A9
:101FE000032D43D000256FF06043CDE90135009506
:101FF000D4E90C122B4609A80BF082FD099B009531
:10200000013B10930A9B013B092211930EA92B4619
:102010003046CDE90E5509F03BFF0EA93846FFF7D3
:102020008CFB80465820EDF76DFA0546E7F744FE35
:10203000C8F84C50A646BEE80F00AC46ACE80F000E
:102040009EE807008CE8070058236B61A36B2B8682
:102050001B0C85F83230636B6B62236BEB610423DE
:1020600088F8043041463846E7F750FCB9F1000FD4
:1020700033D031463846FFF760FB80462C20EDF721
:1020800041FAA646C8F84C0005468446BEE80F0053
:10209000ACE80F009EE807008CE807002C236B617A
:1020A000E369EB61E28F94F8403085F822302A84AE
:1020B00094F8483085F82830636C6B6294F84920B6
:1020C00095F8293062F3040385F82930022388F853
:1020D000043041463846E7F719FC069B002B52D0E6
:1020E00096E80F000EAD85E80F00D4E914231A44DA
:1020F0001146284609F006FD29463846FFF71DFB24
:1021000080462C20EDF7FEF9C8F84C00226D08F14E
:10211000180605461146304609F0F4FC626D30465B
:10212000114609F0EFFCA446BCE80F002E460FC68E
:102130009CE8070086E807002C236B61E36947F6FB
:10214000FF7293421FBF226D9B18626D9B18EB615B
:10215000B4F84A2094F84C3085F822302A8494F858
:10216000583085F82830236D6B6295F829300F229E
:1021700062F3040385F82930022388F804304146CD
:102180003846E7F7C3FB13B0BDE8F08F3146384659
:10219000FFF7D3FA80466C20EDF7B4F90546E7F770
:1021A000FDFCC8F84C50A646BEE80F00AC46ACE8B3
:1021B0000F009EE807008CE807006C236B61236B1F
:1021C000EB6194F83B3085F84C30A36BA5F84830B0
:1021D0001B0C85F84A3094F83C3085F84B3094F865
:1021E0003D2095F84D3062F304139AE8070085F816
:1021F0004D3005F1200383E80700E3696B6696E83C
:102200000F00543585E80F00052329E730B595B058
:1022100004464C220D4601A800210BF090FF2046F9
:102220000494FFF7F8FA29468DF8140001A8E8F79E
:1022300047F9003818BF012015B030BD30B404464E
:1022400000688568134625B10A46AC46214630BC75
:102250006047284630BC704710B50446006878B126
:10226000C3680BB121469847ECF798F840B1206C51
:1022700030B1616C21B1BDE81040002209F011B904
:1022800010BD016070474160704781607047C16058
:102290007047CB10C943C05C01F00701084100F052
:1022A0000100704737B5ADF80400C0F30720FC28E3
:1022B00002D84C78022C03D8BDF804300B800FE014
:1022C00002280DD9FF2C0DD19DF804300A784C70EE
:1022D000C0F1FF0513FB00F305FB02331B0A0B7073
:1022E00003B030BDD378A34202D1537883420DD0DE
:1022F000C0F1FF03C4F1FF0463436FEA2323DBB2A1
:10230000C0EB00209371B0FBF3F0D0710C885088C3
:10231000BDF80430844202D11088984212D0BDF832
:10232000043013800B88D07953809DF804300C78EA
:10233000C0F1FF0513FB00F305FB04331B0A137107
:10234000937953719388B9E710B4144685B0022C81
:10235000ADF804101A46C9B215D0032C18D0012CC0
:102360001BD104780C44FF2CA8BFFF24E4B29DF8D5
:1023700005308DF80C408DF80D300146039805B0FE
:1023800010BCFFF78FBF0478641A24EAE474EDE709
:10239000047814FB01F4240AE9E705B010BC704787
:1023A00010B50222002104460BF0C9FE0222A0183B
:1023B00000210BF0C4FE02220021201D0BF0BFFE05
:1023C000FF23A371E37110BD2DE9F04F8BB043687B
:1023D000009383680193C3680293D0E90653039383
:1023E000D0E90443074690F821900668049308A8B2
:1023F0008846FFF7D5FF97F82230002B40F0C180C8
:102400004CBBB9F1FC0F23D8019B9C4280F2BC80ED
:10241000AA4600273AE050460AF07FF809F1010980
:1024200007F8020C07F801BCC244009B994507F16C
:102430000207F0DB029B1E44039B01341D44019BF9
:102440009C4280F2A180AA4637464FF00009ECE793
:102450004FF0FF0BF3E7B9F1FC0F1F463BD8019B90
:102460009F4280F29180AB464FF0000A4FE0504609
:102470000AF053F88DF81D908DF81C0006EB47010B
:10248000079808AAFFF70EFF0137C244009B9F423E
:10249000EDDB029B1E44039B01341D44B4E7504610
:1024A0000AF03BF814F809308DF81C008DF81D3047
:1024B00006EB4901079808AAFFF7F4FE09F10109A4
:1024C000C244009B9945EADB029B1E44039B1D44CA
:1024D000049B01371C44019B9F4255DAAA464FF0EA
:1024E0000009EEE758460AF018F814F80A308DF89B
:1024F0001C0013FB09F31B128DF81D3006EB4A017B
:10250000079808AAFFF7CEFE0AF1010AC344009B10
:102510009A45E7DB029B1E44039B1D44049B013745
:102520001C449CE7059809F0F8FF8DF81C0034B3B3
:1025300014F80A3013FB09F31B0A8DF81D3006EB63
:102540004A0008AB97F822200799FFF7FDFE059B8C
:1025500043440AF1010A0593009B9A45E2DB0CB162
:10256000049B1C44029B1E44039B0BF1010B1D4466
:10257000019B9B4508DA05954FF0000AECE74B46B6
:10258000DBE74FF0000BF3E70BB0BDE8F08F2DE970
:10259000F04FD0E9044A87B00546D0E9016790F8CA
:1025A0001B90D0F80C8004A8FFF7FAFEA869002C55
:1025B00040F08680B9F1FC0F67D909F07AFF002E50
:1025C0000246286806F1FF3525F00F05A6F1100E2A
:1025D000D8BF0025FF21BC4261DA03464FF0000C52
:1025E00041E003F8202C03F81F1C03F81E2C03F80D
:1025F0001D1C03F81C2C03F81B1C03F81A2C03F8F1
:10260000191C03F8182C03F8171C03F8162C03F8F0
:10261000151C03F8142C03F8131C03F8122C03F8F0
:10262000111C03F8102C03F80F1C03F80E2C03F8F0
:102630000D1C03F80C2C03F80B1C03F80A2C03F8F0
:10264000091C03F8082C03F8071C03F8062C03F8F0
:10265000051C03F8042C03F8031C03F8022C03F8F0
:10266000011C0CF1100CE64503F12003B9DC2B46EC
:1026700000F1010CB34202DB40440134ABE700F847
:1026800013200CF813100133F4E709F012FF8DF852
:102690000D90D5F800908DF80C00BC420EDB07B011
:1026A000BDE8F08F09EB4501039804AAFFF7FAFD96
:1026B0000135B542F6DBC1440134EEE70025F8E709
:1026C000B9F1FC0F1CD909F0F4FED5F800B08DF873
:1026D0000C004FF00009B945E1DA002509E0635D1F
:1026E0008DF80D300BEB4501039804AAFFF7DAFDD6
:1026F0000135B542F3DBC344544409F10109EAE76B
:1027000009F0D7FE2B688DF80C004FF0000BBB458D
:10271000C5DA00250EE0625D019312FB09F2121288
:102720008DF80D2003EB4501039804AAFFF7BAFDCD
:10273000019B0135B542EEDB434454440BF1010BE0
:10274000E5E72DE9F04F90F82030063B8BB00446CA
:102750000F2B2FD8DFE813F0E30181032E002E00AA
:102760002E002E002E002E002E00E500EE00EC00C4
:1027700010002E002E009E0243680193836802938E
:10278000D0E90453D0E9067B90F821800668D0F8A0
:102790000CA0039308A8FFF703FE94F82230002B47
:1027A00040F0BD80002D3CD1B8F1FC0F1CD8029B3D
:1027B000AB4234DC0BB0BDE8F08F37F8140009F001
:1027C00093FE013408F8020C08F8019C019BA34217
:1027D00008F10208F1DC56445F440135029BAB422C
:1027E000E8DDB0460024F1E74FF0FF09F6E737F8DF
:1027F000140009F079FE4FEA44098DF81C008DF8A9
:102800001D80079808AA06EB0901FFF74BFD01346C
:10281000019BA342EBDC56445F440135C7E700242B
:10282000F6E7B8F1FC0F1C4621D8029BA342C1DD9C
:102830004FF0000939E037F8180009F055FE15F897
:1028400008308DF81C004FEA48098DF81D300798B4
:1028500008AA06EB0901FFF725FD08F10108019B15
:102860004345E8DC039B56445F441D440134029B0E
:10287000A3429FDD4FF00008F1E74FEA490137F826
:102880001900049109F030FE15F8093004998DF80B
:102890001C0013FB08F31B128DF81D30079808AAC3
:1028A0003144FFF7FFFC09F10109019B4B45E4DCD2
:1028B000039B56445F441D440134B6E74FEA490385
:1028C00037F81900059309F00FFE8DF81C0025B3A9
:1028D00015F8093013FB08F31B0A8DF81D304FEA79
:1028E000490094F82220079908AB3044FFF72CFDEB
:1028F00009F10109019B4B45E0DC0DB1039B1D442F
:10290000049B56445F4401330493049A029B934210
:102910007FF750AF4FF00009ECE74346DDE70023B7
:10292000F2E7032120460BB0BDE8F04FFFF74CBDA6
:102930000421F7E74368019383680293C368039314
:10294000D0E90453D0E9066A90F82180076804931F
:1029500008A8FFF725FD94F82230002B40F0DD8019
:10296000002D48D1B8F1FC0F20D8029BAB427FF775
:1029700021AFB146002436E0D8F8000009F0E4FDAC
:1029800098F803308DF81C008DF81D3007EB4401DA
:10299000079808AAFFF786FC013408F10408019B98
:1029A000A342E9DC039B56441F440135029BAB4222
:1029B0007FF700AFB0460024F1E7D9F8000009F036
:1029C000C3FD99F803308DF81C0013FB08F31B12AC
:1029D0008DF81D3007EB4401079808AAFFF762FC49
:1029E000013409F10409019BA342E6DC039B564430
:1029F0001F440135B9E7B8F1FC0F1C4629D8029BEA
:102A0000A3427FF7D7AEB3464FF0000944E0D9F8B0
:102A1000000009F099FD15F8082099F803308DF8A9
:102A20001C0013FB02F31B128DF81D3007EB48014D
:102A3000079808AAFFF736FC08F1010809F1040914
:102A4000019B4345E3DC039B1F44049B56441D4408
:102A50000134029BA3427FF7ADAEB1464FF00008B0
:102A6000EEE7DBF8000009F06FFD15F809209BF890
:102A700003308DF81C0013FB02F308FB03F31B1457
:102A80008DF81D3007EB4901079808AAFFF70AFCEB
:102A900009F101090BF1040B019B4B45E1DC039BA0
:102AA0001F44049B56441D440134A8E7DBF8000092
:102AB00009F04AFD9BF803208DF81C002DBB12FB8A
:102AC00008F2130A8DF81D3007EB490094F8222014
:102AD000079908ABFFF738FC09F101090BF1040B6A
:102AE000019B4B45E2DC0DB1049B1D44039B1F443D
:102AF000059B564401330593059A029B93427FF749
:102B000059AEB3464FF00009EAE715F8093013FB58
:102B100002F308FB03F31B0CD4E70023EBE7436845
:102B2000019383680293D0E90453D0E9067B90F8BF
:102B300021800668D0F80CA0039308A8FFF730FCAA
:102B400094F82230002B40F0A38085BBB8F1FC0F35
:102B500018D8029BAB427FF72DAE002420E0F85C32
:102B600006F8130001F81320013301989842F6DCAF
:102B700056445F440135029BAB427FF71BAE0023F6
:102B8000711CF2E7FF22F6E73B5D8DF81C308DF8F3
:102B90001D8006EB4401079808AAFFF783FB013468
:102BA000019BA342F0DC56445F440135D1E7B8F104
:102BB000FC0F1C461ED8029BA3427FF7FBAD4FF0D3
:102BC000000931E017F808308DF81C3015F808308E
:102BD0008DF81D3006EB4801079808AAFFF762FB45
:102BE00008F10108019B4345ECDC039B56445F441C
:102BF0001D440134029BA3427FF7DCAD4FF0000877
:102C0000F0E717F809308DF81C3015F8093013FB80
:102C100008F31B128DF81D3006EB4901079808AA2E
:102C2000FFF740FB09F10109019B4B45E9DC039BE0
:102C300056445F441D440134BDE717F809308DF850
:102C40001C301DB315F8093013FB08F31B0A8DF86F
:102C50001D3006EB490094F82220079908ABFFF7D6
:102C600073FB09F10109019B4B45E6DC0DB1039BA8
:102C70001D44049B56445F4401330493049A029B11
:102C800093427FF797AD4FF00009ECE74346DEE74C
:102C90000023F2E74368019383680293D0E9045369
:102CA000D0E9066A90F821800768D0F80C90039369
:102CB00008A8FFF775FB94F82230002B40F0CB807A
:102CC000002D3DD1B8F1FC0F19D8029BAB427FF724
:102CD00071ADB34600242AE006EB440216F8143026
:102CE000507807EB440108AA43EA0020FFF7DAFA1C
:102CF0000134019BA342EFDC4F4456440135029B53
:102D0000AB427FF757AD0024F3E73BF8023CADF848
:102D10001C301BF8013C13FB08F31B128DF81D300F
:102D200007EB4401079808AAFFF7BCFA0134019B9E
:102D3000A3420BF1020BE8DC4F4456440135C4E7D3
:102D4000B8F1FC0F1C4626D8029BA3427FF732AD98
:102D500033464FF0000B3FE03BF8023C15F80820EB
:102D6000ADF81C301BF8013C13FB02F31B128DF86D
:102D70001D3007EB4801079808AAFFF793FA08F1FE
:102D80000108019B43450BF1020BE5DC039B4F441B
:102D900056441D440134029BA3427FF70BADB3465A
:102DA0004FF00008EDE733F8022C15F80B10ADF8E2
:102DB0001C2013F8012C049312FB01F208FB02F211
:102DC00012148DF81D2007EB4B01079808AAFFF796
:102DD00069FA049B0BF1010B019A5A4503F10203B6
:102DE000E1DC039B4F4456441D440134ACE736F804
:102DF0001B30ADF81C30059B13F81B201DBB12FBCC
:102E000008F2130A8DF81D3007EB4B0094F82220CE
:102E1000079908ABFFF798FA0BF1010B019B5B4593
:102E2000E5DC0DB1039B1D44049B4F445644013324
:102E30000493049A029B93427FF7BCAC731C4FF03F
:102E4000000B0593EAE715F80B3013FB02F308FBC0
:102E500003F31B0CD6E70023EAE7D0E901830193D3
:102E6000D0E90453D0E9067B90F821900668D0F8A9
:102E70000CA0029308A8FFF793FA94F82240002CC4
:102E80007FF498ACCDBBB9F1FC0F1DD8019BAB42D0
:102E90007FF790AC00242AE011463846FFF7F9F995
:102EA000404204F8020C04F8019C0132904504F100
:102EB0000204F1DC56445F440135019BAB427FF7CD
:102EC00079AC34460022F1E74FF0FF09F5E72146DF
:102ED0003846FFF7DEF940428DF81C008DF81D9052
:102EE00006EB4401079808AAFFF7DCF90134A04576
:102EF000EDDC56445F440135C8E7B9F1FC0F1FD83B
:102F0000019BA3427FF756AC002337E04946384681
:102F1000FFF7BFF915F809308DF81D3040428DF8E4
:102F20001C0006EB4901079808AAFFF7BBF909F155
:102F30000109C845EADC029B56445F441D44013444
:102F4000019BA3427FF736AC4FF00009F1E7194629
:102F500038460393FFF79DF9039BEA5C12FB09F2E5
:102F6000404212128DF81D208DF81C0006EB430123
:102F7000079808AAFFF796F9039B01339845E6DC0A
:102F8000029B56445F441D440134B9E7CB10C9434A
:102F9000C05C01F00701084100F00100704730B546
:102FA000B0F17D4F85B0CDE9001014464FEA1063B3
:102FB0004FEA116501D2022D14D8019B03939DF8AD
:102FC0000C30002063F307009DF80D3063F30F20F1
:102FD0009DF80E3063F317409DF80F3063F31F60C8
:102FE00005B030BD022B01D80391E8E7FF2D04D1D5
:102FF00005B0BDE8304009F0F6BAD279AA4202D154
:10300000E2789A420DD0C3F1FF02C5F1FF056A4391
:103010006FEA2222D2B2C3EB03232273B3FBF2F393
:1030200063736168009809F0C3F9B0B90198637BD4
:10303000206000988DF8073060600146019809F023
:10304000D2FAC0F3072320726372C0F30740237BD8
:10305000A072E372A0680390B1E72168019809F0BB
:10306000A7F90028E2D0F5E7F0B5174685B0022FA2
:10307000044601911A46CDB2C1F30726C1F30740B9
:103080002DD0032F3CD0012F27D1A37821780344E2
:10309000FF2BA8BFFF238DF80E3063783344FF2B3E
:1030A0002944A8BFFF23FF298DF80D30A8BFFF21B9
:1030B000C9B29DF807308DF80C108DF80F302168DB
:1030C0000398FFF76CFFC0F3072320706370C0F311
:1030D0000743C0F30760A370E07005B0F0BDA378AC
:1030E00021781B1A23EAE3738DF80E3063789B1B5B
:1030F00023EAE373491B8DF80D3021EAE171D7E72C
:103100006178A37811FB06F109128DF80D10217872
:1031100013FB00F31B1211FB05F18DF80E30090AA9
:10312000C7E732B1FF23FC2ACB7003D988704870FF
:103130000870704710FB02F0D3438A78DBB202FBC1
:103140000302120A8A704A7802FB0302120A4A70CA
:103150000A7802FB0300000AEAE710B50422002106
:1031600004460AF0ECFF0422A01800210AF0E7FF51
:103170000422002104F108000AF0E1FFFF23237379
:10318000637310BD2DE9F04F8DB0436800938368E1
:103190000193C3680293D0E906630393D0E9044323
:1031A000074690F821800568059308A80491FFF769
:1031B000D4FF97F82230002B40F02A81002C44D114
:1031C000B8F1FC0F39D9049B042B34D1009B9F002C
:1031D000019B9C4202DB0DB0BDE8F08F31462846D2
:1031E0003A460AF0B6FE029B1D44039B01341E447E
:1031F000EEE712F8017C03F8027C12F8027C03F877
:10320000037C12F8037C03F8047C03F8010C013101
:10321000009FB94202F1030203F10403E9DB029BC0
:103220001D44039B01341E44019B9C42D3DA324669
:103230002B460021ECE7FF20F6E78DF81F80019B6D
:103240009C42C8DAB04600272FE0B8F1FC0F1F46B9
:1032500068D8019B9F42BEDAB2464FF0000996E063
:1032600098F802308DF81E3098F801308DF81D3036
:1032700098F800308DF81C3055F82710079808AAE8
:10328000FFF78DFE05EB8709C0F3072305F827003C
:1032900089F80130C0F3074389F80230049BC0F37A
:1032A000076089F8030001379844009B9F42D7DBF1
:1032B000029B1D44039B01341E44C0E714F80830F0
:1032C0008DF81F3099F802308DF81E3099F80130D2
:1032D0008DF81D3099F800308DF81C3055F8281005
:1032E000079808AAFFF75BFE05EB880AC0F30723DF
:1032F00005F828008AF80130C0F307438AF8023045
:10330000049BC0F307608AF8030008F101089944A0
:10331000009B9845D2DB029B1D44039B1E44059BEA
:1033200001371C44019B9F42BFF655AFB1464FF099
:103330000008EDE714F8093055F8291013FB08F3DD
:103340001B128DF81F309AF802308DF81E309AF853
:1033500001308DF81D309AF800308DF81C30079838
:1033600008AAFFF71CFE05EB890BC0F3072305F83D
:1033700029008BF80130C0F307438BF80230049B1F
:10338000C0F307608BF8030009F101099A44009B20
:103390009945CFDB029B1D44039B1E44059B0137CF
:1033A0001C4456E79AF802308DF81E309AF8013026
:1033B0008DF81D309AF800308DF81C3034B314F8B5
:1033C000093013FB08F31B0A8DF81F3005EB890049
:1033D00008AB97F822200799FFF746FE049B09F1F6
:1033E00001099A44009B9945DCDB0CB1059B1C4408
:1033F000029B1D44039B0BF1010B1E44019B9B454B
:10340000BFF6E9AEB2464FF00009EBE74346DBE713
:103410004FF0000BF2E72DE9F04FD0E9044389B0FB
:10342000D0E9015990F81B80D0F80CA00093064613
:1034300004A8FFF792FE002C5CD1B8F1FC0F30D944
:10344000B06908F08DFF691E0346002D306821F039
:103450000F01A5F11007D8BF00214C4529DA02461B
:10346000002610E042E9103342E90E3342E90C3302
:1034700042E90A3342E9083342E9063342E90433B8
:1034800042E902331036B74202F14002EADC0A4652
:10349000AA4202DB50440134DFE740F82230013217
:1034A000F6E7B069414608F03AFF376803904C45AB
:1034B0001EDB09B0BDE8F08F57F82610039804AA68
:1034C000FFF76DFD07EB8608C0F3072307F826001A
:1034D00088F80130C0F30743C0F3076088F8023072
:1034E00088F803000136AE42E6DB57440134DEE7DC
:1034F0000026F8E7B8F1FC0F2DD9B069FF2108F0DC
:103500000EFF376803904FF00008C845D1DA002657
:1035100019E0A35D8DF80F3057F82610039804AA20
:10352000FFF73DFD07EB860BC0F3072307F82600E6
:103530008BF80130C0F30743C0F307608BF802300B
:103540008BF803000136AE42E3DB009B57441C447A
:1035500008F10108D9E7B069414608F0E0FE376894
:1035600003904FF0000BCB45A3DA00261BE0A35DD0
:1035700057F8261013FB08F31B128DF80F3004AA1E
:1035800007EB860303980193FFF709FD019B07F8FA
:103590002600C0F307225A70C0F30742C0F3076049
:1035A0009A70D8700136AE42E1DB009B57441C4450
:1035B0000BF1010BD7E72DE9F04F90F82030063BD7
:1035C0008DB083460F2B33D8DFE813F07602F50376
:1035D0003200320032003200320032003200570135
:1035E00060015E011000320032002603436801933F
:1035F00083680293C3680393D0E906430493D0E938
:10360000046390F821900568059308A8FFF7A5FDCD
:103610009BF82270002F40F02B81002E48D18DF8AE
:103620001F9040F20D4A40F63A09029BB3423DDC3E
:103630000DB0BDE8F08F04EB470355F827105B7819
:10364000DB0809FB03F31B128DF81E3034F817302A
:10365000C3F345130AFB03F31B128DF81D3014F856
:10366000173003F01F0309FB03F31B128DF81C3006
:10367000079808AAFFF793FC05EB8708C0F3072318
:1036800005F8270088F80130C0F30743C0F307604E
:1036900088F8023088F803000137019BBB42CADC7E
:1036A000039B1D44049B01361C44BEE70027F4E73E
:1036B000B9F1FC0F51D840F63A0B40F20D43029A93
:1036C000BA42B5DD4FF0000887E016F808308DF8F3
:1036D0001F3004EB480355F828105B78DB080AFB21
:1036E00003F31B128DF81E3034F81830C3F3451362
:1036F0000BFB03F31B128DF81D3014F8183003F088
:103700001F030AFB03F31B128DF81C30079808AA4D
:10371000FFF745FC05EB8809C0F3072305F82800EF
:1037200089F80130C0F30743C0F3076089F802301D
:1037300089F8030008F10108019B4345C5DC039BA0
:103740001D44049B1C44059B01371E44029BBB4245
:103750007FF76EAF4FF00008EEE740F63A0A40F20E
:103760000D4BF3E716F8082055F8281012FB09F264
:1037700012128DF81F2004EB480205EB880A5278DC
:10378000D2080BFB02F212128DF81E2034F818201A
:10379000C2F345125A4312128DF81D2014F8182056
:1037A00002F01F020BFB02F212128DF81C20079888
:1037B00008AAFFF7F4FBC0F3072205F828008AF8EF
:1037C0000120C0F30742C0F307608AF802208AF89C
:1037D000030008F1010840F20D43019A4245C1DCA3
:1037E000039A1544049A1444059A0137164466E76F
:1037F00004EB470340F20D425B78DB080AFB03F35E
:103800001B128DF81E3034F81730C3F345135343A1
:103810001B128DF81D3014F8173003F01F030AFB3C
:1038200003F31B128DF81C3006B3F35D13FB09F391
:103830001B0A8DF81F3005EB87009BF822200799A3
:1038400008ABFFF711FC0137019BBB42D0DC0EB186
:10385000059B1E44039B1D44049B08F101081C4466
:10386000029B43457FF7E4AE0027EDE74B46E0E7D8
:103870004FF0000840F63A0AF2E7032158460DB02F
:10388000BDE8F04FFFF77EBC0421F7E743680193E2
:1038900083680293C3680393D0E90453D0E90669AF
:1038A00090F821800468049308A8FFF756FC9BF861
:1038B0002270002F40F0FD80002D59D1B8F1FC0F8F
:1038C00025D8029BAB427FF7B3AEB246002745E056
:1038D00054F8271056F8270008AAFFF760FB04EBFE
:1038E0008708C0F3072304F8270088F80130C0F3E5
:1038F0000743C0F3076088F8023088F803000137F7
:10390000019BBB42E4DC039B4E441C440135029BFB
:10391000AB427FF78DAE0027F2E71AF8013C5AF868
:10392000040C079013FB08F31B128DF81F3054F89A
:103930002710079808AAFFF732FB04EB870BC0F3A8
:10394000072304F827008BF80130C0F30743C0F3C6
:1039500007608BF802308BF803000137019BBB42F4
:103960000AF1040AD9DC039B4E441C440135A8E744
:10397000B8F1FC0F36D8029BBB427FF759AEB34675
:103980004FF0000A5AE015F808201AF8013C5AF8DE
:10399000040C079013FB02F31B128DF81F3054F830
:1039A0002810079808AAFFF7FAFA04EB880BC0F36F
:1039B000072304F828008BF80130C0F30743C0F355
:1039C00007608BF802308BF8030008F10108019BB7
:1039D00043450AF1040AD6DC039B1C44049B4E4475
:1039E0001D440137029BBB427FF722AEB2464FF027
:1039F0000008ECE71BF8012C15F80A105BF8040C22
:103A0000079012FB08F24A4312148DF81F2004EBB2
:103A10008A0354F82A100798059308AAFFF7BFFAFB
:103A2000059B04F82A00C0F307225A70C0F307422E
:103A3000C0F307609A70D8700AF1010A019B5345E0
:103A40000BF1040BD6DC039B1C44049B4E441D4429
:103A5000013790E7059B56F8270013F827200790B9
:103A600005BB18FB02F2130A8DF81F3004EB870028
:103A70009BF82220079908ABFFF7F6FA0137019B64
:103A8000BB42E7DC0DB1049B1D44039B4E441C4428
:103A90000AF1010A029B53457FF7CAADF31C0027C8
:103AA0000593ECE7EB5D13FB02F308FB03F31B0C40
:103AB000DAE74FF0000AEDE7D0E901930193D0E98E
:103AC00006530293D0E9044390F8227090F82180C5
:103AD0000668D0F80CA00393002F6DD19CBBB8F101
:103AE000FC0F19D8019BA3427FF7A2AD002723E06A
:103AF00012F8011F03F8011C03F8021C117803F8E7
:103B0000031C03F8041C8118494503F10403EFDB8F
:103B1000029B56441D440134019BA3427FF788ADAC
:103B20006A1E3346C5F10100EDE7E85D06EB87014B
:103B30004246FFF7F6FA0137B945F6DC029B5644D8
:103B40001D440134CEE7B8F1FC0F18D8019BBB42ED
:103B50007FF76EAD4FF0000B25E014F8082015F844
:103B6000080006EB8801FFF7DCFA08F10108C145FF
:103B7000F3DC029B1D44039B56441C440137019B0C
:103B8000BB427FF755AD4FF00008F0E714F80B206B
:103B900015F80B0012FB08F206EB8B01120AFFF777
:103BA000C0FA0BF1010BD945F0DC029B1D44039BCD
:103BB00056441C440137C9E708A8FFF7CEFA002392
:103BC0000493049A019B93427FF732AD002716E0DD
:103BD000EB5D8DF81E308DF81D308DF81C30CCB1AA
:103BE000E35D13FB08F31B0A8DF81F3006EB87001B
:103BF0009BF82220079908ABFFF736FA0137B94541
:103C0000E6DC0CB1039B1C44029B1D44049B564400
:103C10000133D5E74346E7E743680193836802939E
:103C2000D0E9044390F8227090F821800668D0F81B
:103C30000C900393D0E9065A002F40F08280B4BB69
:103C4000B8F1FC0F17D8029BA3427FF7F1ACAB464B
:103C5000002723E006EB870118F8012C18F8020C66
:103C6000FFF75FFA0137019BBB4208F10208F1DC64
:103C70004E4455440134029BA3427FF7D9ACA84679
:103C80000027F0E71BF8012C1BF8020C12FB08F2CE
:103C900006EB8701120AFFF744FA0137019BBB428A
:103CA0000BF1020BEEDC4E4455440134CBE7B8F186
:103CB000FC0F20D8029BBB427FF7BAAC2B464FF0DB
:103CC000000B33E014F808301BF8012C1BF8020C31
:103CD00012FB03F206EB8801120AFFF722FA08F141
:103CE0000108019B43450BF1020BEBDC039B4E44A7
:103CF00055441C440137029BBB427FF799ACAB464D
:103D00004FF00008EDE714F80B1013F8012C13F82E
:103D1000020C049312FB01F208FB02F206EB8B018A
:103D2000120CFFF7FEF9049B0BF1010B019A5A45A7
:103D300003F10203E7DC039B4E4455441C44013766
:103D4000B8E708A8FFF709FA00230493049A029B36
:103D500093427FF76DAC6B1C0027059319E015F8B3
:103D600017308DF81E308DF81D308DF81C30059BF6
:103D700013F81720C4B912FB08F2130A8DF81F308C
:103D800006EB87009BF82220079908ABFFF76CF938
:103D90000137019BBB42E2DC0CB1039B1C44049B3A
:103DA0004E4455440133D0E7E35D13FB02F308FBB7
:103DB00003F31B0CE2E74368019383680293D0E9A5
:103DC000044390F8228090F821700568D0F80C9098
:103DD0000393D0E9066AB8F1000F7BD1002C3AD1E9
:103DE000FC2F1DD8029BA3427FF722AC4FF00008A6
:103DF0002AE039463046FFF7C9F84042C0B202F81F
:103E0000010C02F8020C02F8030C02F8040C013752
:103E1000019BBB4202F10402EBDC4D4456440134E9
:103E2000029BA3427FF704AC2A460027F0E74146F5
:103E30003046FFF7ABF8404205EB88013A46C0B286
:103E4000FFF76FF908F10108019B4345EFDC4D4492
:103E500056440134C6E7FC2F1BD8029B43457FF72D
:103E6000E7AB4FF0000B2BE039463046FFF78EF8FA
:103E70004042E25D05EB8701C0B2FFF752F901371E
:103E8000019BBB42F0DC039B4D4456441C4408F1AB
:103E90000108029B43457FF7CBAB0027F0E759466B
:103EA0003046FFF773F814F80B20404212FB07F27C
:103EB00005EB8B01120AC0B2FFF733F90BF1010BCE
:103EC000019B5B45EBDC039B4D4456441C4408F1CD
:103ED0000108C2E708A8FFF740F900230493049AF9
:103EE000029B93427FF7A4AB4FF000081DE04146D0
:103EF0003046FFF74BF84042C0B28DF81D008DF8F8
:103F00001C00ECB114F8083013FB07F31B0A8DF802
:103F10001F308DF81E009BF82220079905EB8800C2
:103F200008ABFFF7A1F808F10108019B4345DEDC6F
:103F30000CB1039B1C44049B4D4456440133CDE714
:103F40003B46E4E700290B46B8BFCB1D4A4202F0CE
:103F500007024FEAE30301F0070158BF5142C1F1E4
:103F6000070101228A40C15C0A43C25470470029FC
:103F70000B46B8BFCB1D4A4202F007024FEAE303EB
:103F800001F0070158BF5142C1F10701012202FAB5
:103F900001F1C25C22EA0102C254704700290B46BB
:103FA000B8BFCB1DDB10C05C4B4203F0070301F030
:103FB000070158BF5942C1F10701084100F0010053
:103FC000704710B55AB1FC2A9FBF0C78D34310FB41
:103FD00002F0DBB29CBF04FB0300000A087010BDB6
:103FE000F0B585B0044610461F460D46019208F014
:103FF000ABFA294606462046FFF7D0FF4242D2B22E
:10400000022F8DF80F2019D0032F1BD0012F23D1A1
:104010003244FF2AA8BFFF22D0B20DF10F019DF854
:104020000720FFF7CEFF9DF90F30002B29462046D1
:104030000DDA05B0BDE8F040FFF784BF921B22EA1D
:10404000E272E9E712FB06F2C2F30720E5E705B0EA
:10405000BDE8F040FFF78BBF05B0F0BD2DE9F04F94
:104060008BB090F822700591002F40F0DE804368FD
:1040700000938368019390F821300293C3680393FF
:10408000D0E906630493D0E90453426A069353428D
:1040900003F0070302F00708046858BFC3F10008E3
:1040A000029B002D52D1FC2B1CD8019B9D4280F21B
:1040B000BC80B14600273DE0484608F02EFA10F0DB
:1040C000800F08EB0701204613D0FFF73BFF059B4D
:1040D00001379944009B9F42EEDB039B1C44049BE9
:1040E00001351E44019B9D4280F29F80B14600270E
:1040F000F0E7FFF73CFFEAE7484608F00EFA07EB67
:10410000080B824659462046FFF748FF40428DF88B
:1041100027000DF127015046029AFFF752FF9DF943
:104120002730002B594620460DDAFFF70BFF059B81
:1041300001379944009B9F42DEDB039B1C44049B98
:1041400001351E44B1E7FFF712FFF0E7FC2B30D832
:10415000019B9F4269DAB2464FF0000957E0504692
:1041600008F0DBF908EB090B029059462046FFF7EF
:1041700015FF404215F809208DF827000DF12701A1
:104180000298FFF71EFF9DF92720002A5946204676
:1041900016DAFFF7D7FE059B09F101099A44009B47
:1041A0009945DCDB039B1C44049B1E44069B0137A2
:1041B0001D44019B9F4238DAB2464FF00009EEE7FA
:1041C000FFF7D5FEE7E7504608F0A7F908EB090B23
:1041D000079059462046FFF7E1FE15F80920029B9B
:1041E000404212FB03F28DF82700120A07980DF1E6
:1041F0002701FFF7E6FE9DF92720002A59462046B1
:1042000010DAFFF79FFE059B09F101099A44009B14
:104210009945D8DB039B1C44049B1E44069B013735
:104220001D4495E7FFF7A3FEEDE70BB0BDE8F08F67
:104230002DE9F74FD0E904430546D0E90198C77E40
:10424000D0F80CA08069019308F033F9C0F3C713CC
:1042500006462868ED6900936B4203F0070305F0FA
:10426000070558BF5D42002C4AD1FC2F1ED8009B89
:1042700013FB07F6C7F1FF0744450FDA4FF0000BB9
:1042800036E0002E05EB07010BDAFFF75BFE013786
:104290004F45F6DB50440134444505DB03B0BDE82F
:1042A000F08FFFF764FEF2E70027F1E776B2F3E75D
:1042B0000BEB050100290B46B8BFCB1DDB10D1F17C
:1042C000000C0CF0070C01F00702C35C58BFCCF1E6
:1042D0000002C2F10702134103F0010307FB03636D
:1042E000FE33B3F5FE7F08D9FFF72CFE0BF1010B6F
:1042F000CB45DDDB50440134BEE7FFF738FEF5E780
:10430000FC2F4FF0000B3DD8C345C7DA002666E00E
:10431000E35D3BB1FF2B05EB07010FD1002E2EDA39
:10432000FFF710FE01374F45F2DB019B50441C4460
:104330000BF1010BC345B1DA0027F4E700290A4667
:10434000B8BFCA1DD210D1F1000E0EF0070E01F059
:10435000070C825C58BFCEF1000CCCF1070CDDF8E5
:1043600000E042FA0CF202F00102C3F1FF0C13FB71
:104370000EF30CFB0233FE33B3F5FE7FD0D8FFF70C
:10438000F6FDCFE776B2D5E7A35D3BB3A9190029C7
:104390004FF0FF0213FB07F3B3FBF2F30A46B8BF7B
:1043A000CA1DD210D1F1000E0EF0070E01F0070C5D
:1043B000825C58BFCEF1000CCCF1070C42FA0CF233
:1043C00002F0010E009AC3F1FF0C53430CFB0E33B5
:1043D000FE33B3F5FE7F0AD9FFF7B4FD01364E4533
:1043E000D2DB019B50441C440BF1010B8CE7FFF71F
:1043F000BEFDF3E72DE9F04F90F82030063B8BB07F
:1044000004460F2B50D8DFE813F07502A0044F00CC
:104410004F004F004F004F004F004F002F01380159
:10442000360110004F004F00730343680193836807
:104430000293C3680393D0E906730493D0E904633D
:10444000426A0593534203F0070302F0070858BF7E
:10445000C3F1000890F8223090F821A00568002BE5
:1044600040F0FF80002E4FD1BAF1FC0F19D8029B0B
:10447000B34219DD00243BE037F8140008F034F8AB
:1044800010F0800F08EB0401284610D0FFF75AFD0A
:104490000134019BA342EFDC039B1D44049B0136C6
:1044A0001F44029BB34205DC0BB0BDE8F08FFFF761
:1044B0005EFDEDE70024ECE737F8140008F014F88F
:1044C00008EB040B814659462846FFF767FD40423A
:1044D0008DF8240009A948465246FFF772FD9DF960
:1044E0002430002B594628460BDAFFF72BFD013408
:1044F000019BA342E0DC039B1D44049B01361F4447
:10450000B5E7FFF734FDF2E7BAF1FC0F1C462DD8F2
:10451000029BA342C8DD4FF0000951E037F81900B3
:1045200007F0E2FF08EB090B824659462846FFF7E1
:1045300035FD40428DF8240009A9504616F809209F
:10454000FFF73FFD9DF92430002B5946284613DA2A
:10455000FFF7F8FC09F10109019B4B45DEDC039BE9
:104560001D44049B1F44059B01341E44029BA3422F
:104570009ADD4FF00009EFE7FFF7F9FCEAE737F8BB
:10458000190007F0B1FF08EB090B069059462846C1
:10459000FFF704FD16F80920404212FB0AF28DF8DD
:1045A0002400120A069809A9FFF70BFD9DF92420A3
:1045B000002A594628460EDAFFF7C4FC09F1010922
:1045C000019B4B45DBDC039B1D44049B1F44059B67
:1045D00001341E449CE7FFF7CAFCEFE707EB4903F1
:1045E00040F63A025B78DB0853431B128DF8263005
:1045F00037F8193040F20D41C3F345134B431B12FA
:104600008DF8253017F8193003F01F0353431B12A0
:104610008DF824301EB316F8093013FB0AF31B0A79
:104620008DF8273008EB090194F82230099A2846C2
:10463000FFF7D6FC09F10109019B4B45CEDC0EB119
:10464000059B1E44039B1D44049B0BF1010B1F445F
:10465000029B5B457FF728AF4FF00009ECE753461C
:10466000DEE74FF0000BF3E7032120460BB0BDE877
:10467000F04FFFF7F3BC0421F7E743680293836828
:104680000393C3680493D0E906730593D0E90463E8
:10469000426A0693534203F0070302F0070258BF31
:1046A0005A4290F8223090F8218005680192002B40
:1046B00040F01D81002E6AD1B8F1FC0F2ED8039B6B
:1046C000B3427FF7F1AEB946002454E0D8F80000B9
:1046D00007F03AFF019B04EB030A81465146284646
:1046E000FFF75CFC40428DF8240009A9484698F881
:1046F0000320FFF766FC9DF92430002B5146284625
:1047000013DAFFF71FFC013408F10408029BA342EF
:10471000DCDC049B1D44059B01361F44039BB34214
:104720007FF7C2AEB8460024F0E7FFF720FCEAE7C7
:10473000D9F8000007F008FF019B04EB030B824649
:1047400059462846FFF72AFC99F80320404212FBFD
:1047500008F28DF8240009A95046120AFFF731FC2F
:104760009DF92430002B594628460DDAFFF7EAFB65
:10477000013409F10409029BA342D9DC049B1D44C6
:10478000059B01361F449AE7FFF7F1FBF0E7B8F10C
:10479000FC0F1C4637D8039BA3427FF785AEBA4671
:1047A0004FF0000961E0D9F8000007F0CDFE019B51
:1047B00003EB080B824659462846FFF7EFFB99F8B2
:1047C000033016F80820404212FB03F28DF8240053
:1047D00009A95046120AFFF7F4FB9DF92430002B7B
:1047E0005946284617DAFFF7ADFB08F1010809F131
:1047F0000409029B4345D6DC049B1D44059B1F44D2
:10480000069B01341E44039BA3427FF74DAEB9467D
:104810004FF00008EDE7FFF7AAFBE6E7DAF8000043
:1048200007F092FE019B079003EB090B59462846BF
:10483000FFF7B4FB16F809209AF8031012FB08F2F0
:1048400040424A438DF82400120C079809A9FFF74B
:10485000B8FB9DF92420002A5946284610DAFFF7B4
:1048600071FB09F101090AF1040A029B4B45D5DCF1
:10487000049B1D44059B1F44069B01341E448AE78C
:10488000FFF775FBEDE75AF8030C9AF80020099042
:104890002EBB12FB08F2130A01998DF82730494408
:1048A00094F82230099A2846FFF79AFB09F101098A
:1048B0000AF1040A029B4B45E5DC0EB1069B1E443F
:1048C000049B1D44059B0BF1010B1F44039B5B459F
:1048D0007FF7EAAD07F1030A4FF00009EAE716F89F
:1048E000093013FB02F308FB03F31B0CD4E74FF072
:1048F000000BEBE74368019383680293C36803935B
:10490000D0E906730493D0E90463426A05935342E5
:1049100003F0070302F0070858BFC3F1000890F83E
:10492000223090F821900568002B40F0DE80002EA8
:1049300045D1B9F1FC0F16D8029BB3427FF7B4AD55
:10494000002430E03B57002B08EB0401284610DA26
:10495000FFF7F8FA0134019BA342F3DC039B1D44EB
:10496000049B01361F44029BB3427FF79DAD002498
:10497000F1E7FFF7FCFAEDE708EB040A5146284699
:10498000FFF70CFB40428DF8240009A9385D4A4628
:10499000FFF717FB9DF92430002B514628460BDA10
:1049A000FFF7D0FA0134019BA342E5DC039B1D44D1
:1049B000049B01361F44BFE7FFF7D9FAF2E7B9F1CC
:1049C000FC0F1C462BD8029BA3427FF76DAD4FF026
:1049D000000A4DE008EB090B59462846FFF7DEFABE
:1049E00017F809A016F8092040428DF8240009A9FB
:1049F0005046FFF7E6FA9DF92430002B5946284629
:104A000014DAFFF79FFA09F10109019B4B45E1DC3C
:104A1000039B1D44049B1F44059B01341E44029BC1
:104A2000A3427FF741AD4FF00009EEE7FFF79FFA91
:104A3000E9E708EB0A0B17F80A30069359462846AF
:104A4000FFF7ACFA16F80A20404212FB09F28DF883
:104A50002400120A069809A9FFF7B3FA9DF9242049
:104A6000002A594628460EDAFFF76CFA0AF1010AC5
:104A7000019B5345DDDC039B1D44049B1F44059BA8
:104A800001341E449FE7FFF772FAEFE717F80A3088
:104A90008DF826308DF825308DF824301EB316F8A9
:104AA0000A3013FB09F31B0A8DF8273008EB0A01C3
:104AB00094F82230099A2846FFF792FA0AF1010A7F
:104AC000019B5345E2DC0EB1059B1E44039B1D4434
:104AD000049B0BF1010B1F44029B5B457FF7E4AC89
:104AE0004FF0000AECE74B46DEE74FF0000BF3E730
:104AF0004368019383680293C3680393D0E9067304
:104B00000493D0E90463426A0593534203F0070318
:104B100002F0070B58BFC3F1000B90F8223090F859
:104B200021800568002B40F00E81002E5ED1B8F187
:104B3000FC0F28D8029BB3427FF7B6AC002407F1E4
:104B4000010947E00BEB040949462846FFF726FA1E
:104B500040428DF8240009A917F8140018F8142011
:104B6000FFF72FFA9DF92430002B4946284612DA28
:104B7000FFF7E8F90134019BA342E3DC039B1D44EA
:104B8000049B01361F44029BB3427FF78DAC002487
:104B900007F10108EFE7FFF7EAF9EBE70BEB040A8F
:104BA00051462846FFF7FAF919F81420404212FB43
:104BB00008F28DF8240009A917F81400120AFFF76B
:104BC00000FA9DF92430002B514628460BDAFFF7F6
:104BD000B9F90134019BA342E0DC039B1D44049B13
:104BE00001361F44A6E7FFF7C2F9F2E7B8F1FC0F60
:104BF0001C4631D8029BA3427FF756AC7B1C4FF07A
:104C00000009069356E00BEB080A51462846FFF7C9
:104C1000C5F916F8083019F81820404212FB03F2C3
:104C20008DF8240009A917F81800120AFFF7C9F92E
:104C30009DF92430002B5146284616DAFFF782F9F9
:104C400008F10108019B4345DDDC039B1D44049BE7
:104C50001F44059B01341E44029BA3427FF724ACF2
:104C60004FF0000807F10109ECE7FFF780F9E7E7EB
:104C70000BEB090A51462846FFF790F9069B13F8FB
:104C8000192016F8093012FB03F2404208FB02F229
:104C90008DF8240009A917F81900120CFFF791F9F3
:104CA0009DF92430002B514628460EDAFFF74AF9C9
:104CB00009F10109019B4B45DADC039B1D44049B70
:104CC0001F44059B01341E4494E7FFF750F9EFE7BA
:104CD0001AF8013C9AF800208DF826308DF825301E
:104CE0008DF824303EBB12FB08F2130A8DF82730F2
:104CF0000BEB090194F82230099A2846FFF770F966
:104D000009F101090AF1020A019B4B45E0DC0EB1F1
:104D1000059B1E44039B1D44049B1F44069B0133BB
:104D20000693069A029B93427FF7BEAB07F1010AF6
:104D30004FF00009E8E716F8093013FB02F308FB0F
:104D400003F31B0CD2E70023EAE74368019383686F
:104D50000293C3680393D0E906730493D0E9046314
:104D6000426A0593534203F0070302F0070858BF55
:104D7000C3F1000890F8223090F821900568002BCC
:104D800040F0E780002E49D1B9F1FC0F1AD8C9F1E3
:104D9000FF0A029BB3427FF787AB002432E0214633
:104DA0003846FFF7FBF804EB080188B12846FFF707
:104DB000C9F80134019BA342F1DC039B1D44049B11
:104DC00001361F44029BB3427FF76EAB0024F1E72C
:104DD0002846FFF7CCF8ECE721463846FFF7DEF827
:104DE00004EB080B024659462846FFF7D7F819FB93
:104DF00002F200FB0A221206594628460BD5FFF79D
:104E0000A1F80134019BA342E6DC039B1D44049BF3
:104E100001361F44BDE7FFF7AAF8F2E7B9F1FC0F2E
:104E20001C462BD8029BA3427FF73EAB4FF0000AF3
:104E30004EE049463846FFF7B1F808EB090B8246C9
:104E400059462846FFF7AAF816F80920C2F1FF03D1
:104E500012FB0AF200FB032213065946284614D51A
:104E6000FFF770F809F10109019B4B45E1DC039B59
:104E70001D44049B1F44059B01341E44029BA34216
:104E80007FF712AB4FF00009EEE7FFF770F8E9E7A4
:104E900016F80A20D2B151463846FFF77FF808EBE2
:104EA0000A0183462846069112FB09F2FFF776F8BD
:104EB0001212C2F1FF0312FB0BF200FB032212F0ED
:104EC000800F069928460ED0FFF73CF80AF1010A38
:104ED000019B5345DCDC039B1D44049B1F44059B45
:104EE00001341E449EE7FFF742F8EFE7514638468B
:104EF000FFF754F84042C0B28DF825008DF8240029
:104F00002EB316F80A3013FB09F31B0A8DF827306D
:104F10008DF826000AEB080194F82230099A2846F9
:104F2000FFF75EF80AF1010A019B5345DEDC0EB182
:104F3000059B1E44039B1D44049B0BF1010B1F4466
:104F4000029B5B457FF7B0AA4FF0000AECE74B46A7
:104F5000DCE74FF0000BF3E7CB10C943C05C01F076
:104F60000701084100F00100704710B55AB1FC2A52
:104F70009FBF0C78D34310FB02F0DBB29CBF04FB55
:104F80000300000A087010BD37B5154604460846F0
:104F9000019107F0D9FA022D11D0032D14D0012D63
:104FA00018D123780344FF2BA8BFFF23D8B29DF864
:104FB0000720214603B0BDE83040FFF7D6BF237875
:104FC0001B1A23EAE373F1E7237813FB00F3C3F31F
:104FD0000720ECE703B030BD2DE9F04F89B04368FE
:104FE000009383680193C3680293D0E90653039347
:104FF000D0E90443049390F8223090F82190066899
:1050000007468846002B40F0A980F4B9B9F1FC0F9F
:1050100014D8019B9C4280F2A380AA46002729E075
:10502000484607F07AFAC144F0550137009B9F4289
:10503000F6DB029B1E44039B01341D44019B9C42F2
:1050400080F28E80A9460027F0E7B9F1FC0F1F46D9
:105050002FD8019B9F4280F28380AB464FF0000A1D
:105060003DE0504607F059FAF1194A46FFF77DFF37
:105070000137C244009B9F42F3DB029B1E44039B0B
:1050800001341D44C5E7504607F047FA14F80920DB
:1050900006EB0901FFF769FF09F10109C244009B12
:1050A0009945F0DB029B1E44039B1D44049B013782
:1050B0001C44019B9F4253DAAA464FF00009EEE7D9
:1050C000584607F02AFA14F80A2012FB09F206EBF8
:1050D0000A01120AFFF749FF0AF1010AC344009BC3
:1050E0009A45EDDB029B1E44039B1D44049B013744
:1050F0001C44AEE79BF802208DF81E209BF801208F
:105100008DF81D209BF800208DF81C2024B314F886
:105110000A2012FB09F2120A8DF81F2006EB0A0082
:1051200097F8222007990593FFF72EFF059B0AF1B8
:10513000010AC344009A9245DCDB0CB1049A144482
:10514000029A1644039A01331544019A934207DAEE
:10515000AB464FF0000AEDE74A46DDE70023F4E7EF
:1051600009B0BDE8F08F2DE9F74FD0E9045AD0E936
:10517000017890F81BB0D0F80C9006468069002D9D
:105180005FD1BBF1FC0F46D907F093F9002FD6F899
:1051900000A007F1FF3626F00F06D8BF0026A7EBC8
:1051A000060BBE42C8BF4FF0000B0446103F4545FA
:1051B00037DA524620E003F8104C03F80F4C03F89E
:1051C0000E4C03F80D4C03F80C4C03F80B4C03F891
:1051D0000A4C03F8094C03F8084C03F8074C03F891
:1051E000064C03F8054C03F8044C03F8034C03F891
:1051F000024C03F8014C1A4602F11003A2EB0A021A
:105200009742D8DC0AEB06005A4621460EF05BFFB7
:10521000CA440135CBE707F04CF93668824645456C
:105220000DDB03B0BDE8F08F31195A465046FFF749
:105230009CFE0134BC42F7DB4E440135EFE700240D
:10524000F8E7BBF1FC0F16D907F033F9D6F800B038
:1052500000264645E5DA002407E02A5D00900BEBC6
:105260000401FFF782FE00980134BC42F5DBCB4419
:1052700055440136EDE707F01CF933680026464532
:10528000CFDA00240BE02A5D12FB0BF21919120A87
:10529000CDE90003FFF769FEDDE900030134BC42FC
:1052A000F1DB4B4455440136E9E72DE9F04F90F826
:1052B0002030063B89B081460F2B3CD8DFE813F045
:1052C000A301FD023B003B003B003B003B003B00D9
:1052D0003B00CD00D600D40010003B003B003C0258
:1052E000D0E901830193C3680293D0E9044390F8A5
:1052F00022B090F8217006680393D0E9065ABBF1FA
:10530000000F40F0A8806CBBFC2F11D8019BA3427A
:1053100011DD4FF0000B1EE035F8170007F0E4F840
:10532000F0550137B845F7DC029B55441E44013463
:10533000019BA34202DC09B0BDE8F08F0027F1E732
:1053400035F81B0007F0D0F806EB0B013A46FFF7E3
:105350000CFE0BF1010BD845F2DC029B55441E44B8
:105360000134D3E7FC2F17D8019B5B45E3DD4FF0F9
:10537000000925E035F8170007F0B6F8E25DF119ED
:10538000FFF7F3FD0137B845F4DC029B1E44039B95
:1053900055441C440BF1010B019B5B45CBDD002701
:1053A000F1E735F8190007F09FF814F8092012FB0F
:1053B00007F206EB0901120AFFF7D7FD09F101090F
:1053C000C845EEDC029B1E44039B55441C440BF174
:1053D000010BC9E705EB4B0240F63A015278D208BF
:1053E0004A4312128DF81E2035F81B2040F20D4062
:1053F000C2F34512424312128DF81D2015F81B20EE
:1054000002F01F024A4312128DF81C200CB314F84C
:105410000B2012FB07F2120A8DF81F2006EB0B007F
:1054200099F8222007990493FFF7AEFD049B0BF136
:10543000010BD845CEDC0CB1039A1444029A5544B2
:1054400016440133019A9A427FF775AF4FF0000B73
:10545000EFE73A46E0E70023F4E70321484609B0C6
:10546000BDE8F04FFFF7B8BD0421F7E743680193AB
:1054700083680293C3680393D0E9044390F82270D1
:1054800090F8218006680493D0E9065A002F40F076
:10549000B780002C3AD1B8F1FC0F19D8029BA34277
:1054A0007FF749AFAB46002728E0D8F8000007F0A7
:1054B0004BF898F80320F119FFF757FD013708F171
:1054C0000408019BBB42F0DC039B55441E4401349D
:1054D000029BA3427FF72FAFA8460027F1E7DBF836
:1054E000000007F031F89BF8032012FB08F2F119D5
:1054F000120AFFF73AFD01370BF1040B019BBB4287
:10550000EDDC039B55441E440134C7E7B8F1FC0FA2
:1055100023D8029BBB427FF70EAFA9464FF0000B8A
:1055200037E0DBF8000007F00FF89BF8032014F8D1
:10553000083012FB03F206EB0801120AFFF715FD13
:1055400008F101080BF1040B019B4345E9DC039BC7
:105550001E44049B55441C440137029BBB427FF709
:10556000EAAEAB464FF00008EEE7D9F8000006F0CF
:10557000EBFF99F8032014F80B1012FB08F24A43D2
:10558000120C06EB0B01FFF7F0FC0BF1010B09F11C
:105590000409019B5B45E8DC039B1E44049B5544C6
:1055A0001C440137B5E755F8270013F8271007907A
:1055B000FCB918FB01F10A0A8DF81F20F01999F8BF
:1055C000222007990593FFF7DFFC059B0137019A1D
:1055D000BA42E8DC0CB1049B1C44039B55441E44B6
:1055E0000BF1010B029B5B457FF7A5AE0027EB1C7F
:1055F000EDE7E25D12FB01F208FB02F2120CDBE7C1
:105600004FF0000BEEE74368019383680293D0E903
:10561000044390F8227090F821800568D0F80CA01F
:105620000393D0E9066B002F40F084800CBBB8F1E7
:10563000FC0F0DD8029BA3427FF77DAE002711E03F
:1056400031462846019A08F084FC55445E440134F2
:10565000029BA342F4DC6EE6F05DE9194246FFF7D7
:1056600084FC0137019BBB42F6DC55445E440134A7
:10567000E0E7B8F1FC0F18D8029BBB427FF75BAEA6
:105680004FF0000925E014F8082016F8080005EB93
:105690000801FFF76AFC08F10108019B4345F2DCB1
:1056A000039B55445E441C440137029BBB427FF779
:1056B00042AE4FF00008F0E714F8092016F8090090
:1056C00012FB08F205EB0901120AFFF74EFC09F183
:1056D0000109019B4B45EFDC039B55445E441C4490
:1056E0000137C9E7F25D8DF81E208DF81D208DF879
:1056F0001C20ECB1E25D12FB08F2120A8DF81F20AB
:10570000E81999F8222007990493FFF73DFC049BC0
:105710000137019ABA42E5DC0CB1039A14445544AE
:105720005E440133029A9A427FF705AE0027F0E704
:105730004246E3E70023F5E7436801938368029359
:10574000C3680393D0E9044390F8227090F8218055
:1057500005680493D0E9066A002F40F0AB80B4BB23
:10576000B8F1FC0F17D8029BA3427FF7E4ADB34614
:10577000002722E0E91918F8012C18F8020CFFF7AD
:10578000F4FB0137019BBB4208F10208F2DC039BEA
:1057900056441D440134029BA3427FF7CCADB04672
:1057A0000027EFE71BF8012C1BF8020C12FB08F294
:1057B000E919120AFFF7D9FB0137019BBB420BF134
:1057C000020BEFDC039B56441D440134CBE7B8F1D8
:1057D000FC0F21D8029BBB427FF7ADADB1464FF025
:1057E000000B32E014F808301BF8012C1BF8020CF7
:1057F00012FB03F205EB0801120AFFF7B6FB08F1F2
:105800000108019B43450BF1020BEBDC039B1D449C
:10581000049B56441C440137029BBB427FF78BAD6F
:10582000B3464FF00008ECE714F80B1019F8012C00
:1058300019F8020C12FB01F208FB02F205EB0B0156
:10584000120CFFF792FB0BF1010B019B5B4509F179
:105850000209E9DC039B1D44049B56441C440137A8
:10586000B8E716F817308DF81E308DF81D308DF81A
:105870001C30ECB1E35D13FB08F31B0A8DF81F30FD
:10588000E81999F822200799FFF77EFB0137019B61
:10589000BB42E6DC0CB1049B1C44039B56441D44F4
:1058A0000BF1010B029B5B457FF745AD0027EEE74F
:1058B0004346E3E74FF0000BF4E743680193836846
:1058C0000293C3680393D0E9044390F8228090F8D0
:1058D000217005680493D0E9066AB8F1000F40F022
:1058E000AC80002C38D1FC2F1AD8029BA3427FF742
:1058F00022AD4FF0000827E041463046FFF72CFB71
:10590000404205EB08013A46C0B2FFF72EFB08F112
:105910000108019B4345EFDC039B56441D440134C1
:10592000029BA3427FF707AD4FF00008F1E7414625
:105930003046FFF711FB404205EB08013A46C0B282
:10594000FFF713FB08F10108019B4345EFDC039BC4
:1059500056441D440134C8E7FC2F1BD8029B434525
:105960007FF7E9AC4FF0000B2BE039463046FFF7EC
:10597000F3FA4042E25DE919C0B2FFF7F6FA0137E7
:10598000019BBB42F1DC039B1D44049B56441C4419
:1059900008F10108029B43457FF7CDAC0027EFE7F4
:1059A00059463046FFF7D8FA14F80B20404212FB54
:1059B00007F205EB0B01120AC0B2FFF7D6FA0BF1A2
:1059C000010B019B5B45EBDC039B1D44049B564490
:1059D0001C4408F10108C1E741463046FFF7BCFA14
:1059E0004042C0B28DF81D008DF81C001CB314F8A5
:1059F000083013FB07F31B0A8DF81E008DF81F30CB
:105A000005EB080099F822200799FFF7BDFA08F185
:105A10000108019B4345DFDC0CB1049B1C44039B44
:105A200056441D440BF1010B029B5B457FF783AC91
:105A30004FF00008EDE73B46DEE74FF0000BF3E7E1
:105A4000CB10C943C05C01F00701084100F0010020
:105A500070472DE9F04FD0E9017387B08046806927
:105A6000019306F06FFCD8E904530393D8F80C3087
:105A700098F81B90D8F8004002930646002D40F09D
:105A8000B180B9F1FC0F42D9791E21F00F017800E5
:105A9000490006EB0642A3EB4707019B9D4202DB50
:105AA00007B0BDE8F08FA30704EB000C04EB010E78
:105AB00018BF24F8026B234673451BD30EF11F0356
:105AC0001B1BA4F11F0823F01F03C64538BF00238A
:105AD00023441C46644517D30CF10104E41A24F056
:105AE000010403F1FF3EF44538BF00243C441C444C
:105AF0000135D2E7C3E90022C3E90222C3E9042247
:105B0000C3E906222033D7E724F8026BE2E72388B3
:105B10000133CDE90353BB1E0593039B019A9342C6
:105B2000BEDA14F0030A07D021884A463046E8F767
:105B3000AFFE4FF0010A208004EB4A08D346059BD4
:105B40005B4514DC07F1FF38A8EB0A0828F00108D0
:105B50005745D8BF4FF00008D04404EB480AB84579
:105B600035DB029B1C44039B01330393D5E734F8D8
:105B70001B00B8F80210814213D001464A46304655
:105B8000E8F786FE24F81B004A46B8F802103046B3
:105B9000E8F77EFEA8F802000BF1020B08F10408FA
:105BA000CDE7D8F80020049B9A4202D1C8F80050F3
:105BB000F2E7D8F8003004934A463046E8F768FE2A
:105BC00024F81B00A8F80200D8F80050E4E7BAF85F
:105BD00000104A463046E8F75BFE08F101082AF853
:105BE000020BBCE7B9F1FC0F4FF0000B2FD8019B63
:105BF0009B45BFF655AFA4F1020A4FF0000869E0DB
:105C000015F0010807D02A7821883046E8F740FED1
:105C10004FF0010820807A1E04EB480A05EB0803C8
:105C2000C1460492049A4A4515DCA7EB080323F009
:105C30000103B845C8BF0023984404EB4809B845A0
:105C40002EDB029B1C44039B0BF1010B1D44019BAB
:105C50009B45D5DB24E71A884FF6FF718A4209D1AC
:105C600024F81960AAF8026009F102090AF1040A8D
:105C70000233D7E7002AF7D01A7834F819100593C1
:105C80003046E8F705FE059B24F8190030465A789F
:105C9000BAF80210E8F7FCFD059BAAF80200E3E75A
:105CA00015F80820B9F800103046E8F7F1FD08F1C2
:105CB000010829F8020BC2E715F808203AF8021F7C
:105CC00012FB09F2120A3046E8F7E2FD08F101087A
:105CD000AAF80000B845EFDB029B1C44039B0BF1C4
:105CE000010B1D4483E72DE9F04F90F82020063A80
:105CF00087B081460F2A2DD8DFE812F09302ED0419
:105D00002C002C002C002C002C002C002C003B0123
:105D10004401420110002C002C00A10343680093B1
:105D200083680193C3680293D0E9044390F822503A
:105D300090F8218006680493D0E9067A002D40F09F
:105D4000168164BBB8F1FC0F22D9009B5D00019B5A
:105D5000A34202DC07B0BDE8F08F394630462A4640
:105D600008F0F7F8029B57441E440134EFE73BF874
:105D7000021F37F815004246E8F78AFD0135ABF8F7
:105D80000000009BAB42F2DC029B57441E440134EE
:105D9000019BA342DEDDA6F1020B0025F1E7B8F17D
:105DA000FC0F1CD8019BAB42D4DDA6F102094FF0D9
:105DB000000B2BE014F808203BF8021F37F81800FE
:105DC000E8F766FD08F10108ABF80000009B4345C9
:105DD000F0DC029B1E44049B57441C440135019B8C
:105DE000AB42B7DDA6F1020B4FF00008EEE714F866
:105DF0000B2039F8021F37F81B0012FB08F2120AB9
:105E0000E8F746FD0BF1010BA9F80000009B5B458C
:105E1000EDDC029B1E44049B57441C440135C1E742
:105E200099F82220022A4ED0032A71D0012A91D15A
:105E3000BBF8001051B39BF801206878D20802EB40
:105E4000D00228881F2AC1F34511C0F34510084429
:105E5000A8BF1F22D2023F28A8BF3F2092B202EB68
:105E6000401290B229789BF8002001F01F0102F047
:105E70001F0211441F29D4BF40181F30298880B247
:105E8000002C6BD14246E8F703FD2880039B0133C9
:105E900003930BF1020B0235009B039A9342BFDC84
:105EA000029B57441E440CB1049B1C44059B0133C8
:105EB0000593059A019B93427FF74CAF0023BB46A5
:105EC00035460393E8E7BBF800100029DED09BF8C5
:105ED00001206878D208C2EBD0022888C1F34511AE
:105EE00022EAE272C0F34510401AD20220EAE070C2
:105EF00092B202EB401290B229789BF8002001F098
:105F00001F0102F01F02891A0029A8BF4018B5E737
:105F1000BBF800104FF6FF729142B7D06A789BF839
:105F20000100D208C00812FB00F22888C1F3451115
:105F3000C0F3451010FB01F080115211400100EB3D
:105F4000C2209BF800102A7801F01F0102F01F0206
:105F500080B212FB01F200EB52108FE7039BE25C70
:105F6000B8F1FC0F9CBF12FB08F2120A8BE700236A
:105F70009EE70321484607B0BDE8F04FE4F7F8BDBF
:105F80000421F7E74368009383680193C368029391
:105F9000D0E906530393D0E9044390F8227090F8B7
:105FA000218006680493002F40F03981002C40D1F5
:105FB000B8F1FC0F1CD8019BA3427FF7CBAEA6F132
:105FC000020B2F464FF0000A2AE0FA783AF8021F37
:105FD0003846E4F797FD08F10108AAF800000437F5
:105FE000009B4345F1DC029B1E44039B01341D448E
:105FF000019BA3427FF7AEAEA6F1020A2F464FF0F7
:106000000008EDE7FA783BF8021F12FB08F2384669
:10601000120AE4F777FD0AF1010AABF80000043731
:10602000009B5345EEDC029B1E44039B01341D4440
:10603000C1E7B8F1FC0F25D8019BBB427FF78AAEC0
:10604000A6F10209AB464FF0000A39E014F8083017
:106050009AF803203BF8021F12FB03F25046120A83
:10606000E4F750FD08F10108ABF800000AF1040A5A
:10607000009B4345EADC029B1E44039B1D44049B9A
:1060800001371C44019BBB427FF764AEA6F1020BB3
:10609000AA464FF00008EBE714F80A109BF803201B
:1060A00012FB01F208FB02F239F8021F5846120CEB
:1060B000E4F728FD0AF1010AA9F800000BF1040B2E
:1060C000009B5345E8DC029B1E44039B1D44049B3C
:1060D00001371C44B0E799F82220022A51D0032A44
:1060E00070D0012A7FF436AE9AF80120B978D20830
:1060F00002EBD1021F2AA8BF1F22D002BAF800204B
:106100007978C2F3451202EB91023F2AA8BF3F22E1
:1061100080B200EB42109AF80020397802F01F029A
:1061200080B202EBD1021F2AD4BF80181F30BAF808
:10613000001080B2002C65D1FA78B8F1FC0F9CBF3A
:1061400018FB02F2120AE8F7A3FB2AF8020B0BF184
:10615000010B0437009B5B45BDDC029B1E44039B87
:106160001D440CB1049B1C44059B01330593059A07
:10617000019B93427FF7EEADB2462F464FF0000BE6
:10618000E8E7BA789AF80110D208C2EBD10222EA05
:10619000E272D002BAF800207978C2F34512A2EB7D
:1061A000910222EAE27280B200EB42109AF80020DB
:1061B000397802F01F0280B2A2EBD102002AA8BFF8
:1061C0008018B4E7BA789AF801107878C908D2082C
:1061D00012FB01F2BAF800108008C1F3451110FB60
:1061E00001F080115211400100EBC2209AF800101A
:1061F0003A7801F01F01D20880B212FB01F200EBE5
:10620000521094E7B8F1FC0F14F80B209FBF97F8D9
:1062100003C012FB08F20CFB02F2120C93E70023FE
:10622000A4E74368009383680193C3680293D0E9AD
:10623000044390F8227090F8218005680393D0E918
:10624000066A002F40F0F98074BBB8F1FC0F14D837
:10625000019BA3427FF77EADA5F1020B00271BE057
:10626000705CE4F711FC25F811000131009B8B42B2
:10627000F6DC029B56441D440134019BA3427FF788
:1062800069AD0021F2E7F05D3BF8021F4246E4F7FA
:1062900007FC0137ABF80000009BBB42F3DC029B1C
:1062A00056441D440134D3E7B8F1FC0F1DD8019BBF
:1062B000BB427FF74FADA5F102094FF0000B2CE078
:1062C00014F8082016F808003BF8021FE4F7E8FB72
:1062D00008F10108ABF80000009B4345F0DC029B8D
:1062E0001D44039B56441C440137019BBB427FF76E
:1062F00031ADA5F1020B4FF00008EDE714F80B20CB
:1063000016F80B0039F8021F12FB08F2120AE4F724
:10631000C7FB0BF1010BA9F80000009B5B45EDDC0E
:10632000029B1D44039B56441C440137BFE799F868
:10633000221016F82BC002294FEADC024FEA9C0C0F
:1063400041D0032958D001297FF404AD78783988E9
:1063500002EBD0001F28C1F345116144A8BF1F20E4
:10636000C0023F29A8BF3F2180B200EB411039781D
:1063700001F01F0180B20A441F2AD4BF80181F30C9
:1063800080B2002C4FD1B8F1FC0F03D839884246B7
:10639000E8F77EFA27F8020B0BF1010B009B5B4537
:1063A000C5DC029B56441D440CB1039B1C44049B5A
:1063B00001330493049A019B93427FF7CBAC2F46A1
:1063C0004FF0000BEAE778783988C2EBD00020EA7A
:1063D000E070C1F34511C002A1EB0C0121EAE171AB
:1063E00080B200EB4110397801F01F0180B28A1AA7
:1063F000002AA8BF8018C3E738887978C0F3451011
:10640000C90810FB0CF011FB02F180114911400189
:1064100000EBC120397801F01F0180B211FB02F2BC
:1064200000EB5210ACE714F80B203988B8F1FC0FE0
:106430009CBF12FB08F2120AAAE70023B9E74368DF
:10644000009383680193C3680293D0E906530393D2
:10645000D0E9044390F8227090F8218006680493F4
:10646000002F40F03681002C46D1B8F1FC0F1FD828
:10647000019BA3427FF76EAC2F46A6F1020B4FF0B3
:10648000000A2EE017F8012C3AF8021F17F8020C48
:10649000E4F706FB08F10108AAF80000009B434559
:1064A00007F10207EEDC029B1E44039B01341D44EE
:1064B000019BA3427FF74EAC2F46A6F1020A4FF094
:1064C0000008EBE717F8012C3BF8021F17F8020C45
:1064D00012FB08F2120AE4F7E3FA0AF1010AABF838
:1064E0000000009B534507F10207EBDC029B1E44B2
:1064F000039B01341D44BBE7B8F1FC0F26D8019B78
:10650000BB427FF727ACAB46A6F102094FF0000A69
:1065100039E014F808301AF8012C3BF8021F1AF879
:10652000020C12FB03F2120AE4F7BAFA08F10108AE
:10653000ABF80000009B43450AF1020AE9DC029B2C
:106540001E44039B1D44049B01371C44019BBB421A
:106550007FF700ACAA46A6F1020B4FF00008E9E76E
:1065600014F80A101BF8012C1BF8020C12FB01F2A4
:1065700008FB02F239F8021F120CE4F791FA0AF153
:10658000010AA9F80000009B53450BF1020BE7DC60
:10659000029B1E44039B1D44049B01371C44AEE731
:1065A00099F8221097F800C002294FEADC024FEA5E
:1065B0009C0C4BD0032965D001297FF4CBAB9AF812
:1065C0000100BAF8001002EBD0001F28C1F34511FA
:1065D0006144A8BF1F20C0023F29A8BF3F2180B24D
:1065E00000EB41109AF8001001F01F0180B20A443C
:1065F0001F2AD4BF80181F30BAF8001080B2002CB8
:106600005AD17A78B8F1FC0F9CBF18FB02F2120A3B
:10661000E8F73EF92AF8020B0BF1010B0837009B53
:106620005B45BDDC029B1E44039B1D440CB1049BD7
:106630001C44059B01330593059A019B93427FF708
:1066400089ABB2462F464FF0000BE8E79AF80100FD
:10665000BAF80010C2EBD00020EAE070C1F3451197
:10666000C002A1EB0C0121EAE17180B200EB411004
:106670009AF8001001F01F0180B28A1A002AA8BF00
:106680008018B9E7BAF800009AF80110C0F3451075
:10669000C90810FB0CF011FB02F1801149114001F7
:1066A00000EBC1209AF8001001F01F0180B211FB2D
:1066B00002F200EB52109FE7B8F1FC0F14F80B2028
:1066C0009FBF97F801C012FB08F20CFB02F2120CFC
:1066D0009EE70023AFE74368009383680193C36894
:1066E0000293D0E9044390F8227090F82180056865
:1066F0000393D0E9066A002F40F0F280002C38D1D5
:10670000B8F1FC0F19D8019BA3427FF723ABA5F189
:10671000020B002725E039463046FFF791F9404249
:10672000C0B2E4F7B1F925F817000137009BBB426E
:10673000F1DC029B56441D440134019BA3427FF7C8
:1067400009AB0027F2E739463046FFF779F94042B6
:106750003BF8021F4246C0B2E4F7A2F90137ABF89A
:106760000000009BBB42EEDC029B56441D440134FA
:10677000C9E7B8F1FC0F21D8019BBB427FF7EAAA19
:10678000A5F102094FF0000B34E041463046FFF717
:1067900057F9404214F808203BF8021FC0B2E4F752
:1067A0007FF908F10108ABF80000009B4345ECDCE1
:1067B000029B1D44039B56441C440137019BBB4272
:1067C0007FF7C8AAA5F1020B4FF00008EDE7594684
:1067D0003046FFF735F914F80B2039F8021F12FB89
:1067E00008F24042120AC0B2E4F75AF90BF1010B69
:1067F000A9F80000009B5B45E9DC029B1D44039B5C
:1068000056441C440137B7E73046FFF719F999F8A9
:1068100022204042022AC0B231D0032A36D0012AB7
:106820007FF498AAE4F730F979884FF6FE720844AD
:10683000904246DC80B2002C48D1B8F1FC0F03D85E
:1068400079884246E8F724F827F8020F0BF1010B8C
:10685000009B5B454FEA8B01D6DC029B56441D44EE
:106860000CB1039B1C44049B01330493049A019BC9
:1068700093427FF76FAAAF1E4FF0000BE8E7E4F7F3
:1068800003F9798881421FDD081AD3E7E4F7FCF8A1
:106890007988C0F3CF0CCA0A0CFB02F200F01F0E7D
:1068A00001F01F0C0EFB0CFC4FEA6C1C4CEAC22CD6
:1068B000C0F38500C1F34512504380114CEA4010EB
:1068C000B8E74FF6FF70B6E70020B4E714F80B20E6
:1068D0007988B8F1FC0F9CBF12FB08F2120AB1E7ED
:1068E0000023C2E7CB10C943C05C01F00701084197
:1068F00000F00100704722B1FC2A03D908704870EB
:106900008870704710FB02F0D3430A78DBB202FBB9
:106910000302120A0A704A7802FB0302120A4A7042
:106920008A7802FB0300000AEAE730B53AB1FC2A94
:10693000037805D90B7043784B7083788B7030BD2A
:106940000D78D443E4B213FB02F305FB04331B0AB6
:106950000B704B78457813FB04F305FB02331B0ADD
:106960004B708B78807813FB04F300FB02331B0A17
:10697000E4E730B585B0022A0191CCB2C1F3072516
:10698000C1F3074121D0032A30D0012A1BD103785B
:106990002344FF2BA8BFFF238DF80C3043782B44F2
:1069A000FF2BA8BFFF238DF80D3083780B44FF2BFE
:1069B000A8BFFF23DBB201469DF807208DF80E30FB
:1069C00003A8FFF7B2FF05B030BD03781B1B23EA15
:1069D000E3738DF80C3043785B1B23EAE3738DF887
:1069E0000D3083785B1A23EAE373E3E7037813FB44
:1069F00004F31B128DF80C30437813FB05F31B12C4
:106A00008DF80D30837813FB01F31B0AD3E72DE9D2
:106A1000F04F436890F821A005688BB04B43019379
:106A200083680293C3680393D0E906630493D0E9B3
:106A30000443069390F82230074688469146002B7F
:106A400040F0BA8064BBBAF1FC0F44D991420FD038
:106A5000029B9C420FDA32462B4617E0314628460D
:106A6000019A07F076FA039B1D44049B01341E44EF
:106A7000029B9C42F2DB0BB0BDE8F08F11781970DD
:106A800051785970917899704A4443440198591B40
:106A90008142F3DB039B1D44049B01341E44D7E772
:106AA000BAF1FC0F1F4630D8029B9F42E3DA631E07
:106AB00030464FF0000B40E0E91958465246FFF7C8
:106AC00034FF4744CB44019B9F42F5DB039B1D44AD
:106AD000049B01341E44029B9C42CCDAB34600273F
:106AE000F1E705EB0A011BF8012F0590FFF71DFFE9
:106AF0000598C2444844019B9A45F2DB039B1D4420
:106B0000049B1E44069B01371C44029B9F42B2DA41
:106B100004F1FF3B30464FF0000AECE713F8012F79
:106B2000079312FB0AF205EB0B01120A0590FFF71F
:106B3000FCFE0598079BC3444844019A9345EDDB4E
:106B4000039B1D44049B1E44069B01371C44ABE77A
:106B50009A788DF826205A788DF825201A788DF8A5
:106B600024203CB314F80B2012FB0AF2120A8DF811
:106B7000272005EB0B0097F8222009990793FFF7D0
:106B8000F8FE079BC3444B44019A9345E0DB0CB1EC
:106B9000069B1C44039B1D44049B1E44059B013320
:106BA0000593059B029A9342BFF665AF33464FF0BB
:106BB000000BE9E75246DAE70023F1E72DE9F04F51
:106BC000D0E9044387B0D0E901A790F81B90C668CC
:106BD000019380460D46002C76D1B9F1FC0F5AD9AD
:106BE000032925D104680AEB4A0A2346D91C1B1B3A
:106BF0009A4507DC04EB06080125BD4210DB07B00F
:106C0000BDE8F08F98F8183001F8033C98F8193077
:106C100001F8023C98F81A3001F8013C0B46E5E710
:106C200040465246214607F094F9B0440135E4E766
:106C30000429E4D1806905F093FBBAF1000FD8F87C
:106C400000102AF00F02AAF10F0CB8BF0022BC42BC
:106C5000D5DA0B46002510E043E9100043E90E00A9
:106C600043E90C0043E90A0043E9080043E9060050
:106C700043E9040043E902001035AC4503F1400349
:106C8000EADC1346534502DB31440134DFE741F8C7
:106C900023000133F6E7806905F062FBD8F800B005
:106CA000059005FB0AFABC42A9DA4FF0000806E09D
:106CB0000BEB08014A4605A8FFF737FEA844D0456C
:106CC000F6DBB3440134EEE701FB0AF3B9F1FC0F44
:106CD000806902931ED905F043FBD8F800A0059007
:106CE0004FF00009B9458ADA04F1FF3B4FF0000884
:106CF00007E00AEB08011BF8012F05A8FFF715FEB6
:106D0000A844029B9845F4DB019BB2441C4409F162
:106D10000109E7E705F024FBD8F800B005904FF033
:106D2000000ABA45BFF66BAF631E4FF000080CE0D7
:106D300013F8012F039312FB09F20BEB0801120A5F
:106D400005A8FFF7F2FD039BA844029A9045EFDBEC
:106D5000019BB3441C440AF1010AE2E72DE9F04F1C
:106D600090F820308BB0063B044601910F2B00F2C7
:106D7000D082DFE813F02702B403CE02CE02CE02A7
:106D8000CE02CE02CE02CE024B01560154011000BB
:106D9000CE02CE02D902D0E901B30293C3680393B5
:106DA000D0E906530493D0E90463059390F82230A8
:106DB00090F821900768002B40F02381002E62D1CB
:106DC000B9F1FC0F30D840F63A0840F20D4A029B68
:106DD000B34240F39E82394600244CE005EB420367
:106DE0005B78DB0843431B128B7035F81230C3F31A
:106DF000451363431B124B7015F8123003F01F0349
:106E000043431B120B70019B013219449345E5DC8F
:106E1000039B1F44049B01361D44029BB34240F375
:106E2000788239460022F1E740F63A0040F20D44FC
:106E3000F3E705EB44034A465B78DB0808FB03F302
:106E40001B128DF8263035F81430C3F345130AFBB6
:106E500003F31B128DF8253015F8143003F01F03CF
:106E600008FB03F31B1209A88DF82430FFF75DFD22
:106E7000019B01341944A345DBDC039B1F44049BA5
:106E800001361D44A3E7B9F1FC0F1C463ED840F67D
:106E90003A0A029BA34240F33C8239464FF0000875
:106EA00061E005EB480316F808205B78DB0809FB76
:106EB00003F31B128DF8263035F81830C3F3451351
:106EC0000AFB03F31B128DF8253015F8183003F078
:106ED0001F0309FB03F31B1209A88DF82430FFF7E9
:106EE00024FD019B08F101081944C345D9DC039B2B
:106EF0001F44049B1D44059B01341E44029BA34276
:106F000040F3078239464FF00008EEE740F63A09B1
:106F100040F20D4AF2E705EB480340F20D425B7880
:106F2000DB080AFB03F31B128DF8263035F8183006
:106F3000C3F3451353431B128DF8253015F8183051
:106F400016F8082003F01F030AFB03F312FB09F2F3
:106F50001B12120A09A88DF82430FFF7E6FC019BEA
:106F600008F101081944C345D5DC039B1F44049B69
:106F70001D44059B01341E448BE705EB480240F29B
:106F80000D415278D2085A4312128DF8262035F856
:106F90001820C2F345124A4312128DF8252015F825
:106FA000182002F01F025A4312128DF8242036B323
:106FB00016F8082012FB09F2120A8DF82720099909
:106FC00094F822200690FFF7D4FC019B069808F164
:106FD0000108184440F63A03C345CEDC0EB1059AC9
:106FE0001644039A1744049A0AF1010A1544029AB6
:106FF000524540F38E8138464FF00008ECE74A4690
:10700000DBE74FF0000A40F63A03F0E703229DF871
:10701000041020460BB0BDE8F04FFFF7F8BC042287
:10702000F5E74368029383680393C3680493D0E948
:107030000453059390F8223090F821800768D0E936
:107040000669002B40F0BC80002D38D1B8F1FC0F50
:1070500018D8039BAB4240F35C81B246394600240A
:1070600025E098F803204046FFF75FFC019B0134C0
:1070700008F104081944029BA342F2DC049B4E442D
:107080001F440135039BAB4240F34381B046394670
:107090000024F0E79AF8032012FB08F25046120A87
:1070A000FFF743FC019B01340AF1040A1944029BD7
:1070B000A342EFDC049B4E441F440135C9E7B8F1FD
:1070C000FC0F1C4621D8039BA34240F32281B34608
:1070D00039464FF0000A33E015F808309AF80320DB
:1070E00012FB03F25046120AFFF71FFC019B08F146
:1070F00001080AF1040A1944029B4345ECDC049B95
:107100001F44059B4E441D440134039BA34240F39E
:107110000081B24639464FF00008EDE715F80A3015
:107120009BF8032012FB03F208FB02F25846120CF4
:10713000FFF7FBFB019B0AF1010A0BF1040B194459
:10714000029B5345EADC049B1F44059B4E441D44AF
:107150000134B8E753F8030C1978099045BB18FBC4
:1071600001F10A0A8DF8272007EB0A0094F8222083
:1071700009990793FFF7FDFB019B9A44079B0BF1CD
:10718000010B0433029A5A45E4DC0DB1059B1D4402
:10719000049B1F44069B4E4401330693069A039BAF
:1071A000934240F3B6804FF0000BF31CDA46E9E758
:1071B00015F80A2012FB01F208FB02F2120CD1E7CB
:1071C0000023EAE74368029383680393D0E90453FA
:1071D000049390F8223090F821800768D0F80C9042
:1071E000D0E9066A002B40F09D8075BBB8F1FC0F1A
:1071F00015D8039BAB4240F38C80394600241DE038
:1072000012F8011F997059701178197001990B4487
:10721000029C81188C42F3DC4F4456440135039B99
:10722000AB4276DD721E3B46C6F10100F0E7305DF1
:107230004246FFF760FB019B01341944029BA342C5
:10724000F5DC4F4456440135D3E7B8F1FC0F1C463A
:1072500018D8039BA3425CDD39464FF0000B25E0B4
:1072600015F8082016F80800FFF745FB019B08F108
:1072700001081944029B4345F2DC049B4F445644E9
:107280001D440134039BA34243DD39464FF00008FF
:10729000F0E715F80B2016F80B0012FB08F2120AA3
:1072A000FFF729FB019B0BF1010B1944029B5B4586
:1072B000EFDC049B4F4456441D440134C9E716F8E3
:1072C0000B208DF826208DF825208DF824201DB365
:1072D000EA5C12FB08F2120A8DF82720F81894F8DD
:1072E000222009990693FFF744FB019A069B0BF1B4
:1072F000010B1344029A5A45E1DC0DB1049B1D4475
:10730000059B4F44564401330593059A039B9342D2
:1073100004DC0BB0BDE8F08F4246DDE74FF0000B18
:107320005B46E7E70023EFE7436802938368039334
:10733000C3680493D0E90453059390F8223090F881
:1073400021800768D0E90669002B40F0C680002D37
:107350003CD1B8F1FC0F1AD8039BAB42D9DD3446BF
:1073600039464FF0000A27E014F8012C14F8020CFB
:10737000FFF7C1FA019B08F101081944029B43453C
:1073800004F10204F0DC049B4E441F440135039BCE
:10739000AB42BEDD344639464FF00008EEE714F844
:1073A000012C14F8020C12FB08F2120AFFF7A3FAE0
:1073B000019B0AF1010A1944029B534504F102049E
:1073C000EDDC049B4E441F440135C5E7B8F1FC0FCA
:1073D0001C4621D8039BA3429BDDB34639464FF0A0
:1073E000000A33E015F808301AF8012C1AF8020CDC
:1073F00012FB03F2120AFFF77EFA019B08F1010863
:107400001944029B43450AF1020AEBDC049B1F442A
:10741000059B4E441D440134039BA3427FF779AF83
:10742000B24639464FF00008EBE715F80A301BF872
:10743000012C1BF8020C12FB03F208FB02F2120CE7
:10744000FFF759FA019B0AF1010A1944029B5345BF
:107450000BF1020BE9DC049B1F44059B4E441D44C9
:107460000134B7E713F8011C18788DF8261065BBB6
:1074700010FB08F0020A8DF827208DF824108DF8F3
:10748000251007EB0A0094F8222009990793FFF7CB
:1074900070FA019B9A44079B0BF1010B0233029A8D
:1074A0005A45DFDC0DB1059B1D44049B1F44069B20
:1074B0004E4401330693069A039B93427FF729AF0C
:1074C0004FF0000B731CDA46E9E715F80A2012FBAF
:1074D00000F208FB02F2120CCDE70023EAE7436852
:1074E000029383680393C3680493D0E9045305931C
:1074F00090F8223090F821800668D0E9067A002BB7
:1075000040F0B880002D38D1B8F1FC0F19D8039B9A
:10751000AB427FF7FEAEB146002426E02146384656
:10752000FFF7E0F9019B4042C0B2907050701070BC
:1075300001341A44029BA342F0DC049B57441E44CE
:107540000135039BAB427FF7E4AE32460024F1E7FE
:1075500021463846FFF7C6F9404249464246C0B286
:10756000FFF7C9F9019B01349944029BA342EFDC68
:10757000049B57441E440135C9E7B8F1FC0F1C4673
:107580001FD8039BA3427FF7C4AEB1464FF0000B58
:1075900031E049463846FFF7A5F9404215F8092081
:1075A0004146C0B2FFF7A7F9019B09F101099844D0
:1075B000029B4B45EDDC049B1E44059B57441D4438
:1075C0000134039BA3427FF7A4AEB0464FF00009FD
:1075D000EEE759463846FFF785F915F80B2040428B
:1075E00012FB08F24946120AC0B2FFF784F9019B68
:1075F0000BF1010B9944029B5B45EADC049B1E44A2
:10760000059B57441D440134BBE749463846FFF704
:1076100069F94042C0B28DF825008DF824003DB3D1
:1076200015F8092012FB08F2120A8DF827208DF8B0
:10763000260094F8222009990698FFF79AF9069BEC
:10764000019A134409F101090693029B4B45DCDCC6
:107650000DB1059B1D44049B57441E440BF1010BC7
:10766000039B5B457FF755AE06964FF00009ECE7AC
:107670004246DAE74FF0000BF2E7F0B5154685B069
:1076800006460F460A46684629461C4604F054FA48
:1076900090B16968019A009B2D683F68521A0A9957
:1076A0005D1B684601FB0255DF1B04F092FDE319E8
:1076B00071191844834201D105B0F0BD1A7811F850
:1076C000014B2244FF2A28BFFF2203F8012BF1E7D8
:1076D0002DE9F84356081F46A1EB52059046814616
:1076E00005F057FC00FB05F44846E7F741F9E411C3
:1076F000002CD4BF8034803C05FB00F06FEA080208
:10770000CCBFC6EB2423C6EB24234FEAE010D8BF3E
:1077100006EB242402F00102C6BF9B1806EB2424CA
:10772000A41A0028CCBF803880303B60CDBFC6EBA8
:107730002023C6EB202306EB20269B18CCBF06EBAC
:107740002026B61ABC607B60FE60BDE8F8832DE998
:10775000F04F91F83C30ADF50B7D022B05900C46B7
:1077600041D90D6A002D3ED0D1E9091399423AD092
:107770000FCA0AAF87E80F00059BB4F834809A68F7
:107780000EAE3946304604F0D7F9039058B3A36BD8
:107790004545D4E909A9A8BF454643BB0AF5B473DA
:1077A0004B4503D009F5B473534520D167A8FAF7C8
:1077B000BDFA94F83C308DF8C431E369ADF8BC31C2
:1077C0001B0C8DF8BE3147F6FF736E939DF8C531E3
:1077D000059870950F2262F3040367A93A468DF865
:1077E000C53100F09FF90DF50B7DBDE8F08FD7E9AD
:1077F0000112236A3868D21A1492FA68184419449C
:10780000D31A129013911593BAF5B47F80F2B38016
:10781000B9F5B47F80F2B2801022002116A80CF0D6
:1078200052FC0DF5CE78CDF80090D4E90B1240460D
:107830005346E3F77DFFCDF858800DF1B8080023DB
:1078400047F6FF7239464046E3F7C0FF12A8CDF86D
:107850005C8004F0BEFC002800F3938000230393B7
:10786000304604F0BBFC0690304604F0B2FC804683
:10787000E7F748FE074696E80F000DF1680B8BE826
:107880000F00002128224AA80CF01DFCA16B94F8DF
:107890003C304F978DF83831CDF824B1CDF844B154
:1078A00000297ED1A28BA37FADF839218DF83B3121
:1078B000002394F83D60049316F001063AD005FBCE
:1078C00005FB5846E7F71EFE5A46FF21064606F01E
:1078D00036FC6A1E0DF5807BCDE92C2205EBD572B6
:1078E0000023584652102AA9CDE92A33E3F76EFF48
:1078F0000023CDF820B00993B346AB42C0F2898093
:107900005FFA85FB22ABA18E5A460FFA8AF0FFF789
:10791000DFFED4E90B1222A804F001F9A18E5A4629
:107920000FFA89F026ABFFF7D3FED4E90B1226A895
:1079300004F0F5F81B9B4FF000091D93069B994539
:1079400079DB67A802F0C2FD2EA802F0BFFD039B01
:1079500013B137A802F0BAFD3846E7F7EDFDA36B87
:1079600013B154A8FAF778FC002E3FF43CAF304630
:10797000E7F7E2FD37E7AAF5B47A45E7A9F5B47968
:1079800046E712A804F02AFC00287FF767AF37AF5C
:10799000012347F6FF7212A93846E3F717FF18973D
:1079A0005EE7002254A8E2F74DFE00283FF47AAFCC
:1079B0005F9B002B3FF476AF1EAE0022C6E900228B
:1079C0009A88013AB260DA88013AF260D4E90B127F
:1079D0009B883046A2EB5302A1EB530104F09FF8C1
:1079E0005F9A4D96D2F810B01389CDF828B14B9319
:1079F0005278142A02D08DF8302159E712223046ED
:107A000004938DF8302104F0E9FB049B03FB00B3E1
:107A10004FE759460095002208A8079302F03AFD67
:107A2000079B014620B92A46584606F088FB079B6B
:107A3000AB44013361E74246FF21384606F07FFB45
:107A4000DDE91A233946CDF8008016A802F022FDA0
:107A500094F83D308DF84001DB0701462DD51B9B86
:107A6000239A934211DB259A93420EDC30B94246A9
:107A7000384606F064FB02238DF8403100953B4602
:107A800022AA1AA93046FFF7F8FD1B9B279A9342BA
:107A900013DB299A934210DC9DF8401131B942461C
:107AA000384606F04CFB02238DF8403100953B46EA
:107AB00026AA1AA93046FFF7E0FD049BEBB19DF81A
:107AC0004031D3B14D9B1B9A58681B68A2EB000C48
:107AD0001A9A4B98D31A4008049A00FB0C33791E6B
:107AE0001344C7F101004218904512DC9DF8403163
:107AF000012B04BF02238DF84031059849A9E2F714
:107B00007BFE1B9B01331B931D9B09F10109013374
:107B100013E713F801CB11F8012F12FB0CF212122C
:107B20000A70E0E72DE9F04F91F82830022BB9B048
:107B300005460F46144640F2AD804B6A002B00F01C
:107B4000A98091F82930DA0600F0A480204604F0DC
:107B500040FB0646204604F041FB8642FB6997F84D
:107B6000288097F82290A8BF064670109842A8BFB8
:107B7000184697F829307E6A834613F0040FD4E93B
:107B800000E003F01F010ABF0BEB060333465B4224
:107B900073440B93D4E902C20B0756BF0BEB0603E9
:107BA00033465B42ACEB03030D938B0756BF0BEBE5
:107BB000060333465B4203440C93CB0756BF0BEBE3
:107BC000060333465B42D21A97F82030039397F8A6
:107BD00021300E92ABEB06060293BBF1000F5CD195
:107BE000002E5ADC59462C222DA806F0A8FA24AB08
:107BF0002D93039BD4F804B08DF8C9308DF8CB9049
:107C0000029BDDF83090A6688DF8CA300B9B276880
:107C1000029309F1FF310D9B8DF8C880CB45CDE96A
:107C200025B6D4F80CA0DDF838800393249727916B
:107C300003DC2DA92846E2F7DFFD0E9901312591DD
:107C4000C245E168279103DB2DA92846E2F7D4FD60
:107C5000CB45D4BF0C9B63682593C245ACBF0E9B3C
:107C6000E3682168249127930B99029B01399F4275
:107C7000269103DC2DA92846E2F7BEFD0D9B0133BA
:107C80002493A3682693039B9E4203DB2DA92846D9
:107C9000E2F7B2FD39B0BDE8F08FAA6821460FA81F
:107CA00003F04AFF06900028F4D00FA804F091FAE0
:107CB0002C22002107902DA806F041FA0798E7F73B
:107CC00021FC00273390824601231BA826EAE67296
:107CD0000BA9CDE908770A97E3F778FD1BA8BB4508
:107CE000089007DD24AE3B465A4621463046E3F76E
:107CF0006DFD099613AB2D933593039B8DF8C93019
:107D0000029B8DF8CA3023680B9A8DF8CB905B44A8
:107D10009342ACBF17931792A3680D9A8DF8C88051
:107D2000A3EB0B039342D4BF1993199263680C9A87
:107D30005B449342ACBF18931892E3680E9AA3EB8E
:107D40000B0317A89342D4BF1A931A9204F041FA76
:107D50006368D4F80090DDF82C8002930C9B0393A9
:107D6000A3680493C1450D9BE6680E9F059362DCF2
:107D7000DDE9043293425EDBDDE9023293424FF0EB
:107D800001038DF8D03041DDBE420CDB179B13930D
:107D9000199B15930E9B013314932DA9E368169339
:107DA0002846E2F729FD0B9B0D9A93424BDBC14518
:107DB00057DCDDE904218A4247DB23681393A3687B
:107DC0001593189B14932DA91A9B16932846E2F736
:107DD00013FD06990F9B119A139300297AD16368BA
:107DE0000C9F1592FF1A5F45B8BF5F46884647450E
:107DF0003EDC1BA802F06AFBBBF1000F02DD24A8E9
:107E000002F064FB5046E7F797FB43E7BE4201DB15
:107E100031280DDD179B1393199B1593029B149327
:107E2000039B2DA9013B28461693E2F7E5FCABE73F
:107E300000230693B7E701238DF8D030DDE9023245
:107E40009342E7DDA0E7C1450BDC013B1593189B8E
:107E5000226814932DA91A9B139228461693E2F7D1
:107E6000CBFCDDE904329342B3DB0D9B0133A5E784
:107E70006368E66808EB0309109B9945A6EB0806C2
:107E800002DA129B9E4222DC079AFF21504606F03E
:107E900056F9079B0093139A4B46514608A802F0E7
:107EA000F9FA109B8DF8D000994507DB2DA92846DB
:107EB000CDF85090CDF85890E2F79EFC129B9E4270
:107EC00005DC2DA9284614961696E2F795FC08F1D4
:107ED00001088CE7179B13A8013B9342D4BF15936D
:107EE000159204F076F9041E34DC199B0F9A0133C5
:107EF0009342ACBF1393139213A8119B159304F0F4
:107F000068F9041E7FF775AFDDE90432934267DA42
:107F1000DDE90232934263DDBE42FFF66AAF1A9E8C
:107F2000129B01369E423FF764AF22465046FF2126
:107F30001496169606F003F95146139A00943346A8
:107F400008A802F0A7FA2DA98DF8D0002846E2F77C
:107F500053FCE5E7C14524DDDDE90232934220DD33
:107F6000BE42C2DB1A9B03F10108129B9845BCDCA0
:107F70002246FF215046CDF85080CDF8588006F0BB
:107F8000DEF84346139A0094514608A802F082FA9C
:107F90002DA98DF8D0002846E2F72EFC08F1010843
:107FA000E3E7109B189A934202DBC145DADDD7E77D
:107FB0002246FF21504614931693069306F0BFF80D
:107FC000069B139A0094514608A802F063FA2DA963
:107FD0008DF8D0002846E2F70FFC069B0133E1E75D
:107FE000DDF84080189B984504DBDDE904329342BC
:107FF00095DA91E72246FF215046CDF85080CDF822
:10800000588006F09CF84346139A0094514608A8FD
:1080100002F040FA2DA98DF8D0002846E2F7ECFBDB
:1080200008F10108DEE72DE9F04F450087B04FEA7F
:10803000610ACB0704462846904654BF0AF1FF3B2D
:10804000D3460F46E7F75EFAAB1E6FF001020093CE
:108050000BFB02224FEA4A0301930646C146002366
:108060000292A34225DB04FB04F0424608EB4000E9
:1080700043464FF47F5CBCFBF7FC834244D16B4228
:108080000AFB03F30593631E05FB038304930BF1C3
:10809000010300930BFB05530393AB1901934FF0BE
:1080A000000CA4453CDB304607B0BDE8F04FE7F7D5
:1080B00043BA009A019839F8021000EB090C0298B3
:1080C0007943621E484426F8121002EB0A0E7445EA
:1080D000CCBF3CF812E04FF0000EA1EB0E0EA2EB6D
:1080E0000B010029D4BFB9F8001030F81210013A82
:1080F0007144E8D248462A463146039305F029FFE9
:10810000039BA9440133ACE7198839B1B1F57F5F0E
:108110000EBFA3F800C091FBF7F119800233ACE762
:1081200005991388511802910399002002EB010967
:1081300096467B4390460146002BACBFC3F38F1B92
:108140004FF0000B26F811B0A1EB0A0BBBF1000FAA
:10815000CABFDDF808B0B8F800B03BF800B0A3EB38
:108160000B0B009B0B449C42D6BF049B39F800309C
:1081700033F81C3001318C425B44A8442844DBD1E5
:10818000334633F8021BAEF8001001998B42AE441F
:10819000F7D10CF1010C023283E72DE9F04FB9B0B1
:1081A0000D46D1E90A31144602901068926866685B
:1081B000E768084411442A6B16443A441944C01A2B
:1081C000F61A1A446B6A0C9003EBD3735B105B4294
:1081D000184401380E910F921090D21AC81AF11853
:1081E00095F834300D96FE2B28BFFF230793029B92
:1081F00001300139013212901191139210A99A683D
:1082000014A803F099FC002800F030832368189329
:10821000636819934FF0FF32A3681A931146E3681D
:108220001B9318A803F06EFC18A8EC6903F0D1FFAB
:10823000064618A803F0D2FF864218A865DA03F0B4
:10824000C8FF4010A042A8BF204603900CA8EC69CC
:1082500003F0BFFF06460CA803F0C0FF86420CA83F
:1082600056DA03F0B6FF4710A742A8BF27466C6A4C
:108270003C4404FB04F04000E7F744F96E6A0C9BB1
:1082800024930F9B279306EBD6735A1066F00109CF
:1082900007EB6303994406F00101013204900CA836
:1082A00006912592CDF8989003F093FFA9EB00007A
:1082B00024900CA8DDF8949003F090FF484406EB5E
:1082C0000708002327903A4624A92DA8E3F77EFA51
:1082D000012E404618BF7610E7F714F94FEA48031D
:1082E000DDF810A0059381464FF0000BD84512DC55
:1082F0004846E7F721F92DA802F0E8F8012E08FB1F
:1083000008F740F0B682002341E003F067FF98E7EA
:1083100003F064FFA7E74246FF21484605F00FFF40
:108320002DAB009300212D9F43465A464846B8473F
:10833000014640B9059A504605F001FF059B0BF137
:10834000010B9A44D2E799F8003052469B0193FB07
:10835000F6F322F8023B059B494603EB0A009042E4
:10836000ECD00F4611F8013F3F789F4217BF9B01A9
:1083700032F8023C93FBF6F39BB222F8023BEEE7A5
:10838000049A049932F813209209CA540133BB426B
:10839000F6D195F83570002317F00107CDE90A33BF
:1083A00007D124AE039A012318A93046E3F70EFA49
:1083B0000A9610A803F00DFFE7F7A4F82C22064652
:1083C00000212DA805F0BBFE95F822302A8C8DF8EF
:1083D000CB301CA995F83430DDF840802D9110A8E1
:1083E0003591ADF8C9208DF8C830339603F0F1FE11
:1083F00000EBD07008EB600310A8DDF84480089310
:1084000003F0ECFE00EBD07008EB6003129A0593CA
:10841000119B1E92121B08991D93013223448A421C
:10842000ACBF1C921C91013B059A9342D4BF1F9391
:108430001F92029B1CA99A6820A803F07DFB0028CC
:1084400040F04682129A1E92121B139B08991F93AA
:1084500001328A42ACBF1C921C91059A1B1B01324F
:1084600001339342ACBF1D931D92029B06921CA93F
:108470009A6820A803F060FB002835D0039A18A959
:1084800020A803F015FC78BB20A803F0A2FEDDF8BD
:108490007CB0239BDDF88080DDF84890824637B1C0
:1084A000039A099318A920A803F0B3FC099BBAF119
:1084B000000F19DDA9EB040909F10109A8EB09086E
:1084C000ABEB030B049BDDF88C90339604FB0B881D
:1084D0009844209B1C93229B1E9302238DF8D0303E
:1084E000219B4B4540F35182109B059A23441C93DA
:1084F000129B1B1B1E93119B1D932344013B934214
:10850000D4BF1F931F92029B1CA99A6820A803F056
:1085100013FBF8B1039A18A920A803F0C9FB804601
:10852000C0B920A803F055FEDDF884901D9B82465B
:10853000002F00F08682039A099318A920A803F05F
:1085400068FC099B8346002800F04382BAF1000FC3
:1085500000F3448295F834308DF8C830109B069AA9
:1085600023441C93129B1B1B1E93139B1F931B1BCB
:1085700001339342ACBF1D931D92029B1CA99A68C4
:1085800020A803F0D9FA48B3039A18A920A803F049
:108590008FFB814610BB20A803F01BFEB0F1000B3F
:1085A0001CDDDDF87C80DDF88CA0002F00F0598206
:1085B000039A18A920A803F02CFC4B46049A339385
:1085C000209B1C93A8EB0A08229BDDF88C901E933D
:1085D00004FB0828219B4B4540F3458295F8343035
:1085E0008DF8C830129B1E93DDE905501A1B119BB4
:1085F00013992344AB42C8BF034601321D93089B25
:108600009A42ACBF1C921C93029B091BA942ACBFAF
:108610001F911F959A681CA920A803F08DFA68B3D2
:10862000039A18A920A803F043FB38BB20A803F045
:10863000D0FD129B209D1B1B0133ED1A631E04FB12
:108640000355049B80461D44002F00F03F82039A8F
:1086500018A920A803F0DDFB2B46B8F1000F3393D7
:108660000CDD209B1C93229B1E93DDF8849002233B
:108670008DF8D030239B4B4580F22A82049B6510F5
:10868000013B0021A142C0F24382DDE90550119A6D
:10869000109B1C932244AA42C8BF02461D92089A0E
:1086A00013992344013B02F1FF394B45D4BF1E937C
:1086B000CDF87890029B091BA942ACBF1F911F9572
:1086C0009A681CA920A803F037FA002840F03282EB
:1086D000109A119B1C922244013A1D932344013BA2
:1086E0004A45D4BF1E92CDF87890059A9342D4BFE4
:1086F0001F931F92029B1CA99A6820A803F01CFAE2
:10870000002830D0039A18A920A803F0D1FA50BB52
:1087100020A803F05EFDDDF884A01D9B209DDDF800
:1087200070B0804637B1039A079318A920A803F0C8
:1087300070FB079B3396B8F1000F14DDAAEB030A18
:10874000A5EB0B05049B04FB0A551D44209B1C93C1
:10875000229B1E93DDF884A002238DF8D030239B4A
:10876000534580F23782109B139A1C932344013B9C
:108770001F924B45D4BF1E93CDF87890121B029BDD
:10878000069901328A42ACBF1D921D9120A89A68B9
:108790001CA903F0D1F978B3039A18A920A803F013
:1087A00087FA48BB20A803F014FDDDF87C90DDF8C3
:1087B0008CB0209DDDF870A0804627B1039A18A9DF
:1087C00020A803F026FBB8F1000F339614DD049BBC
:1087D000A9EB0B09A5EB0A0504FB09551D44209BD9
:1087E0001C93229B1E93DDF88C9002238DF8D030D1
:1087F000219B4B4540F31182109B139A33962344DF
:108800001C93129B1B1BDDE905011E93119B234446
:108810008342C8BF0B461D93029B121B8242ACBF12
:108820001F921F901CA99A6820A803F085F998B19F
:10883000039A18A920A803F03BFA68B920A803F00E
:10884000C8FC051E08DD209B1C93219C229B1E93C7
:10885000239BA34280F2048217B924A801F036FEBC
:108860000498E6F769FE3046E6F766FE39B0BDE8E3
:10887000F08F3146049A4046FFF7D5FB0699314404
:1088800001290CDD049A02EB47064FF47F5090FB60
:10889000F1F0B2420ED1049A4046FFF7C4FB002328
:1088A000BB423FF476AD049A049932F81320CA54BF
:1088B0000133F5E732F8023B002BEAD0FF2B17BF5C
:1088C0009B0122F8020C93FBF1F322F8023CE0E753
:1088D000039A18A920A803F0EBF900287FF4B2ADA1
:1088E00020A803F076FCDDF884B0119BDDF88080D1
:1088F000DDF84890824637B1039A069318A920A85C
:1089000003F087FA069BBAF1000F7FF79BADA9EB46
:10891000040909F10109A8EB0908ABEB030B049B5F
:10892000DDF88490339604FB0B889844209B1C93BD
:10893000229B1E9302238DF8D030239B4B45FFF6DC
:1089400081ADCDF87490CDF87C90DFB922464146D8
:10895000304605F0FEFA4B46209ACDF800A031468D
:108960000AA801F097FD01280ABF02238DF8D00064
:108970008DF8D03002982DA9E1F73EFFA04409F10F
:108980000109DAE7CDF8CC80F4E7CDF87490CDF8A2
:108990007C90DFB922464146304605F0DAFA4B4674
:1089A000209ACDF800A031460AA801F073FD0128F5
:1089B0000ABF02238DF8D0008DF8D03002982DA97F
:1089C000E1F71AFFA04409F1FF3989E5CDF8CC8021
:1089D000F4E7BAF1000F7FF7BDADBB46A9EB030981
:1089E000049BCDF8CC8004FB0939209B1C93DDF857
:1089F0008480229B1E93239B4345FFF6ABADCDF8AD
:108A00007480CDF87C8099F80010BBF1000F1DD167
:108A10005246304605F093FB209ACDF800A043461D
:108A200031460AA801F036FD012808BF02208DF862
:108A3000D00002982DA9E1F7DFFEA14408F101085A
:108A4000D9E700287FF786ADB046C6E7079BFF2B26
:108A50001EBF95F8343013FB01F1090A8DF8C810D8
:108A6000E7E73346AAE5CDF87490CDF87C90D7B906
:108A700098F800105A46304605F061FB209ACDF870
:108A800000B04B4631460AA801F004FD012808BF9A
:108A900002208DF8D00002982DA9E1F7ADFEA04488
:108AA00009F1FF3996E5039A18A920A803F0B1F956
:108AB000079BFF2B18BF95F8342098F800301CBF97
:108AC00013FB02F31B0A8DF8C830E4E73346C4E514
:108AD000CDF87490CDF87C909FB942462946304637
:108AE00005F037FA4B46209ACDF8008031460AA8A7
:108AF00001F0D0FC01280ABF02238DF8D0008DF8C8
:108B0000D03002982DA9E1F777FE09F10109B1E50E
:108B100018190246A0EB020C654502DC0131034640
:108B2000B0E513F801CF92F800E083F800E002F816
:108B300001C9EFE7039A18A920A803F0B9F80028A3
:108B40007FF4C6AD20A803F044FB1C9B209DED1ACA
:108B5000631E04FB0355049B80461D44002F37D041
:108B6000039A18A920A803F054F92B46B8F1000F76
:108B700033937FF7ADAD209B1C93229B1E93DDF8B2
:108B800084A002238DF8D030239B5345FFF6A0AD7F
:108B9000CDF874A0CDF87CA09FB942462946304656
:108BA00005F0D7F95346209ACDF8008031460AA83F
:108BB00001F070FC01280ABF02238DF8D0008DF867
:108BC000D03002982DA9E1F717FE0AF1010ADBE780
:108BD0003346CBE7CDF874A0CDF87CA0DFB92246B0
:108BE0002946304605F0B5F95346209ACDF8008065
:108BF00031460AA801F04EFC01280ABF02238DF875
:108C0000D0008DF8D03002982DA9E1F7F5FD25446C
:108C10000AF1010AA3E53395F5E7CDF87490CDF894
:108C20007C90DFB922462946304605F092F94B4642
:108C3000209ACDF8008031460AA801F02BFC0128CB
:108C40000ABF02238DF8D0008DF8D03002982DA9EC
:108C5000E1F7D2FD254409F1FF39C9E53395F5E780
:108C60002A46FF2130461D941F9405F068FA2346DA
:108C7000209A009531460AA801F00CFC2DA98DF828
:108C8000D0000298E1F7B8FD0134E1E50B79053B2E
:108C9000012B0ED8CB6C9A6B9AB9DA6B8AB993F820
:108CA00021209B6E1BB10E2A0BD0142A09D02F2A2B
:108CB00007D891F85130632B84BF46F20143A1F8E5
:108CC00050300020704770B50E46016A05460029F5
:108CD00069D101223046E0F76FFE044610B94FF02B
:108CE000FF3070BD3046E0F7BFFE0028F7D002230A
:108CF000A36404F138036E60AB602C622379013BFE
:108D0000092B0CD8DFE803F005141B22294137306A
:108D10003C48E16C04F10802284600F046F82B6A52
:108D200003229A6400232B62E0F73EFE0120D8E77D
:108D3000E16C04F108022846FEF7F4FEEFE7E16C6F
:108D400004F108022846FFF728FAE8E7E16C04F18D
:108D500008022846E2F738F9E1E7E16C04F108027D
:108D60002846E2F725F9DAE7E16C04F10802284623
:108D7000FEF7EDFCD3E7E16C2846E2F72FF9CEE7EA
:108D8000E16C284601F0E4FEC9E7E16C04F1080259
:108D9000284600F092FDC2E7E16C04F10802284683
:108DA00001F0CEFBBBE700209BE72DE9F04F91F8E7
:108DB0002030ADB0022B04900C463BD913680C93C5
:108DC00053680D930CAE93680E933146D368826856
:108DD0000F9310A802F0B0FE029058B394F82F50F1
:108DE0002C22C5F30303002115F00F0521A803BFB2
:108DF00094F8219094F8228094F8237094F82490A9
:108E00001CBF94F8258094F8267007930BF05BF94B
:108E1000E36994F820A08DF899908DF89A808DF8E8
:108E20009B7053B94DB90498219621A98DF898A04B
:108E3000E1F7E2FC2DB0BDE8F08FBAF1FD0F30464E
:108E400028BF4FF0FF0A03F0C4F98046304603F014
:108E5000C5F98045E2694346A8BF03465B109342CB
:108E6000A8BF1346814610A8059303F0B2F9059BED
:108E700003904FF0000B5B45CDE90ABB38DDE6F708
:108E800041FB059A07465B4618A83146E2F79EFC6F
:108E900018A80A90109B1493129B16930DF1500B77
:108EA000FF234A46414604F124002797CDF884B0B9
:108EB000CDF8A4B08DF8983000F0DAF90646002815
:108EC0004BD0012D4CD90C9A109BCDF894B09B1A25
:108ED000026803EB43010A44229294F82E10002208
:108EE0002734914206D84FF0000B4FF000080EE0F7
:108EF0005F46CFE702EB8200205CFF2840F02D8127
:108F00000132EEE77268DDF808B002EB03080F23C8
:108F10008DF890304FF00009059A0D9C0F9B9145FC
:108F200022DB14449B1A002D40F0D0800498159445
:108F300021A917938DF898A02795E1F75DFC2FB133
:108F40003846E6F7F9FA18A801F0C0FA002E3FF407
:108F500071AF304600F0C8F96CE780468346D9E728
:108F60004FF0000BD846D5E7A3EB09030693119BFE
:108F70004C44A34204DD139B069A9342C0F29280B4
:108F8000039A5146384605F0DAF8039B0093149A89
:108F9000234639460AA801F07DFA119B012808BF33
:108FA0000220A3428DF8A0005DDC012D15941794DA
:108FB00004D0022D13D000231A4615E00D9B316812
:108FC000E31A03EB430288188A5AADF89920827895
:108FD0008DF89B207268D35C8DF89830EBE7B8F180
:108FE000000F3ED1029B4246049821A9CDE90823F7
:108FF000E1F702FCDDE9082313990698814251DB71
:10900000012D1590179031D0022D43D0002A45D064
:10901000022D3DD9039A5146384605F090F8039B3E
:109020000093149A234639460AA801F033FA01281E
:109030000ABF02238DF8A0008DF8A03028E018F8B0
:109040000310FC299FBFFA5C12FB01F21212FA54C2
:109050000133039A9342F2DB02238DF8A030029B86
:10906000AAE70023F5E700231A46C5E706990D9BFA
:109070003068CB1A03EB43014418415AADF89910FC
:10908000A1788DF89B107168CB5C8DF898302AB16F
:10909000002314E013B9B8F1000FF9D1049821A905
:1090A000E1F7AAFB09F1010936E718F80310FC29DA
:1090B0009FBFFA5C12FB01F21212FA540133039AB9
:1090C0009342F2DB02238DF8A030E7E7022D8DF802
:1090D00098A036D031D905F10D0202F00F02022A14
:1090E00036D9119A9442B8BF1446139A9342A8BF36
:1090F000134699464C453FF722AF012D159417941E
:1091000015D10D9B3168E31A03EB430288188A5A84
:10911000ADF8992082788DF89B207268D35CBAF103
:10912000FC0F9CBF13FB0AF31B128DF898300498B8
:1091300021A9E1F761FB0134DCE701228DF8A020D1
:10914000CFE79DF81C208DF8A020CDF89C80C8E7C3
:109150000BF1010B8DF8A0B0F7E7022D3FF4D2AE72
:10916000DDF808B0C1E62DE9F0411D4603794B4317
:10917000B2EB232F0F460ADC8378017842786A70BD
:109180002970AB70C378069A1370BDE8F081847AB9
:1091900004EB8403034413F8011C7943B2EB212F41
:1091A00054DA012C62D9437A7B43B2EB232FD4BF2C
:1091B0000123002303EB8303C618C35C16F8014C9C
:1091C000317916F8030C7C437943A2EB242209126F
:1091D000C2EB0222A1EB242192FBF1F416F8052C3C
:1091E00016F8041CE743FFB2E4B212FB07F204FBDB
:1091F0000322737811FB07F104FB0311B37810FB12
:1092000007F048F2810804FB030008FB02F208FBA8
:1092100001F108FB00F0C2F3C752C1F3C751C0F31C
:10922000C75003F0DBF82870C0F30723C0F30740F2
:109230006B70A87016F8023CF27813FB07F304FB7E
:10924000023308FB03F3C3F3C7539CE713F8051C71
:1092500013F8042C13F8033CAB7029706A70837AFE
:10926000013B03EB83030344DB788CE70023A1E796
:10927000F7B5C37A17461A07064603D100242046DD
:1092800003B0F0BD03F00F03012B06D00E3303F043
:109290000F03032B94BF0F4640277D1CF81C05EBE2
:1092A000450520F0030025F003050C302844E6F7BF
:1092B00029F904460028E1D00C35054400F10C03DF
:1092C000C0E9015703600025A168A942D7D9D4E9B4
:1092D000000205EB45032A44009203442A46304627
:1092E000FFF741FF0135EFE7E6F726B92DE9F04F2B
:1092F000B7B08B460D93CB6ADDF800A106901646F9
:10930000002B54D10B6BB3F5807F50D14D6BB5F56D
:10931000807518BF0125F46ADBF86430B4F8089052
:1093200007932C22002120A8D4F81080677804F03D
:1093300006FF9BF84C308DF894309BF84D30CDF8FB
:109340008890C3F302038DF8A830002D40F0998176
:10935000079B002B00F3F0800E2F2AD0142F48D14A
:109360009BF84B30022B53D8504602F037FF05468E
:10937000504602F02EFFCDF89880CDF890A0CDF8A1
:109380008480A288CDF880A009FB00F3B3FBF2F340
:1093900005FB038326934FEA5903299302238DF893
:1093A0009C301223CDF8A0A08DF88C301AE0012556
:1093B000B1E7069B51469A682BA802F0BDFBA8B105
:1093C0009BF84A30BBF848208DF89730CDE928A9A2
:1093D0000223CDF898802195ADF895208DF89C302A
:1093E000CDF880A0069820A9E1F706FA37B0BDE8CD
:1093F000F08F062F01D0152F06D1CDE920A8CDF88A
:1094000090A08DF88C70EDE79BF84B30022BF4D9CF
:10941000419BD6F82C800FCB13AD85E80F0098F850
:10942000013007931846B8F8089002F0A6FF0646E8
:10943000504602F0D3FE0890284602F0CAFE0446C9
:10944000284602F0CBFE0746DFF704FADFF756FDA9
:1094500066430446DFF7FEF9DFF796FD02F08DFF65
:109460004443A400B4FBF6F4BC42A8BF3C4606FB50
:1094700004F0E6F747F82C22074600212BA804F059
:109480005EFE9BF84C308DF8C0309BF84D302D9629
:10949000C3F302038DF8D430079B2F95142BCDE92D
:1094A0002B578DF8B83010D1CDF8CCA0D8F81030AB
:1094B000089A09FB0233319302238DF8C830122336
:1094C0008DF8B8304FEA59033493149B169E234409
:1094D000013B169317AD149B9E4203DA3846E6F71C
:1094E0002BF883E7139ACDE91723DAE90012159BCD
:1094F00019935242169B1A934942284602F00FFBD9
:109500009DF8B830CDF810B0CDE902930197D8F8A6
:109510001030009395E80F00E1F782FC06982BA924
:10952000E1F76AF9169B013314932344013BB342DC
:10953000D4BF16931696CEE79BF84B30022B00F261
:10954000A080D6F82C9099F80180B9F80870B8F18D
:10955000140F14BF434612232C2229462BA807932D
:1095600004F0EDFD9BF84C308DF8C0309BF84D3089
:109570002D97C3F302038DF8D430CDF8BCA0D9F8F1
:1095800010302C93079B8DF8B830419B0FCB13AC58
:1095900084E80F002046169B08932B94169102F046
:1095A00018FE0646E5F7AEFF13ABCDE93336079B51
:1095B00031900E2B044608D1BBF848209BF84A3066
:1095C0002C95ADF8C1208DF8C33017AD2846DBF8D7
:1095D000642000230BF15401E2F7F8F80023504611
:1095E000CDE90F5302F0FAFD07FB00F5149B089A32
:1095F0009A4201DA204672E7B8F1140F2CD1DAF85A
:10960000042013999B1ADAF800207B43891A01EB96
:1096100053012944D9F8103032461944204604F049
:1096200098FCDDE91323009621460FA800F032FFD5
:10963000B8F1140F23D0B8F10E0F08BF02208DF837
:10964000C8002BA90698E1F7D7F8149B01331493AF
:10965000169B01331693C9E7B8F10E0F09D1DAF85A
:10966000042013999B1ADAF80020891A07FB0311CA
:10967000D0E73246FF21204604F061FDD1E7022009
:10968000DDE7F76A2C223B897E78099300212BA81D
:1096900004F055FD9BF84C308DF8C0309BF84D30F0
:1096A000C3F302038DF8D430419B0FCB0FAD85E897
:1096B0000F0050462B9502F08CFD0A90504602F0A8
:1096C0008DFD0B90284602F084FD8046284602F06E
:1096D00085FD062E9BF84B3004462DD00E2E37D13B
:1096E0009BF84A30BBF848208DF8C3300023ADF812
:1096F000C12035460793284602F03FFE08FB00F2E2
:109700000892DFF7A7F8DFF7F9FB8146DFF7A2F849
:10971000DFF73AFC02F031FE09FB00F3089A9B00E8
:10972000B3FBF2F3A342A8BF234602FB03F0994622
:10973000E5F7E8FE044635E09BF84A30BBF84820E0
:109740008DF8C3300023ADF8C12007931525D2E76B
:10975000022B94BF002301230F2E079342D0112E1A
:1097600040D041D9122E01D0142E3DD1DFF772F82E
:10977000DFF7C4FB8146DFF76DF8DFF705FC02F089
:10978000FCFD09FB00F308EB48059B00B3FBF5F378
:10979000A342A8BF234605FB03F09946E5F7B2FEB6
:1097A00014250446129B0893109B2C944B44013BB8
:1097B00012930FAB8DF8B8502F933A690C92142D79
:1097C00014D1339302238DF8C83009FB08F304EB5E
:1097D00043034FEA4802319312232D928DF8B8309B
:1097E00017AF58E0102586E7354684E70E2D08D1DF
:1097F000CDE9333802238DF8C830002331942C93FF
:10980000EEE7284602F0B9FD08FB00F02D90E7E7EF
:109810000F9ACDE91323DAE90012119B15935242F6
:10982000129B1693494213A802F079F90D9B0C9AEA
:109830000698CDE902B3099B01930B9B0093CDE9F8
:1098400004640A9B13A9E2F799F9079BB3B10F9936
:10985000109A119B1791189219935242129B1A93C6
:109860004942384602F05BF92D9B0094CDE9035B39
:10987000CDE9014397E80F00E1F7D2FA06982BA94A
:10988000E0F7BAFF129B089A013310934B44013B57
:109890009A4205DB1293109B089A9A42B8DAA9E61D
:1098A000089B1293142DF6D10FA802F097FC00FB31
:1098B00008F004EB40003190EDE72DE9F04FCC6962
:1098C000B1B0D4F800B003900F469146BBF1000F41
:1098D00000F0B280896E002900F0A280002215A855
:1098E000E0F7B0FE012840F09B80209D002D00F0A5
:1098F00097806B7803F0F703062B40F0918007F117
:1099000054030FCB09AEB5F808A086E80F00EA882B
:10991000AB88013A009200221146013B05A80025C0
:1099200002F0D6F82B46092205A93046009502F030
:10993000AFFA231D0FCB86E80F00324605A90DA80C
:1099400002F0FAF8002877D01022294611A80AF070
:10995000BAFB23680A9A9B88013B13930E9B013B39
:109960009B1A1493206811A9F7F712FE109B0A9A0C
:1099700001339B1A12932368DB88013B1493206800
:1099800011A9F7F705FE0D9B099ACDE91155013B89
:109990009B1A1393206811A9F7F7FAFD0F9B099AF8
:1099A00001339B1A119323689B88013B1393206812
:1099B00011A9F7F7EDFD0A9B0E9A0D99D21A099B92
:1099C0005846C91ADFF7D4FD069B0E9A0D99D21A94
:1099D000059B0646C91A2098DFF7CAFD83460DA8E5
:1099E00002F0FCFB80460DA802F0F3FBA84517DD52
:1099F00006F1030C002109E01BF801301CF804EC0F
:109A000013FB0EF31B120CF8043C013188420CF1DD
:109A1000040CF1DC23681B89D3441E440135E5E7BF
:109A20006C22394615A80AF026FB236803981C937C
:109A30004A4615A9E1F7BCFA31B0BDE8F08F2DE92F
:109A4000F0430546A1B0904699460C4601B30B7908
:109A5000192B1DD8012707FA03F222F0FE2626F063
:109A6000E9161EBB192B53D0D30711D505A8F8F75B
:109A70005DF9E37D8DF83C306369ADF83430E26820
:109A80000E971B0C05A928468DF83630FEF74AF8CC
:109A9000B8F1000F54D0B9F1000F51D04A464146F9
:109AA000284621B0BDE8F043FFF77FB989692069F6
:109AB00001F005FAA36820600FCB01AE86E80F0025
:109AC0000746304602F085FB0E21DFF7DFFC013F41
:109AD00007442C2205A80021039704F030FBA37D46
:109AE0008DF82B30E37D8DF82830A28A2368ADF8FD
:109AF00029201A690B920D961B890E93A368059372
:109B000005A9022328468DF83030E0F775FEBFE73F
:109B10008969206901F0D3F9206005A8E0F73EF8D3
:109B20004FF48073CDE91133E37D8DF86030A26886
:109B30002368109605A928460C93E1F739FAA7E7A0
:109B400021B0BDE8F0830A46002104F0F8BAFC29F0
:109B50000AD8022907D910FB01F048F281035843C3
:109B6000C0F3C7507047002070472DE9F843089FA5
:109B70001D463B6A97F834C0D41A0646FB6AF8695A
:109B80000CF00102A1EB0008BBBB3B7E03F0060713
:109B900082B1C7B103F00703022B02D1E00FBDE889
:109BA000F883032B01D00020F9E7002CD4BF00205C
:109BB0000120F4E7022F06D003F00703012B04D1A4
:109BC000B8F1000F0FDD0120E9E763B918EB050FCD
:109BD000F9D4401AE7D4854203DD291A3044FFF74F
:109BE000B2FF0220DBE718EB050FDCD4411A21EAB3
:109BF000E171A942D7DA3046F1E70CF00200002A01
:109C000000F09A80BB6A03FB08F2002B4FEAA22205
:109C1000C0B205DD94420FDA003818BF0120BEE75C
:109C20009442F9DC08EB05025343B4EBA32F09DBA4
:109C30007A6A04FB02220CE008EB05025343B4EB02
:109C4000A32F03DDB0FA80F04009A8E77B6A03FB8D
:109C500004F242F3950212F0FF01C8EB222861D012
:109C60003B6BC1F1FF014B431B12B8F1000FC3F175
:109C7000FF020DDB45450BDD5943C1F3472108B910
:109C8000C943C9B216F80800FFF761FF06F80800DB
:109C900008F10104396B8A4224DCA5423ADD002C2C
:109CA00038DB796ABB6A305D514389125143C1F395
:109CB0004721002B97F83430BCBFC943C9B29A077B
:109CC00044BFC943C9B2FFF742FF305597F834305B
:109CD0009B072AD54545FFF666AFB8F1000F80DB3C
:109CE000414688E7002C0FDBA5420DDD97F83430A4
:109CF000A2EB61019807C9B248BFC943305D48BFB4
:109D0000C9B2FFF724FF30553B6B0134A542A2EBEB
:109D10000302BFDC97F834309F07DBD401343FF5F2
:109D200042AF03E04446FF22B4E70134A542FFF608
:109D300058AF291B301952E77B6A5C43002B4FEA6E
:109D4000A422CCBF511C11468845C0B23FF764AF76
:109D500008EB05018A423FF775AF44F38D2EC4F33B
:109D600087021C4444F38D29CE454FEA0421AEEB13
:109D7000080406D0002B80F29480002A39D1013CDF
:109D8000FF22002C1FDBA54227DDC1F387211144F0
:109D9000C1F3470108B1C943C9B2305DFFF7D7FE2F
:109DA000305597F83430980708D5A9EB08018D4253
:109DB0007FF7F9AE0029FFF614AF1CE70134AC427F
:109DC000A8BF2C46B5E70028EFD10134AC42A8BFAC
:109DD0002C46002C3FF4E7AE03E70028E5D1013420
:109DE000AC42A8BF2C46002C3FF4DDAE7FF7F9AEA5
:109DF0009FE7002CBB6A49DBC3F1000802FB08F8AF
:109E0000A5424FEAA8280ADD08FB02F1C1F3472169
:109E100008B1C943C9B2305DFFF799FE305597F8D4
:109E20003430796A621E03F002033CB3954221DDAF
:109E3000C8F1FF08494208FB01F1891208FB01F152
:109E4000C1F347210BB9C943C9B2B05CFFF77FFE2C
:109E5000B05497F83430990707D59542FFF6C1AE54
:109E6000002A3FF4BEAE1146C5E60134A542BFF656
:109E700060AFA8E6002B3FF4A6AEEEE7002B7FF420
:109E8000B0AE002D7FF79FAE012452E700287FF48B
:109E9000A8AE0134A542FFF696AE002C7FF4A1AE29
:109EA00047E7C2F1FF01BA6A4A434FEAA22E002CEB
:109EB00004F10102CEF1FF082DDBA5420BDD0EFB04
:109EC00001F1C1F3472108B9C943C9B2305DFFF7B9
:109ED0003EFE30557B6A08FB03F39B1297F8340073
:109EE000954200F002002ADD08FB03F3C3F347218B
:109EF00008B1C943C9B2B05CFFF729FEB05497F866
:109F000034309B070ED5A542FFF64DAE002CFFF670
:109F100068AE21466FE6621C0AD108FB03F39B1270
:109F20000022DBE70234AC42A8BF2C46002C5DE7E0
:109F30001CF0020F05D0A542BFF653AE33E6002851
:109F4000E1D10234AC42A8BF2C46002C3FF42BAE2A
:109F5000ECE72DE9F74F0C9DAC68D5F80CC0A1EBF0
:109F6000040BD5E904E4BEF1B30F07468946164653
:109F70009846A2EB0C0A00F39380B32C00F3FD800B
:109F8000BEF1000F07D1944500F36481002C00F06E
:109F9000828001244CE1002C00F01A81A64519DCD6
:109FA000944500F3598105F1180300933246434666
:109FB00049463846FFF7D9FD6A69EB68B42A04467A
:109FC00040F01481B34240F31581002C40F00A8127
:109FD000002402E0944504DD0124204603B0BDE8DE
:109FE000F08F6A6FEB6B0EF1FF3002FB0AF20AFB97
:109FF000033359284FEAA2224FEAA32304F1FF3189
:10A000000BD8002B10DA59294FF0000310D95B3C14
:10A01000B22C98BF03EAE3730AE0AEF15B0EBEF127
:10A02000B20F98BF03EAE3735929F0D823EAE37328
:10A03000D21A03EB6201A1EB0B014145A8BF4146D7
:10A0400000290C4629DD05F11803009332460B4622
:10A0500038464946FFF789FD824618B921463846F9
:10A06000FFF771FD4445A8BF444624EAE474274441
:10A07000A8EB0408503504EB09010095434632462D
:10A080003846FFF772FD044618B941463846FFF7D7
:10A090005AFDA245A1D002249FE74FF0010AE1E753
:10A0A000BEF1B40F73D0B42C40F39580A64512DCFA
:10A0B00094453FF778AF66454FF003047FDA50359B
:10A0C00000954346324649463846FFF74EFD002C80
:10A0D0003FF47EAFB4E09445FFF67EAF6A6FEB6B62
:10A0E0006FF48770704402FB0AF20AFB03336FF4CB
:10A0F000877158284FEAA2224FEAA32321440AD8A5
:10A10000002BB8BF0023582910D95B3CB22C98BF54
:10A1100003EAE3730AE0AEF15B0EBEF1B20F98BF43
:10A1200003EAE3735829F0D823EAE373D21A03EB66
:10A130006201A1EB0B014145A8BF414600290C4635
:10A1400018DD05F15003009332460B463846494668
:10A15000FFF70BFD824618B921463846FFF7F3FC9E
:10A160004445A8BF444624EAE4742744A8EB040805
:10A17000183580E74FF0010AF2E7BEF1000F23D156
:10A18000944518DDB42C96D10320033818E094458B
:10A190000DDDB42C3FF47FAF002C3FF41DAFB32C8A
:10A1A0000CDD50350095FFF7E0FC012448E0B42CAD
:10A1B00036D10120E9E7B42C3FF40EAF0124E01EB4
:10A1C00018BF0120440008E794457FF7ECAED9E7BB
:10A1D0009445EEDCE7E694453FF7E5AEB42CE8D0D5
:10A1E00014BBD1E7032C7FF456AFCDE75AB99E429A
:10A1F000BFF6EBAE002C3FF4EBAE032CD9D0012C14
:10A200003FF4EAAE47E7B32A06DC9E42BFF657AFFB
:10A21000002C3FF4DDAED2E79E42FFF650AFF7E7E9
:10A22000002CB1D0B32C17DCB4454FF00304C6DCCE
:10A23000503500954346324649463846FFF795FC6F
:10A2400000283FF4C5AE032C9FD0012C7FF423AF30
:10A250000128D5E7002CACD00324B0E72DE9F04F5E
:10A2600087B00546DDF8409099F81C80D9F80C00BD
:10A27000D9F8186003900F469246D9F80810D9F81B
:10A28000102002911C4618F00108D9F814300492ED
:10A29000059328D1824503DA002007B0BDE8F08F8E
:10A2A0009A45F9DC06EB010CBC4500F3828007EB14
:10A2B000040CA2EB060EF44505DD3044504539DCB4
:10A2C0009B1B534536DBCE1BB442E5DB002E74DA14
:10A2D000D11B481C0028DFDDA0427DDA211A28446A
:10A2E000FFF731FC78E0824501DA0120D5E79A4595
:10A2F000FBDC06EB010C674513DA3044504519DCF2
:10A300009B1B9A4516DCC81B20EAE070844263DB85
:10A31000D11B091A01314318A342DFDC00295BDBA2
:10A32000DDE7A2EB060C07EB040EF445EBDA304454
:10A330008245E5DA02A8CF1B01F04BFF834602A855
:10A3400001F04CFF039BD9F82010AAEB03029642C0
:10A35000CBBFB21A801B02F1FF32121ACB68501C1D
:10A3600033F8129033F810008B68BB4433F8122096
:10A370004B68ABEB060BF11993448A1AA0EB090961
:10A38000561E1F18B8F1000F28D0B046DA46A6EBCB
:10A3900008034B4559DBA242A8BF224622EAE272DB
:10A3A0005C45CCBFABEB0201A11A21EAE171A81810
:10A3B00096E73044824583DABCE728463146FFF70A
:10A3C000C2FB0498C01B013000287FF765AF8442B0
:10A3D00084DC0EB9844288D002205EE73246D8463B
:10A3E000B31A994516DCB9F1000FA8BFCB44A345B9
:10A3F000A8BFA3462BEAEB70211A2844FFF7A3FB62
:10A40000A6EB09010131A142A8BF214621EAE17171
:10A41000284665E7B8F1000F17F801AD08DB4445A1
:10A4200006DD15F808105046FFF791FB05F8080007
:10A43000002A06DB944204DDA95C5046FFF787FB47
:10A44000A854013A08F10108CAE717F8013DBAF12A
:10A45000000F6FEA0303DBB20ADBA24508DA15F846
:10A460000A1001931846FFF772FB019B05F80A00DA
:10A47000B8F1000F08DBA04506DA15F808101846F9
:10A48000FFF765FB05F8080008F1FF380AF1010A3B
:10A490007DE770472DE9F7430F4690469946061F22
:10A4A000002456F8045F25B90134E0B203B0BDE8DA
:10A4B000F08300952D680A9B4A4641463846A847D6
:10A4C0000028F3D0022808BF0124EAE710B5037979
:10A4D000022B04460FD1036A6BB11A69002A07DA0E
:10A4E0005868E5F729F8206ABDE81040E5F724B878
:10A4F0005A69013A5A6110BDB42B2DE9F3411C464B
:10A50000C4BFA3F1B40424B2074604F15A0000B258
:10A510000D461646E4F72CFA05EB60182046E4F7E2
:10A5200027FA9DF82030019306EB60100090434617
:10A53000324629463846E1F759F802B0BDE8F081C5
:10A540002DE9F04701F11C0996B0826806460D46D8
:10A5500005A8494601F0F0FA002873D02B6A746808
:10A56000B1682768013B0093D1E9012309A8096874
:10A5700001F0AEFAD4E9011209A85242494201F0B1
:10A58000CEFA384609A9F7F703F8B168AA6ACB688A
:10A5900000938B680968013209A801F099FAD4E99F
:10A5A000011209A85242494201F0B9FA384609A9F4
:10A5B000F6F7EEFFEB69B168AA6A0092013B2A6ADE
:10A5C000096809A801F084FAD4E9011209A85242E5
:10A5D000494201F0A4FA384609A9F6F7D9FFD5E9AE
:10A5E0000912B36800929B682A6A013109A801F038
:10A5F0006FFAD4E9011209A85242494201F08FFAD8
:10A600000DF13408384609A9F6F7C2FFEA6A49464F
:10A6100000234046E1F7DAF8002305A8CDE90383DB
:10A6200001F0D7FD0646E4F76DFF069F05464FEAA9
:10A630008609089BBB4208DA2846E4F77DFF4046BE
:10A64000FFF744FF16B0BDE8F0873246FF212846E9
:10A6500003F075FD059A00963B46294603A8FFF7CF
:10A6600019FF012882461FD0D4E901320599BA1A90
:10A67000C91A2046F7F7CCF80346BAF1000F0FD0FD
:10A68000294605EB060C61450ED011F8010BFF2899
:10A690001FBFDA7812FB00F21212DA700433F2E70D
:10A6A0004A46514603F04BFD0137C2E7F0B51C4660
:10A6B000036A856963B9B5F5807F27D1C369B3F5AE
:10A6C000807F23D1090221601202059B1A60F0BD30
:10A6D000C36A0669C91A036BD31A4269B5F5807F4C
:10A6E00001FB02F206FB1322466A20D1C769B7F5C7
:10A6F000807F1CD106EBA2062660D0E904425A43B3
:10A7000004FB0123826A02EBA302DEE7036BD21A89
:10A71000C36AC91A436A090491FBF5F1194421601F
:10A72000C369120492FBF3F2836A1A44CDE7120262
:10A7300092FBF5F206EBA2062660D0E904246343FF
:10A7400002FB01331B02C26993FBF2F3DAE72DE946
:10A75000F04F89B000260493179D9DF86030039058
:10A760008A469046059337460196169B019A9A426F
:10A7700002DB09B0BDE8F08F129B03EB2623191210
:10A7800009D4514507DA139A02EB27225FEA222CFB
:10A7900001D4C44503DB4FF00003EB708CE01C06D2
:10A7A000D8B254BFC0F17F03A0F180031998039C75
:10A7B00058BF029300FB01FE049848BF029300FBC0
:10A7C0000CEE039870445FFA82F990F802B085F8B5
:10A7D00002B090F801B085F801B014F80EE085F8E9
:10A7E00000E04FF0FF34EC70059C54BF4FF0FF3396
:10A7F0000123120659BFC9F17F094FF0FF32A9F1B9
:10A8000080090122002C73D003EB010EBEF1FF3F43
:10A8100061D0D6456CDA02EB0C0EBEF1FF3F54D08E
:10A82000C64565DA19994B43C118C35C8DF81830D9
:10A83000049B91F802C049788DF819105A43831887
:10A840004FF0FF3499785B788DF81D30835C8DF87C
:10A850001E108DF81C308DF81F40079928688DF860
:10A860001AC08DF81B4001F0A3FD78B98DF81F9038
:10A870002968079801F0B7FEC0F3072328706B70B2
:10A88000C0F30743C0F30760AB70E870069928680F
:10A8900001F08EFD80B9029B8DF81B302968069867
:10A8A00001F0A1FEC0F3072328706B70C0F30743CB
:10A8B000C0F30760AB70E870019B01330193159BF7
:10A8C0001F44149B04351E444FE759B9013302D08D
:10A8D000BAF1010F1AD1029BC3F1FF03C3EB0323AB
:10A8E0001B125AE70AF1FF3291420FD1012BF1E717
:10A8F000A9B90133EFD0BAF1010FECD0BCF1000FD0
:10A9000013D1013202D0B8F1010FD5D1C9F1FF093D
:10A91000C9EB09294FEA292985F80390CCE70AF108
:10A92000FF308842EAD1012BE7E708F1FF336345A6
:10A93000C2D1012AE9E72DE9F04F89B01E469DF802
:10A94000643006939DF86830079302FB060300937A
:10A9500006EBD6735B1001930023DDE91749CDE9BF
:10A960000333059002911546189B169AA9EB030331
:10A970009A4202DC09B0BDE8F08F129B039A03EB08
:10A98000222C5FEA2C210AD4029B994207DA139BFE
:10A99000049A03EB2220031201D49D420FDC4FF0F6
:10A9A000000389F80030049B159A13440493039A1A
:10A9B000149B1A4409F1010902340392D4E71CF0F4
:10A9C000800F5FFA8CF80CBFC8F17F08A8F18008EF
:10A9D0004FEA410AC2B2059F03FB06AA07BF4FEA2E
:10A9E00048084FF0FF3E4FEA48084FF0010E0006BE
:10A9F0000598504437F80AA0079FA4F800A057BF55
:10AA0000C2F17F02803A52004FF0FF3C44BF520037
:10AA10004FF0010C002F6BD00EEB010ABAF1FF3F93
:10AA200057D0029FBA4563DA0CEB030ABAF1FF3F35
:10AA30005ED0AA455CDA06FB0CFB069F30F81EA030
:10AA400030F80B00002F40D0019F03FB0711009B43
:10AA500007FB0CFC03EB010B5B5C89F800301BF877
:10AA60000CC01BF80E1063451FBFC2F5807E02FBB1
:10AA70000CFC03FB0ECCCCF3072C8B421FBF08FB56
:10AA800001F1C8F5807E03FB0E11C1F307218C4450
:10AA90004FEA6C0389F80030002B84D02188814272
:10AAA00002D150453FF47FAF02F0FE02E3F7F0FE23
:10AAB0002188834608F0FE025046E3F7E9FE7F2234
:10AAC0005946E3F7E5FE20806DE7FF2389F8003063
:10AAD000E4E7069A8AB3019A5343009AD05CC8F11E
:10AAE000FF0800FB08F84FEA282889F800805AE799
:10AAF0000698C0B1DDE9000703FB0700405CA1B97F
:10AB0000BEF1FF3FEBD002990129E8D0BBB9BCF1FF
:10AB1000FF3F01D0012D18D1C2F1FF0242431212B2
:10AB200089F800203FE7FF20E9E7029F07F1FF3A9D
:10AB30008A45EBD1BEF1010FE7E7FF20CFE7691EA1
:10AB4000994202D1BCF1010FE5E789F800002AE73C
:10AB50002DE9F04FCA6B4E6BCC6AD3B0B2421346AC
:10AB6000A8BF33460290A342D4BF07930794886BD3
:10AB70000B6C83421F460D46A8BF0746096B8F42E8
:10AB8000D4BF08970891B242B8BF3246A242ACBFC8
:10AB9000099209948342B8BF03468B42ACBF0A9323
:10ABA0000A91029B0DF12C089A6807A9404600F013
:10ABB000C3FF002800F0CA80E86A696B884205F18B
:10ABC0002C0305F1340B05F13C0A04AC17AE19AFA8
:10ABD0000DF16C0940F0BD801946204601F003FBE1
:10ABE00094E8030086E803005946204601F0FBFA8A
:10ABF00094E8030087E803005146204601F0F3FA89
:10AC000094E8030089E80300189A1A9B9A4203DD2E
:10AC10003946304601F0F4FA17AE96E8C00C1C9C99
:10AC2000AAEB0603E41B5C431B9BABEB07029B1BDD
:10AC300002FB1344002110220FA809F044FA0DF181
:10AC4000A009E30FCDE900B33A46534631464846E2
:10AC5000E443E0F7CBFCE40F1C9B019436AEDDE946
:10AC60001712304600931B9BE0F7C0FC1A9A1C9BFE
:10AC700019999A4206BF0223CDE90023CDE9003499
:10AC800044A81B9BE0F7B2FC44AB4046CDE90F96CD
:10AC9000119301F09EFA8246E4F734FC074698E8E7
:10ACA0000F0013AC84E80F00B5F81D30ADF8893003
:10ACB000EB7F8DF88B304FF0000B2B7F169107A8A0
:10ACC0008DF8883095F82B9023971D9425948DF856
:10ACD0009CB0CDF878B001F07CFA064607A801F0E8
:10ACE0007DFA3146024605F12000FEF7C1FA09F06F
:10ACF0000F090646002800F08980B9F1020F40F0E4
:10AD00008780079AD8F8003021949B1A026803EBD9
:10AD100043010A441E9244681C440F238DF880307E
:10AD2000D8F804B0D8F80C305B4573DA3846E4F74D
:10AD300003FC44A8FFF7CAFB28A8FFF7C7FB36A807
:10AD4000FFF7C4FB16B13046FEF7CEFA53B0BDE8AC
:10AD5000F08FEA6B904211D11946204601F043FA78
:10AD600094E8030086E803005146204601F03BFAD0
:10AD700094E8030087E8030059463EE7914213D167
:10AD800059462046039301F02EFA94E8030086E822
:10AD900003005146204601F026FA94E80300039B85
:10ADA00087E80300194628E71946204601F01BFAF8
:10ADB00094E8030086E803005946204601F013FAA0
:10ADC00094E8030087E803005146204601F00BFA9F
:10ADD00094E80300189A1A9B9A4289E8030003DD5D
:10ADE0003946304601F00CFA189A1C9B9A4203DD52
:10ADF0004946304601F004FA1A9A1C9B9A42BFF663
:10AE000003AF4946384601F0FBF9FDE6044687E703
:10AE10005C4685E75246FF213846CDF850B0CDF864
:10AE200058B003F08CF9CDF800A0D8F800205B46AC
:10AE300039460FA8FFF72EFBB9F1010F8DF89000EE
:10AE40001DD1089B3168ABEB030303EB4302881869
:10AE50008A5AADF8892082788DF88B207268D35C8D
:10AE60002A7F8DF88830FC2A04D813FB02F31B12CA
:10AE70008DF8883002981DA9DFF7BEFC1CE0B9F1FF
:10AE8000020FF7D1002CF5D002280DD12397002313
:10AE90005345EFDAE15CFC299FBFFA5C12FB01F23B
:10AEA0001212FA540133F3E7012803D123948DF8E9
:10AEB0009090DFE70028DDD10BF1010B32E703684A
:10AEC0005B6818470146006810B1836803B11847F2
:10AED00070472DE9F8469A46CB7B002464F3410382
:10AEE00006460D4691460C60CB73074687B924B3DE
:10AEF000237D266813F0040F0CBF534600234A46F7
:10AF000029462046B04727462F600120BDE8F88635
:10AF10003B7DD7F800C013F0040F0CBF534600234D
:10AF20004A4629463846E04728B1EB7BDB07EBD59C
:10AF3000002C08BF3C46FF69D8E7F3682C6003EBA0
:10AF4000D373C3F34F03EB800233AB80F3682B81E1
:10AF5000EB686C8103F07E4343F0807343F48033ED
:10AF6000EB602046D2E710B51F2986B013462BD9D7
:10AF700040F21C62914227D0A1F58A521F3A012A61
:10AF800022D9A1F5C0520B3A032A1DD9A1F50054CC
:10AF9000A4F10B02042A17D9283C072C14D9A1F5D7
:10AFA00001521F3A102A0FD94FF6FF6291420BD07F
:10AFB0004FF6FF02914207D00A466946FFF789FF24
:10AFC000BDF8040006B010BD0020FBE7C068704764
:10AFD00003680A78934209BF4B78981A4068C01AF0
:10AFE000704703680A88934209BF4B88981A4068E3
:10AFF000C01A704700880B88C01A704700B10078EB
:10B00000704700B1007A704708B1D0F8B8007047B7
:10B0100010B9086048607047037803F0FD03012B06
:10B0200002D04FF0FF30F4E7036B0B60406BF1E7A9
:10B0300050B1037803F0FD03012B04D190F8A80070
:10B0400000F00F0070470020704738B1037803F01C
:10B05000FD03012B01D1006F7047002070470023D2
:10B06000C1E9003340B1037803F0FD03012B01BFB8
:10B07000836C0B60C36C4B60704718B1837A43F0EC
:10B0800008038372704770B588B004460E461546B3
:10B0900000211C2201A803F052F8CDE90144C0347C
:10B0A000012201A920460396059501F023FB012802
:10B0B00004D1002201A9204601F01CFB08B070BD9C
:10B0C00070B5012BDDE9044502DCC61E012E07D94F
:10B0D000013804282BD8DFE800F00C03221B1300F2
:10B0E00000232B608A1A236802EBD27203EB6203FF
:10B0F00004E000232B6023688A1A1344236006E0CF
:10B10000012B04DD8A1A013B92FBF3F22A6070BD29
:10B110008A1A92FBF3F22B681A442A60E3E70133A0
:10B12000891A91FBF3F1296023680B44E6E70023B9
:10B130002B60ECE7136851B1013B002B136001DA7F
:10B14000002070478268126852F82300704701336C
:10B1500013608268118E8B42F5DBF1E707B5182288
:10B16000F5F71BF803B05DF804FB07B51922F5F7F6
:10B1700014F803B05DF804FB07B51A22F5F70DF8D3
:10B1800003B05DF804FB07B51B22F5F706F803B022
:10B190005DF804FB38B500210546FFF7DFFF0446E4
:10B1A0002846F3F7A1FE002104442846FFF7DDFFFF
:10B1B000204438BD38B500210546FFF7DDFF0446C1
:10B1C0002846F3F78EFE002104442846FFF7DBFFF4
:10B1D000204438BD10B500220446F5F76EFC204629
:10B1E0000022BDE810400121F5F759BC70B50446B6
:10B1F000164600221D46F5F767FC31462046002220
:10B20000F5F769FC294620460022F5F76BFC20463D
:10B210000022BDE870400121F5F741BC10B50022C5
:10B220000446F5F766FC2046F5F781FCBDE81040C2
:10B23000F3F7E5BD2DE9F041089C0546DDE9066719
:10B2400018469DF8243011B10022226022E0A2F1BC
:10B25000040C5FFA8CFCBCF1020F03D8012E0846E7
:10B2600008BF0122BC4607EB86080021E0450AD151
:10B27000091A4FF0000C062A0CD8DFE802F0092B5F
:10B28000310B413A33005CF804EB86447144EDE73E
:10B29000C4F800C0A6464FF0000C06F1FF38E045A8
:10B2A00034D806F18042013A54F8220057F822209F
:10B2B00010442268801A5BB1043C002254F8043F19
:10B2C00057F82210EB1A01325B1A96422360F5D12F
:10B2D000BDE8F081691A01EBD17149102160D9E70D
:10B2E000691AFBE7691A701EC4F800C091FBF0F000
:10B2F000D0E7691A91FBF6F000EBD0725210A4E788
:10B30000691A701C91FBF0F02060C3E757F82C100D
:10B31000DEF800200A4402444EF8042F0CF1010C20
:10B32000BDE72DE9F041069F044615461E460FB1C4
:10B3300000233B600022204601F077FB38B93B46F2
:10B34000324629462046BDE8F04101F097BABDE8F3
:10B35000F08138B5846C0546B4B1206820B101F0A5
:10B360006CFA2068E4F7E8F8E06908B1F6F7FFF84E
:10B37000206A08B1F6F7FBF86068E4F7DDF82046CC
:10B38000E4F7DAF80023AB6438BD38B58D6C0C46B1
:10B390002DB1286C18B1F6F7EAF800232B6420468B
:10B3A000BDE83840FFF7D5BF10B50446806C20B922
:10B3B0004420E4F7AFF800B1A06410BD70B5036895
:10B3C0001B6A05460E469847044678B12B683246FC
:10B3D0005B690146284698472046AD6900F09DF814
:10B3E0003146A847204600F0B0F8012070BD2DE995
:10B3F000F041036815465F6A1346002204460E4674
:10B40000B84701280FD10020BDE8F0812946204629
:10B41000FFF7D4FF0028F6D0236800225F6A314688
:10B420002B462046B8470228F0D023682A463146EA
:10B4300020461B69BDE8F041184782B02DE9F04174
:10B4400006AE054646F8043F036888461746984707
:10B450000023C0E90058C360876000F11003044670
:10B4600096E8070083E8070020466B689847054682
:10B4700018B92046E4F760F82C462046BDE8F041B4
:10B4800002B0704710B5C46814B90024204610BD3E
:10B490000368DB68984704460028F6D000F040F8BF
:10B4A000F4E770B50C46064611462046154600F0F6
:10B4B0003DF8204600F02DF870B9204600F02BF83A
:10B4C00050B12046B66900F028F82946B04720461A
:10B4D000BDE8704000F039B870BD10B5836813B98D
:10B4E0000024204610BDFFF782FF04460028F7D055
:10B4F00000F016F8F5E78068003818BF01207047A3
:10B5000000B1016270474368013B23EAE373436083
:10B51000704740687047007B70478368C01A704767
:10B520004368013343608368C01A704743680BB1B6
:10B53000FFF7E9BF70470844704710307047002399
:10B54000016082604360037370478368C01AE3F749
:10B55000F3BF10B10368DB691847704738B514466C
:10B56000054698B149B98368EA681444601898425E
:10B5700094BF00200120400038BDC36B08469847A7
:10B58000AB6883420146EFD20120F5E70320F3E7E1
:10B59000012070470068704770B50D460968044681
:10B5A0001646303079B901F093FB286050B103683A
:10B5B00060681D69FFF7C1FF29460246304602F068
:10B5C000C8FC012070BD01F089FBEEE7F8B500F181
:10B5D00030070646384601F07EFB044610B90546A2
:10B5E0002846F8BD236871681869FFF7A4FF05466F
:10B5F000FFF78FFF0028F3D02146384601F072FB99
:10B60000EBE72DE9F0410D46044618B90026304617
:10B61000BDE8F0810029F9D000F13007384601F08B
:10B6200057FBD0B9294604F1240001F05FFD05461F
:10B630000028EBD0E26A03691344384653F8046CDF
:10B6400001F046FB31460246384601F05AFB61687C
:10B650002869BDE8F041FFF76EBF03686168D3F861
:10B6600010804046FFF767FF23690646294640469B
:10B6700098470028D6D1CAE72DE9F0410F46054684
:10B6800070B100F13006304601F022FB044648B9A3
:10B6900005F1240001F01EFE304601F065FBEC6070
:10B6A000BDE8F08123686968D3F810804046FFF751
:10B6B00042FFFFF72EFF18B9AB693946404698475D
:10B6C0002146304601F00AFBE0E72DE9F0419046C3
:10B6D000044668B361B300F12407384601F006FD63
:10B6E000054628B30669A369414630469847E36B8F
:10B6F00030469847E36861681B1AE3603046FFF7FD
:10B700001AFFE26A2B691344294653F8048C064653
:10B71000384601F08DFD3046FFF717FF04F1300089
:10B72000414601F095FA4046BDE8F041E3F704BF19
:10B73000BDE8F081F8B5044610B309B30846FFF739
:10B74000ECFE04F1240701460546384601F0CEFC24
:10B750000146A8B1E26A03691344384653F8046C01
:10B7600001F066FD314604F1300001F071FA304617
:10B77000E3F7E2FEE36B28469847E3681B1AE360B1
:10B78000F8BD2DE9F3410D46044620B900263046A8
:10B7900002B0BDE8F0810029F8D000F1240840464D
:10B7A00001F0BAFC0090B0B1066961683046FFF75D
:10B7B000C2FE626829460746304602F0CAFB04F121
:10B7C000300001F0E5F90646019098B9009940462D
:10B7D00001F074FD0096009B002BD7D061681869BA
:10B7E000FFF7A9FEE36B064628469847E368034443
:10B7F000E360CCE76946042202F0ABFB009BE06A01
:10B800001B69042204380DEB0201184402F0A1FB6D
:10B81000626821463846FFF792FEDCE710B540200B
:10B82000E3F770FE044618B14022002102F087FCC5
:10B83000204610BD08B502460B46127A1B7A4068B6
:10B8400049689A420ED1012A08D102F0DFFC002893
:10B8500001D1002008BD06DD0120FBE7002AF8D158
:10B860008842F6D0F8D84FF0FF30F3E738B5C56816
:10B87000044610212846F5F742FF10B12846F5F797
:10B8800076FE237A012B04D16068BDE83840E3F7E7
:10B8900053BE38BD08B502460B4612791B790068C5
:10B8A00009689A420ED1012A08D102F0AFFC0028A3
:10B8B00001D1002008BD06DD0120FBE7002AF8D1F8
:10B8C0008842F6D0F8D84FF0FF30F3E70379012B28
:10B8D00002D10068E3F730BE704713B54FF48063C0
:10B8E000009304460023026B406B194601F038FBBD
:10B8F000626AE36A9B1A584302EBA02002B010BDB3
:10B90000F7B51F464FF480630093002304460D46AD
:10B9100016461946026B406B01F022FB089B009310
:10B9200032463B46294601F022FA626AE36A9B1AD4
:10B93000584302EBA02003B0F0BD002817DA891AA3
:10B940000029B8BF4942642359430A22C0F30903BE
:10B95000B1FBF3F1C0F3095353439942C0F389207B
:10B9600002FB00F028BF1946884238BF08467047DE
:10B9700070B5456AC66A04463246006B2946FFF731
:10B98000DCFF324620632946E06BFFF7D6FF3246E4
:10B99000E0632946A06BFFF7D0FF3246A06329463B
:10B9A000206CFFF7CAFF206470BD30B542F21075FD
:10B9B00042F2F674A84294BF034623460533A942D7
:10B9C00094BF08462046AA4298BF14460A22B3FBF9
:10B9D000F2F303F100430530B0FBF2F003EB8023F8
:10B9E0000534B4FBF2F003EB005030BD0020E2F769
:10B9F00075BD07B54FF4806300220093114640F2F5
:10BA00005123FFF77DFF03B05DF804FBD0E90C3252
:10BA10009A42ACBFC06A406A704707B5B0F94E3071
:10BA20000093B0F94C30B0F94A20B0F94810FFF754
:10BA300067FF03B05DF804FB016070474160704729
:10BA4000016370474942416370474FF00043C0E9CA
:10BA50000A324162704701627047C16070470161FC
:10BA6000704741617047C1637047816370474164AB
:10BA700070470164704790F8543061F3C30380F855
:10BA800054307047C1617047A0F84C30BDF90030A8
:10BA9000A0F84810A0F84A20A0F84E30704730B502
:10BAA0000568836840680A685B1B03EBD37300EB8F
:10BAB000630005EB63055C104B681B1A521B5B436C
:10BAC000644302FB0232944234BF0020012030BDA7
:10BAD0008360009BC360C0E900127047036819448B
:10BAE000013981607047436819440139C16070476A
:10BAF000836802689A1AC3684068181A013002FB0A
:10BB00000000704703685B1A036083680B4483601E
:10BB100043689B1A4360C3681344C360704703685B
:10BB20000B44036083680B448360436813444360A1
:10BB3000C3681344C360704770B515680B689D42B5
:10BB4000B8BF1D4605604C685368A342B8BF234682
:10BB5000436094688E68B442A8BF34468460D2685B
:10BB6000C9688A42A8BF0A46A542C26004DC934263
:10BB7000CCBF0020012070BD0020FCE710B50B6891
:10BB800014689C42D4BF0460036054684B689C42B4
:10BB9000D4BF4460436094688B689C42ACBF8460AF
:10BBA0008360D268CB689A42ACBFC260C36010BDEC
:10BBB0002DE9F04F0C680568AC4285B00E4660DB9D
:10BBC000D0F8088044455CDC4C684768BC4258DBD0
:10BBD000D0F80C904C4554DC002A03DC012005B061
:10BBE000BDE8F08FA8EB0504A9EB07000134013094
:10BBF000641040108442A8BF04469442A8BF144673
:10BC000000950022254407EB040A6846CDE901753A
:10BC1000CDF80CA0FFF7CCFF024630B12C440294C3
:10BC200031466846FFF73BFFD9E7A9EB040B3146E5
:10BC30006846CDF804B0CDF80C90FFF7B9FF024686
:10BC400028B125440295ABEB04040194E8E7A8EB86
:10BC50000405314668460095CDF80880FFF7A8FF37
:10BC6000024610B12D1B0095EDE73146684601975D
:10BC7000CDF80CA0FFF79CFF0028AFD02D1B00953E
:10BC8000CEE70020ABE702688B689A420EDC826840
:10BC90000B689A420ADB4268CB689A4206DCC068AD
:10BCA0004B689842B4BF00200120704700207047C5
:10BCB0002DE9F34107680B689F420C46154603DAED
:10BCC000002002B0BDE8F081436849688B42F7DB91
:10BCD0008668A1688E42F3DCD0F80C80E168884564
:10BCE000EEDCFAB169462046CDE90073FFF760FF4C
:10BCF0000028E5D02A46694620460096FFF758FFFF
:10BD00000028DDD02A4669462046CDE90078FFF7B5
:10BD10004FFF0028D4D02A46694620460096FFF7F8
:10BD200047FFCEE70120CCE72DE9F0410C46054660
:10BD3000114620461646FFF7A6FF002864D00022D1
:10BD40002046FFF7B5FF002861D163687168D4F819
:10BD500008C0D4F800E0E2689942C4BFC5E900E336
:10BD6000C5E902C1A2EB03026168F368A3EB01011C
:10BD7000A2EB0102C8BF0120002AACEB0E0713DDC5
:10BD8000E1688B4210DAA168D4F800E04FEA0018AD
:10BD900000F1010C05EB001045F808E0C0E90131A5
:10BDA0001344C3604FFA8CF073686168F268D4F88A
:10BDB00000C09942B8BF1946E3689342A8BF134632
:10BDC000326862450EDD8B420CDD00F1010E4FEA58
:10BDD000001805EB001045F808C0C0E90112C36067
:10BDE0004FFA8EF0B2682468141B3C1B002C09DD4E
:10BDF0000701461C05EB0010EA512244C0E902236A
:10BE0000416070B2BDE8F0814FF0FF30FAE70020EA
:10BE1000F8E72DE9F34186680B689E420C4615460B
:10BE200034DBD0F80C804B6898452FDB07688B68B3
:10BE30009F422BDC4368C9688B4227DC1AB900207B
:10BE400002B0BDE8F08169462046CDE90073FFF7F6
:10BE5000AFFE0028F3D12A46694620460096FFF738
:10BE6000A7FE0028EBD12A4669462046CDE9007896
:10BE7000FFF79EFE0028E2D12A466946204600963A
:10BE8000FFF796FE80F00100C0B2D9E70120D7E7A6
:10BE90002DE9F74FD1F80090D1F80C80D1F804A02B
:10BEA00001938B68A8EB0A04A3EB090E023AD0E9D0
:10BEB00000650EF1010C671C132A00F2B180DFE867
:10BEC00002F01F3B40455358630A686C7A8387959C
:10BED0009A9DA0A3A7AB83689B1B013303EBD3728E
:10BEE0000CEBDC735B10C3EB6203C268521B0132C4
:10BEF00007EBD77402EBD2726410C4EB62040AE061
:10BF000083689B1B013303EBD3720CEBDC735B1078
:10BF1000C3EB62030024019A334413440C9A0B6070
:10BF20002C4414444C6063443C44013B013C8B6012
:10BF3000CC6003B0BDE8F08F83689B1BA3EB0E03BE
:10BF4000E8E7C3685B1B1C1B0023E4E783689B1BBB
:10BF5000013303EBD3720CEBDC735B10C3EB6203B6
:10BF6000C268521B141BD6E783689B1BA3EB0E030E
:10BF7000F6E7C3685B1B013307EBD77403EBD3739E
:10BF80006410C4EB6304DFE783689B1BA3EB0E0321
:10BF9000ABE76FEA08045444D6E783689B1B013380
:10BFA00003EBD3720CEBDC735B106FEA0804C3EB9A
:10BFB00062035444AFE783686FEA08089B1BA3EB56
:10BFC0000E0308EB0A04A6E7C468641B0134BBE750
:10BFD00083689B1B013303EBD3720CEBDC735B10A8
:10BFE000C3EB6203C468641B013494E783689B1B42
:10BFF000A3EB0E03F6E7DB434B448BE7DB434B44F9
:10C0000073E7DB434B44ABE783689B1B013381E75A
:10C0100083689B1B013368E783689B1B01339FE7A1
:10C020000024234677E72DE9F04F85B08B469DF835
:10C030004010029199460746DDE90E3812B9B9F56C
:10C04000807F09D03E463C4600255D4504F108044A
:10C0500008D18ABB14462AE0B3F5807FF2D105B03F
:10C06000BDE8F08FD8F8000054F8081C091A44F80D
:10C07000081CD8F8040054F8041C091A44F8041CDD
:10C080000135E2E756F8082C02FB09F1D8F8002048
:10C0900002EB212246F8082C56F8042C02FB03F18F
:10C0A000D8F8042002EB212246F8042C01345C4528
:10C0B00006F10806E6D1D2E7B2F5616F52DDA2F5CE
:10C0C00061626FF009000A2192FBF1FA00FB0A2479
:10C0D0000FFA8AF00E93E2F74BFC0AF1010501908A
:10C0E00028B2E2F745FC05460AF15A0000B2E2F731
:10C0F0003FFC03900AF15B0000B2E2F739FC019BC0
:10C10000039AC4F10A0C654303FB0C5544430E9B90
:10C110000A2102FB0C4495FBF1F594FBF1F46D113F
:10C120006411002058459AD0B9F5807F57F830A0A7
:10C130007168D8F800C01AD1B3F5807F17D10AFB17
:10C1400004FE01FB15EE0CEBAE2C47F830C061434A
:10C15000D8F804200AFB051102EBA122726001301D
:10C160000836DFE7002AB8BF02F56162A9E7029A44
:10C1700092B10AFB09F2594302FB04FE01FB15EEE2
:10C180000CEBAE4C614347F830C002FB0511D8F808
:10C19000042002EBA142E1E70AFB04FE01FB15EEDD
:10C1A00009FB0EFE61430CEBAE4C0AFB051147F890
:10C1B00030C05943EBE71FB59DF81C400294069C24
:10C1C000CDE9003413460A460121FFF72CFF04B0E5
:10C1D00010BD83680068181A01307047C368406852
:10C1E000181A01307047D1E90012C0E900127047F7
:10C1F000D1E90012C0E900127047C0E9001270478F
:10C2000030B50246D0E900540B46D1E9000182E87E
:10C210000300C3E9005430BD00F0C043B3F1005F38
:10C2200012D120F0C0436FF0604293420CD0B3F1C2
:10C23000805FA2BFC3F17F6303F57F2303F6FF7323
:10C240004B43642093FBF0F07047002310B5C0E926
:10C2500001310446C26002FB01F0E3F753F9012308
:10C260002060237410BD10B50446006828B1237CFB
:10C270000BB1E3F761F9002323600023C4E9013324
:10C2800010BD70B5067C04460D4616B90026304632
:10C2900070BDC16800686943E3F758F90028F5D01C
:10C2A00063682060AB42A56088BF6560EFE738B582
:10C2B0000D46D0E901139942044609D0D4E90003A0
:10C2C000E26803FB02004DB9294601F038FF08E09F
:10C2D0000431FFF7D6FF0028F0D138BD294601F020
:10C2E00038FE6368013363600120F6E743688B42E0
:10C2F00083BFC368006803FB0100002070474068EB
:10C30000704770B5C468D4E90056E2F7BDFD204619
:10C31000E3F712F930462B46BDE8704018471FB5C9
:10C3200002460023C0B2C2F3072460F3070364F39C
:10C330000F23C2F3074262F3174361F31F631846EA
:10C3400004B010BD030A420902F4FC6203F478430E
:10C350001343C0F3C400184482B080B202B07047E7
:10C3600000F47F020346C0B200F17F40104403F4A2
:10C370007F4382B0184402B0704708B5E2F772FA02
:10C380000730C0F3C70008BD00F47F0382B013FA82
:10C3900080F002B0704707B5FFF7F6FF0246084687
:10C3A000FFF7F2FF131A5842584103B05DF804FB3F
:10C3B000431A584282B0584102B070470346DAB27D
:10C3C000002062F30700C3F3072262F30F20C3F3D8
:10C3D000074382B063F3174002B07047002362F353
:10C3E000070361F30F2360F3174382B0184602B0CE
:10C3F00070474FF6FF73DAB2002062F307001B0AA2
:10C4000063F30F2082B040F47F0002B0704782B027
:10C41000002002B070471FB50446FFF7F8FFC0F3D5
:10C4200007238DF80D30C0F307438DF80C008DF80D
:10C430000E3003980A46214604B0BDE8104000F0D3
:10C440009EB8C178FF2912D011B9042201F077BE3D
:10C45000827812FB01F212128270427812FB01F212
:10C4600012124270027812FB01F21212027070472F
:10C47000FF2910B40A461AD019B910BC022201F0E3
:10C480005EBE01880378C1F3451103F01F0311FB61
:10C4900002F113FB02F309121B1243EA4113417824
:10C4A000C90811FB02F1091243EAC121018010BC45
:10C4B0007047C0F30743C0F3072203EB830103EB8C
:10C4C000410302EB8201C1EB011102EB4102C3EB1C
:10C4D000C303C0B21344C0EBC00003EB800082B0C2
:10C4E000C0F3072002B07047C0F34512C0F3C42365
:10C4F00002EBC20101EB011103EB830300F01F000B
:10C5000002EB8102C3EBC313C0EBC000134400EB8A
:10C5100040101844C0F307207047837803EB830270
:10C5200003EB4203427802EB8201C1EB011102EB03
:10C530004102C3EBC30313440278C2EBC20203EB14
:10C540008200C0F307207047C0F30743C0F30722FF
:10C5500003EB830103EB410302EB8201C1EB011109
:10C5600002EB4102C3EBC303C0B21344C0EBC000F3
:10C5700003EB800082B0C0F3072002B07047F0B533
:10C58000C2F1FF0C8646C1F30744C1F307230746F7
:10C590000CFB04F4C0F30740CEF3072E0CFB03F3AF
:10C5A000154600FB02440EFB0233CAB2FFB20CFB7D
:10C5B00002F207FB052248F2810680327243803383
:10C5C0007343C2F3C75280340020744362F3070000
:10C5D000C3F3C75363F30F20C4F3C75485B064F3A8
:10C5E000174005B0F0BDF0B585B0B0F17D4F0091BA
:10C5F000C2B2C0F30726C0F307454FEA10674FEAFF
:10C6000011611BD2022F9DF800309DF801009DF8AA
:10C6100002401ED9C7F1FF0C0CFB04F40CFB00F028
:10C620000CFB03F305FB074407FB060007FB023383
:10C63000C4F30725C0F30726C3F30722002062F3E3
:10C64000070066F30F2065F3174061F31F6005B024
:10C65000F0BD1A4606462546F0E7C0F307420346FA
:10C6600002EB4202C0B202EB8002C3F30720104487
:10C6700082B0C0F3C70002B07047016070472DE977
:10C68000F0410446FFF73BFE002607463546BE4212
:10C6900005D1D5B92046BDE8F041FFF7E4BD3146EC
:10C6A0002046FFF723FE294680462046FFF71EFE60
:10C6B0000346D8F800008268D20303D5E2F73CFFB6
:10C6C0000136E4E718600135FAE729462046BDE85F
:10C6D000F041FFF7D6BD38B5037D13F001050446E0
:10C6E00007D19B0705D5FFF7CAFF237D65F34103FB
:10C6F000237538BD2DE9F0470D4686B090460446B7
:10C7000000283AD091F818A01AF0010A4ED1074635
:10C710000FCF01AE0FC63B683360237D03F00107E6
:10C7200043F0010323752046FFF7E9FD8146CA4522
:10C7300022D02B7EDB071FD451462046FFF7D6FDC3
:10C740000268136813B90AF1010AF0E79368D90384
:10C75000F9D4C3F3C0314145F5D133F4004302D0DD
:10C76000A9689942EFD15368EB601368284698474F
:10C770002B7E13F0020602D02FB101260AE0DA0761
:10C78000E1D527B106E02E7E16F0010606D001A8FD
:10C79000FFF775FF304606B0BDE8F087237D67F3ED
:10C7A000000323752046FFF796FFE6E70026F1E732
:10C7B000F7B504460C201D460F461646E2F7A2FECA
:10C7C00001900760019B2046C3E90156FFF797FDE2
:10C7D00020B9042201212046FFF737FD01A9204698
:10C7E000FFF765FD019803B0F0BD70B50446FFF793
:10C7F00086FD00250646B54204D12046BDE87040BE
:10C80000FFF769BF29462046FFF770FD237D0268C8
:10C8100043F002032375936843F48033936001353A
:10C82000E9E70068704740687047806820F400407E
:10C83000704700697047C068704738B50446406863
:10C84000C0B10369C3B12168984763685A68054657
:10C8500052B1A36843B1013203D0D86808B1E2F7FE
:10C860006BFEA068E2F768FE0023C4E90033A36012
:10C87000284638BD0B25FBE70925F9E72DE9F04FE0
:10C88000044685B08B461546994613B10023C9F876
:10C8900000306068002800F0C4804768466917B31C
:10C8A000002E00F0C080D0F81CA0BAF1000F00F0FC
:10C8B000BA80A26800230293D2E900C19668D2F838
:10C8C0000C80664524D2216800233246D047AF420F
:10C8D0007DD2606802AB0093466921682B465A46B8
:10C8E000B047074653E0002E00F09D8002AB009356
:10C8F000029721682B465A46B0470746B9F1000F08
:10C9000002D0029BC9F80030384605B0BDE8F08F70
:10C910008E42D8D88A1B0131561CA1EB0C01891B11
:10C920007B1C414402D1B54202D91546AE420BD31D
:10C930002A46584601F00DFB0295A26802999368B9
:10C940000B4493600027D9E73246584601F001FBBB
:10C95000D4E901035A68D0F81CA0216800230132F1
:10C96000D0470023A5EB060A0393574503AB606845
:10C970000093B3440ED24769216853465A46B847DC
:10C980000746039B1E44AE4294BF02960295002FB9
:10C99000B4D1D2E7436921689C4642463B4667468C
:10C9A000B847A268536801331360A168039A0B6803
:10C9B0009245074602F1FF30034428BF92464B6080
:10C9C0001FFA8AF24146584601F0C3FAD9E7B8F196
:10C9D000000F09D13846D4F80880E2F793FDC8F873
:10C9E0000C00A368D3F80C8060680023039303ABAA
:10C9F00000932168D0F814A03B464246D047A36874
:10CA00001E60A168039A0B680746501E0344AA42A1
:10CA10004B6028BF2A4641465846029201F099FAD7
:10CA2000B5E70B2770E709276EE737B5044640687E
:10CA30001346002830D04268C56922B10DB1026AA0
:10CA400052B909200EE0002DFBD00A462168AC4601
:10CA500003B0BDE830406047012B08D0022B0BD05B
:10CA600013B1002003B030BDA3689960F9E7A26854
:10CA700093680B449360F4E70A462168A8470028AE
:10CA8000F0D160682168036A01AA98470028E9D1BB
:10CA9000A368019A9A60E5E70B20E3E72DE9F041EE
:10CAA000054690460E46002946D0087878B14B7866
:10CAB0003A2B14BF4F1C8F1CE1F72EFF04460028B1
:10CAC0003CD083682BB9E3684BB9092005E00F46D9
:10CAD000F2E798470028F6D10120BDE8F0816C60AC
:10CAE0006368013309D0E3684246394620469847D7
:10CAF000431E033302D90C20EFE728462860636801
:10CB00000BB90020E9E71020E2F704FDA860636894
:10CB100001330AD17368C360AA6800231360AA684E
:10CB20009360AB68B2685A60EBE74FF0FF33036085
:10CB3000AB686FF00102F6E70B20CEE70320CCE7ED
:10CB40002DE9F04180461C200F4615461E46E2F7AF
:10CB5000E1FC044640B1C0E90087C56086611DB1B3
:10CB60002846E2F7D7FCA0602046BDE8F08109B175
:10CB70000368CA50704711B1036819444A6070478E
:10CB80000331002321F00301C0E901330160704744
:10CB900038B5044600680830E2F7B4FC054680B1B9
:10CBA000014600222046FFF7E2FF6268FFF7E3FF3D
:10CBB000616811B12A46FFF7DAFFA368656003B91F
:10CBC000A560284638BDF8B50E46054668B161B186
:10CBD0004368994203D1BDE8F840FFF7D9BF006828
:10CBE0000830E2F78FFC044610B900242046F8BD57
:10CBF0002B68F758024639462846FFF7BCFF3A46ED
:10CC00002146FFF7B4FF22463146FFF7B0FF324618
:10CC10002146FFF7B0FFE9E738B505460068083060
:10CC2000E2F770FC044688B1014600222846FFF76F
:10CC3000A2FF2146AA68FFF79AFFA96811B1224610
:10CC4000FFF799FF6B68AC6003B96C60204638BD94
:10CC500038B50B4640B1D0E90014A3420AD10B44C9
:10CC60005968416009B9816038BD0022BDE838408B
:10CC7000FFF77DBF85685C58AB4209D184600CB971
:10CC80004460F1E721460022BDE83840FFF773BF5A
:10CC90000B4421465D682A46FFF76DFF2246294670
:10CCA000E4E7F8B50E46054608B1446804B9F8BD96
:10CCB0002B6823445F6846B928462146FFF7C8FF22
:10CCC0002046E2F739FC3C46F0E72046B047FAE759
:10CCD00000B14068704700B180687047036819442C
:10CCE000486870470368C8587047034640B14268B7
:10CCF000002002B9704719680A4401305268F8E709
:10CD00007047914270B50C4615461BD0DAB10368E6
:10CD1000D658A64216D02146FFF79AFF2246314642
:10CD2000FFF729FF32462146FFF721FF2246294619
:10CD3000FFF71DFF2A462146FFF71DFF05B9846056
:10CD400006B9446070BD08B18668E2E70646E0E7D0
:10CD500030B1436833B98068B0FA80F04009704759
:10CD600001207047002070470021FFF79ABF2DE98E
:10CD7000F74F0546002800F08680B0F5806F00F080
:10CD800082805E1A0C9B9B1A01EB410806EB46065B
:10CD900003EB430302EB4207DA1BA6EB0809C6F5D7
:10CDA0008066009206FB00F209EBA22C00FB0CFC53
:10CDB00008EBAC2C00FB0CFCC3F58063C0EBAC2C87
:10CDC00001930CF10103022B61D94FEA490B044690
:10CDD0004FF0080A02EB42020BEBA222624308EB7F
:10CDE000A222531C022B0FD94FEAEC718902D317F0
:10CDF0004FEA8C2041EA9C51D3F7C6FB20B1BAF12F
:10CE0000010AA4EB000424D1002D42DBB5F5806FAC
:10CE100041DC2C464FF48061002204FB06F309EB51
:10CE2000A323634308EBA32363439812C5EBA32317
:10CE30000133022B1DD98542CCBF224621468C1AD4
:10CE400004EBD47402EB6404A24212D09142E4DCFD
:10CE50000FE004FB06F209EBA22C04FB0CFC08EB30
:10CE6000AC2C04FB0CFCC5EBAC2C0CF10103022B2D
:10CE7000B0D8019B009A634302EBA323634307EB03
:10CE8000A3276743BD12284603B0BDE8F08F0446D0
:10CE9000EFE70024EDE74FF48064EAE70028BABF2B
:10CEA0004042012300230029BEBF49420233DBB2C6
:10CEB0002D22884289BF514350431033B1FBF0F11A
:10CEC00098BFB0FBF1F1CAB288BFDBB2162A16D9FF
:10CED0002C2A1FD8292A1FD8252A1FD8202A8CBFE0
:10CEE00003200420DA06084448BFC0F15A0003F0CA
:10CEF00001029B0717D59AB1B43080B27047012A5E
:10CF000008D9052A08D9092A08D90F2A34BF0320CD
:10CF10000420E7E70020E5E70120E3E70220E1E75E
:10CF2000C0F1B400E9E7002AE7D0C0F5B470E4E747
:10CF300030B503460C460120002102B930BDD507AB
:10CF400041BF00FB04F503FB0155A0FB0301491998
:10CF500003FB04F5A3FB0334521004EB4504ECE798
:10CF600010B58A4204461846029B04DBA2420EDD3D
:10CF7000A14204DB10BDA24209DAA142FADD1B1A6C
:10CF8000641A5C43521A94FBF2F42044F2E7184608
:10CF9000F0E75A3000B2E1F7EBBC4B689A684A60A0
:10CFA00002B111600A681A601AB9036099600B60D7
:10CFB0007047906888420CBF93605360F6E78B68B7
:10CFC0005A688A6002B111600A681A601AB903606F
:10CFD00059600B607047506888420CBF5360936083
:10CFE000F6E738B50546144611B10B7B012B39D154
:10CFF0000B4629688B4234D06168994235D1A168CB
:10D000000B7B3BB901220A73284621462373FFF7A5
:10D01000D6FFA168D1E9012312B1107B012809D103
:10D0200013B1187B012805D100230B732368214617
:10D030001C46DAE713B11B7B012B07D101231373C5
:10D0400000230B732846FFF7A8FFA168237B0B730F
:10D05000012323738A68284613732146FFF7AFFF25
:10D06000296809B101230B7338BD0B7B3BB9012241
:10D070000A73284621462373FFF78FFF61684B68C8
:10D0800013B11A7B012A11D18A68002ACCD0107BF7
:10D090000128C9D013B11B7B012B07D101231373C6
:10D0A00000230B732846FFF78AFF6168237B0B730D
:10D0B000012323734A68284613732146FFF76DFF47
:10D0C000CEE7F8B50E461446054650B151B10027DB
:10D0D00052B10C22394601F032F8C5E90076AC6055
:10D0E0000120F8BD0846FCE71046FAE770B50E4689
:10D0F000054610B90024204670BD0468002CF9D004
:10D100006B682169304698470028F4D0D4E9013291
:10D11000A8BF13461C46F1E72DE9F84F894605469E
:10D1200088B1FFF7E3FF044670B91420E2F7F2F983
:10D13000044640B1A868E2F7EDF98046206130B9B5
:10D140002046E2F7F9F900242046BDE8F88F0023D5
:10D15000C4E9013323732B6823B92C6023600123B6
:10D160002373F1E7C4F810902F683E46BEB92760DC
:10D1700026736B6839694846984700281BDA7C603B
:10D1800027464FF001094FF0000A396809B10B7BBF
:10D190009BB12B6801221A73C4F81080D4E76B6826
:10D1A000316920699847D6E90123374612EA2006FB
:10D1B00038BF1E46DAE7BC60E2E70E687368994242
:10D1C0001ED1B3684BB11A7B3AB901221A7381F8A8
:10D1D0000C9086F80CA03746D7E7D1F808B0BB45CD
:10D1E00004D12846FFF7EBFE0F46594681F80C9014
:10D1F000284686F80CA03146FFF7CFFE3E46EAE708
:10D2000023B11A7B12B983F80C90E0E7D1F804B08F
:10D210005F4504D12846FFF7C0FE0F46594681F806
:10D220000C90284686F80CA03146FFF7C8FEE5E7CB
:10D2300070B50C46D1E901512268002D28D019B3F0
:10D240000B4649680029FBD1D2B15168A1420CBFFD
:10D25000536093601A6899681E7B944212D001B1A2
:10D260000A605160A5689D602B6025681D60257B64
:10D270001D7365685D60012E2B6019D1B0B917E090
:10D280000360E7E71A46F0E7237B29460A6002E0DD
:10D29000237B0029FAD132B15568A5420CBF5160F9
:10D2A0009160012BE9E7012B016001D1FFF799FEA5
:10D2B00025692046E2F740F9284670BD08B508B94F
:10D2C000002008BDFFF7B4FF0028F9D0E2F734F9D9
:10D2D0000120F6E770B5054610B104680CB92C6062
:10D2E00070BD26466468002CFBD1B468002CF8D1D0
:10D2F000346834B16368B3424FF000030CBF63601D
:10D30000A3603069E2F718F93046E2F715F9E5E76E
:10D310000C22002100F013BF10B5037AFF2B044646
:10D3200002D00068E2F708F920460C22BDE8104060
:10D33000002100F004BFF8B5037A0446581EC2B2BB
:10D34000FD2A0E4630D8276807EB83052A462B4472
:10D3500012F8011BB14225D100EB8000E2F7D2F8B0
:10D3600010B3237A2060013BDBB200222372013D1F
:10D37000114600EB830315F801CFB44508D057F8E8
:10D3800022C040F821C095F800C003F801C0013167
:10D3900094F808C001329445EDD23846E2F7CCF853
:10D3A0000120F8BD9A42D3D10020FAE773B5037A81
:10D3B0000192FF2B04460D4638D0006828B103EBDC
:10D3C00083015A1E0144561C29D10133D9B201EB05
:10D3D0008101E2F7BBF8064640B3217A206000EBFA
:10D3E00081000A460146043006F053FE237A0133D9
:10D3F000DBB25A1E237202EB8303019AF554237A9F
:10D4000003F18043013BAD0846F823201F2D6368DC
:10D4100028BF1F250122AA401343636006E011F8CC
:10D42000016DAE4204D1019B40F8223002B070BDC4
:10D43000013AC8E770B5047A0368FF2C0ED003EBFD
:10D440008405002084420ED800200BE0814203F1C5
:10D45000080303D163681360012003E018781C46B9
:10D460000028F3D170BD15F8016BB14202D153F819
:10D470002030F0E70130E5E7007AB0FA80F04009AB
:10D48000704782B00A46012102B0FFF78FBF82B019
:10D490000A46022102B0FFF789BF82B00A4607217F
:10D4A00002B0FFF783BF82B00A46032102B0FFF744
:10D4B0007DBF82B00A46682102B0FFF777BF82B015
:10D4C0000A46692102B0FFF771BF82B00A461021F7
:10D4D00002B0FFF76BBF82B00A46112102B0FFF71E
:10D4E00065BF82B00A46122102B0FFF75FBF82B06B
:10D4F0000A46132102B0FFF759BF82B00A46142131
:10D5000002B0FFF753BF82B00A46152102B0FFF701
:10D510004DBF84B00023ADF80C10090C8DF80E102F
:10D520008DF80F30039A1C2104B0FFF73FBF82B083
:10D530000A461D2102B0FFF739BF84B00023ADF8C1
:10D540000C10090C8DF80E108DF80F30039A232162
:10D5500004B0FFF72BBF82B00A46282102B0FFF7C4
:10D5600025BF84B00023ADF80C10090C8DF80E1007
:10D570008DF80F30039A312104B0FFF717BF82B046
:10D580000A46322102B0FFF711BF82B00A463021AD
:10D5900002B0FFF70BBF82B00A46342102B0FFF79A
:10D5A00005BF82B00A46352102B0FFF7FFBE82B048
:10D5B0000A46382102B0FFF7F9BE84B00023ADF867
:10D5C0000C10090C8DF80E108DF80F30039A3921CC
:10D5D00004B0FFF7EBBE82B00A463A2102B0FFF773
:10D5E000E5BE82B00A463B2102B0FFF7DFBE82B043
:10D5F0000A463C2102B0FFF7D9BE82B00A4641215B
:10D6000002B0FFF7D3BE82B00A46422102B0FFF754
:10D61000CDBE84B00023ADF80C10090C8DF80E10AF
:10D620008DF80F30039A3D2104B0FFF7BFBE82B0E2
:10D630000A463E2102B0FFF7B9BE82B00A46482131
:10D6400002B0FFF7B3BE84B00023ADF80C10090C94
:10D650008DF80E108DF80F30039A4C2104B0FFF7AF
:10D66000A5BE82B00A46502102B0FFF79FBE82B02D
:10D670000A46512102B0FFF799BE84B00023ADF8ED
:10D680000C10090C8DF80E108DF80F30039A5221F2
:10D6900004B0FFF78BBE84B00023ADF80C10090C6A
:10D6A0008DF80E108DF80F30039A582104B0FFF753
:10D6B0007DBE82B00A465A2102B0FFF777BE82B023
:10D6C0000A465C2102B0FFF771BE82B00A465E21B5
:10D6D00002B0FFF76BBE82B00A460C2102B0FFF722
:10D6E00065BE82B00A462D2102B0FFF75FBE82B050
:10D6F0000A46612102B0FFF759BE82B00A46622194
:10D7000002B0FFF753BE82B00A46642102B0FFF7B1
:10D710004DBE82B00A46662102B0FFF747BE82B016
:10D720000A46742102B0FFF741BE90F90020037849
:10D73000002A0FDA03F0E002C02A0DD003F0F00255
:10D74000E02A0BD003F0F800A0F1F0035842584152
:10D750008000704701207047022070470320704707
:10D7600073B500230246019301B901A90B68D55690
:10D77000D05C002D03F1010402DB0C6002B070BD2F
:10D7800000F0E005C02D0ED10C60125D02F0C00467
:10D79000802C4CD1800100F4F86002F03F0210446C
:10D7A00002330B60EAE700F0F005E02D17D10C60C2
:10D7B000145D04F0C005802D39D19D1C0D60525DB3
:10D7C00002F0C005802D32D1000380B202F03F028A
:10D7D000A401104404F47C6420440333E1E700F026
:10D7E000F805F02D0C6022D1145D04F0C005802DE9
:10D7F0001DD19D1C0D60555D05F0C006802E16D113
:10D80000DE1C0E60925D02F0C006802E0FD18004F7
:10D810002403AD0100F4E01004F47C3405F47C65CD
:10D8200002F03F020443154428190433B9E70020ED
:10D83000A4E770B50024054626468E4202D02B5D33
:10D8400028190BB9204670BDFFF76FFF012838BFBC
:10D85000012054FA80F40136EFE773B50024064640
:10D860000D460194019BAB4202D3204602B070BD2D
:10D8700001A93046FFF774FF0134F3E737B5002400
:10D8800005460194019BEB5C13B9204603B030BD03
:10D8900001A92846FFF764FF0134F3E718B3A0F5A8
:10D8A0009C43B3F5A44F1DD300F17F4303F1FF1355
:10D8B0005D2B17D9A0F54053FF2B13D9A0F53A5390
:10D8C0007F2B0FD9A0F547532F2B0BD9A0F57E4006
:10D8D000A0F110030F2B05D930381F288CBF002072
:10D8E00001207047012070477F2882B015D9B0F51C
:10D8F000006F14D2C0F3871300F03F0043F0C00361
:10D9000040F08002002100208DF804308DF80520C1
:10D910008DF806108DF80700019802B07047B0F539
:10D92000803F0CD2C0F30733C0F3851200F03F00F4
:10D9300043F0E00342F0800240F08001E3E7B0F5FD
:10D94000881F10D2C0F38743C0F30532C0F385119E
:10D9500000F03F0043F0F00342F0800241F080010C
:10D9600040F08000D0E70020D7E773B50B68013B9B
:10D9700006460B6004250C683019FFF7D6FE30B15F
:10D9800001A930460194FFF7EBFE02B070BD2CB147
:10D99000013D013C15F0FF050C60ECD10020F4E7DF
:10D9A000232903780BD113B9012303700BE0022B59
:10D9B00003D0013B5842584170470023F5E7012B43
:10D9C00005D1202901D0012070470223EDE7002076
:10D9D00070472DE9F041884617460546F0B1EAB197
:10D9E00000F0F5FB0446384600F0F1FB0646A8B10E
:10D9F000044441462846FFF71CFF2B193118744296
:10DA00005A1B914206D9324639462844BDE8F041B6
:10DA100000F09FBA1A5D03F80129F1E7BDE8F08133
:10DA2000F8B50C461746054680B100F0D0FB2146FC
:10DA300006462846FFF7FDFE2C1839462046FFF71C
:10DA4000F8FE2346361A5A1B964200D2F8BD1A5CDD
:10DA500003F8012BF7E7F7B50B4601910C460021BF
:10DA6000024607460846E1F73FFD461C3046E1F70F
:10DA700049FD054620B123463A463146E1F734FDDB
:10DA8000284603B0F0BDF8B50F46194606461546C0
:10DA90001C46FFF765FE386020B120680021304445
:10DAA000FFF75EFE2860F8BD2DE9FF410F46904666
:10DAB0001E46054620B90024204604B0BDE8F0818A
:10DAC000002AF8D00378002BF5D000240194002917
:10DAD000F1D0019BBB4203D3002CC8BFA41BEBE7D2
:10DAE00003AA02A9284601ABFFF7CDFFDDE9021228
:10DAF0004046FDF738FA0028EBD004443444E8E708
:10DB00002DE9F04F87B00025C0E900559DF848A0E9
:10DB1000059304461746884619B312B31AF0010F4D
:10DB2000119B104618BF6FF060431193FDF74EFA3A
:10DB300006461FFA80FB18F8053008EB05099BB96B
:10DB40005DB119F8013C0A2B01D00D2B05D1109BBA
:10DB500013FA86F2636813446360636843BBB6B22A
:10DB6000666007B0BDE8F08F00230193119B00931E
:10DB70003A46059BCDF808A04FF0FF314846E1F743
:10DB800025F86368109A9A1812EB0B0F01460544AA
:10DB9000E7D4109A5B44134463603A46059B4846B9
:10DBA000FFF782FF23688342ACBF23602060C2E797
:10DBB000109A9B1A6360D4E72DE9F0430F4685B0B5
:10DBC00090461E46054620B90024204605B0BDE813
:10DBD000F083002AF8D00378002BF5D000240194BC
:10DBE0008DF803400029EFD09DF8309009F0080926
:10DBF00016E001AB03AA02A92846FFF744FFB9F1DA
:10DC0000000F05D002990DF10300FFF7C9FE38B9E6
:10DC1000DDE902124046FDF7A6F908B10444344498
:10DC2000019BBB42E5D3002CC8BFA41BCDE7037DFD
:10DC300043F0010303757047037D6FF30003037521
:10DC4000E1F7E0B810B50446E3F7F2FF2368C31A22
:10DC5000013B636010BD2DE9F047089D80460F46EB
:10DC6000144699460CB9264612E04FEA540A09FBBD
:10DC70000A7631464046A847002808DDE44304F010
:10DC80000104AAEB040A06EB09075446EAE7FCD1B3
:10DC90003046BDE8F08770479A4238BF88547047D5
:10DCA00070472DE9F74F9946DDE9116313F0020C37
:10DCB00080468B461746DDE90C54DDE90F129DF8CE
:10DCC0003800CDF800C01DD103F0010C3EB1BCF10D
:10DCD000000F04D010B913F00C0F00D0013E4FF02C
:10DCE000300E02E005F804E00134944201D2202C09
:10DCF000F8D1BCF1000F05D04FF0300CA64201D98D
:10DD0000202C1AD113F0100F14D013F4806F2ED1E1
:10DD1000BCB1944201D0B44229D1621E11D0102965
:10DD200043D19906A4F102047ED4782129553021EB
:10DD3000A954541C202C25D00CE005F804C0013453
:10DD4000DCE710290DD1990635D478222A703022CB
:10DD50006A700224C8B32D222A55013413E06222CE
:10DD6000F4E70229FBD030222A700124F2E71029BF
:10DD700023D19A0656D4202C04D0621C7821295530
:10DD8000202AD4D120249B0738D03A462544144475
:10DD9000A24237D1009B23B1D51BAE4207EB05044D
:10DDA00039D8204603B0BDE8F08F0229BFD16221E7
:10DDB000A9540132E4E75822C8E7022903D1202CF4
:10DDC000E0D02246F3E72246DAE7590701D52B22B5
:10DDD000C2E71A07D7D52022BEE74B465946202076
:10DDE000C0470AF1010A019B564503EB0A02F4D829
:10DDF000321BB44288BF00223A44C7E73B1BA2460D
:10DE00000193F0E702F1010A15F8010D4B4659465E
:10DE1000C0475246BCE74B46224659462020C047E1
:10DE20000135BAE7202CADD0621C5821A7E72DE9B7
:10DE3000F04391B0189D1A9F1D9E2DB926F0100435
:10DE400016F4806F264622D116F0200F14BF4FF033
:10DE5000410E4FF0610EAC460DF120080025AEF1E9
:10DE60000A0EBCFBF7F907FB19C95FFA89F4B9F18F
:10DE7000090F94BF30347444E4B2BC4508F8014B38
:10DE8000BCFBF7F405F1010501D3202D10D11C9C3A
:10DE900005941B9C0696CDE903749DF86440CDE97A
:10DEA000015408AC0094FFF7FCFE11B0BDE8F0830C
:10DEB000A446D6E72DE9F04F95B0DDE91E76CDE911
:10DEC0000A2357EA0603CDE90801DDE9229B269CD7
:10DED00005D124F0100314F4806F1C4637D114F0E0
:10DEE000200F14BF412361230DF1300A0025A3F157
:10DEF0000A0831464A465B463846D2F795FBD2B20D
:10DF0000092A94BF303242444F45D2B276EB0B0619
:10DF10000AF8012B05F1010501D3202D14D1259B11
:10DF20000593249B0694CDE903939DF88030CDE9B9
:10DF300001530CAB0093DDE90801DDE90A23FFF78B
:10DF4000B0FE15B0BDE8F08F07460E46D1E70025BC
:10DF5000E5E70F2A70B50AD8013902440346934217
:10DF600000D170BD11F8014F03F8014BF7E700F045
:10DF7000030301F00306B34204460D4600F0998006
:10DF800001F120031546202D13F8206C04F1200424
:10DF900003F120030DD8531E23F01F03C418013BC7
:10DFA0000B44024413F8011F04F8011B9442F9D1F9
:10DFB000D7E704F8206C13F83F6C04F81F6C13F8D3
:10DFC0003E6C04F81E6C13F83D6C04F81D6C13F8DD
:10DFD0003C6C04F81C6C13F83B6C04F81B6C13F8D5
:10DFE0003A6C04F81A6C13F8396C04F8196C13F8CD
:10DFF000386C04F8186C13F8376C04F8176C13F8C5
:10E00000366C04F8166C13F8356C04F8156C13F8BC
:10E01000346C04F8146C13F8336C04F8136C13F8B4
:10E02000326C04F8126C13F8316C04F8116C13F8AC
:10E03000306C04F8106C13F82F6C04F80F6C13F8A4
:10E040002E6C04F80E6C13F82D6C04F80D6C13F89C
:10E050002C6C04F80C6C13F82B6C04F80B6C13F894
:10E060002A6C04F80A6C13F8296C04F8096C13F88C
:10E07000286C04F8086C13F8276C04F8076C13F884
:10E08000266C04F8066C13F8256C04F8056C13F87C
:10E09000246C04F8046C13F8236C04F8036C13F874
:10E0A000226C04F8026C13F8216C04F8016C203D1A
:10E0B00069E7F3B1C3F10403C418034615F8011B63
:10E0C00003F8011BA342294602F1FF3201D0002AC6
:10E0D000F4D1202A01F1200503F120040BD80139E5
:10E0E0001A4493423FF43DAF11F8014F03F8014B3E
:10E0F000F7E70346EDE755F8203C44F8203C55F897
:10E100001C3C44F81C3C55F8183C44F8183C55F8A5
:10E11000143C44F8143C55F8103C44F8103C55F8B5
:10E120000C3C44F80C3C55F8083C44F8083C55F8C5
:10E13000043C44F8043C203A23462946C9E710F041
:10E14000030310B40BD0C3F1040342B1034400F83D
:10E15000011B984202F1FF3201D0002AF7D101EBF6
:10E16000012303EB014303EB0163202A00F12004A8
:10E1700002D810BC05F0A7BF44E9083344E90633D0
:10E1800044E9043344E90233203A2046EDE788426B
:10E1900010B402D38B18834202D210BCFFF7D9BE51
:10E1A000884207D8421E8B420AD011F8014B02F870
:10E1B000014FF8E7531E194403449A1A934201D1C0
:10E1C00010BC704711F8014903F80149F6E7D2F78E
:10E1D0004DBA10B5002304461046834201D0CA5CF4
:10E1E0004AB9C21A834288BF00220021E01805F014
:10E1F0006AFF204610BDE2540133EEE7421E11F8DB
:10E20000013B02F8013F002BF9D17047431E013951
:10E2100013F8012F11F8010F0AB18242F8D0101A39
:10E22000704770B50646FFF7D2FF451C2846E1F758
:10E2300069F9044618B12A463146FFF78AFE20469E
:10E2400070BD38B504460D46FFF757F929462046FC
:10E25000BDE83840FFF757B938B504460D46FFF71B
:10E2600034F929462046BDE83840FFF734B984B078
:10E270000846114604B0FEF7CEB838B504460D4640
:10E28000FFF72FF929462046BDE83840FFF72FB9A0
:10E2900038B504460D46FFF724F929462046FFF716
:10E2A00026F929462046FFF710F929462046BDE801
:10E2B0003840FFF710B970B5044640680D4608B104
:10E2C000FFF7F9FF236823B129462046BDE87040D7
:10E2D000184770BD70B50E68336805460C4633B1FB
:10E2E00096F82220D20602D50B60FFF7F3FF2660D6
:10E2F00021462846BDE87040FFF7DDBF08B528B1CC
:10E30000D9F72AFEBDE80840DAF790BEDAF7E6FD55
:10E31000F8E738B50546FFF7F1FF044640B1284657
:10E32000D9F744FC29462046BDE83840FFF7D2BF64
:10E3300038BD07B5FFF7E2FF28B9112003B05DF83B
:10E3400004EBE0F757BB0369ADF804301B0C8DF804
:10E3500006309DF80430002063F307009DF8053077
:10E3600063F30F209DF8063063F3174003B05DF8A8
:10E3700004FB10B50446E3F75BFC001B10BD70B551
:10E380000346C06A93F84C2012F0060202D15B6B80
:10E39000184470BD042A01D11B6BF9E7022AF8D199
:10E3A000D3E90E24D3E90C51A242C8BF04F5B474DA
:10E3B00013198D4203EBD373CCBF01F5B4760E462F
:10E3C000B5EB630F4FEA630201DA2844E1E79642B6
:10E3D000CCBF40188018DCE710B5D0E90E431B1BFA
:10E3E000002B16DBB3F5B47F16DA8B4217DBB1EBEB
:10E3F000630FB4BF012300230122DB0043EA0213B1
:10E4000090F84C2022F01802134380F84C30012081
:10E4100010BD03F5B473E3E7A3F5B473E2E7C3F506
:10E42000B474944207DC0123E6E701230022E4E709
:10E4300000231A46E1E7C1F5B4749442F5DD1344B4
:10E440008B42F5DA0020E3E707B55022F1F7A5FE8D
:10E4500003B05DF804FB07B51222F1F79EFE03B08E
:10E460005DF804FB07B51322F1F797FE03B05DF8E2
:10E4700004FB07B51022F1F790FE03B05DF804FB32
:10E4800007B51122F1F789FE03B05DF804FB2DE911
:10E49000F84F0F46002104469046FFF7DCFF0021AD
:10E4A00006462046FFF7DEFF002182462046FFF7A2
:10E4B000E0FF002105462046FFF7E2FF81462046A7
:10E4C000F0F70FFDA0EB060B2046F0F70DFD401B0B
:10E4D000A0EB0900ABEB0A0B8345204613DAF0F7FB
:10E4E00000FD831BA3EB0A03626903EBD3735B108C
:10E4F0001A4432443A60A2691A442A447A60C8F83D
:10E500000030BDE8F88FF0F7EFFC431BA3EB0903E5
:10E51000EAE72DE9F74F0F464FF400319246814666
:10E520001E46FFF791FF00EBD0704FEA6008AAEBA0
:10E53000600A4846FFF723FFB9F85C30C418A4B25C
:10E5400004F15A0000B2E0F713FA0AFB00F520B21A
:10E55000E0F70EFA4FF440310AFB00F44846FFF7AB
:10E560007AFF4FF4403101904846FFF77BFF4FF4AC
:10E57000403183464846FFF77CFF4FF440318246E6
:10E580004846FFF77DFF3A68019BED132A44D21AF3
:10E59000A2EB080232603B681D445D444544B5600F
:10E5A0007B68E4132344A3EB0A03A3EB0803736023
:10E5B0007B681C4404444444F46003B0BDE8F08F1D
:10E5C0002DE9F0418CB007460E4615469846F0F707
:10E5D000F7FE00283CD0AE423AD0FC6AB6F5B47FD4
:10E5E000C8BFA6F5B476B5F5B47F2644C8BFA5F577
:10E5F000B4752C44B6F5B47F05AAC8BFA6F5B476A9
:10E6000006A9B4F5B47F3846C8BFA4F5B474FFF7C3
:10E610003EFF41463846FFF717FF41460546512267
:10E620003846F1F7BAFD0890003818BF01200DF107
:10E630002008CDE90208CDE90045DDE90601BDF875
:10E6400014203346DAF734FD41463846F0F7F9FD39
:10E650000CB0BDE8F08173B53C224FF44031054663
:10E66000F1F79BFD4222044601904FF440312846C9
:10E67000F1F793FD402201904FF4403104442846C5
:10E68000F1F78BFD002801904FF040024FF440312C
:10E6900028462BDDF1F781FD0346019041224FF41E
:10E6A000403128461C44F1F778FD002801904FF0D6
:10E6B00041024FF4403128461DDDF1F76EFD03465F
:10E6C000019038224FF4403128461C44F1F765FD93
:10E6D0003B22064601904FF440312846F1F75DFD9C
:10E6E0003044A042B8BF204602B070BDF1F755FDDE
:10E6F00001904342D2E7F1F750FD01904342E0E739
:10E7000010B588B0044601AA02A9FFF7C0FE019A1D
:10E7100004AB02A92046FFF7FCFE2046FFF79BFF53
:10E72000021E03DD114604A8FDF7ECF904A92046FA
:10E73000F0F787FD08B010BD38B5B1F5B47F0D46D0
:10E74000C8BFA1F5B475D0E90C135A1B5B1A48BFBA
:10E7500003F5B473002AB8BF02F5B4720446D01AA8
:10E760000028B8BF4042B4280BDD2046F0F794FDE6
:10E770002046FFF7C5FF25632046BDE83840FFF778
:10E78000BFBF934206DD4FF400332A462046FFF711
:10E7900017FFEDE7ECDA0A464FF400332946F5E7B8
:10E7A00038B5B1F5B47F0D46C8BFA1F5B475D0E951
:10E7B0000C31EA1ACB1A48BF03F5B473002AB8BF6C
:10E7C00002F5B4720446D01A0028B8BF4042B428FB
:10E7D0000BDD2046F0F760FD2046FFF791FF6563F3
:10E7E0002046BDE83840FFF78BBF934207DD0A465D
:10E7F0004FF4003329462046FFF7E2FEECE7EBDA60
:10E800004FF400332A46F6E738B504460D46114664
:10E81000FFF7C6FF29462046BDE83840FFF78CBF0A
:10E82000F7B50446006C10F5004F36D0D4E90E352C
:10E8300094F84C20AB42C2F34102C8BF05F5B47551
:10E84000012A0BD0022A35D03ABB0095D4E9111227
:10E85000FEF786FBA16B0546024634E0D4E911C2FF
:10E860000CEB020707EBD7775E1906EBD676B0EB19
:10E87000670F4FEA66064FEA670110DA0A4600960C
:10E880006146FEF76DFB014605462046FFF754FF43
:10E8900031462046FFF784FFA56503B0F0BD009523
:10E8A0003346FEF75DFB314605462046FFF744FF41
:10E8B0002946EEE70093D4E911122B46FEF750FBF0
:10E8C000E26B054601462046FFF79EFFE4E738B5B8
:10E8D000B1F5B47F0D46C8BFA1F5B475D0E90E13EC
:10E8E0005A1B5B1A48BF03F5B473002AB8BF02F580
:10E8F000B4720446D01A0028B8BF4042B42808DDDC
:10E900002046F0F7C9FCA5632046BDE83840FFF774
:10E9100087BF934205DD00232A462046FFF750FEBD
:10E92000F1E7F0DA0A4600232946F6E738B5B1F5F3
:10E93000B47F0D46C8BFA1F5B475D0E90E31EA1A0F
:10E94000CB1A48BF03F5B473002AB8BF02F5B472FE
:10E950000446D01A0028B8BF4042B42808DD20463B
:10E96000F0F79AFCE5632046BDE83840FFF758BF52
:10E97000934206DD0A46002329462046FFF720FE83
:10E98000F0E7EFDA00232A46F7E738B504460D46EC
:10E990001146FFF7CBFF29462046BDE83840FFF778
:10E9A00096BF002905DBB1F5B47F05DAC162F0F747
:10E9B00073BC01F5B471F4E7A1F5B471F3E7026C2F
:10E9C0008A4210B40DD0846CA142A8BF2146446C89
:10E9D000A142B8BF21468A4203D010BC0164FFF7B0
:10E9E0001FBF10BC704710B50C4604F15000002149
:10E9F000DFF7BAFE04F160000021BDE81040DFF748
:10EA0000B3BE03681A684FF0FF31D96002F15001BC
:10EA10008B4204D19968D1621868F0F73DBC02F1CD
:10EA200060018B4204BF99689163F5E7C16000689B
:10EA3000F0F732BC73B5C66A8E4215D0436B99426B
:10EA4000A8BF19460D46036B816B9942B8BF1946A2
:10EA5000A942B8BF29468E4206D0009200F1500369
:10EA600000F12C02E3F70EFC02B070BD38B50025B2
:10EA70006423C1E90C534FF0FF33C1E91731CB6672
:10EA800091F870308D630C4623F03F0381F87030AD
:10EA9000C1E91055C1E91415C1E91955CD62CD631D
:10EAA0008D6481F84C508D6520460821EFF7A1F860
:10EAB00020461021EFF79DF82A4629462046BDE85A
:10EAC0003840FFF7B7BF90F8703003F00703022B10
:10EAD00013B515D1436B9942A8BF1946036B9942F0
:10EAE000B8BF1946C36A9942A8BF1946836B8B42C7
:10EAF00006D0009200F1600300F13802E3F7C2FB98
:10EB000002B010BDC36D013314BF806DC06A704781
:10EB100090F8703003F00703022B01D0006B7047B0
:10EB2000C36E013314BF806E806B704790F8700025
:10EB300000F00700704790F8703003F00703012BD6
:10EB40000AD1036B002B07DA426B002A04DD806BCD
:10EB5000C31A5842584170470020704710B50C4600
:10EB600020461021EFF745F820464FF48061BDE8BC
:10EB70001040EFF788BA10B50C46086BE0F7DCFCE4
:10EB8000606BE0F7D9FC0023C4E90C3310BD07B576
:10EB900015220021F1F701FB03B05DF804FB2DE91C
:10EBA000F04F8DB00446019104A9F0F758F92046C2
:10EBB000F0F797F903902046F0F796F912220090AB
:10EBC00000212046F1F7E9FA13228346089000213C
:10EBD0002046F1F7E2FA10228046089000212046F4
:10EBE000F1F7DBFA11228146089000212046F1F767
:10EBF000D4FA14228246089000212046F1F7CDFA7B
:10EC0000074608902046FFF7C2FF07EBD77500EBD9
:10EC1000D0766D1007F00107013576103D440136BE
:10EC200000F0010006440D2DA8BF0D250D2EA8BF34
:10EC30000D26B8F10D0FA8BF4FF00D08B9F10D0F5B
:10EC40005B46A8BF4FF00D09BAF10D0FA8BF4FF0FA
:10EC50000D0A0D2BA8BF0D230293039BA3EB080302
:10EC6000023B00270393A36BBB4209D8A26B4FF66C
:10EC7000FF73BA4208BF1F4638460DB0BDE8F08F9B
:10EC8000216B3B0101EB0712CB58D1689B45D2E9C0
:10EC900001C0A8BFDDF808E0049AACBFA2EB0E0EDD
:10ECA000A2EB060E73440893059BE145ACBFA3EBB2
:10ECB000090EA3EB050EF444CDF824C0DDF80CC01A
:10ECC0008445D4BF424492191044009A0A90A2EBA2
:10ECD0000A02023A8A42D4BF53445B1919440B9189
:10ECE0000022019908A8FCF763FF0028BED1013774
:10ECF000B9E7F0B54FF6FF7399428BB004460D4665
:10ED000050D0836B8B424DD90A01016B01EB051387
:10ED10008A5802925A68039206A99A68DB6805939A
:10ED20000492F0F79CF8142200212046F1F735FAFE
:10ED3000064601902046FFF72AFF07462046D9F7EE
:10ED40000BF9DAF7FBF80A2390FBF3F2964233460D
:10ED5000B8BF1346069E97423846B8BF1046029A7F
:10ED6000F11A0A4407990292039A0F1A3A4403923D
:10ED7000049A33441A44059B0492084403440593BF
:10ED8000236C9D420AD1636B33F815305B0505D5C2
:10ED900002A8FDF723FA039B1B1A039302A920463E
:10EDA000F0F74FFA0BB0F0BD09B1E3F785BD70473E
:10EDB00010B5826B04465200406BFFF7CAF8E16A57
:10EDC0002046BDE81040FFF7EFBF38B5836B8B429C
:10EDD00004460D4603D84FF6FF7399420AD1216CC1
:10EDE0002046FFF786FF256429462046BDE83840C7
:10EDF000FFF77FBF38BD70B51546826B8A42044667
:10EE00000FD9466B36F8112022EA050226F81120A8
:10EE1000FFF76FFF6B0504D52046BDE87040EFF7A4
:10EE2000E7BD70BD70B505460E460024AB6BA3422E
:10EE300000D870BD214632462846FFF7DCFF01347A
:10EE4000F4E770B5836B8B4204460D4616461AD91B
:10EE500090F84430D90705D5F20503D54FF48071F9
:10EE6000FFF7E0FF626B32F81530334322F81530BC
:10EE700029462046FFF73DFF730504D52046BDE82F
:10EE80007040EFF7B5BD70BD70B505460E46002465
:10EE9000AB6BA34200D870BD214632462846FFF72F
:10EEA000D0FF0134F4E7006C7047836B8B4207D9C5
:10EEB000436B33F811309A430CBF01200020704798
:10EEC0000020704770B54FF480720446FFF7EDFFE5
:10EED0000D4606464FF480712046FFF7A3FF3EB172
:10EEE000294620464FF48072BDE87040FFF7A9BF65
:10EEF00070BD4B1E19D5013801F10B03012B1CD13C
:10EF0000820718D16421B0FBF1F201FB120242B971
:10EF10004FF4C873B0FBF3F203FB1200B0FA80F3B6
:10EF20005B0903F11C00C0B270470B2BC4BF01305A
:10EF3000A1F10D03E2E70023F3E7072293FBF2F2CE
:10EF4000C2EBC2029B1A03F0010048BF4042C0F16D
:10EF50001F00E8E7F8B50446FDF763FC05462046C8
:10EF6000FDF767FCC36C5B68B3F5A02F074640F064
:10EF70008180F2F7D5FE06463846F2F7EAFE0446EF
:10EF800096B3FB6C9F68062F4CDD4022394628461D
:10EF9000FFF78BFF00286ED016B1002386F82030D3
:10EFA00044BB4FF4004239462846FFF77EFF002855
:10EFB00045D0002E6AD0662386F820302846FFF719
:10EFC000B8F9C0F3072386F82100C0F3074086F89C
:10EFD000230086F822302846FFF765FFB8422ED17D
:10EFE000B22386F820302AE0002843D0FB6C9F68CB
:10EFF000062FCADC002384F828304FF4004239463B
:10F000002846FFF752FFD0B12846FFF792F9C0F328
:10F01000072384F82000C0F3074084F8213084F8E7
:10F020002200C6E7002386F820300028E2D14FF402
:10F03000004239462846FFF738FF0028BBD14FF47D
:10F04000804239462846FFF730FF98B194B1FF233C
:10F0500084F828302846FFF76CF9C0F3072384F8BA
:10F060002130636A84F820000133C0F3074084F83C
:10F0700022006362F8BD4FF4004239462846FFF78C
:10F0800014FF0028DBD0002C93D0BDE72846FFF703
:10F090000AFFD4E7022994BF01230023A0EB030356
:10F0A00003F1010000EB93004FF4C872B3FBF2F2DE
:10F0B00010444FF06402B3FBF2F3A0EB030094BFE3
:10F0C0000C2300231944C1EB41110C233E39B1FB41
:10F0D000F3F107230844B0FBF3F3C3EBC303C01AF7
:10F0E000C0B2704770B504464FF44041C06AFFF7A4
:10F0F00099FE94F93610A08EFFF7CCFFA36B05465E
:10F1000063BBD4E90C23534033F07F4328D194F9F7
:10F110003330E06AE9184FF48042BDE870400631B0
:10F12000FFF78FBEA26B32F8261002EB8603A28E89
:10F1300091420ED193F9021094F93620914208D1F0
:10F1400093F90310E06A29444FF400420631FFF7B7
:10F1500078FE0136E36BB342E4D8D2E70026F9E744
:10F1600070BD3430704770B5FDF75BFB0546F1F7B5
:10F17000DEFCFFF7F6FF002104462846F1F7DAFC33
:10F180000646E4F7DFFF437802786421303B303AEB
:10F190004B434FF47A7101FB023382780A21303AF3
:10F1A00001FB0233C2782188303A1344591A3046A1
:10F1B00000F08AFF01212846F1F7BCFC94F9021007
:10F1C000BDE87040013900F07FBF38B50546FDF756
:10F1D00028FB04462846FDF72EFB0546204600F096
:10F1E0008AFF04462846FFF7BCFF621C018852B222
:10F1F0002846BDE83840E4F7CBB8F8B50446FDF73B
:10F2000010FB05462046FDF716FB0446284600F095
:10F2100072FF07462046FFF7A4FF06462846E4F79C
:10F2200091FF41780278034630396420303A4143F7
:10F230004FF47A7000FB02119A78DB78303A0A209A
:10F2400000FB0211303B1944C91B96F902202046ED
:10F2500089B2BDE8F840E4F79BB807B50122F0F7A2
:10F260009CFF03B05DF804FB07B51522F0F795FF8E
:10F2700003B05DF804FB70B50D4601F12C062B6B55
:10F28000304653B9FDF770FD05F13806EB6B30469B
:10F29000E3B9BDE87040FDF767BDFDF719FD044611
:10F2A0000028ECD0037C5A0702D44068E0F744F908
:10F2B000237C9B0702D42068E0F73EF930462146C4
:10F2C000FDF7C6FC2046E0F737F9D8E7FDF700FD6B
:10F2D000044601463046FDF7BBFC2046E0F72CF91A
:10F2E000D4E710B50C4604F12C001421FDF748FCBE
:10F2F000182104F13800FDF743FC00226423C4E91F
:10F300001122C4E91333C4E91522C4E917336FF09D
:10F3100000420323C4E9192305210A23C4E91B136E
:10F3200094F8743023F01F0343F0010384F8743021
:10F3300010BD07B530220021F0F72FFF03B05DF8B4
:10F3400004FB07B512220021F0F727FF03B05DF898
:10F3500004FB2DE9F043036F8B4285B004460E4653
:10F3600068D9EFF7C4FD05462046D8F721F894F890
:10F37000743013F0180F074605D1204605B0BDE8DC
:10F38000F043EFF789BF03F00703012B55D1204667
:10F39000FFF7CFFF80462046FFF7D3FF63690344A2
:10F3A00003EB080048224FF4A021C71B2046F0F7CA
:10F3B000F4FE4FF40031804600902046FFF74DFFE9
:10F3C000A369226A00EB08015B1A11440391216FC3
:10F3D000019301398E42814613D205FB06F3B3FB3C
:10F3E000F1F22B44A2EB0802B3FBF1F34344121AEF
:10F3F00003443A443B446946204600920293EFF7A7
:10F4000020FFBEB1226F731E013A6B43B3FBF2F3D0
:10F41000A3EB0803A3EB09033B44009305FB06F3AE
:10F42000B3FBF2F343444B443B440293694620460A
:10F43000EFF707FF05B0BDE8F083022B9DD1002157
:10F440002046FFF711FF804605442046236FB5FB99
:10F45000F3F5FFF76EFF636905FB06F9C618204652
:10F46000FFF76FFF06444E4469462046EFF7F7FC6E
:10F47000F31B1D44A3EB080302950093D6E707B5E1
:10F4800010220021F0F789FE03B05DF804FB2DE99E
:10F49000F04FCBB000F1140801F118050EAE044690
:10F4A0008A462A4641463046FCF746FB002800F0D3
:10F4B0009E8095E80F0012AF87E80F00DAF8203041
:10F4C0000B900A9396E80F0085E80F00236F012B3D
:10F4D00040F28D802046FFF72CFF07462046FFF7BD
:10F4E00030FF06462046FFF7CAFF83462046EFF767
:10F4F000FEFC04902046EFF70AFD63690290204667
:10F500000193D7F755FFA369039381462046F0F78F
:10F51000D4F82A460690414616A8FCF70DFB0028B1
:10F5200065D01EA8F2F763FB1EAA4FF4A021204667
:10F53000EFF73BF92EA8DAF761FF2EAA4FF400315E
:10F540002046EEF7ABFE4FF400312046FFF785FE74
:10F5500000EBD070451002224FF400312046F0F746
:10F560001CFE1A9000EBD07043100093009A2A9B67
:10F57000AA4203EBD371A8BF2A46B2EB610FC2BF08
:10F580009DF8B52042F020028DF8B520012B08BF70
:10F590009DF8B530039A04BF43F020038DF8B530D1
:10F5A000019B3E441E44A6EB090305930BEB0703A6
:10F5B0001344069A9B1A0893236F079304F12C03B4
:10F5C00018460993FDF791FB01382090309004F123
:10F5D0002C00FDF780FB0A9B2B44013306460D935C
:10F5E00046B912AB0FCB0AF1180484E80F004BB0F8
:10F5F000BDE8F08F337C13F001030BD0209B013B5F
:10F600002093309B013B309331460998FDF76AFB0C
:10F610000646E5E7B268ADF8A420120C8DF8A620E6
:10F62000B27A31898DF8DB2094F87420ADF8D910C6
:10F630002193319312F0180F059A08BFF3682592B1
:10F640002792327C71680A93C2F3001204EB8202A3
:10F6500051F82370506C0299D26C3F1A121A4F4322
:10F6600097FBF2F7089ACF1B1744002206929146A7
:10F670000B9A2897521BBB460C92226F4A4521D801
:10F6800007990498814226DA4A4524D1726852F8D3
:10F6900023206FF000439A421DD0279B5A1B2B4416
:10F6A0001A921C93009A289B9A1A1B92009A134450
:10F6B0001D931AAA09F1FF332EA950463193F2F790
:10F6C0004EFB08E027980D99DDF8A0C025908842F0
:10F6D000CDF898C006DD309B013B3093209B013B69
:10F6E000209391E7DDF818E0511EBEFBF1F1DDF843
:10F6F00014E07144279101910A9901EB090EBEFBB8
:10F70000F2F802FB18E296F810E00392CEF3001E26
:10F710007268039904EB8E0E52F82120DEF84480C3
:10F720000299DEF84CE0A2EB08024A43AEEB080E69
:10F7300092FBFEF8089AA1EB080890440C9A0199F4
:10F74000CDF8A080013A91422FDBB9F1000F2CD007
:10F750000799DDF810E071454FEA83022DDB7268EE
:10F7600052F823C06FF000439C451ED0039952F815
:10F7700021209A4219D04745019BB8BF4746C3454F
:10F78000A8BFC346984210D0591E5F45CDE9251B3E
:10F7900008BF0137279150461EA92897F2F741FA72
:10F7A000279B013327934746C346069B049A13447D
:10F7B000069309F10109039B5FE7411B1A91009928
:10F7C000ACEB01011B910099284461441C901D91F0
:10F7D000716851F823006FF0004398420CD00398F1
:10F7E00051F82010994207D01EA950460192CDF839
:10F7F0008490F2F716FA019A002DD6D0009B002BC8
:10F80000D3D073689A586FF000439A42CDD009F173
:10F81000FF331AAA2EA950463193F2F7A0FAC4E793
:10F820002DE9F04F1E46036F934287B00546884688
:10F83000174605D800203060706007B0BDE8F08F33
:10F84000EFF755FB04462846EFF761FB95F8743057
:10F85000029003F00703012B4AD12B6F012B44D9EF
:10F860007C43013BB4FBF3F434602846FFF761FDB1
:10F8700004462846FFF765FD33682044034433609F
:10F880002846D7F795FD33681B1A336095F8743016
:10F8900098F8102013F0180F0CBFD8F80C30002384
:10F8A0001F442B6FB7FBF3F0C2F3001203FB10777A
:10F8B00005EB8202D8F80430516C53F827300298D7
:10F8C000D26C5B1A521A434393FBF2F3C31A736070
:10F8D0002846FFF7D4FD7368044423447360284628
:10F8E000EFF7EBFE7368181AA6E700233360BCE756
:10F8F000032B11D198F81010D8F800000094C1F330
:10F90000C00105EB810150F82700CA6D496D002345
:10F91000FDF726FB3060A8E7022BA6D105F12C0BE2
:10F920005846FDF7E2F94FF4A02181462846FFF73B
:10F930009BFC002104902846FFF796FC2B6F039058
:10F94000591E012B01FB1042B2FBF3FA85BFA4EB59
:10F950000A037B430023B3FBF1F358463360FDF702
:10F96000B7F900230146B1B9039A296F1444049AE8
:10F970007C43B4FBF1F409F1FF3103FB0AF302FB12
:10F9800011A2B3FBF9F3B2FBF9F2234402EBD272FA
:10F9900003EB6203AAE78845E6D001335846059396
:10F9A000FDF79CF9059B0146DDE72DE9F04F00F1DD
:10F9B0003803E7B0054618468A460093FDF7C8F9B4
:10F9C000002849D10AF1180602AC05F114023146AB
:10F9D0002046FCF7B1F800283ED096E80F0006AFAD
:10F9E00087E80F0094E80F0086E80F000EA8F2F7F2
:10F9F000FEF80EAA4FF4C0212846EEF7D6FE2EA838
:10FA0000DAF7FCFC2EAA4FF4C0212846EEF746FC9C
:10FA10004FF4C0212846FFF720FC00EBD0704FEADE
:10FA200060084FF4C0212846FFF717FC00EBD070A8
:10FA30004FEA60090098FDF74EF9B9F1000318BFCD
:10FA40000123B8F1000F08BF00230446019334B925
:10FA500006AB0FCB86E80F0067B0BDE8F08F402201
:10FA60000EA91EA8FEF775FA70222EA94AA8FEF765
:10FA700070FAE368ADF8A4301B0C8DF8A630A37BB8
:10FA8000A289ADF849218DF84B31637DDF075CD544
:10FA9000D4E900376A69A96902EB030B0F44ABEBA9
:10FAA00008010A9108EB0B010C91A7EB09010B91DE
:10FAB00009EB07010D91217D88071AD011F0010F84
:10FAC00008BF5A46CDE92527227D91074CBFEA6938
:10FAD0005A46CDE927271EA90022504621924D9271
:10FAE000F2F79FF8019B23B10AAA4AA95046F2F700
:10FAF00036F9227D12F00C0F1BD0CDF894B0227D88
:10FB000052074CBFAA693A46CDE9262B237D1B0735
:10FB100048BF2F6A289701231EA9504621934D9371
:10FB2000F2F77FF8019B23B10AAA4AA95046F2F7DF
:10FB300016F9109B01331093309B0133309321460B
:10FB40000098FDF7CFF8044681E7A2686FF0004304
:10FB50009A42F4D00AAB21692846FFF761FEDDE93D
:10FB60000A3797E738B591F8303013F001050C46A5
:10FB700003D1C86ADFF7E0FCE56238BD2DE9F04F3C
:10FB8000CBB00546FCF74DFE04462846EEF77FFF56
:10FB90005A22002104902046F0F7FFFA05902E909B
:10FBA000FBF714FA2722002180462046F0F7F5FAE9
:10FBB00030222E90C7B200212046F0F7EEFA102234
:10FBC00005462E9000212046F0F7E7FA012F2E90EF
:10FBD00000EB050B40F0B380132200212046F0F724
:10FBE000DCFA05462E90152200212046F0F7D5FAC2
:10FBF00012222E904FF4003106462046F0F7CDFA3F
:10FC000013222E904FF4003182462046F0F7C5FAB9
:10FC100010222E904FF4003181462046F0F7BDFAB5
:10FC2000112206902E904FF400312046F0F7B5FADD
:10FC300068222E9009904FF400312046F0F7ADFA7B
:10FC400069224FF4003107902E902046F0F7A5FA74
:10FC500008902E902EA8DAF7D1FB2EAA4FF400318F
:10FC60002046EEF71BFB012F099B70D1E269521B66
:10FC70000E92A2EB0802A2EB0A02A2EB09020132E9
:10FC80000C92A1690698594401EB080202440C98B1
:10FC90000D911A44CDE910010E99013ACDE91212E5
:10FCA0000F9210A8DDE90712FBF72CFF049810AAA9
:10FCB0002EA9F2F754F85C2200212046F0F76DFAE5
:10FCC0005B228146189000212046F0F766FA002555
:10FCD0006FF06042CDE901251890CDF80090034601
:10FCE000059AE16A0AA8FDF70BFF18A8D9F7E4FF07
:10FCF00018AA29462046EEF796FCE36A1F930CA843
:10FD0000FCF76CFAA0EB080000EBD070012F0A9A08
:10FD10004FEA600024D10C9B9B1B16939B1A1493F3
:10FD2000A3690B9A5B44034415930498134418A9E0
:10FD300014AA1793F1F730FF4BB0BDE8F08F1222F1
:10FD400000212046F0F729FA2E9005444BE762691E
:10FD500015440C95454455444D44013D0E9590E79E
:10FD60000E9B1E44324414961692D9E7CB6A0022A9
:10FD7000DA627047C06A10B10021F0F7DBBE70474D
:10FD8000F7B504460F46FFF7F5FF064618B3EFF741
:10FD9000ABF805462046EFF7BAF885421BDD5A223C
:10FDA00000213046F0F7F9F90190FBF70FF95C22DA
:10FDB000054600213046F0F7F0F9216C019005442A
:10FDC0003A46E06A6943D7F765FCE06A03B0BDE8EC
:10FDD000F040EFF761BA03B0F0BD10B50C46204615
:10FDE0004FF48061EDF705FF20460421EDF701FF98
:10FDF00020464FF40031EEF746F920460121EEF798
:10FE000042F92046BDE81040E4F706BFC86A38B59D
:10FE10000C4618B1F0F7EDFE0023E36294F84C3085
:10FE200013F0100503D1A06BDFF786FBA56338BD87
:10FE30002DE9F04714464FF6FF729442A2B00646F1
:10FE40000F4661D0C56AB5F8288098451FBF2B853D
:10FE500095F82A3043F0080385F82A300CA8D9F722
:10FE60002BFF0CAA4FF480212846EEF7DCFB5C2226
:10FE70004FF480212846F0F790F908901B90304607
:10FE8000FFF778FF064600283ED01598FBF79EF84E
:10FE90001B99B3690A1804FB023201EBD173A2EB80
:10FEA0006302019202440A446B690093013A07F12C
:10FEB00018040DF1100AEB69039221466A46504678
:10FEC0000293FBF739FEB8B194E80F000DF1200959
:10FED00089E80F009AE80F0084E80F00304600F030
:10FEE000C8FE06F1140213900CA93846F1F754FE2F
:10FEF00099E80F0084E80F0095F82A30A5F82880CB
:10FF00006FF3C30385F82A3022B0BDE8F0872DE9EE
:10FF1000F04792464FF6FF729245A0B005460E4656
:10FF200049D0C46A278D9F421FBF238594F82A3089
:10FF300043F0080384F82A305A224FF480212046E7
:10FF4000F0F72BF94FF480215C2281460490204683
:10FF5000F0F723F9804604904846FBF737F88146CE
:10FF60002846FFF707FF826909EB08030AFB032213
:10FF700008EBD873A2EB630201924A44EB6A424455
:10FF8000013A039204A85A69DB6902930092DAF7F6
:10FF900035FA04AA4FF480212046EEF77FF96A462D
:10FFA00004A93046F1F7DBFE94F82A3027856FF379
:10FFB000C30384F82A3020B0BDE8F087F7B50646C1
:10FFC0000D46FFF7D7FE0446C8B183695A220021C7
:10FFD000ED1AF0F7E2F80190FAF7F8FF5C22074615
:10FFE00000212046F0F7D9F800EBD07305EB63054C
:10FFF000F36B074495FBF7F0834200D8581E03B01B
:020000040003F7
:10000000F0BDF8B500230D460446C3630139E26B29
:1000100011F8013F01323BBBC4E90F23636428465A
:10002000FEF7D5F8471CA06B38B194F84C3013F0AC
:10003000100602D1DFF780FAA6633846DFF762FACE
:10004000A063A8B12946FEF7D9F894F84C306FF3B5
:100050000413204684F84C30EFF71EF9E06A38B1FB
:10006000BDE8F840EFF718B90A2B08BFE263CEE706
:10007000F8BD38B500230D460446C3630139E26B71
:1000800011F8013F0132D3B9C4E90F23636494F836
:100090004C30DB0603D4A06B08B1DFF74DFA94F8BF
:1000A0004C30A56343F01003204684F84C30EFF742
:1000B000F3F8E06A38B1BDE83840EFF7EDB80A2B45
:1000C00008BFE263DBE738BD10B5036C8B42044622
:1000D00010D0C36B8B4298BF03F1FF31C36AC0E9F4
:1000E000101113B10021FFF74BFE2046BDE8104070
:1000F000EFF7D2B810BD006C7047F8B50446806BBE
:100100000D46164660B1FEF762F80023194681429B
:1001100002D0626C9A4205D1002306F1FF3C0AE04E
:100120000870F8BDA26B525C0A2A08BF0133013186
:10013000EDE7EA540133CA18824207D2A76BBA5CD2
:100140000A2A03D0002EF4D09C45F2D80022EA54AB
:10015000E7E72DE9F04FDFB00546FCF762FB044608
:100160002846EEF794FC3022002183462046F0F723
:1001700014F8122205463E9000212046F0F70DF8B3
:100180001322431900213E9020460593F0F705F80D
:100190003E9000EB05090DA8D9F78EFD0DAA4FF48E
:1001A00000312046EEF73FFA276B2FB980223EA997
:1001B0002046FFF7A2FF3EAF27220021204694F8F9
:1001C0004C60EFF7EAFFC5B2012D239004D006F092
:1001D0000F06731E5D425D41606B002833D0F1F75E
:1001E0001AFB022880466BD19DF8833002936FF092
:1001F000604301931C9B0093169A1D9B616B23A87F
:10020000FDF77EFCDDE923A6A3690A933344013B95
:1002100020460C9350F8143F09935344013B0B9331
:10022000002D5BD000230093059B072209A9FBF753
:100230002FFEB8F1020F56D1636B149309AA0DA9D2
:100240005846F1F7A9FC23A8D9F736FD23AA0021C7
:100250002046EEF7E8F99DF8DB3002936FF060433B
:100260000193329B2C9A009307A8339B3946FDF7E4
:1002700047FC6369079A09931344013B0B93A369F5
:10028000089A0A931344013B0C93636B04F1140026
:10029000002B4BD10093092209A9FBF7F9FD2A97FE
:1002A000236B2BB99DF8DC3043F040038DF8DC3034
:1002B00009AA23A95846F1F76FFC5FB0BDE8F08F9B
:1002C000606B23A9F1F7A2FF012813BF4FF0FF369F
:1002D000BDF890A0BDF89260B24695E70095C9F1CF
:1002E00000030822A2E723A8D9F758FC06EBD6762C
:1002F00023AA20464FF400310AEBDA7AEEF7F8F938
:1003000072104FEA6A0133A8FBF777FF6E224FF4B1
:1003100000312046EFF741FF07902E90636B2A9340
:1003200009AA23A95846F1F741FB8CE72DB1002318
:1003300000930822C9F10003AEE7059B0095072250
:10034000AAE72DE9FF4104460121EDF792FC204682
:10035000E56AF0F7E4FB01462846F0F77FFCE06A27
:100360004FF0FF31F0F7EBFCE06A0121EDF741FCC3
:10037000002226212046D6F7FFF82046FFF7FAFC98
:10038000A16B064600F0D4FC6FF04041E06AEEF746
:10039000FDFC3046D6F792FDE06AEEF7A2FD054679
:1003A0002046EEF79EFD854210DC94F84C204FF479
:1003B000887302F00F02D340DB0707D52046E56AB9
:1003C000EEF78FFD01462846EEF7E0FC3046EEF7EB
:1003D0008BFD302205460021E06AEFF7DEFE102299
:1003E000804603900021E06AEFF7D7FE112200EB70
:1003F000080703900021E06AEFF7CFFE3D4400EBD1
:1004000008031D4494F84C30039003F00F07082FA5
:1004100068D1236A05EB0308D8F760FDD8F77EFDA5
:10042000804565DDD4F81880D8F758FDD8F776FDFB
:10043000236AC01A80454DDDA3690427013BAB4206
:10044000A8BF2B461946E06AEEF7B7FC002120460C
:10045000FFF796FC082F5FD100230093E06A0D227E
:100460002146D6F749FDE06AD6F728FD94F84C30CE
:1004700003F00F03013B012B19D8E06AEEF70BFDE7
:100480000746E06AEEF71AFD0546D8F727FDD8F7CC
:1004900045FDA8420BDCD4F82C80D8F71FFDD8F717
:1004A0003DFD2D1A791B01394046EEF74DFCA26B3C
:1004B00000213046EFF7C5FF0023022801461A4607
:1004C00002D0032818BF0121304604B0BDE8F04136
:1004D000EEF7B7BCD8F702FDD8F720FD236AC31AA0
:1004E000013BACE7042F03D1D4F81880A84501DB09
:1004F0002B46A4E7D8F7F2FCD8F710FD236AC01A00
:10050000804507DAD8F7EAFCD8F708FD236A082700
:10051000C31A94E7A36992E7042FE06A04D1002389
:1005200000930A2221469CE7012F03D10023009368
:100530001022F7E7022F96D1002300931322F1E750
:1005400010B501210446EDF79EFB4FF6FF73E06AFC
:10055000A3640121EDF797FD20460022BDE810407D
:100560002721D6F709B808B50121C06AEDF799FB34
:1005700080F00100C0B208BD37B50446DCF7E2F8F0
:100580000546FAF762FD50BB2046FFF7ECFF00B3CB
:100590002046FFF7D5FFD4E910329A420BD06364AE
:1005A00001AA232120460193D5F7E6FF01281ED199
:1005B0002046EEF771FE2846FAF720FD042816D1F2
:1005C0002046EDF77CFB002103B0BDE83040EDF79D
:1005D00024B8204603B0BDE83040FFF7B2BE636CDC
:1005E0002364204603B0BDE83040EEF755BE03B0AB
:1005F00030BD91F8583003F00303013B012B10B5D7
:100600000C460AD8C86ADEF797FF0023E36294F825
:10061000583043F0030384F8583010BD38B5044611
:100620000D46C16B006DFBF7F7FD2860216C606D16
:10063000FBF7F2FD686038BD2DE9F04304468BB04E
:1006400090468946D6F73AFC2046EEF74AFC054626
:100650002046EEF749FC04AF064639462046FFF730
:10066000DDFF0297B4F84C300193B4F848300093A2
:10067000636C3246294606A8F1F7DAF86269069BF0
:10068000511E0B440693A3690799581E0144079114
:10069000089901321144099A089101331A4406A9B4
:1006A00020460992EEF7CDFDC4E912982046D7F70F
:1006B00053FC00218046D8F7C1FC2046EEF798F99C
:1006C00040460121D8F7BAFC0297B4F84C300193A8
:1006D000B4F848300093636C3246294606A8F1F717
:1006E000A7F86269069B511E0B440693A3690799FC
:1006F000581E01440791089901321144099A089142
:1007000001331A4406A920460992EEF79AFD0BB070
:10071000BDE8F0832DE9F04190F8593003F00F0364
:100720000A2B8AB004460D466DD8B5F5616F64DAC0
:10073000002D65DB636CAB425CD02046D6F7BEFB78
:100740002046EEF7CEFB06462046EEF7CDFB04AF83
:10075000804639462046FFF761FF0297B4F84C30D7
:100760000193B4F848300093636C4246314606A8C2
:10077000F1F75EF86169069BA2690B440693079B3B
:1007800013440793089B0B440893099B06A9134441
:1007900020460993EEF755FD65642046D7F7DCFB4C
:1007A00000210546D8F74AFC2046EEF721F9012141
:1007B0002846D8F743FC0297B4F84C300193B4F8BC
:1007C00048300093636C4246314606A8F1F730F892
:1007D0006169069BA2690B440693079B1344079328
:1007E000089B0B440893099B06A9134420460993D0
:1007F000EEF727FD0AB0BDE8F081A5F5616594E745
:1008000005F5616594E7002594E72DE9F04190F83E
:10081000593003F00F030A2B1546036D88BF0025DE
:100820000E4688BF2E46B3428AB0044602D1436DBD
:10083000AB4266D02046D6F741FB2046EEF751FB8F
:1008400007462046EEF750FB04A980462046FFF7F6
:10085000E5FE04AB0293B4F84C300193B4F8483091
:100860000093636C4246394606A8F0F7E1FF6169E0
:10087000069BA2690B440693079B13440793089BAE
:100880000B440893099B06A9134420460993EEF7ED
:10089000D8FC2A46314604F15000FBF7AEFC204656
:1008A000D7F75AFB00210546D8F7C8FB2046EEF7DC
:1008B0009FF801212846D8F7C1FB04A92046FFF77D
:1008C000ADFE04AB0293B4F84C300193B4F8483059
:1008D0000093636C4246394606A8F0F7A9FF6169A8
:1008E000069BA2690B440693079B13440793089B3E
:1008F0000B440893099B06A9134420460993EEF77D
:10090000A0FC0AB0BDE8F08138B590F8593003F08A
:100910000F030B2B04461FD10021FFF7FBFE002223
:1009200011462046FFF771FFE36B1BB3236C0BB33B
:100930002046EEF7D6FA05022046E36B95FBF3F569
:10094000EEF7D2FA2946226C000290FBF2F2204622
:10095000BDE83840FFF770BE0C2B0BD10021FFF72C
:10096000D9FE002211462046FFF74FFF4FF4807258
:100970001146ECE738BD2DE9F0410E468AB0044639
:10098000EEF78AFC3046F0F746FF0328054614D1FF
:1009900094F8583003F00303013B012B02D8E06ABE
:1009A000DEF7CAFD0023E36294F8583043F00303F6
:1009B00084F858300AB0BDE8F08107A93046F1F755
:1009C00025FC0128F6D1B5BB94F8583003F0030399
:1009D000013B012B02D8E06ADEF7AEFDE662BDF80E
:1009E00020309DF81D00E363BDF8223023648000B1
:1009F00094F8583000F07C0005F0030523F07F03E5
:100A00002843184384F858002046EEF7B3FA2046EE
:100A1000FFF77AFF636C3BB9A36CB3F5807F03D11A
:100A2000E36CB3F5807F02D02046EDF7E1FF20466E
:100A3000EEF732FCBEE76B1EDBB2012BCFD8E76AC4
:100A4000B7420CD094F8583003F00303013B012B5C
:100A500030462DD9FDF7E5FB0028ABD0E062022D32
:100A6000BDD15A2200212046EFF797FB5B220746B3
:100A7000059000212046EFF790FB5C228046059010
:100A800000212046EFF789FB6FF060430022CDE99B
:100A900001320590009043463A46314605A8FDF7DD
:100AA0002FF8059BADF82030069BADF8223096E775
:100AB000FDF7B7FB00283FF47DAFE062002FCED0FA
:100AC0003846DEF739FDCAE78165EEF7E5BB4165DB
:100AD000EEF7E2BB91F85C30DB0610B50C4602D4B1
:100AE000C86ADEF729FD0023E36210BDF7B50C46A6
:100AF000022C0546194610460A9E9DF82C70DDE929
:100B0000082312D10097FDF757F804463046FBF74B
:100B100060FB04EBD4742B6800EBD0706410C4EB62
:100B2000600423442B6003B0F0BD032CFBD100977D
:100B3000FDF742F804463046FBF74BFB2B68001BE1
:100B40000344EFE7022A02D0032A0ED07047436B1A
:100B5000002BDCBF4B6B43634B6C43640B6C036437
:100B60000B6903618B6B83637047436B002BDCBFA6
:100B70004B6B43634B6C43640B6C03640B69036105
:100B80007047436B013330B500D130BD00F12F0405
:100B9000002314F8011F31B1C26A456B1A440133B6
:100BA000042B5155F5D14FF0FF334363EDE74B1C58
:100BB00070B505460C4614D0C16A04222144303079
:100BC000FDF707FB2E266C630023E96A1A19885C7F
:100BD00018B10133032B8E54F7D1EA6A1344002273
:100BE0001A5570BD07B55C220021EFF7D6FA03B0A5
:100BF0005DF804FB07B55B220021EFF7CEFA03B0E6
:100C00005DF804FB07B55A220021EFF7C6FA03B0DE
:100C10005DF804FB37B590F85C30C3F340145A0616
:100C20004FEAC4044FF001024FF0000148BF44F006
:100C300001040546EFF7B1FA6FF040439842019086
:100C40000ED1052200212846EFF7A7FA6FF0604386
:100C5000984205D195F82B301B0758BF44F0020489
:100C6000204603B030BD4164EEF716BB8164EEF759
:100C700013BBC06A7047F8B504460D4601B9C56A92
:100C80002046FFF77EFF2846FDF7A1FA461CE06AE2
:100C9000A8420AD194F85C30DB060FD431462846CE
:100CA000DEF754FCE062C0B9F8BD38B194F85C30AE
:100CB00013F0100702D1DEF73FFCE7623046DEF7A3
:100CC00021FCE0620028EFD02946FDF797FA94F85E
:100CD0005C306FF3041384F85C302046BDE8F840C4
:100CE000E4F72EB90EB477B5079E0446EEF7D4FAB2
:100CF0003EB92046E4F724F903B0BDE8704003B0E4
:100D00007047E06A38B194F85C3013F0100502D1F6
:100D1000DEF712FCE56208A930460191FCF79BFE64
:100D200094F85C30E0626FF3041384F85C30E0E721
:100D300070B590F85C3013F0100604460D4604D1EF
:100D4000C06A10B1DEF7F8FBE66235B194F85C30AA
:100D5000E56243F0100384F85C302046BDE8704043
:100D6000E4F7EEB82DE9F04F044693B08B460EA998
:100D7000EEF7DDF8E36A04930EA8FBF72AFA079072
:100D80000EA8FBF72BFA08902046FFF73BFF8246A0
:100D90002046FFF727FF07462046FFF72BFF814637
:100DA0005046FAF713F980462046FFF733FF07EB6A
:100DB0000803054609930027049B3B440593049BC5
:100DC000DB5D002B38D13E46E26A00212046EFF77A
:100DD00038FB022856D14B465246F11B0598009528
:100DE000FCF7EAFE04460EA8FBF7F3F904EBD47413
:100DF00000EBD0706410C4EB60040023CDE90B73EA
:100E00008DF82B300D93002E72D1B046DDE90C1217
:100E10005046FAF7A8F8DBF80020A8EB09039A423D
:100E20006BDB00EB0903013343449A42CCBF002043
:100E3000012013B0BDE8F08F099B43440693069A46
:100E4000089B934208DA94F85C3003F00F03012BFF
:100E500004BF45F00405EDB200230193079B009306
:100E6000059802954B4652464FF0FF31DDF7AEFE36
:100E7000DBF80430434507EB0006A5DDDDF81880FC
:100E8000374699E703280CD14B465246F11B05988B
:100E90000095FCF791FE04460EA8FBF79AF9041B97
:100EA000ABE70024A9E70B9B049A0DF12B00D15C62
:100EB000FCF776FD50B10B9B9E42A7D304980BAB79
:100EC0000DAA0CA9FCF7DFFD002DECD1DDE90C1219
:100ED0005046FAF748F8DBF800302044834202DA43
:100EE0000B97A04692E7A0460B9F09EB0004E2E7B0
:100EF0009846013E05F00805DDE7002099E7406CC3
:100F00007047806C704790F85C00C0F340107047E9
:100F100010B508460C46FDF70CFAC0F3072384F819
:100F20002C0084F82D30C0F30740FF2384F82E00F6
:100F300084F82F3010BD00F0C043B3F1005F17D12B
:100F400020F0C0436FF06042934211D0B3F1805F54
:100F5000A2BFC3F17F6303F57F2303F6FF734B4307
:100F6000642093FBF0F08842A8BF084620EAE070B6
:100F700070470023C1E90B3391F8343023F00303A9
:100F8000084681F834300221ECF733BE10B590F8F2
:100F900034306FF341030446C0E90B1280F834305B
:100FA000EDF7E8FF2046BDE81040EEF775B901F116
:100FB0005C00FBF7D9BE10B50C4620460121FAF7BC
:100FC00009F920460221BDE81040ECF712BE10B529
:100FD0000C4620460021FAF7FDF8022320460021A6
:100FE0001A46FAF703F920460221BDE81040ECF753
:100FF00000BE10B5FBF71FFC436B04464BB1006C01
:1010000038B1D96A99B1FFF736FE206C0121ECF7AF
:10101000F0FDA36CA3B1606D90B1D96A59B1FFF72F
:101020002AFE606D0121BDE81040ECF7E2BD012110
:10103000EDF729F8EDE7BDE810400121EDF723B801
:1010400010BD91F8303010B50C461BB9C86A08B114
:10105000DEF772FA0023E36284F8303010BD10B579
:1010600008460C46EFF763FDC16A2046EFF7F6FD30
:1010700020460121FAF7AEF80223204600211A4645
:10108000FAF7B4F820464FF48041BDE81040ECF781
:10109000FABF10B50446806B78B3636B6BB394F8FA
:1010A0006A10C1F34201012906D002291ED051B9AC
:1010B000EFF745FE012103E00021EFF740FE00219C
:1010C000606BFAF7ABF8A06BD5F734FC606BD5F723
:1010D00031FCA06BD5F7F2FEA06BEDF718FF0121F4
:1010E00030B9A06BBDE81040ECF7CDBF0121DFE7C0
:1010F000A06BBDE81040ECF77CBD10BD036D8B42CA
:1011000009D0C36B8B4208D190F8690001288CBFCD
:10111000002001207047012070470020704710B563
:1011200004465C30FBF720FE002384F8683010BDD5
:1011300038B50446406B0D4610B1E16AEFF78EFDFD
:10114000002D3DD004F15C00FBF722FD056094F812
:101150006830216B013384F868302846EFF77EFD54
:10116000A06D656320B1A36C01216BB3ECF781FD29
:10117000A36C9BB394F86A30D9070AD5DA06206DC0
:101180004FF0010123D5ECF734FD206D0221ECF77F
:101190007AFF94F86830E06B012B4FF0010128D9F9
:1011A000ECF727FDE06B0221ECF76DFF20460022F3
:1011B0002321D5F7E1F92046BDE83840FFF769BFA4
:1011C0002046FFF7ACFFCBE7ECF75DFDD0E7ECF78F
:1011D0005AFF206D0221ECF70CFDDAE794F8683035
:1011E000E06B012B4FF00101DAD894F86A30DB068E
:1011F000D6D4ECF748FFE06B0221ECF7FAFCD5E718
:10120000F8B50446FBF711FB0A2840D12046FBF74E
:1012100008FB05462046FBF70EFBC36B9D420446C8
:1012200002D0036D9D4232D194F8683084F8693061
:1012300029462046FFF762FF48BB04F15C073846A9
:10124000FBF746FD014606463846FBF747FD0546D7
:10125000E8B131463846FBF7FBFC3046DEF76CF967
:1012600094F86830013B84F8683029463846FBF72B
:10127000EFFC94F86830013B84F868302046296818
:10128000FFF756FF2846BDE8F840DEF755B9F8BD30
:10129000EDF75ABD07B55A22EEF77FFF03B05DF8B0
:1012A00004FB0021EFF746BC07B55C220021EEF7F6
:1012B00074FF03B05DF804FBF0B50E4685B0002165
:1012C0000546FFF7E7FF4FF4802104462846FFF765
:1012D000E1FF07462046F9F779FE04463846F9F75C
:1012E00075FE07462846FFF7DFFFE31903EBD373CC
:1012F00000EB63072846AC69EDF7F6FD00EBD07014
:1013000004EB600307EBD772A3EB620373603B440B
:10131000F36069462846EDF7A2FD009B3360029B0F
:10132000B36005B0F0BDF8B590F83C3003F00303AE
:10133000012B044634D1826B036BC16AB1FBF2F11D
:1013400052084A43B3FBF1F501FB15331344036321
:10135000B3FBF1F501FB1533134443630021FFF7A1
:1013600099FF05462046FFF79FFF06462846F9F7F6
:101370002DFE07462046EDF7CAFD05462046FFF73D
:1013800090FF07EBD773216B05EBD5755B10C3EBB3
:1013900065033E4401FB1631BDE8F840EDF7D4BCCF
:1013A000F8BD08B50068EFF7C2FBBDE80840FFF7DD
:1013B000BABF2DE9F04FB5B00546FBF736FA064641
:1013C0002846FBF72EFA1D2E044618D12846EDF7C5
:1013D0005EFB14A905462046FFF76EFF18A8D9F753
:1013E0000DF818AA4FF480212046ECF757FF14AAF5
:1013F00018A92846F0F7B3FC35B0BDE8F08F202ED1
:10140000FAD12846EDF743FB814618A8D8F754FCDB
:1014100018AA4FF480212046EDF705F909F11805C7
:1014200008A920460DF13008FFF746FF08AA294613
:101430004046FAF781FB0028DED02046FFF731FF57
:101440000746FFF760FD28B19DF8AF3043F0080371
:101450008DF8AF303846FFF70CFC05902046DDE9EB
:10146000276BDDF884A0EDF73CFD01225B46CDE95A
:10147000010205990096524606A8FCF741FB20465A
:10148000EDF732FD002106462046FFF703FFC36853
:10149000BA6903EBD37302EB6302A36906EBD6765A
:1014A000834603EB660338464FEA660AD61AEDF721
:1014B0001BFDDBF80C30A269C01A219B9244DB684B
:1014C000079A0028C8BFB603A2EB0302C8BF96FB69
:1014D000F0F6724303EBD3730AEBA23600213022FD
:1014E0002046A6EB6306EEF758FE122283461490C0
:1014F00000212046EEF751FE13228246149000216F
:101500002046EEF74AFE149063699A440AEB0B03F7
:10151000CDE91036E369181A079B334413939DF8FD
:10152000AF3043F001038DF8AF30A0EB0B00129009
:1015300095E80F0014AC84E80F0098E80F0085E8E8
:101540000F003846FFF795FB10AA1F9018A94846D0
:10155000F0F722FB94E80F0085E80F004CE72DE937
:10156000F0434FF4807985B004460E464D4600277F
:10157000CCB9002D08BF012502ABB9F1000F08BF9F
:101580004FF0010900934FF48032019492FBF9F37C
:101590007942304692FBF5F2CDE90244FAF70BFEB0
:1015A00005B0BDE8F0836E2200212046EEF7F5FD80
:1015B000029038446C22002107B22046EEF7EDFD80
:1015C0006D228046029000212046EEF7E6FDB8F13C
:1015D000010FB8BF4FF0010801280290B8BF0120E9
:1015E00009FB00F04FEA20292046EFF7A0FA05FB9F
:1015F00008F84FEA28250446BAE770B586B00546D4
:10160000FFF74FFE0446E8B14FF480212846FFF76C
:1016100041FE5B224FF4802106462846EEF7BDFDD1
:10162000054604902046FFF724FB00236FF060423C
:10163000CDE901230146009304A82B463246FCF76E
:101640005FFA049806B070BD2DE9F74F04460E46C8
:101650001546FFF726FE0023C4E90C330746E36274
:10166000721EE36A12F8018F0133B8F1000F13D133
:10167000E36294F83C30A5B965F3010384F83C308B
:1016800031463846FFF7F7FA236B6363384603B0F9
:10169000BDE8F04FEDF7ACB9B8F10A0F08BFE3624F
:1016A000DFE7012262F3010384F83C304146204623
:1016B000FFF7F0FDD4F82C90F9F788FC5B22414647
:1016C00005462046EEF769FD054409FB05F54FF494
:1016D0007A7393FBF5F30F2BA8BF0F23032BB8BF2F
:1016E0000323DA0758BF0133A3633046FCF76FFDCD
:1016F000A56B00FB0555012D38BF012500F101093F
:101700002846DDF7FFFE4FF0000A8046A26B5245E7
:1017100000EB090B15D84544002305F8013C414670
:101720003846FFF7A8FA4046DDF706FFA36BE16AEB
:101730005A084A434B432263E3622046FFF7F3FD16
:10174000A2E73146FCF75AFD0A230AF1010A0BF819
:10175000013C5846DAE7F0B490F83C4004F003044A
:10176000012C0B461146C26A16D1846BB2FBF4F40D
:10177000A34211D2056BB5FBF4F76743ED1BEE1ADC
:101780001FFA86FC36B2002ECCBF66467642B6EB18
:10179000540F0AD81C46E319934228BF02F1FF33C5
:1017A000F0BCC0E90C33E4F781BB9D428CBFE41868
:1017B0001C1BF0E72DE9F04FB0F84870036CD0F82F
:1017C00044A085B0C7F30E0706460393002407F133
:1017D000FF3B00F12C09BC4202D305B0BDE8F08FFD
:1017E000B36CCDF800A0C3F3CE335A46B4FBF3F587
:1017F000002103FB15452046039BFBF7B1FBB5FA1F
:1018000085F5804648466D09FBF765FA014608B93B
:101810000134E0E7CB6843451ADC0B69434517DB2D
:101820004B69FF2B01BF91F834304C6165F3000325
:1018300081F834308B69FF2B07D191F834308C61FB
:1018400065F3410381F8343002E04B69A342F4D1DF
:101850004846FBF747FAD9E707B51322EEF79DFC98
:1018600003B05DF804FB07B51222EEF796FC03B057
:101870005DF804FB07B51022EEF78FFC03B05DF8AE
:1018800004FB07B51122EEF788FC03B05DF804FBFA
:101890002DE9F84F0F46002104469046FFF7E3FF7D
:1018A000002106462046FFF7D7FF0021824620464A
:1018B000FFF7E0FF002105462046FFF7E2FF8146E3
:1018C0002046EDF70EFBA0EB060B2046EDF70CFBD8
:1018D000401BA0EB0900ABEB0A0B8345204613DA53
:1018E000EDF7FFFA831BA3EB0A03626903EBD373E3
:1018F0005B101A4432443A60A2691A442A447A605E
:10190000C8F80030BDE8F88FEDF7EEFA431BA3EB03
:101910000903EAE7F0B5154687B000221C466FF0D0
:101920006043CDE90132CB6B009306460B6C4A6AEB
:10193000C96904A8FCF7E4F896F83C30012B23D8D9
:10194000049B2A6803EBD3735B105B421A4422604A
:101950002A68D21AA26096F83C306D68012B4FF4C9
:101960000031304607D1FFF78CFF059B05446560C9
:101970002B44E36006E0FFF77DFF059B2D1AE56031
:10198000ED1A656007B0F0BD082B28D025D8022BD2
:1019900001D0042BF6D1059B6A6803EBD3735B106F
:1019A0005B421A4462606A68D21AE26096F83C3080
:1019B0002F68022B25D1049B4FF400313046FF1ACB
:1019C000FFF751FF3F1A27604FF4003130462D6872
:1019D000FFF749FF2D1AA560D4E7102BD2D1049A46
:1019E000286802EBD273A0EB63002060059B696856
:1019F00003EBD376A1EB660102446160A2600B4465
:101A0000B7E74FF400313046FFF726FF0744276061
:101A10002D68049B4FF4003130461D44FFF71CFF36
:101A20000544D8E770B50C4601F12C06236B30460F
:101A30001BB9BDE87040FBF797B9FBF749F90546BC
:101A400001463046FBF704F92846DDF775FDEDE762
:101A5000F7B506460C461D461746002A39D06A4699
:101A600048213846FBF7E6FC01281AD1009820638C
:101A70006A464C213846FBF7DDFC012818D1009B53
:101A8000A3851B0C84F82E306A464D213846FBF79F
:101A9000D1FC012816D19DF8000084F83C0003B069
:101AA000F0BD482229463046EEF777FB0190DEE78D
:101AB0004C2229463046EEF770FB0190C0F30743F5
:101AC000A085DFE74D2229463046EEF766FBC0B21F
:101AD000E3E719464C22EEF760FBC0F307430190A1
:101AE000A08584F82E304D2229463046EEF755FB6E
:101AF0004822019084F83C0029463046EEF74DFB21
:101B00002063CCE72DE9F04F0446ADB00846ECF772
:101B1000BEFFB4F84830C3F30E03012B06460DD9BF
:101B200094F83C30022B00F0BF80082B0BD008D873
:101B3000012B40F2B980042B00F0B6802DB0BDE837
:101B4000F08F102BFAD10CA8EFF716FC08AF0CAAF7
:101B500000212046ECF790FE04AA39462046FFF704
:101B600097FED4E914231A440092D4E910120846CF
:101B7000FBF7F6F9D4E914231A440092D4E91012C1
:101B800005461046FBF7ECF9024697E8030017AB51
:101B900083E8030004F12C0B049BADF8643030465D
:101BA0000CA9CDE91552EFF7FEFB5846FBF793F869
:101BB00007460028C2D01CA8EFF7DEFB0DF1280A6B
:101BC0001CAA00212046ECF757FE05AA51462046E4
:101BD000FFF75EFED4E914231A440092D4E91012F0
:101BE000F868FBF7BDF9D4E914231A440092D4E94C
:101BF000101281463869FBF7B3F93D688046002D25
:101C000000F0528106AA50212846FBF713FC012858
:101C100040F01F810698249006AA52212846FBF71F
:101C200009FC012840F01C81069BADF88C301B0C90
:101C300006AA532128468DF88E30FBF7FBFB0128BE
:101C400040F019819DF818008DF8AC0006AA5121CA
:101C50002846FBF7EFFB012840F01581069800F0BD
:101C600001009DF8AD3006AA60F300035421284618
:101C70008DF8AD30FBF7DEFB012840F00E810698B1
:101C80002A909AE8030027AB83E80300059BADF890
:101C9000A4301CA93046CDE92598EFF784FB3946DE
:101CA0005846FBF71FF883E70CA8EFF7A0FF0CAA34
:101CB00000212046ECF779FD302200212046EEF786
:101CC0006CFA002180461C902046FFF7D3FD0021CE
:101CD00000EB08052046FFF7D4FD002100EB0807C4
:101CE0002046FFF7C0FD002181462046FFF7B4FDE6
:101CF00094F83C30022BD4E9171200EB080C6BD19E
:101D00001898E36900EBD07003EB6003A3EB0C03BE
:101D1000013BA06908930A93236A0544DB1B01EB8E
:101D2000D17102EBD272A5EB610503EB6203099559
:101D30000B9302AD08A92846FAF75AFA95E8030072
:101D400013AB83E803000AA92846FAF751FA95E88D
:101D5000030015AB83E8030004F12C0930460CA9FD
:101D6000EFF75FFF4846FAF7B6FF054600283FF455
:101D7000E5AE1CA8EFF73BFF1CAA00212046ECF7BC
:101D800014FD2B6AEF6903EBD37894F83C3007EB32
:101D9000D777022B4FEA67074FEA680801D0042B78
:101DA0004FD1AB6ADDF820A01F442B6BA3EB080BCF
:101DB000D0462A6800231CA92046FFF749FE1CA92B
:101DC0003046CDE923A7CDE9258BEFF72AFF294639
:101DD0004846FAF787FFC8E7042B09EB080007D14C
:101DE000189B03EBD37C636903EB6C0303448FE71D
:101DF000012B11D0D3B100239C46E56909932D1A1C
:101E000001EBD17102EBD272ACEB610105EB620523
:101E10000B9308910A958CE76369189F9C44A3690A
:101E200007EBD77703EB67032B44E6E76369189D5D
:101E300000EB030C236A05EBD57503EB6503DB1B95
:101E4000DBE76B6AA3EB070A099FEB6ABB46984482
:101E5000AFE7502200212046EEF79FF90790DAE61F
:101E6000522200212046EEF798F90790C0F307436D
:101E7000ADF88C00DCE6532200212046EEF78DF908
:101E80000790C0B2E0E6512200212046EEF785F926
:101E90000790003818BF0120E3E6542200212046B5
:101EA000EEF77BF90790EBE6522229462046EEF743
:101EB00074F95322C0F307430790ADF88C0029460C
:101EC00020468DF88E30EEF768F9502207908DF895
:101ED000AC0029462046EEF760F951220790249085
:101EE00029462046EEF759F99DF8AD3007900038A5
:101EF00018BF012060F300038DF8AD30542229464D
:101F0000CDE72DE9F04FA1B0044610A80E46934648
:101F10009946EFF76CFE10AA00212046ECF745FC2D
:101F20000322BBF1000F1DD04FF400312046EEF725
:101F300034F90D220C9082464FF400312046EEF722
:101F40002CF900250C90804694F83C30022B77D079
:101F5000082B1AD017D8012B72D9042B70D021B0BE
:101F6000BDE8F08F4FF4A0212046EEF716F90D22C0
:101F70000C9005464FF4A0212046EEF70EF9DA4604
:101F80000C908046E0E7102BE9D10CA92046ECF735
:101F9000CEFF0CA8FAF71DF907460CA8FAF71EF9B0
:101FA00000EBD070431007EBD777B3EB670F0CA8AB
:101FB00040F30F81FAF70DF9236D0C9A0D995E43EA
:101FC000B4F8483000EBD0704710C3F30E030A207A
:101FD0004643013BB6FBF3F6636D00FB03661C9BB7
:101FE00039443A44FF1A94F83C300A92BBF1000F8E
:101FF00018BF55463A44082B0CBF7D1BED194244CF
:1020000000270AAC4FF48073C9E900210B911A46EE
:102010003146484601970094FAF7CDF80A9B2A9A70
:102020002A981D442A9B45441D600B9B53604FF426
:102030008073CDE900471A463146FAF7BCF88EE7BF
:10204000302200212046EEF7A8F8002107460C9028
:102050002046FFF70FFC0021C31920460393FFF72A
:1020600010FC0021C31920460493FFF7F5FB002163
:10207000C31920460593FFF7F6FB4FF4A02100EBB0
:1020800007082046FFF7E8FB4FF4A0210890204600
:10209000FFF7E9FB4FF4A02106902046FFF7EAFB8B
:1020A0004FF4A02107902046FFF7EBFB94F83C107B
:1020B000099002291C9838D1E769059B079A00EB23
:1020C000D07007EB6007FF1A039B9A18A3691344AB
:1020D000BBF1000F18BF5546B4F848A00229CAF357
:1020E0000E0A0AF1FF3A39D1564516D0049B099AD7
:1020F0009A18236A9B1A86B120460593ECF7F4FEE2
:10210000DDE903231A44079B1A44099B1A44059BE3
:10211000801A704390FBFAF01B1A013F2A9AC9E912
:1021200000737F1B1760536019E700EBD070042920
:1021300067694FEA600023D1039B079A9A18A36945
:10214000074447441344B4F84820BBF1000F2BD098
:10215000CAF10005C2F30E0A0AF1FF3A0429C3D0FE
:10216000564523D1069AE7699044A7EB0807C9E9C9
:1021700000732A9B2A9A1F60D9F804302B44D2E7B7
:10218000012907D1089A059B13441F44A369039AA8
:1021900003449CE7069B226A43441F448318049A25
:1021A0009B1A0029CFD093E76D42D3E7002EDED0F3
:1021B00020460393ECF795FE059A089B42441A4487
:1021C000069B1A44801A7043039B90FBFAF0074465
:1021D000CDE7FAF703F8EFE62DE9F04FB0F84890B5
:1021E000C9F30E09B9F1010FA9B0044640F291807C
:1021F00090F83C30102B00F08C80082B00F0898088
:1022000008A8EFF7F4FC08AA4FF400312046ECF7D9
:10221000CCFA18A8EFF7EBFC18AA4FF4A02120463F
:10222000ECF7C3FA09F1FF3300260393A36C039A7A
:10223000C3F3CE33B6FBF3F703FB1767636C00936E
:10224000236C00213046FAF78BFE04F12C0AB7FA12
:1022500087F5804650466D09FAF73DFD834680B10B
:10226000DBF80C30434530DCDBF8103043452CDB29
:102270002FBBDBF804204FF4003308A92046FFF7FA
:10228000E7FB06AB00932A4604AB31462046FFF736
:1022900038FEB4F84820149B2499C2F30E022FB3E1
:1022A000B2422CD10B4694F83C20082A27D0102AA1
:1022B00025D0022A01D0042A32D1E3651FE0DBF8E1
:1022C00008204FF4A02318A9D8E708AA20464FF405
:1022D0000031ECF76AFA204618AA4FF4A021ECF777
:1022E00064FA59465046FAF7FDFCB7E7B242DAD035
:1022F0002EB994F83C20082A01D0102A0CD150465F
:10230000FAF7E9FC5FFA86FB05465DB90136B1458F
:102310008CD829B0BDE8F08F022A01D0042ACCD194
:102320002366ECE7EB6898450BDB2B69984508DCE6
:10233000002F3ED16A684FF4003308A92046FFF70A
:1023400087FB6B699B4515D195F83430DDE90401B5
:10235000DB074CBF149B249B05F1240282E8030099
:10236000D80706D594F83C20022A01D0042A25D1AA
:102370000133EB61AB699B4515D195F83430990772
:1023800004A903C94CBF149B249B05F12C0282E8CD
:102390000300DA0706D594F83C20022A01D0042A6B
:1023A0000ED1013B2B6229465046FAF79BFC0546AD
:1023B000ABE7AA684FF4A02318A9BFE7013BD8E711
:1023C0000133EFE738B591F8A0300C4623F0030352
:1023D000002581F8A030C1F89C5020464FF4807150
:1023E000EBF707FC10212046EBF703FC4FF480616C
:1023F0002046EBF748FE2846D6F7A0FD1D280CDD49
:102400002846D6F79BFD142300F10A0191FBF3F156
:102410002046BDE83840ECF7EABF0121F8E738B5BF
:1024200090F8703013F0380305460AD1ECF759FDE7
:1024300004462846ECF758FD8442B4BF0020012032
:1024400038BD083B58425841FAE72DE9F3470C469E
:1024500005465110002B4CD023685B1A23601344AF
:10246000013BA36083696360036AE36012224FF457
:1024700040312846EDF791FE1322019007464FF4B4
:1024800040312846EDF789FE1022824601904FF434
:1024900040312846EDF781FE1122019080464FF42D
:1024A00040312846EDF779FE6822814601904FF4CD
:1024B00040312846EDF771FE6922064601904FF43F
:1024C00040312846EDF769FE22683744D21B22606E
:1024D000A26856443244A26062688044A2EB0802BB
:1024E00003466260E2684B441A44E26002B0BDE811
:1024F000F08763685B1A63601344013BE3604369E0
:102500002360C369A360B1E708B5FCF70FFB01289E
:1025100003D0831E58425841400008BD2DE9F04FBA
:1025200087B00F460446DAF70DF90646F8F766FD60
:10253000012840F0A3803046F8F787FD002840F0DE
:102540009D8002A93046F8F763FD032202A92046C8
:10255000ECF799FD2046FFF762FF05468FB194F82E
:10256000A030DB070DD4002800F08B80D4F8942035
:10257000029B9B1A002B96F82420B8BF5B42934223
:102580007CDBD4F89C8004F13806B8F1000F0ED142
:102590002046FFF7B9FF94F8A030012843F001036B
:1025A00084F8A03071D804F12C03C4F89C30D4E92D
:1025B0000C37272200212046FF1AEDF7EEFD5FFAC7
:1025C00080F804902046FFF72AFFB8F1010F94F835
:1025D0004C900CBF80464FF00008002D00F0DB80CF
:1025E000122200212046EDF7D8FD00218246132259
:1025F00004902046EDF7D1FD834604902046ECF789
:1026000070FCC14514BFE1696169029BA0EB0A023D
:1026100014BFA1EB0B018A44A2EB0B0214BFCB1A2F
:10262000A3EB0A0342B102EBD271491007FB03137B
:1026300093FBF2F2236B1344D4F89C20D4E90C10E2
:10264000B2420CBFE06AA16B8342A8BF03468B4233
:10265000B8BF0B461168994210D01360002D00F0EE
:10266000C4804FF400712046EBF7C3FA2046ECF724
:1026700013FE002223212046D3F77EFF07B0BDE8DA
:10268000F08FD4F89820039B73E702288FD1DAF7F4
:1026900059F804A9F8F7BCFC032204A92046ECF77A
:1026A000F2FC272241462046EDF777FD0190C7B2A4
:1026B0002046FFF7B4FE012F94F84C301DD1F8B935
:1026C0000599002B57D1D4F888309942FFF66BAFAB
:1026D000D4F8803099424BDCA26FD4F88000D4F853
:1026E0008830801A00EBD07002EB6002521A002A88
:1026F000D4F89000B8BF52421CE00028E0D0474612
:102700009F4204992CD1D4F88C308B42FFF64BAF0A
:10271000636F99422CDB626FE06FD4F88430801ACB
:1027200000EBD07002EB6002521A002AD4F88C0041
:10273000B8BF5242C01A00EBD07003EB60035B1AC3
:10274000002BB8BF5B429A421EDD04F12C03C4F893
:102750009C3094F8A0306FF3410384F8A03026E752
:10276000D4F884309942FFF61EAFE36F9942D2DD70
:10277000C4F89C601BE7D4F8903099423FF713AF40
:10278000A36F9942F4DBA7E794F8A030C4F89C60EB
:1027900043F00203E1E7102229462046EDF7FDFC55
:1027A00029468346112204902046EDF7F6FC824626
:1027B00004902046ECF798FBC14514BFA169216A3B
:1027C000039BA0EB0A02A2EB0B020DBF8A448B44D1
:1027D000A3EB0B0AAAEB030A02EBD2735B1007FB15
:1027E0000A3393FBF2F3226B25E74FF480713AE74B
:1027F0002DE9F047BCB00546FAF713F80446284621
:10280000ECF745F92722002181462046EDF7C5FC6B
:102810002090C5B22046FFF702FE012D074694F82E
:102820004C80204622D177B1FCF785F90646204638
:10283000ECF75AFB824606B3E36A002B1DDAA84583
:102840001DD1E36B1CE0FCF776F906462046ECF759
:1028500048FB8246002E3ED0E36A002B3BDAB8F1FB
:10286000000F3BD1A36C019300250AE0FCF763F94C
:102870000646002FEAD00025D9E7A845E1D1636CD0
:10288000009304A8D7F7BAFD04AA4FF440312046BC
:10289000EBF704FD3B46524669462046FFF7D5FD5F
:1028A000009BC4F88430019BC4F88830029BC4F8B4
:1028B0008C30039BC4F890302046FFF725FE022899
:1028C00004F184060CD0324604A94846EFF747FAD3
:1028D0003CB0BDE8F087B8F1000FC3D1236CC2E76C
:1028E000702204A920A8FBF734FB324604A948460D
:1028F000EFF735FADFB1A8450CBFE36B636C0093CB
:102900003B46524669462046FFF79FFD009B6367A2
:10291000019BA367029BE367039BC4F8803070228E
:1029200020A904A8FBF715FB04F17402CCE7A84525
:102930000CBFA36C236C0193E2E7D0F880300A212E
:1029400093FBF1F3012BB8BF0123C0F88030E4F70B
:10295000C7BAD0F88020816F0A235A43C36F002B77
:10296000B8BF5B428B42B8BF0B469342A8BFC0F8CA
:102970008020E4F7B5BA426FD0F88010002A13DA4D
:102980005318002B10DD5B420B44816F8B4206DD38
:1029900090F88530DB0709D5914209D1C36F934286
:1029A00008D04367E4F79CBA1346EDE70B46F6E719
:1029B0000B46F6E77047426FD0F88010002A12DD10
:1029C0008A4210DA8B1A5B1AC16F8B4206DA90F8D2
:1029D0008530DB0709D5914209D1836F934208D036
:1029E0004367E4F77DBA1346EDE70B46F6E70B467F
:1029F000F6E77047FBF7A0BEFBF7D2BE10B50C465A
:102A000020460221EBF7F5F82046C822BDE8104029
:102A10004FF47A71E4F7B6BB00684FF0FF33C3623E
:102A2000ECF73ABCC162ECF737BC08460021DBF793
:102A30009BBE10B54FF0FF33CB6291F830300C469F
:102A40006FF3020381F8303020461021EBF7D1F804
:102A500020460821EBF717FB20464FF48061BDE8C4
:102A60001040EBF710BB2DE9F041C0B00546F9F777
:102A7000D8FE04462846ECF70AF869460646204682
:102A8000ECF755FA08A8D7F7B9FC08AA4FF40031BB
:102A90002046EBF703FC6A4608A93046EFF75FF9DA
:102AA00063690493A369059304F11405E36906932C
:102AB0002846236A0793F9F78CFB07462846F9F75F
:102AC0008DFB94F8303003F00703012B03D0022B69
:102AD0006CD087426ADB2046ECF706FA07462846A8
:102AE000F9F777FBE56A6A1CA0EB070855D0434667
:102AF0005D4348BFFF352D12272200212046EDF708
:102B00004CFB2490C0B20128049B08BFA8EB05052C
:102B1000012FB8BF01271D44013F2F44049506979C
:102B200012224FF440312046EDF737FB1322804646
:102B300024904FF440312046EDF72FFB102207463A
:102B400024904FF440312046EDF727FB4FF44031FD
:102B50000546249011222046EDF71FFB049A24908D
:102B6000A2EB08020492069A3A440692059A521B76
:102B70000592079A024424A80792D7F73FFC24AA9B
:102B800020464FF44031EBF789FB04AA24A93046D4
:102B9000EFF7E5F840B0BDE8F0812046EBF78DF89F
:102BA00010F0010F14BF45460025A5E72046ECF7BD
:102BB00098F907462846F9F711FBE56A6B1CA0EB6C
:102BC000070819D043465D4348BFFF352D12272221
:102BD00000212046EDF7E1FA2490C0B20128079BBE
:102BE00008BFA8EB0505012FB8BF01275B1B013FFC
:102BF0000793DB1B059393E72046EBF75EF810F095
:102C0000010F14BF45460025E1E707B51222EDF795
:102C1000C4FA03B05DF804FB07B51322EDF7BDFA63
:102C200003B05DF804FB07B51022EDF7B6FA03B068
:102C30005DF804FB2DE9F04F89B0074610468A463F
:102C400090460493F8F7C2F9159BC418169B1C44D0
:102C5000FB6A03FB0AFADDE91323D3185646002565
:102C60000593FA6A02EB0A03B34203D8204609B07F
:102C7000BDE8F08F7B6B53F8261003EB860000292C
:102C800045D0D7F83CC05CF82530A946013A4A4502
:102C900004D950F804BBBBF1000F1CD10A7812F024
:102CA000020224D10292059A9B1A0193129B00936F
:102CB0004246049B083106A8FAF722FF159A079BA3
:102CC0001344169A1344A9EB05059C422E44B8BF41
:102CD0001C464D461BE09BF800B01BF0010F09F1AC
:102CE000010EDBD05CF82E904B44F146CFE7404616
:102CF000F8F76CF9159B1844169B1844A04206DDA2
:102D00004046F8F763F9159BC418169B1C4401361E
:102D10000135A6E7F8B500250C462F46D4E90B325D
:102D20005343AB42606B0CD808B1DCF705FCA06BD9
:102D300008B1DCF701FCE06BB0B1BDE8F840DCF7AE
:102D4000FBBB50F82530AE0063B1586820B1DCF70A
:102D5000F3FB636B9B595F60636B9859DCF7ECFB8B
:102D6000636B9F510135D9E7F8BD012310B50420ED
:102D7000C1E90B330C46DCF7C5FBE063206B800038
:102D8000DCF7C0FBE26BA06382231360A26B1360CD
:102D9000D4E90B315943606B8900DCF7D7FB002382
:102DA0006063036010BD2DE9F3411C460023054616
:102DB0000E4698469045236039D1272200212846A7
:102DC000EDF7EBF90190C0B20128284636D1ECF7B7
:102DD0006AFC2368034423602846ECF782F82368E2
:102DE0000021C71A2846FFF717FF381AA060EB6BBF
:102DF00053F82830C01A206000231F46B742636092
:102E00002FD100212846FFF70EFF6368034463605B
:102E10002846ECF74DFC6368181A6060AB6B53F8FA
:102E2000273018440138E06002B0BDE8F081E96B5A
:102E300051F8281008F101080B44BBE7ECF733FC0C
:102E400023681B1A236000212846FFF7DEFE236853
:102E500018442060EB6B53F8283018440138A06008
:102E6000CAE7AA6B52F8272001371344C6E730B5EA
:102E700085B0D0E910216B460446FFF794FF009916
:102E8000002911DA0123002249422046ECF750FCC8
:102E9000019A002A15DA012352420021204605B08A
:102EA000BDE83040ECF744BC2046029DECF719F831
:102EB0008542EDDD2046ECF714F801230022411B8A
:102EC000E3E72046039DECF70FF8854205DD204639
:102ED000ECF70AF80123421BDFE705B030BD2DE90E
:102EE000F04F4FF4A0218DB00446FFF78EFE4FF453
:102EF000A02107902046FFF78FFE4FF4A0210890F5
:102F00002046FFF790FE11224FF4A0218346204671
:102F1000EDF743F95B220B904FF4A02105462046C4
:102F2000EDF73BF95C220B904FF4A02106462046BA
:102F3000EDF733F95A220B904FF4A02107462046B3
:102F4000EDF72BF906220B904FF4A0218046204686
:102F5000EDF723F94FF4A0210B908146072220467C
:102F6000EDF71BF9002182460B90236B994208D3A1
:102F70002046EBF7FFFF20460DB0BDE8F04FECF721
:102F80008BB9089B0293079B0991CDE90073CDE9AA
:102F900003B5334642462046FFF74CFE0999A36B22
:102FA0005045A8BF50464845ACBF43F8210043F800
:102FB00021900131D9E70121EDF7BCBD0021EDF7EA
:102FC000B9BD7FB50546F9F72CFC04462846F9F74C
:102FD0002CFC06462046EDF7AAFD332E054606D109
:102FE000C16A002204B0BDE87040E4F7E3BD0E2ED4
:102FF00037D1D9F7A7FB10B1037A012B31D0204686
:1030000002A9D4F783FA95F8303013F00C0F20465C
:1030100029D0EBF76CFF2722044600212846EDF764
:10302000BCF8029B0190E20FC0B2224401280CBF01
:10303000C3EB620303EB620393FBF4F4EE6AD9F78C
:1030400081FB24EAE474024600B1012221462846AD
:10305000E4F7B0FDB44204D0002223212846D3F780
:103060008BFA04B070BDEBF752FF039C00EBD073FA
:1030700004EB630494FBF0F4E0E77047486B10B591
:103080000C4618B1DCF758FA00236363A06B18B143
:10309000DCF752FA0023A363206B18B1DCF74CFA7B
:1030A0000023236310BD7FB590F8642002F0010473
:1030B0008C4218D0003918BF012161F30002C46AA4
:1030C00080F864206269036DC56D1344D0E915165C
:1030D0000093A3691944019132442B44694602923A
:1030E0000393ECF7AEF804B070BD07B55A22002187
:1030F000EDF753F803B05DF804FB70B50546F9F73A
:1031000094FB04462846F9F78CFB0646EDF70FFDC5
:10311000313C012C05460BD830460021FDF7ABFDB4
:103120002846E4F707FE2846BDE87040E4F7C2BD34
:1031300070BD90F8643061F3410380F864307047EB
:1031400070B590F87030C3F3C0028A4204460D4651
:103150002BD061F3C30380F870306420D1B1DBF76A
:103160003FFB6FF040410646E06AEBF70FFEE06A76
:1031700000223146EDF7E7FB8DB16FF0404120466C
:10318000EBF71BFE002320461A46BDE870401946A7
:10319000ECF72BBBDBF724FB2E460146E4E72A467F
:1031A00002212046EDF779FBECE770BD90F8703016
:1031B0005B0702D4C06AFDF75CBD406B7047C06C12
:1031C00070470068E4F770BF90F87000C0F3C0006B
:1031D000704738B50446C06AFDF791FE4FF6FF739D
:1031E000984205460BD0E06A4FF6FF71FDF73BFDB4
:1031F000E06A4FF6FF71BDE83840FDF737BDE06A81
:10320000FDF77FFEA842EED138BD73B5C36C04460E
:103210008BB37F2301A9ADF80430E5F725F8012829
:10322000054628D1E06AFDF724FDE16C06462A46F2
:103230000139FAF7F5FBE06A3146FDF71CFD20463F
:10324000FFF7C7FF236B3BB1E06AFDF712FD037880
:1032500013B92046ECF720F894F87030E16C5B0766
:103260000BD4E16C20460139E4F74CFE0022232107
:103270002046D3F781F902B070BD01220139606B9D
:10328000FAF7CEFB656B2846FAF7A1FF411C2846EA
:10329000DCF75CF960630028E3D1ECE738B5C56C76
:1032A0000446691CE4F72EFEE36C9D4204D02046E0
:1032B000BDE83840FFF7A9BF38BDC16C0131E4F764
:1032C00021BEC16C11B10139E4F71CBE704730B5A5
:1032D00085B00446C16CC06A02AAE1F7A9FC5C2271
:1032E00000212046ECF759FF05462046FFF7FDFE7A
:1032F000F7F76CFE039B054401351D44E06AA36C9F
:1033000003950293EBF7F0FD85420ADA012202A948
:10331000E06AE1F745FDA56C01462046E4F7F2FDC1
:10332000A56405B030BD30B585B00446C16CC06A37
:1033300002AAE1F77DFC5C2200212046ECF72DFF7C
:1033400005462046FFF7D1FEF7F740FE039B2844D1
:1033500001381B1A03930122A36CE06A029302A9AD
:10336000E1F71EFD01462046A56CE4F7CBFDA56400
:1033700005B030BD2DE9F7430446F9F756FA054686
:103380002046F9F74EFA0E2D044645D1D9F7DAF961
:1033900010B1037A012B3FD02046EBF7A8FD06467B
:1033A0002046EBF7B4FD694607462046D4F7AEF851
:1033B000009D06EBD67305EB630595FBF6F57543AB
:1033C000019E07EBD77306EB63064FF0000896FBF0
:1033D000F7F67E432046EDF7E0FB404501D80F2588
:1033E00016E041462046EDF7A5FB0746EBF740FD0A
:1033F00081463846EBF74FFD4D4510D186420ED140
:10340000E76200222321204697F82C50D3F7B4F826
:1034100029462046ECF7FFF803B0BDE8F08308F139
:103420000108D7E708B500F094FD4FF47A72A0FBCD
:10343000020302FB0133C00B40EA434008BDE5F73D
:1034400071BC37B504460068D5F722FE05462068F2
:10345000EDF756FF80F00100A07428686269836868
:1034600000929D68E288A18804F10803A8472068BB
:1034700003B0BDE83040EDF740BF38B50546F9F779
:10348000D8F904462846F9F7D6F9D5F701FEC368FE
:10349000DA0605D5002323608388013BA36038BD8D
:1034A000236823F007032360A36843F00703A360A6
:1034B000C368DB07F3D5636823F007036360E36841
:1034C00043F00703E360EAE730B50D888C888B682A
:1034D000C9680133013187B05B1B091B9BB289B2FC
:1034E000009001FB03F0400002906846ADF80450E4
:1034F000ADF80640ADF80C30ADF81030ADF80E1058
:103500000592FFF79EFF07B030BD30B50D888C885F
:103510008B68C9680133013187B05B1B091B9BB203
:1035200089B2009001FB03F000EB4000ADF80C30D5
:10353000ADF81030ADF80450ADF806400290ADF88B
:103540000E1005921346D91C9B1A834204D3684679
:10355000FFF777FF07B030BD11F8033C11F8014CBD
:1035600001F8034C01F8013C0B46ECE730B50D883F
:103570008C888B68C9680133013187B05B1B091BDC
:103580009BB289B2009001FB03F080000290684674
:10359000ADF80450ADF80640ADF80C30ADF8103081
:1035A000ADF80E100592FFF74CFF07B030BD0020BC
:1035B000704708B5E5F73EFC002008BDEFF3118029
:1035C000202383F31288BFF36F8F704780F3118835
:1035D000BFF36F8F704770B403460C46DA880068FB
:1035E00019792243056986682B6801248C4012F002
:1035F000010F14BF2343A3432B60336870BC1847EB
:1036000037B50C460569836801A95B68984748B9D6
:10361000019B2A685A40012303FA04F10A4214BFAD
:103620001846002003B030BD6FF08500704708B524
:1036300000F08FFC4FF47A72A0FB020302FB013111
:10364000C00B40EA4140C90B08BDE9F701BB6FF070
:103650008500704770B50446FFF7E9FF10F13205A9
:1036600041F1000694F82C10A06AFFF7C9FF08B1D9
:10367000012070BDFFF7DBFF854276EB010103DA25
:10368000BDE87040E5F7ECBB3220E7F733FBE9E734
:1036900003460A4600681979012303FA01F1036918
:1036A0001B68194218BF82F0010212B18368DB68FF
:1036B000184783681B69FBE700213030FFF7E8BF3C
:1036C000E6F702BE014640F2E73008B54FF47A72E1
:1036D000002300EBC1304914CCF7A6FFBDE8084039
:1036E00000F0BEBB70B50446FFF7A1FF10F1320534
:1036F00041F1000694F82C10A06AFFF781FF08B989
:10370000012070BDFFF793FF854276EB010103DADC
:10371000BDE87040E5F7B0BB3220E7F7EBFAE9E728
:1037200000F0E2B9F0B403460A461979DB88006874
:103730001343DC028768066906D513F4402F03D0D3
:10374000DA0748BF83F44023346801258D4023F411
:103750008012DB074CBF2C43AC4334603B68F0BCA9
:10376000184703460A4600681979012303FA01F154
:1037700003691B68194218BF82F0010212B1836805
:10378000DB68184783681B69FBE7E9F761BA4FF408
:10379000A470002100F064BBF7B504460126A06ABE
:1037A00094F82C500769836801A95B68984740B971
:1037B0003A68019B06FA05F553402B4201D103B04C
:1037C000F0BDFFF7E4FFEAE72DE9F8430D461121CC
:1037D000044690461E46E5F7BDFE00286ADB03213D
:1037E0002046E5F785FE002864DB44212046E5F706
:1037F000B1FE00285EDBC5F3C70739462046E5F772
:1038000077FE002856DB3544691E48BFA91DC1F369
:10381000C7012046E5F76CFE00284BDB452120461A
:10382000E5F798FE002845DB5FFA88F6314620462A
:10383000E5F75EFE00283DDB4FEA182529462046C5
:10384000E5F756FE002835DBBDF82030984408F136
:10385000FF395FFA89F12046E5F74AFE002829DBA7
:10386000B9F10001B8BF08F1FE01C1F307212046FC
:10387000E5F73EFE00281DDB4E212046E5F76AFEF7
:10388000002817DB39462046E5F732FE002811DB19
:103890004F212046E5F75EFE00280BDB314620462F
:1038A000E5F726FE002805DB29462046E5F720FE41
:1038B00000EAE070BDE8F88338B505692B78CBB134
:1038C000446822212046E5F745FE002813DB8321CA
:1038D0002046E5F70DFE00280DDB20212046E5F708
:1038E00039FE002807DB2046FFF756FF002802DBE1
:1038F00000232B70002038BDF7B5036944685B785E
:103900000D4616465BB1628E238E00920022114650
:103910002046FFF759FF002806DA03B0F0BDE5F7AF
:103920004BFE0028EFDAF8E729462046E5F712FEBD
:103930000028F2DB258E638E5D43ED080027AF4241
:1039400001D10020E9E731462046E5F7D1FD002806
:10395000E3DB0137F3E738B5F0B105692B78CBB974
:10396000446822212046E5F7F5FD002813DBE0211D
:103970002046E5F7BDFD00280DDB20212046E5F7B8
:10398000E9FD002807DB2046FFF706FF002802DBE1
:1039900001232B70002038BD6FF01500FBE708B144
:1039A000FFF78ABF6FF01500704770B50E4600280C
:1039B00071D0456804692121284656B3E5F7CAFD50
:1039C000002856DB00212846E5F792FD002850DB51
:1039D00000212846E5F78CFD00284ADB22212846F5
:1039E000E5F7B8FD002844DBFC212846E5F780FD1B
:1039F00000283EDB20212846E5F7ACFD002838DB17
:103A00002846FFF7C9FE002833DB0123237000207E
:103A10002FE0E5F79FFD00282BDB40212846E5F746
:103A200067FD002825DB31462846E5F761FD0028C3
:103A30001FDB2379F3B11A212846E5F78BFD002817
:103A400017DB6E212846E5F753FD002811DB222104
:103A50002846E5F77FFD00280BDBD7212846E5F750
:103A600047FD002805DB20212846E5F773FD0028E7
:103A700008DA70BD22212846E5F76CFD0028F8DB46
:103A8000F721EBE72846FFF787FE0028F1DB00234C
:103A90002370E370BBE76FF01500EAE770B50A46E4
:103AA0000D46262106690446FFF726FF00280EDB97
:103AB0002A4624212046FFF71FFF002807DB0021AC
:103AC0002046FFF772FF0028A4BF0020B07070BD31
:103AD0000229084601D0E5F7CBBF0020704708B1A6
:103AE000D0F7F8B87047704740B1C368587810F005
:103AF00001001EBF1878B0FA80F040097047EFF35C
:103B00001183202383F31288BFF36F8FFEE710B574
:103B1000D0E9003433B90020E268537843F0010360
:103B2000537010BD204698470028F4D00028B8BF35
:103B30004042E368FF28A8BFFF201870ECE700F0C0
:103B4000C2BA00F098BA70474169836843EA01023B
:103B500012F003020FD1C2600269013A01FB023385
:103B600082689A4201D900207047C2681A6042698F
:103B7000C3609B1AF4E76FF01500704710B5C0E9F9
:103B800004320023816083610446FFF7DDFF0028D3
:103B9000A8BFC4E9004410BD2DE9F04105460F4619
:103BA000EFF31188202383F31288BFF36F8FC66869
:103BB000F6B90468A0421BD0D4B1D4E90032136036
:103BC0005A60637BA66023F002036373C4E9006656
:103BD00004F1180000F098F92046E667676100F0EC
:103BE000E0F8414605F10800BDE8F041E6F788BF7E
:103BF0003E60AB69EF60013BAB6188F31188BFF3B6
:103C00006F8FBDE8F08108B52024EFF3118384F3B2
:103C10001288BFF36F8FE9F7D1F8F6E7D0E90032E9
:103C200013605A60427B002322F00202C0E9003395
:103C300042738360704790F90E308B4201D0E6F7F3
:103C400011BF0020704703460020C3E90200C3E90A
:103C5000003370475AB18A4209D300F11003C0E91A
:103C60000212C0E90000C0E90433002070476FF081
:103C700015007047026801238B4022EA03030360AA
:103C800022FA01F000F00100704710B5032104464C
:103C90000C30FFF7EFFF30B104F1100000F034F901
:103CA000B0FA80F0400910BD20B1002211468830E2
:103CB00000F0EFB8704773B50446EFF31185202389
:103CC00083F31288BFF36F8F0023A0F11006032146
:103CD00004380193FFF7CEFF28B1A369019301A92E
:103CE0003046E6F777FC85F31188BFF36F8F02B09B
:103CF00070BD13B501900846EFF31184202383F3C0
:103D00001288BFF36F8F01A9E6F764FC84F3118872
:103D1000BFF36F8F02B010BDEFF30580003818BFFE
:103D2000012070476FF05700704700207047D0E9BE
:103D3000003213605A600023C0E90033704708B5B1
:103D4000FFF7F5FF437B23F00203437300238360F7
:103D500008BD38B504460D46E6F7E6FD637B43F043
:103D600002036373E5B1A5602B689D4209D16B68BE
:103D7000C4E900531C606C6012E06A689A42F6D095
:103D80001B68002BF3D094F90E2093F90E108A4291
:103D9000F3D09142F1DD5A68C4E9003214605C60EE
:103DA00038BD10B5EFF31184202383F31288BFF3DD
:103DB0006F8FE6F771FD84F31188BFF36F8F10BD2D
:103DC00008B5EFF31181202282F31288BFF36F8FC1
:103DD00083680BB1FFF7B3FF81F31188BFF36F8FD7
:103DE00008BD10B50146EFF31184202383F3128838
:103DF000BFF36F8F437B13F0280F0AD183680BB199
:103E0000FFF79DFF4B7B23F004034B730846E6F757
:103E100043FD84F31188BFF36F8F10BD0121183863
:103E2000FFF7DFBF08B50346EFF31181202282F3CD
:103E30001288BFF36F8F0068834207D008B1FFF785
:103E40007EFF81F31188BFF36F8F08BD0020F8E774
:103E500010B5FFF7B5FFBDE81040183000F054B8BA
:103E600038B50C460546E6F705FFB4F1FF3F08BF3D
:103E7000B5F1FF3F1FBF47F6FF7300224FF47A7181
:103E8000C0FB01321ABFD80B40EA42404FF0FF306E
:103E900038BD38B5EFF31185202383F31288BFF3C3
:103EA0006F8F0468A04212D09CB1E1676261204626
:103EB000FFF745FF04F1180000F026F82046E6F76A
:103EC000EBFC012085F31188BFF36F8F38BD002014
:103ED000F8E72046F6E710B5E7F794F80446E7F769
:103EE00099F874B1D4E904321B1A62EBE072B3F1B1
:103EF000004F72F1000104DA002AACBF184600201E
:103F000010BD6FF00040FBE738B50246EFF31185B6
:103F1000202383F31288BFF36F8F036893B1E7F711
:103F200071F804461046E7F77FF8844204D1FFF7A2
:103F3000D2FF0021D1F780F8002085F31188BFF36C
:103F40006F8F38BD6FF01500F7E708B5E7F75CF93C
:103F500008BDE7F759B90023C0E9081200F11802BB
:103F6000C0E90622C0E9003303634363704710B51C
:103F70000446FFF7C9FFA8B9636A0BB1204698470A
:103F800004F11800FFF74EFF60B1FFF70AFFEFF3EF
:103F90001180202383F31288BFF36F8FBDE8104098
:103FA000E6F7C0BD10BD2DE9F041846805460E4618
:103FB000ECB16378012B25D114F8533C9A0714D542
:103FC000A4F160073846FFF743FF082E0CBF6FF0DF
:103FD00003030023E36114F8533CDB0605D154F8D6
:103FE000483C13B93846FFF7DCFE00232370EB682A
:103FF000C3F386321643002066F39433A860EB6067
:10400000BDE8F081022BF0D12378002BEDD054F8DD
:10401000048CB8F1000FE8D004F11400FFF774FF2E
:10402000A4F114070023E36239464046FFF761FE1E
:10403000DBE710B50346EFF31184202282F31288E8
:10404000BFF36F8F0068834208D0D0E9003213605D
:104050005A600023C0E90033FFF7A5FF84F31188FD
:10406000BFF36F8F10BD10B400F10C04C0E903441E
:1040700010BCE8F750B90A44914200F1FF3300D177
:10408000704710B511F8014B03F8014F9142F9D177
:1040900010BD884210B501EB020402D984422346C8
:1040A00007D8431EA14208D011F8012B03F8012FB5
:1040B000F8E7024401468A4200D110BD13F8014DD1
:1040C00002F8014DF7E702440346934200D17047DE
:1040D00003F8011BF9E710B5024601448A42134672
:1040E00003D01C780132002CF8D1181A10BDF0B59D
:1040F000C3F137070446FFB203F01F031046082B35
:10410000E6B233D0102B3ED06508A40844EA81748F
:1041100045EAC1752D194FEA910242EB5102290976
:1041200041EA02716D1842EB1212290A41EA02615A
:104130006D1842EB1222290C41EA02416D1842EB44
:104140001242AD1842F10002EC0844EA4274D10870
:1041500004EB8402A6EB4205EDB2092D0CD9013423
:10416000A5F10A0541F10001EDB212E0E40844EACC
:10417000417406F00705C908303554EA010200F819
:10418000015BBCD1F0BD240944EA017406F00F05BF
:104190000909092D84BFED19EDB2EDE7014800686A
:1041A0007047000050960020B4C4FC7F010000005E
:1041B000913C000000000000B53D000038420300C3
:1041C000B335030000000000E19F01000000000083
:1041D000E9B3010000000000254100006042030037
:1041E000254100004C420300CDD101000000000039
:1041F000D54E000000000000F12200000000000089
:104200006D3C000000000000D1D101000000000062
:104210000DB4010000000000D1440000744203000E
:104220006D8F010088420300299C01009C4203001D
:10423000CD89010000000000ED990300AC5003009F
:1042400060440300FD06002080960020169A0300BB
:10425000C450030030440300FF060020D496002021
:10426000249A0300DC5003003044030001070020BF
:10427000E0960020F69B0300F45003005444030032
:104280000307002038050020F2D60300EC6003008D
:104290002861030005070020A4540120E4DA03008C
:1042A0003C61030074610300070700207757012079
:1042B00001550000E3D1010000000000A7CD01007E
:1042C00000000000A7CD010000000000A7CD010004
:1042D00000000000A7CD010000000000A7CD0100F4
:1042E000A15B0000E3D1010000000000A7CD0100A8
:1042F00000000000A7CD010000000000A7CD0100D4
:1043000000000000A7CD010000000000A7CD0100C3
:1043100000000000A7CD010000000000A7CD0100B3
:1043200000000000A7CD010000000000A7CD0100A3
:1043300000000000A7CD010000000000654F000054
:1043400000000000A7CD010000000000A7CD010083
:1043500000000000A7CD010000000000A7CD010073
:1043600000000000A7CD010000000000A7CD010063
:1043700000000000A7CD010000000000A7CD010053
:1043800000000000A7CD010000000000A7CD010043
:1043900000000000A7CD010000000000A7CD010033
:1043A00000000000A7CD010000000000A7CD010023
:1043B00000000000A7CD010000000000A7CD010013
:1043C00000000000A7CD010000000000A7CD010003
:1043D00000000000A7CD010000000000A7CD0100F3
:1043E00000000000A7CD010000000000A7CD0100E3
:1043F00000000000A7CD010000000000A7CD0100D3
:1044000000000000A7CD010000000000A7CD0100C2
:1044100000000000A7CD010000000000A7CD0100B2
:1044200000000000A7CD0100D9630000E3D1010026
:10443000B941000015CF010023CF01003BCF01009F
:1044400047CF010053CF0100254000006DCF010090
:10445000000000004BD1010035D10100C1D00100A6
:104460000D3E000083CE0100E3CE010000000000FD
:1044700021CE010000000000000000008869030058
:10448000030000007893030003000000089A030073
:1044900003000000E669030003000000BA93030074
:1044A00003000000BE93030003000000BC6803008B
:1044B000030000008799030003000000CEDB030027
:1044C00003000000FBD6030003000000E99903008D
:1044D00003000000039C030003000000DED803007B
:1044E00003000000EEDA0300030000001C5003008C
:0C44F0001C910020D59403000100000086
:10450000010000E0010000E0010000E0010000E027
:1045100035B80200000000006DB8020095B8020036
:1045200000000000CDB80200D1DB03000001000054
:104530001100800003FFFF0F000200F8FFFFFF01E2
:104540000003000000090006010000000000000058
:104550000338FDD870470000604203000B001100D3
:10456000604203000C0011006042030018001100BB
:1045700060420300190011004C42030001001100C9
:10458000604203001C00110060420300040011009F
:104590004C420300020000006042030010000000D3
:1045A000604203000F000000604203000E000000A4
:1045B000604203000D0000004C42030009000000AF
:1045C0004C42030007000000C9C50000C9C3000039
:1045D00000000000160000000500000000FF0100C0
:1045E000EC4503000000000000000000066A030024
:1045F000204603000C4603000046030010000102A1
:10460000F4690300EB6903000900000020000000CA
:104610005F00010000000000000000000000020038
:1046200000000000000000000000F0040101000094
:1046300001003005020F0200050070060405010AA2
:104640000800500C0B0F01001D00400B091301FE68
:104650003300A00E0D0F01004C00700C0C0F010078
:10466000630080030205010A6500E006051501FBF1
:104670007300F006051501FB8100A008080801077A
:104680008900600B0A0B01019700F003030500FD90
:1046900099008005050101069A004005020101000C
:1046A0009B004008081000FFAB00400B090F010001
:1046B000BC00400B060F0100C800400B090F0100B1
:1046C000D900400B090F0100EA00400B0B0F00005E
:1046D000FF00400B090F02001001400B090F010001
:1046E0002101400B0A0F01003401400B090F0100AA
:1046F0004501400B090F01005601E004020B0100C7
:1047000059014004030D00FE5E01300A0809010250
:104710006701000B080501046C01700A0909010218
:1047200077017009080F01008601F011101301FCD8
:10473000AC01100D0C0F0100C301700C0A0F020038
:10474000D601000D0B0F0100EB01200D0A0F020036
:10475000FE01600B090F02000F02100B090F02008F
:104760002002A00D0B0F01003502400E0B0F0200BE
:104770004A027005020F02004E02100B090F0100E1
:104780005F02900C0B0F02007402C00A090F0200B6
:10479000850270110E0F0200A002400E0B0F0200E6
:1047A000B502C00D0B0F0100CA02A00C0A0F0200D7
:1047B000DD02C00D0B1101FEF502500C0B0F0200C3
:1047C0000A03E00B0A0F01001D03F00B0C0F0000A1
:1047D0003403000D0A0F01004703C00C0C0F00004A
:1047E0005E03C011100F01007C03900C0B0F010041
:1047F0009103000C0C0F0000A803000C0B0F01002C
:10480000BD035005041301FDC7033008081000FF65
:10481000D7035005041301FDE103600807080107F1
:10482000E8030009090101FFEA0330060403010C53
:10483000EC03E00A080B0100F703400B090F01002D
:104840000804800A090B01001504400B090F010040
:104850002604A00A090B01003304F006070F00002C
:104860004104400B090F01FC5204000B080F01002A
:104870006104E004020F02006504D0040413FFFC8D
:104880006F04200A090F01008004E004020F0200F7
:10489000840490110F0B01009904100B080B010008
:1048A000A404700B0A0B0100B204400B090F01FCB9
:1048B000C304600B090F01FCD404C006050B010002
:1048C000DB04500A080B0100E6049006060E000007
:1048D000F104000B080B0100FC04B009090B0000F7
:1048E0000905000F0F0B00001E05F009090B000061
:1048F0002B057009090F00FC3C05F009090B0100AC
:104900004905C006061301FD5805E004021102FE28
:104910005D05C006061300FD6C05A00D0B04010427
:10492000C9C50000C9C30000000000001E0000004F
:104930000600000000FE01004449030000000000E2
:1049400000000000936F03007849030064490300EE
:104950005849030010000102816F0300786F0300C3
:1049600009000000200000005F00010000000000BE
:104970000000000000000200000000000000000035
:104980000000F006010100000100400703140200CE
:10499000090000090606020F0E0040110F14020064
:1049A0003400C00F0D1B01FD6000801412140100C3
:1049B0008D00701110140100B500E0040206010F13
:1049C000B7009009081C02FAD300C009081C00FABD
:1049D000EF00100C0C0C00080101E00F0E0F01019C
:1049E0001C018005040701FC2001C0070702010724
:1049F00022016007030302002401900B0B1600FE46
:104A00004301C00F0D1402006401C00F081402001E
:104A10007801C00F0D1401009901C00F0D140100A1
:104A2000BA01C00F0F140100E001C00F0D14020005
:104A30000102C00F0D1402002202C00F0D1401006C
:104A40004302C00F0D1402006402C00F0D140100D8
:104A50008502D006030F02008B02F005041300FC50
:104A60009502400E0B0C0103A602600F0B08020515
:104A7000B102A00E0C0C0203C302400D0B14010086
:104A8000DF022019161A02FA27034012111401003E
:104A9000520370110E14020075034012101402002C
:104AA0009D0360120F140200C303F00F0D140200E7
:104AB000E403800F0D14020005041013101402000B
:104AC0002D0400140F1402005304A0070314020065
:104AD0005B04700F0D1401007C049011101402008F
:104AE000A404100F0C140200C20470181414020065
:104AF000F40400140F1402001A05401310140200ED
:104B00004205B0110E14020065054013101701FD97
:104B1000930540110F140200B905A0100F140100F5
:104B2000DF05B01010140000070630120F14020049
:104B30002D06D011111400005806D01817140100CA
:104B40009206901110140100BA06D0101114000042
:104B5000E506C0100E14010008077007051B02FCD3
:104B60001907800B0A1601FE35077007061B00FCAB
:104B70004A07B00B0A0A010A5707A00C0D0201FEF2
:104B80005B07A008050401115E07400F0D0F01002F
:104B90007707C00F0D1502009A07B00E0D0F010028
:104BA000B307D00F0D150100D607E00E0D0F010061
:104BB000EF07C0090A1500000A08C00F0D1501FA19
:104BC0002D08700F0C1502004D08D00603140200CA
:104BD0005508B006061AFFFA6908300E0D150200D6
:104BE0008C08D0060315020094089018150F0200D7
:104BF000BC08700F0C0F0200D30800100E0F01004C
:104C0000EE08C00F0D1502FA1109F00F0D1501FA8B
:104C100034098009070F02004209700E0C0F0100D1
:104C200059093009091300006F09700F0C0F0200B9
:104C30008609900D0D0F00009F091015130F01003C
:104C4000C309E00D0C0F0100DA09400D0D1500FA43
:104C5000FD09E00D0C0F0100140A8009091C01FB7D
:104C6000340AD006021802FC3A0A8009091B00FB2C
:104C7000590A10130F050205C9C50000C9C3000079
:104C8000000000002D0000000900000000FD0200EF
:104C90009C4C03000000000000000000117A03009B
:104CA000D04C0300BC4C0300B04C030010000102C8
:104CB000FF790300F67903000900000020000000DE
:104CC0005F00010000000000000000000000020082
:104CD00000000000000000000000700A0101000058
:104CE0000100800B071E02001C00600D0B0B01155C
:104CF0002C00A018171E010083004018142802FC85
:104D0000E700201F1B1E02004D01001C1B1E01009E
:104D1000B301A006050B0115BA01C00E0B2B03F75A
:104D2000F601D00E0C2B01F7370250131313000BB2
:104D30006502B016141701029F02D00A070D01F890
:104D4000AB02C0110C05030BB302700C0706020086
:104D5000B902200F0F2100FDF7024018141E0200B7
:104D6000420340180D1E030073034018151E010076
:104D7000C2034018151E010011044018161E010040
:104D800064044018141E0200AF044018151E0200EF
:104D9000FE044018151E01004D054018141E0200A7
:104DA00098054018141E0200E305400C0717020086
:104DB000F805900B081F01F817067015121401036F
:104DC00044066018130E03066606A01512140203AB
:104DD00093063015131E0100DB06A025222702F7DB
:104DE0008107601C1C1E0000EA07F01A161E020054
:104DF0003D08801B181E02009708401B171E02006A
:104E0000EE089017151E02003D090017141E02003F
:104E10008809A01C181E0200E209901D181E02003D
:104E20003C0A800C061E0300530A9017141E010052
:104E30009E0AD01A181E0200F80AC016141E02009C
:104E4000430BD024201E0200BB0B901D181E020035
:104E5000150C001D1A1E0200770C301B171E0200D5
:104E6000CE0C001D1A2302FB400D201B171E020052
:104E7000970D101A171E0100EE0D401A191E0100A1
:104E80004C0ED01B171E0200A30EA01B1C1E000000
:104E90000C0FA024231E0100900FC01A1A1E000040
:104EA000F20F301A1B1E000058109019171E010037
:104EB000AF10C00B092B02F9E010D011132100FD37
:104EC0002F11C00B092B00F96011A012110F010F57
:104ED0008011A012130500FB8C11100E0B06011A95
:104EE0009511601614170100CF11A01714200200AD
:104EF0001F12E015141701005912A0171420010009
:104F0000A912D01614170100E312200F0F20010080
:104F10001F131018142001F76F13A017132002009D
:104F2000BB13500B07200200D713300B0C29FDF7E1
:104F30001514B016152002006914500B062002004B
:104F40008114402420170200DD14A017131702005B
:104F50001415B017151701005115A017142002F7EA
:104F6000A115A017142001F7F115A00F0D170200CD
:104F700017169015131701004E16500E0E1D010046
:104F80008116A01713170200B81680151617000017
:104F9000F816B01E1D1701004C17801515170000DC
:104FA00089177015162000F7E117801513170100F7
:104FB0001818C00D0D2800F95918B00A042404FA75
:104FC0006B18C00D0C2801F9A718E01A170A02087F
:104FD000C0090020000100007BCB01001DCB0100B7
:104FE0000200000017CD01000000000000000000DA
:104FF0000000000000000000B5940300BD94030011
:10500000000000000000000000000000C594030044
:10501000C9940300CD940300D1940300512D0000E6
:10502000452D0000752D00002D2D00000000000012
:10503000392D000000000000D12D00002491002037
:1050400056570120100000000000000081CD010033
:105050003005002028050020200500200000000069
:1050600018050020992F00008D2E0000E12E000071
:10507000412F0000C00400200000000000000B06CB
:10508000020000008850030000000000D4990300D3
:105090002600020200000020DC99030022000B1110
:1050A0003D3D00000D3D000000000000953E000069
:1050B000813D0000FC99030003CF010009CF0100EE
:1050C000029A0300FFFF00000003005000000000F0
:1050D000010000000060004000000000BCF801FF7B
:1050E00000000050000000000000000000600040D0
:1050F0000000000000F00240000000000048E8014D
:10510000000000000000000000000000FFFFFFFFA3
:105110000000FF000000000000000000FFFFFFFF94
:105120000200000101000000E9CF0100FFFF0000C4
:1051300040510300FFFFFFFF0000000000000000DF
:1051400000F002404C5103000100000054510300E4
:10515000030000002F0000042E0000062D000005B3
:105160004C4203000C0001000000000065D6010065
:105170002FE00100C7DC010000000000359C0300A7
:105180008200000082000000CA020000C9C50000C1
:10519000C9C3000000000000100000000300000070
:1051A00000FF0100B05103000000000000000000FB
:1051B00060A90300FC510300D4510300C451030053
:1051C00010000228779C0300C2A8030024A8030053
:1051D0003D310000200000005F00010000000000E1
:1051E0000000000000000200B0000000F3F76000C3
:1051F0005C620300000000003E00030000000000AD
:10520000000000000000C003000000000000C00318
:10521000030A00000F008005050500051C00D009E9
:105220000A0A00004E00B008090F00FE9200D00BE1
:105230000C0A0000CE00A0090A0B00FF0501F002D5
:10524000030500050D01B004040E01FD2901C00491
:10525000040E00FD4501A0050606000557012008C3
:105260000807000273013003030500FE7B0160059F
:105270000503000383013003030300008801F004E9
:10528000070EFFFFB9015009090A0000E6013005C9
:10529000040A0000FA011008080A000022020008AF
:1052A000080A00004A0260090A0A00007C0210088D
:1052B000080A0000A402A008090A0000D102600840
:1052C000080A0000F9020009090A00002603A008E4
:1052D000080A00004E033003030800005A0330039D
:1052E000030B00FD6B032008080800018B03200856
:1052F00008060002A303200808080001C3030008F1
:10530000080A0000EB03800E0E0D00FD4604400A63
:105310000C0AFF008204A00A090A0100AF04200A57
:105320000A0A0000E104900B0A0A01001305600953
:10533000080A01003B05E008080A01006305D00ADD
:105340000A0A00009505600B090A0100C205500415
:10535000020A0100CC053007070AFF00EF05100A1A
:105360000A0A010021065008080A01004906600DDA
:105370000B0A01008006600B090A0100AD06C00B94
:105380000C0A0000E906200A090A01001607C00BF2
:105390000C0D00FD6407300A090A01009107B008EE
:1053A000090A0000BE073008090A0000EB07100BCD
:1053B000090A01001808F0090B0AFF004F08C00F86
:1053C000100A00009F0870090A0A0000D10810099D
:1053D0000B0AFF0008093009090A00003509B0046A
:1053E000040E01FD5109F004070EFFFF8209B0040D
:1053F000040E00FD9E09300807060102B3090007EC
:10540000070100FFB709600805020109BC0960082F
:1054100008080000DC099009080B0100080A0008D0
:1054200008080000280A9009090B00005A0A900891
:10543000080800007A0AF004060B00009B0AB00975
:10544000090B00FDCD0A9009080B0100F90AE003E1
:10545000020B0100040B0004050EFEFD270BA00843
:10546000080B0100530BE003020B01005E0BD00E92
:105470000D080100920B900908080100B20BE0082A
:1054800009080000D60B9009080B01FD020C9009D9
:10549000090B00FD340CC00505080100480C00078D
:1054A00007080000640CD005060A0000820C800981
:1054B00008080100A20CD0070908FF00C60C900CD8
:1054C0000D080000FA0CC007080800001A0DD007EC
:1054D000090BFFFD4C0D500707080000680DF00494
:1054E000050E00FD8B0D3004020E01FD990DF00438
:1054F000050E00FDBC0D200808030003C80DE005E3
:1055000006050006D70D600404030003DD0D000E40
:105510000F0FFFFE4E0E000E0E0B00009B0E000E36
:105520000E0D00FFF60E000E0E0B0000430FA0093B
:105530000A0B00007A0F000E0E0F00FEE30F000EA4
:105540000E0F00FE4C10C00F100D00FFB410000E27
:105550000E0F00FE1D11C00F100B00007511000E84
:105560000E0F00FEDE110007070C00FF0812800A74
:105570000B0C00FF4A12C00F100E00FEBA12000EF4
:105580000E0B00000713A0090A0F00FE5213400C77
:105590000A0E01FE9813400C0D0F00FEFA13400C8A
:1055A0000D0D00FF4F14400C0D0D00FFA414400C16
:1055B0000A0E01FEEA14400C0E0DFFFF4515C0084F
:1055C000090D00FF8015C008090D00FFBB15400C38
:1055D0000D0D00FF1016400C0D0400032A16C00F1D
:1055E000100B000082168011120F00FE0917C00F69
:1055F000110FFFFE8917000E0E0D00FFE417400C7F
:105600000D0800011818400C0D0800014C188011FD
:10561000120B0000AF18000E0E0B0000FC18000E5D
:105620000E0F00FE6519000E0F0FFFFED619400C7D
:105630000D0D00FF2B1A400C0D0F00FE8D1A400CB3
:105640000D0D00FFE21A400C0D0C00FF301B000E88
:105650000E0B00007D1BC0080A0FFFFEC81B400C8C
:105660000D0F00FE2A1C400C0D0F00FE8C1CC00FFD
:10567000100B0000E41C000E100FFFFE5C1D800AE2
:105680000B0F00FEAF1D8011120D00FF241E8011B4
:10569000120A00007E1E8011120A0000D81E80111E
:1056A000120A0000321F8011120A00008C1F8011A4
:1056B000120A0000E61F8011120C00FF5220400C5D
:1056C0000C0F00FEAC20400C0D0F00FE0E21000E52
:1056D0000F0FFFFE7F218011120B0000E221800AD4
:1056E0000B0F00FE3522100E0F0A00001DB802003D
:1056F000FDE2000053B5020003B6020083B70200CA
:1057000035B70200CBB6020079B60200CDB5020073
:105710005DB5020099E200001DB80200B9E2000088
:1057200053B5020003B6020083B7020035B702008A
:10573000CBB6020079B60200CDB502005DB502001D
:1057400099E200007DD802005BD8020033D8020045
:105750006BD9020061D70200E9D802002BD7020002
:1057600068510300611C010000000000D11C010011
:105770000000000000CF0300000000000000000057
:1057800001060000685103006DEA0200E7E902002B
:10579000DD2701000000000004CF03000401000029
:1057A0000D00000040070000685103005DEB02009F
:1057B00000000000000000000000000058D30300BB
:1057C000FFFFFF3FFFFFFF3FC402000068510300DF
:1057D000152B010077EB0200DD2E01000000000018
:1057E00008CF0300040100008200000085040000CF
:1057F00012CF030017CF03001CCF03003F94030018
:1058000021CF030026CF0300409403002BCF0300D9
:105810002ECF030031CF030034CF030037CF030076
:105820003ACF03003DCF030068510300C9340100A3
:1058300000000000000000000000000040CF030056
:10584000C3000000C3000000C446000057CF03009F
:105850005FCF030068CF03006ECF030074CF030057
:1058600078CF03007DCF030082CF030089CF0300F0
:1058700093CF03009BCF0300A4CF03006851030024
:10588000CD35010000000000000000000000000015
:10589000ADCF0300640000202B00000000000000DA
:1058A000685103006D370100000000000000000097
:1058B0000000000058D2030064000020FFFFFF3FFB
:1058C0000000000068510300E3F2020077F20200DA
:1058D000FD3701000000000071D2030064000020C9
:1058E000040100008007000068510300713F0100BF
:1058F00065FB0200B13F01000000000081D20300FF
:10590000FFFFFF3FFFFFFF3F44030000685103001C
:10591000DBFD02006DFD02005541010000000000AA
:10592000A9D20300000000000000000000030000F6
:1059300068510300E14001000DFE02001143010027
:105940000000000068D2030082000000FFFFFF3F5C
:1059500005050000685103008D440100F3050300B4
:105960002545010000000000B7D20300FFFFFF3F04
:10597000FFFFFF3FC00500001367030056D203007E
:10598000A7D20300CCD203003F94030024CF03002E
:1059900028D40300E2D20300F0CE03003F940300BA
:1059A000E4D20300E6D20300E8D20300DAD2030017
:1059B0003F940300DED20300FA990300D29903005A
:1059C00049CF03004DCF0300409403001367030049
:1059D00056D20300A7D2030024CF030028D403002B
:1059E000E2D20300E4D20300E6D20300E8D20300CF
:1059F000FA990300DAD203003F940300BDD20300FA
:105A0000EAD20300ECD2030071940300A065030006
:105A1000EED20300F0D20300F2D20300F4D203006E
:105A2000C6D20300F6D20300F8D203003F9403006D
:105A3000FAD20300FCD20300FED2030089980300CF
:105A4000DC68030000D30300EECE030002D30300A2
:105A500004D3030006D3030008D303000AD30300D2
:105A60003F940300CCD2030049CF03008694030087
:105A70004DCF0300F0CE030040940300C5D20300D5
:105A80000CD30300409C0300ECCB0300F9CB0300D4
:105A9000E9D603000ED3030010D3030015680300FA
:105AA00012D30300CD980300DAD203003F94030021
:105AB000BDD2030014D3030016D3030018D3030090
:105AC000236603004E6503001AD303001CD30300B2
:105AD0001ED3030022D80300D6D203003F94030054
:105AE00020D30300E0D2030022D30300CD650300DE
:105AF000C3D2030024D3030026D30300E6CB030064
:105B000028D30300D29903002AD303002CD3030027
:105B10003F940300C8D2030049CF030086940300DA
:105B20004DCF0300F0CE030040940300C5D2030024
:105B3000D8DB03006ED4030035CF03003BCF030056
:105B4000C593030076CF03002CCF03002ED30300B0
:105B50002FCF0300B5D90300DAD203003F9403002E
:105B6000C1D203003ECF03007C680300C5D503000B
:105B7000CF940300D394030038CF0300379C030075
:105B8000009A030096D40300D6D203003F9403008A
:105B900020D30300E0D2030030D30300AF9603000C
:105BA0008B94030032D3030034D3030066680300F0
:105BB00044940300D29903002AD303002CD303009A
:105BC0003F940300CCD2030049CF03008694030026
:105BD0004DCF0300F0CE030040940300CC570300E8
:105BE000D949010000000000000000000000000092
:105BF00036D30300640000203200002001050000BD
:105C000068510300D9530100D50A03002D54010047
:105C10000000000031D40300FFFFFF3FFFFFFF3F04
:105C20000006000068510300110F0300000000008F
:105C3000F5570100000000002A6603001A0000006A
:105C40001A0000000003000068510300730F0300F6
:105C500000000000C95B01000000000044D3030005
:105C6000FFFFFF3FFFFFFF3F80030000005C0300DA
:105C70000000000000000000000000000000000024
:105C800049D3030064000020FFFFFF3F0000000035
:105C9000A857030000000000000000000000000002
:105CA0000000000053D3030064000020FFFFFF3F0B
:105CB0000000000068510300000000000000000028
:105CC0000000000000000000B2D20300C30000008A
:105CD0000401000000000000685103000000000003
:105CE00000000000000000000000000000000000B4
:105CF00000000000000000000000000068510300E8
:105D00000000000000000000000000000000000093
:105D10000000000000000000000000000000000083
:105D200068510300000000000000000000000000B7
:105D30000000000000000000000000000000000063
:105D40000000000068510300000000000000000097
:105D50000000000000000000000000000000000043
:105D60000000000000000000685103000000000077
:105D70000000000000000000000000005CD30300F1
:105D8000FFFFFF3FFFFFFF3F0000000068510300DF
:105D9000B70F03000000000000000000000000003A
:105DA0006BD3030064000020FFFFFF3F00000000F2
:105DB00068510300CF0F0300000000000000000046
:105DC0000000000078D3030064000020FFFFFF3FC5
:105DD00000000000685103005F100300431003003F
:105DE000000000000000000082D3030064000020D7
:105DF000FFFFFF3F4003000068510300755D010095
:105E0000AF0F030000000000000000008CD303006F
:105E1000C300000004010000C00600006851030038
:105E20000000000000000000000000000000000072
:105E300091D303006400002064000020C002000031
:105E40006851030000000000000000000000000096
:105E500000000000A1D303002B000000640000201C
:105E6000C4020000685103000000000000000000B0
:105E70000000000000000000B6D30300FFFFFF3F5A
:105E800064000020C402000068510300000000000C
:105E9000000000000000000000000000CBD3030061
:105EA000640000202B000000C002000068510300C5
:105EB00000000000000000000000000000000000E2
:105EC000D9D3030064000020FFFFFF3FC0020000A1
:105ED0006851030000000000000000000000000006
:105EE00000000000E8D30300640000202B00000045
:105EF000C002000068510300000000000000000024
:105F00000000000000000000F6D3030004010000C0
:105F1000FFFFFF3FC0030000005C03000000000023
:105F200000000000E95F0100000000002AD4030027
:105F3000000000000000000000060000685103009F
:105F40006161010000000000AD610100000000007F
:105F500037D40300FFFFFF3F82000000050400006C
:105F60006851030035650100251A03008D6A0100A0
:105F7000000000003ED4030000000000000000000C
:105F80004106000084570300C52303000000000001
:105F9000116B01000000000044D403000000000069
:105FA00000000000450A00005C600300D56F01009E
:105FB0000000000025700100000000004BD4030029
:105FC000820000000000000081080000605703000C
:105FD000FD29030000000000000000000000000098
:105FE00053D4030000000000000000000000000087
:105FF00068510300332A03002B2A03002D7201008D
:10600000000000005BD40300340000001E0000000C
:1060100044030000685103006B2D0300152D03009D
:10602000CD7701000000000062D40300FFFFFF3FB6
:10603000FFFFFF3F85040000685103003D7B010026
:1060400000000000817C01000000000068D4030013
:106050006400002064000020400300006851030039
:10606000E57F01007D30030059840100000000003D
:1060700074D4030004010000820000004507000002
:106080006851030031890100000000000000000099
:10609000000000007DD403000000000000000000AC
:1060A0000003000068510300F188010000000000B7
:1060B000000000000000000082D403000000000087
:1060C0000000000000030000685103004D8901003A
:1060D0000000000000000000000000008BD403005E
:1060E0006400002064000020C0020000744203002D
:1060F000801A0600000101000000000000000000FE
:106100000000000060420300000000006042030045
:10611000020010006042030007000000604203001C
:106120001D000100881300006D8F010041910100E6
:10613000F5910100293603004F3603007442030035
:1061400000093D00060100004C4203000C00010064
:10615000000000004C4203000B0000004C42030012
:1061600003000000604203001E00000090012C01AB
:10617000000000008D9A0100B99A0100E59A010023
:10618000000000000000000000000000000000000F
:106190003D9A0100D13A0300559A010084DB0300C7
:1061A00092DB0300A6DB0300B5DB0300C1DB0300C9
:1061B000B0410300B0410300F0410300F841030087
:1061C0003042030038420300FF8FFFFFFF8FFFFFC5
:1061D000FE8FFFFFFE8FFFFFFD8FFFFFFC8FFFFF96
:1061E000FC8FFFFF6D757465785F6672656520636F
:1061F000616C6C65642077697468204E554C4C2046
:10620000706172616D6574657200000043616E2794
:106210007420696E697469616C697A65206D757442
:1062200065782C20776173204E554C4C0D0A000088
:10623000436F756C64206E6F74206C6F636B20709D
:106240006F7765722073617665206D75746578006F
:106250001000400000041000400000040000721F05
:1062600051EF58EF5BEF5CEF5DEF61EF63EF65EFD0
:1062700069EF6CEF71EF76EF77EF78EF8EEF93EFDA
:1062800098EF9BEF9CEF9DEFA1EFA2EFA3EFA4EFA0
:10629000B7EFB8EFBEEFC0EFC1EFC4EFC7EFC8EF85
:1062A000C9EFCBEFE3EFE5EF14F015F017F019F0BD
:1062B00030F037F03AF043F06CF074F0ABF03BF1B3
:1062C00090F191F192F193F194F1D7F1E3F13DF274
:1062D00054F2AAF412F7F2F70400100000011000C3
:1062E0004000000400003C027804B306EE08280BCE
:1062F000610D990FD01106143A166C189D1ACB1C1B
:10630000F71E212148236C258E27AC29C72BDF2DB2
:10631000F32F0332103418361D381C3A183C0E3E49
:106320000040ED41D443B74594476B493D4B084D80
:10633000CE4E8E504752FA53A6554C57EB58825AC0
:10634000135C9D5D1F5F9A600E627A63DE643A663D
:106350008E67DA681E6A5A6B8D6CB86DDA6EF46FF0
:1063600004710D720C730274EF74D375AE7680777E
:1063700048780779BC79687A0B7BA37B337CB87C3F
:10638000347DA67D0E7E6D7EC17E0C7F4C7F837F2B
:10639000B07FD37FEC7FFB7F008001000100010014
:1063A000220301000100010022030100010001009D
:1063B00002000100010001000100010001040104CC
:1063C00001040104010401040104010401040104A5
:1063D0000201220301040104010401040104010477
:1063E0000104010401040104010401040104010485
:1063F0000104010401040104010401040104010475
:106400000104220302010600020122032503040401
:10641000040404040404040404040404040404043C
:106420000404070126030304030403040304030410
:106430000304030403040304070101050105010427
:106440000104010401040104010401040105010522
:1064500001052203020106000201220325030404B0
:1064600004040404040404040404040404040404EC
:1064700004040701260303040304030403040304C0
:1064800003040304030403040701010501050104D7
:1064900001040104010401040104010401050105D2
:1064A0000105220302010600020122034C4544209B
:1064B0002564207475726E6564206F66662061665F
:1064C00074657220626C696E6B005549443A2025F0
:1064D0003032582530325825303258253032582540
:1064E0003032582530325825303258253032580055
:1064F0004E6F2074616720666F756E640050726520
:10650000737320423020746F207363616E004C619E
:106510007374205363616E6E65643A202564732042
:1065200061676F004C617374205363616E6E6564C4
:106530003A2025646D202564732061676F0049440B
:106540004C45004E46435F5343414E4E494E470033
:1065500053797374656D2073746174653A20257383
:10656000202D3E202573004E4643207468726561DD
:10657000642073746172746564004E4643207363D3
:10658000616E20747269676765726564002A2A2AE1
:1065900020544147204445544543544544202A2A29
:1065A0002A005549443A20253032582025303258A7
:1065B00020253032582025303258202530325820BE
:1065C0002530325820253032582025303258004EA0
:1065D0006F204E4643207461672064657465637460
:1065E0006564202874696D656F757429004E464393
:1065F000207363616E206661696C656420776974DD
:1066000068206572726F723A202564004E464320FE
:106610007363616E20636F6D706C657465004F4EBF
:10662000004F464600756E66696C6C656400537475
:10663000617274696E67204E4643202B2042757448
:10664000746F6E202B204C4544202B204C56474C19
:106650002044656D6F00427574746F6E20696E69B9
:106660007469616C697A6174696F6E206661696CC6
:1066700065643A202564004C454420696E6974695C
:10668000616C697A6174696F6E206661696C6564BA
:106690003A20256400446973706C617920646576E2
:1066A000696365206E6F7420726561647900446966
:1066B00073706C61792064657669636520726561C9
:1066C0006479004372656174656420256420627595
:1066D00074746F6E20636972636C6573004E464319
:1066E0002073746174757320626F782063726561C2
:1066F00074656400466565644261636B4E6F770044
:10670000517569726554656368204C4C43207C2048
:1067100076312E310053706C61736820736372653B
:10672000656E2063726561746564004C56474C2049
:10673000554920696E697469616C697A6564202DB8
:106740002073706C6173682073637265656E20617D
:10675000637469766500504E353138302064657653
:10676000696365206E6F7420726561647900504EB4
:106770003531383020696E6974206661696C6564F2
:106780003A20256400504E3531383020636F6E66F4
:106790006967757265206661696C65643A20256475
:1067A00000504E35313830204E464320696E6974B2
:1067B00069616C697A656420737563636573736678
:1067C000756C6C79006E66635F7363616E6E657283
:1067D0000053797374656D207265616479202D2092
:1067E0004E46432C20427574746F6E732C204C45BA
:1067F00044732C20446973706C61792061637469FF
:10680000766500537769746368656420746F2064EB
:10681000656D6F205549000A427574746F6E2025AE
:106820006420707265737365642028746F74616C82
:106830003A2025642C2073746174653A20257329ED
:1068400000427574746F6E203020707265737365CA
:1068500064202D2074726967676572696E67204EC7
:106860004643207363616E00436972636C65202543
:106870006420757064617465643A20257300427504
:1068800074746F6E2025642072656C656173656435
:106890000052657475726E656420746F2073706C3D
:1068A0006173682073637265656E206166746572DA
:1068B00020696E6163746976697479006D61696ECF
:1068C00000427574746F6E20256420434F4E464914
:1068D000524D4544202870696E3D2564290042755B
:1068E00074746F6E2025642052454A4543544544D4
:1068F000206173206E6F697365202870696E3D2575
:10690000642900427574746F6E2025642064657676
:10691000696365202573206E6F74207265616479E8
:10692000004661696C656420746F20636F6E6669F0
:106930006775726520627574746F6E2025640046F9
:1069400061696C656420746F2073657420696E746E
:1069500065727275707420666F7220627574746FE0
:106960006E20256400496E697469616C697A65649A
:1069700020627574746F6E202564206F6E202573FD
:106980002070696E20256400627574746F6E7300E8
:106990004C45442025642064657669636520257331
:1069A000206E6F74207265616479004661696C6560
:1069B0006420746F20636F6E666967757265204C22
:1069C000454420256400496E697469616C697A6583
:1069D00064204C4544202564206F6E202573207070
:1069E000696E202564006C65647300EFEFEFEFE5DE
:1069F000E5E5E5DD03030308080308080D030D08BA
:106A00000F030F08101000FFFFF00CFFFFF00C81C8
:106A100090220447FE33064088110223FF19832089
:106A20004408800C060F8FEE3E0F07C0701F01C098
:106A30007C1E0F8EFE3E0603007806603311998C93
:106A4000C866C1E4004006F02CC26613311988CC38
:106A500003C01C02306306306703E03C03C07E0EB7
:106A600066C36C3CC1C61E3E60FFC008CC463318EE
:106A7000C6318C610C61843000861843186318C6D7
:106A8000318CC633118000181898FF3C3C66460CC8
:106A90000300C0300C3FF0C0300C0300C06DACF8F8
:106AA000C0020206040C0C08181810302060604068
:106AB000C03E3190583C1E0F0783C1E0F07834335C
:106AC00018F80CFFE30C30C30C30C30C30C03E315F
:106AD000B07830180C0C0E06060707070303FE3EBD
:106AE00031B07830180C1C3C0700C0783C1B18F8FB
:106AF0000180701E03C0D83306618C318C33FF8057
:106B0000C0180300607FB01808040203F9860180F2
:106B1000C0783C1B18F80E1C180C0C060379C6C173
:106B2000E0F078361B1878FFC03018060300C0303C
:106B300018060300C060180603003E31B0783C1E02
:106B40000DDC7C7760F0783C1B18F83E3198D83C1F
:106B50001E0F0783639EC060603030E0C0000C6091
:106B600000036DE001071E70C0F01E0701FF00006A
:106B700000FF80701F01E01878F1C080003C66C300
:106B8000030303060E0C18181800001803E00C1875
:106B9000180C3006600661C3C223C423CC63CC63E7
:106BA000CC63CC63CC46CCE6673C60003000182058
:106BB00007C00E00E00E01B01B019831831830C6EB
:106BC0000C7FC606C06C03C030FE30CC1B06C1B0C3
:106BD0006C33F0C3B03C0F03C0F06FF01F06198197
:106BE000303C0780300600C0180301A036046187DE
:106BF000C0FC30CC1B06C0F03C0F03C0F03C0F06BD
:106C0000C1B0CFC0FFE030180C060301FEC06030F9
:106C1000180C0603FEFFE030180C060301FEC060EE
:106C200030180C0603001F063983203C0180300613
:106C300000C3F80F01B0360661C7E0C0780F01E06D
:106C40003C0780F01FFFC0780F01E03C0780F01880
:106C5000FFFFFFFC0180C06030180C06030180C0FC
:106C6000783C1B18F8C0D8330C638CE1983607E0E9
:106C7000EC18C30C61CC1981B038C06030180C0618
:106C8000030180C06030180C0603FEE01F807F0304
:106C9000FC0FF03F61BD86F21BCCCF333C48F1E3E3
:106CA000C78F0C3C30C0C07C0FC1F83D87B0F31ECD
:106CB00073C6786F0DE0FC1F81F0181F063183301A
:106CC0002C0780F01E03C0780F01B0660C6307C06C
:106CD000FF306C0F03C0F03C0F06FF300C0300C008
:106CE000300C001F063183302C0780F01E03C07863
:106CF0000F01B0260C6307E00E0060FF183303603D
:106D00006C0D81B0360CFE18C30C60CC1981B0300C
:106D10003E186C0F03C03807C0FC0F80700F03C013
:106D2000D861F0FFF06006006006006006006006B3
:106D300000600600600600600600C0F03C0F03C063
:106D4000F03C0F03C0F03C0F03C09861E0C0360375
:106D500060320630630610C18C18C0980D80D007D1
:106D600000700600C183C183C183C3C343C66246AA
:106D7000664666662664342C3C3C3C3C3838181821
:106D80001818C0EC198618C3B03E0380601E03605B
:106D9000CC18C61DC1B038E0360670630C38C198F7
:106DA0001980F00600600600600600600600FFC063
:106DB00010060180300C010060180300C0180601A5
:106DC000803FF8FCCCCCCCCCCCCCCCCCF0406060C0
:106DD0002030301818080C0C0406060303F3333374
:106DE000333333333333F01060E3C689B363FF804A
:106DF000C6203CE6C3033F63C3C3C3673BC06030E8
:106E0000180DE71B0583C1E0F0783C371B781E3175
:106E100098783C0603018061B18F800180C06033A7
:106E2000DB1D8783C1E0F078361B1CF61E31987895
:106E30003C1FFF01806030C7801E60C18FC60C18E8
:106E40003060C183060C003DB1D8783C1E0F07832B
:106E500061B1CF60341B18F8C0C0C0C0DEE7C3C347
:106E6000C3C3C3C3C3C3C3C0FFFFFC30003333334A
:106E700033333333E0C06030180C363331B0F07C3C
:106E80003B198C661B0EFFFFFFFCDE79CF1B0C1E2F
:106E9000183C307860F0C1E183C307860F0C18DE20
:106EA000E7C3C3C3C3C3C3C3C3C31E1CE61B03C022
:106EB000F03C0F036198E1E0DE71B0D83C1E0F0793
:106EC00083C371B7980C0603003DB1D8783C1E0F00
:106ED000078361B1CF6030180C06DF318C6318C6B0
:106EE000303C47C3C0F87E0F03C3623C30C33F3021
:106EF000C30C30C30C3070C3C3C3C3C3C3C3C3C349
:106F0000677BC1B0D844633190583C1C06030041F4
:106F100004C7198E3314626C86DB0D160A281C70A8
:106F2000306060C061B18CC3C1E060783C3331D85F
:106F300060C1B0D84C633190D83C1C0E0301018075
:106F40008180FF01018180C0C0C06060603FE00CB3
:106F5000630C30C30C63060C30C30C3060C0FFFF01
:106F6000FFFFC0C1830C30C30C18318C30C30C310F
:106F70008C00706D0F1361C0E9E9E9E9DBDBDBDB55
:106F8000CF03030308080308080D030D080F030FC0
:106F900008101000FFFFFFFFFFC01FF0CF3CF3CF32
:106FA0003003180630186030C06180C61FFFBFFF75
:106FB0000C3018603180630FFFDFFF86180C6018FB
:106FC000C03180C301860003001800C00600FC0F1A
:106FD000F0E1CE0F703B81DC00F003E00FC01F80BA
:106FE0003E007801F80FC07F07BC78FF83F80300EC
:106FF0001800C03C001F800E70030C18C30C30C674
:107000000E7301F8C03C600030000C00063C031F0A
:1070100080CE70630C30C30C30C20E7001F8003C9F
:107020000F803FE078F070707070707078E03BC057
:107030001F801F003F007F8EF3CEE1EEE0FCE07C7E
:10704000F078787C3FFE1FCFFFF002060C1C38382A
:10705000707070E0E0E0E0E0E0E0E0E0E0707070D0
:1070600038381C0C0602406030381C1C0E0E0E070F
:107070000707070707070707070E0E0E1C1C383007
:10708000604006006006046276E7FE0F00F01B8396
:107090009C30C00003800E003800E003800E0FFF1C
:1070A000FFFF03800E003800E003800E00380077F9
:1070B00077EEC0FFFCFF8000E0180300C018070057
:1070C000C0180600C0180600C0380600C03006010F
:1070D000C030060180000F81FF1E3CE0EE03F01F70
:1070E00080FC07E03F01F80FC07E03F01F80FC0723
:1070F0007073C78FF81F00031F7FF7870707070705
:1071000007070707070707070707070FC1FF1E1C29
:10711000E0FE03F01C00E0070070070078078078AD
:1071200007803803803803803FFFFFF01F81FF1C7A
:1071300039C0EE07003801C01C0FE07E03F800E004
:1071400003801F80FC07F07BC78FF81F00007001D1
:10715000E007C00F803F00EE019C07381C7030E054
:10716000E1C38386071FFFFFFF8038007000E00146
:10717000C003803FF1FF9C00E007003801800DF064
:107180007FE387801C007003801C00FC07E073878E
:107190008FF81F0003C07E07807007003801801C35
:1071A000F8FFE7C7BC1DC07E03F01F80EC077071BD
:1071B000C78FF81F00FFFFFFC00E006007003003FD
:1071C000801800C00E006007003003801801C00E58
:1071D0000060070030001F81FE1C39C0EE07703BC5
:1071E00081CE1C3FC0FC0F78E0EE03F01F80FC074F
:1071F000F07BC78FF83F800F81FF1E38E0EE0770ED
:107200001F80FC07E03B83DE3E7FF1F3801C01C062
:107210000E00E01F07E03C00FF8000000FF87770D1
:107220000000000077776E4000201C0F87C7E1E068
:107230003803E01F00FC078030FFFFFC0000000067
:10724000003FFFFF800E00FC03F007C01F00F03E70
:107250001F87C0F00C001F0FF9C7707E0E01C038E9
:107260000E03C0701C0780E01C0000000001C03845
:10727000070000FE000FFE00F01E07001818003087
:10728000C0006703C1983F8661C60F06183C38608E
:10729000F0C183C3060F0C183C3060F0C187C30EE9
:1072A0001B0E78E63F7F1878F8700000C00001C020
:1072B0000007808007FE0007F00001C000E000F832
:1072C000006C0036003B8018C00C600E38060C07BE
:1072D0000703838180C1FFF0FFF8E00C70073003E3
:1072E000B800DC0070FFC3FF8E07380EE03B80EE75
:1072F00003B81EE0F3FF8FFF380EE01F807E01F819
:1073000007E03F81EFFF3FF807E01FF83C1C780ED5
:107310007006F007E000E000E000E000E000E000C0
:10732000E000E000F0077006780E3C1C1FF807E054
:10733000FF81FFC383C701CE01DC03B803F007E080
:107340000FC01F803F007E00FC01F807700EE0397F
:10735000C1E3FF87FC00FFFFFFF801C00E007003D0
:10736000801C00E007FFBFFDC00E007003801C0002
:10737000E007003FFFFFF0FFFFFFF801C00E0070C5
:1073800003801C00E007FF3FF9C00E007003801C63
:1073900000E007003801C00007F01FFC3C1E780E1B
:1073A0007007F007E000E000E000E000E0FFE0FF31
:1073B000E007E0077007700738073C0F0FFE07F87B
:1073C000E00FC01F803F007E00FC01F803F007E0E3
:1073D0000FFFFFFFFF007E00FC01F803F007E00F46
:1073E000C01F803F0070FFFFFFFFFFFFFFF000386E
:1073F00001C00E007003801C00E007003801C00EC1
:10740000007003801F80FC07E07B878FF81F00E07F
:107410001EE03CE038E070E0E0E1C0E380E700EE31
:1074200000FF00FF00FB80F1C0E0E0E0E0E070E082
:1074300038E01CE01CE00EE00E00E00E00E00E0064
:10744000E00E00E00E00E00E00E00E00E00E00E0B6
:107450000E00FFFFFFF000FF000FF801FF801FFC90
:1074600003FFC03FEC037EE077EE077E6067E70E28
:107470007E30C7E39C7E39C7E1987E1F87E0F07EAF
:107480000F07E0F07E0607E00FE01FC03FC07FC09F
:10749000FD81FB83F307E70FC71F8E3F0E7E0CFCB9
:1074A0001DF81BF03FE03FC03F807F007007E01FEA
:1074B000F83C3C781E700E700EE007E007E007E035
:1074C00007E007E007E007E007700E700E781E3C4B
:1074D0003C1FF807E0FFC3FFCE07B80EE01F807E19
:1074E00001F807E03F81EFFF3FF0E003800E003836
:1074F00000E003800E00380007E01FF83C3C781ED7
:10750000700E700EE007E007E007E007E007E00715
:10751000E007E007700E700E781E3C3C1FF807FC79
:10752000001E000F0006FFC1FFE381E701EE01DC52
:1075300003B807700EE039C0F3FFC7FE0E0C1C1C29
:10754000381C7038E039C073807700700FE07FF12D
:10755000E0F780EE00FC01F8003C007E003F801F59
:10756000C007E001C001F803F007700EF078FFE0FB
:107570003F00FFFFFFFF01C001C001C001C001C00B
:1075800001C001C001C001C001C001C001C001C0F3
:1075900001C001C001C001C001C0E00FC01F803F99
:1075A000007E00FC01F803F007E00FC01F803F00E1
:1075B0007E00FC01F803F007701CF078FFE07F000C
:1075C0006003B801DC00E600E38071C03060383849
:1075D0001C0C0C070E038700C300738039800CC09D
:1075E00007E003E000F00078001800E0380FC070FA
:1075F0001F80E03B03E06607C0CE0D839C1B07188D
:10760000730C30C618718C70E31CE0CE198198336E
:1076100003B06607E0FC0780F80F01E01E03C03CE2
:107620000380300700E00E700E381C38381C381C00
:10763000700E7007E007C003C003C007C007E00E6C
:10764000701C701C38381C701C700EE00EE003B803
:10765000039E01C701C1C1C0E0E038E01C700770A3
:1076600003B800F8007C001C000E00070003800136
:10767000C000E00070003800FFFFFFF001C00E0006
:107680007001C00E007001C00E007001800E00700D
:1076900001800E007003800FFFFFFFFFF9CE739C87
:1076A000E739CE739CE739CE739CE7FEC0380601FC
:1076B00080700C0300E0180700C0300E0180700CD1
:1076C0000300E0180701C030FFF1C71C71C71C712F
:1076D000C71C71C71C71C71C71C71FFFC00C0701F5
:1076E000E078370CC7318EE1B070FFFFFFC0E38E4A
:1076F000301F81FF1C39C0E00700387FCFFE707754
:1077000003B81DC0EF0F3FF8FDE0E007003801C0EF
:107710000E007003BF1FFCF8F703B80FC07E03F024
:107720001F80FC07E03F03BE3DFFCEF8000F81FF46
:107730001E1CE06E037003801C00E00700380CE0A4
:1077400067871FF03E00003801C00E007003801CE8
:107750003EE7FF787B81F80FC07E03F01F80FC07B7
:10776000E03B81DE1E7FF0FB800FC0FF0E3CE0EEB1
:1077700003F01FFFFFFFE007003800E027879FF8B6
:107780003F0007C3F1E0701C070FFBFE1C0701C0A0
:10779000701C0701C0701C0701C0701C000FB9FFEE
:1077A000DE1EE07E03F01F80FC07E03F01F80EE0E4
:1077B00077879FFC3EE0070039039C3C7FC0F800C0
:1077C000E00E00E00E00E00E00E7CFFEF8FE07E05E
:1077D0007E07E07E07E07E07E07E07E07E07E07040
:1077E000FF81FFFFFFFFFFF01C71C00071C71C711C
:1077F000C71C71C71C71C71C71C7FBC0E0070038EC
:1078000001C00E00700383DC1CE1C71C39C1DC0F12
:10781000C07F03DC1C70E3870E3839C0EE0700FF21
:10782000FFFFFFFFFFFFFEEFC7E7FF7FBC3E1DC06E
:10783000F07E0703F0381F81C0FC0E07E0703F03A5
:1078400081F81C0FC0E07E0703F0381F81C0E0E71D
:10785000CFFEF8FF07E07E07E07E07E07E07E07ED0
:1078600007E07E07E0700FC0FF83871C0EF03F80AB
:107870007E01F807E01F807F03DC0E3870FF80FC7C
:1078800000EFC7FF3C3DC0EE03F01F80FC07E03F68
:1078900001F80FC0EF0F7FF3BE1C00E007003801B6
:1078A000C00E00000FB9FFDE1EE07E03F01F80FC5B
:1078B00007E03F01F80EE077879FFC3EE0070038C5
:1078C00001C00E00700380EFFFC70E1C3870E1C3CB
:1078D000870E1C38001F87FEF0EE07E07F007E0356
:1078E000FC03E00FE07E0770F3FE1F801C0E070311
:1078F0008FFFFC70381C0E070381C0E070381C0736
:10790000C1E0E07E07E07E07E07E07E07E07E07EE4
:1079100007E07E0770F7FF3F70603B81DC0C60E39F
:10792000861C306383981CC06E03600F0078038050
:107930000C00C0E07C1C1F8383B0F8661B0CE36363
:107940009CEE7198CC3319876370783C0F0781E007
:10795000F0380E030180E0770E70E39C1B81F80F76
:1079600000E00F01F819839C70E60EE070E03B81A7
:107970009C1C60E3861C306383981CC06E03E01F70
:10798000007803801C00E00600300300F807800048
:10799000FFEFFE00E01C0380300700E01C01C03850
:1079A0000700E00FFFFFF00003C3C1C1C0E0703863
:1079B0001C0E07078787C3E1F03C0E070381C0E078
:1079C00070380E0781E020FFFFFFFFFFFF40780EB9
:1079D0000701C0E070381C0E0703C0F01C3C3C1CC3
:1079E0000E070381C0E07070387810003C06FE0F6F
:1079F0008E3E0FEC0F80F0F0F0F0A9A9A9A9B0031A
:107A0000030308080308080D030D080F030F0810EF
:107A100010007EFDFBF7EFDFBF7EFDFBF7EFDFBF62
:107A20007EFDFBF7E000007DFFFFFFEF80F1FE3FF2
:107A3000C7F8FF1FE3FC7F8FE1DC3B870000F0E02D
:107A400001E3C003C780078F000E1E001C3C0078B6
:107A50007000F1E001E3C07FFFFCFFFFF9FFFFF0E2
:107A60003C380078F000F1E001E3C003C780070F65
:107A700003FFFFE7FFFFCFFFFF80F1E001E3C0035B
:107A800087800F0E001E1C003C780078F000F1E0AB
:107A900001C3C000003800038000380003800038B4
:107AA00000038001FC007FF01FFF83FFFC3FFFE726
:107AB000F8FE7F07F7E03F7E03F7E03F7F0007F81F
:107AC000003FE001FF800FFE007FF801FFC007FECE
:107AD000001FE0007F0003FFC03FFC03FFE03F7E8C
:107AE00007F7F9FE3FFFE1FFFC0FFF801FC00070AA
:107AF00000070000700007000FC00007FC0001FF36
:107B0000C0007C7C1C0F0783C1E0F0F03C1E1E0708
:107B100083C780F079E01F1F3C01FFCF001FF1E019
:107B200000FC7800001E000003C00000F000001EF2
:107B30003E00079FF001E7FF003CF1E00F3C1E0311
:107B4000E783C078F0781E1E0F03C3C1E0F0783CD5
:107B50001E078F0080FFE0000FF800007C0001F896
:107B60000000FFC0003FFC000FFFC001FFFC007FD2
:107B70001F800FC1F001F83E003F07C007E1F00091
:107B8000FE7E000FFF8000FFE0001FF80001FC00F8
:107B9000007FC0FC3FFC1F8FFFC3F1FBFCFE7E3F5C
:107BA000DF8FC3FFF1F83FFE3F03FF87F03FF0FF99
:107BB00007FC0FFFFFC0FFFFFC1FFFFF80FFFBF86C
:107BC00007F87F80FFFFFFFFFFFFBC000018078161
:107BD000F07C1F03E0F81E07C0F83E07C0F81F073F
:107BE000C0F81F03E07C0F81F03E07C0F81F03E0E0
:107BF0007C0780F81F03E03C07C0F80F81F01F03EB
:107C0000E03E03E03C0300000600F00F807C03E050
:107C10003F01F01F80F80FC07C07E07E07E03E03C5
:107C2000F03F03F03F03F03F03F03F03F03F03F06A
:107C30003F03E07E07E07E07C0FC0F81F81F03F0E2
:107C40007E07C0F80F00600000F0001E0003C000B7
:107C500078000F00E1E09F3CFBFFFF7FFFE1FFF0BA
:107C600007E001FC007FC00F7C03C7C0F87C1E0F3B
:107C70008080C000000001F8001F8001F8001F8014
:107C800001F8001F8001F8001F8001F80FFFFFFFBF
:107C9000FFFFFFFFFFFFFFFFFF01F8001F8001F85C
:107CA000001F8001F8001F8001F8001F8001F8000C
:107CB0003E7CF9F3E7CF9E7CFBE78300FFFFFFFFED
:107CC000FFFFFFF07DFFFFFFEF80003E007801F037
:107CD00003E007801F003E007801F003E007801FEB
:107CE000003E007801F003E007C00F003E007C007A
:107CF000F003E007C00F003E007C00F003E007C087
:107D00000F003E007C00F00001F800FFF01FFF8331
:107D1000FFFC3FFFC7F0FE7E07EFE07EFC03FFC0E5
:107D20003FFC03FFC03FFC03FFC03FFC03FFC03F1D
:107D3000FC03FFC03FFC03FFC03FFC03FFC03F7ECE
:107D400007E7E07E7F0FE3FFFC3FFFC1FFF80FFF77
:107D5000001F80001807C1FE3FFFFFFFFFFFFFBFAE
:107D6000E1F80FC07E03F01F80FC07E03F01F80F31
:107D7000C07E03F01F80FC07E03F01F80FC07E03C8
:107D8000F01F80FC01FC003FFC07FFF07FFFC3FFFA
:107D9000FE3F87F9F81FDF807EFC03F7E01F8000BD
:107DA000FC000FC0007E0007F0007F0007F0007F9E
:107DB0000007F0007F8007F8007F8007F8007F80D1
:107DC00007F8007F8007FFFFFFFFFFFFFFFFFFFFB8
:107DD000FFFFFC01FE003FFC07FFF87FFFE3FFFF12
:107DE0003FC3FDF80FEFC03F0001F8000FC000FCDB
:107DF000001FE01FFE00FFC007FF003FFC01FFF077
:107E0000001F8000FE0003F0001FFE00FFF007FFD0
:107E1000C07F7F07F3FFFF8FFFF83FFF80FFF80071
:107E2000FE00000FC0007F0003FC000FF0007FC0C9
:107E300003FF000FFC007FF001FFC00FBF007CFCC0
:107E400001F3F00F8FC07E3F01F0FC0F83F07E0F37
:107E5000C1F03F0FFFFFFFFFFFFFFFFFFFFFFFFF2F
:107E6000FFC003F0000FC0003F0000FC0003F00063
:107E70000FC0003F003FFFE3FFFE3FFFE3FFFE3F79
:107E8000FFE3F0003E0007E0007E0007EFC07FFF49
:107E900007FFF87FFFC7FFFE7E0FE0407F0007F07F
:107EA000003F0003F0003F0003FFC03FFE03FFE080
:107EB0007E7F0FE7FFFC3FFFC1FFF80FFF001F8031
:107EC000001F8003FC007FE00FFF00FFF80FFC00A5
:107ED0007F0007F0003F0003F3F01FFFE1FFFF8F7B
:107EE000FFFE7FFFFBFC3FDFC07EFC03FFE00FFFD8
:107EF000007FF803FFC01FFE00FDF80FEFC07E7F7C
:107F000007F1FFFF07FFF81FFF807FF000FE00FF73
:107F1000FFFFFFFFFFFFFFFFFFFFFFFF8001F800F4
:107F20000FC000FC0007E0007E0003F0003F80016E
:107F3000F8000FC000FC0007E0007F0003F0003FE6
:107F40008001F8001FC000FC000FE0007F0003F07C
:107F5000003F8001F8001FC000FC000FE00001FCA2
:107F600000FFF81FFFC3FFFE3FFFE7F0FF7E07F7AC
:107F7000E03F7E03F7E03F3F07E3F8FE1FFFC0FF4F
:107F8000F80FFF01FFF83F9FC7E07EFC03FFC03FF3
:107F9000FC03FFC03FFC03FFE07FFF0FE7FFFE3F56
:107FA000FFC3FFFC0FFF003FC001F8007FE01FFF91
:107FB00003FFF83FFFC7F0FE7E07EFE07EFC03FF04
:107FC000C03FFC03FFC03FFC03FFE03F7F0FF7FF14
:107FD000FF3FFFF3FFFF0FFBF07E3E0007E0007E58
:107FE000000FC001FC007F80FFF00FFE00FFC00FFC
:107FF000F000F8007DFFFFFFEF80000000000000B0
:10800000000000FBFFFFFFDF003E7F7F7F7F3E0021
:10801000000000000000000000003E3E3E3E3E3EEC
:108020003E3E3C7C78F8700000004000F000FC0010
:10803000FF01FFC1FFF3FFFBFFF0FFE03FC00FE0D8
:1080400003FF00FFF80FFFC0FFFC07FF007FC00722
:10805000F0003C0003FFFFFFFFFFFFFFFFFFFFFFFC
:10806000FE0000000000000000001FFFFFFFFFFFF8
:10807000FFFFFFFFFFFFC080003C000FC003FC00BC
:10808000FFE03FFE07FFF03FFF01FFC00FF003FCE2
:1080900003FF07FFCFFFCFFFC3FF80FF803F800FAD
:1080A0000003000003FC01FFE0FFFE3FFFE7FFFDD0
:1080B000FE1FFF81FFE03F0007E000FC003F800F54
:1080C000E003FC00FF003FC00FF001FC007F000F49
:1080D000C001F8003F000000000000000001F000B7
:1080E0007F000FE001FC003F8003E0000003FC0084
:1080F0000007FFE00007FFFE0007F00FE003F000BD
:10810000FC01F0001F00F80001E03C00007C1E00B4
:10811000000F0F807F03E3C03FE078F03FFE1E7842
:108120000FFF879E07E3C0F783E0F03FC0F83C0FE6
:10813000F07C0F03FC1F03C0FF07C0F03FC1F03C01
:108140000FF0781F03FC3E07C0FF0F81F07BC1E0FA
:108150007C1EF07C3F07BE1F9FC3C787FFF1F1E085
:10816000FFFFF8781FE7FC1F03E0FC03E0000000BE
:10817000F80000001F00000003F0000000FF806016
:10818000001FFFFC0001FFFF00001FFF800000FF39
:108190000000001F800003FC00003FC00003FE0041
:1081A000007FE00007FE0000FFF0000FFF0000FF6F
:1081B000F0001FDF8001F9F8001F9FC003F8FC00EA
:1081C0003F0FC007F0FE007F07E007E07E00FE07DC
:1081D000F00FE03F00FFFFF81FFFFF81FFFFF83FB8
:1081E000FFFFC3FFFFFC3F800FC7F000FE7F000FC3
:1081F000E7F0007FFE0007FFE0007FFFFE03FFFFC8
:108200000FFFFF3FFFFEFFFFFBF00FFFC01FFF0050
:108210003FFC00FFF003FFC01FFF00FEFFFFFBFF5E
:10822000FFCFFFFC3FFFFCFFFFFBF00FEFC01FFF86
:10823000003FFC00FFF003FFC00FFF007FFC03FBCB
:10824000FFFFEFFFFF3FFFFCFFFFC3FFFC00007FCE
:108250000003FFE007FFF00FFFF81FFFFC3FC1FE28
:108260003F807E7F007F7F003FFE003FFE0000FEDC
:108270000000FE0000FE0000FE0000FE0000FE0008
:1082800000FE0000FE0000FE0000FE003F7F003FF9
:108290007F007F7F807E3FC1FE1FFFFC1FFFF8072E
:1082A000FFF003FFE000FF00FFF801FFFE03FFFE09
:1082B00007FFFF0FFFFF1F81FE3F01FE7E01FEFC57
:1082C00001FDF803FBF003FFE007FFC00FFF801F75
:1082D000FF003FFE007FFC00FFF801FFF003FFE01E
:1082E00007FFC01FDF803FBF00FF7E03FCFC0FF1D4
:1082F000FFFFE3FFFF87FFFC0FFFF01FFF0000FF02
:10830000FFFFFFFFFFFFFFFFFFFFFFFFFE0003F088
:10831000001F8000FC0007E0003F0001F8000FFF95
:10832000FE7FFFF3FFFF9FFFFCFFFFE7E0003F0042
:1083300001F8000FC0007E0003F0001F8000FC0069
:1083400007FFFFFFFFFFFFFFFFFFFFFFFFFCFFFF38
:10835000FFFFFFFFFFFFFFFFFFFFFFC000FC000F5D
:10836000C000FC000FC000FC000FC000FC000FFFAD
:10837000FEFFFFEFFFFEFFFFEFFFFEFC000FC00060
:10838000FC000FC000FC000FC000FC000FC000FC90
:10839000000FC000FC000FC000007F8003FFE0075B
:1083A000FFF80FFFFC1FFFFC3FE0FE3F807E7F00D9
:1083B0003F7F003FFF0000FE0000FE0000FE0000C7
:1083C000FE07FFFE07FFFE07FFFE07FFFE07FFFE9B
:1083D000003FFE003FFF003F7F003F7F803F3F8028
:1083E0003F3FE0FF1FFFFF0FFFFE07FFFC03FFF013
:1083F000007FC0FC003FFC003FFC003FFC003FFC56
:10840000003FFC003FFC003FFC003FFC003FFC0045
:108410003FFC003FFC003FFFFFFFFFFFFFFFFFFFB0
:10842000FFFFFFFFFFFFFC003FFC003FFC003FFCA5
:10843000003FFC003FFC003FFC003FFC003FFC0015
:108440003FFC003FFC003FFC003FFC003FFFFFFF04
:10845000FFFFFFFFFFFFFFFFFFFFFFFFFFFFFFFF2C
:10846000FFFFFFF00003F0003F0003F0003F0003B8
:10847000F0003F0003F0003F0003F0003F0003F076
:10848000003F0003F0003F0003F0003F0003F00056
:108490003F0003F0003F0003FFC03FFC03FFE07F0D
:1084A0007F0FE7FFFE3FFFC3FFF80FFF003FC0FC59
:1084B00001FEFC01FEFC03FCFC07F8FC0FF0FC0FC6
:1084C000F0FC1FE0FC3FC0FC3F80FC7F00FCFF0095
:1084D000FDFE00FDFC00FFFC00FFFC00FFFE00FFB6
:1084E000FF00FFFF00FFFF80FF3F80FE3FC0FC1F3B
:1084F000E0FC0FE0FC0FF0FC07F8FC07F8FC03FCC5
:10850000FC01FCFC01FEFC00FFFC000FC000FC00B5
:108510000FC000FC000FC000FC000FC000FC000FEB
:10852000C000FC000FC000FC000FC000FC000FC02A
:1085300000FC000FC000FC000FC000FC000FC000DA
:10854000FC000FC000FC000FFFFFFFFFFFFFFFFF5D
:10855000FFFFFFFFFF8001FFFF8001FFFFC003FF60
:10856000FFC003FFFFC003FFFFE007FFFFE007FFBF
:10857000FFE007FFFFF00FFFFDF00FBFFDF00FBFA3
:10858000FDF81FBFFCF81F3FFCF81F3FFCFC3F3FFE
:10859000FC7C3E3FFC7C3E3FFE7E7E7FFE3E7C7F41
:1085A000FE3E7C7FFE3FFC7FFE1FF87FFE1FF87FB4
:1085B000FE1FF87FFE0FF07FFE0FF07FFE07E07FCB
:1085C000FE07E07FFE07E07FFE03C07FFC003FFE6A
:1085D000003FFF003FFF003FFF803FFF803FFFC0A5
:1085E0003FFFE03FFFE03FFFF03FFFF83FFDF83F78
:1085F000FDFC3FFCFC3FFCFE3FFC7F3FFC3F3FFCA3
:108600003FBFFC1FBFFC1FFFFC0FFFFC07FFFC0769
:10861000FFFC03FFFC01FFFC01FFFC00FFFC00FF6F
:10862000FC007FFC003F007F80007FF8007FFF8020
:108630003FFFF01FFFFE0FF87FC3F807F1FC01FEBC
:108640007F003F9FC00FEFE001FFF8007FFE001F9B
:10865000FF8007FFE001FFF8007FFE001FFF80079B
:10866000FFE001FFF8007F7F003F9FC00FE7F007AA
:10867000F8FE01FC3FE1FF07FFFF80FFFFC01FFF87
:10868000E001FFE0001FE000FFFF01FFFF83FFFFAD
:10869000C7FFFFCFFFFF9F807FBF007F7E007FFC73
:1086A00000FFF801FFF003FFE007FFC01FFF807F1E
:1086B000BFFFFF7FFFFCFFFFF1FFFF83FFFC07E031
:1086C000000FC0001F80003F00007E0000FC000182
:1086D000F80003F00007E0000FC0001F800000005A
:1086E0007F80007FF8007FFF803FFFF01FFFFE0FBD
:1086F000F87FC3F807F1FC01FE7F003F9FC00FEF3A
:10870000E001FFF8007FFE001FFF8007FFE001FF90
:10871000F8007FFE001FFF8007FFE001FFF8007FE9
:108720007F003F9FC00FE7F007F8FE01FC3FE1FF2D
:1087300007FFFF80FFFFC01FFFE001FFFC001FFFDE
:1087400080000FF80001FF00003F000007800000DC
:1087500040FFFE01FFFF83FFFF87FFFF8FFFFF9FAB
:10876000807F3F007F7E007EFC00FDF801FBF00370
:10877000F7E007EFC01FDF807F3FFFFE7FFFF8FFBE
:10878000FFE1FFFF03FFFF07E0FE0FC1FE1F81FCBB
:108790003F01FC7E03F8FC03F1F807F3F007E7E084
:1087A0000FEFC00FDF801FC000FF000FFFC03FFFB3
:1087B000C0FFFFC3FFFFCFF03F9FC03FBF003F7E22
:1087C000007EFC0001FC0001FE0003FF8003FFE0CF
:1087D00001FFF001FFF8007FF8001FF8000FF00024
:1087E00007FFC007FF800FFF001FFF007F7F81FE94
:1087F0007FFFF8FFFFE07FFFC07FFE001FF000FF5C
:10880000FFFFFFFFFFFFFFFFFFFFFFFFFFFFF8037B
:10881000F00001F80000FC00007E00003F00001F97
:1088200080000FC00007E00003F00001F80000FC2A
:1088300000007E00003F00001F80000FC00007E026
:108840000003F00001F80000FC00007E00003F0083
:10885000001F80000FC00007E00003F000FC007F55
:10886000F800FFF001FFE003FFC007FF800FFF00EB
:108870001FFE003FFC007FF800FFF001FFE003FF58
:10888000C007FF800FFF001FFE003FFC007FF800C5
:10889000FFF001FFE003FFC007FF800FFF803FBF35
:1088A000007E7F83FC7FFFF0FFFFE0FFFF807FFC07
:1088B000001FC000FF000FE7F000FE7F001FE7F081
:1088C00001FC3F801FC3F801FC3F803F81FC03F89F
:1088D0001FC03F81FC07F00FC07F00FE07F00FE0D4
:1088E0007E007E0FE007F0FE007F0FC003F1FC006A
:1088F0003F1FC003F9F8001F9F8001FBF8001FFF16
:108900000000FFF0000FFF0000FFE00007FE000086
:108910007FE00007FC00003FC00003FC00FC03F008
:108920000FFF807E01FFF80FE03F7F01FC07E7E0CB
:108930007F80FCFC0FF03F9F81FF07F3F83FE0FCD6
:108940007F07FC1F87E1FF83F0FC3FF8FE1F87FFD6
:108950001FC3F8FBE3F07F3F7C7E07E7EF8FC0FC8F
:10896000F9FBF81F9F3F7E03FFE3EFC03FFC7DF85C
:1089700007FF0FFF00FFE1FFE01FFC1FF803FF836D
:10898000FF003FE07FE007FC0FFC00FF80FF801F3F
:10899000F01FE001FE03FC003F807F8007F007F03E
:1089A000007F003FDFE00FE3F807F8FF01FC1FC086
:1089B000FF03F83F80FE1FE01FC7F007F3F800FE3B
:1089C000FE003FFF0007FFC000FFE0003FF8000788
:1089D000FC0001FF0000FFE0007FF8001FFF000F18
:1089E000FFC003FBF801FCFF007F1FC03F87F81F9B
:1089F000E0FE07F03FC3FC07F0FE01FE7F803FDF93
:108A0000C007F07F001FCFE003F8FE00FE1FC01F6D
:108A1000C1FC07F03F80FE03F01F807F07F007E0F6
:108A2000FC00FE3F800FC7E001FDFC001FBF0003FC
:108A3000FFE0003FF80007FF00007FC0000FF800D4
:108A400000FE00001FC00003F800007F00000FE0E0
:108A50000001FC00003F800007F00000FE00001F46
:108A6000C00003F800007F0000FFFFFFFFFFFFFFD3
:108A7000FFFFFFFFFFFFFFC0003F8000FE0003F885
:108A80000007F0001FC0007F0000FE0003F8000F89
:108A9000E0003FC0007F0001FC0007F8000FE0008D
:108AA0003F8000FF0003FC0007F0001FE0007F8014
:108AB00000FFFFFFFFFFFFFFFFFFFFFFFFFFFFC004
:108AC000FFFFFFFFFFFFE3F1F8FC7E3F1F8FC7E3CF
:108AD000F1F8FC7E3F1F8FC7E3F1F8FC7E3F1F8F4C
:108AE000C7E3F1F8FC7E3F1F8FC7E3FFFFFFFFFFE7
:108AF000E0FE001FC001F8003F8007F0007E000F7D
:108B0000E000FC001FC003F8003F0007F000FE007B
:108B10000FE001FC001F8003F8007F0007E000FE6B
:108B2000000FC001FC003F8003F0007F000FE00059
:108B3000FC001FC001F8003F8007F0007E000FE03E
:108B4000FFFFFFFFFFF8FC7E3F1F8FC7E3F1F8FC3C
:108B50007E3F1F8FC7E3F1F8FC7E3F1F8FC7E3F115
:108B6000F8FC7E3F1F8FC7E3F1F8FFFFFFFFFFFF19
:108B7000E003E003F001FC00FE00FF807FC07DE029
:108B80003EF83E7C1F1F0F0F8F83C7C1F7C0FBE06D
:108B90003EFFFFFFFFFFFFFFFFFFFFFFFE7E07E03F
:108BA0007E0FC0FC0FC001FC00FFF01FFF83FFFC25
:108BB0003FFFC7F0FE7E07E0007E0007E03FFE1F9C
:108BC000FFE3FFFE7F07EFE07EFC07EFC07EFC0FB8
:108BD000EFE1FEFFFFE7FFFE3FFFE1FF7E07C3F08F
:108BE000FC000FC000FC000FC000FC000FC000FC28
:108BF000000FC000FC000FC7C0FDFF0FFFF8FFFF14
:108C0000CFFFFEFF0FEFC07EFC07FFC03FFC03FF5E
:108C1000C03FFC03FFC03FFC03FFC03FFC03FFC09D
:108C20007EFF0FEFFFFEFFFFCFFFF8FDFF0F87E096
:108C300001FC007FF01FFFC3FFFC3FFFE7F0FE7E5B
:108C400007FFE03FFC03FFC000FC000FC000FC007A
:108C50000FC000FC000FC03F7E03F7F0FF3FFFE3B3
:108C6000FFFC1FFFC07FF001FC000003F0003F008D
:108C700003F0003F0003F0003F0003F0003F00035B
:108C8000F03E3F0FFBF1FFFF3FFFF7FFFF7F0FF7C6
:108C9000E03FFE03FFC03FFC03FFC03FFC03FFC0FB
:108CA0003FFC03FFC03FFE03F7E03F7F0FF7FFFFEE
:108CB0003FFFF1FFFF0FFBF03E1F01FC007FF01FA5
:108CC000FF83FFFC3FFFE7F0FE7E07EFE03FFC0382
:108CD000FFFFFFFFFFFFFFFFFFFFFFC000FC000FD4
:108CE000E0087F00C7F83C3FFFE1FFFE0FFFC07FB9
:108CF000F801FC0000FE07FC1FF87FF0FFE3F80717
:108D0000E00FC01F81FFFBFFF7FFEFFFDFFF87E0F2
:108D10000FC01F803F007E00FC01F803F007E00F4A
:108D2000C01F803F007E00FC01F803F007E00FC089
:108D300003F1F0FFBF1FFFF3FFFF7FFFF7F07F7E20
:108D400003FFE03FFC03FFC03FFC03FFC03FFC0309
:108D5000FFC03FFC03FFE03F7E03F7F07F7FFFF3A0
:108D6000FFFF1FFFF0FFBF03F3F0003F0003F180A0
:108D70007F1E0FE3FFFE7FFFC3FFF80FFF003F8062
:108D8000FC001F8003F0007E000FC001F8003F00D0
:108D900007E000FC001F8FC3F7FC7FFFCFFFFDFF44
:108DA000FFBF83FFE03FFC07FF80FFF01FFE03FFD4
:108DB000C07FF80FFF01FFE03FFC07FF80FFF01FBF
:108DC000FE03FFC07FF80FFF01FFE03F7DFFFFFFC5
:108DD000EF800000FDFBF7EFDFBF7EFDFBF7EFDF6D
:108DE000BF7EFDFBF7EFDFBF03E07F07F07F07F0FB
:108DF0003E00000000003F03F03F03F03F03F03F60
:108E000003F03F03F03F03F03F03F03F03F03F0365
:108E1000F03F03F03F03F03F03F03F03F07FFFEF2D
:108E2000FEFFCFF8FE00FC0007E0003F0001F80065
:108E30000FC0007E0003F0001F8000FC0007E07FF1
:108E4000BF07F9F87F8FC3F87E3F83F3FC1FBFC0D5
:108E5000FDFC07FFC03FFC01FFF00FFF807FFE031A
:108E6000FFF81FFFC0FE7F07E3FC3F0FE1F83F8FD5
:108E7000C1FC7E07F3F03FDF80FEFFFFFFFFFFFF37
:108E8000FFFFFFFFFFFFFFFFFFFFFFFFFFFFFFFFF2
:108E9000FFFFFC7E03F0FDFF8FFCFFFFDFFEFFFF07
:108EA000FFFEFFFFFFFEFF0FF87FFC07E03FFC0720
:108EB000E03FFC07E03FFC07E03FFC07E03FFC072A
:108EC000E03FFC07E03FFC07E03FFC07E03FFC071A
:108ED000E03FFC07E03FFC07E03FFC07E03FFC070A
:108EE000E03FFC07E03FFC07E03FFC07E03FFC7E83
:108EF0001FBFF3FFFF7FFFEFFFFDFC1FFF01FFE040
:108F00003FFC07FF80FFF01FFE03FFC07FF80FFF4D
:108F100001FFE03FFC07FF80FFF01FFE03FFC07F63
:108F2000F80FFF01F801FC003FF807FFF07FFFC3D7
:108F3000FFFE3F83F9F80FDFC07FFC01FFE00FFF6A
:108F4000007FF803FFC01FFE00FFF007FFC07F7E19
:108F500003F3F83F8FFFF87FFFC1FFFC03FF80079B
:108F6000F000FC7C0FDFF0FFFF8FFFFCFFFFEFF056
:108F7000FEFC07EFC07FFC03FFC03FFC03FFC03FC8
:108F8000FC03FFC03FFC03FFC07FFC07EFF0FEFFC8
:108F9000FFEFFFFCFFFF8FDFF0FC7C0FC000FC0049
:108FA0000FC000FC000FC000FC000FC000FC000F51
:108FB000C00003E1F0FF9F1FFFF3FFFF7FFFF7F00B
:108FC000FF7E03FFE03FFC03FFC03FFC03FFC03F09
:108FD000FC03FFC03FFC03FFE03F7E03F7F0FF7F91
:108FE000FFF3FFFF1FFFF0FFBF03E3F0003F0003AD
:108FF000F0003F0003F0003F0003F0003F0003F0EB
:10900000003FFC7FEFFFFFFFFFFFFFFFFC1FC0FCE7
:1090100007E03F01F80FC07E03F01F80FC07E03F30
:1090200001F80FC07E03F00003F801FFE07FFE1F90
:10903000FFE7FFFCFE1FDF81FBF03F7F0007F8002A
:109040007FF007FF803FF8007F8003FFE03FFC07D1
:10905000FFC1FDFFFF9FFFE3FFF81FFE00FE001FA3
:10906000807E01F807E01F807E0FFFBFFEFFFBFF41
:10907000EFFF87E01F807E01F807E01F807E01F888
:1090800007E01F807E01F807F01FFC7FF0FFC1FFA3
:1090900001F8FC07FF80FFF01FFE03FFC07FF80F01
:1090A000FF01FFE03FFC07FF80FFF01FFE03FFC052
:1090B0007FF80FFF01FFE03FFC07FFC1FDFFFFBF8F
:1090C000FFF3FFFE7FEFC3F1F8FE01FDF807E7F0C5
:1090D0003F9FC0FE3F03F0FE1FC3F87F07E1F81F6C
:1090E00087E07F3F80FCFC03F3F00FCFC01FFE0042
:1090F0007FF801FFE003FF000FFC003FF0007F80DE
:1091000001FE0007F8001FE000FC0F81FFE07C0F6C
:10911000FF03E07EFC3F87E7E1FC3F3F0FE1F9F80A
:109120007F0FC7C7FC7C3F3FE7E1F9EF3F0FCF7DE3
:10913000F83EFBEFC1F78F7C0FBC7FE07FE3FF03BE
:10914000FF1FF80FF07F807F83FC03FC1FE01FE010
:10915000FF007E03F003F01F801F80FC007F03FBF5
:10916000F81F8FE1FC3F1FC1FCFE07EFE03FFF004F
:10917000FFF007FF801FF800FF8003FC003FF003B3
:10918000FF801FFE01FFF00FFFC0FE7E07F3F87F98
:109190000FC3F07F3F81FDF80FE07E01FDFC07E784
:1091A000F03F8FC0FE3F83F0FE1FC1F87F07E1F85C
:1091B0001FC7E03F3F80FCFC03F3F007FFC01FFE2A
:1091C000007FF800FFE003FF000FFC001FF0007FAE
:1091D0008001FE0003F8000FC0003F0000FC000704
:1091E000E0003F8007FC001FF0007F8001FC0007CB
:1091F000E0007FFFEFFFFDFFFFBFFFF7FFFC003F39
:10920000000FE003F800FE001FC007F001FC003F64
:10921000000FE003F800FE001FC007F001FFFFFF92
:10922000FFFFFFFFFFFFFFFFF800700780FE07E072
:109230007E03F03F01F80FC07E03F01F80FC07E0C3
:109240003F01F81F81FC3FC1FC0FE07F80FE03F06F
:109250000FC07E03F01F80FC07E03F01F80FC07EC7
:1092600001F80FC03F00FC03C006FFFFFFFFFFFF38
:10927000FFFFFFFFFFFFFFFFFFFFFFFF700780FE05
:1092800007E03F03F01F81F81F81F81F81F81F815D
:10929000F81F81F80FC0FE07F03F03F07F0FE0FCDE
:1092A0001F81F81F81F81F81F81F81F81F81F83F87
:1092B00003F07E0FE07C07000F80003FC07CFFC002
:1092C000FBFFC3F7FFC7FF8FFFBF0FFF7C0FFCF84B
:1092D0000FF00007C028756E7369676E65642920FA
:1092E00063686172202A207573656420666F72203E
:1092F00025257020617267756D656E742E20497426
:109300002773207265636F6D6D656E64656420748C
:109310006F206361737420697420746F20766F69A5
:1093200064202A2062656361757365206974206D0D
:109330006179206361757365206D69736265686129
:1093400076696F7220696E206365727461696E2040
:10935000636F6E66696775726174696F6E732E20D4
:10936000537472696E673A222573222061726775A1
:109370006D656E743A25640063627072696E74661E
:109380005F7061636B616765004661696C6564204D
:10939000746F207265626F6F743A207370696E6EBD
:1093A000696E6720656E646C6573736C792E2E2E02
:1093B0000A006C6F6767696E67006C6F67006C6F9F
:1093C000675F6D676D74004D657373616765202815
:1093D00022257322292064726F7070656420626593
:1093E000636175736520697420657863656564736E
:1093F0002073697A65206C696D69746174696F6E38
:109400002028257529004D65737361676520647296
:109410006F7070656420626563617573652069743F
:1094200020657863656564732073697A65206C696B
:109430006D69746174696F6E2028257529000D0AA5
:10944000001B5B306D00257320005B2530386C7588
:109450005D20005B253032753A253032753A253073
:1094600032752E253033752C253033755D2000255F
:10947000732F003C25733E200025733A20002530D1
:1094800032782000202020007C00256300206D65BC
:109490007373616765732064726F70706564202DEB
:1094A0002D2D0D0A1B5B306D001B5B313B33316D85
:1094B0002D2D2D20001B5B313B33316D001B5B31AB
:1094C0003B33336D006572720077726E00696E66B1
:1094D00000646267006C6F675F6261636B656E64F6
:1094E0005F727474002A2A2A20426F6F74696E6753
:1094F000206E524620436F6E6E6563742053444B5A
:109500002076332E302E322D3839626131323934A3
:1095100061633962202A2A2A0A002A2A2A205573DE
:10952000696E67205A6570687972204F53207634CF
:109530002E302E39392D6637393163343966343956
:109540003263202A2A2A0A006D757465785F696E75
:1095500069742063616C6C65642077697468204E5F
:10956000554C4C20706172616D6574657200436F7B
:10957000756C64206E6F7420616C6C6F63617465D0
:10958000206D75746578206265666F726520696EFE
:10959000697469616C697A696E670072302F613134
:1095A0003A2020307825303878202072312F6132EF
:1095B0003A2020307825303878202072322F6133DD
:1095C0003A20203078253038780072332F61343AD1
:1095D0002020307825303878207231322F69703A67
:1095E0002020307825303878207231342F6C723A50
:1095F00020203078253038780020787073723A2037
:1096000020307825303878004661756C74696E6753
:1096100020696E737472756374696F6E206164641F
:109620007265737320287231352F7063293A2030A8
:10963000782530387800556E68616E646C656420FA
:109640004952516E3A202564002A2A2A2A2A2042A9
:109650005553204641554C54202A2A2A2A2A0020B4
:1096600020537461636B696E67206572726F72005C
:109670002020556E737461636B696E67206572722A
:109680006F72002020507265636973652064617495
:109690006120627573206572726F720020204246ED
:1096A000415220416464726573733A2030782578A2
:1096B000002020496D707265636973652064617470
:1096C0006120627573206572726F72002020496E8E
:1096D000737472756374696F6E206275732065723E
:1096E000726F72002020466C6F6174696E672D7016
:1096F0006F696E74206C617A79207374617465206F
:10970000707265736572766174696F6E20657272CE
:109710006F72002A2A2A2A2A20555341474520469B
:1097200041554C54202A2A2A2A2A002020446976AE
:109730006973696F6E206279207A65726F002020EC
:10974000556E616C69676E6564206D656D6F7279C9
:10975000206163636573730020204E6F20636F7018
:10976000726F636573736F7220696E737472756361
:1097700074696F6E73002020496C6C6567616C20A2
:109780006C6F6164206F66204558435F52455455A5
:10979000524E20696E746F205043002020496C6C3B
:1097A0006567616C20757365206F6620746865203D
:1097B00045505352002020417474656D70742074BC
:1097C0006F206578656375746520756E646566697C
:1097D0006E656420696E737472756374696F6E0070
:1097E0002A2A2A2A2A204D5055204641554C5420D9
:1097F0002A2A2A2A2A002020537461636B696E6723
:10980000206572726F722028636F6E7465787420A1
:1098100061726561206D69676874206265206E6F92
:10982000742076616C696429002020446174612091
:109830004163636573732056696F6C6174696F6E01
:109840000020204D4D46415220416464726573737F
:109850003A2030782578002020496E737472756341
:1098600074696F6E204163636573732056696F6C12
:109870006174696F6E005265736572766564204528
:109880007863657074696F6E202800537075726913
:109890006F757320696E74657272757074202849D3
:1098A00052512000535053454C20696E2074687209
:1098B000656164206D6F646520646F6573206E6FF1
:1098C0007420696E64696361746520505350002A86
:1098D0002A2A2A2A2048415244204641554C5420E5
:1098E0002A2A2A2A2A002020427573206661756C74
:1098F00074206F6E20766563746F72207461626C81
:10990000652072656164002020446562756720658A
:1099100076656E740020204661756C7420657363F3
:10992000616C6174696F6E20287365652062656C77
:109930006F772900415243485F45584345505420B2
:109940007769746820726561736F6E2025780A00EC
:109950002A2A2A2A2A204465627567206D6F6E695B
:10996000746F7220657863657074696F6E202A2A3F
:109970002A2A2A002A2A2A2A2A202573202564290D
:10998000202A2A2A2A2A006D7075004661696C65B2
:109990006420746F20616C6C6F63617465206E6508
:1099A00077204D505520726567696F6E2025750AC6
:1099B00000506172746974696F6E2025753A207366
:1099C000616E69747920636865636B206661696C98
:1099D00065642E00464C4153485F30005352414D60
:1099E0005F3000000001000000736F6300636C6F64
:1099F000636B403430303030303030006866636C38
:109A00006B006C66636C6B00636C6F636B5F636FA2
:109A10006E74726F6C006770696F40353030303033
:109A2000333030006770696F40353030303030305F
:109A3000300000010203040506074661696C656495
:109A400020746F20616C6C6F6361746520475049AE
:109A50004F5445206368616E6E656C20666F72209E
:109A600057414B45004661696C656420746F206303
:109A70006F6E6669677572652057414B4520706946
:109A80006E004353204750494F20706F7274202559
:109A9000732070696E202564206973206E6F7420B6
:109AA00072656164790055706461746520657863DE
:109AB000656564732063757272656E742062756685
:109AC0006665720048616C662D6475706C657820FF
:109AD0006E6F7420737570706F7274656400536C70
:109AE000617665206D6F6465206973206E6F7420E8
:109AF000737570706F72746564206F6E20257300CB
:109B00004C6F6F706261636B206D6F646520697369
:109B1000206E6F7420737570706F72746564005777
:109B20006F72642073697A6573206F746865722040
:109B30007468616E203820626974732061726520D8
:109B40006E6F7420737570706F7274656400467206
:109B5000657175656E63696573206C6F77657220DA
:109B60007468616E20313235206B487A20617265ED
:109B7000206E6F7420737570706F72746564004628
:109B800061696C656420746F20696E697469616CC9
:109B9000697A65206E726678206472697665723AB9
:109BA00020253038780057616974696E6720666FC8
:109BB000722057414B452061636B6E6F776C656413
:109BC000676D656E742074696D6564206F757400CF
:109BD00054696D656F75742077616974696E67206B
:109BE000666F72207472616E7366657220636F6D4A
:109BF000706C657465007370694034303032663063
:109C00003030007370695F6E7266785F7370696D73
:109C100000000000000001010000000000002030F2
:109C200030303030303030303030303030000101C2
:109C300000000000006F626A000204100810405328
:109C40005700808080818182828384858687898A8B
:109C50008C8D8F91939597999B9EA0A2A5A7AAAD55
:109C6000AFB2B50055AAFF0011223344556677887C
:109C700099AABBCCDDEEFF0001000000000000004F
:109C800001000002000000000200000000000000CF
:109C900000000000000000000001000000000000C3
:109CA0000000000000000000010A0006FB000000A8
:109CB00000F4F3020B0504F7020B01090207000090
:109CC0000000000000000000000D02FE0000000087
:109CD00000000000000000000400F9000000000087
:109CE000FC04040000FE00FE0200FE00FEFFFC007B
:109CF000000000FE0000FDFD0000FE00FC00000072
:109D0000000000000000FEFE00FD00FA00E500007B
:109D1000FC0004070000FC02020704FC040000F33E
:109D20000000000000000000000000F8000000003B
:109D300000000000000000000000FAFDF500F7FE42
:109D400000000000000900F9FEFF0100FC0000FE19
:109D5000EF0000000000000000000000EEFE09001F
:109D60000000000000000000000000F700000000FC
:109D70000000000000000700020000FC00000000DE
:109D800000000000000000000000000000090201C7
:109D900000000000000000000000000000000000C3
:109DA00000000000000000000000000000000000B3
:109DB00000000000000000F80000000000000000AB
:109DC000000000000000000000000000000002048D
:109DD0000207FE000004FEF9E102060400FD00088F
:109DE0000007000700EB00FD070007FE040200006B
:109DF00001FE0000FC120012000700090304070026
:109E00000000F80000000001FE0002FCFDFC020062
:109E1000FE000000F700000000000000000000004D
:109E2000F100000000000000000000000000000041
:109E300001F400F200000000FE0016FDFD0202FE2B
:109E400000FD020000F4000000000000000000001F
:109E500000EA000200000000000000000000000016
:109E6000F2000D0000F8000700F1EAF1FC07000025
:109E7000F10003FB00FD00000000000000000000F6
:109E800000000607E50000000000000000000000E0
:109E9000000B000200000000000202FDFC00FFFFBA
:109EA000FE0000FE000000FC00FE00FBFC00FAF9D2
:109EB000F9FC00FC00FC00000000FE0000020002B3
:109EC000FE000100000002FE000000FE0202FF0092
:109ED0000000FC00FF0000000000010003FE00FD88
:109EE00000FC0000FE00070000FE0000000000FF74
:109EF00001FEFE0000FE00FE000000000000000069
:109F000000FFFF00FEFD0000000000010000FE0059
:109F1000FEFEFE000000000000000000FF00000048
:109F200000FEFD00FD00F9FEF9040000FC0204063D
:109F300000FAFFFD00FFF502FE02F402000001F44A
:109F400000F4FEEDFE00F500040600030000000032
:109F50000000FCFD00F9000000FE000000FE000013
:109F6000000000FFFF00FFFD00000000000000FEF9
:109F7000FE00FEFDFE0000FE0000000000000000EC
:109F8000000000FEFE00FD00FE00FC020000FD01DE
:109F90000202000000000000FE00000000000200BD
:109FA00000FE00FEFEFD000000000000000200FEBA
:109FB00000000000FEFD00FC0007FE01F9000006A5
:109FC000F5F4F7FC0200FEF1FC00FC00FC03FCF2DF
:109FD00000FA000001FF02FE000200F9F700F5FBA5
:109FE000FBFBF9FDFA00FCFA01000100FE00000095
:109FF0000200020000000000000000000000FE005F
:10A00000FF00FFFE00FCFBFBFF00F900000000006A
:10A0100000FE0000000001FF000000020000000040
:10A02000000000000B00000000000002000000FE25
:10A030000000000000000000000000FC0002000022
:10A040000000000000000000000000FE000000FC16
:10A0500000000000F5F9000000FDF50000FE020020
:10A06000FA00000000000000000000FC0000FC00FE
:10A0700000000000000000000000000200FC0000E2
:10A080000000030002FCFC00FEFEFD0000000000DA
:10A0900000F900FE00FDFE00FBFAF9FE00FC00F9ED
:10A0A00000000000120000010000FD000200F600A8
:10A0B00000000000EBFC0707FEF70002FD00F5FFC3
:10A0C000FD02F0FE030003F8FDF8F9F70000F300CD
:10A0D0000D0000FF000000FFFFFEFAF900EB00009A
:10A0E000000000000000000100000000000000006F
:10A0F0000000000000000000FE00FFFEFD0000FC6C
:10A1000000FE000000000000000000000000000051
:10A1100000FF00FC000004FF0300FB02FEFFFAFE4C
:10A1200000FDFEFE00FDFC0000FEFFFEFCFD000049
:10A13000FE0002FE00FB000000FC00FC00FCFC0234
:10A140000000000000000000FC0200FD00FEFDF920
:10A15000FEFEFEFFFEFDFF0000000000FEFEFE0012
:10A1600000000003FE00FE000000FEFDFEFEFDFEFE
:10A17000000209FF00FA00FE0400FEF7FD030000E4
:10A18000F5FC02FC0200FEFEF900FD010000FC00EF
:10A1900000000202FCFC00FCFEFDFEFE00FC01FCD7
:10A1A000FC070000000000000000000200000000AA
:10A1B000000000000000000000000000000000009F
:10A1C000000000FC00000000000000000000000093
:10A1D000000000000000000000000000000000007F
:10A1E000000000000000000000000000000000FE71
:10A1F000000000000000000000000000000000005F
:10A2000000000000000000000000000000FEFE0052
:10A210000000000000000000000000FD0000FD0044
:10A2200000FEFE00000000FE00000000FF00000035
:10A230000000FE00000000FD00FC000000F900022C
:10A24000FB0400FEF50000FBFE00F7FAFA0000F642
:10A25000FEF7F7F500FA00020FFD00FBFEFFFEFC23
:10A26000FAFCF8F7FBFE0000FE00010000F0FE071C
:10A2700005FBF80001F900F5FEFE04EBFD0100000E
:10A28000F1FDF4FEF00000F0000D0100FE00000002
:10A2900000FFFEF7FE00F100000000F900FE00FFE5
:10A2A000FAF50000FFFDF9FE00FE00000000F6FEDA
:10A2B000F9F9FEFCFAFEFC00FCFEF9FD00FDFCFED7
:10A2C000FC000100FEF9000400FC00000000030097
:10A2D00002FC0900FEFEFD000000000000F900FE87
:10A2E00000FDFE00FBFAF9FE00FC02090000000080
:10A2F000120000010000FD0002000000000000004C
:10A3000000000000000000FEFC0000000000FF0054
:10A310000000FEFE0000FCFE0000FC0004FF000048
:10A32000000000000100000000030402FE00F9FC30
:10A330000007F9F9FCFC090402EDFE04FE00FE0230
:10A34000FEF800FE02FDFEF9FE0000070400FA0020
:10A35000F4FD06FDF701FDF9F9FE090200FD00FA22
:10A36000000207FBF8F7FA070001F0FE02FCFEFB13
:10A3700000FBF8FDFDFE0000FBFBFE000705FEF400
:10A3800000F4FD00F8F3FFF9FCF9FA060000FD0007
:10A39000FCFE00FEFC0004F9020000F400FEFBFCE1
:10A3A000FEF9FAF9FB00F9FEFBFCF9FE0000010BD7
:10A3B000FC00F9FE00FEFCFBFAFAF7FDFC0400FDD0
:10A3C00000F5FD0104F9F8FCF907FE01EBFC04FBC4
:10A3D000FCF800F9F7FDFEFEFEFBF9FF00000706A2
:10A3E000FEF100F3FB05F7F1FCF8F7F5F9040000C6
:10A3F0000000FD000002FD0402FC040000F9FF0063
:10A40000FF000101FE000000000000FE000000004F
:10A4100002070000FD00000000FEFEFD000000013C
:10A4200002000000000200FE000900040101FD001E
:10A430000400000002000000000000000000000016
:10A4400007000600000000000000000000000000FF
:10A4500000F300FE04000700001603FCFC0202FEED
:10A4600001F500000BF300000000000000000000F8
:10A4700000F1091F000000000000000000000000C3
:10A48000F3000000000000000000000000000000D9
:10A490000000000000000000000000FC0000FCFEC6
:10A4A00000000000000000000000000000000000AC
:10A4B000000000FE00FA0000010000021DFCFE0783
:10A4C00006FA0200000202FD000000000000000089
:10A4D000000000E306000000000000000000000093
:10A4E000000000000000FA000000FA00000000FB7D
:10A4F000FF000000FB00FD00F50000000000000070
:10A5000000000000F1000000000100000000000059
:10A51000FE0000FC00FD00FA000000FC02FD00004F
:10A52000FAFEFB0000FA00FE00F500FE0000EEFC63
:10A53000F7FEF80000F100FAFF0000000000000044
:10A5400000FDFCFEFC00000000FB00FB03FE04001D
:10A55000FEFBFEFCFC00FDFFFE02FAFF000000EC2B
:10A56000FEFD00FB00FEF5FE0000FEFE0000000008
:10A570000200FEFCFE0400000000000000000000DD
:10A5800000000000000000000000000000000000CB
:10A5900000000000000000000000000000000000BB
:10A5A0000003000000000000FB00FE000000FC02B1
:10A5B000000000FAFEFC0000FA00FE00F5000000BA
:10A5C00000EA00FCF8F50000F100FEFD00000000CC
:10A5D00000000000FEFDFFFD01000004FD00070B70
:10A5E000FEFEF9030B0405FA030903060506000045
:10A5F0000000000000000000000E0BFCFE00FE1238
:10A600000A12000000020000080000FC0000000028
:10A610000000000000FE0000000000000000030039
:10A62000000000EDFDFEF7F50000F1000000000065
:10A63000000000000000000000000000FC0000001E
:10A64000000000000000FE00000000000000000309
:10A6500000000000EDFDFEF7F50000F7000000002F
:10A66000000000000000000000000000000000FEEC
:10A67000000000FB0200FE020402F90000FE0200DE
:10A680000200000000FA00FEFEFC00FEF7000EFED5
:10A6900000FBFE00FEFC00FEFAFCFD000000FC00DA
:10A6A0000000000000000000FE00000000000000AC
:10A6B000000300000000EDFDFEF7F50000F10000D2
:10A6C000000000000B00000000000000000000FC83
:10A6D00000F9FDFE07FEFEF701FF01FEFA0005008E
:10A6E000020102FBF7FD00F7FCFAF7F700FCFCFDA6
:10A6F000FDFEFEFDFE00FEFF030003FE000700005E
:10A7000000000000000000000000FEFEFE0000FA55
:10A7100000FF00FC0000000000000000000000F34B
:10A720000000000000000000000000FEFE00FD0030
:10A73000000000FE0000FCFE0200FCFCFE00FAFE31
:10A74000FBFEFD00FC000000000000000000000017
:10A75000F100070000FC00000000FD00FE0000FF0B
:10A760000000FE00FB000009FDF9F902020200FAF8
:10A77000020302070207FEFA0000F70000F9FA00E0
:10A7800000FC00FDFC00FD00FD00FE0300FEF9FEE4
:10A79000080000FE00FC000003FB0002FE020000B7
:10A7A000F900FEFF00FE02FE000000F7FDFB00F9CD
:10A7B0000000F50008FE00FC000100FE00FEF900AC
:10A7C000FE0200000000FE000002FD010000FDFE90
:10A7D00000FD00000000000000000000000000007C
:10A7E000000000F200050000FE000000000000FE76
:10A7F000FE0000000400050000000000F2F3010A62
:10A800000704F7020900080004000000000000002F
:10A81000000000000C00000000000000000000002C
:10A820000000000000000102000304050206070802
:10A83000090A090A0B0C0D0E0F10110C1213141536
:10A840001500000016171819171919191719191AD0
:10A850001919191917191719031B1C1D1D1E1F2063
:10A860002122230024002526272727002726282900
:10A8700026262A2A272A272A2B2C2D2E2E2F2E3029
:10A880000000230931090000000000000000000062
:10A8900000000000000000000000000000000000B8
:10A8A00000000000000000000000000000000000A8
:10A8B0000000000000000000000000000000000098
:10A8C0000000000001020003040502060708090A4F
:10A8D000090A0B0C000D0E0F101112130C141400AA
:10A8E00000001516171819161A1B1C1D1D1E1F20F7
:10A8F0001D1D1621222303241E2525262728292A4B
:10A900002B002C002D2E2F303132332D34343530A6
:10A910002D2D2E2E36373839333A3A3B3A3C290022
:10A9200000093D09000000000000000000000000D8
:10A930000000000000000000000000000000000017
:10A940000000000000000000000000000000000007
:10A9500000000000000000000000000000000000F7
:10A960000EA0D90D90C80C80B70A60110B80D91FBA
:10A970000991F0881F0880F088000000000D203C3D
:10A9800000000F0069002FFFFFFFF7015C11A61008
:10A99000006900C300008800D2009FFFFFFFF01293
:10A9A000C523E22000D203C00000F004B000000084
:10A9B000700000000E00000000E0000019EFEA3017
:10A9C0000CD6E6A702F40E00001F80E000006FEF37
:10A9D00050000016FFE500000E0AF00100E05F13D2
:10A9E000F85E6EB005CFFE9100000E000000007012
:10A9F000000008DD3000A7004B02D004C000770043
:10AA0000D01D20004B03D0A7000007DC34C4CC309D
:10AA100000001D2D22D00000A63B00B30005C03A67
:10AA200000A3001D200D00D000A60004CC40004D66
:10AA3000FC300000F718C00001F205D00000BB6E2A
:10AA40004000005FF3000007E6DB03802F301DBAF3
:10AA5000A05F0001DF401FB448FEC003BFFC40B24E
:10AA600000000000001F01F01F00F0000003F10BC8
:10AA7000900F404F007D009B00AA00AA009B007D24
:10AA8000004F000F400B9003F15E000E6008C00401
:10AA9000F001F300F500E600E600F501F304F0082C
:10AAA000C00E605E0000930088A6C209FE404DDD26
:10AAB000B1429350005200000450000008A0000072
:10AAC00008A0001FFFFFF30339B3300008A0000007
:10AAD00008A0000103F61E60E12C00000003FFF94E
:10AAE0000333100003F52E4000000E400004E00088
:10AAF000009A00000E400004F000009A00000E4092
:10AB00000003F000009A00000E500003F000009ACD
:10AB100000000E500003F00000004CFE70004FB625
:10AB20008F900DB0005F32F40000E74F20000CA4BE
:10AB3000F20000CA2F40000E70DB0005F204FB6833
:10AB4000F90004CFE700EFFB44CB00AB00AB00AB58
:10AB500000AB00AB00AB00AB00AB07DFEA108E85AB
:10AB60007EC0010006F1000006F000000D9000001C
:10AB7000CC00001CC00001DB00001DE544427FFF4B
:10AB8000FFF97FFFFFF024445F900000BC00000944
:10AB9000E100003FD81000046DD0000002F4100066
:10ABA00002F4BD757DD019DFEA1000000DA0000091
:10ABB00000AC00000007E10000004F40100002F66A
:10ABC00000F5001DA000F5007FFFFFFFF3133333F6
:10ABD000F730000000F500000000F50009FFFFF06D
:10ABE0000AB444400C8000000E7000000FFFFC40CF
:10ABF00003345CF2000000F7100000F78E856CF162
:10AC000008DFFB30002AEFD5003FD657400CC000CC
:10AC10000002F40000004F5BFFA104FE845DD03F02
:10AC200080003F30E80003F206F845DC0005DFE96C
:10AC3000109FFFFFFD9D4444E99C0004F200000BBF
:10AC4000B000002F400000AD000001F6000008E059
:10AC500000000E8000006F1000019EFE9100BE6398
:10AC60006EC00F60006F00CC202BC002EFFFE2002F
:10AC7000DC424CD05F20001F55F20002F50ED535A6
:10AC8000DE001AEFEA1003BFEA202FA44BE18E008A
:10AC900000E99D0000DD4F7129FF07FFFC9E0002C7
:10ACA00010AC000002F607658FB00AEFD7002E53F4
:10ACB000F50000000000003F52E42E53F5000000B4
:10ACC0000000002E52F60D21D001000000003100DE
:10ACD000006CF2018ED6000FC300000AFB4000009A
:10ACE00017EE70000005C3000000001FFFFFF30314
:10ACF00033333000000000000000001FFFFFF303AB
:10AD0000333330040000000ED71000005CF920003F
:10AD1000002AF20003AFB106DE82001C60000000D2
:10AD200000000007DFEA109E746EC0010006F0000C
:10AD30000009C000008E200006F20000087000002C
:10AD4000000000000B8000000C900000006CEFDAA7
:10AD50004000003DA41016D90001E509EE98CA9004
:10AD60000A80BD43AFC0D30F13F2000CC0693C068C
:10AD7000D00007C03B4B06D00007C02C3C03F200BC
:10AD80000CC04A0F10BD439EE3C50A8009EE91CF67
:10AD90009001E50000000000003DA4102800000024
:10ADA000007CEFD9100000000CF1000000003FD73C
:10ADB00000000000B96E00000002F20E5000000911
:10ADC000A007D000001F3000F400007FFFFFFB0051
:10ADD00000E733334F2005F000000C900C9000008A
:10ADE00006F18FFFFEC408E3334BF28E00001F58BC
:10ADF000E00018F18FFFFFF808E33337F68E00000C
:10AE000009C8E000009D8E33347F78FFFFFD70009D
:10AE100007CFFB4000CF966AF50AE20000301F60C2
:10AE20000000004F200000004F200000001F6000C5
:10AE300000000AE200003001CF966AF50007DFFB50
:10AE4000408FFFFEA4008E4446CF708E000007F3B3
:10AE50008E000000DA8E0000009D8E0000009D8EA6
:10AE6000000000DA8E000007F38E4446BF708FFFAB
:10AE7000FEA4008FFFFFF68E4444418E0000008E3A
:10AE80000000008FFFFFC08E3333208E0000008E45
:10AE90000000008E4444428FFFFFF98FFFFFF68EC3
:10AEA0004444418E0000008E0000008E0000008FA0
:10AEB000FFFFC08E3333208E0000008E0000008E16
:10AEC0000000000007CFFC5000CF966AF60AE200AF
:10AED00000201F600000004F200000004F200000F5
:10AEE000B91F600000B90AE30000B900CF966AF804
:10AEF0000007DFFC608E000008E8E000008E8E0096
:10AF00000008E8E000008E8FFFFFFFE8E333339E88
:10AF10008E000008E8E000008E8E000008E8E000E7
:10AF2000008E8E8E8E8E8E8E8E8E8E8E02FFFFC047
:10AF30000444BC000009C000009C000009C00000DF
:10AF40009C000009C02000BA0EB58F603CFE808EC8
:10AF500000004F508E0004F6008E003F70008E03FC
:10AF6000F800008E2EC000008EECF600008FB07F3F
:10AF700030008E000AE1008E0000CC008E00001E22
:10AF8000A08E0000008E0000008E0000008E0000E9
:10AF9000008E0000008E0000008E0000008E000079
:10AFA000008E4444408FFFFFF28E00000008E8F757
:10AFB000000002FE8FF10000BFE8DCA0004F9E8D74
:10AFC0002F300D87E8D09C06E07E8D01E7E507E88D
:10AFD000D006FC007E8D000A2007E8D00000007E2D
:10AFE0008E100008E8FC00008E8FF90008E8E6F6F5
:10AFF000008E8E09F308E8E00CE18E8E001EB8E8A2
:10B00000E0003FEE8E00006FE8E00000AE0007CFEA
:10B01000EB500000CF966BF9000AE200005F601F62
:10B020006000000AD04F20000006F04F200000060C
:10B03000F01F6000000AD00AE200005F6000CF96B7
:10B040006BFA000007DFEB50008FFFFD7008E4454E
:10B050008FB08E00005F38E00001F58E00003F48A1
:10B06000E0014DD08FFFFFB208E33310008E0000E7
:10B070000008E00000000007CFEB500000CF966B07
:10B08000F9000AE200005F601F6000000AD04F2054
:10B09000000006F04F20000005F01F6000000AD0FD
:10B0A0000AE200005F6001DF855AFA000008DFFC59
:10B0B0005000000001EC21940000001BFFC10000C3
:10B0C000000012008FFFFD7008E4458FB08E000075
:10B0D0005F38E00001F58E00003F38E0014DD08F71
:10B0E000FFFFC208E333DA008E0002F608E0000535
:10B0F000F3019EFDA200CE646B702F40000001F8AA
:10B1000000000006FD950000016AEE500000009F5F
:10B1100000200005F13FA547EB004BEFE910FFFFD2
:10B12000FFFF2444BD44400009C00000009C000013
:10B130000009C00000009C00000009C00000009C45
:10B1400000000009C00000009C00009C00000BA94A
:10B15000C00000BA9C00000BA9C00000BA9C00000F
:10B160000BA9C00000BA8E00000D94F40003F50C8A
:10B17000F868FD0009EFE9100CB000000AC05F207C
:10B180000001F500E900008E0008F0000E70001FBD
:10B190006005F10000AD00C9000003F43F3000007D
:10B1A0000CBAC00000005FF500000000EE00006F68
:10B1B00010000DB00002F21F60003FF10008D00B3C
:10B1C000B0008BE6000D7006F000E69B002F20011A
:10B1D000F503F14F108D0000CA09B00E60D80000D1
:10B1E0006F0E6009B2F300001F9F1004F9D0000039
:10B1F0000CFB0000EF80000007F600009F30003FCE
:10B2000050000DA008F2009D0000CC04F300002FB8
:10B210009E70000006FC00000009FE1000004F4D6B
:10B22000B00001E802F7000BD0007F207F20000B68
:10B23000D00CB000009C002F50002F30009E000C5E
:10B24000900000E805F1000005F3E60000000CFDA9
:10B25000000000003F4000000002F3000000002F4B
:10B260003000000002F300004FFFFFFF9144444A0A
:10B27000F3000003F6000001EA000000CC0000002B
:10B280009E1000006F4000003F7000001ED4444438
:10B2900036FFFFFFFC8FF68D318D008D008D008D08
:10B2A000008D008D008D008D008D008D008D318F03
:10B2B000F65D000000F200000B8000006D00000150
:10B2C000F200000B8000006D000001F200000B7026
:10B2D00000006D000001F200000B7000006D000026
:10B2E00001F2BFF325F302F302F302F302F302F3D8
:10B2F00002F302F302F302F302F325F3BFF300AD0E
:10B3000000001EC4000885A000E20E105B00970B31
:10B310005002E0EEEEEEE00BC00009B004CFEA1000
:10B320000B745DB0000004F004CEEEF21F8214F244
:10B330004F1004F21F703DF204DFD7F2BA00000094
:10B34000BA000000BA000000BA8EFC30BFD54BF343
:10B35000BE1000CABA00007EBA00007EBE1000CA4D
:10B36000BFD55BF3B98EFC30007DFD6009F748F472
:10B370002F5000205F0000005F0000002F500020D1
:10B3800009F748F4007DFD600000001F4000000147
:10B39000F40000001F4008EFC4F40AF748FF42F52C
:10B3A0000007F45F00002F45F00001F42F50006FFC
:10B3B00040AE637EF4008EFC4F40008EFC400AD508
:10B3C00038F42F20008C5FEEEEFF5F2111112F70FB
:10B3D000001009F846E4007DFE80009EE305F4417C
:10B3E00008C000CFFFF029D32008D00008D0000803
:10B3F000D00008D00008D00008D000007EFC4E60CD
:10B40000AF747FF62F50005F65F00000F65F00001C
:10B410000F62F60006F609F747FF5007EFC4F50084
:10B4200000003F20CB646EB003AEFD8000BA000088
:10B4300000BA000000BA000000BA8EFB20BFC56D44
:10B44000D0BE0003F2BA0000F4BA0000F5BA000062
:10B45000F5BA0000F5BA0000F5BAA800BABABABA4F
:10B46000BABABABA000AB0009900000000AB000AEC
:10B47000B000AB000AB000AB000AB000AB000AB0ED
:10B4800000AA064E71DFA0BA000000BA000000BAA0
:10B49000000000BA001CC0BA01CC00BA1CD100BB2D
:10B4A000CF6000BFDBE100BD11DC00BA003F70BA25
:10B4B0000007F3BABABABABABABABABABABAB99E3D
:10B4C000FA15DFD40BFB45EDE64AF2BE0006F600A6
:10B4D0000E7BA0004F2000C9BA0003F1000C9BA016
:10B4E000003F1000C9BA0003F1000C9BA0003F1000
:10B4F00000C9B99EFB20BFB45DD0BE0003F2BA0004
:10B5000000F4BA0000F5BA0000F5BA0000F5BA0080
:10B5100000F5007DFD60009F748F702F50007F0547
:10B52000F00001F35F00002F32F50007F009F74843
:10B53000F70007DFD600B98EFC30BFC43AF3BE1067
:10B5400000CABA00007EBA00007EBE1000CABFD595
:10B550005BF3BA7EFC30BA000000BA000000BA000B
:10B560000000008EFC3F40AF748EF42F50007F45EA
:10B57000F00001F45F00002F42F50007F40AF748DD
:10B58000FF4008EFC4F40000001F40000001F40079
:10B5900000001F40B98E4BFD71BE100BB000BA0009
:10B5A0000BA000BA000BA00005DFEA13F735A06F6F
:10B5B000000001EE9610016AEF300000D96C646F54
:10B5C00062AEFD7008D00008D000CFFFF029D32074
:10B5D00008D00008D00008D00008D00005F55100C0
:10B5E0009FE3C80002F3C80002F3C80002F3C800DA
:10B5F00002F3C90003F3AB0007F35F837EF306DFBA
:10B60000C5F30D90000AA06E0001F300F5007D0067
:10B6100009C00E60003F24F00000C8B9000006FF1A
:10B620003000000FC000C80006F1000D56D000CF5A
:10B630006003F01F302F9C009A00B807B2F10E4053
:10B6400005E0D60C74E0000F6F007C990000AFA0FD
:10B6500001FF400005F4000BE0004F3007E109D086
:10B660002F4000D9D900003FD000004FE10001E792
:10B67000BB000BB01E707E1005F30D90000AA06F8A
:10B680000001F300F6007D0009C00D60002F34F0CA
:10B690000000C9A9000005FF2000000EC000000046
:10B6A000E5000094AD00001BFC2000005FFFFFA13F
:10B6B0003337F40001E70000CB00008E10004F404C
:10B6C000001EA33326FFFFFC006EA00F9201F400C2
:10B6D0001F4001F4003F303FC0006F3001F4001FF5
:10B6E0004001F4001F4000FA2005EA8B8B8B8B8B06
:10B6F0008B8B8B8B8B8B8B8B8BBE5002AE0005F0B4
:10B70000005F0005F0004F1000DF104F5005F00003
:10B710005F0005F0005F002AE00BE40007EC40B496
:10B720001E25DFC00100000004CC302B01C05700F3
:10B73000932B01C005CC3006A10FF60BE2000000F0
:10B74000000000000000000000027BFB000000047D
:10B750009DFFFFD00003AFFFFFFFFD0000AFFFFF25
:10B76000FFDFD0000AFFFFB610ED0000AF9400002D
:10B770000ED0000AF1000000ED0000AF1000000E36
:10B78000D0000AF1000045FD0000AF1001EFFFD02E
:10B79000179DF1005FFFFC0EFFFF1000AFFD31FFB2
:10B7A000FFE00000010003BDA300000000005018EE
:10B7B0008888888405FABFDDDDDDFDAFE47F1000F9
:10B7C00000CA4EE04F100000C80EFEEF100000CF80
:10B7D000EFE03FEEEEEEF80EF68F766666EB6FF872
:10B7E000AF100000CC8FE03F100000C80EFCDF65FA
:10B7F0005555EECFC25FFFFFFFF92C5775057777E0
:10B800007775FFFF1FFFFFFFFFFFFF2FFFFFFFFF0A
:10B81000EFFF0EFFFFFFFE01100011111110EFFEF0
:10B820000EFFFFFFFEFFFF2FFFFFFFFFFFFF1FFFCA
:10B83000FFFFFF6887078888888668870788888869
:10B8400086FFFF1FFFFFFFFFFFFF2FFFFFFFFFDF51
:10B85000FD0DFFFFFFFD0000000000015000000093
:10B8600000001DF80000000001DFFD000000001DC9
:10B87000FFE22D600001DFFE20DFF7001DFFE20088
:10B880008FFF71DFFE200008FFFEFFE20000008F47
:10B89000FFFE2000000008FFE200000000007D2005
:10B8A00000000000000000007F60000BE2EFF600E7
:10B8B000BFF84FFF6BFFD104FFFFFD10005FFFE1FA
:10B8C0000000BFFFF6000BFFDFFF60BFFD14FFF5B8
:10B8D000CFD1004FF61710000360000000110000E8
:10B8E00000000000FF000000006F21FF12F70006BB
:10B8F000FF61FF16FF601FF901FF109FF16FE0016C
:10B90000FF100EF6AF8001FF1008FACF6001FF10A4
:10B9100006FCAF8000AA0008FB7FD00000000DF7F6
:10B920001FF80000008FF107FF91002AFF70009FB1
:10B93000FFEEFFF9000005CFFFFD500000000244BC
:10B940002000000000000000000000000AFFA0002E
:10B950000000000CFFC0000003D6DFFFFD6D300EBD
:10B96000FFFFFFFFFFE05FFFFFAAFFFFF51AFFF4F5
:10B97000004FFFA103FFD0000DFF3004FFF0000FC8
:10B98000FF404FFFFB22BFFFF42FFFFFFFFFFFF23F
:10B9900009FEFFFFFFEF9000505EFFE5050000008D
:10B9A0000CFFC0000000000477400000000000030E
:10B9B000100341000000009FF50DF50000001BFD85
:10B9C000FF8DF5000002DFB12DFFF500004FF83EBE
:10B9D000C2BFF50007FF55FFFE39FE409FE38FFF12
:10B9E000FFF56FF6AC2AFFFFFFFF73E6005FFFFF76
:10B9F000FFFFF100006FFFD77FFFF200006FFF90A5
:10BA00000DFFF200006FFF900DFFF200004FFF707E
:10BA10000BFFE1000000003300000000000BFFB04E
:10BA2000000000000CFFC0000000000CFFC0000080
:10BA300000000CFFC0000000000CFFC00000008FE1
:10BA4000FFFFFFF800002EFFFFFFE2000002EFFF04
:10BA5000FE200000002DFFE20000799982DE289987
:10BA600097FFFFFB22BFFFFFFFFFFFFFFFFFFFFF6F
:10BA7000FFFFFFFAB3CFACCCCCCCCCCCCA0006BB1A
:10BA8000BBBBBA3000004FFFFFFFFFE10000EF300B
:10BA9000000006FB0009F800000000CF504FD00066
:10BAA0000000002FE1DF84420000344BF9FFFFFD6E
:10BAB0000001FFFFFBFFFFFF988BFFFFFCFFFFFF75
:10BAC000FFFFFFFFFCFFFFFFFFFFFFFFFB9FFFFFED
:10BAD000FFFFFFFFF60000000000003300018DFFB4
:10BAE000C600EF004EFFFFFFE4DF04FFB3004CFF92
:10BAF000FF0EF90000008FFF6FC00001FFFFFF8EF7
:10BB0000500001DEEEED00000000000000222222C5
:10BB100000000021FFFFFF100008F8FFFBBC100031
:10BB20001EF4FFFC100001DFC0FEEFE8448EFE10A3
:10BB3000FE1AFFFFFFC100FD0028BB9400000000BB
:10BB400002700002EF0002EFFDFFFFFFFFFFFFFFAB
:10BB5000FFFFFFFFFFFFFFFFFFFF3447FFF0000580
:10BB6000FF000005C000000000000270000000029D
:10BB7000EF00000002EFF0000DFFFFFF0220FFFFCB
:10BB8000FFF08E1FFFFFFF00E7FFFFFFF03F5FFFAB
:10BB9000FFFF08903447FFF000000005FF000000A1
:10BBA0000005C000000000000000000000000007C9
:10BBB0007000000002700005FA0000002EF0008105
:10BBC0004F600002EFF001DD07F0DFFFFFF0321EF3
:10BBD00080F6FFFFFFF08E27E0B9FFFFFFF00E7346
:10BBE000F19BFFFFFFF03F54F09AFFFFFFF0890A3F
:10BBF000C0D83447FFF0007F43F300005FF002F647
:10BC00000CB0000005C00000BF10000000000009DB
:10BC1000E300000000000002100037888888888850
:10BC200073EFFFFFFFFFFFFEFE32DFFFFFFFFFF9B5
:10BC3000007FFFFDFFFFFD10CFFFA07FFFFFFFFF95
:10BC4000FA0007FFFFF35FA00000CFFF3003000002
:10BC500000CFFC0000000000CFFFCCCCCCCCCCFF50
:10BC6000AFFFFFFFFFFFF900002000000001FA0016
:10BC7000000006FF1000000DFF7000006FFFF100D4
:10BC800001EFFFFA000BFFFFFF605FFFFFFFE0CF58
:10BC9000FFFFFFF6FEBFFFFFF9FD4FFFFFF9BF49B2
:10BCA000FFFFF53FE52EFFD006FFFFFD200028BA7D
:10BCB000600004300000311FE00006F91FE0007F43
:10BCC000FA1FE009FFFA1FE0AFFFFA1FEBFFFFFAD0
:10BCD0001FFFFFFFFA1FFFFFFFFA1FE6FFFFFA1F1C
:10BCE000E05FFFFA1FE004FFFA1FE0003EFA0FD00A
:10BCF0000002D700000000000200000000000CFB62
:10BD00002000000000FFFF900000000FFFFFE60092
:10BD10000000FFFFFFFC30000FFFFFFFFF9100FF5F
:10BD2000FFFFFFFFE60FFFFFFFFFFFF2FFFFFFFF39
:10BD3000FFFD0FFFFFFFFFF800FFFFFFFFB2000F47
:10BD4000FFFFFD400000FFFFF70000000FFFA10014
:10BD50000000006A4000000000001444200144423A
:10BD60000DFFFF10DFFFF1FFFFF30FFFFF3FFFFFAE
:10BD700040FFFFF4FFFFF40FFFFF4FFFFF40FFFF07
:10BD8000F4FFFFF40FFFFF4FFFFF40FFFFF4FFFF43
:10BD9000F40FFFFF4FFFFF40FFFFF4FFFFF40FFF23
:10BDA000FF4FFFFF30FFFFF39FFFC009FFFC0014B0
:10BDB00044444444420DFFFFFFFFFFF1FFFFFFFF3C
:10BDC000FFFF3FFFFFFFFFFFF4FFFFFFFFFFFF4FFE
:10BDD000FFFFFFFFFFF4FFFFFFFFFFFF4FFFFFFF2E
:10BDE000FFFFF4FFFFFFFFFFFF4FFFFFFFFFFFF429
:10BDF000FFFFFFFFFFFF4FFFFFFFFFFFF39FFFFF6F
:10BE0000FFFFFC0002100000420FE20003FB0FFEE8
:10BE10003004FB0FFFF404FB0FFFFF54FB0FFFFF89
:10BE2000FAFB0FFFFFFFFB0FFFFFFFFB0FFFFFD62C
:10BE3000FB0FFFFD14FB0FFFC104FB0FFB0004FB16
:10BE40000CA00003FA000000000000000012000037
:10BE500000000003FF60000000002EFFF50000005E
:10BE600001EFFFFF4000001DFFFFFFF30000CFFFC9
:10BE7000FFFFFE200AFFFFFFFFFFE00EFFFFFFFFB7
:10BE8000FFF2039999999999500588888888887054
:10BE90000FFFFFFFFFFFF30FFFFFFFFFFFF40BFF9D
:10BEA000FFFFFFFFD1000000000000003F900000F6
:10BEB0003FFC00003FFD10003FFD10003FFD100063
:10BEC0001FFD100000CFF4000000CFF4000000CFF1
:10BED000F4000000CFF4000000CFE0000000A40058
:10BEE0000000000000CD1000001FFD1000003FFD0D
:10BEF0001000003FFD1000003FFD1000003FFD005E
:10BF00000008FF900008FF900008FF900008FF90D5
:10BF10000002FF90000007800000000000045000B5
:10BF200000000002FF60000000003FF7000000007A
:10BF300003FF70000000003FF7000006999AFFC958
:10BF40009980FFFFFFFFFFFF3DFFFFFFFFFFF201B3
:10BF5000113FF71110000003FF70000000003FF7D1
:10BF60000000000003FF70000000000CD300000080
:10BF70006999999999980FFFFFFFFFFFF3DFFFFF82
:10BF8000FFFFFF20000000000000000001566400D9
:10BF900000000003BFFEEFF91000007FFA1003DF7E
:10BFA000E40008FFA009B41EFF504FFF200BFF263E
:10BFB000FFE1EFFF09CFFF63FFFABFFF09FFFF5467
:10BFC000FFF61EFF51DFFB09FFB003EFE204305F15
:10BFD000FC10002CFF956AFF9000000049DFFD92E5
:10BFE0000000000000000000000000CD2000000064
:10BFF000000000008FF50014664000000004EFAC64
:10C00000FFEFFF910000001CFFA1004DFE3000007B
:10C01000009FF5AB31EFF40007B105FFFFE17FFEB4
:10C02000100FFE302DFFF54FFF900CFFE000AFF634
:10C030005FFF6002FFF40006FFEFFB00004FFD1002
:10C04000003EFFC0000002DFE85401BFE300000033
:10C0500005AEFF6007FF60000000000000004EF624
:10C060000000000000000001A1000000000000002E
:10C0700000000000003ED00000000000000CFF8027
:10C08000000000000006FFFF200000000000EFFF9E
:10C09000FB00000000008FFCCFF4000000002FFB2D
:10C0A00000FFD00000000BFFC00FFF70000004FF76
:10C0B000FD01FFFF100000DFFFE02FFFFA00007F0F
:10C0C000FFFF9BFFFFF3001FFFFFB00EFFFFC00A43
:10C0D000FFFFFE24FFFFFF60FFFFFFFFFFFFFFFAF0
:10C0E00006CCCCCCCCCCCCCB300000000000360051
:10C0F00000000000007F80DDDB00008DEFF8FFFF17
:10C10000B007FFFFFD556FF46FF8AFE2000574FF55
:10C11000907E2000003FFA0000000002EFB2504A7B
:10C1200000012EFD1DF48FB0FFFFD10BFFFFFBFFC1
:10C13000FE2000CFFFFB12210000029FC000000084
:10C1400000005B00000007A00000000008FFB00036
:10C15000000008FFFFB0000008FF95FFB00008FFD7
:10C160009005FFB007FF900005FFB09F900000050D
:10C17000FD004000000003104C20000000B60BFE44
:10C18000200000CFF02EFE2000CFF4002EFE20CFA6
:10C19000F400002EFECFF40000002EFFF40000009B
:10C1A000002EF40000000000130000000008300022
:10C1B000000000000000BFF308BBBBBB90000BFFFA
:10C1C000FF39FFFFFFF1008FCFCFF000000AF10031
:10C1D000382F948000000AF100002F900000000A20
:10C1E000F100002F900000030AF130002F900000B2
:10C1F0001FCBF8F8002FEBBBBB39FFFFE2001FFF9E
:10C20000FFFFB09FFD2000000000000008D10037B4
:10C21000888700000000EFFFFFA0000000FFFFFF85
:10C22000FDCCCCB6FFFFFFFFFFFFFFFFFFFFFFFFCF
:10C23000FFFFFFFFFFFFFFFFFFFFFFFFFFFFFFFF0E
:10C24000FFFFFFFFFFFFFFFFFFFFFFFFFFFFFFFFFE
:10C25000FFFFFFFFFFAFFFFFFFFFFFF90000000040
:10C26000000000000001DD10000000001DFFD100F3
:10C27000000001DFFFFD1000001DFFFFFFD10000E7
:10C280009FFFFFFFF90000011CFFC1100000000C20
:10C29000FFC0000000000CFFC0000000000CFFC049
:10C2A000000079993BFFB39997FFFFB2442BFFFF42
:10C2B000FFFFFEDDEFFFFFFFFFFFFFFAB3CFACCCC8
:10C2C000CCCCCCCCCA000000000002000000000072
:10C2D0000004FFC70000000000AFFFF000000000F6
:10C2E0001FFFFD0000000006FFFFC0000000000867
:10C2F000FFF700000000000CFF300000000004FF0A
:10C30000C00000000001EFF300004A3002DFF80037
:10C3100005DFFE15EFFB0000EFFFFFFFFA00000B4B
:10C32000FFFFFFF70000007FFFFFA200000002BA3E
:10C3300085000000000004860000001006FFFA00DF
:10C3400002DFD1EF3CF101DFFA0EE0AF21DFFA00AE
:10C350009FEFF6DFFA00008DFFFFFB00000006FFF5
:10C36000FD00000048EFFFF600006FFFFBFFF60046
:10C370000EF3CF23FFF600EE0AF204FFF609FEFCEF
:10C380000004FFF108DA1000026200000000000063
:10C390000000006FFFF987000008FFFF98F708A66C
:10C3A0008FFFF95990FFA8FFFFFCCC0FFA8FFFFF1A
:10C3B000FFF1FFA8FFFFFFFF1FFA8FFFFFFFF1FF55
:10C3C000A8FFFFFFFF1FFA8FFFFFFFF1FFA8FFFF8E
:10C3D000FFFF1FFA7FFFFFFFF0FFE3122222210F72
:10C3E000FFFFFFF90000ACCCCCCB5000004999997D
:10C3F0009995000EFFFFFFFFF600FD2222224FF667
:10C400000FC0000001FFF3FC0000001FFF6FC00021
:10C410000002FFF6FFFFFFFFFFFF6FFFFFDCFFFFE4
:10C42000F6FFFFB005FFFF6FFFF6000FFFF6FFFFFF
:10C43000C006FFFF6FFFFFEDFFFFF69FFFFFFFFF4F
:10C44000FD10CDDDDDDDDDDD2FFFFFFFFFFFF31292
:10C450002222222222000000000000000000000032
:10C4600000000FFFFFFFFFFFF3DEEEEEEEEEEE202B
:10C470000000000000000000000000000DEEEEEEE5
:10C48000EEEEE2FFFFFFFFFFFF30000000000000C4
:10C4900037888888888873EFFFFFFFFFFFFEEFFF74
:10C4A000FFFFFFFFFE1CFFFFFFFFFFC1D28FFFFF5B
:10C4B000FFF82DFF64EFFFFE45FFFFFA2BFFB2AF41
:10C4C000FFFFFFD3553DFFFFFFFFFFBBFFFFFFFF58
:10C4D000FFFFFFFFFFFFAFFFFFFFFFFFF9000000BF
:10C4E000000001FFFFF00004FFFFD00006FFFF8007
:10C4F0000008FFFF30000AFFFFAAA60CFFFFFFF8AD
:10C500000EFFFFFFE10BDDDFFF6000004FFD0000CD
:10C51000007FF3000000BFA0000000FF1000000338
:10C52000F800000003C000000000200000000455D7
:10C53000EFB5520000FFFD1FFFB0000FFFFFFFFC33
:10C540000000FFFF533320000FFF97FFFB5700FF52
:10C55000F8AFFFC6F80FFF8AFFFC4AA1FFF8AFFF54
:10C56000E3220FFF8AFFFFFFF4FFF8AFFFFFFF4F4B
:10C57000FF8AFFFFFFF43552AFFFFFFF40000AFFC5
:10C58000FFFFF400007FFFFFFE200000011000000D
:10C59000000000AF00000000018FFA30000002EF41
:10C5A000FFFF500000BFFFFFFF10001FFFFFFFF560
:10C5B0000003FFFFFFFF70005FFFFFFFF90008FFB0
:10C5C000FFFFFFC000DFFFFFFFFF209FFFFFFFFF18
:10C5D000FD0EFFFFFFFFFFF20222222222210000B8
:10C5E00008FFC00000000009A20000005BBBBBBB4D
:10C5F000BBBBBBA3FFFFFFFFFFFFFFFBFC0C30E15A
:10C600001D0D11FCFC0B30E01D0D10FCFFFEFFEFBB
:10C61000FEFEEFFCFFF15A0870A05FFCFFF37B29E0
:10C6200092C27FFCFFBFCBBBBBBFCBFCFC0B20008F
:10C63000000D00FCFFCFCCCCCCCFCCFB9FFFFFFF8D
:10C64000FFFFFFF6000000000000020000000000F5
:10C650000005DFB00000000007EFFFD00000001869
:10C66000FFFFFF70000029FFFFFFFF00003BFFFFFF
:10C67000FFFFF8000AFFFFFFFFFFF1000FFFFFFFC2
:10C68000FFFFA000049AAAAFFFFF20000000000EE9
:10C69000FFFB00000000000EFFF400000000000E91
:10C6A000FFC000000000000EFF5000000000000D61
:10C6B000FD00000000000004B300000035555502E5
:10C6C000000FFFFFF2F400FFFFFF2FF40FFFFFF258
:10C6D000FFF3FFFFFF32221FFFFFFFFFF7FFFFFF08
:10C6E000FFFF8FFFFFFFFFF8FFFFFFFFFF8FFFFF41
:10C6F000FFFFF8FFFFFFFFFF8FFFFFFFFFF8FFFFC8
:10C70000FFFFFF8FFFFFFFFFF88AAAAAAAAA300047
:10C7100000002455310000000003AFFFFFFFC700F9
:10C720000002BFFFFEDEFFFFF6005FFFB510000353
:10C730008EFFB0DFD300000000008FF5180005AEBB
:10C74000FEC81004600002DFFFFFFFF80000000CCD
:10C75000FF95347DFF40000002A20000007700003A
:10C760000000000296000000000000000DFF5000D5
:10C7700000000000000EFF6000000000000005DA6D
:10C78000000000005BBBBBBBBBBBBBBA20FFFFFF15
:10C79000FFFFFFFFFF90FC1222222222220FF7FC54
:10C7A0005FFFFFFFFFFF2CFAFC5FFFFFFFFFFF2192
:10C7B000FAFC5FFFFFFFFFFF27FAFC26666666664E
:10C7C000661FFAFEBBBBBBBBBBBBBFB1AFFFFFFF6E
:10C7D000FFFFFFFF500000000000000000005BBBF7
:10C7E000BBBBBBBBBBBA20FFFFFFFFFFFFFFFF9040
:10C7F000FC1222222221000FF7FC5FFFFFFFF8004E
:10C800000CFAFC5FFFFFFFF80001FAFC5FFFFFFF7F
:10C81000F80007FAFC2666666663000FFAFEBBBBEB
:10C82000BBBBBBBBBFB1AFFFFFFFFFFFFFFF5000B4
:10C8300000000000000000005BBBBBBBBBBBBBBA81
:10C8400020FFFFFFFFFFFFFFFF90FC1222221000DE
:10C85000000FF7FC5FFFFFD000000CFAFC5FFFFF4A
:10C86000D0000001FAFC5FFFFFD0000007FAFC26B1
:10C8700066665000000FFAFEBBBBBBBBBBBBBFB1C3
:10C88000AFFFFFFFFFFFFFFF5000000000000000B0
:10C8900000005BBBBBBBBBBBBBBA20FFFFFFFFFF06
:10C8A000FFFFFF90FC1222000000000FF7FC5FFF6B
:10C8B000300000000CFAFC5FFF3000000001FAFCC1
:10C8C0005FFF3000000007FAFC2666100000000F32
:10C8D000FAFEBBBBBBBBBBBBBFB1AFFFFFFFFFFFE4
:10C8E000FFFF500000000000000000005BBBBBBB6E
:10C8F000BBBBBBBA20FFFFFFFFFFFFFFFF90FC00A9
:10C9000000000000000FF7FC0000000000000CFA1F
:10C91000FC00000000000001FAFC00000000000024
:10C9200007FAFC0000000000000FFAFEBBBBBBBB17
:10C93000BBBBBFB1AFFFFFFFFFFFFFFF5000000019
:10C940000000000000000000000007B2000000002E
:10C9500000000ADFFA000000000000A93DF5000019
:10C9600000044002E00010000000AFF80B6000007F
:10C97000006C30FFFFFFFFFFFFFFFFF4AFF9000C7B
:10C980005000006D4005500004C000001000000081
:10C990000000C43EE80000000000002EEFFA000096
:10C9A00000000000004FFA0000000000000000003E
:10C9B00000000000011000000007EFFFB30000AF0F
:10C9C000FD8FFF2004FFFD09FFB00AFEFD12AFF04E
:10C9D0000EF55D2C0EF30FFF33129FF50FFFF307DB
:10C9E000FFF60FFFE206FFF60FFE24137FF50DF5AD
:10C9F0007D2C0DF30AFFFD11BFF003FFFE0BFFA01E
:10CA0000007FFEBFFE100003ACDC81000000344359
:10CA1000000005667FFFF96650FFFFFFFFFFFF354F
:10CA20006666666666501CCCCCCCCCC402FFFFFFA9
:10CA3000FFFF602FF3FB7F6DF602FF2FB7F5DF607E
:10CA40002FF2FB7F5DF602FF2FB7F5DF602FF2FBC1
:10CA50007F5DF602FF2FB7F5DF602FF3FB7F6DF6EA
:10CA600001FFFFFFFFFF5007BCCCCCCC90000000C3
:10CA70000000000120000000000004FF5000000042
:10CA80000002FFFF500000000439FFFE0000000418
:10CA9000FF39FFA0000004FFFF39B0000004FFFFD2
:10CAA000FF20000004FFFFFFB0000004FFFFFFB005
:10CAB000000004FFFFFFB0000004FFFFFFB0000014
:10CAC00000BFFFFFB00000000DFFFFB0000000003E
:10CAD000FFFFB00000000009A86000000000000097
:10CAE00000178888888887400002EFFFFFFFFFFF5C
:10CAF000F4003EFFFFCFFFCFFFF703EFFFF908F889
:10CB000009FFF83EFFFFFE20402EFFF8DFFFFFFF8A
:10CB1000E101EFFFF89FFFFFFF80008FFFF809FFA3
:10CB2000FFF902C209FFF8009FFFFE4EFE4EFFF81C
:10CB30000009FFFFFFFFFFFFF700008FFFFFFFFF70
:10CB4000FFC100000000000003EFFFFFE203FBFB5A
:10CB5000CEBFA4FF1D03A1FAFFF1D03A1FAFFFFF24
:10CB6000FFFFFAFFFFFFFFFFAFFFFFFFFFFAFFFF2F
:10CB7000FFFFFFAFFFFFFFFFFAFFFFFFFFFFAFFF6A
:10CB8000FFFFFFFAFFFFFFFFFFADFFFFFFFFF829E9
:10CB9000AAAAAAA8000000000000000300000000EC
:10CBA000000004F1000820000001FF100BF7000056
:10CBB000002FF10CFF94444445FF1BFFFFFFFFFFD4
:10CBC000FFF18FFFFFFFFFFFFD007FF70000000078
:10CBD00000006F6000000000000030000000000056
:10CBE00062696E0042494E00494D41474500494D3A
:10CBF0004147455F48454144455200080102040849
:10CC0000010204081820201018101010100800004D
:10CC10000000000000000000000000103539E52F82
:10CC20002FD32828C61C1CB7601BD85B18C257140A
:10CC3000AD4F0E88AA248EA21F7B9A1B6A8C144AC1
:10CC4000B1355EA82D51A02745921B31AB49399FC4
:10CC50003F309335287E231AE5881ED27619C065A9
:10CC600015A1470DE59B03D18802BD77029B5701B3
:10CC7000C1AC00A797008F83006460007B89006BC4
:10CC800079005C6900404D0047A0433C8E38327DFE
:10CC90002E205E1B42B37C389F682F8B551E693354
:10CCA00033CAC02BB4AF249D9E17778235D8FD2D93
:10CCB000C0FB25A8F9177FF500B3FF00A0FF008F88
:10CCC000FF006FFF008CFB007CF5006CEF0051E66D
:10CCD0001E51F4194AE61543D80C36BF414C6D3746
:10CCE000405D2E344E23273E7A6E54645A454F479A
:10CCF00037383226757575616161424242212121C2
:10CD00005053EF7373E59A9AEFD2CDFFEEEBFF7AB3
:10CD100040EC9262F0B18FF4D0BBF8ECE4FCBC477D
:10CD2000ABC868BAD893CEE7BEE1F5E5F3C2577E4B
:10CD3000CD7595DB9DB3E9C4D1F6E7EDC06B5CCB57
:10CD40008679DAA89FE9CAC5F6EAE8F5A542F6B5FC
:10CD500064F9CA90FBDEBBFDF2E3F6B629F7C34FD8
:10CD6000FAD481FCE5B3FEF5E1DAC626E1D04DEA5E
:10CD7000DE80F2EBB2FAF7E09AA626ACB64DC4CB51
:10CD800080DBDFB2F1F2E06ABB6684C781A7D6A57B
:10CD9000C9E6C8E9F5E865CC9C81D5AEA5E1C5C872
:10CDA000EDDCE9F8F157E1D475E7DC9CEEE6C3F47D
:10CDB000F0E7FBF958EEFF76F1FF9DF5FFC4F9FFB0
:10CDC000E7FDFF28CAFF4FD5FF82E0FFB3ECFFE18C
:10CDD000F8FF26A7FF4DB7FF80CCFFB2E0FFE0F3DE
:10CDE000FF4370FF658AFF91ABFFBCCCFFE7E9FB17
:10CDF000636E8D7F88A1A4AABCC8CCD7E9EBEF9C59
:10CE00009078AEA490C5BEB0DCD8CFF1EFECBDBD3C
:10CE1000BDE0E0E0EEEEEEF5F5F5FAFAFA3643F4B1
:10CE2000631EE9B0279CB73A67B5513FF39621F4EA
:10CE3000A903D4BC0088960050AF4C4AC38B39DCA0
:10CE4000CD3BEBFF07C1FF0098FF2257FF48557904
:10CE50008B7D609E9E9EFFFFFF000404020404047D
:10CE6000040404040000000000060606060606048A
:10CE7000000606060600000000000000000000009A
:10CE80000502000000000000000400000000000097
:10CE90000002000202020002000202020000000082
:10CEA000000200000000000000020000000000007E
:10CEB0000001010505050105001001010000000049
:10CEC0001022220C0C3232320000323210000000EC
:10CED000000000000000040404040404040404042A
:10CEE000040404040400202C2E3B3A2D5F297D000D
:10CEF000EF808C001D1C68696B6A6E6C6D6261004E
:10CF0000617263006261720062746E6D6174726955
:10CF1000780042746E310042746E320042746E3397
:10CF20000042746E340042746E35005375004D6FCC
:10CF30000054750057650054680046720053610044
:10CF400063616C656E64617200EF819300EF8194A0
:10CF5000002564202573004A616E75617279004670
:10CF600065627275617279004D617263680041702B
:10CF700072696C004D6179004A756E65004A756C86
:10CF800079004175677573740053657074656D62DF
:10CF90006572004F63746F626572004E6F76656DE7
:10CFA00062657200446563656D6265720063616C01
:10CFB000656E6461722D6865616465722D6172725F
:10CFC0006F7700323032350A323032340A32303242
:10CFD000330A323032320A323032310A32303230B1
:10CFE0000A323031390A323031380A323031370AB8
:10CFF000323031360A323031350A323031340A3289
:10D000003031330A323031320A323031310A323083
:10D0100031300A323030390A323030380A3230306A
:10D02000370A323030360A323030350A3230303456
:10D030000A323030330A323030320A323030310A7C
:10D04000323030300A313939390A313939380A3118
:10D050003939370A313939360A313939350A3139EE
:10D0600039340A313939330A313939320A313939E7
:10D07000310A313939300A313938390A31393838D9
:10D080000A313938370A313938360A313938350AF0
:10D09000313938340A313938330A313938320A31C2
:10D0A0003938310A313938300A313937390A3139AA
:10D0B00037380A313937370A313937360A31393793
:10D0C000350A313937340A313937330A3139373291
:10D0D0000A313937310A313937300A313936390AAC
:10D0E000313936380A313936370A313936360A316C
:10D0F0003936350A313936340A313936330A31395D
:10D1000036320A313936310A313936300A31393559
:10D11000390A313935380A313935370A3139353636
:10D120000A313935350A313935340A313935330A5E
:10D13000313935320A313935310A313935300A3130
:10D140003934390A313934380A313934370A313906
:10D1500034360A313934350A313934340A31393404
:10D16000330A313934320A313934310A3139343001
:10D170000A313933390A313933380A313933370A08
:10D18000313933360A313933350A313933340A31DA
:10D190003933330A313933320A313933310A3139CB
:10D1A00033300A313932390A313932380A313932B9
:10D1B000370A313932360A313932350A31393234A7
:10D1C0000A313932330A313932320A313932310ACD
:10D1D000313932300A313931390A313931380A318D
:10D1E0003931370A313931360A313931350A313975
:10D1F00031340A313931330A313931320A31393176
:10D20000310A313931300A313930390A313930385F
:10D210000A313930370A313930360A313930350A76
:10D22000313930340A313930330A313930320A3148
:10D230003930310030310A30320A30330A30340AA2
:10D2400030350A30360A30370A30380A30390A3178
:10D25000300A31310A31320063616C656E6461728B
:10D260002D6865616465722D64726F70646F776E8E
:10D2700000636861727400436865636B20626F7855
:10D2800000636865636B626F7800EF81B8004F7070
:10D2900074696F6E20310A4F7074696F6E20320AA4
:10D2A0004F7074696F6E20330064726F70646F77B3
:10D2B0006E2D6C69737400696D61676500616263EE
:10D2C0000041424300312300EF808D00EF849C0039
:10D2D000456E74657200EFA2A200EF959A002B2FA5
:10D2E0002D0036003700380039002B0026003D00A5
:10D2F000250021003F003C003E005C00400024006F
:10D300007B005B005D003B002200270051005900BC
:10D3100055004F0041005300440048004A004B00B4
:10D320005F005A00560042004D002C003A00690090
:10D330007A00760062006B6579626F6172640054F6
:10D34000657874006C696E65006C6973742D746522
:10D350007874006C6973742D62746E006D656E75FF
:10D360002D736570617261746F72006D656E752DDD
:10D3700073656374696F6E006D656E752D636F6E96
:10D3800074006D656E752D70616765006D656E75F5
:10D39000006D7367626F782D6261636B64726F708A
:10D3A000006D7367626F782D6865616465722D62C8
:10D3B0007574746F6E006D7367626F782D666F6F32
:10D3C0007465722D627574746F6E006D7367626F31
:10D3D000782D666F6F746572006D7367626F782D5C
:10D3E000636F6E74656E74006D7367626F782D681D
:10D3F0006561646572006D7367626F78004F707469
:10D40000696F6E20310A4F7074696F6E20320A4F57
:10D410007074696F6E20330A4F7074696F6E2034B8
:10D420000A4F7074696F6E203500726F6C6C657294
:10D430002D6C6162656C00726F6C6C657200736359
:10D44000616C6500736C69646572007370696E620B
:10D450006F78007370696E6E6572007377697463BC
:10D4600068007461626C650074616276696577005A
:10D47000E280A20074657874617265610074696C01
:10D48000650074696C65766965770077696E00542C
:10D4900065726D696E616C000000000000005454FC
:10D4A00052205245474745530054696D656F757466
:10D4B0003A20504E35313830206E657665722077CF
:10D4C000656E7420627573790054696D656F75744B
:10D4D0003A20504E35313830207374696C6C2062BC
:10D4E00075737900535049207265616420666169E3
:10D4F0006C65643A202564004661696C656420743B
:10D500006F2072656164207265676973746572204B
:10D5100076616C7565005350492064657669636572
:10D52000206E6F74207265616479004E53532047FA
:10D5300050494F206E6F74207265616479004661B6
:10D54000696C656420746F20636F6E6669677572BD
:10D5500065204E5353204750494F3A2025640052CE
:10D560005354204750494F206E6F74207265616498
:10D5700079004661696C656420746F20636F6E6624
:10D58000696775726520525354204750494F3A20BD
:10D59000256400495251204750494F206E6F742036
:10D5A0007265616479004661696C656420746F20FE
:10D5B000636F6E66696775726520495251204750E6
:10D5C000494F3A2025640042555359204750494F4E
:10D5D000206E6F74207265616479004661696C65C4
:10D5E0006420746F20636F6E666967757265204290
:10D5F000555359204750494F3A20256400504E3525
:10D6000031383020696E697469616C697A656420AB
:10D610007375636365737366756C6C790073706999
:10D620005F7772697465206661696C65643A20256C
:10D630006400110D8D00110383004661696C6564FF
:10D6400020746F2073656E6420524541445F5245DB
:10D6500047495354455220636F6D6D616E640054A9
:10D66000696D656F75742077616974696E6720668E
:10D670006F722054585F52464F4E5F4952515F536C
:10D68000544154004661696C656420746F20736571
:10D690006E6420524541445F4441544120636F6DA4
:10D6A0006D616E64004661696C656420746F207200
:10D6B00065616420726563657074696F6E20627560
:10D6C000666665720054696D656F7574207761696F
:10D6D00074696E6720666F722054585F52464F46D9
:10D6E000465F4952515F535441540002183FFBFFBB
:10D6F000FF00706E35313830403100706E35313892
:10D7000030004661696C656420746F207365742015
:10D7100044432070696E3A202564005350492077B5
:10D72000726974652064617461206661696C656406
:10D730003A2025640053504920777269746520634C
:10D740006F6D6D616E64206661696C65643A202559
:10D7500064004861726477617265207265736574F4
:10D7600020636F6D706C6574656400446973706CE0
:10D77000617920696E697469616C697A6174696F35
:10D780006E20636F6D706C6574656400496E7661C0
:10D790006C696420696D6167652064696D656E738D
:10D7A000696F6E73004661696C656420746F2077E1
:10D7B0007269746520696D61676520746F204355D7
:10D7C0005252454E54206275666665720044697314
:10D7D000706C6179206E6F7420696E697469616C18
:10D7E000697A6564004661696C656420746F2077AE
:10D7F0007269746520696D61676520746F2050528D
:10D800004556494F55532062756666657200436FF1
:10D810006E66696775726174696F6E206973204EF8
:10D82000554C4C0053504920627573206E6F742024
:10D830007265616479004443204750494F206E6F00
:10D8400074207265616479004661696C6564207456
:10D850006F20636F6E666967757265204443207040
:10D86000696E3A202564004661696C656420746FB6
:10D8700020636F6E6669677572652052535420701D
:10D88000696E3A202564004661696C656420746F96
:10D8900020636F6E66696775726520425553592023
:10D8A00070696E3A202564004661696C6564207475
:10D8B0006F20636C6561722073637265656E3A20D8
:10D8C00025640053534431363833206472697665D9
:10D8D0007220696E697469616C697A65640073733A
:10D8E0006431363833004F7269656E746174696FE4
:10D8F0006E206368616E6765206E6F74207375704B
:10D90000706F7274656420666F7220652D7061702F
:10D91000657220646973706C617973005069786511
:10D920006C20666F726D6174202564206E6F7420A8
:10D93000737570706F727465642C206F6E6C7920D3
:10D940004D4F4E4F303120697320737570706F7278
:10D95000746564004661696C656420746F20706F43
:10D96000776572206F666620646973706C61793ABE
:10D97000202564004661696C656420746F20706FB7
:10D98000776572206F6E20646973706C61793A20DC
:10D99000256400496E76616C696420706172616D06
:10D9A00065746572733A20646573633D25702C203D
:10D9B0006275663D257000496E76616C696420640D
:10D9C000696D656E73696F6E733A20773D25642CBF
:10D9D00020683D2564005772697465206172656135
:10D9E000206578636565647320646973706C617920
:10D9F00020626F756E64733A20783D25642C20791F
:10DA00003D25642C20773D25642C20683D2564004D
:10DA10004661696C656420746F2077726974652053
:10DA2000696D61676520646174613A202564004610
:10DA300061696C656420746F2073796E6320627510
:10DA400066666572733A202564004661696C656498
:10DA500020746F20726566726573682064697370E4
:10DA60006C61793A20256400496E697469616C695A
:10DA70007A696E67205353443136383320646973B2
:10DA8000706C617920647269766572004661696CB8
:10DA9000656420746F20696E697469616C697A6568
:10DAA0002053534431363833206472697665723AB4
:10DAB0002025640053534431363833206469737031
:10DAC0006C61792064726976657220696E69746927
:10DAD000616C697A656420737563636573736675D9
:10DAE0006C6C790073736431363833403000737373
:10DAF00064313638335F646973706C6179004861F2
:10DB00006C74696E672073797374656D00556E6B04
:10DB10006E6F776E206572726F7200756E6B6E6FCE
:10DB2000776E003E3E3E205A4550485952204641AD
:10DB300054414C204552524F522025643A202573BF
:10DB4000206F6E20435055202564004661756C742B
:10DB500020647572696E6720696E74657272757083
:10DB6000742068616E646C696E670A004375727236
:10DB7000656E74207468726561643A20257020288F
:10DB80002573290043505520657863657074696F6B
:10DB90006E00556E68616E646C656420696E7465B4
:10DBA000727275707400537461636B206F76657266
:10DBB000666C6F77004B65726E656C206F6F70736B
:10DBC000004B65726E656C2070616E6963006F73E7
:10DBD00000737973776F726B7100286E756C6C29A6
:0CDBE000002A666C6F61742A00000000CF
:10DBF4000000000009150000000000000001000002
:10DC04000000000000000000000000000000000010
:10DC14000000000000000000000000000000000000
:10DC2400280000000000000068010000000000005F
:10DC340014000000000000007C010000000000004F
:10DC4400FFFFFFFF3DCB0100B00700203A000000BA
:10DC5400C40700203A0000009C0700203A0000009E
:10DC6400000800203A00000000000000000000004E
:10DC74006051030001000000480500204805002011
:10DC84000000000001000000580500205805002095
:10DC94006005002060050020000000000100000075
:10DCA4007005002070050020000000000000000046
:10DCB4000000000000000000000000000000000060
:10DCC4000000000000000000000000000000000050
:10DCD4000000000000000000000000007442030087
:10DCE40000000000000000006F570120675701206A
:10DCF4000000000000000000000000000000000020
:10DD0400000000000000000000000000000000000F
:10DD140000000000000000000000000000000000FF
:10DD240000000000000000000000000000000000EF
:10DD340000000000000000000000000000000000DF
:10DD440000000000000000000000000000000000CF
:10DD540000000000000000000000000000000000BF
:10DD640008000000FF0000000000000003000000A5
:10DD7400000000005C6403000C640300BC63030047
:10DD84009A6303005C6403005C6403005C64030046
:10DD94005C64030000000000000000002C5B030032
:10DDA4007C5A0300CC590300785903002C5B030010
:10DDB4002C5B03002C5B03002C5B030000000000C1
:10DDC40000000000940600209406002000000000DB
:10DDD40079B40100E0060020D8060020D006002017
:10DDE40000000000C806002095B50100E1B4010060
:10DDF40015B501005DB50100FC5401203A00003A5C
:10DE0400005501203A00003A045501203A00003A36
:10DE1400085501203A00003AF0060020B40600201C
:10DE2400AC060020A8060020A40600200100000083
:09DE3400000000000000000000E5
:10DE400000000000000000000000000000000000D2
:10DE500000000000000000000000000000000000C2
:10DE600000000000000000000000000000000000B2
:10DE700000000000000000000000000000000000A2
:10DE800000000000000000000000000039B20100A6
:10DE900000000000000000000000000068070020F3
:10DEA00068070020A1110000000000000000000031
:10DEB0000000000000000000000000000000000062
:10DEC000406D022000200000000000000000000063
:10DED0009C0700209C0700200000000000000000BC
:10DEE0000E000000B0070020B00700200000000076
:10DEF000000000000E000000C4070020C40700203E
:10DF000000000000000000000E000000D807002004
:10DF1000D807002000000000000000000E000000F4
:10DF2000EC070020EC0700200000000000000000CB
:10DF30000E00000000080020000800200000000083
:10DF4000000000000E00000014080020140800204B
:10DF5000100000000A000000408D0220E08D022029
:10DF6000408D0220408D0220000000003808002073
:10DF70003808002000000000440800204408002069
:10DF80000000000001000000540800205408002098
:10DF90005C0800205C080020000000000100000078
:0CDFA0006C0800206C08002015E015E063
:00000001FF
