:020000040000FA
:1000000040460020C550000063DC0000B1500000F5
:10001000B1500000B1500000B150000000000000DD
:100020000000000000000000000000004552000039
:10003000B150000000000000DD510000B150000090
:10004000FD530000FD530000FD530000FD53000070
:10005000FD530000FD530000FD530000FD53000060
:10006000FD530000FD530000FD530000FD53000050
:10007000FD530000FD530000FD530000FD53000040
:10008000FD530000FD530000FD530000FD53000030
:10009000FD530000FD530000FD530000FD53000020
:1000A000FD530000FD530000FD530000FD53000010
:1000B000FD530000FD530000FD530000FD53000000
:1000C000FD530000FD530000FD530000FD530000F0
:1000D000FD530000FD530000FD530000FD530000E0
:1000E000FD530000FD530000FD530000FD530000D0
:1000F000FD530000FD530000FD530000FD530000C0
:100100007BB972B90029BEBF00204FF0004106E064
:1001100008BF00281CBF6FF000414FF0FF3000F017
:1001200057B8ADF1080C6DE904CE002909DB002BAE
:100130001ADB00F069F8DDF804E0DDE9022304B021
:100140007047404261EB4101002B1BDB00F05CF883
:10015000DDF804E0DDE9022304B0404261EB410137
:10016000524263EB43037047524263EB430300F098
:100170004BF8DDF804E0DDE9022304B0404261EB16
:1001800041017047524263EB430300F03DF8DDF854
:1001900004E0DDE9022304B0524263EB43037047FD
:1001A00053B94AB9002908BF00281CBF4FF0FF31DE
:1001B0004FF0FF3000F00CB8ADF1080C6DE904CE43
:1001C00000F022F8DDF804E0DDE9022304B0704716
:1001D000704700BF10F8012B11F8013B012A28BF1E
:1001E0009A42F7D0D01A7047034611F8012B03F852
:1001F000012B002AF9D17047034613F8012B002A7E
:10020000FBD1181A013870472DE9F04786468C4615
:100210000846089E154674461946002B40F0C280D9
:100220008542B2FA82F245D94AB1C2F1200300FAFE
:1002300002FC2EFA03F3954043EA0C0C94404FEA7B
:10024000154EA8B2BCFBFEF8230C0EFB18CC08FB25
:1002500000F943EA0C43994528D9EB1808F1FF3718
:1002600004D2994502D9A8F102072B44A3EB090354
:10027000A4B2B3FBFEFC0EFB1C330CFB00F044EA03
:100280000344A04214D92C190CF1FF3304D2A0422C
:1002900002D9ACF102032C44241A43EA07401EB1F0
:1002A000D440002334607360BDE8F0874746DDE743
:1002B0006346F1E792BB431B01214FEA154EAFB2F3
:1002C000B3FBFEFC200C0EFB1C330CFB07F840EAD2
:1002D0000343984562D9EB180CF1FF3004D29845DE
:1002E00002D9ACF102002B44A3EB0803A4B2B3FB88
:1002F000FEFC0EFB1C330CFB07F744EA0344A74249
:100300004ED92C190CF1FF3304D2A74202D9ACF11B
:1003100002032C44E41B43EA0040C0E7C2F120037F
:1003200020FA03F1954090402EFA03F303434FEA7D
:10033000154EAFB2B1FBFEFC0EFB1C10190C0CFBF2
:1003400007F841EA0041884504FA02F422D9691805
:100350000CF1FF3004D2884502D9ACF102002944E7
:10036000A1EB08019BB2B1FBFEFC0EFB1C110CFBC8
:1003700007F743EA01439F420ED9EB180CF1FF3116
:1003800004D29F4202D9ACF102012B44DB1B41EAAB
:10039000004192E76046E3E76146F7E76046A3E77E
:1003A0006346B7E7834206D916B9002108467BE7C2
:1003B000C6E900E0F9E7B3FA83F78FB9834201D3C6
:1003C000724508D8BEEB020460EB030301209C4693
:1003D0001EB9002168E73846FAE7C6E9004CF8E79D
:1003E000C7F1200CBB4022FA0CF41C432EFA0CF18E
:1003F00020FA0CF3B84001434FEA14490EFA07F50E
:10040000B3FBF9F81FFA84FE09FB18300B0C08FB4C
:100410000EFA43EA00439A4502FA07F240D9E3187C
:1004200008F1FF3004D29A4502D9A8F10200234412
:10043000A3EB0A0389B2B3FBF9F809FB183308FBF5
:100440000EFE41EA03418E452CD9611808F1FF33B5
:1004500004D28E4502D9A8F10203214443EA0040A8
:10046000A0FB0298A1EB0E014145CE46434602D3C4
:1004700006D14D4504D2B9EB020E68EB04030138F6
:10048000002EA6D0B5EB0E0261EB030101FA0CFCC5
:1004900022FA07F34CEA0303F940C6E9003198E772
:1004A0004046C5E74346D9E72DE9F047064688B000
:1004B0000F4690460EF06EFD4FF47A73A0FB034595
:1004C00003FB0155E40B012F44EA45444FEAD535BF
:1004D00007D1294922462B4630460CF07CFB0020F0
:1004E00012E0D8F8047025483946FFF773FE70B162
:1004F00023483946FFF76EFE48B1304621493A4657
:100500000CF085FB6FF0040008B0BDE8F0872046D2
:10051000294617A3D3E90023FFF7F2FD05460C4651
:1005200010461946184A0023FFF7EAFD80460F4699
:10053000104619464EF660220023FFF7E1FD824681
:100540008946104619464FF47A720023FFF7D8FD0A
:10055000CDE902A9CDE90623CDE90401CDE9008763
:100560000A492A46234630460CF035FBB7E700BF60
:10057000005C260500000000A8230100B92301004B
:10058000BC230100C523010080EE3600DD230100FD
:10059000B0B584B000AF2A482A4C0EF001FB2368A6
:1005A00058B95B0704D0284A012120460CF0ECF82A
:1005B0006FF012001037BD46B0BD03F00703022BE9
:1005C00004D9224A032120460CF0DEF81C48836837
:1005D0003946DB699847236803F00703022B14D9D7
:1005E0006C468AB0388879883B7B6A46184DC2E9E8
:1005F00007130523C2E9055042F8103F11480023B4
:100600004FF4235101F04CFDA5460D4C204600F05F
:1006100011F900214FF4C0300EF042FC204600F0EA
:10062000E1F900214FF4C0300EF03AFC204600F012
:1006300011F800214FF4C0300EF032FCE6E700BFA5
:1006400054F70000D0070020D4030100ED0301009F
:10065000020401002DE9F0416B4C86B0236803F0E1
:100660000703022B02AF064604D9684A032120463D
:100670000BF0A5F84FF4803000210BF0A2F82368AE
:1006800003F00703022B31D96D468AB002AA604BF2
:1006900053614FF0B90E8723C2E906E34FF01E08FD
:1006A0000623C2E9088842F8103F002356484FF459
:1006B000435101F0F5FC236803F00703022BAD461C
:1006C00014D98AB002AA534B53614FF0780C04231B
:1006D000C2E906C30523C2F8208042F8103F4A4809
:1006E00000234FF4235101F0DBFCAD4678200EF0DF
:1006F00015FE054658B923685C0704D0464A012117
:1007000041480BF05CF81037BD46BDE8F0814FF072
:100710007808424600210EF0B7FE04234FF01E1069
:10072000C7E902032368C7F8048003F00703022B1C
:1007300004D93A4A344803210BF041F8B3680095D4
:10074000D3F8088087223B1DB9213046C047031EDD
:1007500039DA2268510704D0314A2B4801210CF0C4
:100760001CF84FF4C03000210BF02BF87822FF2149
:1007700028460EF089FE236803F00703022B04D9F4
:10078000284A214803210BF01AF8B3680095D3F8E2
:10079000088087223B1DB9213046C047031E27DA57
:1007A0002268520704D01E4A174801210BF0F5FFBA
:1007B00028460EF0ACFD236803F00703022BA2D9F4
:1007C000194A03219CE7236803F00703022BC8D9C9
:1007D000164A0D4803210AF0F2FF236803F00703CD
:1007E000022BBED9124A084803210AF0E8FFB8E7F5
:1007F000236803F00703022BDAD90C4A02480321CD
:100800000AF0DDFFD4E700BF10080020210401003A
:10081000450401006904010089040100A8040100E5
:10082000CE0401004B05010071050100E704010041
:100830000D05010030B5564D2B6803F00703022B60
:1008400089B0044604D9534A032128460AF0B7FF69
:10085000204601F051F8034658B12A68510700F0CC
:1008600094804D4A4A48012109B0BDE830400BF060
:1008700094BF2B6803F00703022B04D9474A44486E
:1008800003210AF09CFF0021204601F029F80346CD
:1008900020B12A68520778D0414AE3E72B6803F079
:1008A0000703022B04D93F4A394803210AF087FF86
:1008B0000121204600F0FEFF2B6803F00703022B06
:1008C00004D9394A324803210AF079FF0A231A462B
:1008D000364920460BF0A2FE35491E230A22204647
:1008E0000BF09CFE334932230A2220460BF096FE81
:1008F000314A1368591C11606846304A20210AF0B9
:100900006FFC46230A22694620460BF087FE2C49DD
:100910005A230A2220460BF081FE2A496E230A221E
:1009200020460BF07BFE284982230A2220460BF04A
:1009300075FE264996230A2220460BF06FFE2449B5
:100940000A234FF4967220460BF068FE2149FA23E1
:100950000A2220460BF062FE1F499623B42220464D
:100960000BF05CFEAA231D490A2220460BF056FE1E
:10097000204600F065FF2B6803F00703022B04D923
:10098000174A034803210AF01AFF09B030BD00BF1F
:100990001008002087050100A7050100BB05010024
:1009A000D8050100F005010015060100250601002B
:1009B000320601003C060100601400204C060100D4
:1009C0005806010064060100730601008306010059
:1009D000950601009F060100AB060100B20601006A
:1009E000C506010070B5574D2B6803F00703022BB5
:1009F000044604D9544A032128460AF0E0FE204662
:100A000000F07AFF034650B12A68510700F0988041
:100A10004E4A4C48BDE8704001210BF0BEBE2B6829
:100A200003F00703022B04D9494A464803210AF080
:100A3000C6FE0021204600F053FF034620B12A687D
:100A400052077DD0434AE4E72B6803F00703022BEB
:100A500004D9414A3B4803210AF0B1FE0121204656
:100A600000F028FF0A231A463C4920460BF0D6FD29
:100A70003B491E230A2220460BF0D0FD204600F001
:100A8000DFFE4FF4803000210AF09BFE012120465A
:100A900000F026FF08BB2B6803F00703022B04D9E4
:100AA000304A284803210AF08AFE0121204600F03E
:100AB00001FF0A231A462C4920460BF0AFFD2849B6
:100AC0001E230A2220460BF0A9FD204600F0B8FEA6
:100AD0004FF4803000210AF074FE0221204600F01D
:100AE000FFFE08BB2B6803F00703022B04D91F4A43
:100AF000144803210AF063FE0121204600F0DAFECB
:100B00000A231A461A4920460BF088FD14491E2371
:100B10000A2220460BF082FD204600F091FE4FF4A1
:100B2000803000210AF04DFE2B6803F00703022BF2
:100B300006D9BDE870400F4A024803210AF03FBEC3
:100B400070BD00BF10080020E4060100A7050100E9
:100B5000BB050100D8050100040701001E070100C4
:100B600025060100330701004F0701006607010059
:100B700086070100A10701002DE9F04F91B084071D
:100B8000009302F004030293C2F3C20303F10103D2
:100B9000DDF86880039205460E46059340F0BA8161
:100BA000041D30B1072909D86FF01B0011B0BDE852
:100BB000F08F01F007063444C6F10806009B4FF0A1
:100BC0000009591E4FF0040A4FF0FF330193CDF88E
:100BD00010904F46CB4653460DB1009A22600598BF
:100BE000002800F3E8809848009A824203D397488F
:100BF0008242C0F0E080039AA4EB050E92074FEA10
:100C00009E0000F103810F2F00F2B180002D00F053
:100C1000058107F140020DEB020C019A0CF8200C43
:100C20000CF8102C049801300490E7E07A285DD885
:100C30004B280ED8472859D829282DD8252852D0F6
:100C400054D820287AD02338D0F1000B4BEB000B7E
:100C500074E04C382E2849D8DFE800F07048484846
:100C600048484848484848484B4848484848484801
:100C70004859484B4B595959704B6D487048184B5F
:100C8000184848827F4B48484B487F0000204FF06F
:100C9000000B4FF0040A38E02A38C0B2012202FAF1
:100CA00000F010EA0E0F49D110F0625C2FD110EA6B
:100CB000020B43D06046013C5444B4FBFAF40AFBF7
:100CC00004F4002D61D0A3EB050CA444B4453FF619
:100CD0006BAF002868D1042B47D158F8043B236040
:100CE000043404232AE0019A013A01924FF0000BE8
:100CF00024E011F8010C6C2834D111F8023C0020DA
:100D00006C2B8346C5D14FF0080A5346D3E708F150
:100D1000070828F007080734F8E802AB24F00704B6
:100D200035B106982044B0423FF63EAFC4E900AB6F
:100D300008344FF0000B4FF0080A534611F8010F2A
:100D4000002878D0BBF1000F7FF470AF2528F5D1D3
:100D5000019B013301934FF0010B4FF0040AECE7C4
:100D6000584694E700208346A5E7082B02D06FF091
:100D700015001BE708F1070828F00708F8E8022328
:100D8000C4E9002308340823D8E768B9042B02D14A
:100D900008F10408A4E7082BE9D108F1070828F0B6
:100DA000070808F10808EDE7059A013A059258F896
:100DB000042B009210E7039A900720D5A4EB050EB0
:100DC0004FEA9E004FF0010CBEF5007FCFD20F2FEF
:100DD000CDD8F5B107F140020DEB020EC0B2019A79
:100DE0000EF8200C0EF8102CBCF1000F3FF41AAFD7
:100DF00060F07F000EF8200C09F101090137C5F100
:100E00000802043406924FF6DA7E97E74FF0000CA2
:100E1000DAE7BCF1000F01D00136EFE702980236A5
:100E20000028EBD10098CDE90631FFF7E5F9DDE9BF
:100E300006310644E2E7631BB3F5806F97D23DB9F4
:100E4000A6F10804E018B1E62CF60000343F0100DA
:100E5000029A28609B082B709DF81030C2B1EB708D
:100E600085F80290B9F1000F05D008A80022C5F15D
:100E7000010C97420ED1C5F101030DF120084FF08E
:100E8000000A01930DF1300B574512D1601B8DE61E
:100E90006B70E5E710F8013B190608D50CEB040E62
:100EA000B64503F07F033FF67FAE04F8013B013205
:100EB000DFE7B9F1000F03D098F90020002A17DB13
:100EC000029BD3B11AF80B2004F8012B0022019BDE
:100ED00018191044B0423FF667AE98F8000004F8C5
:100EE000010B0099039220460EF0A6FA039A1444CF
:100EF0000AF1010A08F10108C6E798F8002055F840
:100F000022300093029B45F822300098FFF774F9D5
:100F1000421CDCE76FF00D0048E600BF2DE9F04F02
:100F200097B000AF90F802A0D7F880B03B62CBF347
:100F3000C0030446FA62BB61894641B9457800782E
:100F40000AEB800020444D4517D8A0EB0409E37854
:100F5000FB61BAF1000F02D01BF0010F16D1FB6943
:100F600053BBFB6A1BB13A6A4946204698474D4637
:100F700028465C37BD46BDE8F08F461C3046FFF77B
:100F80003BF90130304409F10109DCE7237862685C
:100F90007A62FA6A9900796104EB8301002A40F0D1
:100FA00004814D460E4601EB0A094FF000084E45FC
:100FB00050D101EB0A0610E01BF0020FD1D02378CC
:100FC0009A007A6162687A62FA6A04EB8301002A05
:100FD0007BD14D4601EB0A0690461BF0050F0CBF76
:100FE00002230123FB62FB6906EB430A0BF00203B9
:100FF000BB625645BCD016F8021B16F8013C54F8EB
:1010000023909B4B994502D39A4B99453AD3BB69A0
:10101000002B44D0786A0AF0B4FE00283FD09648EE
:10102000036813F0060F13D0E9468AB06A46934B63
:1010300053617B6AC2E906314FF400731384904B0D
:1010400042F8103F00234FF4125101F029F8CD4629
:10105000023DCEE716F8013BF96254F82300FFF792
:10106000CBF8D7F88430F96A01304BB1D7F8883023
:1010700098453EBFD7F8843023F8180008F10108DE
:10108000054494E7BB6923B1786A0AF07AFE002828
:10109000C5D11BF0010F05D1FB6AED1AA9E7BB6AA8
:1010A000002BA6D04846FFF7A7F8D7F8843053B1F5
:1010B000D7F8883098453FBFD7F88420431C22F8E2
:1010C000183008F10108054493E7BAF1000F72D017
:1010D0001BF0040672D0D046002607F148005246A5
:1010E0003B61B9620EF0A8F9B96A3B6901EB0A02EB
:1010F000BA62FA69F9695200FA60BA6A02EB41020F
:101100003A610BF00202BA603A69B96A8A4257D171
:1011100062787A621BF0020F32440CBF4FEA58012A
:1011200000211BF0010FD2B240F09F801BF0040F92
:1011300014BF40460020BB616270A070E1703A6A43
:101140007969FB6A20469847051EFFF611AFBB6917
:1011500023707B6A6370FB69E37041463A6AFB6AFD
:1011600084F802A007F148009847B0F10008C0F2E7
:10117000BB807B693A6AA9EB0A01C91AFB68C91AE4
:10118000D7E90A0398470028C0F2B080A84408EBCA
:1011900000054FF0000B07F1380AB34572D3002168
:1011A0003A6AFB6A08469847E2E656464FF000085E
:1011B00007F1380093E75646D04697E7B04695E7E3
:1011C000BA6A12F8021BBA6212F8015C284A54F893
:1011D0002500904202D3274A90421ED3BA6932B109
:1011E000786A7B600AF0CDFD7B6800288CD1BA68F4
:1011F00002BB08F1280207F1300C08F10100944409
:1012000007F1580252FA80F008F102080CF8101C9D
:101210005FFA88F800F8105C76E7BA693AB1786A44
:101220007B600AF0AEFD7B6800287FF46DAF1BF099
:10123000010F09D006F1280207F13000711C1618C1
:1012400006F8205CCEB25FE71BF0040F3FF45CAF02
:1012500008F1280207F1300008F1010102EB000853
:1012600008F8105C5FFA81F84EE7002063E700BFE2
:101270002CF60000343F0100D40700200C210100AF
:10128000040000011BF80A3087F8373054F8239027
:10129000D7F884302BB3D7F888309B4521D2D7F8C4
:1012A000843033F81B803A6AFB6A012107F137006A
:1012B000984700281ADB0544B8F1000F06D14846CC
:1012C000FEF79AFF00F101081FFA88F83A6AFB6AF4
:1012D000414648469847002808DB05440BF1010BBE
:1012E0005BE74FF00008DEE7454641E605463FE68E
:1012F000014B1860704700BFC004002080B5054650
:101300000E461746984609F037F803460EF084F962
:10131000DFF81890044649F8003042463046394616
:10132000A84754F8090003F043FF00BF080000007D
:101330002DE9F047058B04462807904611D4022971
:1013400005F0070540F0CC8020460AF0AFFF78B1E9
:101350000138218B042811D8DFE800F0C2106D8518
:10136000950001290CBF45F0100545F020052583A7
:1013700088F31188BFF36F8FBDE8F08701F0070A8B
:10138000AA4500F0A5800027B9463E46A368002B79
:1013900000F0BC8041F00801218388F31188BFF37D
:1013A0006F8FA168002900F0BA800D68002900F055
:1013B000B680D1F80480334652462046C047002DFF
:1013C00076D02B6829461D46F0E701F007035A1F27
:1013D000012A1BD8002221F00701062B276889B2B9
:1013E000C4E9002209D13B4603E0628B01326283EB
:1013F0001B68002BF9D141F00201218320460AF03D
:1014000055FF00287AD041F0200176E0042B0AD164
:1014100021F0070189B2218320460AF047FF10B16D
:1014200041F020012183218B01F0070AAA454FD00A
:101430000027B946AAE7236921F0070141F0060118
:10144000062DD3F8009021832DD1B9F1000F3FD0A4
:1014500041F00801218388F31188BFF36F8F3A4967
:101460002046C84729E021F00701236941F0040123
:1014700089B2042DD3F804902183E6D000273E469C
:101480004FF0040A82E721F00701236941F00501CA
:1014900089B2052DD3F808902183D6D000273E4687
:1014A0004FF0050A72E700273E464FF0060A6DE747
:1014B0002B4687E7B9F1000FD1D1EFF31188202334
:1014C00083F31288BFF36F8F238B23F008032383EA
:1014D000258BEA062ED525F01003238305F007059A
:1014E0006669218B002EBFF670AF00232768C4E920
:1014F000003321F0070141F001012183218B01F02C
:10150000070AAA454FF000097FF440AF002F9CD096
:1015100041F00801218388F31188BFF36F8F002FFA
:10152000C8D03D6839463346524620460AF0EAFEA6
:101530002F46F4E7AB067FF51BAF25F0200323838E
:1015400005F0070500E700BF31C3000008B50548F6
:10155000036813F0060F03D0034A02210BF014F9BD
:10156000002008BDD8070020C02101000749002342
:10157000CA89088A4243B3EBD20F00D37047086888
:10158000C25CD243C2540133F2E700BF64140020AE
:101590002DE9F04FA64F93B005460492BA680B931D
:1015A0000C46002A00F040813B68002B00F03C8193
:1015B0003B7D03EB430302EB830305939B795E07BB
:1015C00009D09C4803685C0700F029819A4A0121F0
:1015D0000BF0DAF823E17B7BD90740F11C81FEF7A1
:1015E0000BFE2B46034403950F930F9B039A9342E4
:1015F00003D1002013B0BDE8F08F059BFA895B7919
:101600002344934208DD0B9B33B1059B049A9B79DD
:1016100013441BB204930024039A97F91530387DC4
:101620000C9312F8013B0392A2B2BC68079200EB44
:10163000400004EB800ABDF810200D929AF80420B7
:101640009AF8075002F00401C2F3800208927A7BF4
:101650000691C2F34002AB42099227D39AF80820C0
:101660009A4238BF20239AF805209AF8066054F869
:10167000200012FB06F2D2085B1B03FB020301935E
:10168000002B00F0C68000230293049BDDF81CB001
:1016900003F0070310939AF80530029A9A4207D391
:1016A0000C9A079C13441C4424B29EE72023DAE7DB
:1016B0000FFA8BF3BDF940900E9300259AF806803F
:1016C000454507D3029B0BF1010B013302931FFA2F
:1016D0008BFBE0E7FB890A935B4509D90D9B5E19FB
:1016E000B6B246EA0B031A0402D43B8AB34201D8CD
:1016F0000135E3E79DF80820C5F3C703B9F1000FF2
:1017000000D08DB9019851460AF072FF069B23BBA9
:10171000C9F1080304021C41E4B2E5B90120984074
:10172000013800FA09F022E05146019811920AF0BE
:101730005FFF05F10803C3F3C703119A044651463E
:1017400001980AF055FF069B002B41D040EA042087
:1017500040FA09F0C4B2FF200AE040FA09F4E4B20A
:10176000002DF8D1C9F10803012098400138C0B21A
:101770009AF806305B1BC844072B08F007010BD80A
:1017800051B10123069A8B40013B12B1C1F108020D
:101790009340DBB218401C400E9B0A9AD7F8008099
:1017A00036B2F60802FB06360B9A18F806301AB362
:1017B000DDE9082C624512D123EA000008F8060092
:1017C0003B689A5D14439C55DDB9C9F1080575E77E
:1017D00044EA0024C9F108031C41E4B2BBE70A93C0
:1017E0000AF0F3FE0A9B23EA000308F806302046BD
:1017F0000AF0EBFE0446E3E7DDE908329342F6D156
:10180000DEE79AF806305B1B072B8CBF08356D1896
:1018100054E7019B44E7074803685B0702D16FF078
:101820001500E7E6054AD2E66FF01200E2E600BFD7
:1018300064140020D8070020D2210100E221010019
:10184000F0B51B4B87681E6887B004466EB35A68B4
:10185000198A0392ADF81210DA89197BADF81020BD
:10186000ADF814209A7D81F00401C1F3800382F069
:10187000010200259342ADF816500ED0FFF776FE18
:1018800000962046BE6803AB2A462946B047044668
:10189000FFF76CFE204607B0F0BD0096BC6803ABB6
:1018A0002A462946A0470446F4E76FF01204F1E700
:1018B0006414002038B5094B044618680D4650B131
:1018C0005A6800210DF0E0FD0DB9002038BD20461A
:1018D000FFF7B6FFF9E76FF01200F7E76414002096
:1018E000044BDA7C8A4286BF002019756FF0150020
:1018F000704700BF6414002030B58368164CDB6964
:1019000085B069469847154A154BBDF80000E0813F
:101910009B1A0C21B3FBF1F3E374BDF80230238270
:101920000821A17458439DF80C10217300250299D9
:101930006173C010A260A582A57560600DF0EEFC19
:10194000206030B1626829460DF09EFD284605B042
:1019500030BD6FF00B00FAE7641400206CFB000050
:1019600090FB00002DE9F047DFF858800446074659
:101970004FF0010914B93846BDE8F08794FAA4F590
:10198000B5FA85F509FA05F32E0108EB05156FEA9E
:10199000030A24EA03042B7B002BEBD058F8063013
:1019A0001B694BB94644042273682846196807EA44
:1019B0000A0700F035FBDDE7284698470028D9D113
:1019C000F0E700BF18FA000030B51049104889B0A0
:1019D00000220DF026FB0F4D0F4900220023CDE918
:1019E000062300240E23CDE90334CDE901440B4B3B
:1019F00000944FF44072284608F024FA084928461B
:101A000008F052F9204609B030BD00BF251A000089
:101A1000580D00209808002000210020651D0000BE
:101A20000C220100014808F0AFB800BF7C0800207C
:101A30002DE9F04780461F480F460AF00BFE064688
:101A4000002830D000252846BDE8F087237B6BB105
:101A50002368DB680BB12046984723681B69D3B91C
:101A6000636804221968204600F0DAFA013610345F
:101A70004C45EBD3B8F1000FE5D0002DE2D028465D
:101A8000FFF770FF0546002FF7D000214FF4A47038
:101A90000DF006FAF1E7204698470028E0D00AFA50
:101AA00006F31D43E2E7044CDFF8109005464FF0C3
:101AB000010ADDE78C14002018FA000038FA000053
:101AC000014B53F820007047FCFB000008B50346AB
:101AD00008462BB1044A136000F084FD002008BDC5
:101AE0006FF01500FBE700BFC404002010B5044CE4
:101AF000237813B9034808F047F80123237010BD79
:101B0000882000207C08002010B504460B480AF00D
:101B1000A1FD5CB1BFF35B8F094B53E8001F013996
:101B200043E80012002AF8D1BFF35B8F05480DF09F
:101B300084FA0548BDE8104008F026B88414002057
:101B400088140020580D00207C0800200020064B3F
:101B5000BFF35B8F014653E8000F43E80012002AF1
:101B6000F9D1BFF35B8F70478414002070B5FFF785
:101B7000EDFF084C084E0546B44200D370BD6368C3
:101B80005B792BB123685B6813B1294620469847DF
:101B90001034F1E718FA000038FA000010B5044CD0
:101BA000044920460AF01BFA034B1C6010BD00BF1D
:101BB0008C070020E8FB00007C140020094A0A483A
:101BC00008B500231370094A1360094A4FF4004115
:101BD0001360FFF77BFFFFF7E1FFBDE8084000F06F
:101BE0006FB900BF8920002051C600008414002076
:101BF0008814002001460022014800230AF010BA90
:101C00008C07002001480AF0A9BA00BF8C07002009
:101C1000024B014618680AF0F5BA00BF7C14002098
:101C200001480AF02ABB00BF8C0700202DE9F041D3
:101C3000354B1878002864D0FFF7E4FF044698B1CC
:101C4000BFF35B8F314B53E8001F013943E80012AB
:101C5000002AF8D1BFF35B8F2D4DDFF8B8804545E2
:101C60002DD32046FFF7D4FF2B4B2C4C1B68002BA9
:101C700019DD0DF08FF94FF47A72A0FB020302FB1D
:101C80000131C30BD4E9002043EA41439B1A4FEAD8
:101C9000D13140F2E93261EB0001934271F1000170
:101CA00001D3FFF763FFD4E9003213F57A7342F1F1
:101CB0000002C4E90032BDE8F041FFF7B1BF6B6834
:101CC0005B793BB121784B0706D52B6821461B6811
:101CD000284698471035C2E720462688C1F3C20738
:101CE00000F0BEFAC6F382160246002EEDD00028A0
:101CF000EBDB01233946284600F0ACF9B042E9D3CA
:101D0000E3E7BDE8F08100BF8820002088140020B0
:101D100018FA000038FA000084140020500D00204A
:101D200070B50D4D297861B90120FFF781FE0B4C8C
:101D30000B4EB44206D3FFF779FF0028FBD10123F5
:101D40002B7070BD63685B791BB1236820469B686C
:101D500098471034EDE700BF8920002018FA0000F2
:101D600038FA000000212DE9F0470846FFF760FE31
:101D7000044658B340F267684FF000090DF04CFC80
:101D80001B4B1C4A1B58136033B11B4B1B68092BA0
:101D900002DD1A4807F0F8FE194FDFF860A00025B1
:101DA00044B12046FFF7DEFD044618B94FF0FF3876
:101DB0004FF0FF39FFF73AFF064628B9B5B942465A
:101DC0004B46504607F014FF3546E9E74FF0FF3821
:101DD0004FF0FF39D2E72B689B691BB100221146F7
:101DE000284698471035BD42F5D3E8E7054DFAE798
:101DF0000800000080140020881400207C080020C7
:101E000038FA000018FA000013B518480AF022FC4E
:101E1000174B1B7873B1EFF31184202383F31288DF
:101E2000BFF36F8FFFF702FF84F31188BFF36F8F4B
:101E300002B010BD0F4B1B68002BF9D050B9002227
:101E40000023CDE900230C484FF40042002308F0A2
:101E5000A5FDEDE70928EBD107480DF0EEF807489E
:101E600002B0BDE8104007F08FBE00BF881400200C
:101E70008920002080140020580D00207C080020BC
:101E800010B5064B1B68044698472146A0600448DD
:101E90000AF045F9BDE81040FFF7B6BFC4040020C2
:101EA0008C070020044A054B9B1AB1EBD30F34BFBB
:101EB00052F831000020704788F9000018FA00003D
:101EC0000B480C4B30B51B1A0B4CDB0800210430BF
:101ED000994200D130BD10F83120256802F0070288
:101EE00025F007052A4344F8042B0131F0E700BF31
:101EF00088F9000018FA0000D0070020F8B50B4F51
:101F00000B4DED1B0646ED080024AC4203D14FF00B
:101F1000FF342046F8BD57F8340020B13146FEF7B3
:101F200059F90028F5D00134EFE700BF88F9000027
:101F300018FA000000282DE9F047884615461F468C
:101F40001DDADFF89890264E4FF0000AA6EB09063E
:101F500036095446B24509F1100902D12046BDE8C0
:101F6000F08759F80C0C3B4600792A464146FFF7AA
:101F7000E1FF844238BF04460AF1010AEAE7194B3F
:101F8000194AD21AB5EBD20F26D203EBC5031C793E
:101F9000BC4228BF3C46154EC0B200EB400056F88C
:101FA00025300722824023EA020304F00702824020
:101FB00013430021032223FA02F000F007008142BC
:101FC00002F1030238BF01461E2AF4D123F00703B1
:101FD0000B4346F82530C1E70024DCE718FA00007F
:101FE00038FA000088F9000018FA0000D007002035
:101FF000F8B5094D094BED1A06460F46ED080024C9
:10200000AC4200D3F8BD002122B23B463046013439
:102010000AF040FBA4B2F3E718FA000088F90000C8
:1020200038B50B4BC31A0D461B11114642680133DC
:102030001371436804469971FFF7DAFF63681D6006
:10204000636801225A71BDE83840FFF74FBD00BFF9
:1020500018FA000070B14168097973B1002A17DBE2
:10206000CBB20C4951F8220003EB4303D84000F0F7
:10207000070070474FF0FF31EFE707490748401A64
:10208000B2EBD00F3ABF01EBC20108791846704796
:1020900004207047D007002088F9000018FA0000DB
:1020A0002DE9F04F8FB004AFC1F34A28B8600D4658
:1020B00091467B600C0DB8F1000F67D0002607F148
:1020C00014034FF0040B4FF00A0AC7F80C80C7E95D
:1020D00007667E620193CDF808B0CDF800A007F145
:1020E0001C03F96832464846FEF718FFB0F5006F4A
:1020F000034620D32A48036813F0060F17D06C4616
:102100008AB0D9F8041004AB264DC3E9055140F25A
:10211000FF71D9611A464FF400711984224B42F8BD
:10212000103F4FF412513346FFF7BAFFA5462C3744
:10213000BD46BDE8F08FC0F30A0804F1170018444B
:1021400020F0070080083B60FFF754FD68F353253B
:10215000044690B13B68154AC7E9083600F1100102
:1021600007F11403F961CDE900A3CDF808B0F968CF
:1021700007F11C034846FEF7D1FE68F353257B6840
:10218000B9682A4620460AF0AFFAD0E704F11700F2
:1021900020F007008008FFF72DFD0446EDE700BFA3
:1021A000E40700202122010004000001BDC6000058
:1021B0002DE9F04F87B0DDE91279DDE9105A0446C8
:1021C000039193469846DFB1CDF800903B465246C6
:1021D00010210020CDF81490FEF7CEFCB0F5006F72
:1021E00006460ED31C48036813F0060F30D01B4A76
:1021F00040F2FF73022107B0BDE8F04F0AF0CDBAFC
:102200003E4605F11700304420F0070004F00704B3
:102210008008FFF7EFFC0BF0070BE40044EA8B1497
:1022200044EA462444EA0554054640B13FB1CDF89E
:1022300000903B46524631461030FEF79DFC039914
:1022400043462246284607B0BDE8F04F0AF04CBA94
:1022500007B0BDE8F08F00BFE40700206022010056
:10226000406820B1034BC01A40F38F0070474FF015
:10227000FF307047D00700200EB403B503AB014612
:1022800053F8042B0448019303F046FA02B05DF8BA
:1022900004EB03B0704700BFE5C70000CA0605D4D1
:1022A0008B064CBF02490349FFF7E6BF704700BFEA
:1022B0001B260100982201002DE9F04F89B09B46B2
:1022C000149B06939DF84CA0159B0593169B179E97
:1022D000049304460D469046BAF1000F00F09D802D
:1022E00006F4807307930AF0D3F906F00209024658
:1022F00000283ED091492046FFF7BEFF0746B9F1BE
:10230000000F08D016F0440F35D18D492A462046DB
:10231000FFF7B2FF074406F0010353B1894B8A4926
:1023200053F82A20894B2046002A08BF1A46FFF797
:10233000A3FF06F48073002B49D006F00803002B9E
:1023400063D1B8F1000F66D0814942462046FFF7BD
:1023500093FF0546069B3D44002B6DD1049B002B4B
:1023600073D1F30700F1E48031462046FFF796FF72
:10237000D8E00746C3E7774B18680028CAD0764BE9
:102380004FF47A791B68B5FBF3F54FF46163B5FB45
:10239000F0F100FB115509FB05F54FF03C0CB1FBCA
:1023A000F3F203FB1211B5FBF0FEB1FBFCF300FBF3
:1023B0001E550CFB131109FB05F50091B5FBF0F55B
:1023C0006649CDE901E52046FFF756FFA2E706F092
:1023D0000803EBB1624B634953F82A202046FFF70C
:1023E0004BFF0546B8F1000F05D05949424620463B
:1023F000FFF742FF0544BBF1000FABD05A495A46E4
:102400002046FFF739FF0544A4E74FF0000BE1E752
:1024100006F00805E6E745469CE7BBF1010F069B81
:1024200006D1002B64D1049B002B7BD000250CE04F
:10243000002BF8D04D485CE04D48069B4D492246A4
:1024400009F06EFC049B002B68D0DFF82C81DFF8CC
:102450002C91049F3146102F204628BF1027FFF7EC
:102460001DFF4FF0000B5D4545DC059B49461A7882
:102470002046FFF701FF4FF0010B1BF0070F03D1C0
:1024800041462046FFF7F8FE5F453BD9059B49468C
:1024900013F80B202046FFF7EFFE0BF1010BBBF109
:1024A000100FEAD1364920464FF0000BFFF7E4FE4B
:1024B0005A46059B9A5CA2F120015F2928BF2E2273
:1024C00030492046FFF7D8FE0BF1010BBBF1100F8E
:1024D0001DD01BF0070F03D141462046FFF7CCFE6D
:1024E0005F455A46E5D841462046FFF7C5FEEBE773
:1024F0001F485546A1E741462046FFF7BDFE0BF1B8
:10250000010BB0E720492046FFF7B6FEC5E7059B63
:102510003B440593049BDB1B04939AD1BAF1000F53
:102520007FF41FAF204609B0BDE8F04F0AF04DB967
:10253000064A05492046FFF79FFE15E7A022010045
:10254000A42201000CFC0000042701009B220100D2
:10255000C92201009414002090140020AD22010033
:1025600020FC0000CD220100D32201001BC8000086
:10257000E5C7000019570000E0220100D822010041
:10258000E2220100292D0100DE22010073B542F292
:102590000F738B4228BF0B4605680F4A044605217E
:1025A000684608F01DFE63680C495B6806460B220E
:1025B00028460AF0FCF863683246694628465B689C
:1025C0000AF0F5F8636806495B681B2228460AF0A2
:1025D000EEF802B070BD00BF443B010000230100D3
:1025E000E4220100074A00210123904206D8064A4E
:1025F00001B901231360054B1860704740085B0068
:102600000121F2E740420F009014002094140020B2
:10261000014B01221A7070478A200020014B0020D4
:1026200019607047AC1400200148FFF7AFBF00BF2E
:1026300050FC000010B5064B18680C46FFF740FA36
:1026400021460346BDE8104002480F22184700BF4C
:10265000AC14002050FC0000F8B5094D094B0A4E9F
:10266000D5E9004701221A700CB92C60F8BD21464B
:1026700030463A4600F01EF8241A0644F4E700BF3C
:10268000A01400208B2000208C20002010B9074BC4
:1026900018707047064B1B781BB141F288300CF064
:1026A0007ABAA42000210CF0FBBB00BF8A200020D6
:1026B0008B2000202DE9F047DFF878901E4F8046F0
:1026C0000E46042499F80050A5B90CF053F932468F
:1026D00082464146284606F0B5FB054650460CF0BA
:1026E00051F9E5B101233B7099F8003073B93046D8
:1026F000BDE8F08732464146002006F0A3FB0546C0
:10270000EFE72046FFF7C2FF651E2C46002006F0CB
:10271000DDFB0028EBD03B78002BF2D1E7E73B78DC
:10272000002BE4D0013C2046FFF7B0FF3B78002BA4
:10273000C8D1DCE78B2000208A200020014B0360F9
:102740000020704760FC000010B504460BF09FFFAE
:102750000349024620460AF03EFA002010BD00BFA1
:102760005323010073B5134600220192044601AAC7
:1027700058680A2101F0F0FB019D95B920EAE07448
:102780004FF40046294640F2E7304FF47A720023B6
:10279000C4FB0601FDF704FD0CF082FB284602B0E5
:1027A00070BD2A46024920460AF031FA019DF5E73C
:1027B0007F23010008B5034A03490AF00CFA002000
:1027C00008BD00BF6F240100762401002DE9F3410C
:1027D00017460023044601AAB86801930A2101F0B4
:1027E000BBFB019DC6B24DB12A46144920460AF0F2
:1027F0000EFA019D284602B0BDE8F081042E09D9E9
:102800000F49324620460AF002FA20460AF03BFA07
:102810000125EFE77868FFF771FBB0F1000804DAF3
:102820007A68084920460AF0F2F9002133460FFA87
:1028300088F2084609F02EFFDCE700BFA124010062
:10284000C8240100DF24010010B5044604F02CFF69
:102850000749024620460AF0BEF9204605490AF01B
:10286000BAF90548214607F0CFFE002010BD00BF91
:102870003E2501005D2501007D28000070B58EB069
:1028800004460D46D0F89C600CF04AFA03460CF062
:10289000C3FE214A21491058214A002B18BF1A466D
:1028A0000092204A2346844218BF0A4628461E4901
:1028B0000AF091F9D4E90A23CDE90023284694F9D6
:1028C0000E30227B19490AF086F906A920222046FB
:1028D00007F0FAF9636E1649024628460AF07BF9BA
:1028E00005A920460CF02AFA024628B111492846CB
:1028F0000AF071F90EB070BD059B6422F11A4A43CB
:102900000091B2FBF6F20C49CDE90162284632464D
:102910000AF061F9EEE700BF08000000E0220100C4
:1029200067250100BA3701006A25010076250100FC
:10293000A2250100B9250100E6250100F0B500251A
:1029400091B00446294608AF1C2209A80CF09CFD52
:10295000134E1A22202138460CF096FD21461148CC
:1029600007F052FE07AA4FF4006130460CF0DAF986
:10297000079A0097C2F5006164234B43DB0A059375
:102980004FF40063CDE90313CDE901322046064937
:102990002B46A6F140020AF01EF9284611B0F0BD00
:1029A000C02C0020AD2900003726010070B5044678
:1029B000D0F89C6088B00D4607A90CF0BFF902461C
:1029C00028B10F4928460AF006F908B070BD204624
:1029D0000CF0A6F9079B0096F11ACDE90131094BDD
:1029E00064224A43002818BF0346B2FBF6F20649A8
:1029F000CDE90362284622460AF0EDF8E5E700BF7C
:102A0000B925010067250100802601002DE9F04F5E
:102A100087B00446684606F0D5FD009F284ADFF8D7
:102A2000A4A0DFF8A4B0182303FB007708212046F8
:102A30000AF0C4F8009DBD4203D3002007B0BDE8F2
:102A4000F08F2B680BB11A7832B92B461F4A14212C
:102A500001A808F0C5FB01AB5246082120460AF048
:102A6000ADF828460CF09CF8194B1A4A002808BF0C
:102A70005B46082120460AF0A1F86B69A3B11E68E5
:102A800096B1336883B1144A082120460AF096F8BB
:102A9000B1464FF000083368104A434506D8104A43
:102AA000082120460AF08AF81835C4E759F8043F8F
:102AB000082120460AF082F808F10108EBE700BF80
:102AC000F326010002270100EA260100FD2601008D
:102AD000E4260100882D01000727010003270100DB
:102AE0001B2601002DE9F0411446884607461022B6
:102AF0006068002108F0A0FBB8F1020F064607D875
:102B0000254A2023082138460AF058F8336816E091
:102B10000A220021A06808F08FFBC5B21E4A2B468E
:102B2000082138460AF04AF8B8F1030F1AD1102DDF
:102B30000CD0202DEAD0082D0BD13378DBB2174A08
:102B4000082138460AF03AF8002009E033889BB2A1
:102B5000F5E73846124A08210AF030F86FF0150000
:102B6000BDE8F081E0681022002108F065FB0D4A05
:102B700003460446082138460AF020F8102D06D0F6
:102B8000202D07D0082DE4D1E4B23470DCE7A4B2E4
:102B90003480D9E73460D7E7482701007327010064
:102BA0005D270100842701002DE9F04F87B0002345
:102BB0000193524BDFF848A191460122074688460F
:102BC0001A6002F0EBFD4FF0FF3520262C464946F7
:102BD0005246404602F006FE411C06D16A1C41D115
:102BE000484938460AF013F817E073281AD07728B6
:102BF00028D0612811D1DFF810B101AADBF800005C
:102C0000102101F0A9F9019B0546002BDFD0DBF86C
:102C100000203E49384609F0FAFF6FF0150007B072
:102C2000BDE8F08FDFF8E0B001AADBF8000000217A
:102C300001F092F9019B0446002BC8D0DBF800207C
:102C40003349E7E7DFF8C0B001AADBF80000002154
:102C500001F082F9019B0646002BB8D0DBF800207A
:102C60002C49D7E7631C01D12B49BAE75FFA86F8F4
:102C7000C6F3C406002C3FD002AB29461A46A6EB89
:102C8000050C0CE0B8F1100F1DD0B8F1200F20D0CA
:102C9000B8F1080F2AD10878187031443344A6429D
:102CA00003D80CEB01001028ECD9102CA14628BF4A
:102CB0004FF0100929464B46384601F025F81035EB
:102CC000A4EB0904D6E7088880B21870000A58708F
:102CD000E3E7086818704FEA102E83F801E04FEA26
:102CE000104E000E83F802E0D870D6E70B4A082198
:102CF000384609F063FF90E7204690E75005002032
:102D0000D2270100D9270100841D00209827010047
:102D1000AB270100BE270100F62701005D27010057
:102D200070B50F4E044633780D4671B123B1BDE83E
:102D300070400C4909F06BBF012333700A492046EB
:102D400009F049FF0123337004E083F0010333707D
:102D5000002BF3D129462046BDE8704009F0B0BFF2
:102D60009C200020102801004B28010070B504466B
:102D70003B480378182B02D10B78112B31D0013A44
:102D80000B468D18AB4225D18B5C0A780370A2F1FB
:102D90003003092B334C04D922F02003413B052B8F
:102DA00004D823683049CA54013323602368022BB6
:102DB00033D110222C48002108F03EFA2B4A136828
:102DC00003F8010B13602A4A1368013313600023D0
:102DD000236022E013F8016B182ED3D11E78112E38
:102DE000D0D1234D23492A68204609F0F4FE20461D
:102DF0000021FFF795FF204B187870B91F4A2B6808
:102E00001168042B0ADC08B111602B6013F0030178
:102E10000BD1126813681BBA136070BD086800BA42
:102E200041F8040B043B0120EBE75B4203F0030392
:102E300058BF5942022904D1126813885BBA9BB269
:102E4000EAE70329E9D1106802681104C2F30743D5
:102E500001F47F010B4302F47F4213430360DCE77C
:102E60009D200020B01400209F200020BC140020D2
:102E7000B4140020752801009E200020B814002002
:102E80002DE9F84F0C462B49DFF8AC80DFF8AC9009
:102E9000DFF8ACB000230B602A4988F80030064602
:102EA0000B601546012C2F4655F804AF1ED902229F
:102EB000494650460CF00DFB80B99AF80220003AC2
:102EC00018BF012292442049022250460CF001FB17
:102ED00030B9012388F80030013CE3E70022F1E734
:102EE00049465046FDF776F9A8B904370022114645
:102EF000786808F0A1F9154B00221146186078682F
:102F000008F09AF9124B134918603046FFF708FF92
:102F10000020BDE8F88F9AF800202D2AE6D19AF813
:102F20000120002AE2D052465946304609F053FEAD
:102F3000D2E700BFB01400209E2000208F2801009F
:102F400095280100B414002092280100BC14002030
:102F5000B81400206D2D000007B50A480BF020FEC4
:102F600060B1094A07491268084804230093012305
:102F700000F030FF002003B05DF804FB6FF012009A
:102F8000F9E700BF0CF7000008FD000038FA000068
:102F900010B54468C4E90012A36042684023D364BA
:102FA00002F15803136300230821C2E90E33C2E97A
:102FB0001133C2E90633C2E90933D162146853639D
:102FC00002F150011364116153611362C2F8D030F1
:102FD000A36823B11B6C13B1044920469847A3682A
:102FE0001B6A0BB120469847002010BDF12F00004E
:102FF0002DE9F74304460D468368DB6B03B1984720
:10300000A368DB6A0BBB4FF0000905F13008EA6CDE
:1030100001A9404609F030FA0746002836D0A368D7
:1030200001991B693BB3024620469847064628B3E0
:103030003146404609F03FFAB7424FF00109E6D069
:10304000D5E901310020984703E020469847002841
:10305000D9D1A368DB6963BB05F11007EA6A01A94E
:10306000384609F05CFA064650BB204609F028FCB9
:10307000C5F8D0602FE06FF05706D9E7014640460B
:1030800009F019FAB9F1000FE3D0D9E7164803683F
:1030900013F0060F03D0154A022109F075FBA3684F
:1030A0001B69002BEED001220DF103012046984749
:1030B000E8E7204698470028CED103B0BDE8F0836A
:1030C000A3680199DB685BB1024620469847014638
:1030D000384609F044FAD5E9013101209847ECE778
:1030E0006FF05701F4E700BFF8070020FC2901004A
:1030F00010B581680446183101F060F9A168034AEF
:1031000020461831BDE8104001F0FEB83E2A01000B
:1031100038B58368D3F87832DB0704461DD4C0691C
:103120000AF006FB606803685B689847054620B9AB
:10313000E0680AF0D2FCA3681D75A3685B6C13B14C
:10314000294620469847A3680CF066FA0022C3F887
:103150002023034B185802F02BF86FF00F05ECE713
:1031600008000000014909F049BC00BF1B2601000E
:10317000F7B504468068D0F878325A070D4605D571
:10318000002109F063FCE0680AF079FCE368DB6881
:1031900073B9002D3BD0A66806F15607384609F0F2
:1031A0003AFC002835D0394606F5AB70FDF71CF81F
:1031B000A268E0680DF10603563229460AF062FC67
:1031C00058B9A06800F5AB715630FDF70DF8A0684E
:1031D000563009F020FCADF8060020460AF063F8EE
:1031E000A368D3F874329B0603D50B49606909F0D4
:1031F00005FC204600F016FFA268BDF80630A2F8D4
:103200005230A2682046A2F8503009F0B1FF03B056
:10321000F0BD86F85601CBE798FB00002DE9F04F92
:10322000A7B004465422002111A80CF02DF9002368
:10323000CDE90533A3682046563302930AF03AF8E5
:10324000204609F07EFF10B96069FFF78BFFA06888
:103250001422002118300CF017F9204609F017FF4E
:10326000A168E068B1F85020563100260AF041FC10
:1032700020460AF0C0FC4FF0FF37B24603960DF12E
:103280004408B3463546B146DDE90532012A6DD022
:10329000132B6ED85FBBBBF1000F0AD020460AF09B
:1032A000CBFCA2681423563211A90DEB030009F0E0
:1032B0006DFDB9F1000F0CD099F81130FE2B08D13B
:1032C000059B26AA02EB830252F8542C0AB1013363
:1032D0000593A068059D436A002B40F0B680CEB1EF
:1032E000C3699E422DD00D9600F1180524E0029A84
:1032F0000223414606A809F049FD0699D8F80420A2
:103300000292034631B101290AD148B16D4A2046E3
:103310000AF082F86FF00705284627B0BDE8F08F65
:10332000059B002B34D0D8F8000001F067F898B165
:1033300066B1A5680D9618350CAE0FCE0FC5336873
:103340002B602046FFF7D4FE0125E5E75E4A012108
:1033500020460AF061F8DDE7059BCBB1D8F80020E4
:103360002946204601F0ECF9022809D1059B132BD0
:1033700091D9069B022B8ED1544B554A0121C6E7A9
:10338000032805D0059B013305934FF0010B7BE724
:10339000039B33B9D8F8001007AA484609F0EDFDA1
:1033A000054608F10408013F9DB3EB68BBF1000F2F
:1033B00008D0F3B1204609F07DFF204609F0D8FE81
:1033C000444AC4E7ABB1A368DDF814A0AE4603F1EC
:1033D000180CBEE80F00ACE80F00DEF80030CCF8A7
:1033E0000030AB682BB96B7CFE2B04BF2F7C07F140
:1033F000FF37D5F804C0BCF1000F08D0AE46BEE8D8
:103400000F000CAE0FC6DEF8003033606646A946EA
:1034100003E0059B53B101230393069B17B9022BCD
:103420007FF432AF059B013305932DE7A368DB6A78
:1034300013B1DB68002BEED1274B0093274A119B79
:103440000121204609F0E8FFE5E790F82830A5EBD8
:103450000A05BBB190F829104FF6FF72FF2918BF7B
:103460000A469D4202D313449D420BD983691C4AEC
:103470000121204609F0D0FF2046FFF739FE6FF00A
:10348000150549E7012109F0D6FAA06800F5437057
:1034900009F0F5FAA36811AA294602EB8A025B6AD1
:1034A000204698470546A0684FF0FF324FF0FF33A3
:1034B00000F5437009F08AFAA068002109F0BBFA10
:1034C0002AE700BF4C2A0100602A0100C12A01003E
:1034D000FA2401007E2A0100AD2A0100B52D010069
:1034E000E52A010010B5836802221A7583689B6C77
:1034F0000446BBB909F041FA8368D3F87832DB049B
:103500000BD50321084B094A09F086FFA0686FF428
:10351000805100F51E7009F04AFA2046BDE81040BF
:1035200000F0D4BE10BD00BF002B01000427010035
:103530002DE9F04F04468068B1B0012100F51E70FE
:1035400009F026FAA3681B7D022B20D100230993E2
:10355000A36860689E6C03681D6909AB0EB31022F6
:103560001BA9A847099B93B1A068012109F063FA40
:10357000099A1BA92046B047A068002109F05BFA10
:10358000A3689B6C002BE3D12046FFF7ABFFA0683C
:103590006FF0010100F51E7031B0BDE8F04F09F089
:1035A00006BA01220DF12301A847099B002BEED09A
:1035B0009DF923209DF82310A368002AC8DB5A7DBB
:1035C000032A00F29882DFE812F0040085029C02D0
:1035D00096020D297CD00A2958D0B3F878226FF3CF
:1035E000CA02A3F878220929A06800F086803DD895
:1035F0000029ADD0082900F0FC810346D3F87422DD
:103600009207A5D501391629A2D801A252F821F0B6
:10361000A53B00002D3A0000353A0000253A000095
:10362000993B0000533A000051350000513500002D
:1036300051350000513500005B3A0000633A00004C
:10364000513500008D3A000051350000973A0000D6
:103650005135000051350000513500005135000052
:103660009B3A000051350000C53A00001B2941D0AB
:103670007F2900F0CA81A1F120025E2A0346BDD84D
:10368000012109F0E3F99DF82310B9E0D3F878227D
:10369000C2F3C7022AB1D3F87822C2F3C7020A2ABA
:1036A000ACD1B3F8782261F3CA02A3F87822A568F6
:1036B000B5F85010C1B9284609F0C8F9E0680AF019
:1036C000DEF96069FFF74EFD2046FFF70BFF3FE78D
:1036D000D3F87822C2F3C702002AE2D0D3F87822C6
:1036E000C2F3C7020D2ADBE72046FFF797FDC5F8B6
:1036F0002403E9E7012343752AE7D0F874329B07D6
:103700007FF526AF012109F0A1F9A068B0F850308B
:10371000FF2B3FF41DAFB0F8522000F1560100F529
:10372000AB700BF089FEA368B3F852201344002558
:1037300083F85651A2681BA9142302F5AB720BA89B
:1037400009F024FB0B9914293FF602AF30AB03EBD1
:10375000810343F8545CA368B3F85220002A53D085
:10376000134493F85530202B02D0093B042B4BD83F
:1037700000294CD100250A950A9B30AA02EB83034D
:10378000002653F854AC504609F045F9B34681463B
:10379000B046374616AA3946284600F0A3FB034632
:1037A000002840D1012EA76865D10A9B30AA02EB00
:1037B000830353F8540C09F02EF907F1180206465A
:1037C0004146284600F08EFB0568284609F023F99B
:1037D000864205D0821B92B2A919204609F063FEE9
:1037E000A068B0F85230034493F85630202B31D003
:1037F000093B042B2ED9D0F87432DF072FD42021B7
:10380000204600F02BFDA3E60129B3D901390020A1
:103810000CAB009301900AAB1BAA09F0D9FB05463B
:103820000028A9D194E61B6803934A4651461846DE
:103830000BF04FFE60B9039B1846FCF7DDFC5845C2
:1038400038BF58461FFA80FB002E08BFB846013625
:1038500001379FE70121204609F0BEFC78E60021F0
:1038600009F0FEF82021204600F0F8FCA0680121B4
:1038700009F0F6F86CE604907FF66AAE0A9A30AB6F
:1038800003EB8202C14652F8543C0393184609F0F8
:10389000C2F8049B0590A7F840300496A2684946F8
:1038A0001832284600F01EFB039BD0F800A009F157
:1038B00001094BB1BAF1000F06D0059A19465046DE
:1038C0000BF007FE0028E9D1A168BAF1000F4ED134
:1038D000A1F840A0049B013B0493DFD16069FFF78E
:1038E00041FC204600F0F2FC0A9B30AA02EB830365
:1038F00008F1010A53F8540C09F08DF8414611AA59
:103900008146284600F0EEFA0746A0683968FF2293
:1039100000F5AB700BF0EFFD3B6803934FF6FF77BC
:10392000B84616AA514628460AF1010B00F0DAFA09
:10393000002852D0A168036801F25511002211F845
:1039400001EF985C704503D110B101324245F6D1C8
:10395000B9F1000F01D04A4507DBBA4206F1FF3644
:10396000A8BF3A46012E97B237D0DA46D9E7994830
:10397000069109F050F8069907914A8F00EB0B0762
:10398000BFB2121A504692FBF7F292B2069209F0B9
:1039900042F80799069A3F1AB1F8400000F1010C6D
:1039A000A1F840C0B0FBF2F102FB110080B2BFB23F
:1039B00060B9884B884ACDF800A00621204609F05E
:1039C0002BFD3946204600F017FB83E7834A534618
:1039D0000621204609F020FDF3E7002F3FF4B8ADA3
:1039E0000399A7EB090292B24944204609F05BFD16
:1039F000AEE5D0F874329E077FF5AAAD012109F03B
:103A000025F8204609F070FDA2E5D0F874329D0734
:103A10007FF59EAD012109F019F8A368D3F874323F
:103A20001907EED4204609F040FD91E5204609F043
:103A30004AFC8DE5204609F03DFC204609F081FB5B
:103A400010B96069FFF78EFBA068012108F0FEFF46
:103A50003AE6204609F040FC7AE5204609F047FCAA
:103A600076E5D3F874329B0603D55D49606908F0AA
:103A7000C5FFA368D3F874329F0603D5594960691E
:103A800008F0BCFF204600F021FC61E50021204643
:103A9000FFF76EFB5CE50121F9E7204609F003FC26
:103AA000204608F06AFF0121A06808F0CFFFA36854
:103AB000D3F874329E067FF54BAD4B49606908F030
:103AC0009DFF45E5204600F027FBA068012108F096
:103AD000BDFF3DE55B2902D102225A7538E5D3F8D6
:103AE00074329D0706D5622907D14FF0FF31204679
:103AF00009F09BFBA3680022EFE76629FAD10121B8
:103B0000F5E700225A75A268D2F8743298077FF55B
:103B10001FADA1F131031B2B3FF61AAD01A151F8E6
:103B200023F000BFA13B0000AD3B0000C13B000003
:103B3000953B000051350000513500005135000023
:103B4000513500005135000051350000513500005D
:103B5000513500005135000051350000513500004D
:103B600051350000973A00008D3A0000533A0000AA
:103B70002D3A000051350000993B000051350000FE
:103B8000A53B0000513500005135000051350000C3
:103B9000B13B000003235375204609F08BFBD7E4AB
:103BA00003235375204609F07EFBD1E403235375AC
:103BB000A068D0F8741201F0010181F0010157E60C
:103BC00003235375A368D3F874329B077FF5C0AC09
:103BD00028E700BFDF220100442B01000427010079
:103BE0009DFB0000A2FB000098FB00002DE9F041C6
:103BF00004468068154600F51E70002937D04FF442
:103C0000804108F0C5FEA368DD6460680368002198
:103C10009B68984700284BD1204608F057FF0028A2
:103C200046D1244E244FDFF89480A06800F52F7011
:103C30004FF0FF324FF0FF33032106F0E9FE054657
:103C4000A0684FF0FF324FF0FF3300F543709DB195
:103C500008F0BCFE20462B46194A012109F0DCFB86
:103C6000A068BDE8F04100F5437008F008BF6FF4AC
:103C7000804108F09CFEC6E708F0A8FE324602210B
:103C8000204608F0A5FE3A462946204608F0A0FE48
:103C900020464246012108F09BFE606803685B698C
:103CA00003B19847A06800F5437008F0E8FEBCE750
:103CB000BDE8F081113100003135000083CA0000F9
:103CC0004A2B010010B50B49044608F084FF20463A
:103CD000094908F080FF2046084908F07CFF20468B
:103CE000074908F078FF2046064A002100F00CFB47
:103CF000002010BD612B01009F2B0100FE2B010055
:103D0000522C0100EC2C0100F8B517461E460A465D
:103D10002949044608F05FFF3EB33A782749204618
:103D200008F059FF01256A0703D12549204608F00C
:103D300052FFAE421ED97A5D2049204608F04BFF63
:103D40000135102DEFD11F49204608F044FFB6B9C8
:103D50001B49204608F03FFF0125AE422B4610D8F4
:103D60001749204608F037FF15E01749204608F0AC
:103D700032FF01251449204608F02DFFE0E7002519
:103D80002B46FA5C1149A2F120035F2B28BF2E229B
:103D9000204608F020FF0135102D06D06B07DCD13E
:103DA0000749204608F017FFD7E720460849BDE835
:103DB000F84008F010BF00BF022D0100D82201001A
:103DC000E0220100E2220100DE220100292D010093
:103DD000092D01002DE9F043044680688846D0F89B
:103DE000201389B015461F46002960D14FF44A724E
:103DF0000BF04AFBE06809F0E4FEA06800F54370B0
:103E00000AF071FF4FF42F794FF41F76A068304409
:103E10000BF05DFAA0680022831901214844103696
:103E20000BF02CFAB6F52F7F09F11409EED1A36936
:103E300000261E60A068022100F51E7008F0A8FD93
:103E4000A36850225A87A36818221A87216820463F
:103E500008F0EBFEA368174A66F38205C3F87452B4
:103E60006068036841461D682346A8470546D0B9E7
:103E7000A36801221A75D4E90A0100220023CDE9C2
:103E800006230E230393109B0495CDE90173009440
:103E9000094B4FF4006205F0D5FFA368C3F8200377
:103EA000616A05F001FF284609B0BDE8F0836FF0B4
:103EB0007705F8E723CA0000ED3B000010B5044683
:103EC00013460A460146064801F026FC23691B7981
:103ED00023B12046BDE8104008F0F8BE10BD00BF79
:103EE000E5CC000038B50B46154648B91449154ACB
:103EF000521AB3EB920F05D251F82350284638BD21
:103F000084680CB90025F9E70F4A94420AD30F4A96
:103F1000944207D218462268294690472B68002B06
:103F2000ECD1EFE70A4A944202D30A4A944205D3FD
:103F3000246814225343E518E358F0E70133F8E707
:103F400068FA000090FA00006CFB00006CFB0000B7
:103F500090FA00006CFB0000F7B503782D2B0446A7
:103F6000164605D16FF015033360002003B0F0BD95
:103F70000BF052FB0B4F00230546C3510A46204667
:103F800001A907F059F9EB59222B02D16FF0210357
:103F9000EAE7002BE6D1019BA342E3D01B78002B7C
:103FA000E4D0DFE70C0000008368D3F874329B068E
:103FB00003D50249406909F0A5B87047A8FB000085
:103FC000014909F09FB800BF1B2601000A1E0DDC45
:103FD0000ED042238168D1F87412890608D5002AD0
:103FE00004494069B8BF524209F08CB84123F1E757
:103FF000704700BF252D01000A1E0DDC0ED04423A2
:104000008168D1F87412890608D5002A04494069EC
:10401000B8BF524209F076B84323F1E7704700BFBA
:10402000252D01002DE9F0478568DFF868900446EA
:1040300005F15600FCF7E0F8002395F83C7086B2D5
:104040009846A268558FED1BB54209DB002E1FDD97
:10405000563360691049BDE8F0471A4409F052B878
:104060001D442A44563392F856A082F85680A2681E
:1040700060691A44494609F045F8A3682B4483F85F
:1040800056A0A3685B8FDB1BF61A00272B46D8E7E8
:10409000BDE8F087FA2401000427010008290A4638
:1040A00017D8836893F83E10914212D083F83E20CF
:1040B0008368082AD3F8743205D0990609D50549D2
:1040C000406909F01FB89B0603D50349406909F010
:1040D00019B870472C2D0100ADFB000038B50D4616
:1040E00009780446FFF7DAFF6A78072A11D8A3682F
:1040F00093F83F1091420CD083F83F20A368D3F887
:1041000074329B0605D560690249BDE8384008F065
:10411000F9BF38BD352D0100F8B58368B3F85020DC
:104120000446002A55D0B3F85210002951D0553119
:1041300003F156050B441846A84206D3014611F870
:104140000169202E3CD0A8423CD286B29DB2AB1B66
:104150009BB2591C471CD21A014438460BF07AF91D
:10416000A268B2F85030711B13FA81F3A2F85030F4
:10417000A368B3F850201344002283F8562009B2F4
:10418000204609F029F8A368D3F874329A0603D5BB
:104190001049606908F0B6FF3B460F4A08212046E7
:1041A00009F03AF92046FFF7FFFEA368D3F874320E
:1041B0009B060ED560690949BDE8F84008F0A2BF2A
:1041C0000846B9E7014611F80169202EBDD008461E
:1041D000B9E7F8BDB2FB000004270100B6FB000000
:1041E0002DE9F04104460D4617460AB1FFF7DCFE03
:1041F000A368B3F85220D3F87412563213444A0716
:1042000021D51846FBF7F8FFDFF848800646A6B927
:10421000A368B3F85020A3F85220A06808F07FFFED
:1042200020B107B115B16069FFF7CAFE69422046A7
:1042300009B2BDE8F04108F0CFBF6069414608F01F
:1042400061FF013EE3E7044A0821204609F0E4F853
:10425000DEE700BFBA3701000427010013B5836809
:104260008DF80710D3F874220446D00725D5B3F88B
:104270005210B3F850208A421FD0481CA3F85200B5
:104280000B449DF8072083F85620A368D3F87412D6
:10429000890710D5D3F8743260690B4913F0040F05
:1042A00018BF2A2208F02EFF204608F04AFF10B15E
:1042B0006069FFF785FE02B010BD01220DF1070114
:1042C000204609F0B6F8F6E7292D010010B504469E
:1042D0008368094A022109F09FF8A368D3F8743271
:1042E0009B0707D52046FFF79DFE2046BDE81040FE
:1042F00008F04DBF10BD00BF04270100014909F0BF
:104300008DBA00BF1B2601002DE9F04F0E4600219B
:1043100089B0044617460D4603AA304601F101084C
:10432000FFF7E0FDB0B995B127B13A460821204624
:1043300009F072F81E4FDFF87C90DFF87CA00021B6
:1043400003AA304601F10108FFF7CCFD60B909B0BE
:10435000BDE8F08F006810B1FBF74EFF80B28542D8
:1043600038BF05464146D7E703688BB11A787AB162
:10437000D0F804B04A46CDE9005308213B46204618
:1043800009F04AF8BBF1000F04D16069FFF7B6FFEE
:104390004146D5E7524620463B46082109F03CF805
:1043A000AA1D92B25946204609F045FAF0E700BF2F
:1043B000532D01003E2D0100D3220100F7B50F68F7
:1043C00005460E46A7B13846FBF716FF84B2094BE7
:1043D00000932846084A3B46082109F01DF8E21CD4
:1043E000716892B2284603B0BDE8F04009F023BAE4
:1043F0003C46ECE74F2D0100452B010010B5074965
:104400000446FBF7E7FE38B105492046FBF7E2FE1C
:10441000B0FA80F0400910BD0120FCE7452D0100F5
:10442000482D010010B58368D3F874329B0604460A
:1044300003D50649406909F075FAA36850225A87E6
:10444000A36818221A87002010BD00BFBAFB000025
:1044500008B5836902491A6808F0BDFB002008BD51
:10446000562D01002DE9F3410D490E4C0E4EDFF89B
:104470003C80054608F0AFFB0022B44202F1010780
:1044800003D3002002B0BDE8F081636A0093A36803
:1044900092B24146284608F09EFB30343A46ECE79B
:1044A000662D010038FA000068FA00007E2D010038
:1044B00008B5024908F0B9FB002008BD1C26010020
:1044C00073B50E4E04460025A268E0680DF10603A0
:1044D00002F5AB72012109F0D5FABDF80600A36818
:1044E00040B12A4603F5AB733146204608F073FB12
:1044F0000135E9E783F8560102B070BD8F2D010048
:1045000010B5044608F0D4FB03490246204608F0E3
:1045100062FB002010BD00BF8B280100022907B5F7
:104520000BD15368009312680B4B0C4908F06FFBDA
:104530006FF0150003B05DF804FB8368084AD3F8F8
:104540007432084913F0020F074B18BF1A4608F0DF
:1045500042FB0020EEE700BF9D2D0100B22D0100BF
:10456000992D0100BB2D01008E24010010B5836838
:10457000D3F874329A06044603D50749406909F016
:10458000D1F9A368D3F874329B0603D50349606957
:1045900009F0C8F9002010BDC1FB0000C6FB0000F7
:1045A000F0B5012985B004460AD05368009312681B
:1045B0005D4B5E4908F02BFB6FF0150005B0F0BDB8
:1045C0008368D3F87432990603D55949406909F0D4
:1045D000A9F96FF0F9012046FFF7F8FCFA2120460F
:1045E000FFF70AFDA06800254FF48072294600F508
:1045F000AB708DF80B500AF047FF4E49606909F027
:1046000091F9606908F062FB4FF47A76606803689C
:1046100001221F690DF10B0103ABB847039BEBB9F6
:10462000013E4FF47A70B6B20AF0B5FA002EEDD121
:10463000A368D3F874329B0603D53F49606909F03B
:1046400071F9A3683D4950225A87A3681822204671
:104650001A8708F0CEFA6FF00700AFE79DF80B203D
:10466000A3681B2A53D093F856111B29CED1522A86
:104670004DD15A19002382F85631A66896F8572171
:104680005B2A2BD106F25710022510F8011F2A468B
:104690003B2905F10105ADB223D1FF2AC8D002F5AF
:1046A000AB7216FA82F1002211F8010F18BB86F8DE
:1046B0005601FA2AA16828BFFA224A87FA2BA26873
:1046C00028BFFA231387A368D3F874329A0603D558
:1046D0001949606909F026F900206FE786F856311C
:1046E000A6E703EB8303303901EB4301B5F5807F87
:1046F0008BB2CAD19CE7013502EB8202ADB23038F1
:1047000000EB4200B5F5807F82B2CDD190E72B441B
:104710000135ADB2092D83F856217FF677AFA36836
:10472000002283F8562183E79D2D0100B22D010060
:10473000CCFB0000062E0100D0FB0000CC2D0100B8
:104740002DE9F04F074689B01546894621B110463C
:1047500009F03DFA00285BD1032455E05C463CE0BB
:1047600029460AF5AB700AF0E2FE0646002854D04E
:10477000FBF742FD82B2601C0132314630440AF040
:1047800069FE2246594630460AF056FE4FF0200395
:104790003355BAF8543001331C44AAF8544008F198
:1047A0000108002401994B1C03AA48460193FFF716
:1047B00099FB0646E8B131680022284609F0C4FB9F
:1047C0000028EFD1D6F800B0D7F808A0BBF1000F51
:1047D000C4D05846FBF710FD84B2BAF854302344D5
:1047E000FF2BBDDD0E4A2B460321384608F014FE90
:1047F0000124B8F1000F07D0B8682A4600F154012F
:1048000000F5AB7008F092FB204609B0BDE8F08FD0
:104810004FF0000841460224C5E70224E9E700BF43
:10482000C832010008B5044807F0D2FABDE80840D4
:10483000024807F0CDBA00BF1A3301004F33010020
:10484000014806F025BB00BF6C00010038B50446E6
:1048500018B90F4B0F485B6898476168B1F5683F1E
:1048600010D0B1F5680F0DD00B4DA9420AD011F44C
:104870006861206807D0014608480AF0E9F900237A
:104880002360656038BD14220AF0FEFDF9E700BF21
:104890001C0700207D3301002C5F5CA9481D00200F
:1048A00008B520B34368B3F5683F10D1012203680F
:1048B000BFF35B8F53E8001F002903D143E80020BA
:1048C0000028F7D1BFF35B8F0DD1002008BD094A46
:1048D00093420AD000684FF0FF324FF0FF3305F0EB
:1048E0008BF80028F1D00448F0E70448EEE76FF4B5
:1048F000E040EBE72C5F5CA9E98FFFFFEA8FFFFF49
:1049000008B5D8B14368B3F5683F10D100220368F9
:10491000BFF35B8F53E8001F012903D143E8002058
:104920000028F7D1BFF35B8F0BD1002008BD074AE9
:10493000934208D0006805F0D7F8F6E76FF4E0403E
:10494000F4E70348F2E70348F0E700BF2C5F5CA9F7
:10495000E98FFFFFEA8FFFFF10B5044618B91D4B22
:104960001D485B6898476368B3F5683F2FD0B3F57F
:10497000680F2CD0194A934219D1236803BB1848F9
:104980004FF0FF324FF0FF33214605F007F808B92A
:1049900023681BB90F4B13485B68984720681422A3
:1049A00000210AF071FD4FF46863636008E0B3F51D
:1049B000683F0DD83A2B03D040F6BA629342DED15D
:1049C00020680AF090F9636843F03A03636010BD11
:1049D000054AF3E71C0700207D3301002C5F5CA92A
:1049E000481D0020A33301003A00003A08B50649EB
:1049F0000648402314220AF01DF9BDE80840044986
:104A0000044806F0B7BA00BF48180020481D00202F
:104A100074000100880001002DE9F843054600AF4D
:104A20000C46002948D0DFF8B890D9F800305A0772
:104A300042D06E468AB0D1E90001A3686A46DFF829
:104A4000A4C04FF00508C2E905C0C2E9071342F847
:104A5000108F00234FF421514846FDF721FBD9F870
:104A600000305B07B54627D08AB0D4E903016369FB
:104A70006A46DFF874C0C2E90713C2E905C042F80C
:104A8000108F002348464FF42151FDF709FBD9F858
:104A900000305807B5460FD0E3690121134A484654
:104AA00007F07BFED9F80030590705D0A369104AFA
:104AB0000121484607F071FE012D0AD1EFF305836D
:104AC00007480268520704D00A4A103B294607F0FB
:104AD00064FE2146284604F095FDBD46BDE8F883F6
:104AE000F0070020D0330100FF3301002E34010015
:104AF0003D3401006B34010030BFFFF7FDBF00BF44
:104B00002DE9F0410B4EDFF8308006EB0807CC1B97
:104B100005463246094920460AF08EFCA019424655
:104B20000021083C0AF0B0FCC5F8A84007F10800D5
:104B3000BDE8F081000000000800000090FB0000CC
:104B4000074A936893F90E10002907DB52699342D4
:104B50001FBF044A536843F080535360704700BF3F
:104B6000741E002000ED00E0F8B5374C23685B07A9
:104B700006460D4603D03549204609F079F8344BF6
:104B80009B6ADF0451D52368580703D031492E486A
:104B900009F06EF817202E4B9B6A190507D523687C
:104BA0005A0703D02C49284809F062F81820284FEA
:104BB000BB6A9B0519D52368580703D027492248AB
:104BC00009F056F8BB6BBA6A11040DD5226852077A
:104BD00004D0234A1C48012107F0DFFD26B11C4AFE
:104BE000936A23F4004393621920194B9B6A5B0577
:104BF00007D523685F0703D01A49134809F038F82E
:104C00001A20134B9A6AD60511D52368590703D089
:104C100015490D4809F02CF81B200D4A936A43F4FE
:104C20007F43936200232B70F8BD1620B3E79B6A85
:104C30009A04F2D523685B0703D00C49024809F0B7
:104C400017F81C20E9E700BFF00700207E340100C0
:104C500000ED00E094340100A5340100B8340100F7
:104C6000D1340100E634010001350100193501009D
:104C700010B52D4C23685A0703D02C49204608F064
:104C8000F7FF2B4B9B6A9B014BD52368580703D03A
:104C90002849254808F0ECFF1E20254B9B6AD901C6
:104CA00007D523685A0703D023491F4808F0E0FFBF
:104CB0001F201F4B9B6A1B0307D52368580703D08F
:104CC0001E49194808F0D4FF2120194B9B6A59034B
:104CD00007D523685A0703D01949134808F0C8FFBD
:104CE0002220134B9B6A9B0307D52368590703D0E7
:104CF00014490D4808F0BCFF23200D4B9B6ADA03D2
:104D000007D523685B0703D00F49074808F0B0FFB9
:104D10002420074A936A6FEA03436FEA13439362BE
:104D200010BD1D20B9E700BFF00700204835010085
:104D300000ED00E060350100733501008D350100A4
:104D4000AB350100D0350100EA3501002DE9F0470F
:104D5000454D2B68894659078046174603D043497D
:104D6000284608F085FF424B9B6ADA0639D52B6846
:104D70005B0703D03F493C4808F07AFF11243C4BC5
:104D80009B6A1E0707D52B68580703D03A49364857
:104D900008F06EFF1224DFF8D8A0DAF8283099075F
:104DA00021D52B685A0703D034492F4808F060FFFB
:104DB000DAF83460DAF828301B0651D52B685C0726
:104DC00005D02F4A28483346012107F0E6FCB9F107
:104DD000000F04D0264A936A23F0800393621324C1
:104DE00003E01024CBE76FF01506214B9B6AD80730
:104DF00007D52B68590703D022491B4808F038FF14
:104E000014241B4B9B6A9A0607D52B685B0703D0BB
:104E10001D49154808F02CFF1524154B9A6AD50634
:104E200002D49A6A90070AD55B68190507D54146EE
:104E3000304600F099FA10B180F3098802240C4B37
:104E40009A6A920642BF5A6A22F400525A629A6AD9
:104E500042F0FF029A6200233B702046BDE8F087D3
:104E60006FF01506BBE700BFF00700201536010004
:104E700000ED00E02B360100A53401005E36010094
:104E8000763601008C360100193501002DE9F0411C
:104E9000744B8AB0D3F8048000AF0446C8F3080608
:104EA000002585F31188BFF36F8F02F07F43B3F1C4
:104EB0007F4F0AD102F00C03082B15D16A48036812
:104EC000590702D0694908F0D3FE00252C4600237B
:104ED000FB71F31E092B00F29F80DFE803F00A91BB
:104EE000948D9D9D9D9D9D9712074CBF0C4601255D
:104EF000EDE75D4E33685B0703D05D49304608F04F
:104F0000B7FE0023FB71574BDA6A900708D5336868
:104F1000590703D05749544808F0AAFE00233CE043
:104F2000DA6A002A04DA33685A07F7D05249F2E7FE
:104F3000DB6A5B00F2D53368580703D04F494A4813
:104F400008F096FE474BA1695A6942F480725A6193
:104F5000BFF34F8FBFF36F8F5A6931F8021C22F4F1
:104F600080725A61BFF34F8FBFF36F8F4DF602729D
:104F7000914208D09A6AD2B28AB3FA1D0121204622
:104F8000FFF7E4FE3AE03368590705D023683C4A4E
:104F90003548012107F001FC2368FA79DAB907F1F5
:104FA000080604F1200C20686168324603C2083408
:104FB00064451646F7D17A6A002D4DD0C2F3080138
:104FC00021B96FEA52226FEA42227A6207F10801A0
:104FD0001846FFF721FD2837BD46BDE8F0819A6AE3
:104FE00012F47F4F04D0F91D0120FFF7BDFD05E04D
:104FF0009B6AB3F5803F91D3FFF73AFE0346CCE7B7
:10500000FA1D0021BBE7F91D0020EEE716480368F2
:105010005A0783D01B497FE7134803685B073FF4B7
:105020007DAF194A194B18F4F87FE8468AB018BFCB
:1050300013466A461649C2E905134FF400731384F8
:10504000103E144BD66142F8103F00234FF411512B
:10505000FDF726F8C54661E722F4FF7222F001024F
:10506000B3E700BF00ED00E0F0070020D9360100F3
:10507000043701001B3701003C3701004A370100AB
:105080006937010085370100C0360100AB360100E9
:10509000A937010004000001044B5A6942F01002D4
:1050A0005A615A6922F008025A61704700ED00E027
:1050B000EFF30880EFF3098101B57246FFF7E6FED2
:1050C00001BD00BF002080F31488BFF36F8F134829
:1050D00080F3088802F00CFB002011490860BFF340
:1050E0004F8F00F033F8202080F311880D484FF0E7
:1050F000AA014FF4046209F07EFD0A484FF40461EE
:10510000401880F30988EFF314800221084380F3EC
:105110001488BFF36F8F00F0EFF8000040460020C6
:1051200094ED00E0802C00200749D1F89020002366
:10513000C2F307221846934200DB7047C1F898304B
:10514000C1F8A0000133F6E700ED00E008B572B643
:10515000002383F31388FFF7E7FF144B4FF0FF3270
:10516000C3F88020C3F88420C3F88820C3F88C20BB
:10517000C3F89020C3F89420C3F89820C3F89C206B
:10518000C3F88021C3F88421C3F88821C3F88C2197
:10519000C3F89021C3F89421C3F89821C3F89C2147
:1051A00062B6BFF34F8FBFF36F8F08BD00E100E021
:1051B000084B9B6883420BD1EFF3058343B1064B49
:1051C0005A6842F080525A605A6A22F400425A6287
:1051D00005F0D8B8741E002000ED00E016498A687A
:1051E0004FF030001044EFF3098C80E8F01F2020CE
:1051F00080F31288BFF36F8F104F4FF000664A693B
:105200008A603E604FF0A804141920680C4C20609E
:10521000D2F8AC000023C2F8AC3080F3118804B59A
:10522000104600F009F9BDE8044002F1300090E8B2
:10523000F01F8CF309887047741E002004ED00E015
:10524000641D00201EF0040F0CBFEFF30880EFF385
:105250000980816911F8021C0229FFD001B572464C
:1052600008F0FBFC01BD00BF40B2002807DB044A88
:105270004109012300F01F00834042F821307047AC
:1052800000E100E040B200280CDB4309064900F0D1
:105290001F0020330122824041F82320BFF34F8FAB
:1052A000BFF36F8F704700BF00E100E0054B42097C
:1052B00000F01F0053F82220012303FA00F01040F1
:1052C000704700BF00E100E040B20028A8BF00F135
:1052D000604001F10101B8BF064B4FEA4111ACBF7C
:1052E00000F5614000F00F00C9B2B4BF195480F856
:1052F0000013704714ED00E00B4A08B50B4B22F089
:105300007F029A60BFF34F8FBFF36F8FD3F888206F
:1053100022F47002C3F8882004F074FA05F098F9BA
:1053200000F060F804F0B6FA0000000000ED00E0C4
:1053300042F8203C009B42F81C3C0A49019B42F881
:10534000183C029B42F8143C21F001014FF080739D
:1053500042F8043C42F8081C0023203A0265C0F8D9
:10536000AC307047FD1200000A4A0346906878B1DD
:1053700013F1160FD0F8980005D0A0F140029A4220
:1053800005D8834203D2814228BF00207047002005
:10539000704700BF741E002008B515460A4A0B4B23
:1053A0009060D0F8A8201A600E4600F045F82C4610
:1053B00086F309880020064B9847204600210022EA
:1053C0000023044C204700BF741E0020641D0020F1
:1053D00081DC0000FD120000014B10221A617047B1
:1053E00000ED00E0044800232021C2180133302BD7
:1053F00082F80013F9D1704700E100E008B5EFF33F
:105400000583064A103B02EBC30152F8330049689A
:105410008847BDE80840FFF793BB00BF6CF700006A
:10542000024B034A0348012100F092B80000042017
:105430000000002098000100D0F89820054B403A69
:105440001A60054A4021C3E901121846012100F003
:1054500089B800BF681D002000000B1508B5034681
:105460001148D0F89020C2F30722013A93420AD99A
:105470000E480268520703D00D4A012107F08DF94A
:105480006FF0150008BDC0F898300A6822F01F02BE
:105490001A4342F01002C0F89C208A6842F00102D0
:1054A000C0F8A0201846EDE700ED00E0EC07002072
:1054B000C0370100F0B50E4685B01F4604460025F2
:1054C000B54210DA606828B3AFB1431E18420DD060
:1054D000124803685B0704D0114A2B46012107F0EC
:1054E0005CF96FF01502104605B0F0BD1F28EFD92A
:1054F00021680B42ECD12368019308F0E4FBA36818
:1055000001A90343D0B20393FFF7A8FF10F1160FD0
:10551000E7D0421C01350C34D2E700BFEC07002075
:10552000E6370100044B0522C3F89420BFF34F8FE8
:10553000BFF36F8F704700BF00ED00E0BFF35F8FD8
:10554000024B0022C3F89420704700BF00ED00E03A
:1055500010B5034C01232278FFF7ACFF207010BD7B
:10556000BF20002008B50B4A00231278FFF7A2FFE6
:1055700010F1160F07D0084A0021D2F89030C3F37B
:105580000723984200DB08BDC2F89800C2F8A010BB
:105590000130F2E7BF20002000ED00E02DE9F043EC
:1055A00057485849D0F890300D68C3F307239D42FF
:1055B00085B000F2A180FFF7C1FF49680022954243
:1055C00001F10C011AD1504C504F25706846FDF77F
:1055D000B5F8DFF83C81DFF83C9106460025AE4285
:1055E0001FD1237846490020D1F89020C2F307222A
:1055F00093427BDBFFF796FF00204CE0C0F8982039
:1056000051F80C3C23F01F03134343F01003C0F880
:105610009C3051F8043C43F00103C0F8A030013243
:10562000CDE7009800EB05114FEA051CCB683B4025
:10563000B3F5000F44D00AD8B3F5001F2ED0B3F550
:10564000800F34D0B3F5801F10D00135C7E7B3F118
:10565000807F3ED0B3F1007FF7D150F80C308868DE
:105660004A6808F030FB40F4802009E050F80C3024
:1056700088684A6808F027FB40F0885040F43020E2
:10568000039001A92078CDE90123FFF7E7FE002868
:1056900028DA6FF0150005B0BDE8F08350F80C3043
:1056A00088684A6808F00FFB40EA0800E8E750F80D
:1056B0000C3088684A6808F006FB40EA0900DFE71A
:1056C00050F80C3088684A6808F0FDFA40F08270A3
:1056D000D6E750F80C3088684A6808F0F4FA40F0D1
:1056E0008870CDE7237801332370AEE7C1F8983096
:1056F000C1F8A000013377E74FF0FF30CBE700BFE0
:1057000000ED00E0A4000100BF2000200000F0FF39
:105710000000081100000207F0B587B007460E46EA
:1057200014460021102268461D4609F0ADFE0223F2
:105730008DF802302A46054B019321466846CDE993
:10574000047605F0DFFD07B0F0BD00BFE7DC000028
:1057500008B5024B1B689847002008BD741D002047
:10576000034B044A1860937843F002039370704728
:10577000741D00202805002008B50649064821F0C0
:105780000701C1F1005202F5802206F071FA0020F3
:1057900008BD00BFC78C0020781D002008B500F0B0
:1057A000B7F80A4941610A490122C0E900220A60AA
:1057B00008490A60084A00231360084A036113601D
:1057C000C0E90233064A136008BD00BF1C26010071
:1057D00054050020500500208C1D0020881D00204D
:1057E000841D00202DE9F04107460E46154600F0C5
:1057F0008FF8C36804461BB943691A78002A41D15F
:105800000023E3606368BB4256F8232008DB324B79
:105810006361204600F062F84FF0FF30BDE8F08190
:10582000511C616192F80080B8F12D0FEFD1911CED
:1058300061615178A1602D2904D192786AB9013350
:105840006360E4E749B9244B63614146284609F0A7
:1058500033FE0028DDD0C4F80880D4F8088028463C
:10586000414609F029FEB8F13A0F636900D070B9DA
:105870001B7813B9636801336360204600F02EF88B
:105880003F20CBE75A1C42611B788360E5E74278F2
:105890003A2A0BD0002222611B7813B963680133C6
:1058A0006360204600F01AF8A068B7E718786268CD
:1058B000094928B901329742626004DD56F8223066
:1058C000C4E90431EAE761612D783A2D2046D5D14B
:1058D00000F004F82846A1E71C260100074B0268E7
:1058E0001A60074B42681A60064B82681A60064BC2
:1058F000C2681A60054B02691A607047540500209F
:10590000500500208C1D0020881D0020841D0020D3
:1059100000487047380500200E4A0123C2F8403580
:105920004FF080424FF08051C2F87835D1F8300105
:10593000082808D1D1F83411052904D80648415C5B
:1059400009B1C2F838364FF080430122C3F88025F0
:105950000020704700E001401F38010020B1034BD8
:10596000800143F001031847704700BFE0FB0000CF
:10597000084B70B5C31A0D4607499B10044659439E
:105980000648402208F0ECFA2B4601462046BDE8C6
:1059900070401847A41D0020B76DDBB6C4F60000A8
:1059A00073B50C4C0C4A4023041B00930D460B4668
:1059B0000A49A41061430646094808F0FCFA011E92
:1059C00005DA30462B4602B0BDE87040184702B0F9
:1059D00070BD00BFA41D00201FE00000B76DDBB646
:1059E000C4F6000010B5EFF31184202383F312886E
:1059F000BFF36F8F074A136823F00201DB071160C2
:105A000002D4012008F061FE84F31188BFF36F8F88
:105A100010BD00BFF41D0020002270B50121044616
:105A20001046FFF751FC0F4801F0ECFF0E4B984277
:105A300015D101F0F7FF26690C49304606F085FCC8
:105A400000280BDB012535642469084904F11C009A
:105A500006F07BFC002801DBE564002070BD6FF0E0
:105A60000400FBE7715B00000000AD0BC400010007
:105A70007FB500220123CDE9022304ABCDE9043335
:105A8000094ACDF800D06B46CDF804D008F0C0FA32
:105A9000002805DB4FF480420023684604F0A8F894
:105AA00007B05DF804FB00BF3DE0000030B4104BD0
:105AB0000C2202FB003301460020D3E90E5298630A
:105AC000EFF31180202484F31288BFF36F8F1C6CD6
:105AD00004F0C00444F002041C6480F31188BFF396
:105AE0006F8F1DB12B46034830BC184730BC704740
:105AF000A41D0020C4F6000010B4EFF3118220238F
:105B000083F31288BFF36F8F1748016841F00204D6
:105B10000460C80707D482F31188BFF36F8F012098
:105B200010BC01F091BF4FF08041D1F80C04D1F8C6
:105B30000C14C907EFD5EFF3118083F31288BFF37C
:105B40006F8F0A490B6C03F0C00343F002030B6430
:105B500080F31188BFF36F8F82F31188BFF36F8FCB
:105B6000002010BCFFF7A2BFF41D0020A41D0020E0
:105B700010B1012804D07047034B1B6C5B0701D1A7
:105B8000FFF794BF704700BFA41D00202DE9F0412E
:105B90003849BFF35B8F0746012251E8003F41E8D7
:105BA00000200028F9D1BFF35B8F33B93249334865
:105BB0004B60CB608A6006F0DBFB7B1E012B2BD891
:105BC000012F07D14FF08043D3F81C3403F00303B7
:105BD000012B21D009F09EF80546F8B9284B1B7817
:105BE000E3B14FF080430222C3F808230646DFF8F2
:105BF00094804FF08044D4F81824D4F81834D20399
:105C000015D503F00303012B01D0012F0FD155B39C
:105C100086F31188BFF36F8FBDE8F081EFF3118633
:105C2000202383F31288BFF36F8F0125DFE7ADB127
:105C3000304608F039F8D4F81835002BDBD1D4F809
:105C40000421002AD7D0C4F80431D4F80431012348
:105C5000C4F81835C8F88031A360CCE700212120B2
:105C600009F01EF9E7E74FF080430222C3F804234E
:105C7000D2E700BFA01D0020901D0020C01D002005
:105C8000F420002000E100E008B5074808F088FF94
:105C900038B10648FFF764FD0448FBF729FB0020F4
:105CA00008BD6FF01200FBE70CF70000B15C0000CC
:105CB0000A2838B5074D044604D1AB680D215B684E
:105CC00028469847AB6803485B68E1B2984720468E
:105CD00038BD00BF0CF70000F0B54068057B01F04F
:105CE0001F0444EA4514056987B0002D64D0B2F55D
:105CF000001F00F1100506D12146284608F076FD68
:105D0000002007B0F0BD01AE0027B2F5800F01976B
:105D1000776039D1B3F1007F14BF052304238DF8D8
:105D200004300023CDE904630393836823FA01F16F
:105D300011F001011AD1B2F1A07F17D104F01F03B5
:105D4000620903F5E0732AD0012A3BD11F4A52F8B9
:105D50002330DB070AD40DF10306324621462846DC
:105D600002F05AF91A4B98421CD0029603AA214617
:105D7000284602F013F8174B984220D10122214601
:105D8000284602F0ADF9BBE7B3F1C06F05D0B3F11F
:105D9000007F14BF01230223C1E70323BFE74FF0B5
:105DA000A042D4E73146284602F094F9094B9842C4
:105DB000DBD06FF00B00A4E76FF08500A1E76FF078
:105DC00015009EE751F82330FFDE00BF00030050AE
:105DD0000400AD0B0000AD0B38B545682B69B3B1BD
:105DE0001035284602F066F9044680B90146284677
:105DF00002F02CF9084B98420BD10849224628465C
:105E000002F004F9224605210620FFF75DFA002082
:105E100038BD6FF00400FBE70000AD0B215E000011
:105E2000420970B5034602D0012A17D070BD0D4E4D
:105E3000326951680029F9D003F01F0301250C686D
:105E40009D400029F2D08A682A4002D04B68304633
:105E500098472CB1236821461C46F2E7024EE7E73B
:105E60002346F8E7F4F60000DCF600002DE9F043E5
:105E7000466840F20635D006337B87B002EA050556
:105E800054BFC2F34010032001F01F07B5F5837F14
:105E9000144647EA43178DF8030045D00FD8062D66
:105EA00018D007D8B5B1022D40D06FF0150007B05B
:105EB000BDE8F083B5F5807FF7D101250AE040F217
:105EC0000222954234D0B5F5407F33D0B5F5007F3E
:105ED000EBD102250123220303FA01F12CD57368CB
:105EE000C3F80815326982BB07F01F037F0929D068
:105EF000012F77D13E4A02EB830284F48033D2F83B
:105F00000017C3F30043C4F3404444EA430421F4BC
:105F1000E16144EA800421F0070144EA05230B43D0
:105F2000C2F800370020C2E70725D3E70425D1E7F0
:105F30000525CFE70325CDE7630344BF7368C3F8A6
:105F40000C15CFE74FF0A042D5E710360DF1020255
:105F50003946304602F060F814F4403F80460CD1D8
:105F60003946304608F040FC224B9845DAD19DF87E
:105F70000210304602F0A8F8D4E701AB4FF0000958
:105F800003AA39463046CDE90439CDE90199CDF867
:105F90000C9001F003FF174B984286D114F40033A4
:105FA00015D09DF803308DF80E3084F48034C4F39E
:105FB00000444B4603AA394630468DF80C508DF804
:105FC0000D4001F0A5FF0B4B9842CDD06DE7CDE918
:105FD000043303AA0DF1030339463046039301F05D
:105FE000DDFEF0E703F5E07352F82330FFDE00BF7B
:105FF000000300500000AD0B036803F01F025B09B3
:10600000026004D0012B034818BF002070474FF0F6
:10601000A0407047000300502DE9F04FDFF8949145
:10602000DFF894A185B01546834600EB810140F26C
:10603000FF18594503D1002005B0BDE8F08FDBF80B
:1060400000305E04C3F3C322C3F3080400F1AC8044
:106050001B0E19F80270444508BF4FF0FF34222B85
:1060600000F2A580DFE803F012191F22252B22A3DE
:10607000A3A3A33B68A3A3A3A3A3A3A3A3A36B81ED
:106080008487A3A3A38A9194979A9D00C5F80C4591
:10609000601C5ED10BF1040BCBE7C5F81445621C04
:1060A000F8D000265FE0C5F80845F1E7C5F81045CF
:1060B000F5E7631CC5F80845ECD0002604E0661C33
:1060C000C5F80C45E6D0012603A80394FFF794FF1A
:1060D000039B012202FA03F3C0F80C3508E0C5F86F
:1060E0000845002FDBD1631CD4D00026324606279A
:1060F000DBF80030019303F40040002818BF0022B1
:1061000003A8009218BF01260394FFF775FF039CB4
:10611000019B009A00EB8400C3F3412CD0F80047A8
:106120003B0243EA8C03134304EA0A04234343EA91
:106130004603C0F80037ADE7C5F80C45D1E7C5F810
:106140006045601CDBF80030A4D0C3F30043002B93
:10615000B9D003A80394FFF74FFF039B012606FA6B
:1061600003F3C0F808353246C2E7C5F86445E8E7EE
:10617000C5F86845E5E7C5F86C45E2E7C5F824458C
:10618000621C87D000220126B2E7C5F828457FE7C8
:10619000C5F83045F4E7C5F83445F1E7C5F83845AA
:1061A000EEE7C5F83C4573E76FF0150044E76FF084
:1061B000850041E780380100F0F8FCFF2DE9F0414F
:1061C000044647680D4608F0A5FD4FF0200888B941
:1061D000264B1B7873B16426606808F03EF8F0B96E
:1061E000012008F064FA013EF6D10021212008F0D8
:1061F00057FEF0E7EFF31186314688F31288BFF3BC
:106200006F8F606808F029F8A8B986F31188BFF38A
:106210006F8FEFE786F31188BFF36F8FE5E7EFF33A
:106220001186314688F31288BFF36F8F606808F0DB
:1062300014F80028EED0BB691D706368BA691B684A
:106240000020C3F844250122C3F84825C3F82001E3
:10625000D3F82041C3F85801D3F858019A6081F36C
:106260001188BFF36F8FBDE8F08100BFF4200020DC
:10627000F7B50546002201210220FFF725F802208C
:10628000FEF7F2FF6A6811681369C1F82435137DBF
:10629000507D927D03431343C1F86C356E68D6E997
:1062A000004313F0010353D02F6907F10C0008F0ED
:1062B0000AFA344B98420BD0334803685B0703D08B
:1062C000324A012106F060FA6FF0040003B0F0BD1D
:1062D000387B04F10C0204F5907108F0EAF9387B80
:1062E000012707FA00F001F025FB0823C4F8003568
:1062F000B369C4F844350023C4F84835A760D4F81E
:106300005831002BFBD00021C4F800156B68DC6805
:1063100001AA204607F0EAFE002805DB019B22685F
:1063200019791868FFF778FE6A6813680821C3F8BE
:106330000015117A51B9D269C3F834250122C3F886
:106340003825C3F81011D3F810111A600020BDE7EA
:106350000822C4F80025B269C4F84425C4F84835B9
:106360000123A360D4F82031002BFBD00023C4F814
:106370002031D4F820310123E3604FF48073C4F856
:106380000433BCE70000AD0B14080020883801007E
:106390002DE9F04383B045680669D5F8208000AF49
:1063A0003A1D0021404607F0A1FE041E1DDB7B685C
:1063B000D8F8002019791868FFF72EFE041E14DBA8
:1063C000696A481C21D005F1280000F081FB10F11A
:1063D000130F04460ED1354803685A0703D0344AD8
:1063E000012107F0D7FF6FF0120420460C37BD469D
:1063F000BDE8F083431D08D12C4803685D07F4D045
:106400002C4A012107F0C6FFEFE7EB699847B56812
:106410004FF00108D6E9023203EBC2039D4204D3D8
:10642000304607F0E5FF0024DFE7286808F0B8FBF6
:106430000346C8B91D4802685107D4D02A68297993
:1064400016686C468AB06A461B4DD1614FF40071E4
:1064500011841A49C2E9055642F8101F4FF4115130
:10646000FBF71EFEA546BEE728682979EB88D0F821
:1064700010C0D0F80890DCF80040DA0754BF43F4AD
:10648000B01383F4D01323F4801208FA01FEDB0763
:106490004CBF44EA0E0424EA0E04CCF80040D9F8BC
:1064A00000309847041EA0DB0835B3E70008002041
:1064B000CB380100F6380100133901000400000157
:1064C0007FB5054640682A69536ED16EE3B9A9B11C
:1064D000146E91671E460B46926E0292CDE90046FD
:1064E000EAB1002918BF194603910022694602F05B
:1064F0006BF80D4B984214D06FF00401284604B09D
:10650000BDE8704007F09EBF146E11B18B4228BFEA
:106510000B46002C936714BF1E460026DCE711468D
:10652000E2E704B070BD00BF0000AD0B10B503780A
:106530000C46002B5ED18A6F32B9606F6FF0730129
:10654000BDE8104007F07EBF4B6E4BB19A4220D998
:10655000294803685B0703D0284A012107F01AFF86
:106560002368A26F9B88D90742BF236F9B182367BC
:10657000E36E4BB19A4224D91F4803685B0703D0EE
:106580001E4A012107F006FF606FBDE81040FFF7CB
:1065900097BF9B1A4B6673B90B6D08330B654B6D38
:1065A000013B4B6501F1640204F15000543107F0E6
:1065B000F8FE2066D4E70B6E002BD1D013440B6697
:1065C000CEE79B1AE3667BB9A36D0833A365E36D41
:1065D000013BE36504F16C0204F15C0104F1580035
:1065E00007F0DFFEA066CFE7A36E002BCCD01344EC
:1065F000A366C9E710BD00BF0008002037390100BD
:106600002DE9F04F8BB000AFC7E9023243687B60E1
:106610008B8804699E04804689462FD44FF0FF3250
:106620004FF0FF3304F1100003F0E2FAC4F80490D5
:1066300097F8503084F84C307B6D6364BB6DA36475
:10664000D8F810A0D8F804B09AF87D3023B1DAF861
:106650000030994500F01181B9F8046016F4006328
:1066600018D0714803685D070FD16FF085050023CE
:10667000636004F1100003F087FA66E1A369002B60
:10668000CCD163689942C9D1D2E7684A012107F0A9
:1066900081FEEAE7F0071AD563480268510702D184
:1066A0006FF01505E3E76D4688B0D8F800106A462C
:1066B0005F4EC2E905614FF4007191835D4942F874
:1066C000101F4FF4E251FBF7EBFCAD46E8E7320751
:1066D00008D5554803685B07E2D0574A012107F007
:1066E00059FEDDE7C6F34513082B05D04E48036875
:1066F0005E07D5D0514AF1E7D9F80050504B9D4282
:1067000005D8494803685D07CAD04E4AE6E70BF151
:10671000080EBEE80F0007F1140CACE80F00DEF81D
:106720000030CCF80030484B9D4258D9474B9D4231
:1067300058D9474B9D4258D9464B9D4258D9464B54
:106740009D4258D9454B9D422CBF4FF000454FF01C
:106750008045B107FD6106F004034FD5002B14BF3F
:106760000323022387F82030C6F3001387F8213073
:10677000DBF80030D3F8083516F0020F4FEA531259
:10678000C6F3400103F01F033FD1002A3AD0012A8B
:1067900040F070813249012202FA03F3C1F80C354E
:1067A0009AF87D302BB1584601F0D6FE00238AF8C6
:1067B0007D302C4A534607F11401584601F098FEEB
:1067C000294A9042034653D017480268520703D023
:1067D000264A012105F0E1FF6FF0040547E74FF07D
:1067E0000075B6E74FF08065B3E74FF00065B0E79E
:1067F0004FF08055ADE74FF00055AAE7003B18BFBA
:106800000123AFE74FF0A041C5E74AB1012A40F0AC
:1068100034811349012202FA03F3C1F80835BFE7B6
:106820004FF0A041F6E700BF0008002055390100F5
:106830006F3901000300000191390100B0390100F6
:1068400047E80100DF3901008FD003001FA10700D6
:106850003F420F007F841E00FF083D0000127A00B7
:10686000000300502D6500000000AD0B103A010040
:1068700001238AF87D30CAF80090012384F87C3027
:106880007B68596A4E1C0ED003F1280007F00FFEFA
:10689000743008D17B48036813F0060F03D07A4A9E
:1068A000022107F077FDFB68002B53D123650023FD
:1068B000636504F1640204F1540104F1500007F02F
:1068C00070FDBB682066002B4CD1A3650023E365F7
:1068D00004F16C0204F15C0104F1580007F061FD61
:1068E000A066206800232364236748B183683BB116
:1068F0000121083007F068FD2368186908F04BF99A
:106900004046FFF7DDFD94F84C202368002A31D083
:106910009A8812F0010500F0A380256F15F1740F1D
:106920005BD023682BB19A681AB19A88D20440F1DF
:106930008E80002DFFF69BAE23689B889B0404D4B9
:1069400094F84C30002B3FF492AE28462C37BD46CD
:10695000BDE8F08FFB681B682365002BA7D0FB68A0
:106960005B68A5E7BB681B68A365002BAED0BB685E
:106970005B68ACE7998811F0010151D1656D0A4659
:10698000AA423FD10022E66D1546B54241D18A4266
:1069900038BF0A464FF4FA5101FB02F51B68B5FBFC
:1069A000F3F54FF40046C83540F2E73000214FF4CC
:1069B0007A720023E5FB0601F9F7F2FB02460B466B
:1069C00004F1280003F014F970B32E4803685D0742
:1069D00003D02E4A012107F0DDFC00257868A56769
:1069E00001F0BAFD84F87D506FF07301404607F066
:1069F00029FD04F1280003F021F92368F3B96FF0B1
:106A0000730534E6206D00EBC2000132406801449A
:106A1000B6E7A06D00EBC500013540680244B4E75D
:106A20004FF0FF321346CBE72368256C9B88D807CD
:106A30007FF574AF002D7FF471AF6EE79A68002A7E
:106A4000DDD09A88D1046FF073053FF510AE186958
:106A500008F0A1F820680021083007F0B5FC68E7CD
:106A6000996829B112F480527FF466AF1546EEE7BB
:106A70000D4661E7C1F80C15FFDE0023C3F80835A9
:106A8000FAE700BF00080020373A0100613A010030
:106A900000F01F0240090DD001280ED10A4B03EB74
:106AA00082030A4AD3F80007024042EA8102C3F88F
:106AB000002770474FF0A043F1E702F5E072002392
:106AC00053F82230FFDE00BF00030050F0F8FCFF57
:106AD000F0B587B001238DF8023002238DF8043021
:106AE0006B4403930F4601AB0DF1030100240493A3
:106AF00005460291059401F0EDFA0C4B98420646CA
:106B00000FD103AA3946284601F048F9B0420BD00C
:106B10009DF80310284601F0D7FA6FF0040007B083
:106B2000F0BD6FF01200FAE72046F8E70000AD0B69
:106B30002DE9F0474568D0F8108000AF0646E86BB5
:106B400007F0F7FC041E1FDB296C481C20D005F160
:106B50004400FFF7BDFF10F1130F04460AD1374878
:106B600003685A0703D0364A012107F0C8FC6FF0CA
:106B7000120409E0431D0BD1304803685D0703D0C0
:106B8000304A012107F0BBFC2046BD46BDE8F08736
:106B90006B6B9847D8F808504FF00109D8E90232DA
:106BA00003EBC2039D4208D3404607F006FD73681D
:106BB000D86B07F0BEFC0024E6E7286807F0F0FF7A
:106BC0000346C8B91D4802685107D0D02A68297900
:106BD00016686C468AB06A461B4DD1614FF400714D
:106BE00011841A49C2E9055642F8101F4FF4115199
:106BF000FBF756FAA546BAE728682979EB88D0F85A
:106C000010C0D0F808A0DCF80040DA0754BF43F405
:106C1000B01383F4D01323F4801209FA01FEDB07CA
:106C20004CBF4EEA040424EA0E04CCF80040DAF823
:106C300000309847041EA7DB0835AFE704080020A2
:106C4000CB380100F63801001339010004000001BF
:106C50002DE9FF410569D0F80480EB6E0646686EA9
:106C6000002836D1002B56D0B8F838402A6EAF6EC7
:106C70009C4228BF1C46AB6E5BB1E96E49B107F080
:106C80006041B1F1005F04D0082CD5F8847028BFB2
:106C9000082400922A6EAC671AB16A6E002A18BFE7
:106CA0002246CDE901271BB1EB6E002B18BF23460E
:106CB000002269464046039301F078FF184B984242
:106CC0002BD06FF00401304604B0BDE8F04107F06E
:106CD00096BC296EAF6EB8F838400A46BBB1834205
:106CE00028BF03469C4228BF1C460029C3D001F0A0
:106CF0006043B3F1005FBED0082C28BF08242246B1
:106D0000D5F8800008F098FBD5F88020B3E78442DE
:106D100028BF0446E9E71946D5E704B0BDE8F0818D
:106D20000000AD0B10B502780346002A6DD10C6946
:106D3000A26F32B9606F6FF07301BDE8104007F0C9
:106D40005EBCA06E48B1E16E39B1DB682BB1834205
:106D500003D0D4F8841008F06FFB636EA26F4BB1C0
:106D60009A4220D9294803685B0703D0284A0121A9
:106D700007F0C5FB2368A26F9B88D90742BF236F2A
:106D80009B182367E36E4BB19A4225D91F480368CD
:106D90005B0703D01E4A012107F0B1FB606FBDE81D
:106DA0001040FFF755BF9B1A63667BB9236D08330C
:106DB0002365636D013B636504F1640204F15401D2
:106DC00004F1500007F0A2FB2066D3E7236E002BEE
:106DD000D0D013442366CDE79B1AE3667BB9A36D3D
:106DE0000833A365E36D013BE36504F16C0204F134
:106DF0005C0104F1580007F089FBA066CEE7A36EA2
:106E0000002BCBD01344A366C8E710BD04080020B4
:106E1000373901002DE9F04F8FB000AFC7E90232DA
:106E200043687B608B8804699B048046894632D422
:106E30004FF0FF324FF0FF3304F1100002F0D8FEA4
:106E4000C4F8049097F8603084F84C307B6E63642B
:106E5000BB6EA364D8F804B0D8F810A0DBF80830F3
:106E60003B609AF87D3023B1DAF80030994500F0A4
:106E7000F180B9F804E01EF4006318D0A04803685C
:106E80005E070FD16FF085050023636004F11000E9
:106E900002F07AFE2FE1A369002BC9D16368994201
:106EA000C6D1CFE7974A012107F029FBEAE71EF098
:106EB000010F19D092480268550712D06D4688B06C
:106EC000D8F800106A46904EC2E905614FF400718F
:106ED00091838E4942F8101F4FF4E251FBF7E0F81E
:106EE000AD466FF01505CFE71EF0080F08D08448B7
:106EF00003685907F5D0864A012107F000FBF0E747
:106F0000CEF34513082B05D07D4803685A07E8D017
:106F1000804AF1E7D9F800C07F4B9C4505D87848F6
:106F200003685B07DDD07D4AE6E70BF10C060FCE68
:106F300007F110050FC50FCE0FC53B68634528BF8D
:106F400063469C4696E80300754B9C4585E8030024
:106F500017D2744B9C4514D2734B9C4511D2734B82
:106F60009C4555D8724B9C4554D8724B9C4553D880
:106F7000714B9C4552D87149714B724A8C4588BF00
:106F800013461EF0020F7B620EF0040348D0002B64
:106F900014BF0323022387F82830CEF3001387F8A9
:106FA0002930DBF80030D3F808351EF0020F4FEA25
:106FB0005312CEF3400103F01F0338D1002A33D01F
:106FC000012A40F056816049012202FA03F3C1F818
:106FD0000C359AF87D302BB1584601F099FD00230D
:106FE0008AF87D30594A434607F11001584601F0AE
:106FF0005BFD574A9042034627D041480268560736
:1070000003D0544A012105F0C8FB6FF004053BE7AB
:10701000514BB6E7514BB4E7514BB2E7514BB0E798
:10702000003B18BF0123B6E74FF0A041CCE74AB1BF
:10703000012A40F021814449012202FA03F3C1F8F8
:107040000835C6E74FF0A041F6E701238AF87D3006
:10705000CAF80090012384F87C307B68196C4D1CC1
:107060000ED003F1440007F022FA743008D124480E
:10707000036813F0060F03D03B4A022107F03FFAE2
:10708000FB68002B72D123650023636504F1640261
:1070900004F1540104F1500007F038FABB6820668F
:1070A000002B6BD1A3650023E36504F16C0204F1AE
:1070B0005C0104F1580007F029FA0022A06622645E
:1070C00022670121204607F058FA4046FFF7C0FD2D
:1070D00094F84C302668002B58D0B388D80700F1BC
:1070E000C080002523689B889B0404D494F84C300E
:1070F000002B3FF4C9AE28463C37BD46BDE8F08FB3
:1071000004080020553901006F3901000300000117
:1071100091390100B039010047E80100DF39010071
:107120000048E8010024F40000127A00FF083D0046
:107130007F841E003F420F001FA107008FD0030075
:1071400048E8010090D0030000030050256D0000C6
:107150000000AD0B103A010000093D0080841E00C4
:1071600040420F0020A10700373A0100FB681B686E
:107170002365002B88D0FB685B6886E7BB681B68CB
:10718000A365002B8FD0BB685B688DE7B28812F0D7
:1071900001024FD1606D134683423DD10023E56D5E
:1071A0001946A9423FD1934238BF13464FF4FA52D1
:1071B00002FB03F540F2E7303368B5FBF3F54FF41B
:1071C0000046C83500214FF47A720023E5FB060122
:1071D000F8F7E6FF02460B4604F1280002F008FD2E
:1071E00060B327480368590703D0264A012107F0F6
:1071F00086F900257868A56701F08AFC84F87D503F
:107200006FF07301404607F0FAF904F1280002F02C
:1072100015FD6FF0730537E6216D01EBC3010133F6
:1072200049680A44B8E7A06D00EBC100013140682D
:107230000344B6E74FF0FF321346CDE72368256CD1
:107240009B88DA070ED565B115F1740FD1D00022F5
:10725000D8F81000114607F090F9002DBFF642AFA4
:1072600012E6256F15F1740FC3D0002D3FF439AF2E
:10727000EDE7C1F80C15FFDE0023C3F80835FAE787
:1072800004080020613A010070B5012383400E4AD2
:10729000BFF35B8FDC4352E8001F01EA040542E8BC
:1072A0000056002EF7D1BFF35B8F4FF4803282403F
:1072B0000648C0F80823BFF35F8FBFF36F8F0B4200
:1072C00014BF0120002070BD141E002000100140DA
:1072D00070B40E49D1E90034D01AC31844F1000447
:1072E00022F07F46C1E90034A6F50013B3F5400F44
:1072F00009D2074B1B681A0A1B069C19054B42F161
:107300000005C3E9004570BC03F062BA30110020EB
:10731000181E00203811002011B3BFF35B8F01232A
:10732000104A834052E800CF4CEA030C42E800C107
:107330000029F7D1BFF35B8F0B4A4FF480338340B2
:10734000C2F80433094BBFF35B8F1B68BFF35B8F3D
:10735000C340DB0742BF064B4FF40032C3F80021A5
:10736000704700BF141E002000100140101E0020B6
:1073700000E100E00D4B1868010A0006BFF35F8FC3
:107380000B4BD3F80435181841F10001B3F5801FF9
:107390000AD2084BD3E90023904271EB030303D2D6
:1073A00010F1807041F10001704700BF181E0020ED
:1073B00000100140381100202DE9F04F85B016462D
:1073C0001F469DF840A00446FFF75EFF0190FFF7BF
:1073D000D1FFB04271EB070354D23E4B301A67EB3A
:1073E0000101984271F100014FD23B4B03EB0413B2
:1073F000D3E902239F4208BF96425ED037494FF43B
:10740000803804F1500508FA04F8AD00C1F848834B
:107410002046ADB207F02FF926F07F4B05F18045ED
:1074200004F5A87305F58835DC464FF0030902938F
:10743000029A2CF07F4341F82230C1F84483D1F8FE
:107440000435274A6FF00200C01A604420F07F40E4
:10745000904232D9286868B1D1F804350393A3EB80
:107460000B0020F07F40B0F5000F26D9204607F032
:1074700002F9039BBAF1000F07D109EB030C09F1E4
:107480000109D5E7BAF1000F09D06FF015052046C4
:107490000199FFF741FF284605B0BDE8F08F0123B1
:1074A000104ABFF35B8FA34052E8000F184342E835
:1074B00000010029F8D1BFF35B8F07490E98230123
:1074C00001EB0412C8500F9B5360C2E9026700250C
:1074D000DDE700BF01008000201100200010014006
:1074E000FDFF7F00101E00207FB51C4C1C4BC4F814
:1074F0000833C4F848331B4B00254FF0FF304FF0E2
:10750000FF31C4F80855C3E902014FF48033C4F8D1
:107510000433154B02264FF400320121C4F80463F2
:107520001120C3F880212A46FDF7CEFE1120FDF779
:107530009BFE0E4A0123A360236013600C4B0D4A8F
:107540000093CDE9015500232846FFF735FF30466B
:10755000FEF71CFB284604B070BD00BF00100140C0
:1075600003000F002011002000E100E0141E0020A5
:10757000D1720000FFFF7F002DE9F7432F4CD4F8B4
:10758000043399070BD5D4F8043143B12C4A0023B6
:10759000C4F80431D4F80431136801331360D4F80B
:1075A0000433DA0329D5BFF35B8F264B53E8002F52
:1075B00022F0010143E800100028F7D1BFF35B8FF0
:1075C000D30702D4D4F84031BBB10025C4F84051F0
:1075D000D4F84031FFF7CEFEEFF31182202383F37E
:1075E0001288BFF36F8F184BD3E90267B042B941DD
:1075F00006D282F31188BFF36F8F03B0BDE8F0832A
:107600004FF0FF384FF0FF39C3E90289D3E900108A
:107610001D604FF48033C4F84833C4F84051D4F8A7
:10762000403182F31188BFF36F8F0029E5D00090BD
:1076300032463B4628468847DFE700BF001001403E
:10764000181E0020101E00202011002030B5431C01
:10765000124C85B005D08442A8BF0446012CB8BFA7
:107660000124FFF787FE0E4B0C4DD3E90013401A9F
:10767000B0F5000F10D22218AA4228BF2A4652188D
:107680004FF0000007490091CDE9010043F10003EC
:10769000FFF792FE05B030BD2A46F0E7FFFF7F00FE
:1076A00030110020D172000008B5FFF763FE024BD5
:1076B0001B68C01A08BD00BF301100204FF0805376
:1076C000D3F83021082A06D1D3F83431052B02D85B
:1076D000024AD05C70470020704700BFD83A0100D2
:1076E000024AD2F80034002BFBD0704700E0014082
:1076F00010B54FF08053D3F83021082A4ED14FF007
:1077000080420021C2F80C11C2F81011C2F83815DD
:1077100002F54042D3F80414C2F82015D3F8081437
:10772000C2F82415D3F80C14C2F82815D3F8101495
:10773000C2F82C15D3F81414C2F83015D3F8181465
:10774000C2F83415D3F81C14C2F84015D3F820142D
:10775000C2F84415D3F82414C2F84815D3F82814F5
:10776000C2F84C15D3F82C14C2F85015D3F83014C5
:10777000C2F85415D3F83414C2F86015D3F838148D
:10778000C2F86415D3F83C14C2F86815D3F8401455
:10779000C2F86C15D3F84434C2F87035FFF78EFF89
:1077A00018B13A4B3A4AC3F88C26FFF787FF18B155
:1077B000384BFB22C3F81825FFF780FF70B14FF05C
:1077C00080414FF08053D1F8E42ED3F8583222F0A4
:1077D0000F0203F00F031343C1F8E43EFFF76EFFFF
:1077E00020B12D4B4FF40072C3F840264FF0805368
:1077F000D3F83031082B1AD14FF08043D3F800244E
:10780000D20744BF6FF00102C3F800244FF0805349
:10781000D3F83431052B02D8204AD35C3BB14FF06A
:107820001023D3F808224FF08043C3F858254FF0B7
:107830001023D3F80022002A03DBD3F80432002BF4
:1078400022DA174901234FF01020C1F80435122421
:10785000FFF746FFC0F80042FFF742FFC0F80442BE
:10786000FFF73EFF0023C1F80435FFF739FFBFF3F0
:107870004F8F0C490C4BCA6802F4E0621343CB6093
:10788000BFF34F8F00BFFDE710BD00BF00500040A9
:107890004881030000F0004000900240D23A01000D
:1078A00000E0014000ED00E00400FA0530B5046896
:1078B000CCB1BFF35B8FB4FA84F3C3F11F03DBB227
:1078C00001229A4024EA020250E8005FA54204D156
:1078D00040E8002CBCF1000FF6D1BFF35B8FE6D17E
:1078E00002480B7030BD0248FCE700BF0000AD0B42
:1078F0000200AD0B10B50368CB40DB0714D40123A5
:107900008B400268BFF35B8F43EA020150E8004FEF
:10791000944204D140E8001CBCF1000FF6D1BFF343
:107920005B8FEED1014810BD0148FCE70000AD0BB4
:107930000400AD0B014BC3F80405704700F0014093
:10794000F7B50546F8B101281BD104224FF4807326
:1079500001464FF0804003440244C0F8081300265B
:10796000012111601E608D421B688DF8071008BF51
:107970000DF1070642F210744FF0804745B1012D1A
:1079800028D003B0F0BD0C224FF482730221E0E74F
:10799000D7F8183403F480333EB9002BF1D001201E
:1079A00006F085FE013CF3D1EBE7D7F8182402F08E
:1079B00003023260002BE4D09DF80700012803D1B8
:1079C00006F075FE013CD9D1012DDAD10C4B002215
:1079D0005A71D6E7D7F80C3403F480333EB9002B44
:1079E000F4D0012006F063FE013CF3D1EEE7D7F8B6
:1079F0000C2402F001023270002BDDD1E6E700BF5B
:107A00001C1E0020044B1A7922B9012218609A80AA
:107A100002487047024870471C1E00200000AD0B52
:107A20000C00AD0B08B5074B1B682BB10020FDF710
:107A30003DFC08B9FDF718FC4FF080430022C3F865
:107A4000182508BD1C1E002010B510B1012843D018
:107A500010BD4FF08043D3F81814D3F81824C8038E
:107A600021D502F00303012B04D013B10020FFF74E
:107A700067FF00234FF080420220C2F81835082229
:107A80004FF4827303F180430021196002F18042B8
:107A90001C6801241460154A12680AB34FF0804331
:107AA000C3F80403D4E7D3F81424D107E1D5D3F8FD
:107AB0001C249207DAD40D4A12681AB10222C3F8C4
:107AC0000423C5E7D3F80421002AFBD00022C3F821
:107AD0000421D3F80431BBE700224FF48073D1E7CF
:107AE0001A68002AFCD019601B68B1E71C1E002030
:107AF000F8B54FF080431C4ED3F80443012500270E
:107B000004B9F8BDB4FA84F0C0F11F00830003F596
:107B100080739BB203F1804305FA00F2196892B2B8
:107B200024EA02040029EBD01F601B684FF0804359
:107B3000012AC3F8082305D0022A08D03368C0B24E
:107B40009847DDE77379002BDAD17271F6E7D3F845
:107B50001814D3F818148907F0D1C3F81855C3F8CE
:107B600004239D60CCE700BF1C1E0020036803F0C7
:107B70001F025B09026004D0012B034818BF0020DC
:107B800070474FF0A040704700030050034A43097C
:107B900000F01F00D35C1844C0B27047DE3A010009
:107BA00070B50546FFF7F2FF0C4C08300E4634F86E
:107BB0001030DA0508D5C3F3432304EBC30228468B
:107BC00054F8333052689847A3682BB1E2683146C5
:107BD0002846BDE87040184770BD00BF84060020ED
:107BE00008B5FFF7D3FF034B083033F81000400B04
:107BF00008BD00BF8406002008B5FFF7C7FF034B90
:107C0000083033F81000C0F3400008BD840600209F
:107C100008B5FFF7BBFF034B083033F81000C0F383
:107C2000401008BD84060020034611F0010010B585
:107C3000CCB20DD1A207C4F3400012D5094AD2F844
:107C400020055860C2F82005003818BF012008E060
:107C50004FF0A041D1F820251A60C1F82025002A54
:107C6000E8D010BD0003005010B5FFF78FFF124A97
:107C7000083032F81030D9051CD5C3F3432123F462
:107C8000F85322F8103002F10E04002034F8023FBD
:107C900013F4807F03D0C3F3432399420AD0013009
:107CA0003028F3D1002342F831300448BDE81040B9
:107CB000FFF720BE10BD00BF84060020FC06002098
:107CC000F0B5054600200446012607468C420BD13C
:107CD000114BD3F87C2132B10022C3F87C21D3F8B8
:107CE0007C3140F00040F0BDE3B29B0003F58072B0
:107CF0009B0806FA03F31D420BD002F1804202F505
:107D0000C042D2F800C0BCF1000F02D01760126868
:107D100018430134DAE700BF00600040F7B50646BB
:107D20000846FFF733FF194F00F108050C4637F8F6
:107D30001530DB0727D5304606F032FD2046FFF729
:107D400067FF40B12046FFF74BFF316800F5A27096
:107D5000002341F820302046FFF786FF002301A8CA
:107D600027F815300194FFF701FF019B00EB83001A
:107D7000074BD0F80027134043F00203C0F8003748
:107D8000044803B0F0BD0448FBE700BF84060020B0
:107D9000F0F8FCFF0000AD0B0400AD0B2DE9FF4136
:107DA000164680460846FFF7F1FE0D463168044648
:107DB00009B32846FFF720FF18B12846FFF728FF30
:107DC00010BB0023CDE900338DF80E308DF80F3055
:107DD0000DF10F020B4628460DF10E0106F077FC5F
:107DE000474A04F1080132F8113023F0020343F04E
:107DF000010322F81130736863B328461F7859686D
:107E0000FFF7FAFE10B1D1B13E4826E03C4A04F13A
:107E1000080032F8103023F02003DB04DB0C22F8DA
:107E2000103061B1032FEFD87168496891F800C034
:107E3000D8F80010A7B90CF5A27C41F82C70304A94
:107E400004F1080132F8113023F01C0343EA8703E0
:107E500022F81130B3684BBB2B4804B0BDE8F08169
:107E600001EB8C0143EA4C33D1F810E52EF0030E00
:107E7000C1F810E5D8F8001001EB8C0E43F0200398
:107E8000DEF8101522F8103021F44F3121F4407142
:107E9000CEF810152902DEF8108501F47C5141EA74
:107EA000074141EA0801CEF81015C8E7D3E9006799
:107EB0002846FFF7D9FE002ECED0114DD5E900237C
:107EC000964203D19F4201D1002209E00F480DF1F3
:107ED0000F01FFF7EBFC0C4B9842BED19DF80F2031
:107EE00045F8326005EBC20308345F6035F81430A2
:107EF00043EA422343F4807325F81430ACE700BF13
:107F0000840600200400AD0B0000AD0BFC06002031
:107F10002DE9F0430C4685B08046204611461E46AA
:107F2000FFF734FE054629B32046FFF765FE18B972
:107F30002046FFF76DFE18BB314F05F1080937F8F1
:107F4000193013F01C0F02D04B78012B18D00123ED
:107F50008DF80F300023CDE900134A1C8B1C2046FE
:107F60000DF10F0106F0B3FB37F8193043F00303AE
:107F700027F81930002E41D02046FFF73DFE18B9F2
:107F8000204805B0BDE8F08396F800C0D8F800306E
:107F90001B4F0CF5A272002143F8221005F10802D4
:107FA00037F8121021F02001C904C90C27F812106B
:107FB00075781DB3D8F80000B67800EB8C002D045E
:107FC000D0F8103523F4991323F4F853C0F8103582
:107FD000230203F47C5305F440353605D0F810E550
:107FE0002B4306F4801641EA4C31334341F0200123
:107FF00043EA0E0327F81210C0F810350248C0E714
:10800000840600200400AD0B0000AD0B014BC3E95A
:10801000021270478406002010B508461446FFF788
:10802000F7FD50B10846FFF7B1FD054B083033F8B6
:10803000103004485B0B237010BD0348FCE700BF01
:10804000840600200000AD0B0400AD0B70B5164D8A
:1080500095F8804006462CBB2146602205F11000B1
:1080600007F012FA30682E6F21468E420ED100239F
:10807000C0F87C31D0F87C3140F30730FDF7F4F8DC
:1080800001230A4885F88030AB6770BDCBB29B00F6
:1080900003F580727C2B08BF845001F1010108BFF9
:1080A0008358E2E70248F0E7840600200000AD0BA9
:1080B0000C00AD0B034B93F88000003818BF012073
:1080C000704700BF840600200148FFF713BC00BFC3
:1080D000F80600200148FFF7E9BB00BFF8060020C2
:1080E00073B503681646D3F80423002AA8BF4FF0DF
:1080F00000420546A8BFC3F8042308460C46FFF714
:1081000087FD00B30846FFF777FD0146D8B9204642
:10811000FFF766FD04B2A40004F5807203462868E8
:108120008150296882582144D1F8102542F001027B
:10813000C1F810252EB12968012202FA03F3C1F813
:10814000043302B070BD2046FFF720FD0F4B08300E
:1081500033F81030C3F38203042B12D0052B12D056
:1081600001A80194FFF702FD019AD0F81035D34021
:1081700003F00103991C204602B0BDE8704006F0F0
:10818000EFBA0321F7E70221F5E700BF84060020DC
:108190002DE9F04F694BDFF8A881D3F80403D8F834
:1081A0007010C0B289B040F00040FFF789FD051E95
:1081B0002FDAC24600235AF87C1F06A8CDE9063301
:1081C000FFF732FD5F4B01930DF118094FF0000BE3
:1081D000019A12F8013B0192DA0803F007031AF83A
:1081E000022022FA03F3DA071CD409F10409BBF1D7
:1081F000000F14D0D8F870104FF00040FFF760FD6A
:10820000D8F87C1006A8FFF70FFD0028DAD125F07A
:1082100000450124002D79D109B0BDE8F08F4FF061
:10822000010BD5E7484B5B440293D9F800100029B5
:10823000DBD0029B91FAA1F11C78B1FA81F141EAFD
:1082400044142046FFF7A2FC0830059438F810705B
:10825000C808BB0819F80020039301F007010123A7
:1082600003FA01F122EA010209F8002005A8FFF74C
:108270007DFC059A039B02F5E072C7F3820650F875
:1082800022205B073746C2F3014224D520463946F7
:10829000D6B2FFF785FC05A80594FFF767FC059BA0
:1082A00003F5E07350F82330C3F301439E4207D136
:1082B0000021204606F054FA3146204606F050FAD6
:1082C00005A80594FFF752FC059B012202FA03F36F
:1082D000C0F82035A9E7022A0CD10321204606F078
:1082E0003FFA06F00503012BEAD139462046FFF795
:1082F00057FCE5E702212046039206F031FA032EEF
:10830000F3D0039A032ADBD1022EEDE795FAA5F309
:10831000B3FA83F304FA03F29B0003F1804303F5FD
:10832000C04325EA0205D3F81005D3F81015C0F3B1
:108330000520C1F30141FFF733FC6BE7006000400B
:1083400084060020EE3A0100EE3A010001460148A1
:10835000FFF7ACBA08070020036803F01F025B09AF
:10836000026004D0012B034818BF002070474FF073
:10837000A04070470003005007B5019001A8FFF727
:10838000EBFF019B00EB8300054BD0F80027134067
:1083900043F00303C0F8003703B05DF804FB00BFEF
:1083A000F0F8FCFF73B5CB7B0446002B38D10B7B78
:1083B0000878012B77D806F02BFA0B78019301A8E7
:1083C000FFF7CAFF019B00EB83003C4BD0F800276E
:1083D000134043F00103C0F800374878FF2804D069
:1083E00006F016FA4878FFF7C7FF8B78FF2B0FD0FF
:1083F00001A88D7B0193FFF7AFFF019B00EB83008A
:108400002E4BD0F80027134043EA8503C0F800370D
:10841000C878FF2804D006F0EEF9C878FFF7ACFF63
:1084200023792748CA78282505FB03039A770B7C14
:108430009BB94B7825680E78FF2B18BF1A468B78AE
:10844000C5F8086508BF4FF0FF32FF2B08BF4FF09B
:10845000FF33C5F80C25C5F8103523688A68C3F8C2
:1084600024254B7B0A7B2568003B18BF0123022A89
:108470001CD0032A1DD0012A01D143F00203C5F804
:10848000543523794979282202FB0303D9772379CC
:108490005343C35883B1206840F3073002B0BDE8AE
:1084A0007040FCF7E1BE06F0A6F986E743F004034E
:1084B000E5E743F00603E2E702B070BDF0F8FCFF29
:1084C000241E002007B5019001A8FFF745FF019B7E
:1084D00000EB8300054BD0F80027134043F0020364
:1084E000C0F8003703B05DF804FB00BFF0F8FCFFF4
:1084F0002DE9F04190F80480144C4FF0280C0CFB4F
:1085000008FC04EB0C06074696F81CE0BEF1000FD1
:1085100019D144F80C20736041B1CB7B86F825302B
:10852000CB78B3774B79F377FFF73CFF3A6808488D
:108530000123C2F80035282202FB0844002262779A
:108540002377BDE8F0810348FBE700BF241E00202D
:108550000000AD0B0C00AD0B70B50679194C056829
:1085600028237343E35833B145F30730FCF78AFE01
:108570000423C5F808330023C5F80035282303FB7E
:10858000064393F82530BBB9D5F80805FFF79AFFE5
:10859000D5F81005421C01D0FFF794FFD5F80C0563
:1085A000431C01D0FFF78EFF282303FB0643987F6F
:1085B000FF2801D0FFF786FF282303FB0644002392
:1085C000237770BD241E00202DE9F8430779394C2C
:1085D00028237B439046E2180E46517F81460029AE
:1085E00066D1E3580BB10123537796E80F00282595
:1085F00005FB074505F10C0C8CE80F00A87F002354
:10860000FF2885F8243001D006F002F92823B8F1BC
:10861000000F06D003FB0743002227485A77BDE826
:10862000F883D9F8005003FB07430422C5F8082358
:10863000C3F82080C5F80881D5F8082172689AB17E
:1086400033681B78C5F81C357368012B0ED9336865
:108650005B78C5F81C3528237B43E65876B10423A4
:10866000C5F804331548DAE7DB7FEBE7F368012B45
:10867000F1D9282303FB0743DB7FEAE707EB8701F8
:1086800004EBC101D5F80831002BFBD0C5F8086117
:108690002846D5F8083106F0C8F80028F2D128237A
:1086A00003FB0744A07FFF28DCD006F0A4F8D9E73D
:1086B0000348B4E7241E00200300AD0B0000AD0BFF
:1086C0000B00AD0B10B54FF040200023C0F808316F
:1086D0000A49D0F8083106F0A8F868B9887FFF2861
:1086E00001D006F088F800234B770B72BDE81040EC
:1086F000D1E900310248184710BD00BF241E0020F8
:108700002C1E0020036803F01F025B09026004D0E6
:10871000012B034818BF002070474FF0A04070475E
:1087200000030050012370B504460D4643616426E2
:1087300000220221204606F0C0F820B9012005F0F1
:10874000B6FF013EF4D100236B774FF08051D1E9A1
:108750004C1208291AD1052A18D80E498A5CAAB1E8
:108760004FF0FF32D4F80805D4F80C15C4F80035E2
:10877000C4F80825C4F80C250922C4F80025C4F85B
:108780000035C4F80805C4F80C1570BD0023C4F802
:108790000035FAE7F03A01000F4B984219D00DD896
:1087A0000E4B984215D007D80D4B984211D00D4B67
:1087B000C31A5842584170470B4BF9E70B4B98428C
:1087C00007D004D80A4B984203D00A4BF0E70A4B73
:1087D000EEE70120704700BF80841E0020A1070043
:1087E00048E8010090D0030040420F000024F4004C
:1087F00000093D0000127A000048E80173B51646F2
:10880000421C1C460546069B18D0012902D1BBB16B
:1088100006F091F801A80195FFF774FF019B00EBAA
:1088200083002402D0F80027074B44EA86040C4357
:1088300013401C4344EA4101C0F8001702B070BD68
:1088400006F086F8E6E700BFF0F8FCFF2DE9F04FF0
:1088500091F8213090F804A085B007460C46002B13
:1088600000F0B48091F8223003934FF0010865695D
:10887000784B9D4200F0C48000F2B480764B9D425C
:1088800000F0C18000F2A680744B9D4200F0BE80D3
:10889000734B9D420CBF4FF080654FF08045DFF871
:1088A000C49194F82300242202FB0A93997F60F379
:1088B000000199773B79217C02FB03939A7F61F356
:1088C00041029A7794F82360002E32D16269664B98
:1088D0009A420CBF4FF0030B4FF0000B237E012B8D
:1088E00094BF00230123009320685B463246012198
:1088F000FFF784FF009660685B4632460121FFF770
:108900007DFF0096A27EA0685B463146FFF776FFAA
:10891000237C83F001030093E0685B46324601212B
:10892000FFF76CFF01210091E0695B463246FFF7DB
:1089300065FF2423B8F1000F71D003FB0A934FF0B9
:10894000FF321A62A07C217E627EE66894F8108075
:1089500094F824E094F820C03B68BEF1000F13D1D6
:10896000D4E900BAD4F808E0E469C3F808B5C3F85C
:108970000CA5C3F810E5C3F86C45039CC3F8146557
:10898000C3F86885C3F86445003A18BF012202297C
:10899000C3F8C005C3F8245553D0032954D0012986
:1089A00001D142F00202C3F85425C3F860C53B79F7
:1089B0002422534359F80330002B48D0386840F341
:1089C000073005B0BDE8F04FFCF74EBC98460223D7
:1089D00003934CE7254B9D420CBF4FF080554FF061
:1089E00080455CE7224B9D4213D01F4B9D4213D024
:1089F000204B9D420CBF4FF000454FF080454EE7A5
:108A00004FF000554BE74FF0006548E74FF0007519
:108A100045E74FF0206542E74FF0A0553FE703FBE5
:108A20000A9AE268CAF82020227C9AF81E3062F383
:108A300041038AF81E30A07C217E627E4FF0FF3613
:108A400086E742F00402AEE742F00602ABE705B06B
:108A5000BDE8F08F80841E0020A1070048E80100D7
:108A600090D00300501E00200048E80140420F0053
:108A70000024F40000127A00431C07B50ED00190C8
:108A800001A8FFF73FFE019B00EB8300054BD0F8E8
:108A90000027134043F00203C0F8003703B05DF82D
:108AA00004FB00BFF0F8FCFF2DE9F8430746144C27
:108AB00097F80480242505FB08F504EB05091E46FC
:108AC00099F81C30C3B999B14869FFF765FEA8B1A0
:108AD00038466251C9F80460FFF7B8FE242303FB4F
:108AE000084400236377074801232377BDE8F88310
:108AF0006251C9F80460F1E70348F7E70348F5E776
:108B0000501E00200000AD0B0C00AD0B0400AD0B9F
:108B10002DE9F041044606790068214D40F3073005
:108B2000FCF7B0FB24237343EB5853B123681D4A71
:108B3000C3F8082306EBC601206805EB8101FFF7A7
:108B4000F1FD2421236801FB0651D3F80805D3F871
:108B50000C75D3F810858B7FDB0714D4FFF78CFFDF
:108B60004046FFF789FF3846FFF786FF086AFFF7A0
:108B700083FF2368D3F86C05D3F81415FFF77CFF47
:108B80000846FFF779FF2368074A934204BF012292
:108B90005A60242303FB065500232B77BDE8F081A0
:108BA000501E00205201080000F002402DE9F04361
:108BB0000779DFF8AC8124237B43164608EB0302D8
:108BC0000D46517F85B08146002940F0C68058F897
:108BD000033023B116F0140F04BF0123537795E837
:108BE0000F00242404FB078404F10C0C8CE80F0014
:108BF000206A431C04D0A37F99071AD505F09BFE79
:108C00002968D9F8004021B101F06043B3F1005F59
:108C100006D1AB6883B103F06043B3F1005F0BD0C2
:108C2000242303FB078300224E485A7705B0BDE892
:108C3000F08305F08DFEE3E74B4B9C4224D14FF0CF
:108C400080436A68D3F8000E484B1860E2B1484888
:108C500021F4FF5323F01F0383426ED85018DFF82E
:108C600014C1C3F34F3101228A40002103F50053A0
:108C7000984241EA02014FEA420201D96345F5D325
:108C80004FF08043C3F8001E16F0010318BF012304
:108C9000C4F8503516F0020318BF0123C4F840355C
:108CA00095E80F00EC468CE80F00039BC4F84405E0
:108CB000C4F84815C4F83425C4F838350023C4F87E
:108CC0001831D4F8183116F008054FF00703C4F82E
:108CD00000350FD124237B4358F80320012323615F
:108CE00042B9D4F81831002BFBD06246402120460F
:108CF00005F0E3FD24237B4358F803301BBB1A4BDC
:108D00009C4201BF194B1A684FF08043C3F8002EF4
:108D1000242303FB0783186A421C04D09B7F9B0714
:108D20000ED505F015FE35B907EBC70708EB87012F
:108D30002046FFF7F7FC104878E74FF480719FE773
:108D400005F0F9FDEFE716F0040F4FF0400314BFF4
:108D5000C4F80833C4F80433EDE7084866E700BFF9
:108D6000501E00200A00AD0B00F002404C1E0020F7
:108D7000FFFF0020002001200000AD0B0B00AD0B19
:108D800010B5134A1348402105F097FDF8B1124B76
:108D9000124C1A684FF08043C3F8002E206A421C20
:108DA00004D0A37F9B070FD505F0D2FD637F1BB1D5
:108DB0000A490848FFF7B6FC002323720848D4E9A3
:108DC0000031BDE81040184705F0B5FDEEE710BDD5
:108DD0005C1E002000F002404C1E0020501E0020AF
:108DE000581E002008B5124BA8220021184606F094
:108DF0004BFB032202610F4942610F4A8161C2614C
:108E00004FF480620262002282624262C2620166A4
:108E10000A49416610218166094902670346C26614
:108E2000426711F8010D98540132102AF9D108BD9A
:108E300010040020F63A010010000020000000207D
:108E40000F3B01002DE9F84FDFF87C80182606FB68
:108E5000008E00FB06664644DEF82440DEF828C09B
:108E60007368A44507468946154603EB040022D8DB
:108E7000DEF820B0ABEB040A0AF1FF339A4203D8C4
:108E800006F0DAFA2C440FE063449A4219D85246AD
:108E90002C4406F0D1FAB4EB0B0405D070682246DE
:108EA00009EB0A0106F0C8FA182303FB0783012027
:108EB0005C62BDE8F88F0CF1FF3CACEB040C944510
:108EC000DED20020F5E700BF10040020034B18227B
:108ED00002FB00339A6A586A801A70471004002017
:108EE00010B4084A08490023C85C12F8014D8442B6
:108EF00004D10133102BF7D110BC704710BCFFF721
:108F000071BF00BF0F3B01001004002030B587B0D7
:108F100004468DF8071005F08AFD002104F11800C1
:108F200005F061FD0DF107030293012502AB04A9D1
:108F30002046CDE90435039505F04AFD031E07DA06
:108F400004480268520703D0034A294603F025FC6F
:108F500007B030BD08080020103B010030B587B0D5
:108F600004468DF807101830012105F03CFD0DF185
:108F700007030293012502AB04A92046CDE904357D
:108F8000039505F025FD031E07DA05480268520720
:108F900003D0044A294603F000FC07B030BD00BFEF
:108FA000080800202D3B01002DE9F04105468AB05C
:108FB00005F1180817461E468DF8071005F037FD15
:108FC0000021404605F00FFD0DF107030293012437
:108FD00002AB04A92846CDE90434039405F0F8FC5B
:108FE000031E0ADA11480268510703D0104A2146CD
:108FF00003F0D3FB0AB0BDE8F081002FFAD0002EB9
:10900000F8D02146404605F0EEFC06AB08A92846FC
:10901000CDE90834CDE9067605F0DAFC031EE9DA7D
:10902000024802685207E5D0024AE0E7080800203B
:10903000103B0100473B0100F8B5048E438E073416
:109040000D46E41024215C430646FFF75FFF2C44E5
:109050002F46A74214D126213046FFF757FFA542DD
:1090600014D1304605F0FCFC0C48036803F00703FC
:10907000022B11D9BDE8F840094A032105F0A6BC2E
:1090800017F8011B3046FFF769FFE2E715F8011BEF
:109090003046FFF763FFE2E7F8BD00BF0808002095
:1090A000683B0100F7B50446006805F079FD5E4EA7
:1090B00060B933685E0704D05C4A5B48012105F063
:1090C00085FC6FF01205284603B0F0BDE06818B1CA
:1090D00005F066FD0028ECD0A06904F1180505F044
:1090E0005FFD20B933685D07EBD0514AE5E7206AA0
:1090F00005F056FD20B933685C07E2D04D4ADCE745
:10910000A06A05F04DFD20B933685807D9D04A4A06
:10911000D3E728464FF4D01105F039FC051E09DAD3
:1091200033685907CFD0454A2B463F48012103F009
:1091300034FBC8E704F120074FF4D011384605F09E
:1091400026FC051E05DA33685A07BCD03C4A2B467C
:10915000EBE74FF4803104F1280005F018FC051E00
:1091600005DA33685B07AED0364A2B46DDE70121CE
:10917000384605F038FC642005F049FC00213846EB
:1091800005F031FC022005F042FC0121384605F0D3
:109190002AFC642005F03BFC204605F048FC122127
:1091A0002046FFF7B3FE204605F041FC2121204672
:1091B000FFF7ACFE40212046FFF7D0FE00212046FD
:1091C000FFF7CCFE3C212046FFF7A0FE05212046FC
:1091D000FFF7C4FE11212046FFF798FE0321204629
:1091E000FFF7BCFE628E238E013A92B20092013BE1
:1091F00000229BB21146204605F056FC0022114683
:10920000204605F07EFC204605F011FC336803F093
:109210000703022B01D8002555E70B4A024803211A
:1092200005F0D4FBF7E700BF08080020973B0100DA
:10923000A93B0100BB3B0100CE3B0100E23B01002A
:10924000013C0100213C0100423C010008B5FFF750
:1092500029FF002806DB0648036803F00703022BFA
:1092600001D8002008BD034A032105F0AFFBF8E751
:1092700008080020673C010010B50446FFF712FF04
:1092800000281DDB1A212046FFF740FE5A21204608
:10929000FFF764FE22212046FFF738FE9121204689
:1092A000FFF75CFE20212046FFF730FE204605F048
:1092B000BEFB0648036803F00703022B01D8002019
:1092C00010BD034A032105F081FBF8E708080020E0
:1092D0008B3C01002DE9F74F17469846DA889B88AA
:1092E0004468D0F810900E4603FB02F5D8F8001041
:1092F000ED108D4228BF0D4657EA060117D1D8F868
:109300000400216B411AD1F1000A4AEB010A0C99C1
:1093100099F800B001B16DB9474803685B0703D005
:10932000464A012105F02EFC6FF0150073E04FF066
:10933000000AECE7013A33443A4492B2013B9BB253
:10934000009231463A46204605F0AEFB3A46314699
:10935000204605F0D6FB2B460C9A24212046FFF729
:1093600023FE99F80030EBB1B8F80620B8F80430C5
:10937000013A33443A4492B2013B9BB231460092E7
:1093800020463A4605F090FB31463A46204605F025
:10939000B8FB284605F0C2FF064600283ED189F8F2
:1093A00001A037E02046BBF1000F2DD105F06AFB8C
:1093B00099F80030002BD7D1B8F80620B8F804305F
:1093C000013A33443A4492B2013B9BB23146009297
:1093D00020463A4605F068FB31463A46204605F0FD
:1093E00090FB284605F09AFF064698B12A46FF21D1
:1093F00006F04AF820462B4632462621FFF7D4FDD8
:10940000304605F084FF05E005F02AFB99F80030AE
:10941000002BA9D1002003B0BDE8F08F2A46FF2120
:1094200006F032F820462B4632462621FFF7BCFDD7
:10943000304605F06CFFB2E70C080020CA3C010082
:1094400008B5034605480268520703D0044A0121C3
:1094500003F0A3F96FF0850008BD00BF0C080020E1
:10946000EA3C01002DE9F0414B4E4568336807693D
:1094700003F00703022B04D9484A0321304605F0C4
:1094800081FB286805F08CFB60B933685D0704D068
:10949000434A4148012105F075FB6FF01204204654
:1094A000BDE8F081E86818B105F07AFB0028ECD03F
:1094B000A86905F075FB20B933685C07EDD0394A1F
:1094C000E7E7286A05F06CFB20B933685807E4D059
:1094D000354ADEE7A86A05F063FB336818B9590717
:1094E000DBD0324AD5E795F8342003F00703B2B158
:1094F000022B04D92E4A2848032105F043FB2846B5
:10950000FFF7BAFE0028044614DA33685A07C6D0BB
:10951000284A03460121204803F03FF9BFE7022B08
:1095200004D9254A1C48032105F02CFB2846FFF7E7
:109530008DFEE7E72C8E6B8E0734E4105C432046EB
:1095400005F0ECFE804650B933685B0704D01B4A37
:109550001148012105F016FB6FF00B049FE722462E
:10956000FF2105F091FF41462846FFF765FD404683
:1095700005F0CDFE00233B7001237B70336803F0C0
:109580000703022B01D8002489E70D4A0248032172
:1095900005F0F8FAF7E700BF0C080020073D0100CE
:1095A000973B0100A93B0100BB3B0100CE3B010002
:1095B0002B3D01006D3D01004A3D01008B3D010046
:1095C000B73D0100034A044B02609B1A1820B3FB0D
:1095D000F0F07047C4F600006CF7000010B50446C8
:1095E000F8F79EFB054803685B0703D0044A012196
:1095F00003F0CAF8204605F0DEFA00BFF0070020AD
:10960000023E01002DE9F047044600AF0D46EFF39E
:109610001189202383F31288BFF36F8FDFF8CC808A
:10962000334AD8F80030966859075BD0042898BFB1
:10963000304B117C94BF53F820302F4BEA468AB050
:109640006A462E48C2E9073140F2013393842C4B1D
:10965000C2E9050442F8103F244800234FF4315179
:10966000F8F71EFDD54665B1EB69D8F80020C3F3C5
:10967000080333B152071ED0224A1C48012103F0CF
:1096800083F8D8F800305B0715D016BB1E48E846B3
:109690008AB06A461D4BD061C2E9053640F20133FB
:1096A00013841B4B42F8103F104800234FF4115114
:1096B000F8F7F6FCC54629462046FFF78FFF89F3E9
:1096C0001188BFF36F8F3046FBF772FDBD46BDE8D2
:1096D000F087304605F024FB0028D7D00378002B14
:1096E000D4D0D4E7002DBFD1E5E700BFF0070020BC
:1096F000741E0020E0020100113E0100273E01001F
:10970000050000014F3E01001F3E0100703E0100B8
:109710000400000138B5094B53F82040013053F8DC
:109720002050A54200D838BD636823B1204605F01B
:109730004AFA0834F5E723689847FAE7F40201008B
:1097400070B52B4B2B4C2C4D012286B003201A7088
:10975000FFF7E0FFFBF766F805F051FA0420FFF78A
:10976000D9FF2646AE4204F1300410D300F00AFDC2
:10977000204C224EAC4226D300F018FDF6F708FF2D
:109780001F4A137B23F00103137306B070BD54F816
:109790000C3C059354F8103C049354F8143C039388
:1097A00054F8183C029354F81C3C019354F8203CA4
:1097B000009354E90A2354E90C0100F0C7FA54F865
:1097C000303C5E65CDE7D4E90A23B3F1FF3F08BF23
:1097D000B2F1FF3F05D052EA0301206803D100F047
:1097E000A5FD3034C6E73146183000F07BFFF8E7BE
:1097F000F4200020ECF80000ECF8000035EE00004A
:10980000F811002008B50348034A0021121A05F098
:10981000F2F908BD98080020F820002070B5174E16
:10982000174D184986B0B82303FB0066164B059305
:1098300001220F23CDE903320023CDE901331423A4
:1098400003FB005504464FF4C07000FB04110F4B9E
:1098500000954FF4A072304600F078FA737B0C4A02
:10986000EE6023F0040373734FF4046304FB0333CB
:1098700013442C746B6006B070BD00BF4011002013
:10988000741E0020C0340020D23E0100C1EC000054
:10989000802C0020BFB50020FFF73CFF2E4B83F348
:1098A00008882E4D2E4E6B692E4F43F400736B616A
:1098B0000024E02385F82230EC772C766C76AC76A9
:1098C00085F820406B6A43F4E0236B6285F82340FF
:1098D000FBF7E2FBFBF780FD4FF0FF33AB62EB627F
:1098E000214DFBF75BFEFBF79BFDF8F767F940F2B4
:1098F00001132846AB81C5E9264401F011F9B56092
:1099000005F04DF90120FFF705FF0220174DFFF785
:1099100001FF00F07FFC164B75610593012315498B
:109920000094CDE903434FF480523B46CDE9014416
:10993000284600F00BFA6A7B064622F0040228460D
:109940006A7305F03AFA2046FFF768FF3A46314657
:109950002846FBF721FD00BFC034002000ED00E0E9
:10996000741E002041970000B0120020F811002062
:10997000D73E01004036002038B5064C064D002089
:10998000AC4200D338BD204605F03AF90028F9DB97
:109990001C34F5E7180800201808002073B50C46A1
:1099A000EFF31181202585F31288BFF36F8FC5680F
:1099B0005DB125602B68C36083690133836100203A
:1099C00081F31188BFF36F8F11E052EA030603D1D0
:1099D00025606FF00B00F3E7CDE900230246083065
:1099E00000F030FB18B9034B9B685B69236002B041
:1099F00070BD00BF741E00202DE9F34104461746D8
:109A00001E46EFF31188202383F31288BFF36F8F74
:109A1000C368334A7BB180689168884219D057EA9D
:109A2000060318D188F31188BFF36F8F6FF00F0012
:109A300002B0BDE8F081916891F90E102161013307
:109A4000E3609368A36088F31188BFF36F8F0020F1
:109A5000EEE72169F2E791F90E1090F90E30994284
:109A6000A8BF19466FF07E029142B8BF11468B42E3
:109A70002DDD05F030F90546CDE90076194822467E
:109A8000414600F0DFFA0028E1D0EFF311862023F1
:109A900083F31288BFF36F8FA068D0B12368216968
:109AA0009C420AD04BB193F90E309942A8BF194697
:109AB0006FF07E039942B8BF194605F00CF940B12A
:109AC0000848314600F038FB6FF00A00B0E7002587
:109AD000D2E7002DF4D186F31188BFF36F8FF3E73F
:109AE000741E0020F5200020F8B583680546002B81
:109AF00040D0234A926893423FD1C368012B03D9D7
:109B0000013BC3600020F8BDEFF31187202383F3EE
:109B10001288BFF36F8F0169806805F0DCF82C684C
:109B2000AC4207D10023C5E9023387F31188BFF3A4
:109B30006F8FE7E7002CF5D0D4E9003213605A604C
:109B4000637B002623F002036373C4E90066A6600A
:109B500004F1180005F0F9F9AC6094F90E302B61AE
:109B60002046C4F8B06005F028F90648394600F0F0
:109B7000E3FAC7E76FF01500C5E74FF0FF30C2E723
:109B8000741E0020F520002070B5EFF3118620230D
:109B900083F31288BFF36F8F0468A0421BD0D4B147
:109BA000D4E9003213605A60637B002523F002037E
:109BB000C4E900556373A56004F1180005F0C5F908
:109BC000C4F8B050204605F0F8F831460748BDE823
:109BD000704000F0B1BAD0E902329A4218BF0133A6
:109BE00083600221103005F058FBEEE7F5200020DD
:109BF00013B5EFF31181202484F31288BFF36F8F24
:109C0000846844B1013C846081F31188BFF36F8F95
:109C1000002002B010BD52EA030406D181F311887E
:109C2000BFF36F8F6FF00F00F3E7CDE9002302461B
:109C3000014800F007FAECE7F52000202DE9F0419B
:109C40000546EFF31187202383F31288BFF36F8F4C
:109C500000266FF00A082C68A54215D0A4B1D4E9FB
:109C6000003213605A60637BA66023F00203C4E9EC
:109C70000066637304F1180005F067F9C4F8B0805A
:109C8000204605F09AF8E6E7002305F11000AB60E6
:109C9000022105F002FB39460248BDE8F04100F020
:109CA0004BBA00BFF520002010B5044608B9054B9B
:109CB0009C681F2204F1780005F01DFC002084F848
:109CC000970010BD741E00202DE9F84F0C46A1B37B
:109CD0009AB390F80D90DFF86880571E0846B9F1E6
:109CE000000F25D0DFF85CA00025B8F804B019EA11
:109CF0000B0F19D0B8F80630D8F800107E1B9E4222
:109D000028BF1E46324605F097FB2E4439EA0B0960
:109D100004EB06000CD0BD1B012D28BF01252A46EF
:109D2000514605F089FB354408F108086019DCE765
:109D3000002303702046BDE8F88F0348FBE700BF0F
:109D40000C030100DF3E01001C2601002DE9F04F4D
:109D5000D51D85B025F0070504461F467F3500F167
:109D60005803C0E9163325F03F05129B23730020EA
:109D70000E46119BDDF838B0DDF84C80A060042160
:109D80003F2DC4E906006173A373E07306F1400A36
:109D9000A5F1400905D880F31188BFF36F8F0846FD
:109DA00002DF4A463544AA21504605F06DFB29469C
:109DB0002046FAF7A5FE0730109B20F00700C4E903
:109DC00026A9C4F8A00002930F9B2D1ACDE900B379
:109DD0002A463B4631462046FBF7AAFA0F9BE3662C
:109DE0004FF00009109BC4F85490C4E9197B236715
:109DF000EFF31182202181F31288BFF36F8F104E91
:109E0000316A6167346282F31188BFF36F8FB8F1F2
:109E1000000F11D01F22414604F1780005F06BFBC2
:109E200084F89790B3680BB1D3F8A430C4F8A43089
:109E3000284605B0BDE8F08F84F87880F2E700BFCF
:109E4000741E0020F0B587B000250595109D04957F
:109E50000F9D03950E9D0295DDE912760D9D0195EE
:109E60000C9D00950446FFF771FFB6F1FF3F08BF58
:109E7000B7F1FF3F05D056EA070305D1204600F0B1
:109E800055FA204607B0F0BD03493A46334604F17F
:109E9000180000F027FCF4E735EE00000A4A93684A
:109EA0006FF00A01C3F8B0100849C3F8AC004B6862
:109EB00043F080534B60002383F31188BFF36F8F0F
:109EC0009368D3F8B0007047741E002000ED00E0E6
:109ED00070B590F90D20437B002A39DBD90637D1C4
:109EE0008269002A34D11D4C63F07F0322464373FC
:109EF00052F8183F93422CD1E169C0E90021086073
:109F0000E06111E09942F8D01B68002BF5D090F980
:109F10000E5093F90E60B542F4D0AE42F2DD5968AE
:109F2000C0E9003108605860A569954200D005B9C4
:109F3000E568A3685A7BD20604D1DA897F2A01D961
:109F4000AA6942B1AB4202D0284600F0E7FA656147
:109F500070BDE169D9E76361FAE700BF741E0020B4
:109F600038B590F90D20437B002A014604DA03F04E
:109F70007F03437304F0E7FE0D4D2A46AB6852F8A9
:109F8000184F944200D004B9EC688B4207D05A7B3A
:109F9000D20604D1DA897F2A01D9A2692AB1A34263
:109FA00002D0204600F0BAFA23466B6138BD00BFEC
:109FB000741E002070B590F90D20437B002A0146E5
:109FC00004DA03F07F03437304F0BDFE4B7B1C4CAB
:109FD00063F07F0322464B7352F8183FE0699342C7
:109FE00007D1C1E900200160E16111E09842F8D099
:109FF0001B68002BF5D091F90E5093F90E60B54215
:10A00000F4D0AE42F2DD5868C1E900300160596019
:10A01000A569A368954200D005B9E5688B4207D0D1
:10A020005A7BD20604D1DA897F2A01D9AA692AB1DA
:10A03000AB4202D0284600F071FA2B46636170BD36
:10A04000741E0020F8B5124B0C461146114A986850
:10A050001060DDE90676EFF31182202282F3128888
:10A06000BFF36F8F9D68284604F07FFEB6F1FF3F77
:10A0700008BFB7F1FF3F06D007493A46334605F11E
:10A08000180000F02FFB2046BDE8F840FFF706BFA0
:10A09000741E0020981E002035EE0000F8B504461E
:10A0A000EFF31186202383F31288BFF36F8F437B76
:10A0B000DA0649B217D18269AAB903F07F03437364
:10A0C00004F041FE1B4D437B817363F07F032A46FE
:10A0D000437352F8183F93422AD1E869C4E900203B
:10A0E0000460EC6116E0A173002086F31188BFF3D1
:10A0F0006F8FF8BD8342F1D01B68002BEED093F92F
:10A100000E70B942F6D08F42F4DD5968C4E90031CF
:10A110000C605C60AC69944200D004B9EC68AB6838
:10A120009C4202D0204600F0F9F96C610120DCE786
:10A13000E869E2E7741E002049B9EFF3058030B901
:10A14000054B5A699B689A4201D0FFF7A7BE81F37D
:10A150001188BFF36F8F7047741E0020034648B903
:10A16000EFF3058232B9064A51699268914201D0F3
:10A17000FFF794BE83F31188BFF36F8F704700BF62
:10A18000741E0020EFF31181202383F31288BFF3A4
:10A190006F8F054B9A68D37B013BD37381F3118892
:10A1A000BFF36F8F704700BF741E002070B5EFF3D0
:10A1B0001186202383F31288BFF36F8F144DAB6891
:10A1C000DA7B0132DA732A4652F8184F944200D0F3
:10A1D00004B9EC685A7BD20604D1DA897F2A01D906
:10A1E000A2692AB1A34202D0204600F097F9234683
:10A1F0006B6186F31188BFF36F8FEFF3118020231B
:10A2000083F31288BFF36F8FBDE87040FFF7A6BFDE
:10A21000741E0020024B03F11802C3E906227047A6
:10A22000741E002070B5EFF31186202383F312888B
:10A23000BFF36F8F1B4CA168E0690B68814214BFAC
:10A240001A46002249680B605960A368E1692AB97F
:10A25000154AC3E900210B60E3610CE093F90E009D
:10A2600092F90E50A84218D0854216DD5168C3E914
:10A2700000210B605360A5690B4B9D4200D005B9CE
:10A28000E568A3689D4202D0284600F047F9656161
:10A290003046BDE87040FFF701BE8A42D8D0126850
:10A2A000D5E700BF741E00208C1E002050EA010379
:10A2B0002DE9F04105460E4604D1FFF7B3FF00201B
:10A2C000BDE8F081831C71F1FF3324DB04F05EFEF6
:10A2D0002C18EFF31188202383F31288BFF36F8FBC
:10A2E0000F4F104BB8681860FFF73AFEB8680E4978
:10A2F0002A463346183000F0F5F9BA68537B43F02C
:10A30000040353734046FFF7C9FD04F03FFE201AD3
:10A3100020EAE070D4E76FF00104241AD9E700BF07
:10A32000741E0020981E002035EE000038B504464B
:10A33000183004F00AFEEFF31185202383F312880E
:10A34000BFF36F8F637B5A0704D485F31188BFF383
:10A350006F8F38BD23F0040363732046FFF7B8FD09
:10A36000EFF30583002BF0D129460248BDE83840C1
:10A37000FFF7E2BEF5200020014B9868704700BF50
:10A38000741E00202DE9F8430446EFF311872023C3
:10A3900083F31288BFF36F8F067B16F001060DD092
:10A3A00087F31188BFF36F8F002383F31188BFF306
:10A3B0006F8F0423184602DFBDE8F883437B1A073A
:10A3C00004D587F31188BFF36F8FF5E7D90943F000
:10A3D000080255D14273A36813B1204604F0BBFCB8
:10A3E00004F1180004F0B1FDA56D04F15808A8456A
:10A3F00011D04FF0000975B1284604F0ACFC05F10E
:10A40000180004F0A2FDC5F8B0902846FFF760FDE3
:10A41000A56DA845EFD11E4DAB689C4204D1EFF36A
:10A420000586003E18BF0126D5F81880194A9045C8
:10A4300002D0B8F1000F01D1D5F80C80434502D00D
:10A44000404600F06BF82046C5F8148000F0BEF8D6
:10A4500056B1114E40F20113B38130460023C6E9D4
:10A46000263300F05DFBAE60AB689C42A9D1EFF3F0
:10A470000583002BA5D13846BDE8F843FFF70EBD94
:10A4800003F07F0343F00803437304F05CFCA2E78E
:10A49000741E00208C1E0020B0120020D3B5DDE910
:10A4A0000667089CCDE90067FFF7CCFD1CB1034BA4
:10A4B0009B685B69236002B0D0BD00BF741E0020A2
:10A4C000044BC01A044BC0105843044B01221A54C9
:10A4D000704700BF68130020ABAAAAAAF52000208D
:10A4E000C3897F2B12D80A4B1B6863B1094B90F9C3
:10A4F0000E201B689A4209DB437BDB0606D1064B24
:10A50000C31A18BF012303F0010070470023FAE7C4
:10A51000A01E00209C1E00204011002070B50E4B94
:10A520000E4C1E7C06EB460304EBC3040546204696
:10A5300004F00BFD0A4B002228469A55FFF7D0FF86
:10A5400048B1084B08491A68013A2046D317BDE8BC
:10A55000704000F0C7B870BD741E00206813002062
:10A56000F5200020A01E0020C1A4000038B5EFF3A4
:10A570001185202383F31288BFF36F8F104B114A8C
:10A580009C681068A04206D1FFF7C8FF85F31188C8
:10A59000BFF36F8F38BD00211B7C11600A4AD35C6A
:10A5A000002BF3D02046FFF79BFF0028EED0637B03
:10A5B000DB0602D12046FFF7FDFC2046E4E700BFA2
:10A5C000741E0020981E0020F5200020EFF311815A
:10A5D000202383F31288BFF36F8F0A4A136A8342E2
:10A5E00007D15B6F136281F31188BFF36F8F7047E0
:10A5F0001346002BF7D05A6F8242F9D1426F5A6747
:10A60000F1E700BF741E0020F8B506460F46EFF3D1
:10A610001183202282F31288BFF36F8F0B490C6ADB
:10A62000154624B983F31188BFF36F8FF8BD83F308
:10A630001188BFF36F8F39462046B047EFF311837F
:10A6400085F31288BFF36F8F646FEAE7741E0020F2
:10A650000748084A084908B5121A04F0CEFA074814
:10A66000074A0849BDE80840121A04F0C6BA00BFFC
:10A67000C0040020940800203C3F0100B8040020E2
:10A68000C0040020343F0100024B1868984208BF04
:10A69000002070470C070020034B1B680BB9FDF727
:10A6A00003B80020704700BFA41E002030B570B171
:10A6B0000B4B5B6898420AD0036843B1D3E904218D
:10A6C000D0E90445121941EB0501C3E90421D0E9A1
:10A6D000003213605A600023C0E9003330BD00BF70
:10A6E0000C070020B3F1FF3F08BFB2F1FF3FF8B500
:10A6F00004461D4616465AD08160EFF31187202389
:10A7000083F31288BFF36F8F013275F1FF3321DAC3
:10A710002C49D1E900206FF001039B1A4FF0FF3262
:10A7200062EB00009E1B60EB0500012E70F1000340
:10A7300001DA01260020C4E90460FFF7A5FF224EDC
:10A7400084467068BCF1000F0DD1C4E9006004605C
:10A7500074601CE0FFF7A0FF013645F100053618D4
:10A7600045EBE070E7E7DCE90425D4E904319342E6
:10A7700071EB050E1CDAD21ADCF8043065EB01052A
:10A78000CCE90425C4E900C31C60CCF80440FFF701
:10A790007BFF844207D10D4B1C6824B904F0BCFB3D
:10A7A0002146FCF753FF87F31188BFF36F8FF8BD85
:10A7B0009B1A61EB05018445C4E90431C5D0DCF87E
:10A7C00000C0BFE7801300200C070020A41E00205B
:10A7D0002DE9F047EFF31185202383F31288BFF3AF
:10A7E0006F8FDFF8A090DFF8A080C9F80000FFF7B6
:10A7F0004BFF00260027D9F80030D8E900ECD91724
:10A8000050B1D0E90442A34271EB020A1ADAE41A09
:10A8100062EB0102C0E9044213EB0E034CEB0101B1
:10A820000024C8E90031C9F8004004F075FB214656
:10A83000FCF70CFF85F31188BFF36F8FBDE8F0477D
:10A84000FFF794BE14EB0E024CEBE473C0E904670F
:10A85000C8E90023FFF72AFF85F31188BFF36F8F44
:10A8600083689847EFF31185202383F31288BFF3A1
:10A870006F8FD9F800301B1BC9F80030FFF704FFB9
:10A88000B9E700BFA41E00208013002010B5EFF32D
:10A890001184202383F31288BFF36F8FFFF7FCFE30
:10A8A000054A0346D2E90001181841EBE37184F32D
:10A8B0001188BFF36F8F10BD80130020F8B50446D8
:10A8C000EFF31187202383F31288BFF36F8F0268A1
:10A8D00022B187F31188BFF36F8FF8BDD0E90A3634
:10A8E000581C46F10001022871F1000127D3012B09
:10A8F00076F10001BCBF012316465D1E46F1FF360E
:10A9000004F048FB013041F10001401946EB010120
:10A91000012871F100013ADB04F03CFB013041F108
:10A9200000016FF00102401946EB0103121A4FF0CB
:10A93000FF3161EB030318492046FFF7D3FE236B79
:10A9400001332363236A6BB187F31188BFF36F8FE1
:10A95000236A20469847EFF31187202383F3128858
:10A96000BFF36F8F54F8185FA542B2D0002DB0D05E
:10A97000284604F031FA0023C5F8B03087F3118877
:10A98000BFF36F8F2846BDE8F84004F016BA6FF0A9
:10A9900001024FF0FF33CEE7BDA800002DE9F041E2
:10A9A00005461C4690461F46EFF31186202383F38D
:10A9B0001288BFF36F8FB4F1FF3F08BFB2F1FF3FC2
:10A9C00005D186F31188BFF36F8FBDE8F081531C6A
:10A9D00074F1FF3309DB012A74F10003BCBF0122CB
:10A9E000002412F1FF3844F1FF37284604F0ADFA95
:10A9F000DDE906010023C5E90A012B63034942464C
:10AA00003B462846FFF76EFEDBE700BFBDA800000F
:10AA10002DE9F74F1D46274B9F68012387F86030CB
:10AA200087F8613052EA050316460CBF0123002364
:10AA300007F16002804604F074FB8146EFF3118B4E
:10AA40004FF0200A8AF31288BFF36F8F97F86040A7
:10AA50004CB901465A46404604F00BFB8BF3118873
:10AA6000BFF36F8F0BE0002387F8603056EA0503D1
:10AA700009D18BF31188BFF36F8F6FF00A04204662
:10AA800003B0BDE8F08FCDE900650B4A0B4859468D
:10AA9000FFF7D8FA0446EFF311858AF31288BFF363
:10AAA0006F8F2A464946404604F0E3FA85F3118841
:10AAB000D6E700BF741E002014070020F6200020F7
:10AAC00038B50346EFF31185202282F31288BFF3D5
:10AAD0006F8FC160012181600068834206D185F3D8
:10AAE0001188BFF36F8F0024204638BDD0E90032B3
:10AAF00013605A600023C0E9003304F079FB294653
:10AB000004460248FFF718FBEEE700BFF6200020DE
:10AB10000A460146014804F0E7BB00BF18080020C0
:10AB2000014BC0F8A43070471808002038B5064C17
:10AB3000064DAC4201D3002038BDD4E901122046B5
:10AB400004F0F0FB1434F4E7180800202C0800206F
:10AB50001FB5094A92E8030002AB83E803004FF4F3
:10AB600080620093054906484FF0FF3300F00AF970
:10AB7000002005B05DF804FB90FB0000804600203B
:10AB8000881300202DE9FF414F4E04462027EFF3A4
:10AB9000118887F31288BFF36F8FD4F8B850F5B9D6
:10ABA000022104F1D00004F022FC002868D004F156
:10ABB000C80500220121284604F08BF90028F8D1AD
:10ABC000002302934FF0FF324FF0FF33CDE9002313
:10ABD000414604F1C0023D48FFF760FCD7E7D4F8D6
:10ABE000BC202B68C4F8B830954208BFC4F8BC300C
:10ABF000D4F8D03043F00203C4F8D030EB6823F02F
:10AC0000040343F00103EB606B6888F31188BFF322
:10AC10006F8F28469847EFF3118887F31288BFF3A8
:10AC20006F8FEB68D80623F0010236D4EA60EB6838
:10AC30009A0716D5306823F00203EB6088B10368E9
:10AC4000002170B14268954235D1036869BB7268D2
:10AC50003360824200D17360002340F8083BFEF766
:10AC600093FFD4F8D03023F00203C4F8D03088F337
:10AC70001188BFF36F8FDB0589D4FFF7D3FA86E71E
:10AC8000D4F8D030D9069BD5C4F8D00088F3118809
:10AC9000BFF36F8F04B0BDE8F08123F01103EB60C8
:10ACA00005F11000FEF770FFC1E70B607368834287
:10ACB00008BF7160D0E723B11A68014618461346F1
:10ACC000BFE71A46F9E700BFA81E0020F6200020C3
:10ACD000F8B5C3689A0704460F46C3F340062CD460
:10ACE0005B071AD40B680BB983680B60E368DD0758
:10ACF00044BFA3683B603D684CBF02260126002D7F
:10AD00003AD01F4B9B68AB420AD0D5F8D030D80759
:10AD1000C3F3800214D46FF0120600233B6025E0D9
:10AD200003F0F8FFD5F8D0300028F0D1D907C3F3ED
:10AD3000C002F0D552B15B0708D46FF00F06ECE704
:10AD4000002AFAD1C3F3C003002BF6D100232360FD
:10AD5000D5F8BC3063B9C5E92E44284604F052FB4F
:10AD6000E36843F00403E3603B68A3603046F8BD4A
:10AD70001C60C5F8BC40F0E76FF01506CDE700BFDA
:10AD8000741E0020F0B589B004460020C4E92E00EE
:10AD90000E9D04F1C000C4E9300004F1C800C4E90C
:10ADA00032004DB32879002840F2011008BF01207D
:10ADB000C4F8D00000204FF0FF364FF0FF37CDE948
:10ADC0000330CDE90100CDE906670C4B0094204625
:10ADD000FFF738F855B1296811B12046FEF764FF36
:10ADE0006B791BB1237B43F001032373204609B029
:10ADF000BDE8F040FFF79ABA0120D9E785AB000023
:10AE000010B50A4C23681BB101232360002010BD3C
:10AE100000F0EAF80028F7D00138062803D8044BE0
:10AE200053F8200010BD034810BD00BFB01E002025
:10AE30004C030100FE8FFFFFBFF34F8F0549064B08
:10AE4000CA6802F4E0621343CB60BFF34F8F00BFC8
:10AE5000FDE700BF00ED00E00400FA0510B4094B67
:10AE600009490A4C4FF0FE32C3F800244968C3F880
:10AE70000424C3F80824C3F80C240023C4F80035C4
:10AE800010BC084700B002501C07002000A0025070
:10AE9000D0E90012014BC3E9001270471C070020E3
:10AEA00010B5044650B1636813F0685F05D0064AD8
:10AEB000934202D000232360626010BD034B04481C
:10AEC0005B689847EFE700BF2C5F5CA91C07002078
:10AED00068030100C8B143680D4A934213D013F0D0
:10AEE000685F0ED0012350E8002F194640E8001C8F
:10AEF0009CF0000FF7D1012AF5D0BFF35F8F00203F
:10AF0000704704487047044870476FF4E04070474A
:10AF10002C5F5CA9E98FFFFFEA8FFFFF80B14368D8
:10AF2000094A93420AD013F0685F05D0BFF35F8FE0
:10AF30000023036018467047044870470448704770
:10AF40006FF4E040704700BF2C5F5CA9E98FFFFF02
:10AF5000EA8FFFFF10B5044620B1044B6360002266
:10AF6000226010BD0248FFF779FFF6E73A00003A89
:10AF70009003010070B5D0E90023174C174D6360B2
:10AF8000D0E90230C4E9023022604868D1F800C03C
:10AF9000134BC3E900C0D5F81801D1F808C0C3F8B5
:10AFA00008C010F0685FD1F80CC00969C3F80CC084
:10AFB000196110D00B49C5F8BC110023C5E9453112
:10AFC00005F58A70C5F8B8319047236805F5DC703F
:10AFD000BDE87040184770BD38070020C81E00202B
:10AFE000240700202C5F5CA938B500F02FF820B1B1
:10AFF000032400F063F8204638BD00F031F898B91A
:10B0000000F0ACF898B90F4DD5F828391B0EF02B8D
:10B0100008D1D5F8242A0C4B9A420AD0072400F014
:10B0200017F8E6E70624FAE70424204638BD002492
:10B03000F5E7012000F092F804460028F7D1C5F8A2
:10B040000C0AD8E700B002500000E0200020704752
:10B0500000207047014BC3F8040A704700B002504B
:10B0600010B5114800F048F800B110BD0F4800F0CD
:10B0700043F80028F9D10E4C204600F03DF8002896
:10B08000F3D10C4B0C481C6000F036F80146002848
:10B09000EBD100F02DF8044608B1204610BD00F0B9
:10B0A0003FF82046FAE700BF780700207407002029
:10B0B00070070020680700206C07002008B50848CA
:10B0C00000F024F8074800F021F8074800F01EF8C7
:10B0D000064800F01BF8BDE8084000F00BB800BFC0
:10B0E0007807002074070020700700206C070020FC
:10B0F00000207047704700BF08B5034B02681B680B
:10B1000010689847002008BD3807002008B5034B99
:10B1100002685B6810689847002008BD3807002067
:10B1200070B5094C094D2069AB68984718B1084BB8
:10B1300008485B689847084AEB682069002111605D
:10B14000BDE87040184700BF2407002038070020E2
:10B150001C070020B4030100C41E0020F8B51A4DDE
:10B160001A4E0446B26828699047E8B9184F3B6800
:10B170004CB1A3B1012B19D0013B3B602869F368A6
:10B1800098470020F8BD43B9124A0121C2F80015C2
:10B190001149D1F81029002AFBD101333B60F36833
:10B1A000286998470020F8BD0C48F8BD0A4AD2F833
:10B1B0001039002BFBD1074A6FF07E40C2F80035F2
:10B1C000FFF748FF3B68D7E7240700203807002037
:10B1D000C41E002000A0025000B00250E98FFFFF03
:10B1E0000CB430B589B005460C461C22002101A8DC
:10B1F00004F04AF902238DF806300E4B02930595B0
:10B2000023462CB1B4F1004F28BF4FF00043013B5F
:10B210001D440DAA0C99069501A8009200F072F841
:10B2200014B1059B00221A7009B0BDE8304002B08D
:10B23000704700BF09F60000242AF0B5044601D883
:10B24000012A40D104F0E8F92D4B16221A5001B121
:10B250000C600020F0BD2F463D4615F8010B20285C
:10B26000F9D0A0F10906042E0346F4D92B282CD0DE
:10B270002D282CD101267B78BD1C302B2DD1287890
:10B2800040F02000782824D132F0100021D16B78D2
:10B290002C46102202350020392B82BF03F1FF33E8
:10B2A00043F02003263B303B9A421AD9A0FB02040C
:10B2B0000CB9C01801D346F002062F462C4617F8E9
:10B2C000013B3D46E8E70746C6E70026D3E70026F0
:10B2D000D3E7002A08BF0822DDE7002A08BF0A22B8
:10B2E000D9E701B10C60F20748BF4042B307B1D5BE
:10B2F00004F092F9024B22221A504FF0FF30A9E7D6
:10B300000C0000002DE9F04F8DB043680293837864
:10B3100015469A07804640F10D8100240E78002ED4
:10B3200000F00A81252E0BD04B1C03930134029BA5
:10B330004146304698470028C0F2F6800399EDE771
:10B340004E788B1C252E0393F0D00027B946BB46C0
:10B35000BBF11F0F38D8A6F12003102B0AD8DFE865
:10B3600003F02A0909300909092109090928092DC9
:10B3700009091F00A6F13003092B33D92A2E37D132
:10B380001BF0400F55F8043B40F08280002BA7BF14
:10B390004BF0200B9946C3F100094BF0280B01E05C
:10B3A0004BF0010B039B13F8016B0393002ECFD1DD
:10B3B00030E04BF0020B4BF0040BF3E74BF0080BC3
:10B3C000F0E74BF0100BEDE7BBF17F0F19D8A6F1BA
:10B3D0003003092BD2D81BF0400F03D00A2101FB08
:10B3E0000737DFE70A2101FB09394BF0200BD9E7CA
:10B3F0002E2E06D11BF0400F40F09E804BF0400BEC
:10B40000D0E76C2E31D02BD8682E36D06A2E3CD0A7
:10B410004C2E3AD0002F46F02003B8BF2BF040024C
:10B42000A3F16501BCBF1FFA82FB0027022901D9E5
:10B43000612B2FD1073525F00705DFF8ACA20835C1
:10B4400007271BF0080F66D00AEB070B56465E4530
:10B4500063D1A4EB0A0A06EB0A02A9EB07096FE124
:10B46000742E9FD07A2E9DD0D4E71BF0800F18BF8A
:10B470004BF4007B4BF0800B94E71BF4807F18BFEC
:10B480004BF4007B4BF4807B8CE74BF4207B89E70B
:10B490001F4687E7A6F16301122900F2F080DFE87A
:10B4A00011F013004F00EE00EE00EE00EE004F0032
:10B4B000EE00EE00EE00EE00EE00FE00E900EE0011
:10B4C000EE001B00EE00AF0055F8043B8DF818307D
:10B4D00001270DF1180AB4E755F804AB834BBAF114
:10B4E000000F08BF9A461BF0400F14BF39464FF0BB
:10B4F000FF31504604F00FF80746A2E7029B414691
:10B500002020984700280FDB013EB742F6D34C4479
:10B51000A41BB14698E74E46F7E716F8010B029BCD
:10B5200041469847002892DA98F8023043F0040325
:10B5300088F802304FF0FF3420460DB0BDE8F08FA0
:10B540001BF0800F34D01BF4007F2CD0073525F082
:10B550000705AA4669685AF8080B2BF01005002960
:10B56000ADB237DA404261EB410145F480650DF13F
:10B57000180B0A235A4603F0F0FFA0EB0B030193CC
:10B580006B0662D5019B25F001019F4289B240F311
:10B59000A180002E00F0998015F0100240F09C80F0
:10B5A000BB460D4623E0AA465AF8040BC117D4E760
:10B5B000AA461BF4807F5AF8041B01D10846F5E720
:10B5C0001BF4007F15BF48B208B241F3C01141F32C
:10B5D000C031C2E750EA0103C9D11BF0400FC6D009
:10B5E000002FC4D12BF0110295B2BB46019740F257
:10B5F000064115EA01021CBF0BF1010B00222CE0F1
:10B600002BF010021FFA82FB0A231BF0800C49D09A
:10B610001BF400711DBF073525F00705AA46AA4691
:10B620001ABF5AF8080B69685AF8040B50EA01056A
:10B6300045D12BF016051BF0400FADB242D0002FC4
:10B6400040D12BF0170295B2019715F0100248D0A7
:10B65000019B002E42D103F1010B29075AD4EB07BD
:10B6600006D5D9456FDD0199A9EB0B035F18CB46D1
:10B670005B4649E04BF0100B10237826C5E7782B8A
:10B6800004D1C6F1780343F01003BEE7029B4146A4
:10B69000252098470028FFF647AF023447E60823E5
:10B6A0000026B2E7AA461BF480715AF8040BBDD0FD
:10B6B0001BF400711ABFC0B2614680B2B6E72BF02E
:10B6C000060295B20DF1180B54E725F01105ADB245
:10B6D000BB468CE70D46B8E73B460D4603F1020B2F
:10B6E000BBE7DDF804B082E72A3F0100233F0100F9
:10B6F000CDE904324146029B202098470028FFF6FE
:10B7000013AF049B059A01339945F1DCA4EB0B01BF
:10B71000CC189B460AB3029B41463020984700282C
:10B72000FFF602AF8EB901342744019B391B9942C1
:10B7300024DC1D465DBB019AA9EB0B09224455464A
:10B740001446914435E0019F92E702344146304669
:10B75000029B98470028E7DAE6E640F206410D42F0
:10B76000E2D015F0020F14BF2B20202015F4806FBB
:10B7700004F10104414618BF2D20E9E7029B414630
:10B7800030209847002804F10104CEDACCE606AB5D
:10B79000013D4146585D029B98470028CADAC3E63E
:10B7A000029B414620209847002804F10104FFF63F
:10B7B000BBAEA9EB0403002BF2DCBFE5704700F041
:10B7C000E3BF03F06DBB836800EBC101B3F5004F2D
:10B7D0002CBF51F8220031F81200704700EBC10174
:10B7E0008068B0F5004F2CBF41F8223021F81230AC
:10B7F000704708B50122FFF7E6FFD04008BD836817
:10B80000B3F5004F00EBC10108D34B681AB143F008
:10B8100001034B60704723F00103FAE74B881AB12C
:10B8200043F001034B80704723F00103FAE7530014
:10B830000122FFF7D3BF8368B3F5004F34BF042361
:10B840000823C91A081AC0087047B0F5004F34BF62
:10B8500004230823481C0833A0EBD300B0FA80F07F
:10B86000C0F11F0070472DE9F041174603220E4634
:10B870000446FFF7A8FF8642054607F104080AD1EF
:10B88000E3680122BA4023EA0203E360002344F89C
:10B890002830BDE8F081314602222046FFF793FFB1
:10B8A0002B460646014644F8285020460322FFF75F
:10B8B00095FF3346294620460222BDE8F041FFF7B6
:10B8C0008DBF70B50D4686680446FFF792FFB6F54A
:10B8D000004F014601D3012809D03046FFF7B5FFDC
:10B8E000294602462046BDE87040FFF7BCBF70BD48
:10B8F0002DE9F04705468068FFF7A7FF05EB800AB2
:10B900008846DAF810900646B9F1000F1BD00327DD
:10B91000DAF8104028462146FFF76BFF404507D371
:10B92000324621462846FFF79EFF2046BDE8F087B5
:10B93000032221462846FFF746FF013FCAF81000C0
:10B9400001D08145E4D1EB6801364FF0FF34B440BB
:10B950001C40EAD094FAA4F2B2FA82F2131D55F810
:10B960002340DEE72DE9F041144605460E46FFF779
:10B9700040FFA4EB0608371B0744424631462846E1
:10B98000FFF755FF3A4621462846FFF750FF43464A
:10B99000002221462846FFF721FF21462846FFF7CF
:10B9A00028FF3B46211800222846BDE8F041FFF75A
:10B9B00015BF2DE9F041164604460F46FFF719FF63
:10B9C000314605462046FFF714FF05442A4639460E
:10B9D0002046FFF72CFF31462046FFF70AFF2B4693
:10B9E000311800222046BDE8F041FFF7F7BE2DE9EF
:10B9F000F0410D4686680446FFF7FBFEB6F5004FA2
:10BA0000014601D3012832D03046FFF71EFF04EB78
:10BA100080010E6996B9E368012282401343E36016
:10BA200002220D612B4629462046FFF7D7FE03224E
:10BA300029462046BDE8F041FFF7D0BE022231463C
:10BA40002046FFF7C0FE2946034607462046FFF77B
:10BA5000C5FE0322334629462046FFF7BFFE39467E
:10BA60002B462046FFF7BAFE02223146E1E7BDE849
:10BA7000F081F8B50C460546FFF7BBFE26180122FB
:10BA800031462846FFF79FFEC3070CD431462846AF
:10BA9000FFF717FF21462846FFF7ABFE2146221885
:10BAA0002846FFF786FF002221462846FFF78BFE37
:10BAB000271A012239462846FFF785FE10EA0206BA
:10BAC00013D139462846FFF7FCFE21463246284668
:10BAD000FFF779FE2246211A2846FFF76AFF214622
:10BAE00032462846FFF76FFE241A21462846BDE855
:10BAF000F840FFF77CBF38B571B105682846FFF7FD
:10BB00009AFE0022044601462846FFF778FE2146A9
:10BB1000BDE83840FFF7ADBF38BD70B5066809B95C
:10BB2000002070BDB368B3EBD10FF9D9B3F5004F66
:10BB300034BF04230823CC1D1C44E40821463046AE
:10BB4000FFF7D6FE05460028EAD001463046FFF74B
:10BB500050FEA04209D92C44294630462246FFF720
:10BB600001FF21463046FFF742FF304601222946B9
:10BB7000FFF745FEB368B3F5004F34BF0423082335
:10BB800003EBC5031844CCE72DE9F84306681446D7
:10BB9000B26801F1FF39B2F5004F34BF0423082326
:10BBA00019EA01090F460BD0494239408B424F46F2
:10BBB00028BF0B46894654B900252846BDE8F883BE
:10BBC0009942F8D82146BDE8F843FFF7A6BFB2EB8B
:10BBD000D40FF1D9E11DB2F5004F394434BF04222E
:10BBE0000822C91A1144C9083046FFF781FE804671
:10BBF0000028E1D0B368B3F5004F34BF0423082315
:10BC000009EBC0051D4435447B1E1D44B5FBF7F50B
:10BC10007D43A5EB090529463046FFF70CFE2C4471
:10BC2000073424F00704A41B804507464FEAE404C8
:10BC300008D2024641463046FFF794FE4146304660
:10BC4000FFF7D5FE39463046FFF7D3FD384484422E
:10BC500008D2394630462246FFF784FE2146304658
:10BC6000FFF7C5FE012239463046FFF7C8FDA4E7BD
:10BC7000B2F5802F2CBF08230423D21A2DE9F041FE
:10BC80008C18CD1D25F0070524F00704641B002641
:10BC9000E40805602146AC60EE602046FFF7D5FD64
:10BCA000421D9200013002F107074FEAD707A2F1C7
:10BCB00010023146B8BF324605F1100003F0E4FB34
:10BCC0003A4631462846FFF7B2FD33463246314602
:10BCD0002846FFF783FDA4EB0708284631460122DA
:10BCE000FFF78DFD42463946FFF7A1FD3B46324640
:10BCF00039462846FFF772FD21462846FFF797FD93
:10BD00004346324621462846FFF768FD214628462D
:10BD10000122FFF774FD3946BDE8F041FFF767BE29
:10BD20002DE9F04706460D46174698462BB398F87E
:10BD3000004093F80190DB78A40004EB430498F8EA
:10BD400002301C4444444FF0000ACA4509D3D8F8D5
:10BD5000042008F1080339463046AC46BDE8F047F8
:10BD6000604714F8013B48F823402046F4F744FAB2
:10BD7000013004440AF1010AE7E76FF01500BDE85D
:10BD8000F08770B5002502462846144614F8013B9A
:10BD90000BB9184609E098B18D4207D1702B04D039
:10BDA000A3F140023A2A0BD8002070BDA3F140064F
:10BDB0003A2E05D853780135941C002BE9D0002089
:10BDC000252B08BF80F001002246DEE700207047E7
:10BDD0000FB407B504A951F8040B019100F047FC1A
:10BDE00003B05DF804EB04B0704710B50369024678
:10BDF00013F0080009D11368D4689C4297BF126AF7
:10BE0000E31AD31A01200B6010BD00231846FAE78D
:10BE100013B501A90446FFF7E8FF20B1019BE268D2
:10BE2000013B13440193206A019BC01A013802B000
:10BE300010BD10B5044650182269236AD20702D5F6
:10BE4000013B184010BD984228BFC01AFAE710B550
:10BE500004460A46C168FFF7ECFF2369E06023F05F
:10BE60000803236110BD38B50D46C2698B00016817
:10BE700043F0020342F82130044601682A46FFF7E6
:10BE8000D8FFE36861682060984202BF236943F0ED
:10BE9000080323612A462046FFF7CBFF606038BDC8
:10BEA0002DE9F74FC768C6699B4616F8273003F09F
:10BEB0000303022B04468846914606EB870A4FF09F
:10BEC000000309D01360CBF800302369990710D420
:10BED000002003B0BDE8F08F56F8271013608908E2
:10BEE000CBF80030F1D0FFF7B2FFE368A360012088
:10BEF000EFE7A3695046984716F82730DA0705465A
:10BF0000E6D513F002031DD0B8F1000F03D041466F
:10BF10002046FFF7A8FF61682A462046FFF789FF01
:10BF2000D4E902319942606004D12A462046FFF7E5
:10BF300080FFA060A3682360E360236943F00803E7
:10BF40002361D4E7014620460193FFF780FFE268B2
:10BF5000A260B8F1000F04D02168E269019B42F8A9
:10BF6000213005EB0802CBF8002021682046FFF7BE
:10BF700060FF2369206043F00803236116F827302F
:10BF80006FF3000306F82730C9F800A0AFE770B5DB
:10BF900004461546FFF74DFF2368834205D1236908
:10BFA000216023F00803236170BDE269AB0043F018
:10BFB000020342F82130204661682A46FFF739FF24
:10BFC0006060F1E738B503695B07044606D5456A4A
:10BFD000FFF71EFF85422CBF6562606238BD38B531
:10BFE0000D4604461C22002103F04EFAEB68A361C3
:10BFF000AB6863612B68E3616B6823620022626255
:10C000002A6923B1591E194208BF42F00102226178
:10C01000012204F128000021BDE8384002F06ABE88
:10C020002DE9F04F87B000250093036A03958B42FA
:10C0300004460E4692460595A94639D3EFF3118B77
:10C04000202383F31288BFF36F8F059AD8462AB155
:10C0500029462046FFF79BFF0023059304A92046AD
:10C06000FFF7C3FE0499B14207462AD32268E36969
:10C0700013F8221021F0030103F8221003EB8209C8
:10C08000216832462046FFF7D4FEE36820609842DC
:10C0900012D0002788F31188BFF36F8F039929B15D
:10C0A00062690AB12046904700230393002FC5D14F
:10C0B000484607B0BDE8F08F236943F008032361C9
:10C0C000E7E718B12046FFF7CEFEE3E7009B5AEA08
:10C0D00003021CD0019102F01DFE0199B8B9BBF119
:10C0E000000F14D187F31188BFF36F8F009B524666
:10C0F00004F12800FDF77CFDEFF31188202383F382
:10C100001288BFF36F8FB0FA80F77F09C2E705ABE3
:10C1100003AA20462568FFF7C3FE0746BAE770B5B5
:10C120000446836908460D4698470246EFF3118698
:10C13000202383F31288BFF36F8F2B7843F0010322
:10C140002B7061682046FFF774FE60602046FFF7A1
:10C1500039FF86F31188BFF36F8F70BD2DE9F04171
:10C1600004462027EFF3118687F31288BFF36F8F01
:10C17000236913F0080FA36802D16268934200D9C3
:10C18000226AE169D21A32B986F31188BFF36F8F40
:10C190004FF0000833E011F8232012F0030001EB08
:10C1A0008308F1D0022803D151F82350AD0805D1FE
:10C1B000D00712D4A369404698470546A1682A468D
:10C1C0002046FFF736FE2946A0602046FFF73FFED7
:10C1D00086F31188BFF36F8FC4E742F0020201F8C3
:10C1E00023204046A369A568984729460246204671
:10C1F000FFF71FFEA06086F31188BFF36F8F4046E4
:10C20000BDE8F081F8B50446836908460D469847B5
:10C210000646EFF31187202383F31288BFF36F8F55
:10C220002B786FF300032B7023699B0705D5E26819
:10C23000E36903EB82039D421AD12B786FF341032C
:10C240002B70D4E90231994204D132462046FFF7DF
:10C25000F0FDA06031462046FFF7F9FD87F3118815
:10C26000BFF36F8F04F12800BDE8F840FDF78CBCE8
:10C270002B6860F39F032B60F0E7EFF3118120231D
:10C2800083F31288BFF36F8F036913F0080F83687D
:10C2900002D14268934200D9026AD31A81F311880D
:10C2A000BFF36F8F181E18BF01207047038B13F068
:10C2B000070305D10368002B0CBF00200320704743
:10C2C000022B05D1408BB0FA80F040098000704706
:10C2D000012B05D10368002B0CBF002005207047FF
:10C2E0000020704710B50C4600B111B96FF0150071
:10C2F00010BD081D00F093F80028F9D1A368032BA6
:10C30000F6D9F3E72DE9F0410D4607461946281DF9
:10C3100090461E4600F097F8044638B13346424630
:10C3200029463846A446BDE8F0416047BDE8F081A3
:10C3300010B4EFF31182202484F31288BFF36F8FBF
:10C34000416110BC0121F4F7F3BF38B50C46054636
:10C3500058B151B10B6843B14B6833B11C22002175
:10C3600003F092F82C61002038BD6FF01500FBE758
:10C3700070B505460E46FFF7B5FF041E14DBEFF35C
:10C380001182202383F31288BFF36F8F6B8B2C8B6A
:10C390004FF6FF718B4204F0070407D182F3118836
:10C3A000BFF36F8F6FF00A04204670BD022C0CD1D2
:10C3B00001336B8382F31188BFF36F8F0023224612
:10C3C00031462846FFF79EFFEEE7062C14D8DFE83B
:10C3D00004F004131313041A0400002333606B6881
:10C3E0003BB9C5E90066ACB902212846F4F7A0FFC5
:10C3F000DAE71E606E60F6E782F31188BFF36F8F95
:10C400006FF00404D0E782F31188BFF36F8F6FF0F1
:10C410008504C9E782F31188BFF36F8FC4E7034631
:10C4200040B1426802F00302022A06D0032A04D077
:10C43000012A05D06FF0150070471A68002AF9D05C
:10C4400000209860704710B54268816002F00302D6
:10C45000022A03464FF0000407D0032A02D05C6092
:10C46000002001E018685C6010BD18685C6000285E
:10C47000F6D0FEF725FBF3E7F0B5C6684568C3695B
:10C48000AF1B04464069BB4298BFFF1AA5EB0000F2
:10C49000944698BFF6181A1AD81B2368AD1B62453C
:10C4A0002B4428BF62460B606368904228BF104649
:10C4B00003446360F0BDD0E90123D21A8A420CD351
:10C4C0001944C368C269C0E90111C91A8A4201D975
:10C4D000002070471344C360FAE76FF015007047FF
:10C4E0002DE9F34180460E46154600272A4601A94C
:10C4F0004046FFF7C1FF314604460246019802F06C
:10C500009BFF2D1B2744264401D0002CEED1394639
:10C510004046FFF7D0FF384602B0BDE8F081F0B5E5
:10C52000044686690569C069A368AF1BB842944692
:10C5300098BF3618A3EB05022368A5EB060598BF44
:10C540003F1A2B446245A0EB070028BF62460B60F0
:10C550002369904228BF104603442361F0BDD0E90F
:10C560000423D21A8A420CD31944D0E90632C0E916
:10C570000411C91A8A4201D900207047134483610B
:10C58000FAE76FF0150070472DE9F34180460D463C
:10C5900016460027324601A94046FFF7C0FF044671
:10C5A0002DB102460199284602F046FF2544361B6C
:10C5B000274401D0002CEDD139464046FFF7CFFF8C
:10C5C000384602B0BDE8F08170470301DBB243EAB0
:10C5D00010108210830002F0330203F0CC031343E7
:10C5E00058105B0003F0AA0300F055001843704791
:10C5F00010B40C7914F0010F06D08979C90801FB39
:10C600000200C05C10BC7047A40704D5497901FB47
:10C610000300805CF6E710BCF4F798BF08461146AB
:10C620001A4612B2012309B2F4F7B2BF03785B07CE
:10C630005FBF03684288C3F34A2303EB12105DBF58
:10C64000173020F007008008002070470020704756
:10C6500002F01DB80346BFF35B8F53E8000F421C86
:10C6600043E800210029F8D1BFF35B8F70471FB565
:10C670000023CDE90201CDE900331A4619461846D8
:10C68000F5F796FD05B05DF804FB0120F5F73CBA1F
:10C690000020704718B140680079F5F74BBC4FF0A7
:10C6A000FF30FAE710B543685B79044613B1002107
:10C6B000F5F79EFC636800225A7110BD70B5D2E98F
:10C6C00001369B1B8B420C4615460AD313680A465B
:10C6D0000146981902F0B0FEAB682344AB602046D7
:10C6E00070BD6FF01B00FBE770B50E46154619468E
:10C6F000044618B9BDE87040F5F706BA33B1C2F385
:10C700004A231030120D184402F096FEC4E9005678
:10C710002046BDE87040F5F7B3BB2DE9F3415F1C3F
:10C720004FEA8708064608F1170020F00700800846
:10C730000C461546F5F75EFA0023ADF805308DF886
:10C7400007308DF8047068B10346019A43F8102F42
:10C75000A8F104012A46294452F8045B43F8045F17
:10C760008A42F9D1A20102F4E07242EA482222F0A0
:10C770007F4222F47002002322F03F02314602B0D1
:10C78000BDE8F041FFF7B0BF07B50123019201AA50
:10C79000FFF7C3FF03B05DF804FB07B5CDE9002345
:10C7A00002236A46FFF7B9FF03B05DF804FBF8B552
:10C7B00006460D4614461F4604B9F8BD21462846D4
:10C7C0003A46B047241A0544F6E710B54268816836
:10C7D0000446D2E900230068FFF7E9FF63680022FE
:10C7E0001A6010BD38B54B681A68CB689A42054686
:10C7F0000C4602D10846FFF7E8FF6368BFF35B8F82
:10C8000053E8002F511C43E800100028F8D1BFF373
:10C810005B8FA3689D54002038BD0A2838B50446B4
:10C820000D4602D10D20FFF7DDFF29462046FFF718
:10C83000D9FF002038BD2DE9F043054687B00846F2
:10C840000E8891F80090D1F808800C461746F5F74D
:10C8500007FD011EC6F38216C9F3C2091EDB484656
:10C86000F5F720FB03462146608851F8102B01960E
:10C87000C2F34A22002A01EB0204C0F30B1008BFE6
:10C8800000210022CDE90407CDE9021400924146BF
:10C890002846F5F711FD07B0BDE8F0830023E2E775
:10C8A00003785B075FBF03684288C3F34A2303EB47
:10C8B00012105DBF173020F007008008002070477D
:10C8C00083689B6903B11847704708B543681973BB
:10C8D00011B11868FFF7F4FF002008BD10B54068DB
:10C8E00030301C46FFF750FE2060002010BD10B510
:10C8F000406850F8984B02F0A0FB2046FFF7E0FF9D
:10C90000A3685B6A0BB120469847002010BD2DE953
:10C91000F04145681E462B7B0C46174693B101EB50
:10C920000208A04507D13760D5E9013101209847B9
:10C930000020BDE8F081286814F8011B83685B685B
:10C940009847EEE705F11000FFF7CAFD05F1D003A7
:10C9500030600121BFF35B8F53E8002F43E80010E4
:10C960000028F9D1BFF35B8F002AE1D128688368E2
:10C970005B69002BDCD09847DAE78268002382F8F5
:10C9800056308268A2F852308268A2F85030704760
:10C9900010B50346BFF35B8F53E8000F40EA010276
:10C9A00043E80024002CF7D1BFF35B8F10BD10B516
:10C9B0000346BFF35B8F53E8000F00EA010243E830
:10C9C0000024002CF7D1BFF35B8F10BDFDF714B826
:10C9D00073B50901856801F51F71044616460D44BB
:10C9E00001AA6946284602F07AFC009B23B128463A
:10C9F00002F072FC2046B04702B070BD0EB403B521
:10CA000003AA52F8041B0192F7F758FA02B05DF836
:10CA100004EB03B0704708B510B1F3F7EDFB80B23B
:10CA200008BD8B6820B903F51F700021FEF748B8D8
:10CA300003F52B70F9E700F51E7019B14FF4006192
:10CA4000FFF7A6BF6FF40061FFF7B1BF00F51E70DE
:10CA500011B10421FFF79CBF6FF00401FFF7A7BFDE
:10CA600008B500F51D7029B10121FFF791FF00F015
:10CA7000010008BD6FF00101FFF799FFF7E7FDF72F
:10CA800033B873B5002304460093204600F03DFC04
:10CA9000E06900F090FE05462046A668F7F716FC10
:10CAA000A368B3F8503006F51F7623B14FF4F67043
:10CAB000002102F0F5F901AA6946304602F00FFCA8
:10CAC00015B1009B002BE0D002B070BD10B583689B
:10CAD0001A7D012A044629D1D3F87822510408D5B9
:10CAE000D3F87422520704D40146DA6CC06900F00E
:10CAF00008FEA0684FF0FF324FF0FF3300F543709F
:10CB0000FFF764FF08212046F7F7C8FA6069F6F7D7
:10CB100029FB2046F6F7E6FC204600F0F8FCA0686A
:10CB200000F54370FFF7ABFF002010BD6FF08500EC
:10CB3000FBE7F8B5044680681F46037D022B0D46CF
:10CB4000164607D0BDE8F8404FF4805100F51E703E
:10CB5000FFF71EBF4FF0FF324FF0FF3300F5437079
:10CB6000FFF734FFA368D3F87822100508D49A6C35
:10CB700032B9D3F87432990602D5204600F0C5FBCD
:10CB80003B4632462946204600F021FCA368D3F8F4
:10CB90007822120508D49A6C32B9D3F874329B0605
:10CBA00002D52046F7F792FB606900F08FF8A06885
:10CBB000BDE8F84000F54370FFF761BF0CB407B55E
:10CBC00004AB53F8042B0193FFF7B3FF03B05DF8F8
:10CBD00004EB02B070470EB403B503AB082153F861
:10CBE000042B0193FFF7A5FF02B05DF804EB03B03F
:10CBF00070470EB403B503AB032153F8042B019324
:10CC0000FFF797FF02B05DF804EB03B070470EB476
:10CC100003B503AB012153F8042B0193FFF789FF00
:10CC200002B05DF804EB03B07047F8B505460F4657
:10CC3000D1B10846FFF7EFFE0646A8684FF424720C
:10CC4000002300F54370FFF7C1FE044618B16FF0F2
:10CC50000F042046F8BD731C142BA86800D836B901
:10CC600000F54370FFF70BFF6FF01504F1E739464D
:10CC7000F3F7BAFAAB6883F83C60A86800F5437034
:10CC8000FFF7FDFEE5E710B5044680684FF0FF3280
:10CC90004FF0FF3300F54370FFF798FE2046F6F79C
:10CCA00027FAA068BDE8104000F54370FFF7E7BE23
:10CCB00018B18368D3F8240370476FF015007047EC
:10CCC0008368996409B9FFF758BE704710B50269C7
:10CCD0008368126801680446C06898472369002287
:10CCE0001A6010BD38B5CB681B7C022B05460C467C
:10CCF00004D10A2802D10D20FFF7F4FF236922682E
:10CD00001B68D554226913680133136023691A68BC
:10CD100063689A4202D12046FFF7D8FF002038BD51
:10CD200008B510B1F3F768FA80B208BD10B5047BFE
:10CD3000438922442144B2FBF3F003FB1022B1FBF0
:10CD4000F3F003FB1010101A10BD10B5047B4389DB
:10CD500021441019B1FBF3F1B0FBF3F0401A10BD00
:10CD600030B5057B43892944B1FBF3F403FB14116F
:10CD700001312A4401340180B2FBF3F103FB11229B
:10CD8000848001324C1CC480428030BD2DE9F74FB5
:10CD9000002607468846144699460660B246237820
:10CDA000002B00F0BF80202B3AD0093B042B37D951
:10CDB0003B685A1C3A6048F823403B684B4500F0FA
:10CDC000B18000262278002AE9D0A6B9164623466B
:10CDD0001C46272E04D05C2E25D0222E40F09680B3
:10CDE0002046FFF79DFF611C0246204602F032FB01
:10CDF0002278002AD3D0B242A34604F1010420D104
:10CE00005846FFF78DFF21460246584602F022FBA6
:10CE10009BF800605C46002ED9D1C0E70026BEE733
:10CE200004F801ABBBE72046FFF77AFF651C02461A
:10CE30002946204602F00EFB66782C46002EC8D10B
:10CE4000ADE75C2A9BF80120D3D1B242104608D14D
:10CE50005846FFF765FF21460246584602F0FAFAA7
:10CE6000B0E7302A25D1022300251BF80300A0F1EA
:10CE70003001C9B2072919D8ED000133EDB2052BF5
:10CE800045EA0105F1D1591E5944584601930091D4
:10CE9000FFF746FF019B0099023BC21A584602F079
:10CEA000D9FA9BF801208BF80050A2E7DBB2022BE5
:10CEB000E9D1782825D1022100251BF80130A3F102
:10CEC0003000C0B2092808D82D01EDB2054302296F
:10CED00001D00423D7E70321EFE7A3F16100052880
:10CEE00005D82D01EDB2573B1D43EDB2EFE7A3F19D
:10CEF0004100052803D82D01EDB2373BF4E70229A4
:10CF000002D10BF1010474E70323BCE7202E85D086
:10CF1000093E042E82D96678631C002E7FF458AF38
:10CF20001C463CE7304603B0BDE8F08FF8B50E462E
:10CF300011460746154602F0FAFA0446E0B12846C3
:10CF4000FFF7EEFEA742054607D214F8013C202B5E
:10CF500002BF0135ADB204F1FF342046FFF7E0FE19
:10CF60003388421C5B1B521B33806119204692B2EE
:10CF7000BDE8F84002F06EBAF8BD2DE9F0410F4669
:10CF800086B01646044670B1034601AC00F11005A8
:10CF900018685968224603C20833AB421446F7D1D9
:10CFA0001868106001AC4FF0000841463246204638
:10CFB000F6F798FF08F10108054628B129683846B8
:10CFC000F3F708F90028F0D1284606B0BDE8F08153
:10CFD0002DE9F0471C46DDF820809DF824900023C1
:10CFE0000F46164623602368BB4205461BD256F8FF
:10CFF000230000F0ECFD2368824618B10133236062
:10D000002846F0E756F8231042462846FFF7B5FFBA
:10D0100048B123685A1C2260B9F1000FE3D0804563
:10D02000E1D1236055462846BDE8F087F8B50746AC
:10D03000FFF776FE054638BBF8BD54B18AB2AA1A8E
:10D04000013001323944384402F004FA2C1BA5B2F5
:10D050000024334698B26A1E9042EDDA3A5C202AE8
:10D0600003F1010602D0093A042AF2D8B1B28BB218
:10D070009D42EED97B5C202B02D0093B042BDCD8EF
:10D080000134A4B20131F2E700231C46E2E7F8B50F
:10D09000846894F8563006462BB9B368B3F850202C
:10D0A000A3F85220F8BD04F15600B4F85030C2186D
:10D0B00012F8012C202A1CD0093A042A19D900227E
:10D0C000C25413461D460133425D202A9BB200EB39
:10D0D0000501F7D0093A042AF4D9002DDDD0B4F8BF
:10D0E00050707A1C521B7F1B02F0B4F9A4F85070E8
:10D0F000D3E7013B9BB2A4F85030002BD5D184F884
:10D100005630CAE70EB403B503AA52F8041B0192C5
:10D11000F6F7D4FE02B05DF804EB03B0704710B52B
:10D120000446F3F769F8B4F8503013FA80F038B1D8
:10D13000638FB0FBF3F203FB1200B0FA80F04009FA
:10D1400010BD38B584682046F3F756F8D4F8745209
:10D15000B4F85230C5F3400580B205FB0300638F7D
:10D16000B0FBF3F203FB1200B0FA80F0400938BDC7
:10D1700010B50446FFF7E5FF18B9A068FFF7CFFF29
:10D1800020B16069BDE81040F6F71ABF10BDF8B5D0
:10D1900084680546B4F85020B4F8521004F1300009
:10D1A000FFF7DEFDA868A78EE68EFFF7B8FF10B187
:10D1B0006869F6F705FFB74207D1218E638E2846CE
:10D1C000C91ABDE8F840F6F717BFE18EA38E2846CE
:10D1D000C91AF6F7FBFEF0E7F8B5044680680D467D
:10D1E000B0F85210B0F8502030300D44FFF7B8FDC1
:10D1F000A068ADB2B0F852102A463030FFF7A5FD56
:10D200000746A0682A46B0F852103030FFF78EFD6E
:10D21000794206462046F6F7D9FE31462046F6F713
:10D22000EBFEA368A3F85250F8BD2DE9F0410C1EA7
:10D23000064636DA644224B24FF0FF35A4B2AFB2EC
:10D2400016E0B368B3F852C0B3F8508003F1560E3D
:10D250006146002281B96B1C02D0B8F1000F0FD1DA
:10D26000A1EB0C0109B23046FFF7B6FF013CA4B2B6
:10D27000002CE6D1BDE8F081884501D1012DEFD029
:10D280001EF8013023F020004138192807D9303B1F
:10D29000092B04D9002AE3D1394489B2DAE7012203
:10D2A000FAE70125CAE78368B3F85210494209B288
:10D2B000FFF792BF8368B3F85010B3F85230C91A21
:10D2C00009B2FFF789BF8368B3F852301BB14FF042
:10D2D000FF31FFF781BF70478368B3F85220B3F87E
:10D2E00050309A4202D20121FFF776BF7047826820
:10D2F000B2F85210A2F850108368B3F852201344C9
:10D30000002283F85620F6F74FBE10B50446806819
:10D31000B0F85020B0F852103030FFF721FDA3686C
:10D32000198E2046C1F10101F6F766FEA368998EB9
:10D3300020460139F6F74AFE2046BDE81040F6F7D0
:10D3400033BE2DE9F041054686B00F46144600264F
:10D35000A4B906B0BDE8F081D3F878229207FBD5D6
:10D36000BFF35B8F03F51E7353E8001F21F002012A
:10D3700043E80012002AF7D1BFF35B8F68680368A7
:10D380002246D3F80C80B9196B46C047009A164460
:10D39000A41A002ADCD1AB68197D0329EED002293A
:10D3A000DAD803F52B73012101A801F067FF4FF0D4
:10D3B000FF324FF0FF33012101A8FDF729FBA868D8
:10D3C00000F52B7001F088FFD8E7FFF7BABFF7B57B
:10D3D0001E4683681546D3F87422D206044613D538
:10D3E00093F83E208A420FD0DB8FADF80430F6F779
:10D3F00055FE606932462946F6F760FD01A92046D0
:10D40000F6F76CFE03B0F0BD60693246294603B002
:10D41000BDE8F040F6F752BD0CB407B504AB53F8C5
:10D42000042B0193FFF7D3FF03B05DF804EB02B0C8
:10D4300070472DE9F0418768B7F85060B318FF2BAB
:10D4400005468846144626DCB7F85230F61A56339D
:10D450001F44B6B232463946381901F0FBFF224666
:10D460004146384601F0E8FFAA68B2F8503023443C
:10D47000A2F85030AB68B3F850201344002283F870
:10D480005620AB68D3F87412890706D4B3F852203B
:10D490001444A3F85240BDE8F08131462846BDE867
:10D4A000F041F6F79DBEFFF7C4BF38B5054680686A
:10D4B000B0F85220B0F85040A41AA4B29CB1563231
:10D4C0001044411C224601F0C5FFAA68B2F8503052
:10D4D000013BA2F85030611E28460122BDE83840C9
:10D4E00089B2F6F77DBE38BD10B58368B3F8502019
:10D4F00004465AB1B3F8523043B14FF0FF31FFF751
:10D500006BFE2046BDE81040FFF7CFBF10BD70B5E1
:10D5100092B00023054601934FF47A74686803685B
:10D5200040221E6902A901ABB047019B13B108B9A3
:10D53000013CF3D112B070BDF8B5C3695E695F6894
:10D5400083683046D3F87452FEF708FEC5F3001521
:10D55000044650B1014605F10E023846FFF76BF95B
:10D5600030462146FEF74EFE0120F8BD43681B6899
:10D57000D3E90632BFF35B8F53E800CF8C4443E816
:10D5800000C00028F8D1BFF35B8F9368BFF35B8FB7
:10D5900053E8000F084443E80002002AF8D1BFF323
:10D5A0005B8F70472DE9F04743681E68F369B268E6
:10D5B000D3F81480D2F874429A68D3F804901279A0
:10D5C000012A07460D46C4F3001403D0032A4FD0A6
:10D5D000BDE8F087D8680B7859075EBF2B68C3F3A6
:10D5E0004A246B8840F2E7314FF0000A58BF04EB41
:10D5F00013144FF4004C8E46514658BF1734E0FBCD
:10D600000CE158BF24F007044FF47A724FF0000386
:10D61000704654BFA4080024F2F7C2FD02460B4630
:10D6200040462146FEF7FCFC814628B938460121D8
:10D63000BDE8F047FFF79ABF012CF7D929460268E9
:10D6400051F8043BC3F39D0363F39F0240F8042B9E
:10D65000621E920001F0F0FE40464946FEF75FFD73
:10D66000B06800F523705146BDE8F047FDF728BAD1
:10D670003046FFF74AFE01F04DFB04F10E07044669
:10D6800000B3EFF31184202383F31288BFF36F8F6D
:10D69000B368D3F878321A051ED53A46294648466B
:10D6A000FFF7C9F8B368D3F878321B0502D43046C7
:10D6B000F6F70CFE01F02EFB90B184F31188BFF356
:10D6C0006F8F85E7B06800F543704FF0FF324FF081
:10D6D000FF33FCF791F9DBE73046FFF716FEDCE796
:10D6E000B06800F54370BDE8F047FCF7FDB910B530
:10D6F00013460C460A4601461846FFF766FE2046CA
:10D7000010BD70B504460D461646D0E90410FEF76C
:10D7100066FC324620682946F4F782FC63685B6841
:10D720005D60A36800221A60A36801221A7170BDAF
:10D7300010B504460068FEF7B5FFA36802221A710F
:10D7400010BD10B543681C686068036801219B68C0
:10D75000984758BBE3699B6803221A71A368BFF31B
:10D760005B8F03F51E7353E8001F41F4005143E83B
:10D770000012002AF7D1BFF35B8FA068B0F85020E9
:10D78000B0F852103030FFF7EBFA4FF0FF3120467F
:10D79000F6F71CFCA368198E20464942F6F72CFCCC
:10D7A0002046FFF7C9FE0028FAD110BDE069BDE8A8
:10D7B0001040FFF7BDBF73B5036882685B681D68E2
:10D7C000AB68D3F87432BFF35B8F0446C3F3001326
:10D7D000002152E8006F42E800100028F9D1BFF3A1
:10D7E0005B8F26B14BB960683146F4F7CFFE28460F
:10D7F00002B0BDE87040FFF79FBEAB682846DB8FE4
:10D80000ADF804300121F6F749FC60683146F4F7C1
:10D81000BDFE01A92846F6F761FCE8E70EB403B5A2
:10D8200003AA52F8041B0192F6F748FB02B05DF818
:10D8300004EB03B070472DE9F843054690460E46C9
:10D84000002967D00024335D202B23D0093B042B13
:10D8500020D93046F2F7D0FCAB68598F80B2001B5C
:10D86000A1EB0803984206EB040915D948460027A6
:10D8700010F8012B202A06D0A2F1090CBCF1040FEC
:10D8800002D80A2A2DD03B4608EB0702914227D93D
:10D890000137EDE70134D6E74B460027B84214D0F4
:10D8A00013F8012B0A2A19D16869FFF70FFA4946C4
:10D8B0003A462846FFF745FD6869F6F71FFD013433
:10D8C000414628463C44F6F797FB68693119FFF753
:10D8D000A5FF6869BDE8F843F6F710BD0137DDE73D
:10D8E0001F466869FFF7F2F93A4649462846FFF7AE
:10D8F00028FD3C44335D202B02D0093B042B01D88A
:10D900000134F7E76869F6F7F9FC41462846F6F76F
:10D9100073FB9EE7BDE8F883002070478369002011
:10D92000186070470EB403B503AA52F8041B0192A5
:10D93000F6F7C4FA02B05DF804EB03B0704708B51F
:10D940000168FFF772F9002008BD8368BFF35B8FA1
:10D9500003F51D7353E8001F21F0200143E8001276
:10D96000002AF7D1BFF35B8F002070478368BFF3B5
:10D970005B8F03F51D7353E8001F41F0080143E876
:10D980000012002AF7D1BFF35B8F00207047836835
:10D99000BFF35B8F03F51D7353E8001F21F01001E7
:10D9A00043E80012002AF7D1BFF35B8F00207047D5
:10D9B0008368BFF35B8F03F51D7353E8001F21F0ED
:10D9C000080143E80012002AF7D1BFF35B8F002063
:10D9D00070478368BFF35B8F03F51D7353E8001F27
:10D9E00021F0020143E80012002AF7D1BFF35B8F58
:10D9F000002070478368BFF35B8F03F51D7353E806
:10DA0000001F41F0100143E80012002AF7D1BFF3D4
:10DA10005B8F002070478368BFF35B8F03F51D7336
:10DA200053E8001F41F0200143E80012002AF7D11B
:10DA3000BFF35B8F002070478368BFF35B8F03F5F4
:10DA40001D7353E8001F41F0020143E80012002A51
:10DA5000F7D1BFF35B8F0020704708B58368D3E927
:10DA600000210A6051600021C3E900111A895B8915
:10DA700000681A440C32FEF787FD012008BD002320
:10DA8000C3607047F8B51F460346164653F8044F67
:10DA90009C4202D100203880F8BDC568B1B9002D84
:10DAA000F8D0AC4202D10023C360F3E76C68C460D5
:10DAB000002CEFD0228904F10C01304601F0BCFCAF
:10DAC00023893B800022F2540120E5E7002DEED0AF
:10DAD0008368AB42E7D02C68E9E738B50446051DFA
:10DAE0006368AB4204D02046FFF7B7FF0028F7D1A8
:10DAF00038BD2DE9F04F02F10C050368C5F10009AE
:10DB0000DB6909F0030985B04D449D42044601914B
:10DB1000174610D80023C3606AB1466800F1040AB2
:10DB2000B2450BD05EB13389934208D106F10C00A7
:10DB300001F0B2FC18B905B0BDE8F08F1E464FF0F9
:10DB40000008236819699A68914201BFC3E90288F5
:10DB5000C3E90588C3F80480C3F8108020682A460A
:10DB600003A9FEF789FC854283461ED920682A4610
:10DB700003A9FEF781FC854218D172895A4472814B
:10DB8000AB44039D01992F813A46A5F80A9005F10F
:10DB90000C0001F051FC6268C5E9002A556020685C
:10DBA00065605946FEF787FCC5E7EAD0206800218A
:10DBB000FEF781FC63689A45C3D02046FFF74DFF0E
:10DBC000BFE7031DC0E901330023C360704710B5F0
:10DBD000044628B1F2F710FB002380B2984201D826
:10DBE000002010BDE25C3F2A03D02A2A01D0013375
:10DBF000F4E70120F5E710B5044680684FF4807221
:10DC0000002100F5AB7001F03FFCA068B0F8502097
:10DC100000F1560100F5AB7001F00EFCA06800F5B4
:10DC2000AB70FFF703FAA46804F5AB70F2F7E4FAFF
:10DC30000130A4F8540010BD10B504468068B0F857
:10DC4000542000F5AB71563001F0F6FBA368B3F831
:10DC50005420A3F8502010BDFEE701460068F6F7F7
:10DC6000DBBE08B5F6F748FFBDE80840F6F768BF29
:10DC70000A460121FEF788BD00210120F6F7CCBE3F
:10DC800061B662B680F31188BFF36F8F704772B6CA
:10DC9000002383F31188BFF36F8FBFF34F8F30BF23
:10DCA00062B6BFF36F8F704772B6002383F311889B
:10DCB000BFF36F8FBFF34F8F20BF80F31188BFF387
:10DCC0006F8F62B67047202809D9B0F1004F08D88D
:10DCD0000138B0FA80F0C0F11F0040007047082002
:10DCE00070473E20704708B5D1E9043198470020BD
:10DCF00008BD08B5F7F72CFD002008BD0B0704D5BB
:10DD0000A0F14103192B98BF203070472DE9F04F47
:10DD100085B08A4615460293044600283ED0002965
:10DD20003CD0002B00F00C810A46A046294618F88A
:10DD3000010BFFF7E3FF0346C0B23F281778064602
:10DD400027D013F0C00F0BD1C8B12A2837D02946ED
:10DD50003846FFF7D3FF864202F101022DD01DE0C5
:10DD60005B287AD05C28F2D1EB07F0D46078FFF71B
:10DD7000C5FF10F0FF0618BF04F10208E7E7EC0644
:10DD800001D52F2F02D0381E18BF012005B0BDE8E5
:10DD9000F08F1FB12F2F03D1A8070DD50120F5E774
:10DDA0002E2F09D1690707D55245F7D0AB0703D508
:10DDB00012F8013C2F2BF1D001324446B5E76078D0
:10DDC000FFF79CFFC1B22A2918D02E2F09D16F0767
:10DDD00007D55245E2D0AE0703D512F8013C2F2BF0
:10DDE000DCD079B915F00200D0D0ED0600F1AA80A0
:10DDF0002F21104601F060FB0038C5E718F8010F2D
:10DE00002946DDE72F2908D1AC0706D5104601F0D9
:10DE100053FB02460028D0D1C0E7029B164603F10F
:10DE2000FF3925F0040A05F00207B34629469BF89E
:10DE30000000FFF763FF10F0FF0406F10106ADD00C
:10DE40004B46524659464046FFF760FF01289DD198
:10DE50002F2CEAD1002FE8D098E7002F9ED02F2F4B
:10DE600001D1A8079AD43846FFF748FF6378212BE1
:10DE7000814601D05E2B1DD10234012314F8010B21
:10DE800001932946FFF73AFFC6B25D2E15D04FF039
:10DE9000000B2F2E48D05C2E07D1EB0708D414F8C6
:10DEA000010B2946FFF72AFFC6B2002E3FF476AFDA
:10DEB000234605E044460023E0E723464FF0000BED
:10DEC00021782D2937D1607803932946FFF716FF73
:10DED00010F0FF00039B18D05D2816D05C2804F1D9
:10DEE00002030CD115F0010F09D1E31CA0780393B4
:10DEF000FFF704FF10F0FF003FF450AF039B4E45C7
:10DF000003DC4845A8BF4FF0010B1C46294614F816
:10DF1000010BFFF7F3FEC6B25D2EBAD1019B5B4544
:10DF20003FF43CAF611C03D15B2F7FF437AF444615
:10DF30000132A04641E74E4508BF4FF0010BE4E730
:10DF4000032023E7084621E74023FFF7DFBE0369EC
:10DF5000C9B20C2201FB0233186C00F007007047B5
:10DF600070B5C9B20369EFF31185202484F31288D8
:10DF7000BFF36F8F0C2606FB0134246C14F0C00431
:10DF800008D0A24206D085F31188BFF36F8F4FF0FF
:10DF9000FF3070BD71430B4401221A6485F3118870
:10DFA000BFF36F8F43680B445B6898470020F0E72E
:10DFB0008022FFF7D5BFF8B5069F0469C9B2EFF319
:10DFC0001186202585F31288BFF36F8F0C256943D6
:10DFD0000C44256C05F0070CBCF1010F0BD1276434
:10DFE00086F31188BFF36F8FC4E90E2343685B5833
:10DFF00098470020F8BD05F0C005AF4286F31188B0
:10E00000BFF36F8F0CBF6FF077004FF0FF30F1E779
:10E0100013B580240094FFF7CEFF02B010BD10B4FA
:10E020000069CBB21C2403FB0400002110BC104784
:10E030000020F9F709BD002000F047BB1046FBF7B0
:10E04000A3BD43685B68D3F810350B6000207047B0
:10E0500043685B6802EA010021EA0201C3F808058F
:10E06000C3F80C150020704743685B680020C3F8B4
:10E070000815704743685B680020C3F80C157047AB
:10E0800043685A68D2F8043521EA03000B40C2F80D
:10E090000805C2F80C350020704710B503695868B0
:10E0A000F8B1884219D19C6808685860A14200D133
:10E0B0009860002008602AB15A680A609A6859601E
:10E0C00002B99960002010E0814206D10868206002
:10E0D00098688142EDD19C60EBE704460068002817
:10E0E000F2D1002AE8D16FF0150010BD30B54368B9
:10E0F0001360057A446804EBC504A34202D36FF0B1
:10E10000010030BD5C798C4201D00833F0E700207B
:10E11000F7E743681B68D3F88004C3F880047047AE
:10E1200042681368D3F8100150B1D2690020127808
:10E130000A70C3F81001D3F8102101221A60704749
:10E140004FF0FF307047002A0FDD42681368D3F8A4
:10E15000100158B10020C3F81001D269D3F81001A2
:10E1600012780A700120186070470020704710B5BF
:10E17000436819680369EFF31182202080F3128845
:10E18000BFF36F8F1868002484731B680120D87355
:10E190004FF48003C1F8043382F31188BFF36F8F0B
:10E1A00010BD03691A68012191731B680022DA739C
:10E1B0007047026911680346C87B40B15B681B6801
:10E1C000D3F8580118B100230B6113689889704780
:10E1D00043681B68D3F81001003818BF012070474E
:10E1E00043681B681022C3F80423704743681B6808
:10E1F0001022C3F80823704743681B684FF400726D
:10E20000C3F80423704743681B684FF40072C3F8D7
:10E210000823704738B543681D68D5F804335B029E
:10E22000044605D4D5F8040310F0100006D138BD1B
:10E23000FFF7BFFF0028F5D00120F8E72046FFF7E1
:10E24000C7FF003818BF0120F1E7012070470369BC
:10E25000186801601B685A60704702680346D2F86C
:10E26000580140B95B68DB0706D4D2F820010038BA
:10E2700018BF012070470120704710B4436802693D
:10E280001B68D3F80413C90517D5D3F82011A1B121
:10E29000EFF31181202484F31288BFF36F8FD3F83A
:10E2A000204134B10024C3F82041D3F82041012497
:10E2B000DC6081F31188BFF36F8F1168D3F8584188
:10E2C00071B17CB100240C611168C97B19B94FF49C
:10E2D0008001C3F8081311688C7B1CB100238B7379
:10E2E00010BC7047D3F8241121B10021C3F82411C8
:10E2F000D3F8243112681368002BF1D0516810BC98
:10E3000018472DE9F041066933689C89BFF35B8F9C
:10E3100094420546A8BF14461033012753E8002F46
:10E32000002A03D143E800700028F7D1BFF35B8FC8
:10E330000CBF3B4600232BD133682246986801F07E
:10E340007BF8EFF31188202383F31288BFF36F8FDC
:10E3500069680846FFF781FF326840B910610446DA
:10E3600088F31188BFF36F8F2046BDE8F0810B68FA
:10E370009268C3F844250022C3F84845C3F8202119
:10E38000D3F82011C3F85821D3F858219F60E7E74C
:10E390001C46E9E7FEF7F8B9002201210420F6F750
:10E3A00093BF10B50B6813B91360184605E00368F6
:10E3B0005C681CB114600368186810BD0833036002
:10E3C0000B68013B0B60EDE703460A4600681979CC
:10E3D000012303FA01F103691B68194218BF82F097
:10E3E000010212B18368DB68184783681B69FBE789
:10E3F00010B5036804464BB19A683AB1186900F049
:10E40000CAFB206800210830FFF7DEFFA36933B99B
:10E41000636004F11000BDE81040FBF7B5BB10BD10
:10E4200010B5006903688B4206D190F87C4034B97E
:10E43000FFF7DEFF204610BD6FF01500FBE76FF021
:10E440000F00F8E710B5046994F84C3043B9216423
:10E4500004F12800FBF798FB002384F87C3010BD02
:10E46000636C3BB122689288D20701D501B9216F54
:10E47000A26C984723689B8813F40053ECD1636027
:10E4800004F11000E6E71FB5079C0294069C019476
:10E4900001240094F8F7B4F804B010BD1FB50024AF
:10E4A000CDE901440094F8F7ABF804B010BDF8B51D
:10E4B0000C46054600F09CF90022214606462846F7
:10E4C000F9F70EFE03212046F8F7E2FA00F0DFF834
:10E4D00007462B689B5953B100262146284600F079
:10E4E00085F920460121F8F7D3FA3046F8BD00F04F
:10E4F000CEF8C01B0628ECD96FF07306EDE7FEF7E7
:10E5000043B9002201212F20F6F7DEBE10B50B68BB
:10E5100013B91360184605E003685C681CB1146009
:10E520000368186810BD083303600B68013B0B607B
:10E53000EDE713B5002101AA0446FFF7D7FD002837
:10E5400005DB019B226819791868F7F765FD02B0B1
:10E5500010BD03460A4600681979012303FA01F148
:10E5600003691B68194218BF82F0010212B1836867
:10E57000DB68184783681B69FBE710B50446006831
:10E58000D0B18368C3B149B101210830FFF7E1FF81
:10E5900023681869BDE8104000F0FDBA12B98388FD
:10E5A000DB0409D4006900F0F6FA20680021BDE818
:10E5B00010400830FFF7CDBF10BD10B5012200217B
:10E5C0000446FFF7DAFFA36933B9636004F1100072
:10E5D000BDE81040FBF7D8BA10BD10B5006903685C
:10E5E0008B4206D190F87C4034B9FFF7E6FF204615
:10E5F00010BD6FF01500FBE76FF00F00F8E738B5BE
:10E60000046994F84C3005466BB9216404F1280084
:10E61000FBF7BAFA002284F87C2028691146BDE88D
:10E620003840FFF7AABF636C43B122689288D207D3
:10E6300001D501B9216FA26C2846984723689B88B1
:10E6400013F40053E6D1636004F11000E0E71FB556
:10E65000079C0294069C019401240094F8F7DAFBCD
:10E6600004B010BD1FB50024CDE901440094F8F7B3
:10E67000D1FB04B010BD00F150039B009BB203F12D
:10E68000804303F5883300221A601B68704708B581
:10E69000F8F770FE08BDFCF7B3BB08B5F6F7D0F885
:10E6A000F6F7A4F9BDE80840FCF7AABB004700F064
:10E6B00072BAC00000F1804000F5F830C0F81015C3
:10E6C000C0F814257047F9F741BEF9F739B9F7B525
:10E6D000019001A8DDE9084716461D46F9F746FAFC
:10E6E000019BB6F1000C18BF4FF0010C00EB83004A
:10E6F0000B1E18BF0123002D43EA4C0314BF4FF03B
:10E700000C0C4FF0000C002C43EA0C0314BF4FF428
:10E71000E06C4FF0000C002F43EA0C03D0F8002708
:10E7200014BF4FF4403C4FF0000C43EA0C0322EAC4
:10E73000030301B109780EB13678760019430DB1A3
:10E740002D78AD0031430CB12478240229430FB158
:10E750003F783F040C433C43C0F8004703B0F0BD92
:10E760001FB50DF10F03019300238DF80F100093D7
:10E770001A461946FFF7ABFF05B05DF804FB08B574
:10E780000146F9F745FA40B10846F9F729FA00B20F
:10E79000800000F5807080B208BD4FF4BE70FBE7CA
:10E7A00038B5054608460C46F9F732FAB0B10846C6
:10E7B000F9F722FA90B90846F9F712FA2A68012304
:10E7C0008340C2F808332A6803B202EB8303D3F80C
:10E7D000102522F00302C3F8102538BD2046002181
:10E7E000BDE83840FFF7BCBFF9F798BAFFF7D8BFCC
:10E7F0000846FFF7C4BF07B5019001A8F9F7ACFDC3
:10E80000019A01239340C0F8083503B05DF804FB7A
:10E8100007B5019001A8F9F79FFD019A01239340E4
:10E82000C0F80C3503B05DF804FB37B5D0F81835E7
:10E830008A69DBB28DF807300B6A93423EBF4A69A2
:10E840009DF80740D4540B6A91F824500C695A1C67
:10E850000A62023335B1A3428C6938BF0B619C4216
:10E8600088BF8B610D699D4205D9CA68D35CC0F829
:10E870001C3501200AE08C699C4201D9CB7FF6E768
:10E88000AA42F6D3A2422CBF0020012003B030BD23
:10E8900070B5A2F58074A408012606FA04F40546B2
:10E8A00014EA010008D0A85830B10021A950AA5894
:10E8B0001A6822431A60304670BD2DE9F3410023E7
:10E8C00004460D460193904601AB4FF4A672FFF744
:10E8D000DFFF4FF4827229462046FFF7D9FF4FF43D
:10E8E0008C72074629462046FFF7D2FF064630B114
:10E8F000B8F1000F1DD017B1D4F83C353E4601AB3E
:10E900004FF4887229462046FFF7C2FF30B1B8F1B4
:10E91000000F03D016B90FB1D4F83C3501AB4FF45A
:10E92000907229462046FFF7B3FF019802B0BDE878
:10E93000F0814646E3E707B5019001A8F9F7E2FE4A
:10E94000019A01239340C0F8083503B05DF804FB39
:10E9500007B5019001A8F9F7D5FE019A012393406C
:10E96000C0F80C3503B05DF804FB08B5FAF7B8FA47
:10E97000002008BDEFF31180202383F31288BFF33A
:10E980006F8F704780F31188BFF36F8F7047F0B4BB
:10E9900003460A461979DB8800681343DC0287685E
:10E9A000066906D513F4402F03D0DA0748BF83F475
:10E9B0004023346801258D4023F48012DB074CBFCF
:10E9C0002C43AC4334603B68F0BC1847FDF7DCBE19
:10E9D00010B40A46014651F8040B83681C680023F2
:10E9E000A44610BC604703460A4600681979012313
:10E9F00003FA01F103691B68194218BF82F0010292
:10EA000012B18368DB68184783681B69FBE701461E
:10EA100040F2E73008B54FF47A72002300EBC130C2
:10EA20004914F1F7BDFBBDE8084000F039BAF7B56D
:10EA300004460126A06A94F82C500769836801A94E
:10EA40005B68984740B93A68019B06FA05F5534060
:10EA50002B4201D103B0F0BD0A20FFF7D8FFE9E750
:10EA600010B522210446FAF751FA2046F721FAF7A9
:10EA700075FA20462021FAF749FA2046BDE81040F1
:10EA8000FFF7D5BF10B522210446FAF73FFA20461A
:10EA9000FF21FAF763FA20462021FAF737FA2046D9
:10EAA000BDE81040FFF7C3BF2DE9F04104460F4613
:10EAB000442115461E46BDF81880FAF727FAC7F319
:10EAC000C7012046FAF74AFAC6F3C7012046FAF70B
:10EAD00045FA20464521FAF719FAE9B22046FAF735
:10EAE0003DFA290A2046FAF739FA5FFA88F12046FA
:10EAF000FAF734FA4FEA18212046BDE8F041FAF758
:10EB00002DBA70B504460E464E211546FAF7FEF9A9
:10EB1000C6F3C7012046FAF721FA20464F21FAF73B
:10EB2000F5F9E9B22046FAF719FA290A2046BDE8B4
:10EB30007040FAF713BA036901221A700020704777
:10EB400010B50B46446810220021184600F09CFCCA
:10EB5000228E0280628E428004224260027306226C
:10EB6000826010BD08B503691A7832B1002240688E
:10EB70001A705B781BB1FFF773FF002008BDFFF729
:10EB800081FFFAE7FDF700BE0429084601D0FAF735
:10EB900057BC0020704708B1F6F7E0BE70477047D9
:10EBA00040B1C368587810F001001EBF1878B0FA61
:10EBB00080F040097047EFF31183202383F312881C
:10EBC000BFF36F8FFEE710B5D0E9003433B90020F2
:10EBD000E268537843F00103537010BD2046984714
:10EBE0000028F4D00028B8BF4042E368FF28A8BF3F
:10EBF000FF201870ECE700F047BC00F01DBC704728
:10EC00004169836843EA010212F003020FD1C26036
:10EC10000269013A01FB023382689A4201D900205D
:10EC20007047C2681A604269C3609B1AF4E76FF0CC
:10EC30001500704710B5C0E904320023816083617C
:10EC40000446FFF7DDFF0028A8BFC4E9004410BD5B
:10EC50002DE9F04105460F46EFF31188202383F399
:10EC60001288BFF36F8FC668FEB90468A0421CD03B
:10EC7000DCB1D4E9003213605A60637BA66023F0F4
:10EC800002036373C4E9006604F1180000F05DF943
:10EC90002046C4F8B060676100F08FF8414605F186
:10ECA0000800BDE8F041FBF747BA3E60AB69EF6092
:10ECB000013BAB6188F31188BFF36F8FBDE8F08132
:10ECC00008B52024EFF3118384F31288BFF36F8F0C
:10ECD000FEF7DDFFF6E790F90E308B4201D0FBF72F
:10ECE000DDB90020704703460020C3E90200C3E9F4
:10ECF000003370475AB18A4209D300F11003C0E9CA
:10ED00000212C0E90000C0E90433002070476FF030
:10ED100015007047EFF30580003818BF01207047D9
:10ED20007830704710B500238B4202D11360002069
:10ED300010BDC45CAA2CF9D10133F5E70A46D0E92D
:10ED40002601FFF7EFBFD0E9003213605A600023BD
:10ED5000C0E90033704708B5FFF7F5FF437B23F0A8
:10ED6000020343730023836008BD38B504460D4693
:10ED7000FBF7F6F8637B43F002036373E5B1A5602C
:10ED80002B689D4209D16B68C4E900531C606C601C
:10ED900012E06A689A42F6D01B68002BF3D094F90F
:10EDA0000E2093F90E108A42F3D09142F1DD5A6899
:10EDB000C4E9003214605C6038BD10B5EFF3118413
:10EDC000202383F31288BFF36F8FFBF781F884F35E
:10EDD0001188BFF36F8F10BD08B5EFF311812022AA
:10EDE00082F31288BFF36F8F83680BB1FFF7B3FF15
:10EDF00081F31188BFF36F8F08BD10B50146EFF3A3
:10EE00001184202383F31288BFF36F8F437B13F0A9
:10EE1000280F0AD183680BB1FFF79DFF4B7B23F0CE
:10EE200004034B730846FBF753F884F31188BFF3D0
:10EE30006F8F10BD01211838FFF7DFBF08B50346FB
:10EE4000EFF31181202282F31288BFF36F8F0068E5
:10EE5000834207D008B1FFF77EFF81F31188BFF32B
:10EE60006F8F08BD0020F8E710B5FFF7B5FFBDE8CC
:10EE70001040183000F069B838B504680546AC4257
:10EE80004FF0000000D138BD002CFCD02046FFF729
:10EE9000EBFF2046FFF791FF2C680120A542F1E728
:10EEA00038B50C460546FBF701FAB4F1FF3F08BF41
:10EEB000B5F1FF3F1FBF47F6FF7300224FF47A7191
:10EEC000C0FB01321ABFD80B40EA42404FF0FF307E
:10EED00038BD38B5EFF31185202383F31288BFF3D3
:10EEE0006F8F0468A04213D0A4B1C4F8B01062615F
:10EEF0002046FFF730FF04F1180000F026F8204606
:10EF0000FAF7E6FF012085F31188BFF36F8F38BD54
:10EF10000020F8E72046F6E710B5FBF7B5FB0446FE
:10EF2000FBF7BAFB74B1D4E904321B1A62EBE0724E
:10EF3000B3F1004F72F1000104DA002AACBF1846A9
:10EF4000002010BD6FF00040FBE738B50246EFF33C
:10EF50001185202383F31288BFF36F8F036893B169
:10EF6000FBF792FB04461046FBF7A0FB844204D15A
:10EF7000FFF7D2FF0021F8F769FB002085F3118825
:10EF8000BFF36F8F38BD6FF01500F7E708B5FBF7DB
:10EF90007DFC08BDFBF77ABCB3F1FF3F08BFB2F1BF
:10EFA000FF3F70B504461D46164613D01A4315D0D0
:10EFB0006FF00102921B4FF0FF3363EB0501002954
:10EFC00004DAFBF763FC821941EB0501C4E9002177
:10EFD000204670BD4FF0FF321146F7E70022FBE7F5
:10EFE000B3F1FF3F08BFB2F1FF3FF8B50746164641
:10EFF0001C4610D054EA020311D0FBF747FCB04284
:10F000000A46A14103460AD2F31A64EB0204C7E997
:10F0100000343846F8BD4FF0FF331C46F7E70023B5
:10F02000FBE70023C0E9081200F11802C0E906223C
:10F03000C0E9003303634363704710B50446FFF72C
:10F0400084FFA8B9636A0BB12046984704F1180001
:10F05000FFF7F4FE60B1FFF7B0FEEFF3118020235D
:10F0600083F31288BFF36F8FBDE81040FBF776B8CB
:10F0700010BD1423F0B503FB010000244FF48B7680
:10F08000202701B9F0BD10F8073C40F80C4C03F004
:10F090003F03082BA0F1140C0CD826FA03F3DB076E
:10F0A00008D550F8143C2BB150F8105C2B605D6013
:10F0B00040E9054482F31188BFF36F8FEFF31182AB
:10F0C00087F31288BFF36F8F01396046D9E770B5B7
:10F0D000D0E90034984209D044B1A568EDB115F9E2
:10F0E000526C12F9525CB54208D007DDC1E9000448
:10F0F0002160416010E0A342F8D01B68002BF5D0DE
:10F100009A6862B112F9522CAA42F4D0F3DD5A681F
:10F11000C1E900321160596070BDAB7BFFDE937BAB
:10F12000FCE72DE9F84F00258B4614469A46014628
:10F130002E464FF020082F465D4502DB3046BDE8E5
:10F14000F88FEFF3118988F31288BFF36F8F4B7B31
:10F1500003F03F03013B072B0DD8DFE803F01D044C
:10F160000C090C0C0C230B699B6823B102231EE0D5
:10F170000B691B685BBBBAF1000F21D12378FBB18F
:10F180004B7B03F03F03013B072B27D8DFE803F05D
:10F19000292126212626262C0B699B68002BEAD0E4
:10F1A000012304E00B691B6A002BE4D01023CA681A
:10F1B0008F60C2F38630034363F39432CA602770D2
:10F1C00089F31188BFF36F8F01351431B4E704233D
:10F1D000EDE7086922461030FFF779FF8C600136B1
:10F1E000EEE708692246F7E7086922462430F3E78C
:10F1F0002DE9F041846805460E46ECB16378012B99
:10F2000025D114F8533C9A0714D5A4F16007384669
:10F21000FFF72AFE082E0CBF6FF0030300232365BF
:10F2200014F8533CDB0605D154F8483C13B9384672
:10F23000FFF7C3FD00232370EB68C3F38632164348
:10F24000002066F39433A860EB60BDE8F081022BE8
:10F25000F0D12378002BEDD054F8048CB8F1000FD6
:10F26000E8D004F11400FFF770FEA4F114070023A6
:10F27000E3623946404600F0CCF8DBE710B55205B2
:10F28000090201F47C5102F400120A43017B0024BC
:10F290000A43C0E90323846010BD10B50346EFF3B1
:10F2A0001184202282F31288BFF36F8F006883429B
:10F2B00008D0D0E9003213605A600023C0E900335F
:10F2C000FFF796FF84F31188BFF36F8F10BD002303
:10F2D000C0E9000083607047002383607047836843
:10F2E0000B60C368136070470432D3B5044608D27C
:10F2F00000260027CDE9006741F0040100F01AF86C
:10F3000010B9002002B0D0BD40F8044BFAE720B19C
:10F31000011F50F8040C00F04EB87047014604205D
:10F32000FBF7F6BB10B400F10C04C0E9034410BCB9
:10F33000FCF79EBC2DE9F04F89B0DDE91267054668
:10F340003B46914606A832460591FFF725FEDDE9CA
:10F35000063405F1140ACDE90234EFF311844FF0BD
:10F36000200888F31288BFF36F8F05F10C0B059905
:10F370004A462846FCF708FC30B184F31188BFF3F5
:10F380006F8F09B0BDE8F08F3E43F6D0DDE9022370
:10F3900006A8FFF725FEDDE906675A46CDE90067B6
:10F3A00021465046FAF74EFEEFF3118488F3128897
:10F3B000BFF36F8FDBE738B50446EFF311852023E9
:10F3C00083F31288BFF36F8FFCF795FB04F10C00F9
:10F3D000FFF752FD30B1294604F11400BDE8384072
:10F3E000FAF7AABE85F31188BFF36F8F38BD0268A4
:10F3F00001238B4022EA0303036022FA01F000F0AC
:10F400000100704720B100221146C030FFF761BDF6
:10F41000704713B501900846EFF31184202383F35E
:10F420001288BFF36F8F01A9FBF752FC84F3118898
:10F43000BFF36F8F02B010BD0A44914200F1FF3359
:10F4400000D1704710B511F8014B03F8014F9142FC
:10F45000F9D110BD884210B501EB020402D98442F3
:10F46000234607D8431EA14208D011F8012B03F808
:10F47000012FF8E7024401468A4200D110BD13F87B
:10F48000014D02F8014DF7E702440346934200D1D3
:10F49000704703F8011BF9E710B5013902449042A7
:10F4A00001D1002005E0037811F8014FA34201D0FB
:10F4B000181B10BD0130F2E7C9B20346184613F815
:10F4C000012B12B18A42F9D17047002918BF0020E0
:10F4D000704710B56AB10139841810F8012B11F882
:10F4E000013F9A4203D1A04201D0002AF5D1D01A9F
:10F4F00010BD1046FCE710B50139044632B111F8D1
:10F50000013F00F8013B013A002BF7D10021FFF742
:10F51000BBFF204610BD10B5024601448A42134687
:10F5200003D01C780132002CF8D1181A10BD0A78CB
:10F5300070B56AB970BD9A4209D10C46054614F8F7
:10F54000013F002BF6D015F8016F9E42F7D0013035
:10F550000378002BEFD11846ECE7F0B5C3F137077D
:10F560000446FFB203F01F031046082BE6B233D067
:10F57000102B3ED06508A40844EA817445EAC175A1
:10F580002D194FEA910242EB5102290941EA027119
:10F590006D1842EB1212290A41EA02616D1842EB22
:10F5A0001222290C41EA02416D1842EB1242AD18B9
:10F5B00042F10002EC0844EA4274D10804EB8402F0
:10F5C000A6EB4205EDB2092D0CD90134A5F10A05CF
:10F5D00041F10001EDB212E0E40844EA417406F0A2
:10F5E0000705C908303554EA010200F8015BBCD1B7
:10F5F000F0BD240944EA017406F00F050909092D3C
:10F6000084BFED19EDB2EDE7D1E9043293421EBF9C
:10F610005A1C0A6118707047014800687047000062
:10F62000641D0020B00BFF7F01000000195900008D
:10F6300000000000195A0000C4F600006BE9000049
:10F640000000000079990000000000002DAB0000D0
:10F6500000000000D95D0000F4F60000D95D000054
:10F66000DCF6000097E60000000000007162000078
:10F670000CF70000895C000000000000E974000045
:10F6800000000000C91900000000000079570000C8
:10F69000000000009BE600000000000051AB0000ED
:10F6A000000000009163000024F70000316B0000AF
:10F6B0003CF700006594000054F70000592F00004B
:10F6C0000000000029380100DC00010028F90000DA
:10F6D0007C070020A41D0020D00001005838010044
:10F6E00000010100ECF800007E070020F81D00205A
:10F6F000F40001006C38010024010100ECF8000066
:10F7000080070020041E002018010100A738010016
:10F710004801010044F9000082070020580500203C
:10F720003C010100873A01009801010010F9000036
:10F73000840700207C0500208C010100A63A01000E
:10F74000000201001CF9000086070020FC050020D3
:10F75000F0010100E83D010080020100B802010053
:10F7600088070020F220002074020100F17A0000D6
:10F77000ADE600000000000079DC00000CF700009E
:10F780007BE200000000000079DC0000C58600007C
:10F79000ADE600000000000079DC0000918100006F
:10F7A000ADE600000000000079DC00000000000071
:10F7B00079DC00000000000079DC0000000000009F
:10F7C00079DC00000000000079DC0000000000008F
:10F7D00079DC00000000000079DC0000000000007F
:10F7E00079DC00000000000079DC0000000000006F
:10F7F00079DC0000000000007975000000000000C6
:10F8000079DC00000000000079DC0000000000004E
:10F8100079DC00000000000079DC0000000000003E
:10F8200079DC00000000000079DC0000000000002E
:10F8300079DC00000000000079DC0000000000001E
:10F8400079DC00000000000079DC0000000000000E
:10F8500079DC00000000000079DC000000000000FE
:10F8600079DC00000000000079DC000000000000EE
:10F8700079DC00000000000079DC000000000000DE
:10F8800079DC00000000000079DC000000000000CE
:10F8900079DC00000000000079DC000000000000BE
:10F8A00079DC00000000000079DC000000000000AE
:10F8B00079DC00000000000079DC0000000000009E
:10F8C00079DC00000000000079DC0000000000008E
:10F8D00079DC00000000000079DC0000000000007E
:10F8E00079DC0000818D0000ADE600006D5E000057
:10F8F00043E0000051E0000069E0000075E0000016
:10F9000081E00000D95C00009BE0000000000000E6
:10F910009DE4000087E4000021E4000065E60000AB
:10F920004FE60000DBE50000715A0000B1DF000087
:10F9300011E00000000000004FDF000000000000A8
:10F940000000000021E10000BD61000013E10000A3
:10F9500003E3000047E100006FE10000A3E10000C5
:10F96000B3E10000E1E10000EDE10000B3E10000DF
:10F97000D1E10000F9E1000007E2000015E200001B
:10F980004BE200004FE200001D04010003000000F4
:10F99000AF21010003000000082201000300000065
:10F9A0004A3801000300000018380100030000007D
:10F9B00014220100030000001822010003000000CF
:10F9C000BC37010003000000DC3E01000300000022
:10F9D000112A010003000000172A010003000000A3
:10F9E0002538010003000000993A010003000000DF
:10F9F000C43A010003000000C23C01000300000003
:10FA0000F23D010003000000C307010003000000F5
:10FA1000BB3801000300000034FC000098140020F3
:10FA20002C2301000100000088FD00004018002088
:10FA30002B2A010000000000222A010000050020FE
:10FA4000C4140020D0040020020000000CFD0000BF
:10FA5000C014002020FD0000F4070020172A010038
:10FA6000900D002040240020F4FD000074FC0000F4
:10FA7000B4FC000074FD0000CCFD000060FC000040
:10FA800008FE0000B8FD0000A4FD0000E0FD00003D
:10FA90000000000000000000000000000000000066
:10FAA0000000000069230100702301000000000035
:10FAB0004927000000000000FE2401000825010085
:10FAC00000000000CD270000030000009F2301007C
:10FAD000A5230100000000006527000002000000CF
:10FAE000272501002E2501001CFB0000000000005E
:10FAF000000000002B24010032240100000000005F
:10FB0000A9040000010100008924010091240100E2
:10FB100000000000B5270000000000000000000009
:10FB200000000000000000000000000000000000D5
:10FB30001D260100222601000000000049280000C7
:10FB400000000000C3260100CA26010000000000DA
:10FB50003D2900000000000000000000000000003F
:10FB60000000000000000000000000002418010058
:10FB7000010C10207E0000003C0F0100010C102041
:10FB80007E000000D0070100010A10207E00000066
:10FB90001A3F0100000100001B5B4A00001B5B488C
:10FBA00000001B5B324A00001B5B4A00001B5B6DC0
:10FBB00000001B3700001B3800001B5B3F336C004C
:10FBC000001B5B4800001B5B324A00001B37000033
:10FBD0001B380000000000000000000000000000D2
:10FBE0000338FDD8704700005009002000010000D4
:10FBF0008BC600002DC600000200000037C80000C0
:10FC000000000000000000000000000000000000F4
:10FC10000C2301001423010000000000000000007C
:10FC2000000000001C230100202301002423010008
:10FC3000282301003526000029260000592600004F
:10FC400011260000000000001D260000000000003A
:10FC5000B5260000A01400208C2000201000000019
:10FC60003C2301004323010090FA00000000000043
:10FC700000000000192701002027010088FC000077
:10FC800000000000000000008CFC00001D260100A8
:10FC900030270100000000000D2A000000000000D5
:10FCA0000000000000000000000000000000000054
:10FCB00000000000AA280100B1280100C8FC0000D3
:10FCC000E52A000002020000CCFC000073290100BC
:10FCD0007829010000000000A92B000005020000A7
:10FCE000B0290100B529010000000000812E0000AC
:10FCF0000201000000000000000000000000000001
:10FD000000000000000000003A000000A1200020D8
:10FD10001E000000CBD3000038FA0000C804002009
:10FD200028FA00004CFD00002C18002064000000A0
:10FD300038FD0000EC170020480E00208000000075
:10FD400000000000A1C8000002000000EFD6000083
:10FD500034180020A12000201E000000912F000078
:10FD6000EFC80000CBC800000FC90000DDC80000CC
:10FD7000000000004A2D01000C2D010000000000D1
:10FD8000C53C000001000000A5D500006DD50000B5
:10FD900043D7000000000000000000000000000049
:10FDA000000000000B2E0100122E010000000000D8
:10FDB00001450000010000003C2E0100432E01001F
:10FDC0001CFE0000A145000001010000E82E01001A
:10FDD000F02E010000000000C144000001000000FE
:10FDE000012F0100072F010048FE00000000000065
:10FDF00000000000B13D01002D2F010000000000B7
:10FE00006D450000010000003B2F01003F2F010065
:10FE10000000000019D900000000000020FE0000D2
:10FE2000622F01006A2F010000000000254400003D
:10FE300001000000000000000000000000000000C1
:10FE400000000000000000004CFE0000AE2F01008A
:10FE5000B72F010000000000654400000100000011
:10FE6000D42F0100E32F0100ECFE00000000000091
:10FE700000000000933001009A3001002C000100C6
:10FE80000000000000000000B1300100B7300100A8
:10FE9000ECFF00000000000000000000CE30010078
:10FEA000D5300100ACFF00000000000000000000A1
:10FEB000E4300100E93001006CFF00001D45000046
:10FEC00001010000FC300100023101002CFF0000A4
:10FED0000000000000000000000000000000000022
:10FEE000000000000000000000000000F0FE000024
:10FEF000143101001E31010000000000B1D90000E2
:10FF000001000000563101005D31010000000000D9
:10FF10006DD900000100000000000000000000009A
:10FF200000000000000000000000000030FF0000A2
:10FF3000943101009A310100000000001DD9000039
:10FF400001000000C8310100CD31010000000000B7
:10FF5000514400000100000000000000000000000B
:10FF600000000000000000000000000070FF000022
:10FF7000992D0100F931010000000000D3D90000E3
:10FF8000010000008E240100383201000000000052
:10FF900039DA00000100000000000000000000004D
:10FFA000000000000000000000000000B0FF0000A2
:10FFB000992D01004B32010000000000B144000007
:10FFC000010000008E2401005B32010000000000EF
:10FFD0003FD9000001000000000000000000000008
:10FFE000000000000000000000000000F0FF000022
:10FFF000992D01006A320100000000004BD9000079
:020000040001F9
:10000000010000008E240100823201000000000087
:1000100017DA0000010000000000000000000000EE
:10002000000000000000000000000000300001009F
:10003000992D010099320100000000008FD90000C5
:10004000010000008E240100B13201000000000018
:10005000F5D90000010000000000000000000000D1
:100060000000000000000000000000000000000090
:1000700059DC000020050020180500201005002094
:100080000000000008050020594900004D4800000C
:10009000A148000001490000C00400200000000049
:1000A00000000B0602000000AC0001000000000090
:1000B0000938010026000207000000201138010065
:1000C00022000B11A159000071590000000000002E
:1000D000D40001000100000038380100F95A000086
:1000E000E55900003E38010031E0000037E0000033
:1000F00044380100F80001000100000066380100EA
:10010000FFFF00000003005000000000010000009D
:1001100000600040000000001C0101000100000020
:100120007A380100BCF801FF000000500000000018
:1001300000000000006000400000000040010100DD
:1001400001000000B538010000200040010000005F
:1001500000000000680101000000D601000000005E
:10016000C1200020C02000200020004074010100B8
:10017000010000007C0101000400000006000000F6
:1001800005000002080600010706000390010100B7
:1001900001000000943A010000400040000000000F
:1001A000000000FF00FF0000000000000000000150
:1001B0000100000099E30000C8010100FFFFFFFFFC
:1001C000000000000000000000400040D4010100D9
:1001D00001000000DC010100030000001F0000041A
:1001E0001E000005280000060000000000000000BE
:1001F000F401010002000000B33A0100B83A010026
:1002000000F00240000000000048E801000000008B
:100210000000000000000000FFFFFFFF0000FF00E3
:100220000000000000000000FFFFFFFF02000001CF
:100230000100000003E50000FFFF00004C02010088
:10024000FFFFFFFF000000000000000000F0024080
:1002500058020100010000006002010003000000DC
:100260002F0000042E0000062D000005DCF6000023
:100270000C0001007802010001000000C23C0100F6
:100280003CF7000000093D0006010000DCF600001C
:100290000C00010000000000DCF600000B00000074
:1002A000DCF6000003000000F4F600001E00000071
:1002B00090012C010100000037EB000065EB00000D
:1002C000D5920000000000000000000000000000C7
:1002D0000000000041EB000089EB0000000000007E
:1002E000883E0100963E0100AA3E0100B93E010091
:1002F000C53E01002CF600002CF600007CF6000044
:1003000084F60000C4F60000C4F60000E13E0100DF
:10031000010005000B3F010002000700E73E01005D
:1003200004000800F03E010008000400F53E010052
:1003300010000900FF3E010020000800083F0100F6
:1003400040000A00133F010080000600FF8FFFFFFE
:10035000FF8FFFFFFE8FFFFFFE8FFFFFFD8FFFFF71
:10036000FC8FFFFFFC8FFFFF6D757465785F667211
:1003700065652063616C6C65642077697468204EE4
:10038000554C4C20706172616D657465720000009F
:1003900043616E277420696E697469616C697A655E
:1003A000206D757465782C20776173204E554C4C08
:1003B0000D0A0000436F756C64206E6F74206C6FC3
:1003C000636B20706F7765722073617665206D7541
:1003D00074657800446973706C617920646576692E
:1003E0006365206E6F74207265616479004469737F
:1003F000706C6179206465766963652072656164FB
:100400007900446973706C61793A202564782564B9
:100410002C20666F726D61743A20256400617070E3
:10042000003D3D3D204449524543542050415254E3
:1004300049414C2052454652455348205445535457
:10044000203D3D3D005465737420726567696F6E91
:100450003A20783D25642C20793D25642C20773D79
:1004600025642C20683D256400427566666572200F
:1004700073697A653A20256420627974657320284F
:100480002564207820256429004661696C65642014
:10049000746F20616C6C6F63617465207465737434
:1004A000206275666665720057726974696E6720AE
:1004B000424C41434B2072656374616E676C6520EA
:1004C000746F20646973706C61792E2E2E004469FC
:1004D00073706C6179207772697465206661696CEC
:1004E00065643A202564005061727469616C2077FC
:1004F0007269746520636F6D706C657465642073D8
:1005000075636365737366756C6C79210043686508
:10051000636B206C6F677320666F72202750617267
:100520007469616C2073637265656E2075706461B7
:10053000746527207673202746756C6C2073637270
:1005400065656E20666C75736827005772697469FB
:100550006E672057484954452072656374616E6721
:100560006C6520746F20646973706C61792E2E2E17
:10057000003D3D3D205445535420434F4D504C4584
:100580005445203D3D3D003D3D3D204346422054E5
:100590004558542052454E444552494E47205445F3
:1005A0005354203D3D3D0043464220696E6974200E
:1005B0006661696C65643A2025640043464220699F
:1005C0006E697469616C697A6564207375636365CB
:1005D000737366756C6C790043464220666F6E7467
:1005E00020736574206661696C65643A2025640037
:1005F000437573746F6D20666F6E74202831307888
:10060000313629207365742073756363657373666F
:10061000756C6C7900446973706C617920636C65EA
:10062000617265640048656C6C6F20576F726C6412
:10063000210043464220546573742100452D5061CA
:1006400070657220446973706C617900436F756ED8
:100650007465723A202564005A6570687972205278
:10066000544F530053534431363833204472697623
:100670006572003430307833303020446973706CE8
:10068000617900437573746F6D20466F6E7420310D
:100690003078313600546F702052696768740042B8
:1006A0006F74746F6D204C6566740043656E74657D
:1006B0007200466F6E743A2031307831362070699E
:1006C00078656C73004346422074657874207265C7
:1006D0006E646572656420737563636573736675B4
:1006E0006C6C79003D3D3D20434642204D554C54B5
:1006F00049504C4520464F4E5453205445535420A6
:100700003D3D3D005573696E6720637573746F6D71
:1007100020666F6E74202831307831362900466F9C
:100720006E7420313A20437573746F6D20313078C8
:100730003136005573696E67204672656553616E88
:100740007320666F6E742028313278313629004666
:100750006F6E7420323A204672656553616E732065
:100760003132783136005573696E6720467265659F
:1007700053616E73426F6C6420666F6E7420283113
:10078000327831362900466F6E7420333A20467233
:10079000656553616E73426F6C6420313278313617
:1007A00000434642206D756C7469706C6520666FFD
:1007B0006E7473207465737420636F6D706C6574F0
:1007C000656400746573745F7061727469616C0054
:1007D0000000000000000000000000000000000019
:1007E0000000000000000000000000000000F81BF6
:1007F00038180000000000000000000000000000A9
:100800003800080000003800080000000000000266
:10081000401EE0077802401EE0077802400000001A
:1008200000000000000070108810FE7F0811080E04
:1008300000000000000070008810880C7003C00EDB
:1008400030110811000E000000000000000E7019A9
:100850008810C813700C001F00100000000000007A
:100860000000000000003800080000000000000048
:100870000000000000000000C00F70381860000089
:1008800000000000000000000000000000001860F0
:100890007038C00F000000000000000000001000D1
:1008A0009000D0003C00D00090001000000000003C
:1008B0000000000100010001E00F00010001000143
:1008C00000000000000000000000003800180000D8
:1008D0000000000000000000000000000002000214
:1008E0000002000200000000000000000000000004
:1008F00000000018001800000000000000000000C8
:1009000000000010000C0003C000300008000000D0
:10091000000000000000E007381C08100810381C18
:10092000E0070000000000000000000020001000B0
:10093000F81F000000000000000000000000101080
:10094000081C081608139811701000000000000021
:10095000000010100810881088105819700F00003F
:100960000000000000000006800560041004F81F6D
:1009700000040000000000000000F810881088103B
:1009800088108819080F0000000000000000C00750
:100990007019981088108819080F000000000000D6
:1009A000000008000810080E880368001800000006
:1009B000000000000000700ED81988108810581927
:1009C000700E0000000000000000F01098110811E7
:1009D0000819980EE003000000000000000000006D
:1009E0000000601860180000000000000000000017
:1009F00000000000000060386018000000000000E7
:100A00000000000000000001800280024004400459
:100A10002008000000000000000080028002800228
:100A20008002800280020000000000000000200818
:100A30004004400480028002000100000000000029
:100A4000000018000800081A8819D800700000007B
:100A50000000C00F3018882348244824C8231024DD
:100A6000E003000000000010000EC003380238024E
:100A7000C003000E00100000000000000000F81F7E
:100A80008810881088105819700F000000000000AE
:100A9000E007300C181808100810181000000000AB
:100AA000000000000000F81F081008101818300C93
:100AB000E0070000000000000000F81F8810881008
:100AC0008810881088100000000000000000F81F47
:100AD000880088008800880088000000000000006E
:100AE0000000E007300C181088108810881F0000E4
:100AF000000000000000F81F8000800080008000DF
:100B0000F81F000000000000000008100810F81F87
:100B10000810081000000000000000000000001095
:100B2000001000100018F80F000000000000000086
:100B3000F81F00018000400330061818081000005C
:100B4000000000000000F81F00100010001000104E
:100B50000010000000000000F81F70008007001C5B
:100B600080037000F81F0000000000000000F81F64
:100B70003000C0000003000CF81F0000000000005F
:100B80000000E007381C08100810381CE0070000BF
:100B9000000000000000F81F08010801080198018A
:100BA000F0000000000000000000E007381C081002
:100BB0000810386CE0C70000000000000000F81FBB
:100BC0000801080108039807F01800100000000051
:100BD00000007010D810881088110819180E000035
:100BE00000000000080008000800F81F08000800C6
:100BF00008000000000000000000F80F00180010BE
:100C000000100018F80F00000000080070008003BA
:100C1000001C001C80037000080000000000780029
:100C2000C01F000EC00180010006801F7800000078
:100C30000000081018086006C001C00360061818FC
:100C400008100000000008003800E000001FC0008D
:100C5000300008000000000000000000000008183C
:100C6000081E0813C81078101810000000000000BB
:100C7000000000000000F87F08400840000000006D
:100C800000000000000008003000C0000003000C5D
:100C900000100000000000000000000008400840B4
:100CA000F87F0000000000000000000000000001CC
:100CB000C00038003800C000000100000000004003
:100CC0000040004000400040004000400040000064
:100CD000000000000000000004000C0008000000FC
:100CE00000000000000000000000000E2013201192
:100CF00020116009C01F0000000000000000FC1F60
:100D00004008201020106018C00F000000000000F4
:100D100000008007C00820102010201020100000C4
:100D2000000000000000C00F6018201020104008D4
:100D3000FC1F000000000000000080076009201177
:100D400020116011C0190000000000000000200008
:100D50002000F81F240024002400000000000000F0
:100D60000000C07D209A208A208A208AE0C9207055
:100D7000000000000000FC1F400020002000600078
:100D8000C01F000000000000000000102010201014
:100D9000EC1F0010001000000000000000000080A8
:100DA0002080208020C0EC7F0000000000000000B8
:100DB0000000FC1F000200038006400C20180010F9
:100DC000000000000000001004100410FC1F0010C0
:100DD0000010000000000000E01F40002000C01FC5
:100DE00020002000C01F0000000000000000E01FE5
:100DF0004000200020006000C01F00000000000034
:100E00000000800760182010201060188007000084
:100E1000000000000000E0FF4008201020106018D3
:100E2000C00F0000000000000000C00F601820107C
:100E300020104008E0FF000000000000000000005B
:100E4000E01F400020002000200000000000000003
:100E50000000C0102011201120132012600E00008D
:100E600000000000000010001000FC07100810082F
:100E700010080000000000000000E00F0018001043
:100E800000100008E01F00000000000000006000EB
:100E9000C003001C001CC003600000000000E00351
:100EA000001C0007E000E000000F001CE003000051
:100EB0000000000000002010600C80078007600C1C
:100EC000201000000000000000006080C083007C53
:100ED000001CC0036000000000000000000020189B
:100EE000201C20162011E0106010000000000000FF
:100EF0000000000000010001F03E08400840000032
:100F0000000000000000000000000000FCFF0000E6
:100F10000000000000000000000008400840F03E13
:100F2000000100010000000000000000000080003F
:100F300080008000000100010001000000000000AE
:100F400000000000000000000000000000000000A1
:100F5000000000000000780CF80F00000000000006
:100F60000000000000000000000000000000380049
:100F70000000180038000000000000000000000021
:100F8000000000002001E007F8012007F00338010D
:100F900020000000000000000000000010027806A1
:100FA0004804FC1FC804980700000000000000006F
:100FB000000000006000D0009000F00C6003800092
:100FC000600618090009000F000000000000000F73
:100FD000F00DD808D80B700F000F000900000000BA
:100FE00000000000000038000000000000000000C9
:100FF0000000000000000000000000000001E01FF1
:101000003830080000000000000000000000000070
:101010000000000008003830E01F00000000000061
:101020000000000000000000000000001000600050
:101030003800500000000000000000000000000028
:1010400000000000000000020002C00F00020002C9
:101050000000000000000000000000000000002C64
:10106000001C000000000000000000000000000064
:10107000000000008001800180018001000000006C
:101080000000000000000000000000000000000C54
:10109000000C000000000000000000000000000044
:1010A00000000000000CC003380000000000000039
:1010B000000000000000000000000000C003F00F6E
:1010C00018081808700EF00700000000000000006B
:1010D00000000000000020002000F80FF80F0000C2
:1010E0000000000000000000000000000008300EBA
:1010F000180E180DF00DF00C0000000000000000AC
:10110000000000002006300E18089808F00D700747
:101110000000000000000000000000000003800349
:1011200060021802F80F000200000000000000003A
:10113000000000000004F80C9808D808D80D9807A3
:10114000000000000000000000000000C003F00FDD
:101150009808D808D80D9007000000000000000093
:101160000000000018001800180FD803F80038001D
:101170000000000000000000000000000007F00F69
:1011800098089808D00D70070000000000000000CB
:10119000000000006000F00D18091809F00EE007CB
:1011A00000000000000000000000000000006006D9
:1011B00060060000000000000000000000000000C9
:1011C0000000000000006016601E0000000000002B
:1011D0000000000000000000000000000003000309
:1011E000000780058004800C000000000000000063
:1011F0000000000000008005800580058005800556
:10120000000000000000000000000000C008800C8A
:1012100080048005000700030000000000000000BB
:1012200000000000000030001800180F980DF000BA
:101230006000000000000000000000000003E00E5D
:1012400030181017C8244824482488275004100454
:10125000E00300000008000EC007F8023802F003A7
:10126000C00F000E00000000000000000000F80F9A
:10127000F80F980C980C980CF00F20070000000055
:10128000000000000000F007300E180818081808C9
:10129000300E300600000000000000000000F80FD3
:1012A000F80F180C180C180CF00FE00300000000E9
:1012B000000000000000F80FF80F980C980C980C34
:1012C000980C000000000000000000000000F80F73
:1012D000F80F9800980098009800000000000000A7
:1012E000000000000000E007300E180C18089809F4
:1012F000980DB00F800F0000000000000000F80FF4
:10130000F80F800080008000F80FF80F0000000048
:10131000000000000000F80FF80F000000000000BF
:101320000000000000000000000000000006000EA9
:1013300000080008F80FF807000000000000000097
:10134000000000000000F80FF80FC000E0013007B7
:10135000180E080800000000000000000000F80F50
:10136000F80F000C000C000C000C00000000000046
:10137000000000000000F80FF80FF801000F000F48
:10138000F0031800F80F0000000000000000F80F44
:10139000F80F6000C0010007F80FF80F0000000010
:1013A000000000008000E007300E180C1808180834
:1013B000380CF007C0030000000000000000F80F28
:1013C000F80F980198019801F000600000000000FB
:1013D000000000000000E007300E180C1808180A82
:1013E000180EF00FE00B0000000000000000F80FE6
:1013F000F80F980198019801F80F700F0000000095
:10140000000000000002F00ED80C98089808980D13
:10141000B00F0002000000000000000018001800DB
:101420001800F80FF80F1800180000000000000066
:10143000000000000000F807F80F00080008000C8A
:10144000F80FF80700000000000000000800780016
:10145000E003000F000FE003780008000000000028
:10146000000000000800F800E00F000EE007380060
:10147000F801000F800FF801380000000000180C80
:10148000780FE003E003700F180C0808000000005C
:1014900000000000080018007000C00FC00FF0002E
:1014A000380008000000000000000000180C180EB2
:1014B000180FD80DF80C780C180C00000000000074
:1014C000000000000000F83F082008200000000095
:1014D000000000000000000000000000C001000E3D
:1014E00000000000000000000000000000000000FC
:1014F0000000000008200820F83F00000000000065
:101500000000000000000000000000000000C0001B
:10151000780008007800C000000000000000000013
:1015200000000000002000200020002000200020FB
:1015300000000000000000000000000000000400A7
:10154000000000000000000000000000000000009B
:10155000000000008006C00E60096009C00FC00FC7
:101560000000000000000000000000000000F80F74
:10157000C00C60086008C00F800700000000000079
:10158000000000000003C00F400C6008400CC004C5
:101590000000000000000000000000000003C00F79
:1015A000600C6008400CF80FF80F0000000000000D
:1015B000000000008003C00F60096009C00DC00575
:1015C0000000000000000000000000004000F00FDC
:1015D000F80F5800000000000000000000000000AC
:1015E000000000000003C02F606C6048406CC03FEA
:1015F0000000000000000000000000000000F80FE4
:10160000C00040006000C00F0000000000000000AB
:10161000000000000000D80F0000000000000000E3
:101620000000000000000000000000000060D87F03
:10163000D81F0000000000000000000000000000B3
:10164000000000000000F80F00038003C00F400CF2
:101650000000000000000000000000000000F80F83
:10166000000000000000000000000000000000007A
:10167000000000000000C00FC0006000E00FC00FBD
:1016800040006000E00FC00F000000000000C00F2D
:10169000C00040006000C00F800F0000000000008C
:1016A000000000000003C00F400C60086008C00F7D
:1016B0008007000000000000000000000000C07F64
:1016C000C00440086008C00F800700000000000050
:1016D000000000000003C00F600C6008400CC07FD9
:1016E000C07F000000000000000000000000C00FEC
:1016F000800040000000000000000000000000002A
:10170000000000000004C00D6009600BC00BC00E9B
:101710000000000000000000000000002000F807AA
:10172000F807200400000000000000000000000096
:10173000000000000000E007000600040006E007CB
:101740000000000000000000000000000000E000B9
:10175000C0070006E0036000000000000000000079
:10176000000000002000E0030007C0076000E00365
:101770000006E007600000000000000000002006F6
:10178000E003C0016007200400000000000000002A
:10179000000000002000E030C037001EE0036000C1
:1017A00000000000000000000000000020062007EC
:1017B000A005E00460042004000000000000000018
:1017C000000000000001F01FF83E082000000000AB
:1017D0000000000000000000000000000000F83FD2
:1017E00000000000000000000000000000000000F9
:1017F0000000000000000820F83F00030000000087
:1018000000000000000000000000000000000003D5
:1018100000010002000200020000000000000000C1
:1018200000000000000000000000000000000000B8
:101830000000000000000000000000000000F809A7
:101840007808000000000000000000000000000018
:101850000000000000003800000038000000000018
:101860000000000000000000000000000001200750
:10187000F8012005F003280120000000000000000E
:1018800000000000000378064404FC1FC804980709
:101890000000000000000000000000006000900058
:1018A0009000F00C0003C000200618090009000E8B
:1018B000000000000000000FF0088808500B200610
:1018C000000B0000000000000000000000003800D5
:1018D0000000000000000000000000000000000008
:1018E000000000000000E01F1020000000000000C9
:1018F0000000000000000000000000000040303048
:10190000C00F000000000000000000000000000008
:10191000000000000000500038001000000000002F
:1019200000000000000000000000000000000002B5
:101930000002C00F000200020000000000000000D2
:10194000000000000000001C00000000000000007B
:101950000000000000000000000000000000000186
:101960000001000000000000000000000000000076
:101970000000000000000004000000000000000063
:10198000000000000000000000000000C001300066
:101990000000000000000000000000000000000047
:1019A000000000000000F00F100808081008E00711
:1019B0000000000000000000000000000000200007
:1019C0002000F80F000000000000000000000000F0
:1019D000000000000008300E100B08099008F00805
:1019E0000000000000000000000000000000300CBB
:1019F0001008800890086007000000000000000048
:101A0000000000000002800340023002F80F0002D4
:101A10000000000000000000000000000000F80CC2
:101A20009808580898089807000000000000000077
:101A3000000000000000F00F9008880890083007B0
:101A4000000000000000000000000000000018007E
:101A5000180E980178001800000000000000000037
:101A6000000000000002700F9008880890086007CE
:101A70000000000000000000000000004000F00D29
:101A8000100908091009E00700000000000000002C
:101A900000000000000020042004000000000000FE
:101AA0000000000000000000000000000000201402
:101AB000200C0000000000000000000000000000FA
:101AC00000000000000000030005000580048008FD
:101AD0000000000000000000000000000000800284
:101AE00080028002800280020000000000000000EE
:101AF00000000000000080088004000500050003CD
:101B000000000000000000000000000000003000A5
:101B10000800080B880070000000000000000000B2
:101B2000000000000003C00C30181013C824482423
:101B30004824C82750041004E00300000008000FE8
:101B4000C00138013801E001000F0008000000006A
:101B5000000000000000F80F88088808880898082E
:101B6000700F000000000000000000000000E0070F
:101B7000100C080808080808100C200600000000D7
:101B8000000000000000F80F0808080808081808FE
:101B90003004E00300000000000000000000F80F27
:101BA0008808880888088808880800000000000065
:101BB000000000000000F80F8800880088008800FE
:101BC0000800000000000000000000000000E00726
:101BD000100C0808080888089808B006800F000054
:101BE000000000000000F80F8000800080008000EE
:101BF0008000F80F00000000000000000000F80F57
:101C000000000000000000000000000000000000D4
:101C1000000000000006000800080008F80F00009F
:101C20000000000000000000000000000000F80FAD
:101C30008001C000E0013002180C0808000000001C
:101C4000000000000000F80F00080008000800086D
:101C50000000000000000000000000000000F80F7D
:101C60003800C001000E000EC0013800F80F00005F
:101C7000000000000000F80F30006000800100024A
:101C8000000CF80F00000000000000008000E007DA
:101C9000100C08080808080818083006C0030000DF
:101CA000000000000000F80F88008800880088000D
:101CB000F000000000000000000000008000E007CD
:101CC000100C080808080808180C300EC0030000A3
:101CD000000000000000F80F8800880088008800DD
:101CE0009801700E00000000000000000000700667
:101CF000C808880888088809300F00000000000024
:101D000000000000080008000800F80F08000800A4
:101D10000800000000000000000000000000F807BC
:101D20000008000800080008000CF8070000000088
:101D30000000000008003800C001000E000CC003C5
:101D40007800080000000000000000000800F80013
:101D5000000F000EE0013800F0000007000EE00365
:101D6000380000000000180C3006C001C001300629
:101D7000180C00000000000000000000080018001F
:101D800060008001800F6000380008000000000043
:101D9000000000000008080C080B880948083808F3
:101DA0001808000000000000000000000000F87F9C
:101DB00008400000000000000000000000000000DB
:101DC00000000000C001000E000000000000000044
:101DD0000000000000000000000000000840F87F44
:101DE000F87F00000000000000000000000000007C
:101DF000000000000000E0001800700080000000FB
:101E00000000000000000000000000000020002092
:101E10000020002000200000000000000000000062
:101E2000000000000000080010000000000000009A
:101E3000000000000000000000000000000060073B
:101E40002005A004A004E00700000000000000003E
:101E5000000000000000F80F400840084008C007DC
:101E6000000000000000000000000000800160068B
:101E700020042004200440020000000000000000B4
:101E8000000000008003C00C400840084008F80F24
:101E90000000000000000000000000000000E0075B
:101EA000A004A004A004E002000000000000000064
:101EB000000000004000F00F48000000000000009B
:101EC000000000000000000000000000800160161B
:101ED000202420242014E00F000000000000000057
:101EE000000000000000F80F400040004000C00F5C
:101EF0000000000000000000000000000000D80FFB
:101F000000000000000000000000000000000000D1
:101F100000000000D83F00000000000000000000AA
:101F20000000000000000000000000000000F80FAA
:101F300000018003400C00080000000000000000C9
:101F4000000000000000F80F00000000000000008A
:101F50000000000000000000000000000000E0079A
:101F600020002000E007E00720002000E00700003C
:101F7000000000000000E007200020002000E00733
:101F80000000000000000000000000008001600769
:101F9000200420042004C003000000000000000012
:101FA000000000000000E03F200420042004E003C3
:101FB000000000000000000000000000800160063A
:101FC000200420042004E03F000000000000000086
:101FD000000000000000E0072000200000000000DA
:101FE0000000000000000000000000000002E00609
:101FF000A004A00420070002000000000000000070
:10200000000000002000F80720040000000000008D
:102010000000000000000000000000000000E007D9
:10202000000400040004E0070000000000000000BD
:10203000000000002000E00100060007E000200092
:102040000000000000000000000000002000C003AD
:102050000006E001600080070007E00000000000CB
:102060000000000000002006C001C00120060000A2
:102070000000000000000000000000002000E02040
:10208000001F0007E000000000000000000000004A
:1020900000000000000420062005E00460040000A9
:1020A0000000000000000000000000000000F03F01
:1020B00008400000000000000000000000000000D8
:1020C000000000000000F87F000000000000000099
:1020D0000000000000000000000000000840F83C84
:1020E00000030000000000000000000000000000ED
:1020F0000000000000004000400040008000C000E0
:1021000000000000000000000000000028756E7351
:1021100069676E6564292063686172202A2075737F
:10212000656420666F722025257020617267756D69
:10213000656E742E2049742773207265636F6D6D10
:10214000656E64656420746F2063617374206974C4
:1021500020746F20766F6964202A20626563617540
:102160007365206974206D617920636175736520E2
:102170006D69736265686176696F7220696E20634C
:1021800065727461696E20636F6E666967757261EE
:1021900074696F6E732E20537472696E673A2225CC
:1021A000732220617267756D656E743A25640063F1
:1021B000627072696E74665F7061636B61676500FF
:1021C000556E6B6E6F776E20666F6E7420747970CB
:1021D000650057726F6E6720666F6E742073697A40
:1021E0006500556E737570706F72746564206672E9
:1021F000616D6562756666657220636F6E6669679C
:1022000075726174696F6E00636662006C6F6767F8
:10221000696E67006C6F67006C6F675F6D676D74E8
:10222000004D65737361676520282225732229207C
:1022300064726F7070656420626563617573652098
:10224000697420657863656564732073697A6520B5
:102250006C696D69746174696F6E20282575290039
:102260004D6573736167652064726F70706564207B
:10227000626563617573652069742065786365655F
:1022800064732073697A65206C696D69746174691F
:102290006F6E2028257529000D0A001B5B306D002C
:1022A000257320005B2530386C755D20005B253080
:1022B00032753A253032753A253032752E25303355
:1022C000752C253033755D200025732F003C257358
:1022D0003E200025733A200025303278200020204F
:1022E00020007C00206D65737361676573206472E4
:1022F0006F70706564202D2D2D0D0A1B5B306D00F5
:102300001B5B313B33316D2D2D2D20001B5B313B91
:1023100033316D001B5B313B33336D0065727200EE
:1023200077726E00696E6600646267006C6F675F4B
:102330006261636B656E645F727474006B65726E6C
:10234000656C004B65726E656C20636F6D6D616EC0
:102350006473006379636C65733A20257520687730
:10236000206379636C65730A006379636C6573003D
:102370004B65726E656C206379636C65732E0055D6
:102380006E61626C6520746F207061727365206984
:102390006E7075742028657272202564290A007396
:1023A0006C656570006D7300557074696D653A20D9
:1023B000256C6C75206D730A002D70002D2D7072C8
:1023C0006574747900556E737570706F727465649E
:1023D000206F7074696F6E3A2025730A00757074EF
:1023E000696D653A20256C6C7520646179732C20C9
:1023F000256C6C7520686F7572732C20256C6C755C
:10240000206D696E757465732C20256C6C75207356
:1024100065636F6E64732C20256C6C75206D696C20
:102420006C697365636F6E64730A00757074696DAF
:1024300065004B65726E656C20757074696D652EF4
:102440002043616E2062652063616C6C6564207757
:1024500069746820746865202D70206F72202D2D9E
:10246000707265747479206F7074696F6E73003464
:102470002E302E3939005A6570687972207665726F
:1024800073696F6E2025730A0076657273696F6ECB
:10249000004B65726E656C2076657273696F6E2E87
:1024A00000556E61626C6520746F20706172736597
:1024B000206C6F6720736576657269747920286572
:1024C0007272202564290A00496E76616C69642065
:1024D0006C6F67206C6576656C3A2025640A005540
:1024E0006E61626C6520746F2066696E64206C6F2B
:1024F0006720736F757263653A2025730A006C6FED
:10250000675F6C6576656C003C6D6F64756C65200B
:102510006E616D653E203C736576657269747920E5
:1025200028302D34293E00746872656164004B6563
:10253000726E656C20746872656164732E005363FB
:10254000686564756C65723A2025752073696E63E1
:1025500065206C6173742063616C6C0A005468724E
:10256000656164733A0A004E410025732570202589
:102570002D3130730A00096F7074696F6E733A20E1
:10258000307825782C207072696F726974793A20DE
:1025900025642074696D656F75743A20256C6C64D0
:1025A0000A000973746174653A2025732C20656EE6
:1025B0007472793A2025700A00556E61626C65204C
:1025C000746F2064657465726D696E6520756E75D3
:1025D00073656420737461636B2073697A65202866
:1025E0002564290A0A0009737461636B2073697A90
:1025F0006520257A752C20756E7573656420257AA3
:10260000752C20757361676520257A75202F20252C
:102610007A7520282575202525290A0A006C6973FA
:1026200074004C697374206B65726E656C207468FD
:1026300072656164732E0025702049525120253047
:102640003264202573287265616C2073697A652075
:1026500025347A75293A09756E75736564202534B9
:102660007A750975736167652025347A75202F2086
:1026700025347A75202825327A75202525290A00E7
:10268000257020252D33327320287265616C2073EC
:10269000697A652025347A75293A09756E757365EE
:1026A000642025347A750975736167652025347A4D
:1026B00075202F2025347A75202825327520252570
:1026C000290A00737461636B73004C69737420741E
:1026D00068726561647320737461636B20757361E4
:1026E00067652E0052454144590044495341424CCC
:1026F000454400646576696365733A0A005B25703A
:102700005D002D2025730020204454206E6F6465E9
:10271000206C6162656C733A00646576696365007C
:1027200044657669636520636F6D6D616E647300E7
:102730004C69737420636F6E666967757265642097
:1027400064657669636573005573696E67206461BB
:1027500074612077696474682025640A00496E6397
:102760006F72726563742064617461207769647448
:10277000680A00526561642076616C756520307866
:1027800025780A0057726974696E672076616C75E6
:102790006520307825780A00696E76616C6964205E
:1027A0006164647220272573270A00696E76616C64
:1027B00069642073697A6520272573270A00696E8A
:1027C00076616C69642077696474682027257327B3
:1027D0000A00613A733A773A00272D61203C616420
:1027E00064726573733E27206973206D616E646146
:1027F000746F72790A00272D73203C73697A653EE5
:1028000027206973206D616E6461746F72790A00AC
:102810006465766D656D206C6F6164207375707092
:102820006F7274732073657474696E672062797057
:10283000617373206F6E20612073696E676C652011
:10284000696E7374616E63652E0A004C6F61646912
:102850006E672E2E2E0A7072657373206374726C0D
:102860002D78206374726C2D7120746F20657363F2
:102870006170650A004E756D626572206F66206238
:102880007974657320726561643A2025640A002DAD
:102890002D002D6500556E6B6E6F776E206F707416
:1028A000696F6E20222573220A006465766D656D5E
:1028B00000526561642F777269746520706879735E
:1028C0006963616C206D656D6F72790A557361671C
:1028D000653A0A52656164206D656D6F7279206199
:1028E0007420616464726573732077697468206F03
:1028F0007074696F6E616C2077696474683A0A64F9
:1029000065766D656D203C616464726573733E200D
:102910005B3C77696474683E5D0A57726974652030
:102920006D656D6F72792061742061646472657386
:10293000732077697468206D616E6461746F727959
:1029400020776964746820616E642076616C7565B7
:102950003A0A6465766D656D203C616464726573E6
:10296000733E203C77696474683E203C76616C75E8
:10297000653E0064756D700055736167653A0A6461
:1029800065766D656D2064756D70202D61203C61EC
:102990006464726573733E202D73203C73697A659D
:1029A0003E205B2D77203C77696474683E5D0A00A9
:1029B0006C6F61640055736167653A0A6465766D92
:1029C000656D206C6F6164205B6F7074696F6E73EE
:1029D0005D205B616464726573735D0A4F70746936
:1029E0006F6E733A0A2D65096C6974746C652D6598
:1029F0006E6469616E207061727365005258207256
:102A0000696E67206275666665722066756C6C2EED
:102A1000007368656C6C2E7368656C6C5F756172B1
:102A20007400756172743A7E2420007368656C6C62
:102A30005F756172745F6261636B656E640053758C
:102A400062636F6D6D616E64733A0A006E6F74201D
:102A50007465726D696E617465643A2025630A005D
:102A6000506C656173652073706563696679206178
:102A700020737562636F6D6D616E642E0A0045721E
:102A8000726F723A20726571756573746564206D3A
:102A9000756C7469706C652066756E6374696F6EB1
:102AA00020657865637574696F6E730A003A2063F8
:102AB0006F6D6D616E64206E6F7420666F756E64ED
:102AC00000546F6F206D616E7920617267756D655E
:102AD0006E747320696E2074686520636F6D6D611C
:102AE0006E642E0A0025733A2077726F6E6720702D
:102AF0006172616D6574657220636F756E740A0032
:102B00005741524E494E473A2041207072696E74C7
:102B100020726571756573742077617320646574C4
:102B20006563746564206F6E206E6F7420616374DA
:102B3000697665207368656C6C206261636B656E95
:102B4000642E0A000A25732573005368656C6C2097
:102B5000746872656164206572726F723A202564D0
:102B600000506C65617365207072657373207468C2
:102B700065203C5461623E20627574746F6E2074EF
:102B80006F2073656520616C6C20617661696C6192
:102B9000626C6520636F6D6D616E64732E0A0059FF
:102BA0006F752063616E20616C736F207573652093
:102BB000746865203C5461623E20627574746F6E67
:102BC00020746F2070726F6D7074206F7220617549
:102BD000746F2D636F6D706C65746520616C6C2013
:102BE000636F6D6D616E6473206F72206974732002
:102BF000737562636F6D6D616E64732E0A00596F39
:102C0000752063616E2074727920746F2063616C2B
:102C10006C20636F6D6D616E6473207769746820DA
:102C20003C2D683E206F72203C2D2D68656C703EF7
:102C300020706172616D6574657220666F72206DBF
:102C40006F726520696E666F726D6174696F6E2E4A
:102C50000A000A5368656C6C20737570706F72742B
:102C60007320666F6C6C6F77696E67206D65746139
:102C70002D6B6579733A0A20204374726C202B20E7
:102C80002861206B65792066726F6D3A20616263FE
:102C90006465666B6C6E707577290A2020416C74D0
:102CA00020202B202861206B65792066726F6D3A99
:102CB000206266290A506C656173652072656665DD
:102CC0007220746F207368656C6C20646F63756D1F
:102CD000656E746174696F6E20666F72206D6F72BD
:102CE000652064657461696C732E0A000A4176611F
:102CF000696C61626C6520636F6D6D616E64733ABF
:102D00000A00253038583A20007C0A005072696E5B
:102D10007473207468652068656C70206D657373CA
:102D20006167652E001B5B25642563001B5B313BDF
:102D30003325646D001B5B34303325646D002573CF
:102D4000252D2A73002D68002D2D68656C700020DC
:102D50002D20002020004C6F7374206C6F67733A35
:102D600020256C750A004163746976652073686577
:102D70006C6C206261636B656E64733A0A0020209C
:102D80002532642E203A257320282573290A005BFA
:102D90002533645D2025730A006F66660020756E1A
:102DA0006B6E6F776E20706172616D657465723ADB
:102DB000200025733A257325730A004563686F2048
:102DC0007374617475733A2025730A004E6F207214
:102DD0006573706F6E73652066726F6D20746865C1
:102DE000207465726D696E616C2C20617373756DF2
:102DF00065642038307832342073637265656E20E4
:102E000073697A650A001B5B366E007265747661C1
:102E10006C005072696E742072657475726E2076E3
:102E2000616C7565206F66206D6F737420726563C9
:102E3000656E7420636F6D6D616E64007265736999
:102E40007A6500436F6E736F6C65206765747320DD
:102E50007465726D696E616C2073637265656E2056
:102E600073697A65206F7220617373756D65732065
:102E700064656661756C7420696E2063617365209A
:102E800074686520726561646F7574206661696C31
:102E9000732E204974206D757374206265206578E7
:102EA000656375746564206166746572206561632D
:102EB00068207465726D696E616C207769647468EE
:102EC000206368616E676520746F20656E7375722C
:102ED0006520636F72726563742074657874206412
:102EE0006973706C61792E00686973746F72790010
:102EF000436F6D6D616E6420686973746F72792EB3
:102F0000007368656C6C0055736566756C2C206E7B
:102F10006F7420556E69782D6C696B6520736865D8
:102F20006C6C20636F6D6D616E64732E00436C6515
:102F300061722073637265656E2E0072656D004963
:102F4000676E6F7265206C696E6573206265676974
:102F50006E6E696E672077697468202772656D20D0
:102F6000270064656661756C7400417373756D65E7
:102F70002038302063686172732073637265656EF8
:102F800020776964746820616E642073656E6420C4
:102F9000746869732073657474696E6720746F2038
:102FA000746865207465726D696E616C2E00626173
:102FB000636B656E6473004C69737420616374693C
:102FC0007665207368656C6C206261636B656E6406
:102FD000732E0A006261636B73706163655F6D6F6E
:102FE000646500546F67676C65206261636B737022
:102FF000616365206B6579206D6F64652E0A536F80
:103000006D65207465726D696E616C7320617265A7
:10301000206E6F742073656E64696E6720736570CF
:1030200061726174652065736361706520636F64AC
:103030006520666F72206261636B737061636520E7
:10304000616E642064656C65746520627574746F6C
:103050006E2E205468697320636F6D6D616E6420FD
:10306000666F72636573207368656C6C20746F2083
:10307000696E746572707265742064656C657465E0
:10308000206B6579206173206261636B737061638B
:10309000652E00636F6C6F727300546F67676C65A9
:1030A00020636F6C6F7265642073796E7461782E23
:1030B00000767431303000546F67676C6520767429
:1030C00031303020636F6D6D616E64732E007072ED
:1030D0006F6D707400546F67676C652070726F6DF0
:1030E00070742E006563686F00546F67676C6520AD
:1030F0007368656C6C206563686F2E00737461740F
:1031000073005368656C6C207374617469737469BF
:1031100063732E006261636B737061636500536556
:103120007420646966666572656E74206573636198
:10313000706520636F646520666F72206261636BE7
:10314000737061636520616E642064656C6574658D
:10315000206B65792E0064656C6574650053657439
:10316000207468652073616D6520657363617065A7
:1031700020636F646520666F72206261636B737099
:1031800061636520616E642064656C657465206BA5
:1031900065792E00726573657400526573657420DD
:1031A0007368656C6C20737461746973746963739C
:1031B00020666F7220746865204C6F6767657220A7
:1031C0006D6F64756C652E0073686F77004765746A
:1031D000207368656C6C20737461746973746963BF
:1031E0007320666F7220746865204C6F6767657224
:1031F000206D6F64756C652E0044697361626C6547
:10320000207368656C6C206563686F2E2045646967
:1032100074696E67206B65797320616E64206D65DB
:1032200074612D6B65797320617265206E6F7420F7
:1032300068616E646C656400456E61626C652073E4
:1032400068656C6C206563686F2E00446973616209
:103250006C652070726F6D70742E00456E61626CCB
:10326000652070726F6D70742E0044697361626CBA
:103270006520767431303020636F6D6D616E6473DC
:103280002E00456E61626C652076743130302063AB
:103290006F6D6D616E64732E0044697361626C655D
:1032A00020636F6C6F7265642073796E7461782E21
:1032B00000456E61626C6520636F6C6F726564209F
:1032C00073796E7461782E00436F6D6D616E64204A
:1032D00062756666657220697320746F6F2073680B
:1032E0006F727420746F20657870616E6420616CF9
:1032F0006C20636F6D6D616E6473206D61746368C3
:10330000696E672077696C646361726420706174B0
:103310007465726E3A2025730A002A2A2A20426FA9
:103320006F74696E67206E524620436F6E6E6563E0
:10333000742053444B2076332E302E322D38396290
:10334000613132393461633962202A2A2A0A002A1B
:103350002A2A205573696E67205A65706879722031
:103360004F532076342E302E39392D66373931635C
:1033700034396634393263202A2A2A0A006D75747A
:1033800065785F696E69742063616C6C6564207731
:10339000697468204E554C4C20706172616D657483
:1033A000657200436F756C64206E6F7420616C6C85
:1033B0006F63617465206D75746578206265666FF2
:1033C000726520696E697469616C697A696E6700FB
:1033D00072302F61313A2020307825303878202023
:1033E00072312F61323A2020307825303878202011
:1033F00072322F61333A20203078253038780072CD
:10340000332F61343A2020307825303878207231DB
:10341000322F69703A202030782530387820723188
:10342000342F6C723A20203078253038780020789C
:103430007073723A202030782530387800466175F4
:103440006C74696E6720696E737472756374696FEA
:103450006E206164647265737320287231352F7039
:1034600063293A2030782530387800556E68616ECF
:10347000646C6564204952516E3A202564002A2A02
:103480002A2A2A20425553204641554C54202A2AA4
:103490002A2A2A002020537461636B696E672065B5
:1034A00072726F72002020556E737461636B696E67
:1034B00067206572726F72002020507265636973B5
:1034C00065206461746120627573206572726F7229
:1034D0000020204246415220416464726573733A71
:1034E0002030782578002020496D707265636973FB
:1034F00065206461746120627573206572726F72F9
:10350000002020496E737472756374696F6E206257
:103510007573206572726F72002020466C6F617443
:10352000696E672D706F696E74206C617A79207393
:103530007461746520707265736572766174696F09
:103540006E206572726F72002A2A2A2A2A20555329
:10355000414745204641554C54202A2A2A2A2A0010
:1035600020204469766973696F6E206279207A65DC
:10357000726F002020556E616C69676E6564206D06
:10358000656D6F7279206163636573730020204EEF
:103590006F20636F70726F636573736F7220696EF3
:1035A000737472756374696F6E73002020496C6C5C
:1035B0006567616C206C6F6164206F6620455843BD
:1035C0005F52455455524E20696E746F205043002F
:1035D0002020496C6C6567616C20757365206F668F
:1035E0002074686520455053520020204174746552
:1035F0006D707420746F20657865637574652075CF
:103600006E646566696E656420696E737472756355
:1036100074696F6E002A2A2A2A2A204D50552046A6
:1036200041554C54202A2A2A2A2A0020205374610A
:10363000636B696E67206572726F722028636F6EAC
:10364000746578742061726561206D6967687420A3
:103650006265206E6F742076616C69642900202099
:1036600044617461204163636573732056696F6CB4
:103670006174696F6E0020204D4D464152204164B7
:1036800064726573733A2030782578002020496E83
:10369000737472756374696F6E20416363657373CD
:1036A0002056696F6C6174696F6E00526573657244
:1036B00076656420457863657074696F6E202800B4
:1036C00053707572696F757320696E746572727567
:1036D000707420284952512000535053454C2069A2
:1036E0006E20746872656164206D6F646520646F1C
:1036F0006573206E6F7420696E6469636174652000
:10370000505350002A2A2A2A2A204841524420464F
:1037100041554C54202A2A2A2A2A00202042757317
:10372000206661756C74206F6E20766563746F72AD
:10373000207461626C6520726561640020204465BC
:10374000627567206576656E740020204661756C31
:103750007420657363616C6174696F6E2028736592
:10376000652062656C6F772900415243485F455878
:1037700043455054207769746820726561736F6E99
:103780002025780A002A2A2A2A2A20446562756799
:10379000206D6F6E69746F722065786365707469EF
:1037A0006F6E202A2A2A2A2A002A2A2A2A2A202533
:1037B0007320256429202A2A2A2A2A006D70750080
:1037C0004661696C656420746F20616C6C6F636125
:1037D0007465206E6577204D505520726567696F5E
:1037E0006E2025750A00506172746974696F6E20CD
:1037F00025753A2073616E69747920636865636B1F
:10380000206661696C65642E00464C4153485F3008
:10381000005352414D5F30006765746F7074000053
:103820000001000000736F6300636C6F636B4034D2
:103830003030303030303000636C6F636B0068665E
:10384000636C6B006C66636C6B00636C6F636B5FC7
:10385000636F6E74726F6C006770696F40353030E3
:103860003030333030006770696F31006770696FD6
:10387000403530303030303030006770696F3000A4
:1038800000010203040506074661696C6564207443
:103890006F20616C6C6F63617465205050492043E8
:1038A00068616E6E656C00756172744034303030E2
:1038B0003230303000756172743000756172745F3F
:1038C0006E7266785F7561727465004661696C65D9
:1038D0006420746F20616C6C6F6361746520475065
:1038E000494F5445206368616E6E656C20666F7247
:1038F0002057414B45004661696C656420746F2018
:10390000636F6E6669677572652057414B4520701D
:10391000696E004353204750494F20706F727420E6
:1039200025732070696E202564206973206E6F7482
:1039300020726561647900557064617465206578F2
:1039400063656564732063757272656E7420627559
:10395000666665720048616C662D6475706C65788A
:10396000206E6F7420737570706F7274656400538D
:103970006C617665206D6F6465206973206E6F746D
:1039800020737570706F72746564206F6E2025737C
:10399000004C6F6F706261636B206D6F64652069AE
:1039A00073206E6F7420737570706F72746564002D
:1039B000576F72642073697A6573206F74686572DB
:1039C000207468616E2038206269747320617265AA
:1039D000206E6F7420737570706F7274656400462A
:1039E00072657175656E63696573206C6F7765725A
:1039F000207468616E20313235206B487A20617204
:103A000065206E6F7420737570706F7274656400DA
:103A10004661696C656420746F20696E69746961C0
:103A20006C697A65206E7266782064726976657258
:103A30003A20253038780057616974696E672066CE
:103A40006F722057414B452061636B6E6F776C65D9
:103A500064676D656E742074696D6564206F75743C
:103A60000054696D656F75742077616974696E675C
:103A700020666F72207472616E7366657220636F68
:103A80006D706C657465007370694034303030342B
:103A90003030300073706931007370695F6E726628
:103AA000785F73706900737069403430303266300B
:103AB000303000737069330061726475696E6F5FD6
:103AC000737069007370695F6E7266785F73706996
:103AD0006D00000000000001010000000000002057
:103AE0003030303030303030303030303030000135
:103AF0000100000000005465726D696E616C000089
:103B000000000000005454522052454747455300DE
:103B100053504920777269746520636F6D6D616ED3
:103B200064206661696C65643A20256400535049DD
:103B30002077726974652064617461206661696CC4
:103B400065643A2025640053504920777269746592
:103B500020646174612062756666657220666169C1
:103B60006C65643A2025640042617365206D617064
:103B70002065737461626C697368656420696E2086
:103B8000626F7468203078323420616E642030783F
:103B900032362052414D0053504920627573206ED9
:103BA0006F74207265616479004443204750494F27
:103BB000206E6F74207265616479005253542047FF
:103BC00050494F206E6F74207265616479004255D0
:103BD0005359204750494F206E6F742072656164BD
:103BE00079004661696C656420746F20636F6E664E
:103BF00069677572652044432070696E3A202564B8
:103C0000004661696C656420746F20636F6E66693D
:103C100067757265205253542070696E3A2025648E
:103C2000004661696C656420746F20636F6E66691D
:103C30006775726520425553592070696E3A202588
:103C400064005353443136383320342E32222069F5
:103C50006E69742073657175656E636520636F6D41
:103C6000706C657465640053534431363833206991
:103C70006E697469616C697A656420287374616E19
:103C800064617264206D6F6465290053534431365A
:103C9000383320342E322220696E697469616C6970
:103CA0007A6564202866617374206D6F646520777F
:103CB0006974682074656D7020636F6E74726F6CC8
:103CC00029007373643136383300446973706C6152
:103CD0007920627566666572206973206E6F742044
:103CE000617661696C61626C6500556E73757070A8
:103CF0006F7274656420706978656C20666F726D90
:103D000061743A20256400496E697469616C697A4E
:103D1000696E6720535344313638332064697370B9
:103D20006C617920647269766572005573696E679B
:103D30002066617374206D6F646520696E697469B3
:103D4000616C697A6174696F6E005573696E672082
:103D50007374616E64617264206D6F646520696E56
:103D6000697469616C697A6174696F6E0045504469
:103D700020696E697469616C697A6174696F6E201B
:103D80006661696C65643A202564004661696C650A
:103D90006420746F20616C6C6F6361746520627560
:103DA0006666657220666F7220696E697469616CFF
:103DB00020636C656172005353443136383320649C
:103DC0006973706C61792064726976657220696EBE
:103DD000697469616C697A656420776974682062C6
:103DE000617365206D6170007373643136383340E0
:103DF0003000737364313638335F646973706C619B
:103E0000790048616C74696E672073797374656DAD
:103E100000556E6B6E6F776E206572726F720075F3
:103E20006E6B6E6F776E003E3E3E205A455048598D
:103E30005220464154414C204552524F5220256455
:103E40003A202573206F6E2043505520256400468C
:103E500061756C7420647572696E6720696E746533
:103E600072727570742068616E646C696E670A00A6
:103E700043757272656E74207468726561643A206D
:103E800025702028257329004350552065786365E7
:103E90007074696F6E00556E68616E646C65642045
:103EA000696E7465727275707400537461636B200F
:103EB0006F766572666C6F77004B65726E656C200D
:103EC0006F6F7073004B65726E656C2070616E6908
:103ED000630069646C65006D61696E006F73002B2F
:103EE0000064756D6D7900736C656570696E67004F
:103EF000646561640073757370656E646564006108
:103F0000626F7274696E670073757370656E646951
:103F10006E670071756575656400737973776F728C
:103F20006B7100286E756C6C29002A666C6F617469
:043F30002A00000063
:103F3C00CDBD00004DC600000000000001000000D7
:103F4C00E004002000000000000000000000000061
:103F5C00C08A0020000000000000000000000000EB
:103F6C000000000000000000000000000002000043
:103F7C005CFD000048100020400800203A000000C2
:103F8C00540800203A0000002C0800203A000000E1
:103F9C00680800203A00000000000000F3DC00007C
:103FAC000000000000000000010000000100000003
:103FBC000000000000000000000000001C260100B2
:103FCC000100000001000000680500200000000056
:103FDC0000000000000000000000000000000000D5
:103FEC00C2200020200000000000000000000000A3
:103FFC0000000000E8010100000000008C0500201A
:10400C008C05002000000000010000009C05002031
:10401C009C050020A4050020A40500200000000041
:10402C0001000000B4050020B405002000000000D1
:10403C000000000000000000000000000000000074
:10404C000000000000000000000000000000000064
:10405C000000000000000000000000000000000054
:10406C0024F7000000000000000000000000000029
:10407C00000000006C020100010000000C06002092
:10408C000C06002000000000010000001C060020AF
:10409C001C0600202406002024060020000000003E
:1040AC00010000003406002034060020000000004F
:1040BC0000000000000000000000000000000000F4
:1040CC0000000000000000000000000000000000E4
:1040DC0000000000000000000000000000000000D4
:1040EC003CF700000000000000000000EA20002067
:1040FC00E220002000000000000000000000000092
:10410C0000000000000000000000000000000000A3
:10411C000000000000000000000000000000000093
:10412C000000000000000000000000000000000083
:10413C000000000000000000000000000000000073
:10414C000000000000000000000000000000000063
:10415C000000000000000000000000000000000053
:10416C000000000008000000FF000000000000003C
:10417C000300000000000000FFFF0F000C070020F0
:10418C000C0700201407002014070020000000007A
:10419C0039AE0000600700205807002050070020AF
:1041AC00000000004807002055AF0000A1AE000041
:1041BC00D5AE00001DAF0000B41E00203A00003A3E
:1041CC00B81E00203A00003ABC1E00203A00003A0B
:1041DC00C01E00203A00003A70070020340700206F
:1041EC002C070020280700202407002000000000D6
:0A41FC0000000000000000000000B9
:1042080000000000000000000000000000000000A6
:104218000000000000000000000000000000000096
:104228000000000000000000000000000000000086
:104238000000000000000000000000000000000076
:104248000000000000000000000000000000000066
:104258000000000000000000000000000000000056
:104268000000000000000000000000000000000046
:104278000000000000000000000000000000000036
:104288000000000000000000000000000000000026
:10429800C04A0020004000000000000000000000AC
:1042A8002C0800202C08002000000000000000005E
:1042B8000E00000040080020400800200000000018
:1042C800000000000E0000005408002054080020E0
:1042D80000000000000000000E0000006808002038
:1042E8006808002000000000000000000E00000028
:1042F8007C0800207C08002000000000010000006D
:0C4308008C0800208C08002015E015E057
:00000001FF
