:020000040000FA
:1000000000380020FD2B0000ED0F0100E92B00005F
:10001000E92B0000E92B0000E92B000000000000A4
:10002000000000000000000000000000692D00003A
:10003000E92B000000000000052D0000E92B000066
:10004000192F0000192F0000192F0000192F000090
:10005000192F0000192F0000192F0000192F000080
:10006000192F0000192F0000192F0000192F000070
:10007000192F0000192F0000192F0000192F000060
:10008000192F0000192F0000192F0000192F000050
:10009000192F0000192F0000192F0000192F000040
:1000A000192F0000192F0000192F0000192F000030
:1000B000192F0000192F0000192F0000192F000020
:1000C000192F0000192F0000192F0000192F000010
:1000D000192F0000192F0000192F0000192F000000
:1000E000192F0000192F0000192F0000192F0000F0
:1000F000192F0000192F0000192F0000192F0000E0
:1001000080F0004002E000BF81F0004142001FBFCC
:100110005FEA410392EA030F7FEA226C7FEA236CD5
:100120006AD04FEA1262D2EB1363C1BFD2184140CA
:1001300048404140B8BF5B42192B88BF704710F060
:10014000004F40F4000020F07F4018BF404211F003
:10015000004F41F4000121F07F4118BF494292EA6B
:10016000030F3FD0A2F1010241FA03FC10EB0C0097
:10017000C3F1200301FA03F100F0004302D5494224
:1001800060EB4000B0F5000F13D3B0F1807F06D3D1
:1001900040084FEA310102F10102FE2A51D2B1F1C9
:1001A000004F40EBC25008BF20F0010040EA0300BE
:1001B0007047490040EB0000013A28BFB0F5000F3E
:1001C000EDD2B0FA80FCACF1080CB2EB0C0200FAF4
:1001D0000CF0AABF00EBC25052421843BCBFD04043
:1001E0001843704792F0000F81F4000106BF80F4BD
:1001F00000000132013BB5E74FEA41037FEA226C80
:1002000018BF7FEA236C21D092EA030F04D092F04A
:10021000000F08BF0846704790EA010F1CBF00207E
:10022000704712F07F4F04D1400028BF40F00040DB
:10023000704712F100723CBF00F50000704700F0FB
:10024000004343F0FE4040F4000070477FEA226222
:1002500016BF08467FEA23630146420206BF5FEAF3
:10026000412390EA010F40F4800070474FF00003F3
:1002700004E000BF10F0004348BF40425FEA000CBA
:1002800008BF704743F0964301464FF000001CE062
:1002900050EA010208BF70474FF000030AE000BFB8
:1002A00050EA010208BF704711F0004302D54042F6
:1002B00061EB41015FEA010C02BF84460146002068
:1002C00043F0B64308BFA3F18053A3F50003BCFA83
:1002D0008CF2083AA3EBC25310DB01FA02FC634430
:1002E00000FA02FCC2F12002BCF1004F20FA02F237
:1002F00043EB020008BF20F00100704702F120022A
:1003000001FA02FCC2F1200250EA4C0021FA02F28A
:1003100043EB020008BF20EADC7070474FEA40025E
:10032000B2F1FE4F0FD34FF09E03B3EB12620DD923
:100330004FEA002343F0004310F0004F23FA02F08D
:1003400018BF404270474FF00000704712F1610F34
:1003500001D1420205D110F0004008BF6FF000400B
:1003600070474FF0000070477BB972B90029BEBFDB
:1003700000204FF0004106E008BF00281CBF6FF0CE
:1003800000414FF0FF3000F057B8ADF1080C6DE9B7
:1003900004CE002909DB002B1ADB00F057F8DDF84A
:1003A00004E0DDE9022304B07047404261EB410103
:1003B000002B1BDB00F04AF8DDF804E0DDE9022346
:1003C00004B0404261EB4101524263EB430370478A
:1003D000524263EB430300F039F8DDF804E0DDE955
:1003E000022304B0404261EB41017047524263EB8B
:1003F000430300F02BF8DDF804E0DDE9022304B04C
:10040000524263EB4303704753B94AB9002908BF0E
:1004100000281CBF4FF0FF314FF0FF3000F00CB848
:10042000ADF1080C6DE904CE00F010F8DDF804E041
:10043000DDE9022304B07047704700BF034613F89C
:10044000012B002AFBD1181A013870472DE9F0471B
:1004500086468C460846089E154674461946002B6B
:1004600040F0C2808542B2FA82F245D94AB1C2F167
:10047000200300FA02FC2EFA03F3954043EA0C0C29
:1004800094404FEA154EA8B2BCFBFEF8230C0EFBBD
:1004900018CC08FB00F943EA0C43994528D9EB181E
:1004A00008F1FF3704D2994502D9A8F102072B447D
:1004B000A3EB0903A4B2B3FBFEFC0EFB1C330CFB45
:1004C00000F044EA0344A04214D92C190CF1FF3384
:1004D00004D2A04202D9ACF102032C44241A43EA0C
:1004E00007401EB1D440002334607360BDE8F0873C
:1004F0004746DDE76346F1E792BB431B01214FEA24
:10050000154EAFB2B3FBFEFC200C0EFB1C330CFBF4
:1005100007F840EA0343984562D9EB180CF1FF3025
:1005200004D2984502D9ACF102002B44A3EB080396
:10053000A4B2B3FBFEFC0EFB1C330CFB07F744EA32
:100540000344A7424ED92C190CF1FF3304D2A74221
:1005500002D9ACF102032C44E41B43EA0040C0E79B
:10056000C2F1200320FA03F1954090402EFA03F3E4
:1005700003434FEA154EAFB2B1FBFEFC0EFB1C105D
:10058000190C0CFB07F841EA0041884504FA02F413
:1005900022D969180CF1FF3004D2884502D9ACF198
:1005A00002002944A1EB08019BB2B1FBFEFC0EFB4B
:1005B0001C110CFB07F743EA01439F420ED9EB18CD
:1005C0000CF1FF3104D29F4202D9ACF102012B445D
:1005D000DB1B41EA004192E76046E3E76146F7E74B
:1005E0006046A3E76346B7E7834206D916B9002100
:1005F00008467BE7C6E900E0F9E7B3FA83F78FB96D
:10060000834201D3724508D8BEEB020460EB0303BA
:1006100001209C461EB9002168E73846FAE7C6E982
:10062000004CF8E7C7F1200CBB4022FA0CF41C4345
:100630002EFA0CF120FA0CF3B84001434FEA1449AA
:100640000EFA07F5B3FBF9F81FFA84FE09FB183020
:100650000B0C08FB0EFA43EA00439A4502FA07F234
:1006600040D9E31808F1FF3004D29A4502D9A8F125
:1006700002002344A3EB0A0389B2B3FBF9F809FB98
:10068000183308FB0EFE41EA03418E452CD9611850
:1006900008F1FF3304D28E4502D9A8F102032144A8
:1006A00043EA0040A0FB0298A1EB0E014145CE4673
:1006B000434602D306D14D4504D2B9EB020E68EB96
:1006C00004030138002EA6D0B5EB0E0261EB030146
:1006D00001FA0CFC22FA07F34CEA0303F940C6E9DD
:1006E000003198E74046C5E74346D9E730B589B0C1
:1006F000C1F34004CDE9063401F0010100240F4BA1
:100700000D9D0592CDE903010293CDE900440C490A
:100710002346032220460FF0F2FF6DB1094B0393ED
:10072000094B0749CDE901439DF83030009303227E
:100730002B4620460FF0E3FF09B030BD7E4A010092
:1007400004430100B14A01007B55010010B588B097
:1007500004460DF11F010DF11E0010F0C3FC9DF8C1
:100760001F300749CDE90343064B02930023CDE92F
:100770000033032218460FF0C2FF08B010BD00BFBF
:1007800004430100BB4A01002DE9F04198B04FF647
:10079000FF730024ADF82C30784BCDF82E40CDF807
:1007A0003240ADF81A40ADF836400C93744D2846EF
:1007B00012F0B9FF034668B92A680392714A724978
:1007C0000090CDE9010201220FF099FF002018B03E
:1007D000BDE8F0812B6803936C4B6B490094CDE925
:1007E00001430122234620460FF089FF03F058F809
:1007F000002809DA664B0390CDE9014300942346B3
:10080000614901221846DFE70BA803F033F861487D
:10081000DFF8848103F03EF8604800F0D1F807AFBC
:100820005E480DF11A02214600F00EF909AE5B4850
:100830003A46012100F008F90EAD32465748022130
:1008400000F002F955482A46032100F0FDF8CDE9F1
:100850001355BDF81A3012964B4EADF854308DF842
:100860005C401697012304935F1CBDF85430CDE91A
:1008700002830023184603223146CDE900440FF0DD
:100880003EFF12A802F094FE051E31DA444B00949C
:10089000CDE9014300230222314618460FF02FFF15
:1008A0006FF07305BDF81A303C4801339BB2ADF8C8
:1008B0001A30ADF854300DF11A020223002101F074
:1008C0003BF800280BDA374B0094CDE901430023B5
:1008D000CDE903400122314618460FF010FF002DEC
:1008E00011DA4FF42030002113F0C8F83B46BAE784
:1008F0002D4B0094CDE901430023032231461846D5
:100900000FF0FDFECEE7F1D1284B0095CDE9015364
:1009100028462B461C49264E264D1B4C03220FF021
:10092000EEFE01230A223146022002F029FF10F1D7
:100930000B0F10D1204B029300230390CDE900331D
:100940000122214618460FF0DAFE00214FF4A020C4
:1009500013F094F8E5E700284FF0000305DA174A92
:100960000390CDE9013200934AE7CDE901350093C8
:100970000322214618460FF0C2FEE6E7ED0600000E
:1009800084400100DF4A010004430100F54A0100F0
:10099000074B01004D070000204B0100D00A00204A
:1009A000564B0100874B0100764B0100A74B01001D
:1009B00054070020F64B0100B74B0100DE4B01004D
:1009C00030B504461B48A06289B012F0ACFEA56A9F
:1009D000034658B92A680392174A18490090CDE98E
:1009E000010201220FF09AFE09B030BD4FF47A21C6
:1009F0002160284605AA12F073FA054648B1104B4B
:100A000002930023CDE9003303900C4901221846DC
:100A1000E8E7069BA3810223E381204600F0BAFDAC
:100A20000028E1D0074B0390CDE9015300952B46F8
:100A3000EBE700BF48400100064C010014430100F1
:100A4000244C0100444C01002DE9F047DFF84091AF
:100A5000504E59F821308AB0CDE903130D460024D9
:100A60004D4B4E49029380461746234603222046AB
:100A7000CDE900440FF052FE56F825303A4629469B
:100A8000404610F09BF9B0F1000A25DD2DB16B1E38
:100A9000022B1ED90AB0BDE8F0873B880393404B78
:100AA0000095CDE9015303222B463C4918460FF02F
:100AB00035FEEFE7395D40460FF052FF013456F83E
:100AC0002530A342F6DC37480AB0BDE8F0470FF006
:100AD00047BFDFF8D480F2E734480FF041FFFDB1A3
:100AE0006B1E022BD6D856F82560314606A812F0A8
:100AF00047F9002818DB334606AA2946404600F08D
:100B00001BFF002823DA2A4B24490094CDE9014336
:100B1000CDE9035A2346012220460FF0FFFDB9E735
:100B20003D60244B0395BBE7234B1C490396CDE95D
:100B3000014301222346009420460FF0EFFD1F4B96
:100B40000395CDE90143009423460122ADE73246E7
:100B500006A9384613F048F959F825300393184B85
:100B60000E490094CDE901430322234620460FF0AD
:100B7000D5FD144F06ADA64203D10A480FF0F0FE92
:100B800088E715F8011B38460FF0EAFE0134F2E75A
:100B9000D8040020C80400205E4C0100144301006A
:100BA0006F4C0100C54F0100744C01007B4C0100EB
:100BB000F24C01008D4C0100A04C0100CA4C010018
:100BC0001B4D0100754C010010B5094C0A449142BF
:100BD00000D110BD11F8013B584003090001E35C4E
:100BE000C0B2434018091B01205CDBB25840EEE75D
:100BF000544D01002DE9F04F91B08407009302F0AD
:100C000004030293C2F3C20303F10103DDF8688019
:100C1000039205460E46059340F0BA81041D30B19B
:100C2000072909D86FF01B0011B0BDE8F08F01F063
:100C300007063444C6F10806009B4FF00009591E10
:100C40004FF0040A4FF0FF330193CDF810904F4658
:100C5000CB4653460DB1009A22600598002800F358
:100C6000E8809848009A824203D397488242C0F0B5
:100C7000E080039AA4EB050E92074FEA9E0000F174
:100C800003810F2F00F2B180002D00F0058107F1E4
:100C900040020DEB020C019A0CF8200C0CF8102C01
:100CA000049801300490E7E07A285DD84B280ED8EC
:100CB000472859D829282DD8252852D054D820285B
:100CC0007AD02338D0F1000B4BEB000B74E04C389A
:100CD0002E2849D8DFE800F070484848484848487E
:100CE000484848484B484848484848484859484B6D
:100CF0004B595959704B6D487048184B18484882E9
:100D00007F4B48484B487F0000204FF0000B4FF0CE
:100D1000040A38E02A38C0B2012202FA00F010EAD0
:100D20000E0F49D110F0625C2FD110EA020B43D0B4
:100D30006046013C5444B4FBFAF40AFB04F4002D71
:100D400061D0A3EB050CA444B4453FF66BAF00287B
:100D500068D1042B47D158F8043B236004340423A2
:100D60002AE0019A013A01924FF0000B24E011F8B9
:100D7000010C6C2834D111F8023C00206C2B834606
:100D8000C5D14FF0080A5346D3E708F1070828F009
:100D900007080734F8E802AB24F0070435B10698D9
:100DA0002044B0423FF63EAFC4E900AB08344FF0F8
:100DB000000B4FF0080A534611F8010F002878D0B5
:100DC000BBF1000F7FF470AF2528F5D1019B0133F3
:100DD00001934FF0010B4FF0040AECE7584694E7FB
:100DE00000208346A5E7082B02D06FF015001BE713
:100DF00008F1070828F00708F8E80223C4E90023EF
:100E000008340823D8E768B9042B02D108F1040894
:100E1000A4E7082BE9D108F1070828F0070808F132
:100E20000808EDE7059A013A059258F8042B00925C
:100E300010E7039A900720D5A4EB050E4FEA9E0019
:100E40004FF0010CBEF5007FCFD20F2FCDD8F5B1FA
:100E500007F140020DEB020EC0B2019A0EF8200C11
:100E60000EF8102CBCF1000F3FF41AAF60F07F00B9
:100E70000EF8200C09F101090137C5F1080204340C
:100E800006924FF6DA7E97E74FF0000CDAE7BCF1F6
:100E9000000F01D00136EFE7029802360028EBD1AF
:100EA0000098CDE90631FFF7C9FADDE906310644BD
:100EB000E2E7631BB3F5806F97D23DB9A6F1080452
:100EC000E018B1E6443F010090640100029A2860F6
:100ED0009B082B709DF81030C2B1EB7085F8029022
:100EE000B9F1000F05D008A80022C5F1010C974206
:100EF0000ED1C5F101030DF120084FF0000A019356
:100F00000DF1300B574512D1601B8DE66B70E5E794
:100F100010F8013B190608D50CEB040EB64503F09A
:100F20007F033FF67FAE04F8013B0132DFE7B9F102
:100F3000000F03D098F90020002A17DB029BD3B1E1
:100F40001AF80B2004F8012B0022019B18191044F9
:100F5000B0423FF667AE98F8000004F8010B009924
:100F60000392204612F040FF039A14440AF1010A4A
:100F700008F10108C6E798F8002055F822300093E0
:100F8000029B45F822300098FFF758FA421CDCE734
:100F90006FF00D0048E600BF014B1860704700BFBE
:100FA000E804002080B505460E46174698460EF028
:100FB00089FB034612F0BCFFDFF81890044649F89D
:100FC0000030424630463946A84754F8090001F03F
:100FD00083FE00BF0800000008B50446EFF311834C
:100FE000202383F31288BFF36F8F0BF01DFC204684
:100FF00002F092F902480FF0B3FC10F019F8FCE788
:10100000754D01002DE9F047058B044628079046F1
:1010100011D4022905F0070540F0CC8020460FF0DE
:10102000ACFC78B10138218B042811D8DFE800F03E
:10103000C2106D85950001290CBF45F0100545F0E3
:101040002005258388F31188BFF36F8FBDE8F087F3
:1010500001F0070AAA4500F0A5800027B9463E46E0
:10106000A368002B00F0BC8041F00801218388F3C5
:101070001188BFF36F8FA168002900F0BA800D6856
:10108000002900F0B680D1F804803346524620464D
:10109000C047002D76D02B6829461D46F0E701F0A9
:1010A00007035A1F012A1BD8002221F00701062B33
:1010B000276889B2C4E9002209D13B4603E0628B6C
:1010C000013262831B68002BF9D141F002012183B8
:1010D00020460FF052FC00287AD041F0200176E043
:1010E000042B0AD121F0070189B2218320460FF099
:1010F00044FC10B141F020012183218B01F0070A4B
:10110000AA454FD00027B946AAE7236921F0070175
:1011100041F00601062DD3F8009021832DD1B9F1BD
:10112000000F3FD041F00801218388F31188BFF3FD
:101130006F8F3A492046C84729E021F0070123690B
:1011400041F0040189B2042DD3F804902183E6D044
:1011500000273E464FF0040A82E721F00701236989
:1011600041F0050189B2052DD3F808902183D6D02E
:1011700000273E464FF0050A72E700273E464FF033
:10118000060A6DE72B4687E7B9F1000FD1D1EFF3DF
:101190001188202383F31288BFF36F8F238B23F0F2
:1011A00008032383258BEA062ED525F0100323831D
:1011B00005F007056669218B002EBFF670AF00238E
:1011C0002768C4E9003321F0070141F001012183C0
:1011D000218B01F0070AAA454FF000097FF440AFC8
:1011E000002F9CD041F00801218388F31188BFF3C0
:1011F0006F8F002FC8D03D6839463346524620468F
:101200000FF0E7FB2F46F4E7AB067FF51BAF25F0A9
:101210002003238305F0070500E700BFFF09010055
:1012200070B5838905680E0C090C86B003FB015567
:10123000CDE90453104B0393104B02930446002353
:101240000822CDE9003218460D4904220FF0CBFCEC
:101250003604A06AA28929460FF09CFE50B9E26AC2
:10126000A3895279314620460FF07CFC002818BF34
:101270006FF0050006B070BD614F01009E4D01008A
:10128000DC4201002DE9F04389B04B8804931D4BEB
:1012900003931D4B0293082400230746CDE9003435
:1012A0000D4618461949DFF8689004220FF09BFCA0
:1012B000F86A21460FF0A7FC2C68241A80462C609F
:1012C00004EA0906B44203D8002009B0BDE8F0835F
:1012D000082306AA214638460FF036FC0028F4D130
:1012E00006A938460FF099FC40B1BDF81A30BDF898
:1012F0001C202C6006EA090613441E44A4EB0804D3
:10130000E0E700BF4C4F0100BF4D0100DC4201008F
:101310000000FFFF70B588B083880493114B0393DE
:10132000114B02930025044608230422CDE9005303
:101330000E492B4628460FF056FC4FF6FF76A36861
:10134000ADF81A3006A8ADF81860ADF81C508DF84D
:101350001E600FF03FFC06A920460FF01EFD08B0EE
:1013600070BD00BF314F0100E64D0100DC420100BD
:1013700073B504460821C06A124E0FF044FC4FF6C4
:10138000FF726368ADF800208DF80620A289191855
:1013900033401344181A002560606846ADF8021007
:1013A000ADF804500FF016FC694620460FF0F5FC2E
:1013B0002046211D0FF001FC636828463340A360DE
:1013C00002B070BD0000FFFF2DE9F04F04469BB056
:1013D000C06A08210FF017FC63681B0C1B0405464C
:1013E00009A9204609930FF0E8FBDDF824B0A6898F
:1013F0005E44761B0CAA0823314620460A960FF05D
:10140000A3FB021EC0F2BB80E36A0CAA5979002339
:1014100012F8010B814240F0A1800133082BF7D173
:10142000A36862682B449A4280F090805946204617
:10143000FFF7F6FE0246A2E0BDF83230360C360465
:101440001E440A960EAA0AA92046DDF828A00FF02D
:1014500021FC0246002840F092800EA920460FF0A1
:10146000DCFB18B9079B5345ECD1D9E763680B93B4
:1014700010AA0BA920460B9E0FF00CFC0246002878
:101480007DD1BDF84020BDF838309A4238D062682E
:101490000B9B9A42ECD1B245E4D1BDF83C30002B15
:1014A000E0D00593BDF838300493374B0393374BA6
:1014B000029308220023CDE9003218463449042261
:1014C0000FF091FBBDF83A704FEA1A431B041F441A
:1014D0000EA8A368ADF83A300FF07CFBE36ABDF8C4
:1014E0003C901E68764206F02006B9F1000F0ED13E
:1014F0000EA920460FF051FC02460028B2D03EE073
:1015000010A920460FF089FB0028C0D0C3E74E4544
:10151000B04628BFC84612AA4346394620460FF0B7
:1015200013FB024658BB4346A16812AA20460FF09F
:10153000FBFB41460246E06A0FF065FBA3680344EB
:10154000A360E2B9A9EB08094744CEE72046FFF7BC
:10155000E1FE024600283FF469AF10E0731B0CA9BE
:10156000204607930FF078FB00287FF465AF0AA9A7
:101570002046FFF787FE024600283FF463AF10467F
:101580001BB0BDE8F08F00BF454F0100034E0100C6
:10159000DC4201002DE9F04704468EB000F114074B
:1015A000384612F072F9A06A8368DB6898470346F0
:1015B000E06230B9904A0090CDE901028F490122E2
:1015C0000FE0A06A8368DB6898470368013B1F2B24
:1015D0000FD98B4B02930023CDE9003387490122B9
:1015E00018460FF000FB6FF0150528460EB0BDE859
:1015F000F087A06A21680BAA11F072FC08B1814B38
:10160000E8E7A5892DB10C9BB5FBF3F203FB12555E
:101610000DB17D4BDEE7E389012B05D87B4B0095AF
:10162000CDE901532B46C9E7E36A069593F8059087
:101630004FF0FF334FF0FF3238460DF0C3FAE06A47
:1016400008210FF0E0FAA8460646E3891FFA85FA5A
:10165000534508D8E389434523D138460DF02AFB8A
:101660006FF02C05C1E7A1892B04891B13FA81F1C6
:101670004A460823204606910FF074FA78B106A96D
:1016800020460FF09AFA08F10108069908234A4605
:1016900020461FFA88F80FF065FA0028DAD00135E5
:1016A000D3E753450BD1069908234A46891B2046A8
:1016B0000FF058FA18B906A920460FF07EFA06A9CD
:1016C0002046FFF7DFFD054618B138460DF0F2FA67
:1016D0008BE7069B63604FEA13484FEA0848C4F85B
:1016E0000880D4E9011399420FD3082307AA2046A2
:1016F0000FF02AFA05460028E7D107AB13F8012BB3
:10170000914543D10135082DF8D163681B0C1B04AA
:1017100006A9204606930FF050FAA38906994A4677
:1017200020460FF01FFA051ECFDB636800F08280B1
:1017300006EB03084FF6FF79A389CDF818801FFA4E
:1017400088F29B1B9A423DD3314B029300231846EB
:10175000CDE90033294903220FF045FA616820469C
:10176000FFF75EFD05460028AFD16368294AA189CD
:1017700013400B44A3EB460363601340A360204671
:10178000FFF722FE0546002D70D09EE707A92046F0
:101790000FF043FA626810B9921B6260A1E7BDF8CE
:1017A0002050BDF81E10E06AC4F8088029440FF0EC
:1017B0002AFA40449042A060EED1002DECD06FF0A8
:1017C0001C0590E0082309AA414620460FF0BCF909
:1017D000054600287FF479AF09A920460FF01DFACD
:1017E00038B1BDF824304B4503D1BDF82830002B6B
:1017F0007FD0B044A0E700BF2D4E0100DC420100C5
:101800004F4E01006C4E0100844E0100984E0100C5
:10181000F54E01000000FFFF5B1A4A4620460FF01C
:10182000A1F9051EFFF651AF08D0E26AA36812685D
:101830001344A360D4E901318B42EDD86168A389D8
:1018400001EB46029A429ED1DFF8D480A26801EAF9
:1018500008039A4297D02046FFF7E2FC054600288D
:101860007FF433AF636803EA0803A360A389A28807
:10187000A3EB46039A4232D038460DF01BFA0123FF
:101880002374A3890493E38903930025254B0293D2
:1018900028462B46CDE90055234903220FF0A3F932
:1018A0006368214900959AB21B0C03931F4B049265
:1018B000CDE9015328462B4603220FF094F9A36883
:1018C000194900959AB21B0C0393194B0492CDE968
:1018D000015303222B4628460FF085F985E6204662
:1018E000FFF718FD054638460DF0E4F9002DC6D087
:1018F0007BE6104B0C490095CDE9015303222B46A2
:1019000028460FF070F963681B0C1B0406A92046DB
:1019100006930FF052F906992046FFF781FC31E754
:101920000000FFFFBB4E0100DC420100D24E01006F
:10193000E44E01001C4F01002DE9F04F1D4695B00B
:10194000037C06910446049273B9664A6649009383
:10195000CDE90132184601220FF045F96FF00C066F
:10196000304615B0BDE8F08FC26A082110460FF06E
:101970004AF92946059010460FF045F9A389059AC2
:10198000A3EB8203AB420746C0F0A9801DB1049BC4
:10199000002B00F0A480636809930AAA09A92046D5
:1019A000DDF824A00FF076F906460028D8D1BDF85E
:1019B0002830069A934206D06268099B9A42ECD17D
:1019C000002D36D1CCE70AA920460FF026F90028D1
:1019D000F2D0BDF82A80BDF82C3045B39D4228D105
:1019E000E36ADDF810B01B684FEA1A4A5B424FEA1F
:1019F0000A4A03F02003D0440793AA46DDF81C905E
:101A0000D14528BFD1464B460CAA414620460FF08F
:101A10009BF800284AD14A460CA9584612F014FAFD
:101A200038B9BAEB090AC844CB44E7D198E7002B90
:101A300096D0002F3DD1B84604F1140A4FF0FF3282
:101A40004FF0FF3350460DF0BDF8E3899E4243D07E
:101A5000A168626808EB01039A422FD3069BADF898
:101A60003030FF238DF83630049AADF832102B4613
:101A70002046ADF834500FF057F929460746E06A82
:101A80000FF0C1F8A3680344A36057B90CA80FF086
:101A9000A1F80CA920460FF080F9002814BF0746D2
:101AA0002F4650460DF006F93E4659E7C1DC064682
:101AB00056E7059B1F441FFA87F8BDE72046FFF74E
:101AC00057FC07460028ECD12046FFF77DFC07466F
:101AD0000028E6D10136B8E76FF01B07E1E76FF0A9
:101AE00015063DE7194E0100DC4201002DE9F047E3
:101AF0001E4688B0037CBDF8409004460F469046D1
:101B00006BB92F4A2F490093CDE9013218460122C3
:101B10000FF069F86FF00C0008B0BDE8F087C06AFC
:101B200008210FF070F8A389A3EB4003B34243D31D
:101B3000D4F804A0CDF814A000254D455146DDF899
:101B400014A009D9636853451ED1BDF81830BB42B3
:101B50001AD06FF00100DFE706AA05A920460FF0B2
:101B600099F80028D8D1BDF81830BB4206D106A993
:101B700020460FF052F808B10135ADB26268059BFE
:101B80009A42DAD15146E0E7BDF81C30002BE0D094
:101B9000A945DED8BDF81A00090CB3424FEA01414D
:101BA00028BF33460144424620460EF0CDFF0028B0
:101BB000B2D1BDF81C00AFE76FF01500ACE700BF75
:101BC000194E0100DC4201002DE9F84F81462F48F3
:101BD0000F460FF0FEF8064670B92D4CDFF8B4A0A2
:101BE0000546A0464FF0010B544507D3B9F1000F4D
:101BF00002D04FF0010AE5B9BDE8F88F237B6BB145
:101C00002368DB680BB12046984723681B6943B9FA
:101C1000636804221968204600F0C8F801361034C1
:101C2000E2E7204698470028F2D00BFA06F31D435E
:101C3000F4E7A94695FAA5F4B4FA84F40AFA04F391
:101C4000260108EB04146FEA030B25EA0305237B46
:101C500063B158F806301B6993B94644042273688F
:101C60002046196809EA0B0900F0A0F8002DE1D11F
:101C700027B14FF4A470002111F000FF4D46BAE7E0
:101C8000204698470028F1D1E7E700BF080B002065
:101C90005C4301007C430100014B53F82000704776
:101CA000E843010008B5034608462BB1044A136017
:101CB00000F082FA002008BD6FF01500FBE700BFBE
:101CC000EC040020054A064800231370054A1360FF
:101CD000054A4FF400411360FFF7E4BF12250020CE
:101CE000CF0D0100000B0020040B002070B50B4D40
:101CF000297841B90120FFF767FF094C094EB4422A
:101D000002D301232B7070BD63685B791BB123681C
:101D100020469B6898471034F1E700BF1225002049
:101D20005C4301007C43010010B5044608480FF0F5
:101D300050F85CB1BFF35B8F064B53E8001F0139CD
:101D400043E80012002AF8D1BFF35B8F10BD00BF3B
:101D5000000B0020040B002070B50A4B0A4C1B68D6
:101D60000A4E05469847A860B44200D370BD636828
:101D70005B7923B1236829461B68204698471034B5
:101D8000F2E700BFEC0400205C4301007C4301004B
:101D9000044A054B9B1AB1EBD30F34BF52F8310004
:101DA00000207047BC4201005C430100084BC31A8D
:101DB00010B41B1144680133237143689A7143685E
:101DC0001960436801225A7110BC0FF024B800BF9B
:101DD0005C4301002DE9F04F87B004AFD7E90EA9AD
:101DE0003D6B04460E4693469846BAF1000F1ED04E
:101DF000C7F80490CDF8009010217A6B534600206C
:101E0000FEF7F8FEB0F5006F014611D340F2FF7304
:101E10000393194B02930023CDE9003317490222A3
:101E200018460FF014F80C37BD46BDE8F08F514648
:101E300004F007040BF0070BE40044EA8B1444EAB7
:101E4000412444EA055417350D4425F00705ADEB50
:101E5000050D04ADBAF1000F07D0CDF800907A6BF4
:101E6000534605F11000FEF7C5FE434622463146B3
:101E700028460EF0D3FFD6E78C4F0100E442010064
:101E8000406820B1034BC01A40F3CF0070474FF0B9
:101E9000FF307047BC4201000EB403B503AB0146EE
:101EA00053F8042B0448019301F0C8F902B05DF81F
:101EB00004EB03B0704700BF8B0E0100CA0605D4C7
:101EC0008B064CBF02490349FFF7E6BF704700BFCE
:101ED000C54F0100C44F01002DE9F04F87B0044603
:101EE0009DF844600D4690469946002E00F0A28071
:101EF000159B03F0020A03F001030493159B03F002
:101F0000080B03F4807305930EF086FF0246002849
:101F10003DD095492046FFF7BFFF0746BAF1000FB5
:101F200009D0159B13F0440F33D190492A4620461F
:101F3000FFF7B2FF0744049B53B18D4B8D4953F813
:101F400026208D4B2046002A08BF1A46FFF7A4FF23
:101F5000059B002B49D0BBF1000F64D1B8F1000FF5
:101F600066D0864942462046FFF796FF0546129BFB
:101F70003D44002B6DD1149B002B73D1159BDB07C7
:101F800000F1EB8015992046FFF798FFD8E007464F
:101F9000C4E77B4B18680028CCD07A4B4FF47A7A90
:101FA0001B68B5FBF3F54FF46163B5FBF0F100FB83
:101FB00011550AFB05F54FF03C0CB1FBF3F203FBA6
:101FC0001211B5FBF0FEB1FBFCF300FB1E550CFB40
:101FD00013110AFB05F50091B5FBF0F56A49CDE94F
:101FE00001E52046FFF758FFA4E7BBF1000F1DD025
:101FF000664B674953F826202046FFF74DFF0546FC
:10200000B8F1000F05D05D4942462046FFF744FF76
:102010000544B9F1000FAAD05E494A462046FFF7B1
:102020003BFF0544A3E74FF00009E1E75D46E7E722
:1020300045469CE7B9F1010F129B06D1002B66D1F2
:10204000149B002B7CD000250CE0002BF8D05248CC
:102050005EE05248129B524922460EF04EFC149B01
:10206000002B6AD0DFF83C81DFF83C91149F159972
:10207000102F204628BF1027FFF720FF4FF0000B3E
:102080005D4547DC139B49461A782046FFF704FF5D
:102090004FF0010B1BF0070F03D141462046FFF71D
:1020A000FBFE5F453DD9139B494613F80B202046A4
:1020B000FFF7F2FE0BF1010BBBF1100FEAD13B4928
:1020C000DFF8ECB020464FF0000AFFF7E5FE52467D
:1020D000139B9A5CA2F120015F2928BF2E2259464A
:1020E0002046FFF7D9FE0AF1010ABAF1100F1DD000
:1020F0001AF0070F03D141462046FFF7CDFE5745A2
:102100005246E5D841462046FFF7C6FEEBE7234896
:1021100035469FE741462046FFF7BEFE0BF1010B17
:10212000AEE724492046FFF7B7FEC3E7139B3B44C5
:102130001393149BDB1B149398D1002E7FF41EAFD6
:102140006268A1682068D2E900230EF090FE6368FF
:1021500000221A6007B0BDE8F08F074A0549204603
:10216000FFF79AFE0EE700BFCC4F0100D04F0100F1
:10217000F84301007B550100C74F0100F54F0100F6
:10218000100B00200C0B0020D94F01000C44010063
:10219000F94F0100304D0100A70E01008B0E010028
:1021A0003D32000007500100FF4F010009500100BF
:1021B0000B50010005500100074A00210123904205
:1021C00006D8064A01B901231360054B1860704711
:1021D00040085B000121F2E740420F000C0B002099
:1021E000100B0020014B01221A70704713250020AC
:1021F000014B002019607047280B002010B5064BDA
:1022000018680C46FFF748FD21460346BDE810401C
:1022100002480F22184700BF280B00203C44010051
:10222000F8B5094D094B0A4ED5E9004701221A704D
:102230000CB92C60F8BD214630463A4600F00AF849
:10224000241A0644F4E700BF1C0B002014250020CC
:1022500015250020F8B5194D07460E4604243246D0
:10226000394600200CF062FAC8B101232B70144BE0
:102270001B782BB93046F8BD5CB92C704FF0FF3499
:1022800000200CF097FA0028F4D02B78002BF3D123
:10229000F0E7013C41F2883011F040FAF0E72B788A
:1022A00013B1013C04D12C702B78002BD7D1E1E77E
:1022B00041F2883011F032FAF6E700BF1325002012
:1022C00014250020F8B5074F0D4604464618B442C1
:1022D00001D12846F8BD14F8011BBB6801485B68B2
:1022E0009847F4E720400100014B0360002070474D
:1022F0008044010008B504480EF032FBBDE80840F8
:1023000002480EF02DBB00BF5E500100935001004B
:1023100001480DF0BFBD00BF8044010038B5044640
:1023200018B90F4B0F485B6898476168B1F5683F73
:1023300010D0B1F5680F0DD00B4DA9420AD011F4A1
:102340006861206807D00146084811F054FA00235C
:102350002360656038BD142211F06EFDF9E700BFFF
:10236000F4060020C15001002C5F5CA95810002029
:1023700008B520B34368B3F5683F10D10122036864
:10238000BFF35B8F53E8001F002903D143E800200F
:102390000028F7D1BFF35B8F0DD1002008BD094A9B
:1023A00093420AD000684FF0FF324FF0FF330CF039
:1023B00009FC0028F1D00448F0E70448EEE76FF488
:1023C000E040EBE72C5F5CA9E98FFFFFEA8FFFFF9E
:1023D00008B5D8B14368B3F5683F10D1002203684F
:1023E000BFF35B8F53E8001F012903D143E80020AE
:1023F0000028F7D1BFF35B8F0BD1002008BD074A3F
:10240000934208D000680CF055FCF6E76FF4E0400A
:10241000F4E70348F2E70348F0E700BF2C5F5CA94C
:10242000E98FFFFFEA8FFFFF10B5044618B91D4B77
:102430001D485B6898476368B3F5683F2FD0B3F5D4
:10244000680F2CD0194A934219D1236803BB18484E
:102450004FF0FF324FF0FF3321460CF085FB08B9F7
:1024600023681BB90F4B13485B68984720681422F8
:10247000002111F0E1FC4FF46863636008E0B3F5FC
:10248000683F0DD83A2B03D040F6BA629342DED1B2
:10249000206811F0FAF9636843F03A03636010BDF5
:1024A000054AF3E7F4060020C15001002C5F5CA947
:1024B00058100020E75001003A00003A08B50649DC
:1024C00006484023142211F088F9BDE80840044969
:1024D00004480DF051BD00BF580B002058100020DB
:1024E000884401009C44010070B5064686B00D4644
:1024F000002938D08B6805934B6804930B680393CD
:102500000024244B24490293012223462046CDE98E
:1025100000440EF057FD6B6905932B690493EB683B
:1025200003931E4B1C490094CDE90143012223462D
:1025300020460EF047FDEB690393194B16490094B2
:10254000CDE901430122234620460EF03BFDAB6955
:102550000393144B10490094CDE901430122234613
:1025600020460EF02FFD012E0DD1EFF30583103B19
:1025700003930D4B02930023CDE900330649324605
:1025800018460EF01FFD2946304606B0BDE87040E3
:102590000CF046B9145101001C43010043510100E5
:1025A0007251010081510100AF51010030BFFFF7AE
:1025B000FDBF00BF2DE9F0410B4EDFF8308006EB88
:1025C0000807CC1B054632460949204611F00CFC91
:1025D000A01942460021083C11F02EFC6C6707F15F
:1025E0000800BDE8F08100BF00000000040000000A
:1025F0007C430100074A936893F90E10002907DB1A
:10260000526993421FBF044A536843F0805353609A
:10261000704700BF0023002000ED00E0F0B585B05A
:102620000024434B0293CDE90044234607460E465F
:102630000122404920460EF0E0FC3F4B9B6ADB0440
:1026400065D53E4B3B490094CDE9014320462346E6
:1026500001220EF0D2FC1720374B9B6A1D050AD5CC
:10266000374B029300231846CDE90033314901224C
:102670000EF0C3FC1820304DAB6A9C051FD500241A
:10268000304B0293012223462046CDE900442949DC
:102690000EF0B3FCAB6BAA6A10040FD503932A4B60
:1026A00024490094CDE901430122234620460EF03F
:1026B000A4FC1FB1AB6A23F40043AB6219201E4B8C
:1026C0009B6A59050AD5214B029300231846CDE990
:1026D0000033184901220EF090FC1A20164A936A22
:1026E00013F4807315D01A4B029300231846CDE9DA
:1026F0000033104901220EF080FC1B200E4A936A21
:1027000043F47F4393620023337005B0F0BD16207D
:10271000A2E7926A9204F1D50E4A06490093CDE9E8
:102720000132184601220EF068FC1C20E6E700BFCB
:10273000C25101001C43010000ED00E0D85101002E
:10274000E9510100FC510100155201002A5201001B
:10275000455201005D5201001FB50024374B029322
:1027600001222346CDE90044354920460EF045FCC0
:10277000344B9B6A9A015ED5334B31490094CDE9C5
:1027800001432046234601220EF037FC1E202D4B2C
:102790009B6ADB010AD52D4B029300231846CDE935
:1027A0000033274901220EF028FC1F20254B9B6A8D
:1027B0001C030AD5264B029300231846CDE90033AB
:1027C0001F4901220EF019FC21201E4B9B6A590360
:1027D0000AD5204B029300231846CDE9003318494F
:1027E00001220EF00AFC2220164B9B6A9A030AD59E
:1027F000194B029300231846CDE9003310490122FA
:102800000EF0FBFB23200F4B9B6ADB030AD5134B17
:10281000029300231846CDE90033094901220EF046
:10282000ECFB2420074A936A6FEA03436FEA1343E1
:10283000936204B010BD1D20A9E700BF8C520100B7
:102840001C43010000ED00E0A4520100B75201005A
:10285000D1520100EF520100145301002E53010028
:102860002DE9F04385B000244D4B0293CDE900449F
:1028700023468046894616464A49012220460EF0E4
:10288000BCFB494B9B6ADF0640D5484B0094CDE921
:10289000014320462346434901220EF0AEFB11249A
:1028A000414B9B6A1D070AD5414B02930023CDE99A
:1028B00000333C49012218460EF09FFB12243A4D8A
:1028C000AB6A980724D500243A4B36490293CDE9E8
:1028D00000442346012220460EF08FFB6F6BAB6A4B
:1028E000190659D5344B2F490397CDE9014300947C
:1028F0002346012220460EF080FBB9F1000F03D0E1
:10290000AB6A23F08003AB62132403E01024C7E713
:102910006FF01507244B9B6ADA070AD5274B029301
:102920000023CDE900331F49012218460EF065FB54
:1029300014241D4B9B6A9B060AD5214B029300234E
:10294000CDE900331749012218460EF056FB152435
:10295000154B9A6AD50602D49A6A90070AD55B6825
:10296000190507D54146384600F090FA10B180F3BA
:10297000098802240C4B9A6A920642BF5A6A22F4D2
:1029800000525A629A6A42F0FF029A62204600237D
:10299000337005B0BDE8F0836FF01507B4E700BFF2
:1029A000595301001C43010000ED00E06F5301008A
:1029B000E9510100A2530100BA530100D0530100B4
:1029C0005D5201002DE9F041754B5F6890B00446FF
:1029D000C7F30806002383F31188BFF36F8F02F05B
:1029E0007F40B0F17F4F0CD102F00C00082819D1C4
:1029F0006C4A6D490093CDE90132184601220EF070
:102A0000FCFA00252C464FF00008F31E8DF81F80BD
:102A1000092B00F2AC80DFE803F00BA0A49CAAAA6B
:102A2000AAAAAAA8120746BF0C461D460125EAE736
:102A30005E4B5D495A4FCDF80080CDE901830023FC
:102A4000012218460EF0D9FA8DF81F80FE6A16F0A2
:102A5000020605D0564BCDF80080CDE9018306E093
:102A6000FB6A002B0BDA534B0096CDE90163002380
:102A70004D49012218460EF0C0FA00223BE0FB6AE5
:102A80005B00FAD54C4B48490096CDE90163012221
:102A9000334630460EF0B1FA7B69A26943F4807385
:102AA0007B61BFF34F8FBFF36F8F7B6932F8022CCE
:102AB00023F480737B61BFF34F8FBFF36F8F4DF6AD
:102AC00002739A420AD0BB6ADBB2002B33D00DF1FD
:102AD0001F0201212046FFF7C3FE3CE02368039359
:102AE000364B31490096CDE9016301223346304629
:102AF0000EF083FA22689DF81F30CBB908AE04F1BE
:102B0000200720686168334603C30834BC421E4670
:102B1000F7D10F9B002D3ED0C3F3080121B96FEA16
:102B200053236FEA43230F9308A91046FFF7DCFCF9
:102B300010B0BDE8F081BB6A13F47F4F05D00DF1F2
:102B40001F010120FFF76AFD05E0BB6AB3F5803F76
:102B500093D3FFF701FE0246CDE70DF11F020021DE
:102B6000B8E70DF11F010020ECE7154B73E7154A9C
:102B7000154B0D4917F4F87F18BF1346103ECDE9E9
:102B80000336124B02930023CDE90033012218468D
:102B90000EF033FA71E723F4FF7323F00103C2E769
:102BA00000ED00E01D5401001C43010048540100E9
:102BB0005F540100805401008E540100AD540100A7
:102BC000C954010004540100EF530100ED54010009
:102BD000044B5A6942F010025A615A6922F0080205
:102BE0005A61704700ED00E0EFF30880EFF30981D0
:102BF00001B57246FFF7E6FE01BD00BF002080F37D
:102C00001488BFF36F8F0F4880F3088809F03EFEE9
:102C100000200D490860BFF34F8F00F02BF82020F3
:102C200080F3118809484FF40461401880F3098843
:102C3000EFF314800221084380F31488BFF36F8FF1
:102C400000F0ECF80038002094ED00E04026002071
:102C50000749D1F890200023C2F307221846934277
:102C600000DB7047C1F89830C1F8A0000133F6E7E7
:102C700000ED00E008B572B6002383F31388FFF778
:102C8000E7FF144B4FF0FF32C3F88020C3F88420D5
:102C9000C3F88820C3F88C20C3F89020C3F8942090
:102CA000C3F89820C3F89C20C3F88021C3F884217E
:102CB000C3F88821C3F88C21C3F89021C3F894216C
:102CC000C3F89821C3F89C2162B6BFF34F8FBFF3BE
:102CD0006F8F08BD00E100E0084B9B6883420BD179
:102CE000EFF3058343B1064B5A6842F080525A60B5
:102CF0005A6A22F400425A620CF0EABC0023002017
:102D000000ED00E015498A684FF030001044EFF301
:102D1000098C80E8F01F202080F31288BFF36F8FAA
:102D20000F4F4FF000664A698A603E604FF07404AE
:102D3000141920680B4C2060906F0023936780F378
:102D4000118804B5104600F005F9BDE8044002F111
:102D5000300090E8F01F8CF30988704700230020B2
:102D600004ED00E0741000201EF0040F0CBFEFF320
:102D70000880EFF30980816911F8021C0229FFD055
:102D800001B572460EF02EF901BD00BF40B2002819
:102D900007DB044A4109012300F01F00834042F889
:102DA0002130704700E100E040B200280CDB43090D
:102DB000064900F01F0020330122824041F8232001
:102DC000BFF34F8FBFF36F8F704700BF00E100E08C
:102DD000054B420900F01F0053F82220012303FA9B
:102DE00000F01040704700BF00E100E040B2002852
:102DF000A8BF00F1604001F10101B8BF064B4FEAE6
:102E00004111ACBF00F5614000F00F00C9B2B4BF82
:102E1000195480F80013704714ED00E00B4A08B510
:102E20000B4B22F07F029A60BFF34F8FBFF36F8F7F
:102E3000D3F8882022F47002C3F888200BF0CEFD6E
:102E40000CF066FD00F05CF80BF00CFE00000000DA
:102E500000ED00E042F8203C009B42F81C3C0A498F
:102E6000019B42F8183C029B42F8143C21F00101FE
:102E70004FF0807342F8043C42F8081C0023203ACB
:102E800002658367704700BFA50F0000094A03462B
:102E9000906870B113F1160F406E05D0A0F140029A
:102EA0009A4205D8834203D2814228BF002070474E
:102EB000002070470023002008B51546094A0A4B38
:102EC0009060426F1A600E4600F044F82C4686F37C
:102ED00009880020054B9847204600210022002346
:102EE000034C204700230020741000202310010011
:102EF000A50F0000014B10221A61704700ED00E0A1
:102F0000044800232021C2180133302B82F800131B
:102F1000F9D1704700E100E008B5EFF30583064AF8
:102F2000103B02EBC30152F8330049688847BDE803
:102F30000840FFF75FBB00BF98400100024B034A07
:102F40000348012100F096B8000004200000002092
:102F5000AC440100426E054B403A1A60044A4021DD
:102F6000C3E901121846012100F08EB87810002044
:102F700000000B151FB5144AD2F89030C3F3072395
:102F8000013B98420FD9114B029300230390CDE9E6
:102F9000003318460E4901220EF076F86FF0150046
:102FA00005B05DF804FBC2F898000B6823F01F031E
:102FB000034343F01003C2F89C308B6843F00103D5
:102FC000C2F8A030ECE700BF00ED00E004550100BE
:102FD0000C430100F0B50E4689B01F46044600259B
:102FE000B54212DA606838B3BFB1431E18420FD041
:102FF000134B02930023CDE90033124903950122BC
:1030000018460EF041F86FF01502104609B0F0BDF9
:103010001F28EDD921680B42EAD1236805930EF0F1
:1030200023F8A36805A90343D0B20793FFF7A2FFD3
:1030300010F1160FE7D0421C01350C34D0E700BF69
:103040002A5501000C430100044B0522C3F89420CB
:10305000BFF34F8FBFF36F8F704700BF00ED00E0ED
:10306000BFF35F8F024B0022C3F89420704700BF6C
:1030700000ED00E010B5034C01232278FFF7AAFF12
:10308000207010BD1725002008B50B4A00231278C8
:10309000FFF7A0FF10F1160F07D0084A0021D2F861
:1030A0009030C3F30723984200DB08BDC2F89800B4
:1030B000C2F8A0100130F2E71725002000ED00E073
:1030C0002DE9F04357485849D0F890300D68C3F3C4
:1030D00007239D4285B000F2A180FFF7C1FF496838
:1030E0000022954201F10C011AD1504C504F25702D
:1030F0006846FFF7F9F8DFF83C81DFF83C910646B7
:103100000025AE421FD1237846490020D1F89020F7
:10311000C2F3072293427BDBFFF796FF00204CE0CF
:10312000C0F8982051F80C3C23F01F03134343F0E0
:103130001003C0F89C3051F8043C43F00103C0F880
:10314000A0300132CDE7009800EB05114FEA051CD5
:10315000CB683B40B3F5000F44D00AD8B3F5001F4D
:103160002ED0B3F5800F34D0B3F5801F10D00135C9
:10317000C7E7B3F1807F3ED0B3F1007FF7D150F8BD
:103180000C3088684A680DF06FFF40F4802009E039
:1031900050F80C3088684A680DF066FF40F088509F
:1031A00040F43020039001A92078CDE90123FFF7F6
:1031B000E1FE002828DA6FF0150005B0BDE8F083C5
:1031C00050F80C3088684A680DF04EFF40EA08005D
:1031D000E8E750F80C3088684A680DF045FF40EA8F
:1031E0000900DFE750F80C3088684A680DF03CFFB2
:1031F00040F08270D6E750F80C3088684A680DF0CD
:1032000033FF40F08870CDE7237801332370AEE7B9
:10321000C1F89830C1F8A000013377E74FF0FF30D4
:10322000CBE700BF00ED00E0B84401001725002007
:103230000000F0FF0000081100000202F0B587B0A6
:1032400007460E4614460021102268461D4610F01F
:10325000F3FD02238DF802302A46054B01932146E7
:103260006846CDE904760CF0BDFF07B0F0BD00BFA5
:10327000A910010008B5024B1B689847002008BD43
:1032800084100020034B044A1860937843F0020333
:1032900093707047841000201805002008B5064977
:1032A000064821F00701C1F1005202F580220DF01D
:1032B000CCFA002008BD00BF874000208810002005
:1032C0000E4A0123C2F840354FF080424FF0805142
:1032D000C2F87835D1F83001082808D1D1F8341176
:1032E000052904D80648415C09B1C2F838364FF0C8
:1032F00080430122C3F880250020704700E0014090
:103300005C55010020B1034B800143F001031847D5
:10331000704700BFE0430100BFF34F8F0549064BE4
:10332000CA6802F4E0621343CB60BFF34F8F00BF63
:10333000FDE700BF00ED00E00400FA05024B1B684A
:1033400003B11847FF207047981000200A4B0B4A22
:103350000020C3E900000A4B1A600A4A5A600A4A70
:103360009A600A4ADA600A4B0A4A9860C3E9002068
:10337000094ADA60704700BFBC1000205D350000CC
:10338000AC100020A13400009D330000BF100100EC
:103390009C1000203D330000C110010030B544787E
:1033A0008FB00546ACB1204600F0D4FA1A4B029318
:1033B0000023CDE9003303900122184918460DF08F
:1033C00081FE174B6A781A7016480BF0C3FC0FB0D9
:1033D00030BD0378052B12D0092B1BD0012BF0D167
:1033E000072304A88DF8103003F062FF059B0393B8
:1033F0000D4B0094CDE9014303222346DDE70B4B3F
:1034000006490094CDE901430322234620460DF0EE
:1034100059FED6E7064BF3E766550100FC42010072
:1034200018250020580800207E5501009C550100F9
:10343000BC55010030B5114C8FB02D23054604A8B2
:103440008DF8103003F034FF9DF914302278934248
:1034500000D18DB1D8B20A4B20701B6803B19847D8
:1034600023780393074B02930023CDE900330649E9
:10347000032218460DF026FE0FB030BD1A2500209D
:1034800094100020CC550100FC420100034BBFF317
:103490005B8F1868BFF35B8F704700BFC4100020BC
:1034A0002DE9FF414278044682B1104600F052FAFD
:1034B000264B029300230390CDE9003324490122D7
:1034C00018460DF0FFFD04B0BDE8F081FFF7DEFF08
:1034D000C10702D51046FFF7ADFFFFF7D7FF8307FF
:1034E0000ED4237F63B1BFF35B8F1A4B53E8001FE9
:1034F00041F0020143E80012002AF7D1BFF35B8FCD
:10350000217F63794900012B08BF41F00101124B73
:103510001D68CFB2002DD6D0083D4FF6FF782B881E
:10352000E078434501D083420AD1A3680193237B0D
:1035300000936E6894F91030B4F90E203946B04704
:10354000AD68002DBFD0083DE9E700BFE45501009C
:10355000FC420100C4100020BC1000201FB504462E
:10356000407860B100F0F6F90D4B02930023039010
:10357000CDE900330B49012218460DF0A3FDFFF7FA
:1035800085FFC30702D50020FFF754FF064B627882
:103590001A70064804B0BDE810400BF0DBBB00BF5A
:1035A000FF550100FC4201001925002040080020C1
:1035B000F0B504469FB04FF0FF324FF0FF3368483C
:1035C0000BF000FB01261D230AA88DF828308DF88A
:1035D0002C6003F085FF257D002D6AD1614B8DF8AD
:1035E00014601B788DF819300227342314A88DF845
:1035F00018708DF8503003F05BFE20B35A4B5B49D6
:103600000095CDE9015332462B4628460DF05AFD70
:10361000EA24204600F092F9554B029300230390D0
:10362000CDE900331846514901220DF04BFD2046EB
:1036300000F09CF9044600287CD049480BF03AFB86
:1036400020461FB0F0BD159BA2899A80236915936F
:1036500014A88DF8507003F043FF03238DF8503009
:1036600014A82368159303F03BFF09238DF850300D
:1036700014A86368159303F033FF08238DF85030C6
:1036800014A8A368159303F02BFF05A804F04EFAC5
:1036900004460028BDD14FF0FF3336484FF0FF32CB
:1036A0000BF08CFB344B1878002843D000F070F9F5
:1036B000C0E7012D51D135238DF8503014A82F4B80
:1036C000159303F00DFF06238DF8503014A8002346
:1036D000159303F005FF07238DF8503014A82368D5
:1036E000159303F0FDFE0C238DF8503014A8A36849
:1036F000159303F0F5FE0D238DF8503014A8A36840
:10370000159303F0EDFE0E238DF8503014A8A36836
:10371000159303F0E5FE0F238DF8503014A863686D
:10372000159303F0DDFE14A88DF850508DF8545019
:1037300003F0D6FEFFF7AAFEC30709D42D238DF8A8
:103740005030084B14A81B788DF8543003F0C8FE95
:103750000120FFF76FFE00246FE76FF015046CE7A0
:10376000DC0700201B25002017560100FC42010049
:1037700031560100580800201825002000030001E0
:10378000F0B507468BB015461C460E4609B9002A0F
:103790005FD131484FF0FF324FF0FF330BF012FA98
:1037A00004A9284603F022FD88B300F0C7F80024DE
:1037B0002A4B03900293CDE9004429492346012274
:1037C00020460DF07FFC01258DF814400794ADF8DC
:1037D000204005A88DF8224005F08AF8044630B351
:1037E00000F0ACF81F4B02930023CDE900331C49D5
:1037F0000390012218460DF065FC204600F0B6F853
:10380000044615480BF056FA20460BB0F0BD5CB1EB
:10381000012C09D0144BADF8205093F900408DF8DD
:10382000187007960025D4E78DF81440F2E74FF0A2
:10383000FF330E484FF0FF320BF0C0FA0C4B1878F4
:1038400008B100F0A5F8002D044618BF6FF00A0477
:10385000D7E76FF01504D7E7F007002046560100C0
:10386000FC4201006B5601001A2500204008002090
:103870001925002000238360054B596800F10802D8
:1038800011B9C3E9002270470A605A60704700BF4F
:10389000BC100020014B1860704700BF941000203E
:1038A00070B51E4E1E4932781E4892B003F0D4FA0D
:1038B000054680B100F042F81B4B02930023CDE98E
:1038C000003303901846194901220DF0FBFB6FF0FD
:1038D000150012B070BD03F07FFC044640B100F04B
:1038E0002DF8134B0390CDE9015300952B46E9E7E2
:1038F000062306A930788DF818300EF017FF0D4B0F
:10390000C0B218700C4B187030238DF8203008A806
:103910001423099303F0E4FD2046DAE75E07002054
:103920009C100020AC10002083560100FC420100D6
:10393000A45601001B2500201A25002017289ABF35
:10394000024B53F820000248704700BFB445010005
:10395000D25601000F289ABF024B53F820000248AC
:10396000704700BF74450100E25601001628034667
:1039700008D8064A52F8200030B9002B18BF6FF063
:10398000150070476FF01500704700BF1845010023
:103990000F28034608D8064A52F8200030B9002BF9
:1039A00018BF6FF0150070476FF01500704700BF2B
:1039B000D844010001480BF05DBB00BF2805002082
:1039C000014B186059607047C8100020024B1A68FC
:1039D0005B6802600B607047C810002008B50DF0EE
:1039E00092FB024B1B68C01A08BD00BFD01000201C
:1039F000014810F0BEB800BF9007002007B501468F
:103A000040F2E7304FF47A72002300EBC130490CEA
:103A1000FCF7FAFC02460B4600210020CDE900012C
:103A200002480CF01BF903B05DF804FB900700207E
:103A300008B50DF068FB014B186008BDD0100020E0
:103A4000014B1868704700BFD010002010B5124C11
:103A5000BFF35B8F022354E8002F012A03D144E80F
:103A600000310029F7D1BFF35B8F0CBF012000208C
:103A700010D10A4BDB6A9847002344F8403CBFF35F
:103A80005B8F54E8002F44E800310029F9D1BFF3DF
:103A90005B8F012010BD00BF1811002028470100D6
:103AA00010B5064B5C68FFF7D1FF30B12CB1002197
:103AB0002046BDE810400CF063B910BDD4100020C2
:103AC00013B50D4BD3E901433BB10C4B5B6B019339
:103AD000002002B0BDE810401847FFF7B7FF40B123
:103AE0003CB16FF00401204602B0BDE810400CF07C
:103AF00047B902B010BD00BFD41000202847010014
:103B00002DE9F347284C9A46D4E9019307460D4620
:103B1000164683B1254B00205B6B9847E368CDE9DF
:103B200000A32A46D4F80880206833463946C047A7
:103B300002B0BDE8F08704F144020223BFF35B8FBB
:103B400052E8001F012903D142E800300028F7D1D4
:103B5000BFF35B8F9046EBD1E36C1A78AA4288BF23
:103B60001D70E36CA06C1A78394610F03DF9236D96
:103B700003B11E80636D0BB183F800A00B4BDB6AB1
:103B8000984700216160BFF35B8F58E8003F48E829
:103B90000012002AF9D1BFF35B8F484602B0BDE89E
:103BA000F0470CF0EDB800BFD4100020284701000A
:103BB000F0B5044687B000680E460FF0B4FD2568E6
:103BC000034670B92A6803921E4A1F490090CDE946
:103BD000010201220DF0DEFA6FF01205284607B04F
:103BE000F0BDE38821793343D802D5F808C02F69A6
:103BF00006D513F4402F03D0DA0748BF83F44023DF
:103C00003868012623F480128E40DB074CBF304316
:103C1000B0433860DCF80030284698470546002855
:103C2000DCD0059023790493236807491B6803932C
:103C3000064B02930023CDE90033012218460DF014
:103C4000A9FACBE76A5901004C43010083590100EE
:103C500070B50D460F49BFF35B8F012051E8004F4F
:103C6000002C03D141E80006002EF7D1BFF35B8F93
:103C70000CD1094E41F8403CD4B2736D21469847AF
:103C80002846B36A21469847002070BD6FF00F00A8
:103C9000FBE700BF18110020284701002DE9F0477D
:103CA00000258EB005ACDFF8BC8081468A461746F9
:103CB0002946102209A80126CDE90544CDE907557A
:103CC00010F0BAF88DF83160D8F834300D94002B2C
:103CD00045D023463A4651464846FFF7B9FF041EF1
:103CE00039DBFFB2CDE901570396B8F83C301E4CE2
:103CF000009398F83A3098F8392098F83810646AA8
:103D00003046A047014640F2E7304FF47A72002374
:103D100000EB0140C1F30E41FCF776FB02460B4677
:103D2000314609A80BF0D4FF041E14DA0F4B1049DA
:103D30000095CDE9015332462B4628460DF02AFA6C
:103D4000FFF784FE38B94FF0FF324FF0FF333146B2
:103D500009A80BF0BDFF20460EB0BDE8F0876FF05C
:103D60001504F8E7D410002028470100A3590100EA
:103D70004C430100F0B591B000248DF8172007AD39
:103D80000F46102221460BA8CDE90755CDE909447D
:103D9000012610F051F82C4B8DF839600F95BFF3C8
:103DA0005B8F53E8002FA24203D143E80061002952
:103DB000F7D1BFF35B8F43D10DF1170243E91054E4
:103DC0009A60224D189ADA60199A1A615F60FF2191
:103DD0006B6D304698476B6B20469847DDE916239C
:103DE00031460BA80BF074FF051E1ADAFFF72EFE02
:103DF00050B94FF0FF324FF0FF3331460BA80BF0B4
:103E000067FF9DF8175009E0114B12490094CDE966
:103E100001430322234620460DF0BCF9284611B089
:103E2000F0BD0A9B002BECDA0B4B0A490094CDE95C
:103E300001433246234620460DF0ACF90A9DEDE7DA
:103E40006FF00F05EAE700BF1811002028470100B6
:103E5000BF5901004C430100CF59010010B529B9E9
:103E6000FFF7F4FDD8B96FF0150010BD0E4BBFF38E
:103E70005B8F012053E8004F002C04D143E8000C75
:103E8000BCF1000FF6D1BFF35B8F0AD1074C43E9B9
:103E90000F12636DFF219847636B00209847002045
:103EA000E3E76FF00F00E0E718110020284701005A
:103EB000F0B52C4DBFF35B8F8BB00C46012755E856
:103EC000003F002B03D145E80072002AF7D1BFF371
:103ED0005B8F43D1244E2068F3689847E37A4BB355
:103EE0002346103D04F11007186859682A4603C29A
:103EF0000833BB421546F7D14FF47A63089300228A
:103F00000120237B0793CDE90522CDE903202389F6
:103F10000293A379019363790093F569237994F966
:103F20000A10A847B36D607B9847FFF78FFD00200C
:103F30000BB0F0BD0997227BB569CDE90732CDE919
:103F40000533CDE903330A2202922289CDE90032FA
:103F50003846A37962792179A847E3E76FF00F002B
:103F6000E6E700BF181100202847010038B50846D1
:103F700011461A460B4BBFF35B8F012453E8005FD9
:103F8000002D04D143E8004CBCF1000FF6D1BFF383
:103F90005B8F04D1044BDB6B9847002038BD6FF07A
:103FA0000F00FBE7181100202847010038B5114B1E
:103FB000BFF35B8F002453E8002F43E80041002942
:103FC000F9D1BFF35B8F0C4943F8341C0B490C4DFE
:103FD00043F82C1C0B4943F8241C0B4943F8301CB4
:103FE0002A6843F8440CA3F134009047EB6A9847E1
:103FF000204638BD18110020A13A0000013B000006
:1040000028470100C13A0000B31101001FB50F4C51
:10401000E36953B90E4A0F490093CDE901321846BE
:1040200002220DF0C8F804B010BD002098470A4BDA
:104030001B6E03B1984794F82030002BF3D003484F
:1040400004B0BDE8104000F057B900BF2C110020AB
:10405000EB5901004443010028470100F0B54FF43B
:10406000B011476885B006462348FFF7A1FD054615
:1040700000283DD1214922480FF030FC304600F0A5
:1040800065F9044660B11F4B1F490095CDE9015306
:1040900001222B4628460DF08EF8204605B0F0BDD3
:1040A00038680FF040FB60B9184B02930023CDE94C
:1040B00000331549012218460DF07DF86FF0120407
:1040C000EBE7F86818B10FF02EFB0028ECD0304673
:1040D000FFF76CFF051EE0DA0D4B02930023CDE9DC
:1040E00000330949012218460DF065F82C46D4E743
:1040F0006FF00404D1E700BF2C4601000D40000022
:10410000381100201A5A010044430100385A0100B6
:104110004D5A0100024801220A210DF05BB800BF90
:10412000F83F0100024800220A210DF053B800BFF9
:10413000F83F0100014B93F8200070472C1100203C
:104140000346034880F820300BB900F0EFB8704701
:104150002C110020014BD861704700BF2C110020AA
:1041600010B5044C204600F095F8012384F8203067
:1041700010BD00BF2C11002010B5054C204600F0EA
:10418000A3F800B910BD002121200FF077FCF5E75E
:104190002C11002070B590B00D46DDE91461CDE919
:1041A0000A3108ABCDE90802CDE90C5204930CAA00
:1041B00002230446CDE90E61CDE9062305930DF0F7
:1041C000FAF91248D5B9CEB9836811491D6804AA15
:1041D0003346A84700280ADA0E4B029300230390C7
:1041E000CDE900330C49012218460CF0E4FF237896
:1041F000842B01D0FFF7C0FF10B070BD8368044965
:104200001D68024806AB04AAE3E700BF7040010046
:1042100018460100705A01004443010070B5154D65
:104220008AB0284600F068F8C023ADF8143005AB1A
:10423000069302230793012406AB089309940E48C2
:104240000E49836808AA1E680023B04700280CDACC
:104250000B4B029300230390CDE90033094922461A
:1042600018460CF0A8FF0AB070BDFFF785FF85F86F
:104270002040F8E72C110020704001001846010092
:10428000705A010044430100014800F029B800BF02
:104290002C11002010B50B4C0122032120460DF0FB
:1042A00082F800214FF424700FF0E8FB0022032174
:1042B00020460DF078F84FF4A470BDE810400021BE
:1042C0000FF0DCBB0C40010008B5042103480DF0E1
:1042D0003FF8003818BF012008BD00BFF83F0100BB
:1042E00008B5062103480DF033F80028D4BF00209C
:1042F000012008BDF83F010010B40B4883689C6999
:104300007CB103691B6813F0400FA44618BF4FF03F
:10431000007310BC08BF4FF080634FF0A0720621FD
:10432000604710BC704700BFF83F010010B406485A
:1043300083689C6934B1A446002310BC4FF400127A
:104340000621604710BC7047F83F010030B54FF4BC
:10435000D0110569194885B00CF0DBFF70B1184B1E
:1043600002930023CDE900331649012218460DF0CF
:104370000AF86FF00404204605B030BD12484FF42F
:1043800080310CF0C6FF0028E9D110484FF480318D
:104390000CF0BFFF04460028E1D10D4B0D486B60C7
:1043A0004023AB608368DB690BB90B4BD8E7012274
:1043B000294698470028DEDAF7E700BF44460100A7
:1043C000995A0100444301003C4601003446010073
:1043D00079130100F83F0100B45A0100074B084966
:1043E0001A6843F2390001FB020018606FF00043C5
:1043F000B0FBF3F3C3EBC373C01A7047380500205A
:104400006D4EC641014B1860704700BF3805002053
:1044100030B530B10A4D01444FF0FF33814201D134
:10442000D84330BD10F8012B5340082243F3000459
:10443000013A2C4092B284EA5303002AF6D1EDE708
:104440002083B8ED044A13680BB10021597243610F
:1044500010600DF069B800BF5011002037B5044658
:1044600001A80CF088FE6CB1174D2A68134673B989
:1044700063682360012323816AB9FFF7D9FA2046D4
:10448000FFF7E0FF01A80CF07FFE03B030BD9C42B7
:10449000F8D05B69EBE7FFF7A1FA236818442B68B3
:1044A00020601A689042EAD35A69596911B95C616F
:1044B0006161E7E71168884202D913465269F4E75F
:1044C0005C616261DEE700BF50110020F8B5FFF7C4
:1044D000B7FA1C4C0546FFF7ABFA2368A3B1471B9C
:1044E0001E462D1A716929B95A692260DA68197253
:1044F00042B9FEE70A68BA428CBF521900220A602C
:104500007669EFE718699047002623682BB9206881
:1045100080B9F8BD18699047F7E71D68FFF75EFAA4
:104520008542F4D223685A692260DA681E72002A32
:10453000F0D1FEE7437A002BEBD1BDE8F8400CF058
:10454000F3BF00BF5011002037B5134D044601A83A
:104550000CF011FE2B686BB164B10022A3422272F1
:1045600011D1597A5C6961B15A7244B120462C600C
:104570000CF0DAFF01A80CF007FE03B030BDFFF726
:1045800037FA2C60F6E71A465B69002BF2D09C42A2
:10459000F9D163695361EDE75011002007B5074B6E
:1045A0001B7840BAADF804002BB9022201A940F2F1
:1045B000BC600CF06EFE03B05DF804FB1E2500200D
:1045C00007B5074B1B7840BAADF804002BB902229F
:1045D00001A940F2BE600CF05CFE03B05DF804FB84
:1045E0001E25002010B50C4B1B7804469BB94FF4D8
:1045F000D7600CF083FEC4F3002100F0FE000143FD
:104600004FF4D7600CF059FEE1B240F2B960BDE85A
:1046100010400CF052BE10BD1E25002013B50446FC
:10462000FFF780FD04F0070314F004048DF8073051
:1046300008BF084B4FF001020DF107014FF0840055
:1046400008BF1C700CF005FE0020FFF779FD02B0DA
:1046500010BD00BF1C25002010B50446FFF780FDEB
:104660002046FFF777FDFFF7D9FD00200CF0C2FFD1
:104670000CF0C4FD0CF0C3FD034B00221A70BDE822
:1046800010400120FFF75CBD1C250020134B984211
:1046900007B50BD94EF6E113ADF80430022201A99B
:1046A00098200CF0D6FD03B05DF804FB0C4B98424B
:1046B00002D94DF6D733EFE70A4B984202D94CF2B4
:1046C000C153E9E7084B984202D948F27513E3E772
:1046D000064B9842E2D946F66B73DDE700E9A43554
:1046E00080F8A9328044E52D000B6B1B40FC541967
:1046F00037B5104D2B7804461BB9FFF7C7FF0123D0
:104700002B7043F6095241F68463B4FBF2F102FBCD
:10471000114403EB8433B3FBF2F3042203EB813344
:104720001BBA0DEB0201862001930CF092FD03B041
:1047300030BD00BF1C25002007B5064B8DF80700D3
:10474000187001220DF107018A200CF082FD03B0E0
:104750005DF804FB1E250020014B1878704700BF50
:104760001E25002013B5224A0446516810686B4686
:1047700003C3204B20781B78834201D0FFF7DCFF76
:1047800023781BB1012B2ED002B010BD62681A4BEA
:10479000B3FBF2F31A0C8DF800201A0A8DF80120F1
:1047A0008DF80230A268237B8DF8033043F609515F
:1047B000637BB2FBF1F08DF8043001FB102241F66F
:1047C000846303EB8233B3FBF1F303EB80331A0C06
:1047D0005BBA8DF80520ADF80630082269468B20BB
:1047E0000CF037FDD0E7236900930422F6E700BF01
:1047F000B84301001E2500200000093D1FB52B4ACB
:104800000446D1689068127C01AB03C31A70284B30
:1048100020781B78834201D0FFF78EFF23781BB1ED
:10482000012B31D004B010BD637AF12B20D14FF6AB
:10483000FF70FFF7B3FE48F20500FFF7C1FE022349
:104840006288A188ADF8061052BAE188ADF804205C
:104850008DF80B30227AA37A8DF80A20ADF8081073
:104860008DF80C30092201A98C200CF0F2FCD9E75C
:10487000F22BE5D141F60F50FFF790FE41F22100F7
:10488000FFF79EFE0623DBE7A3890A4A5BBAADF871
:104890000430A37B13708DF80630E37B8DF807306E
:1048A000238AADF808300622DDE700BFB8430100D7
:1048B0001E2500201D25002037B505460C46022286
:1048C00001A913200CF0D3FC0A4B1B78012B0DD14E
:1048D000094B1B78012B09D140F202700CF00EFD40
:1048E0009DF805302870237003B030BD9DF804009A
:1048F000F6E700BF1E2500201D25002013B503226A
:10490000044601A914200CF0B2FC184B1A7822704E
:104910004AB1012A17D013220021601C0FF08CFA33
:104920000F2323700DE09DF8043023719DF80530AE
:10493000A2605B425B10A3719DF806305B425B1086
:10494000637102B010BD9DF804305B425B102373AD
:104950009DF9053002339B1063739DF806305B426E
:104960005B10A373024B1B682361EAE71E2500203E
:1049700054110020034B1B6813B15B6803B1184747
:10498000704700BF7C120020034B1B6813B1DB682B
:1049900003B11847704700BF7C120020014B012271
:1049A0001A7070472125002008B5FFF7C3FB0438B3
:1049B000C0B2032896BF024B0020185C08BD00BFA0
:1049C000E45A010038B50C46002340F201211A4692
:1049D000054608460CF02AFFFFF7BEFE0C4B0128E7
:1049E0000C480CBF83F8C74083F8C040FFF706FFB0
:1049F0002146284600220CF025FE074B074819687F
:104A00000CF0B0FDBDE838400448FFF727BD00BFFB
:104A10008811002040120020981200207011002000
:104A200038B50D461446FFF763FE2846074D0CF0D7
:104A3000E9FB0CF09BFE4FF47A71284661430CF0C1
:104A400091FD2846BDE83840FFF708BD70110020F1
:104A500073B5574D01A80CF08EFB2C78002301A8EC
:104A60002B700CF091FB002C61D00CF0F4FE04468E
:104A70000CF080FF01A80CF07EFBFFF705FC01287D
:104A800008BF287001A80CF07FFBE5070BD549484B
:104A9000FFF75AFD0120FFF753FB474B1B6813B18B
:104AA0001B6803B19847A00711D54448424EFFF751
:104AB0004BFD14F0400F424B3BD01B7813B9012043
:104AC000FFF73EFB336813B11B6903B1984721061A
:104AD0000AD50120FFF734FB374B1B6823B19B69D4
:104AE00013B1C4F300209847A2050FD5FFF722FBAE
:104AF00004284CD12F48FFF727FD0120FFF720FBAA
:104B00002D4B1B6813B15B6803B19847A3060ED504
:104B10002A48FFF719FD2A4B1B7813B90120FFF72C
:104B20000FFB254B1B6813B1DB6803B1984702B03C
:104B300070BD1D7895B90120FFF702FB294640F6AC
:104B400002100CF0BAFB40F644100CF0D7FB40F01A
:104B50000201C9B240F644100CF0AFFB194D1A48DF
:104B6000FF220DF103010CF0ECFE2846FFF7C6FE14
:104B70003368002BABD09E68002EA8D095F90D307D
:104B800095F90C209DF803100F48B0479FE7FFF7F9
:104B9000D1FA0528BAD10948FFF7D6FC0120FFF762
:104BA000CFFA054B1B68002BB0D0DB68ACE700BF29
:104BB00021250020701100207C12002058110020B7
:104BC00021260020801200202225002010B590B15F
:104BD0000A4B012219461C68A04206D39C68A042D9
:104BE00003D201EBC201087910BD0132162A03F18C
:104BF0000803F0D1FEE71F20F6E700BF784601006A
:104C00000128094806D1094B80F8C7101970B8303F
:104C1000FFF7F4BD90F8BF30012B04D1034B80F8AF
:104C2000C0101970F3E77047881100205F0700205B
:104C300000234FF6FF7110B51A46044608460CF0E3
:104C4000F5FD34B1094821460CF08CFC0748FFF70C
:104C500005FC074B1B782BB16FF07F40BDE810407F
:104C60000CF0F9BC034B18688001F7E758110020DD
:104C7000212600209412002000234FF6FF7110B56A
:104C80001A46044608460CF0D1FD34B109482146C5
:104C90000CF068FC0748FFF7E1FB074B1B782BB1D2
:104CA0006FF07F40BDE810400CF022BD034B186848
:104CB0008001F7E7581100202126002094120020DF
:104CC000F0B5BDF814409DF818C09DF81CE09DF8A3
:104CD000205040B1012814D0012200239818013837
:104CE000B0FBF2F0F0BD8CF0010CE30003EBCC0361
:104CF00018330EEB450503EBC5034FF47A714B43B4
:104D0000ECE7501F012803F1040304D80C2C38BF32
:104D10000C24002706E0C1B9A2F10B07012F8CBFBC
:104D2000002701272801BCF1000F00EBCE000CBFCB
:104D300014250025A0EB8200062A4FEA82062844AB
:104D4000A2F1020C08D835460BE00129E1D1A2F10D
:104D50000C0047424741E5E70830002FF3D04FEA07
:104D60008C050028ACBF2E182E1C701E90FBF5F091
:104D700003FB0044094B062A5A5C8CBF0C340E34EA
:104D80000A2A0AD8A30001334FF47A7103FA0CF30C
:104D90004B43034951F82220A0E7FFDEE85A010007
:104DA0004C4601000D4B10B504461870587000F0C9
:104DB00017F85CB134214FF4E8600CF07EFA44211E
:104DC000BDE8104040F241700CF077BA14214FF466
:104DD000E8600CF072FA2421F2E700BF1F250020E2
:104DE00008B50120FFF7A8FC054B18785A788242D5
:104DF00004D05870BDE80840FFF7D4BF08BD00BF1D
:104E00001F250020012808B506D00020FFF794FCDC
:104E1000034B00225A7008BDBDE80840FFF7E0BF11
:104E20001F2500202DE9F04F85B089469DF84C10D4
:104E300000919DF85C109DF844A0BDF84070694C4D
:104E4000DFF8A4B1BDF83C602170002918BF00272D
:104E5000BAF1000F15469DF8482008BFFF228BF8D5
:104E60000020804620B1012854D005B0BDE8F08F65
:104E70005E4C0CF086FC0B234FEA490084F8EC30C2
:104E800084F8E080C4F8E450FFF7A0FE41F6040384
:104E9000A4F8BC309BF8003084F8C030009B84F844
:104EA000ED00002B0CBF0123F22384F8C130F60083
:104EB00001238AF0010A84F8C23084F8B880A4F88B
:104EC000BA6084F8BE8084F8BFA00CF061FD94F84D
:104ED000E000003818BF0120FFF794FF04F1E00064
:104EE000FFF740FC04F1B800FFF788FC404A106867
:104EF000516802AB03C302A80CF073FB40F2FF1031
:104F0000FFF770FB4FF4FA537B43B3FBF5F3394AD9
:104F10001360AAE70020354C01930CF032FC3649AF
:104F2000019B11F8091084F8E080EAB284F8F020BF
:104F3000B9F1000F45D10B3D012D8CBF0025012596
:104F4000053A012A02D80C2E38BF0C2684F8F2301C
:104F5000012384F8B8309BF8003084F8C730009BF8
:104F600084F8C8309DF8583084F8C93084F8F110BE
:104F700084F8F350A4F8C46084F8C6A00CF008FDCF
:104F800094F8E000003818BF0120FFF73BFF1B48F2
:104F9000FFF7E8FB1A48FFF731FCF8B20CF0FDFB15
:104FA00094F8C930012B40F2367014D10CF0A6F9F8
:104FB00000F0FB0140F236700CF07FF94FF6FF7302
:104FC000A5E7B9F1010F04D1A5F10C004542454117
:104FD000B6E70025B4E70CF091F940F00401C9B23E
:104FE000E8E700BF212600205F070020881100208D
:104FF000C943010094120020E85A01006812002001
:10500000401200202DE9F74F0C9DBDF838709DF837
:105010003C909DF840A088469346064648B101283A
:105020004DD040F689000CF069F940F00401C9B296
:105030008DE0524C0B2284F8E000580084F8EC20FC
:10504000C4F8E450FFF7C2FD41F60403BAF1000FC3
:10505000A4F8BC300CBF0123F22384F8C130FF0058
:10506000012389F0010984F8C23084F8ED00C4F806
:10507000E8B084F8B860A4F8BA7084F8BE6084F828
:10508000BF900CF085FC94F8E000003818BF0120B8
:10509000FFF7B8FE04F1E000FFF764FB04F1B8008D
:1050A000FFF7ACFB364A106851686B4603C368468D
:1050B0000CF097FA40F2FF10FFF794FAB1E72F4C8B
:1050C000304984F8E000EAB2C95C84F8F020002B93
:1050D0004AD10B3D012D8CBF00250125053A012A3F
:1050E00002D80C2F38BF0C279DF8343084F8F230EA
:1050F000012384F8B830244B84F8F1101B7884F82D
:10510000C7309DF84C3084F8C93084F8F350A4F8C7
:10511000C47084F8C69084F8C8A00CF039FC94F8E8
:10512000E000003818BF0120FFF76CFE1748FFF7BA
:1051300019FB1748FFF762FB94F8F130062B7FF458
:1051400070AF40F689000CF0D9F800F0FB0140F692
:1051500089000CF0B2F840460CF054F8149A0D4B4C
:105160001A6003B0BDE8F08F012B04D1A5F10C0348
:105170005D425D41B2E70025B0E700BF8811002025
:10518000C9430100E85A01005F07002068120020AF
:10519000401200209812002008B5174B18601748DD
:1051A000FFF75AFA00200CF025FA01200CF020FB42
:1051B000002108460CF0ABFB042100200CF064FB3E
:1051C00000234FF6FF711A4608460CF02FFB40F6FD
:1051D000AC000CF059FC40F689000CF055FC084975
:1051E00008480CF0B7F9084908480CF0B3F9084B27
:1051F00000221A7008BD00BF7C1200209D490000EB
:1052000075490000701100208949000058110020E4
:1052100021250020A1F11003DBB2102B2DE9F0476E
:10522000044604D83A4820FA03F3DB0705D40023E8
:1052300082F8F030FF20BDE8F087561E254615F8AD
:10524000013B06F8013F631B0B4413F0FF00F6D14E
:1052500001F11C039B005FFA83FCC3F30313013BC2
:10526000DFF8B09082F8F030884653184FF0010E06
:10527000B8FBF1FA01FB1A8A1AF0FF0A13F8047C52
:1052800013F8036C13F8025C13F8014C30D119F8D1
:1052900006A019F8056019F8045019F807404FEAFC
:1052A000DE1707EB47078EEA0A0A07EBC7074FEA44
:1052B0004E0EFFB25FFA8EFE87EA0E0E574692F848
:1052C00000A087EA0A071F7057787E405E709678C4
:1052D00075409D70D57808F104085FFA88F86C4035
:1052E000C445DC7002F1040203F10403C0D8A2E754
:1052F0001829E4D9BAF1100FE1D1DFF818A01AF893
:1053000007701AF806601AF805501AF80440D6E734
:1053100001010100EB5C01002DE9F04FA3B092F810
:10532000F0301D911B920193002B00F05381014638
:105330001EA80CF01FFC1B9BA74CA84DA84E1033B9
:105340000293002303939DF87C0004909DF886004F
:105350000590205C06909DF87B000790205C0890EB
:1053600004989DF881C0205C099014F80C000A9004
:105370009DF880000B909DF885009DF878809DF841
:105380007DE09DF882A09DF887900C909DF87A00B2
:10539000029B1C9314F80A2014F8093014F8081022
:1053A00014F80E700D90205C0E909DF87F000F9009
:1053B000205C10900B98205C11900C98205C12904F
:1053C0009DF8840013909DF8790014909DF87E005C
:1053D0001590205C16909DF883001790205C189023
:1053E0001398205C19901498205C1A90039801304F
:1053F00003900298DDF804B0103002909DF80C0084
:10540000834536D88DF878108DF87A2009990E9A50
:105410008DF87C108DF882201199069A8DF88010F5
:105420008DF87E201999169A8DF884108DF88620B3
:105430000A99189A8DF87D108DF887201299109A84
:105440008DF87B301B9B8DF881108DF883201A9985
:10545000089A1D988DF885108DF87F201EA903EB02
:105460000B128DF879700CF085FB002023B0BDE89D
:10547000F08F15F808B082EA03008BEA000016F8F6
:105480000EB080EA0B008DF8780015F80E004B4046
:10549000434016F80A0043408DF8793081EA07034B
:1054A00015F80A10594016F80930594016F8083016
:1054B0008DF87A107A40534015F8092053408DF842
:1054C0007B30089A069B5340049AAA5C534016F816
:1054D0000C2053408DF87C30DDE908325A4015F835
:1054E0000C305340059AB25C53408DF87D30DDE9B5
:1054F00009325A40059BEB5C5340079AB25C53401B
:105500008DF87E30069B0A9A5340049AB25C5A404A
:10551000079BEB5C5A408DF87F200E9B109A5340FE
:105520000B9AAA5C53400C9AB25C53408DF88030C1
:10553000DDE910325A400C9BEB5C53400D9AB25C93
:1055400053408DF88130DDE911325A400D9BEB5C00
:1055500053400F9AB25C53408DF88230129A0E9BE2
:1055600053400B9AB25C5A400F9BEB5C1C995A401B
:105570008DF88320169B189A5340139AAA5C5340C7
:10558000149AB25C53408DF88430DDE918325A40E9
:10559000149BEB5C5340159AB25C53408DF88530F8
:1055A000DDE919325A40159BEB5C5340179AB25C07
:1055B00053408DF886301A9A169B5340139AB25C6A
:1055C0005340179AAA5C1EA853408DF887300CF000
:1055D00090FAB8E6FF2049E7EB5C0100EB5B0100C5
:1055E000EB5A01002DE9F043CBB00646DDF84891B7
:1055F000174698460D4689B3B9F1000F2ED004A87E
:105600000CF0FAFA164B1968002401F1140304EBAC
:1056100004101A5C424513D11530014404A80CF063
:10562000FBFAA6B93A46294604A80CF0FAFA6846ED
:1056300004A90CF061FB009BC9F80030002003E0D6
:105640000134172CE3D103204BB0BDE8F0831022C6
:1056500031460DEB02000CF0E4FAE3E70220F3E739
:105660009C12002030B5E9B04FF4D07200210446FE
:1056700068460EF0E1FB284B0DF1150203F1200105
:1056800053F8040B42F8040B8B42F9D11B881380AA
:1056900022490323452216A88DF847300EF0A4FBBB
:1056A0007F238DF8AD3080238DF8BE3081238DF8B7
:1056B000CF3082238DF8E03083238DF8F1308423BE
:1056C0008DF8023185238DF8133186238DF824312E
:1056D00087238DF8353188238DF8463189238DF85D
:1056E00057318A238DF868318B238DF879318C23DB
:1056F0008DF88A316CB10A4D4FF4D072694620465C
:105700002C600BF06FFE28680CF069FC002069B07B
:1057100030BD0220FBE700BFEB5D01000E5E010023
:105720009C1200202DE9F0410D46BEB01646984669
:10573000074670B36BB311F00F042CD1F022214651
:1057400001A80BF063FE154B1868214600F1140206
:1057500001EB0113D45CB4420BD1153301AA102123
:105760001844FFF757FD2C462E1BF6B244B92046CD
:1057700003E001311729EBD103203EB0BDE8F081F1
:1057800001AA08EB0601B819103CFFF7C5FDA4B249
:10579000EAE70220F1E70520EFE700BF9C120020B6
:1057A000F0B51D4E3468034685B00846002204F16A
:1057B000140102EB02154F5D9F4227D1802B05F1AA
:1057C000150508D07D33DBB2062B18D8492222FA02
:1057D00003F3DB0713D50023CDE90033CDE9023312
:1057E0007F2210216B46FFF79DFF04463068102290
:1057F000694628440BF0F6FD204605B0F0BD014691
:10580000102260190BF0EEFD0024F5E70132172A93
:10581000CFD10324F0E700BF9C12002008B5014659
:1058200030B1044B082218680BF0DCFD002008BDE5
:105830000220FCE79C120020014B1868704700BF53
:105840009C12002008B5014638B1054B18680822A3
:1058500010440BF0C7FD002008BD0220FCE700BF8C
:105860009C120020014B1868083070479C120020E1
:1058700008B5014638B1054B1868042210300BF00A
:10588000B1FD002008BD0220FCE700BF9C120020F3
:10589000014B1868103070479C120020044B054AD9
:1058A00093F8A831022B18BF062382F8883470477A
:1058B000D0120020F4190020034BD3F8483313B161
:1058C000DB6803B118477047F4190020034A1378C6
:1058D00043F002031370FFF7EFBF00BFB4120020C4
:1058E000034A137843F008031370FFF7E5BF00BFC6
:1058F000B4120020034A137843F004031370FFF737
:10590000DBBF00BFB4120020074BD3F8402322F4C2
:105910008072C3F8402393F8892442F0100283F880
:105920008924FFF7C9BF00BFF41900202DE9F04119
:1059300016461D4680460F460BF025FE084A094CC8
:1059400013782781C4E9000823F0110343F0110301
:10595000668125731370BDE8F041FFF7ADBF00BF4E
:10596000B4120020A01200201FB5094B8DF80900C9
:1059700093F88C208DF80A2093F858000D2202A984
:105980008DF808200CF0D2FEC0B205B05DF804FB23
:10599000D012002010B5154C94F8C92194F850305D
:1059A000012A4FF0010294BF84F8D52184F8D72151
:1059B000013394F8C821DBB29A4284F8503009D8F8
:1059C0000B48FEF7C1FD002384F85030BDE81040BD
:1059D000FFF772BF074C04F2BC40D4F8DC140BF0A4
:1059E000C1FD04F2BC40FEF739FDEFE7D012002004
:1059F000B01E0020F419002008B50748FEF7A4FDEA
:105A0000064B93F8162412B1012283F81524BDE841
:105A10000840FFF751BF00BFF01D0020F41900201F
:105A200010B50C4CD4F8403343F08003C4F8403335
:105A300094F8163413B10020FFF7DEFF94F8893490
:105A400023F0120343F0120384F88934BDE81040B8
:105A5000FFF724BFF41900202DE9F0414F4C90B01E
:105A600008B984F8C001B4F8DC30A4F8483094F8E0
:105A7000B93084F879304A4B4A4ED3E9100183E8B3
:105A80000300D3E9120103F1080282E80300B4F82D
:105A9000CC20A4F88C20D4F8D420C4F89420D4F8D6
:105AA000D820D4F8D010C4F8982000254FF0010871
:105AB00003F5407203F54573C4F89010A56384F8AC
:105AC000AB51A4F8B08184F84A5084F8AD5184F801
:105AD000AE51C4F8C451A4F8C85103A9C6F8E4549F
:105AE000A6F8145486F81654C4E9735594F858006F
:105AF00004932D4B84F8D551A4F8D6510392059305
:105B00008DF818800CF022FEE36FC6F8D83394F8B5
:105B10008D3086F8E43386F8D45394F8C03186F893
:105B2000E73306F575770FCF06F57A740FC486F85C
:105B3000E55386F8E6833B682360022386F8FA3350
:105B4000D6F8483386F81754CDE9015586F8F9831D
:105B50001BB15A68DB6801920293144B0793A3F1BF
:105B60004C020892A3F114020992114A0B922133BC
:105B70000A93A2F18C030C93A2F188030D93131DD9
:105B80000E9301A902F1DC0307A802F5C5620F9389
:105B90000CF0B4FA10B0BDE8F08100BFD0120020C4
:105BA0004C130020F4190020B81200205C1E0020C5
:105BB000B413002013B50BF0E6FC0A4B6C461860DA
:105BC00020460BF07CFC94E80300074A074B83E86F
:105BD0000300137843F02003137002B0BDE81040B7
:105BE000FFF76ABEB0120020B41200202C1D002066
:105BF000F8B52E4E96F8A831022B07460D4602D076
:105C00002B4BDB6A98470CF084FA044680B996F86F
:105C1000A831012B16D0274C94F8882494F8163418
:105C20006AB30BB184F84154284603F0CDF836E04E
:105C300002200CF064FA00200CF066FA96F8A83105
:105C4000012B11D10CF067FA90B100200CF058FA3A
:105C500000200CF05AFA0CF060FA28B100200CF089
:105C600050FA00200CF052FABDE8F840FFF716BEDB
:105C70000CF053FA0028F1D1002CCCD0F4E70BB192
:105C800084F84174384603F09FF8F06B0BF082FC07
:105C9000D4F8BC339842E7D30748FEF755FC94F894
:105CA000893443F0100384F88934DDE7D0120020F2
:105CB00028470100F4190020941D002073B5124DEF
:105CC000124E0096EB6D95F8602095F9881095F8C6
:105CD00058000CF057FD0223B37495F8C031F374EB
:105CE00095F85800012306F13802314673740CF020
:105CF00056FD30B1064B00205B6B9847B37C86F8AD
:105D0000A03002B070BD00BFD0120020DC1D00200A
:105D100028470100F8B53B4C94F8A851012D0646E0
:105D20000ED0022D60D0002D69D138B9D4E91F0101
:105D300004F1840383E80300002006E0012805D174
:105D40000CF0F2F908B984F8A861F8BD022856D120
:105D50002D4F84F8A80107F5757EBEE80F0007F502
:105D60007A7CACE80F00DEF80030CCF8003087F821
:105D7000FA63234693F8E92082B393F80021022ABC
:105D80002CD1302303FB0545D5F80431C4F8843009
:105D9000C7F8EC3394F88D3095F8082187F8F8337C
:105DA000032384F8882087F8FA3397F8172487F8B4
:105DB000E823012387F8F933002387F81634134BBF
:105DC000DB6A9847FFF77AFF94F8BE31002BB3D017
:105DD0000F490122202002F07BFEADE70135042DA2
:105DE00003F13003C6D1E7E748B9074B84F8A801AF
:105DF000062283F88824054BDB6A9847E4E70320F2
:105E0000A3E700BFD0120020F419002028470100AA
:105E10007814002070B50B4E0B4D0C46FEF794FB2A
:105E2000336B9847094A95F8580021460CF0B7FCA7
:105E300030B1736B686E9847054BA27C83F8882459
:105E400070BD00BF28470100D0120020141E0020A2
:105E5000F41900200E4890F8173480F8C0330D4B29
:105E600093F8792080F8C32393F88D2080F8D0230D
:105E700093F8C03180F8D333002280F8D12380F822
:105E8000D22300F5707100F56270FFF7C3BF00BF49
:105E9000F4190020D0120020104890F88834DBB1AB
:105EA00090F8173480F8D4330D4BDA6FC0F8D8234C
:105EB00093F88D2080F8E423002280F8E52393F8FE
:105EC000C03180F8E733012280F8E62300F57571D0
:105ED00000F56870FFF79EBF704700BFF4190020FF
:105EE000D01200202DE9F04F8FB04FF00009012BA8
:105EF00006460F4690468DF80990ADF80C9002D8F2
:105F00004C46BC4202D30FB0BDE8F08F305D02F0CA
:105F1000D5FE2044B842F6DC335D651C013BEDB292
:105F20001F2BF0D801A252F823F000BFAD5F000094
:105F3000CD5F0000F75F0000F56000001D6100000C
:105F4000AD610000D36100003962000069620000A9
:105F5000F7620000E36200004B6300004D64000044
:105F600071630000D9630000F56400001D65000046
:105F700055650000A1650000075F0000075F000095
:105F8000075F0000075F0000075F0000075F000079
:105F9000075F0000075F0000075F0000075F000069
:105FA000075F0000075F00003F640000AC4B725DBC
:105FB00093F8BE319A4206D805A9012002F004FEEA
:105FC000002800F03F820234E5B212E0052002F022
:105FD00015FF70B10521002002F0E4FE725DA14BB7
:105FE000E51C0234E4B283F85C24325D83F85D245E
:105FF000EDB22C4685E700238DF80A308DF80B3082
:106000008DF810308DF81830B9F1000F6DD1944C27
:106010004FF0050994F88C208DF831206B1E94F810
:1060200049208DF83320334494F848200B938DF8A1
:10603000342094F8AA3194F878208DF83520D4F8DB
:10604000BC218DF832300A9273B37B1C5B1BDBB230
:106050008DF8303006AB019304AB009394F85800F0
:106060000DF10B030DF10A020AA90CF0AEFB8DF83D
:10607000090000F00700072813D194F949209DF981
:106080000A3084F849309A429DF80B3084F8483041
:10609000B8BF01229DF81030B8BF84F8AD2184F854
:1060A00078304FF0000A09E00523D1E701220DF115
:1060B0000901032002F00CFD0AF1010A5FFA8AF2DD
:1060C0009DF81830B3FBF9F19142EFD82B44DDB2C3
:1060D0006B1EDBB29F420BD9F25C032A9AD0AF420F
:1060E00088BF1D464FF0010983E70534E5B2F9E7A3
:1060F0001D46F7E7735D5A4903F00F03012281F84B
:10610000AB31023402FA03F3A1F8B031E4B2002259
:1061100003A9042002F0DCFC25466AE707238DF87A
:106120000930735DDFF838A1C3F3021203F00F03E7
:106130000F2B8DF8283004BF9AF880308DF8283066
:106140008DF82920651DA21CE31C0434DBB2E4B2E7
:10615000F15C335D9AF85800D2B21B04B25C43EA9A
:1061600001231343642253430AA90B930CF03DFB14
:1061700000F00703072BEDB28DF809000ED19DF852
:1061800028308AF880308AF888300B9BCAF87C3037
:10619000CAF884309DF829308AF879308DF80C00DF
:1061A000012203A9052002F093FC22E72D4BD3F82E
:1061B000483363B11B6853B1984708F03F038DF82B
:1061C0000C008DF80D30022203A90620EBE7FF201A
:1061D000F3E703238DF80930735D8DF81C300AABAB
:1061E0000693E31CDBB2A51DF25C231DDBB206A9FE
:1061F000F35C1B0443EA0223A21CD2B20534B25C56
:10620000134364225343E4B20A9300230B93335D98
:106210008DF83030124B93F858000CF0EDFAC3B201
:106220000028EDB28DF80930FFF6E3AE8DF80C30A2
:10623000012203A90720B6E7735D03F00F03012BCA
:106240004FF47A7238BF01235343054A02349366F0
:1062500003F57A73D366E4B2002203A9082059E754
:10626000D0120020F4190020735DC74DC3F3401213
:106270008DF8112095F85800C3F3001204A903F01B
:106280000F038DF810208DF812300CF0BCFA023498
:106290000130E4B23FF440AFBDF81030BB4AA5F87E
:1062A0008C309DF812309DF810A0D05CF9F7DEFF1D
:1062B0000223C5F890000AA995F858008DF82830F7
:1062C0008DF82AA00CF032FA95F94930069040B2C8
:1062D0009842B8BF184685F84900002203A9092052
:1062E00018E7A94B725D93F8BE319A423FF66BAE48
:1062F00005A90B2062E603238DF80930735D8DF844
:106300002830E31CDBB2651DF25C231DDBB20234D6
:10631000F35CE4B21B0443EA0223325D13436422BC
:1063200053430B93984B0AA993F858000CF072FA58
:10633000C3B20028EDB28DF80930FFF65AAE8DF8E1
:106340000C30012203A90A202DE7725D8E4802F06D
:106350000F010123120903FA01F102349340A0F85E
:106360009A10A0F89830E5B2002203A90C201AE791
:1063700016F805B0DFF810A20BF007038AF8C83151
:10638000A31CDBB22021F25CC2F302128AF8C921FD
:10639000F35C002003F00F038AF849300BF015F886
:1063A000CBF3C20B202303FA0BF31844784B0022E3
:1063B000C3F8DC248AF85020764A90429CBF4FF400
:1063C0007A72504304F1030498BFC3F8DC04002040
:1063D000E5B2FFF7DFFA0CE6735D00201A090A3216
:1063E00001218DF80C006B4801FA02FC023484454F
:1063F000E5B220DC03F00F0304336348644CC0F8BB
:10640000CCC101FA03F39BB2C0F8C4314FF47A73E4
:10641000934004F28C40C4F8D4348DF80C10FEF78D
:1064200093F804F28C40D4F8D4140BF09BF804F2E7
:106430008C40FEF713F8012203A90F20B3E605A94B
:106440002020BBE5059802F091FBBCE5092002F095
:10645000D5FCDFF83CB1002849D00921002002F02A
:10646000A1FC0023ADF81E30A31CDBB2F25CE31CE0
:10647000DBB216F803A0735D4FEA0A4A4AEA022A21
:106480004AEA030A231DDBB2A51D0534F35CE4B21E
:106490004AEA036A335D4FF47A7253430AAC1B1223
:1064A0002046ADF81C300BF00AF83B4B53440693E2
:1064B000DBF83C3300930DF1180A9AE80600DBF88C
:1064C000383308A80AF0BFFF099B009394E8060040
:1064D000089B50460AF09CFF9AE803000AF0CEFFA2
:1064E0000BF02CFE0123EDB28BF8383481E58BF8EC
:1064F00038047EE50C2002F081FC00283FF479ADE1
:106500000C21002002F04EFC214B93F88834043B10
:10651000012B7FF66EAD0BF00DFE6AE5A31CDBB21E
:10652000725DF15CE31CDBB2651DF35C0434E4B224
:106530001B04305D43EA012313436421594300F0F7
:106540000F000BF0F8FDEDB28DF80C00012203A94D
:10655000112028E60D2002F051FC00283FF449AD3F
:106560000D21002002F01EFCA31CDBB20B4AF05CE4
:10657000735D1268251D0334E4B243EA0020315DE7
:10658000EDB20BF0DAFD34E5D0120020545E0100CC
:10659000F419002037894100803DD512A012002057
:1065A000725DA31C251D0334DBB2E4B2F15C335DE4
:1065B0001B0443EA01231343642058430BF0BFFD3F
:1065C000EDB28DF80C00012203A91320EBE500BF0A
:1065D00037B5214CD4F8C43113B1E36C0133E36413
:1065E00094F8BE311D4DCBB101A90B2002F0ECFA9D
:1065F000A0B9B4F85230B4F8982001339BB29A4253
:10660000A4F852300AD195F8893484F8C00143F0D7
:10661000080385F889340F2385F8683495F88934A0
:10662000990703D595F82D34012B07D994F8AA3191
:1066300023B1A36B5A1C18BF0133A3630023A5F831
:10664000143485F81634D5F8403323F00203C5F826
:10665000403303B030BD00BFD0120020F419002039
:1066600038B50F4D0F48104CFDF76EFFD5F8D031FF
:106670000E4A93429EBF4FF47A725343C4F8D83403
:10668000FFF71AF90123D4F8D814064885F8D63153
:106690000AF068FFBDE838400248FDF7DFBE00BFE2
:1066A000D0120020981E0020F419002037894100E4
:1066B00038B50F4D0F48104CFDF746FFD5F8CC31DB
:1066C0000E4A93429EBF4FF47A725343C4F8D434B7
:1066D000FFF7F2F80123D4F8D414064885F8D53131
:1066E0000AF040FFBDE838400248FDF7B7BE00BFE2
:1066F000D0120020801E0020F419002037894100AC
:10670000094BD3F84023012A0AD008490978C90760
:1067100008D43AB993F88A04013818BF01207047A9
:106720000020704701207047F4190020B4120020A7
:106730002DE9F7434E4CBDF828901D1E90464FF0B2
:10674000000208BF91460746CDE90022228084F866
:1067500016240E464A46294604F59C700AF042FE6D
:106760005FFA89F284F837223B78A3703B785B09A3
:10677000042B07D0072B69D0022B06D0022003B0D0
:10678000BDE8F083012384F81634042384F804312F
:10679000384DC4F80851FF2384F80C313B78364F4C
:1067A00084F80D31D7F8E43084F82881C4F810312A
:1067B000337884F81431684605F59B7384F83021EA
:1067C000C4F82C3102F078FC00284ED1009BA4F8CC
:1067D000440401A8A4F81631C4F84C3402F02EFA8F
:1067E000002840D1019B0BB90020C8E797F9490068
:1067F000FFF7BAF894F83732CBB1019B0F2B0ED8C4
:1068000005F58B7201A90F2002F024FA58BB3378EA
:10681000019A62F30303337084F81431E4E705F25C
:10682000FE4201A902F016FAE8B90A20A7E705F22C
:10683000FE452A4601A902F00DFAA0B9019B84F891
:106840002801C4F82C5184F83031CDE7002DCBD08D
:10685000002AC9D02946E01C0AF0C4FD94F837325A
:1068600001332380C0E7132089E7122087E700BFA8
:10687000F4190020F6190020D012002070B54B4DFD
:106880004B4C86B000238DF8033095F849308DF8D5
:10689000093095F848308DF80A30D5F890300393D8
:1068A000D5F89430049323888DF808000646ADF897
:1068B000143095F8580004F583630DF1030202A922
:1068C0000BF076FF012384F8413495F8493084F8C1
:1068D00042349DF8033084F84334D4F81834C4F8B3
:1068E0005064C4F84834C4F858340BF018FCB0B9FC
:1068F00095F8A831012B01D10BF025FC0BF012FC0F
:106900000023019394F8043195F9495094F81764E1
:10691000042B0CD8DFE803F00E2D310B3500D4F832
:1069200018040BF00EFC0028E2D0102000E0032039
:1069300006B070BD1F4802F0F9FB002832D1D4F830
:10694000403394F80C111C48218043F00203C4F832
:10695000403394F814340133DBB284F8143484F8EF
:106960004534164B00259B6AC4F8E45498472846E2
:10697000DEE7104802F030FCDFE70E4802F058FC7A
:10698000DBE701A802F098FB70B994F8143413B156
:10699000019B013B0193074B01983246E9B202F09B
:1069A00071FCCAE71120C3E71220C1E7D012002012
:1069B000F4190020FC1A0020F619002028470100D5
:1069C0002DE9F0418EB006460BF0A3FB002840F005
:1069D000E080724C94F8A831012B0CD0236C704DE0
:1069E000ABB195F80431042B00F2D580DFE803F059
:1069F000171D21D325000BF08EFB18B10F200EB010
:106A0000BDE8F0810BF089FB0028E7D0F6E7B4F889
:106A1000B031D5F81824013B53432364E1E76148C2
:106A20000BF06FFD68B11120E9E75E480BF09DFDAA
:106A3000F8E75C480BF0D1FDF4E75A480BF005FE8F
:106A4000F0E795F80C312B80236C08930DF11808B2
:106A500094F849308DF82830404694F8AC318DF8E0
:106A60002A300AF04FFDD4F8B831009302AF98E80D
:106A70000600D4F8B43138460AF0E5FC97E8030084
:106A80000BAB83E80300E36B099300238DF83430EC
:106A90002B88ADF8363094F8C03101228DF82920CA
:106AA0001BB98DF834208DF829303F4B00933F4BB4
:106AB00094F85800A3F1C90208A90BF0BBFEA0B1DD
:106AC0000B289CD1D5F8E01479B1002E97D0D5F8D9
:106AD0004033374843F02003C5F840330AF042FD05
:106AE0003348FDF7BBFC002089E794F8587094F90F
:106AF000793094F9492094F88D102E4E38460BF0D9
:106B0000A7FE009641B2E36D94F860203846143633
:106B10000BF038FE0096E36D94F8602094F9801035
:106B200094F858000BF02EFED5F8CC13A36ED5F8D0
:106B3000E0230B44C5F8B833E36E1344C5F8BC3307
:106B400095F80431042B07D0236F0B44C5F8B833F4
:106B5000636F1344C5F8BC330023059394F8C03128
:106B600023B995F81704FFF789FE48E705A802F056
:106B700065F860B994F9490095F837629DF814708A
:106B8000FEF7F2FE3E44B042EBD2082037E7132076
:106B900035E70E2033E7032031E700BFD012002095
:106BA000F4190020FC1A002010130020D41E00202D
:106BB000641D0020B41D002010B5184C1848FDF7C6
:106BC000C3FCD4F84033D4F8E40423F02003C4F821
:106BD000403348B10AF0DEFCB0F5FA5F04D9114B3E
:106BE000002283F84A2010BD0120FFF7E9FE0028AB
:106BF000F9D00B28F7D00B4B93F8493084F8423486
:106C0000092094F8143484F8453484F8410402F0DF
:106C1000DBF8BDE81040FFF7DBBC00BFF419002033
:106C2000641D0020D01200202DE9F0433B4C8BB0B6
:106C30001746994694F8C021B4F84830B4F8488013
:106C40000E46A16B049105465BBA002A63D094F806
:106C5000AB2102B9226494F8AA014FF0000260F35C
:106C6000C7128DF80C2094F8A821012A02BF9DF8C4
:106C70000C2042F010028DF80C2094F84A202AB122
:106C80009DF80C2042F020028DF80C20ADF8203049
:106C900094F878308DF8223094F88C308DF82330C9
:106CA00094F858308DF82430012204AB8DF814206C
:106CB000D4F8982000931A4B8DF81500069107928E
:106CC000A3F12F01A3F1300205A80BF0A9F99DF85B
:106CD0000C30CDF8009060F386138DF80C303246FE
:106CE0003B4603A92846FFF723FD08B10A2803D134
:106CF0000020FFF765FE20B1A4F848800BB0BDE886
:106D0000F083049B84F84A00A36301F06BFF002822
:106D100018BF1320F2E70720F0E700BFD0120020D1
:106D200048130020022870B5044601D02BD888BB38
:106D30003C4B3D4D012283F8D4210222D3F8E030B0
:106D400085F80421003C2A4418BF0124C5F8082115
:106D50004CF2FF02A5F80C2185F80F311A0A6400E5
:106D60001B0C85F8102185F8113185F80E41FEF7CE
:106D700063FD0822014605F589700AF033FB05F52D
:106D80008D71082029E0FF282DD00120BDE870403A
:106D9000FFF716BE244C234A012382F8D431A21CEB
:106DA000C4F808214CF2FF0284F8043184F80E3153
:106DB000A4F80C21FEF756FD0822014604F20F103C
:106DC0000AF010FBFEF738FD0822014604F2171006
:106DD0000AF008FB04F59071092002F079F9002807
:106DE000D3D0112070BD104D0020FEF793FF002678
:106DF000AB1CC5F8083185F80461A5F80C41FEF715
:106E000031FD0822014605F587700AF0EBFAFEF71E
:106E100013FD0822014605F58B700AF0E3FA3046AF
:106E2000B4E700BFD0120020F4190020084B10B5C1
:106E3000044608461146DB6B224649B29847054A8C
:106E4000D2F8403343F00203C2F84033002010BDB3
:106E500028470100F41900202DE9F04F89468BB036
:106E600090460646002800F08B81002900F08881BA
:106E70000368002B00F084814368002B00F08081C0
:106E80008368002B00F07C81C368002B00F07881C0
:106E900010460BF046FC002800F07481BB4CBC4D42
:106EA000304601F02FFF40F22472002120460AF004
:106EB000ADFA4FF4B062002128460AF0A7FAB54BAC
:106EC000C4F8BC3104F55F73069304F564730027BE
:106ED0004046079306A9B04B84F8588084F8A871FF
:106EE0008DF8247008930BF031FC0E2304A994F85C
:106EF00058008DF810300BF019FCC01B18BF012092
:106F00004FF00A0B84F8AC0104A994F858008DF8EE
:106F100010B00BF00BFC4FF0060A84F8DC0004A95B
:106F200094F858008DF810A00BF000FC0F2384F8A3
:106F3000DD0004A994F858008DF810300BF0F6FB32
:106F400010230DEB0301C4F8A40094F858008DF849
:106F500010300BF0EBFB1123C4F8A80004A994F83F
:106F600058008DF810300BF0E1FB1223C4F8AC0090
:106F700004A994F858008DF810300BF0D7FB1323B8
:106F8000C4F8B00004A994F858008DF810300BF044
:106F9000CDFB1523C4F8B40004A994F858008DF86B
:106FA00010300BF0C3FB162384F8B90004A994F841
:106FB00058008DF810300BF0B9FB1723C4F8BC0053
:106FC000C4F8C40004A994F858008DF810300BF0F0
:106FD000ADFBC0B21C2384F8C00084F8C80004A92B
:106FE00094F858008DF810300BF0A0FB1D2384F8A6
:106FF000CC0004A994F858008DF810300BF096FBE3
:107000001E2384F8CD0004A994F858008DF81030A0
:107010000BF08CFB1F23C4F8D00004A994F858008F
:107020008DF810300BF082FB0B23C4F8D40004A9B8
:1070300094F858008DF810300BF078FB0C2304A95D
:10704000A4F8D80094F858008DF810300BF06EFBBF
:10705000D4F8A4306366D4F8A830A366D4F8AC3072
:10706000E366D4F8B03003904FF00108A4F8DA00DA
:1070700023673846D4F8B430636784F8B880C4F81E
:107080009CB084F8A0A0C4F85CB084F860A084F838
:10709000788084F8AF81FEF7DFFC404985F8897479
:1070A00005F55C70C5E9D169C4E90F7784F8A98159
:1070B000C5F840830AF04EFA394905F562700AF0C6
:1070C00049FA384905F568700AF044FA364905F579
:1070D0007F700AF03FFA354905F28C400AF03AFA1F
:1070E000334905F2A4400AF035FA6E46314905F2FB
:1070F000BC400AF02FFA30460AF004FA96E8030082
:1071000004F5DA7383E803002B4B1F602B4BC5F8A3
:107110004C332B4BC5F854332A4BC5F85C332A4FFC
:107120002A4BC5F850332A4BC5F8583305F5537030
:107130003B68984704F5EE70FEF794FA20B11126EB
:1071400030460BB0BDE8F08F204601F08FFF0028DD
:10715000F5D101F0AFFCB8B91E4801F0D1FF0646E9
:107160000028ECD17B699847FDF74CF9BB6D94F88A
:10717000A9019847FB6A9847012385F88A34DFE71D
:107180000326DDE70926DBE71326D9E7D012002026
:10719000F419002000010101B8120020B96B0000B1
:1071A000555E0000995E0000F9590000B1660000CC
:1071B0006166000095590000B4120020B55B000024
:1071C0002D590000F558000028470100E158000043
:1071D000CD580000B813002008B5034B0020C3F8B9
:1071E0004003FEF75BFB08BDF419002070B52E4B81
:1071F0008AB0054693F8DD008DF8090093F8DC00AD
:107200008DF80A0029489A6B90F81404039200261E
:107210008DF80B0004960C46002941D00692D3F855
:1072200098200792B3F8482093F8AA118DF815100A
:1072300052BAADF8202093F88C2093F858308DF88E
:10724000243003AB8DF822008DF8232000930DF13C
:107250000A020DF10B030DF1090105A88DF8146068
:107260000AF0DEFE9DF90900FEF77EFB607004A8BF
:1072700001F0E4FCB0B9049A0F2A0DD863789A4261
:107280000AD81544AB42A3EB02012CBF0020012019
:107290002170C0000AB070BD002323700820F9E7F8
:1072A0000320F7E71320F5E7D0120020F41900209F
:1072B0001FB50446002800F0058103784C2B00F22E
:1072C000FC80DFE813F04D00540058005C005F00C4
:1072D000620066006B00FA00FA00FA00FA00FA0099
:1072E000FA00FA00FA00FA00FA00FA00FA00FA00CE
:1072F000FA00FA00FA00FA00FA00FA00FA00FA00BE
:107300006F0073007D00840087008A008F008D006D
:107310009100950098009B009E00A100A400B3007E
:10732000B700BF00BB00C300C600CA00D100CF0039
:10733000FA00D500E100E500FA00FA00FA00FA00D0
:10734000FA00FA00FA00FA00FA00FA00FA00FA006D
:10735000FA00DD00E900EE00F200F6000101010193
:107360005A4B93F8A8312371002004B010BD574B3D
:1073700093F8C031F7E7FEF75FFA6060F4E7FEF7D5
:1073800071FAFAE7FEF784FAF7E7504B93F8AA315F
:10739000E9E74E4BD3F8E0306360E5E74B4BD3F8B9
:1073A000E430F9E7494B93F8A931DCE71B238DF86A
:1073B0000830464B02A993F858000BF0B7F9DCE708
:1073C000434B043493E8030084E80300CCE7414BCB
:1073D0000434F7E7404B0434F4E7404B0434F1E75E
:1073E0001923E4E71823E2E7384B93F87830BAE73B
:1073F000364B5B6ED0E7354B9B6ECDE7334BDB6E88
:10740000CAE7324B1B6FC7E7304B5B6FC4E7022301
:107410008DF808302D4B02A993F88C2093F8580072
:107420008DF80A200BF082F920719DE7274B93F924
:10743000DD3098E7254B93F9493094E7234B93F9D6
:10744000DC3090E7214B93F948308CE71F4BDB6D24
:10745000A2E71E4B93F8603085E71C4BD3F89430BD
:10746000636081E7194B97E7184BD3F8D430F7E7FF
:10747000164BD3F8BC31436002F04CF9A06073E7BF
:10748000124B93F8AF316EE7104BD3F8CC3183E752
:107490000E4BD3F8D0317FE70C4BB3F89830A38074
:1074A00062E70A4BB3F89A30F9E7084BB3F8D830E3
:1074B000F5E7064BB3F8DA30F1E704B0BDE8104069
:1074C0000AF034BE032050E717204EE7D012002008
:1074D0004C1300208C130020541300209413002020
:1074E0007FB5044610B9032004B070BD954DD5F8A2
:1074F00040339A0700F1108302784C2A00F2078388
:10750000DFE812F04D005200600066006A006E0075
:10751000730078007D0088008E0094009A00A0001F
:10752000A600AC00B200B800BE00C400CA00D00083
:10753000D600DC00E200E800EE00F400FA000001F2
:1075400005030801260139016001820173018601EA
:107550008F01930197019B019F010503A301B501D1
:10756000DD01CB01EF01F901000205020A029602DA
:107570000503B702D502050305030503050305034B
:1075800005030503050305030503050305030503BB
:10759000B202F102F602FB020003080308030079BD
:1075A000FEF7B8FB30B19FE70379022B9BD0664A08
:1075B00082F8C03195F8893443F0200385F8893486
:1075C000002091E74068FEF729F90028F2D08AE709
:1075D0004068FEF737F9F8E74068FEF749F9F4E745
:1075E000594B027983F8AA21E4E7574B4268C3F864
:1075F000E020DFE7544B4268C3F8E420DAE7416853
:1076000000293FF470AF002001F0AAFF0028D1D07C
:10761000112069E7416800293FF465AF0120F3E7D5
:10762000416800293FF45FAF0220EDE7416800297F
:107630003FF459AF0320E7E7416800293FF453AF17
:107640000420E1E7416800293FF44DAF0520DBE766
:10765000416800293FF447AF0620D5E7416800297B
:107660003FF441AF0720CFE7416800293FF43BAF2B
:107670007F20C9E7416800293FF435AF8020C3E788
:10768000416800293FF42FAF8120BDE74168002900
:107690003FF429AF8220B7E7416800293FF423AFC8
:1076A0008320B1E7416800293FF41DAF8420ABE798
:1076B000416800293FF417AF8520A5E741680029FC
:1076C0003FF411AF86209FE7416800293FF40BAFDC
:1076D000872099E7416800293FF405AF882093E7A8
:1076E000416800293FF4FFAE89208DE741680029F9
:1076F0003FF4F9AE8A2087E7416800293FF4F3AEF2
:107700008B2081E7104B007983F8A9010F4B9B6D0B
:1077100098474FE70C4E037A8DF8043096F85800DE
:1077200096F88D308DF80530072201A90BF014F87A
:1077300000283FF4D8AE7C36D4E9010186E8030086
:1077400038E700BFF4190020D012002028470100BC
:10775000BD4E037A8DF8043096F8580096F88D30B7
:107760008DF80530072201A90AF0F6FF00283FF442
:10777000BAAEBC36E0E7B44E037A8DF8043096F822
:10778000580096F88D308DF80530072201A90AF0CF
:10779000E3FF00283FF4A7AED4E9010106F184031A
:1077A00083E8030096F8A831022B7FF403AF96F824
:1077B000C031002B3FF4FEAEA44BDB6A9847FEF7C6
:1077C0007DFAF7E6A04E037A8DF8043096F858005B
:1077D00096F88D308DF80530072201A90AF0BCFF1C
:1077E00000283FF480AEC436A6E743680293012325
:1077F0008DF80C30944B02A993F858000AF0BBFFA7
:1078000000287FF4D7AE6EE6436802930023EFE7CB
:1078100003795A1E0E2A3FF666AE8B4A82F87830FC
:10782000C8E6894B42685A66C4E6874B42689A6646
:10783000C0E6854B4268DA66BCE6834B42681A674D
:10784000B8E6814B42685A67B4E67F4C037994F8F6
:1078500058008DF80430062201A90AF07DFF0028A7
:107860003FF441AE9DF8043084F8DD30A2E6764C5A
:1078700003798DF8043094F8580094F88C308DF822
:107880000630052201A90AF067FF00283FF42BAE5D
:107890009DF8043084F849308CE66B4C037994F8F9
:1078A00058008DF804300A2201A90AF055FF00287B
:1078B0003FF419AE9DF8043084F8DC307AE6624C6F
:1078C000037994F858008DF80430092201A90AF0D0
:1078D00043FF00283FF407AE9DF8043084F8483099
:1078E00068E64368B3F5FA7F3FF6FDAD564AC2F845
:1078F0009C30D3655EE6544B027983F8A02083F870
:10790000602057E6504B4268C3F8942052E64E4B35
:107910004268C3F8D4204DE64468002C3FF4E3AD40
:10792000012B40F0F98034212046FCF771FD636B98
:10793000984204D144483822214609F053FD04F10D
:1079400038061C213046FCF763FD636D984204D174
:107950003F482022314609F045FD04F158064FF416
:10796000C0713046FCF754FDD4F8D83198421DD18F
:1079700038484FF4C272314609F034FD95F8173497
:1079800085F8E833304BD3F88420C5F8EC2393F81E
:107990008D2085F8F823012285F8F923022285F845
:1079A000FA232A4A93F8A901936D984704F5EE76D5
:1079B0004FF4CE713046FCF72BFDD4F87833984263
:1079C00005D125484FF4D072314609F00BFD04F57E
:1079D0005F7610213046FCF71BFDD4F88C339842BB
:1079E00004D11E481422314609F0FCFC04F56476EB
:1079F0004FF45E713046FCF70BFDD4F8083798421F
:107A000005D117484FF45F72314609F0EBFC04F2E0
:107A10000C7614213046FCF7FBFCD4F82037984252
:107A20007FF4C8AD0F481822314609F0DBFCC1E5F0
:107A30008379012B3FF657AD034B4268C3F8BC2155
:107A4000406801F031FBE1E5D01200202847010039
:107A50000813002028130020AC1400204C1600202E
:107A600060160020DC1900202C4B027983F8AF212E
:107A7000A0E543682A4A93423FF635AD274A92F87B
:107A8000C01102297FF42FADC2F8CC314FF47A72C5
:107A900053432448C5F8D434FCF756FD2148D5F8A3
:107AA000D41409F05FFD1F48FCF7D8FC82E5436859
:107AB0001B4A93423FF617AD184A92F8C0110229AB
:107AC0007FF411ADC2F8D0314FF47A7253431648A7
:107AD000C5F8D434FCF738FD1348D5F8D81409F0AC
:107AE00041FD1148E0E70D4B8288A3F8982061E53D
:107AF0000A4B8288A3F89A205CE5084B8288A3F899
:107B0000D82057E5054B8288A3F8DA2052E50AF021
:107B10000FFB47E51720E7E40120E5E4D012002041
:107B200037894100801E0020981E00202DE9F04179
:107B300086B00023ADF800300546002800F0FC8038
:107B40000361FEF7DDFD20B10126304606B0BDE839
:107B5000F08101F099F90028F6D101F08FF9014682
:107B600018B97648142209F051FC754C94F8893400
:107B7000012243F0040384F8552484F889342B78D7
:107B80008DF804300021013B8DF80520ADF806107A
:107B90000C2B00F2C280DFE803F0077283888D9718
:107BA000C0C09DC0B4A1B000D4F8406316F0200658
:107BB000CAD12F79022F2ED1624F3046FDF74CFFEC
:107BC000324695F9051097F858000AF02AFE072367
:107BD00087F84900FF208DF80530FFF7A3F8064627
:107BE00000286DD095F9051097F8580001220AF089
:107BF00018FED4F8E03487F849002B6101F03EF913
:107C00000028A2D194F8893484F8160460F3820322
:107C100084F8893499E7012F7FD1DFF82881022386
:107C200098F858008DF8143002A988F8AD610AF070
:107C30008DFD2B7988F8C031D4F8E0342B6101A890
:107C40008DF805608DF8067001F070F83E4B1A78DB
:107C500022B93E493E481F7009F07CFCD4F84033FD
:107C60003B4843F48073C4F84033FCF76DFC38485C
:107C70000A2109F077FC3648FCF7F0FB0EE00223FE
:107C800084F854340020FFF74DF8D4F8E0342B6129
:107C900006460028B2D101A801F048F8002654E7B2
:107CA000032384F854340120EDE7042384F854348A
:107CB0000220E8E700226946022000F009FFB0BB7D
:107CC000D4F8E0342B61E6E72A7BA968A888FFF79F
:107CD000ADF8DAE7002269460D20EEE7194B93F87C
:107CE000A831D3B92E7906F007000AF01AFA8DF8F8
:107CF0000060012269461020DFE700226946122059
:107D0000DBE78DF807200AF0FDF9064650B90AF0C6
:107D1000F6F930460AF0F8F9D2E7D4F8E0342B61EE
:107D200002266BE7D4F8E0342B61012666E7D4F82D
:107D3000E0342B61132661E7032606E7481E002086
:107D4000F4190020D012002022260020095900003A
:107D5000DC1E00202DE9F04FDFF8FCB2BF4CABB0C9
:107D60000AA809F008FADBF8005000230AA8CBF8AB
:107D7000003009F009FA002D00F0E480EBB2A9060A
:107D8000039365D5B64D95F8A831022B02D0B54BBB
:107D9000DB6A984711A8B44F09F0EDF909F0F3FB3D
:107DA0003E68D4F8B813361A3144B04809F0DAFB0B
:107DB000AE48FCF753FBD4F8BC13AD48314409F08E
:107DC000D1FBAB48FCF74AFB11A809F0DDF994F8A8
:107DD0001634002B00F00681142314A995F85800DE
:107DE0008DF850300AF0A2FCD4F8BC130D90014479
:107DF000A04809F0B7FB9F48FCF730FB3B6894F8BC
:107E00001724EB630FAF38468DF878201F9309F0E5
:107E100079FBD5F8B831009306AE97E80600D5F89F
:107E2000B431304609F00FFB96E8030021AB83E83C
:107E30000300D4F81834209395F8C03195F8580011
:107E4000003B18BF01231EA98DF879300AF078FC99
:107E5000039BDA064AD5824DDFF81C92D5F8E42060
:107E600005929BF80020B9F90AA099F90C70A4F8C2
:107E70002AA4002363F300020C93ADF8243084F8A5
:107E80004434A4F81E3484F82134C4F82434A4F80B
:107E9000283484F82E34C4F8303484F81C34C4F800
:107EA000343484F83834C4F83C346E4B8BF80020FA
:107EB00094F88824DB6A84F82C7484F82D24D9F88B
:107EC0000480B9F80860984794F82D3413B96848CD
:107ED000FCF73AFB314640460AF019F98346002880
:107EE00000F08380A4F87AA484F87C74039B1907BB
:107EF0001AD55B4B93F8A831022B02D0594BDB6AA1
:107F000098470220FDF7CAFC84F8410400F05CFFAA
:107F100094F8163413B1012384F8153494F8893495
:107F200043F0100384F88934039B5A0703D50621D4
:107F30000520FDF75DFE039B9B0703D5042103206D
:107F4000FDF756FE0AF001F994F88924D70640F1AE
:107F5000AC83002384F88A34D4F840331E0644BF2F
:107F600023F08203C4F8403312F0050F00F01D83A4
:107F70000B2000F043FF002800F0178394F88934A9
:107F8000DD0700F11283580740F13583D4F8403300
:107F900023F00203C4F84033D4F84013002940F022
:107FA0007B8394F8893413F0010003F0040500F09A
:107FB000658361F300035E0784F88934DAB204D57F
:107FC000134661F3820384F88934012384F88A34E8
:107FD000D4F8443329481B689847002D00F0548397
:107FE00000F030BC84F8413408E795F8A831012B43
:107FF0000CD10AF090F8824668B158460AF080F831
:1080000058460AF082F8042384F82D347EB90123FF
:1080100084F81D34B5E10AF080F80028F6D0504607
:108020000AF06FF850460AF071F80523ECE798F86B
:1080300000B01BF0030FEAD14FEA5B13013B062BA4
:1080400000F29F82DFE813F01C009D02F2009D0207
:10805000EF009D028D0200BFB4120020F419002031
:10806000D012002028470100B01200207C1D002003
:10807000941D0020F01D0020A0120020341E0020BE
:10808000102EC4D995F8C031CDF85080F6B28DF8D5
:1080900054601BB195F8D431002BB8D0FDF7E2FB4A
:1080A00014AA0146FF2001F075FAB8B3FDF7DAFB18
:1080B00014AA0146002001F06DFA88B3FDF7D2FB47
:1080C00014AA0146012001F065FA58B3FDF7CAFB76
:1080D00014AA0146022001F05DFAA8B904279DF810
:1080E000603095F8580003F00F020F2A1CD0C3F33C
:1080F00003038DF87830072295F88D308DF87930AC
:108100001EA90AF029FB78B9012000F077FE0028AB
:1081100076D00121072000F045FE71E00127DEE75F
:108120000227DCE70327DAE79DF85B309DF85A2049
:108130009DF8601095F858001B0443EA02239DF84F
:1081400059201343C5F8E030179BC5F8E430C1F35C
:10815000021385F8793001F00F030F2B1EBFC1F316
:10816000030385F8803085F888309DF86130012B55
:108170004FF47A7238BF01235343AB661344A94AC4
:10818000EB6611F0800FA84B08BF1346C5F8BC3151
:108190000DF1620312934FF0010894F817348DF833
:1081A0004430113E11A985F878808DF84C600AF0B2
:1081B000DCFA022385F8C03195F8BE314BB10022BC
:1081C000A5F8522009A942460B208DF8243000F072
:1081D0007FFC384600F012FE18B13946002000F04E
:1081E000E1FD95F8D4312BB10023904885F8D431C6
:1081F000FCF7AAF9023F012F02D80120FDF72CFC61
:1082000094F82D34012B00F2CA8194F81634002B17
:1082100040F0BD8194F8893443F0100384F8893428
:10822000FDF73CFB62E6012384F81C3495F88D30A1
:108230008DF8363094F820348DF8353095F85800A4
:108240000D230DA98DF834300AF070FAA6F10D0354
:108250001BB20B9023EAE37300B283423FF7D7AE21
:108260000B2E7FF6D4AE724B27931EA8FF23CDF8BA
:1082700078808DF87C608DF8A0300AF0E7F88046B1
:1082800000287FF4C4AE95F8A831012B14D109F071
:1082900042FF0646002843D0404609F031FF4046E1
:1082A00009F033FF04239DF88410209884F82D34BE
:1082B000C1F3001109F048FF209AC4F8342411A931
:1082C0001EA809F08EFE804600287FF4A0AE594912
:1082D0000C900346D1F8EC0082422DD191F8E96070
:1082E00056B3302202FB035393F8EAA0D3F80C31C3
:1082F0001B680C9395F8A831022B02D1032384F854
:108300002D349DF84430032B7FF481AE9DF88430EA
:1083100013F0600F7FF47BAE05904FF0010811E081
:1083200009F0FBFE0028C7D0304609F0EAFE3046CF
:1083300009F0ECFE0523B6E70133042B01F130010F
:10834000C8D19A469DF8443095F8BE610493BAF1BD
:10835000040F10D8DFE80AF02403202218000526B5
:10836000BDF886100CAA304609F0E6FFF0B10728E8
:1083700001D1082300E0012384F81D340C9BC4F8CC
:108380003034FDF74DFBB1E5012E0BD1049B5BB101
:10839000032B08BF0226E3E70626E1E70726DFE70F
:1083A0000426DDE70326DBE70226D9E71EAB0093B0
:1083B00005990C9B3246504601F02AF820B102285C
:1083C00014BF0B230A2323E60C9B94F82D64C4F8F6
:1083D00030349DF8843084F81D04C3F34013012E1B
:1083E00084F82E3484F844349EBF0123A86385F8B2
:1083F000AE31B8F1010F84F81E84C4F8240484F867
:10840000280484F8410417D1022384F81C3495F819
:108410004A301BB99DF88430DB062CD595F8A8317D
:1084200063B328E00004000100010101B01E002038
:108430002C1C0020D01200200BF0E00BBBF1A00F91
:1084400032D195F8BE31012185F84A100BB9299B2C
:108450006B64012E84F81C1440F232824FF4FA53FC
:10846000C4F83C34D9F80030C4F8E43495F8A831A5
:10847000002B00F03482D4F83C3413B1012384F88B
:108480002134012E94F840249DF8843005D8012A27
:1084900001D19E0601D500F0B3FB049A032A5AD8F5
:1084A000DFE802F008215212002385F84A3084F8F0
:1084B0001C34AFE79DF8841094F82D343A4601F04F
:1084C0000F0122A8FDF70EFD9DF8983084F81F34A7
:1084D000279BC4F824349DF8A03084F82834012365
:1084E00084F829340DE09DF8841094F82D343A4630
:1084F00001F00F0122A8FDF7F5FC9DF8983084F8F3
:108500001F3495F8D4315BB1BF48002685F8D4619B
:10851000FCF71AF894F88934580748BF84F8556472
:108520009DF89820E02A08D195F8AF312BB984F84E
:108530001F24C4F82434A4F8283494F8893443F070
:10854000020384F889345BE694F82D349DF8A0107A
:1085500027983A46CFE7012384F81D34FDF760FAE7
:10856000CFE7AA4D013EB2B208F10101284608F05A
:1085700039FF0323A4F81C34C4F8245484F8286475
:10858000DBE7012384F81D34FDF74AFA38E694F856
:108590004434002B3FF43EAE0020FDF72DFA94F852
:1085A0002D34022B3FF43CAE34E694F8893459075D
:1085B00021D5012000F022FC48B1002384F81434B6
:1085C000D4F8403323F00203C4F8403313E0022010
:1085D00000F014FC0028F0D1032000F00FFC00286C
:1085E000EBD1042000F00AFC0028E6D1062000F0C0
:1085F00005FC0028E4D194F88934DA077FF5CCAC87
:1086000094F840240AB1032A18D1814A94F814142A
:1086100092F87820914205D29B0723D594F82D3407
:10862000012B1FD87B48FBF78FFFD4F8403323F092
:108630002003C4F84033FDF7CBFFADE4012A11D18C
:1086400094F81524002A3FF4A7AC714A94F8141446
:1086500092F878209142E5D29F0703D594F84434EC
:10866000002BDFD194F8893400206FF3041384F8D1
:10867000893484F81504FEF79FFA8DE40122002D59
:1086800040F0DA8084F88A2409F04DFD94F88934AA
:108690006FF3041384F88934012384F88A3494F83E
:1086A000893443F0200384F8893494F88934180716
:1086B00008D56FF3C30384F88934D4F8443356489B
:1086C000DB68984794F88934990708D56FF341031C
:1086D00084F88934D4F8443350485B689847D4F818
:1086E0004033ABB94A4DD5F8C421E96C8A4240F019
:1086F000B88095F8BE11002900F0B380002A00F080
:10870000B080EB641EA802238DF87830FFF70EFAD4
:1087100094F88834022B01D1FDF7D0FA94F889340B
:108720009A0640F1DF80D4F840536FF3451384F884
:108730008934002D40F0D680354E34213046FBF789
:1087400067FE736B984218BF70634FF01C0134488A
:1087500018BF0125FBF75CFE736D984218BF70656A
:108760004FF4C0712F4818BF45F00205FBF750FECB
:10877000D6F8D831984218BFC6F8D8014FF4CE7158
:10878000294818BF45F00405FBF742FED6F87833B8
:10879000984218BFC6F878034FF01001234818BF5D
:1087A00045F00805FBF734FED6F88C33984218BF25
:1087B000C6F88C034FF45E711D4818BF45F01005D4
:1087C000FBF726FED6F80837984218BFC6F8080708
:1087D0004FF01401174818BF45F02005FBF718FEAD
:1087E000D6F820379842D4F848331CBFC6F8200783
:1087F00045F04005002B75D09B68002B72D02846B1
:108800002BB0BDE8F04F1847B01E00202C1C0020F4
:10881000D0120020641D00205C1E0020101E0020CD
:108820000813002028130020AC1400204C16002050
:1088300060160020DC19002060F3820384F889347C
:1088400084F88A24294800F0E5FA00F017FB002894
:108850003FF41AAF94F8893443F0040384F8893460
:1088600012E795F8D5315BB102231EA88DF8783058
:10887000FFF75CF900287FF44BAF85F8D50147E797
:1088800095F8D6315BB103231EA88DF87830FFF739
:108890004DF900287FF43CAF85F8D60138E795F80C
:1088A000D731002B3FF434AF04231EA88DF8783065
:1088B000FFF73CF900287FF42BAF85F8D70127E7B5
:1088C00095F8A8019DF8843094F8402420B1D4F89C
:1088D0003C0400283FF4DBAD84F82114D7E584F88C
:1088E0002114DAE52BB0BDE8F08F00BF481E002050
:1088F0002DE9F04F07468DB020B9032210460DB088
:10890000BDE8F08F00230361FDF7FAFE044600285E
:1089100040F0B8803E460FCE07AD0FC5DFF8688146
:10892000BB895A485A4D3E7897F90EB001931422EC
:1089300021468DF8084008F069FD012288F841249D
:1089400095F8C021022A11D195F8A821022A0DD14B
:1089500095F8AE2152B9012E47D9032E52D0012EDF
:1089600038BF0126A3464FF0000911E0012E3CD08C
:10897000032E47D0002E55D19DF808209DF8209059
:10898000DDF824A0022161F347128DF808200124AC
:1089900095F88C108DF81610022205A995F858004C
:1089A0008DF8142009F0C2FE95F8AA3195F8C0C1DF
:1089B00095F8AD1140B20222C3BB002C3CD0584503
:1089C000B8BF584695F88C308DF81000052295F800
:1089D00058008DF8123004A909F0BEFE00288CD092
:1089E0009DF8103085F849302CE09DF808209DF85E
:1089F0002090DDF824A0042161F347128DF80820AF
:108A00000126C4E79DF80830DDF820A09DF926B0C6
:108A100043F0E0038DF80830BDF8243001930326BD
:108A20000124A0E74FF0000BD946B1E7BCF1010FDC
:108A300006D129B9002CC5D1D8F8E0343B615DE7F7
:108A4000002CF9D0D8F8E40438B108F0A3FDB0F553
:108A5000FA5F84BF002385F84A305246019B49469D
:108A600002A8FEF7E1F8024640B998F8893488F880
:108A7000406443F0010388F88934DDE7002388F877
:108A80001634D9E7012239E7F4190020341E0020FA
:108A9000D0120020012809D00538C3B21B2B04D8FE
:108AA0000348D84000F0010070470020704700BF25
:108AB0007910000810B5054C4FF4037220460021D0
:108AC00008F0A4FC0020C4E9000010BD741F0020C1
:108AD0002DE9F8430546904600293DD0204C20233F
:108AE000224604F1100012F8019FB9F1000F2BD1BA
:108AF0008242F8D11B4F3B68013403B93C607B686C
:108B000003B11C6000262660601D7C60C4F80880EC
:108B100025711FFA88F208F065FC2846013DEDB288
:108B2000FFF7B8FF1F2D98BF0F4E20739CBFEE407C
:108B300006F001066673D7F8083201334344C7F8DC
:108B400008324846BDE8F883013B13F0FF030446B2
:108B5000C6D14FF00209F4E74FF00109F1E700BF79
:108B60007B1F0020741F00200104008010B520B37B
:108B7000144BD3E90021904215D102681A60884253
:108B800001D100225A6000240460D3F808228168D1
:108B9000013A521AC3F808222146102208F036FC86
:108BA000204610BD224652B11468A042FAD1884234
:108BB00000D15A6001681160E5E70120F1E78842C1
:108BC000E0D0E0E7741F0020054B1B6813B11A7951
:108BD0008242FAD1002B0B600CBF032000207047AB
:108BE000741F002010B5054B186800B910BD037B39
:108BF00004680BB9FFF7BAFF2046F6E7741F0020A0
:108C000038B50C4B0C4C196809B9084638BD0A79BF
:108C10000D681046FFF73EFF50B1013AD2B21F2A4D
:108C200003D824FA02F2D30702D40846FFF79EFFC6
:108C30002946E9E7741F00200104008028B1044B95
:108C4000D3F808320360002070470120704700BF4E
:108C5000741F00202DE9F04107460E46154642B329
:108C600039B3154B1C6800232CB93046FFF7E6FFDB
:108C70000020BDE8F081A268F91A0132914215D3B3
:108C80002279EA54581C22895FFA80F8611D55FA4E
:108C900080F008F0A7FBA368246898445FFA88F383
:108CA000E2E720462568FFF761FF2C46002CF8D14B
:108CB000DBE70120DDE700BF741F00200138C0B2F0
:108CC0001F289ABF014B185C00207047645E0100AA
:108CD00030B50B4B93F820200446084672B10021B2
:108CE0001C330578A54208D001319842CDB214BF9B
:108CF00004301038AA42F4D8002030BD1046FCE7FA
:108D00008021002010B5084C00232060142204F1BB
:108D10000C00FF2184F82030C4E9010008F076FB44
:108D2000012384F8213010BD80210020114B93F8DD
:108D30002020042A1BD89A68017811709A6841781B
:108D400051709A68C178D1709A688178917093F85F
:108D50002020013283F820209A6803F11C018A4206
:108D600014BF043203F10C029A6001207047002006
:108D7000704700BF80210020094B93F8200068B1A4
:108D80005A6803F11C018A4200F1FF3014BF04321B
:108D900003F10C0283F820005A600120704700BFE5
:108DA0008021002010B5074B93F820200446084688
:108DB00032B15968FFF78CFF10B101234470837002
:108DC00010BD00BF8021002030B50B4A92F8201062
:108DD000536882F8210069B1012502F11C04D97899
:108DE000587001B99D70A342916814BF0433103BC1
:108DF0009942F4D130BD00BF8021002008B5044B5A
:108E00005968FFF765FF003818BF012008BD00BF93
:108E100080210020F7B50422174D044600210DEBF8
:108E2000020095F8207008F0F1FA0026F3B29F4294
:108E300001D803B0F0BD6B681B7823706B685B785A
:108E400063706B689A783AB12B6820469B689847A4
:108E5000FFF792FF0136E9E71A788DF804205A7877
:108E6000DB788DF805208DF80730FFF785FF01A826
:108E7000FFF75CFFEEE700BF80210020014B93F875
:108E80002000704780210020034B93F82000042825
:108E900094BF00200120704780210020F0B50024FD
:108EA00089B006462A48CDE90444CDE90044CDE91D
:108EB0000244CDE906440068264C4FF0010C8DF8C1
:108EC00010C0D0F800E0A645DDE90E5708D963458B
:108ED00004D9022B20D0082009B0F0BD8DF814C0B1
:108EE0000B0CADF816108DF81830ADF81A502B0C8D
:108EF000090E2D0E8DF81C308DF815208DF81910E7
:108F00008DF81D50134B02689A4284BF01238DF8DF
:108F10001F3026B90020DFE78DF81430E0E710217C
:108F20006B4606220DEB0100FCF7FCFB68B900F173
:108F300020030DEB03023B5C12F8202C53403B5402
:108F40000130C0B2B042F2D3E4E70E20C4E700BF64
:108F5000A4210020000001010138062823D8DFE801
:108F600000F0040A0E12161A1E00104B1B681B6933
:108F70000B60002070470D4B1B685B69F8E70B4BDB
:108F80001B689B69F4E7094B1B68DB69F0E7074B3B
:108F90001B681B6AECE7054B1B685B6AE8E7034B41
:108FA0001B689B6AE4E70520704700BFA4210020EE
:108FB0002DE9F043C5B0DDE94C860C4617461D4649
:108FC000814600284BD0B1F5807F4AD84FF4887293
:108FD0000021684608F01AFA49238DF80030002D68
:108FE0003AD0214B1B68DA68D3B2C2F307228DF85E
:108FF00002204FF48072ADF804204FEA18428DF839
:109000000820320C8DF80130ADF806800023ADF851
:109010000A608DF80C204946224604A84FEA1868D9
:10902000360E8DF803308DF80E308DF809808DF8EE
:109030000D608DF80F4008F0D5F904F110014E9A3B
:109040003B4689B2684608F013FF10B1012818BFEB
:109050000E2045B0BDE8F0832B462A46C7E709201D
:10906000F7E70D20F5E700BFA421002010B5A8B157
:109070000B4C38220021206008F0C8F92368094A07
:109080001A6000204FF0FF32C3E90302C3E9052252
:10909000C3E90722C3E909221A6310BD0820FCE7CF
:1090A000A421002000010101024B1B681860002070
:1090B000704700BFA421002030B1044B1B68DB685F
:1090C000013303600020704709207047A42100206D
:1090D00081B1082803D0092808D005207047064B25
:1090E0001B8801339BB20B8000207047034B1B6829
:1090F0009B8DF6E70920704710250020A421002051
:1091000080B1094B1B6803F11C02426203F120028B
:10911000426503F124022833C0F88420C0F8B4303B
:109120000020704709207047A421002030B5044674
:1091300087B0002847D0274B1A68938801339BB229
:10914000938000F10E05C3820023CDE90233CDE9FF
:1091500004330822062329460DF109008DF8083052
:1091600008F04AF90222012102A808F09CFE90B9F9
:10917000CDE90200CDE904000523082229460DF1BE
:1091800009008DF8083008F037F90322012102A800
:1091900008F089FE10B1122007B030BD204609F05A
:1091A000B0F990B904F11803009321680123132248
:1091B00008F058FE58B9204609F0A3F9003818BF46
:1091C00001200001E8E70920E6E71020E4E70E208F
:1091D000E2E700BFA421002037B50446F8B1134DE3
:1091E0002B689A8D4FF6FF739A421AD009F0BDF999
:1091F00010B1102003B030BD04F11C0300932168AE
:109200000223142208F02EFE68B9204609F0ADF9B9
:109210000028EED12A68938D01339385EAE709206F
:10922000E8E71120E6E70E20E4E700BFA4210020D4
:1092300037B50446E8B1124D2A884FF6FF739A42BB
:1092400019D009F0CAF910B1102003B030BD04F1F3
:1092500014030093216805230F2208F003FE60B970
:10926000204609F0BAF90028EED12B8801332B8073
:10927000EBE70920E9E70420E7E70E20E5E700BF78
:10928000102500202DE9F04F04468BB08846174684
:109290001E46002B4CD05D4D2B68DB68834200F2EC
:1092A000B28096F82020002A0CBF062207228342B3
:1092B00006D3304609F0C9F9034608B310201CE074
:1092C000002301900093B36896F82810706A08F0A4
:1092D0009AFF90B92B689B78012BEAD106F1100315
:1092E00096F80CC0CDE9004302460346B1680CF085
:1092F0000F00FFF7D3FD0028DBD00BB0BDE8F08FE7
:10930000D5F800A096F804C09AF802E03068B6F8E4
:109310000890B268ACF1040CBEF1010F1FFA8CF199
:1093200066D196F80CE0CDE90433CEF3401E08B9BF
:109330000920E2E7B1F5807F01D90D20DDE74FF08C
:10934000490B8DF818B0BEF1000F4DD0DAF830306F
:109350005FFA83FEC3F307238DF81C70170C120EFF
:109360008DF81A308DF821200023220C8DF81D3045
:109370008DF824208DF82630220E04AB8DF82520A0
:1093800000930A460523014606A88DF819E08DF8DA
:109390001B80ADF81E908DF82070ADF822408DF83E
:1093A00027C008F05FFD08BB05AA337B3179CDE902
:1093B0000142B268009204393068C3F340130422BA
:1093C00089B208F086FF002897D1BDF81030059AC1
:1093D00043EA0243F362304609F037F900287FF48C
:1093E0006DAF2B68DC6088E79E46B5E70E2084E70A
:1093F00006F12C070092CDE90147062208F069FF2B
:109400000028E8D079E7062077E700BFA4210020F4
:109410002DE9F04F87B08146109E884617461C46BE
:10942000002E00F09480002305A910460593FFF755
:1094300093FD20B10625284607B0BDE8F08F059BB7
:109440009C4201D80133F5D1304608F0FFFF0546B4
:1094500000287ED1404B13F82510494503EB8502C7
:1094600004D1B368434506D00225E4E70135052D54
:10947000F1D10B25DFE7DFF8E4A0F06ADAF800109D
:10948000337B897892F801B000293179CDF80080DA
:10949000CDE90140A1F10401C3F340139278306893
:1094A00008BF002389B2FFF783FD05460028C2D11B
:1094B00096F820300194002B4FF00103009396F8AA
:1094C0002810706A434614BF5A46062208F09BFED5
:1094D00005460028AFD1DAF800309A78012A08D082
:1094E000013F062FA7D8DFE807F0151A1E22262A0B
:1094F0002E00B9F1040FF3D1307B1036CDE90046D0
:109500003B46414600F00F00FFF7C8FC0028E7D0BB
:10951000054690E7DAF800301C611C638BE7DAF847
:1095200000305C61F9E7DAF800309C61F5E7DAF8C1
:109530000030DC617FE7DAF800301C627BE7DAF8A4
:1095400000305C6277E7DAF800309C6273E7092547
:1095500071E70F256FE700BF60070020A4210020FE
:1095600038B5054608F09AFC044610B10E24204692
:1095700038BD002DFBD1064B1B680146987808F0DA
:10958000FCFE0028F2D108F093FE0028EFD0EDE7B2
:10959000A42100202DE9F04304468FB089461646E9
:1095A000002A00F0AB80002900F0A8800025DFF839
:1095B0005C8105951D22294606A80AF03DFCD8F8D5
:1095C00000308DF81350FF2C9F8805D014F0FD0F4C
:1095D0000ABF4F4B9F8D1F880DF1130305AD0293FA
:1095E00001953379009333683A464946204608F09E
:1095F00076FC002840F0848030683279294607F0F4
:10960000F1FE304608F0D4FE00287BD1357AF2799D
:10961000B3799DF813002D0445EA02251D43D8F8BF
:10962000003001289A6803D1954203D803243EE014
:109630009542FBD09D60002108F09FFE0446002863
:1096400035D108F035FE044688BB9DF81330012B58
:1096500031D13B464A462946042008F077FD0028D0
:1096600052D13B464A462946052008F06FFD0028A6
:109670004AD13B464A462946062008F067FD0028A5
:1096800042D13B464A462946072008F05FFD0028A4
:109690003AD1D8F800309DF813201D499A70002265
:1096A0000A80DA604FF0FF32C3E904229A61204653
:1096B0000FB0BDE8F083737AB27AF67A360446EAE0
:1096C00002261E4332463B462946072008F074FD19
:1096D000D0B93B4632462946062008F06DFD98B9C0
:1096E0003B4632462946042008F066FD60B93B46F9
:1096F00032462946052008F05FFDC8E70924D6E771
:109700000E24D4E70F24D2E70446D0E7A42100209A
:109710001025002000487047030001022DE9F74F93
:109720000C4692469846074607F02DFF2E4EDFF86E
:10973000BCB00190182313FB0A4A00254FF0FF39F3
:10974000544507D1002D14BF48464FF0FF3003B0F9
:10975000BDE8F08F606807F01DFF0D9B228857BBA6
:10976000642A38BF6422B3F5616F94462AD349F660
:10977000AF218B421E491F4B94BF31465B46984236
:10978000216104D2A268934201D162681AB9019A98
:10979000E160C4E901230F9B03FB0CF2E3689342F1
:1097A00003D8B8F1000F12D18FB1012323751D44E6
:1097B000EDB21834C4E7B8F1000F06D0012A38BF63
:1097C0000122944631463346D9E7E660F6E70023A6
:1097D0008A422375EDD2A268824228BF131A9945A6
:1097E00028BF99460135E3E780EE3600809B82076B
:1097F00070460D00803F5C02024B03FA00F0B0FBA4
:10980000F1F0704740420F0051F82000054B98429C
:1098100005D0054BC31A58425841400070470120FB
:10982000704700BF90D0030020A1070030B50B4B5C
:1098300085B00C460A491D56FFF7E6FF082201468F
:109840000020CDE90020074A0123E4B202940393EB
:10985000546A18462A46A04705B030BDA85E0100EC
:1098600094470100284701000B4B10B51B6A0446C2
:10987000984768B1094B0A4A2344934209D8094AD8
:10988000534341F6F632B2EBB31F2CBF0120002048
:1098900010BD0020FCE700BF28470100608FF7C81B
:1098A000401640005FF743591FB50023009303782B
:1098B000013B362B68D8DFE803F01C6767676767F2
:1098C00067676767343638673D404346494C67549D
:1098D0001C565B6062676765671F676767676767D6
:1098E000676767676767676B711C1C676B1C1C7910
:1098F0007D000823009347E043788DF8043004236B
:109900008DF805304FF49043ADF806302C4B1B68B2
:1099100001A803F55872CDE9022309F074F900900B
:1099200032E04023E6E72023E4E790F90130254ABE
:10993000D35CDFE740F6B833DCE74FF47A73D9E75E
:109940004FF4FA63D6E741F28833D3E741F27073FC
:10995000D0E71D484FF47A7107F037FD00F5FA6043
:10996000DDE71A4BC6E7164B1B6803F55873C1E7D2
:10997000134B1B6803F55B73BCE74823BAE7104B36
:109980001B68B7E7124B0093009805B05DF804FB25
:10999000104A0E49007909F09BF9C0E740F21743DD
:1099A000ADF8003003238DF80230EDE790F9013077
:1099B000094ABDE7094990F90100FFF725FFAEE725
:1099C000AC210020845E010018FCFFFFA070083766
:1099D0009A990042C0270900A85E0100944701003F
:1099E00037B50B4B02781B680C2101FB02335B7A05
:1099F00003EB4304074B1D6803690093C368427877
:109A0000816805EBC40008F0ACFF03B030BD00BFB7
:109A1000AC210020A8210020F0B587B00123047BF1
:109A2000ADF800300023CDE90133CDE903338DF8E3
:109A300002308DF8143024B1013C012C4ED907B00E
:109A4000F0BD0368002BFAD04268002AF7D0304EF0
:109A5000806832602F4A304D10609C811822694620
:109A60002B6007F0BFFC30682C4B2D4F024601469F
:109A70004FF0300C0B6003F5433303F5A073BB428A
:109A800081F808C04C7201F10C01F3D1254B264935
:109A900044270024C2F8003303F5C31303F5206301
:109AA0008B4282F8087382F8094302F10C02F1D16B
:109AB0004FF0FF33C0E9DB33FF23C0F8743300F508
:109AC0005B71062200F5587008F03CFF3168286889
:109AD000062201F5587108F035FFB0E70C4C2068FC
:109AE000062200F55B7100F5587008F02BFF0A4B59
:109AF00021681B6801F25E319A1E0A3332F8020FA8
:109B000031F8024F9A4200EA04001080F6D196E73D
:109B1000AC210020A8210020B02100206001C83520
:109B200060518B36C0AFD235C0FF9536037A102B0B
:109B300070B526D14368DB7B012B22D1114B1E6807
:109B4000114B1A6806F25E34023A0021436813F89A
:109B5000113024F8023F456805EB410504296D7872
:109B600043EA0523238005D032F8025F2B4013809F
:109B70000131EBE7DBB2A6F86833538821880B404C
:109B8000538070BDAC210020B021002070B50422AC
:109B900004460021006808F0B7FE012803D02579AB
:109BA0001DB1012D21D000201EE0144E2168306827
:109BB000062200F5587008F0C5FE336893F8742348
:109BC000A3F874230E4AA3F87653126803F25E33A7
:109BD000911E0A3231F8020F33F8024F914200EA27
:109BE00004000880F6D1012070BD044B216818687C
:109BF000062200F55B7008F0A5FEF4E7AC2100201A
:109C0000B0210020F7B50D28114DA8BF0D201C462E
:109C10000E46587029461746FFF7F6FD94F90130B5
:109C20000C4A55F82310A070D05CFFF7E5FD0A4BF5
:109C3000DB6D0546984704F10C0208340346019297
:109C400000943A463146284608F004FF03B0F0BDC0
:109C500094470100A85E0100284701002DE9F04764
:109C60001F4E90F90190736845688AB00446884693
:109C70009847002831D1A37C33B92378194A1A4D6B
:109C800003F0070302FB0355184B284613F909A0FC
:109C9000F3689847637C099301250023CDE90735D4
:109CA000CDE90533CDE90333228902920822CDE9BB
:109CB00000322846A178B7692B465246B8470C4B6C
:109CC00013F80910736D0D312846C9B2984788F80A
:109CD000009028460AB0BDE8F0870020FAE700BFF0
:109CE00028470100C0270900A0700837A85E0100BE
:109CF000845E01002DE9F04F374B384E90F902A0F9
:109D0000D6F800B0914690F901209F560378884616
:109D10000C2101FB03B332495B7A096803EB43036F
:109D200001EBC3038DB093F902100B920446504629
:109D300008F084FF0B9A042A05463FD15546022DB0
:109D4000B8BF0225274994F90100DFF89CA0FFF76E
:109D50005BFD26490B900022284608F0A3FE2178DF
:109D60000C22514383463068DAF80C204058904763
:109D7000012600224FF47A630821CDE90723CDE9BB
:109D80000522CDE90326CDE901610B9B00975946D9
:109D90003046DAF81C70B847DAF85430217B304688
:109DA0009847A18994F90100FFF740FDC9F8000028
:109DB000304688F800500DB0BDE8F08F0422002135
:109DC0000BF5587008F0A0FD3128BBD85546052D7D
:109DD000B8BF0525B6E700BFA85E0100AC21002092
:109DE000A821002094470100284701000000F0410D
:109DF0002DE9F04F7A4F93B0CDE901123968039302
:109E000007AE00240546062201F558713046C6E922
:109E100001440594ADF81840079408F093FDA0465E
:109E20004FF0FF392B7AA34205D9686805A9204471
:109E300008F0ABFD60B99DF91530032B65DC0422F9
:109E4000002107A808F060FD01285ED806235DE028
:109E50009DF81730BDF818102044062BC4B205D168
:109E6000CDE90799C9B2ADF82410DBE7072B02D181
:109E7000CDE90788F6E7052B41D14FF0000CC9B2B8
:109E800060464FF0010B12AB0BFA0CF203EB400EE5
:109E900011423EF82C3C0CF0010A1CD092B2BAF1EF
:109EA000000F0ED143F0FF032EF82C3CBDF82430F8
:109EB00013430CF1010CBCF1080FADF82430E2D1D2
:109EC000B0E763F0FF032EF82C3CBDF824301343B9
:109ED0000130C0B2EDE7D24392B2BAF1000F07D120
:109EE00023F0FF032EF82C3CBDF824301340E0E7AC
:109EF000DBB22EF82C3CBDF824301340E8E712AA60
:109F000002EB430323F82C1C8CE707238DF82C303D
:109F1000AB7A8DF82D309DF815308DF82E309DF8E8
:109F200016308DF82F309DF814308DF83030EB7AE4
:109F30008DF831302B7B8DF832306B7B8DF83330E0
:109F400048238DF834304FF48063ADF83C303B68E3
:109F500010930E23ADF844302B680A930DF11602CE
:109F600005AB0DF115010AA80E9608F028FD07288B
:109F7000054623D138680622314600F5587008F0AE
:109F8000E1FC184B3A681B68B2F86003198801407D
:109F90001980B2F86203598801405980B2F864030D
:109FA000998801409980B2F86603D9880140D98028
:109FB000B2F868131981B2F86A235A81019A9DF8A0
:109FC00015301370029A9DF816301370039A9DF89D
:109FD000143013701C9B28461C7013B0BDE8F08F22
:109FE000AC210020B0210020094B1B68587B69B9C7
:109FF0000130C0B25873C0EBC00300EBC300C0B265
:10A000001C288CBF00200120800070470138F0E739
:10A01000B02100202DE9F0470025A4B04B4E8DF86B
:10A020000E5004460F4691462946442213A89846EE
:10A030008DF80F50129509F0FFFE29463068DFF8C1
:10A0400010A1042208F060FC054648B9DAF80010B7
:10A050003068042201F5587108F074FC33681D73F0
:10A0600094F908203368DAF80010032A04DD1A7A1C
:10A0700012B9B1F868231A81CDE90531354B627AFE
:10A080001B6807934823ADF8203000230993236809
:10A090000A9363680B93A37A8DF83030D4E90301F7
:10A0A00001238DF810208DF8313094F908208DF8B7
:10A0B000112004AB11930DAB83E80300237DE18AEB
:10A0C0008DF83C301046FFF7B1FB0DF10F031090F7
:10A0D0000093CDF804900DF10E0312AA41460AA890
:10A0E00008F04DFD054690B9637AA3B19DF80E10B6
:10A0F000013907F06AF900F190030DEB030010F845
:10A10000483C3B7039783068482208F0E4FB284628
:10A1100024B0BDE8F08794F90830306863B1007A64
:10A120002B46D9B240FA01F1C9071A4603F10103DF
:10A13000F7D502F14003E4E73A4600F10C0108F0DC
:10A1400081FD0328DED10546E1E700BFB0210020F4
:10A15000AC210020A8210020034B03EB810398567B
:10A1600020EAE070C0B27047945E01002DE9F74329
:10A170001B4EDFF870801C4F05460C4614B903B027
:10A18000BDE8F083EFF31189202383F31288BFF336
:10A190006F8F09F038F91549D1E90032C31842F13F
:10A1A000000008FB03F206FB0022A3FB0630DB19CC
:10A1B00042EB0002C1E9003289F31188BFF36F8FCF
:10A1C000042CA14628BF4FF00409019228464A46B4
:10A1D00001A909F009FE4D44A4EB0904CEE700BF34
:10A1E000FDB0B087E62EBB272DF304B5C0040020D8
:10A1F000084B70B5C31A0D4607499B1004465943D6
:10A200000648402208F0CAFD2B4601462046BDE81C
:10A2100070401847C8210020B76DDBB6E43F01004D
:10A2200073B50C4C0C4A4023041B00930D460B469F
:10A230000A49A41061430646094808F0DAFD011EE8
:10A2400005DA30462B4602B0BDE87040184702B030
:10A2500070BD00BFC82100205B2E0100B76DDBB6CA
:10A26000E43F010010B5EFF31184202383F312883B
:10A27000BFF36F8F074A136823F00201DB071160F9
:10A2800002D4012009F0DDF884F31188BFF36F8F49
:10A2900010BD00BF18220020002270B50121044625
:10A2A0001046F8F7A3FD0F4802F07AFC0E4B9842D7
:10A2B00015D102F085FC26690C49304606F0ACFB4E
:10A2C00000280BDB012535642469084904F11C00D2
:10A2D00006F0A2FB002801DBE564002070BD6FF0F2
:10A2E0000400FBE7F1A300000000AD0BD447010020
:10A2F0007FB500220123CDE9022304ABCDE904336D
:10A30000094ACDF800D06B46CDF804D008F09EFD88
:10A31000002805DB4FF480420023684604F04EFD20
:10A3200007B05DF804FB00BF792E010030B4104B7C
:10A330000C2202FB003301460020D3E90E52986341
:10A34000EFF31180202484F31288BFF36F8F1C6C0D
:10A3500004F0C00444F002041C6480F31188BFF3CD
:10A360006F8F1DB12B46034830BC184730BC704777
:10A37000C8210020E43F010010B4EFF31182202334
:10A3800083F31288BFF36F8F1748016841F002040E
:10A390000460C80707D482F31188BFF36F8F0120D0
:10A3A00010BC02F01FBC4FF08041D1F80C04D1F872
:10A3B0000C14C907EFD5EFF3118083F31288BFF3B4
:10A3C0006F8F0A490B6C03F0C00343F002030B6468
:10A3D00080F31188BFF36F8F82F31188BFF36F8F03
:10A3E000002010BCFFF7A2BF18220020C8210020C7
:10A3F00010B1012804D07047034B1B6C5B0701D1DF
:10A40000FFF794BF704700BFC82100202DE9F0413D
:10A410003849BFF35B8F0746012251E8003F41E80E
:10A4200000200028F9D1BFF35B8F33B9324933489C
:10A430004B60CB608A6006F002FB7B1E012B2BD8A1
:10A44000012F07D14FF08043D3F81C3403F00303EE
:10A45000012B21D009F06EFA0546F8B9284B1B787C
:10A46000E3B14FF080430222C3F808230646DFF829
:10A4700094804FF08044D4F81824D4F81834D203D0
:10A4800015D503F00303012B01D0012F0FD155B3D4
:10A4900086F31188BFF36F8FBDE8F081EFF311866B
:10A4A000202383F31288BFF36F8F0125DFE7ADB15F
:10A4B000304606F0CAFDD4F81835002BDBD1D4F8AD
:10A4C0000421002AD7D0C4F80431D4F80431012380
:10A4D000C4F81835C8F88031A360CCE700212120EA
:10A4E00009F0CCFAE7E74FF080430222C3F80423D7
:10A4F000D2E700BFC4210020B4210020E4210020C5
:10A500003626002000E100E008B5074809F00BF905
:10A5100038B10648F8F7B6FE0448F6F73DFD0020CE
:10A5200008BD6FF01200FBE72040010031A50000DC
:10A530000A2838B5074D044604D1AB680D215B6885
:10A5400028469847AB6803485B68E1B298472046C5
:10A5500038BD00BF2040010000F1744000F5A600A6
:10A560000A289ABF024B33F910006FF00F007047B2
:10A57000684A0100024B0B6001231360704700BF63
:10A580006448010000487047F84701000268154B15
:10A59000FF2A08BF4FF0FF32C3F824254268FF2A84
:10A5A00008BF4FF0FF32C3F828258268FF2A08BF92
:10A5B0004FF0FF32C3F83025C268FF2A08BF4FF0C2
:10A5C000FF32C3F834250269FF2A08BF4FF0FF327B
:10A5D000C3F838254269FF2A08BF4FF0FF32C3F89D
:10A5E0003C2570470090024030B50D46416889B067
:10A5F000E9B1D1E900138468DCB1D4E90024CCB11D
:10A60000C3B19C420FD10133092B007815D9CDE994
:10A610000303144B02930023CDE9003312490222B5
:10A62000184608F06EFC6FF0150009B030BD0B46FF
:10A63000E1E7224601332344E6E78DF8193040F282
:10A6400001138DF81800ADF81A3006A800238DF814
:10A650001C308DF81D5003F0DDF909B0BDE8304025
:10A66000FFF77ABFE15E010024430100054B9942E8
:10A6700006D14FF0FF324FF0FF33183004F09EBB8D
:10A68000704700BF0000AD0B2DE9F04743685D6BDC
:10A690009AB0074614AA0021284608F01FFD041EA0
:10A6A0006FDB149B2A681979186800F0E5FD041E19
:10A6B00067DB002201212920F8F798FBD7F80480F6
:10A6C0003A697049404603F085F9FFF745FF041EDB
:10A6D00052DB6D4D0FCD14AC0FC495E803000DF1A6
:10A6E0002C09002584E803000B95AB23C9E901552B
:10A6F0008DF82C30654BD3F82425D2B20E92D3F8C6
:10A700002825D2B20F92D3F83025D2B21092D3F8C6
:10A710003425D2B21192D3F83825D2B21292D3F89E
:10A720003C3514A8DBB21393FFF730FF012003F090
:10A73000C7F90EAE01463046FFF728FF544B994249
:10A7400023D129464846FFF74FFF041E14DB232080
:10A7500008F0E4FF4FF0030A9F23294614A8CDE92F
:10A760001455CDF83890CDF83CA08DF850301696A1
:10A77000FFF73AFF041E0BDA03F0C0F908B103F04B
:10A78000ABF920461AB0BDE8F0876FF00404F3E798
:10A790005246494608F1300009F056FB0446F0B134
:10A7A00098F83230089398F83130079398F83030A1
:10A7B00006939DF82E3005939DF82D3004939DF857
:10A7C0002C300393334B34490095CDE901530122DA
:10A7D0002B46284608F095FB6FF01204CCE77A6808
:10A7E000537F023B012B16D9177F023F022F8CBFEC
:10A7F0000027012708F094FB051E0EDA274B029371
:10A800000023CDE90033244903950122184608F0BE
:10A8100078FB2C46B0E70127ECE7EAB2C5F38015D8
:10A82000AF42A9D0002382F040020121ADF82830C8
:10A8300014A88DF828200AAA14930E920F9116934B
:10A840008DF850101596FFF7CFFE041E07D108F0C3
:10A8500067FB041E04DB14F00104F8D18CE78BDAEB
:10A860000F4A104B0C49002F18BF1346CDE9033493
:10A870000D4B02930023CDE900330122184608F066
:10A8800040FB79E7F72E0100804301000090024071
:10A890000000AD0B0E5F010024430100405F01008A
:10A8A000045F0100085F0100505F01002DE9F047DF
:10A8B0000E4688B0416807461D469046CAB1C3B1EE
:10A8C000042B01D9AB0714D116F0030411D1002ECB
:10A8D00003DBCA6A7319934211D93C4B02930023DC
:10A8E000CDE90365CDE9003339490122184608F066
:10A8F00008FB6FF01504204608B0BDE8F087384625
:10A9000008F059FB204608F026FB044630B1012030
:10A9100008F021FB384608F033FBECE7032D1CD888
:10A920003246042107A808F033FE04460146386980
:10A93000FFF79CFE274B9C4234D12A46414607A88C
:10A9400009F052FA3246042107A808F01EFE044618
:10A9500001463869FFF78AFE24E008F06043B3F14E
:10A96000005F02D118F0030F2BD0DFF868A0042D90
:10A97000A94628BF4FF004094A46414607A809F0F6
:10A9800033FA3246494607A808F0FFFD044601465F
:10A990003869FFF76BFE544504D1B5EB0905C8448F
:10A9A0004E44E4D12046FFF7D7FD0446012008F0CD
:10A9B000D2FA0546384608F0E3FA002C08BF2C46C8
:10A9C00099E7324629464046BFE700BF615F010074
:10A9D000244301000000AD0B2DE9F04F82468BB0FF
:10A9E0000E461C469046AAB1002B00F09380002929
:10A9F000426803DBD26ACB18934210D9464B0293CC
:10AA00000023CDE90364CDE900334449012218460F
:10AA100008F077FA6FF015000BB0BDE8F08F7542C3
:10AA200005F0030508F0C7FAA54228BF2546D8F16E
:10AA3000000303F0030308F0030758BF5F427F429F
:10AA400007F00307A74228BF2746631BE41B24F037
:10AA5000030423F00309A145C8BFA14603F0030B7B
:10AA6000C8BFA3EB040BB9F1000F19D008EB070323
:10AA7000721949461846079308F08AFD04460146B4
:10AA8000DAF81000FFF7F2FD254A944239D1BD42B1
:10AA900006D0079B4A46194608EB050009F0B2F9B3
:10AAA000ADB1C5F10407F21B042108A808F070FD40
:10AAB00004460146DAF81000FFF7D8FD184B9C4217
:10AAC0001FD108AB2A46D919404609F08DF9BBF1D0
:10AAD000000F15D072194A44082108A808F058FD43
:10AAE00004460146DAF81000FFF7C0FD0C4B9C420B
:10AAF00007D109EB05005A4608A9404409F074F94A
:10AB0000074C504608F03CFA20460BB0BDE8F04F29
:10AB1000FFF722BD18467FE7AB5F01002443010029
:10AB20000000AD0B2DE9F047C1F30B03D0F804C0D2
:10AB300086B007460E4615462AB96FF01504204622
:10AB400006B0BDE8F087C2F30B0252EA0304F4D169
:10AB5000002904DBDCF82C204B1993420CD9474B1D
:10AB600002930023CDE90315CDE9003344490122C6
:10AB7000184608F0C6F9E0E708F01DFA2046D7F8B5
:10AB8000048008F0E8F90446002872D1DFF8F49058
:10AB9000D8F82C309D4220D108F0FDFC2C4682468E
:10ABA00038695146FFF762FDCA4542D126442D1B44
:10ABB00000214FF4A47008F061FF08F0B1F9041E01
:10ABC00048DB14F00104F3D1002DE1D1012008F09D
:10ABD000C2F9002C08BF04464BE0B5F5803F09D30D
:10ABE000B3B253B93146012002F092FF4FF48034E2
:10ABF0008246D5E7B5F5805F09D3C6F30B0030B9BF
:10AC0000314602F085FF4FF480548246C8E71E4B60
:10AC1000029300231846CDE900331949DFF86CA0F0
:10AC20000122CDE9036508F06CF918493869FFF78E
:10AC30001DFD174B029300231846CDE90033CDE9E3
:10AC400003650F49012208F05CF95046FFF784FCC8
:10AC50000446BBE70F4B029300231846CDE903657A
:10AC6000CDE900330649012208F04BF9012008F034
:10AC700072F9384608F084F961E700BFF45F01001B
:10AC8000244301000000AD0B3E6001000400AD0B49
:10AC9000796001005C600100024B0B6001231360CE
:10ACA000704700BF1C220020004870476C4801001C
:10ACB00070B50D4686B0194628461C46164608F063
:10ACC00097F9034668B90B4A0090CDE90102CDE936
:10ACD00003540949012208F09CF96FF0150006B0F1
:10ACE00070BD24B122462946304609F07DF8002087
:10ACF000F5E700BFAD600100D442010010B50122AC
:10AD000011460648064C08F0C7FD08F03AFC2060E2
:10AD100008F033FC6060002010BD00BF242200203A
:10AD20001C2200204FF08042D2F81015D2F81035C6
:10AD300001F01E0123F01F030B4343F00103C2F88F
:10AD40001035024B00221A70704700BF23260020E6
:10AD50004FF08053D3F83031082B20D14FF0804290
:10AD6000D2F81015CB071AD5D2F8103501F01E0114
:10AD700023F01F030B43C2F81035D2F808315BB142
:10AD8000D2F8103523F01F030B4343F00103C2F840
:10AD900010356FF08B007047024B01221A700020B3
:10ADA000704700BF232600202DE9F04186B0884679
:10ADB000154608F0E2FB29460646404608F018F919
:10ADC0004746034600283FD0B8FBF6F306FB138343
:10ADD00023B9B5FBF6F406FB145474B11F4B029370
:10ADE0000023CDE90385CDE900331D490122184632
:10ADF00008F00FF96FF015041FE0AE421DD84FF0B8
:10AE0000FF324FF0FF331748DFF85C8003F0D6FFC6
:10AE100008F0B3FB0646FFF79BFF044688B93846A7
:10AE200002F06EFB98F800300BB1FFF77BFFAD1B13
:10AE30003744F0D10B4803F08DFF204606B0BDE843
:10AE4000F0816FF08B04F5E7084A05490090CDE9E1
:10AE50000102CDE903850122CAE700BFCA600100F3
:10AE6000D44201002422002023260020AD600100EE
:10AE70002DE9F0430E4687B0194630461C4617466A
:10AE800008F0B6F8034678B9254A26490090CDE97E
:10AE90000364CDE90102012208F0BBF86FF015044C
:10AEA000204607B0BDE8F08346EA040515F0030527
:10AEB0000AD01D4B02930023CDE90364CDE9003392
:10AEC000184901221846E7E7002CE9D01748DFF8B7
:10AED00060904FF0FF324FF0FF3303F06FFF24F02C
:10AEE0000304A54205EB060809D1124AD2F8003442
:10AEF000DB07FBD500240D4803F02CFFD0E7FFF75C
:10AF000027FF50B97959404602F01AFB99F80030F2
:10AF10000BB1FFF707FF0435E3E76FF08B04EAE7B7
:10AF2000AD600100D4420100E9600100242200204C
:10AF30002326002000E00140F0B54068057B01F0C9
:10AF40001F0444EA4514056987B0002D64D0B2F5AA
:10AF5000001F00F1100506D12146284608F002FB2B
:10AF6000002007B0F0BD01AE0027B2F5800F0197B9
:10AF7000776039D1B3F1007F14BF052304238DF826
:10AF800004300023CDE904630393836823FA01F1BD
:10AF900011F001011AD1B2F1A07F17D104F01F0303
:10AFA000620903F5E0732AD0012A3BD11F4A52F807
:10AFB0002330DB070AD40DF103063246214628462A
:10AFC00002F0F8F81A4B98421CD0029603AA2146C8
:10AFD000284601F0B1FF174B984220D101222146AB
:10AFE000284602F04BF9BBE7B3F1C06F05D0B3F1CF
:10AFF000007F14BF01230223C1E70323BFE74FF003
:10B00000A042D4E73146284602F032F9094B984273
:10B01000DBD06FF00B00A4E76FF08500A1E76FF0C5
:10B0200015009EE751F82330FFDE00BF00030050FB
:10B030000400AD0B0000AD0B38B545682B69B3B10A
:10B040001035284602F004F9044680B90146284626
:10B0500002F0CAF8084B98420BD10849224628460C
:10B0600002F0A2F8224605210620F7F7BFFE0020D5
:10B0700038BD6FF00400FBE70000AD0B81B00000AD
:10B08000420970B5034602D0012A17D070BD0D4E9B
:10B09000326951680029F9D003F01F0301250C68BB
:10B0A0009D400029F2D08A682A4002D04B68304681
:10B0B00098472CB1236821461C46F2E7024EE7E789
:10B0C0002346F8E70C400100F83F01002DE9F0436A
:10B0D000466840F20635D006337B87B002EA0505A4
:10B0E00054BFC2F34010032001F01F07B5F5837F62
:10B0F000144647EA43178DF8030045D00FD8062DB4
:10B1000018D007D8B5B1022D40D06FF0150007B0A8
:10B11000BDE8F083B5F5807FF7D101250AE040F264
:10B120000222954234D0B5F5407F33D0B5F5007F8B
:10B13000EBD102250123220303FA01F12CD5736818
:10B14000C3F80815326982BB07F01F037F0929D0B5
:10B15000012F77D13E4A02EB830284F48033D2F888
:10B160000017C3F30043C4F3404444EA430421F40A
:10B17000E16144EA800421F0070144EA05230B431E
:10B18000C2F800370020C2E70725D3E70425D1E73E
:10B190000525CFE70325CDE7630344BF7368C3F8F4
:10B1A0000C15CFE74FF0A042D5E710360DF10202A3
:10B1B0003946304601F0FEFF14F4403F80460CD182
:10B1C0003946304608F0CCF9224B9845DAD19DF843
:10B1D0000210304602F046F8D4E701AB4FF0000908
:10B1E00003AA39463046CDE90439CDE90199CDF8B5
:10B1F0000C9001F0A1FE174B984286D114F4003355
:10B2000015D09DF803308DF80E3084F48034C4F3EB
:10B2100000444B4603AA394630468DF80C508DF851
:10B220000D4001F043FF0B4B9842CDD06DE7CDE9C7
:10B23000043303AA0DF1030339463046039301F0AA
:10B240007BFEF0E703F5E07352F82330FFDE00BF2A
:10B25000000300500000AD0B036803F01F025B0900
:10B26000026004D0012B034818BF002070474FF044
:10B27000A0407047000300502DE9F04FDFF8949193
:10B28000DFF894A185B01546834600EB810140F2BA
:10B29000FF18594503D1002005B0BDE8F08FDBF859
:10B2A00000305E04C3F3C322C3F3080400F1AC8092
:10B2B0001B0E19F80270444508BF4FF0FF34222BD3
:10B2C00000F2A580DFE803F012191F22252B22A32C
:10B2D000A3A3A33B68A3A3A3A3A3A3A3A3A36B813B
:10B2E0008487A3A3A38A9194979A9D00C5F80C45DF
:10B2F000601C5ED10BF1040BCBE7C5F81445621C52
:10B30000F8D000265FE0C5F80845F1E7C5F810451C
:10B31000F5E7631CC5F80845ECD0002604E0661C80
:10B32000C5F80C45E6D0012603A80394FFF794FF67
:10B33000039B012202FA03F3C0F80C3508E0C5F8BC
:10B340000845002FDBD1631CD4D0002632460627E7
:10B35000DBF80030019303F40040002818BF0022FE
:10B3600003A8009218BF01260394FFF775FF039C02
:10B37000019B009A00EB8400C3F3412CD0F80047F6
:10B380003B0243EA8C03134304EA0A04234343EADF
:10B390004603C0F80037ADE7C5F80C45D1E7C5F85E
:10B3A0006045601CDBF80030A4D0C3F30043002BE1
:10B3B000B9D003A80394FFF74FFF039B012606FAB9
:10B3C00003F3C0F808353246C2E7C5F86445E8E73C
:10B3D000C5F86845E5E7C5F86C45E2E7C5F82445DA
:10B3E000621C87D000220126B2E7C5F828457FE716
:10B3F000C5F83045F4E7C5F83445F1E7C5F83845F8
:10B40000EEE7C5F83C4573E76FF0150044E76FF0D1
:10B41000850041E747610100F0F8FCFF7FB50BAB09
:10B4200005930393054B02930023CDE900330122DA
:10B430001846F6F7CFFC07B05DF804FB4F6101003A
:10B440002DE9F041044647680D4608F073FA4FF0C5
:10B45000200888B9264B1B7873B16426606807F012
:10B460006AFEF0B9012007F0DEFF013EF6D10021AF
:10B47000212008F003FBF0E7EFF31186314688F353
:10B480001288BFF36F8F606807F055FEA8B986F386
:10B490001188BFF36F8FEFE786F31188BFF36F8FCB
:10B4A000E5E7EFF31186314688F31288BFF36F8F1B
:10B4B000606807F040FE0028EED0BB691D7063682D
:10B4C000BA691B680020C3F844250122C3F8482547
:10B4D000C3F82001D3F82041C3F85801D3F858012C
:10B4E0009A6081F31188BFF36F8FBDE8F08100BFD0
:10B4F00036260020F0B500220546012187B0022043
:10B50000F7F774FC0220F7F741FC6A6811681369C9
:10B51000C1F82435137D507D927D03431343C1F858
:10B520006C356E68D6E9004313F0010355D02F69DE
:10B5300007F1080007F083FF354B98420DD0354BDB
:10B54000029300231846CDE9003333490122FFF767
:10B5500065FF6FF0040007B0F0BD387A04F10C020B
:10B5600004F5907107F061FF387A012707FA00F0BF
:10B5700001F0AEFA0823C4F80035B369C4F84435C5
:10B580000023C4F84835A760D4F85831002BFBD00D
:10B590000021C4F800156B68DC6805AA204607F096
:10B5A0009DFD002805DB059B226819791868FFF7C7
:10B5B00063FE6A6813680821C3F80015117A51B94F
:10B5C000D269C3F834250122C3F83825C3F8101115
:10B5D000D3F810111A600020BDE70822C4F8002536
:10B5E000B269C4F84425C4F848350123A360D4F8EF
:10B5F0002031002BFBD00023C4F82031D4F82031B7
:10B600000123E3604FF48073C4F80433BCE700BF48
:10B610000000AD0B4F610100544301002DE9F041E2
:10B62000456806692F6A88B007AA0021384607F0E6
:10B6300055FD041E2BDB079B3A6819791868FFF744
:10B640001BFE041E23DB696A481C24D005F1280078
:10B6500000F038FB10F1130F04460CD1304B02936D
:10B660000023CDE900332F490122184607F0ACFD35
:10B670006FF012040BE0411D0DD12B4B0293002300
:10B68000CDE9003327490122184607F09DFD2046E9
:10B6900008B0BDE8F081EB699847B5680127D6E9A5
:10B6A000023203EBC2039D4204D3304607F0AFFDE4
:10B6B0000024ECE7286808F036F8034668B92A79D0
:10B6C00004922A68174912680392184A0090CDE93B
:10B6D0000102012207F078FDCAE728682979EB8882
:10B6E000D0F810C0D0F80880DCF80040DA0754BF6A
:10B6F00043F4B01383F4D01323F4801207FA01FE4D
:10B70000DB074CBF44EA0E0424EA0E04CCF80040E8
:10B71000D8F800309847041EB9DB0835BFE700BFF2
:10B720008C61010034430100B7610100D461010064
:10B730007FB50546406829698A6D0B6E0ABBABB1BF
:10B740004C6D8B6616461A46C96D0291CDE90046CE
:10B7500011B3002B18BF134600226946039302F071
:10B76000A7FB0E4B98420AD06FF004032C692364A8
:10B7700004F1280003F0EEFA002384F86C3004B0E2
:10B7800070BD4C6D13B19A4228BF1A46002C8A66D0
:10B7900014BF16460026D7E70B46DDE70000AD0BC9
:10B7A00030B5037885B00C4663B98D6E65B94B6EC4
:10B7B0001C696FF07303236404F1280003F0CAFAD4
:10B7C00084F86C5005B030BD8A6D52B195421DD9D8
:10B7D000274A28490093CDE901321846012207F093
:10B7E000F3FC236EA26E5BB19A4227D9204B0293E1
:10B7F0000023CDE900331F490122184607F0E4FC7D
:10B80000606E05B0BDE83040FFF792BF521B8A65FD
:10B8100072B94B6C08334B648B6C013B8B6401F148
:10B82000580204F14400483107F0BBFC6065D8E7DA
:10B830004B6D002BD5D02B444B65D2E79B1A23666A
:10B840007BB9E36C0833E364236D013B236504F1AA
:10B85000600204F1500104F14C0007F0A2FCE06525
:10B86000CEE7E36D002BCBD01344E365C8E700BF00
:10B87000F8610100344301002DE9F04F8DB00469F7
:10B880000493436805938B8807469804884692463C
:10B8900034D44FF0FF324FF0FF3304F1100003F0C7
:10B8A0008DFAC4F80480D7F81090D7F804B099F84E
:10B8B0006D3023B1D9F80030984500F00881B8F810
:10B8C000046016F4006320D06D4B02930023CDE991
:10B8D00000336C490122184607F076FC6FF08505AD
:10B8E00023689B8813F4005304D1636004F11000B3
:10B8F00003F030FA28460DB0BDE8F08FA369002BA5
:10B90000C7D163689942C4D1CDE716F001020DD0CA
:10B910003A6803925C4A5B490093CDE901321846CC
:10B92000012207F051FC6FF01505D9E716F0080366
:10B930000AD0564B0092CDE901231346514901220A
:10B94000184607F041FCEEE7C6F34512082A04D07A
:10B950004F4A0093CDE90132F0E7D8F800504D4A44
:10B96000954201D84C4AF4E70BF1080EBEE80F00EF
:10B970000DF11C0CACE80F00DEF80030CCF8003004
:10B98000464B9D4258D9464B9D4258D9454B9D4206
:10B9900058D9454B9D4258D9444B9D4258D9444BA8
:10B9A0009D422CBF4FF000454FF08045B1070995EF
:10B9B00006F004034FD5002B14BF032302238DF898
:10B9C0002830C6F300138DF82930DBF80030D3F8A7
:10B9D000081516F0020F4FEA5113C6F3400201F0AA
:10B9E0001F013FD1002B3AD0012B40F03E81314A5C
:10B9F00001238B40C2F80C3599F86D302BB15846B5
:10BA000002F01EFA002389F86D304B462A4A07A936
:10BA1000584602F0E1F9294B984253D0284B029343
:10BA200000230390CDE9003316490122184607F0A0
:10BA3000CBFB6FF0040553E74FF00075B6E74FF00E
:10BA40008065B3E74FF00065B0E74FF08055ADE794
:10BA50004FF00055AAE7003B18BF0123AFE74FF0B6
:10BA6000A042C5E743B1012B40F00281114A0123F6
:10BA70008B40C2F80835BFE74FF0A042F7E700BFA0
:10BA8000166201003443010030620100526201007D
:10BA90007162010047E80100A06201008FD003003D
:10BAA0001FA107003F420F007F841E00FF083D00DA
:10BAB00000127A0000030050A1B700000000AD0B97
:10BAC000D1620100012389F86D30C9F8008001239B
:10BAD00084F86C30059B596A4A1C0FD003F128008A
:10BAE00007F0BFFB743009D1634B02930023CDE90B
:10BAF000003362490222184607F066FBBAF1000FD4
:10BB00007BD1C4F844A00023A36404F1580204F1DB
:10BB1000480104F1440007F044FB049B6065002BDE
:10BB200073D1E3640023236504F1600204F1500142
:10BB300004F14C0007F035FBE06520680023236426
:10BB400048B183683BB10121083007F04CFB236802
:10BB5000186907F0E3FD3846FFF7EAFD0022A06C04
:10BB60001346834259D10023256D1946A9425BD162
:10BB70009342264638BF13464FF4FA5202FB03F5B0
:10BB800056F8283B4FF000081B68B5FBF3F54FF45F
:10BB9000004CC835414640F2E7304FF47A7200233A
:10BBA000E5FB0C01F4F730FC02460B46304603F08F
:10BBB00005F900283FD0324B3049CDF80080CDE95F
:10BBC000018301224346404607F0FEFA002505980E
:10BBD000A56602F035F984F86D503F696FF073087F
:10BBE000C7F8408007F1280003F0B4F887F86C50DC
:10BBF000304603F009F9454621E0DAF80030636485
:10BC0000002B80D0DAF804307EE7049B1B68E364E5
:10BC1000002B87D0049B5B6885E7616C01EBC30157
:10BC2000013349680A449CE7E06C00EBC100013134
:10BC3000406803449AE7256C15F1740FC6D0236859
:10BC4000002B3FF44DAE9A68002A3FF449AE998824
:10BC500011F480567FF444AE186907F05FFD206848
:10BC60003146083007F0BFFA3AE6C2F80C25FFDE8D
:10BC70000023C3F80835FAE7F862010034430100F5
:10BC80002263010000F01F0240090DD001280ED1EF
:10BC90000A4B03EB82030A4AD3F80007024042EA48
:10BCA0008102C3F8002770474FF0A043F1E702F587
:10BCB000E072002353F82230FFDE00BF0003005083
:10BCC000F0F8FCFFF0B587B001238DF802300223B5
:10BCD0008DF804306B4403930F4601AB0DF1030163
:10BCE0000024049305460291059401F0C1FA0C4B1F
:10BCF000984206460FD103AA3946284601F01CF99E
:10BD0000B0420BD09DF80310284601F0ABFA6FF05B
:10BD1000040007B0F0BD6FF01200FAE72046F8E724
:10BD20000000AD0B2DE9F0434568076987B0064672
:10BD3000E86B07F0E5FA041E16DB296C481C24D0DA
:10BD400005F14400FFF7BEFF10F1130F04460FD1B9
:10BD5000324B02930023CDE90033314901221846CA
:10BD600007F0BFFA6FF01204204607B0BDE8F08379
:10BD7000411D0AD12B4B02930023CDE90033284902
:10BD80000122184607F0ADFAEEE76B6B9847BD68E5
:10BD90004FF00108D7E9023203EBC2039D4208D3FA
:10BDA000384607F0F1FA7368D86B07F0A9FA002457
:10BDB000DAE7286807F0B7FC034668B92A790492E5
:10BDC0002A68174912680392174A0090CDE90102C8
:10BDD000012207F086FAC5E728682979EB88D0F8B0
:10BDE00010C0D0F80890DCF80040DA0754BF43F4E4
:10BDF000B01383F4D01323F4801208FA01FEDB079A
:10BE00004CBF44EA0E0424EA0E04CCF80040D9F8F2
:10BE100000309847041EA7DB0835BBE78C610100A2
:10BE20003C430100B7610100D46101002DE9FF41ED
:10BE30000569D0F804802B6E0646A86D002835D120
:10BE4000002B53D0B8F838406A6DEF6D9C4228BF84
:10BE50001C46EB6D53B1296E41B107F06041B1F161
:10BE6000005F03D0082C6F6F28BF082400926A6D12
:10BE7000AC661AB1AA6D002A18BF2246CDE9012787
:10BE80001BB12B6E002B18BF23460022694640468B
:10BE9000039302F0FFFA184B984229D06FF0040187
:10BEA000304604B0BDE8F04107F090BA696DEF6D1F
:10BEB000B8F838400A46ABB1834228BF03469C42DB
:10BEC00028BF1C460029C4D001F06043B3F1005FD5
:10BED000BFD0082C28BF08242246286F07F084FF13
:10BEE0002A6FB6E7844228BF0446EBE71946D7E736
:10BEF00004B0BDE8F08100BF0000AD0B1FB50278B3
:10BF00000346002A6BD10C69A26E3AB9606E6FF0DD
:10BF1000730104B0BDE8104007F058BAE06D40B1BD
:10BF2000216E31B1DB6823B1834202D0616F07F02B
:10BF30005BFFA36DA26E5BB19A421ED9294B02939F
:10BF40000023CDE9003328490122184607F0C9F93A
:10BF5000236EA26E5BB19A4228D9224B0293002332
:10BF6000CDE9003320490122184607F0BAF9606E86
:10BF700004B0BDE81040FFF759BF9B1AA3657BB919
:10BF8000636C08336364A36C013BA36404F158023F
:10BF900004F1480104F1440007F090F96065D7E727
:10BFA000636D002BD4D013446365D1E79B1A2366DD
:10BFB0007BB9E36C0833E364236D013B236504F133
:10BFC000600204F1500104F14C0007F077F9E065DC
:10BFD000CDE7E36D002BCAD01344E365C7E704B097
:10BFE00010BD00BFF86101003C4301002DE9F04F96
:10BFF00093B088460593436806938B880469990437
:10C000000746914637D44FF0FF324FF0FF3304F12B
:10C01000100002F0D3FEC4F80480D7F804B0D7F8BB
:10C0200010A0DBF8083007939AF86D3023B1DAF8E6
:10C030000030984500F01B81B8F804C01CF4006380
:10C0400020D06F4B02930023CDE900336D490122CC
:10C05000184607F046F96FF0850523689B8813F4AE
:10C06000005304D1636004F1100002F073FE28460F
:10C0700013B0BDE8F08FA369002BC4D16368984565
:10C08000C1D1CAE71CF001020DD03A6803925E4AA2
:10C090005C490093CDE901321846012207F021F9ED
:10C0A0006FF01505D9E71CF008030AD0574B009232
:10C0B000CDE90123134653490122184607F011F92F
:10C0C000EEE7CCF34512082A04D0514A0093CDE99B
:10C0D0000132F0E7D8F800E04E4A964501D84E4AC2
:10C0E000F4E70BF10C060FCE08AD0FC50FCE0FC550
:10C0F000079B734528BF73469E4696E80300474B4F
:10C100009E4585E8030017D2454B9E4514D2454B0A
:10C110009E4511D2444B9E4555D8444B9E4554D81C
:10C12000434B9E4553D8434B9E4552D84249434BBF
:10C13000434A8E4588BF13461CF0020F0D930CF046
:10C14000040348D0002B14BF032302238DF838309A
:10C15000CCF300138DF83930DBF80030D3F8082524
:10C160001CF0020F4FEA5213CCF3400102F01F0201
:10C1700038D1002B33D0012B40F02E8131490123DF
:10C180009340C1F80C359AF86D302BB1584602F047
:10C1900033F900238AF86D303B462B4A08A95846EC
:10C1A00002F0F6F8294B98425CD0294B0293002309
:10C1B0000390CDE9003313490122184607F091F8A6
:10C1C0006FF0040549E7234BB6E7234BB4E7234B55
:10C1D000B2E7234BB0E7003B18BF0123B6E74FF0AF
:10C1E000A041CCE743B1012B40F0F9801549012370
:10C1F0009340C1F80835C6E74FF0A041F7E700BF0C
:10C20000166201003C4301003062010052620100ED
:10C210007162010047E80100A06201000048E801E6
:10C220000024F40000127A00FF083D007F841E0005
:10C230003F420F001FA107008FD0030048E8010014
:10C2400090D0030000030050FDBE00000000AD0BC5
:10C25000D162010000093D0080841E0040420F00B1
:10C2600020A1070001238AF86D30CAF8008001235D
:10C2700084F86C30069B196C4A1C0FD003F1440003
:10C2800006F0EFFF743009D1574B02930023CDE93C
:10C29000003356490222184607F023F8B9F1000F7F
:10C2A00070D1C4F844900023A36404F1580204F14F
:10C2B000480104F1440007F001F8059B6065002B7C
:10C2C00068D1E3640023236504F1600204F15001A6
:10C2D00004F14C0006F0F2FF00252A46E06501213A
:10C2E0002046256407F030F83846FFF79FFDA06C24
:10C2F0002A462B46834255D10023256D1946A94273
:10C3000057D19342264638BF13464FF4FA5202FBE8
:10C3100003F556F8283B4FF000081B68B5FBF3F512
:10C320004FF4004CC835414640F2E7304FF47A7282
:10C330000023E5FB0C01F4F767F802460B46304694
:10C3400002F03CFD024600283AD0294B2749CDF89F
:10C350000080CDE9018301224346404606F0C1FF3B
:10C3600000250698A56602F047F884F86D506FF036
:10C370007301384607F02AF8304602F045FD6FF0A9
:10C3800073056AE6D9F800306364002B8BD0D9F8C6
:10C39000043089E7059B1B68E364002B92D0059B62
:10C3A0005B6890E7616C01EBC301013349680A44A3
:10C3B000A0E7E06C00EBC1000131406803449EE758
:10C3C000256C15F1740FCBD0002D3FF446AE01461D
:10C3D000386906F0B9FF40E6C1F80C15FFDE00230E
:10C3E000C3F80835FAE700BFF86201003C430100DA
:10C3F0002263010070B5012383400E4ABFF35B8FB7
:10C40000DC4352E8001F01EA040542E80056002E12
:10C41000F7D1BFF35B8F4FF4803282400648C0F8FB
:10C420000823BFF35F8FBFF36F8F0B4214BF012050
:10C43000002070BD642200200010014070B40E493D
:10C44000D1E90034D01AC31844F1000422F07F4629
:10C45000C1E90034A6F50013B3F5400F09D2074B2C
:10C460001B681A0A1B069C19054B42F10005C3E91B
:10C47000004570BC03F00CBB80080020682200203F
:10C480008808002011B3BFF35B8F0123104A83405B
:10C4900052E800CF4CEA030C42E800C10029F7D172
:10C4A000BFF35B8F0B4A4FF480338340C2F80433F1
:10C4B000094BBFF35B8F1B68BFF35B8FC340DB0788
:10C4C00042BF064B4FF40032C3F80021704700BF53
:10C4D00064220020001001406022002000E100E002
:10C4E0000D4B1868010A0006BFF35F8F0B4BD3F8A2
:10C4F0000435181841F10001B3F5801F0AD2084B2A
:10C50000D3E90023904271EB030303D210F1807052
:10C5100041F10001704700BF682200200010014077
:10C52000880800202DE9F04F85B016461F469DF87B
:10C5300040A00446FFF75EFF0190FFF7D1FFB04235
:10C5400071EB070354D23E4B301A67EB010198425E
:10C5500071F100014FD23B4B03EB0413D3E90223EB
:10C560009F4208BF96425ED037494FF4803804F1AD
:10C57000500508FA04F8AD00C1F848832046ADB272
:10C5800006F035FF26F07F4B05F1804504F5A873D2
:10C5900005F58835DC464FF003090293029A2CF02A
:10C5A0007F4341F82230C1F84483D1F80435274A4B
:10C5B0006FF00200C01A604420F07F40904232D9F0
:10C5C000286868B1D1F804350393A3EB0B0020F081
:10C5D0007F40B0F5000F26D9204606F008FF039BE8
:10C5E000BAF1000F07D109EB030C09F10109D5E7F6
:10C5F000BAF1000F09D06FF0150520460199FFF739
:10C6000041FF284605B0BDE8F08F0123104ABFF373
:10C610005B8FA34052E8000F184342E80001002955
:10C62000F8D1BFF35B8F07490E98230101EB041289
:10C63000C8500F9B5360C2E902670025DDE700BFC9
:10C64000010080007008002000100140FDFF7F0005
:10C65000602200207FB51C4C1C4BC4F80833C4F882
:10C6600048331B4B00254FF0FF304FF0FF31C4F82B
:10C670000855C3E902014FF48033C4F80433154B65
:10C6800002264FF400320121C4F804631120C3F8DC
:10C6900080212A46F6F7AAFB1120F6F777FB0E4A0F
:10C6A0000123A360236013600C4B0D4A0093CDE976
:10C6B000015500232846FFF735FF3046FDF7A6FE5B
:10C6C000284604B070BD00BF0010014003000F00F9
:10C6D0007008002000E100E0642200203DC400005A
:10C6E000FFFF7F002DE9F7432F4CD4F8043399075F
:10C6F0000BD5D4F8043143B12C4A0023C4F80431DB
:10C70000D4F80431136801331360D4F80433DA0326
:10C7100029D5BFF35B8F264B53E8002F22F0010190
:10C7200043E800100028F7D1BFF35B8FD30702D492
:10C73000D4F84031BBB10025C4F84051D4F84031A1
:10C74000FFF7CEFEEFF31182202383F31288BFF3AD
:10C750006F8F184BD3E90267B042B94106D282F31A
:10C760001188BFF36F8F03B0BDE8F0834FF0FF383F
:10C770004FF0FF39C3E90289D3E900101D604FF47F
:10C780008033C4F84833C4F84051D4F8403182F3C0
:10C790001188BFF36F8F0029E5D0009032463B46E9
:10C7A00028468847DFE700BF0010014068220020CC
:10C7B000602200207008002030B5431C124C85B068
:10C7C00005D08442A8BF0446012CB8BF0124FFF75E
:10C7D00087FE0E4B0C4DD3E90013401AB0F5000F45
:10C7E00010D22218AA4228BF2A4652184FF0000041
:10C7F00007490091CDE9010043F10003FFF792FEE4
:10C8000005B030BD2A46F0E7FFFF7F00800800201A
:10C810003DC4000008B5FFF763FE024B1B68C01A59
:10C8200008BD00BF8008002010B5084C01236360DC
:10C830001120F6F7B9FA064BC4F80833C4F84833A8
:10C84000044B4FF40032C3F8802110BD00100140AA
:10C8500003000F0000E100E04FF08053D3F83021D7
:10C86000082A06D1D3F83431052B02D8024AD05C0D
:10C8700070470020704700BF83630100024AD2F86E
:10C880000034002BFBD0704700E0014010B54FF0A2
:10C890008053D3F83021082A4ED14FF08042002136
:10C8A000C2F80C11C2F81011C2F8381502F5404256
:10C8B000D3F80414C2F82015D3F80814C2F82415CC
:10C8C000D3F80C14C2F82815D3F81014C2F82C159C
:10C8D000D3F81414C2F83015D3F81814C2F834156C
:10C8E000D3F81C14C2F84015D3F82014C2F844152C
:10C8F000D3F82414C2F84815D3F82814C2F84C15FC
:10C90000D3F82C14C2F85015D3F83014C2F85415CB
:10C91000D3F83414C2F86015D3F83814C2F864158B
:10C92000D3F83C14C2F86815D3F84014C2F86C155B
:10C93000D3F84434C2F87035FFF78EFF18B13A4B84
:10C940003A4AC3F88C26FFF787FF18B1384BFB2211
:10C95000C3F81825FFF780FF70B14FF080414FF00A
:10C960008053D1F8E42ED3F8583222F00F0203F0AE
:10C970000F031343C1F8E43EFFF76EFF20B12D4BC8
:10C980004FF40072C3F840264FF08053D3F8303193
:10C99000082B1AD14FF08043D3F80024D20744BFAC
:10C9A0006FF00102C3F800244FF08053D3F8343104
:10C9B000052B02D8204AD35C3BB14FF01023D3F8AB
:10C9C00008224FF08043C3F858254FF01023D3F8C6
:10C9D0000022002A03DBD3F80432002B22DA1749A5
:10C9E00001234FF01020C1F804351224FFF746FF51
:10C9F000C0F80042FFF742FFC0F80442FFF73EFFD5
:10CA00000023C1F80435FFF739FFBFF34F8F0C49FE
:10CA10000C4BCA6802F4E0621343CB60BFF34F8F44
:10CA200000BFFDE710BD00BF00500040488103007B
:10CA300000F00040009002407D63010000E00140F2
:10CA400000ED00E00400FA0530B50468CCB1BFF396
:10CA50005B8FB4FA84F3C3F11F03DBB201229A4067
:10CA600024EA020250E8005FA54204D140E8002C0D
:10CA7000BCF1000FF6D1BFF35B8FE6D102480B701B
:10CA800030BD0248FCE700BF0000AD0B0200AD0B5B
:10CA900010B50368CB40DB0714D401238B40026838
:10CAA000BFF35B8F43EA020150E8004F944204D188
:10CAB00040E8001CBCF1000FF6D1BFF35B8FEED154
:10CAC000014810BD0148FCE70000AD0B0400AD0BB0
:10CAD000014BC3F80405704700F00140F7B5054667
:10CAE000F8B101281BD104224FF4807301464FF0A6
:10CAF000804003440244C0F808130026012111605D
:10CB00001E608D421B688DF8071008BF0DF10706E7
:10CB100042F210744FF0804745B1012D28D003B088
:10CB2000F0BD0C224FF482730221E0E7D7F81834ED
:10CB300003F480333EB9002BF1D0012006F073FCE2
:10CB4000013CF3D1EBE7D7F8182402F0030232607E
:10CB5000002BE4D09DF80700012803D106F063FC08
:10CB6000013CD9D1012DDAD10C4B00225A71D6E704
:10CB7000D7F80C3403F480333EB9002BF4D00120F5
:10CB800006F051FC013CF3D1EEE7D7F80C2402F09B
:10CB900001023270002BDDD1E6E700BF6C220020DD
:10CBA000044B1A7922B9012218609A800248704712
:10CBB000024870476C2200200000AD0B0C00AD0B4A
:10CBC00008B5074B1B682BB10020F6F701F908B92F
:10CBD000F6F7DCF84FF080430022C3F8182508BDB3
:10CBE0006C22002010B510B1012843D010BD4FF0C9
:10CBF0008043D3F81814D3F81824C80321D502F0C1
:10CC00000303012B04D013B10020FFF767FF0023BB
:10CC10004FF080420220C2F8183508224FF4827388
:10CC200003F180430021196002F180421C68012455
:10CC30001460154A12680AB34FF08043C3F8040326
:10CC4000D4E7D3F81424D107E1D5D3F81C249207F4
:10CC5000DAD40D4A12681AB10222C3F80423C5E7D8
:10CC6000D3F80421002AFBD00022C3F80421D3F812
:10CC70000431BBE700224FF48073D1E71A68002A21
:10CC8000FCD019601B68B1E76C220020F8B54FF0AA
:10CC900080431C4ED3F804430125002704B9F8BD96
:10CCA000B4FA84F0C0F11F00830003F580739BB2D7
:10CCB00003F1804305FA00F2196892B224EA0204F3
:10CCC0000029EBD01F601B684FF08043012AC3F896
:10CCD000082305D0022A08D03368C0B29847DDE7A0
:10CCE0007379002BDAD17271F6E7D3F81814D3F800
:10CCF00018148907F0D1C3F81855C3F804239D60B0
:10CD0000CCE700BF6C220020036803F01F025B0920
:10CD1000026004D0012B034818BF002070474FF079
:10CD2000A040704700030050034A430900F01F0071
:10CD3000D35C1844C0B270478963010070B50546E2
:10CD4000FFF7F2FF0C4C08300E4634F81030DA05CD
:10CD500008D5C3F3432304EBC302284654F8333009
:10CD600052689847A3682BB1E26831462846BDE86F
:10CD70007040184770BD00BF5C06002008B5FFF783
:10CD8000D3FF034B083033F81000400B08BD00BF41
:10CD90005C06002008B5FFF7C7FF034B083033F8E7
:10CDA0001000C0F3400008BD5C06002008B5FFF786
:10CDB000BBFF034B083033F81000C0F3401008BD30
:10CDC0005C060020034611F0010010B5CCB20DD175
:10CDD000A207C4F3400012D5094AD2F820055860D2
:10CDE000C2F82005003818BF012008E04FF0A0412C
:10CDF000D1F820251A60C1F82025002AE8D010BDFE
:10CE00000003005010B5FFF78FFF124A083032F8C8
:10CE10001030D9051CD5C3F3432123F4F85322F86D
:10CE2000103002F10E04002034F8023F13F4807F2A
:10CE300003D0C3F3432399420AD001303028F3D101
:10CE4000002342F831300448BDE81040FFF720BE0F
:10CE500010BD00BF5C060020D4060020F0B50546DA
:10CE600000200446012607468C420BD1114BD3F813
:10CE70007C2132B10022C3F87C21D3F87C3140F010
:10CE80000040F0BDE3B29B0003F580729B0806FAF8
:10CE900003F31D420BD002F1804202F5C042D2F8EA
:10CEA00000C0BCF1000F02D01760126818430134B3
:10CEB000DAE700BF00600040F7B506460846FFF716
:10CEC00033FF194F00F108050C4637F81530DB0722
:10CED00027D5304606F020FB2046FFF767FF40B11C
:10CEE0002046FFF74BFF316800F5A270002341F8A0
:10CEF00020302046FFF786FF002301A827F81530D1
:10CF00000194FFF701FF019B00EB8300074BD0F872
:10CF10000027134043F00203C0F80037044803B071
:10CF2000F0BD0448FBE700BF5C060020F0F8FCFF02
:10CF30000000AD0B0400AD0B2DE9FF411646804605
:10CF40000846FFF7F1FE0D463168044609B328464E
:10CF5000FFF720FF18B12846FFF728FF10BB00237A
:10CF6000CDE900338DF80E308DF80F300DF10F0242
:10CF70000B4628460DF10E0106F065FA474A04F10A
:10CF8000080132F8113023F0020343F0010322F8C4
:10CF90001130736863B328461F785968FFF7FAFEAB
:10CFA00010B1D1B13E4826E03C4A04F1080032F805
:10CFB000103023F02003DB04DB0C22F8103061B1C9
:10CFC000032FEFD87168496891F800C0D8F80010B5
:10CFD000A7B90CF5A27C41F82C70304A04F1080185
:10CFE00032F8113023F01C0343EA870322F8113092
:10CFF000B3684BBB2B4804B0BDE8F08101EB8C015A
:10D0000043EA4C33D1F810E52EF0030EC1F810E5D9
:10D01000D8F8001001EB8C0E43F02003DEF8101559
:10D0200022F8103021F44F3121F44071CEF8101560
:10D030002902DEF8108501F47C5141EA074141EAFA
:10D040000801CEF81015C8E7D3E900672846FFF7B6
:10D05000D9FE002ECED0114DD5E90023964203D142
:10D060009F4201D1002209E00F480DF10F01FFF7A7
:10D07000EBFC0C4B9842BED19DF80F2045F8326076
:10D0800005EBC20308345F6035F8143043EA4223ED
:10D0900043F4807325F81430ACE700BF5C06002031
:10D0A0000400AD0B0000AD0BD40600202DE9F043C9
:10D0B0000C4685B08046204611461E46FFF734FEDA
:10D0C000054629B32046FFF765FE18B92046FFF74D
:10D0D0006DFE18BB314F05F1080937F8193013F010
:10D0E0001C0F02D04B78012B18D001238DF80F3084
:10D0F0000023CDE900134A1C8B1C20460DF10F01C3
:10D1000006F0A1F937F8193043F0030327F8193076
:10D11000002E41D02046FFF73DFE18B9204805B04B
:10D12000BDE8F08396F800C0D8F800301B4F0CF52E
:10D13000A272002143F8221005F1080237F81210FC
:10D1400021F02001C904C90C27F8121075781DB30D
:10D15000D8F80000B67800EB8C002D04D0F810351C
:10D1600023F4991323F4F853C0F81035230203F481
:10D170007C5305F440353605D0F810E52B4306F412
:10D18000801641EA4C31334341F0200143EA0E035B
:10D1900027F81210C0F810350248C0E75C060020DE
:10D1A0000400AD0B0000AD0B014BC3E90212704748
:10D1B0005C06002010B508461446FFF7F7FD50B195
:10D1C0000846FFF7B1FD054B083033F8103004482E
:10D1D0005B0B237010BD0348FCE700BF5C0600201A
:10D1E0000000AD0B0400AD0B70B5164D95F88040F6
:10D1F00006462CBB2146602205F1100006F01CFEFD
:10D2000030682E6F21468E420ED10023C0F87C314B
:10D21000D0F87C3140F30730F5F7B8FD01230A4818
:10D2200085F88030AB6770BDCBB29B0003F5807290
:10D230007C2B08BF845001F1010108BF8358E2E74D
:10D240000248F0E75C0600200000AD0B0C00AD0BBF
:10D25000034B93F88000003818BF0120704700BFCF
:10D260005C0600200148FFF713BC00BFD006002079
:10D270000148FFF7E9BB00BFD006002073B5036883
:10D280001646D3F80423002AA8BF4FF000420546F3
:10D29000A8BFC3F8042308460C46FFF787FD00B378
:10D2A0000846FFF777FD0146D8B92046FFF766FD2F
:10D2B00004B2A40004F580720346286881502968EE
:10D2C00082582144D1F8102542F00102C1F81025FE
:10D2D0002EB12968012202FA03F3C1F8043302B027
:10D2E00070BD2046FFF720FD0F4B083033F810309B
:10D2F000C3F38203042B12D0052B12D001A8019492
:10D30000FFF702FD019AD0F81035D34003F0010376
:10D31000991C204602B0BDE8704006F0DDB803213C
:10D32000F7E70221F5E700BF5C0600202DE9F04F8A
:10D33000694BDFF8A881D3F80403D8F87010C0B2A5
:10D3400089B040F00040FFF789FD051E2FDAC24684
:10D3500000235AF87C1F06A8CDE90633FFF732FDFB
:10D360005F4B01930DF118094FF0000B019A12F871
:10D37000013B0192DA0803F007031AF8022022FAAF
:10D3800003F3DA071CD409F10409BBF1000F14D030
:10D39000D8F870104FF00040FFF760FDD8F87C100F
:10D3A00006A8FFF70FFD0028DAD125F0004501247B
:10D3B000002D79D109B0BDE8F08F4FF0010BD5E712
:10D3C000484B5B440293D9F800100029DBD0029B44
:10D3D00091FAA1F11C78B1FA81F141EA4414204696
:10D3E000FFF7A2FC0830059438F81070C808BB0895
:10D3F00019F80020039301F00701012303FA01F15A
:10D4000022EA010209F8002005A8FFF77DFC059A31
:10D41000039B02F5E072C7F3820650F822205B07F7
:10D420003746C2F3014224D520463946D6B2FFF72B
:10D4300085FC05A80594FFF767FC059B03F5E073E1
:10D4400050F82330C3F301439E4207D10021204608
:10D4500006F042F83146204606F03EF805A805944D
:10D46000FFF752FC059B012202FA03F3C0F82035B6
:10D47000A9E7022A0CD10321204606F02DF806F078
:10D480000503012BEAD139462046FFF757FCE5E7B3
:10D4900002212046039206F01FF8032EF3D0039AD0
:10D4A000032ADBD1022EEDE795FAA5F3B3FA83F355
:10D4B00004FA03F29B0003F1804303F5C04325EA1D
:10D4C0000205D3F81005D3F81015C0F30520C1F3F9
:10D4D0000141FFF733FC6BE7006000405C06002071
:10D4E0009963010099630100044AD2F80034DB0714
:10D4F000FBD50160BFF35F8F704700BF00E00140C4
:10D500004FF080531A69B0FBF2F302FB130373B9B7
:10D51000084B0222C3F80425C3F80805D3F80024F9
:10D52000D207FBD500220448C3F8042570470348FE
:10D53000704700BF00E001400000AD0B0A00AD0BDA
:10D5400010B5054C0123C4F80435FFF7CDFF0023C7
:10D55000C4F8043510BD00BF00E001400146014899
:10D56000FFF772BAE006002070B5104D6C6B9CB1ED
:10D570004FF47A735C430A23B4FBF3F40C4ED6F8F1
:10D58000003163B995F839304BB90A2005F04BFFEB
:10D59000013CF4D1074870BD4CF25034EEE795F8E9
:10D5A0003930002BF6D10448F5E700BF7422002083
:10D5B000009002400700AD0B0000AD0B094B10B509
:10D5C00000220124C3F80045C3F800211C6038B1D3
:10D5D000FFF7CAFF044B984203D1044B83F838404D
:10D5E000014810BD009002400000AD0B74220020E5
:10D5F00070B500F06044B4F1005F5DD184075BD189
:10D600002F4C94F83050012D05D09D4256D194F8FE
:10D610003850002D52D02B4D022B0BBFC5F81025D2
:10D62000C5F80425C5F81405C5F808050CBFC5F8EC
:10D630001815C5F80C154FF0000684F839602668F7
:10D640000CBF08250425BEB994F838306BB11D4BCA
:10D6500005F1804505F524350022C3F8002101239A
:10D660002B60BDE87040FFF77FBF0120FFF7A6FFEA
:10D67000154B9842EBD170BDA66826B1E0606161A0
:10D68000E2611248F7E7A2610E4A84F830300123C4
:10D69000A0602161C2F80061C2F8043394F8382018
:10D6A00002F0FF0012B9FFF789FFEAE705F18045B4
:10D6B00005F524352B60E4E70548DCE70548DAE7A3
:10D6C00074220020009002400700AD0B0000AD0B5B
:10D6D0000A00AD0B0B00AD0B084B9A685A621A6931
:10D6E0009A629A69DA62DA689A6032B15A691A61A2
:10D6F000DA699A610022DA6070477047742200206C
:10D7000000F01F0340090FD0012810D10B4A02EB93
:10D7100083020B4BD2F80007034043EA012343F096
:10D720000203C2F8003770474FF0A042EFE7002233
:10D7300003F5E07352F82330FFDE00BF0003005012
:10D74000F0F8FCFF10B50E4B0238D3F83C26D3F8A6
:10D750003836072813D8DFE800F0110F0D0B0A0840
:10D760000604100EC871100C8871100A48710A71F5
:10D770001A0ECA701A0C8A701A0A4A700B7010BD01
:10D7800000900240023807281FD8DFE800F0292760
:10D79000251123211F04CB791B068A7943EA024312
:10D7A0004A7943EA02230A7913430E4AC2F83C3607
:10D7B000CB781B068A7843EA02434A7843EA02237D
:10D7C0000A781343074AC2F8383670470023E4E763
:10D7D0000023E5E70023E6E70023EBE70023ECE77F
:10D7E0000023EDE7009002400268154BFF2A08BFB6
:10D7F0004FF0FF32C3F824254268FF2A08BF4FF0DC
:10D80000FF32C3F828258268FF2A08BF4FF0FF3295
:10D81000C3F83025C268FF2A08BF4FF0FF32C3F8B3
:10D8200034250269FF2A08BF4FF0FF32C3F83825BC
:10D830004269FF2A08BF4FF0FF32C3F83C2570470A
:10D84000009002400A4B002283F83820094B012146
:10D850004FF08050C3F808131961D0F83001082840
:10D8600008BF5965C3F80025C3F80021704700BF01
:10D87000742200200090024030B5194D0FCD8DB0BC
:10D8800006AC0FC495E8030084E803001549D1F8FD
:10D890002435DBB20093D1F82835DBB20193D1F8FF
:10D8A0003035DBB20293D1F83435DBB20393D1F8D3
:10D8B0003835DBB20493D1F83C3506A8DBB20593CA
:10D8C000FFF792FF0023C1F8003101230B60D1F86C
:10D8D0000031002BFBD06846FFF786FF0DB030BD4E
:10D8E000984301000090024070B590F8293004463A
:10D8F00013B190F82A204ABB6068FF2860D0A26864
:10D90000FF2A5DD0E268FF2A5AD02269FF2A57D049
:10D91000B3B90321FFF7F4FEA068FFF7F1FEE0685A
:10D92000FFF7EEFE2069FFF7EBFE6069FF2801D0EC
:10D93000FFF7E6FEA069FF2802D00321FFF7E0FE13
:10D9400094F82A3013B9201DFFF74EFF1D4E636A6D
:10D9500073631D4D94F8293086F83A300123C5F8D9
:10D960000833FFF789FF2368C5F84035A37F617F3F
:10D97000227F9B0143EAC1031343E27F43EAC213C0
:10D98000C5F84435D5F8002694F8203022F07F42BF
:10D9900022F0FF02134394F8212043EA026394F833
:10D9A000222043EA426394F8232043EA0273C5F835
:10D9B0000036336813B12920F5F7E8F9034870BD44
:10D9C0000348FCE774220020009002400000AD0BE9
:10D9D0000400AD0B38B50C4C94F8305095B9C4E93F
:10D9E000001248B90023C4E902330122074884F831
:10D9F000302084F8383038BDFFF776FF034B98426B
:10DA0000F9D1EFE70248F6E7742200200000AD0BE1
:10DA10000C00AD0B2DE9F843DFF89090074699F81C
:10DA200030000128884614463DD199F83830204E00
:10DA30006BB3204D0123C5F80833FFF71DFFB8F184
:10DA4000000F2BD14FF0000889F83980C5F800810C
:10DA5000BB787A781B0343EA02233A781343FA78B7
:10DA600043EA42333A7943EA82337A7943EAC2336A
:10DA7000C5F83436FFF778FDB0420CD0C5F8008108
:10DA80001CB178782146FFF75DFE0B4804E0FFF7F4
:10DA900095FDB042CDD10648BDE8F883787841467F
:10DAA000FFF770FECEE70548F6E700BF74220020BE
:10DAB0000700AD0B009002400000AD0B0B00AD0B5A
:10DAC000034B93F838300BB9FFF778BD0148704726
:10DAD000742200200C00AD0B08B5054B93F83030D4
:10DAE000012B03D1FFF7AEFE024808BD0248FCE758
:10DAF000742200200000AD0B0B00AD0B034B93F81C
:10DB00003000003818BF0120704700BF7422002089
:10DB100038B511F0030539D11E4B1A68D2B193F80C
:10DB20003040012C34D11C4AC2F81C150421C2F823
:10DB3000200583F8395083F83010C2F80051C2F83C
:10DB4000044393F8383003F0FF00EBB9FFF736FDDC
:10DB5000124818E0104CC4F81C15C4F8200583F8CE
:10DB6000392093F8383043B10023C4F80031012341
:10DB7000E360BDE83840FFF7F7BC0120FFF71EFD6A
:10DB8000074B9842F0D138BDD460E1E70548FAE789
:10DB90000548F8E774220020009002400000AD0B19
:10DBA0000700AD0B0A00AD0B0B00AD0B10B5224BFF
:10DBB000D3F8002192B1214C0022C3F8002194F83F
:10DBC000381094F8302071B90121032A84F83810F4
:10DBD00005D0042A05D0022A00D1996010BD5960F1
:10DBE000FCE7D960FAE7032A19D0042A19D0022ADF
:10DBF00004D1012384F82030FFF76EFDA36813B928
:10DC0000012384F8303094F8393003F0FF0013B961
:10DC1000D4E900319847002384F82030DEE702235E
:10DC2000E8E7032284F82020D3F81C256262D3F8A9
:10DC3000203584F82830E1E700900240742200206B
:10DC4000036803F01F025B09026004D0012B034844
:10DC500018BF002070474FF0A040704700030050ED
:10DC600007B5019001A8FFF7EBFF019B00EB8300D4
:10DC7000054BD0F80027134043F00303C0F80037EA
:10DC800003B05DF804FB00BFF0F8FCFF73B5CB7B7D
:10DC90000446002B38D10B7B0878012B77D805F090
:10DCA0008BFC0B78019301A8FFF7CAFF019B00EBE7
:10DCB00083003C4BD0F80027134043F00103C0F829
:10DCC00000374878FF2804D005F076FC4878FFF745
:10DCD000C7FF8B78FF2B0FD001A88D7B0193FFF737
:10DCE000AFFF019B00EB83002E4BD0F800271340C1
:10DCF00043EA8503C0F80037C878FF2804D005F050
:10DD00004EFCC878FFF7ACFF23792748CA7828254E
:10DD100005FB03039A770B7C9BB94B7825680E783B
:10DD2000FF2B18BF1A468B78C5F8086508BF4FF05F
:10DD3000FF32FF2B08BF4FF0FF33C5F80C25C5F8A5
:10DD4000103523688A68C3F824254B7B0A7B256835
:10DD5000003B18BF0123022A1CD0032A1DD0012A30
:10DD600001D143F00203C5F85435237949792822BB
:10DD700002FB0303D97723795343C35883B1206847
:10DD800040F3073002B0BDE87040F4F7FFBF05F084
:10DD900006FC86E743F00403E5E743F00603E2E709
:10DDA00002B070BDF0F8FCFFB022002007B5019072
:10DDB00001A8FFF745FF019B00EB8300054BD0F85E
:10DDC0000027134043F00203C0F8003703B05DF8AA
:10DDD00004FB00BFF0F8FCFF2DE9F04190F804804F
:10DDE000144C4FF0280C0CFB08FC04EB0C06074607
:10DDF00096F81CE0BEF1000F19D144F80C207360B6
:10DE000041B1CB7B86F82530CB78B3774B79F3776C
:10DE1000FFF73CFF3A6808480123C2F80035282282
:10DE200002FB0844002262772377BDE8F0810348B3
:10DE3000FBE700BFB02200200000AD0B0C00AD0BD3
:10DE400070B50679194C056828237343E35833B13C
:10DE500045F30730F4F7A8FF0423C5F8083300237F
:10DE6000C5F80035282303FB064393F82530BBB9DA
:10DE7000D5F80805FFF79AFFD5F81005421C01D028
:10DE8000FFF794FFD5F80C05431C01D0FFF78EFF78
:10DE9000282303FB0643987FFF2801D0FFF786FF66
:10DEA000282303FB06440023237770BDB022002003
:10DEB0002DE9F8430779394C28237B439046E21833
:10DEC0000E46517F8146002966D1E3580BB10123EC
:10DED000537796E80F00282505FB074505F10C0C44
:10DEE0008CE80F00A87F0023FF2885F8243001D09C
:10DEF00005F062FB2823B8F1000F06D003FB0743AF
:10DF0000002227485A77BDE8F883D9F8005003FB70
:10DF100007430422C5F80823C3F82080C5F8088108
:10DF2000D5F8082172689AB133681B78C5F81C359A
:10DF30007368012B0ED933685B78C5F81C3528232C
:10DF40007B43E65876B10423C5F804331548DAE775
:10DF5000DB7FEBE7F368012BF1D9282303FB0743B1
:10DF6000DB7FEAE707EB870104EBC101D5F8083155
:10DF7000002BFBD0C5F808612846D5F8083105F01C
:10DF800028FB0028F2D1282303FB0744A07FFF28A9
:10DF9000DCD005F004FBD9E70348B4E7B022002049
:10DFA0000300AD0B0000AD0B0B00AD0B10B54FF037
:10DFB00040200023C0F808310A49D0F8083105F0A4
:10DFC00008FB68B9887FFF2801D005F0E8FA002334
:10DFD0004B770B72BDE81040D1E900310248184779
:10DFE00010BD00BFB0220020B8220020036803F05B
:10DFF0001F025B09026004D0012B034818BF0020F8
:10E0000070474FF0A040704700030050012370B5E7
:10E0100004460D464361642600220221204605F095
:10E0200020FB20B9012005F0FEF9013EF4D10023C8
:10E030006B774FF08051D1E94C1208291AD1052A8B
:10E0400018D80E498A5CAAB14FF0FF32D4F80805FF
:10E05000D4F80C15C4F80035C4F80825C4F80C250C
:10E060000922C4F80025C4F80035C4F80805C4F82E
:10E070000C1570BD0023C4F80035FAE79B6301005E
:10E080000F4B984219D00DD80E4B984215D007D897
:10E090000D4B984211D00D4BC31A5842584170474E
:10E0A0000B4BF9E70B4B984207D004D80A4B984228
:10E0B00003D00A4BF0E70A4BEEE70120704700BFA0
:10E0C00080841E0020A1070048E8010090D00300D2
:10E0D00040420F000024F40000093D0000127A00C5
:10E0E0000048E80173B51646421C1C460546069BCF
:10E0F00018D0012902D1BBB105F0F1FA01A80195B0
:10E10000FFF774FF019B00EB83002402D0F8002787
:10E11000074B44EA86040C4313401C4344EA410184
:10E12000C0F8001702B070BD05F0E6FAE6E700BFE0
:10E13000F0F8FCFF2DE9F04F91F8213090F804A0A1
:10E1400085B007460C46002B00F0B48091F82230D1
:10E1500003934FF001086569784B9D4200F0C4803D
:10E1600000F2B480764B9D4200F0C18000F2A680A0
:10E17000744B9D4200F0BE80734B9D420CBF4FF02C
:10E1800080654FF08045DFF8C49194F82300242285
:10E1900002FB0A93997F60F3000199773B79217C18
:10E1A00002FB03939A7F61F341029A7794F823600C
:10E1B000002E32D16269664B9A420CBF4FF0030BBE
:10E1C0004FF0000B237E012B94BF0023012300930B
:10E1D00020685B4632460121FFF784FF00966068A5
:10E1E0005B4632460121FFF77DFF0096A27EA068C4
:10E1F0005B463146FFF776FF237C83F001030093F3
:10E20000E0685B4632460121FFF76CFF0121009177
:10E21000E0695B463246FFF765FF2423B8F1000F43
:10E2200071D003FB0A934FF0FF321A62A07C217E6B
:10E23000627EE66894F8108094F824E094F820C098
:10E240003B68BEF1000F13D1D4E900BAD4F808E05E
:10E25000E469C3F808B5C3F80CA5C3F810E5C3F822
:10E260006C45039CC3F81465C3F86885C3F864451E
:10E27000003A18BF01220229C3F8C005C3F824558B
:10E2800053D0032954D0012901D142F00202C3F82E
:10E290005425C3F860C53B792422534359F8033011
:10E2A000002B48D0386840F3073005B0BDE8F04F88
:10E2B000F4F76CBD9846022303934CE7254B9D422F
:10E2C0000CBF4FF080554FF080455CE7224B9D42DC
:10E2D00013D01F4B9D4213D0204B9D420CBF4FF0DB
:10E2E00000454FF080454EE74FF000554BE74FF0AB
:10E2F000006548E74FF0007545E74FF0206542E7BD
:10E300004FF0A0553FE703FB0A9AE268CAF82020C5
:10E31000227C9AF81E3062F341038AF81E30A07CFA
:10E32000217E627E4FF0FF3686E742F00402AEE7C0
:10E3300042F00602ABE705B0BDE8F08F80841E0016
:10E3400020A1070048E8010090D00300DC22002053
:10E350000048E80140420F000024F40000127A0057
:10E36000431C07B50ED0019001A8FFF73FFE019BAB
:10E3700000EB8300054BD0F80027134043F0020365
:10E38000C0F8003703B05DF804FB00BFF0F8FCFFF5
:10E390002DE9F8430746144C97F80480242505FB23
:10E3A00008F504EB05091E4699F81C30C3B999B16C
:10E3B0004869FFF765FEA8B138466251C9F80460A4
:10E3C000FFF7B8FE242303FB0844002363770748C4
:10E3D00001232377BDE8F8836251C9F80460F1E7AF
:10E3E0000348F7E70348F5E7DC2200200000AD0B07
:10E3F0000C00AD0B0400AD0B2DE9F041044606798D
:10E400000068214D40F30730F4F7CEFC242373431A
:10E41000EB5853B123681D4AC3F8082306EBC60125
:10E42000206805EB8101FFF7F1FD2421236801FB42
:10E430000651D3F80805D3F80C75D3F810858B7FF7
:10E44000DB0714D4FFF78CFF4046FFF789FF3846FF
:10E45000FFF786FF086AFFF783FF2368D3F86C0590
:10E46000D3F81415FFF77CFF0846FFF779FF236800
:10E47000074A934204BF01225A60242303FB065536
:10E4800000232B77BDE8F081DC2200205201080038
:10E4900000F002402DE9F0430779DFF8AC81242336
:10E4A0007B43164608EB03020D46517F85B081463B
:10E4B000002940F0C68058F8033023B116F0140F3D
:10E4C00004BF0123537795E80F00242404FB07843D
:10E4D00004F10C0C8CE80F00206A431C04D0A37FCD
:10E4E00099071AD505F0FBF82968D9F8004021B141
:10E4F00001F06043B3F1005F06D1AB6883B103F074
:10E500006043B3F1005F0BD0242303FB0783002299
:10E510004E485A7705B0BDE8F08305F0EDF8E3E723
:10E520004B4B9C4224D14FF080436A68D3F8000ED5
:10E53000484B1860E2B1484821F4FF5323F01F0311
:10E5400083426ED85018DFF814C1C3F34F31012253
:10E550008A40002103F50053984241EA02014FEA44
:10E56000420201D96345F5D34FF08043C3F8001E42
:10E5700016F0010318BF0123C4F8503516F002034A
:10E5800018BF0123C4F8403595E80F00EC468CE82D
:10E590000F00039BC4F84405C4F84815C4F834259B
:10E5A000C4F838350023C4F81831D4F8183116F0FF
:10E5B00008054FF00703C4F800350FD124237B432F
:10E5C00058F803200123236142B9D4F81831002BF5
:10E5D000FBD062464021204605F043F824237B43CC
:10E5E00058F803301BBB1A4B9C4201BF194B1A68E9
:10E5F0004FF08043C3F8002E242303FB0783186ADF
:10E60000421C04D09B7F9B070ED505F075F835B9E9
:10E6100007EBC70708EB87012046FFF7F7FC104818
:10E6200078E74FF480719FE705F059F8EFE716F0AF
:10E63000040F4FF0400314BFC4F80833C4F8043388
:10E64000EDE7084866E700BFDC2200200A00AD0BBA
:10E6500000F00240D8220020FFFF0020002001200F
:10E660000000AD0B0B00AD0B10B5134A1348402151
:10E6700004F0F7FFF8B1124B124C1A684FF08043C8
:10E68000C3F8002E206A421C04D0A37F9B070FD53D
:10E6900005F032F8637F1BB10A490848FFF7B6FC62
:10E6A000002323720848D4E90031BDE81040184720
:10E6B00005F015F8EEE710BDE822002000F002405A
:10E6C000D8220020DC220020E422002008B5124BD2
:10E6D000A8220021184605F0AFFB032202610F4972
:10E6E00042610F4A8161C2614FF48062026200227E
:10E6F00082624262C26201660A49416610218166F5
:10E70000094902670346C266426711F8010D985431
:10E710000132102AF9D108BD10040020A1630100C4
:10E720001000002000000020BA6301002DE9F84F1E
:10E73000DFF87C80182606FB008E00FB0666464448
:10E74000DEF82440DEF828C07368A44507468946F1
:10E75000154603EB040022D8DEF820B0ABEB040A28
:10E760000AF1FF339A4203D805F03EFB2C440FE038
:10E7700063449A4219D852462C4405F035FBB4EB59
:10E780000B0405D07068224609EB0A0105F02CFB4A
:10E79000182303FB078301205C62BDE8F88F0CF1AE
:10E7A000FF3CACEB040C9445DED20020F5E700BF43
:10E7B00010040020034B182202FB00339A6A586AA7
:10E7C000801A70471004002010B4084A084900233A
:10E7D000C85C12F8014D844204D10133102BF7D1EB
:10E7E00010BC704710BCFFF771BF00BFBA630100D7
:10E7F000100400201FB50446F3F778FA064B029385
:10E8000000231846CDE900330449012204F096FFA5
:10E81000204604F0A3FF00BFBB6301001C430100BE
:10E820002DE9F041054686B00E46EFF3118820230E
:10E8300083F31288BFF36F8F042898BF234B244AB9
:10E8400098BF53F82030976888BF224B127C22492A
:10E8500003900024CDE90432204B0293CDE900441B
:10E8600023460122204604F069FF6EB1F369C3F329
:10E8700008034BB11A4B18490094CDE9014301221A
:10E880002346204604F05AFF2FB1384605F05BF8C6
:10E8900008B1037803B91348134B02930023CDE961
:10E8A0000370CDE90033184601220B4904F046FFFE
:10E8B00031462846FFF79EFF88F31188BFF36F8F1C
:10E8C000384606B0BDE8F041F4F706BAB449010095
:10E8D000002300205C5901001C430100CA630100B1
:10E8E000F2630100C75701001364010038B5094BFA
:10E8F00053F82040013053F82050A54200D838BDCD
:10E90000636823B1204604F031FF0834F5E723683B
:10E910009847FAE7C849010070B52B4B2B4C2C4D9A
:10E92000012286B003201A70FFF7E0FFF3F7E2FC44
:10E9300004F038FF0420FFF7D9FF2646AE4204F169
:10E94000300410D300F0C4FD204C224EAC4226D33C
:10E9500000F0D2FDF1F718FF1F4A137B23F00103EB
:10E96000137306B070BD54F80C3C059354F8103C7A
:10E97000049354F8143C039354F8183C029354F84D
:10E980001C3C019354F8203C009354E90A2354E9B9
:10E990000C0100F0B3FB54F8303C5E65CDE7D4E9E0
:10E9A0000A23B3F1FF3F08BFB2F1FF3F05D052EA9F
:10E9B0000301206803D100F05FFE3034C6E7314622
:10E9C000183000F0EFFFF8E736260020184201006B
:10E9D00018420100393A01001009002008B5034827
:10E9E000034A0021121A04F0D9FE08BD7008002065
:10E9F0003826002070B5002386B00122CDE904231B
:10EA0000134E144D01930F22CDE902321249142303
:10EA100003FB005506EBC01604464FF4C07000FB24
:10EA200004110E4B00954FF4A072304600F066FBC7
:10EA3000737B0B4AEE6023F0040373734FF404639B
:10EA400004FB033313442C746B6006B070BD00BF2D
:10EA50009008002000230020802E0020653801004F
:10EA600040260020BFB50020FFF740FF2D4B83F369
:10EA700008882D4D2D4E6B692D4F43F400736B614B
:10EA80000024E02385F82230EC772C766C76AC7687
:10EA900085F820406B6A43F4E0236B6285F82340DD
:10EAA000F4F796F8F4F726FA4FF0FF33AB62EB6217
:10EAB000F4F706FBF4F742FAF3F704F91D4BB360E1
:10EAC00040F201129A81C3E919441C6704F02AFE3E
:10EAD0000120FFF70BFF0220174DFFF707FF00F0A3
:10EAE0003FFD164B75610593012315490094CDE94F
:10EAF00003434FF400623B46CDE90144284600F051
:10EB0000FDFA6A7B064622F0040228466A7304F086
:10EB100056FF2046FFF76EFF3A4631462846F4F787
:10EB2000CBF900BF802E002000ED00E00023002084
:10EB300019E900009009002010090020014C010093
:10EB40000030002038B5064C064D0020AC4200D302
:10EB500038BD204604F027FE0028F9DB1C34F5E719
:10EB6000C8070020C807002073B50C46EFF31181D9
:10EB7000202585F31288BFF36F8FC5685DB12560CE
:10EB80002B68C360836901338361002081F311889E
:10EB9000BFF36F8F11E052EA030603D125606FF0D7
:10EBA0000B00F3E7CDE900230246083000F0F0FB4C
:10EBB00018B9034B9B685B69236002B070BD00BF4E
:10EBC000002300202DE9F341044617461E46EFF3CB
:10EBD0001188202383F31288BFF36F8FC368334AF1
:10EBE0007BB180689168884219D057EA060318D132
:10EBF00088F31188BFF36F8F6FF00F0002B0BDE88C
:10EC0000F081916891F90E1021610133E3609368FE
:10EC1000A36088F31188BFF36F8F0020EEE72169AE
:10EC2000F2E791F90E1090F90E309942A8BF1946FB
:10EC30006FF07E029142B8BF11468B422DDD04F089
:10EC40001CFE0546CDE9007619482246414600F0F3
:10EC50009FFB0028E1D0EFF31186202383F3128875
:10EC6000BFF36F8FA068D0B1236821699C420AD09E
:10EC70004BB193F90E309942A8BF19466FF07E034D
:10EC80009942B8BF194604F0F8FD40B10848314632
:10EC900000F0F8FB6FF00A00B0E70025D2E7002D86
:10ECA000F4D186F31188BFF36F8FF3E700230020C0
:10ECB00037260020F8B583680546002B3FD0234A4D
:10ECC000926893423ED1C368012B03D9013BC360D4
:10ECD0000020F8BDEFF31187202383F31288BFF3E0
:10ECE0006F8F0169806804F0C8FD2C68A54207D1C8
:10ECF0000023C5E9023387F31188BFF36F8FE7E77D
:10ED0000002CF5D0D4E9003213605A60637B0026F2
:10ED100023F002036373C4E90066A66004F11800DF
:10ED200004F000FFAC6094F90E302B612046E667DA
:10ED300004F045FE0648394600F0A4FBC8E76FF032
:10ED40001500C6E74FF0FF30C3E700BF00230020E7
:10ED50003726002070B5EFF31186202383F3128845
:10ED6000BFF36F8F0468A0421AD0CCB1D4E900324F
:10ED700013605A60637B002523F00203C4E9005549
:10ED80006373A56004F1180004F0CCFEE56720462B
:10ED900004F015FE31460848BDE8704000F072BB33
:10EDA000D0E902329A4218BF013383600221103049
:10EDB00005F000F8EEE700BF3726002013B5EFF3AB
:10EDC0001181202484F31288BFF36F8F846844B1CB
:10EDD000013C846081F31188BFF36F8F002002B083
:10EDE00010BD52EA030406D181F31188BFF36F8F7F
:10EDF0006FF00F00F3E7CDE900230246014800F071
:10EE0000C7FAECE7372600202DE9F0410546EFF37D
:10EE10001187202383F31288BFF36F8F00266FF0D2
:10EE20000A082C68A54215D0A4B1D4E900321360B9
:10EE30005A60637BA66023F00203C4E90066637333
:10EE400004F1180004F06EFEC4F87C80204604F043
:10EE5000B6FDE6E7002305F11000AB60022104F0E7
:10EE6000A9FF39460248BDE8F04100F00BBB00BFE6
:10EE7000372600202DE9FF414F4E04462027EFF3AF
:10EE8000118887F31288BFF36F8FD4F88050F5B9DB
:10EE9000022104F1980004F00FFD002868D004F16D
:10EEA000900500220121284604F001FE0028F8D137
:10EEB000002302934FF0FF324FF0FF33CDE90023E0
:10EEC000414604F188023D4800F08AFCD7E7D4F8B7
:10EED00084202B68C4F88030954208BFC4F8843081
:10EEE000D4F8983043F00203C4F89830EB6823F06C
:10EEF000040343F00103EB606B6888F31188BFF3F0
:10EF00006F8F28469847EFF3118887F31288BFF375
:10EF10006F8FEB68D80623F0010236D4EA60EB6805
:10EF20009A0716D5306823F00203EB6088B10368B6
:10EF3000002170B14268954235D1036869BB72689F
:10EF40003360824200D17360002340F8083BFFF732
:10EF500001FFD4F8983023F00203C4F8983088F306
:10EF60001188BFF36F8FDB0589D400F001FB86E7C2
:10EF7000D4F89830D9069BD5C4F8980088F3118846
:10EF8000BFF36F8F04B0BDE8F08123F01103EB6095
:10EF900005F11000FFF7DEFEC1E70B6073688342E6
:10EFA00008BF7160D0E723B11A68014618461346BE
:10EFB000BFE71A46F9E700BF2023002037260020CC
:10EFC000F8B5C3689A0704460F46C3F340062CD42D
:10EFD0005B071AD40B680BB983680B60E368DD0725
:10EFE00044BFA3683B603D684CBF02260126002D4C
:10EFF0003AD01F4B9B68AB420AD0D5F89830D8075F
:10F00000C3F3800214D46FF0120600233B6025E0A6
:10F0100004F090FCD5F898300028F0D1D907C3F35C
:10F02000C002F0D552B15B0708D46FF00F06ECE7D1
:10F03000002AFAD1C3F3C003002BF6D100232360CA
:10F04000D5F8843063B9C5E92044284604F03FFC74
:10F05000E36843F00403E3603B68A3603046F8BD17
:10F060001C60C5F88440F0E76FF01506CDE700BFDF
:10F07000002300200146014804F04CBC300A002067
:10F08000F0B589B004460020C4E920000E9D04F1CB
:10F090008800C4E9220004F19000C4E924004DB3C3
:10F0A0002879002840F2011008BF0120C4F8980018
:10F0B00000204FF0FF364FF0FF37CDE90330CDE9A8
:10F0C0000100CDE906670C4B0094204600F062F881
:10F0D00055B1296811B1204604F032FC6B791BB19F
:10F0E000237B43F001032373204609B0BDE8F040C1
:10F0F00000F0C2BA0120D9E775EE00002DE9F04317
:10F10000073285B022F007020E461F4610990173A0
:10F1100000F158037F32C0E916330446002322F081
:10F120003F020421836041733F2A0F98A073C4E912
:10F130000633E37306F14009A2F1400805D883F3D2
:10F140001188BFF36F8F084602DFB51829462046A5
:10F15000F3F730FA07300E9B20F00700E066C4E9B1
:10F16000199802930D9B01932D1A0C9B00932A462C
:10F170003B4631462046F3F76DFE00236365044BA2
:10F180009B6803B11B6F2367284605B0BDE8F08379
:10F1900000230020F0B587B000250595109D04954B
:10F1A0000F9D03950E9D0295DDE912760D9D01954B
:10F1B0000C9D00950446FFF7A1FFB6F1FF3F08BF85
:10F1C000B7F1FF3F05D056EA070305D1204600F00E
:10F1D00053FA204607B0F0BD03493A46334604F1DE
:10F1E000180000F0DFFBF4E7393A0100094A9368A0
:10F1F0006FF00A01D967084998674B6843F080535C
:10F200004B60002383F31188BFF36F8F9368D86F2F
:10F21000704700BF0023002000ED00E070B590F9BA
:10F220000D20437B002A39DBD90637D18269002AB9
:10F2300034D11D4C63F07F032246437352F8183FCC
:10F2400093422CD1E169C0E900210860E06111E03E
:10F250009942F8D01B68002BF5D090F90E5093F925
:10F260000E60B542F4D0AE42F2DD5968C0E900311B
:10F2700008605860A569954200D005B9E568A368A3
:10F280005A7BD20604D1DA897F2A01D9AA6942B110
:10F29000AB4202D0284600F0E3FA656170BDE16937
:10F2A000D9E76361FAE700BF0023002038B590F981
:10F2B0000D20437B002A014604DA03F07F034373E9
:10F2C00004F043FB0D4D2A46AB6852F8184F9442A8
:10F2D00000D004B9EC688B4207D05A7BD20604D127
:10F2E000DA897F2A01D9A2692AB1A34202D0204635
:10F2F00000F0B6FA23466B6138BD00BF0023002042
:10F3000070B590F90D20437B002A014604DA03F022
:10F310007F03437304F019FB4B7B1C4C63F07F03AA
:10F3200022464B7352F8183FE069934207D1C1E976
:10F3300000200160E16111E09842F8D01B68002BC9
:10F34000F5D091F90E5093F90E60B542F4D0AE426B
:10F35000F2DD5868C1E9003001605960A569A36811
:10F36000954200D005B9E5688B4207D05A7BD2069A
:10F3700004D1DA897F2A01D9AA692AB1AB4202D025
:10F38000284600F06DFA2B46636170BD0023002013
:10F39000F8B5124B0C461146114A98681060DDE929
:10F3A0000676EFF31182202282F31288BFF36F8F6B
:10F3B0009D68284604F0DBFAB6F1FF3F08BFB7F1BD
:10F3C000FF3F06D007493A46334605F1180000F0E2
:10F3D000E9FA2046BDE8F840FFF708BF0023002007
:10F3E00028230020393A0100F8B50446EFF31186CE
:10F3F000202383F31288BFF36F8F437BDA0649B271
:10F4000017D18269AAB903F07F03437304F09DFA10
:10F410001B4D437B817363F07F032A46437352F88D
:10F42000183F93422AD1E869C4E900200460EC61E6
:10F4300016E0A173002086F31188BFF36F8FF8BD2B
:10F440008342F1D01B68002BEED093F90E70B942C5
:10F45000F6D08F42F4DD5968C4E900310C605C607D
:10F46000AC69944200D004B9EC68AB689C4202D00D
:10F47000204600F0F5F96C610120DCE7E869E2E77D
:10F480000023002049B9EFF3058030B9054B5A69D4
:10F490009B689A4201D0FFF7A9BE81F31188BFF3A0
:10F4A0006F8F704700230020034648B9EFF30582B1
:10F4B00032B9064A51699268914201D0FFF796BE6F
:10F4C00083F31188BFF36F8F704700BF00230020C4
:10F4D000EFF31181202383F31288BFF36F8F054B65
:10F4E0009A68D37B013BD37381F31188BFF36F8F8D
:10F4F000704700BF0023002070B5EFF31186202372
:10F5000083F31288BFF36F8F144DAB68DA7B01323F
:10F51000DA732A4652F8184F944200D004B9EC68C6
:10F520005A7BD20604D1DA897F2A01D9A2692AB18D
:10F53000A34202D0204600F093F923466B6186F384
:10F540001188BFF36F8FEFF31180202383F31288AC
:10F55000BFF36F8FBDE87040FFF7A6BF0023002008
:10F56000024B03F11802C3E9062270470023002072
:10F5700070B5EFF31186202383F31288BFF36F8FEA
:10F580001B4CA168E0690B68814214BF1A46002237
:10F5900049680B605960A368E1692AB9154AC3E953
:10F5A00000210B60E3610CE093F90E0092F90E501C
:10F5B000A84218D0854216DD5168C3E900210B60CE
:10F5C0005360A5690B4B9D4200D005B9E568A3685F
:10F5D0009D4202D0284600F043F965613046BDE8FF
:10F5E0007040FFF703BE8A42D8D01268D5E700BF4B
:10F5F000002300201823002050EA01032DE9F041E8
:10F6000005460E4604D1FFF7B3FF0020BDE8F081A8
:10F61000831C71F1FF3324DB04F0A5FA4419EFF3E6
:10F620001188202383F31288BFF36F8F0F4F104B85
:10F63000B8681860FFF73AFEB8680E492A463346A4
:10F64000183000F0AFF9BA68537B43F004035373EA
:10F650004046FFF7CBFD04F086FA201A20EAE0705E
:10F66000D4E76FF00104241AD9E700BF002300207B
:10F6700028230020393A010038B50446183004F038
:10F6800051FAEFF31185202383F31288BFF36F8FB4
:10F69000637B5A0704D485F31188BFF36F8F38BD9D
:10F6A00023F0040363732046FFF7B8FDEFF30583EF
:10F6B000002BF0D129460248BDE83840FFF7E2BEF2
:10F6C00037260020014B9868704700BF00230020B8
:10F6D0002DE9F8430446EFF31187202383F31288C2
:10F6E000BFF36F8F067B16F001060DD087F31188EC
:10F6F000BFF36F8F002383F31188BFF36F8F042351
:10F70000184602DFBDE8F883437B1A0704D587F368
:10F710001188BFF36F8FF5E7D90943F0080250D184
:10F720004273A36813B1204604F017F904F11800DE
:10F7300004F0F8F9A56D04F15808A84511D04FF070
:10F74000000975B1284604F008F905F1180004F025
:10F75000E9F9C5F87C902846FFF760FDA56DA8453E
:10F76000EFD11C4DAB689C4204D1EFF30586003EFF
:10F7700018BF0126D5F81880174A904502D0B8F175
:10F78000000F01D1D5F80C80434502D0404600F06F
:10F7900067F8C5F8148046B1104BAB6040F2011217
:10F7A0009A810022C3E919221A67AB689C42AED144
:10F7B000EFF30583002BAAD13846BDE8F843FFF7E5
:10F7C00015BD03F07F0343F00803437304F0BDF855
:10F7D000A7E700BF00230020182300209009002085
:10F7E000D3B5DDE90667089CCDE90067FFF7D0FDDA
:10F7F0001CB1034B9B685B69236002B0D0BD00BFA6
:10F8000000230020044BC01A044BC0105843044B83
:10F8100001221A54704700BF100A0020ABAAAAAAFE
:10F8200037260020C3897F2B12D80A4B1B6863B18F
:10F83000094B90F90E201B689A4209DB437BDB06DB
:10F8400006D1064BC31A18BF012303F0010070470D
:10F850000023FAE7302300202C230020900800200A
:10F8600070B50E4B0E4C1E7C06EB460304EBC30436
:10F870000546204604F056F90A4B002228469A55C0
:10F88000FFF7D0FF48B1084B08491A68013A2046F3
:10F89000D317BDE8704000F085B870BD002300208C
:10F8A000100A0020372600203023002005F8000031
:10F8B00038B5EFF31185202383F31288BFF36F8FE0
:10F8C000104B114A9C681068A04206D1FFF7C8FF90
:10F8D00085F31188BFF36F8F38BD00211B7C116049
:10F8E0000A4AD35C002BF3D02046FFF79BFF002889
:10F8F000EED0637BDB0602D12046FFF701FD2046F8
:10F90000E4E700BF00230020282300203726002042
:10F910000748084A084908B5121A03F041FF07488A
:10F92000074A0849BDE80840121A03F039BF00BF72
:10F93000C00400207008002098640100B804002072
:10F94000C004002090640100024B1868984208BF70
:10F9500000207047E4060020034B1B680BB9FCF73E
:10F9600059BF0020704700BF3423002030B570B16C
:10F970000B4B5B6898420AD0036843B1D3E904217A
:10F98000D0E90445121941EB0501C3E90421D0E98E
:10F99000003213605A600023C0E9003330BD00BF5D
:10F9A000E4060020B3F1FF3F08BFB2F1FF3FF8B516
:10F9B00004461D4616465AD08160EFF31187202376
:10F9C00083F31288BFF36F8F013275F1FF3321DAB1
:10F9D0002C49D1E900206FF001039B1A4FF0FF3250
:10F9E00062EB00009E1B60EB0500012E70F100032E
:10F9F00001DA01260020C4E90460FFF7A5FF224ECA
:10FA000084467068BCF1000F0DD1C4E90060046049
:10FA100074601CE0FFF7A0FF013645F100053618C1
:10FA200045EBE070E7E7DCE90425D4E904319342D3
:10FA300071EB050E1CDAD21ADCF8043065EB010517
:10FA4000CCE90425C4E900C31C60CCF80440FFF7EE
:10FA50007BFF844207D10D4B1C6824B904F049F8A0
:10FA60002146FCF7A9FE87F31188BFF36F8FF8BD1D
:10FA70009B1A61EB05018445C4E90431C5D0DCF86B
:10FA800000C0BFE7280A0020E4060020342300203D
:10FA90002DE9F047EFF31185202383F31288BFF39C
:10FAA0006F8FDFF8A090DFF8A080C9F80000FFF7A3
:10FAB0004BFF00260027D9F80030D8E900ECD91711
:10FAC00050B1D0E90442A34271EB020A1ADAE41AF7
:10FAD00062EB0102C0E9044213EB0E034CEB01019F
:10FAE0000024C8E90031C9F8004004F002F82146BA
:10FAF000FCF762FE85F31188BFF36F8FBDE8F04716
:10FB0000FFF7D6BE14EB0E024CEBE473C0E90467BA
:10FB1000C8E90023FFF72AFF85F31188BFF36F8F31
:10FB200083689847EFF31185202383F31288BFF38E
:10FB30006F8FD9F800301B1BC9F80030FFF704FFA6
:10FB4000B9E700BF34230020280A002010B5EFF3E6
:10FB50001184202383F31288BFF36F8FFFF7FCFE1D
:10FB6000054A0346D2E90001181841EBE37184F31A
:10FB70001188BFF36F8F10BD280A0020F8B5044626
:10FB8000EFF31187202383F31288BFF36F8F02688E
:10FB900022B187F31188BFF36F8FF8BDD0E90A3621
:10FBA000581C46F10001022871F1000127D3012BF6
:10FBB00076F10001BCBF012316465D1E46F1FF36FB
:10FBC00003F0D5FF013041F10001401946EB01017E
:10FBD000012871F1000139DB03F0C9FF013041F167
:10FBE00000016FF00102401946EB0103121A4FF0B9
:10FBF000FF3161EB030318492046FFF7D3FE236B67
:10FC000001332363236A6BB187F31188BFF36F8FCE
:10FC1000236A20469847EFF31187202383F3128845
:10FC2000BFF36F8F54F8185FA542B2D0002DB0D04B
:10FC3000284603F0D3FE0023EB6787F31188BFF358
:10FC40006F8F2846BDE8F84003F0B9BE6FF001029F
:10FC50004FF0FF33CFE700BF7DFB00002DE9F041FF
:10FC600005461C4690461F46EFF31186202383F37A
:10FC70001288BFF36F8FB4F1FF3F08BFB2F1FF3FAF
:10FC800005D186F31188BFF36F8FBDE8F081531C57
:10FC900074F1FF3309DB012A74F10003BCBF0122B8
:10FCA000002412F1FF3844F1FF37284603F03AFFF1
:10FCB000DDE906010023C5E90A012B630349424639
:10FCC0003B462846FFF76EFEDBE700BF7DFB0000EA
:10FCD0002DE9F74F1D46274B9F68012387F86030B9
:10FCE00087F8613052EA050316460CBF0123002352
:10FCF00007F16002804603F0B0FF8146EFF3118BFD
:10FD00004FF0200A8AF31288BFF36F8F97F8604094
:10FD10004CB901465A46404603F047FF8BF3118821
:10FD2000BFF36F8F0BE0002387F8603056EA0503BE
:10FD300009D18BF31188BFF36F8F6FF00A0420464F
:10FD400003B0BDE8F08FCDE900650B4A0B4859467A
:10FD5000FFF71EFB0446EFF311858AF31288BFF309
:10FD60006F8F2A464946404603F01FFF85F31188EE
:10FD7000D6E700BF00230020EC0600203826002034
:10FD800038B50346EFF31185202282F31288BFF3C2
:10FD90006F8FC160012181600068834206D185F3C5
:10FDA0001188BFF36F8F0024204638BDD0E90032A0
:10FDB00013605A600023C0E9003303F0B5FF294601
:10FDC00004460248FFF75EFBEEE700BF382600203E
:10FDD0001FB5094A92E8030002AB83E803004FF421
:10FDE00000620093054906484FF0FF33FFF748F9DA
:10FDF000002005B05DF804FBB0430100403800204E
:10FE0000300A002010B50A4C23681BB1012323607F
:10FE1000002010BD00F0EAF80028F7D001380628CD
:10FE200003D8044B53F8200010BD034810BD00BF99
:10FE300038230020E0490100FE8FFFFFBFF34F8F02
:10FE40000549064BCA6802F4E0621343CB60BFF376
:10FE50004F8F00BFFDE700BF00ED00E00400FA0592
:10FE600010B4094B09490A4C4FF0FE32C3F8002484
:10FE70004968C3F80424C3F80824C3F80C240023F9
:10FE8000C4F8003510BC084700B00250F40600204A
:10FE900000A00250D0E90012014BC3E900127047E4
:10FEA000F406002010B5044650B1636813F0685F93
:10FEB00005D0064A934202D000232360626010BD41
:10FEC000034B04485B689847EFE700BF2C5F5CA9D1
:10FED000F4060020FC490100C8B143680D4A934272
:10FEE00013D013F0685F0ED0012350E8002F19469D
:10FEF00040E8001C9CF0000FF7D1012AF5D0BFF3B9
:10FF00005F8F0020704704487047044870476FF4C3
:10FF1000E04070472C5F5CA9E98FFFFFEA8FFFFF8D
:10FF200080B14368094A93420AD013F0685F05D054
:10FF3000BFF35F8F00230360184670470448704783
:10FF4000044870476FF4E040704700BF2C5F5CA925
:10FF5000E98FFFFFEA8FFFFF10B5044620B1044B85
:10FF600063600022226010BD0248FFF779FFF6E7C8
:10FF70003A00003A244A010070B5D0E90023174C3A
:10FF8000174D6360D0E90230C4E90230226048684E
:10FF9000D1F800C0134BC3E900C0D5F81801D1F85F
:10FFA00008C0C3F808C010F0685FD1F80CC0096938
:10FFB000C3F80CC0196110D00B49C5F8BC1100235F
:10FFC000C5E9453105F58A70C5F8B8319047236811
:10FFD00005F5DC70BDE87040184770BD10070020C3
:10FFE00050230020FC0600202C5F5CA938B500F0EF
:10FFF0002FF820B1032400F063F8204638BD00F04C
:020000040001F9
:1000000031F898B900F0ACF898B90F4DD5F8283907
:100010001B0EF02B08D1D5F8242A0C4B9A420AD09B
:10002000072400F017F8E6E70624FAE70424204640
:1000300038BD0024F5E7012000F092F804460028BE
:10004000F7D1C5F80C0AD8E700B002500000E02054
:100050000020704700207047014BC3F8040A704726
:1000600000B0025010B5114800F048F800B110BDC2
:100070000F4800F043F80028F9D10E4C204600F05C
:100080003DF80028F3D10C4B0C481C6000F036F80A
:1000900001460028EBD100F02DF8044608B12046B7
:1000A00010BD00F03FF82046FAE700BF50070020DF
:1000B0004C0700204807002040070020440700208C
:1000C00008B5084800F024F8074800F021F8074870
:1000D00000F01EF8064800F01BF8BDE8084000F0EC
:1000E0000BB800BF500700204C0700204807002035
:1000F0004407002000207047704700BF08B5034B3D
:1001000002681B6810689847002008BD100700208F
:1001100008B5034B02685B6810689847002008BD6B
:100120001007002070B5094C094D2069AB6898474D
:1001300018B1084B08485B689847084AEB68206983
:1001400000211160BDE87040184700BFFC06002088
:1001500010070020F4060020484A01004C2300202C
:10016000F8B51A4D1A4E0446B26828699047E8B9A6
:10017000184F3B684CB1A3B1012B19D0013B3B6038
:100180002869F36898470020F8BD43B9124A012155
:10019000C2F800151149D1F81029002AFBD101330A
:1001A0003B60F368286998470020F8BD0C48F8BD0B
:1001B0000A4AD2F81039002BFBD1074A6FF07E4073
:1001C000C2F80035FFF748FF3B68D7E7FC06002080
:1001D000100700204C23002000A0025000B0025065
:1001E000E98FFFFF2DE9F04F8DB0436802938378CC
:1001F00015469A07804640F10D8100240E78002EA6
:1002000000F00A81252E0BD04B1C03930134029B76
:100210004146304698470028C0F2F6800399EDE742
:100220004E788B1C252E0393F0D00027B946BB4691
:10023000BBF11F0F38D8A6F12003102B0AD8DFE836
:1002400003F02A0909300909092109090928092D9A
:1002500009091F00A6F13003092B33D92A2E37D103
:100260001BF0400F55F8043B40F08280002BA7BFE5
:100270004BF0200B9946C3F100094BF0280B01E02D
:100280004BF0010B039B13F8016B0393002ECFD1AE
:1002900030E04BF0020B4BF0040BF3E74BF0080B94
:1002A000F0E74BF0100BEDE7BBF17F0F19D8A6F18B
:1002B0003003092BD2D81BF0400F03D00A2101FBD9
:1002C0000737DFE70A2101FB09394BF0200BD9E79B
:1002D0002E2E06D11BF0400F40F09E804BF0400BBD
:1002E000D0E76C2E31D02BD8682E36D06A2E3CD079
:1002F0004C2E3AD0002F46F02003B8BF2BF040021E
:10030000A3F16501BCBF1FFA82FB0027022901D9B6
:10031000612B2FD1073525F00705DFF8ACA2083592
:1003200007271BF0080F66D00AEB070B56465E4501
:1003300063D1A4EB0A0A06EB0A02A9EB07096FE1F5
:10034000742E9FD07A2E9DD0D4E71BF0800F18BF5B
:100350004BF4007B4BF0800B94E71BF4807F18BFBD
:100360004BF4007B4BF4807B8CE74BF4207B89E7DC
:100370001F4687E7A6F16301122900F2F080DFE84B
:1003800011F013004F00EE00EE00EE00EE004F0003
:10039000EE00EE00EE00EE00EE00FE00E900EE00E2
:1003A000EE001B00EE00AF0055F8043B8DF818304E
:1003B00001270DF1180AB4E755F804AB834BBAF1E5
:1003C000000F08BF9A461BF0400F14BF39464FF08C
:1003D000FF31504603F048FD0746A2E7029B414625
:1003E0002020984700280FDB013EB742F6D34C444B
:1003F000A41BB14698E74E46F7E716F8010B029B9F
:1004000041469847002892DA98F8023043F00403F6
:1004100088F802304FF0FF3420460DB0BDE8F08F71
:100420001BF0800F34D01BF4007F2CD0073525F053
:100430000705AA4669685AF8080B2BF01005002931
:10044000ADB237DA404261EB410145F480650DF110
:10045000180B0A235A4603F013FDA0EB0B0301937C
:100460006B0662D5019B25F001019F4289B240F3E2
:10047000A180002E00F0998015F0100240F09C80C1
:10048000BB460D4623E0AA465AF8040BC117D4E731
:10049000AA461BF4807F5AF8041B01D10846F5E7F1
:1004A0001BF4007F15BF48B208B241F3C01141F3FD
:1004B000C031C2E750EA0103C9D11BF0400FC6D0DA
:1004C000002FC4D12BF0110295B2BB46019740F228
:1004D000064115EA01021CBF0BF1010B00222CE0C2
:1004E0002BF010021FFA82FB0A231BF0800C49D06C
:1004F0001BF400711DBF073525F00705AA46AA4663
:100500001ABF5AF8080B69685AF8040B50EA01053B
:1005100045D12BF016051BF0400FADB242D0002F95
:1005200040D12BF0170295B2019715F0100248D078
:10053000019B002E42D103F1010B29075AD4EB078E
:1005400006D5D9456FDD0199A9EB0B035F18CB46A2
:100550005B4649E04BF0100B10237826C5E7782B5B
:1005600004D1C6F1780343F01003BEE7029B414675
:10057000252098470028FFF647AF023447E60823B6
:100580000026B2E7AA461BF480715AF8040BBDD0CE
:100590001BF400711ABFC0B2614680B2B6E72BF0FF
:1005A000060295B20DF1180B54E725F01105ADB216
:1005B000BB468CE70D46B8E73B460D4603F1020B00
:1005C000BBE7DDF804B082E78864010081640100C4
:1005D000CDE904324146029B202098470028FFF6CF
:1005E00013AF049B059A01339945F1DCA4EB0B0191
:1005F000CC189B460AB3029B4146302098470028FE
:10060000FFF602AF8EB901342744019B391B994292
:1006100024DC1D465DBB019AA9EB0B09224455461B
:100620001446914435E0019F92E70234414630463A
:10063000029B98470028E7DAE6E640F206410D42C1
:10064000E2D015F0020F14BF2B20202015F4806F8C
:1006500004F10104414618BF2D20E9E7029B414601
:1006600030209847002804F10104CEDACCE606AB2E
:10067000013D4146585D029B98470028CADAC3E60F
:10068000029B414620209847002804F10104FFF610
:10069000BBAEA9EB0403002BF2DCBFE538B5C0F319
:1006A000C7537F3B162B014620F0004519DC002B79
:1006B000024608DA00281BDA002D0E4908BF4FF069
:1006C0000041084638BD0C4818410842F9D00029BD
:1006D000BEBF4FF4000141FA03F3D21822EA000131
:1006E000EFE7B5F1FF4FECD3EFF710FD0146E8E778
:1006F0000021E6E7000080BFFFFF7F00704710B5D4
:1007000086B00BA8059003900A98089C02900020E0
:1007100001900094F1F75EFB06B010BD7FB50BAB06
:10072000059303930A9B02930023CDE900331846F7
:10073000F1F750FB07B05DF804FB836800EBC101E3
:10074000B3F5004F2CBF51F8220031F8120070476A
:1007500000EBC1018068B0F5004F2CBF41F822309A
:1007600021F81230704708B50122FFF7E6FFD040AC
:1007700008BD8368B3F5004F00EBC10108D34B6897
:100780001AB143F001034B60704723F00103FAE70D
:100790004B881AB143F001034B80704723F00103EB
:1007A000FAE753000122FFF7D3BFB0F5004F34BF83
:1007B00004230823481C0833A0EBD300B0FA80F0D0
:1007C000C0F11F0070472DE9F0410D4686680446D0
:1007D000FFF7C9FFB6F5004F014601D3012832D01B
:1007E0003046FFF7E2FF04EB80010E6996B9E3683B
:1007F000012282401343E36002220D612B46294609
:100800002046FFF7A5FF032229462046BDE8F04118
:10081000FFF79EBF022231462046FFF78EFF294692
:10082000034607462046FFF793FF03223346294637
:100830002046FFF78DFF39462B462046FFF788FFFD
:1008400002223146E1E7BDE8F081B2F5802F2CBFEE
:1008500008230423D21A2DE9F0418C18CD1D25F070
:10086000070524F00704641B0026E4080560214600
:10087000AC60EE602046FFF798FF421D9200013009
:1008800002F107074FEAD707A2F110023146B8BFBD
:10089000324605F1100003F0CFFA3A4631462846B9
:1008A000FFF77FFF3346324631462846FFF750FFB9
:1008B000A4EB0708284631460122FFF75AFF4246BB
:1008C0003946FFF76EFF3B46324639462846FFF76A
:1008D0003FFF21462846FFF764FF43463246214644
:1008E0002846FFF735FF214628460122FFF741FF42
:1008F0003946BDE8F041FFF766BF2DE9F0470646EF
:100900000D46174698462BB398F8004093F801908F
:10091000DB78A40004EB430498F802301C44444400
:100920004FF0000ACA4509D3D8F8042008F108039B
:1009300039463046AC46BDE8F047604714F8013B05
:1009400048F823402046EFF779FD013004440AF1CE
:10095000010AE7E76FF01500BDE8F0870020704757
:100960000FB407B504A951F8040B019100F045FA42
:1009700003B05DF804EB04B07047038B13F007037A
:1009800005D10368002B0CBF002003207047022B09
:1009900005D1408BB0FA80F0400980007047012BF0
:1009A00005D10368002B0CBF0020052070470020F4
:1009B000704710B50C4600B111B96FF0150010BDAD
:1009C000081D00F093F80028F9D1A368032BF6D98D
:1009D000F3E72DE9F0410D4607461946281D9046DC
:1009E0001E4600F097F8044638B133464246294681
:1009F0003846A446BDE8F0416047BDE8F08110B438
:100A0000EFF31182202484F31288BFF36F8F4161CA
:100A100010BC0121F0F7F6BA38B50C46054658B1BE
:100A200051B10B6843B14B6833B11C22002103F074
:100A300003FA2C61002038BD6FF01500FBE770B59C
:100A400005460E46FFF7B5FF041E14DBEFF31182D7
:100A5000202383F31288BFF36F8F6B8B2C8B4FF6A1
:100A6000FF718B4204F0070407D182F31188BFF3B2
:100A70006F8F6FF00A04204670BD022C0CD1013339
:100A80006B8382F31188BFF36F8F002322463146B8
:100A90002846FFF79EFFEEE7062C14D8DFE804F0A7
:100AA00004131313041A0400002333606B683BB96A
:100AB000C5E90066ACB902212846F0F7A3FADAE7E7
:100AC0001E606E60F6E782F31188BFF36F8F6FF0E0
:100AD0000404D0E782F31188BFF36F8F6FF08504B1
:100AE000C9E782F31188BFF36F8FC4E7034640B1B3
:100AF000426802F00302022A06D0032A04D0012A27
:100B000005D06FF0150070471A68002AF9D0002050
:100B10009860704710B54268816002F00302022AB3
:100B200003464FF0000407D0032A02D05C60002087
:100B300001E018685C6010BD18685C600028F6D0A1
:100B4000FFF71EF9F3E7704770B406688489806A7E
:100B50000D0C16FA81F105FB041184682468A44683
:100B600070BC60472DE9F0431C46C36A1D686D42A6
:100B700089B006468846174605F020051CB9204670
:100B800009B0BDE8F083AC42A14628BFA9464B4658
:100B90006A4641463046FFF7D7FF0028F0D16B4642
:100BA000484502D1241A8044E8E713F8012BBA42E1
:100BB00001D10130F4E70120E2E70B6803F580334F
:100BC0000B60C0891A0CB0EB134F04BFA3EB0243B8
:100BD0000B60704710B5014604460722FF20EFF76F
:100BE000F3FFE07110BD7FB50BAB059303930A9B38
:100BF0000293099B0193002300931846F1F7EAF84A
:100C000007B05DF804FB0368012B81BFC91801F12F
:100C1000FF315B421940084670472DE9F0410C4610
:100C200005460821C06AFFF7EEFF07220746214666
:100C3000FF206688B4F80480EFF7C6FFE3798342AB
:100C400008D1A8894644C01BB04294BF00200120AF
:100C5000BDE8F0810020FBE738B505460C46FFF7FC
:100C6000DCFFA0B1A08898B922884FF6FF739A42A2
:100C70000DD1E86A0821FFF7C6FF6288AB899B1A8D
:100C8000B3FBF0F202FB1030B0FA80F0400938BD3F
:100C90000020FCE7F7B504460D46C06A0821FFF7BF
:100CA000B2FF2968074608232046FFF74DFF064696
:100CB000002836D12B683B442B60A28999B2D21B05
:100CC00091422ED11A0C03BFE28902F1FF3203EBED
:100CD0000241A3F58031296008236A462046FFF7C8
:100CE00033FFE8B9E36A5A796B4613F8011B8A426D
:100CF0000CD101300828F8D1636805E02B68BDF8F5
:100D000002201B0C1B0413442B600AE0694620469A
:100D1000FFF7A2FF0028F1D129462046F0F7B2FAEA
:100D20000646304603B0F0BD2DE9F043074689B0D2
:100D300090461E461BB9002009B0BDE8F0833C6810
:100D40008389080C14FA81F100FB0314FB6A1D6807
:100D50006D4235400CD0B86A83682146D3F80490C0
:100D60002B46C8470028E7D1761BE4D02C44A84482
:100D700032464146684603F037F8FD6A2A686979C9
:100D8000921B0DEB060003F057F8B86A2B688268D7
:100D9000214655686A46A847CEE710B50A4608239B
:100DA00041680446FFF7C0FF08210246E06AFFF7EA
:100DB0002AFF63681B1A6360104610BD13B5002438
:100DC0000094F0F793FE02B010BD0020704702F0CF
:100DD0001ABB0346BFF35B8F53E8000F421C43E886
:100DE00000210029F8D1BFF35B8F704708B50021BF
:100DF0000846F0F7E9FE002008BD1FB50023CDE945
:100E00000201CDE900331A4619461846F0F7E2FF11
:100E100005B05DF804FB70470020704770B50E46C2
:100E200015461946044618B9BDE87040F0F77CBF76
:100E300033B1C2F34A231030120D184402F0D4FF2C
:100E4000C4E900562046BDE87040F0F785BF7FB585
:100E50000BAB059303930A9B02930023CDE9003368
:100E600002221846F0F7B6FF07B05DF804FBF8B5AC
:100E700006460D4614461F4604B9F8BD21462846CD
:100E80003A46B047241A0544F6E707B5D1E90032DF
:100E90008DF80700526801210DF1070098470020E6
:100EA00003B05DF804FB0A2838B504460D4602D1AC
:100EB0000D20FFF7EAFF29462046FFF7E6FF002056
:100EC00038BD2DE9F043054687B008460E8891F8F5
:100ED0000090D1F808800C461746F0F7D1FF011EAC
:100EE000C6F38216C9F3C2091EDB4846F0F750FF6D
:100EF00003462146608851F8102B0196C2F34A221E
:100F0000002A01EB0204C0F30B1008BF00210022ED
:100F1000CDE90407CDE90214009241462846F0F7D6
:100F2000DBFF07B0BDE8F0830023E2E743681B68FE
:100F30005B6800209961704743681B681A685268B3
:100F4000536070472DE9F04143681B685A680121DE
:100F500011771D68D5E90136D3E900482F681CB91F
:100F60006B681C60BDE8F081214630464246B847B8
:100F7000241A0644F3E770B543681D686B689869E6
:100F80000C46F0F789FE214603460F222868BDE88B
:100F9000704018472DE9F0418768FB6804460D460C
:100FA00016469847BB682BB1324629462046BDE815
:100FB000F04118476FF05700BDE8F08108B50020F8
:100FC000F0F70AF87FB50BAB059303930A9B0293E6
:100FD0000023CDE9003301221846F0F7FBFE07B0ED
:100FE0005DF804FB01460068F1F77EBA08B5F1F739
:100FF000DDFABDE80840F1F7FDBA7FB50BAB05930C
:1010000003930A9B02930023CDE900330122184683
:10101000F0F7E0FE07B05DF804FB00210120F1F7D6
:1010200063BA61B662B680F31188BFF36F8F704701
:1010300072B6002383F31188BFF36F8FBFF34F8F16
:1010400030BF62B6BFF36F8F704772B6002383F371
:101050001188BFF36F8FBFF34F8F20BF80F31188CC
:10106000BFF36F8F62B67047202809D9B0F1004FE7
:1010700008D80138B0FA80F0C0F11F004000704776
:10108000082070473E2070477FB50BAB0593039354
:101090000A9B02930023CDE9003301221846F0F7A2
:1010A00099FE07B05DF804FB08B5D1E90431984713
:1010B000002008BD08B5F2F7DDF8002008BD704734
:1010C000F6F748BE7FB50BAB059303930A9B0293DB
:1010D0000023CDE900331846F0F77CFE07B05DF839
:1010E00004FB704737B505460C46002001A9F6F70A
:1010F0007DF89DF804302B709DF80530237003B007
:1011000030BDF3F7E3B908B502F031FD4FF47A7260
:10111000A0FB020302FB0133C00B40EA434008BDC1
:1011200038B5054602F023FD4FF47A72A0FB024366
:1011300002FB0131E40B44EA41404FF47A72002390
:10114000C90BEFF711F92A8038BDFFF7DCBF01208A
:101150007047014640F2E73008B54FF47A72002339
:1011600000EBC130490CEFF74FF9BDE8084002F041
:1011700085BC70477047EFF31183202282F31288F9
:10118000BFF36F8F03607047036883F31188BFF369
:101190006F8F70477FB50BAB059303930A9B029348
:1011A0000023CDE900331846F0F714FE07B05DF8D0
:1011B00004FBF2F74BBC7FB50BAB059303930A9B83
:1011C00002930023CDE900331846F0F703FE07B081
:1011D0005DF804FB012303FA01F103691B6819425E
:1011E00018BF82F0010212B18368DB681847836878
:1011F0001B69FBE7052070470220704770470120FC
:1012000000F036BB022100F0DEB81FB50B460E2100
:101210008DF80C1000218DF80D0001920091022232
:1012200003A8F2F7B7FF05B05DF804FB1FB51E2356
:101230008DF80C300023CDE900128DF80D0003224B
:10124000194603A88DF80E30F2F7A4FF05B05DF83B
:1012500004FB1FB50B4600218DF80C000192009194
:10126000012203A8F2F796FF05B05DF804FB1FB555
:101270000023CDE900128DF80800022202A803A97C
:101280008DF80930F2F786FF9DF80D0005B05DF886
:1012900004FB1FB50B460D218DF80C10010A8DF8CB
:1012A0000D1000218DF80E0001920091032203A879
:1012B000F2F770FF05B05DF804FB07B501228DF869
:1012C00007100DF10701FFF7E4FF03B05DF804FB21
:1012D0001FB51D238DF80C30030A8DF80D30002347
:1012E000CDE900128DF80E000422194603A88DF8EE
:1012F0000F30F2F74FFF05B05DF804FB07B5012290
:101300000DF10701FFF7E4FF9DF8070003B05DF85A
:1013100004FBF0B403460A461979DB8800681343DE
:10132000DC028768066906D513F4402F03D0DA077C
:1013300048BF83F44023346801258D4023F4801294
:10134000DB074CBF2C43AC4334603B68F0BC184710
:1013500037B50C460569836801A95B68984748B9A9
:10136000019B2A685A40012303FA04F10A4214BF80
:101370001846002003B030BD530603D501F10C0020
:10138000FDF778BE70477FB50BAB059303930A9BBF
:1013900002930023CDE9003301221846F0F71AFD2D
:1013A00007B05DF804FB012303FA01F103691B6830
:1013B000194218BF82F0010212B18368DB68184736
:1013C00083681B69FBE700F05FBA38B505460C4639
:1013D000F3F704F8611B013190FBF1F303FB1100FB
:1013E000284438BD01380A44914200D1704711F8B1
:1013F000013B00F8013FF7E710440A44914200D155
:10140000704711F8013B00F8013DF7E702F014BD09
:1014100082B082B00DF1080C0CE90600BDF8042082
:1014200003930B44BDF810100A4491B212B2B2F506
:101430007A7FA2BFA1F57A72013312B20360828073
:1014400002B002B0704782B082B00DF1080C0CE916
:101450000600BDF804200393CB1ABDF81010521AF1
:1014600091B212B2002ABEBF01F57A7203F1FF33C6
:1014700012B20360828002B002B070471FB56B46A3
:1014800083E80300002303A80293ADF80C30FFF7B4
:1014900047FE009BBDF804100290181ABDF80C30EE
:1014A000C91A8BB209B20029BEBF03F57A7300F1E5
:1014B000FF3019B2F2F784FA05B05DF804FB1FB5EE
:1014C0000446002303A80293ADF80C30FFF728FE72
:1014D00001A902906846F2F779FA029B009ABDF8DA
:1014E0000C101A44019B0B4499B21BB2B3F57A7FDE
:1014F000A2BFA1F57A7301321BB220462260A380FD
:1015000004B010BD37B50023044601A80093ADF820
:101510000430FFF705FE6D46009095E8030084E86F
:101520000300204603B030BD70B50446FFF70FFE40
:101530000123637226680546F2F750FA2844864272
:1015400003D2F2F74BFA054425602068BDE87040ED
:10155000F2F754BA0023C0E90033C0E90313038152
:101560004361704738B505460846FFF702FE04465A
:101570002846F2F7E9FFFFF7EAFDA04238BF204610
:10158000C5E9000038BD08B5FFF7DFFDBDE808403C
:10159000FFF7F0BD38B5044650B1FFF7D6FD05465C
:1015A0002046FFF7E6FD281ABDE83840FFF7E2BD08
:1015B00038BDFFF7CEBD08B5F2F7BCFD38B9F2F77C
:1015C0002DFEF2F7A7FDBDE80840F2F7D5BDF2F712
:1015D000B1FD0628F7D1F2E70A4601460020FFF7E1
:1015E00014BE08B5014608224FF4D860FFF751FE3B
:1015F000002008BD07B501228DF807000DF1070195
:101600008020FFF726FE9DF807302BB90120F2F766
:1016100097FD03B05DF804FB0220F8E713B504461C
:101620000420F2F78DFD230C8DF804300322230AE9
:1016300001A983208DF805308DF80640FFF709FEDB
:1016400002B010BD10B51446FFF7C6FF2046BDE836
:101650001040FFF7E3BF13B504460520F2F770FD15
:10166000942140F6AC00FFF728FE230C8DF80430DF
:101670000322230A01A982208DF805308DF8064047
:10168000FFF7E7FD02B010BD73B5002640F6E2009B
:101690000196FFF733FE00F0FE01054640F6E2003A
:1016A000FFF70BFE40F6E500FFF728FE00F07F0194
:1016B000044640F6E500FFF700FE6FF07F40FFF7BD
:1016C000CAFF04220DEB020140F61900FFF700FEED
:1016D0003046FFF78FFF294640F6E200FFF7EDFDA9
:1016E000214640F6E500FFF7E8FD019802B070BD25
:1016F00013B504460520F2F723FD962140F6AC0011
:10170000FFF7DBFD230C8DF804300322230A01A927
:1017100082208DF805308DF80640FFF79AFD02B063
:1017200010BD07B5030C8DF80030030A8DF80130A9
:101730000B0C49BA8DF80200ADF804100622694678
:1017400094208DF80330FFF784FD0620F2F7F8FCB3
:1017500003B05DF804FB08B50022C5201146FFF771
:1017600078FDBDE808400720F2F7EABC08B5002282
:10177000D1201146FFF76DFDBDE808400420F2F7C7
:10178000DFBC07B501228DF807000DF107019F208E
:10179000FFF75FFD03B05DF804FBF82873B504465E
:1017A00028BFF8240134C4F346031F2B1C46C6BFD0
:1017B0000334012500254FF00102C8BFC4F387049C
:1017C00002EB4503064604FA03F30DF10701A020DE
:1017D0008DF80730FFF73DFD46B105EBC401C9B2F6
:1017E00040F206708DF80710FFF767FD02B070BD7C
:1017F00007B501228DF807000DF107019620FFF7CC
:1018000028FD03B05DF804FB07B58DF8062004221F
:101810008DF804008DF8051095200DEB02018DF870
:101820000730FFF716FD03B05DF804FB07B552BAA9
:10183000ADF8042040BA082249BAADF80000ADF86E
:1018400002105BBA69461046ADF80630FFF701FD9D
:1018500003B05DF804FB07B5022201A91220FFF7CF
:1018600006FDBDF8040040BA80B203B05DF804FB89
:1018700007B501228DF807000DF107019D20FFF744
:10188000E8FC03B05DF804FB37B504460D46FFF7EE
:10189000B3FC0128034620D10F2C02464FF0000173
:1018A0000ED10620FFF7B0FF0E24022201A98E20E0
:1018B0008DF804408DF80550FFF7CBFC03B030BD28
:1018C0000420FFF7A1FF6FF01003A342B8BF234627
:1018D0000E2BA8BF0E231C46E7E740F6D800FFF703
:1018E0000DFD40F01E01C9B240F6D800FFF7E5FC3F
:1018F0000123002207210420FFF786FF6FF0080371
:101900009C42B8BF1C46162CA8BF1624CDE707B5CD
:1019100002228DF804008DF805108F2001A9FFF731
:1019200098FC03B05DF804FB07B5012201A915205E
:10193000FFF79DFC9DF804004042401003B05DF8A5
:1019400004FBF7B50D46064600240DF107012846B5
:1019500017468DF80740F2F7AFFF2A78BA4207D84A
:101960009DF807003146FFF761FC204603B0F0BD4B
:101970000120FBE707B5022240BAADF8040001A937
:101980001046FFF766FC03B05DF804FB01207047CA
:101990000020FFF72FBEF2F7ABBE80B2FFF7AEBC60
:1019A00080B2FFF78ABC08B54FF00400F2F736FEAC
:1019B000BDE808400220FFF7FCBDFFF7B2BE80B2D1
:1019C000FFF786BC80B2FFF764BC08B54FF4C07166
:1019D00000231A460846FFF729FFBDE80840FFF735
:1019E000BABE08B5FFF7A0FF08BD08B5FFF702FCB7
:1019F000033008BD2DE9F04104468AB000200D46B1
:101A000017461E46F3F7FEF92046F2F771FE002452
:101A10004FF0010803234FF4167229462046CDE902
:101A20000848CDE90644CDE90444CDE90244CDE9B6
:101A300000532346F3F7F6F92046F3F7F9F840464A
:101A4000FFF7B7FDFFF79FFD04462046FFF7A2FD15
:101A5000B04206D30124FFF7A6FF20460AB0BDE836
:101A6000F081FFF761FF8742EFDA0024F3E708B562
:101A7000F3F7B6F900231A4619461846FFF7D6FEC3
:101A8000BDE80840FFF700BE30B585B001A90446A7
:101A9000092240F29F20FFF71BFC9DF8043001A8AB
:101AA0000021CAB2934217D8032B20D85A1C8DF8B4
:101AB000042004A9022203FB0211200A01F80B0CE6
:101AC00004A902FB031340F29F2003F80A4C0922E9
:101AD00001A9FFF7DEFB0AE002464578927802EBA7
:101AE0000522944201F1010100F10200D9D105B0B3
:101AF00030BD0A780378534003704A7843785340E6
:101B000043708A78837853408370CA78C37853408F
:101B1000C3700A790379534003714A79437953407A
:101B200043718A79837953408371CA79C379534069
:101B3000C3710A7A037A534003724A7A437A534054
:101B400043728A7A837A53408372CA7AC37A534043
:101B5000C3720A7B037B534003734A7B437B53402E
:101B600043738A7B837B53408373CA7BC37B53401D
:101B7000C373704710B50B781478634003705478C2
:101B80004B786340437094788B7863408370D4784B
:101B9000CB786340C37014790B7963400371547937
:101BA0004B796340437194798B7963408371D47925
:101BB000CB796340C371147A0B7A63400372547A11
:101BC0004B7A634043728B7A947A63408372D47AFF
:101BD000CB7A6340C372147B0B7B63400373547BEB
:101BE0004B7B63404373947B8B7B63408373CB7BE2
:101BF000D27B5340C37310BD10B5102204460021A0
:101C0000F130FFF703FC0021C4F814112046F02244
:101C1000BDE81040FFF7FABB024608461021F3F773
:101C2000F9BA2DE9F0430446D0F8140185B00E4608
:101C3000154604F2011988B3C0F1100890454746D3
:101C400028BF1746BAB24844FFF7CCFBD4F814318A
:101C50003B440F2BC4F814312DD9A8452BD204F1E5
:101C6000F00304F5807113F8012F187C8B4282EA8F
:101C700000021A70F7D104F1F108102241466846BB
:101C8000FFF7B0FB224669466846F3F745FB102292
:101C900069464046FFF7A6FB3E44ED1B04F58078FD
:101CA00004F1F107102D09D8AAB231464846FFF7D2
:101CB00099FBC4F8145105B0BDE8F08304F1F003BA
:101CC000711E13F8012F11F8010F434582EA00023B
:101CD0001A70F6D1102239466846FFF783FB224678
:101CE00069466846F3F718FB102269463846FFF745
:101CF00079FB1036103DD5E7F0B589B00C461022BF
:101D0000002105466846FFF781FB22466946684682
:101D1000F3F702FB9DF90030002B6A464FF00001FB
:101D200043DA137812F8010F01315B0043EAD01354
:101D30000F2902F8013CF4D19DF80F305B0083F0CD
:101D40008703D4F81401DBB210288DF80F303BD193
:101D500004F58073694604F5887013F8016F11F873
:101D6000012B984282EA06021A70F6D104F1F003C0
:101D700004F5807113F8012F187C8B4282EA00026F
:101D80001A70F7D110220DEB020004F1F101FFF7F8
:101D900029FB2246294604A8F3F7BEFA10220021A7
:101DA0006846FFF733FB09B0F0BD137812F8010F56
:101DB00001315B0043EAD0130F2902F8013CF4D152
:101DC0009DF80F305B00BCE79DF90030002B6A46A0
:101DD0004FF0000137DA137812F8016F01315B0020
:101DE00043EAD6130F2902F8013CF4D19DF80F30D5
:101DF0005B0083F08703471CDBB28DF80F30102F98
:101E000004EB0003C0F10F064FF0800288BF0026EC
:101E100000F5817083F801210021324620443E44C0
:101E200002F00AF8C4F8146104F58073694604F5F9
:101E3000887013F8016F11F8012B984282EA0602AC
:101E40001A70F6D192E7137812F8016F01315B0036
:101E500043EAD6130F2902F8013CF4D19DF80F3064
:101E60005B00C8E77E2B01D8F3F7BCBB03207047AB
:101E700030B50D4685B01446014668B103AA00206E
:101E800000922A460390F3F7ADFB18B90398001BA4
:101E900018BF012005B030BD0220FBE709B1F3F700
:101EA0007FBC022070471FB51446A0B100237F2AD3
:101EB000CDE90033CDE9023301D108290DD10A461D
:101EC0006B461021F3F72EFC18B969462046F3F74C
:101ED00067FC04B010BD0220FBE70320F9E72DE901
:101EE000F04F91B0DDE91B649DF8685081468A4649
:101EF00017469846002B6CD0002E6AD0002C68D074
:101F0000212D68D8FF2819462A4630460CBF4FF0CD
:101F1000010B4FF0030BFFF765FA691E5A46731C5D
:101F200089B208F10100F3F7FDFB8346002854D184
:101F300096F80B8073194FEAD81884F8008013F8CC
:101F4000024C13F8031C13F8042C13F8013C24046E
:101F500044EA0124144344EA0364B8F1000F0CD1AD
:101F6000291F0123224689B23046FFF781FF00383E
:101F700018BF012011B0BDE8F08FCDE9010003903A
:101F8000082251460DF105008DF80490FFF734FA50
:101F90008DF80D70292259463F0A05A88DF80E705C
:101FA000CDF810B001F048FF0C2201A904A8FFF7FA
:101FB00019FA2A4631460DF11B00FFF713FA0223E6
:101FC0002246E91D04A8FFF753FF002818BF40462A
:101FD000D0E70220CEE70520CCE70720CAE7FFF7CD
:101FE00080B8D8B1D1B1037B1B0707D090F820305F
:101FF00083B990F828307BB11720704790F82830CB
:1020000053B190F82030002B14BF032302230B7030
:10201000002070470023FAE70123F8E70320704708
:102020002DE9F04F8BB08A460093149B416890F9DC
:102030000C8090F90D6090F80EB019604778044656
:102040009146002F58D002238DF8103004A9C37B8D
:10205000007C8DF8123000F069FBB4F808C061898B
:1020600043B26068984545466144B8BF1D46604527
:1020700034BF00270127884209D30A218DF81010A8
:10208000207C019304A900F051FB019B46B2B4F8F7
:1020900008C0608961680CEB400E714519D3A1EB53
:1020A0000C01B1FBF0FC00FB1C1191B9984503DC5D
:1020B0002378CBB94FF0010B20238DF81030207C12
:1020C000E37B8DF8115004A98DF8123000F02EFB3F
:1020D00045B2009B8AF80050384689F8006083F8C2
:1020E00000B00BB0BDE8F08F0223207C8DF82430C7
:1020F00006A900F02BFBDDE74546EAE7704770478D
:102100007047704700207047704770477047002045
:102110007047002070470020704700207047002063
:102120007047704770477047022070470220704721
:1021300002207047704700207047704770470020AA
:10214000704700207047704770477047F0B50C46E5
:1021500085B005461F46114662B3062806D00728FB
:1021600006D0052824D00120012603E00420FBE747
:10217000022000260023CDE9013303938DF80000EF
:10218000230A8DF80140082201A8240C8DF80230A2
:102190008DF80340FFF730F92A4631466846ADF81E
:1021A0000C70FFF780FE002818BF0E2005B0F0BDB0
:1021B0000320D9E70920F9E71FB507284FF00004ED
:1021C000CDE902440CBF022401248DF800408DF8B3
:1021D00001100C0AADF80420090C120C8DF8031044
:1021E0008DF806208DF8073002461B0A012168464B
:1021F0008DF802408DF80830FFF755FE002818BF13
:102200000E2004B010BD2DE9F04188B090460D4677
:102210000F9A0746002847D000240121CDE9044445
:102220008DF810109DF838108DF81510ADF8163097
:10223000190CCDE900441B0ECDE902448DF819308C
:10224000ADF81A20130C120E07948DF818108DF8A3
:102250001C308DF81D20E3B21E01002DF6B203DC08
:10226000002008B0BDE8F081013310218DF81F3047
:1022700042466B460DEB0100F3F754FA0346A8B94A
:10228000102D28463E44A8BF10206946327811F828
:1022900001CB013382EA0C02984206F8012BF5DCEF
:1022A000103D2DB20134D6E70920DAE70E20D8E739
:1022B0001FB500237F2208216846CDE90033CDE910
:1022C0000233FFF7F0FD002818BF0E2005B05DF8BF
:1022D00004FB70B586B00C46DDE90A65134601467D
:1022E00030B3B4F5807F25D84922300C0292002209
:1022F000ADF80C208DF810008DF81620280C0C9AE3
:10230000ADF80E60ADF812508DF814000092360E44
:102310002D0E224602A88DF811608DF815508DF80B
:102320001740FFF79FFD002818BF0E2006B070BDB4
:102330000920FBE70D20F9E713B500230C460193B4
:10234000CAB101A9F6F708FE18B9019B591C02D1C0
:10235000146002B010BD99B2611A002901DD5C1849
:10236000F6E702D113600720F3E71B0C1B0403F50B
:1023700080331C44ECE70920EBE71FB5B1B9012815
:10238000CDE9001108BF2023CDE902114FF008026A
:102390004FF00001684608BF8DF80030FFF783FD5D
:1023A000002818BF0E2005B05DF804FB0A20FAE7EC
:1023B00010B50446002845D00168002942D011F824
:1023C000013B437103220630FFF70CF8204603223D
:1023D00050F8091B0431FFF705F82168CB79E36059
:1023E0000A7A43EA0223E3604A7A43EA0243E3605B
:1023F0008A7A43EA0263E360CB7A23740B7B6374CB
:102400002379212B1AD110220D3104F11200FEF78D
:10241000E9FF1D222168501C8B5C6362085C43EA63
:102420000023901C6362085C033243EA004363624A
:102430008A5C43EA02636362002010BD112B03DC57
:102440000D22E7E70220F8E70120F6E710B5044681
:10245000002854D00168002951D00B7843714B7883
:1024600083608A7843EA02238360CA7843EA02439E
:1024700083600A7943EA026383604B7903738B7943
:10248000C381CA7943EA0223027BC38102F00F02AF
:1024900008311030FEF7A6FF237B002203F00F0364
:1024A00084F8202084F82820227903F10800111AEA
:1024B00004290DDD21680933043AD21A085C84F836
:1024C0002000D2B2606A84F828201944FEF78AFFFF
:1024D000237922681A44002012F8043CE36212F8BF
:1024E000031C43EA0123E36212F8021C43EA01439E
:1024F000E36212F8012C43EA0263E36210BD02209A
:10250000FCE710B5044660B3036853B30279162A9A
:1025100029D942791A700146082251F8060B013078
:10252000FEF76AFF2146082251F80E0B0930FEF72C
:1025300063FF2368E28A5A74E38A22681B0A937451
:102540002368A269DA74A36922681B0A13752368D9
:10255000628B5A752368E27E9A75172323710020D7
:1025600010BD0120FCE70220FAE710B50446002860
:102570002FD003686BB30279172A2CD942791A70CD
:10258000036882795A700146082251F8070B02301D
:10259000FEF732FF2146082251F80F0B0A30FEF7F2
:1025A0002BFF2368228B9A74238B22681B0AD37417
:1025B0002368E2691A75E36922681B0A5375236868
:1025C000E28B9A752368E27FDA7518232371002065
:1025D00010BD0120FCE70220FAE710B504460028F0
:1025E0002FD003686BB30279122A2CD942791A7062
:1025F000036882795A700146032251F8070B0230B2
:10260000FEF7F0FE2146082251F80A0B0530FEF7CE
:10261000F3FE2368628A5A73638A22681B0A9373E3
:1026200023686269DA73636922681B0A137423687A
:10263000E28A5A742368E27D9A741323237100207E
:1026400010BD0120FCE70220FAE738B50446002857
:1026500063D00168002960D0037B90F8282003F044
:102660000F03002A57D108332079043213449842CB
:1026700055D363790B702368A2685A70A3682268E7
:102680001B0A937023686289DA702368E27A1A71F0
:102690002368227B5A712368E2899A71E389226850
:1026A0001B0A2146D371227B51F8100B02F00F0256
:1026B0000830FEF797FE237B94F8282003F00F03E1
:1026C00003F108052AB1226894F82010515503F14E
:1026D0000905206894F82820616A2844FEF782FEE4
:1026E00094F828302268E16A2B44D1545A1CE16ADC
:1026F000206892B2090A81549A1C2168E08D92B236
:102700008854DA1C216894F82F0092B2043388545C
:102710002371002038BD0933A6E70120FAE7022023
:10272000F8E7A0F10803584258417047082882B0E2
:1027300003D1084602B0F7F7B7B8002002B07047DF
:10274000082802D10846F7F74BB97047082802D18C
:102750000846F7F761B970470346082B084611464B
:1027600001D100F0B8BA00207047082802D108460D
:10277000F7F7DCB97047082802D10846F7F706BA20
:102780000020704710B40446082C084611461A462B
:10279000019B02D110BCF7F735BA10BC7047034655
:1027A000082B0846114601D1F7F758BA00207047A8
:1027B00010B40446082C084611461A4602D110BC33
:1027C000F7F798BA002010BC704730B40546082DC2
:1027D000084611461A46DDE9023403D1029430BCA2
:1027E000F7F706BB002030BC7047082802D1084626
:1027F00000F094BA00207047082802D1084600F083
:10280000B6BA00207047082802D1084600F0B2BAD4
:1028100000207047082802D1084600F0AEBA002018
:1028200070470346082B0846114601D1F7F7DCBB79
:102830000020704710B40446082C084611461A467A
:10284000019B02D110BCF7F7E5BB092010BC704713
:1028500010B40446082C084611461A4602D110BC92
:10286000F7F77ABCC8B210BC7047F0B59A42069D23
:1028700003DB9DF914309A4220DD0020F0BD03EB0C
:10288000430331F814C005EB830300264CFA06F726
:10289000FF0707D51F7A07F00F0E964502DCB2EB53
:1028A000171F0DDD0136102E03F10C03EED101349C
:1028B000E4B22301DBB29842E1D8DEE70024F8E776
:1028C0000120DBE7884204DB9042CCBF00200120DE
:1028D00070470020704710B51409B4EB111F034670
:1028E0004FEA11100ED391420CD202B201F00F0147
:1028F00033F81240012000FA01F124EA010123F823
:10290000121010BD0020FCE7F0B528B100EB410526
:1029100001270020914200D3F0BD002435F802CBFE
:10292000234607FA04F636EA0C0608BF013304F121
:10293000010408BFDBB2102CF3D118440131C0B23E
:10294000C9B2E7E710B500B149B910BD31F813407D
:1029500020F813400133DCB2A242F7D8F5E7002398
:10296000F9E782B0019303885AB9642B38BF642316
:10297000C26859438A428CBF521A0022C26002B018
:102980007047012B38BF0123F2E70378032B14D1E2
:10299000437803F00F021B098A704B7083788B8099
:1029A000C27843EA02238B800379C3F3021203F057
:1029B0000F03CA700B7005207047002070472DE987
:1029C000F34798464379057990F9076091460446A4
:1029D00090F906208A4683B190F9087075B30F2AE2
:1029E00012D194F909200F2E1ED194F90A60072DF7
:1029F00024D1002F08BF012720E090F90B7090F937
:102A0000092090F90A60E9E7A369019394F9153068
:102A1000009394F914302169207BFFF726FF0028EA
:102A2000E1D105F0FD05DEE794F91D30B3420FDC7E
:102A300094F91C30B342DADA05F0FB0528468AF82F
:102A4000002089F8006088F8007002B0BDE8F087C7
:102A50001E46CCE730B54FF47A750C1F6A4300FB75
:102A6000042252001EBF00F1FF341219B2FBF0F233
:102A7000914238BF1146039A1160820048431CBF3F
:102A8000013040084FF47A71121A01FB1323002B16
:102A9000CABF03F2E73393FBF1F1B3FBF1F1049BFF
:102AA000196030BD38B5400014460D46EDF7DEFB29
:102AB00001462846EDF728FB2146EDF725FBFDF7FB
:102AC000EDFDEDF72BFC40B238BD2DE9F74F01933A
:102AD00000239C469E46048A1E01F6B2B44246D9A3
:102AE00006EB46054FEA4309AD000024476837F876
:102AF00009702741FF0729D5876807EB050A7F5929
:102B000027B3077837B9476927B137F809702741E4
:102B1000FF071BD59AF8087090F901B047F3030836
:102B20004FFA88F8D84511DC47F303177FB25F45A9
:102B30000CDB9AF8097007EB4708C76807EBC80772
:102B40003F7D5FB90CF1010C5FFA8CFC0134102C55
:102B500005F10C05CAD10133DBB2BCE70EF1010768
:102B600006EB040801F80E805FFA87FEEEE7019B92
:102B700082F800E083F800C003B0BDE8F08F2DE9D3
:102B8000FF4704464068DDE90C671D468A469146CA
:102B9000FEF700FD23681B1A3B604FF0000801237D
:102BA000337085F80080636813B12368834224D8AA
:102BB000CAF80080D4F81CC0A3699CF800E0039315
:102BC000D4E9030101AB83E80300237D0093DCF823
:102BD0000C10237A627A7046F6F7A0FD386033460F
:102BE000E0692A464946FFF770FF2B782BB1C7F8FA
:102BF0000080002004B0BDE8F0873378002B0CBFC4
:102C00000C200B20F6E737B590F9002090F9025020
:102C1000954204460FD0013A52B295420BD0A368B8
:102C2000019394F9013000936168E0782B46FFF737
:102C30001CFE0028EFD0104603B030BD8842B8BF5C
:102C400008467047F7B50023CDE900330D46174617
:102C500010B9032003B0F0BD0029FAD0002AF8D043
:102C60000A781646C6F34703002430F81310F3071A
:102C700054BFC9B2090A234641FA04FC1CF0010FF3
:102C800006D003F1080CEC4401330CF8084CDBB21D
:102C90000134082CF0D1741CE4B233B9082C28BFDD
:102CA0000024A242D5D02646DCE7591E0020FEF7BC
:102CB0008CFB00F108030DEB0300082C10F8083C16
:102CC00028BF002403EBC6033B7000202C70C1E733
:102CD00002FB0010704708B50A291DD8DFE801F093
:102CE000061C1C1C1C0B0E101C1A1A00BDE8084008
:102CF0000068F6F7B9BD0422002103E00522FBE7D6
:102D00000D22082190F90000FFF7DCFD003818BF04
:102D1000012008BD0E22EFE70020FAE738B505468E
:102D20004068F6F7A1FD0D22841D082195F90000E9
:102D3000E4B2FFF7C7FD08B904F0FD0495F90000FF
:102D400007220521FFF7BEFD012803D095F90030C9
:102D50000D2B01DD04F0FD0495F901000322002193
:102D6000FFF7B0FD08B904F0FB04204638BD4FF072
:102D7000FF3070474FF0FF3070474FF0FF30704723
:102D800008B5F7F7F3F9002008BD0369C9B20C22B2
:102D900001FB0233186C00F00700704770B5C9B230
:102DA0000369EFF31185202484F31288BFF36F8F3A
:102DB0000C2606FB0134246C14F0C00408D0A24297
:102DC00006D085F31188BFF36F8F4FF0FF3070BDD1
:102DD00071430B4401221A6485F31188BFF36F8F8E
:102DE00043680B445B6898470020F0E78022FFF7B8
:102DF000D5BFF8B5069F0469C9B2EFF31186202547
:102E000085F31288BFF36F8F0C2569430C44256C42
:102E100005F0070CBCF1010F0BD1276486F3118874
:102E2000BFF36F8FC4E90E2343685B5898470020B7
:102E3000F8BD05F0C005AF4286F31188BFF36F8F70
:102E40000CBF6FF077004FF0FF30F1E713B580242F
:102E50000094FFF7CEFF02B010BD10B40069CBB2F2
:102E60001C2403FB0400002110BC10470020F9F7CC
:102E7000B9BE002000F0E5BA1046FBF76BBFF7B50E
:102E80001C461646002382682360A36053690D46E2
:102E900001AA69469847019B5A1E01921BB96FF01F
:102EA000150003B0F0BD0098A2684768216867600C
:102EB00085B9B31AD0F800C0634528BF63461A44E9
:102EC00003FB07112160A26002689A4206D808300D
:102ED0000090E0E76B1AB3FBF7F3EBE70020E0E7C5
:102EE00013460022FFF7CBBF4FF400020023C1E9D5
:102EF00000230020704718B901F11800FBF72ABF22
:102F000070477FB50BAB059303930A9B0293002395
:102F1000CDE900331846EEF75DFF07B05DF804FB1E
:102F20007FB5FF238DF803300DF1030300210193DA
:102F30000123CDE9023105238DF80C3003A801AB44
:102F400004910593F7F750FB0028A8BF9DF80300F4
:102F500007B05DF804FB1FB5002188420CBF0623B3
:102F6000042301A8CDE9011103918DF80430F7F78E
:102F70003BFB002818BF6FF0040005B05DF804FBB0
:102F800010B50269BFF35B8F044602F1300353E8CA
:102F9000001F013943E800100028F8D1BFF35B8F10
:102FA00092F8343013B909B9FAF796FD2069BDE8F3
:102FB0001040FBF7CFBE0369BFF35B8F303353E89C
:102FC000001F013143E80012002AF8D1BFF35B8FE4
:102FD00000694FF0FF324FF0FF33FBF7EFBE10B543
:102FE0000C4600F0C4FA0023C4E90003184610BDE3
:102FF00038B505460C4600F0BAFA002D07DBA842AA
:1030000005D9401B84428CBF0020012038BD002020
:10301000FCE77FB50BAB059303930A9B0293002358
:10302000CDE9003301221846EEF7D4FE07B05DF873
:1030300004FB43685B68D3F810350B6000207047D1
:1030400043685B6802EA010021EA0201C3F808054F
:10305000C3F80C150020704743685B680020C3F874
:103060000815704743685B680020C3F80C1570476B
:1030700043685A68D2F8043521EA03000B40C2F8CD
:103080000805C2F80C350020704710B50369586870
:10309000F8B1884219D19C6808685860A14200D1F3
:1030A0009860002008602AB15A680A609A685960DE
:1030B00002B99960002010E0814206D108682060C2
:1030C00098688142EDD19C60EBE7044600680028D7
:1030D000F2D1002AE8D16FF0150010BD30B5436879
:1030E0001360057A446804EBC504A34202D36FF071
:1030F000010030BD5C798C4201D00833F0E700203C
:10310000F7E743681B68D3F88004C3F8800470476E
:1031100042681368D3F8100150B1D26900201278C8
:103120000A70C3F81001D3F8102101221A60704709
:103130004FF0FF30704702680346D2F8580140B99B
:103140005B68DB0706D4D2F82001003818BF0120E5
:1031500070470120704743681B68D3F80423D205E9
:1031600017D5D3F82021A2B1EFF31182202181F3EA
:103170001288BFF36F8FD3F8201131B10021C3F84B
:103180002011D3F820110121D96082F31188BFF3F7
:103190006F8FD3F858317047002201210420EFF7D8
:1031A00025BE10B50B6813B91360184605E0036817
:1031B0005C681CB114600368186810BD08330360B4
:1031C0000B68013B0B60EDE77FB50BAB05930393F9
:1031D0000A9B02930023CDE900331846EEF7FAFD6F
:1031E00007B05DF804FB03460A460068197901231D
:1031F00003FA01F103691B68194218BF82F001024A
:1032000012B18368DB68184783681B69FBE710B558
:10321000036804464BB19A683AB1186900F07EFA27
:10322000206800210830FFF7DEFFA36933B963602F
:1032300004F11000BDE81040FBF78CBD10BD10B5C7
:10324000006903688B4206D190F86C4034B9FFF7EF
:10325000DEFF204610BD6FF01500FBE76FF00F009A
:10326000F8E7F8B50C46054600F07EF90022214645
:1032700006462846FAF702F803212046F8F702FD31
:1032800000F0C1F807462B689B5953B10026214630
:10329000284600F067F920460121F8F7F3FC304694
:1032A000F8BD00F0B0F8C01B0628ECD96FF073062B
:1032B000EDE7002201212F20EFF798BD10B50B6834
:1032C00013B91360184605E003685C681CB114600C
:1032D0000368186810BD083303600B68013B0B607E
:1032E000EDE77FB50BAB059303930A9B0293002395
:1032F000CDE900331846EEF76DFD07B05DF804FB2D
:1033000013B5002101AA0446FFF7E8FE002805DBFB
:10331000019B226819791868F7F7AEFF02B010BD5B
:1033200003460A4600681979012303FA01F103698B
:103330001B68194218BF82F0010212B18368DB6872
:10334000184783681B69FBE710B504460068D0B1D5
:103350008368C3B149B101210830FFF7E1FF236859
:103360001869BDE8104000F0D9B912B98388DB04B0
:1033700009D4006900F0D2F920680021BDE81040AE
:103380000830FFF7CDBF10BD10B501220021044663
:10339000FFF7DAFFA36933B9636004F11000BDE8F9
:1033A0001040FBF7D7BC10BD10B5006903688B4215
:1033B00006D190F86C4034B9FFF7E6FF204610BD07
:1033C0006FF01500FBE76FF00F00F8E738B50569FF
:1033D0000446296405F12800FBF7BCFC002285F8AF
:1033E0006C2020691146BDE83840FFF7ADBF00F101
:1033F00050039B009BB203F1804303F58833002206
:103400001A601B68704708B5F9F76AF808BDFCF741
:10341000F9BC08B5EEF77CFFEFF750F8BDE80840BF
:10342000FCF7F0BC004700F079B9C00000F1804023
:1034300000F5F830C0F81015C0F814257047FAF7F9
:103440008DB8F9F74BBBF7B5019001A8DDE9084746
:1034500016461D46F9F758FC019BB6F1000C18BF43
:103460004FF0010C00EB83000B1E18BF0123002D51
:1034700043EA4C0314BF4FF00C0C4FF0000C002C2F
:1034800043EA0C0314BF4FF4E06C4FF0000C002F24
:1034900043EA0C03D0F8002714BF4FF4403C4FF030
:1034A000000C43EA0C0322EA030301B109780EB1D0
:1034B0003678760019430DB12D78AD0031430CB14B
:1034C0002478240229430FB13F783F040C433C4346
:1034D000C0F8004703B0F0BD1FB50DF10F03019315
:1034E00000238DF80F1000931A461946FFF7ABFF23
:1034F00005B05DF804FB08B50146F9F757FC40B18B
:103500000846F9F73BFC00B2800000F5807080B2FD
:1035100008BD4FF4BE70FBE738B5054608460C46BB
:10352000F9F744FCB0B10846F9F734FC90B9084605
:10353000F9F724FC2A6801238340C2F808332A687B
:1035400003B202EB8303D3F8102522F00302C3F881
:10355000102538BD20460021BDE83840FFF7BCBF2C
:10356000F9F7AABCFFF7D8BF0846FFF7C4BF4FF072
:1035700080531A695869504370474FF08053186957
:1035800070474FF08053586970470223FAF730B8FC
:103590000323FAF72DB800210220FAF7B9BA07B5CC
:1035A000019001A8FAF74CFB019A01239340C0F85F
:1035B000083503B05DF804FB07B5019001A8FAF7E0
:1035C0003FFB019A01239340C0F80C3503B05DF82E
:1035D00004FB37B5D0F818358A69DBB28DF80730AF
:1035E0000B6A93423EBF4A699DF80740D4540B6A68
:1035F00091F824500C695A1C0A62023335B1A34277
:103600008C6938BF0B619C4288BF8B610D699D42FC
:1036100005D9CA68D35CC0F81C3501200AE08C6962
:103620009C4201D9CB7FF6E7AA42F6D3A2422CBF37
:103630000020012003B030BD70B5A2F58074A4084D
:10364000012606FA04F4054614EA010008D0A85839
:1036500030B10021A950AA581A6822431A60304696
:1036600070BD2DE9F341002304460D4601939046B9
:1036700001AB4FF4A672FFF7DFFF4FF482722946C9
:103680002046FFF7D9FF4FF48C72074629462046A3
:10369000FFF7D2FF064630B1B8F1000F1DD017B1C9
:1036A000D4F83C353E4601AB4FF48872294620469B
:1036B000FFF7C2FF30B1B8F1000F03D016B90FB158
:1036C000D4F83C3501AB4FF4907229462046FFF701
:1036D000B3FF019802B0BDE8F0814646E3E707B5C5
:1036E000019001A8FAF782FC019A01239340C0F8E7
:1036F000083503B05DF804FB07B5019001A8FAF79F
:1037000075FC019A01239340C0F80C3503B05DF8B5
:1037100004FB08B5FBF758F8002008BD08B1EFF727
:10372000F1BD7047704740B1C368587810F0010090
:103730001EBF1878B0FA80F0400970477FB50BAB18
:10374000059303930A9B02930023CDE900330122E2
:103750001846EEF73FFB07B05DF804FBEFF311836B
:10376000202383F31288BFF36F8FFEE710B5D0E9F3
:10377000003433B90020E268537843F001035370FA
:1037800010BD204698470028F4D00028B8BF40421A
:10379000E368FF28A8BFFF201870ECE700F04CBBDF
:1037A00000F022BB70474169836843EA010212F0CE
:1037B00003020FD1C2600269013A01FB0233826841
:1037C0009A4201D900207047C2681A604269C360FA
:1037D0009B1AF4E76FF01500704710B5C0E904328A
:1037E0000023816083610446FFF7DDFF0028A8BF46
:1037F000C4E9004410BD2DE9F04105460F46EFF342
:103800001188202383F31288BFF36F8FC668F6B93F
:103810000468A0421BD0D4B1D4E9003213605A60CE
:10382000637BA66023F002036373C4E9006604F1BE
:10383000180000F077F92046E667676100F0BFF8EE
:10384000414605F10800BDE8F041FBF71BBE3E60B4
:10385000AB69EF60013BAB6188F31188BFF36F8FF9
:10386000BDE8F08108B52024EFF3118384F31288BA
:10387000BFF36F8FFDF7DCFBF6E790F90E308B425C
:1038800001D0FBF7B1BD0020704703460020C3E91B
:103890000200C3E9003370475AB18A4209D300F1EC
:1038A0001003C0E90212C0E90000C0E9043300209F
:1038B00070476FF015007047026801238B4022EAC1
:1038C0000303036022FA01F000F00100704720B109
:1038D00000221146883000F0EAB8704738B5044637
:1038E0000D461022002100F0A7FA656038BD13B51F
:1038F00001900846EFF31184202383F31288BFF36D
:103900006F8F01A9FBF75CFB84F31188BFF36F8F06
:1039100002B010BD10B5FFF7EAFF041E08DDEFF39B
:103920001180202383F31288BFF36F8FFBF7BCFD58
:10393000204610BDEFF30580003818BF0120704706
:103940006FF05700704700207047D0E900321360D5
:103950005A600023C0E90033704708B5FFF7F5FF50
:10396000437B23F0020343730023836008BD38B513
:1039700004460D46FBF79AFC637B43F00203637336
:10398000E5B1A5602B689D4209D16B68C4E900537D
:103990001C606C6012E06A689A42F6D01B68002BCB
:1039A000F3D094F90E2093F90E108A42F3D091428D
:1039B000F1DD5A68C4E9003214605C6038BD10B5AE
:1039C000EFF31184202383F31288BFF36F8FFBF78B
:1039D00025FC84F31188BFF36F8F10BD08B5EFF39A
:1039E0001181202282F31288BFF36F8F83680BB19D
:1039F000FFF7B3FF81F31188BFF36F8F08BD10B5D8
:103A00000146EFF31184202383F31288BFF36F8FF5
:103A1000437B13F0280F0AD183680BB1FFF79DFF9A
:103A20004B7B23F004034B730846FBF7F7FB84F34F
:103A30001188BFF36F8F10BD01211838FFF7DFBF6A
:103A400008B50346EFF31181202282F31288BFF3F9
:103A50006F8F0068834207D008B1FFF77EFF81F3C4
:103A60001188BFF36F8F08BD0020F8E710B5FFF78E
:103A7000B5FFBDE81040183000F054B838B50C461A
:103A80000546FBF7B9FDB4F1FF3F08BFB5F1FF3FB5
:103A90001FBF47F6FF7300224FF47A71C0FB01325B
:103AA0001ABFD80B40EA42404FF0FF3038BD38B55E
:103AB000EFF31185202383F31288BFF36F8F04681F
:103AC000A04212D09CB1E16762612046FFF745FF3A
:103AD00004F1180000F026F82046FBF79FFB0120B8
:103AE00085F31188BFF36F8F38BD0020F8E72046BB
:103AF000F6E710B5FBF728FF0446FBF72DFF74B17E
:103B0000D4E904321B1A62EBE072B3F1004F72F198
:103B1000000104DA002AACBF1846002010BD6FF087
:103B20000040FBE738B50246EFF31185202383F30D
:103B30001288BFF36F8F036893B1FBF705FF04464C
:103B40001046FBF713FF844204D1FFF7D2FF002198
:103B5000F8F732FE002085F31188BFF36F8F38BD70
:103B60006FF01500F7E708B5FBF7F0FF08BDFBF7AE
:103B7000EDBF10B50446FFF7D5FFA8B9636A0BB1D6
:103B80002046984704F11800FFF75AFF60B1FFF78D
:103B900016FFEFF31180202383F31288BFF36F8F9A
:103BA000BDE81040FBF780BC10BD1423F0B503FB4B
:103BB000010000244FF48B76202701B9F0BD10F8E6
:103BC000073C40F80C4C03F03F03082BA0F1140C09
:103BD0000CD826FA03F3DB0708D550F8143C2BB1B8
:103BE00050F8105C2B605D6040E9054482F3118859
:103BF000BFF36F8FEFF3118287F31288BFF36F8FDC
:103C000001396046D9E770B5D0E90034984209D04F
:103C100044B1A568EDB115F9526C12F9525CB54288
:103C200008D007DDC1E900042160416010E0A34233
:103C3000F8D01B68002BF5D09A6862B112F9522CAB
:103C4000AA42F4D0F3DD5A68C1E90032116059602C
:103C500070BDAB7BFFDE937BFCE72DE9F84F0025C1
:103C60008B4614469A4601462E464FF020082F46B2
:103C70005D4502DB3046BDE8F88FEFF3118988F32C
:103C80001288BFF36F8F4B7B03F03F03013B072B81
:103C90000DD8DFE803F01D040C090C0C0C230B6994
:103CA0009B6823B102231EE00B691B685BBBBAF162
:103CB000000F21D12378FBB14B7B03F03F03013B85
:103CC000072B27D8DFE803F0292126212626262CDA
:103CD0000B699B68002BEAD0012304E00B691B6A87
:103CE000002BE4D01023CA688F60C2F386300343F0
:103CF00063F39432CA60277089F31188BFF36F8F22
:103D000001351431B4E70423EDE708692246103089
:103D1000FFF779FF8C600136EEE708692246F7E786
:103D2000086922462430F3E72DE9F041846805460E
:103D30000E46ECB16378012B25D114F8533C9A0759
:103D400014D5A4F160073846FFF790FE082E0CBF8B
:103D50006FF003030023E36114F8533CDB0605D145
:103D600054F8483C13B93846FFF729FE0023237066
:103D7000EB68C3F386321643002066F39433A860E1
:103D8000EB60BDE8F081022BF0D12378002BEDD061
:103D900054F8048CB8F1000FE8D004F11400FFF7D8
:103DA000C1FEA4F114070023E36239464046FFF741
:103DB0009EFDDBE710B50346EFF31184202282F36A
:103DC0001288BFF36F8F0068834208D0D0E90032B9
:103DD00013605A600023C0E90033FFF7A5FF84F3A6
:103DE0001188BFF36F8F10BD0A44914200F1FF3379
:103DF00000D1704710B511F8014B03F8014F914203
:103E0000F9D110BD884210B501EB020402D98442F9
:103E1000234607D8431EA14208D011F8012B03F80E
:103E2000012FF8E7024401468A4200D110BD13F881
:103E3000014D02F8014DF7E702440346934200D1D9
:103E4000704703F8011BF9E710B5013902449042AD
:103E500001D1002005E0037811F8014FA34201D001
:103E6000181B10BD0130F2E710B5024601448A422A
:103E7000134603D01C780132002CF8D1181A10BD5B
:103E8000F0B5C3F137070446FFB203F01F03104635
:103E9000082BE6B233D0102B3ED06508A40844EAC4
:103EA000817445EAC1752D194FEA910242EB510226
:103EB000290941EA02716D1842EB1212290A41EAFE
:103EC00002616D1842EB1222290C41EA02416D1881
:103ED00042EB1242AD1842F10002EC0844EA42748F
:103EE000D10804EB8402A6EB4205EDB2092D0CD9F2
:103EF0000134A5F10A0541F10001EDB212E0E40838
:103F000044EA417406F00705C908303554EA010255
:103F100000F8015BBCD1F0BD240944EA017406F04D
:103F20000F050909092D84BFED19EDB2EDE7000079
:103F300001480068704700007410002000C5FE7F33
:103F400001000000C13200000000000099A2000042
:103F5000E43F0100133701000000000045EB0000C2
:103F60000000000039B000000C40010039B0000032
:103F7000F83F01000F34010000000000F5B400001C
:103F80002040010009A500000000000055C6000007
:103F900000000000ED0D0100000000004D330000A6
:103FA000000000009D3200000000000013340100FA
:103FB00000000000D1FD00000000000089A6000004
:103FC000344001001DB600005C400100FDAC000063
:103FD0004840010025BD0000704001005D40000028
:103FE00084400100B85E0100E04701007C4201000E
:103FF00076070020C82100202B61010074480100D1
:10400000484201007C0700203C2200203961010069
:104010008C480100484201007E0700204822002011
:104020006E610100A4480100B04201008007002039
:104030005422002097600100004801003042010036
:10404000780700203C050020076101000000000007
:10405000184201007A0700200000000048630100B8
:10406000E84801006C42010082070020740500202E
:10407000626301004049010074420100840700208E
:10408000E40500208B5A010014460100984201000B
:10409000740700202C1100208DCC00002534010075
:1040A000000000001B1001002040010057310100FA
:1040B000000000001B100100ADDF000025340100EE
:1040C000000000001B1001002DD30000253401006A
:1040D000000000001B100100000000001B10010088
:1040E000000000001B100100000000001B10010078
:1040F000000000001B100100000000001B10010068
:10410000000000001B100100000000001B10010057
:10411000000000001B100100000000001B10010047
:1041200000000000E5C60000000000001B100100B8
:10413000000000001B100100000000001B10010027
:10414000000000001B100100000000001B10010017
:10415000000000001B100100000000001B10010007
:10416000000000001B100100000000001B100100F7
:10417000000000001B100100000000001B100100E7
:10418000000000001B100100000000001B100100D7
:10419000000000001B100100000000001B100100C7
:1041A000000000001B100100000000001B100100B7
:1041B000000000001B100100000000001B100100A7
:1041C000000000001B100100000000001B10010097
:1041D000000000001B100100000000001B10010087
:1041E000ADDB000025340100000000001B100100C1
:1041F000000000001B100100000000001B10010067
:10420000000000001B100100000000001B10010056
:1042100069E6000025340100B1AC000071AE000079
:10422000A9AD0000A9AC0000DF2F010099AC00008F
:10423000D9A90000ADA8000025AB000085A50000AD
:10424000E92E010075A50000CDB00000333001005B
:10425000413001005930010065300100713001002A
:1042600039AF00008B3001000000000079B8000079
:104270003F320100EDBF0000A9330100F1A20000B0
:10428000ED2D01004D2E0100000000008B2D0100DE
:104290000000000000000000B13E00009D3C000056
:1042A000513C0000753D00005D3E00006D3F000088
:1042B0001131010041B4000003310100644D0100DF
:1042C00003000000D35E010003000000585001000D
:1042D000030000002161010003000000784F01008D
:1042E000040000007F4F010003000000834F010025
:1042F000030000004F50010003000000CA560100F7
:1043000003000000014C0100030000000055010003
:10431000030000007B4F01000300000075640100F2
:1043200003000000A46001000300000062550100CA
:104330000300000055630100030000006F630100EB
:1043400003000000925A010003000000DD59010043
:10435000030000007C610100030000002044010014
:10436000140B00202E5001000100000064440100E5
:0C437000F00400203E500100010000009D
:10438000FF000000FF000000FF000000FF00000031
:10439000FF000000FF000000FF000000FF00000021
:1043A000FF000000FF000000FF000000FF00000011
:1043B000786401000001000000000000000000001F
:1043C000000000000000000000C194C100000000D7
:1043D00000000000000000000000000000000000DD
:1043E0000338FDD870470000C30E01000000000034
:1043F0000000000000000000000000000E5001005E
:104400001650010000000000000000000000000045
:104410001E50010022500100265001002A500100C8
:10442000FD2100000000000021220000E521000025
:1044300000000000F12100000000000055220000F3
:104440001C0B002015250020010000005444010031
:104450002C0B0020C52200004C0B0020162500204C
:1044600001000000770F010000000000450F01006F
:10447000390F0100000000002D0F010000000000B6
:1044800000000000BD0F01001005002008050020FD
:104490000005002000000000F8040020292400008E
:1044A0001D23000071230000D1230000C004002060
:1044B0000000000000000B0602000000C0440100E4
:1044C000000000004D5501002600020200000020FF
:1044D0005555010022000B1100000000EAFFFFFF0C
:1044E0008CFFFFFF8CFFFFFF8CFFFFFFEAFFFFFF4A
:1044F000EAFFFFFFEAFFFFFF98FFFFFF86FFFFFFD6
:10450000F3FFFFFFF3FFFFFFEAFFFFFFEAFFFFFFFD
:10451000EAFFFFFFEAFFFFFF00000000F0FFFFFFE0
:1045200093FFFFFFEAFFFFFFEAFFFFFFEAFFFFFF46
:10453000EAFFFFFF80FFFFFF86FFFFFFA0FFFFFFF7
:1045400086FFFFFF91FFFFFF80FFFFFF80FFFFFF60
:10455000F0FFFFFFF0FFFFFFF0FFFFFFEAFFFFFFAD
:10456000EAFFFFFFEAFFFFFFEAFFFFFFEAFFFFFFAF
:10457000EAFFFFFFF1560100F4560100FA56010070
:1045800005570100125701001F570100295701006C
:10459000335701003F570100515701006A5701008E
:1045A00077570100805701008F5701009D57010088
:1045B000A9570100F1560100BA570100BF57010089
:1045C000CF570100E1570100F357010004580100E3
:1045D000225801003458010041580100565801008A
:1045E000675801007D5801008E580100A458010051
:1045F000BE580100D9580100EF580100FC580100D5
:104600000F590100215901002E59010042590100A2
:104610005C5901007040010000093D0000010000EC
:10462000F83F01000800010000000000F83F010011
:104630000A000000F83F010006000000F83F0100FA
:10464000040000000C40010003000100841E000073
:10465000093D0000127A000024F4000048E801003F
:1046600090D0030020A1070000000000B128000046
:1046700061510000C3A20000C01200001F00000032
:10468000A816000017000000841C00000F000000A6
:10469000E42500001E000000B42D000016000000FC
:1046A000083900000E0000002C4C00001D00000026
:1046B000685B000015000000747200000D0000002F
:1046C000589800001C00000034B7000014000000DF
:1046D000E8E400000C000000783101001B0000003D
:1046E000686E01001300000034CA01000B000000D6
:1046F000286202001A00000040DB020012000000E5
:104700003C9303000A000000C0C20400190000002E
:1047100060B3050011000000382007000900000008
:1047200020A107000000000099510000A9490000E5
:10473000054E000097190100F51901006F1A0100DC
:10474000254E0000055000008D190100C14C0000ED
:10475000C5490000A719010091190100314C000062
:10476000CB190100214A0000E3190100A119010041
:104770009B190100C5190100BF190100014C00007F
:10478000A54D0000EB190100514A0000794C0000D2
:10479000BB19010048E8010048E8010048E80100B1
:1047A00048E8010020A10700000000000000000010
:1047B0000000000020A1070020A1070020A10700A1
:1047C00020A1070020A1070020A107000000000091
:1047D0000000000021A20000F1A100000000000084
:1047E00079A3000065A20000C75E01006D2E0100E4
:1047F000732E0100CD5E01000400000000FF0000E8
:1048000000000000000000000000000000000000A8
:104810000000000000000000000000000403000091
:1048200000000003F401000000010100000080000E
:10483000C228170038480100009002404448010097
:10484000010000004C480100060000001318001D84
:104850001418001F15180020161800211718002220
:104860001118001E000800000010000004000000E5
:1048700000FF0000FFFF00000003005000000000E8
:10488000010000000060004000000000BCF801FFD3
:104890000000005000000000000000000060004028
:1048A00000000000002000400100000000000000A7
:1048B000C44801000000D6010000000025260020A9
:1048C0002426002000200040D04801000100000004
:1048D000D8480100040000000600000005000002A6
:1048E0000806000107060003004000400000000029
:1048F000000000FF00FF00000000000000000001B9
:10490000010000009931010018490100FFFFFFFF7D
:1049100000000000000000000040004024490100A9
:10492000010000002C490100030000001F000004EA
:104930001E00000528000006000000000000000026
:1049400000F00240000000000048E8010000000004
:104950000000000000000000FFFFFFFF0000FF005C
:104960000000000000000000FFFFFFFF0200000148
:1049700001000000B3320100FFFF00008C4901007C
:10498000FFFFFFFF000000000000000000F00240F9
:104990009849010001000000A04901000300000047
:1049A0002F0000042E0000062D000005F83F010036
:1049B000080001002B640100396401004D6401000E
:1049C0005C64010068640100443F0100443F010051
:1049D0008C3F0100943F0100E43F0100E43F0100EF
:1049E000FF8FFFFFFF8FFFFFFE8FFFFFFE8FFFFF99
:1049F000FD8FFFFFFC8FFFFFFC8FFFFF6D75746560
:104A0000785F667265652063616C6C6564207769A8
:104A10007468204E554C4C20706172616D657465F0
:104A20007200000043616E277420696E69746961C9
:104A30006C697A65206D757465782C2077617320B8
:104A40004E554C4C0D0A0000436F756C64206E6F20
:104A500074206C6F636B20706F7765722073617662
:104A600065206D75746578000000F0FFF0FFF0FFC1
:104A7000EAFF74FFF0FFF0FFF0FFF0FFEAFF506F76
:104A800072742025642C2050656E64696E67202541
:104A9000642C205253534920256464422C20534EE9
:104AA0005220256464426D2C2054696D6520256474
:104AB000005061796C6F61643A20004E6577204444
:104AC000617461726174653A2044525F25642C20E0
:104AD0004D6178205061796C6F61642025640025F8
:104AE000733A20646576696365206E6F7420726521
:104AF0006164792E0025733A2064657669636520C8
:104B000072656164792E006C6F726177616E5F739C
:104B100074617274206661696C65643A2025640072
:104B20004A6F696E696E67206E6574776F726B206D
:104B30007573696E67204F5441412C206465764E31
:104B40006F6E63653A2025643B20617474656D70F7
:104B5000743A2025640054696D65642D6F75742066
:104B600077616974696E6720666F72207265737011
:104B70006F6E73652E004A6F696E2073756363658F
:104B8000737366756C2E004E56533A204661696CFD
:104B9000656420746F2077726974652069642025CC
:104BA0006420282564290053656E64696E6720645B
:104BB0006174612E2E2E006C6F726177616E5F736F
:104BC000656E64206661696C65643A2025642E20F8
:104BD000436F6E74696E75696E672E2E2E006C6F52
:104BE000726177616E5F73656E64206661696C6582
:104BF000643A20256400446174612073656E7421F9
:104C0000006D61696E00466C617368206465766949
:104C10006365202573206973206E6F74207265614F
:104C200064790A00556E61626C6520746F20676557
:104C300074207061676520696E666F2C2072633D19
:104C400025640A00466C61736820496E69742066A9
:104C500061696C65642C2072633D25640A000A4E0C
:104C600056532049443A20256420282573290025DD
:104C700064200A0020253032582000206E6F7420F6
:104C8000466F756E64206F6E204E565300496E69F4
:104C90007469616C697A656420746F2025752E00D3
:104CA0004661696C656420746F2067656E6572612A
:104CB00074652072616E646F6D206B6579206F661C
:104CC0002073697A652025640A004661696C656411
:104CD00020746F2067656E65726174652072616E05
:104CE000646F6D206B657920666F722049442025C2
:104CF00064004661696C656420746F207772697422
:104D000065206B657920746F204E565320666F7254
:104D10002049442025643A2025640047656E657269
:104D20006174656420616E642073746F72656420C1
:104D300025733A20004465764E6F6E6365004465C6
:104D400076455549004A6F696E4555490041707076
:104D50004B65790000070E091C1B1215383F3631D0
:104D600024232A2D63627072696E74665F706163BA
:104D70006B616765004661696C656420746F2072C1
:104D800065626F6F743A207370696E6E696E67202A
:104D9000656E646C6573736C792E2E2E0A00257314
:104DA0003A2045726173696E6720666C6173682092
:104DB000617420256C782C206C656E20256400259C
:104DC000733A205265636F766572696E67206C6115
:104DD0007374206174652066726F6D2073656374EF
:104DE0006F722025640025733A20416464696E6700
:104DF00020676320646F6E65206174652061742094
:104E000025780025733A204D6F76696E67202564FA
:104E10002C206C656E202564004E5653206E6F74F6
:104E200020696E697469616C697A656400436F75A5
:104E30006C64206E6F74206F627461696E20666CA2
:104E400061736820706172616D657465727300557D
:104E50006E737570706F72746564207772697465B3
:104E600020626C6F636B2073697A6500556E6162B6
:104E70006C6520746F2067657420706167652069B8
:104E80006E666F00496E76616C6964207365637449
:104E90006F722073697A6500436F6E666967757219
:104EA0006174696F6E206572726F72202D20736558
:104EB00063746F7220636F756E7400256420536590
:104EC00063746F7273206F66202564206279746545
:104ED0007300616C6C6F63207772613A2025642CDB
:104EE0002025780064617461207772613A2025641E
:104EF0002C202578004E6F20474320446F6E65209C
:104F00006D61726B657220666F756E643A207265B2
:104F10007374617274696E6720676300474320444D
:104F20006F6E65206D61726B657220666F756E6461
:104F3000006E76735F6164645F67635F646F6E6564
:104F40005F617465006E76735F6763006E76735F92
:104F50007265636F7665725F6C6173745F617465AF
:104F6000006E76735F666C6173685F65726173650E
:104F70005F736563746F720066735F6E7673006C47
:104F80006F67006C6F675F6D676D74004D6573735D
:104F90006167652064726F7070656420626563612B
:104FA0007573652069742065786365656473207323
:104FB000697A65206C696D69746174696F6E202807
:104FC000257529000D0A001B5B306D00257320003C
:104FD0005B2530386C755D20005B253032753A25D5
:104FE0003032753A253032752E253033752C253008
:104FF00033755D200025732F003C25733E2000256E
:105000003032782000202020007C002563001B5BCC
:10501000313B33316D001B5B313B33336D006572C7
:10502000720077726E00696E6600646267006C6F72
:10503000675F6261636B656E645F727474006C6F4E
:10504000675F6261636B656E645F75617274006C4B
:105050006F675F7561727400666C617368002A2AFD
:105060002A20426F6F74696E67206E524620436F2C
:105070006E6E6563742053444B2076332E302E328F
:105080002D383962613132393461633962202A2A1C
:105090002A0A002A2A2A205573696E67205A6570E9
:1050A000687972204F532076342E302E39392D6690
:1050B0003739316334396634393263202A2A2A0A6F
:1050C000006D757465785F696E69742063616C6CDE
:1050D00065642077697468204E554C4C207061726D
:1050E000616D6574657200436F756C64206E6F74DA
:1050F00020616C6C6F63617465206D7574657820D8
:105100006265666F726520696E697469616C697A3F
:10511000696E670072302F61313A20203078253077
:105120003878202072312F61323A202030782530B3
:105130003878202072322F61333A202030782530A1
:1051400038780072332F61343A2020307825303897
:1051500078207231322F69703A202030782530382B
:1051600078207231342F6C723A2020307825303814
:10517000780020787073723A2020307825303878A3
:10518000004661756C74696E6720696E7374727520
:105190006374696F6E206164647265737320287232
:1051A00031352F7063293A20307825303878005512
:1051B0006E68616E646C6564204952516E3A2025B8
:1051C00064002A2A2A2A2A20425553204641554C57
:1051D00054202A2A2A2A2A002020537461636B69EA
:1051E0006E67206572726F72002020556E73746155
:1051F000636B696E67206572726F72002020507257
:1052000065636973652064617461206275732065EC
:1052100072726F72002020424641522041646472D3
:105220006573733A2030782578002020496D7072BC
:1052300065636973652064617461206275732065BC
:1052400072726F72002020496E7374727563746994
:105250006F6E20627573206572726F720020204637
:105260006C6F6174696E672D706F696E74206C610C
:105270007A792073746174652070726573657276D3
:105280006174696F6E206572726F72002A2A2A2A11
:105290002A205553414745204641554C54202A2A3F
:1052A0002A2A2A0020204469766973696F6E206279
:1052B00079207A65726F002020556E616C69676E87
:1052C0006564206D656D6F727920616363657373CA
:1052D0000020204E6F20636F70726F636573736F71
:1052E0007220696E737472756374696F6E730020D7
:1052F00020496C6C6567616C206C6F6164206F661F
:10530000204558435F52455455524E20696E746F84
:10531000205043002020496C6C6567616C207573D8
:1053200065206F6620746865204550535200202028
:10533000417474656D707420746F20657865637551
:10534000746520756E646566696E656420696E7348
:105350007472756374696F6E002A2A2A2A2A204D96
:105360005055204641554C54202A2A2A2A2A0020EA
:1053700020537461636B696E67206572726F72206F
:1053800028636F6E746578742061726561206D6941
:10539000676874206265206E6F742076616C696442
:1053A0002900202044617461204163636573732088
:1053B00056696F6C6174696F6E0020204D4D4641D7
:1053C0005220416464726573733A20307825780006
:1053D0002020496E737472756374696F6E20416327
:1053E000636573732056696F6C6174696F6E0052E8
:1053F0006573657276656420457863657074696F5E
:105400006E20280053707572696F757320696E7411
:1054100065727275707420284952512000535053A0
:10542000454C20696E20746872656164206D6F64FC
:105430006520646F6573206E6F7420696E646963A4
:1054400061746520505350002A2A2A2A2A20484194
:105450005244204641554C54202A2A2A2A2A002008
:1054600020427573206661756C74206F6E207665BE
:1054700063746F72207461626C6520726561640090
:1054800020204465627567206576656E7400202073
:105490004661756C7420657363616C6174696F6ECD
:1054A00020287365652062656C6F7729004152433F
:1054B000485F4558434550542077697468207265A9
:1054C00061736F6E2025780A002A2A2A2A2A20442E
:1054D00065627567206D6F6E69746F7220657863A1
:1054E000657074696F6E202A2A2A2A2A002A2A2ABD
:1054F0002A2A20257320256429202A2A2A2A2A00DC
:105500006D7075004661696C656420746F20616C14
:105510006C6F63617465206E6577204D5055207205
:105520006567696F6E2025750A0050617274697431
:10553000696F6E2025753A2073616E6974792063F6
:105540006865636B206661696C65642E00464C413A
:1055500053485F30005352414D5F3000000001005E
:105560000000736F63004D6C6D65436F6E6669720A
:105570006D206661696C6564203A202573004A6F6E
:10558000696E6564206E6574776F726B2120446567
:1055900076416464723A2025303878004C696E6B2D
:1055A00020636865636B206E6F7420696D706C6535
:1055B0006D656E7465642079657421004465765468
:1055C000696D6552657120646F6E65004461746138
:1055D00072617465206368616E6765643A20445245
:1055E0005F2564004D637073496E6469636174691B
:1055F0006F6E206661696C6564203A202573004DEA
:1056000063707352657175657374206661696C654A
:1056100064203A20257300436F756C64206E6F74AC
:1056200020676574204E564D20636F6E74657874E4
:10563000004F544141206A6F696E206661696C6554
:10564000643A202573004C6F526157414E205175CA
:1056500065727920547820506F737369626C65208D
:105660004661696C65643A202573004C6F5261573E
:10567000414E2053656E64206661696C65643A2012
:105680002573004C6F52614D6163496E69746961A5
:105690006C697A6174696F6E206661696C65643AE1
:1056A000202573004661696C656420746F207374F3
:1056B00061727420746865204C6F52614D414320C3
:1056C000737461636B3A202573006C6F726177614C
:1056D0006E00556E6B6E6F776E20737461747573A8
:1056E0002100556E6B6E6F776E206576656E742146
:1056F000004F4B004572726F720054782074696DD0
:10570000656F757400527820312074696D656F750E
:105710007400527820322074696D656F7574005280
:105720007831206572726F72005278322065727221
:105730006F72004A6F696E206661696C656400442F
:105740006F776E6C696E6B207265706561746564ED
:10575000005478204452207061796C6F616420732A
:10576000697A65206572726F720041646472657354
:1057700073206661696C004D4943206661696C0065
:105780004D756C746963617374206661696C004265
:105790006561636F6E206C6F636B65640042656169
:1057A000636F6E206C6F737400426561636F6E206F
:1057B0006E6F7420666F756E640042757379005366
:1057C00065727669636520756E6B6E6F776E0050DB
:1057D0006172616D6574657220696E76616C696471
:1057E000004672657175656E637920696E76616CCD
:1057F000696400446174617261746520696E7661E8
:105800006C6964004672657175656E6379206F72AC
:1058100020646174617261746520696E76616C697F
:1058200064004E6F206E6574776F726B206A6F69CB
:105830006E6564004C656E677468206572726F7285
:1058400000526567696F6E206E6F7420737570709B
:105850006F7274656400536B6970706564204150A9
:1058600050206461746100447574792D6379636CB0
:10587000652072657374726963746564004E6F208D
:105880006368616E6E656C20666F756E64004E6F46
:105890002066726565206368616E6E656C20666F58
:1058A000756E64004275737920626561636F6E2066
:1058B00072657365727665642074696D6500427502
:1058C00073792070696E672D736C6F742077696EC1
:1058D000646F772074696D65004275737920757007
:1058E0006C696E6B20636F6C6C6973696F6E0043DB
:1058F000727970746F206572726F720046436E74B5
:105900002068616E646C6572206572726F72004D02
:10591000414320636F6D6D616E64206572726F72BA
:1059200000436C61737342206572726F7200436F43
:105930006E6669726D207175657565206572726F2E
:1059400072004D756C7469636173742067726F7552
:105950007020756E646566696E656400556E6B6E69
:105960006F776E206572726F72004750494F2064E6
:105970006576696365206E6F742072656164792055
:1059800025730043616E6E6F7420636F6E66696786
:10599000757265206770696F2025732025643A2031
:1059A0002564005061636B6574207472616E736D61
:1059B000697373696F6E206661696C65642100525A
:1059C0006563656976652074696D656F75740052ED
:1059D000656365697665206572726F7200737831F0
:1059E0003278785F636F6D6D6F6E0044494F312080
:1059F000696E7465727275707420776974686F75FA
:105A0000742076616C69642048414C2049525120D1
:105A100063616C6C6261636B2E0056617269616ECA
:105A20007420696E697469616C697A6174696F6EFA
:105A3000206661696C65640053504920646576692D
:105A40006365206E6F7420726561647900466169D8
:105A50006C656420746F20696E697469616C697A21
:105A6000652053583132787820636F6D6D6F6E000A
:105A7000535049207472616E73616374696F6E2054
:105A80006661696C65643A20256900535831323685
:105A90003200737831323678004750494F20636FB7
:105AA0006E66696775726174696F6E206661696C94
:105AB00065642E00436F756C64206E6F742073658F
:105AC00074204750494F2063616C6C6261636B20A6
:105AD000666F722044494F3120696E746572727529
:105AE00070742E0002010003040506A584998D0D33
:105AF000BDB1545003A97D1962E69A459D408715B2
:105B0000EBC90BEC67FDEABFF7965BC21CAE6A5AA5
:105B100041024F5CF434089373533F0C52655E2886
:105B2000A10FB509369B3D2669CD9F1B9E742E2D76
:105B3000B2EEFBF64D61CE7B3E7197F568002C60AE
:105B40001FC8EDBE46D94BDED4E84A6B2AE516C520
:105B5000D75594CF100681F044BAE3F3FEC08AAD66
:105B6000BC4804DFC17563301A0E6D4C14352FE14B
:105B7000A2CC3957F28247ACE72B95A098D17F662B
:105B80007EAB83CA29D33C79E21D763B564E1EDBA1
:105B90000A6CE45D6EEFA6A8A4378B324359B78C2C
:105BA00064D2E0B4FA0725AF8EE918D5886F722465
:105BB000F1C751237C9C21DDDC86859042C4AAD8A4
:105BC000050112A35FF9D0915827B93813B333BB3D
:105BD0007089A7B622922049FF787A8FF88017DA69
:105BE00031C6B8C3B07711CBFCD63AC6F8EEF6FF93
:105BF000D6DE916002CE56E7B54DEC8F1F89FAEFE5
:105C0000B28EFB41B35F452353E49B75E13D4C6C81
:105C10007EF5836851D1F9E2AB622A0895469D3042
:105C2000370A2F0E241BDFCD4E7FEA121D58343663
:105C3000DCB45BA476B77D52DD5E13A6B900C1402B
:105C4000E379B6D48D67729498B085BBC54FED8665
:105C50009A66118AE904FEA078254BA25D80053F73
:105C60002170F16377AF4220E5FDBF811826C3BEE6
:105C700035882E9355FC7AC8BA32E6C0199EA344E3
:105C8000543B0B8CC76B28A7BC16ADDB6474149215
:105C90000C48B89FBD43C43931D3F2D58B6EDA01BD
:105CA000B19C49D8ACF3CFCAF447106FF04A5C38C6
:105CB000577397CBA1E83E96610D0FE07C71CC90B5
:105CC00006F71CC26AAE6917993A27D9EB2B22D284
:105CD000A907332D3C15C987AA50A50359091A6590
:105CE000D784D082295A1E7BA86D2C637C777BF2E7
:105CF0006B6FC53001672BFED7AB76CA82C97DFAC0
:105D00005947F0ADD4A2AF9CA472C0B7FD9326361C
:105D10003FF7CC34A5E5F171D8311504C723C3187A
:105D200096059A071280E2EB27B27509832C1A1B9D
:105D30006E5AA0523BD6B329E32F8453D100ED20F5
:105D4000FCB15B6ACBBE394A4C58CFD0EFAAFB43BB
:105D50004D338545F9027F503C9FA851A3408F9257
:105D60009D38F5BCB6DA2110FFF3D2CD0C13EC5FF1
:105D7000974417C4A77E3D645D197360814FDC2290
:105D80002A908846EEB814DE5E0BDBE0323A0A4910
:105D900006245CC2D3AC629195E479E7C8376D8D77
:105DA000D54EA96C56F4EA657AAE08BA78252E1C51
:105DB000A6B4C6E8DD741F4BBD8B8A703EB566483D
:105DC00003F60E613557B986C11D9EE1F898116939
:105DD000D98E949B1E87E9CE5528DF8CA1890DBFF3
:105DE000E6426841992D0FB054BB162B7E1516283C
:105DF000AED2A6ABF7158809CF4F3C012B7E151606
:105E000028AED2A6ABF7158809CF4F3C0200042B71
:105E10007E151628AED2A6ABF7158809CF4F3C05E4
:105E20002B7E151628AED2A6ABF7158809CF4F3CAE
:105E3000062B7E151628AED2A6ABF7158809CF4FD4
:105E40003C072B7E151628AED2A6ABF7158809CFD6
:105E50004F3C0800080A0C0D0E10121415181A1BDE
:105E60001D1E21240203050205010602020502028D
:105E70000603020105040400000000000000000009
:105E8000000000020B357DF2F20000003581F2F2D5
:105E9000F2F200000A0908080B0A09080C0B0A09AB
:105EA0000D0C0B0A0D0D0C0B0A0908070800000069
:105EB0000C0B0A0908070000636C6F636B403430F9
:105EC000303030303030006866636C6B006C666375
:105ED0006C6B00636C6F636B5F636F6E74726F6C7F
:105EE0000063696E73747220253032782074726199
:105EF0006E7366657220746F6F206C6F6E673A20E8
:105F0000257A750073657400636C656172004A459B
:105F1000444543206964205B2530327820253032A7
:105F20007820253032785D20657870656374205B59
:105F300025303278202530327820253032785D00C7
:105F400052445352206661696C65643A20256400AE
:105F50005145202573206661696C65643A2025648B
:105F6000007772697465206572726F723A2061649D
:105F70006472657373206F722073697A6520657827
:105F80006365656473206578706563746564207605
:105F9000616C7565732E416464723A203078256CAB
:105FA000782073697A6520257A75007265616420AE
:105FB0006572726F723A2061646472657373206FE8
:105FC000722073697A6520657863656564732065FE
:105FD000787065637465642076616C7565732E41B5
:105FE0006464723A203078256C782073697A652071
:105FF000257A75006572617365206572726F723AF9
:106000002061646472657373206F722073697A65AE
:106010002065786365656473206578706563746571
:10602000642076616C7565732E416464723A203029
:1060300078256C782073697A6520257A7500756EED
:10604000737570706F727465642061742030782588
:106050006C782073697A6520257A75007761697498
:10606000206572726F72206174203078256C782000
:1060700073697A6520257A7500657261736520659C
:1060800072726F72206174203078256C7820736989
:106090007A6520257A75006D78323572363433355D
:1060A00066403000717370695F6E6F7200696E7662
:1060B000616C696420616464726573733A2030783E
:1060C0002530386C783A257A7500756E616C696791
:1060D0006E656420616464726573733A203078255C
:1060E00030386C783A257A75006E6F7420776F724D
:1060F000642D616C69676E65643A203078253038AC
:106100006C783A257A7500666C6173682D636F6EE2
:1061100074726F6C6C657240343030316530303081
:1061200000666C6173685F6E7266006770696F40CD
:106130003530303030333030006770696F40353083
:1061400030303030303000000102030405060746CD
:1061500061696C656420746F20616C6C6F6361743D
:106160006520505049204368616E6E656C00756112
:1061700072744034303030323030300075617274B7
:106180005F6E7266785F7561727465004661696CF6
:10619000656420746F20616C6C6F63617465204767
:1061A00050494F5445206368616E6E656C20666F80
:1061B000722057414B45004661696C656420746FDD
:1061C00020636F6E6669677572652057414B452085
:1061D00070696E004353204750494F20706F7274AE
:1061E0002025732070696E202564206973206E6FEE
:1061F000742072656164790055706461746520650E
:106200007863656564732063757272656E7420626D
:1062100075666665720048616C662D6475706C65A4
:1062200078206E6F7420737570706F72746564007F
:10623000536C617665206D6F6465206973206E6FA5
:106240007420737570706F72746564206F6E202592
:1062500073004C6F6F706261636B206D6F646520BB
:106260006973206E6F7420737570706F72746564DB
:1062700000576F72642073697A6573206F74686564
:1062800072207468616E20382062697473206172B4
:1062900065206E6F7420737570706F727465640022
:1062A0004672657175656E63696573206C6F77659D
:1062B00072207468616E20313235206B487A20611B
:1062C0007265206E6F7420737570706F7274656480
:1062D000004661696C656420746F20696E69746939
:1062E000616C697A65206E72667820647269766581
:1062F000723A20253038780057616974696E6720DA
:10630000666F722057414B452061636B6E6F776CEF
:106310006564676D656E742074696D6564206F7562
:10632000740054696D656F75742077616974696E66
:106330006720666F72207472616E73666572206387
:106340006F6D706C65746500737069403430303007
:1063500034303030007370695F6E7266785F7370CE
:106360006900737069403430303266303030007309
:1063700070695F6E7266785F7370696D000000000F
:1063800000000101000000000000203030303030FB
:10639000303030303030303030000101000000004B
:1063A000005465726D696E616C00000000000000B1
:1063B000545452205245474745530048616C746914
:1063C0006E672073797374656D003E3E3E205A45BA
:1063D0005048595220464154414C204552524F5248
:1063E0002025643A202573206F6E204350552025C8
:1063F00064004661756C7420647572696E6720690B
:106400006E746572727570742068616E646C696E0A
:10641000670A0043757272656E74207468726561F4
:10642000643A2025702028257329004350552065A3
:106430007863657074696F6E00556E68616E646C28
:10644000656420696E74657272757074005374614E
:10645000636B206F766572666C6F77004B65726E4A
:10646000656C206F6F7073004B65726E656C207089
:10647000616E6963006F7300737973776F726B710C
:1064800000286E756C6C29002A666C6F61742A0096
:1064980015CD5B07000000000200000008000000A6
:1064A8000800000010000000354D01003E4D0100BD
:1064B800454D01004D4D01005D090100CB0D010066
:1064C8004C44010000000000040800203A000000CD
:1064D800180800203A000000C80700203A00000011
:1064E8002C0800203A00000000000000B510010050
:1064F800000000000000000000000000031101007F
:106508000000000000000000010000003C05002021
:106518003C05002001000000010000004C0500209F
:106528004C05002054050020540500200000000000
:106538000100000064050020640500200000000040
:1065480000000000000000000000000038490100C1
:1065580000000000840500208405002000000000E1
:106568000100000094050020940500209C050020EF
:106578009C0500200000000001000000AC05002080
:10658800AC05002000000000000000000000000032
:1065980000000000000000000000000000000000F3
:1065A80000000000000000005C4001000000000046
:1065B800000000000000000000000000AC490100DD
:1065C80001000000F4050020F40500200000000090
:1065D8000100000004060020040600200C0600202C
:1065E8000C06002000000000010000001C0600202E
:1065F8001C06002000000000000000000000000051
:106608000000000000000000000000000000000082
:1066180000000000000000007040010000000000C1
:10662800000000002E260020262600200000000082
:106638000000000000000000000000000000000052
:106648000000000000000000000000000000000042
:106658000000000000000000000000000000000032
:106668000000000000000000000000000000000022
:106678000000000000000000000000000000000012
:106688000000000000000000000000000000000002
:1066980000000000000000000000000008000000EA
:1066A800FF000000000000000300000000000000E0
:1066B800FFFF0F00E4060020E4060020EC0600209F
:1066C800EC060020000000003DFE00003807002016
:1066D80030070020280700200000000020070020C5
:1066E80059FF0000A5FE0000D9FE000021FF0000B0
:1066F8003C2300203A00003A402300203A00003AA8
:10670800442300203A00003A482300203A00003A87
:10671800480700200C07002004070020000700207D
:10672800FC06002068656C6C6F776F726C6408FFFC
:10673800008182800184858302878886038A8B8909
:106748000407058D000000000000000000000000A4
:066758000000000000003B
:046760000000000035
:1067680000000000000000007DFB000000000000A9
:106778000000000000000000A8070020A807002073
:10678800B539000000000000000000000000000013
:106798000000000000000000C8070020C807002013
:1067A80000000000000000000E000000DC070020D0
:1067B800DC07002000000000000000000E000000C0
:1067C800F0070020F0070020000000000000000093
:1067D8000E0000000408002004080020000000004B
:1067E800000000000E000000180800201808002013
:1067F80000000000000000000E0000002C0800202F
:106808002C08002000000000000000000E0000001E
:10681800400800204008002000000000010000009F
:106828005008002050080020580800205808002070
:10683800000000000100000068080020680800202F
:0468480015E015E062
:00000001FF
