:020000040000FA
:1000000000F401207947000045FE0100654700002B
:1000100065470000654700006547000000000000DC
:10002000000000000000000000000000F94800008F
:10003000654700000000000091480000654700008F
:10004000B14A0000B14A0000B14A0000B14A0000C4
:10005000B14A0000B14A0000B14A0000B14A0000B4
:10006000B14A0000B14A0000B14A0000B14A0000A4
:10007000B14A0000B14A0000B14A0000B14A000094
:10008000B14A0000B14A0000B14A0000B14A000084
:10009000B14A0000B14A0000B14A0000B14A000074
:1000A000B14A0000B14A0000B14A0000B14A000064
:1000B000B14A0000B14A0000B14A0000B14A000054
:1000C000B14A0000B14A0000B14A0000B14A000044
:1000D000B14A0000B14A0000B14A0000B14A000034
:1000E000B14A0000B14A0000B14A0000B14A000024
:1000F000B14A0000B14A0000B14A0000B14A000014
:100100007BB972B90029BEBF00204FF0004106E064
:1001100008BF00281CBF6FF000414FF0FF3000F017
:1001200057B8ADF1080C6DE904CE002909DB002BAE
:100130001ADB00F069F8DDF804E0DDE9022304B021
:100140007047404261EB4101002B1BDB00F05CF883
:10015000DDF804E0DDE9022304B0404261EB410137
:10016000524263EB43037047524263EB430300F098
:100170004BF8DDF804E0DDE9022304B0404261EB16
:1001800041017047524263EB430300F03DF8DDF854
:1001900004E0DDE9022304B0524263EB43037047FD
:1001A00053B94AB9002908BF00281CBF4FF0FF31DE
:1001B0004FF0FF3000F00CB8ADF1080C6DE904CE43
:1001C00000F022F8DDF804E0DDE9022304B0704716
:1001D000704700BF10F8012B11F8013B012A28BF1E
:1001E0009A42F7D0D01A7047034611F8012B03F852
:1001F000012B002AF9D17047034613F8012B002A7E
:10020000FBD1181A013870472DE9F04786468C4615
:100210000846089E154674461946002B40F0C280D9
:100220008542B2FA82F245D94AB1C2F1200300FAFE
:1002300002FC2EFA03F3954043EA0C0C94404FEA7B
:10024000154EA8B2BCFBFEF8230C0EFB18CC08FB25
:1002500000F943EA0C43994528D9EB1808F1FF3718
:1002600004D2994502D9A8F102072B44A3EB090354
:10027000A4B2B3FBFEFC0EFB1C330CFB00F044EA03
:100280000344A04214D92C190CF1FF3304D2A0422C
:1002900002D9ACF102032C44241A43EA07401EB1F0
:1002A000D440002334607360BDE8F0874746DDE743
:1002B0006346F1E792BB431B01214FEA154EAFB2F3
:1002C000B3FBFEFC200C0EFB1C330CFB07F840EAD2
:1002D0000343984562D9EB180CF1FF3004D29845DE
:1002E00002D9ACF102002B44A3EB0803A4B2B3FB88
:1002F000FEFC0EFB1C330CFB07F744EA0344A74249
:100300004ED92C190CF1FF3304D2A74202D9ACF11B
:1003100002032C44E41B43EA0040C0E7C2F120037F
:1003200020FA03F1954090402EFA03F303434FEA7D
:10033000154EAFB2B1FBFEFC0EFB1C10190C0CFBF2
:1003400007F841EA0041884504FA02F422D9691805
:100350000CF1FF3004D2884502D9ACF102002944E7
:10036000A1EB08019BB2B1FBFEFC0EFB1C110CFBC8
:1003700007F743EA01439F420ED9EB180CF1FF3116
:1003800004D29F4202D9ACF102012B44DB1B41EAAB
:10039000004192E76046E3E76146F7E76046A3E77E
:1003A0006346B7E7834206D916B9002108467BE7C2
:1003B000C6E900E0F9E7B3FA83F78FB9834201D3C6
:1003C000724508D8BEEB020460EB030301209C4693
:1003D0001EB9002168E73846FAE7C6E9004CF8E79D
:1003E000C7F1200CBB4022FA0CF41C432EFA0CF18E
:1003F00020FA0CF3B84001434FEA14490EFA07F50E
:10040000B3FBF9F81FFA84FE09FB18300B0C08FB4C
:100410000EFA43EA00439A4502FA07F240D9E3187C
:1004200008F1FF3004D29A4502D9A8F10200234412
:10043000A3EB0A0389B2B3FBF9F809FB183308FBF5
:100440000EFE41EA03418E452CD9611808F1FF33B5
:1004500004D28E4502D9A8F10203214443EA0040A8
:10046000A0FB0298A1EB0E014145CE46434602D3C4
:1004700006D14D4504D2B9EB020E68EB04030138F6
:10048000002EA6D0B5EB0E0261EB030101FA0CFCC5
:1004900022FA07F34CEA0303F940C6E9003198E772
:1004A0004046C5E74346D9E72DE9F047064688B000
:1004B0000F46904636F064FF4FF47A73A0FB034575
:1004C00003FB0155E40B012F44EA45444FEAD535BF
:1004D00007D1294922462B4630461EF06DFC0020EC
:1004E00012E0D8F8047025483946FFF773FE70B162
:1004F00023483946FFF76EFE48B1304621493A4657
:100500001EF076FC6FF0040008B0BDE8F0872046CE
:10051000294617A3D3E90023FFF7F2FD05460C4651
:1005200010461946184A0023FFF7EAFD80460F4699
:10053000104619464EF660220023FFF7E1FD824681
:100540008946104619464FF47A720023FFF7D8FD0A
:10055000CDE902A9CDE90623CDE90401CDE9008763
:100560000A492A46234630461EF026FCB7E700BF5C
:10057000005C260500000000E4AE0300F5AE0300B9
:10058000F8AE030001AF030080EE360019AF0300A0
:1005900070B58CB0264D284636F00CFD002840D0B2
:1005A00001A830F0D3F9234901A830F0A0FB2FF0C7
:1005B0004CFAC0F307238DF80000C0F307408DF814
:1005C00001308DF80200009901A830F082FB0AF09A
:1005D00097FD16F04FFB0022044601A923F013FCFF
:1005E0001549204633F065FE204622F033FBAB6808
:1005F0005B680BB128469847104E00252B463246C3
:10060000202104A810F08AFF04A9204633F051FEEF
:1006100010F078FC4FF40040002136F037FE013531
:10062000ECE707481DF0EAFC4FF0FF300CB070BD5E
:10063000B8790300387E0300769B0300809B03009B
:100640005C9B03002DE9F04F91B08407009302F00A
:1006500004030293C2F3C20303F10103DDF86880CF
:10066000039205460E46059340F0BA81041D30B151
:10067000072909D86FF01B0011B0BDE8F08F01F019
:1006800007063444C6F10806009B4FF00009591EC6
:100690004FF0040A4FF0FF330193CDF810904F460E
:1006A000CB4653460DB1009A22600598002800F30E
:1006B000E8809848009A824203D397488242C0F06B
:1006C000E080039AA4EB050E92074FEA9E0000F12A
:1006D00003810F2F00F2B180002D00F0058107F19A
:1006E00040020DEB020C019A0CF8200C0CF8102CB7
:1006F000049801300490E7E07A285DD84B280ED8A2
:10070000472859D829282DD8252852D054D8202810
:100710007AD02338D0F1000B4BEB000B74E04C384F
:100720002E2849D8DFE800F0704848484848484833
:10073000484848484B484848484848484859484B22
:100740004B595959704B6D487048184B184848829E
:100750007F4B48484B487F0000204FF0000B4FF084
:10076000040A38E02A38C0B2012202FA00F010EA86
:100770000E0F49D110F0625C2FD110EA020B43D06A
:100780006046013C5444B4FBFAF40AFB04F4002D27
:1007900061D0A3EB050CA444B4453FF66BAF002831
:1007A00068D1042B47D158F8043B23600434042358
:1007B0002AE0019A013A01924FF0000B24E011F86F
:1007C000010C6C2834D111F8023C00206C2B8346BC
:1007D000C5D14FF0080A5346D3E708F1070828F0BF
:1007E00007080734F8E802AB24F0070435B106988F
:1007F0002044B0423FF63EAFC4E900AB08344FF0AE
:10080000000B4FF0080A534611F8010F002878D06A
:10081000BBF1000F7FF470AF2528F5D1019B0133A8
:1008200001934FF0010B4FF0040AECE7584694E7B0
:1008300000208346A5E7082B02D06FF015001BE7C8
:1008400008F1070828F00708F8E80223C4E90023A4
:1008500008340823D8E768B9042B02D108F104084A
:10086000A4E7082BE9D108F1070828F0070808F1E8
:100870000808EDE7059A013A059258F8042B009212
:1008800010E7039A900720D5A4EB050E4FEA9E00CF
:100890004FF0010CBEF5007FCFD20F2FCDD8F5B1B0
:1008A00007F140020DEB020EC0B2019A0EF8200CC7
:1008B0000EF8102CBCF1000F3FF41AAF60F07F006F
:1008C0000EF8200C09F101090137C5F108020434C2
:1008D00006924FF6DA7E97E74FF0000CDAE7BCF1AC
:1008E000000F01D00136EFE7029802360028EBD165
:1008F0000098CDE90631FFF77FFCDDE906310644BB
:10090000E2E7631BB3F5806F97D23DB9A6F1080407
:10091000E018B1E688780300F0030400029A28602A
:100920009B082B709DF81030C2B1EB7085F80290D7
:10093000B9F1000F05D008A80022C5F1010C9742BB
:100940000ED1C5F101030DF120084FF0000A01930B
:100950000DF1300B574512D1601B8DE66B70E5E74A
:1009600010F8013B190608D50CEB040EB64503F050
:100970007F033FF67FAE04F8013B0132DFE7B9F1B8
:10098000000F03D098F90020002A17DB029BD3B197
:100990001AF80B2004F8012B0022019B18191044AF
:1009A000B0423FF667AE98F8000004F8010B0099DA
:1009B0000392204636F076FE039A14440AF1010AA7
:1009C00008F10108C6E798F8002055F82230009396
:1009D000029B45F822300098FFF70EFC421CDCE732
:1009E0006FF00D0048E600BF2DE9F04F97B000AF63
:1009F00090F802A0D7F880B03B62CBF3C003044666
:100A0000FA62BB61894641B9457800780AEB8000FB
:100A100020444D4517D8A0EB0409E378FB61BAF1F7
:100A2000000F02D01BF0010F16D1FB6953BBFB6A0C
:100A30001BB13A6A4946204698474D4628465C37DE
:100A4000BD46BDE8F08F461C3046FFF7D5FB0130B0
:100A5000304409F10109DCE7237862687A62FA6AB6
:100A60009900796104EB8301002A40F004814D462E
:100A70000E4601EB0A094FF000084E4550D101EB3C
:100A80000A0610E01BF0020FD1D023789A007A6199
:100A900062687A62FA6A04EB8301002A7BD14D46D0
:100AA00001EB0A0690461BF0050F0CBF0223012341
:100AB000FB62FB6906EB430A0BF00203BB6256457F
:100AC000BCD016F8021B16F8013C54F823909B4B3F
:100AD000994502D39A4B99453AD3BB69002B44D030
:100AE000786A1DF064FA00283FD09648036813F036
:100AF000060F13D0E9468AB06A46934B53617B6A6E
:100B0000C2E906314FF400731384904B42F8103F52
:100B100000234FF4125100F01DFECD46023DCEE7FA
:100B200016F8013BF96254F82300FFF765FBD7F88C
:100B30008430F96A01304BB1D7F8883098453EBF10
:100B4000D7F8843023F8180008F10108054494E729
:100B5000BB6923B1786A1DF02AFA0028C5D11BF0C1
:100B6000010F05D1FB6AED1AA9E7BB6A002BA6D0DD
:100B70004846FFF741FBD7F8843053B1D7F88830A7
:100B800098453FBFD7F88420431C22F8183008F15D
:100B90000108054493E7BAF1000F72D01BF0040678
:100BA00072D0D046002607F1480052463B61B96238
:100BB00036F078FDB96A3B6901EB0A02BA62FA695C
:100BC000F9695200FA60BA6A02EB41023A610BF02D
:100BD0000202BA603A69B96A8A4257D162787A6287
:100BE0001BF0020F32440CBF4FEA580100211BF0EA
:100BF000010FD2B240F09F801BF0040F14BF40469B
:100C00000020BB616270A070E1703A6A7969FB6A8A
:100C100020469847051EFFF611AFBB6923707B6A1B
:100C20006370FB69E37041463A6AFB6A84F802A08C
:100C300007F148009847B0F10008C0F2BB807B691B
:100C40003A6AA9EB0A01C91AFB68C91AD7E90A036B
:100C500098470028C0F2B080A84408EB00054FF088
:100C6000000B07F1380AB34572D300213A6AFB6AD8
:100C700008469847E2E656464FF0000807F138006C
:100C800093E75646D04697E7B04695E7BA6A12F81A
:100C9000021BBA6212F8015C284A54F825009042FF
:100CA00002D3274A90421ED3BA6932B1786A7B6078
:100CB0001DF07DF97B6800288CD1BA6802BB08F171
:100CC000280207F1300C08F10100944407F15802A2
:100CD00052FA80F008F102080CF8101C5FFA88F84C
:100CE00000F8105C76E7BA693AB1786A7B601DF06B
:100CF0005EF97B6800287FF46DAF1BF0010F09D00F
:100D000006F1280207F13000711C161806F8205C65
:100D1000CEB25FE71BF0040F3FF45CAF08F128028E
:100D200007F1300008F1010102EB000808F8105C3F
:100D30005FFA81F84EE7002063E700BF8878030080
:100D4000F00304002008002094AC0300040000011C
:100D50001BF80A3087F8373054F82390D7F88430DE
:100D60002BB3D7F888309B4521D2D7F8843033F89D
:100D70001B803A6AFB6A012107F137009847002877
:100D80001ADB0544B8F1000F06D14846FFF734FAE4
:100D900000F101081FFA88F83A6AFB6A41464846A2
:100DA0009847002808DB05440BF1010B5BE74FF087
:100DB0000008DEE7454641E605463FE6014B186080
:100DC000704700BFC004002080B505460E46174698
:100DD00098461BF083FB034636F04CFDDFF8189075
:100DE000044649F80030424630463946A84754F890
:100DF000090003F037FD00BF080000002DE9F047AF
:100E0000058B04462807904611D4022905F00705F2
:100E100040F0CC8020461DF05FFB78B10138218B7B
:100E2000042811D8DFE800F0C2106D859500012973
:100E30000CBF45F0100545F02005258388F3118887
:100E4000BFF36F8FBDE8F08701F0070AAA4500F0F5
:100E5000A5800027B9463E46A368002B00F0BC8061
:100E600041F00801218388F31188BFF36F8FA168D7
:100E7000002900F0BA800D68002900F0B680D1F892
:100E80000480334652462046C047002D76D02B685A
:100E900029461D46F0E701F007035A1F012A1BD817
:100EA000002221F00701062B276889B2C4E900223D
:100EB00009D13B4603E0628B013262831B68002B41
:100EC000F9D141F00201218320461DF005FB0028E5
:100ED0007AD041F0200176E0042B0AD121F00701FD
:100EE00089B2218320461DF0F7FA10B141F02001AC
:100EF0002183218B01F0070AAA454FD00027B9466C
:100F0000AAE7236921F0070141F00601062DD3F875
:100F1000009021832DD1B9F1000F3FD041F008019D
:100F2000218388F31188BFF36F8F3A492046C84761
:100F300029E021F00701236941F0040189B2042D61
:100F4000D3F804902183E6D000273E464FF0040AF0
:100F500082E721F00701236941F0050189B2052DDF
:100F6000D3F808902183D6D000273E464FF0050ADB
:100F700072E700273E464FF0060A6DE72B4687E7EB
:100F8000B9F1000FD1D1EFF31188202383F3128838
:100F9000BFF36F8F238B23F008032383258BEA068F
:100FA0002ED525F01003238305F007056669218BF4
:100FB000002EBFF670AF00232768C4E9003321F08C
:100FC000070141F001012183218B01F0070AAA45A5
:100FD0004FF000097FF440AF002F9CD041F0080192
:100FE000218388F31188BFF36F8F002FC8D03D682D
:100FF00039463346524620461DF09AFA2F46F4E70A
:10100000AB067FF51BAF25F02003238305F0070512
:1010100000E700BF5DE501002DE9F047DFF85880EB
:10102000044607464FF0010914B93846BDE8F08779
:1010300094FAA4F5B5FA85F509FA05F32E0108EB43
:1010400005156FEA030A24EA03042B7B002BEBD07F
:1010500058F806301B694BB9464404227368284689
:10106000196807EA0A0700F035FBDDE728469847CC
:101070000028D9D1F0E700BF647C030030B51049E7
:10108000104889B0002236F07DF90F4D0F4900223B
:101090000023CDE9062300240E23CDE90334CDE956
:1010A00001440B4B00944FF4407228461AF07CFF29
:1010B000084928461AF0AAFE204609B030BD00BFF4
:1010C000D9100000880D0020C8080020C05E012053
:1010D0001914000048AD030001481AF007BE00BF14
:1010E000AC0800202DE9F04780461F480F461DF050
:1010F00096FB0646002830D000252846BDE8F0873C
:10110000237B6BB12368DB680BB1204698472368CB
:101110001B69D3B9636804221968204600F0DAFA23
:10112000013610344C45EBD3B8F1000FE5D0002D5B
:10113000E2D02846FFF770FF0546002FF7D00021C8
:101140004FF4A47036F0A2F8F1E720469847002843
:10115000E0D00AFA06F31D43E2E7044CDFF81090F2
:1011600005464FF0010ADDE7A0940020647C0300EF
:10117000847C0300014B53F820007047A4810300D6
:1011800008B5034608462BB1044A136000F084FDFD
:10119000002008BD6FF01500FBE700BFC40400206D
:1011A00010B5044C237813B903481AF09FFD0123AE
:1011B000237010BD185E0120AC08002010B5044655
:1011C0000B481DF02CFB5CB1BFF35B8F094B53E860
:1011D000001F013943E80012002AF8D1BFF35B8FEA
:1011E000054836F0DBF80548BDE810401AF07EBD32
:1011F000989400209C940020880D0020AC080020CA
:101200000020064BBFF35B8F014653E8000F43E815
:101210000012002AF9D1BFF35B8F70479894002029
:1012200070B5FFF7EDFF084C084E0546B44200D3F9
:1012300070BD63685B792BB123685B6813B1294685
:10124000204698471034F1E7647C0300847C030057
:1012500010B5044C044920461CF0D7FF034B1C601A
:1012600010BD00BFDC070020908103009094002097
:10127000094A0A4808B500231370094A1360094A4D
:101280004FF400411360FFF77BFFFFF7E1FFBDE87C
:10129000084000F06FB900BF195E01201BE8010093
:1012A000989400209C9400200146002201480023CD
:1012B0001CF0CCBFDC07002001481DF065B800BF62
:1012C000DC070020024B014618681DF0B1B800BFD2
:1012D0009094002001481DF0E6B800BFDC07002014
:1012E0002DE9F041354B1878002864D0FFF7E4FF72
:1012F000044698B1BFF35B8F314B53E8001F0139AF
:1013000043E80012002AF8D1BFF35B8F2D4DDFF8C0
:10131000B88045452DD32046FFF7D4FF2B4B2C4CEE
:101320001B68002B19DD36F02BF84FF47A72A0FB06
:10133000020302FB0131C30BD4E9002043EA41431D
:101340009B1A4FEAD13140F2E93261EB000193423E
:1013500071F1000101D3FFF763FFD4E9003213F507
:101360007A7342F10002C4E90032BDE8F041FFF7B0
:10137000B1BF6B685B793BB121784B0706D52B6811
:1013800021461B68284698471035C2E72046268824
:10139000C1F3C20700F0BEFAC6F382160246002E61
:1013A000EDD00028EBDB01233946284600F0ACF9EC
:1013B000B042E9D3E3E7BDE8F08100BF185E012049
:1013C0009C940020647C0300847C0300989400209B
:1013D000800D002070B50D4D297861B90120FFF70F
:1013E00081FE0B4C0B4EB44206D3FFF779FF002869
:1013F000FBD101232B7070BD63685B791BB123683F
:1014000020469B6898471034EDE700BF195E012025
:10141000647C0300847C030000212DE9F04708462A
:10142000FFF760FE044658B340F267684FF00009CA
:1014300036F020FA1B4B1C4A1B58136033B11B4B70
:101440001B68092B02DD1A481AF050FC194FDFF80F
:1014500060A0002544B12046FFF7DEFD044618B920
:101460004FF0FF384FF0FF39FFF73AFF064628B933
:10147000B5B942464B4650461AF06CFC3546E9E792
:101480004FF0FF384FF0FF39D2E72B689B691BB153
:1014900000221146284698471035BD42F5D3E8E7AB
:1014A000054DFAE708000000949400209C94002069
:1014B000AC080020847C0300647C030013B518484A
:1014C0001DF0ADF9174B1B7873B1EFF31184202396
:1014D00083F31288BFF36F8FFFF702FF84F3118845
:1014E000BFF36F8F02B010BD0F4B1B68002BF9D0FC
:1014F00050B900220023CDE900230C484FF40042EC
:1015000000231BF0FDFAEDE70928EBD1074835F081
:1015100045FF074802B0BDE810401AF0E7BB00BF26
:101520009C940020195E012094940020880D0020D6
:10153000AC08002010B5064B1B68044698472146AE
:10154000A06004481CF001FFBDE81040FFF7B6BFE3
:10155000C4040020DC070020044A054B9B1AB1EBB1
:10156000D30F34BF52F8310000207047EC7B0300EA
:10157000647C03000B480C4B30B51B1A0B4CDB088A
:1015800000210430994200D130BD10F83120256887
:1015900002F0070225F007052A4344F8042B013125
:1015A000F0E700BFEC7B0300647C03002008002010
:1015B000F8B50B4F0B4DED1B0646ED080024AC4271
:1015C00003D14FF0FF342046F8BD57F8340020B166
:1015D0003146FEF7FFFD0028F5D00134EFE700BFEC
:1015E000EC7B0300647C030000282DE9F04788466B
:1015F00015461F461DDADFF89890264E4FF0000A78
:10160000A6EB090636095446B24509F1100902D184
:101610002046BDE8F08759F80C0C3B4600792A4675
:101620004146FFF7E1FF844238BF04460AF1010A50
:10163000EAE7194B194AD21AB5EBD20F26D203EBBF
:10164000C5031C79BC4228BF3C46154EC0B200EB16
:10165000400056F825300722824023EA020304F0B6
:101660000702824013430021032223FA02F000F014
:101670000700814202F1030238BF01461E2AF4D15D
:1016800023F007030B4346F82530C1E70024DCE7CD
:10169000647C0300847C0300EC7B0300647C030017
:1016A00020080020F8B5094D094BED1A06460F46F3
:1016B000ED080024AC4200D3F8BD002122B23B4625
:1016C000304601341DF0CBF8A4B2F3E7647C03008C
:1016D000EC7B030038B50B4BC31A0D461B111146AA
:1016E000426801331371436804469971FFF7DAFFCA
:1016F00063681D60636801225A71BDE83840FFF7D6
:101700004FBD00BF647C030070B14168097973B1BB
:10171000002A17DBCBB20C4951F8220003EB43033C
:10172000D84000F0070070474FF0FF31EFE707495E
:101730000748401AB2EBD00F3ABF01EBC20108795B
:10174000184670470420704720080020EC7B0300F7
:10175000647C03002DE9F04F8FB004AFC1F34A2839
:10176000B8600D4691467B600C0DB8F1000F67D054
:10177000002607F114034FF0040B4FF00A0AC7F8D4
:101780000C80C7E907667E620193CDF808B0CDF8FA
:1017900000A007F11C03F96832464846FFF724F918
:1017A000B0F5006F034620D32A48036813F0060FF4
:1017B00017D06C468AB0D9F8041004AB264DC3E9A3
:1017C000055140F2FF71D9611A464FF40071198436
:1017D000224B42F8103F4FF412513346FFF7BAFF45
:1017E000A5462C37BD46BDE8F08FC0F30A0804F1CA
:1017F0001700184420F0070080083B60FFF754FDF5
:1018000068F35325044690B13B68154AC7E908368A
:1018100000F1100107F11403F961CDE900A3CDF83F
:1018200008B0F96807F11C034846FFF7DDF868F3D4
:1018300053257B68B9682A4620461DF03AF8D0E760
:1018400004F1170020F007008008FFF72DFD044683
:10185000EDE700BF2C0800205DAD0300040000018F
:1018600087E801002DE9F04F87B0DDE91279DDE965
:10187000105A0446039193469846DFB1CDF8009084
:101880003B46524610210020CDF81490FEF7DAFEB8
:10189000B0F5006F06460ED31C48036813F0060F20
:1018A00030D01B4A40F2FF73022107B0BDE8F04F71
:1018B0001DF058B83E4605F11700304420F00700EF
:1018C00004F007048008FFF7EFFC0BF0070BE400BF
:1018D00044EA8B1444EA462444EA0554054640B1E0
:1018E0003FB1CDF800903B46524631461030FEF7EE
:1018F000A9FE039943462246284607B0BDE8F04FAB
:101900001CF0D7BF07B0BDE8F08F00BF2C08002047
:101910009CAD0300406820B1034BC01A40F38F0018
:1019200070474FF0FF307047200800200EB403B519
:1019300003AB014653F8042B0448019303F046FA25
:1019400002B05DF804EB03B0704700BFC7E90100C7
:10195000CA0605D48B064CBF02490349FFF7E6BF10
:10196000704700BF57B10300D4AD03002DE9F04F1D
:1019700089B09B46149B06939DF84CA0159B05933C
:10198000169B179E049304460D469046BAF1000F2D
:1019900000F09D8006F4807307931CF05EFF06F054
:1019A0000209024600283ED091492046FFF7BEFFBB
:1019B0000746B9F1000F08D016F0440F35D18D4914
:1019C0002A462046FFF7B2FF074406F0010353B151
:1019D000894B8A4953F82A20894B2046002A08BFA0
:1019E0001A46FFF7A3FF06F48073002B49D006F0D8
:1019F0000803002B63D1B8F1000F66D0814942463D
:101A00002046FFF793FF0546069B3D44002B6DD112
:101A1000049B002B73D1F30700F1E480314620468C
:101A2000FFF796FFD8E00746C3E7774B1868002812
:101A3000CAD0764B4FF47A791B68B5FBF3F54FF4B7
:101A40006163B5FBF0F100FB115509FB05F54FF0A3
:101A50003C0CB1FBF3F203FB1211B5FBF0FEB1FB42
:101A6000FCF300FB1E550CFB131109FB05F500915F
:101A7000B5FBF0F56649CDE901E52046FFF756FFD5
:101A8000A2E706F00803EBB1624B634953F82A2042
:101A90002046FFF74BFF0546B8F1000F05D0594926
:101AA00042462046FFF742FF0544BBF1000FABD092
:101AB0005A495A462046FFF739FF0544A4E74FF03C
:101AC000000BE1E706F00805E6E745469CE7BBF1B9
:101AD000010F069B06D1002B64D1049B002B7BD009
:101AE00000250CE0002BF8D04D485CE04D48069BEB
:101AF0004D4922461CF02AFA049B002B68D0DFF8DF
:101B00002C81DFF82C91049F3146102F204628BFEE
:101B10001027FFF71DFF4FF0000B5D4545DC059BCF
:101B200049461A782046FFF701FF4FF0010B1BF0E2
:101B3000070F03D141462046FFF7F8FE5F453BD92A
:101B4000059B494613F80B202046FFF7EFFE0BF1EB
:101B5000010BBBF1100FEAD1364920464FF0000BC4
:101B6000FFF7E4FE5A46059B9A5CA2F120015F292B
:101B700028BF2E2230492046FFF7D8FE0BF1010B7B
:101B8000BBF1100F1DD01BF0070F03D141462046BB
:101B9000FFF7CCFE5F455A46E5D841462046FFF7A1
:101BA000C5FEEBE71F485546A1E741462046FFF733
:101BB000BDFE0BF1010BB0E720492046FFF7B6FE52
:101BC000C5E7059B3B440593049BDB1B04939AD11B
:101BD000BAF1000F7FF41FAF204609B0BDE8F04F07
:101BE0001CF0E4BE064A05492046FFF79FFE15E7B4
:101BF000DCAD0300E0AD0300B48103003BB20300A1
:101C0000D7AD030005AE0300A8940020A4940020E3
:101C1000E9AD0300C881030009AE03000FAE030065
:101C2000FDE90100C7E90100CD4D00001CAE030035
:101C300014AE03001EAE030060B803001AAE03002A
:101C400073B542F20F738B4228BF0B4605680F4AEB
:101C50000446052168460FF061FC63680C495B6827
:101C600006460B2228461CF093FE636832466946FE
:101C700028465B681CF08CFE636806495B681B2283
:101C800028461CF085FE02B070BD00BFF0010400C4
:101C90003CAE030020AE0300074A0021012390421E
:101CA00006D8064A01B901231360054B1860704736
:101CB00040085B000121F2E740420F00A49400209D
:101CC000A8940020014B01221A7070471A5E01206F
:101CD000014B002019607047C09400200148FFF7B5
:101CE000AFBF00BFF881030010B5064B18680C4663
:101CF000FFF740FA21460346BDE8104002480F2294
:101D0000184700BFC0940020F8810300F8B5094DC2
:101D1000094B0A4ED5E9004701221A700CB92C6014
:101D2000F8BD214630463A4600F01EF8241A064413
:101D3000F4E700BFB49400201B5E01201C5E01206C
:101D400010B9074B18707047064B1B781BB141F256
:101D5000883035F02AB9A420002135F097BA00BFA9
:101D60001A5E01201B5E01202DE9F047DFF8789014
:101D70001E4F80460E46042499F80050A5B934F051
:101D80002AFF324682464146284619F027F8054682
:101D9000504634F028FFE5B101233B7099F800303C
:101DA00073B93046BDE8F08732464146002019F04D
:101DB00015F80546EFE72046FFF7C2FF651E2C46E3
:101DC000002019F04FF80028EBD03B78002BF2D11F
:101DD000E7E73B78002BE4D0013C2046FFF7B0FF5B
:101DE0003B78002BC8D1DCE71B5E01201A5E012086
:101DF000014B0360002070470882030010B50446C1
:101E00001EF036FD0349024620461CF0D5FF002097
:101E100010BD00BF8FAE030073B5134600220192C0
:101E2000044601AA58680A2101F0F0FB019D95B90A
:101E300020EAE0744FF40046294640F2E7304FF4C0
:101E40007A720023C4FB0601FEF7AAF935F01EFAE8
:101E5000284602B070BD2A46024920461CF0C8FF41
:101E6000019DF5E7BBAE030008B5034A03491CF02A
:101E7000A3FF002008BD00BFABAF0300B2AF03005B
:101E80002DE9F34117460023044601AAB8680193DF
:101E90000A2101F0BBFB019DC6B24DB12A4614498F
:101EA00020461CF0A5FF019D284602B0BDE8F08148
:101EB000042E09D90F49324620461CF099FF2046CE
:101EC0001CF0D2FF0125EFE77868FFF771FBB0F156
:101ED000000804DA7A68084920461CF089FF0021CE
:101EE00033460FFA88F208461CF0B9FCDCE700BF65
:101EF000DDAF030004B003001BB0030010B50446BF
:101F000004F02CFF0749024620461CF055FF2046EE
:101F100005491CF051FF054821461AF027FC002016
:101F200010BD00BF7AB0030099B00300311F00005C
:101F300070B58EB004460D46D0F89C6035F0FAF8C6
:101F4000034635F097FC214A21491058214A002BBD
:101F500018BF1A460092204A2346844218BF0A46F8
:101F600028461E491CF028FFD4E90A23CDE90023A6
:101F7000284694F90E30227B19491CF01DFF06A952
:101F80002022204619F052FF636E16490246284669
:101F90001CF012FF05A9204635F0DAF8024628B1F8
:101FA000114928461CF008FF0EB070BD059B642245
:101FB000F11A4A430091B2FBF6F20C49CDE90162F5
:101FC000284632461CF0F8FEEEE700BF080000008D
:101FD0001CAE0300A3B00300F7C20300A6B00300C9
:101FE000B2B00300DEB00300F5B0030022B103007D
:101FF000F0B5002591B00446294608AF1C2209A877
:1020000035F078FB134E1A222021384635F072FB4A
:10201000214611481AF0AAFB07AA4FF40061304686
:1020200035F08AF8079A0097C2F5006164234B43A4
:10203000DB0A05934FF40063CDE90313CDE90132C8
:10204000204606492B46A6F140021CF0B5FE284664
:1020500011B0F0BD806A0120612000006EB1030064
:1020600070B50446D0F89C6088B00D4607A935F0DD
:102070006FF8024628B10F4928461CF09DFE08B0B3
:1020800070BD204635F056F8079B0096F11ACDE951
:102090000131094B64224A43002818BF0346B2FBB2
:1020A000F6F20649CDE90362284622461CF084FE7A
:1020B000E5E700BFF5B00300A3B00300B7B103002C
:1020C0002DE9F04F87B00446684619F02FFB009FBA
:1020D000284ADFF8A4A0DFF8A4B0182303FB007798
:1020E000082120461CF05BFE009DBD4203D300206A
:1020F00007B0BDE8F08F2B680BB11A7832B92B46C8
:102100001F4A142101A80FF009FA01AB5246082119
:1021100020461CF044FE284634F04CFF194B1A4A66
:10212000002808BF5B46082120461CF038FE6B697A
:10213000A3B11E6896B1336883B1144A08212046C2
:102140001CF02DFEB1464FF000083368104A43459D
:1021500006D8104A082120461CF021FE1835C4E795
:1021600059F8043F082120461CF019FE08F1010827
:10217000EBE700BF2AB2030039B2030021B203002B
:1021800034B203001BB20300BFB803003EB2030029
:102190003AB2030057B103002DE9F04114468846D6
:1021A00007461022606800211BF0BEF8B8F1020F4C
:1021B000064607D8254A2023082138461CF0EFFDA3
:1021C000336816E00A220021A0681BF0ADF8C5B202
:1021D0001E4A2B46082138461CF0E1FDB8F1030FDA
:1021E0001AD1102D0CD0202DEAD0082D0BD1337828
:1021F000DBB2174A082138461CF0D1FD002009E067
:1022000033889BB2F5E73846124A08211CF0C7FD17
:102210006FF01500BDE8F081E068102200211BF08E
:1022200083F80D4A03460446082138461CF0B7FDE2
:10223000102D06D0202D07D0082DE4D1E4B2347043
:10224000DCE7A4B23480D9E73460D7E77FB203007B
:10225000AAB2030094B20300BBB203002DE9F04F11
:1022600087B000230193524BDFF848A19146012229
:10227000074688461A6002F0EBFD4FF0FF35202636
:102280002C4649465246404602F006FE411C06D105
:102290006A1C41D1484938461CF0AAFD17E0732852
:1022A0001AD0772828D0612811D1DFF810B101AAFF
:1022B000DBF80000102101F0A9F9019B0546002B75
:1022C000DFD0DBF800203E4938461CF091FD6FF06E
:1022D000150007B0BDE8F08FDFF8E0B001AADBF829
:1022E0000000002101F092F9019B0446002BC8D0A8
:1022F000DBF800203349E7E7DFF8C0B001AADBF8DC
:102300000000002101F082F9019B0646002BB8D0A5
:10231000DBF800202C49D7E7631C01D12B49BAE731
:102320005FFA86F8C6F3C406002C3FD002AB2946FC
:102330001A46A6EB050C0CE0B8F1100F1DD0B8F151
:10234000200F20D0B8F1080F2AD108781870314436
:102350003344A64203D80CEB01001028ECD9102C12
:10236000A14628BF4FF0100929464B46384601F0D8
:1023700025F81035A4EB0904D6E7088880B2187058
:10238000000A5870E3E7086818704FEA102E83F8C7
:1023900001E04FEA104E000E83F802E0D870D6E755
:1023A0000B4A082138461CF0FAFC90E7204690E7DB
:1023B0005005002009B3030010B30300989D0020CE
:1023C000CFB20300E2B20300F5B203002DB3030065
:1023D00094B2030070B50F4E044633780D4671B1C8
:1023E00023B1BDE870400C491CF002BD01233370DD
:1023F0000A4920461CF0E0FC0123337004E083F01E
:1024000001033370002BF3D129462046BDE870400C
:102410001CF047BD2C5E012047B3030082B30300CC
:1024200070B504463B480378182B02D10B78112B6A
:1024300031D0013A0B468D18AB4225D18B5C0A781E
:102440000370A2F13003092B334C04D922F020038E
:10245000413B052B04D823683049CA54013323601B
:102460002368022B33D110222C4800211AF05CFF84
:102470002B4A136803F8010B13602A4A13680133CF
:1024800013600023236022E013F8016B182ED3D1D0
:102490001E78112ED0D1234D23492A6820461CF0E6
:1024A0008BFC20460021FFF795FF204B187870B970
:1024B0001F4A2B681168042B0ADC08B111602B60DD
:1024C00013F003010BD1126813681BBA136070BDBF
:1024D000086800BA41F8040B043B0120EBE75B42BB
:1024E00003F0030358BF5942022904D1126813882C
:1024F0005BBA9BB2EAE70329E9D1106802681104CC
:10250000C2F3074301F47F010B4302F47F421343FC
:102510000360DCE72D5E0120C49400202F5E0120C3
:10252000D0940020C8940020ACB303002E5E01209C
:10253000CC9400202DE9F84F0C462B49DFF8AC80F5
:10254000DFF8AC90DFF8ACB000230B602A4988F8C4
:10255000003006460B601546012C2F4655F804AF97
:102560001ED902224946504635F0E9F880B99AF85A
:102570000220003A18BF012292442049022250460C
:1025800035F0DDF830B9012388F80030013CE3E78D
:102590000022F1E749465046FDF71CFEA8B9043772
:1025A0000022114678681AF0BFFE154B0022114632
:1025B000186078681AF0B8FE124B1349186030465C
:1025C000FFF708FF0020BDE8F88F9AF800202D2AB9
:1025D000E6D19AF80120002AE2D052465946304608
:1025E0001CF0EAFBD2E700BFC49400202E5E01205D
:1025F000C6B30300CCB30300C8940020C9B30300E2
:10260000D0940020CC9400202124000007B50A4873
:1026100034F0D0FC60B1094A074912680848042325
:102620000093012300F030FF002003B05DF804FBAD
:102630006FF01200F9E700BF70790300B082030069
:10264000847C030010B54468C4E90012A3604268AA
:102650004023D36402F15803136300230821C2E925
:102660000E33C2E91133C2E90633C2E90933D1623C
:102670001468536302F150011364116153611362D2
:10268000C2F8D030A36823B11B6C13B104492046B3
:102690009847A3681B6A0BB120469847002010BDDD
:1026A000A52600002DE9F74304460D468368DB6B41
:1026B00003B19847A368DB6A0BBB4FF0000905F133
:1026C0003008EA6C01A940461BF0ECFF07460028E1
:1026D00036D0A36801991B693BB302462046984750
:1026E000064628B3314640461BF0FBFFB7424FF089
:1026F0000109E6D0D5E901310020984703E02046E2
:1027000098470028D9D1A368DB6963BB05F110079E
:10271000EA6A01A938461CF018F8064650BB204664
:102720001CF0BFF9C5F8D0602FE06FF05706D9E76D
:10273000014640461BF0D5FFB9F1000FE3D0D9E7C1
:102740001648036813F0060F03D0154A02211CF047
:1027500000F9A3681B69002BEED001220DF10301E3
:1027600020469847E8E7204698470028CED103B096
:10277000BDE8F083A3680199DB685BB1024620469F
:102780009847014638461CF000F8D5E90131012090
:102790009847ECE76FF05701F4E700BF40080020CE
:1027A00033B5030010B581680446183101F060F9B3
:1027B000A168034A20461831BDE8104001F0FEB878
:1027C00075B5030038B58368D3F87832DB07044663
:1027D0001DD4C0691DF09DF8606803685B68984768
:1027E000054620B9E0681DF069FAA3681D75A36865
:1027F0005B6C13B1294620469847A36835F03AF838
:102800000022C3F82023034B185802F02BF86FF076
:102810000F05ECE70800000001491CF0E0B900BF1B
:1028200057B10300F7B504468068D0F878325A07EC
:102830000D4605D500211CF0FAF9E0681DF010FAEC
:10284000E368DB6873B9002D3BD0A66806F1560734
:1028500038461CF0D1F9002835D0394606F5AB7062
:10286000FDF7C2FCA268E0680DF106035632294666
:102870001DF0F9F958B9A06800F5AB715630FDF7B5
:10288000B3FCA06856301CF0B7F9ADF8060020463E
:102890001CF0FAFDA368D3F874329B0603D50B49EC
:1028A00060691CF09CF9204600F016FFA268BDF894
:1028B0000630A2F85230A2682046A2F850301CF030
:1028C00048FD03B0F0BD86F85601CBE7F07D03006C
:1028D0002DE9F04FA7B004465422002111A834F08E
:1028E00009FF0023CDE90533A36820465633029340
:1028F0001CF0D1FD20461CF015FD10B96069FFF7F2
:102900008BFFA06814220021183034F0F3FE20461B
:102910001CF0AEFCA168E068B1F8502056310026EA
:102920001DF0D8F920461DF057FA4FF0FF37B24698
:1029300003960DF14408B3463546B146DDE905324C
:10294000012A6DD0132B6ED85FBBBBF1000F0AD0EC
:1029500020461DF062FAA2681423563211A90DEB2D
:1029600003001CF004FBB9F1000F0CD099F81130F2
:10297000FE2B08D1059B26AA02EB830252F8542CA9
:102980000AB101330593A068059D436A002B40F00E
:10299000B680CEB1C3699E422DD00D9600F11805C8
:1029A00024E0029A0223414606A81CF0E0FA0699A8
:1029B000D8F804200292034631B101290AD148B166
:1029C0006D4A20461CF019FE6FF00705284627B017
:1029D000BDE8F08F059B002B34D0D8F8000001F043
:1029E00067F898B166B1A5680D9618350CAE0FCE94
:1029F0000FC533682B602046FFF7D4FE0125E5E7BD
:102A00005E4A012120461CF0F8FDDDE7059BCBB1B5
:102A1000D8F800202946204601F0ECF9022809D117
:102A2000059B132B91D9069B022B8ED1544B554AF3
:102A30000121C6E7032805D0059B013305934FF01C
:102A4000010B7BE7039B33B9D8F8001007AA48466F
:102A50001CF084FB054608F10408013F9DB3EB68B8
:102A6000BBF1000F08D0F3B120461CF014FD204646
:102A70001CF06FFC444AC4E7ABB1A368DDF814A0B6
:102A8000AE4603F1180CBEE80F00ACE80F00DEF80C
:102A90000030CCF80030AB682BB96B7CFE2B04BF48
:102AA0002F7C07F1FF37D5F804C0BCF1000F08D028
:102AB000AE46BEE80F000CAE0FC6DEF80030336045
:102AC0006646A94603E0059B53B101230393069B89
:102AD00017B9022B7FF432AF059B013305932DE725
:102AE000A368DB6A13B1DB68002BEED1274B0093A0
:102AF000274A119B012120461CF07FFDE5E790F855
:102B00002830A5EB0A05BBB190F829104FF6FF72EB
:102B1000FF2918BF0A469D4202D313449D420BD998
:102B200083691C4A012120461CF067FD2046FFF7FF
:102B300039FE6FF0150549E701211CF06DF8A0681A
:102B400000F543701CF08CF8A36811AA294602EB2B
:102B50008A025B6A204698470546A0684FF0FF321C
:102B60004FF0FF3300F543701CF021F8A0680021FE
:102B70001CF052F82AE700BF83B5030097B50300A5
:102B8000F8B5030036B00300B5B50300E4B50300A3
:102B9000ECB803001CB6030010B5836802221A7556
:102BA00083689B6C0446BBB91BF0D8FF8368D3F8DD
:102BB0007832DB040BD50321084B094A1CF01DFDBC
:102BC000A0686FF4805100F51E701BF0E1FF2046F5
:102BD000BDE8104000F0D4BE10BD00BF37B6030002
:102BE0003BB203002DE9F04F04468068B1B00121EB
:102BF00000F51E701BF0BDFFA3681B7D022B20D1CA
:102C000000230993A36860689E6C03681D6909AB83
:102C10000EB310221BA9A847099B93B1A0680121FC
:102C20001BF0FAFF099A1BA92046B047A0680021B3
:102C30001BF0F2FFA3689B6C002BE3D12046FFF74B
:102C4000ABFFA0686FF0010100F51E7031B0BDE868
:102C5000F04F1BF09DBF01220DF12301A847099BF6
:102C6000002BEED09DF923209DF82310A368002AA5
:102C7000C8DB5A7D032A00F29882DFE812F00400D4
:102C800085029C0296020D297CD00A2958D0B3F8FF
:102C900078226FF3CA02A3F878220929A06800F00D
:102CA00086803DD80029ADD0082900F0FC8103467C
:102CB000D3F874229207A5D501391629A2D801A20A
:102CC00052F821F059320000E1300000E9300000F4
:102CD000D93000004D32000007310000052C000003
:102CE000052C0000052C0000052C00000F31000011
:102CF00017310000052C000041310000052C0000B8
:102D00004B310000052C0000052C0000052C0000B4
:102D1000052C00004F310000052C00007931000027
:102D20001B2941D07F2900F0CA81A1F120025E2A2F
:102D30000346BDD801211BF07AFF9DF82310B9E0AE
:102D4000D3F87822C2F3C7022AB1D3F87822C2F3AB
:102D5000C7020A2AACD1B3F8782261F3CA02A3F8F9
:102D60007822A568B5F85010C1B928461BF05FFF5E
:102D7000E0681CF075FF6069FFF74EFD2046FFF725
:102D80000BFF3FE7D3F87822C2F3C702002AE2D054
:102D9000D3F87822C2F3C7020D2ADBE72046FFF7FB
:102DA00097FDC5F82403E9E7012343752AE7D0F826
:102DB00074329B077FF526AF01211BF038FFA06816
:102DC000B0F85030FF2B3FF41DAFB0F8522000F1A7
:102DD000560100F5AB7034F065FCA368B3F85220DF
:102DE0001344002583F85651A2681BA9142302F549
:102DF000AB720BA81CF0BBF80B9914293FF602AF7D
:102E000030AB03EB810343F8545CA368B3F8522062
:102E1000002A53D0134493F85530202B02D0093B9D
:102E2000042B4BD800294CD100250A950A9B30AAC7
:102E300002EB8303002653F854AC50461BF0DCFE33
:102E4000B3468146B046374616AA3946284600F0B2
:102E5000A3FB0346002840D1012EA76865D10A9B39
:102E600030AA02EB830353F8540C1BF0C5FE07F1A4
:102E7000180206464146284600F08EFB05682846A3
:102E80001BF0BAFE864205D0821B92B2A9192046D9
:102E90001CF0FAFBA068B0F85230034493F85630A7
:102EA000202B31D0093B042B2ED9D0F87432DF0708
:102EB0002FD42021204600F02BFDA3E60129B3D911
:102EC000013900200CAB009301900AAB1BAA1CF047
:102ED00070F905460028A9D194E61B6803934A4679
:102EE0005146184634F02BFC60B9039B1846FDF799
:102EF00083F9584538BF58461FFA80FB002E08BF9B
:102F0000B846013601379FE7012120461CF055FAEB
:102F100078E600211BF095FE2021204600F0F8FC09
:102F2000A06801211BF08DFE6CE604907FF66AAE6E
:102F30000A9A30AB03EB8202C14652F8543C039329
:102F400018461BF059FE049B0590A7F840300496E4
:102F5000A26849461832284600F01EFB039BD0F8B1
:102F600000A009F101094BB1BAF1000F06D0059A92
:102F70001946504634F0E3FB0028E9D1A168BAF1C4
:102F8000000F4ED1A1F840A0049B013B0493DFD178
:102F90006069FFF741FC204600F0F2FC0A9B30AA72
:102FA00002EB830308F1010A53F8540C1BF024FED2
:102FB000414611AA8146284600F0EEFA0746A0686D
:102FC0003968FF2200F5AB7034F0CBFB3B6803930C
:102FD0004FF6FF77B84616AA514628460AF1010B6C
:102FE00000F0DAFA002852D0A168036801F2551106
:102FF000002211F801EF985C704503D110B1013245
:103000004245F6D1B9F1000F01D04A4507DBBA427B
:1030100006F1FF36A8BF3A46012E97B237D0DA46FE
:10302000D9E7994806911BF0E7FD069907914A8F69
:1030300000EB0B07BFB2121A504692FBF7F292B2A6
:1030400006921BF0D9FD0799069A3F1AB1F8400085
:1030500000F1010CA1F840C0B0FBF2F102FB11003D
:1030600080B2BFB260B9884B884ACDF800A0062173
:1030700020461CF0C2FA3946204600F017FB83E7D1
:10308000834A5346062120461CF0B7FAF3E7002F87
:103090003FF4B8AD0399A7EB090292B24944204628
:1030A0001CF0F2FAAEE5D0F874329E077FF5AAADB7
:1030B00001211BF0BCFD20461CF007FBA2E5D0F867
:1030C00074329D077FF59EAD01211BF0B0FDA36812
:1030D000D3F874321907EED420461CF0D7FA91E5E4
:1030E00020461CF0E1F98DE520461CF0D4F920467D
:1030F0001CF018F910B96069FFF78EFBA068012178
:103100001BF095FD3AE620461CF0D7F97AE52046FB
:103110001CF0DEF976E5D3F874329B0603D55D49E1
:1031200060691BF05CFDA368D3F874329F0603D579
:10313000594960691BF053FD204600F021FC61E510
:1031400000212046FFF76EFB5CE50121F9E72046F0
:103150001CF09AF920461BF001FD0121A0681BF02C
:1031600066FDA368D3F874329E067FF54BAD4B49DC
:1031700060691BF034FD45E5204600F027FBA068A0
:1031800001211BF054FD3DE55B2902D102225A7555
:1031900038E5D3F874329D0706D5622907D14FF080
:1031A000FF3120461CF032F9A3680022EFE76629C0
:1031B000FAD10121F5E700225A75A268D2F87432DB
:1031C00098077FF51FADA1F131031B2B3FF61AAD18
:1031D00001A151F823F000BF553200006132000018
:1031E0007532000049320000052C0000052C00005B
:1031F000052C0000052C0000052C0000052C00000B
:10320000052C0000052C0000052C0000052C0000FA
:10321000052C0000052C00004B310000413100005E
:1032200007310000E1300000052C00004D320000A5
:10323000052C000059320000052C0000052C000070
:10324000052C0000653200000323537520461CF056
:1032500022F9D7E40323537520461CF015F9D1E475
:1032600003235375A068D0F8741201F0010181F0B6
:10327000010157E603235375A368D3F874329B0703
:103280007FF5C0AC28E700BF1BAE03007BB6030090
:103290003BB20300F57D0300FA7D0300F07D0300DF
:1032A0002DE9F04104468068154600F51E7000299E
:1032B00037D04FF480411BF05CFCA368DD6460688C
:1032C000036800219B68984700284BD120461BF0DB
:1032D000EEFC002846D1244E244FDFF89480A068ED
:1032E00000F52F704FF0FF324FF0FF33032119F03C
:1032F00041FC0546A0684FF0FF324FF0FF3300F568
:1033000043709DB11BF053FC20462B46194A012106
:103310001CF073F9A068BDE8F04100F543701BF0A4
:103320009FBC6FF480411BF033FCC6E71BF03FFCF1
:103330003246022120461BF03CFC3A4629462046F4
:103340001BF037FC2046424601211BF032FC60682E
:1033500003685B6903B19847A06800F543701BF0F0
:103360007FFCBCE7BDE8F081C5270000E52B00002D
:1033700065EC010081B6030010B50B4904461BF053
:103380001BFD204609491BF017FD204608491BF08C
:1033900013FD204607491BF00FFD2046064A002179
:1033A00000F00CFB002010BD98B60300D6B6030059
:1033B00035B7030089B7030023B80300F8B51746F3
:1033C0001E460A46294904461BF0F6FC3EB33A78ED
:1033D000274920461BF0F0FC01256A0703D1254947
:1033E00020461BF0E9FCAE421ED97A5D20492046FA
:1033F0001BF0E2FC0135102DEFD11F4920461BF0D8
:10340000DBFCB6B91B4920461BF0D6FC0125AE42B9
:103410002B4610D8174920461BF0CEFC15E0174963
:1034200020461BF0C9FC0125144920461BF0C4FCB2
:10343000E0E700252B46FA5C1149A2F120035F2B3F
:1034400028BF2E2220461BF0B7FC0135102D06D0D8
:103450006B07DCD1074920461BF0AEFCD7E72046BE
:103460000849BDE8F8401BF0A7BC00BF39B803000D
:1034700014AE03001CAE03001EAE03001AAE030020
:1034800060B8030040B803002DE9F04304468068AB
:103490008846D0F8201389B015461F46002960D110
:1034A0004FF44A7234F026F9E0681CF07BFCA06807
:1034B00000F5437033F021FE4FF42F794FF41F765F
:1034C000A068304434F0B4F8A068002283190121C8
:1034D0004844103634F083F8B6F52F7F09F114090B
:1034E000EED1A36900261E60A068022100F51E70BF
:1034F0001BF03FFBA36850225A87A36818221A8743
:10350000216820461BF082FCA368174A66F38205F7
:10351000C3F874526068036841461D682346A84793
:103520000546D0B9A36801221A75D4E90A01002220
:103530000023CDE906230E230393109B0495CDE9C8
:1035400001730094094B4FF4006218F02DFDA3683D
:10355000C3F82003616A18F059FC284609B0BDE899
:10356000F0836FF07705F8E705EC0100A132000069
:1035700010B5044613460A460146064801F026FCEB
:1035800023691B7923B12046BDE810401BF08FBC96
:1035900010BD00BFC7EE010038B50B46154648B94F
:1035A0001449154A521AB3EB920F05D251F8235021
:1035B000284638BD84680CB90025F9E70F4A9442C3
:1035C0000AD30F4A944207D21846226829469047E8
:1035D0002B68002BECD1EFE70A4A944202D30A4A47
:1035E000944205D3246814225343E518E358F0E7C6
:1035F0000133F8E7B47C0300DC7C0300B87D0300F2
:10360000B87D0300DC7C0300B87D0300F7B50378C8
:103610002D2B0446164605D16FF0150333600020AC
:1036200003B0F0BD34F026F90B4F00230546C3511B
:103630000A46204601A919F077FEEB59222B02D148
:103640006FF02103EAE7002BE6D1019BA342E3D010
:103650001B78002BE4D0DFE70C0000008368D3F870
:1036600074329B0603D5024940691BF03CBE70478B
:10367000007E030001491BF036BE00BF57B10300B6
:103680000A1E0DDC0ED042238168D1F8741289061F
:1036900008D5002A04494069B8BF52421BF023BE36
:1036A0004123F1E7704700BF5CB803000A1E0DDC40
:1036B0000ED044238168D1F87412890608D5002AF7
:1036C00004494069B8BF52421BF00DBE4323F1E7E5
:1036D000704700BF5CB803002DE9F0478568DFF84C
:1036E0006890044605F15600FCF786FD002395F826
:1036F0003C7086B29846A268558FED1BB54209DB37
:10370000002E1FDD563360691049BDE8F0471A44AA
:103710001BF0E9BD1D442A44563392F856A082F8A6
:103720005680A26860691A4449461BF0DCFDA36814
:103730002B4483F856A0A3685B8FDB1BF61A002787
:103740002B46D8E7BDE8F08736B003003BB2030054
:1037500008290A4617D8836893F83E10914212D080
:1037600083F83E208368082AD3F8743205D099067E
:1037700009D5054940691BF0B6BD9B0603D5034931
:1037800040691BF0B0BD704763B80300057E0300BD
:1037900038B50D4609780446FFF7DAFF6A78072A3C
:1037A00011D8A36893F83F1091420CD083F83F20C2
:1037B000A368D3F874329B0605D560690249BDE859
:1037C00038401BF090BD38BD6CB80300F8B5836875
:1037D000B3F850200446002A55D0B3F852100029FF
:1037E00051D0553103F156050B441846A84206D373
:1037F000014611F80169202E3CD0A8423CD286B285
:103800009DB2AB1B9BB2591C471CD21A01443846CF
:1038100033F056FFA268B2F85030711B13FA81F3EF
:10382000A2F85030A368B3F850201344002283F864
:10383000562009B220461BF0C0FDA368D3F87432AD
:103840009A0603D5104960691BF04DFD3B460F4AAF
:10385000082120461BF0D1FE2046FFF7FFFEA3689B
:10386000D3F874329B060ED560690949BDE8F8406B
:103870001BF039BD0846B9E7014611F80169202E51
:10388000BDD00846B9E7F8BD0A7E03003BB203008D
:103890000E7E03002DE9F04104460D4617460AB19D
:1038A000FFF7DCFEA368B3F85220D3F87412563247
:1038B00013444A0721D51846FCF79EFCDFF84880E0
:1038C0000646A6B9A368B3F85020A3F85220A06812
:1038D0001BF016FD20B107B115B16069FFF7CAFEF4
:1038E0006942204609B2BDE8F0411BF066BD60693F
:1038F00041461BF0F8FC013EE3E7044A082120465C
:103900001BF07BFEDEE700BFF7C203003BB2030003
:1039100013B583688DF80710D3F874220446D007D6
:1039200025D5B3F85210B3F850208A421FD0481C56
:10393000A3F852000B449DF8072083F85620A36893
:10394000D3F87412890710D5D3F8743260690B4923
:1039500013F0040F18BF2A221BF0C5FC20461BF0F1
:10396000E1FC10B16069FFF785FE02B010BD0122D5
:103970000DF1070120461BF04DFEF6E760B803008D
:1039800010B504468368094A02211BF036FEA3687D
:10399000D3F874329B0707D52046FFF79DFE2046DB
:1039A000BDE810401BF0E4BC10BD00BF3BB20300FB
:1039B00001491CF024B800BF57B103002DE9F04FB6
:1039C0000E46002189B0044617460D4603AA30462C
:1039D00001F10108FFF7E0FDB0B995B127B13A4612
:1039E000082120461BF009FE1E4FDFF87C90DFF80F
:1039F0007CA0002103AA304601F10108FFF7CCFDAD
:103A000060B909B0BDE8F08F006810B1FCF7F4FBB5
:103A100080B2854238BF05464146D7E703688BB17F
:103A20001A787AB1D0F804B04A46CDE9005308219B
:103A30003B4620461BF0E1FDBBF1000F04D160695D
:103A4000FFF7B6FF4146D5E7524620463B460821E0
:103A50001BF0D3FDAA1D92B2594620461BF0DCFF95
:103A6000F0E700BF8AB8030075B803000FAE03008B
:103A7000F7B50F6805460E46A7B13846FCF7BCFB04
:103A800084B2094B00932846084A3B4608211BF0A4
:103A9000B4FDE21C716892B2284603B0BDE8F04064
:103AA0001BF0BABF3C46ECE786B803007CB60300C7
:103AB00010B507490446FCF78DFB38B1054920468F
:103AC000FCF788FBB0FA80F0400910BD0120FCE74C
:103AD0007CB803007FB8030010B58368D3F8743254
:103AE0009B06044603D5064940691CF00CF8A36800
:103AF00050225A87A36818221A87002010BD00BFE1
:103B0000127E030008B5836902491A681BF054F954
:103B1000002008BD8DB803002DE9F3410D490E4C7E
:103B20000E4EDFF83C8005461BF046F90022B442F9
:103B300002F1010703D3002002B0BDE8F081636AFF
:103B40000093A36892B2414628461BF035F9303401
:103B50003A46ECE79DB80300847C0300B47C030084
:103B6000B5B8030008B502491BF050F9002008BDA4
:103B700058B1030073B50E4E04460025A268E068F4
:103B80000DF1060302F5AB7201211CF06CF8BDF8D3
:103B90000600A36840B12A4603F5AB7331462046C0
:103BA0001BF00AF90135E9E783F8560102B070BD50
:103BB000C6B8030010B504461BF06BF90349024672
:103BC00020461BF0F9F8002010BD00BFC2B303006F
:103BD000022907B50BD15368009312680B4B0C49AF
:103BE0001BF006F96FF0150003B05DF804FB836865
:103BF000084AD3F87432084913F0020F074B18BF74
:103C00001A461BF0D9F80020EEE700BFD4B8030035
:103C1000E9B80300D0B80300F2B80300CAAF03004C
:103C200010B58368D3F874329A06044603D5074961
:103C300040691BF068FFA368D3F874329B0603D574
:103C4000034960691BF05FFF002010BD197E03006F
:103C50001E7E0300F0B5012985B004460AD05368E2
:103C6000009312685D4B5E491BF0C2F86FF01500BF
:103C700005B0F0BD8368D3F87432990603D559496D
:103C800040691BF040FF6FF0F9012046FFF7F8FC98
:103C9000FA212046FFF70AFDA06800254FF4807244
:103CA000294600F5AB708DF80B5033F023FD4E49DB
:103CB00060691BF028FF60691BF0F9F84FF47A7611
:103CC0006068036801221F690DF10B0103ABB8475F
:103CD000039BEBB9013E4FF47A70B6B233F065F94D
:103CE000002EEDD1A368D3F874329B0603D53F496B
:103CF00060691BF008FFA3683D4950225A87A368FA
:103D0000182220461A871BF065F86FF00700AFE70E
:103D10009DF80B20A3681B2A53D093F856111B293A
:103D2000CED1522A4DD15A19002382F85631A668B5
:103D300096F857215B2A2BD106F25710022510F86E
:103D4000011F2A463B2905F10105ADB223D1FF2A07
:103D5000C8D002F5AB7216FA82F1002211F8010FF9
:103D600018BB86F85601FA2AA16828BFFA224A87AA
:103D7000FA2BA26828BFFA231387A368D3F87432FA
:103D80009A0603D5194960691BF0BDFE00206FE754
:103D900086F85631A6E703EB8303303901EB430184
:103DA000B5F5807F8BB2CAD19CE7013502EB820268
:103DB000ADB2303800EB4200B5F5807F82B2CDD194
:103DC00090E72B440135ADB2092D83F856217FF6DB
:103DD00077AFA368002283F8562183E7D4B80300A5
:103DE000E9B80300247E03003DB90300287E0300E8
:103DF00003B903002DE9F04F074689B015468946FF
:103E000021B110461BF0D4FF00285BD1032455E0FC
:103E10005C463CE029460AF5AB7033F0BEFC064632
:103E2000002854D0FCF7E8F982B2601C0132314618
:103E3000304433F045FC22465946304633F032FCDC
:103E40004FF020033355BAF8543001331C44AAF81C
:103E5000544008F10108002401994B1C03AA48466C
:103E60000193FFF799FB0646E8B131680022284626
:103E70001CF05BF90028EFD1D6F800B0D7F808A005
:103E8000BBF1000FC4D05846FCF7B6F984B2BAF8BB
:103E900054302344FF2BBDDD0E4A2B460321384608
:103EA0001BF0ABFB0124B8F1000F07D0B8682A461D
:103EB00000F1540100F5AB701BF029F9204609B060
:103EC000BDE8F08F4FF0000841460224C5E7022408
:103ED000E9E700BF05BE030008B504481AF08EF8F4
:103EE000BDE8084002481AF089B800BF57BE030079
:103EF0008CBE0300014819F06FB800BF14860300A0
:103F000038B5044618B90F4B0F485B68984761688D
:103F1000B1F5683F10D0B1F5680F0DD00B4DA94237
:103F20000AD011F46861206807D00146084833F0D0
:103F300099F800232360656038BD142233F0DAFB62
:103F4000F9E700BF6C070020BABE03002C5F5CA934
:103F50005C9D002008B520B34368B3F5683F10D1DD
:103F600001220368BFF35B8F53E8001F002903D1D0
:103F700043E800200028F7D1BFF35B8F0DD100206C
:103F800008BD094A93420AD000684FF0FF324FF053
:103F9000FF3317F0E3FD0028F1D00448F0E70448B0
:103FA000EEE76FF4E040EBE72C5F5CA9E98FFFFFE1
:103FB000EA8FFFFF08B5D8B14368B3F5683F10D169
:103FC00000220368BFF35B8F53E8001F012903D170
:103FD00043E800200028F7D1BFF35B8F0BD100200E
:103FE00008BD074A934208D0006817F02FFEF6E795
:103FF0006FF4E040F4E70348F2E70348F0E700BF5E
:104000002C5F5CA9E98FFFFFEA8FFFFF10B5044624
:1040100018B91D4B1D485B6898476368B3F5683F46
:104020002FD0B3F5680F2CD0194A934219D12368C9
:1040300003BB18484FF0FF324FF0FF33214617F013
:104040005FFD08B923681BB90F4B13485B6898479D
:1040500020681422002133F04DFB4FF46863636045
:1040600008E0B3F5683F0DD83A2B03D040F6BA62AA
:104070009342DED1206833F040F8636843F03A039E
:10408000636010BD054AF3E76C070020BABE030069
:104090002C5F5CA95C9D0020E0BE03003A00003A62
:1040A00008B5064906484023142232F0CDFFBDE88A
:1040B00008400449044819F001B800BF5C9800208A
:1040C0005C9D00201C860300308603002DE9F84328
:1040D000054600AF0C46002948D0DFF8B890D9F863
:1040E00000305A0742D06E468AB0D1E90001A36879
:1040F0006A46DFF8A4C04FF00508C2E905C0C2E96E
:10410000071342F8108F00234FF421514846FDF762
:1041100021FBD9F800305B07B54627D08AB0D4E937
:10412000030163696A46DFF874C0C2E90713C2E994
:1041300005C042F8108F002348464FF42151FDF787
:1041400009FBD9F800305807B5460FD0E3690121C3
:10415000134A48461AF006FCD9F80030590705D032
:10416000A369104A012148461AF0FCFB012D0AD12F
:10417000EFF3058307480268520704D00A4A103B50
:1041800029461AF0EFFB2146284617F0EFFABD4604
:10419000BDE8F883380800200DBF03003CBF0300D2
:1041A0006BBF03007ABF0300A8BF030030BFFFF757
:1041B000FDBF00BF2DE9F0410B4EDFF8308006EB6C
:1041C0000807CC1B054632460949204633F06AFAF7
:1041D000A01942460021083C33F08CFAC5F8A840EB
:1041E00007F10800BDE8F0810000000008000000B1
:1041F000B87D0300074A936893F90E10002907DB86
:10420000526993421FBF044A536843F0805353607E
:10421000704700BF045C012000ED00E0F8B5374CAA
:1042200023685B0706460D4603D0354920461BF040
:1042300010FE344B9B6ADF0451D52368580703D026
:1042400031492E481BF005FE17202E4B9B6A19059D
:1042500007D523685A0703D02C4928481BF0F9FDDD
:104260001820284FBB6A9B0519D52368580703D02F
:10427000274922481BF0EDFDBB6BBA6A11040DD52E
:104280002268520704D0234A1C4801211AF06AFB15
:1042900026B11C4A936A23F4004393621920194BF8
:1042A0009B6A5B0507D523685F0703D01A4913484B
:1042B0001BF0CFFD1A20134B9A6AD60511D523683F
:1042C000590703D015490D481BF0C3FD1B200D4AAB
:1042D000936A43F47F43936200232B70F8BD16204A
:1042E000B3E79B6A9A04F2D523685B0703D00C49B5
:1042F00002481BF0AEFD1C20E9E700BF3808002093
:10430000BBBF030000ED00E0D1BF0300E2BF03002C
:10431000F5BF03000EC0030023C003003EC003002E
:1043200056C0030010B52D4C23685A0703D02C4902
:1043300020461BF08EFD2B4B9B6A9B014BD52368BF
:10434000580703D0284925481BF083FD1E20254B24
:104350009B6AD90107D523685A0703D023491F4810
:104360001BF077FD1F201F4B9B6A1B0307D523689B
:10437000580703D01E4919481BF06BFD2120194B2B
:104380009B6A590307D523685A0703D01949134874
:104390001BF05FFD2220134B9B6A9B0307D523680C
:1043A000590703D014490D481BF053FD23200D4B32
:1043B0009B6ADA0307D523685B0703D00F490748D8
:1043C0001BF047FD2420074A936A6FEA03436FEA14
:1043D0001343936210BD1D20B9E700BF38080020C9
:1043E00085C0030000ED00E09DC00300B0C00300E5
:1043F000CAC00300E8C003000DC1030027C10300C9
:104400002DE9F047454D2B688946590780461746E8
:1044100003D0434928461BF01CFD424B9B6ADA0639
:1044200039D52B685B0703D03F493C481BF011FD91
:1044300011243C4B9B6A1E0707D52B68580703D0F5
:104440003A4936481BF005FD1224DFF8D8A0DAF807
:104450002830990721D52B685A0703D034492F48B3
:104460001BF0F7FCDAF83460DAF828301B0651D577
:104470002B685C0705D02F4A2848334601211AF0E3
:1044800071FAB9F1000F04D0264A936A23F0800331
:104490009362132403E01024CBE76FF01506214B41
:1044A0009B6AD80707D52B68590703D022491B48B8
:1044B0001BF0CFFC14241B4B9B6A9A0607D52B6874
:1044C0005B0703D01D4915481BF0C3FC1524154B91
:1044D0009A6AD50602D49A6A90070AD55B681905CC
:1044E00007D54146304600F099FA10B180F30988AB
:1044F00002240C4B9A6A920642BF5A6A22F4005276
:104500005A629A6A42F0FF029A6200233B70204688
:10451000BDE8F0876FF01506BBE700BF3808002044
:1045200052C1030000ED00E068C10300E2BF0300D8
:104530009BC10300B3C10300C9C1030056C00300FF
:104540002DE9F041744B8AB0D3F8048000AF0446E3
:10455000C8F30806002585F31188BFF36F8F02F0BA
:104560007F43B3F17F4F0AD102F00C03082B15D122
:104570006A480368590702D069491BF06AFC0025A4
:104580002C460023FB71F31E092B00F29F80DFE80D
:1045900003F00A91948D9D9D9D9D9D9712074CBFA0
:1045A0000C460125EDE75D4E33685B0703D05D499E
:1045B00030461BF04EFC0023FB71574BDA6A900724
:1045C00008D53368590703D0574954481BF041FCBC
:1045D00000233CE0DA6A002A04DA33685A07F7D08D
:1045E0005249F2E7DB6A5B00F2D53368580703D023
:1045F0004F494A481BF02DFC474BA1695A6942F4C8
:1046000080725A61BFF34F8FBFF36F8F5A6931F8D1
:10461000021C22F480725A61BFF34F8FBFF36F8F79
:104620004DF60272914208D09A6AD2B28AB3FA1D4C
:1046300001212046FFF7E4FE3AE03368590705D030
:1046400023683C4A354801211AF08CF92368FA792D
:10465000DAB907F1080604F1200C206861683246D7
:1046600003C2083464451646F7D17A6A002D4DD04E
:10467000C2F3080121B96FEA52226FEA42227A623C
:1046800007F108011846FFF721FD2837BD46BDE8B0
:10469000F0819A6A12F47F4F04D0F91D0120FFF7D0
:1046A000BDFD05E09B6AB3F5803F91D3FFF73AFE6D
:1046B0000346CCE7FA1D0021BBE7F91D0020EEE719
:1046C000164803685A0783D01B497FE713480368DD
:1046D0005B073FF47DAF194A194B18F4F87FE846A1
:1046E0008AB018BF13466A461649C2E905134FF44B
:1046F00000731384103E144BD66142F8103F002320
:104700004FF41151FDF726F8C54661E722F4FF7218
:1047100022F00102B3E700BF00ED00E038080020FE
:1047200016C2030041C2030058C2030079C203004D
:1047300087C20300A6C20300C2C20300FDC103007A
:10474000E8C10300E6C2030004000001044B5A69FB
:1047500042F010025A615A6922F008025A61704709
:1047600000ED00E0EFF30880EFF3098101B5724638
:10477000FFF7E6FE01BD00BF002080F31488BFF301
:104780006F8F134880F3088802F00CFB002011495A
:104790000860BFF34F8F00F033F8202080F31188BA
:1047A0000D484FF0AA014FF4046232F02EFC0A4883
:1047B0004FF40461401880F30988EFF3148002215C
:1047C000084380F31488BFF36F8F00F0EFF8000008
:1047D00000F4012094ED00E0406A01200749D1F87F
:1047E00090200023C2F307221846934200DB704753
:1047F000C1F89830C1F8A0000133F6E700ED00E001
:1048000008B572B6002383F31388FFF7E7FF144B54
:104810004FF0FF32C3F88020C3F88420C3F888200B
:10482000C3F88C20C3F89020C3F89420C3F89820D4
:10483000C3F89C20C3F88021C3F88421C3F88821E1
:10484000C3F88C21C3F89021C3F89421C3F89821B0
:10485000C3F89C2162B6BFF34F8FBFF36F8F08BDC3
:1048600000E100E0084B9B6883420BD1EFF3058326
:1048700043B1064B5A6842F080525A605A6A22F499
:1048800000425A6217F030BE045C012000ED00E0E7
:1048900016498A684FF030001044EFF3098C80E825
:1048A000F01F202080F31288BFF36F8F104F4FF05E
:1048B00000664A698A603E604FF0A80414192068B7
:1048C0000C4C2060D2F8AC000023C2F8AC3080F36E
:1048D000118804B5104600F009F9BDE8044002F162
:1048E000300090E8F01F8CF309887047045C0120C9
:1048F00004ED00E0789D00201EF0040F0CBFEFF3E4
:104900000880EFF30980816911F8021C0229FFD0A9
:1049100001B572461BF092FA01BD00BF40B20028FB
:1049200007DB044A4109012300F01F00834042F8DD
:104930002130704700E100E040B200280CDB430961
:10494000064900F01F0020330122824041F8232055
:10495000BFF34F8FBFF36F8F704700BF00E100E0E0
:10496000054B420900F01F0053F82220012303FAEF
:1049700000F01040704700BF00E100E040B20028A6
:10498000A8BF00F1604001F10101B8BF064B4FEA3A
:104990004111ACBF00F5614000F00F00C9B2B4BFD7
:1049A000195480F80013704714ED00E00B4A08B565
:1049B0000B4B22F07F029A60BFF34F8FBFF36F8FD4
:1049C000D3F8882022F47002C3F8882016F0CEFFB6
:1049D00017F0F0FE00F060F817F010F8000000008B
:1049E00000ED00E042F8203C009B42F81C3C0A49E4
:1049F000019B42F8183C029B42F8143C21F0010153
:104A00004FF0807342F8043C42F8081C0023203A1F
:104A10000265C0F8AC307047C90D00000A4A034671
:104A2000906878B113F1160FD0F8980005D0A0F176
:104A300040029A4205D8834203D2814228BF002017
:104A400070470020704700BF045C012008B5154680
:104A50000A4A0B4B9060D0F8A8201A600E4600F06E
:104A600045F82C4686F309880020064B98472046D7
:104A7000002100220023044C204700BF045C0120D9
:104A8000789D002063FE0100C90D0000014B10223B
:104A90001A61704700ED00E0044800232021C2188D
:104AA0000133302B82F80013F9D1704700E100E0A8
:104AB00008B5EFF30583064A103B02EBC30152F839
:104AC000330049688847BDE80840FFF793BB00BF43
:104AD000D0790300024B034A0348012100F092B849
:104AE000000004200000002040860300D0F8982039
:104AF000054B403A1A60054A4021C3E901121846A5
:104B0000012100F089B800BF7C9D002000000B153A
:104B100008B503461148D0F89020C2F30722013AA5
:104B200093420AD90E480268520703D00D4A012168
:104B300019F018FF6FF0150008BDC0F898300A682A
:104B400022F01F021A4342F01002C0F89C208A682B
:104B500042F00102C0F8A0201846EDE700ED00E0A9
:104B600034080020FDC20300F0B50E4685B01F4694
:104B700004460025B54210DA606828B3AFB1431E81
:104B800018420DD0124803685B0704D0114A2B4627
:104B9000012119F0E7FE6FF01502104605B0F0BDD7
:104BA0001F28EFD921680B42ECD1236801931BF039
:104BB0007BF9A36801A90343D0B20393FFF7A8FFD1
:104BC00010F1160FE7D0421C01350C34D2E700BFBC
:104BD0003408002023C30300044B0522C3F89420AB
:104BE000BFF34F8FBFF36F8F704700BF00ED00E042
:104BF000BFF35F8F024B0022C3F89420704700BFC1
:104C000000ED00E010B5034C01232278FFF7ACFF64
:104C1000207010BD4F5E012008B50B4A00231278AA
:104C2000FFF7A2FF10F1160F07D0084A0021D2F8B3
:104C30009030C3F30723984200DB08BDC2F8980008
:104C4000C2F8A0100130F2E74F5E012000ED00E055
:104C50002DE9F04357485849D0F890300D68C3F318
:104C600007239D4285B000F2A180FFF7C1FF49688C
:104C70000022954201F10C011AD1504C504F257081
:104C80006846FDF7B5F8DFF83C81DFF83C91064651
:104C90000025AE421FD1237846490020D1F890204C
:104CA000C2F3072293427BDBFFF796FF00204CE024
:104CB000C0F8982051F80C3C23F01F03134343F035
:104CC0001003C0F89C3051F8043C43F00103C0F8D5
:104CD000A0300132CDE7009800EB05114FEA051C2A
:104CE000CB683B40B3F5000F44D00AD8B3F5001FA2
:104CF0002ED0B3F5800F34D0B3F5801F10D001351E
:104D0000C7E7B3F1807F3ED0B3F1007FF7D150F811
:104D10000C3088684A681BF0C7F840F4802009E02E
:104D200050F80C3088684A681BF0BEF840F0885094
:104D300040F43020039001A92078CDE90123FFF74A
:104D4000E7FE002828DA6FF0150005B0BDE8F08313
:104D500050F80C3088684A681BF0A6F840EA080052
:104D6000E8E750F80C3088684A681BF09DF840EA84
:104D70000900DFE750F80C3088684A681BF094F8A7
:104D800040F08270D6E750F80C3088684A681BF013
:104D90008BF840F08870CDE7237801332370AEE7BD
:104DA000C1F89830C1F8A000013377E74FF0FF3029
:104DB000CBE700BF00ED00E04C8603004F5E012012
:104DC0000000F0FF0000081100000202F0B587B0FB
:104DD00007460E4614460021102268461D4632F052
:104DE00089FC02238DF802302A46054B01932146A7
:104DF0006846CDE9047618F0FDFA07B0F0BD00BFB3
:104E0000C9FE010008B5024B1B689847002008BD89
:104E1000889D0020034B044A1860937843F00203F6
:104E200093707047889D00202805002008B506492A
:104E3000064821F00701C1F1005202F5802219F065
:104E40002DF8002008BD00BF87FA01208C9D0020AE
:104E500008B500F0B7F80A4941610A490122C0E9E2
:104E600000220A6008490A60084A00231360084AC1
:104E700003611360C0E90233064A136008BD00BF36
:104E800058B103005405002050050020A09D0020CB
:104E90009C9D0020989D00202DE9F04107460E467C
:104EA000154600F08FF8C36804461BB943691A78A9
:104EB000002A41D10023E3606368BB4256F82320F7
:104EC00008DB324B6361204600F062F84FF0FF30A0
:104ED000BDE8F081511C616192F80080B8F12D0F9E
:104EE000EFD1911C61615178A1602D2904D1927894
:104EF0006AB901336360E4E749B9244B6361414611
:104F0000284632F00FFC0028DDD0C4F80880D4F821
:104F100008802846414632F005FCB8F13A0F636933
:104F200000D070B91B7813B9636801336360204601
:104F300000F02EF83F20CBE75A1C42611B788360BB
:104F4000E5E742783A2A0BD0002222611B7813B998
:104F5000636801336360204600F01AF8A068B7E781
:104F600018786268094928B901329742626004DD05
:104F700056F82230C4E90431EAE761612D783A2D10
:104F80002046D5D100F004F82846A1E758B1030027
:104F9000074B02681A60074B42681A60064B82682A
:104FA0001A60064BC2681A60054B02691A607047A6
:104FB0005405002050050020A09D00209C9D00204D
:104FC000989D002000487047380500200E4A0123B4
:104FD000C2F840354FF080424FF08051C2F878352A
:104FE000D1F83001082808D1D1F83411052904D8A6
:104FF0000648415C09B1C2F838364FF080430122BF
:10500000C3F880250020704700E001405CC3030026
:1050100020B1034B800143F001031847704700BFE4
:10502000307E0300084B70B5C31A0D4607499B102C
:1050300004465943064840221BF083F82B4601469C
:105040002046BDE870401847B89D0020B76DDBB61C
:105050002879030073B50C4C0C4A4023041B0093C1
:105060000D460B460A49A4106143064609481BF049
:1050700093F8011E05DA30462B4602B0BDE87040B9
:10508000184702B070BD00BFB89D002001020200A9
:10509000B76DDBB62879030010B5EFF31184202338
:1050A00083F31288BFF36F8F074A136823F002015E
:1050B000DB07116002D401201BF0F8FB84F3118898
:1050C000BFF36F8F10BD00BF089E0020002270B597
:1050D000012104461046FFF751FC0F4801F0ECFF98
:1050E0000E4B984215D101F0F7FF26690C49304666
:1050F00019F041FA00280BDB0125356424690849C1
:1051000004F11C0019F037FA002801DBE5640020E7
:1051100070BD6FF00400FBE7255200000000AD0BEE
:105120006C8603007FB500220123CDE9022304AB86
:10513000CDE90433094ACDF800D06B46CDF804D050
:105140001BF057F8002805DB4FF480420023684627
:1051500016F000FE07B05DF804FB00BF1F0202005E
:1051600030B4104B0C2202FB003301460020D3E97F
:105170000E529863EFF31180202484F31288BFF35A
:105180006F8F1C6C04F0C00444F002041C6480F3B4
:105190001188BFF36F8F1DB12B46034830BC1847F1
:1051A00030BC7047B89D00202879030010B4EFF39D
:1051B0001182202383F31288BFF36F8F1748016891
:1051C00041F002040460C80707D482F31188BFF3DA
:1051D0006F8F012010BC01F091BF4FF08041D1F8DA
:1051E0000C04D1F80C14C907EFD5EFF3118083F349
:1051F0001288BFF36F8F0A490B6C03F0C00343F0B2
:1052000002030B6480F31188BFF36F8F82F3118860
:10521000BFF36F8F002010BCFFF7A2BF089E0020D5
:10522000B89D002010B1012804D07047034B1B6CBF
:105230005B0701D1FFF794BF704700BFB89D002006
:105240002DE9F0413849BFF35B8F0746012251E851
:10525000003F41E800200028F9D1BFF35B8F33B94C
:10526000324933484B60CB608A6019F097F97B1E56
:10527000012B2BD8012F07D14FF08043D3F81C34DA
:1052800003F00303012B21D031F04EFF0546F8B99E
:10529000284B1B78E3B14FF080430222C3F8082368
:1052A0000646DFF894804FF08044D4F81824D4F8F0
:1052B0001834D20315D503F00303012B01D0012FBD
:1052C0000FD155B386F31188BFF36F8FBDE8F0811E
:1052D000EFF31186202383F31288BFF36F8F01252C
:1052E000DFE7ADB130461AF0D0FDD4F81835002B09
:1052F000DBD1D4F80421002AD7D0C4F80431D4F883
:1053000004310123C4F81835C8F88031A360CCE714
:105310000021212031F0BAFFE7E74FF0804302225D
:10532000C3F80423D2E700BFB49D0020A49D002051
:10533000D49D0020845E012000E100E008B507480C
:1053400031F038FE38B10648FFF764FD0448FBF73A
:1053500035FD002008BD6FF01200FBE770790300F7
:10536000655300000A2838B5074D044604D1AB68E0
:105370000D215B6828469847AB6803485B68E1B23B
:105380009847204638BD00BF70790300F0B54068EB
:10539000057B01F01F0444EA4514056987B0002D20
:1053A00064D0B2F5001F00F1100506D12146284651
:1053B0001BF00DFB002007B0F0BD01AE0027B2F5D9
:1053C000800F0197776039D1B3F1007F14BF0523B7
:1053D00004238DF804300023CDE90463039383682C
:1053E00023FA01F111F001011AD1B2F1A07F17D116
:1053F00004F01F03620903F5E0732AD0012A3BD1B0
:105400001F4A52F82330DB070AD40DF10306324657
:105410002146284602F05AF91A4B98421CD00296AF
:1054200003AA2146284602F013F8174B984220D1D0
:1054300001222146284602F0ADF9BBE7B3F1C06F67
:1054400005D0B3F1007F14BF01230223C1E703237A
:10545000BFE74FF0A042D4E73146284602F094F966
:10546000094B9842DBD06FF00B00A4E76FF085008A
:10547000A1E76FF015009EE751F82330FFDE00BF73
:10548000000300500400AD0B0000AD0B38B54568BB
:105490002B69B3B11035284602F066F9044680B98D
:1054A0000146284602F02CF9084B98420BD10849D6
:1054B0002246284602F004F9224605210620FFF77D
:1054C0005DFA002038BD6FF00400FBE70000AD0B73
:1054D000D5540000420970B5034602D0012A17D006
:1054E00070BD0D4E326951680029F9D003F01F03D9
:1054F00001250C689D400029F2D08A682A4002D01C
:105500004B68304698472CB1236821461C46F2E789
:10551000024EE7E72346F8E7587903004079030095
:105520002DE9F043466840F20635D006337B87B05C
:1055300002EA050554BFC2F34010032001F01F0723
:10554000B5F5837F144647EA43178DF8030045D02D
:105550000FD8062D18D007D8B5B1022D40D06FF066
:10556000150007B0BDE8F083B5F5807FF7D10125C0
:105570000AE040F20222954234D0B5F5407F33D0A4
:10558000B5F5007FEBD102250123220303FA01F1D7
:105590002CD57368C3F80815326982BB07F01F0366
:1055A0007F0929D0012F77D13E4A02EB830284F490
:1055B0008033D2F80017C3F30043C4F3404444EAF5
:1055C000430421F4E16144EA800421F0070144EA44
:1055D00005230B43C2F800370020C2E70725D3E7B5
:1055E0000425D1E70525CFE70325CDE7630344BFB5
:1055F0007368C3F80C15CFE74FF0A042D5E710361B
:105600000DF102023946304602F060F814F4403FD2
:1056100080460CD1394630461BF0D7F9224B9845CD
:10562000DAD19DF80210304602F0A8F8D4E701ABB9
:105630004FF0000903AA39463046CDE90439CDE9D7
:105640000199CDF80C9001F003FF174B984286D1D9
:1056500014F4003315D09DF803308DF80E3084F427
:105660008034C4F300444B4603AA394630468DF8D3
:105670000C508DF80D4001F0A5FF0B4B9842CDD09A
:105680006DE7CDE9043303AA0DF103033946304633
:10569000039301F0DDFEF0E703F5E07352F82330E9
:1056A000FFDE00BF000300500000AD0B036803F0F5
:1056B0001F025B09026004D0012B034818BF0020C1
:1056C00070474FF0A0407047000300502DE9F04FA5
:1056D000DFF89491DFF894A185B01546834600EB7E
:1056E000810140F2FF18594503D1002005B0BDE803
:1056F000F08FDBF800305E04C3F3C322C3F3080469
:1057000000F1AC801B0E19F80270444508BF4FF041
:10571000FF34222B00F2A580DFE803F012191F22CC
:10572000252B22A3A3A3A33B68A3A3A3A3A3A3A363
:10573000A3A36B818487A3A3A38A9194979A9D00C6
:10574000C5F80C45601C5ED10BF1040BCBE7C5F826
:105750001445621CF8D000265FE0C5F80845F1E763
:10576000C5F81045F5E7631CC5F80845ECD00026E0
:1057700004E0661CC5F80C45E6D0012603A8039496
:10578000FFF794FF039B012202FA03F3C0F80C35E4
:1057900008E0C5F80845002FDBD1631CD4D00026F3
:1057A00032460627DBF80030019303F4004000285E
:1057B00018BF002203A8009218BF01260394FFF728
:1057C00075FF039C019B009A00EB8400C3F3412CFE
:1057D000D0F800473B0243EA8C03134304EA0A046F
:1057E000234343EA4603C0F80037ADE7C5F80C454C
:1057F000D1E7C5F86045601CDBF80030A4D0C3F3E6
:105800000043002BB9D003A80394FFF74FFF039B7D
:10581000012606FA03F3C0F808353246C2E7C5F898
:105820006445E8E7C5F86845E5E7C5F86C45E2E793
:10583000C5F82445621C87D000220126B2E7C5F8CE
:1058400028457FE7C5F83045F4E7C5F83445F1E76A
:10585000C5F83845EEE7C5F83C4573E76FF015002D
:1058600044E76FF0850041E7BDC30300F0F8FCFF9B
:105870002DE9F041044647680D4631F055FC4FF0E4
:10588000200888B9264B1B7873B1642660681AF02B
:10589000D5FDF0B901201AF0FBFF013EF6D1002141
:1058A000212031F0F3FCF0E7EFF31186314688F365
:1058B0001288BFF36F8F60681AF0C0FDA8B986F335
:1058C0001188BFF36F8FEFE786F31188BFF36F8FF7
:1058D000E5E7EFF31186314688F31288BFF36F8F47
:1058E00060681AF0ABFD0028EED0BB691D706368DC
:1058F000BA691B680020C3F844250122C3F8482573
:10590000C3F82001D3F82041C3F85801D3F8580157
:105910009A6081F31188BFF36F8FBDE8F08100BFFB
:10592000845E0120F7B50546002201210220FFF721
:1059300025F80220FEF7F2FF6A6811681369C1F8C2
:105940002435137D507D927D03431343C1F86C359C
:105950006E68D6E9004313F0010353D02F6907F1B5
:105960000C001AF0A1FF344B98420BD03348036867
:105970005B0703D0324A012118F0EBFF6FF00400FF
:1059800003B0F0BD387B04F10C0204F590711AF0FD
:1059900081FF387B012707FA00F001F025FB08237F
:1059A000C4F80035B369C4F844350023C4F8483559
:1059B000A760D4F85831002BFBD00021C4F80015A3
:1059C0006B68DC6801AA20461AF081FC002805DB20
:1059D000019B226819791868FFF778FE6A681368D6
:1059E0000821C3F80015117A51B9D269C3F83425DA
:1059F0000122C3F83825C3F81011D3F810111A602A
:105A00000020BDE70822C4F80025B269C4F8442587
:105A1000C4F848350123A360D4F82031002BFBD013
:105A20000023C4F82031D4F820310123E3604FF47F
:105A30008073C4F80433BCE70000AD0B58080020A5
:105A4000C5C303002DE9F04383B045680669D5F866
:105A5000208000AF3A1D002140461AF038FC041E99
:105A60001DDB7B68D8F8002019791868FFF72EFE37
:105A7000041E14DB696A481C21D005F1280000F0DF
:105A800081FB10F1130F04460ED1354803685A0705
:105A900003D0344A01211AF06EFD6FF01204204643
:105AA0000C37BD46BDE8F083431D08D12C48036880
:105AB0005D07F4D02C4A01211AF05DFDEFE7EB6998
:105AC0009847B5684FF00108D6E9023203EBC203EC
:105AD0009D4204D330461AF07CFD0024DFE728689D
:105AE00031F068FA0346C8B91D4802685107D4D09E
:105AF0002A68297916686C468AB06A461B4DD161BE
:105B00004FF4007111841A49C2E9055642F8101F7A
:105B10004FF41151FBF71EFEA546BEE72868297910
:105B2000EB88D0F810C0D0F80890DCF80040DA0715
:105B300054BF43F4B01383F4D01323F4801208FA53
:105B400001FEDB074CBF44EA0E0424EA0E04CCF845
:105B50000040D9F800309847041EA0DB0835B3E7B1
:105B60004808002008C4030033C4030050C40300E5
:105B7000040000017FB5054640682A69536ED16E66
:105B8000E3B9A9B1146E91671E460B46926E02925C
:105B9000CDE90046EAB1002918BF19460391002259
:105BA000694602F06BF80D4B984214D06FF0040177
:105BB000284604B0BDE870401AF035BD146E11B12E
:105BC0008B4228BF0B46002C936714BF1E4600264D
:105BD000DCE71146E2E704B070BD00BF0000AD0B8A
:105BE00010B503780C46002B5ED18A6F32B9606F16
:105BF0006FF07301BDE810401AF015BD4B6E4BB14C
:105C00009A4220D9294803685B0703D0284A01211A
:105C10001AF0B1FC2368A26F9B88D90742BF236F9B
:105C20009B182367E36E4BB19A4224D91F4803683F
:105C30005B0703D01E4A01211AF09DFC606FBDE88E
:105C40001040FFF797BF9B1A4B6673B90B6D083373
:105C50000B654B6D013B4B6501F1640204F1500093
:105C600054311AF08FFC2066D4E70B6E002BD1D094
:105C700013440B66CEE79B1AE3667BB9A36D08332A
:105C8000A365E36D013BE36504F16C0204F15C0183
:105C900004F158001AF076FCA066CFE7A36E002B43
:105CA000CCD01344A366C9E710BD00BF480800204C
:105CB00074C403002DE9F04F8BB000AFC7E9023286
:105CC00043687B608B8804699E04804689462FD494
:105CD0004FF0FF324FF0FF3304F1100016F03AF8A6
:105CE000C4F8049097F8503084F84C307B6D6364AE
:105CF000BB6DA364D8F810A0D8F804B09AF87D3032
:105D000023B1DAF80030994500F01181B9F8046048
:105D100016F4006318D0714803685D070FD16FF067
:105D200085050023636004F1100015F0DFFF66E1D4
:105D3000A369002BCCD163689942C9D1D2E7684AE4
:105D400001211AF018FCEAE7F0071AD56348026847
:105D5000510702D16FF01505E3E76D4688B0D8F81A
:105D600000106A465F4EC2E905614FF400719183ED
:105D70005D4942F8101F4FF4E251FBF7EBFCAD46D2
:105D8000E8E7320708D5554803685B07E2D0574A71
:105D900001211AF0F0FBDDE7C6F34513082B05D00F
:105DA0004E4803685E07D5D0514AF1E7D9F8005054
:105DB000504B9D4205D8494803685D07CAD04E4AFA
:105DC000E6E70BF1080EBEE80F0007F1140CACE893
:105DD0000F00DEF80030CCF80030484B9D4258D917
:105DE000474B9D4258D9474B9D4258D9464B9D42FF
:105DF00058D9464B9D4258D9454B9D422CBF4FF038
:105E000000454FF08045B107FD6106F004034FD512
:105E1000002B14BF0323022387F82030C6F300139E
:105E200087F82130DBF80030D3F8083516F0020F80
:105E30004FEA5312C6F3400103F01F033FD1002A7B
:105E40003AD0012A40F070813249012202FA03F36C
:105E5000C1F80C359AF87D302BB1584601F0D6FECA
:105E600000238AF87D302C4A534607F11401584626
:105E700001F098FE294A9042034653D01748026821
:105E8000520703D0264A012118F06CFD6FF004057B
:105E900047E74FF00075B6E74FF08065B3E74FF086
:105EA0000065B0E74FF08055ADE74FF00055AAE729
:105EB000003B18BF0123AFE74FF0A041C5E74AB14F
:105EC000012A40F034811349012202FA03F3C1F898
:105ED0000835BFE74FF0A041F6E700BF48080020B3
:105EE00092C40300ACC4030003000001CEC403004D
:105EF000EDC4030047E801001CC503008FD0030078
:105F00001FA107003F420F007F841E00FF083D00D5
:105F100000127A0000030050E15B00000000AD0BAE
:105F20004DC5030001238AF87D30CAF80090012393
:105F300084F87C307B68596A4E1C0ED003F128002F
:105F40001AF0A6FB743008D17B48036813F0060FE3
:105F500003D07A4A02211AF00EFBFB68002B53D1C2
:105F600023650023636504F1640204F1540104F124
:105F700050001AF007FBBB682066002B4CD1A365CC
:105F80000023E36504F16C0204F15C0104F15800A4
:105F90001AF0F8FAA066206800232364236748B14A
:105FA00083683BB1012108301AF0FFFA23681869B1
:105FB00030F0FBFF4046FFF7DDFD94F84C202368EE
:105FC000002A31D09A8812F0010500F0A380256FD5
:105FD00015F1740F5BD023682BB19A681AB19A88B7
:105FE000D20440F18E80002DFFF69BAE23689B8883
:105FF0009B0404D494F84C30002B3FF492AE284616
:106000002C37BD46BDE8F08FFB681B682365002B6D
:10601000A7D0FB685B68A5E7BB681B68A365002B7E
:10602000AED0BB685B68ACE7998811F0010151D133
:10603000656D0A46AA423FD10022E66D1546B5427B
:1060400041D18A4238BF0A464FF4FA5101FB02F5AA
:106050001B68B5FBF3F54FF40046C83540F2E73056
:1060600000214FF47A720023E5FB0601FAF798F855
:1060700002460B4604F1280015F06CFE70B32E4862
:1060800003685D0703D02E4A01211AF074FA002537
:106090007868A56701F0BAFD84F87D506FF0730150
:1060A00040461AF0C0FA04F1280015F079FE236882
:1060B000F3B96FF0730534E6206D00EBC2000132D6
:1060C00040680144B6E7A06D00EBC50001354068AB
:1060D0000244B4E74FF0FF321346CBE72368256C48
:1060E0009B88D8077FF574AF002D7FF471AF6EE702
:1060F0009A68002ADDD09A88D1046FF073053FF5C5
:1061000010AE186930F051FF2068002108301AF0F5
:106110004CFA68E7996829B112F480527FF466AFAF
:106120001546EEE70D4661E7C1F80C15FFDE0023CA
:10613000C3F80835FAE700BF4808002074C503001B
:106140009EC5030000F01F0240090DD001280ED1AA
:106150000A4B03EB82030A4AD3F80007024042EAE3
:106160008102C3F8002770474FF0A043F1E702F522
:10617000E072002353F82230FFDE00BF000300501E
:10618000F0F8FCFFF0B587B001238DF80230022350
:106190008DF804306B4403930F4601AB0DF10301FE
:1061A0000024049305460291059401F0EDFA0C4B8E
:1061B000984206460FD103AA3946284601F048F90D
:1061C000B0420BD09DF80310284601F0D7FA6FF0CB
:1061D000040007B0F0BD6FF01200FAE72046F8E7C0
:1061E0000000AD0B2DE9F0474568D0F8108000AFF6
:1061F0000646E86B1AF08EFA041E1FDB296C481C59
:1062000020D005F14400FFF7BDFF10F1130F044645
:106210000AD1374803685A0703D0364A01211AF0D9
:106220005FFA6FF0120409E0431D0BD13048036898
:106230005D0703D0304A01211AF052FA2046BD46CC
:10624000BDE8F0876B6B9847D8F808504FF001090C
:10625000D8E9023203EBC2039D4208D340461AF04C
:106260009DFA7368D86B1AF055FA0024E6E728689F
:1062700030F0A0FE0346C8B91D4802685107D0D0CF
:106280002A68297916686C468AB06A461B4DD16126
:106290004FF4007111841A49C2E9055642F8101FE3
:1062A0004FF41151FBF756FAA546BAE72868297949
:1062B000EB88D0F810C0D0F808A0DCF80040DA076E
:1062C00054BF43F4B01383F4D01323F4801209FABB
:1062D00001FEDB074CBF4EEA040424EA0E04CCF8AE
:1062E0000040DAF800309847041EA7DB0835AFE716
:1062F0004C08002008C4030033C4030050C403004A
:10630000040000012DE9FF410569D0F80480EB6E1F
:106310000646686E002836D1002B56D0B8F83840B3
:106320002A6EAF6E9C4228BF1C46AB6E5BB1E96E15
:1063300049B107F06041B1F1005F04D0082CD5F8F5
:10634000847028BF082400922A6EAC671AB16A6E66
:10635000002A18BF2246CDE901271BB1EB6E002BA6
:1063600018BF2346002269464046039301F078FF98
:10637000184B98422BD06FF00401304604B0BDE8B2
:10638000F0411AF02DBA296EAF6EB8F838400A46BF
:10639000BBB1834228BF03469C4228BF1C4600294C
:1063A000C3D001F06043B3F1005FBED0082C28BF1A
:1063B00008242246D5F8800031F074F9D5F8802001
:1063C000B3E7844228BF0446E9E71946D5E704B09D
:1063D000BDE8F0810000AD0B10B502780346002A3D
:1063E0006DD10C69A26F32B9606F6FF07301BDE8B7
:1063F00010401AF0F5B9A06E48B1E16E39B1DB6812
:106400002BB1834203D0D4F8841031F04BF9636E82
:10641000A26F4BB19A4220D9294803685B0703D089
:10642000284A01211AF05CF92368A26F9B88D907DA
:1064300042BF236F9B182367E36E4BB19A4225D965
:106440001F4803685B0703D01E4A01211AF048F970
:10645000606FBDE81040FFF755BF9B1A63667BB9BC
:10646000236D08332365636D013B636504F16402AA
:1064700004F1540104F150001AF039F92066D3E711
:10648000236E002BD0D013442366CDE79B1AE3661E
:106490007BB9A36D0833A365E36D013BE36504F1AC
:1064A0006C0204F15C0104F158001AF020F9A066B6
:1064B000CEE7A36E002BCBD01344A366C8E710BD74
:1064C0004C08002074C403002DE9F04F8FB000AFDA
:1064D000C7E9023243687B608B8804699B0480466D
:1064E000894632D44FF0FF324FF0FF3304F11000F1
:1064F00015F030FCC4F8049097F8603084F84C3004
:106500007B6E6364BB6EA364D8F804B0D8F810A0A7
:10651000DBF808303B609AF87D3023B1DAF80030C0
:10652000994500F0F180B9F804E01EF4006318D03A
:10653000A04803685E070FD16FF0850500236360F4
:1065400004F1100015F0D2FB2FE1A369002BC9D193
:1065500063689942C6D1CFE7974A01211AF0C0F883
:10656000EAE71EF0010F19D092480268550712D0D1
:106570006D4688B0D8F800106A46904EC2E90561B1
:106580004FF4007191838E4942F8101F4FF4E2518D
:10659000FBF7E0F8AD466FF01505CFE71EF0080FEA
:1065A00008D0844803685907F5D0864A01211AF0BB
:1065B00097F8F0E7CEF34513082B05D07D48036824
:1065C0005A07E8D0804AF1E7D9F800C07F4B9C45D4
:1065D00005D8784803685B07DDD07D4AE6E70BF114
:1065E0000C060FCE07F110050FC50FCE0FC53B6887
:1065F000634528BF63469C4696E80300754B9C455F
:1066000085E8030017D2744B9C4514D2734B9C450C
:1066100011D2734B9C4555D8724B9C4554D8724B44
:106620009C4553D8714B9C4552D87149714B724A65
:106630008C4588BF13461EF0020F7B620EF00403E8
:1066400048D0002B14BF0323022387F82830CEF351
:10665000001387F82930DBF80030D3F808351EF036
:10666000020F4FEA5312CEF3400103F01F0338D15B
:10667000002A33D0012A40F056816049012202FAF3
:1066800003F3C1F80C359AF87D302BB1584601F070
:1066900099FD00238AF87D30594A434607F11001DD
:1066A000584601F05BFD574A9042034627D04148C7
:1066B0000268560703D0544A012118F053F96FF0CD
:1066C00004053BE7514BB6E7514BB4E7514BB2E7FA
:1066D000514BB0E7003B18BF0123B6E74FF0A04194
:1066E000CCE74AB1012A40F021814449012202FA53
:1066F00003F3C1F80835C6E74FF0A041F6E70123E0
:106700008AF87D30CAF80090012384F87C307B68D9
:10671000196C4D1C0ED003F1440019F0B9FF743010
:1067200008D12448036813F0060F03D03B4A022126
:1067300019F0D6FFFB68002B72D123650023636537
:1067400004F1640204F1540104F1500019F0CFFF88
:10675000BB682066002B6BD1A3650023E36504F1C1
:106760006C0204F15C0104F1580019F0C0FF002232
:10677000A066226422670121204619F0EFFF4046FF
:10678000FFF7C0FD94F84C302668002B58D0B38832
:10679000D80700F1C080002523689B889B0404D49F
:1067A00094F84C30002B3FF4C9AE28463C37BD4628
:1067B000BDE8F08F4C08002092C40300ACC4030075
:1067C00003000001CEC40300EDC4030047E801004C
:1067D0001CC503000048E8010024F40000127A0000
:1067E000FF083D007F841E003F420F001FA10700ED
:1067F0008FD0030048E8010090D003000003005050
:10680000D96300000000AD0B4DC5030000093D0039
:1068100080841E0040420F0020A1070074C50300C1
:10682000FB681B682365002B88D0FB685B6886E7E4
:10683000BB681B68A365002B8FD0BB685B688DE7C6
:10684000B28812F001024FD1606D134683423DD1F0
:106850000023E56D1946A9423FD1934238BF134644
:106860004FF4FA5202FB03F540F2E7303368B5FB10
:10687000F3F54FF40046C83500214FF47A72002337
:10688000E5FB0601F9F78CFC02460B4604F12800F3
:1068900015F060FA60B327480368590703D0264A09
:1068A000012119F01DFF00257868A56701F08AFC19
:1068B00084F87D506FF07301404619F091FF04F1A8
:1068C000280015F06DFA6FF0730537E6216D01EBC6
:1068D000C301013349680A44B8E7A06D00EBC10069
:1068E000013140680344B6E74FF0FF321346CDE76D
:1068F0002368256C9B88DA070ED565B115F1740FF6
:10690000D1D00022D8F81000114619F027FF002D31
:10691000BFF642AF12E6256F15F1740FC3D0002DFC
:106920003FF439AFEDE7C1F80C15FFDE0023C3F8E3
:106930000835FAE74C0800209EC5030070B5012316
:1069400083400E4ABFF35B8FDC4352E8001F01EA2D
:10695000040542E80056002EF7D1BFF35B8F4FF4D9
:10696000803282400648C0F80823BFF35F8FBFF330
:106970006F8F0B4214BF0120002070BD289E0020A5
:106980000010014070B40E49D1E90034D01AC31888
:1069900044F1000422F07F46C1E90034A6F500135B
:1069A000B3F5400F09D2074B1B681A0A1B069C1946
:1069B000054B42F10005C3E9004570BC15F0BABFB4
:1069C000601100202C9E00206811002011B3BFF33D
:1069D0005B8F0123104A834052E800CF4CEA030C3E
:1069E00042E800C10029F7D1BFF35B8F0B4A4FF497
:1069F00080338340C2F80433094BBFF35B8F1B68BD
:106A0000BFF35B8FC340DB0742BF064B4FF400323E
:106A1000C3F80021704700BF289E002000100140ED
:106A2000249E002000E100E00D4B1868010A0006DA
:106A3000BFF35F8F0B4BD3F80435181841F10001F9
:106A4000B3F5801F0AD2084BD3E90023904271EBC3
:106A5000030303D210F1807041F10001704700BFC1
:106A60002C9E002000100140681100202DE9F04FFD
:106A700085B016461F469DF840A00446FFF75EFF0E
:106A80000190FFF7D1FFB04271EB070354D23E4BA8
:106A9000301A67EB0101984271F100014FD23B4B74
:106AA00003EB0413D3E902239F4208BF96425ED052
:106AB00037494FF4803804F1500508FA04F8AD0066
:106AC000C1F848832046ADB219F0C6FE26F07F4BD0
:106AD00005F1804504F5A87305F58835DC464FF0CF
:106AE00003090293029A2CF07F4341F82230C1F847
:106AF0004483D1F80435274A6FF00200C01A60447D
:106B000020F07F40904232D9286868B1D1F804352E
:106B10000393A3EB0B0020F07F40B0F5000F26D9C4
:106B2000204619F099FE039BBAF1000F07D109EB3B
:106B3000030C09F10109D5E7BAF1000F09D06FF094
:106B4000150520460199FFF741FF284605B0BDE82D
:106B5000F08F0123104ABFF35B8FA34052E8000F70
:106B6000184342E800010029F8D1BFF35B8F0749C1
:106B70000E98230101EB0412C8500F9B5360C2E929
:106B800002670025DDE700BF0100800050110020F2
:106B900000100140FDFF7F00249E00207FB51C4CAB
:106BA0001C4BC4F80833C4F848331B4B00254FF086
:106BB000FF304FF0FF31C4F80855C3E902014FF42C
:106BC0008033C4F80433154B02264FF40032012100
:106BD000C4F804631120C3F880212A46FDF7CEFED5
:106BE0001120FDF79BFE0E4A0123A3602360136072
:106BF0000C4B0D4A0093CDE9015500232846FFF7C1
:106C000035FF3046FEF71CFB284604B070BD00BFC0
:106C10000010014003000F005011002000E100E0CF
:106C2000289E002085690000FFFF7F002DE9F743C3
:106C30002F4CD4F8043399070BD5D4F8043143B161
:106C40002C4A0023C4F80431D4F80431136801330A
:106C50001360D4F80433DA0329D5BFF35B8F264BD6
:106C600053E8002F22F0010143E800100028F7D17B
:106C7000BFF35B8FD30702D4D4F84031BBB10025FA
:106C8000C4F84051D4F84031FFF7CEFEEFF3118243
:106C9000202383F31288BFF36F8F184BD3E9026769
:106CA000B042B94106D282F31188BFF36F8F03B0AF
:106CB000BDE8F0834FF0FF384FF0FF39C3E9028998
:106CC000D3E900101D604FF48033C4F84833C4F892
:106CD0004051D4F8403182F31188BFF36F8F0029FF
:106CE000E5D0009032463B4628468847DFE700BFA4
:106CF000001001402C9E0020249E002050110020F6
:106D000030B5431C124C85B005D08442A8BF044660
:106D1000012CB8BF0124FFF787FE0E4B0C4DD3E9C1
:106D20000013401AB0F5000F10D22218AA4228BF53
:106D30002A4652184FF0000007490091CDE90100A2
:106D400043F10003FFF792FE05B030BD2A46F0E79D
:106D5000FFFF7F00601100208569000008B5FFF784
:106D600063FE024B1B68C01A08BD00BF6011002003
:106D70004FF08053D3F83021082A06D1D3F83431AC
:106D8000052B02D8024AD05C70470020704700BF34
:106D900015C60300024AD2F80034002BFBD070471E
:106DA00000E0014010B54FF08053D3F83021082A9D
:106DB0004ED14FF080420021C2F80C11C2F81011E0
:106DC000C2F8381502F54042D3F80414C2F8201571
:106DD000D3F80814C2F82415D3F80C14C2F82815F7
:106DE000D3F81014C2F82C15D3F81414C2F83015C7
:106DF000D3F81814C2F83415D3F81C14C2F840158F
:106E0000D3F82014C2F84415D3F82414C2F8481556
:106E1000D3F82814C2F84C15D3F82C14C2F8501526
:106E2000D3F83014C2F85415D3F83414C2F86015EE
:106E3000D3F83814C2F86415D3F83C14C2F86815B6
:106E4000D3F84014C2F86C15D3F84434C2F8703546
:106E5000FFF78EFF18B13A4B3A4AC3F88C26FFF77A
:106E600087FF18B1384BFB22C3F81825FFF780FFC6
:106E700070B14FF080414FF08053D1F8E42ED3F839
:106E8000583222F00F0203F00F031343C1F8E43E1F
:106E9000FFF76EFF20B12D4B4FF40072C3F8402670
:106EA0004FF08053D3F83031082B1AD14FF0804384
:106EB000D3F80024D20744BF6FF00102C3F80024C6
:106EC0004FF08053D3F83431052B02D8204AD35CDD
:106ED0003BB14FF01023D3F808224FF08043C3F8A2
:106EE00058254FF01023D3F80022002A03DBD3F8F3
:106EF0000432002B22DA174901234FF01020C1F889
:106F000004351224FFF746FFC0F80042FFF742FFA6
:106F1000C0F80442FFF73EFF0023C1F80435FFF735
:106F200039FFBFF34F8F0C490C4BCA6802F4E06283
:106F30001343CB60BFF34F8F00BFFDE710BD00BF11
:106F4000005000404881030000F0004000900240E3
:106F50000FC6030000E0014000ED00E00400FA0568
:106F600030B50468CCB1BFF35B8FB4FA84F3C3F1DE
:106F70001F03DBB201229A4024EA020250E8005FBC
:106F8000A54204D140E8002CBCF1000FF6D1BFF3BC
:106F90005B8FE6D102480B7030BD0248FCE700BFB2
:106FA0000000AD0B0200AD0B10B50368CB40DB0752
:106FB00014D401238B400268BFF35B8F43EA0201C4
:106FC00050E8004F944204D140E8001CBCF1000F8F
:106FD000F6D1BFF35B8FEED1014810BD0148FCE74D
:106FE0000000AD0B0400AD0B014BC3F80405704766
:106FF00000F00140F7B50546F8B101281BD1042285
:107000004FF4807301464FF0804003440244C0F8BF
:1070100008130026012111601E608D421B688DF847
:10702000071008BF0DF1070642F210744FF08047B9
:1070300045B1012D28D003B0F0BD0C224FF482736E
:107040000221E0E7D7F8183403F480333EB9002B6F
:10705000F1D0012019F01CFC013CF3D1EBE7D7F88B
:10706000182402F003023260002BE4D09DF80700E0
:10707000012803D119F00CFC013CD9D1012DDAD142
:107080000C4B00225A71D6E7D7F80C3403F4803346
:107090003EB9002BF4D0012019F0FAFB013CF3D1EA
:1070A000EEE7D7F80C2402F001023270002BDDD19C
:1070B000E6E700BF309E0020044B1A7922B9012276
:1070C00018609A800248704702487047309E00203E
:1070D0000000AD0B0C00AD0B08B5074B1B682BB1C6
:1070E0000020FDF73DFC08B9FDF718FC4FF0804388
:1070F0000022C3F8182508BD309E002010B510B13D
:10710000012843D010BD4FF08043D3F81814D3F8B2
:107110001824C80321D502F00303012B04D013B1B6
:107120000020FFF767FF00234FF080420220C2F8E3
:10713000183508224FF4827303F18043002119604F
:1071400002F180421C6801241460154A12680AB3D7
:107150004FF08043C3F80403D4E7D3F81424D107D5
:10716000E1D5D3F81C249207DAD40D4A12681AB17B
:107170000222C3F80423C5E7D3F80421002AFBD078
:107180000022C3F80421D3F80431BBE700224FF4F6
:107190008073D1E71A68002AFCD019601B68B1E738
:1071A000309E0020F8B54FF080431C4ED3F80443C6
:1071B0000125002704B9F8BDB4FA84F0C0F11F001E
:1071C000830003F580739BB203F1804305FA00F25C
:1071D000196892B224EA02040029EBD01F601B68F0
:1071E0004FF08043012AC3F8082305D0022A08D0B3
:1071F0003368C0B29847DDE77379002BDAD172713A
:10720000F6E7D3F81814D3F818148907F0D1C3F8A7
:107210001855C3F804239D60CCE700BF309E0020C2
:10722000036803F01F025B09026004D0012B0348CE
:1072300018BF002070474FF0A04070470003005077
:10724000034A430900F01F00D35C1844C0B27047E2
:107250001BC6030070B50546FFF7F2FF0C4C083063
:107260000E4634F81030DA0508D5C3F3432304EB97
:10727000C302284654F8333052689847A3682BB1AC
:10728000E26831462846BDE87040184770BD00BF2F
:107290008406002008B5FFF7D3FF034B083033F80E
:1072A0001000400B08BD00BF8406002008B5FFF7A2
:1072B000C7FF034B083033F81000C0F3400008BD8F
:1072C0008406002008B5FFF7BBFF034B083033F8F6
:1072D0001000C0F3401008BD84060020034611F0E2
:1072E000010010B5CCB20DD1A207C4F3400012D5F5
:1072F000094AD2F820055860C2F82005003818BFA6
:10730000012008E04FF0A041D1F820251A60C1F813
:107310002025002AE8D010BD0003005010B5FFF76B
:107320008FFF124A083032F81030D9051CD5C3F34C
:10733000432123F4F85322F8103002F10E04002008
:1073400034F8023F13F4807F03D0C3F34323994200
:107350000AD001303028F3D1002342F831300448FC
:10736000BDE81040FFF720BE10BD00BF840600201E
:10737000FC060020F0B5054600200446012607461D
:107380008C420BD1114BD3F87C2132B10022C3F8CF
:107390007C21D3F87C3140F00040F0BDE3B29B008B
:1073A00003F580729B0806FA03F31D420BD002F12D
:1073B000804202F5C042D2F800C0BCF1000F02D0FA
:1073C0001760126818430134DAE700BF006000401C
:1073D000F7B506460846FFF733FF194F00F10805D9
:1073E0000C4637F81530DB0727D5304619F0C9FAB7
:1073F0002046FFF767FF40B12046FFF74BFF31689B
:1074000000F5A270002341F820302046FFF786FFE8
:10741000002301A827F815300194FFF701FF019B15
:1074200000EB8300074BD0F80027134043F0020322
:10743000C0F80037044803B0F0BD0448FBE700BFC4
:1074400084060020F0F8FCFF0000AD0B0400AD0B3B
:107450002DE9FF41164680460846FFF7F1FE0D462E
:107460003168044609B32846FFF720FF18B12846C3
:10747000FFF728FF10BB0023CDE900338DF80E3055
:107480008DF80F300DF10F020B4628460DF10E015D
:1074900019F00EFA474A04F1080132F8113023F0CE
:1074A000020343F0010322F81130736863B32846E6
:1074B0001F785968FFF7FAFE10B1D1B13E4826E0B7
:1074C0003C4A04F1080032F8103023F02003DB04BA
:1074D000DB0C22F8103061B1032FEFD871684968D6
:1074E00091F800C0D8F80010A7B90CF5A27C41F8BB
:1074F0002C70304A04F1080132F8113023F01C03DB
:1075000043EA870322F81130B3684BBB2B4804B021
:10751000BDE8F08101EB8C0143EA4C33D1F810E572
:107520002EF0030EC1F810E5D8F8001001EB8C0E18
:1075300043F02003DEF8101522F8103021F44F310B
:1075400021F44071CEF810152902DEF8108501F4FF
:107550007C5141EA074141EA0801CEF81015C8E71D
:10756000D3E900672846FFF7D9FE002ECED0114D93
:10757000D5E90023964203D19F4201D1002209E0C0
:107580000F480DF10F01FFF7EBFC0C4B9842BED1F9
:107590009DF80F2045F8326005EBC20308345F60A8
:1075A00035F8143043EA422343F4807325F814304D
:1075B000ACE700BF840600200400AD0B0000AD0B5B
:1075C000FC0600202DE9F0430C4685B0804620469D
:1075D00011461E46FFF734FE054629B32046FFF745
:1075E00065FE18B92046FFF76DFE18BB314F05F157
:1075F000080937F8193013F01C0F02D04B78012B13
:1076000018D001238DF80F300023CDE900134A1C58
:107610008B1C20460DF10F0119F04AF937F819308B
:1076200043F0030327F81930002E41D02046FFF71E
:107630003DFE18B9204805B0BDE8F08396F800C0BB
:10764000D8F800301B4F0CF5A272002143F822102D
:1076500005F1080237F8121021F02001C904C90C05
:1076600027F8121075781DB3D8F80000B67800EB33
:107670008C002D04D0F8103523F4991323F4F8531B
:10768000C0F81035230203F47C5305F44035360569
:10769000D0F810E52B4306F4801641EA4C31334311
:1076A00041F0200143EA0E0327F81210C0F810350C
:1076B0000248C0E7840600200400AD0B0000AD0BBB
:1076C000014BC3E9021270478406002010B508463A
:1076D0001446FFF7F7FD50B10846FFF7B1FD054B23
:1076E000083033F8103004485B0B237010BD03489A
:1076F000FCE700BF840600200000AD0B0400AD0BCA
:1077000070B5164D95F8804006462CBB2146602288
:1077100005F110002FF0EEFF30682E6F21468E42EB
:107720000ED10023C0F87C31D0F87C3140F3073013
:10773000FDF7F4F801230A4885F88030AB6770BD87
:10774000CBB29B0003F580727C2B08BF845001F103
:10775000010108BF8358E2E70248F0E784060020F1
:107760000000AD0B0C00AD0B034B93F8800000380C
:1077700018BF0120704700BF840600200148FFF7B2
:1077800013BC00BFF80600200148FFF7E9BB00BFAB
:10779000F806002073B503681646D3F80423002AC0
:1077A000A8BF4FF000420546A8BFC3F8042308460F
:1077B0000C46FFF787FD00B30846FFF777FD01464B
:1077C000D8B92046FFF766FD04B2A40004F5807224
:1077D000034628688150296882582144D1F8102531
:1077E00042F00102C1F810252EB12968012202FAE7
:1077F00003F3C1F8043302B070BD2046FFF720FD4B
:107800000F4B083033F81030C3F38203042B12D02F
:10781000052B12D001A80194FFF702FD019AD0F8C0
:107820001035D34003F00103991C204602B0BDE897
:10783000704019F086B80321F7E70221F5E700BF91
:10784000840600202DE9F04F694BDFF8A881D3F8BA
:107850000403D8F87010C0B289B040F00040FFF7C0
:1078600089FD051E2FDAC24600235AF87C1F06A8A0
:10787000CDE90633FFF732FD5F4B01930DF1180997
:107880004FF0000B019A12F8013B0192DA0803F065
:1078900007031AF8022022FA03F3DA071CD409F1CD
:1078A0000409BBF1000F14D0D8F870104FF000405D
:1078B000FFF760FDD8F87C1006A8FFF70FFD002841
:1078C000DAD125F000450124002D79D109B0BDE8B9
:1078D000F08F4FF0010BD5E7484B5B440293D9F88A
:1078E00000100029DBD0029B91FAA1F11C78B1FABB
:1078F00081F141EA44142046FFF7A2FC08300594C8
:1079000038F81070C808BB0819F80020039301F07C
:107910000701012303FA01F122EA010209F800201C
:1079200005A8FFF77DFC059A039B02F5E072C7F3FB
:10793000820650F822205B073746C2F3014224D565
:1079400020463946D6B2FFF785FC05A80594FFF717
:1079500067FC059B03F5E07350F82330C3F3014344
:107960009E4207D10021204618F0EBFF3146204609
:1079700018F0E7FF05A80594FFF752FC059B0122CC
:1079800002FA03F3C0F82035A9E7022A0CD103213B
:10799000204618F0D6FF06F00503012BEAD1394640
:1079A0002046FFF757FCE5E702212046039218F036
:1079B000C8FF032EF3D0039A032ADBD1022EEDE792
:1079C00095FAA5F3B3FA83F304FA03F29B0003F1EB
:1079D000804303F5C04325EA0205D3F81005D3F828
:1079E0001015C0F30520C1F30141FFF733FC6BE72D
:1079F00000600040840600202BC603002BC6030055
:107A000001460148FFF7ACBA08070020036803F0FD
:107A10001F025B09026004D0012B034818BF00203D
:107A200070474FF0A04070470003005007B5019029
:107A300001A8FFF7EBFF019B00EB8300054BD0F89B
:107A40000027134043F00303C0F8003703B05DF88C
:107A500004FB00BFF0F8FCFF73B5CB7B0446002BA2
:107A600038D10B7B0878012B77D818F0C2FF0B7840
:107A7000019301A8FFF7CAFF019B00EB83003C4B79
:107A8000D0F80027134043F00103C0F800374878CE
:107A9000FF2804D018F0ADFF4878FFF7C7FF8B78B8
:107AA000FF2B0FD001A88D7B0193FFF7AFFF019B48
:107AB00000EB83002E4BD0F80027134043EA8503E8
:107AC000C0F80037C878FF2804D018F085FFC878C0
:107AD000FFF7ACFF23792748CA78282505FB030365
:107AE0009A770B7C9BB94B7825680E78FF2B18BFD3
:107AF0001A468B78C5F8086508BF4FF0FF32FF2B98
:107B000008BF4FF0FF33C5F80C25C5F810352368C2
:107B10008A68C3F824254B7B0A7B2568003B18BF85
:107B20000123022A1CD0032A1DD0012A01D143F0CF
:107B30000203C5F8543523794979282202FB03034F
:107B4000D97723795343C35883B1206840F3073072
:107B500002B0BDE87040FCF7E1BE18F03DFF86E7DB
:107B600043F00403E5E743F00603E2E702B070BD2B
:107B7000F0F8FCFF389E002007B5019001A8FFF740
:107B800045FF019B00EB8300054BD0F80027134015
:107B900043F00203C0F8003703B05DF804FB00BFF8
:107BA000F0F8FCFF2DE9F04190F80480144C4FF000
:107BB000280C0CFB08FC04EB0C06074696F81CE0AE
:107BC000BEF1000F19D144F80C20736041B1CB7B9A
:107BD00086F82530CB78B3774B79F377FFF73CFF06
:107BE0003A6808480123C2F80035282202FB0844FD
:107BF000002262772377BDE8F0810348FBE700BFEE
:107C0000389E00200000AD0B0C00AD0B70B506795E
:107C1000194C056828237343E35833B145F3073003
:107C2000FCF78AFE0423C5F808330023C5F80035A5
:107C3000282303FB064393F82530BBB9D5F8080584
:107C4000FFF79AFFD5F81005421C01D0FFF794FF0B
:107C5000D5F80C05431C01D0FFF78EFF282303FB4A
:107C60000643987FFF2801D0FFF786FF282303FBF8
:107C700006440023237770BD389E00202DE9F84389
:107C80000779394C28237B439046E2180E46517FF2
:107C90008146002966D1E3580BB10123537796E85A
:107CA0000F00282505FB074505F10C0C8CE80F009B
:107CB000A87F0023FF2885F8243001D018F099FE12
:107CC0002823B8F1000F06D003FB07430022274802
:107CD0005A77BDE8F883D9F8005003FB0743042224
:107CE000C5F80823C3F82080C5F80881D5F8082115
:107CF00072689AB133681B78C5F81C357368012B1C
:107D00000ED933685B78C5F81C3528237B43E658C9
:107D100076B10423C5F804331548DAE7DB7FEBE7D7
:107D2000F368012BF1D9282303FB0743DB7FEAE744
:107D300007EB870104EBC101D5F80831002BFBD01C
:107D4000C5F808612846D5F8083118F05FFE00280C
:107D5000F2D1282303FB0744A07FFF28DCD018F0D2
:107D60003BFED9E70348B4E7389E00200300AD0B83
:107D70000000AD0B0B00AD0B10B54FF04020002301
:107D8000C0F808310A49D0F8083118F03FFE68B948
:107D9000887FFF2801D018F01FFE00234B770B725D
:107DA000BDE81040D1E900310248184710BD00BFBE
:107DB000389E0020409E0020036803F01F025B09EC
:107DC000026004D0012B034818BF002070474FF019
:107DD000A040704700030050012370B504460D46D3
:107DE0004361642600220221204618F057FE20B984
:107DF000012018F04DFD013EF4D100236B774FF0C8
:107E00008051D1E94C1208291AD1052A18D80E49F7
:107E10008A5CAAB14FF0FF32D4F80805D4F80C15EB
:107E2000C4F80035C4F80825C4F80C250922C4F8A4
:107E30000025C4F80035C4F80805C4F80C1570BD59
:107E40000023C4F80035FAE72DC603000F4B984213
:107E500019D00DD80E4B984215D007D80D4B98422B
:107E600011D00D4BC31A5842584170470B4BF9E7DC
:107E70000B4B984207D004D80A4B984203D00A4BC8
:107E8000F0E70A4BEEE70120704700BF80841E0038
:107E900020A1070048E8010090D0030040420F00F5
:107EA0000024F40000093D0000127A000048E801B7
:107EB00073B51646421C1C460546069B18D0012980
:107EC00002D1BBB118F028FE01A80195FFF774FF9D
:107ED000019B00EB83002402D0F80027074B44EA03
:107EE00086040C4313401C4344EA4101C0F80017C8
:107EF00002B070BD18F01DFEE6E700BFF0F8FCFF11
:107F00002DE9F04F91F8213090F804A085B0074694
:107F10000C46002B00F0B48091F8223003934FF010
:107F200001086569784B9D4200F0C48000F2B4807E
:107F3000764B9D4200F0C18000F2A680744B9D42BA
:107F400000F0BE80734B9D420CBF4FF080654FF038
:107F50008045DFF8C49194F82300242202FB0A93A1
:107F6000997F60F3000199773B79217C02FB0393B1
:107F70009A7F61F341029A7794F82360002E32D100
:107F80006269664B9A420CBF4FF0030B4FF0000B37
:107F9000237E012B94BF00230123009320685B46BE
:107FA00032460121FFF784FF009660685B46324647
:107FB0000121FFF77DFF0096A27EA0685B46314657
:107FC000FFF776FF237C83F001030093E0685B46B4
:107FD00032460121FFF76CFF01210091E0695B4609
:107FE0003246FFF765FF2423B8F1000F71D003FB81
:107FF0000A934FF0FF321A62A07C217E627EE6680F
:1080000094F8108094F824E094F820C03B68BEF106
:10801000000F13D1D4E900BAD4F808E0E469C3F83A
:1080200008B5C3F80CA5C3F810E5C3F86C45039C6C
:10803000C3F81465C3F86885C3F86445003A18BFEF
:1080400001220229C3F8C005C3F8245553D00329DF
:1080500054D0012901D142F00202C3F85425C3F8DB
:1080600060C53B792422534359F80330002B48D094
:10807000386840F3073005B0BDE8F04FFCF74EBC60
:108080009846022303934CE7254B9D420CBF4FF0CB
:1080900080554FF080455CE7224B9D4213D01F4B2B
:1080A0009D4213D0204B9D420CBF4FF000454FF036
:1080B00080454EE74FF000554BE74FF0006548E72D
:1080C0004FF0007545E74FF0206542E74FF0A055AF
:1080D0003FE703FB0A9AE268CAF82020227C9AF85C
:1080E0001E3062F341038AF81E30A07C217E627E3E
:1080F0004FF0FF3686E742F00402AEE742F0060298
:10810000ABE705B0BDE8F08F80841E0020A107001A
:1081100048E8010090D00300649E00200048E80178
:1081200040420F000024F40000127A00431C07B5FF
:108130000ED0019001A8FFF73FFE019B00EB8300EA
:10814000054BD0F80027134043F00203C0F8003776
:1081500003B05DF804FB00BFF0F8FCFF2DE9F84325
:108160000746144C97F80480242505FB08F504EB1A
:1081700005091E4699F81C30C3B999B14869FFF743
:1081800065FEA8B138466251C9F80460FFF7B8FE31
:10819000242303FB08440023637707480123237744
:1081A000BDE8F8836251C9F80460F1E70348F7E7D6
:1081B0000348F5E7649E00200000AD0B0C00AD0BFA
:1081C0000400AD0B2DE9F041044606790068214D0D
:1081D00040F30730FCF7B0FB24237343EB5853B153
:1081E00023681D4AC3F8082306EBC601206805EB87
:1081F0008101FFF7F1FD2421236801FB0651D3F82B
:108200000805D3F80C75D3F810858B7FDB0714D4E1
:10821000FFF78CFF4046FFF789FF3846FFF786FFE0
:10822000086AFFF783FF2368D3F86C05D3F81415A9
:10823000FFF77CFF0846FFF779FF2368074A934260
:1082400004BF01225A60242303FB065500232B7729
:10825000BDE8F081649E00205201080000F0024059
:108260002DE9F0430779DFF8AC8124237B431646E0
:1082700008EB03020D46517F85B08146002940F08E
:10828000C68058F8033023B116F0140F04BF012341
:10829000537795E80F00242404FB078404F10C0CA9
:1082A0008CE80F00206A431C04D0A37F99071AD5DD
:1082B00018F032FC2968D9F8004021B101F0604380
:1082C000B3F1005F06D1AB6883B103F06043B3F153
:1082D000005F0BD0242303FB078300224E485A770C
:1082E00005B0BDE8F08318F024FCE3E74B4B9C425B
:1082F00024D14FF080436A68D3F8000E484B1860D1
:10830000E2B1484821F4FF5323F01F0383426ED8A3
:108310005018DFF814C1C3F34F3101228A40002105
:1083200003F50053984241EA02014FEA420201D9A3
:108330006345F5D34FF08043C3F8001E16F00103E8
:1083400018BF0123C4F8503516F0020318BF0123EB
:10835000C4F8403595E80F00EC468CE80F00039B0D
:10836000C4F84405C4F84815C4F83425C4F83835B1
:108370000023C4F81831D4F8183116F008054FF06E
:108380000703C4F800350FD124237B4358F803209A
:108390000123236142B9D4F81831002BFBD0624687
:1083A0004021204618F07AFB24237B4358F8033001
:1083B0001BBB1A4B9C4201BF194B1A684FF08043FC
:1083C000C3F8002E242303FB0783186A421C04D041
:1083D0009B7F9B070ED518F0ACFB35B907EBC707A1
:1083E00008EB87012046FFF7F7FC104878E74FF4C9
:1083F00080719FE718F090FBEFE716F0040F4FF045
:10840000400314BFC4F80833C4F80433EDE7084848
:1084100066E700BF649E00200A00AD0B00F002403A
:10842000609E0020FFFF0020002001200000AD0B17
:108430000B00AD0B10B5134A1348402118F02EFB6A
:10844000F8B1124B124C1A684FF08043C3F8002E5B
:10845000206A421C04D0A37F9B070FD518F069FB4C
:10846000637F1BB10A490848FFF7B6FC002323725B
:108470000848D4E90031BDE81040184718F04CFB1B
:10848000EEE710BD709E002000F00240609E0020CC
:10849000649E00206C9E00200148202127F08EBEA3
:1084A000BC9E0020014B186C704700BF889E0020C6
:1084B00010B50446064A074918F064FB63692BB1FE
:1084C00020B920460121BDE81040184710BD00BF6B
:1084D000190303000D03030010B50749074A0446BA
:1084E00018F050FB6369014623B118B92046BDE876
:1084F0001040184710BD00BF130303002103030001
:1085000010B50146044800F009F8044608B119F016
:1085100003FA204610BD00BF1C8803002C4A70B52A
:1085200006460D4620B1036A1A4212D0C3F30F105B
:1085300009F01EF8044648B1C0E900657DBB02F0B1
:10854000FBFC064638B9204609F024F800242046F2
:1085500070BD0068E6E7D0F8B80208B9C6F8D45292
:10856000D6F8D4120131890009F01EF80028EAD0AB
:10857000D6F8D432C6F8B8025A1C0025C6F8D42260
:1085800040F82340C4E90555284602F0E5FC0138CF
:10859000E061284602F0F0FC01382062D7E7AB68C2
:1085A00013B9284619F068F9AA68138E01331386A7
:1085B000AE68318E3068890008F0F6FF3060AA6836
:1085C000138E126803F18043013B42F82340BEE75B
:1085D000F0FF0F0030B589B0002864D00023CDE94A
:1085E00004329DF81C300391CDE9010023F007030C
:1085F00001A88DF81C3008F097F906F0D1F830B1D9
:108600009DF81C3013F0020446D1D80745D4019BD5
:108610009D6805B10835012201A9284627F088FB8D
:108620000128044639D19DF81C0010F0020033D116
:1086300001A919F0B4FD012804462ED19DF81C2093
:1086400012F0020228D101A9284627F071FB012867
:10865000044622D19DF81C3099071DD401981BF0C7
:108660009FFD0446C0B19DF81C305A0714D4039BEB
:108670002B3B012B0ED901984FF4804118F0C0FE1E
:1086800050B1039B163B1E2B04D8084A22FA03F371
:10869000DB0701D40194B0E7012401A808F04CF9EC
:1086A000204609B030BD0124FAE700BFF19F785899
:1086B0008268531E032B05D9192A05D8034BD340D2
:1086C000DB0701D527F0D3BB0020704700DF3B0359
:1086D00037B50B49054618F099FE044610B1002045
:1086E00003B030BD28461BF05BFD0028F7D01622F2
:1086F00021461BF006F980B2003818BF0120EFE7D1
:108700000100060007B5064B0022CDE90023342105
:108710006A46FFF75FFF009803B05DF804FB00BFF7
:10872000010000E007B5064A0023CDE9002334210B
:108730006A46FFF74FFF019803B05DF804FB00BFE6
:10874000010000E02DE9F04F87B08146FFF7C0FF40
:108750000546002840F0188148461BF021FD0822FC
:108760002946824648461BF0CCF80922059004466B
:108770008346294648461BF0C4F8064605900090FB
:10878000BAF1000F07D102462146484607B0BDE8BE
:10879000F04F1AF047B9504619F058FF804650463E
:1087A00019F064FF04F0C043B3F1005F07461FD126
:1087B00024F0C0446FF060439C4219D00122294646
:1087C00050461BF09EF86FF040439842059000F031
:1087D0009480B4F1805FA2BFC4F17F6404F57F246C
:1087E00004F6FF7404FB08F44FF0640B94FBFBFBEE
:1087F00006F0C043B3F1005F1DD126F0C0446FF016
:1088000060439C4217D00222002150461BF079F8A9
:108810006FF040439842059071D0B4F1805F05DB62
:10882000C4F17F6404F57F2404F6FF747C43642361
:1088300094FBF3F300936A22002148461BF061F891
:108840006B22002105900390064648461BF059F81C
:1088500009F11404CDE901000590204626F0D7FF68
:108860000546204626F0D8FF039B044603F0C0408F
:10887000B0F1005FDDE9011212D123F0C0436FF0C7
:10888000604083420CD0B3F1805FA2BFC3F17F632D
:1088900003F57F2303F6FF736B43642693FBF6F621
:1088A00002F0C043B3F1005F12D122F0C0426FF07A
:1088B00060439A420CD0B2F1805FA2BFC2F17F62E6
:1088C00002F57F2202F6FF726243642392FBF3F10A
:1088D0005E44DDF800B00A228B44484600211BF0BC
:1088E00010F8059010F0FF000BD1504619F0B9FCBC
:1088F000012825D1A8EB050521E0AB4678E7002447
:1089000094E7023807281BD801A353F820F000BFD2
:1089100031890000F5880000578900004789000070
:108920005D89000069890000638900007989000081
:1089300005EBD57508EBD8786D10C5EB68052E44AE
:108940005A46314621E705EBD57508EBD8786D100E
:10895000C5EB68052E443C1BA344F1E7A8EB0505D5
:10896000F8E7A8EB05052E4404EBD47407EBD777A2
:108970006410C4EB6704EFE705EBD57508EBD87816
:108980006D10C5EB6805EEE707B0BDE8F08F00BFDE
:108990002DE9F04F90F82B3003F00C030C2B91B025
:1089A000044603D1002011B0BDE8F08F1BF0F8FBA6
:1089B00006460028F6D094F82B1004F1140311F0A9
:1089C0000801019363D0184626F021FF94F82B107C
:1089D00011F00401074600F0AF81019826F01CFF5A
:1089E0000546019826F013FF874200F08A82204650
:1089F0001AF001F863690893A3690993E3690A937C
:108A00000CA9236A0B93304619F040FE00220CA9F2
:108A100008A826F06BFC804610B930461AF0EEFD2F
:108A2000A3691D44013D2562204619F01AFC012866
:108A30000BBFE3696369DB1BFF180BBF013307F151
:108A4000FF376361E76108AA31212046FFF7C2FDC5
:108A500022462A213046FFF7BDFD204619F0CBFF04
:108A600094F82A30019843F0020384F82A30002257
:108A70000CA926F03BFCB8F1000F00D110B1304634
:108A80001AF0BCFD204619F062FB01208BE70122A1
:108A900020461AF036FF00F0C043B3F1005F804675
:108AA0000C900546304605D128F0C0476FF0604372
:108AB0009F4234D119F0CAFD6FF0404398450290AF
:108AC00040F0A48020461AF0A2F9A36803900BB1ED
:108AD00000221A62204619F0B5FC8046204619F0A3
:108AE000C9FB82462046FFF70DFE0AEB0005204633
:108AF0001BF08CFB0490204619F0B3FB0128DFF833
:108B0000309245444FF0000B75D0049AA3685A4543
:108B100040F0A080864A914574D0C8448EE019F098
:108B200095FD6FF0404845450290CBD096F82B104C
:108B300011F0080140F0DD80012230461AF0E1FE1C
:108B400040450C9040F0D580204619F093FB054637
:108B5000204619F077FC054458E01B68754953F826
:108B60002B70384618F052FC002842D13846FFF7E7
:108B7000AFFD014660B90A2238461AF0C2FE0C90D9
:108B8000C0B2082809D840F24913C340DA0704D517
:108B9000E3697A699B1A013317E0082200213846FD
:108BA0001AF0AFFE0C90002844D1069007F1140093
:108BB00026F02DFE069908EB00031A22384605938D
:108BC0001AF09FFE059B0C9003441A2200213846A0
:108BD00005931AF096FE059B0C901844484508DB57
:108BE0001A22002138461AF08CFE059B0C9003EBEC
:108BF00000090BF1010B049AA3685A45ADD14C4A08
:108C0000914519D113B1039A52421A6204220021EC
:108C100020461AF076FE052207460C9000212046D9
:108C20001AF06FFE029B0C9002463946284619F056
:108C3000A6FFCBE63E4BC8E70AEB0908A26812B1D3
:108C4000039B5B4213623A4B9845DFD04545B8BF62
:108C50004546DBE71B68374953F82B70384618F058
:108C6000D5FB002840D13846FFF732FD014658B900
:108C70000A2238461AF045FE0C90C0B2072808D8E0
:108C80009323C340DB0704D5FB6962699B1A013358
:108C900016E00822002138461AF033FE0C9030BB53
:108CA000069007F1140026F0B2FD06990AEB0003C6
:108CB0001B22384605931AF024FE059B0C900344B2
:108CC0001B220021384605931AF01BFE059B0C90D1
:108CD0001844484508DB1B22002138461AF011FED3
:108CE000059B0C9003EB00090BF1010B0DE7104BFA
:108CF000E6E7B7F1805FA4BFC7F17F6707F57F277D
:108D0000029BA8BF07F6FF771A22002120465F4387
:108D1000642397FBF3F71AF0F4FD1B2205460C9031
:108D2000002120461AF0EDFD0C9028443D1A6DE715
:108D3000010000E001000400022220461AF0E1FDDB
:108D400000F0C043B3F1005F81460C900546304609
:108D500005D129F0C0486FF06043984549D119F01A
:108D600085FC6FF04043994582462ED120461AF08B
:108D700053F8A36804900BB100225A62204619F000
:108D800047FB0290204619F029FB03902046FFF78D
:108D9000C9FC029BDFF878911D18039B20461D44F7
:108DA0001BF034FA4FF0000B0590059AA3685A4562
:108DB0003BD113B1049A52425A62554B994504D0A3
:108DC000039B4B449D42B8BF1D460622002120460E
:108DD0001AF097FD072280460C90002120461AF0D9
:108DE00090FD534602460C904146284619F0C7FEB6
:108DF000F6E519F03BFC6FF040494D458246B5D091
:108E000096F82B1011F004015CD1022230461AF0C2
:108E100078FD48450C9055D1204619F0F9FA0546E1
:108E2000204619F0DBFA0544CFE71B68394953F8AF
:108E30002B80404618F0EAFA00283ED14046FFF762
:108E400047FC014648B906900A2240461AF059FDEF
:108E50000C90C0B20328069905D8D8F82030A26932
:108E60009B1A013315E0092240461AF04AFD0C9086
:108E700030BB079008F1140026F0CEFC029B079946
:108E800003441822404606931AF03BFD069B0C90C3
:108E9000034419220021404606931AF032FD069B36
:108EA0000C901844484508DB1922002140461AF06E
:108EB00028FD069B0C9003EB00090BF1010B74E7F6
:108EC000134BE6E7B8F1805FA2BFC8F17F6808F5F1
:108ED0007F2808F6FF780AFB08F36422002193FB41
:108EE000F2F8204618221AF00CFD192205460C90C3
:108EF000002120461AF005FD0C902844A8EB00053F
:108F000063E7019826F088FC85427FF470AD49E55F
:108F1000010000E00100040038B50D4D95F8603007
:108F200063B9012385F860301BF032F9044694F8E8
:108F30002A3013F0040202D185F8602038BD6FF3A7
:108F4000820384F82A30204619F053FEEFE700BF71
:108F5000889E00202DE9F04F85B00E46DDF8389050
:108F6000074693469846FFF7D7FF1EB938461BF0D1
:108F700017F9064638461BF013F9824619F07AF9BC
:108F80000190504619F044FA0290304619F072F9F7
:108F90000546304619F03CFA0446BBF1000F10D1EB
:108FA000304619F05EF9012874D1304619F04EFBB5
:108FB000834607F1140026F02AFCABEB000B5D445E
:108FC00068E00BF1FF3BBBF1140F2DD801A353F860
:108FD0002BF000BF9590000075900000AB8F000053
:108FE0006B91000083910000BD910000E5910000AD
:108FF000059200002F9000002D9200003992000091
:10900000659200007D92000089920000B5920000F8
:10901000CD920000DB920000079300002793000030
:10902000339300004D9300000024002532E03046C9
:1090300019F00CFB07F1140B0390584626F0E7FBE0
:10904000039B00EBD07003EBD3734010C0EB6300C5
:109050000544304619F00AFB0390584626F0DCFB25
:10906000039B00EBD07003EBD3734010C0EB6300A5
:1090700004440FE0304619F0E9FA834607F1140082
:1090800026F0C5FB00EBD0700BEBDB7B4010C0EB98
:109090006B00054408F0C043B3F1005F18D128F01D
:1090A000C04B6FF060439B4512D006F1140026F0D0
:1090B000AEFBBBF1805FA2BFCBF17F6B0BF57F2BCB
:1090C0000BF6FF7B00FB0BFB4FF064089BFBF8F8F3
:1090D00009F0C043B3F1005F18D129F0C04B6FF025
:1090E00060439B4512D006F1140026F095FBBBF1BE
:1090F000805FA2BFCBF17F6B0BF57F2B0BF6FF7B65
:1091000000FB0BFB4FF064099BFBF9F9504619F08B
:10911000A8F801287369DAF8142040F02481434448
:109120005046A3EB020800F0C9F9019B8044A8EB6C
:109130000308B3699944DAF818305046A9EB0309DB
:1091400019F06FFE029B8144002238460121A9EBF1
:1091500003091AF0C8FF45444C44224629463846C4
:1091600005B0BDE8F04F19F0B5B9304619F07EFAF8
:10917000834607F1140026F04FFBABEB000B5C4479
:1091800088E7304619F062FA07F1140B039058464D
:1091900026F03DFB039B00EBD07003EBD373401034
:1091A000C0EB63000544304619F060FA039058465E
:1091B00026F032FB039B1B1A1C446BE7304619F068
:1091C00045FA07F1140383461846039326F01FFB64
:1091D000ABEB000B304619F049FA039B5D44834624
:1091E0001846C8E7304619F041FA834607F11400E3
:1091F00026F012FB00EBD0700BEBDB7B4010C0EBDA
:109200006B0035E7304619F021FA07F11403834665
:109210001846039326F0FBFAABEB000B304619F02F
:1092200025FA039B5D4483461846E1E707F11400E5
:1092300026F0F2FA4442F8E606F1140026F0E7FAC6
:1092400007F114040546204626F0E1FA05EBD57334
:1092500000EBD0756D10C5EB6305204626F0DCFAF7
:10926000444217E706F1140026F0D1FA07F114047E
:109270000546204626F0CBFA2D1AEEE706F114003B
:1092800026F0CAFA0446D0E606F11404204626F079
:10929000BEFA054607F1140026F0B9FA05EBD573BE
:1092A00000EBD0756D10C5EB6305204626F0B4FACF
:1092B0000446EFE606F11404204626F0A8FA054617
:1092C00007F1140026F0A3FA2D1AEEE707F11400B7
:1092D00026F09DFA45420024DCE607F1140B5846BF
:1092E00026F095FA454206F1140026F095FA044658
:1092F000584626F091FA04EBD47300EBD074641056
:10930000C4EB6304C6E607F1140B584626F07FFA57
:10931000454206F1140026F07FFA0446584626F02E
:109320007BFA241AB6E606F1140026F070FA054618
:10933000D1E706F11404204626F069FA05462046D6
:1093400026F06AFA044607F11400D2E706F1140485
:10935000204626F05CFA0546204626F05DFA0446D3
:1093600007F11400DBE798445046A8EB020800F030
:109370004DF8DAE62DE9F34704461AF047FF214E8F
:10938000DFF8848007460025BD4224D1204619F02D
:10939000ACFC8046204619F08EFC1A4B9E4218BF4A
:1093A000236A074618BF1B1A204618BFF61AFFF794
:1093B000B9F90546204619F046F9A0EB0800C01B94
:1093C0002D1A204619F028FD281AB042B8BF3046A1
:1093D00002B0BDE8F087A3681B6853F825A041469A
:1093E000504618F013F8014650B919225046DAF8E1
:1093F00020901AF086FA81444E450190B8BF4E463F
:109400000135C1E7010000E0010004002DE9F74F3C
:109410000021054619F023FC012806D0A86808B1F0
:10942000006A404203B0BDE8F08F284619F077FC8F
:109430008046284619F025FC074628461AF0E6FE25
:109440006FF0604481460026B1451BD16FF0604348
:109450009C4216BF6E69174EF619284618BF361B78
:10946000FFF750F90446284619F0EAF8A0EB080087
:10947000C01B241A284619F0CAFC2044B042B8BFC9
:109480003046CFE7AB680C491B6853F826A050461E
:1094900017F0BCFF014658B91A225046DAF814B04A
:1094A0001AF02FFAABEB000B5C450190A8BF5C46AD
:1094B0000136C9E7010000E0010004002DE9F3478F
:1094C0000021054619F0CBFB012805D1A86800B1A1
:1094D000006A02B0BDE8F08728461AF097FE204ED9
:1094E000DFF8808007460024A74222D1284619F0E1
:1094F00016FC0746284619F0C4FB194B9E4218BFBC
:10950000EB69804618BFDB1B284618BFF61AFFF729
:10951000F9F80446284619F093F8C01BA0EB0800A0
:10952000241A284619F073FC201AB042B8BF3046FE
:10953000CFE7AB681B6853F824A04146504617F0AC
:1095400065FF014650B91B225046DAF81C901AF00C
:10955000D8F981444E450190B8BF4E460134C3E767
:10956000010000E00100040038B50D460C49044636
:1095700007F04CF958B1C06A4042286009492046BA
:1095800007F044F938B1C06A4042686038BD2046EF
:1095900019F03DFCF1E7204619F03EFCF5E700BF6D
:1095A000832E02006D2E0200F0B5164651EA060227
:1095B00097B004460D465FD0012B5FD100F0FAFC56
:1095C0000746684607F09EF82146684625F052FD9A
:1095D0003949684625F063FD35B3384601F0BCFCD7
:1095E0004FF4C872C821401025F000FD01466846BE
:1095F00025F044FD204619F00AFC2A1A414268462B
:1096000025F041FD2D49684625F036FD2C49684678
:1096100025F03FFD6A460C212046FEF7DBFF0128BE
:109620002AD1684607F088F836B3384601F0A4FC22
:109630004FF4C872C821401025F0D8FC0146684696
:1096400025F01CFD204619F0E7FB321A414268461E
:1096500025F019FD1B49684625F00EFD184968469E
:1096600025F017FD6A460C212046FEF7B3FF0128BE
:1096700002D1684607F060F817B0F0BD114907F055
:10968000A1F80E49204607F09DF800220C21204643
:10969000FEF7A0FF0128EFD132462946204619F0F7
:1096A000C2FB0128E8D100220E21204617B0BDE8F8
:1096B000F040FEF78FBF00BF6F2C0200832E020028
:1096C0002FF002006D2E020070B504460D460749CA
:1096D000164607F077F8204619F099FB3346411BF0
:1096E00000222046BDE8704019F0D6BB832E020050
:1096F00070B504460D460749164607F063F8204644
:1097000019F08AFB3346421B00212046BDE8704019
:1097100019F0C2BB6D2E02002DE9F04F89B08046D2
:1097200008460291914603931AF03AFD102106462D
:1097300017F066FE002800F00681304619F051FB54
:109740000190304619F05CFB8246002800F09E80B4
:10975000029B03F11407304619F0C7FA044630465D
:1097600019F0A9FAB5697B68F968D9F8042025448D
:10977000ED1A336A1B1A5B1AD11A83463046CDE9BB
:109780000623AD1A059118F05EFF002DDDE90512E4
:10979000079B0490C0F28580002979DB0025BAF18F
:1097A000020F00F08980BAF1030F00F08A80BAF14D
:1097B000010F03D1B5697B682544ED1A304619F0D5
:1097C00018FB824610B1029B03F11408304619F0D1
:1097D00058FA0746304619F0A2FA7469D8F80030F2
:1097E000D9F80020D8F808103C44E41AF3691B1A91
:1097F0005B1AA41A8346A2EB03017ED4002974DB12
:109800000024304618F01CFFBAF1020F7FD0BAF1E5
:10981000030F00F08280BAF1010F04D17469D8F807
:1098200000303C44E41A4949304606F0CBFF484931
:10983000304606F0C7FF019BD807019B58BF24EABA
:10984000E4749907019B58BF04EAE4745A07019B2A
:10985000D9F8042058BF25EAE5751B07039B58BFBC
:1098600005EAE575002B6CD0D9F800302344C9F81F
:1098700000302B461344C9F80430039B2A46214686
:10988000304609B0BDE8F04FFFF78EBE474662E7AD
:10989000002D83D0304619F0BFFAA842BFF67FAF43
:1098A0007CE700297FF77AAF30469D1AFFF762FD0B
:1098B000C5427FF574AF71E7356AFB68A5EB0B0510
:1098C0007BE7049BB2691B1BA3EB0B0303EBD37376
:1098D0001444384604EB630425F09EFF7D6800EBDA
:1098E000D07005EB6005651B68E7002C88D030461A
:1098F000FFF78CFDA04284DA82E7002980DD304644
:109900009C1AFFF7DBFDC4427FF57BAF78E7F46973
:10991000D8F80830A4EB0B0484E77369C01BA0EBF4
:109920000B0000EBD0701F4407EB6007404625F0AA
:109930006EFFD8F8004000EBD07004EB60043C1BD5
:1099400071E7039B96E709B0BDE8F08F6D2E02002A
:10995000832E0200F8B5044615461E4601F47F0723
:1099600019F0D7FE012828D08C2D10D8154B5B5D3F
:10997000DA0716D477B96B1E012B0BD822684AB1CF
:10998000012D0CBF9369D369CBB1336015E00E4B49
:109990001B6B0BB90020F8BD2B4413F88D3CDB0783
:1099A000F8D507B96468002CF4D0218D33462A46D7
:1099B000204619F0AEFE0128F4D10120EBE7126831
:1099C000DDE700BF57F80300889E00202DE9F84F1F
:1099D00007462548DFF890B00D469046994626F098
:1099E00098FC04460CB9BDE8F88F4C45FBD02146E5
:1099F000584626F095FC2368BB4282461CD1A368DA
:109A0000AB4202D0B5F5702F16D12379434502D071
:109A1000B8F1FF0F10D100267B8DC3F305139E42D2
:109A20000CD30021204606F0CDFE0F48214626F03B
:109A30002DFC204607F0AEFD5446D3E7FA6802EB52
:109A4000C603F000D97989070BD5B5F5702F04D07E
:109A50005B68C3F317039D4203D12179105826F0A8
:109A600088FF0136D8E700BFA09E002001481421DE
:109A700026F0A4BBA09E0020014B83F82400704771
:109A8000889E00202DE9F3475E4B93F8243004466E
:109A90000E461546002B00F0838018F0ACFF2846D8
:109AA00007F0AAF800F0040A284607F0A5F800F02D
:109AB0000208284607F0A0F800F00109284607F040
:109AC0009BF806F47F0600F01007BAF1000F53D0A0
:109AD000B6F5702F3FD056B302220021204619F070
:109AE00010FF6FF04047B842019007D001220021DB
:109AF000204619F006FFB842019007D1002232211A
:109B00002046FEF767FD204618F028FDFF2D3ED1C8
:109B1000204618F01CFB204618F06DFFB6F5803F7C
:109B20003ED0204602B0BDE8F04719F05FBE324695
:109B300032212046FEF74EFD204618F00FFDFF2D86
:109B40003BD120461AF02CFB98B9002FE0D02046DC
:109B50001AF06DF8DCE7002232212046FEF73AFDCC
:109B6000204618F0FBFCFF2D204627D11AF018FBE9
:109B7000E8B118F0F3FC25E0B6F5702F13D0002EF5
:109B8000C4D1FF2DDDD00FB320461AF050F8B8F144
:109B9000000F28D1204618F02EFFB9F1000F2CD16C
:109BA00002B0BDE8F087FF2D0FD12046DEE7002F81
:109BB000AED020461AF03BF8A8E720461AF0F0FA9B
:109BC0000028D6D1002FA1D0F3E747B9B8F1000F94
:109BD00009D1204602B0BDE8F04718F00CBF20467E
:109BE0001AF025F8F2E7204618F0B1FA204618F0EE
:109BF00002FFB9F1000FD3D090E7BAF1000F8DD179
:109C0000CEE700BF889E0020014A00211AF074B8F8
:109C1000FFFF0F002DE9F0410468274825682779E8
:109C2000254E26F073FB014619B96A8DC2F3051261
:109C30003DE0A1420BD00A6823689A4207D18A68A6
:109C4000A3689A4203D10A7923799A4231D03046E7
:109C500026F062FB0146E7E7EB6803EBC103CE00A9
:109C6000D879800722D55B68A068C3F317038342C5
:109C70001CD12146104826F009FB204607F08AFC3B
:109C8000EC683946A05926F074FEEB68985904EB4D
:109C9000060826F00FFF60B1D8F80420A159284625
:109CA00022F07F42BDE8F0411AF026B801318A4225
:109CB000D2D8BDE8F08100BFA09E002070B50D4B4A
:109CC00093F82430064623B1002001F03BF9044606
:109CD00070B970BDD4F8B832304653F825101AF078
:109CE000EAF80135D4F8D432AB42F3D82046ECE799
:109CF0000025F7E7889E00202DE9F043994699B0AA
:109D000090F82A30209D028543F0080380F82A301D
:109D100016462A7A04460F4619F0F3FDA4F8289057
:109D200000902A7A3946204619F0EBFD94F82A3043
:109D300001906FF3C30384F82A30009B834280466E
:109D400078D026852A7A3946204619F0DAFD394638
:109D50000090A4F82890204619F065FD009A297A11
:109D6000006826F041FE2A7A69682046FFF78AFEDD
:109D70002B7A0C2B20D1DDF8009047F6FF73994524
:109D800001D0984518D1204618F05AFC00EBD0704D
:109D90004610204618F057FC47F6FF7200EBD073D0
:109DA00091454FEA630353D19E424BDA731CC84579
:109DB000009301D1731C0193284826F007FA064648
:109DC00000283CD0009BC360019B046003612B7A98
:109DD0000371876002A806F095FC314602A825F0C1
:109DE00049F902A81E4925F047F902A81D4925F0A6
:109DF00052F902A81C4925F050F9FF2202A80021BF
:109E000025F041F9298802A825F038F9698802A8C7
:109E100025F036F9E96802A825F03BF902A80021EF
:109E200025F047F902A8296925F04AF902A806F0A9
:109E300083FC04E0014625F0CCFD002881D019B058
:109E4000BDE8F0835A1CC8450092B5D10133B2E792
:109E50009045B1D19E42ADDBF8E700BFA09E002047
:109E60006D9E000057400200159C0000F7B5066883
:109E70000446708D0023C0F3051098423ED9F26865
:109E800002EBC302DD00D779BF0705D55268A7688A
:109E9000C2F31702BA4201D00133EEE70023009368
:109EA0002379612B53D04CD8392B29D81B2B3DD982
:109EB0001C3B0122DBB202FA03F33C4A1A4052BBBC
:109EC00013F0407F32D0FE293FDCE368009300238B
:109ED0000193F3682179585901AA26F0C9FD002899
:109EE00054D10127F368009A2179585926F07CFD56
:109EF00027B12279A1682068FFF7C4FD03B0F0BD47
:109F0000582B11D83C2B11D9294A3D3BDBB222FA00
:109F100003F3DB070AD5002924DCE368ADF8003041
:109F20001B0C8DF80230D2E75A2BCCD00029CCD0B4
:109F3000FF290AD0D4E903239B1A4B4302EB2322C7
:109F40000AE0662BBFD0672BEFE72369BEE7D4E9B1
:109F50000323002ABAD00BB90092B8E77F29D8BFF3
:109F60001346B3E7FE2901DD2369D7E7CAB2D4E976
:109F7000031025F022FEC0F307238DF80000C0F384
:109F800007408DF801308DF80200A0E7DDE900738D
:109F90009F42A6D13946384625F01BFD0028A0D0A7
:109FA000019BFF1A18BF01279CE700BF81002020FA
:109FB0000101000810B54368044613B11AF0E8F82F
:109FC00004460B4826F0A2F988B1D0F8D422002329
:109FD00006E0D0F8B81251F82310A14207D001339F
:109FE0009A42F6D10146024826F096F9ECE710BDF8
:109FF0008C9E0020F8B590F82B3013F01002044628
:10A000000DD143F0100380F82B302921FEF7E2FA3E
:10A0100030B994F82B3060F3041384F82B30F8BD7A
:10A02000A06810B1083025F0FEFE002120461AF08D
:10A03000BAF8064698BB204617F0F0F907463046B6
:10A0400004F0A4FB054670BB414D2146284606F0AE
:10A0500009FC0128F9D0204617F03BFC6568204632
:10A06000002D58D1FFF7A6FFD0F8D422D0F8B812AF
:10A0700006462B46934240D1D6F8D412D6F8B80201
:10A0800001398B423FD3C6F8D412890007F08CFA0D
:10A09000C6F8B8022046BDE8F84007F07BBA304663
:10A0A000FFF7A8FFC1E7284624F0C9FA00F0FD0336
:10A0B000012B14D1AB6E9C4205D0EB6E9C4202D0BA
:10A0C0002B6F9C4203D1214628461AF052F86B6F41
:10A0D0009C42AB6F08BF6E679C4208BFAE67D5F865
:10A0E000B8309F4207D104F061FB844203D121467E
:10A0F00028461AF03EF82846A2E751F82300844289
:10A10000BAD00133B6E7013350F8232000EB8300C7
:10A1100040F8042CB0E71AF091F863689A68138E3F
:10A1200080B2013B984209DB138663689D68298EE3
:10A130002868890007F038FA2860ABE71368013017
:10A1400053F8202003EB800343F8042CE5E700BF1D
:10A15000CB4202007FB5D0F8AC620446B36B002B53
:10A1600047D120461AF0F2FB18B1254B18691AF0B6
:10A1700059F901232363A26BD1073FD5A26B920744
:10A180003CD56363A36A656B13B3336821691E69A9
:10A19000D4F80C3362690B440093D4F810331344A1
:10A1A0000193D4F814330B440293D4F818333D21AF
:10A1B000134420466A4603931AF0D1FB324669469F
:10A1C0002046A36A98476A463E2120461AF0C7FBFC
:10A1D00020461AF0BBFB50B194F83930012B00D166
:10A1E0002DB1E369626A9A4208BF236A636204B0D0
:10A1F00070BD01F0FBFB01F093FBAFE70023C0E76C
:10A20000889E00202DE9F04F0C46B3B08046012116
:10A21000204617F0F5F88146002865D101466022F6
:10A22000204619F06EFBC3B2012B179003935BD944
:10A23000204617F0ADFF074630B92146404633B0FF
:10A24000BDE8F04F1AF05AB9204617F07CFF0BAD6D
:10A2500006462946204618F0B1F9324631462846CE
:10A2600024F06EFF022F42D195E80F0013AE86E86E
:10A270000F004A46314620460DF13C0918F0B6FA67
:10A28000324608F11801484624F074FF60B399E89B
:10A290000F0017AE86E80F003A463146204618F008
:10A2A000A5FA2A463146304624F064FFE0B196E82C
:10A2B0000F0007AF87E80F0005221146384624F04B
:10A2C0003FFF384625F0A8FA0190384625F0A4FA59
:10A2D0000290079B1393099B1593089B1493169365
:10A2E0000A9A169B9A422CDC33B0BDE8F08F012FFE
:10A2F000FAD117AF2A4608F11801384624F03AFF80
:10A300000028F1D097E80F0007AE86E80F0030462E
:10A3100025F082FA304625F07FFA304625F077FAAC
:10A32000884B1B69064693F83C0025F044FB4FF42C
:10A33000C04393FBF6F393FBF0F29B080192029368
:10A34000C7E7149B0199013B0B449342D4BF16937A
:10A35000169200217322204619F0D3FA0DF14C0B0E
:10A3600081461790002840F0DA8004F11401584625
:10A3700024F0A7FF002800F0D28017AA1A21204657
:10A380008DF85C90CDF860B0FEF724F99DF85C3054
:10A39000002B40F0C48012215A4640461AF049FD75
:10A3A000214682461AF0AAF86F220021204619F0B1
:10A3B000A8FA70221790049000210746204619F051
:10A3C000A0FA049B179003F0C041B1F1005F024670
:10A3D00006461BD123F0C0436FF060418B4215D07D
:10A3E000B3F1805FA2BFC3F17F6303F57F2303F660
:10A3F000FF73CDE9043004F1140025F008FA049B42
:10A40000059A03FB00F7642397FBF3F702F0C043C0
:10A41000B3F1005F19D122F0C0436FF06042934264
:10A4200013D0B3F1805FA2BFC3F17F6303F57F2335
:10A4300003F6FF7304F11400049325F0EDF9049B77
:10A4400003FB00F6642396FBF3F617A801F0D4FB98
:10A4500063691F44DAF80430FF1AA36927971E4482
:10A46000DAF808306E22F61A0021039B8DF8A83026
:10A470002046289619F045FA00220F900346B3F5BE
:10A48000616F57DC002A08BF034622930022002B8D
:10A4900054DB02B122936C220021204619F031FADC
:10A4A0006D220F9023900021204619F02AFA712284
:10A4B0000F9024900021204619F023FA72220F9069
:10A4C00025900021204619F01CFA67220F90269053
:10A4D0000021204619F015FA9DF8A9300F9060F37D
:10A4E00002038DF8A930174B1B6993F83A209DF8A9
:10A4F000A930CDF8C49062F3C3038DF8A93095E874
:10A500000F002CAE86E80F005A4617A94046CDF83A
:10A5100078A01AF027FD169B01331493E0E6149BF4
:10A52000029A013B13440A9A9A42D4BF1692169398
:10A53000102131E7A3F561630122A0E703F5616310
:10A540000122A4E7889E00202DE9F84306460D4627
:10A5500029B91F4B186900F04FFD054640B1304640
:10A560002946FFF74FFE284619F01AFE044608B99F
:10A57000BDE8F883204619F049FE00278046B94619
:10A58000474513D132461F212046FEF723F83246B5
:10A5900020212046FEF71EF8324621212046FEF7F4
:10A5A00019F8204619F0FCFD2546DFE7A3681B6873
:10A5B00053F82710B9F1000F06D16B1AD3F1000937
:10A5C00049EB03090137DBE73046FFF71BFEF9E7EC
:10A5D000889E00202DE9FF41464E054630691AF05D
:10A5E000B5F910B9306919F01DFF336993F83C00D3
:10A5F00006F070F905F1180878B198E80F006C467C
:10A6000084E80F00D5E9011220464942524224F065
:10A61000A4FD286821461AF0DCFA306900F0ECFC51
:10A620000146404619F018FF3369D3F8CC4207467B
:10A63000A4B9002835D1306900F006FD014628464E
:10A64000FFF782FF336993F8D822D0072FD4D3F8CD
:10A65000CC42A4B93369D3F8C47226E021464046FF
:10A6600019F0FAFE3369044687B90028E3D093F85D
:10A67000D822D1071CD4D3F8CC32002BEAD0214603
:10A680002846FFF761FF002FE4D00EE093F8D822B0
:10A69000D2070FD4D3F8CC323BB1002808BF1C46F8
:10A6A000EDE793F8D832DB0704D439460DE00024F7
:10A6B000D3F8C47239462846FFF746FF3369D3F80A
:10A6C000CC1229B1002C18BF21462846FFF73CFFC9
:10A6D000306900F0A5FC01462846FFF735FF3069D8
:10A6E00000F0A8FC0146284604B0BDE8F041FFF7A1
:10A6F0002BBF00BF889E00202DE9F04FDFF8AC8112
:10A70000D8F81030D3F8AC52D3F824C02E46044603
:10A7100046F818CB0FC886E80F0094E80F0005F143
:10A72000280686E80F00D8F8103093F83970022F09
:10A730008BB016D194E80F002E1D86E80F00BCF8F0
:10A740000810284619F0C1FE204625F065F82B7D3B
:10A75000073B032B21D82846FFF73CFF534B1D69CD
:10A7600055E037B994E80F002E1D86E80F003946F2
:10A77000E7E7012FE8D10023C5E90133D8F810003D
:10A7800000F0EAFB0138E860D8F8100000F0F4FBB4
:10A790002B68013828611989D3E7D8F810302A6866
:10A7A0005B8FD7682046C3F34703B7FBF3F724F06A
:10A7B000BDFC8146287D25F0FEF87E1E09FB006663
:10A7C000204625F029F8B6FBF7F6012E8146C2D0C7
:10A7D0004C2373431846049306F0C2FE0746A0B10B
:10A7E000B9FBF6F34FF0000A0393731E80468146CF
:10A7F000D34605935E4513D1049D2C4E3D44A84598
:10A800003CD1384606F0C6FEA8E7D8F8105094E8C8
:10A810000F0005F5437585E80F000BB0BDE8F08F1C
:10A8200062680399531E0B44534400935244A36837
:10A83000216806A824F06AFC059B2A7D5B4504BFBD
:10A84000E3680993484606AB00211AF0BEFA2B1DB7
:10A850000FCB09F1040C8CE80F002B68C9F800300D
:10A860004846FFF7B7FE039B0BF1010B09F14C09BA
:10A870009A44BFE701F0BAF801F052F8D8F838303E
:10A88000002BF7D13069D0F8AC322BB11A6C4245AD
:10A890000AD1D8F840201A64D0F8B4320BB141463E
:10A8A000984708F14C08AAE71346EEE7889E002077
:10A8B000014B1869704700BF889E00202DE9F04FBA
:10A8C000B94C99B0002843D0C368236126F0CDFC71
:10A8D0002069002800F04482436A002B00F0408287
:10A8E0001A69002A00F03C82DB68002B00F03882F5
:10A8F000002239211AF033F82369D3F8C402FEF795
:10A900000BFB2369D3F8CC0208B1FEF705FB2369E2
:10A91000D3F8C802FEF700FB2369D3F8C002FEF7A4
:10A92000FBFA2369D3F8BC02FEF7F6FA2369D3F8E1
:10A93000C422002A40F0FA80C3F8602202F06EFEC2
:10A94000206900223A2119B0BDE8F04F1AF007B88B
:10A9500000F0F2FA2061BBE7304490F84052002D3D
:10A9600000F0A18001362069D0F860329E42F3D316
:10A9700090F83930012B42D119F0E8FF00283ED081
:10A98000206900F51A7025F001FD002837D12069F3
:10A9900019F048FD2069D0F81C80D0F824B0C345D8
:10A9A00008BFD0F8208000F0D7FA0190206900F0AD
:10A9B000E3FA40220290002108A82CF09BFE4FF001
:10A9C00000092369D3F860221FFA89F6B24203F521
:10A9D0001A7000F2AF800023CDE90433019B013BE4
:10A9E0000693029B013B079325F090FC0546002847
:10A9F00040F0DC80206900F51A7025F0D3FC206956
:10AA0000D0F860629EB3013E00F51073002E80F214
:10AA1000DF80002600223B2119F0A1FF236993F873
:10AA200038206FF3000283F8382093F838206FF352
:10AA3000410283F8382093F83B2042F0020283F869
:10AA40003B204FF000080DF110092569D5F8603260
:10AA50009845C0F2C38000223C21284619F07FFFB0
:10AA6000236993F83B206FF3410283F83B20206970
:10AA7000D0F86032002B3FF461AF19F067FF002877
:10AA800040F04F8120694FF400720021403026F0E1
:10AA900074FE20692022002100F5107026F06DFE62
:10AAA0002369002248E74FEA061A0AF140092069A3
:10AAB000D0F860329D42BFF455AF431993F840324D
:10AAC000002B31D1AE422FD04FEA051B0BF1400BCA
:10AAD00000EB0B01484424F0F4FB28B3216908A8DB
:10AAE00001EB0B02494424F067FB08A824F01EFB8D
:10AAF00001902069484424F019FB07462069584416
:10AB000024F014FB019B0744BB420DD22369089932
:10AB100003EB0A022B441164099951640A99916468
:10AB20000B99D16483F840820135C0E700264FF0CD
:10AB3000010818E7334493F8403213B109F10109D1
:10AB40003FE725F0E3FB0436330105460393206914
:10AB500000F51A70002DF1D0294625F0DDFB039B8E
:10AB6000226982461A44294608A824F0FBFB431CAC
:10AB7000064617D0002709E025F043FB08AB03EB9E
:10AB8000071384460FCB8CE80F00013720697BB296
:10AB90009E4200F51A702946EEDC25F077FB284628
:10ABA00006F0F8FC5546D2E7889E002004AA294604
:10ABB000284624F0DFFA294658462B4642461AF02A
:10ABC0004FF82069294600F51A7025F0A5FB0DE71E
:10ABD0009A5D002A3FF41EAF013E17E705EB08031C
:10ABE00093F8403213B108F101082EE7B04502BFD7
:10ABF00095F8383043F0010385F8383095F838304F
:10AC00006FF3410385F8383008F1040305EB0313B3
:10AC10000FCB89E80F0095F83970002F73D14846A3
:10AC200024F0F5FD8346484624F0F6FD23690193A0
:10AC300093F83C5082462946584600F055FC072DB3
:10AC4000019B27D0083DEDB2022D02D8464A32F8CA
:10AC5000157008BB0025049B0893069B0A93059B6F
:10AC60000021079A05EB030A0AF1FF37974236DD08
:10AC70008A42B8D0216909930B9291F8383043F099
:10AC8000020381F8383008A8FFF736FD2069FFF786
:10AC900061FAA8E70827DCE75B6ADD680023ED1BA3
:10ACA000CDE90933B5FBF0F55545A8BF55460893E6
:10ACB0002F4608AA35212069BA46013F0B9719F0A3
:10ACC0004EFE08A824F0A8FD854202DA002FF0DC31
:10ACD000C0E7BAF1000FBDDD0B9D0135BBE708BF32
:10ACE000226909930B9702BF92F8383043F00203B0
:10ACF00082F8383008A8FFF7FFFC2069FFF72AFA2E
:10AD000039465346ADE7013F012F3FF66CAF95F84A
:10AD1000383005EB081043F0020385F83830403036
:10AD2000B2E7236993F83930012B7FF4ABAE0025ED
:10AD300010E0431993F840325BB900F51A7025F022
:10AD400089FA23692A1D03EB021306460FCB86E816
:10AD50000F0001352069D0F86032AB42E9D891E6A6
:10AD600019B0BDE8F08F00BF00990300F0B50646AA
:10AD700085B06C480D4625F029FA0446002854D0C9
:10AD800000214FF4477226F0F8FC4FF0FF33C4E97E
:10AD900002330023C4E904338223A361638F23F4C5
:10ADA000FF7323F0010343F0030363871223C4E915
:10ADB000006584F83C304C2006F0DAFB0146C4F80C
:10ADC000AC0290B3D4F8B0320BB120469847D4F817
:10ADD000AC2200235360D4F8AC229360D4F8AC3298
:10ADE000013EDE60D4F8AC324F4E013D1D61D4F817
:10ADF000AC3294F83C201A750123C4F8643208F090
:10AE000045FF1021C4F8080304F51A7025F0D6F99F
:10AE10004648756974612246212106F03DF8C4F860
:10AE2000040330B9204606F0B5FB0024204605B0E7
:10AE3000F0BD07F005FB0746002870D1052005F09E
:10AE400007FEC0F30723C0F307428DF80800384619
:10AE50008DF809308DF80A2005F0FAFDC0F30723BC
:10AE6000C0F307428DF80C008DF80D308DF80E20E0
:10AE70002F4B0093DDE902123B46204607F0EAFA29
:10AE8000C4F800030020FDF73BFBC4F8C802002013
:10AE9000FDF736FBC4F8C4020020FDF731FBC4F80F
:10AEA000C0020020FDF72CFBC4F8BC02D4F8C80295
:10AEB000FEF7AAFED4F8C002FEF7A6FED4F8BC0244
:10AEC000FEF7A2FED4F8C002022116F041FAD4F82F
:10AED000BC02022116F03CFAD4F8C802002117F097
:10AEE00038FFD4F8C002002117F033FFD4F8BC02B9
:10AEF000002117F02EFFD4F8C40217F07CFD002DBE
:10AF000008BF25460B4975610023382204F53970C6
:10AF100024F06CFFD4F8040326F0B2F986E708F0B9
:10AF2000ABFEADE78C9E0020889E0020BDA80000EF
:10AF30004088030079480200014B5869704700BF00
:10AF4000889E00200146034809B925F0DFB925F0A5
:10AF5000E3B900BF8C9E002010B9064B586940B180
:10AF600090F8FC3203F00503012B01D140687047D3
:10AF700000687047889E002010B9064B586940B1A0
:10AF800090F8FC3203F00503012B01D100687047F3
:10AF900040687047889E002010B9034B586908B17B
:10AFA0008069704782207047889E002010B9034B4B
:10AFB000586910B1C0E9071241627047889E0020AD
:10AFC00010B9034B586908B180F83910704700BFB9
:10AFD000889E002010B9024B586900B18162704709
:10AFE000889E002010B9034B586908B190F83C00C6
:10AFF000704700BF889E002010B9034B586908B104
:10B00000D0F8C402704700BF889E002010B9034BDF
:10B01000586908B1D0F8CC02704700BF889E002064
:10B0200010B9034B586908B1D0F8C002704700BF8F
:10B03000889E002010B9034B586908B1D0F8BC02B3
:10B04000704700BF889E002010B9034B586908B1B3
:10B05000D0F8C802704700BF889E002010B9094B85
:10B06000586970B1D0F8AC3280F83C101975C369DA
:10B0700003B15970036A03B159700022372119F0E6
:10B080006EBC7047889E002008B9024B5869D0F802
:10B0900000037047889E002010B9074B586948B1DB
:10B0A000D0F8643200290CBF4FF0FF320122134464
:10B0B000C0F86432704700BF889E002010B9054B6D
:10B0C000586928B1D0F864020028D4BF00200120BC
:10B0D000704700BF889E002010B9034B586908B123
:10B0E000C0F8E012704700BF889E002010B9034BE3
:10B0F000586908B1D0F8E002704700BF889E002070
:10B10000014B5869FFF778BF889E00202DE9F04F6A
:10B1100085B09846DDE90E43164608F5B472A242A2
:10B120009DF84070119D81468A460AD1A9EB06031D
:10B130002B60AAEB06036B6006EB0903AB60564479
:10B1400069E1B8F5B47FC8BFA8F5B478B4F5B47FA9
:10B15000C8BFA4F5B474A6EB030B1FB103EBD37304
:10B160005B105F1C5A2398FBF3F2D2B2042A94FBC3
:10B17000F3F3DBB229D1042B5FD1A045D6DC08F173
:10B180005A0000B205F022FC0BFB00F009EBE030A6
:10B19000C01B28600FFA88F005F018FC70430AEB1A
:10B1A000E030C01B686004F15A0000B205F00EFCEC
:10B1B000704309EBE0303844A86020B205F006FC8B
:10B1C0000BFB00F00AEBE03034E0042B67D1032ADC
:10B1D000D3D0022AAAD108F15A0000B205F0F6FB3A
:10B1E000704309EBE030C01BAAEB0603DB1B2860B1
:10B1F00004F15A006B6000B205F0E8FB704309EB04
:10B20000E030384424B2A860204605F0DFFB0FFA96
:10B2100088F80BFB00F6404605F0D8FB0BFB00F06E
:10B220008642CCBF2046404605F0D0FB0BFB00F029
:10B23000C01350443844E8606BE0032B9DD0002BD2
:10B240007FF474AF04F15A0212B21046039205F073
:10B25000BDFB08F15A031BB202901846019305F09A
:10B26000B5FB0299019B8142B6BF039A184610466E
:10B2700005F0ACFB0BFB00F009EBE030C01B2860D5
:10B280000FFA88F005F0A2FB70430AEBE030B144FE
:10B29000C01B09EB07036860AB6020B2EBE09A4289
:10B2A00040F08680A04500F38380032A31D801A3B3
:10B2B00053F822F0C5B2000019B3000061B30000DA
:10B2C0007FB100000FFA88F005F080FB0BFB00F067
:10B2D0000AEBE030C01B686008F15A0000B205F0CC
:10B2E00075FB704309EBE0303844A86020B205F0EC
:10B2F0006DFB70430AEBE0303844E86004F15A001B
:10B3000000B205F063FB0BFB00F009EBE030C01B63
:10B31000286005B0BDE8F08F0FFA88F005F056FB05
:10B3200070430AEBE0303844E86008F15A0000B29C
:10B3300005F04CFB0BFB00F009EBE0303844A86053
:10B3400020B205F043FB0BFB00F00AEBE030C01B22
:10B35000686004F15A0000B205F038FB7043D4E78E
:10B3600008F15A0000B205F031FB704309EBE03000
:10B37000C01B28600FFA88F005F028FB0BFB00F0DB
:10B380000AEBE0303844E86020B205F01FFB704360
:10B390000AEBE030C01B686004F15A0000B205F00F
:10B3A00015FB0BFB00F009EBE0303844A860B0E778
:10B3B0009ABB012B7FF4BAAE04F15A0000B205F03B
:10B3C00005FB704309EBE030C01B24B22860204627
:10B3D00005F0FCFA0FFA88F302901846019305F085
:10B3E000F5FA029A019B8242B4BF2046184605F046
:10B3F000EDFA0BFB00F00AEBE030C01B686008F1CF
:10B400005A0000B205F0E2FA704309EBE03038442C
:10B410005644A8603E44EE607BE7012A2FD1022B00
:10B420007FF484AEA9EB0603DB1B2B6020B205F092
:10B43000CDFA70430AEBE03008F15A031BB2C01B8F
:10B4400068601846029305F0C1FA5A3424B201909C
:10B45000204605F0BBFA019A8242CABF029B2046F1
:10B46000184605F0B3FA0BFB00F009EBE030384466
:10B47000A8600FFA88F005F0A9FA7043A2E6022A44
:10B4800001D1032BA6E6032A7FF450AED7E600BF16
:10B4900010B518220446002126F06FF9054B2360F1
:10B4A000054B6360054BA3600023C4E90333044BE1
:10B4B000636110BD654A0200614A0200454A02000C
:10B4C0004F4A020010B5074C2046FFF7E1FF04F198
:10B4D0001800FFF7DDFF04F13000BDE81040FFF772
:10B4E000D7BF00BF509F00200A460146014819F00F
:10B4F000BCBA00BF509F002038B50D4614461BB99A
:10B500001146FFF7F1FF0346142C05FB03F003D1AE
:10B510005B0805FB030038BD073CE4B2032CFAD8F6
:10B520001ABF034B1B5D4FF480631844F3E700BF61
:10B530003AC603000A460146014819F09EBA00BF08
:10B54000509F00202DE9F047DDF82880DDE90857FD
:10B550008A4691461E46044610B90020BDE8F08791
:10B560001C22002126F009F925B931465046FFF783
:10B57000BBFF054609FB05F34345EED8667023681B
:10B58000A4F804A003F47F4343F019032360074B9E
:10B59000A4F80690C4E904772581A361C4F80C805F
:10B5A00031463846FFF7C6FF0120D7E7509F0020FD
:10B5B00007B5009313460A460146034819F07CFA82
:10B5C00003B05DF804FB00BF509F002070B50D462E
:10B5D0000446A8B101694078072813D0A0F10803F8
:10B5E000DBB2022B10D8094E36F81330248902FB47
:10B5F0000433CC1825B105F063F9684304EBD0049B
:10B60000204670BD0823F1E70023EFE70699030009
:10B610002DE9F047036904460D4613B90020BDE843
:10B62000F08743888688B0F806809B06F6D521B956
:10B6300041783046FFF758FF05462389AB422DD0AD
:10B64000607805F03DF970430730B5EBD00F4FEA55
:10B65000D009E3D32B46627841463046FFF74CFFD2
:10B66000E3688342DAD36378072B19D0083BDBB257
:10B67000022B17D8194A32F8133027892669AF42AE
:10B680001DD208F1FF3202FB073705FB02333744B6
:10B690004FF0000A1E44C24506D325810120BEE7B3
:10B6A0000823EAE70023E8E7394630464A4626F011
:10B6B0008CF82389761BFF1A0AF1010AEBE71E4476
:10B6C000B24600274745E8D2314650464A4626F062
:10B6D0007CF82389AA441E440137F3E70699030046
:10B6E0002DE9F74F0446002875D0408810F0010579
:10B6F00071D110F0200014D06378DA1FD2B2032A7F
:10B7000017D818BF354B256914BF9B564FF480736B
:10B7100005EB8306AE4207D1638843F001036380E3
:10B72000012003B0BDE8F08F284624F0A8F90435C5
:10B73000F0E7102B14D1B4F80680B4F80490B4F8F4
:10B7400008A027694545E7D2002602E024F097F9D2
:10B7500001364E4507EB8600F8D357440135F1E733
:10B76000142B1DD1B4F80890B4F806A02769B4F8DA
:10B7700004B04FEA590309FB0A785545CCD200269C
:10B7800006E018F80610019324F090F9019B0136A9
:10B790005E4507EB4600F4D34F4498440135ECE78F
:10B7A000132BB9D1B4F80690B4F804A0B4F808B0DB
:10B7B00027694D45B0D23E464FF0000806E0B1780B
:10B7C000304624F073F9033608F10108D045F6D36A
:10B7D0005F440135EDE70020A3E700BF37C6030053
:10B7E00008B505F0C5FE064BD3F824110160D3F867
:10B7F0002821C3F824010132C3F8282108BD00BF65
:10B80000889E00202DE9F8438C6B07460D464FF0CB
:10B810000008F4B9EB6B002B71D095F84420002A96
:10B820006DD0AA6B002A6AD19B6B73B11A79062A74
:10B8300063D19A6C002A60D1DA6CD269AA425CD1D9
:10B8400001229A64354BC3F8302100263046BDE80A
:10B85000F883A36CD4F80090032B4CD12379062BEA
:10B8600029D1E36CDE6933689BB1301D23F0D4FF2E
:10B8700033682A4A1B894343D2F82C01834294BF80
:10B88000C01A0020C2F82C01306819F091F9002389
:10B89000336087B1D7F8AC3223B11A6C964225D108
:10B8A000326C1A64D7F8B43213B13146384698472F
:10B8B000304605F06FFE204619F085FC064640B183
:10B8C00090F850305B0604D5C06905F063FE002394
:10B8D000F361E06C05F05EFE204605F05BFEB8F11A
:10B8E000000F05D0C8F800904C4692E71346D3E706
:10B8F000C5F83890F8E7A046F6E71B6895E7074BD0
:10B90000D3F824410026002CA0D0236920462946E4
:10B9100098470130246818BF0126F4E7889E00206C
:10B920002DE9F0410020FFF70DFB0E4F04460026E5
:10B930004FF001080CB9BDE8F081D4F8AC523DB924
:10B940000EB9C7F830812046FFF7FCFA0446F1E74C
:10B9500029462046FFF756FF2D6C002818BF0646E3
:10B96000EDE700BF889E0020F8B5CE6C1E4D30611B
:10B9700095F838710C4647BB306870B14FF4002120
:10B9800015F03EFD48B1012385F838313068224674
:10B990002221FCF71FFE85F838714FF4C843A4F844
:10B9A0005030D5F824512DB994F850304BB90323B9
:10B9B000A364F8BD6B6913B12146284698472D68EA
:10B9C000F1E7BDE8F840FFF7ABBF4FF4C843A1F87B
:10B9D0005030D5F82451002DEBD06B6913B12146BE
:10B9E000284698472D68F6E7889E0020044BD3F838
:10B9F0003021002AFBD00022C3F83021704700BF5D
:10BA0000889E0020024B0122C3F83021704700BFFE
:10BA1000889E00202DE9FF41294B846BD3F8283103
:10BA2000012B06460D46174609D824B900242046A6
:10BA300004B0BDE8F081A36C012BF7D1F7E7F4B9AE
:10BA4000002D38D1B56B002DF0D0AB6C012B32D16D
:10BA500095F850300BB1BB422DD1B46B05F11808ED
:10BA60005CB3A542E3D0A36C032B06D0424604F19D
:10BA70001801684623F07EFBE8B92468F0E7FEF77A
:10BA800017FFFFF769FA0446FEF712FFFFF774FA93
:10BA9000B36B9A6C012AD3D09A68002AD0DC1A6959
:10BAA000013CA242CCDBDA68002AC9DC5B690138C0
:10BAB0008342C5DBBAE72D68C5E72C46B7E700BF70
:10BAC000889E00202DE9F0410568044615B12869DB
:10BAD000BDE8F081071D384623F099FE064638463A
:10BAE00023F09AFE217D07463046FFF7FDFC227DBC
:10BAF00007FB00F82B4639463046FFF759FD20601A
:10BB00000028E5D0084AD2F82C314344C2F82C3141
:10BB1000207D04F0DFFE18B12068294619F059F89D
:10BB200023681869D4E700BF889E00202DE9F04FF4
:10BB30001C4699B08B6CADF814301B0C8DF8163088
:10BB4000136B06931546BDF81C30526BDDF88890D8
:10BB500062F30803ADF81C30EB6A8246884683B175
:10BB60001CB12268234B9A420BD1239B249CCDE924
:10BB700000932A4605AB41465046A04719B0BDE8A0
:10BB8000F08F239B0FCB08AF87E80F00D9E9001295
:10BB900038465242494223F0E0FA04B90CAC154B46
:10BBA000C4E90033C4E9023310AE0DF1500B224654
:10BBB0003946284619F063FE039094E80F0086E8A2
:10BBC0000F00D9E90012304623F0C7FA039B012B7E
:10BBD000D4D123993246584623F0CCFA0028E6D037
:10BBE000CDE9006BDDF890C005AB2A4641465046D2
:10BBF000E047DCE7010000E010B56C2200210446BC
:10BC000025F0BBFD23F021FFC0F3072384F8493062
:10BC10004FF48073C4E90C33B4F84C3084F8480016
:10BC200043F40F6343F00F03A4F84C30044BE36577
:10BC3000C0F307406C2384F84A00636110BD00BF65
:10BC4000010000E02DE9F04FA9B00E460690154620
:10BC500005939BB3C969002215A800F021FD0128B6
:10BC60002CD106F1540A5046B78CB6F8269023F032
:10BC7000CEFD0028ACBF9AE80F0095E80F0009AC94
:10BC800084E80F003946204623F046FA494620460C
:10BC900023F047FA1E4BDDF824A00FCB0DF134083A
:10BCA00088E80F0007EB0A030DF1440B0793EB68DC
:10BCB0000A9A9A421BDD15A819F0EFFD29B0BDE8DC
:10BCC000F08F2A462146584623F054FA48B1059B86
:10BCD00006980094CDE901B315AA43463146FFF713
:10BCE00025FF099B3B4409930B9B3B440B93AB689B
:10BCF000099A9A42E5DD0A9BCDF824A04B440A93A9
:10BD00000C9B4B440C93079B013B0B93CFE700BF6D
:10BD1000C07D030010B558220446002125F02DFDFA
:10BD2000FF2384F84C3023F090FEC0F3072384F8FF
:10BD300031304FF0FF332362154B84F830006362DB
:10BD4000C0F307404FF6FF73C4E90A3384F83200AA
:10BD500023F07BFEC0F3072384F83300C0F30740D1
:10BD600084F8343084F83500052004F071FEC0F307
:10BD7000072384F83730002384F8360084F84D30E8
:10BD8000C0F30740582384F83800636110BD00BF3A
:10BD9000408803002DE9F04FC3B090464F6A826897
:10BDA00004900C461DA841460C9323F0E3F90028AB
:10BDB00000F0F28094F84E30099394F84F30E16926
:10BDC000DA0700F1EC80404623F021FD0A90384666
:10BDD00022F01DFCE36BD8E90012C31881461BA8B2
:10BDE0000B9323F028FD636CA16C15931C9B626D73
:10BDF0000B441C93002A40F0E0800025236A059341
:10BE000094F84F30E06902934FF0000A0A9BCDF896
:10BE100004A00093236C05993A46284404F004FFDB
:10BE20004619049A1C9B926852684B449342C0F294
:10BE3000E480099B022B40F00C81E06994F84F30BC
:10BE40000093236C3A46711B284425F0D3F98146B0
:10BE5000404623F0DCFC1B9BA0EB090000EBD070FC
:10BE600003EB60031B93A36A0693E36A0793DDE980
:10BE700006322FA8934288BFCDE9062319F0A9F90D
:10BE800094F84C308DF8D33021AB3293236BADF85E
:10BE9000D03036A81B0C8DF8D23019F056FA94F831
:10BEA0004C308DF8F83097F91630002B08BF01237D
:10BEB000089323F0CAFDC0F30722C0F307438DF8AF
:10BEC0005D208DF85E30C1B2D2B2DBB24FF0000A15
:10BED0008DF85C000E9112921093CDF844A0059B52
:10BEE000002B55D0E3695A195B5D1392002B4FD09C
:10BEF0001B9B159AD3180F931B93002318939946F5
:10BF0000731B14931899059B994203D2149B994271
:10BF1000C0F0B680059BAD1B5B19059300F07C82D9
:10BF200094F84F30E0690293002301930A9B009339
:10BF3000236C05993A46304404F076FE06EB00097E
:10BF4000D8F800301B93099B022B40F06782E06910
:10BF500094F84F300093236C3A46A9EB0601304425
:10BF600025F048F90546404623F051FC1B9B401B39
:10BF700000EBD07003EB60031B931C9B0B9A1344E4
:10BF8000049A1C939268D2689342354640F35D82CE
:10BF90003598002840F05B8243B0BDE8F08F0293F3
:10BFA0006FF060430193E36B0093236C626A36A8E1
:10BFB00025F0C4F8369B0A9309E700297FF41DAFEA
:10BFC000D8F804100029BFF618AF93685B1A0B99D4
:10BFD000002BB8BF5B42C1F50071B3EB410FC4BF8A
:10BFE0004FF0FF331360636D1D68002DFFF605AF42
:10BFF0005A681C9B13441C9300E794F84F30E06987
:10C000000599CDE901A30A9B0093236C3A4630447D
:10C0100004F00AFE1C9B0B9A1344626D1C9330447F
:10C0200082B113F5806F0DDB1368002B0ADA1660FE
:10C03000D8F804101C9B626D5B1A5360636DD8F8CE
:10C0400004209A60E3699B5D3546002BA4D0064628
:10C05000E7E6099B032B7FF406AFE06994F84F30C5
:10C060000093236C3A46711B284425F0C3F881469F
:10C07000404623F0CCFB1B9BA0EB09000344F1E6F8
:10C08000069A4FF6FF739A421DD0079A9A421AD029
:10C09000B24BE0691B6829449847834618AB139854
:10C0A0001AAA19A925F00DF894F84F301B076ED580
:10C0B000199A232A15D1B9F1000F07D1189B1193B2
:10C0C0004FF001091EE74FF0000BE7E7B9F1010F50
:10C0D00000F03F81B9F1020F00F093814FF0000AA8
:10C0E00055E0B9F1010FF9D1202A189B40F08C815D
:10C0F000119A9B1A072B40F02281139B119906225B
:10C10000591829A825F043FA00239DF8A4008DF8BA
:10C11000AA3019F046F801469DF8A50019F041F83B
:10C1200000EB0110C3B29DF8A6000D9319F039F889
:10C1300001469DF8A70019F034F800EB0110C1B2D8
:10C140009DF8A80019F02DF881469DF8A90019F076
:10C1500028F800EB0910C2B20D9823F05DFCC0F383
:10C160000722C0F307438DF85D208DF85E30C1B221
:10C17000D2B2DBB28DF85C000E9112921093BAF13C
:10C18000000F00F044814FF0000A4FF0020994F8CC
:10C190004F30180704D5B9F1020F08BFABF1070BF8
:10C1A000DDE91912384622F0FFF91C9B0B991B9A06
:10C1B0000D9059180139219224910244189914982C
:10C1C0002293013A814223924DD394F85010C9072B
:10C1D0001CD50F9929912B92FA680498DDF830C08C
:10C1E00013443A699B1A97F915209B1A089A2A93C7
:10C1F0001344013B228E2C9394F83230ADF8F92091
:10C200008DF8FB3036AA29AB0021E04794F8503076
:10C210009B0728D50F9B29930D9A1B9B0498DDF84B
:10C2200030C01344013B2B93D7E903329B1A5B00C8
:10C23000032293FBF2F31C9A134497F9162002EBA6
:10C24000D27203EB6203089A2A931344013B228EB5
:10C250002C9394F83230ADF8F9208DF8FB3036AAE3
:10C2600029AB0021E047069A4FF6FF739A4277D038
:10C27000079A9A4274D0069B5B4571D85A4513467B
:10C280006ED994F835308DF8D230E38EB4F833207F
:10C29000ADF8F93094F83830ADF8D0208DF8FB3097
:10C2A0000498DDF830C021AB36AA0021E047199987
:10C2B000084618F04CFF834600286BD10A46034617
:10C2C00029A9384622F026F9BDF8AC20002A61D011
:10C2D000BDF8AA30002B5DD01B98BDF9AE1001440B
:10C2E0000B44013B25912793D7E903315B1A1C9935
:10C2F0000B44BDF9B0109B1A5B1A1A442693049B99
:10C30000013A289299685A4625A823F0A0F80028F7
:10C3100038D1299B002B49D18DF8C03025AB319302
:10C320000DF1A40B00230498DDF830C0CDF8CCB09B
:10C330001A462FA9E047584622F0E5F82AE094F87B
:10C340003230109394F830300E9394F831301293C9
:10C3500015E74FF0000AD14619E700BFFC8D030036
:10C36000B9F1020F09BF0E9B236B8DF8D030129BE1
:10C370000BBF8DF8D130ADF8D030109B1B0C8DF871
:10C38000D23094E7049B329899685A4623F05FF8BC
:10C390000028BED00D9B002B3FF4B4AD236C0D9A4A
:10C3A0001A4413461B9A1A441B92ABE59DF8B2300F
:10C3B000013B172B22D800230093BDF8AA20BDF81B
:10C3C000AC303598002118F0D0FBB8B9359808B1D9
:10C3D00018F0EEFBBDF8AC20BDF8AA101D4801FB1B
:10C3E00002F33F2B4FF00003009398BF52000E233F
:10C3F00018F062FBBDF8AC30C38035909DF8B230C8
:10C400008AE74FF000097DE54FF0000A7AE54FF02A
:10C41000010A4FF0020975E5B14691E5099B032B2E
:10C420007FF4ABADE06994F84F300093236C3A464B
:10C43000A9EB0601304424F0DDFE0546404623F01A
:10C44000E6F91B9B401B034496E54E4647E518F072
:10C45000AFFBA1E5689F002038B57022002104469B
:10C4600025F08BF923F0E3FAC0F3072384F82100C9
:10C47000C0F3074084F8223084F8230023F0D7FA71
:10C48000C0F3072384F82400C0F3074084F8253064
:10C4900084F8260023F0D9FAC0F30723FF2584F897
:10C4A000290084F82A30C0F30740022384F82E3094
:10C4B00084F82B0084F82D5023F0C7FAC0F307232B
:10C4C00084F83E00C0F3074084F83F3084F8400011
:10C4D00023F0BBFAC0F3072384F85A300E4B636392
:10C4E000B4F8483084F8590023F4FF5323F01F03B5
:10C4F0006FEA1333C0F307406FEA033384F85B003D
:10C5000084F8205084F83B5084F8585084F86C50DC
:10C51000A4F8483038BD00BF408803002DE9F04F33
:10C5200006460D4687B00C220021284625F025F945
:10C5300096F81080D6F80C90B8F1000F18D1D9F801
:10C540001030002B44D003F08DFF07464948DFF838
:10C5500024B123F0DBFE06F1140A0446002C3CD182
:10C56000B8F1010F34D106F1140023F084FC2FE060
:10C5700003F078FF074600B3B8F1010FE6D1DFF80A
:10C58000F8B08DF80480DBF82001CDF8009000228F
:10C59000694622F098FA824690B122F0DFFA00F163
:10C5A0000802034607CA85E807005C69DBF820013A
:10C5B0000022514622F096FA0BE0B8F1010FC5D1E6
:10C5C0000222494606F1140023F086FD0028BDD062
:10C5D0000024204607B0BDE8F08F2368002B3FD031
:10C5E0006368002B3CD000221146504623F03BFDEF
:10C5F00023682A46314620469847012830D12B89A6
:10C600000BB3B8F1010FE4D1504623F034FC002FF6
:10C61000DFD0012348468DF8043025F020F9009042
:10C6200095E80700144D059402AB83E807006946BE
:10C63000D5F82001002222F071FA0146B0B9009825
:10C6400004F0A8FFC4E76878AE88142802D1760009
:10C650002E81D6E704F034F946430736F608F7E7AB
:10C660002146584623F058FE044677E7D5F82001C6
:10C6700000229FE7989F0020889E002038B505463D
:10C680000C460648182123F099FD284603F086FE43
:10C690002046BDE8384003F0B7BE00BF989F002099
:10C6A00070B50E4686B0154600214C22044625F092
:10C6B00064F816B9002006B070BDE660304618F088
:10C6C000CBFB207403F098FE002836D0224BD3F821
:10C6D0001C012064EDB1AB78DBB104F120012046F0
:10C6E000FFF71CFF034620600028E3D02868606045
:10C6F0002A7922725A68214618469047227A002ADF
:10C70000D9D00128D7D1E06AA8B1002118F0BDF92D
:10C7100011E0237C8DF808300022E368019369461C
:10C7200022F0D1F9064640B122F018FAC368E3625C
:10C730000369236066640120BDE704F120012046FF
:10C74000FFF7ECFE034620600028B3D0002DCDD1CA
:10C7500065602572CEE700BF889E002010B50548B1
:10C7600023F034FD044618B11822002125F005F805
:10C77000204610BD989F00202DE9F0411F460D4B2B
:10C7800006469046D3F81C01002222F0C7F9054660
:10C7900068B122F0E3F9037AC0F80C80012B04465B
:10C7A00003D1406825F05BF86060C4E9046728465F
:10C7B000BDE8F081889E002073B506460D4600292D
:10C7C00041D00379CBB92C467379002B3CD06078EB
:10C7D000A0F10B03032B37D904F07CF8A0B301219F
:10C7E000204618F0ADFA78BB2021204618F0A8FAB0
:10C7F00010B32046FEF774FF26E049781429E2D0F2
:10C80000A888FEF771FE2B8983420446DBD00146DF
:10C810002846FEF7FDFE0128D5D000946B78EA8803
:10C82000A9880B4818F048F9044660B100232A464D
:10C83000194618F015FAC7E72146054818F07AF9A5
:10C8400004460028D6D10024204602B070BD00BFA7
:10C85000809F00202DE9F0410B7D022B96B006460B
:10C860000C466BD98B6913B10B7F002B66D001ADE1
:10C87000B2682168284622F07DFC00285ED07668E8
:10C88000D4F8048033681F89B8F1000F70D12846AE
:10C8900022F0BDFF0690284622F0BEFF237D8DF8D2
:10C8A0002F30E37D8DF82E30A369B4F81520ADF854
:10C8B0002C20CDE90707CDF828801BB1227F012A63
:10C8C00008BF0023099395E80F000CAF87E80F001D
:10C8D000D6E9011238465242494222F03EFCD6E9DE
:10C8E000013202998A1A01993046C91A18F0B1FA30
:10C8F000099B05908BB1606A10B9206A22F087FF0E
:10C90000216A0A904A68029B09689A1A019B5B1A7D
:10C9100000FB0233099A1A440992337D063B0F2B20
:10C920000CD8DFE803F019210B0B0B0B0B0B0B12D0
:10C930000E17080B0B1D05A81CF0ACFB16B0BDE8CC
:10C94000F08105A81AF088F8F8E7032105A81DF082
:10C9500056FCF3E70421F9E705A81BF025FFEDE7F6
:10C9600005A819F035F9E9E705A81AF082FFE5E70F
:10C9700022692946284622F0FDFB0028DED0226AE3
:10C98000002A75D1284622F042FF0690284622F060
:10C9900043FF237D8DF8353094F828308DF83630FC
:10C9A000CDE90707A368207B67680C938DF83400F6
:10C9B00003F086FF2169029B4A6809689A1A019B65
:10C9C0005B1A43430C99DB0801FB02331F44A36944
:10C9D0000B9700220A92002B51D1099395E80F0082
:10C9E0000EAF87E80F00D6E901123846524249429D
:10C9F00022F0B3FB23690FCB12AC84E80F00D6E919
:10CA0000011220465242494222F0A7FBD6E90132E8
:10CA100002998A1A01993046C91A18F01AFA059033
:10CA2000337D063B0F2B89D801A252F823F000BFBB
:10CA3000CDCA0000DDCA00003DC900003DC90000AC
:10CA40003DC900003DC900003DC900003DC90000CE
:10CA50003DC90000BFCA0000B7CA0000C9CA000033
:10CA6000AFCA00003DC90000AFCA0000D5CA00002F
:10CA70002946284622F07EFB002883D15EE7217FED
:10CA8000012912D0606A099310B9206A22F0BFFE12
:10CA9000216A0A904A68029B09689A1A019B5B1AEC
:10CAA00000FB0232099B134497E7134695E705A85C
:10CAB0001CF03AFC42E705A81AF09EF83EE7032175
:10CAC00005A81DF06CFC39E70421F9E705A81BF067
:10CAD0000DFF33E705A819F055F92FE705A81AF05F
:10CAE000AAFF2BE7044BC20003EA002302F4FC6216
:10CAF00043EAD0001043704700F8FFFF034630B50B
:10CB000008466AB1FF2A4FEAD3010AD1A2F6FF0212
:10CB100002EA0322DB0003F4FC631343194488B2E6
:10CB200030BDD4439B08E4B2C0F3451513FB02F3B8
:10CB300011FB02F104FB0533084AC50A04FB051585
:10CB4000DB1000F01F0003F4FC6302EAC50204FBE3
:10CB50000011134303EB112398B2E1E700F8FFFF44
:10CB600070B5044608467AB12178A5786378FF2A23
:10CB70004FEAD10109D11448DB0000EA052003F493
:10CB8000FC631843084480B270BDD4439B08E4B2F0
:10CB9000C0F3451613FB02F304FB0633EE08C50A87
:10CBA000654306FB0255084EDB1000F01F0003F43E
:10CBB000FC6306EAC50512FB01F204FB00222B43CD
:10CBC00003EB122398B2DFE700F8FFFF2DE9F04FE7
:10CBD00089B04368019383680293C3680393D0E9E3
:10CBE00006530493D0E9044390F8227090F8218012
:10CBF0000668079382468946002F40F02281002C68
:10CC00003ED1B8F1FC0F26D8029B9C4280F21B81DA
:10CC1000A6F1020BAA46002729E057789378FF0077
:10CC200007F4FC6700EA03233B43177803EBD703C1
:10CC300026F811304A440131019B9942EDDB039BF8
:10CC40001E44049B01341D44029B9C4280F2FB80E5
:10CC50002A460021F0E77D48F6E73BF8021F5046E0
:10CC60004246FFF77DFF0137ABF80000CA44019B45
:10CC70009F42F2DB039B1E44049B01341D44C3E727
:10CC8000B8F1FC0F1ED8029B9F4280F2DC80B31EDD
:10CC9000AB464FF0000A2FE014F808203BF8021FC3
:10CCA0005046FFF75DFF08F10108ABF80000CA44E9
:10CCB000019B9845F0DB039B1E44049B1D44079B8E
:10CCC00001371C44029B9F4280F2BD80A6F1020BFB
:10CCD000AA464FF00008EBE714F80A2033F8021FC9
:10CCE000059312FB08F25846120AFFF739FF059B1D
:10CCF0000AF1010A1880CB44019A9245ECDB039BB0
:10CD00001E44049B1D44079B01371C44BBE79AF853
:10CD10002230022B4BD0032B6AD0012B40F09380A2
:10CD20007B789BF80220DB0803EBD2031F2BA8BF04
:10CD30001F23D8023B889BF80120C3F3451303EB64
:10CD400092033F2BA8BF3F2380B200EB43103B78F8
:10CD50009BF8002003F01F0380B203EBD2031F2BCC
:10CD6000D4BFC0181F30398880B2002C60D1424631
:10CD700003F0BCFD059B27F8020B01330593CB4460
:10CD8000059B019A9342C2DB039B1E44049B1D44F6
:10CD90000CB1079B1C44069B01330693069B029A29
:10CDA000934250DA00233746AB460593E8E79BF8F9
:10CDB00002307A78DB08C3EBD20323EAE373D802AC
:10CDC0003B889BF80120C3F34513A3EB920323EAAE
:10CDD000E37380B200EB43103B789BF8002003F034
:10CDE0001F0380B2A3EBD203002BA8BFC018BAE781
:10CDF0009BF802307A789BF80100D208DB0813FB1D
:10CE000002F33A888008C2F3451210FB02F0801149
:10CE10005B11400100EBC3203A789BF8003002F030
:10CE20001F02DB0880B213FB02F300EB53109AE7FA
:10CE3000059BE25CB8F1FC0F9CBF12FB08F2120AE2
:10CE400096E70023A9E709B0BDE8F08F00F8FFFFDF
:10CE500008B520F03FFE2820FEF7C2FC044B03611A
:10CE6000044B436100234362C361034BC36008BDAD
:10CE700009C30200CFC202003DC603002DE9F04FF6
:10CE800089B004AC84E80F002046DDF858809DF896
:10CE900054A0129F149E22F0BAFC0546204622F0B0
:10CEA000BBFC98F8482098F849B098F84A9098F850
:10CEB0004B8001906FEA0804BAF1140FE4B202D07B
:10CEC000BAF1120F49D1049B05995B0001FB0633AF
:10CED0004FEAD20C4FEA9B0E4FEAD90906EBD67601
:10CEE00025EAE57ADFF820B11F4409FB08F20CFBC4
:10CEF00008FC0EFB08FE26F001034FEA4A0A4FF039
:10CF000000090199894525DB09B0BDE8F08F37F8A4
:10CF10001800C0F34516C10A04FB06E6F61004FB30
:10CF2000012106F4FC660BEAC10100F01F0004FBBE
:10CF300000C0314301EB1021139820F8181008F1BC
:10CF40000108A845E3DB1399514413911F4409F1EB
:10CF50000109D6E74FF00008F3E7AAF10F03022B0F
:10CF6000D2D85046029222F026FD049B029A0599DF
:10CF7000434301FB063125EAE57E02FB08F30293F9
:10CF800000FB156609FB08F300FB0EFE0BFB08FB1C
:10CF9000394403934FF000087644019B9845B3DA77
:10CFA000139F0B464FF0000924E093F800C0029A4B
:10CFB0000CFB042C4FEA2C2C87F800C093F801C01E
:10CFC000039A0CFB04BC4FEA2C2C87F801C093F8A1
:10CFD00002C00CFB042C4FEA2C2C87F802C0BAF1DB
:10CFE000100F04BF93F803C087F803C0034407443D
:10CFF00009F10109A945D8DB139B7344139331440C
:10D0000008F10108C9E700BF00F8FFFF91F84D30B3
:10D0100013F0100F024B01D118F03EB8FEF712BE0C
:10D020002FC9020091F84C30022B02D9014BFEF7B8
:10D03000B1BE704781D002002DE9F04F0B6BDDB01F
:10D0400083460C46002B00F0B98091F83C20022A60
:10D0500040F2B480CD69A26AD1E90810854202D1BC
:10D06000914200F0AB8003EBD3735B105B428542CF
:10D07000D4BF5E191E180C968542ACBFC3EB0506E3
:10D08000C3EB00069142D4BF581898189142ACBF28
:10D09000C3EB0103C3EB02030CA90D90DBF80820DE
:10D0A0000E9608460F9322F065F8002800F086805F
:10D0B000216AA26AE069636A914240F0D0808342AB
:10D0C000D4BF40934090226B8342B8BF0346013ADD
:10D0D000013B429302F0010303EB6203CB1A01EB25
:10D0E000620240A943920846DBF80820419322F0EF
:10D0F00041F8E8B1A56B1DB1656B003D18BF012576
:10D100002C2200214EA824F038FB40AB4E9394F81B
:10D110002E30A28D8DF84F3194F83C30ADF84D2172
:10D120008DF84C31002D4CD14EA95846FFF792FB9B
:10D1300094F83D3013F0180F40D04EA818F005F9C0
:10D1400094F82E308DF85B3147F6FF73559394F8C1
:10D150003C30256B8DF8583194F83D30A28DADF8F8
:10D1600059216E101A076FEA050505F0010510D563
:10D17000E269931B4093236A3244991B521B334448
:10D18000419142925B1B40AA4EA9584643931FF01F
:10D190002DF994F83D30DB0610D5626A931B40935D
:10D1A000A36A3244991B521B3344419142925B1B48
:10D1B00040AA4EA9584643931FF018F95DB0BDE848
:10D1C000F08F40A822F023FB419BDDF80C914393A4
:10D1D000D4E90D23409F1344064697FBF3F203FB6B
:10D1E000127704F0BDF94FF0020840ABDDF804A15E
:10D1F0005490054656938DF85481D14503DA28465C
:10D2000004F0C8F994E728463246FF2124F0B5FA25
:10D2100000203B46844686420CDC4EA95846FFF768
:10D2200019FB419B01334193439B013343930AF123
:10D23000010AE2E7626B9A4209DBD21A00FA82F035
:10D2400003FA82F38DF8548101300133E3E7A16BD7
:10D250000A449342D4BF05F800C00023F2E783429A
:10D2600072D1206B9142D4BF4191419201388A42E0
:10D27000B8BF0A4600F0010505EB6005013A40A978
:10D280005D1B439203EB6003DBF8082040950846E2
:10D29000429321F06FFF00283FF44AAFA56B1DB108
:10D2A000656B003D18BF01252C2200214EA824F0FB
:10D2B00064FA40AB4E9394F82E30A28D8DF84F3126
:10D2C00094F83C30ADF84D218DF84C31002D3FF4F1
:10D2D0002BAF40A822F09BFA419BDDF80C914393C1
:10D2E000804604F03DF940AB569302238DF854314B
:10D2F000D4E90D23419F54901344064697FBF3F560
:10D3000003FB1575B94501DA304679E74246FF213E
:10D31000304624F032FA636BAB42B4BF00220122E4
:10D320008DF85421A26B4EA9134458469D42A8BFC4
:10D330000025FFF78FFA419B01334193439B013353
:10D34000013543930137DDE7914204F1240704F1ED
:10D350001C0580F20F81294608A822F062FADDE957
:10D36000086A39460AA822F05CFADDE90A59AB1BC3
:10D37000AA1B0693A9EB0A03079382EAE273A3EBC5
:10D38000E273A9EB0A02039382EAE273A3EBE2736E
:10D390000493DDE903318B42DCBF039B0499226BCC
:10D3A000C3BF0B465B0103995B0193FBF1F39A4901
:10D3B00011F8038002FB08F808F13F084FEAE81370
:10D3C000B54205932B46A8BF3346A3EBE813B542FD
:10D3D00010932B46B8BF334603EBE813D1451293A5
:10D3E0004B46A8BF5346A3EBE813D145119310A9B0
:10D3F0004B46B8BF534603EBE813DBF80820139302
:10D40000084621F0B7FE00283FF492AEDDE9032C78
:10D410004FEAE81303F001014FEA2827002301EB4C
:10D42000282124A80DF1C8086245CDE916331490CF
:10D43000CDF85480189340F3B2800AEB01020492B5
:10D4400009EB01020592AAEB07020392AA1B9A427A
:10D45000A9EB0707019340F39580039A00972B46A9
:10D46000314600F0F1F801230193049A059B0093E3
:10D470002B463146404600F0E7F894F83D309806D8
:10D480001CD403230193AB1B534440AF0093A9EB7F
:10D490000A03F31A31465246384600F0D5F8022303
:10D4A0000193069B4B440093079B4EAEEB1A4A46F2
:10D4B0002946304600F0C8F8CDE9167610A822F0CB
:10D4C000A6F90746FDF7F4F9FDF746FD054610A855
:10D4D00021F02CFE854203D910A821F027FE054635
:10D4E000284604F03DF8139B03932A46119B13939F
:10D4F000FF21064624F041F92C22002119A824F02E
:10D500003CF910AB199394F82E308DF87B3094F8D9
:10D510003C30A28D8DF87830DDF84490ADF879205C
:10D5200010AB1F9621934FF00008039B4B4544DA44
:10D53000139B119A9A4208D0013B139319A9022315
:10D5400058468DF88030FFF785F9304604F022F810
:10D5500024A820F0DCFA32A820F0D9FA94F83D3063
:10D5600099063FF5E5AD40A820F0D1FA4EA820F08D
:10D57000CEFADDE5394608A822F053F9DDE9086A5C
:10D580002946EFE6059B049A009331462B4600F0AE
:10D590005BF80123CDE90073039A2B4669E7CDE9D7
:10D5A000009352466B18314400F04EF80123CDE948
:10D5B00000935246EB1BF11B5CE706EB080A514651
:10D5C000109A00974B4614A820F085FA01468DF872
:10D5D000800018B93A46504624F0CFF8B84407EB1B
:10D5E00008039D4205D9139B0133139309F10109E7
:10D5F0009BE7022319A958468DF88030FFF72AF9D6
:10D60000139B2A460133FF213046119313934FF0A9
:10D61000000824F0B2F8E9E740C6030038B5094C29
:10D620000025D4F83C0108B103F0B4FF04F59E7066
:10D630001C2107351FF0A8FD1C2D04F11C04F0D19E
:10D6400038BD00BF889E00202DE9F843089E9DF854
:10D65000249015460F463821044698461FF094FD45
:10D66000B54204D1B9F1030F09D1013D013EB542E4
:10D6700005DD2B4635461E463B464746984639460D
:10D680002A4604F1080022F0D6F83246414604F159
:10D69000100022F0D0F8237E69F3020323762A4695
:10D6A000394604F11C00A8EB0707761B22F0C3F8EB
:10D6B00087EAE77286EAE673A2EBE772A3EBE6730A
:10D6C0009A4294F8343030482060D4BF00220122BE
:10D6D00062F3000384F834300022DB07C4E9092236
:10D6E000227121D537B14FF4801393FBF7F37343C5
:10D6F0009B12A36236B14FF4801393FBF6F37B4386
:10D700009B126362A26A217EE26211F007014FEA76
:10D71000A2031BD194F834106FF3410184F8341044
:10D72000002AB8BF5B4222E036B14FF4801393FB6E
:10D73000F6F37B439B12636237B14FF4801393FB84
:10D74000F7F373439B12A362626ADCE7012904D1F9
:10D7500094F8341041F00201E0E702290AD1002ACE
:10D76000D8DD94F8342042F0020284F83420236398
:10D77000BDE8F8830329D3D1002AE9DD94F83420E9
:10D780006FF34102F1E700BFADD102002DE9F3478D
:10D79000DDF828A040F26714A3421E46A8BF264623
:10D7A0005445A8BF544626EAE67624EAE474B44217
:10D7B0000546BABF04F5B470801BA01B80B21F469B
:10D7C000A5F88800C5E9046405F10800914688467B
:10D7D00022F031F8B32F134B2B60D8BF00224FF04B
:10D7E0000103C8BF0122BAF1B30F2B7118DDA4F1F8
:10D7F000B403B32B94BF00270127009233B24A46EB
:10D80000414605F1180020F098F923B24A464146F6
:10D8100005F150000A9702B0BDE8F04720F08DB93D
:10D820001F46EAE795D502002DE9F04F06468DB078
:10D8300008460C4690461D4621F0E9FF0746204663
:10D8400021F0EAFF2368B3606368F3608742A8BFF2
:10D850000746A36833617F104745E368A8BF474682
:10D8600027EAE778C6E90538337F65F300033377A5
:10D87000B44B3360002F4FF0020333714FF00005BB
:10D8800003DC35620DB0BDE8F08FAF4B1946D3F81D
:10D89000542142451ED11C2303FB05120F2FD2F841
:10D8A000500100F10100C2F85001D2F84C21CCBF68
:10D8B0004FEA2810012002446B43CC18B2F57A7F5E
:10D8C00003F59E73A8BF4FF47A720B44C4F84C2141
:10D8D0003362D7E70135042D03F11C03D7D19B4BED
:10D8E00000245A6932B9002C35D019692269914255
:10D8F000B8BF1C46013D03F11C03F2D16CBB1C20D8
:10D9000003F036FE4FF0FF33044623613462206893
:10D91000C4F8188008B103F03DFE062008FB0000A3
:10D9200003F01EFE00EB480302334FEA8806E36073
:10D93000331D0344012FC4E9000008F10109A3606D
:10D940001AD1B4230370E26800231380E268578081
:10D95000A268138096E71C46CCE763690F2F03F19A
:10D9600001036361CCBF4FEA28130123B3F57A7F2B
:10D97000A8BF4FF47A73C8E74FEA091003F0F8FD27
:10D98000C6F101030193B3100493002300EBC90215
:10D9900008939B460DF1100E0DF1200C0021019F04
:10D9A000002F34DC07EB4B07033701970BF1010B1A
:10D9B000B34536DCB71001314EF8047B042906F07C
:10D9C00003074CF8047BEAD19DF82C10049F0291C8
:10D9D00007998F424FEA830E03F1010C6BD140F897
:10D9E00023700899029F42F823500F443946099F3B
:10D9F00039440A9F39446768F9546768F95C09013A
:10DA0000F9546346B34505F10105C3DD0BE0DDF8CC
:10DA10000490ABEB060709EB470705370197013E7A
:10DA2000C4E70429D0D003F18047013F40F2D3215D
:10DA300050F8276001FB08F8B6EBA82F4FEAA8259D
:10DA40004FEA870103D152F82760B5421DD0C8F3D1
:10DA500009080431B8F5007F4550C8BFC8F5806893
:10DA60005550C8BF08FB08F86168D5BF08FB08F827
:10DA70004FEAE8384FEAD838C8F10F0801F80380B8
:10DA80006568E95C0901E9540133991E1D460029C6
:10DA900075DA002B03F1FF31D8BF002103EB010C35
:10DAA000E16800230B801946614576DB0DB0BDE8C7
:10DAB000F04F03F06FBD791E039105998F420EF16F
:10DAC000040A21D040F80E7042F80E506168089F99
:10DAD000CF546768F95C0901F954039940F80A10BA
:10DAE000029F099942F80A500F4439460A9F0431AF
:10DAF0003944676807F80C10676817F80C100901BB
:10DB000007F80C1002337DE7069940F80E708F423B
:10DB100042F80E5008991BD0DDF824E06768714484
:10DB2000F9546768DDF808E0F95C0901F9540399D4
:10DB300040F80A100A9942F80A508E447146676804
:10DB40000831D7E79FD80200889E0020C49F00209C
:10DB5000099F01EB07090A998944616801F803905C
:10DB60006768F95C0901F954039940F80A1042F812
:10DB70000A50029F61680C3701F80C70BCE752F83C
:10DB8000216040F8256050F8216042F82560666801
:10DB9000775C77550139013579E7E56825F8131089
:10DBA000A56850F8216025F813604FEA430E52F83B
:10DBB0002150AB4201D1614501D1013374E7A66820
:10DBC00050F8217036F80E50BD42A8BF3D4626F8E9
:10DBD0000E500131EBE700BF2DE9F04FB1B01C460C
:10DBE0003C9D9DF8F8300E910B92D5E910012A6BFF
:10DBF0001193EB6A29926A6B2A925F4230AA6FF006
:10DC0000090802E903004FF00A092B9797FBF9F77F
:10DC100008FB07F838B2A8EB030802F0D7FE7E1C19
:10DC2000834630B202F0D2FE064607F15A0000B237
:10DC300002F0CCFE824607F15B0000B202F0C6FEA5
:10DC4000A9EB080208FB00F30AFB023393FBF9F38C
:10DC50005B1128932E9B0E981B022C932F9B08FB85
:10DC600006F60BFB02661B0296FBF9F676112D9366
:10DC7000279621F0CCFD83460E9821F0CDFD119B17
:10DC800015900F2B07D1102021F095FE0BFB00F310
:10DC9000129300230FE0119B142B04D0062B72D19A
:10DCA0004FEA4B03F4E74FEA4B0312933F9B159A5D
:10DCB000129901FB02330F9395F84D3003F00802DF
:10DCC000C3F3C0031693EB6A18921393002B65D12C
:10DCD000296C2A6B686B631E5B1A534301EB23218B
:10DCE0003A9B6A6C013B9B1A434302EB23220E9B37
:10DCF0009B688B42A8BF0B461D460E9BDB68934278
:10DD0000A8BF13461E460E9BD3E90007BA42A8BF20
:10DD10003A4620AB8142A8BF0146009323A81FAB1F
:10DD20001FF0E5FF22AB29460093324621AB1FF0DE
:10DD3000DEFF1FA80FC8BBF1010FC5BF121A1202E8
:10DD4000139A0BF1FF35C8BF92FBF5F20A92159AB0
:10DD5000012AC5BF5B1A1B02002302F1FF32C8BFB4
:10DD600093FBF2F3199300F180030C9301F180030C
:10DD70001C9300231A931493DDE91432934213DBAE
:10DD800031B0BDE8F08F119821F015FE0BFB00F3C8
:10DD90001293119B122B7FF47CAF87E700230A9329
:10DDA00019931C930C93E4E7139B5BBB1C9B1A9A7F
:10DDB00003EB22231093139B0D93119B063B0E2B19
:10DDC000DED801A252F823F0F1DE000081DD000070
:10DDD00081DD000081DD000081DD000081DD0000CB
:10DDE00081DD000081DD0000B9DE00007DDF000084
:10DDF00069DE000033DF000011E2000081DD000079
:10DE000041E200000E9B0E995D68149B1D4420ABFF
:10DE100000932A4609681FAB23A81FF068FF0E99DC
:10DE200022AB00932A46896821AB1FF060FFBBF14B
:10DE3000010F219D1F99229B209A12DD6D1A0BF173
:10DE4000FF302D029B1A95FBF0F50A951B0293FB00
:10DE5000F0F30D9301F180030C9302F18003109312
:10DE6000ABE700230A93F4E74FF000083F9DCDF89D
:10DE70006C80CDF85C80179B9B456FDD0C9B03EBA2
:10DE8000282211120BD48C4209DD1B98109B03EB46
:10DE90002023181203D43A9E864200F3F580002313
:10DEA0002B60179B0D9A013317931B9B13441B93F5
:10DEB0000A9B04359844DEE74FF0000C3F99E0469A
:10DEC0003F9BCB1A9B4549DD0C9B03EB2C252F1266
:10DED0000AD4BC4208DD109B03EB28205FEA202E09
:10DEE00002D43A9B73454BDC4FF000030B7098E073
:10DEF0000027DDF8FCC01B973E46B3452EDD0C9B8A
:10DF000003EB272005120CD4AC420ADD109B1B9AB0
:10DF100003EB22215FEA212E03D43A9B734500F3E1
:10DF200093813F9A4FF0000302F816308CF80130CD
:10DF3000E4E104230793169B06933F9B0B98CDE9DE
:10DF400004B30D9B03930A9B0293109B01930C9BBC
:10DF500000932146DDE93A231FF01AFF3F9B129AF6
:10DF600013443F930F9B0BB15B440F93149B0133FE
:10DF70001493DDE9192313441A93FDE60323D9E72B
:10DF8000EAB22D0654BFC2F17F02803AC3B259BF34
:10DF900052004FF0FF3652000126000655BFC3F174
:10DFA0007F03803B5B005B0054BF179317933B9B41
:10DFB0000EFB03700B9B03EB0009185C189B0870A9
:10DFC00054BF4FF0FF350125002B3ED007EB060A6A
:10DFD000BAF1FF3F30D0544537DD0EEB050ABAF1F8
:10DFE000FF3F24D03A9B53452FDD3B9B19F8066039
:10DFF0005D43B04219F8055007D0179BC3F58077F1
:10E000005E4300FB0766C6F30726A8421FBF5543C1
:10E01000C2F5807300FB0355C5F307252E44761027
:10E020000E700D9B98440A9B01319C4448E74FB900
:10E03000012C17D1012E15D1C2F1FF024243121259
:10E040000A70EEE7651EAF42F3E78FB90136F3D0F1
:10E05000012CF1D0BEF1000F10D1013502D03A9B56
:10E06000012BDED1179BC3F1FF0343431B123DE796
:10E0700004F1FF394F45EDD1012EEAE73A9B5A1ED4
:10E080009645CED1012DECE7DDF8ECC0DDF82CE0B3
:10E090008F0000FB0C77DDF82CC0BC445EF80770E5
:10E0A0002F605FFA82F9189F1206DEB259BFC9F1DC
:10E0B0007F094FF0FF32A9F1800901221B0659BFE9
:10E0C000C6F17F064FF0FF33803E0123002F00F0A2
:10E0D00083808F18B7F1FF3F74D0BC427CDDC71836
:10E0E000B7F1FF3F69D0DDF8E8E0BE4574DD5CF8CC
:10E0F000220021900CEB82013B9ACF7853430CEB2A
:10E1000003025CF8030092F803A02290BAF1000F1A
:10E110000ED1EB78C6F1FF0673431B12EB7057BBB1
:10E12000EB78C9F1FF0909FB03F31B12EB70B8E6AA
:10E130002299286821F05AFC0028F0D1EA784AB1E7
:10E14000C6F1FF0306FB0AFA02FB03AA4FEA2A2ADA
:10E1500085F803A08DF88B602968229821F061FD75
:10E16000C0F3072328706B70C0F30743C0F3076048
:10E17000AB70E870D3E72199286821F037FC0028BC
:10E180007FF48FAEEA783AB1C9F1FF0309FB07F7D4
:10E1900002FB03773F12EF708DF887902968219872
:10E1A00021F03FFDC0F3072328706B70C0F30743D5
:10E1B000C0F30760AB70E87073E651B9012C17D15A
:10E1C000012A15D1EB78C9F17F0909FB03F3DB11B3
:10E1D000ACE7631E9942F2E779B90132F2D0012C23
:10E1E000F0D078B9013303D03A9B012B7FF459AEBC
:10E1F000EB78C6F17F067343E9E7671EB942F0D1B9
:10E20000012AEDE73A9A013A90427FF44AAEECE7F0
:10E21000169B0893002307930F9B06933F9B0B9835
:10E22000CDE904B30D9B03930A9B0293109B0193CA
:10E230000C9B00932146DDE93A231FF09DFE8DE6FD
:10E24000169B08930123E6E7C2B2000654BFC2F151
:10E250007F02803ACBB259BF52004FF0FF305200DC
:10E260000120090655BFC3F17F03803B5B005B00C3
:10E2700054BF179317933B9B0EFB03590B9B4B44C7
:10E280001D930B9B13F809803F9B03F816804FF0FA
:10E29000FF338CF80130189B54BF4FF0FF31012140
:10E2A000002B45D02B18B3F1FF3F36D09C423FDD09
:10E2B0000EEB01039A4601332AD03A9B534537DDD2
:10E2C0001D9B185C3B9B59431D9B8045595C07D0A7
:10E2D000179BC3F58075584308FB0500C0F3072062
:10E2E00088451FBF5143C2F5807308FB0311C1F37A
:10E2F00007213F9B0844401003F816000D9B1B9A12
:10E300001A440A9B1B9201360CF1020C1F44F4E5DF
:10E310005DB9012C19D1012817D10B9B13F80930D5
:10E32000C2F1FF0253431B1200E6611EA942F1E74E
:10E33000B5B90130F1D0012CEFD0BEF1000F15D1ED
:10E34000013102D03A9B012BD8D10B9B13F8092045
:10E35000179BC3F1FF035A4312128CF80120CDE73B
:10E3600004F1FF384545E8D10128E5E73A9B5A1EFC
:10E370009645C3D10129E7E7F0B50546408A85B047
:10E38000C0F308000022142793B2984201D800205D
:10E3900010E0AB6807FB02F69C199B59B4F804C067
:10E3A000CB1A634502F10102EED2A27C022A03D10C
:10E3B000E088184405B0F0BD1AB9E268D05CE38883
:10E3C000F7E7032A14D1ADF80E30154B228A0093DB
:10E3D000A16802230DF10E0022F05BFF0028E9D0B6
:10E3E000AB6833449A68DB88801A03EB6000E1E78E
:10E3F000012ACCD1ADF80E30094B228A0093A168D6
:10E4000002230DF10E0022F044FF0028D2D0AB68A9
:10E4100033449A68801ADA68DB88105AC9E700BF6B
:10E4200037E602002DE9F8430368D3F81890036932
:10E430000E46002B00F0EC80C27BD9F8044012F0AD
:10E44000020204EBC30709D054F83330D9F8006056
:10E45000C3F313031E443046BDE8F8833879797955
:10E4600011FB00F1002900F0D58099F813103F2925
:10E4700001F0C00803D9B8F1C00F40F0CD8054F8C6
:10E480003330D9F800403569C3F313030E211C441F
:10E49000FDF72AF899F8133003F01E03022B40D140
:10E4A00000210A4616E012F00702237818D143F340
:10E4B000C013DBB205F80C3001320CF1010C3B79D2
:10E4C0006345F0DCB8F1C00F02D10AB1013400227B
:10E4D000054401317B798B42BDDD4FF0000CEEE746
:10E4E00002F1FF3EBEF1050F16D8DFE80EF003067D
:10E4F000090C0F1243F38013DBE743F34013D8E713
:10E5000043F30013D5E743F3C003D2E743F380039B
:10E51000CFE743F34003CCE743F30003DBB201341E
:10E52000C8E7042B32D10021DFF8F0C00A4616E01C
:10E5300012F00302237819D19B091CF8033005F867
:10E540000E3001320EF1010E3B797345F0DCB8F16B
:10E55000C00F02D10AB101340022054401317B7998
:10E560008B427FF778AF4FF0000EEDE7012A02D122
:10E57000C3F30113E1E7022A02D1C3F38103DCE70D
:10E5800003F0030301341CF80330D8E7082B28D12B
:10E590000021DFF88CE00B461CE0227813F0010329
:10E5A0000BBF120902F00F021EF802201EF8022013
:10E5B00005F80C2018BF01340CF1010C01333A7935
:10E5C0006245EADCB8F1C00F02D10BB1013400237F
:10E5D000054401317A798A427FF73DAF4FF0000C54
:10E5E000EDE7102B7FF437AF00210AE012F8014B62
:10E5F000EC54013397F804C09C451446F6DC0544FE
:10E6000001317B798B427FF726AF22460023F1E769
:10E610001E4620E70E461EE716461CE761C60300AD
:10E6200065C603002DE9F043092A876985B0804655
:10E630000C461646994605D0002A41D1002005B067
:10E64000BDE8F08320213846FFF796FE05460028F6
:10E65000F4D0FB68002B35D100207A683B8A02EBAE
:10E66000C502092E518800FB03F3C1F30B100146CC
:10E670004FEA231304BF01B2490008330B441B09BE
:10E68000A380537923811179E18092F90630638167
:10E6900092F90730A381FB7CC3F34302A2731346B4
:10E6A000FA7C256102F0C002C02A04BF1033A373B4
:10E6B000E37B092E6FF30003E37360D00120BEE714
:10E6C0001146C0E7B9F1000FC6D0D8F81800494686
:10E6D000FFF752FE0028BFD0D8F81820D2F80C80DF
:10E6E000D27C930634D498F80B203F2A17D8D8F858
:10E6F0000090244BCDE90250D8F80820009322F076
:10E7000040420223494602A822F0C3FD0028A4D0BB
:10E71000A0EB09004010D8F8043018569DE702F02D
:10E72000C002402A98D1D8F80090174BCDE902508A
:10E73000D8F80820009322F040420423494602A85A
:10E7400022F0A7FD002888D0A0EB09008010E2E7A6
:10E75000D8F80420D8F80810525D095C002A3FF46C
:10E760007BAF00293FF478AFD8F8003098F80D005F
:10E77000013A0B4400FB023313F9010C6DE7490029
:10E78000E1809BE713E6020025E60200014603480C
:10E7900009B921F0BBBD21F0BFBD00BFCC9E002058
:10E7A000014B186D704700BF889E0020014B586DCB
:10E7B000704700BF889E0020F8B5837A43F00203BB
:10E7C0008372274B1A6D824204BF00225A65037878
:10E7D000013B012B04460D4609D8866E41B94167BD
:10E7E0006EB9206F0023E366F0B90023A367F8BD7C
:10E7F000436F994204BF00234367B14221D10027F0
:10E8000022461721A7663046F9F7E4FE3246172163
:10E8100020461FF059FF002DE3D0E36E206F9D428C
:10E8200008BFE766854214D10026224617212667D5
:10E83000F9F7D0FE3246172120461FF045FF45B9B3
:10E84000D3E7C36E994204BF0023C366036F9942A6
:10E8500003D0A36F9D42CAD1C7E70846E4E700BFD3
:10E86000889E002038B50D4618B1BDE83840FFF746
:10E87000A3BF084821F04AFD044610B9064B58656D
:10E8800038BD20462946FFF797FF2046FFF77EFF59
:10E89000F2E700BFCC9E0020889E00202DE9F04FBB
:10E8A00087B00F4690460021012201938246119CB9
:10E8B00015F027F80222059005460021504615F074
:10E8C00020F8FB7805909E0753D513F0010F6FF0E9
:10E8D000404348D09D4248D0814B0293814B0093E6
:10E8E0000026C4E90166C4E9036666612660CDF8C6
:10E8F00010804146504615F056FCDDF81090054654
:10E90000002844D0C8453BD17749284612F07EFD07
:10E910008346002840F0C28001468122284614F038
:10E92000F0FF03909DF80C300590002B00F0C380A1
:10E93000FB7813F001030DBF194604225946062245
:10E94000284614F0DEFFFB780590C84503F002036B
:10E9500044D0109A1044002B41D10644A368109A69
:10E960001344A36044E0984206D1FB786FF341035F
:10E97000FB70FB78D907AFD45A4B0293584BAEE7E4
:10E980004FF40011284612F03BFD0028BCD063690B
:10E990000BB9A3680193019B6360049BC5B19845C3
:10E9A00016D1DAF80830F9781B6853F8285004AA11
:10E9B000C1F3800150461FF0DEFE4DB1009B28469A
:10E9C0009847029B20602846984701236060E360D7
:10E9D000DDF81090484607B0BDE8F08F2BB1A36872
:10E9E000019A334403449342D1DCC8450644B5D16F
:10E9F0006169237E0131DA07616141D518222069FE
:10EA0000514302F0D1FD83460028E3D0616918220A
:10EA100002FB0101284641F8185CF97811F0010168
:10EA20001ABF04220021062214F06BFF62690590D0
:10EA3000182101FB02B242F8140CF97811F001011F
:10EA40001ABF052200210722284614F05AFF6269E6
:10EA50000590182101FB02B242F8100C626901FB1B
:10EA600002B09DF80C2040F8082C626901FB02B24C
:10EA700012F8041C6FF3000102F8041CC4F810B073
:10EA8000009B284698472368984203DD009B284650
:10EA9000984703462360E3680133E360FB7813F093
:10EAA000040F0CBF01214FF0FF31494400290491AC
:10EAB000BFF620AF6BE7029B28469847C84518BFB2
:10EAC000109BA26818BFC018FB789B0705D5019959
:10EAD000B31803448B423FF75AAF1044A060CFE70E
:10EAE000F7E70200D7E70200010006002DE9F04F2A
:10EAF0007D22A9B00021044614F003FFC343C0F3F4
:10EB0000800203F0010343EA42039DF85B20219059
:10EB1000C0F3C00043EA800322F007021343002140
:10EB20007E2220468DF85B3014F0EBFE7F22219090
:10EB30008DF858000021204614F0E3FE8022219039
:10EB40008DF859000021204614F0DBFE2722219089
:10EB5000C5B2002120468DF85A5014F0D2FE9DF81F
:10EB60005B602190C3B216F00108039340F09A80D5
:10EB700015224146204614F0C4FE1422219005902F
:10EB80004146204614F0BDFE21900490204613F02B
:10EB90006DFD0690102200212046D4F8189014F044
:10EBA000B0FE3022074621900021204614F0A9FE35
:10EBB0003422824600212190204614F0A2FE8307D1
:10EBC0002190204648BF574414F026F9B944A9EBD8
:10EBD00000001790122200212046D4F8149014F05F
:10EBE00090FE3022074621900021204614F089FE35
:10EBF0003422824621900021204614F082FE21908A
:10EC00004007204648BF574414F001F9B944A9EB26
:10EC100000001890B8F1000F56D10DF1600A0122E2
:10EC20000021204614F06DFE02220A90219000215E
:10EC3000204614F066FE6FF040430B902190B8F12F
:10EC4000000F44D0984240F0878094F82B30590749
:10EC500000F182800023199300279DF85B6016F075
:10EC6000040502D0A3681D8E013D039B012B01D139
:10EC7000F3073BD5A3681B8E9D42C0F08B800A9A98
:10EC80006FF040439A4202D00B9A9A4202D120463A
:10EC9000F9F77EFE00223321204629B0BDE8F04F6F
:10ECA000F9F798BC14220021204614F02AFE152200
:10ECB000219005900021204614F023FE219004901D
:10ECC000204613F0C3FC64E70DF15C0AA7E70A9A3B
:10ECD0009A4211D0039B012B3ED1ADB10027012DEB
:10ECE000199714D116F00405BCD12F46DAF800307C
:10ECF0003B44CAF80030BDE794F82B3013F0080FFE
:10ED0000039BE8D1012BA5D100231993012516F00F
:10ED100004021CBFA3681A8E4FF0000618BF02F150
:10ED2000FF3237460DF18408A3681B8E934218D832
:10ED30000EB1059BFF1A9DF85B30DA07204626D5F9
:10ED400013F094FC19ABCDE900A3014633463A46D3
:10ED500028461FF0D6FC80E700231993002DD6D15A
:10ED60007AE79DF89C30CDF804806FF300038DF8AE
:10ED70009C30049B009316A9069B2046FFF78EFD4E
:10ED8000219B05990B4402461F440136CCE713F042
:10ED90005DFCD7E79DF89C3043F001038DF89C3073
:10EDA00021AB0193049B00932A46069B16A920469B
:10EDB000FFF774FD039B9DF85B200C90012B07D19E
:10EDC000D0075FBFDAF8003021995B1ACAF800302B
:10EDD000189B1193179B129302F0010B634B644A2B
:10EDE0006448654FDDF894801A95BBF1000F0CBFA5
:10EDF000194611461491614906BF0E460146064662
:10EE000010915F485F49089608BF1346229A0F92F7
:10EE100004BF0E460146239A07910F990E93269B35
:10EE200018BF0646A1EB02024FF018000D96139290
:10EE3000554E00FB038208BF3E4615960992002BF3
:10EE400034D01399474600223B7DDB0755BF3B6911
:10EE5000FB68D218C91A099B1837BB42F4D1434644
:10EE60004FF0000993F814C01CF0010F17D191FB6B
:10EE7000F2FE1E699F68586806FB0EFE7745A8BF24
:10EE800077468742B8BF0746BE451EBF4CF0010C0F
:10EE900083F814C04FF00109DF60921BC91B099869
:10EEA00018339842DED1B9F1000FCAD127220021D0
:10EEB000204614F026FDC3B209930023CDE91B338D
:10EEC0001CAB01931BAB1D9000930F9A249B0699DA
:10EED0009DF858001FF015FCBBF1000F08D0099BEE
:10EEE000012B05D1204613F0B1FB1B9B03441B9360
:10EEF0002946204615F057F9259E054618B11A9B5C
:10EF00000C9A9A4214D1304602F044FB039A199BA2
:10EF1000012ADAF8002040F06F81BBF1000F40F0C9
:10EF20006B8105990B44D31A0C9DCAF80030A1E6F9
:10EF30001649284612F06AFA9DF85B100746C1F39D
:10EF4000800120B11AAA20461FF015FCD4E7014623
:10EF50008122284614F0D5FC1D90C0B2002800F094
:10EF60000081269A974213D1002718E0ADE70200EE
:10EF7000C9E70200BBE7020023F102009FE702009D
:10EF800019F802000FF8020019F102000100060052
:10EF9000334653F8181B8D4240F0DD80F76895F832
:10EFA0002B3023F00C03BBF1000F00F0D78043F0AF
:10EFB000080305F1140685F82B303046079B984767
:10EFC000B8421DD0284613F016FD6B691D93AB693E
:10EFD0001E93EB691F932B6A20933946159B30468D
:10EFE00098471DAA31212846F9F7F4FA284615F06A
:10EFF000D7F82A462A21F9F7EDFA284613F0FBFC48
:10F000009DF85930012B00F0B380022B40F0BC80FA
:10F0100021980D9B013020F0010605F1140098475E
:10F02000301A109B00EBD0760021284698470E9BA3
:10F030000746002128469847381A761000EBD07012
:10F0400006EB6006BBF1000F09D0099B012B06D12E
:10F05000079B05F1140098471B9B1B1A1B936A2200
:10F060000021284614F04DFC6B22002180461D90A3
:10F070008146284614F045FC1D901390074628460B
:10F0800013F0DEFA0F90284613F0DDFA08F0C043C3
:10F09000B3F1005F0F99139A14D128F0C0486FF0B4
:10F0A000604398450ED0B8F1805FA2BFC8F17F6879
:10F0B00008F57F2808F6FF7808FB01F34FF0640994
:10F0C00093FBF9F907F0C043B3F1005F12D127F0C9
:10F0D000C0476FF060439F420CD0B7F1805FA2BF82
:10F0E000C7F17F6707F57F2707F6FF77784364232B
:10F0F00090FBF3F26B691199AF69CB1A9944129B9B
:10F10000DF1B1744BBF1000F44D0089B00212846A9
:10F1100098471B9B1844374410EB090661D02846DA
:10F1200013F069FC6B6933446B61EB693344EB6149
:10F13000AB693B44AB612B6A3B442B62284613F01E
:10F140005AFC00233A463146284613F0DEFABBF15A
:10F15000000F2BD047E001371E4603E743F00403BE
:10F1600027E795F82B3023F00C0385F82B3047E781
:10F170000D9B219E05F1140098470E9B361A002125
:10F1800028469847361A5DE7109B00212846984785
:10F19000064657E7089B5946284698471B9B4E440E
:10F1A00018440744002EBAD1002FB8D1079B05F1AF
:10F1B00014009847049B1E181C9B00211E442846DF
:10F1C000089B9847149B06440021284698471B9BA0
:10F1D000304418449DF85B101B901AAAC1F38001BB
:10F1E000B1E6002F9BD1099A012ADDE91B03DDD18D
:10F1F000049A1344C01AEDE721990B4405990B4476
:10F20000134491E6034B0449DA6D9160DB6D0022F3
:10F21000DA607047889E0020EDEA00002DE9F04F8B
:10F2200000219BB0044614F0BEFF0146002877D1B0
:10F23000202212A822F0A1FA102200210AA822F00E
:10F240009CFA12220021204614F05BFB3022064675
:10F250000E900021204614F054FB342205460E90F7
:10F260000021204614F04DFB002142070E904FF084
:10F270001002204648BF761914F043FB30220546A1
:10F280000E900021204614F03CFB3422002107465A
:10F290000E90204614F035FB830763690E902046DC
:10F2A00048BFED191E4413F0B2FDA369361A20467B
:10F2B0001D440C9613F0B0FD2D1A0D9500230693F6
:10F2C000A36806991A8E8A4200F26282129802F0AE
:10F2D00061F9139802F05EF9149802F05BF9159841
:10F2E00002F058F901220021204614F00AFB022204
:10F2F00005460E900021204614F003FB6FF04043BA
:10F300009D420E9001D0984202D12046F9F740FB71
:10F31000002233212046F9F75DF91BB0BDE8F08FDC
:10F3200084220021204614F0ECFA054612900028B1
:10F3300040F04E81204614F033FF8422294614F019
:10F34000E0FA0746129000285FD02946892220461D
:10F3500014F0D7FA29468A2280461290204614F0EB
:10F36000D0FA461CB6001290304602F0F9F8043E7E
:10F370000546324607EB880122F009F96FF0604339
:10F38000AB514FF0010A00206FF0604355F8202088
:10F390009A4240F020811790800002F0E1F813902B
:10F3A0001798DFF810B3800002F0DAF80026159005
:10F3B000179B9E42C0F011814FF00008BE484646A0
:10F3C0004346179A9342C0F04581142200212046FB
:10F3D00014F097FA07460E90204613F047F9179B52
:10F3E000013B07FB1303A3EB0803B34823EAE373D2
:10F3F0000027179A974202D2002E40F03D81BAF1C1
:10F40000000F02D0284602F0C5F8852200212046D0
:10F4100014F077FA05460E90002840F04681204609
:10F4200014F0BEFE8522294614F06BFA07460E90B2
:10F4300000285BD029468622204614F062FA29462D
:10F44000872280460E90204614F05BFA461CB600D8
:10F450000E90304602F084F8043E0546324607EB33
:10F46000880122F094F86FF06043AB514FF0010A2D
:10F47000204613F0EBF86FF060438346002055F808
:10F4800020209A4240F014811690800002F068F823
:10F4900012901698800002F063F800261490169BD4
:10F4A0009E42C0F00D81002783483E463B46169A97
:10F4B0009342C0F0428100211522204614F021FA27
:10F4C000169B0E90013B00FB13B0C01B7A4920EA4B
:10F4D000E0700027169B9F4202D2002E40F03F8131
:10F4E000BAF1000F02D0284602F054F8152200218C
:10F4F000204614F006FA142280460E900021204681
:10F5000014F0FFF9272207460E900021204614F040
:10F51000F8F9C2B2511E4D424D410E900122002118
:10F52000204614F0EEF90222064600210E902046F5
:10F5300014F0E7F96FF040439E4208BF94F82B6047
:10F540000E9008BF86F00806814620460CBFC6F321
:10F55000C006002613F07AF8822282460021204657
:10F5600014F0CFF9129B0293149B0193169B039501
:10F570003146C2B20E900093504643461FF07BF9CD
:10F580006FF04043994508BF94F82B10189008BFBE
:10F5900081F0040120460CBFC1F38005002513F063
:10F5A00065F8832206460021204614F0AAF90023BC
:10F5B0000393139B0293159B0193179B0E9000934B
:10F5C000C2B23B46294630461FF055F9199033E642
:10F5D0004FF0000AD7E60130D8E655F82630364A13
:10F5E000934235D14FF000095F4624E0494620465A
:10F5F00014F0D9FD3149804611F008FF0146C0B929
:10F6000005908A22404614F07CF9012805990E9055
:10F610000FD18922404614F074F986420E9008D129
:10F62000404613F010F8B84203DB404613F00BF8E5
:10F63000074609F10109204614F0E8FD8145D5D3BC
:10F64000002F159BB6BF002243F8267043F82620F2
:10F650000136ADE655F82320824205DD06F160460D
:10F66000653616440133ACE615990CBF51F82320DA
:10F6700041F823209044F5E755F82720824212DD17
:10F6800006EBD671DDF854C002F1604265324910D4
:10F6900003FB021191FBF6F14CF82710B61A159AEC
:10F6A00052F827209B1A0137A3E64FF0000ADFE645
:10F6B0000130E4E6010000E09AFFFF1F01000600B0
:10F6C00055F826309A4A934235D19A4F4FF00009A7
:10F6D00024E04946204614F066FD9749804611F023
:10F6E00095FE0146C0B905908722404614F009F9FD
:10F6F000012805990E900FD18622404614F001F999
:10F7000086420E9008D1404612F09AFFB84203DBC1
:10F71000404612F095FF074609F10109204614F012
:10F7200075FD8145D5D3002F149BB6BF002243F849
:10F73000267043F826200136B1E655F82320824290
:10F7400005DD06F16046653616440133AFE61499CF
:10F750000CBF51F8232041F823201744F5E755F852
:10F7600027308B4212DD06EBD672DDF850C003F174
:10F7700060436533521000FB032292FBF6F24CF813
:10F780002720F61A149B53F82730C01A0137A1E638
:10F790001B68069A684953F82250284611F036FE35
:10F7A0008246002840F09D8101468722284614F0B9
:10F7B000A8F88A220E9080465146284614F0A1F8F7
:10F7C00007460E90002800F08C81B8F1000F00F081
:10F7D000888186225146284614F093F889220646ED
:10F7E0000E905146284614F08CF8882207900E900F
:10F7F0005146284614F085F88B22C3B20E9051462C
:10F800002846059314F07DF8B0446FF040420E9006
:10F81000C3B2904412981499099351F8281050F8E3
:10F82000283001EB0309079B50F826101F441744AA
:10F83000A9EB0109159A139952F8272051F82700CE
:10F8400051F823100244531A2846272251460893A0
:10F8500014F057F80E90C0B2012805F1140B5AD1DC
:10F86000059BCBB958461FF0D2FF804658461FF083
:10F87000D3FF0746129B53F826302846994412F0CE
:10F88000DFFE1B22A9EB00090021284614F039F8FD
:10F890000E90A9EB000614E0059B022B584612D1EE
:10F8A0001FF0B5FF804658461FF0B6FF0746129B73
:10F8B0001A220021284653F8266014F022F80E90F0
:10F8C0000644002354E01FF0A2FF804658461FF074
:10F8D000A3FF0746059B129A032B2FD0012BE6D1DD
:10F8E00052F8266000211A22284614F00AF8A9EBE3
:10F8F000080909EBD97906EB69090E9006461B2227
:10F900000021284613F0FDFF361A06EBD6760E903E
:10F9100009EB6606D5E758461FF079FF8046584642
:10F920001FF07AFF059B022B0746D3D1A2E700BF49
:10F930009AFFFF1F010000E00100060052F8266058
:10F9400000211A22284613F0DCFF1A220E90002113
:10F950000644284613F0D5FF1B2280460E90002156
:10F96000284613F0CEFF0E904044A9EB0008012377
:10F9700095F82B2063F3C30285F82B20139B079A7D
:10F9800053F82290099B022B00F0E580032B00F036
:10F99000AC80012B00F0C38018220021284613F010
:10F9A000B0FF0E90814495F82B306AF3820385F8FE
:10F9B0002B30284612F044FE404500F0DD806B6994
:10F9C0000E93AB690F93EB6910932B6A1193284642
:10F9D00013F011F8414658461FF09EFB3946584631
:10F9E0001FF09FFB284613F006F80EAA3121284687
:10F9F000F8F7F0FD284614F0D3FB2A462A21F8F741
:10FA0000E9FD6A220021284613F07BFF6B220021CA
:10FA100007460E908046284613F073FF0E908346EB
:10FA20008246284612F00CFE0590284612F00BFE86
:10FA300007F0C042B2F1005F059B13D127F0C04729
:10FA40006FF0604297420DD0B7F1805FA2BFC7F15F
:10FA50007F6707F57F2707F6FF777B434FF0640842
:10FA600093FBF8F80BF0C043B3F1005F13D12BF018
:10FA7000C0436FF0604293420DD0B3F1805FA2BFEC
:10FA8000C3F17F6303F57F2303F6FF7358434FF001
:10FA9000640A90FBFAFA0C9B46441E446B69F61A02
:10FAA0000D9BD1449944AB69A9EB030956EA0903BC
:10FAB00017D0284612F09FFF6B6933446B61EB69E6
:10FAC0003344EB61AB694B44AB612B6A4B442B6213
:10FAD000284612F090FF00234A463146284612F08D
:10FAE00014FE069B0133FFF7EABB182200212846CB
:10FAF00013F007FF18220E9000218144284613F0CE
:10FB000000FF192207460E900021284613F0F9FE47
:10FB1000089B0E9038441F1A4FF0010A43E7089BD8
:10FB2000DB1B03EBD37309EB630318220021284688
:10FB3000059313F0E6FE192281460E900021284617
:10FB400013F0DFFE059B0E90A9EB000909EBD979B4
:10FB500003EB690927E7089B28464B44994612F0B6
:10FB600072FD1922A9EB00090021284613F0C9FEF5
:10FB70000E90A9EB000916E7284612F064FDB84282
:10FB80007FF41DAF3DE700BF034B0449DA6D1161FF
:10FB9000DB6D00225A617047889E00201DF2000034
:10FBA00010B5064CA06DC00001F0DAFCE065FFF76F
:10FBB00029FBBDE81040FFF7E7BF00BF889E00208B
:10FBC00013B516220021044613F09BFE10F0FF032C
:10FBD00001900ED0084A916D8B420AD8D26D02EB8B
:10FBE000C30152F833304968204602B0BDE81040E6
:10FBF000184702B010BD00BF889E002037B50D46E3
:10FC000014462B7CC96843B90C22204621F0BFFC66
:10FC10002378192B2BD1012021E0012B1CD1084680
:10FC200000F0BEFE144921F00FFEB8B901AB0C2262
:10FC3000214605F1140020F03FF978B9019B0C2B07
:10FC40000CD12378192B1EBF63701923237063888E
:10FC500043F020036380DBE7022B02D0002003B0D7
:10FC600030BD0E2353704FF001135360D0E763880B
:10FC700023F001036380CEE7DEF503002DE9F043B6
:10FC800090F82150D0F84880072DD8F8009085B022
:10FC900004460ED0A5F10803DBB2022B0BD8204A94
:10FCA00032F81370638C1B0707D5D8F820301E6913
:10FCB00020E00827F6E70027F4E7237C012B26D174
:10FCC000384601F04DFC064670B103AB0093024686
:10FCD0003B460C2148461EF045FE10B9039B9F424F
:10FCE00006D0304601F056FC002005B0BDE8F08398
:10FCF000C8F80460072D26630DD0083DEDB2022D33
:10FD00000BD8084B33F8153063630120EDE7002B67
:10FD1000EAD1E368CBE70223F6E70023F4E700BF6C
:10FD20008E990300889903002DE9F04F054685B0B0
:10FD3000D0F848A090F8210000F0C2FD2C8DB5F855
:10FD400026B0E600B6FBF0F60096A98C80460E239E
:10FD500032485A4614F0B0FE0BFB04F4074648B391
:10FD60006B8CD0F810901B0711D5DAF82030196988
:10FD70002246484621F00BFC95F821300E2B1FD16E
:10FD8000CAF81C700120EF6205B0BDE8F08F2B7C33
:10FD9000012B11D103AB0093DAF8000023464A4649
:10FDA0000C211EF0DFFD10B9039B9C42E4D03846C5
:10FDB00014F0FEFE0020E7E7002BDDD1EB68D6E76C
:10FDC0000BFB06F60123701E03FA08F3013C013B0E
:10FDD00048444C44DBB2861B0021B042D0D022788C
:10FDE0000A411A4018D0C4469146BCF1070F07D902
:10FDF0004144C9B2072900F80199EED9013CEBE76B
:10FE0000CCF1080E02FA0EFE49EA0E0EC4445FFA67
:10FE10008EF95FFA8CFCE8E79146E9E7809F0020C5
:10FE20002DE9F0430B7C012B87B006460C4643D1ED
:10FE3000C86800F0B5FD644921F006FD68B92046A8
:10FE40001EF0D3FD054640B1A0640C2001F088FBF4
:10FE5000074638B920461EF09DFD0025284607B00C
:10FE6000BDE8F083E168022220F036F918B1384687
:10FE700001F090FBEEE72F60628C94F821301007C0
:10FE800004D5002520461EF085FDE7E7DA1F032A8A
:10FE90000BD8E379002BF4D12046FFF7EFFE0128C1
:10FEA0000546EFD14FF0000849E00B3B032BF9D892
:10FEB0002046FFF739FFF2E7002BE2D1CD682B692E
:10FEC000002BCAD04B8C95F801901907D9D4A9F111
:10FED0000703032B05D820461EF087FD0028D8D144
:10FEE000BBE7A9F10B03032B204604D81EF07DFDD0
:10FEF0000028DDD1B1E71EF078FD6B88DA0619D451
:10FF00002B8900F12408F3B90FCD6F460FC795E890
:10FF1000030087E803004846BDF8045000F0D0FC19
:10FF200068430730C010ADF808006946404614F039
:10FF300011FF4546E5622B893BB14FF00108E76AA6
:10FF400037B901258AE72946F0E7238D2B81F4E7AD
:10FF5000638CDB0703D50121384614F0F7FE3946E0
:10FF60002046FCF729FC054600283FF473AF874282
:10FF700024D020461EF00EFD20461EF036FDC56141
:10FF8000E562A579002DDCD100F036FA0028D8D042
:10FF9000237C8DF80830E26AE3680193D36800930C
:10FFA0006946A36C3046FCF7E7FB00283FF452AFEC
:10FFB000606420461EF019FDC561C2E7E762B8F132
:10FFC000000FDED0BDE700BFDEF503002DE9F04FE6
:10FFD00091F821901D46A9F1070387B0DBB2032BEE
:10FFE0000E460492029303D9A9F10F03052B7BD887
:10FFF000D6F848A0BAF1000F76D04846DAF800B03B
:020000040001F9
:1000000000F05EFC044604981FF001FC337C804A3B
:10001000012B14BF00230C2303936B68934280468B
:1000200066D1029B032B8CBF4B4610230593002304
:10003000009302460599DAF84000012314F095FD7B
:100040000746A0B9DAF8400020B114F0B1FD002352
:10005000CAF84030002300936E48059B01224146B8
:1000600014F02AFD074600283ED0CAF84000049B41
:100070000FCB85E80F00E960049B6A68DB68D7F85E
:1000800010A09A4230DC029B032B00F28480286887
:10009000318D0823B3FBF4F3B0FBF3F503FB150537
:1000A000736B514301EB83016043039B01EBD00170
:1000B0001944337C012B23D104FB08F30733DB08FD
:1000C000013318460391029301F04AFA044658B1ED
:1000D00000220092029B0399024658461EF042FC01
:1000E00088B1204601F056FA002007B0BDE8F08F35
:1000F00001336B60EB680133EB60DAF84070BBE70B
:10010000F3681C690C44B9F1090F27D0B9F10A0F43
:100110002CD0B9F1080F19D085F007056DB2204633
:10012000012101238B40013BD6F830E09BB24FF018
:10013000000CC1F10809E0451CDC337C012B02D125
:10014000204601F027FAF7620120CEE704EBA50074
:10015000ED4305F003056D000221E2E704EB6500C5
:10016000ED4305F00105AD000421DAE7601908212F
:100170000025D6E702782A411A40D2B26D1A6DB234
:10018000002D5EF822204AF82C20BCBF4D460130DD
:100190000CF1010CCFE7A9F10F03042B13D8296848
:1001A000039804FB08F34C43318D514301EBD40118
:1001B00000220092DB085246014458461EF0D2FB52
:1001C000002891D1BFE7B9F1140F8DD12B68318D83
:1001D0003C8903981B01514301EBD3010023009399
:1001E00001442346524658461EF0BCFB00287FF4CB
:1001F0007BAF2B68318DF28C6D6800900C3301FB66
:10020000023C490843460AEB040205FB01C1D4E75E
:10021000010000E0809F002010B5FCF79FFA044623
:1002200080B1094915F04EFB0849204615F04CFBFA
:100230000749204615F04AFB0649204615F048FBC1
:10024000054B236110BD00BFFDFB000021FE000037
:10025000CDFF0000CDE90200E2F5030070B5224CAD
:100260002578002D3ED14FF4E4722946204621F036
:1002700084FA4FF44771201D1FF0A0FFE42104F120
:1002800044001FF09BFF194B63660323A3658C2377
:100290001748E36201264223236784F8246000F0B4
:1002A000D1FB26F0D9FBFBF70DF908F02FFE21F06A
:1002B00010F800F0E3FD00F057FBFFF771FC00F0D1
:1002C00009FAF8F7E9F814F058FDFCF7C1FDF9F761
:1002D000CDFB14F012F929462846FCF7CFF9FFF7B9
:1002E0009BFF267070BD00BF889E0020D4C3B2A1C2
:1002F000CDAB341210B5044640681EF03FFC044BF1
:10030000014604222046BDE810401FF037BF00BF61
:10031000DBEB020038B5044605698369406810B913
:100320000025284638BD002DFAD0002BF8D01EF04D
:1003300025FC2946021D04F1240020F0E0F90546C1
:100340000028EDD0042104F130001FF037FF014BED
:10035000E363E6E7D3EB020038B504460569836939
:10036000406810B90025284638BD002DFAD0002B72
:10037000F8D01EF003FC2946021D04F1240020F0F1
:10038000BEF905460028EDD0042104F130001FF02D
:1003900015FF014BE363E6E7D7EB020030B5124CE3
:1003A000D4F81C3187B00546DBB9104B93E8070041
:1003B00006AB03E9070013E903002A468DE80300B2
:1003C000039B0B4818211EF059FB0A49C4F81C0175
:1003D0001EF0B7FBD4F81C01003818BF012007B08D
:1003E00030BD0120FBE700BF889E0020D07D0300C8
:1003F000A08D0300E6F50300024BD3F81C011EF0AC
:100400009BBB00BF889E002030B5124CD4F8203131
:1004100087B00546DBB9104B93E8070006AB03E94C
:10042000070013E903002A468DE80300039B0B48ED
:1004300018211EF023FB0A49C4F820011EF081FB9D
:10044000D4F82001003818BF012007B030BD0120CA
:10045000FBE700BF889E0020DC7D0300CC8D0300FD
:10046000ECF50300024BD3F820011EF065BB00BF82
:10047000889E002010B50446014606481FF006FF7E
:1004800063690BB1204698472046BDE8104001F053
:1004900081B800BF349F002010B50A4C012304F13D
:1004A000AC0084F8A4301FF031FF28B9D4F8A800BC
:1004B000BDE8104020F0D9BED4F8A800BDE8104037
:1004C00020F0D8BE889E002070B5436805460BB961
:1004D00083682BB11748174E1FF018FF044604B964
:1004E00070BDA54221D0636B002B03DA94F8543021
:1004F0001B071AD522682B689A4216D16368A3B1EC
:100500006A68934211D10B4821461FF0BFFE636910
:100510000BB120469847204601F03CF8FFF7BCFF9E
:1005200004481FF0F3FE0446D9E7214630461FF089
:10053000F3FEF8E7349F00202DE9F047634D95F86E
:10054000A53005F1AC0083F0010385F8A5301FF05C
:10055000DDFE0027044605F1AC060CB9BDE8F087C6
:10056000206D21F024FA636B0344636303F08EFB78
:10057000206585F8A47094F8543095F8A520C3F34D
:100580004001914265D062F34103590784F8543029
:10059000DAB21ED4636B002B1BDB130709D4A369EB
:1005A0003BB120469847636A03446362E36A0344AD
:1005B000E36220461EF0FDFCE3680BB1204698473D
:1005C00094F8543043F0040384F854302046FFF785
:1005D0007BFFD4F83490B9F1000F37DB236B9945DA
:1005E000C8BF63632046236AD4F834A09847A36A3F
:1005F0008342804636D06368A06213B1014620680A
:10060000984795F8A4308BBBA36843BB636B5345F5
:1006100001D1C4F83490D4E90C03834216DB94F87A
:100620005420616C12F0010224D079BB2848214685
:100630001FF02CFEFFF730FF2369002B43D16369C5
:100640000BB120469847204600F0A4FF95F8A4304F
:1006500063B9214630461FF05FFE04467DE7414600
:100660002046984795F8A430002BCFD030461FF095
:100670004DFEF2E7D4F83CC029B1B1F1FF3F05D0FF
:100680000139616411B9BCF1000FCFD08342216CF4
:10069000CCBF1B1A00235B1AE16B63630029D5D022
:1006A00012B9A36B5B42636394F85430E06382F049
:1006B000010262F3000384F85430636AE26A626202
:1006C000C4E90B31C2E720469847B8E7889E00206E
:1006D000349F002010B5094C582120461FF06EFDB4
:1006E00000222121064800F0D7FB44F8040CFFF754
:1006F000D3FE002324F8083C10BD00BF349F002027
:100700003905010010B558220446002121F035F8C2
:100710004FF4FA732363002363626423E3620123CB
:100720006364044B236294F8543043F0080384F864
:10073000543010BD1DEF020038B505461F481FF0AC
:1007400045FD0446002837D05822294620F01FFFD7
:100750002B68AB421A4B08BF246093F8A52094F88D
:10076000543062F3410384F8543003F08FFA94F864
:10077000543020651B071DD5A3693BB1204698471F
:10078000636A03446362E36A0344E36220461EF043
:1007900010FC6B680BB9AB6813B12046FFF794FEF1
:1007A000636813B1616A20689847A36813B1616AEE
:1007B00020469847FFF770FE204638BD349F002042
:1007C000889E0020F8B504460F480F4F0D461FF0D5
:1007D0009DFD002608B93046F8BD0368A34200D04D
:1007E00064B94368AB4200D045B9FFF743FEFFF759
:1007F00053FE38461FF08AFD0126EBE701463846D6
:100800001FF08AFDE6E700BF349F002070B5054663
:100810000948094E0C461FF079FD00B970BD036808
:10082000AB4204D14368A342F8D0002CF6D0014675
:1008300030461FF071FDF0E7349F002000286FF074
:10084000704307DA064A9042ACBF1B1A9B1A43F06A
:10085000005070479842A8BF184640F000507047BB
:10086000010000F02DE9F047054600200E4600F09B
:1008700007FCDFF848A004464FF0000914B94846C9
:10088000BDE8F087204600F0FBFBA3685345074610
:1008900011D1D4F80C80D8F80030AB420BD1D8F885
:1008A0000430B34207D1204600F01CFB404600F064
:1008B00071FE4FF001093C46E0E700BF3FF902003E
:1008C0000638C0B220289ABF014B185C0020704740
:1008D000F9F5030018289DBF034B23FA00F000F040
:1008E00001000020704700BF807FF901FF2A034606
:1008F00010B5084614D092B18B4210D0094C01EBD0
:10090000014103EB03432140234004325B1AD20828
:10091000534301EB5310204040EA104080B210BD19
:100920001846FCE71FF8E007024BDA6E4261D86612
:10093000704700BF889E0020014B4269DA6670470D
:10094000889E0020074BDB6E03B970475A688242CD
:1009500002D01A68824203D11A7E42F001021A764E
:100960005B69F1E7889E0020014804211FF026BC46
:100970003CA0002038B504460848084D1FF0C6FCCE
:10098000014609B9084638BD08680378A342FAD081
:1009900028461FF0C1FC0146F3E700BF3CA0002041
:1009A00010B5044620F031FF08B9074804E0235C85
:1009B0002E2B02D10130204410BD2F2BF5D05C2B03
:1009C000F3D00138F0E700BF58B1030000280EDB78
:1009D000B0F5B47F0FDA5928174B10DC33F810004C
:1009E00047F6FF73984208BF4FF40040704700F588
:1009F000B47000B2EAE7A0F5B47000B2E8E780B2E4
:100A0000A0F15A02592A03D8C0F1B40080B2E5E738
:100A1000A0F1B40292B2592A85BFC0F5B47080B279
:100A200033F8120033F81000044A054B404290425C
:100A300008BF1846704700BF949903000180FFFF6C
:100A40000080FFFF014B9866704700BF889E002022
:100A5000122882B002D902B01EF0F7BF00EB4000AE
:100A6000094B1A181B5AADF804309DF804300020C9
:100A700063F307009DF8053063F30F20937863F369
:100A8000174002B0704700BF1BF80300122882B065
:100A900002D902B01EF0D9BF0139C9B20429F8D871
:100AA000C0EB001001EB41010144094B5A185B5A9D
:100AB000ADF804309DF80430002063F307009DF882
:100AC000053063F30F20937863F3174002B070474B
:100AD000FEF60300122882B002D902B01EF0B5BFA4
:100AE0000139C9B20329F8D801EB41010C2202FBFC
:100AF0000010094B1A181B5AADF804309DF8043049
:100B0000002063F307009DF8053063F30F2093780E
:100B100063F3174002B070471AF60300F8B50F46AA
:100B200015460021142204461E4620F026FE064BE0
:100B30002760002D08BF1D46C4E90256069B2361AD
:100B4000079B6360F8BD00BF1DEF0200582882B00C
:100B500024D8392809D8212810D807283ED01C28A5
:100B60002DD005283AD0002327E03A381D4AC0B2DC
:100B7000012383401342F6D0FF231EE0A0F122029E
:100B8000D2B201239340184A1A40002AF4D1174ADE
:100B90001342E8D13428E6D10F230EE06D2808D89F
:100BA0006B2808D85A2817D0E6D95F380128E3D92E
:100BB000D9E77428D7D14FF48073019309E000235B
:100BC0008DF807300A4B1A889B78ADF804208DF811
:100BD0000630019802B07047064BEEE76FF06043B5
:100BE000EBE700BF110408028D00010002808000C5
:100BF00054F8030040880300FF280FD068B18C2808
:100C000002D8074B185C7047064A136B23B1926AEF
:100C10007330C0B29042F5D3002070473F20704738
:100C200057F80300889E00202DE9F04F91B006464A
:100C300008939DF8703004931B9B0691039213B1A7
:100C40001B9A00231360002E00F0FC80307800B364
:100C5000039B002B00F0F880049B13F003031BD0D0
:100C60007D49002000E00130069B83420BD0335CBD
:100C70000D2BF8D841FA03F2D407F4D4069A824235
:100C800001D903B101301B9B1BB11B9A4FF0FF33FD
:100C9000136011B0BDE8F08F049A8DF8333012F074
:100CA000010209921A9A0D9318BF6FF060421A92CE
:100CB0000193DDF834B0069B5B457AD906EB0B0354
:100CC000079316F80B30002B73D01A9B002B70DDA6
:100CD000049BBBF1000F01D143F004030293099B75
:100CE000002B4FF000051A9B0E9518BF6FF0604364
:100CF0000EA906EB0B000A9320F050F80E9B0F9301
:100D0000029B009503F0080307464FF0FF3AA946FF
:100D1000A8462C460B93079B1A5D002A42D00798E1
:100D20000FA920F03BF809F1010305930B9B0090FC
:100D300063B139460DF1330020F050F930B1DDE9EF
:100D40000E43DDF81490009F0E93E4E7009A039899
:100D500039461DF029FC804408B1089B9844BAF13B
:100D6000FF3F09D1089BA8EB03020A9B9A4203DDCF
:100D7000029B59076AD4A2460A2F32D00D2F30D0D9
:100D80000022364BD1B2595C39BB009820F0A4F850
:100D900020B9384620F0A0F8002849D00E9CDDF894
:100DA00014904546BAF1FF3F21D0029B5A075446A2
:100DB00026D40D9C002C40D10DA930461FF0EEFF2B
:100DC0001B9B0146002B3BD0039822461DF0ECFBF9
:100DD00001901B9B019A1A6032E08F4202F10102DE
:100DE000CFD1002CDED1BAF1FF3FDED14546B9F1BB
:100DF000000F04D00D2F03D1009B0A2B00D10E9CB5
:100E00001A9B5B1B1A93019B2B440193002CD0D09F
:100E100033785C440A2B0D94CBD00D2BC9D0335DB5
:100E20000A2B02D00D2B7FF444AF01340D94C0E7A0
:100E3000BAF1FF3F08BF454681E71B9B002BC8D195
:100E40000D9826E7304624E7039822E7631CD7D1A4
:100E5000DDF81490CBE700BFFEDBFFFFE4F80300F2
:100E6000054B0022C3F88420D3F89C2012B1D3F89C
:100E7000A0001047704700BF889E002010B5054CA9
:100E8000182120461FF09AF901232373BDE8104072
:100E9000FFF7E6BFFC9E0020F8B506460F480F4658
:100EA00015461FF093F90446B0B14FF0FF330361CC
:100EB000037D07606FF300030375866002F0E6FEB2
:100EC000237D606043F002032375054BE56001223A
:100ED00083F88320FFF7C4FF2046F8BDFC9E002066
:100EE000889E002038B5064D0446014628461FF06E
:100EF000CDF90123AB732046BDE8384000F04ABB72
:100F0000FC9E00202DE9F0475B4D95F888303BB9F9
:100F1000012385F8883095F880302BB985F8883022
:100F200001263046BDE8F08702F0B0FE804640B9A9
:100F3000D5F898300133642B94BF1A460246C5F8A1
:100F40009820DFF838914FF0000A4846A5F882A0B3
:100F50001FF0DCF9044694BB4848DFF820911FF0ED
:100F6000D5F94FF0FF360446002C70D1404620F0F2
:100F70001EFDD5F890300344D5F89400C5F89030A4
:100F800020F015FDB0F5FA7F13D3D5F89030642228
:100F90005343B3FBF0F0C0B290429CBF101AC4B2EE
:100FA000002385F88140C5F8903002F06FFEC5F847
:100FB00094000023C5F8846085F88830B1E72146A5
:100FC00048461FF0A9F9237D0746D8072ED460684C
:100FD00020F0EDFC236898421DD32669002E0FDD1A
:100FE000013E266102F052FEA368606083B995F865
:100FF00082300BB92369DBB1B5F88230B3B1A4E715
:1010000002F044FEA3686060002BF0D0002EEED00A
:1010100020469847EBE795F882303BB923692BB916
:10102000237D99070FD52046FFF75CFF3C4692E7EA
:10103000237D9A0703D52046FFF754FFDCE743F0F2
:1010400001032375D8E743F001032375EEE7237D01
:1010500013F001070AD1606820F0A9FC23689842C8
:101060002CBF3B461B1A9E4228BF1E4621464846BF
:101070001FF052F9044677E7889E0020FC9E00206E
:101080000146034809B91FF041B91FF045B900BF37
:10109000FC9E00202DE9F04F93B091460B930B1E60
:1010A0000A93A54B1C9E14BF82469A4600250B9BB3
:1010B000187860B94D450A992CBF09F1FF322A46CC
:1010C0004B460020D047284613B0BDE8F08F0B9F59
:1010D000252807F1010707D00A994B462A46D04731
:1010E0006C1C0B972546E2E700230DE02D2A29D042
:1010F000302A06D0303A092A4FF0000812D80A24C4
:1011000031E043F001030F46394611F8012B2B2A39
:101110001BD0EBD8202A1BD0232A1CD02A2A2AD065
:101120004FF000083A782E2A7DD17978A1F130006D
:10113000092807F1010243F480636BD800244FF0C3
:101140000A0C28E043F00203DDE743F00403DAE78A
:1011500043F00803D7E743F01003D4E704FB082269
:10116000A2F130080F46394611F8012BA2F13000E8
:101170000928F3D9D6E756F8048BB8F1000FBCBFA5
:1011800043F00203C8F100080F46CBE70CFB041143
:10119000A1F130040246104610F8011BA1F13007FE
:1011A000092FF3D917463A4612F8011B6C2943D090
:1011B0003BD8682947D06A294FD03A4612F8010B2C
:1011C0000B92782800F2A481612849D8252800F0E4
:1011D0009F81242840F29C8100F0F702502A40F0C1
:1011E000978158286DD0502867D179780B98562967
:1011F00018BF384643F488731022074639785829B7
:1012000003F4806001D0502978D100285FD123F009
:101210000C035EE02A2905D156F8044B023724EA74
:10122000E474C0E717460024BDE7742901D07A2989
:10123000C3D143F480730BE079786C29F9D143F47E
:1012400040730237B9E77978682903D043F0800307
:101250001746B2E743F0C003F3E743F40073F7E740
:10126000A0F162023549D2B24FF0010C0CFA02F241
:101270001140C1B9732800F0ED80632840F0488127
:1012800013F0020400F0D38067460A9916F8040BA5
:101290004B462A4605F1010BD047002C00F0D880C0
:1012A0003C465A46CCE000F0DF02582A09D0502ACA
:1012B0009BD06F2807D0622807D023F010030A22A2
:1012C0009CE710229AE7082298E7022296E723F08B
:1012D0000D0343F0200313F4007172D0CDE90783AE
:1012E0000023CDE9042306F1070B2BF0070B06942E
:1012F0000293FBE80223CDE900233DE069291FD0DA
:1013000064291DD0002859D023F00D035629E2D1BD
:10131000B3460A995BF8043B5A681268119200922E
:101320002944A9EB05021B685046FFF7B3FE0544AC
:101330007B1C0B935E46BAE6DD1203008560480015
:1013400008B123F0010398051ED5073626F00706DD
:10135000B34670685BF8081B0694CDE90783002349
:101360000593C30F0028029304920B4602DA4B4206
:1013700060EB4000CDE900300A994B462A465046C2
:1013800020F0B6F80546D3E7D90506F1040B01D5E0
:10139000316802E058060CD53178CDE90224CDE958
:1013A000048300294FEAD1730193B8BF49420091E9
:1013B00012E01906ECD5B6F90010EEE723F00C03A5
:1013C000A4E7D80506F1040B0DD5CDE90483CDE9DA
:1013D00002240191336800930A994B462A465046ED
:1013E00020F043F8CEE7590607D53178CDE90483DC
:1013F0000023CDE902240193D9E7316813F0800F6F
:1014000018BF89B2F2E70A994B462020D047EA1963
:1014100001374745F7D3B8F1000F08F1FF3308BF94
:10142000002308F101071D4408BF02272DE72746C6
:10143000EDE7551C0A994B462020D04701342A4637
:101440004445F6D3A8EB0703B84538BF00239B44B7
:101450005D462CE63246002C52F804BB0C9214BFB9
:1014600021464FF0FF3159445A46107808B1914255
:1014700010D1A2EB0B0713F480620D9202D0A742A9
:1014800028BF274613F002030E9317D17B1B2A4671
:101490000F9307E00132E8E7561C0A994B462020DB
:1014A000D04732460F9BD3189845F5D8A8EB0703D1
:1014B000B84538BF00237A1C1D449F185E46A5EB33
:1014C0000B0B04E01C460A994B462A46D0470BEB0F
:1014D000060516F8010B28B10D9B002BF3D0631EF7
:1014E000002CEFD10E9B8BB12A467C1B05E0561CCD
:1014F0000A994B462020D047324613194345F6D36C
:10150000A8EB0703B84538BF00231D440C9ECEE569
:101510000A994B462A466C1CD047E3E50CB41FB52C
:1015200006AC0A4654F8043B009401460448039470
:10153000FFF7B0FD04B0BDE8104002B0704700BF37
:10154000D512030007B5009313460A460146034827
:10155000FFF7A0FD03B05DF804FB00BFD512030048
:1015600008B109F0C3BB0148704700BFEC9E0020E2
:1015700038B5054648B109F0B9FB044618B12A460A
:10158000002120F0FAF8204638BD014CFBE700BFEF
:10159000EC9E0020034A904202D008B109F0D0BB73
:1015A000704700BFEC9E002010B559B1074CA04217
:1015B00004D1BDE810400846FFF7D2BFBDE8104097
:1015C00009F0A8BBFFF7E6FF004810BDEC9E002025
:1015D0002DE9F047BC4B0846D3F8B0510C4612F049
:1015E000DFFD064618B9002205F1400121E0B749A8
:1015F000204610F056F9804600287BD0B44930468A
:1016000010F04FF918BBB249304610F04AF930BB20
:10161000304612F0C5FDAE4910F043F90746B8B3A5
:10162000002205F58071204612F0EDFB002205F541
:10163000B671204612F0E7FB4FF4803205F14C0101
:10164000204612F0E0FBA34A05F158011BE00121FE
:10165000304612F0A8FD8442D5D1BDE8F0870021C4
:10166000304612F0A0FD8442D2D1002205F1B8012B
:1016700012F0C9FB042205F59871204612F0C3FB55
:10168000042205F54D712046BDE8F04712F0BBBBC2
:101690009149304610F005F970B13946304612F0E4
:1016A00082FD844208D13A4605F1AC0112F0ABFB51
:1016B0003A4605F1E801E6E78749304610F0F1F8CF
:1016C00070B10121304612F06EFD844208D1002233
:1016D00005F1400112F097FB002205F58071A8E7A3
:1016E0007E49304610F0DDF802460028B5D105F1FC
:1016F00064019EE77A49204610F0D3F80746002897
:1017000076D0304612F04CFD05F1C40A05F5987903
:10171000074618B3414612F046FD86421ED16C4979
:10172000384610F0BEF8C8B120225146204612F0CB
:101730006AFB012205F18801204612F064FB0122B8
:1017400005F55071204612F05EFB04224946204602
:1017500012F059FB082205F59E718EE7002205F173
:101760007001204612F04FFB002205F17C0120465B
:1017700012F049FB002205F5C271204612F043FB2E
:1017800020225146204612F03EFB202205F5C8716A
:10179000204612F038FB04224946204612F033FB63
:1017A000202205F5BC71204612F02DFB012205F127
:1017B0009401204612F027FB05F1D001204680223B
:1017C00012F021FB4749304610F06BF848B1002277
:1017D00005F53271204612F016FB202205F538710E
:1017E00051E74149304610F05CF80028EFD134E76A
:1017F0003E49204610F055F8804618B13A4605F5A6
:101800000B7140E73A49204610F04BF80746002894
:101810007AD03046314910F044F805F1C40905F199
:10182000D00A05F5987705F59E76024640B3424604
:1018300005F51771204612F0E6FA042239462046D3
:1018400012F0E1FA08223146204612F0DCFA4FF499
:10185000A02205F51A71204612F0D5FA254A49460C
:10186000204612F0D0FA244A5146204612F0CBFA14
:10187000224A3946204612F0C6FA214A314602E78A
:1018800005F16401204612F0BEFA042239462046D2
:1018900012F0B9FA08223146204612F0B4FA4FF499
:1018A000A02205F17001204612F0ADFA124A51460D
:1018B000204612F0A8FA0F4A4946204612F0A3FA31
:1018C000104A05F17C01D0E7889E00201C880300A7
:1018D000EC960300400001007C970300DC8E0300BF
:1018E0005C8E03008C930300B0930300FC92030012
:1018F000808E030020000500800005000400050024
:101900000800050001000500E44920460FF0C9FF6A
:10191000804610B33A4605F18801204605F5A476C5
:1019200012F071FA3A463146204612F06CFA04225F
:1019300005F59871204612F066FA082205F59E71A9
:10194000204612F060FA4FF4003205F17C01204687
:1019500012F059FA4FF4003290E7D14920460FF0C7
:10196000A0FF0746E8B3424605F18801204605F589
:10197000A47612F048FA42463146204612F043FA65
:10198000042205F59871204612F03DFA082205F56B
:101990009E71204612F037FA4FF4003205F17C01B7
:1019A000204612F030FA4FF400323146204612F051
:1019B0002AFA4FF4403205F5DA71204612F023FA84
:1019C000B84A05F5BC71204612F01DFA4FF44032BA
:1019D00005F5C271204612F016FAB24A05F5C87133
:1019E00051E6B14920460FF05CFF804600284FD0F9
:1019F0003A4605F16401204612F005FA3A4605F12F
:101A0000DC01204612F0FFF93A4605F5AA7120469E
:101A100012F0F9F9042205F59871204612F0F3F955
:101A2000082205F59E71204612F0EDF94FF4803240
:101A300005F14C01204612F0E6F99C4A05F15801E7
:101A4000204612F0E0F94FF4A02205F1B80120463B
:101A500012F0D9F94FF4A02205F50E71204612F0CC
:101A6000D2F94FF4A02205F58071204612F0CBF98F
:101A70008F4A05F1C401204612F0C5F98D4A05F1DF
:101A80007C01204612F0BFF98B4A05F19401FAE57A
:101A90008A4920460FF005FF00283BD0424605F555
:101AA0008671204612F0AFF9042205F598712046A0
:101AB00012F0A9F9824A05F1D001204612F0A3F9EB
:101AC0004FF4003205F50271204612F09CF97D4A70
:101AD00005F17C01204612F096F97A4A05F5057168
:101AE000204612F090F9784A05F1C401204612F020
:101AF0008AF9754A05F5BC71204612F084F9724ADC
:101B000005F5C871204612F07EF94FF4003205F554
:101B1000C271B8E56D4920460FF0C3FE002855D0CC
:101B200005F1AC0105F5A4770022204612F06BF90F
:101B300000223946204612F066F905F1D00605F577
:101B4000D4710022204612F05EF9802231462046F0
:101B500012F059F905F598710422204612F053F954
:101B600005F17C01574A204612F04DF94FF400323E
:101B70003946204612F047F9514A3146204612F0C4
:101B800042F905F5DA714FF44032204612F03BF984
:101B900005F1B8014FF44032204612F034F905F552
:101BA00008714FF44032204612F02DF905F5C87542
:101BB000474A3146204612F026F9424A2946204635
:101BC00012F021F94FF4003229465CE541492046E4
:101BD0000FF067FE074680B3002205F1640120463E
:101BE00012F011F9002205F1F401204612F00BF970
:101BF000002205F5F871204612F005F94FF4803205
:101C000005F14C01204612F0FEF805F5EC76274A66
:101C100005F15801204612F0F6F84FF4A0223146A3
:101C2000204612F0F0F84FF4003205F5F27120462C
:101C300012F0E9F84FF4C02220E6274920460FF0C1
:101C400030FE8046002849D03A4605F1640120461E
:101C500012F0D9F83A4605F5CE71204612F0D3F8C5
:101C60003A4605F58C71204612F0CDF83A4605F556
:101C70009271204612F0C7F8042205F598712046AB
:101C800012F0C1F8082205F59E71204612F0BBF84B
:101C90004FF4802205F17C01F5E400BF388E03008B
:101CA0003896030020000300C8960300400001009E
:101CB0002000050004000500080005009C8F0300BB
:101CC000800002000100020020000200A496030030
:101CD00080000300788F0300F0950300DA49204666
:101CE0000FF0DFFD0746A0B3424605F16401204630
:101CF00012F089F8424605F1F401204612F083F80B
:101D000005F5C876424605F5C271204612F07BF80B
:101D100020223146204612F076F8202205F1C40137
:101D2000204612F070F8042205F59871204612F052
:101D30006AF8082205F59E71204612F064F84FF407
:101D400000323146204612F05EF8802205F1D001C3
:101D500099E4BE4920460FF0A4FD8046A8B33A4658
:101D600005F16401204612F04EF83A4605F5B071CF
:101D7000204612F048F83A4605F58C71204612F0DC
:101D800042F83A4605F5FE71204612F03CF84FF451
:101D9000803205F14C01204612F035F8AC4A05F1CD
:101DA0005801204612F02FF84FF4802205F1B801B7
:101DB000204612F028F8A74A05F17C01204612F0CF
:101DC00022F8A54A05F1C4015DE4A44920460FF0BC
:101DD00068FD0746C0B105F5E0764246314620462B
:101DE00012F011F84FF400323146204612F00BF891
:101DF0004FF4003205F5E671204612F004F84FF476
:101E0000403205F5DA713EE4954920460FF049FD70
:101E1000804688B105F5E0763A463146204611F015
:101E2000F2FF4FF400323146204611F0ECFF4FF440
:101E3000003205F5E67126E48A4920460FF031FDAF
:101E40000746B0B3424605F16401204611F0DBFFBE
:101E5000424605F1F401204611F0D5FF802205F13C
:101E6000D001204611F0CFFF042205F598712046DD
:101E700011F0C9FF082205F59E71204611F0C3FF3D
:101E80004FF4803205F14C01204611F0BCFF704A3E
:101E900005F15801204611F0B6FF734A05F511719E
:101EA000204611F0B0FF4FF4002205F51471FFF742
:101EB000EABB6E4920460FF0F4FC50B13A4605F1FA
:101EC0006401204611F09FFF3A4605F1DC01FFF75F
:101ED000DABB674920460FF0E4FC20B1002205F58B
:101EE0001D71FFF7D0BB634920460FF0DAFC0028D4
:101EF000F4D1614920460FF0D4FC00284FD005F101
:101F000040010022204611F07EFF95F82830012B79
:101F10000CBF05F1F40105F1E8010022204611F0A3
:101F200072FF042205F59871204611F06CFF08221B
:101F300005F59E71204611F066FF4FF4A02205F1D1
:101F40007001204611F05FFF4C4A05F1D001204698
:101F500011F059FF4FF4A02205F1B801204611F00D
:101F600052FF4FF4A02205F54171204611F04BFFBE
:101F7000434A05F1C401204611F045FF414A05F1ED
:101F8000AC01204611F03FFF3F4A05F18801204691
:101F900011F039FF3D4A05F1A001FFF774BB3C4940
:101FA00020460FF07EFC30B12E4930460FF079FC10
:101FB00000287FF46DAE374920460FF072FC0646CC
:101FC00050B1002205F16401204611F01CFF0022EF
:101FD00005F54471FFF72DBB2F4920460FF061FC3A
:101FE000074650B1324605F1AC01204611F00BFF17
:101FF000324605F54A71FFF746BB284920460FF0E7
:1020000050FC064600284BD03A4605F1B801204660
:1020100011F0F9FE3A4605F54771204611F0F3FE3E
:1020200005F54A76042205F17C01204611F0EBFE0D
:1020300004223146204611F0E6FE20223146204699
:1020400011F0E1FE2022BDE6E48F0300C08F030003
:10205000400001000100040020000400148E030071
:10206000809603001097030002000600DC8E030038
:10207000308F0300548F030090920300800005000E
:10208000200005000100050004000500080005000F
:10209000B492030068930300209303004493030069
:1020A000AF4920460FF0FDFB804650B1324605F1A6
:1020B0006401204611F0A7FE324605F52071FFF7B6
:1020C000E2BAA84920460FF0ECFB074620B1424691
:1020D00005F52671FFF7ADBAA34920460FF0E1FBE5
:1020E000064620B13A4605F52971FFF7A2BA9F4985
:1020F00020460FF0D6FBC8B1324605F523712046C5
:1021000011F081FE05F18806202205F53871204680
:1021100011F079FE21223146204611F074FE012291
:102120003146204611F06FFE0422B3E59049204667
:102130000FF0B7FB20B1002205F52F71FFF7A3BA0E
:102140008C4920460FF0ADFB0028F4D18A49204687
:102150000FF0A7FB20B1002205F52C71FFF769BA3B
:10216000864920460FF09DFB074620B1002205F569
:102170003571FFF788BA824920460FF092FB064678
:1021800020B13A4605F53B71FFF77DBA7D492046FF
:102190000FF087FB074680B1324605F16401204607
:1021A00011F031FE324605F1DC01204611F02BFE24
:1021B000324605F5B071FFF766BA734920460FF055
:1021C00070FB064620B13A4605F53E71FFF75BBA53
:1021D0006E4920460FF065FB074650B1324605F1C7
:1021E000E801204611F00FFE324605F1AC01FFF781
:1021F0004ABA674920460FF054FB064600287FF490
:1022000057AA644920460FF04CFB78B14FF4803256
:1022100005F14C01204611F0F6FD5F4A05F1580129
:10222000204611F0F0FD3246FFF743BA5B492046E5
:102230000FF037FB38B3002205F17001204611F092
:10224000E2FD002205F17C01204611F0DCFD0022B8
:1022500005F5C271204611F0D6FD202205F1C4011A
:10226000204611F0D0FD202205F5C871204611F05E
:10227000CAFD042205F59871204611F0C4FD012223
:1022800005F194015EE5464920460FF00AFB00285F
:10229000D1D1444920460FF004FBD0B1002205F112
:1022A0006401204611F0AFFD002205F1F401204643
:1022B00011F0A9FD042205F59871204611F0A3FD47
:1022C000082205F59E71204611F09DFD4FF4C022B5
:1022D000E0E4354920460FF0E4FA00287FF483A9B2
:1022E000324920460FF0DDFA064600287FF4A4A903
:1022F0002F4920460FF0D5FA804638B1324605F115
:102300004001204611F07FFD3246DEE52949204696
:102310000FF0C7FA074608B142464AE72649204669
:102320000FF0BFFA064620B13A4605F55371FFF7A4
:10233000AAB9224920460FF0B4FA00283FF48DA92B
:1023400005F5567532462946204611F05CFD4FF4DE
:1023500000322946204611F056FD4FF4A02233E406
:10236000AC940300F8930300D49303006494030037
:102370008C930300B09303008894030040940300FF
:102380001C940300A8950300D094030084950300D7
:102390003C9503006095030040000100F4940300A5
:1023A000189503005C9603005897030034970300C8
:1023B000EC9603007C970300D89203001496030068
:1023C00010B586B0174B0191D3F8B0315B6ADB07CB
:1023D00014464FF002014FF0120013D5FEF77AFBBE
:1023E0008DF81000C0F30723C0F307408DF81130BB
:1023F0008DF8120001990498224606B0BDE81040FD
:102400001DF0DBBBFEF742FB8DF81400C0F3072381
:10241000C0F307408DF815308DF816000199059826
:102420002246EAE7889E0020044BD3F8B03193F8A7
:102430003C300BB11EF08EBA1EF088BA889E002088
:10244000034BD3F8B00108B190F83C00704700BFCF
:10245000889E00202DE9F04792B0CDE90221054683
:102460001F46FFF7EDFFDDF86880344C28B94FF4C4
:102470006770FFF77DF8C4F8B001D4F8B041A5BB90
:10248000F8F75AFD06463046F8F786FD8146304695
:10249000F8F762FDB0F5A07F29DDB0F5347FACBF61
:1024A0004FF0010A4FF0020A94F83C3013BB84F855
:1024B00028A0C4F82C90E660039B23821B0CA37415
:1024C0009DF80A30BDF8082063751D4BA4F8132051
:1024D000C4E90688C4F8208023606762002F31D1E8
:1024E00004211220FEF7D2FA2FE02E46CBE74FF060
:1024F000030AD9E7E36A4B45D9D194F8283053450C
:10250000D5D1039920691DF064FA0028CFD0E37C6F
:10251000227D607D029943EA022343EA00401DF0D8
:1025200058FA0028C3D0636ABB42C0D1A3694345AF
:10253000BDD1204612B0BDE8F08700BF889E0020C4
:10254000D1150100C3481DF057FAC0F3072384F8E2
:102550003130636A84F83000DE07C0F3074084F846
:10256000320040F16D8205211220FEF78FFAC0F390
:10257000072384F83430636A84F83300C0F30740DB
:1025800084F83500D80740F16082B3481DF034FA72
:10259000C0F3072384F83730636A84F83600D9071C
:1025A000C0F3074084F8380040F15282AB481DF078
:1025B00023FAC0F3072384F8390004F5C27AC0F384
:1025C000074084F83A3084F83B0004F5C879504657
:1025D000FFF72AFF4846FFF727FF04F55D764623FD
:1025E0004FF000083046CDE900389D4A9D49502300
:1025F00004F56277FEF792FA994A9A4950233846D1
:10260000CDE90088FEF78AFA314650461EF09FFB5E
:1026100004F14C06394648461EF099FB3046FFF758
:1026200003FF636ADA0740F1188202211220FEF7E5
:1026300051FAC0F307238DF81400C0F307408DF85A
:1026400015308DF81600059930461EF080FA304698
:1026500047F6FF711EF05DFBE16AC1EBC101EF2996
:10266000C5BFA02350310121B1FBF3F130461FF06B
:102670002DF9E16A01EB8101EF29C5BF5031A0239B
:102680000121B1FBF3F130461EF019FA3046662104
:102690001EF06BFA3946304604F158061EF057FB1F
:1026A0003046FFF7C1FEFF21304604F140061EF020
:1026B0005CFA3046FFF7B8FEFF2130461EF055FAAF
:1026C000216B30461EF043FA94F8342094F83330EE
:1026D00094F8351043EA022343EA014130461EF0E4
:1026E000F8FAE16930461EF002FB94F82830E16AFE
:1026F000012B00F0B681022B14BF0A230C2359438F
:10270000EF29C5BF5031A0230121B1FBF3F13046C1
:102710001EF011FA94F82830E16A012B00F0A38131
:10272000022B14BF0A230C235943EF29C5BFA02352
:1027300050310121B1FBF3F130461EF002FAE16A9B
:102740000029B8BF033189100902304604F164063C
:102750001EF003FB3046FFF767FE94F82830E16A6D
:10276000012B14BF08230C235943EF29C5BF503157
:10277000A0230121B1FBF3F130461EF0CAFAFF217C
:1027800030461EF0F2F9E38E94F83810304643EAF2
:1027900001411EF0DCF994F83A2094F8393094F8AD
:1027A0003B1043EA022343EA014130461EF0F7F9A9
:1027B000E16A7729C5BF283150230121B1FBF3F12C
:1027C00030461EF000FA012130461EF008FA94F857
:1027D000333094F8342094F8351043EA022343EA66
:1027E000014130461EF075FA94F82830E16A012B59
:1027F00000F03B81022B14BF102314235943EF290F
:10280000C5BF5031A0230121B1FBF3F130461FF0C9
:102810005DF894F82830E16A012B00F02881022B42
:1028200014BF0A230C235943EF29C5BF5031A023FD
:102830000121B1FBF3F130461EF07DF994F8283008
:10284000E16A012B00F01581022B14BF0A230C232F
:102850000AE000BF1A171500302B280037322F006E
:102860001DEF0200F2F803005943EF29C5BF5031B4
:10287000A0230121B1FBF3F130461EF062F91220D2
:10288000FEF7E6F8C0F307238DF81800C0F3074001
:102890008DF819308DF81A00069930461EF0F1F9BE
:1028A000E16AEF29C5BFA02350310121B1FBF3F14B
:1028B000304604F598761EF0DEF93046FFF7B4FD99
:1028C000304621691EF097F9E16A01EB4101EF29D9
:1028D000C5BFA02350310121B1FBF3F130461EF0FA
:1028E00084F9E16A01EB4101EF29C5BF5031A02312
:1028F0000121B1FBF3F130461EF091F97F21304602
:1029000004F59E761EF085F93046FFF78DFD227D99
:10291000E37C617D43EA022343EA014130461EF035
:102920006AF9E16A01EB4101EF29C5BF5031A023EB
:102930000121B1FBF3F130461EF057F97F213046FB
:1029400004F170061EF065F93046FFF76DFD94F84E
:102950002830E16A012B00F08E80022B14BF08237F
:102960000C235943EF29C5BF5031A0230121B1FBEE
:10297000F3F130461EF0CDF9FF2130461EF0F5F898
:1029800094F8393094F83A2094F83B1043EA022343
:1029900043EA014130461EF0DAF8676A17F0010792
:1029A00077D11220FEF754F8C0F307238DF81C00EE
:1029B000C0F307408DF81D308DF81E000799304692
:1029C0001EF045F93846F8F7E7FA00EB4000EF282B
:1029D00053DD3846F8F7E0FA00EB400000F1500113
:1029E000A02391FBF3F130461EF01FF97F21304602
:1029F0001EF03BF90020F8F7CFFA3B283FDC00201F
:102A0000E76AF8F7C9FA3B2801F3C0800120474381
:102A1000EF2F41F3C7800020E76AF8F7BDFA3B28A3
:102A200041F3BD800020F8F7B7FA2823143090FB5B
:102A3000F3F000FB07F15031A02391FBF3F125E007
:102A400004211220FEF746F891E51CF0F0FF9FE507
:102A500002211220FEF71AF8ABE51220FDF7F8FF6D
:102A6000E7E50E234BE60E235EE61823C6E60E23AB
:102A7000D9E60E23F8E6102373E70121B3E700201F
:102A8000F8F78AFA3B304E28B9D8002130461EF0BC
:102A9000D2F894F8333094F8342094F8351043EA9F
:102AA000022343EA014130461EF013F994F828301E
:102AB000E16A012B01F07980022B14BF102314234B
:102AC0005943EF29C5BF5031A0230121B1FBF3F1D8
:102AD00030461EF0F0FE94F82830E16A012B01F038
:102AE0006780022B14BF0A230C235943EF29C5BF6B
:102AF000A02350310121B1FBF3F130461EF0CAFE94
:102B0000E16A01EB8101EF29C5BFA023503101210A
:102B1000B1FBF3F130461EF014F8E16A01EB8101DC
:102B2000EF29C5BF5031A0230121B1FBF3F130469D
:102B300004F559771DF0FFFF04F55B76384693499D
:102B40001DF0B9F804F1C408914930461DF0B3F8FE
:102B50004046FFF769FC394640461EF0E6F804F1AE
:102B6000D007232140461EF0E6F83846FFF75CFC0C
:102B7000314638461EF0D9F804F5B0767F21384644
:102B80001EF0D9F83046FFF74FFC304601211EF009
:102B9000C6F80121304604F580761EF020F8304654
:102BA000FFF742FC94F82830E16A012B01F0038022
:102BB000022B14BF102314235943EF29C5BF5031F2
:102BC000A0230121B1FBF3F130461EF07FFE94F803
:102BD0002830E16A012B00F0F187022B14BF10238B
:102BE00014235943EF29C5BF5031A0230121B1FB64
:102BF000F3F130461DF09FFF94F82830E16A012B75
:102C000000F0DF87022B14BF102314235943EF2950
:102C1000C5BF5031A0230121B1FBF3F1304604F1CF
:102C2000F4061DF08EFF3046FFF7FEFB94F82830C7
:102C3000E16A012B00F0C887022B14BF0A230C2382
:102C40005943EF29C5BF5031A0230121B1FBF3F156
:102C500030461EF03BFE94F82830E16A012B00F06C
:102C6000B687022B14BF0A230C235943EF29C5BF93
:102C70005031A0230121B1FBF3F1304604F58676F3
:102C80001EF0FDFD3046FFF7CFFBE16A0A235943F2
:102C9000EF29C5BF5031A0230121B1FBF3F130462C
:102CA0001DF049FFE16A0A235943EF29C5BF50319E
:102CB000A0230121B1FBF3F1304604F58C761DF021
:102CC00040FF3046FFF7B0FBE16A14235943EF2978
:102CD000C5BF5031A0230121B1FBF3F1304604F50B
:102CE00092761EF00AF83046FFF79EFB022130462E
:102CF00004F1DC061EF007F83046FFF795FB30467E
:102D000000211EF0E3FD304600211DF014FF0021DC
:102D1000304604F1E8061DF014FF3046FFF784FB4F
:102D200094F82830E16A012B00F05487022B14BF7D
:102D3000022306235943EF29C5BF5031A0230121A7
:102D4000B1FBF3F130461EF0C1FD94F82830E16A82
:102D5000012B00F04287022B14BF022306235943A4
:102D6000EF29C5BF5031A0230121B1FBF3F130465B
:102D70001DF0E1FE94F82830E16A012B00F0308765
:102D8000022B14BF0223062304E000BFAB1803008C
:102D9000C12301005943EF29C5BF5031A0230121B0
:102DA000B1FBF3F1304604F17C061DF0CAFE30465B
:102DB000FFF73AFB216930461DF0C9FE1CF037FED3
:102DC000C0F307238DF82000C0F307408DF82130B1
:102DD0008DF82200089930461DF07BFFFF21304618
:102DE00004F188061DF0C1FE3046FFF71DFB30469A
:102DF00021691DF0ACFE304621691DF06AFF3321C8
:102E0000304604F194061DF0B0FE3046FFF70CFB8F
:102E1000227DE37C617D43EA022343EA014130469F
:102E20001DF095FE1CF003FEC0F307238DF824006F
:102E3000C0F307408DF825308DF8260009993046FB
:102E40001DF047FFFF21304604F1A0061DF08DFE66
:102E50003046FFF7E9FA227DE37C617D43EA0223F5
:102E600043EA014130461DF072FE227DE37C617D24
:102E700043EA022343EA014130461DF02AFF332191
:102E8000304604F1AC061DF070FE3046FFF7CCFA78
:102E900094F83A2094F8393094F83B1043EA02232E
:102EA00043EA014130461DF052FE3046FF211DF03D
:102EB0005CFE94F8342094F8333094F8351043EAEB
:102EC000022343EA0141304604F1B8061DF001FF38
:102ED0003046FFF7A9FAE38E94F83810304643EAFB
:102EE00001411DF034FE3046FF211DF03EFE94F8F6
:102EF000342094F8333094F8351043EA022343EA3F
:102F00000141304604F5A4761DF0E3FE3046FFF79C
:102F10008BFA47F6FF71304604F5AA761DF0F9FEEC
:102F20003046FFF781FA0021304604F5B6761DF0F1
:102F3000F0FE3046FFF778FAE16A0029B8BF0331A6
:102F400089100902304604F5BC761DF006FF3046B4
:102F5000FFF76AFAE16A01EB4101EF29C5BFA0233F
:102F600050310121B1FBF3F130461DF0C0FDE16AA3
:102F700001EB4101EF29C5BF5031A0230121B1FB75
:102F8000F3F1304604F5DA761DF0B7FD3046FFF771
:102F90004BFA304621691DF0DAFD3046FF211DF065
:102FA000E4FDE16A06235943EF29C5BF5031A02350
:102FB0000121B1FBF3F130461EF088FC47F6FF71AA
:102FC000304604F5CE761DF0A4FE3046FFF72CFA0D
:102FD000C821304604F5D4761DF0B3FE3046FFF725
:102FE00023FA7821304604F5E0761DF0AAFE30463B
:102FF000FFF71AFA94F83A2094F8393094F83B1015
:1030000043EA022343EA014130461DF054FEE16ADF
:10301000C1EB0111EF29C5BFA02350310121B1FB44
:10302000F3F130461DF03BFE0121304604F5E67613
:103030001DF03BFE3046FFF7F7F92169304604F5F5
:10304000FE761DF038FE3046FFF7EEF94FF4827140
:10305000304604F502761DF03EFD3046FFF7E4F9F8
:10306000E16A01EB4101EF29C5BFA02350310121E5
:10307000B1FBF3F130461EF029FCE16A7729C5BFA8
:10308000283150230121B1FBF3F130461DF09BFDA7
:10309000304621691DF083FDE38E94F838103046E8
:1030A00043EA01411DF053FD3046FF211DF05DFD57
:1030B00094F82830E16A012B14BF08230C235943EC
:1030C000EF29C5BF50314FF4A0730021B1FBF3F1DC
:1030D00030461DF01EFEA16930461DF008FE1CF0B2
:1030E000A6FCC0F307238DF82800C0F307408DF835
:1030F00029308DF82A000A99304604F505761DF02E
:10310000E8FD3046FFF790F99D49304604F5087612
:103110001DF03FFD3046FFF787F9E16A3B29C5BF47
:1031200014316FF027034FF0FF3191FBF3F130467C
:103130001EF0CCFB1CF07BFCC0F307238DF82C00A9
:10314000C0F307408DF82D308DF82E000B993046D6
:1031500004F50B761DF0FBFC3046FFF765F93046B1
:1031600001211DF088FD94F8342094F8333094F850
:10317000351043EA022343EA0141304604F5F8766C
:103180001DF07FFD3046FFF74FF9304600211DF05E
:1031900026FDE16A0A235943EF29C5BF5031A02318
:1031A0000121B1FBF3F130461DF0CBFC94F83A203D
:1031B00094F8393094F83B1043EA022343EA014182
:1031C00004F5EC7730461DF05CFD3846FFF72CF92E
:1031D000E16A01EB4101EF29C5BFA0235031012174
:1031E000B1FBF3F138461DF046FDE16A01EB410108
:1031F000EF29C5BFA02350310121B1FBF3F13846BF
:103200001DF087FDE66A1D2ECABF0A36012614236B
:103210003846C8BFB6FBF3F631461DF050FC3146C8
:1032200038461DF052FCE16A7729C5BF283150238A
:103230000121B1FBF3F1384604F5F2771DF081FC72
:103240003846FFF7F1F847F6FF7138461DF061FD8B
:10325000314638461DF033FC314638461DF035FC0A
:10326000216938461DF073FC04F52076FF213846AD
:103270001DF07BFC3046FFF7D7F8304600211EF0EA
:1032800025FB304600211EF0FAFA304600211DF0E1
:1032900040FD304601211DF042FD0021304604F57D
:1032A00035761DF096FC3046FFF7BEF894F82830CE
:1032B000E16A012B14BF08230C235943EF29C5BF32
:1032C0005031A0230121B1FBF3F130461DF021FD67
:1032D000304601211DF023FD3046FF211DF045FC45
:1032E000E38E94F83810304643EA01411DF02FFC7C
:1032F00094F8342094F8333094F8351043EA0223DC
:1033000043EA0141304604F523761DF0E2FC3046E5
:10331000FFF78AF894F82830E16A012B00F0638403
:10332000022B14BF0A230C235943EF29C5BF503188
:10333000A0230121B1FBF3F130461EF0BCFA94F852
:103340002830E16A012B00F05184022B14BF0A23BC
:103350000C235943EF29C5BF5031A0230121B1FBF4
:10336000F3F130461EF096FA94F82830E16A012B0A
:1033700000F03F84022B14BF0A230C2302E000BF9D
:10338000EEF803005943EF29C5BFA02350310121B6
:10339000B1FBF3F130461EF072FAE16AEF29C5BFC6
:1033A0005031A0230121B1FBF3F130461DF00BFC9D
:1033B000304619211DF001FC94F8342094F8333084
:1033C00094F8351043EA022343EA014130461DF0E8
:1033D000E6FB0021304604F526761DF0FAFB304668
:1033E000FFF722F8304600211EF070FA3046002127
:1033F0001EF045FAE16AEF29C5BF5031A023012133
:10340000B1FBF3F130461DF0DEFB304619211DF013
:10341000D4FB94F8342094F8333094F8351043EA10
:10342000022343EA014130461DF0B9FB0821304632
:1034300004F529761DF0CDFB3046FEF7F5FF30464A
:1034400000211EF043FA0021304604F52F761EF0CD
:1034500016FA3046FEF7E8FF94F82830E16A012BAF
:1034600000F0CA83022B14BF0A230C235943EF290F
:10347000C5BF5031A0230121B1FBF3F130461EF04E
:103480001AFA94F82830E16A012B00F0B783022B76
:1034900014BF022306235943EF29C5BF5031A0238F
:1034A0000121B1FBF3F130461EF0F4F994F8283015
:1034B000E16A012B00F0A483022B14BF0A230C2322
:1034C0005943EF29C5BF5031A0230121B1FBF3F1CE
:1034D000304604F532761EF0D2F93046FEF7A4FFEE
:1034E00094F82830E16A012B00F08C83022B14BF82
:1034F000022306235943EF29C5BF5031A0230121E0
:10350000B1FBF3F130461EF0D6F994F82830E16AA9
:10351000012B00F07983022B14BF022306235943A9
:10352000EF29C5BF5031A0230121B1FBF3F1304693
:103530001EF0B0F9304600211DF097FB3046002107
:103540001DF013FB94F8342094F8333094F83510C0
:1035500043EA022343EA0141304604F52C761DF08C
:10356000B8FB3046FEF760FF304600211EF0A3F99D
:103570000021304604F538761EF081F93046FEF71A
:1035800053FF332130461DF0F0FA1220FDF760FAA8
:10359000C0F307238DF83000C0F307408DF83130B9
:1035A0008DF832000C99304604F53B761DF0CFFAC9
:1035B0003046FEF739FF002130461DF0D6FA94F868
:1035C0002830E16A012B00F02183022B14BF022373
:1035D00006235943EF29C5BFA02350310121B1FB78
:1035E000F3F1304604F50E761EF054F93046FEF73E
:1035F0001BFFE16AEF29C5BF5031A0230121B1FBB8
:10360000F3F130461DF0DFFA94F83A2094F839309F
:1036100094F83B1043EA022343EA014130461DF08F
:10362000BEFA0321304604F511761DF0D2FA304679
:10363000FEF7FAFE94F8342094F8333094F83510FD
:1036400043EA022343EA014130461DF0A8FAE16A49
:103650007729C5BF502328310121B1FBF3F1304652
:103660001DF0B1FAE16AEF29C5BF50316FF09F0339
:103670004FF0FF3191FBF3F130461DF050FA304628
:1036800004211DF0A6FA30464FF4C87104F51476F3
:103690001DF057FB3046FEF7C7FE636ADB0740F1BB
:1036A000B78202211220FDF715FAC0F307238DF827
:1036B0003400C0F307408DF835308DF836000D9991
:1036C000304604F517761DF004FB3046FEF7ACFEDD
:1036D00094F82830E16A012B00F09F82022B14BF7E
:1036E0000A230C235943EF29C5BF5031A0230121E0
:1036F000B1FBF3F130461EF0E9F894F82830E16AA6
:10370000012B00F08C82022B14BF0A230C23594397
:10371000EF29C5BF4FF4A07350310021B1FBF3F185
:10372000304604F51A761EF0AAF83046FEF77CFE05
:10373000E16AEF29C5BF5031A0230121B1FBF3F1AC
:1037400030461DF040FA94F83A2094F8393094F855
:103750003B1043EA022343EA014130461DF01FFAC1
:10376000E38E94F83810304643EA01411DF0EFF93A
:103770003321304604F51D761DF0F7F93046FEF78B
:1037800053FE94F82830E16A012B00F04A82022BA4
:1037900014BF0A230C235943EF29C5BF5031A0237E
:1037A0000121B1FBF3F130461EF085F894F8283082
:1037B000E16A012B00F03782022B14BF0A230C238D
:1037C0005943EF29C5BF5031A0230121B1FBF3F1CB
:1037D00030461DF098F994F82830E16A012B00F08A
:1037E0002482022B14BF022306235943EF29C5BFAD
:1037F0005031A0230121B1FBF3F130461DF089F9CE
:1038000094F82830E16A012B00F01182022B14BFDA
:103810000A230C235943EF29C5BF5031A0230121AE
:10382000B1FBF3F1304604F53E761EF028F8304641
:10383000FEF7FAFD1220FDF70BF9C0F307238DF810
:103840003800C0F307408DF839308DF83A000E99F2
:1038500030461DF07CF97F21304604F541761DF09D
:1038600084F93046FEF7E0FD002130461DF0DDF919
:1038700094F82830E16A032B40F0DB81C900EF297E
:1038800040F3E18150314FF4A073B1FBF3F13046C6
:1038900004F550761DF03DFA3046FEF7C5FD304682
:1038A00021691DF07CF9E16A7729C5BF28315023D1
:1038B0000221B1FBF3F13046C8BF49001DF083F986
:1038C000304601211DF085F9E16A7729C5BF28310D
:1038D00050230221B1FBF3F13046C8BF490004F583
:1038E0004D761DF010F93046FEF79EFDE16A77290E
:1038F000C5BF28316FF04F034FF0FF3191FBF3F15B
:10390000304604F544761DF08AF93046FEF78CFD0A
:1039100094F82830E16A012B00F09981022B14BF42
:10392000102314235943EF29C5BFA023503101218F
:10393000B1FBF3F130461DF0BEFF304600211DF013
:10394000A9FF304600211DF09AFF0121304604F501
:1039500047761DF0E4F93046FEF766FDE16AEF298F
:10396000C5BF5031A0230121B1FBF3F130461DF05A
:103970002AF994F83A2094F8393094F83B1043EA45
:10398000022343EA014130461DF009F90121304686
:103990001DF01FF994F82830E16A012B00F05981DD
:1039A000022B14BF0A230C235943EF29C5BF503102
:1039B000A0230121B1FBF3F130461DF087FF94F8FD
:1039C0002830E16A012B00F04681022B14BF0A2344
:1039D0000C235943EF29C5BF5031A0230121B1FB6E
:1039E000F3F1304604F54A761DF0ABF83046FEF7A9
:1039F0001BFD94F82830E16A012B00F02E81022B88
:103A000014BF102314235943EF29C5BF5031A023FD
:103A10000121B1FBF3F1304604F553761DF067F850
:103A20003046FEF701FDFF2130461DF09EF81BF0E9
:103A3000FEFFC0F307238DF83C00C0F307408DF86C
:103A40003D308DF83E000F9930461DF080F8122071
:103A5000FCF7FEFFC0F307238DF84000C0F30740DA
:103A60008DF841308DF84200109930461DF083F8F2
:103A7000304647F6FF711DF04CF9E16AC1EB0111C8
:103A8000EF29C5BF5031A0230121B1FBF3F130462E
:103A90001DF0CBF81BF0CBFFC0F307238DF84400DB
:103AA000C0F307408DF845308DF846001199304637
:103AB0001DF0CDF8E16A01EB8101EF29C5BF50315E
:103AC000A0230121B1FBF3F1304604F556761DF039
:103AD000B8F83046FEF7A8FC94F8342094F8333058
:103AE00094F8351043EA022343EA014130461DF0C1
:103AF000C8F80020F7F750FA772840F3B08000208C
:103B0000F7F74AFA502300F1280191FBF3F1304610
:103B10001DF0B1F894F8342094F8333094F835104F
:103B200043EA022343EA014130461DF0C4F8002075
:103B3000F7F732FA772840F394800020F7F72CFA51
:103B4000502300F1280191FBF3F130461DF0A7F856
:103B50000020F7F721FA06277843EF2840F3838007
:103B60000020F7F719FA07FB00F15031A02391FB71
:103B7000F3F130461CF0B5FF002D76D10020F6F7AA
:103B80009DF8012384F83C30FEF7D3BC0020F7F702
:103B900003FA2823143090FBF3F0FEF738BF01201E
:103BA000FEF747BF0121FEF771BF1823FEF788BF5C
:103BB0000E23FEF79ABF1823FEF7FEBF1823FFF768
:103BC00010B81823FFF722B80E23FFF739B80E23D9
:103BD000FFF74BB80823FFF7ADB80823FFF7BFB8CE
:103BE0000823FFF7D7B80E23FFF79EBB0E23FFF77E
:103BF000B0BB0E23FFF7C6BB0E2337E408234AE40D
:103C00000E235DE4082375E4082388E40823E0E438
:103C100001211220FCF73AFF47E50E2362E50E234F
:103C200075E50E23B7E50E23CAE50823DDE50E236F
:103C3000F0E5012B14BF08230C235943EF2904DDC1
:103C40005031A02321E6002121E601211FE618239F
:103C500068E60E23A8E60E23BBE61823D3E601216F
:103C600055E7012171E7012183E72846F7F70CFAB0
:103C7000844286D182E700BF08B5FEF7E1FB10B1B0
:103C8000014BD3F8B00108BD889E0020074BD3F844
:103C9000C02002B11047D3F8B800012183F8BC104E
:103CA00093F8BC20002AF9D0704700BF889E0020FE
:103CB000014BC3F8C0007047889E002038B54FF410
:103CC000877200258723C1E90B53C1E90D23164BE9
:103CD0004D642D22C1E90F2364238B6491F84C308D
:103CE00023F00F0343F008030C4681F84C304FF4E7
:103CF00034730B65FFF7CAFF636BA36594F84C3010
:103D0000606565F3041384F84C30204602210DF001
:103D100069FD20464FF444710DF01AFB20460D2139
:103D2000BDE838400EF012BF0080FFFF2DE9F047DC
:103D3000BC48B6B00E460EF032FA01282CD13046FF
:103D40001CF091F8054630461CF089F8022D044617
:103D500040F01F81FAF724FD0546E8B11AF06FFC28
:103D6000012819D10AA928461AF073FC06AA1AA933
:103D700020461DF0AAFE0A9B1A9A9B1A0A931B9AC8
:103D80000B9B9B1A0B9394F84C30DF0707D5DDE9AA
:103D90000A1051EA000335D136B0BDE8F0874FF480
:103DA000003120461DF06EFE069D06462D1A4FF48A
:103DB000803120460DF024FBD0B1AD1BDDE90A3285
:103DC000012DB8BF01255243069503FB03236D4324
:103DD000AB4208DD94F84C3043F0010384F84C30DA
:103DE000FFF754FF606594F84C30DE07D4D5CEE77A
:103DF000002D2B46B8BFEB1C9B10B342ACBFED1A95
:103E0000AD1BDBE7D4E90E369E42B8BF06F5B476AB
:103E10001CF062FBE36AC51AA36BED1A002D39DBB7
:103E2000B5F5B47F39DA069A4FF41D7332205A4340
:103E30006423B2FBF3F710F0B0FD94F84C804FF41C
:103E4000B47303FB00F229462046B2FBF7F2C8F335
:103E5000C0081DF0DFFD00289ED0A16BA76D94F86F
:103E60004C307F1AEA1B002AB8BF5242B2F58C7F51
:103E7000A6EB010C56DD1D0712D4B8F1000F68D077
:103E800013F0180F65D194F84C3043F0080384F810
:103E90004C300BE005F5B475C0E7A5F5B475BFE788
:103EA000B8F1000F02D013F0180FECD00025606DB0
:103EB0001DF07DFD236DED1B58434FF47A73B0FB6D
:103EC000F3F0854203DC4042A842B8BF2846D4E95B
:103ED0001135A16B721A3844D200EF1A92FBF7F237
:103EE000171D48BF02F1130700EB27103246276C5D
:103EF000009508441CF052FB94F84C3003F0060384
:103F0000042B08BFA36C054602BF656C1B1AED1895
:103F1000236CAB4226D1636C9D4235D1FFF7B6FED0
:103F2000606539E7D80617D4180714D403F01803CE
:103F3000B8F1000F0DD16546082BB8D1C2F5B472A7
:103F4000B2F58C7FB3DD94F84C306FF3C30384F883
:103F50004C306546ABE78D1BB8F1000FA7D103F0DD
:103F60001803E9E7FFF792FE2946606520461EF038
:103F700044F8AF42CFD0002223212046F4F72AFB99
:103F800001287FF409AFC6E7A36C9D427FF404AF1C
:103F9000C4E71D2D3FF600AF102D21D825F00805F0
:103FA000032D7FF4F9AE90F84C306FF3000380F8E6
:103FB0004C300DF033FA04460CF0FEFE0546FAF7DD
:103FC000EFFB1AF03CFB04287FF4E6AE002D3FF433
:103FD000E3AE0021204636B0BDE8F0470CF0CCBE81
:103FE000113D0C2D3FF6D8AE01A353F825F000BFCC
:103FF0002940010067400100993D0100993D010001
:10400000993D010073400100993D0100993D010077
:10401000993D0100993D010047410100993D010092
:10402000DB410100148E030030460EF0E7F820F06B
:104030000203112B256C0FD1691C20461DF0DDFFFA
:10404000236C9D423FF4A8AE00222321204636B0C7
:10405000BDE8F047F4F7BEBA142802D012287FF466
:104060009BAE691EE9E730460EF0D4F8256C411985
:10407000E3E730461BF0FBFE06AA80460AA920466D
:104080001DF023FDA76807B1BF6A002120461DF07F
:10409000F9FCDDE90AA6069D00EB0709A5EB090579
:1040A000AB190093721BAAEB05011AA805EB0A03D2
:1040B00006951BF02BF8D8F8001047F6FF721AA8E7
:1040C0001BF094F8D8BBD8F80030D3E90010801B5F
:1040D000A1EB0A011CF000FAE36AC61AA36BF61AF8
:1040E000002E26DBB6F5B47F26DA322010F055FC20
:1040F0004FF4B47303FB00F24FF41D735D4331467C
:1041000064232046B5FBF3F5B2FBF5F21DF082FC0B
:10411000A8B107EB090211461AA81BF011F8D8F84C
:10412000001047F6FF721AA81BF060F888F8040028
:1041300032E606F5B476D3E7A6F5B476D2E70023E7
:1041400088F8043028E600211DF0A3FC0021054674
:1041500020461DF0A5FC0021074620461DF0A7FCC7
:104160000021804620461DF0A9FCAF42B8BF2F4673
:104170004745B8BF47468742B8BF07464FF440316E
:1041800020461DF086FC4FF44031054620461DF0C8
:1041900087FC4FF44031814620461DF088FC4FF4E7
:1041A0004031804620461DF089FC4D45B8BF4D4644
:1041B0004545B8BF45468542B8BF054620461DF077
:1041C00068FD0235ED1B054430461BF050FE0368C8
:1041D000AB42ACBF03600560DEE530461BF03FFE3E
:1041E000044630460EF002F804AE074603AA3146F4
:1041F00020461DF06AFCDDF80C80B8F1000F19DDD7
:104200000AA810F0DAFB0AAA002120460DF0E3FE0E
:1042100096E8030015AB83E80300E26AA36B13443E
:104220001393E36BADF85C8013440AA938461493EA
:1042300010F0DAFB4FF4003120461DF02AFC4FF459
:104240000031054620461DF02BFC4FF4003182461C
:1042500020461DF02CFC4FF40031814620461DF015
:104260002DFC5545B8BF55464D45B8BF4D46854216
:10427000ACBFA8EB0509A8EB0009B9F1000F1ADDE6
:104280000AA810F09AFB0AAA4FF4003120460DF05C
:10429000A2FE96E8030015AB83E80300D4E90B23E4
:1042A00013441393636BADF85C9013440AA938462A
:1042B000149310F099FB06AB4246314620461DF0A0
:1042C00046FC1AA8F8F7C8F81AAA20464FF440315D
:1042D0000DF093FB06AA1AA9384611F061F85BE5C8
:1042E0002DE9F04399B005469DF880800F461646AB
:1042F0001C46B8F1000F16D1414618464FF0FF3961
:10430000FCF760FAC4F80C90284637600EF073FB97
:1043100041462046FCF756FAC4E90058C4E9028930
:1043200019B0BDE8F083DB6801330CBF1368A368E4
:104330002046C4E9013131600021FCF743FA02A8AC
:10434000FCF7E0F9214602A81AF094FE02A80D49F4
:104350001AF092FE4FF4807202A800211AF093FE28
:1043600002A809491AF099FE6422002128460FF09C
:10437000C8FA014602A81AF081FE02A8FCF7DCF98F
:10438000CEE700BF692003003F2003002DE9F04F76
:10439000F7B005461BF063FD044628460DF026FFE6
:1043A0000BA9029020460EF009F968220021204650
:1043B0000FF0A7FA692205465A90002120460FF017
:1043C000A0FA294602465A900BA81AF0B9FE0BA88B
:1043D0001BF01DFA05900BA81BF01EFAD4E90C3255
:1043E00094F870900690B2EB030BC9F3C20908BFB2
:1043F0004FF0010BB9F1010F09D0B9F1020F56D0FE
:10440000059B8342B4BF4FF000094FF001092046DD
:104410001DF0AFFE00210890122220460FF071FA25
:10442000132203905A90002120460FF06AFA1022BE
:1044300004905A90002120460FF063FA1122009058
:104440005A90002120460FF05CFA039D5A9001908B
:104450000B980E9BDDE90C212844E0630498091AAF
:10446000616400990A442264019A04F13C089B1A91
:10447000A3644046B9F1000F1CD01BF0CDF903280E
:1044800009DC069B03EBD372A36903EB62039A1E5C
:1044900002332264A36440461BF0B9F90746404644
:1044A0001BF0BAF904F1440A944A43461CE04FF069
:1044B0000009ACE71BF0ABF9032809DC059B03EB13
:1044C000D372636903EB62039A1E0233E26363648F
:1044D00040461BF09CF940461BF09EF9884A07466F
:1044E00004F1400304F1480AE16E07924A1C206B74
:1044F00054D0656EA26E2D1A121A7D437A4395FB35
:10450000FBF592FBFBF2521B514348BFFF3105EB19
:104510002125E16D4E1C47D0666DA26D361A121A28
:104520007E437A4396FBFBF692FBFBF2921B5143D0
:1045300048BFFF3106EB21262722002120460993A0
:104540000FF0DFF9099B5A90B9F1000F32D0C2B2D7
:10455000511E4A424A4194F84CC0944504D0194631
:10456000764253466D428A46B9F1000F24D019684D
:104570003144CAF8001018680899284418600029C6
:1045800035D1079B40469847012848DC002222216C
:104590002046F4F71FF877B0BDE8F08FA56B2D1A11
:1045A0007D4395FBFBF5B4E7E66A361A7E4396FB3E
:1045B000FBF6C1E74A46CEE7DAF800100898891BF7
:1045C00001311960DAF80010491BCAF80010002800
:1045D000D7D0206B9445C0F1000007FB00F090FBA2
:1045E000FBF079D10A1A013251469A4676E0216BE6
:1045F0009445C1F1000107FB01F191FBFBF102D1F0
:104600000844524603E0411A1A46481C5346DAF859
:1046100000108142CBBF1160196018601060E36B1D
:104620000F93236C1093636C11933EA8A36C1293A9
:10463000F7F712FF20463EAA4FF400310DF0DDF9E6
:104640000C22002120460FF05CF9DDE905439C4275
:10465000A8BF1C4664108442A8BF04465A90404636
:10466000459E1BF0D4F8054640461BF0D5F8854220
:1046700040463DDA1BF0CBF84510DDE903039DF819
:1046800027214A99B542A8BF354602F00F020343DD
:10469000B9F1000F2FD1012A00F0AE80002940F0BF
:1046A000AB80009A1343019A134300F1C180A542E5
:1046B00080F2BE8022460BA90FA81AF017FE002830
:1046C00040F0B6804FF0000A00238DF840318DF89D
:1046D00050314FF001082BE00A1819461B6893422D
:1046E000CBBF0B60CAF80030CAF800200A6096E71A
:1046F0001BF092F8C0E7022ACEE700BF0FF80200D5
:1047000019F8020070223EA95AA822F0CBFF4FF000
:10471000000802988DF8B0810FAA5AA98DF8C081BF
:104720008DF888818DF8A38110F03AFE4FF0010AD0
:10473000002670223EA95AA80FAF8DF8646122F0BE
:10474000B1FF97E80F008DF8B0618DF8C06113AE2E
:1047500086E80F00BAF1000F0CD0B9F1000F5ED05F
:10476000039A0B9B13443360049A0D9B9B1AB3600E
:104770000023619332461021029810F05AFB324612
:104780005AA9814610F00CFE17A810F0A5FDB8F14B
:10479000000F0AD00BAB0FCB0DF1780C8CE80F009B
:1047A00017A94846229410F09BFDBAF1000F09D0DA
:1047B00097E80F001EAC84E80F0017A94846229521
:1047C00010F08EFD23A8F7F717FA0298CDF8A890FD
:1047D000324623A910F0C6FB70223EA95AA822F047
:1047E00061FF00238DF888318DF8A3313A465AA92C
:1047F000029810F0D5FDCEE6009A1343019A1343B8
:1048000080D4A542BFF67EAF22460BA90FA81AF0AE
:104810006DFD00287FF476AF4FF0010A54E7009A4F
:104820000C9B13447360019A0E9B9B1AF3609FE7E5
:104830000FAA3EA9DCE700BF2DE9F3412E480C4644
:104840000DF0ADFC012840D120461BF00CFB0646C4
:1048500020461BF004FB1B2E054639D14FF40031D6
:104860000DF009FC074620461BF001FB0368BB4224
:10487000ACBF0360076012220021064628460FF0F5
:1048800040F8132280460190002128460FF039F8A5
:10489000102204460190002128460FF032F8112220
:1048A00007460190002128460FF02BF84445A8BF89
:1048B0004446BC42A8BF3C468442A8BF0446002CE4
:1048C000019002DA33681B1B336002B0BDE8F0814F
:1048D000012E01D00B2E07D105F13C01284602B074
:1048E000BDE8F0410EF05CB81D2EEED1204602B0BE
:1048F000BDE8F041FFF74ABD388E030010B5014610
:104900000348F3F70BFE04460DF006F8204610BDF1
:104910005C8E03002DE9F04F0123DFF85082C36362
:1049200091B004460E460F1F002557F8040F18B12A
:104930000378002B40F08A80A36B9D421ED0206B31
:1049400018B1FCF727FE00232363606B18B1FCF756
:1049500021FE002363632801FCF702FE2063680048
:10496000FCF7FEFD236B6063002B79D0002808BFA5
:1049700000256A0000211CF000FFA563272200210A
:10498000E66220460EF0BDFF1222C3B20F90002156
:1049900020460C930EF0B5FF30220F9004900021BA
:1049A00020460EF0AEFF342205460F90002120462F
:1049B0000EF0A7FF420748BF049B0F9048BF5B194A
:1049C0004FF010024FF00001204648BF04930EF054
:1049D00098FF302205460F90002120460EF091FFEF
:1049E000342207460F90002120460EF08AFF142241
:1049F00083074FF000010F90204648BFED190EF0DD
:104A000080FF07900F9020461DF0DFFB08902046A6
:104A10000DF01CFE059020460DF028FEE36B079A72
:104A20000395013B4FF0000802FB13030993CDF8F7
:104A300018804746E36B069A9A4280F08D800025E5
:104A4000A6F1040A4FEA4709029521E041461CF00D
:104A5000FBFE08B1013568E7E36B0133E36364E70C
:104A60001D4686E741491CF0EFFEA8B1DAF8003098
:104A70001B788BB1636B029A33F8093003F00F0394
:104A8000012B2CBFD21801320292013509F1020923
:104A90005AF8040F0028E5D1069B01330693002D38
:104AA00052D0039BE16BB8FBF1F21A44099B4344DB
:104AB000B3FBF1F3039901390B440A930899059B61
:104AC00005F1FF3901FB19394FF0000A7B1929EA7A
:104AD000E9790B93D346029B02980BFB09F1B1FBDA
:104AE000F3F1636B33F8173003F00F03012B2CBF86
:104AF0009B440BF1010B0BFB09F3B3FBF0F30AF141
:104B0000FF3003440C980128514404D10598C01A81
:104B1000059B5B1A0146DDF828C0206BCDF800C06C
:104B2000DDF810C00D92634400EB071061441AF0E9
:104B3000EDFA089B0D9A9A440B9B01379F42CAD10C
:104B4000013506EB850600E00436099B079A984478
:104B5000039B134403936DE720460DF0F8FA2046BB
:104B600011B0BDE8F04F0DF046BF00BF57B10300D4
:104B70004FF6FF720A6491F84420002363F30002A9
:104B8000C1E90E33C1E90C330846CB6281F84420F9
:104B90000149FFF7BFBE00BFA48E03002DE9F04F0F
:104BA000FBB005461BF05BF9836B0446002B57D026
:104BB00028460DF01BFB94F82A30049043F00803BC
:104BC0000EA984F82A3020460DF0F8FCA26ABC4BEE
:104BD000B4F82880134043F40023A3625EA8F7F7DB
:104BE0003BFC2CA8F7F796F85EAA4FF4A0212046CC
:104BF0000CF003FF2CAA4FF4A02120460DF0C2F8C0
:104C000094F82A30A4F828806FF3C30384F82A307C
:104C10001022002120460EF074FE112205904290D1
:104C2000002120460EF06DFE1222069042900021D7
:104C300020460EF066FE1322079042900021204687
:104C40000EF05FFE4FF00009089042904F46A36BB4
:104C5000BB4208D894F82A306FF3C30384F82A3093
:104C60007BB0BDE8F08FE36A964953F829001CF049
:104C7000EBFD4FEA890B09F101090028F3D0636BC2
:104C800033F81730DA064FEA470A00F1DC80C3F345
:104C900000255B0640F1D98045F08005206B390185
:104CA00000EB0713D3E9012C4158DE680E9B194431
:104CB00012910F9963440A4431441392149315914D
:104CC000002D40F0DB8070225EA942A81CF05FFC42
:104CD00058222CA90DEB02001CF059FC626B9DF8C8
:104CE000A73032F80A20449716054CBF43F008035A
:104CF00003F0F7038DF8A7309DF8513103F01F0240
:104D00000F2A3CD90F2262F304038DF851316369F5
:104D1000079A08991A44129B934214BF0F230B233E
:104D20009DF8512163F304028DF85121E269521A72
:104D30001499914201BF9DF8512103F0170363F3C9
:104D400004028DF85121A369059A1344139A9A42DB
:104D500001BF9DF8513103F01D0262F304038DF889
:104D60005131236A069A9B1A159A9A4201BF9DF8FF
:104D7000513103F01E0262F304038DF8513112A881
:104D80001AF04AFD15F02005064607D0636B33F88C
:104D90000A30580542BF139B9B1B139342A90498EA
:104DA00012AA10F0FDFAE06A269B1F9A50F80BB089
:104DB0000A930EA8259B0B9209931AF028FD9DF8E3
:104DC000A710099B0093CDE90101DDE90A3259469C
:104DD0000CA81CF0B3F912A81AF019FD0C9BC01A0C
:104DE000129B00EBD07003EB600312A812931AF031
:104DF00013FD0D9B139A1299C01A00EBD07002EBB1
:104E000060020C981392014413441491159365B1F8
:104E1000616B31F80A10490507D506EBD676761096
:104E2000764232443344139215939DF8A830049887
:104E3000CDF874B043F0400312AA16A98DF8A8303B
:104E4000189710F0CAF9013701E7236CBB427FF4D1
:104E500025AF18F0200F18BF45F0200518F0020FFD
:104E600018BF45F0020518F0040F18BF45F00405FF
:104E700018F0080F18BF45F008050FE794F82A301E
:104E8000258543F0080384F82A3042A8F7F7E4FAAE
:104E900016A8F6F73FFF42AA4FF4A02120460CF0D7
:104EA000ACFD16AA4FF4A02120460CF06BFF94F83D
:104EB0002A30A4F828806FF3C30384F82A300DE762
:104EC0000000F7FF57B1030010B501460348F3F7A0
:104ED00025FB04460CF020FD204610BD808E03000B
:104EE0002DE9F8434FF6FF73994204460E4602D16E
:104EF0000020BDE8F883836B8B42F9D90025DFF8E9
:104F000034902F46B54206D1A36BAB42F0D0E36A92
:104F100053F82700EDE7E36A07F10108494653F823
:104F2000280001351CF090FC08B907F1020847463B
:104F3000E8E700BF57B103002DE9FF41AE480E4638
:104F40000DF02DF901281AD130461AF08CFF0546D4
:104F500030461AF084FF1B2D044627D1C36B73B172
:104F6000C56ADFF89882043D002755F8040F30B178
:104F700041461CF069FC10B12B681B7813B904B0D2
:104F8000BDE8F081636BDB5B5B0507F10207ECD5E5
:104F9000E16B29B120460DF069FBE16BB0FBF1F14B
:104FA000304604B0BDE8F0410DF040B9322D05D1D6
:104FB000E16A04B0BDE8F0411DF014BA132D2DD8FC
:104FC000002DDCD0013D122DD9D801A353F825F0D6
:104FD00029500100A3500100815101007F4F0100C1
:104FE0007F4F01007F4F01007F4F01007F4F010085
:104FF0005F5101007F4F0100E75001007F4F01002A
:105000007F4F01007F4F01007F4F01007F4F010064
:10501000215201007F4F01008F5101001D2D00F032
:10502000DE81312DC4D0AAE73046F3F741FB216C75
:10503000054620461DF07BF9F9F7B2FB19F0FFFA9F
:1050400000F0FD00012817D102A9284619F001FB44
:1050500002A920461DF0C1F84FF6FF7398420146A1
:10506000236409D0636B33F8103003F050031BB98D
:10507000206420461DF05BF9236C4FF6FF729342CB
:105080003FF47DAF626B32F8132002F4CA62002A4B
:105090007FF475AF019301AA23212046F3F79AFA12
:1050A0006DE7036C4FF6FF77BB423FF468AF3046C5
:1050B000F3F7FEFA054619F0C2FA00F0FD000128E8
:1050C0007FF45DAF02A9284619F0C3FA02A9204671
:1050D0001DF083F8216C81423FF451AF20461DF052
:1050E00026F927644BE7026C4FF6FF739A422CD0E7
:1050F000416B31F81230180614D55F0612D4DE0564
:105100002AD594F84400C50726D423F480739BB2B3
:1051100021F8123094F84430D80703D5216C20468A
:105120001DF0EEF9236C626B32F8132012F4C06F9D
:105130000BD012F0500F08D102AA2321204602936F
:10514000F3F748FA01287FF41AAF216C204604B027
:10515000BDE8F0411DF0EBB843F48073D8E7036C71
:105160004FF6FF7293423FF40AAF426B32F81320BE
:1051700002F07002002A7FF402AF029302AA8BE7CA
:10518000016C1DF0D4F84FF6FF732364F7E6836BD0
:10519000002B3FF4F4AE3046F3F78AFA064619F0D6
:1051A0004EFA05462EB93046F9F7F0FA19F047FAEB
:1051B000054620460CF032F90BF0FEFD226C4FF64E
:1051C000FF739A427FF4DBAE022D05D0042D7FF4ED
:1051D000D6AE00283FF4D3AE94F84430A26B13F05F
:1051E00001031BD1934217D0616B31F8131001F00A
:1051F000500181B10133F5E7808E030057B1030000
:105200000133934208D0616B31F8131011F0500F45
:10521000F6D1C905F4D51A462264B0E60023F0E7BA
:10522000016C1DF084F830460CF0E8FF132821D102
:10523000236CA16B606B4FF6FF72934214BF013376
:105240000023994223649CBF00232364256C236CB4
:1052500030F8132002F05002002A3FF476AF0133F9
:10526000994298BF00239D422364F0D14FF6FF730B
:1052700023646AE714281CD1226C4FF6FF739A420C
:1052800004BF00232364226C02B9A26B606B013A55
:105290002264236C30F8131001F0500100293FF410
:1052A00054AF23B1013B9A422364F2D1DEE7A36BF2
:1052B000F8E7122847D120461CF087FF236C4FF6F1
:1052C000FF729342054610D10023616B2364236C67
:1052D00031F8132002F05002002A3FF436AFA26BDF
:1052E000013393422364F2D3C0E71A01206B86583E
:1052F00000EB03101AF08BFA236C06EB6002A66B2E
:105300004FEA031C9E427FF620AF216B01EB0C0895
:1053100001EB0310D8F80470D0F80480B8454FEAC8
:10532000031E0EDD51F80E1091420ADC81682944FB
:10533000914206DB616B31F8131001F05001002936
:1053400096D00133DEE711287FF4FFAE20461CF033
:105350003CFF236C4FF6FF729342054610D10023A9
:10536000616B2364236C31F8132002F05002002A91
:105370003FF4EBAEA26B013393422364F2D375E7A3
:105380001A01206B865800EB03101AF040FA226CC9
:1053900013B206EB60004FEA021C5E00002BFFF622
:1053A000D4AE226B02EB0C0E02EBC601DEF80470E9
:1053B000D1F804E0BE450EDA52F83620521B824284
:1053C00009DC8A68824206DB626B925B02F0500263
:1053D000002A3FF44DAF013B1BB2023EDEE73046F0
:1053E00004B0BDE8F041FFF7D9BB00BF2DE9F84F8D
:1053F0004FFA82F80123818680F8368080F83730B2
:1054000004460F46C06A40211DF02AF800252946AF
:10541000E06A402201351DF032F8072DF7D1BFB206
:10542000414638461DF083F84146054638461DF092
:105430004FF9DFF8ECB00646411C054404F1F90AC7
:105440008B1B01F1010901398D42DBB237D808F11C
:10545000FF3138461DF06BF8C6F1010300EB03087D
:1054600004F22119DFF8B8B05FFA88F80027CA46BD
:1054700008EB0703B742DBB229D3DFF8A490C5F1EC
:1054800001074FF01408292D2FD920461DF048F9A7
:10549000E06A1DF026F84FF6FF73984203D0E06AE9
:1054A000F11D1CF0B0FF20460DF0A5FA20460EF0CD
:1054B000ADFE00250646B54225D1BDE8F88F142182
:1054C00001FB09A05A46FCF729F84946B8E75A46B5
:1054D00014214846FCF722F8F91DE06A40221CF02E
:1054E000CEFF013709F11409C2E77B194A4614219E
:1054F00008FB05A0FCF712F8E91DE06A40221CF049
:10550000BEFF0135BFE7294620460EF04CFEE36A98
:10551000834203D022462321F3F75CF80135CAE722
:10552000F00104003A4B2DE9F04100250C46C1E999
:105530000C33C1E90E554FF45272294604F2211082
:10554000344E354FDFF8D4801CF017F929462A462F
:1055500004F13C0314254FF0780C40F2211E043373
:1055600051B1481C10F0070F50D0062907D858F841
:10557000211019600146F2E71E600120FAE705FBE1
:10558000024181F821C115FB02E101322144D2B26E
:1055900038281960EED1224BC4F81C312046FFF7A1
:1055A00093FC04F14001E0621CF01CFFE06A4FF440
:1055B00008711CF087FF002322221A49E06A0CF0D0
:1055C00004FE6420E56AFBF739F9014628460CF031
:1055D0008CFFE06A4FF404210CF004F9204601210D
:1055E00019F019F9E06A012119F039F92046002271
:1055F00002210EF086FD204694F93620A18EFFF799
:10560000F5FE2046BDE8F0411DF08AB83946BFE7F7
:10561000E807010129F9030057B10300C08E030018
:1056200058B1030091250300F8B50C46204600212F
:105630000EF0BEFE2046002119F0EDF800231946B9
:105640000222204619F0F3F82046FFF757F900220E
:105650002A492B4F05460EF04DFD6420FBF7EEF86E
:10566000014628460CF058FF2846F3F755FC28461B
:105670000CF0E9FF0646014628460CF036FF0023F1
:105680000A22394628460CF0A0FD042128460BF0DA
:105690005FFE204601F0EEFA0321054601F0A0FE70
:1056A0000022284602210EF02CFD0121284619F087
:1056B000D6F82046FFF722F91249054600220EF0DF
:1056C00019FD3246314628460CF03DFF00230A22E0
:1056D000394628460CF079FD284604210BF038FEA7
:1056E00009490023232220460CF06FFD20460022AA
:1056F000BDE8F8402321F2F76DBF00BF47F9030072
:10570000495701004BF903000D57010070B51AF01D
:10571000A6FB05460EF044FD1DF041F804460121AC
:1057200028460EF040FD94F90230054A0549013B38
:1057300052F823302288BDE870401EF0F1BD00BF52
:10574000008F03004FF903002DE9F0471AF087FBA3
:1057500080460EF025FD06460EF022FD07461DF0A0
:105760001EF80021058890F90290847830460EF0EA
:105770001AFD80451BD1B9F1010F15D1013DADB224
:105780000C24224629463846FFF730FE01213046D8
:105790000EF009FD013C0A4B0A4953F824302A4611
:1057A000BDE8F0471EF0BCBD013C64B2E9E7B9F1C9
:1057B0000C0F03D10135ADB20124E2E70134F4E767
:1057C000008F03004FF9030070B508460C460EF039
:1057D000E7FC0021064620460EF0EAFD00212046A7
:1057E00019F019F8204600F09DFC164905461DF0F9
:1057F00026FF33462322144928460CF0E6FC0121FB
:10580000284619F02CF8204600F08CFC0F4905467C
:105810001DF015FF334623220D4928460CF0D5FC18
:105820002846012119F01BF80A49232220460023AB
:105830000CF0CBFC20460022BDE870402321F2F79B
:10584000C9BE00BFC1F903003728030032FC0300C2
:1058500007280300A32703002DE9F04FB448C5B083
:105860000D460CF09CFC012834D128461AF0FBFAB6
:10587000064628461AF0F3FA012E044644D1F8F7FA
:105880008FFF28A918F0E5FE6369289E2046F61AC6
:105890002896F3F7BBFD064420460CF0D7FE0546DC
:1058A00020461DF06CF8301A2CD4854215DA256F8D
:1058B000013D636EAB420DD0294620461DF067F8CE
:1058C000616E20461DF063F86566002223212046A4
:1058D000F2F780FE45B0BDE8F08F94F8743003F025
:1058E0000703012B07D1236F5A1E6B1000FB0233F5
:1058F000B3FBF5F5DDE7022B04D1236F5843B0FB72
:10590000F5F5D6E70025D4E70B2E06D1416E1DF044
:105910003EF86FF000436366DCE71D2EDAD12846BF
:105920000CF064FC04F1140A00F1180514AE0290A6
:105930002A465146304619F01DFC00284FD095E804
:105940000F0018AF87E80F0096E80F0085E80F00FA
:1059500020461DF00CF8804620461DF010F80790F8
:1059600020461DF0AAF8064620460CF06FFE039074
:1059700020460CF07BFE049028A80FF059FC28AAC2
:10598000002120460CF0C0FA3222002120460DF002
:10599000B8FFC3B21090204606931CF0E8FF3422F3
:1059A0000021059020460DF0ACFF1090C7B22046B4
:1059B000F3F72CFD089020460DF033FAD4F86890E8
:1059C000B9F1000F25D1D4F86C90B9F1000F66D170
:1059D000029B03F1180618AB0FCB86E80F0004F109
:1059E0002C03184605931AF0D1FC064650B994F8DA
:1059F000743003F00703012B40F09C80029920468D
:105A00001DF063F80299204645B0BDE8F04F1DF047
:105A1000EABAA26946441644331A62690993069B9E
:105A20002F92E2693192022B0FFA89FB35D9059B3F
:105A3000002B32DD17F0020605D020461DF03DF8A0
:105A4000B0FA80F67609FA070AD51122002120461D
:105A50000DF057FF109018B909F1FF330FFA83FBCF
:105A6000049B03FB06F233465E45ACDAA16E0B9253
:105A70000139B2FBF1F1099A02982A93114430914D
:105A8000329128A90A930FF0EDFB049B0B9A1A445C
:105A90000A9B013636B20133E6E70026E0E7079BB2
:105AA000984463699844089BA8EB0308A369309362
:105AB000236A3293069B022B0FFA89F634D9059B91
:105AC000002B31DD17F0040B06D020461CF057FFE9
:105AD000B0FA80FB4FEA5B1B3B070AD5132200217B
:105AE00020460DF00EFF109018B909F1FF390FFA9A
:105AF00089F6039B5F4603FB0BF9B345BFF668AF1E
:105B0000E36E02982A97013B28A9B9FBF3F34344BB
:105B10002F9331930FF0A6FB039B0BF1010B0FFAB0
:105B20008BFB99440137E8E74FF0000BE1E700BF3A
:105B3000788F0300022B40F0E48010AF2A465146D4
:105B4000384619F017FB00283FF45CAF029B03F1C5
:105B5000180595E80F000DF1500C8CE80F0097E840
:105B60000F0085E80F0020461CF009FF8146204603
:105B70001CF0A3FF804620460CF068FD82462046BC
:105B80000CF074FD039004F12C001AF0CCFB0546D8
:105B900000283FF437AF314620461CF083FE236FC8
:105BA0005F1E4FF4A02100FB17A72046B7FBF3F7B9
:105BB0001CF078FE6A1E00FB12720690B2FBF5F52F
:105BC0002046012DB8BF01251CF0D1FE834620469A
:105BD000F3F71CFCA9EB000920460DF022F9A8EB15
:105BE000000828A8F6F738FC28AA4FF4A021204680
:105BF0000BF003FF9DF8CF202F9966F303028DF879
:105C0000CF20FF22AAEB07038DF8C020226A04935D
:105C1000069B0A442B44D9441B92C3440693B046C6
:105C2000236FB34207D8029B03F1180514AB0FCBC7
:105C300085E80F00E6E6626905982B96012B18BFF0
:105C400003F1FF3309EB020A1CBFB8FBF3F39A44DC
:105C500000232A931AF05AFB074608B33B7C13F043
:105C6000010314D194F87420109912F0180F05EB69
:105C70000A0202F1FF3208BFFB68CDF860A08A4239
:105C80001A9209DA2A9B069A013392442A930598BC
:105C900039461AF041FBDFE71299226F8A4503DD8E
:105CA000049B01369844BBE73889B97A8DF8C31054
:105CB000ADF8C1003344B3FBF2F102FB113C397C77
:105CC0007A68039B52F82C20C1F3001104EB810188
:105CD000486CC96C121A5A43091A92FBF1F2A16975
:105CE0009A1A0A445A4419927A6852F82C306FF082
:105CF00000429342C6D0029818AA28A90FF050FB80
:105D0000C0E7032B7FF47EAE0CAE2A4651463046E8
:105D100019F030FA00283FF475AE95E80F0010AF87
:105D200087E80F0096E80F0085E80F0020461CF07A
:105D30001EFE064620461CF022FE074620461CF0AA
:105D4000BCFE054620460CF081FC069020460CF077
:105D50008DFC6369039020461F44F3F757FB3744DB
:105D60003B1A0493A36920461D440DF05AF83544AC
:105D70002B1A18A807930FF05BFA18AA4FF4A0216A
:105D800020460CF0C1F828A8F6F766FB28AA4FF4C5
:105D9000003120460BF031FE4FF4003120461CF05C
:105DA0007AFD00EBD0704FEA600802224FF4003118
:105DB00020460DF0A6FD149000EBD070249B4610F9
:105DC000B045424603EBD371A8BF3246B2EB610F38
:105DD000C2BF9DF89D2042F020028DF89D20012B2E
:105DE00008BF9DF89D3004F12C0004BF43F0200350
:105DF0008DF89D301AF08DFA6FF0004B0546002D9E
:105E00003FF400AE2F7C17F0010740F0C380AB6871
:105E1000ADF88C301B0C8DF88E30AB7A2A89ADF83A
:105E2000C1208DF8C33094F8743013F0180F049B20
:105E300008BFEF681F9321936B68089753F82730CA
:105E40000A2B28D0297C2868069B0093C1F3C00147
:105E500004EB81010023CA6D50F82700496D1AF048
:105E60009DFB049B18442190297C6868039B009348
:105E7000C1F3001104EB81010023CA6C50F8270024
:105E8000496C1AF08BFB039B181A079B184422904D
:105E90004FF0000A6EE04C4B21931846F7E7219A29
:105EA0001F92229A2092089A5244B2FBF3F103FB0C
:105EB00011294FEA890309936B6853F82900584563
:105EC00055D0297C039B0093C1F3001104EB8101A1
:105ED0000023CA6C496C1AF061FB039B181A079BDC
:105EE00018442290297C2868069B0093C1F3C001C6
:105EF00004EB81010023CA6D50F82900496D1AF0A6
:105F00004DFB049B18442190BAF1000F26D01F9B33
:105F1000A3EB080243441693209B14929A1B33442C
:105F2000159217936B6853F827205A4515D04FEAFE
:105F300089029B585B4510D00298CDF86CA018A937
:105F40000FF090F9B8F1000F07D036B10298CDF8F4
:105F5000ACA014AA28A90FF023FA4F46236F9A4544
:105F600004D16B68099A9B585B4519D1B9460AF16F
:105F7000010A4F46236F9A4591D31A9B01331A9316
:105F80002A9B01332A93029B03F1180710AB0FCB16
:105F900087E80F00294605981AF0C2F905462EE752
:105FA000219B0298CDF8ACA0A3EB080243441693C2
:105FB000229B14929A1B1592334414AA28A9179372
:105FC0000FF0EEF9D2E700BF010000E010B50E4B74
:105FD000CB6291F830300C4643F0010381F8303049
:105FE000204602210BF0FEFB204608210BF0FAFBB5
:105FF00020464FF480610BF0F5FB20461021BDE8F0
:1060000010400BF0A5B900BF75FC03002DE9F04767
:10601000434888B00D460CF0C2F8012864D12846E8
:1060200019F021FF0646284619F019FF342E0446C0
:106030005DD1284619F01BFF5A2207460021204651
:106040000DF05FFC0546069018F0E1FA5C2206466A
:10605000002120460DF055FC5B2280460690002171
:1060600020460DF04EFC4FF000096FF06042CDE984
:1060700001290690CDF8008003462A46E16A06A869
:106080001BF05CF84946152220460DF03AFC12221E
:10609000814605904FF4003120460DF032FC13226A
:1060A000054605904FF4003120460DF02AFC1022E1
:1060B000824605904FF4003120460DF022FC11225B
:1060C000804605904FF4003120460DF01AFC35440F
:1060D000069B55441D444D443D604644079B064481
:1060E0009E42ACBF7E607B6008B0BDE8F0871B2E8F
:1060F0000ED1284619F0BBFE4FF40031054620466C
:106100000BF0B9FF2B688342ACBF2B602860EBE734
:106110001D2EE9D1284608B0BDE8F0471DF04CB867
:106120009C8F030010B501460348F2F7F7F90446C7
:106130000BF0F2FB204610BDE48F030038B5154A82
:106140000023C1E90C32C1E90E33C1E91033CB623F
:106150004FF6FF738B6491F84C3023F03F030C46ED
:1061600043F0380381F84C3020464FF480610BF047
:1061700039FB094920461DF09AFA20460EF008F82E
:1061800001460648F2F7CAF905460BF0C5FBE56281
:10619000EC6238BD88FC03008CFC0300C08F030058
:1061A000806B024B002808BF1846704758B10300A7
:1061B0002DE9F047084688B0884619F054FE20289B
:1061C00007461CD1404619F04AFE404619F047FEEA
:1061D000C46A40460CF00AF8E26A00F11805EA4683
:1061E000064614322946504618F0C4FF002873D1E1
:1061F0005D48414608B0BDE8F0470BF0D0BF5A48B3
:1062000041460BF0CCFF01283FD1404619F027FE54
:106210000B2FC66A044641D1F8F7C2FA18F036FAD5
:10622000064690BBE46AF8F7BBFA054618F007FA91
:1062300004280CD1236C636420460BF0EFF807466A
:106240000AF0BAFD18B1314638460AF095FD2846E5
:1062500018F0F5F901281BD104A9284618F0F9F91E
:10626000059920461DF0C8F9C4E9100020461DF02C
:1062700085FC236B13B920460CF0BDFB236C049303
:1062800004AA23212046F2F7A5F908B0BDE8F0875B
:10629000284618F0D4F90328E8D1DDE7012F59D1B9
:1062A000F8F77EFA05460028EFD018F0C8F9012863
:1062B0000CD104A9284618F0CCF9059930461DF0F8
:1062C0009BF9B06420460CF096FBDEE7284618F0F8
:1062D000B6F90328D9D1ECE795E80F000DF11009C4
:1062E00089E80F009AE80F0085E80F0094F84C3019
:1062F0009B0627D5A26C236C9A4207D121233146F5
:1063000020461DF022F92123A26C12E03B463146C3
:1063100020461DF01AF9A26C3B46314620461DF07E
:10632000A5F8226C0123314620461DF00EF9226C9F
:106330000123314620461DF099F899E80F0085E8C1
:106340000F0055E73B46A26C314620461DF0FDF894
:106350003B46D9E70C2F98D14FF6FF73B36408B0D2
:10636000BDE8F0470CF047BBC08F030073B55D4834
:106370000E460BF014FF012822D1304619F073FDB0
:106380000546304619F06BFD132D044612D10BF073
:1063900045F80AF011FD0546F8F702FA18F04FF932
:1063A00004280DD1002D71D0204602B0BDE8704008
:1063B0001DF0E5BA1D2D25D8102D03D80B2D72D058
:1063C00002B070BD113D0C2DFAD801A353F825F091
:1063D00035640100B1640100C163010091640100F2
:1063E00091640100C1630100C1630100C163010048
:1063F000C1630100C1630100C1630100C163010009
:10640000D7640100322D03D0342D06D0312DD7D1E1
:1064100002B0BDE870400CF05CB9304619F027FDC1
:106420005A220546002120460DF06BFA18F0EFF8CD
:106430006860C5E730460BF0E1FEA0F11203012BC6
:1064400011D820461DF0ADFB0028ADD0236CE26BC7
:1064500001339342B4D223640121204602B0BDE847
:1064600070401CF0ABBF142804D00DD80A2815D0FA
:106470001128A5D120461DF094FB002894D0236C50
:10648000002B9DD0013BE6E71B2899D1636C236468
:10649000204602B0BDE870401DF070BBF8F786F9E9
:1064A00084428DD0204602B0BDE870401DF082BB12
:1064B0001DF077FB00283FF477AF30460BF0AAFEC3
:1064C000236C1844E36B013B9842A8BF184620EAAE
:1064D000E0702064C0E7304602B0BDE870401DF0B7
:1064E00056B900BFE48F030038B591F8583023F057
:1064F0007F03002543F00303CD6281F8583008463E
:106500000C460CF09DF8E06320460CF09CF84FF42C
:106510008073C4E9123394F8583043F0800384F850
:106520005830C4E910052A46294604F1340019F010
:1065300082F90C4A04F15000114619F07CF994F8E4
:106540005930092262F30303204684F859300221AE
:106550000AF0FEFE20464FF48031BDE838400BF0D3
:1065600041B900BF3200002010B501460348F1F7E1
:10657000D5FF04460BF0D0F9204610BD089003006B
:106580002DE9F0430846ABB00D4619F06CFC2946E6
:106590000646A3480BF003FE012813D1284619F044
:1065A0005EFC05AF394604461DF056FB322E10D175
:1065B00094F8583003F00303022B06D1E16A204619
:1065C0001DF0F7FC2BB0BDE8F08320460BF0BFFDBB
:1065D000F8E7202E1ED8152EF4D9163E0A2EF1D833
:1065E00001A353F826F000BFA5660100C5650100B0
:1065F000C5650100C56501005167010029660100FC
:10660000C565010051670100C5650100C565010050
:1066100051670100342ED5D1284619F028FCE36BD0
:106620000360236C4360CDE7284619F020FC636CBF
:1066300005463BB9A36CB3F5807F03D1E36CB3F59A
:10664000807FBFD020460BF0FBFF804620460BF03A
:10665000FAFF0297B4F84C300193B4F84830009335
:106660000246636C064641460FA80EF002FC0F9AE4
:106670002B6852429A42B8BF1A462A60109B5B426E
:106680009342B8BF13462B601199A1EB08019942C0
:10669000B8BF19462960129B9B1B8B42ACBF2B6075
:1066A00029608FE7284619F0E2FB05462046E66B95
:1066B0000BF0C6FF864246D12046266C0BF0C3FF86
:1066C000864240D1A36CB3F5807F13D1E36CB3F560
:1066D000807F0FD1636C6BB9E36B226D03EBD373D7
:1066E000B2EB630F06D1236C626D03EBD373B2EB95
:1066F000630F28D020460BF0A3FF064620460BF080
:10670000A2FF0297B4F84C300193B4F848300093DC
:106710000246636C31460FA80EF0ABFB61690F9B1C
:106720000B440F93A269109B13441093119B0B44CD
:106730001193129B13441293296800220FA818F09A
:1067400055FD28713EE70FA920460CF007FAF3E744
:10675000284619F088FB0646284619F080FB1A2EB9
:1067600004465FD1284619F082FB0378022B0546C8
:106770003FF428AF94F85800830702D501232B700B
:1067800020E7C0F38400FAF7A5F801460028F5D108
:10679000442220460DF0B5F80F90C0B2FF28EDD18D
:1067A000626C002AEAD1A36CB3F5807F0ED1E36C52
:1067B000B3F5807F0AD104F11401686818F096FDE2
:1067C0000028DBD0236B002BD8D1FBE60BAF39467A
:1067D00020461DF041FA20460BF032FF06462046C7
:1067E0000BF031FF0297B4F84C300193B4F8483005
:1067F00000930246002331460FA80EF03AFB616970
:106800000F9B0B440F93A269109B13441093119B91
:106810000B441193129B1344129300220FA9CCE74F
:10682000089003001D2E7FF4CDAE036C002B3FF4C7
:10683000C9AEC36B002B3FF4C5AE836C002B3FF495
:10684000C1AEC36C002B3FF4BDAE28460BF0CEFCAE
:1068500094F8583013F00206814640F091800FA85A
:10686000F5F7CAF909F1180531460FAA20460BF0D1
:10687000EEFA95E80F000DF11C0888E80F001FA93B
:1068800020461DF0E9F9A36C1B93E36C1C93636C29
:106890001A9394F8582094F85930C2F3C012C3F3F5
:1068A000021343EAC2039DF8892022F00F0213432A
:1068B0008DF88930236B2993E36A1693D4E9051286
:1068C000206CE36B10440B44013824AF013B009073
:1068D000384618F01BFC0C22314620460DF011F80A
:1068E0000B90289094F8593003F00F02092A0BAE50
:1068F0000CD8A36B0093636B394604F1140018F0B5
:10690000E5FD97E80F0086E80F002FE003F00F0386
:106910000C2BF6D104F114022946284618F02AFC63
:10692000D4E90D12384618F018FCD4E90F14D9F840
:106930001C30259A24989A1A631ED21AD9F8183056
:1069400092FBF4F21B1A481E1B1A624393FBF1F3ED
:106950003846594318F001FC95E80F0086E80F000F
:106960009DF8893043F010038DF8893032460FA925
:1069700048460EF03CFB98E80F0085E80F0021E642
:1069800003F00303022B7FF41DAE0FA8F5F7C2F945
:106990000FAA204600210BF0F5F9E36A169304F1E3
:1069A00014020FA948460EF018FC0BE6F8B590F853
:1069B0004D30174F13F00105044607D090F84C30C6
:1069C00057F82310BDE8F8401BF010BD806B400065
:1069D000FAF7C6FD94F84C30A26B57F82310064620
:1069E00052001AF0D4FDB21E2B46A16B8B4208D385
:1069F000204631461BF0FAFC3046BDE8F840FAF775
:106A0000C9BD32F8021F21F4806111800133ECE727
:106A10000C07002010B5064B90F84C20044653F8A4
:106A200022101BF0DFFC2046BDE81040FFF7BEBF80
:106A30003407002038B50C46204604210AF088FCB3
:106A4000B4F84C3023F4FF73002523F00103A4F8BD
:106A50004C302A462B462046A56405210BF0A0FDAC
:106A60002B460749232220460BF0AFFB20462A463F
:106A700029460DF054FB2046BDE83840FFF7CABF59
:106A8000856A010070B519F0EAF904461BF029FD8A
:106A90004FF6FF739842014600F0D0802046FEF783
:106AA0001FFA0546002800F0C98065491AF0CCFE9F
:106AB00058B9644B84F84C00196820461BF092FCCE
:106AC0002046BDE87040FFF771BF5F4928461AF0C5
:106AD000BBFE28B9012384F84C305A4B5968ECE7C7
:106AE0005A4928461AF0B0FE28B9022384F84C30DF
:106AF000544B9968E1E7564928461AF0A5FE88B933
:106B0000002227212046F1F765FD012840F09680FC
:106B1000A06C002800F0928000222721BDE8704080
:106B2000F1F758BD4B4928461AF08EFE0028E7D0F1
:106B3000494928461AF088FE024658B926212046BF
:106B4000F1F748FD012879D1A06C002876D0002209
:106B50002621E3E7A36C002B70D0404928461AF0A9
:106B600073FE60B9A06C0A2103F0BEFBA06C1FF09D
:106B700038FE002862D0A06C00222621CEE73849DA
:106B800028461AF061FE0028ECD0364928461AF053
:106B90005BFE20B9A06CBDE870401FF09FBE32497B
:106BA00028461AF051FE20B9A06CBDE870401FF0D5
:106BB00091BE2E4928461AF047FE20B9A06CBDE8C8
:106BC00070401FF02FBE2A4928461AF03DFE0646A7
:106BD00070BBA06C1FF000FE0546A06C1FF0F3FD1B
:106BE00003782D2B10D10121A06C03F0ADF9A06C1E
:106BF0001FF018FE2B21A06C03F076FB2946A06C39
:106C0000BDE8704003F0A0B92B2BA06C07D1012187
:106C100003F09AF9A06C1FF005FE2D21EBE7314639
:106C200003F092F92D21A06C03F05EFB691CE6E7EE
:106C3000A06C2946BDE8704003F0CEBA70BD00BF1D
:106C4000BBFC030034070020BFFC0300C3FC0300AF
:106C5000C6FC0300CAFC0300EEF80300CEFC0300F0
:106C6000D4FC030047F903004BF90300D8FC0300F0
:106C7000DCFC030010B501460348F1F74FFC044665
:106C80000AF04AFE204610BDB49203002DE9F04FF1
:106C9000C46A95B0904609912246002106460CF040
:106CA00084FF23780490CBB90228C8F804300ED0B2
:106CB000032806D0012801D1C8F8003015B0BDE87E
:106CC000F08F30460BF0C2FCC8F80000F6E7304603
:106CD0000BF0BCFC00EBD0704010F5E730461DF027
:106CE000B7FA454B09991B680746204698478146E5
:106CF00030461DF095FA069030461DF099FA059041
:106D000030461DF09DFA079017F081FC10A90890FD
:106D100030460BF0BBFC10A818F079FD0A9010A8C3
:106D200018F07AFD089A069B0B9003EB42030C9334
:106D3000069B00251344AB460D93635D6019002B41
:106D400034D1AA46B9F1000F0FD004EB090313F8B0
:106D5000013C0A2B01D00D2B07D114F8093023B9BF
:106D6000069B089A13449B444D462C44059B079A66
:106D70000097A9EB050120461AF03CFA099B0499FB
:106D800003979D421CBF059BC01810AB0293059B47
:106D90000193079B0F9000932246AAEB05030FA8CF
:106DA0001DF0C2F90F9BC8E9003B87E70C9B0B9ACB
:106DB0005B449A4208DA96F85C3003F00F03012B2B
:106DC00004BF47F00407FFB2002301930A9B00931E
:106DD000079A059B02974FF0FF31F9F725FF05EB66
:106DE000000AD145AED314F80A30002BAAD00D9B6F
:106DF00055469B44A1E700BF008E03002DE9F04FEC
:106E000097B00B6807930C461222002105460CF040
:106E100078FD1022069012900021284664680CF03C
:106E200070FD12A9231A1290284608930BF02EFC2D
:106E300012A8D5F82C9018F0EAFC099012A818F0C6
:106E4000EBFC0A9028461DF0FBF9824628461DF00F
:106E5000E7F9044628461DF0EBF90490504617F078
:106E6000D6FB804628461DF0F3F904EB08030746DD
:106E70000B93002619F8063009EB060B0BB93446C4
:106E80002CE00B9B43440593059A0A9B934208DA36
:106E900095F85C3003F00F03012B04BF47F00407A3
:106EA000FFB200230193099B00930297049B524673
:106EB0004FF0FF315846F9F7B7FE089B434506EB04
:106EC00000045EDC334B11941B6811A948469847B7
:106ED0000A2803D019F8043003B901344FF0000830
:106EE000EA6ACDF83880414628460CF05EFE12ABC7
:106EF0000293049B0397CDE900A30146A31B5A46C6
:106F00000EA81DF011F98DF83780CDF83C805CB3E8
:106F1000DDE9062307F008079D1A0F9B3344A342BF
:106F200022D20FAB11AA10A958461AF0CAF847B1DD
:106F30000F9B0DF137001BF803101AF04FF80028D3
:106F4000EBD1DDE91012504617F02EFB0E9B1844D2
:106F5000854207DB0F9B9A19A24203D009EB080276
:106F6000925D92B9CDF83C800B4B0F991D68584645
:106F7000A847314604464846A847204417B0BDE814
:106F8000F08FDDF81480264674E7049A10440E90C2
:106F90009846C2E7048E0300FC8D03002DE9F04300
:106FA000C36AA3B00446002B00F005814FF0FF3305
:106FB000836390F85C3043F0800380F85C3008A96C
:106FC0000BF064FB08A818F022FC804620461DF058
:106FD00037F9064620461DF023F9074620461DF0E6
:106FE00027F9054620461DF033F9814620461DF05D
:106FF000E6F8CDE9018900973246E16A2B4606A8FA
:107000001AF09CF820460BF064FB94F85C2002F028
:107010000F02022A40F0EC806322002120460CF08F
:1070200070FC64220C900746002120460CF069FC9D
:1070300005460C9038B942F210724FF49671282030
:1070400017F0D4FF05460CA8F9F75CFB21460CA805
:1070500018F010F84FF0FF310CA818F026F84FF494
:1070600096710CA818F01FF81A990CA818F01FF8C0
:1070700008A8DDF8188018F0CAFB804553DD08A881
:1070800018F0C5FB069A0021821A0CA817F0FBFF26
:107090009E490CA817F0F0FF9C492046F9F7B6FB73
:1070A000189930BB002906DD9DF88420199060F303
:1070B000C3028DF8842029460CA817F0DFFF189929
:1070C0000CA817F0EEFF3FB194F85C20394602F0AF
:1070D0000F020CA81DF054F80CA8F9F72DFB08A816
:1070E00018F09AFB8A492046F9F76CFB0023A36548
:1070F0005EE0426B90F854308A4203F00103DADA22
:1071000019929DF884206FF3C3028DF88420002B20
:10711000D1D0D3B243F00103179A8DF88430159B78
:1071200017931592C7E7794920464FF00008F9F701
:1071300049FBC4F8548008A8DDF81C9018F06CFBDB
:107140008145CFDD08A818F067FB079BA0EB03097A
:10715000304617F05CFA4146A9EB00020CA817F084
:1071600092FF6B490CA817F087FF69492046F9F791
:107170004DFB189910BB414506DD9DF88420199000
:1071800060F3C3028DF8842029460CA817F076FF1F
:1071900018990CA817F085FF3FB194F85C20394688
:1071A00002F00F020CA81CF0EBFF0CA8F9F7C4FAD0
:1071B00020460BF020FC23B0BDE8F083426B90F832
:1071C00054308A4203F00103DEDA19929DF88420DC
:1071D00068F3C3028DF88420002BD5D0D3B243F0DE
:1071E0000103179A8DF88430159B17931592CBE7FE
:1071F000032A40F08F806322002120460CF081FB9F
:1072000064220C900746002120460CF07AFB0546CC
:107210000C9038B942F210724FF49671282017F092
:10722000E5FE05460CA8F9F76DFA21460CA817F003
:1072300021FF4FF0FF310CA817F037FF08A8DDF849
:10724000188018F0E4FA804528DD202211463046E7
:1072500017F0AAF9069AA0EB8000821A00210CA868
:1072600017F011FF29490CA817F006FF29460CA8B2
:1072700017F004FF25492046F9F7C8FA00B1406B22
:10728000002F7FF421AF189B8342C1BF9DF884304B
:10729000199067F3C3038DF884301DE71B4920461E
:1072A0004FF00009F9F78EFAC4F8549008A8DDF8F9
:1072B0001C8018F0B1FA4045BFF614AF079A30466B
:1072C000C2F1000817F0A3F94946A8EB00020CA888
:1072D00017F0D9FE0E490CA817F0CEFE29460CA8CF
:1072E00017F0CCFE0A492046F9F790FA00B1406B3E
:1072F000002F7FF452AF189B8342C1BF9DF88430AA
:10730000199067F3C3038DF884304EE70B410300F7
:1073100005410300012A7FF44BAF08A8DDF81C806B
:1073200018F07AFA80457FF743AF3046DDF81C80CD
:1073300017F06DF980457FF73BAF264BE06A1B687D
:10734000984703287FF634AF08A818F060FA2E2279
:1073500011468046304617F027F94319A3EB830303
:10736000434408A80C9318F057FA0546304617F026
:107370004EF9384495FBF0F800FB1858304617F0EA
:1073800046F98045A5EB08051DDB304617F03FF9AF
:10739000054400220CA920460D95FFF72FFD064657
:1073A000E06A1AF032FA0C4B31461B680B4E054668
:1073B000E06A984705900599CB1C9D4205D320466D
:1073C0001CF013FFF4E6ED1BE3E73368E06A05A960
:1073D0009847F0E7F88D0300008E0300048E030049
:1073E00038B505460C461149F9F7ECF9104928461D
:1073F000F9F7E8F9002205F15400114618F01BFADC
:10740000A31E022B8CBF0023012304F00F0444EAC7
:10741000831495F85C3023F04F031C4385F85C40DF
:107420002846BDE83840FFF7B9BD00BF0B41030057
:107430000541030070B591F85C300C4600254FF013
:10744000FF3623F03F032A46CD624E6381F85C305D
:1074500004F15400294618F0EEF94FF6FF73C4E921
:1074600011332046C4E90F55A663022109F070FFCD
:1074700029462046FFF7B4FF20460249BDE8704088
:107480001CF017BF35FD03002DE9F04F4A48ABB0A3
:107490000E460AF084FE012840F08880304618F03D
:1074A000E2FC0546304618F0DAFCA5F13103012B69
:1074B000044604D82BB0BDE8F04FFFF76FBD1B2D7D
:1074C0000DD11CF0BDFE17F0A2F8011EB8BF0331AC
:1074D000891030462BB0BDE8F04F0AF0A7BE342D1E
:1074E0006CD190F95C30002B51DA1CF0A9FE80467B
:1074F00020461CF09DFE814620461CF091FE94F82B
:107500005C30C3F340175A0682464FEAC7074FF074
:1075100001024FF00001204648BF47F001070CF080
:10752000F0F96FF040439842149003D194F82B3057
:107530001B073ED520460BF089F8054605220021A1
:1075400020460CF0DEF98542149006DB052200216E
:1075500020460CF0D6F9054614902046D4F834B0F5
:107560001CF02DFECDE90157CDF800A04B46E16A95
:10757000424604F14C0019F0E1FD594620461CF04A
:1075800034FE94F85C306FF3C71384F85C303046F7
:1075900018F06DFCE36C02689A42ACBF02600360B5
:1075A000236D42689A42ACBF426043602BB0BDE895
:1075B000F08F6FF06045C1E7B49203001D2DF5D147
:1075C000304618F04CFC044630460AF00FFE08A97D
:1075D000074620460BF05AF820461CF039FE80463C
:1075E00014A8F4F797FBE36A1B9394F85C309DF8BA
:1075F000A020C3F3001363F3C7128DF8A020636DBE
:107600002593A36D269394F85C3003F00F03032BAE
:1076100008D008A818F000F9B0F5806FA4BF04F1F5
:107620003803299314AA002120468DF89F800AF080
:10763000A9FB9DF89E3013B901238DF89E30616C33
:107640001E914FF6FF73A26C1F92994226D09A4268
:1076500024D058224FF4802120460CF052F94FF4E8
:1076600080210246059020460CF07FF9C0F30722E6
:10767000C0F3074310908DF883008DF884204FF4F9
:1076800080211C2220468DF885300CF03AF9C0F399
:1076900007431090ADF886008DF8883094F85C3080
:1076A00003F00E03022B1AD19DF89E30023B012BF2
:1076B00015D86FF060430193239B0093CDF80880A9
:1076C000249B1D9AE16A10A819F038FD08A8109DA6
:1076D00018F09DF88542C4BF01238DF89E3007F154
:1076E00018050DF130092A4608A9484617F042FD51
:1076F00000283FF45BAF94F85C1011F00F0609D13D
:1077000020460BF08EFB3146424208A817F025FDBB
:10771000236A0B9394F85C3003F00E03022B10AE37
:1077200061D195E80F0086E80F0099E80F0085E821
:107730000F0008AA14A938460DF04FFD96E80F0077
:1077400085E80F0095E80F0086E80F0099E80F0024
:1077500085E80F0094F85C3003F00F03032B3DD154
:107760006FF060430193239BCDF8088000931D9A2E
:10777000249BE16A06A819F0E1FC08A8DDF818804E
:1077800018F045F8804513DD636D069A1D9803EBEC
:1077900002082022114616F007FF00EB400040448B
:1077A0002590A36D269308AA14A938460DF015FD5F
:1077B00008A8DDF81C8018F02FF880450EDD636DF9
:1077C0002593A46D079B1D981C4416F020FF08AA62
:1077D000044414A9384626940DF0FFFC96E80F00E7
:1077E00085E80F00E2E608AA14A938460DF0F5FC7A
:1077F000A8E700BFF8B590F85C30DB0604460D46FC
:10780000174622D40BF0F7F8E06A19F0FEFF06469F
:10781000384619F0FAFF31180131E06AF9F7C4FE71
:10782000E06290B14FF6FF739D4203D1074B1B6896
:1078300098470546E06A29463A4619F0E8FB204693
:107840000021BDE8F8401CF034BDF8BDF88D030000
:1078500070B50846A8B00D4618F005FBA0F11D0351
:10786000012B06460ED9064829460AF098FC012845
:1078700040F0D681284628B0BDE8704018F0EFBA35
:10788000D8920300284618F0EAFA1D2E044640F06C
:10789000C7810CA8F4F7E0FD00210CAA20460AF0ED
:1078A000ACF818F0D2F8C0F307239DF852208DF8F9
:1078B00000008DF80130C0F307409DF851308DF87D
:1078C00002009DF8530043EA022343EA004018F007
:1078D000E2F900990246E06A18F06FF9C0F3072355
:1078E0008DF85100C0F307408DF852308DF85300E9
:1078F00018F0ABF8C0F307238DF80400C0F307407D
:107900008DF8060015988DF8053018F0C4F9019926
:107910000246E06A18F051F9C0F307238DF85400CD
:10792000C0F307408DF855308DF8560018F08DF8EB
:10793000C0F307239DF85A208DF808008DF8093010
:10794000C0F307409DF859308DF80A009DF85B00A0
:1079500043EA022343EA004018F09DF902990246E7
:10796000E06A18F02AF9C0F307238DF85900C0F334
:1079700007408DF85A308DF85B0018F066F8C0F3B8
:1079800007239DF88A208DF80C008DF80D30C0F388
:1079900007409DF889308DF80E009DF88B0043EA72
:1079A000022343EA004018F076F903990246E06AA0
:1079B00018F003F9C0F307238DF88900C0F30740DE
:1079C0008DF88A308DF88B0018F03FF8C0F307234C
:1079D0008DF81000C0F307408DF811308DF81200BB
:1079E000BDF86E309DF8700043EA004018F053F97E
:1079F00004990246E06A18F0E0F8C0F307238DF816
:107A00006E00C0F307408DF86F308DF8700018F0ED
:107A10001CF8C0F307238DF81400C0F307408DF85D
:107A200015308DF81600BDF87A309DF87C0043EAD9
:107A3000004018F030F905990246E06A18F0BDF8E8
:107A4000C0F307238DF87A00C0F307408DF87B3030
:107A50008DF87C0017F0F9FFC0F307239DF8522042
:107A60008DF818008DF81930C0F307409DF851309B
:107A70008DF81A009DF85300069943EA022343EA61
:107A8000004094F82F2018F098F8C0F307238DF8E1
:107A90005100C0F307408DF852308DF8530017F0B5
:107AA000D4FFC0F307238DF81C00C0F307408DF806
:107AB0001D308DF81E0094F82F200799159818F0A6
:107AC0007CF8C0F307238DF85400C0F307408DF80D
:107AD00055308DF8560017F0B8FFC0F307239DF816
:107AE0005A208DF820008DF82130C0F307409DF812
:107AF00059308DF822009DF85B00089943EA022373
:107B000043EA004094F82F2018F057F8C0F30723F9
:107B10008DF85900C0F307408DF85A308DF85B009E
:107B200017F093FF8DF82400C0F30723C0F307403C
:107B30008DF825308DF82600BDF86E309DF8700068
:107B400094F82F20099943EA004018F036F8C0F362
:107B500007238DF86E00C0F307408DF86F308DF865
:107B6000700017F072FFC0F307239DF88A208DF88C
:107B700028008DF82930C0F307409DF889308DF832
:107B80002A009DF88B000A9943EA022343EA004049
:107B900094F82F2018F011F8C0F307238DF889000E
:107BA000C0F307408DF88A308DF88B0017F04DFF39
:107BB0008DF82C00C0F30723C0F307408DF82D305B
:107BC0008DF82E00BDF87A309DF87C0094F82F20B7
:107BD0000B9943EA004017F0F0FF8DF87A00C0F3EC
:107BE0000723C0F307408DF87C008DF87B3094F8B4
:107BF0002F30239A2699503B5343AF2293FBF2F345
:107C0000239394F82F302846503B4B4393FBF2F3D9
:107C100026930AF0EBFA04F114020CA90DF0C0FB54
:107C200028B070BD2DE9F04F624897B00D460AF0BC
:107C3000B6FA012816D1284618F015F90646284646
:107C400018F00DF91B2E04460FD1482200210BF02D
:107C500058FE04460690284618F009F90368A34226
:107C600000DA046017B0BDE8F08F342E34D1036B16
:107C7000002BF7D0C36A002BF4D0284618F0F7F891
:107C80000023276B1A4619466FF06046BB4202D1AB
:107C9000C0E90012E6E7E56A05EBC30C55F833507E
:107CA00005F0C04EBEF1005F03D125F0C04EB645D1
:107CB00002D1A942B8BF2946DCF8045005F0C04CF7
:107CC000BCF1005F03D125F0C04CB44502D1AA42FB
:107CD000B8BF2A460133D9E71D2EC3D128460AF082
:107CE00085FA236B0090002BBCD0E36A002BB9D03F
:107CF00002A920460AF062FC2046029D0BF087F89C
:107D0000A5EB00092046039D0BF086F8A5EB0008C3
:107D100006A80DF08DFA06AA002120460AF0F4F814
:107D20000027236B013B9F429CD220460AF088FC2F
:107D3000834620460AF087FCE36A019305465946CC
:107D400053F8370003EBC7061CF013FC48440D90B2
:107D5000706829461CF00DFC4FEAC70A019B0E9083
:107D600006460AF1080003EB000A594618581CF0B1
:107D700000FC48440F902946DAF804001CF0F9FB97
:107D800094F83430DB0747BFAE1B2D1A08EB000513
:107D9000464444BF4644454400980E9606A91095B3
:107DA0000DF060FA9DF855306FF3C30301378DF87D
:107DB0005530B6E7FC9203002DE9F0410C46204611
:107DC00001210AF0E2FB2046002116F024FD94F880
:107DD0006A30414F23F01F03002584F86A300421E4
:107DE00004F15C00A4F8685018F0E8F92046F0F7B8
:107DF00087FB0121E06209F0F5FC2146C4E9135537
:107E000065646565A5643548F0F788FB064609F0AA
:107E100083FD394630460AF07FFB3046012116F0DB
:107E20001EFD3046012116F0F6FC30464FF480412D
:107E300009F0D8FC3046022109F08AFA314626635F
:107E40002748F0F76BFB064609F066FD6FF04042ED
:107E5000394630460AF077FB2946304616F0DBFCFF
:107E600002231A462946304616F0E1FC304602212C
:107E700009F06EFA4FF48041304609F0B3FCA66376
:107E80003046FCF73BFD23460A22064615490AF018
:107E90009CF930464FF4804109F0A4FC2946304655
:107EA00016F0B9FCE6633046FEF75EFB0E491CF0A7
:107EB00080F8A06BFEF7DEFE0121064609F092FC79
:107EC00026646563A565234620460849BDE8F04160
:107ED00023220AF07AB900BF64000020D493030083
:107EE000B09303001B48030047F903000D4603004D
:107EF0002DE9F04F99B0064601911CF0DFFC0546D4
:107F000000285AD01CF0D3F90021024628460BF075
:107F10004CFE022854D003285ED0002128460AF0E7
:107F2000ABFA002130461CF0C2FC804630461CF003
:107F3000C8FC8146404616F06AFB834630460AF08C
:107F400095FB64220746002130460BF0DAFC019BCA
:107F5000029080464FEAD77A4FEADB74D944002B6F
:107F600043D0002841D05C44336BBA446410C4EB66
:107F70006A0403FB194402A8F8F7C4FB294602A8C7
:107F800017F078F8264902A817F076F828460AF084
:107F900031FB2246014602A817F075F8414602A8B7
:107FA00017F06CF81F4902A817F077F802A81E49CD
:107FB00017F06FF802A8F8F7BFFB19B0BDE8F08F13
:107FC00030460AF043FB044628460AF039FB231AE0
:107FD00003EBD3735910A1E730460AF037FB044690
:107FE00028460AF02DFB211A98E730465C441CF025
:107FF000A7FCBA44336B6410C4EB6A0403FB194456
:10800000019B13B1B8F1000FB5D105492846F8F727
:10801000D9FB2146284619B0BDE8F04F0AF043BA13
:10802000AB480300BD4903002FF002002DE9F043E7
:108030000846ABB00C4617F016FF1D2805467CD14C
:10804000204617F00CFF204617F009FF05460CF0FC
:10805000A7F8064614A8F3F75DFE304614AA0021DF
:1080600009F090FE28461CF06CFA002840F0918040
:1080700020460AF0BBF800F11804814694E80F008E
:108080006F460DF1100887E80F0006F11402214633
:10809000404617F06FF8002878D098E80F0084E881
:1080A0000F00304608A91CF014FC6B690C93AB69F7
:1080B0000D930CAEEB690E933246099B0F9321464C
:1080C000304617F057F8B8B194E80F000DF14008AA
:1080D00088E80F0096E80F0084E80F0028461CF09F
:1080E000E6F805F114021B9014A948460DF075F846
:1080F00098E80F0084E80F006B690C930B9B0D93BD
:10810000EB690E9332462B6A0F932146304617F0E7
:1081100031F868B196E80F0084E80F0028461CF09B
:10812000C6F805F114021B9014A948460DF055F845
:1081300097E80F0084E80F0028E0194821460AF06C
:108140002EF8012822D1204617F089FE1B2D064665
:1081500009D0312D1AD10CF023F800212BB0BDE845
:10816000F043FFF7C5BE204617F081FE05463046B6
:108170000CF016F81CF04EFD044630460AF060FA8A
:108180002B68241AA342ACBF2B602C602BB0BDE837
:10819000F0839DF89F3043F008038DF89F3067E728
:1081A000CC95030038B591F83C300C466FF30103D1
:1081B000002581F83C30C1E90B554D632046102164
:1081C00009F0C6F820464FF4007109F0C1F82146C5
:1081D0000548F0F7A3F909F09FFB2A46204603491A
:1081E000BDE838401CF03DBDCC950300F3FD030015
:1081F0002DE9F04FBA4885B00E4609F0D0FF0128AE
:1082000011D1304617F02FFE0546304617F027FEF5
:10821000342D04460AD1304617F029FE0546204683
:108220001CF0F8FC286005B0BDE8F08F202D47D881
:10823000002DF8D0013D1F2DF5D801A353F825F0EE
:10824000EF820100118301005583010027820100A4
:108250002782010027820100278201002782010076
:108260002782010027820100558301002782010037
:108270002782010027820100278201002782010056
:10828000ED84010037850100A5840100D984010037
:108290002782010027820100278201002782010036
:1082A00027820100278201005F85010027820100EB
:1082B0006D85010027820100278201006D85010084
:1082C000312D0ED0322DAED11CF0F8FA18B10022AB
:1082D0002946F0F77FF920460AF0FBF900212046F5
:1082E00000E0002105B0BDE8F04FFFF701BEC36A12
:1082F000012B98D990F83C306FF3820380F83C3022
:108300001CF0DCFA774905B0BDE8F04FF8F75ABA2F
:10831000C36A012B87D9F6F743FA02A916F0C0F910
:1083200002A920461CF028FC039B002B3FF47BAFE6
:1083300020461CF0C3FA05460AF07AF90399014475
:1083400028460AF0B0F894F83C3043F0040384F86F
:108350003C3068E7C36A012B7FF665AF1CF0AEFACC
:10836000064600283FF45FAFF6F71AFA804616F08B
:1083700066F904280DD1236B6363204609F04EF89B
:10838000054608F019FD40B10021284608F0F4FC2C
:1083900003E0022801D1236B6363404616F04FF9D6
:1083A000012802AF37D194F83C5015F004053FD0B6
:1083B000002120461CF07BFA054620461CF081FA7D
:1083C0008146284616F023F9A569236A8144D8E935
:1083D00018015B1B87E8030003EBD3733946204683
:1083E00005EB63051CF0C8FB98F82510039B0022E1
:1083F000C1F164016420002B4FD1B3691A44E36AD0
:10840000AD1A95FBF9F525EAE5759D42A8BF03F184
:10841000FF352DB229E0404616F011F90328C2D0ED
:10842000236B02933A4623212046F0F7D3F8FAE66D
:108430004046394616F00DF9B269039BDFF8A8B043
:108440009B1A03937269029B39469B1A304601229C
:108450000293FEF7D3FC804630461BF028FFAA4665
:1084600006460195A946D04507D1002DD8DB01224B
:10847000294620461CF07CFCD2E7DBF8003001A93D
:10848000304698470A2803D1C8451CBF6B1C1DB253
:10849000DDF804900AF1010AE5E71A444B4393FB27
:1084A000F0F3A8E708F0BAFF0546F6F779F916F0F9
:1084B000C6F804280DD1284608F07EFC226B08B1CE
:1084C0006263B0E6636B9A423FF4ADAE2363012171
:1084D00005E7236B6363A6E6D0E90C23F3E700BF4F
:1084E000F0950300AB480300088E0300C36A012B1C
:1084F0007FF699AE304609F081FEA0F11203012B00
:1085000008D8216BE36A01319942BFF48CAE656BE8
:1085100001220BE0142802D011287FF484AE216BD5
:1085200000293FF480AE656B0122013920461CF022
:108530001FFC656377E6C36A012B7FF674AE304695
:1085400009F068FED4E90B13013918448142A8BF31
:10855000014621EAE17199423FF465AED7E71CF08C
:10856000ADF905B0BDE8F04F09F0F1BD304605B0FA
:10857000BDE8F04F1CF02ABA10B50C4604F12C00EF
:10858000382117F01BFE012384F83C3064220023BD
:10859000C4E910320B4AA26494F84C20236663F3BA
:1085A000000284F84C204FF487718722C4E914122A
:1085B000C4E91633A36320461021BDE8104008F03B
:1085C000C7BE00BF0B8002402DE9F04F0446FDB04E
:1085D0000846069109F00AFEB4F848300390C3F348
:1085E0000E03012B39D94BA8F3F794FB4BAA4FF498
:1085F0000031204609F0C6FB1BA80CF019FE1BAA8F
:108600004FF40031204609F07FFC94F83C30102BE9
:1086100001D0082B05D19DF8A9306FF345138DF8D3
:10862000A9302BA80CF004FE2BAA4FF4A021204661
:1086300009F06AFC3BA80CF0FBFD3BAA0021204698
:1086400009F062FCB4F848304FF00008C3F30E03A1
:1086500004934646049B9E4202DB7DB0BDE8F08F4A
:10866000A36CC3F3CE33B6FBF3F203FB1263002B10
:1086700040F0938008F101084FF00109636C049AFF
:108680000093236C013A0021304617F087FF04F174
:108690002C0ACDE94D600746504617F03AFE0546D4
:1086A000002842D0EB68BB4200F3C2802B69BB427A
:1086B000C0F2BE80B9F1000F00F0B580D5F804A07B
:1086C000BAF1000F00F0898016AA5821504618F020
:1086D000CFF9012864D1169BADF85C311B0C16AAAA
:1086E000592150468DF85E3118F0C2F9012863D146
:1086F0009DF858008DF8780116AA5B21504618F0B5
:10870000B7F9012861D116985B9016AA5A215046F4
:1087100018F0AEF901287ED1169854906A684FF48B
:1087200000331BA920461CF0A0FC0CAD0AAB31465F
:1087300000954A4620461CF0F1FE94F84B3059064D
:1087400040F1AB81B9F1000F00F0AB81069809F060
:108750004DFD0DF1580A4FF0000B10228146CAF86A
:1087600000B0594617A81EF0C5FFA26B002A00F002
:10877000B780A16D1FFA88F38B4270DC03F1804350
:10878000013B52F82330002B69D052939DF87C3185
:108790006BF386138DF87C3163E04FF000096DE7D1
:1087A00058224FF4003120460BF0ABF86190C0F333
:1087B0000743ADF85C0192E759224FF4003120469F
:1087C0000BF09FF86190C0B294E75B224FF4003148
:1087D00020460BF096F8619096E758224FF400314E
:1087E00020460BF08EF85922C0F307436190ADF894
:1087F0005C014FF4003120468DF85E310BF081F8BA
:108800005B2261908DF878014FF4003120460BF027
:1088100078F861905B905A224FF4003120460BF0BB
:1088200070F8619079E7AA684FF4A0232BA979E743
:108830004BAA20464FF4003109F0A4FA1BAA2046A7
:108840004FF4003109F060FB20462BAA4FF4A02121
:1088500009F05AFB2946504617F062FD1FE7002336
:1088600052936A224FF4003120460BF04AF86B22F3
:1088700061904FF40031834620460BF042F86E229F
:10888000619082464FF4003120460BF03AF894F89C
:108890003C306190022B074600F0A580082B2ED0BB
:1088A0002BD8012B40F29F80042B00F09C8008AD58
:1088B0000AA9284616F0BAFF95E8030022AB83E820
:1088C00003000CA9284616F0B1FF95E8030024AB7D
:1088D00083E803001BA903980CF0C4FC0136B9E639
:1088E0003B467A4A14215046F8F718FE9DF87C3131
:1088F000CDF848A143F040034CE7102BD7D17522A7
:108900004FF4003120460AF0FCFF0E2207906190E0
:108910004FF4003120460AF0F4FF61A900F10F0383
:1089200061902046059309F0B1FE61A816F06FFF33
:10893000054661A816F070FF00EBD070431005EB00
:10894000D575B3EB650F61A840F3848016F05FFF27
:10895000619A00EBD07045102A440E92629A2A4424
:108960000F924FF40031032220460AF0CAFF216D16
:10897000B4F84820079B12904FF00A0C7143C2F3E1
:108980000E02013A0CFB01F1B1FBF2F1626D0CFB3E
:1089900003110CFB021194F83C20082A0EAB5CD1A9
:1089A000281A5B9A059D1544401B0E9A5A440244AE
:1089B00010920F9A52441192FA02C7F3120502D58F
:1089C00038030D4457D40022CDE900324FF48073B0
:1089D0001A4610A816F00DFF12AB10AA4BA920469C
:1089E0001CF0A5FA0DE02B685B4461936B6853445F
:1089F000629361AA12AB4BA920461CF098FAC7F308
:108A00001205002D12AA43DD102148460CF011FA80
:108A100012AA4BA907460CF0E0FB12A816F0F7FECD
:108A2000834612A816F0F8FE0BEBDB7B824661A8AA
:108A3000F3F7E2F80AEBDA7A4FEA6B03719312AAC2
:108A40004FEA6A0361A9484668976C9572930CF0E7
:108A500089FA2CE716F0E0FE7AE7102A01BF5B9A4C
:108A6000DDF814C09444624606BF2D18501900204A
:108A70009BE7A5F56165B5F5616FFADC6FF461728E
:108A8000A81840F2DA52904298BF05F5E1659AE7DE
:108A90004BA948460CF0A1FB09E7B9F1000F7FF4A0
:108AA00006AF08AF0AA9384616F0C0FE97E80300E3
:108AB00032AB83E803002946384616F0B7FE97E844
:108AC000030034AB83E803002BA904E7F0010400A2
:108AD00070B51F480D4609F062FB012826D12846D3
:108AE00017F0C1F90646284617F0B9F91D2E0446BD
:108AF00016D190F94B30002B18DB1CF068F920469A
:108B00001CF077FE94F84C30DB07294620460ED542
:108B10001CF005FB29462046BDE87040FFF754BD18
:108B2000202E0CD190F94B30002BE6DB70BDFFF707
:108B30004BFD29462046BDE870401CF0F0BA1B2EC4
:108B4000F4D128466421BDE8704009F06FBB00BF36
:108B5000149603002DE9F04FC54887B00E4609F082
:108B60001EFB012846D1304617F07DF905463046F8
:108B700017F075F904461CF0D4FF162D07463CD1BA
:108B8000304617F074F9A568804605B1AD6AD4F88F
:108B900084300293D4F888300393D4F88C30049353
:108BA000D4F8903005932A46294602A816F0C8FA50
:108BB000D8F80010002202A816F018FB064688F824
:108BC0000400B8B9022F15D1636F0293A36F03930A
:108BD000E36F0493D4F8803005932A46294602A80F
:108BE00016F0AEFAD8F80010324602A816F0FEFAD7
:108BF00088F8040007B0BDE8F08F1D2D40D8102D77
:108C00001ED8013D0A2DF5D80A2DF3D801A353F83B
:108C100025F000BFAF8C0100CD8C0100DB8C010082
:108C2000F58B0100F58B0100F58B0100F58B010040
:108C3000F58B0100F58B0100F58B0100DB8C010049
:108C4000113D0C2DD6D801A353F825F0758E0100E7
:108C5000D98E0100718D0100F58B0100F58B0100AB
:108C6000F58B0100F58B0100F58B0100F58B010000
:108C7000F58B01009D8D0100F58B0100FF8E010039
:108C8000312DB7D120461CF0D7FE00287ED04FF4FE
:108C90000071204608F0A6FD4FF48071204608F0D0
:108CA00057FB204607B0BDE8F04F09F050BA04F179
:108CB0009405F5F775FD294615F0CBFC03222946EE
:108CC000204607B0BDE8F04F09F08CBD01212046D9
:108CD00007B0BDE8F04F1CF02EBF002120461CF06D
:108CE0002AFF94F8A03000266FF3000384F8A03028
:108CF0002046C4F89C6009F07EFE204608F08EFBFA
:108D0000054608F059F80746F5F74AFD15F097FCB7
:108D100004281BD1002F3FF46DAF20461CF001FF4B
:108D200002280CD194F8A030980704D443F0020331
:108D300084F8A0305EE766F3410384F8A030314642
:108D4000284607B0BDE8F04F08F016B801287FF4B8
:108D500051AF20461CF070FE38B14FF40071204630
:108D600007B0BDE8F04F08F03DBD4FF48071F6E765
:108D7000F5F716FD15F063FC042802D002287FF4F5
:108D800039AF94F8A0306FF34103D1E74FF480710D
:108D9000204608F027FD4FF400717FE712224FF4C0
:108DA000403120460AF0ADFD132202904FF44031CD
:108DB000824620460AF0A5FD102202904FF4403171
:108DC000074620460AF09DFD112202904FF44031E3
:108DD000814620460AF095FD682202904FF440310A
:108DE000804620460AF08DFD692205464FF4403149
:108DF000029020460AF085FDCDE90100204609F0E9
:108E00001FFC4FEA450B00EB4505204609F01BFC13
:108E1000019A00EB420085424FEA42031FDA2046E6
:108E200009F00EFC83444FEA6B035745B8BF574621
:108E30004F45B8BF4F464745ACBFDB1943444FF4DD
:108E4000403120469D1C09F016F90544304617F0C4
:108E50000EF80368AB42ACBF03600560CAE620466B
:108E6000019309F0F0FB019B03445B10DDE700BFB9
:108E700038960300304609F0C1F920F00203112BA7
:108E800013D194F8A0309907204633D419F058F93B
:108E900001228118204619F0EBF8002223212046F8
:108EA00007B0BDE8F04FEFF795BB142802D01228A9
:108EB0007FF4A0AE94F8A0309A07204604D419F0AD
:108EC0003FF90122411EE5E719F040F90122411E58
:108ED000204619F016F9E0E7304609F09BF994F8BE
:108EE000A0309B070546204604D419F029F9012239
:108EF0002918CFE719F02AF901228118E8E730464E
:108F000007B0BDE8F04F1CF080BF00BF08B540F2CD
:108F10000470F8F725FB024BC3F8C00108BD00BF81
:108F2000889E00202DE9F04304468BB000260E22D7
:108F3000314606A805961EF0DDFBE26F636FB24274
:108F400041DAB342B4BF2D222B228DF814200DF14B
:108F50001505002B01AF2F4AB8BF5B420E213846E2
:108F6000F8F7DCFA384618F050FC94F8849009F0D1
:108F70000F09B9EB0002C84628D194F884200F2AC3
:108F800001D94FEA121838460023984502DD10F83F
:108F9000011B51BB0F2A2CD805A9204601F01CFA51
:108FA00094F88410D4F8803001F00F010A22092BC4
:108FB0002BDC414588BF0131891B204600F0C4FFEE
:108FC0000BB0BDE8F083012605ADC2E73B180028D1
:108FD00006DA22EAE272302138461EF08BFBCCE73B
:108FE000197899540138013BF1E705F8011B013369
:108FF000CBE72E2205F8012B9945CDDDFA5C002A3E
:10900000CAD005F8012B0133F6E7013993FBF2F3DF
:10901000CDE700BFF001040038B5114B0022C1E9D3
:109020001D23104B0125C1E91F35B1F8843023F40D
:10903000FF6323F0070343F480630C4643F005030A
:10904000A1F88430204629461DF087FB204629469A
:109050001DF07CFB2046BDE83840FFF763BF00BF32
:109060009F8601006179FEFF70B556480D4609F0F4
:1090700096F8012840F0A580284616F0F4FE064632
:10908000284616F0ECFE0B2E044676D1F5F788FB49
:1090900015F0D5FA042834D1204608F0BFF907F0BE
:1090A0008BFE70B394F8842002F00F02012A40F284
:1090B000888094F88530D4F8805003F00603042BA0
:1090C00012D1012D04DD2046BDE870401CF042BFE6
:1090D000023A0A20002117F049FAC4F8800020461D
:1090E000BDE870401CF042BF013A0A20002117F091
:1090F0003DFAEB1785428B41F1DB0A23C4F880303F
:10910000E1E720461DF05FFB054618F07EFBE36CAF
:10911000EA5C2E2A20D120461DF0E0FBE26C94F898
:109120008430B2EB131F03D90F2B88BF02F1FF323B
:1091300003F00F03013B9B1AE26F002AB8BF013313
:10914000012200210A20994214D1C4F8802020462F
:10915000BDE87040FFF7E6BE984204D1411E2046AC
:1091600000F0F2FEDAE7002BD8D1E36F002BD5DA5E
:109170000121F4E742430131E5E7112E21D1F5F752
:109180000FFB15F05CFA0646284616F070FE0168E3
:109190001329204605D1042E96D1BDE870401CF05D
:1091A000F7BE142905D1042E9AD1BDE870401CF0F9
:1091B0000FBF1129F1D01229F7D0BDE8704001F09E
:1091C00093B870BD5C96030070B50E4698B0002150
:1091D00015460446F7F7F6FA02A8F7F793FA214680
:1091E00002A815F047FF02A81E4915F045FF02A886
:1091F0004FF0FF3115F059FF314602A815F03EFF40
:1092000005F5B472294602A815F03DFF02A8F7F74C
:1092100093FA02A8144915F03CFF4FF480630093C1
:1092200002A8002340F251224FF4D77115F04AFFF3
:109230004FF4B47202A8002115F025FF0B4902A8D3
:1092400015F01AFF02A8F7F777FA4FF4B472204628
:10925000002118F0B8FE4FF48771204618F0BFFEC9
:1092600018B070BD1360030057F002000F600300D8
:109270002DE9F041534896B00E4608F090FF0128C2
:1092800049D1304616F0EFFD0446304616F0E7FDB2
:109290001B2C054648D112224FF440310AF031FB15
:1092A0001322804600904FF4403128460AF029FBF3
:1092B0001022044600904FF4403128460AF021FB6A
:1092C0001122074600904FF4403128460AF019FB5E
:1092D0004445B8BF4446BC42B8BF3C468442B8BFD0
:1092E00004464FF440310090284608F0C4FE023492
:1092F0000444304616F0BBFD03689C42B8BF1C46D0
:10930000046006464FF40031284608F0B4FE84425B
:1093100004DD3068306016B0BDE8F0814FF40031F4
:10932000284608F0A8FEF5E7232C42D1642200214C
:109330000AF0E7FA0746009098B3284608F06CF860
:10934000EC6A631C00F0010631D1002E08BF4FF417
:1093500080744FEA062618BF002400212846F7F73C
:1093600031FA6846F7F7CEF92946684615F082FECD
:109370001549684615F080FE32462146684615F0CC
:1093800082FE1249684615F088FEA11B0029B8BF6D
:10939000494279436846090A15F070FE6846F7F7B6
:1093A000CBF9284616B0BDE8F04109F024BB3602DF
:1093B000D3E71D2CAFD1304616B0BDE8F0411CF00C
:1093C0005FBE00BFA49603003F600300336003004C
:1093D0002DE9F04FADF5117D054616F040FD044630
:1093E000284608F003FF14AF00F118060546324680
:1093F00004F11401384615F0BDFE002877D096E838
:109400000F000DF1600C8CE80F0097E80F0086E864
:109410000F003022002120460AF073FA0021059047
:10942000749020461CF00CFF112209900021204668
:109430000AF067FA00210E90749020461CF0F2FEAC
:1094400000210A9020461CF0F4FE238DA26A0C93A2
:10945000A54B0B90134043F40023A36258A8F2F7E6
:10946000FBFF58AA4FF4A021204608F0C6FA2CA80A
:10947000F2F750FC4FF4A0212CAA204608F082FC01
:109480000C9B238594F82A30099A6FF3C30384F860
:109490002A30A369204613445E1E09F0BDFC059BDB
:1094A000361A1E441F96204600261C961E9609F06A
:1094B000AEFC27220D90314620460AF022FAC3B2B4
:1094C00074900893B146236B4B450BD9A36B53F8AB
:1094D00029201F9B0133991801391F91F9681D93A9
:1094E0008B4208DD18AB0FCB183585E80F000DF562
:1094F000117DBDE8F08F089B012B0FD10B99E3691B
:109500005B1A0D99013B5B1A05995B1A1C9302EBE0
:10951000D27253100F934FF000084BE00A99636921
:109520000B440D99013B5B1A05990B441E93EEE722
:10953000B3000693636B03EB860253F8263083B1C6
:1095400093F800B0089BE16B012B0CD11C9B013BF5
:109550001E9351F828001B1A01331C9308F1010ACD
:109560001EE09B46EEE71E9B01331C9351F828003A
:109570000344013B1E93F1E752F8043B93B11B787F
:10958000D8070FD5089851F82A3001280BBF1C982E
:109590001E98C01A1B180CBF1C901E930AF1010ADA
:1095A000D445E9D1AAEB08031F9A1E447B689A426E
:1095B00007DAD046D4F82CC0C445B9D809F101095E
:1095C00081E79DF8A9311E98DDF870E0DDF874C0E0
:1095D000CDF880E003F01F015B07CDE92202CDF852
:1095E00084C007910AD563690A990B447345BFBFCC
:1095F000699B03EBD373AEEB63032093079B99073F
:109600000AD5A36909990B446345BFBF699B03EB66
:10961000D373ACEB63032193079B1B070ED5E36960
:109620000B995B1A013B834208DD699B03EBD37CFA
:1096300003F0010303EB6C0303442293079BD90758
:109640000ED5236A0E995B1A013B9A4208DA699B90
:1096500003EBD37103F0010303EB61031344239382
:10966000636C4B4545D1236C434542D1228D02F0BA
:109670006003A3F120014B424B4102F0040002F0D1
:10968000080192074FEA431325D543F0020318BBA4
:1096900031BB238594F82A3043F0080384F82A303C
:1096A00074A8F2F7D9FE42A8F2F734FB74AA4FF47B
:1096B000A021204608F0A1F942AA4FF4A02120469B
:1096C00008F060FB0C9B238594F82A306FF3C303EA
:1096D00084F82A3017E010B143F00403D8E729B129
:1096E00043F00803D5E700BF0000F7FF002B40F070
:1096F0008C80702258A974A817F049FF58222CA911
:1097000042A817F044FF20AA74A92846CDE976980C
:10971000CDE944980BF044FE636B069A9B58002BEE
:109720003FF447AF4FF4A02120461CF07BFD4FF4DF
:10973000A021109020461CF07CFD4FF4A021079042
:1097400020461CF07DFD4FF4A021804611222046CA
:109750000AF0D7F8109B1C9A28901A4424921E9B5A
:10976000079A9B1A26931D9B069A434425931F9B99
:109770001B1A2793636B9B58359A119203F10808C3
:10978000529B109324A8519B07930BF0020B16F0E9
:109790003EF8BBF1000118BF0121079B0093CDE902
:1097A0000101DDE91032414612A817F0C7FCBBF1F8
:1097B000000F0BD10F9B1D9A1A44139B03EBD3731D
:1097C0005B105B42D118D21A259127920DF1A00BA4
:1097D0001CAA3946584615F0CDFC00283FF4E9AEE6
:1097E0009BE80F0005F1180888E80F00069A636BE4
:1097F0009B5842A9083324AA284649930BF0EDFC54
:1098000014AB0FCB88E80F00D3E6202341E700BF5D
:10981000F0B5964885B00E4608F0C1FC012819D174
:10982000304616F020FB0546304616F018FB322D68
:10983000044604D105B0BDE8F0401CF05DBE132D18
:1098400000F084801ED80B2D00F09D8004D8013DCF
:10985000012D3AD905B0F0BD112DFBD1304616F0DF
:1098600006FB0768D4E910014FF6FF73984202D057
:10987000994240F0AF800023C4E9103320461CF029
:1098800003FE62E01D2D00F0EB80342DE2D1304666
:1098900016F0EDFA0022E16A13468B4209D100234B
:1098A000256B1946A9420AD1013A013B0260436087
:1098B000D0E7E56B55F8235001332A44EDE7A66B5A
:1098C00056F8216001313344ECE7F4F769FF14F0F6
:1098D000B6FE00F0FD000128BCD1F4F761FF02A93B
:1098E00014F0B7FE2046029D09F091FA27220544A4
:1098F000002120460AF005F80190C0B201282AD1C3
:1099000000212046E6691CF094FC361A751B0026DF
:10991000E26A3346B24226D12046039D09F07CFA22
:10992000A369054400212046ED1A1CF089FC0023A0
:10993000216B2D1A1A4699421DD1226CB24202D1D6
:10994000626C9A4286D0C4E91063204605B0BDE837
:10995000F04009F050B8636900212046ED1A1CF070
:1099600061FC2D1AD3E7E16B51F826100B44AB4292
:10997000D2DC0136CEE7A06B50F8230002449542BA
:10998000DBDB0133D7E709F036F8F4F709FF14F011
:109990007DFE216C4FF6FF73994202460DD1F4F71C
:1099A000FFFE14F04CFE00F0FD0001287FF452AFE2
:1099B0004FF6FF73C4E910334CE7616C9942EED067
:1099C0000028ECD123212046EEF704FE01287FF485
:1099D00041AFE4E7E66A256BB042B4BF024600221D
:1099E000A942B4BF0B460023142F24D1013A96425A
:1099F0002EDC6A1E9A42C6BF0133002206F1FF32F6
:109A00009D42D4BF05F1FF3323EAE373904202D1B4
:109A100099423FF41FAFC4E91023204608F0EBFF42
:109A200020461CF031FD00222321204605B0BDE870
:109A3000F040EEF7CFBD132F01D10132D7E7112F40
:109A400001D1013BD3E7122F7FF404AF0133CEE7FE
:109A5000002AD5DA13B1721E013BD1E71A46CFE7CF
:109A6000304605B0BDE8F040FFF7B2BCC896030031
:109A70004B1E2DE9F04104460F46072B4ED8DFE878
:109A800003F02A4B4D044D4D4D280121204614F082
:109A9000C2FE20461CF09FFD054620461CF098FDA6
:109AA0003649064608F021FD0121304614F0D7FE64
:109AB0000021284614F0AFFE0021304614F0ABFE22
:109AC0000321304609F06AF90021304609F073F9A4
:109AD0002AE00921DAE70021204614F09CFE204606
:109AE0001CF079FD054620461CF072FD2349064610
:109AF00008F012FD0121304614F0B1FE0121284684
:109B000014F089FE0121304614F085FE0021304614
:109B100009F044F90321D8E70821DDE71CF05BFDDB
:109B2000054620461CF054FD94F8303013F00C0F1D
:109B300014BF0122002217F00C0814BF01230023D8
:109B40009A4212D02046F0F735FAF1F725FA064688
:109B50006420B8F1000F0CD0F6F770FE06EBD67655
:109B600001467210284608F0EEFC84F83070BDE81B
:109B7000F081F6F763FE31460246F3E76400002009
:109B8000164A70B50C46002681F830602046114612
:109B900008F0D9FC2046EEF7B3FC2046EEF7B0FC07
:109BA0003146054614F037FE334632460C49284606
:109BB00008F00BFB3146284609F0CBF8204604217B
:109BC000FFF756FF2846802107F00CFE28464FF489
:109BD0008061BDE8704007F0BBBB00BF640000209F
:109BE000DD65030008B51CF0F6FCBDE8084001493E
:109BF0000AF010BB5C8E03002DE9F3470D460646C4
:109C000091461CF0E5FC044630461CF0E4FC80461E
:109C10003046FFF7E7FFA84298BF00F1FF35304616
:109C2000EFF77AF964B396F8301011F00C012AD0EE
:109C300015220021204609F064FE8246019020464C
:109C400008F004FD002127220746304609F059FE9E
:109C5000C3B2012B574408BF6942019019BF4A465D
:109C600005FB07F14A4679432046EFF72DFD144ADC
:109C7000134F002140460AF0A5FA002498B9F56276
:109C800002B0BDE8F0871422204609F03AFE0746EC
:109C90000190204608F0EAFCC1194A466943204673
:109CA000EFF726FDE3E72B1B5A425A41012101340D
:109CB00007F0A1FB3A46214640460AF083FADDE769
:109CC0005C8E030038B50B480C4608F068FA012892
:109CD0000ED1204616F0C7F80546204616F0BFF80C
:109CE000312D05D1BDE83840C16A0022FFF784BF9D
:109CF00038BD00BFEC96030030B5642297B04FF436
:109D0000C021054609F0FDFD0446009058B91849E8
:109D10002846F6F757FD95F8643043F0010385F8BF
:109D2000643017B030BD6846F6F7ECFC294668464B
:109D300015F0A0F968460E4915F09EF921466846CF
:109D400015F09CF92146684615F0ABF900226846EB
:109D5000012115F098F96846064915F09AF9684608
:109D60004FF0FF3115F0A1F96846F6F7E5FCD8E7AA
:109D7000C166030049F002002DE9F04F89B00446A6
:109D80001CF0C0FC5C2200218046204609F0B9FD91
:109D900004900746E06AD4F84CB01AF088FA674B92
:109DA00059461B6881469847654B1B68009309EB31
:109DB00000030193002106461846009B98478246FF
:109DC000404614F024FCBAF10D0F019000F2B1806E
:109DD00042F2014222FA0AF212F0010F0CBF514680
:109DE00020210022404614F0DFFB594602AA054616
:109DF000E06AFCF74BFFD4F82CB058461AF057FA3B
:109E000000210246584609F0D0FEE36A029A5969D9
:109E10000A44D9692A448A422ADD94F870B01BF0BA
:109E2000080B25D1032823D0019B039ACDF808B055
:109E30001F443A440392BAF1000F7CD0414B09EB26
:109E400006001B68984706445946009B09EB06002C
:109E500098470D28014606D842F20143C34013F04B
:109E6000010F18BF20210022404614F09DFB05463B
:109E7000266630224FF4C021204609F042FD102210
:109E8000824604904FF4C021204609F03AFD112289
:109E9000049000EB0A064FF4C021204609F031FD82
:109EA0001222049000EB0A084FF4C021204609F06A
:109EB00028FD1322049000EB0A074FF4C02120462E
:109EC00009F01FFD039B029A04909E1B9844019B7E
:109ED0009844E36A50445969D71B1044226D0A44E0
:109EE00004929A69636D0544D318A06D0593E36DE0
:109EF00008441A4408F1FF38069004A92046013DA1
:109F0000079208F04DFDC4E91476C4E91658E36AD7
:109F10005A69174404979B6915441E4404A9434495
:109F2000204605960695079308F03AFD09B0BDE86E
:109F3000F08F514655E7202195E700BF008E0300C2
:109F4000088E0300108E0300F7B5C36C8B420446E5
:109F50000E4665D0C06A1AF0AAF9324B1B689847C2
:109F6000002EB8BF3618B042054604DB47F6FF7333
:109F70009E4218BF3546E5642046EEF7CDFF2046E9
:109F80001CF0C0FB294606466A46E06AFCF77EFEE6
:109F9000304614F03CFB05462046019E08F041FF88
:109FA000864204DA019901222046EFF7A1FB204600
:109FB00008F05CFB019B07462046EE1808F031FFD5
:109FC000331ABB4206DD0199C91B012229442046F0
:109FD000EFF78EFB2046009EEFF718FA864204DA70
:109FE000009901222046EFF76FFB204608F02EFB78
:109FF000009B07462046EE18EFF708FA331ABB42DB
:10A0000006DD0099C91B012229442046EFF75CFBBD
:10A01000009BA3642046FFF76FFE2046FFF7ACFECF
:10A0200003B0F0BDF88D030070B540F2DC534B6413
:10A030000123CB6491F8643023F0030343F003035E
:10A0400081F8643091F87030002523F00E0381F818
:10A050007030C1E90D55C1E90F55C1E90B558D644B
:10A0600008460C46FCF706FE0646E0626420F6F75A
:10A07000E5FB0146304608F038FAE06A0D491AF06F
:10A0800018F92B462A460C49E06A08F09EF820464B
:10A090004FF4806107F0A6FB20464FF4006107F003
:10A0A00057F920462946FFF74FFF2046BDE870408C
:10A0B000FFF722BE58B103001567030010B5846B8B
:10A0C00086B064B91CF01EFB234642F222026946A8
:10A0D00014F020FA034C044B002808BF1C4620460D
:10A0E00006B010BD66FE0300F7C203002DE9F84F6D
:10A0F00090F870305B07044635D5C06A1AF0D7F87F
:10A100001A4B1B689847064668B32046FFF7D6FFF0
:10A11000814617F07AFB00FB06FA07460AF10100B8
:10A12000F7F71EFA4FF000080546834658463A46B0
:10A13000494608F1010817F02AFA4645BB44F5D113
:10A14000002305F80A302946E06A1AF0B2F82846DA
:10A15000F7F720FA20460649F6F734FB2046BDE81B
:10A16000F84FFFF709BEBDE8F88F00BFF88D030078
:10A170009566030010B5436C96B0044623B916B03B
:10A18000BDE81040FFF7B2BF6846F6F7BBFA2146BC
:10A19000684614F06FFF68460C4914F06DFF616C5F
:10A1A000684614F06BFF01226846002114F06BFF33
:10A1B0006846074914F06DFF0649684614F06DFFC4
:10A1C0006846F6F7B9FA16B010BD00BF95660300F1
:10A1D00049F00200DD670300F7B590F870305A07C8
:10A1E00004460D4601D5FFF781FFE36B0BB9236CE5
:10A1F0009BB100232A4E2B4F0193019BEB5C0BB9C3
:10A2000003B0F0BD01A93368284698473B689847DA
:10A210000146204600F068F8EFE72946204600F0A6
:10A2200045F80128ECD1D4E90B0333B11AF03FF81B
:10A23000037813B9204608F0DEFBE16CE06A2A4699
:10A24000FDF7D8FA20461CF0D1FA94F870305B077D
:10A2500015D5606B17F0D9FA0646284617F0D5FADF
:10A2600031180131606BF7F79FF960630028C7D0A0
:10A27000E16C2A4616F0CBFE2046FFF77BFF0A4B27
:10A28000E66C1B682846984781192046FFF75CFE5C
:10A2900000222321204603B0BDE8F040EEF79AB932
:10A2A000088E03000C8E0300F88D030070B50D4E70
:10A2B00000230A460C46242105463360EEF78AF94E
:10A2C000306808B9012070BD037843B1214617F00A
:10A2D000BBFA0028F6D031682846FFF77DFF002042
:10A2E000F1E700BF50A000207FB590F87030044621
:10A2F000180703D50A2926D00D2924D002910091F0
:10A30000002502A920460395FFF7D0FF01281AD1A6
:10A310002F4B29461E686846B047236C054643B15B
:10A3200020461CF050FA2B4B1B689847236C984230
:10A3300009D2E36B6BB11B785BB100230193E06B37
:10A34000019BC35C0BB904B070BD01A9B047854245
:10A35000F5D194F870305A0702D52046FFF7C6FEB3
:10A36000D4E90B0333B119F0A2FF037813B92046E7
:10A3700008F041FBE16CE06A02AAFDF73BFA2046D7
:10A380001CF034FA94F870305B0715D5606B17F049
:10A390003CFA054602A817F038FA29180131606B1B
:10A3A000F7F702F960630028CDD0E16C02AA16F03D
:10A3B0002EFE2046FFF7DEFEE16C20460131FFF75E
:10A3C000C3FD002223212046EEF704F9BBE700BFBE
:10A3D000088E0300F88D0300F7B504460D461CF007
:10A3E00005FAE36B13B9236C002B44D02849E06ACB
:10A3F000284E294F19F05DFF47F6FF712046FFF701
:10A40000A3FD94F8703013F0040F18BF626B4FF087
:10A41000000318BF13700193019BEB5C03BB236B1C
:10A420003BB1E06A19F043FF037813B9204608F006
:10A43000E2FA94F870305B070AD5606BF7F7AAF878
:10A44000284617F00CFA6063F8B12046FFF74EFE7D
:10A4500000222321204603B0BDE8F040EEF7BAB851
:10A4600001A93368284698473B689847014620462B
:10A47000FFF73AFFD0E7E06A294619F01AFF47F6DE
:10A48000FF712046FFF760FDC9E703B0F0BD00BFD4
:10A4900058B10300088E03000C8E03002DE9F0472D
:10A4A000AF48BAB00D4607F07AFE012840F0AF8001
:10A4B000284615F0D8FC0646284615F0D0FC132E89
:10A4C000044604D13AB0BDE8F047FFF715BC1D2E95
:10A4D00000F0BC8100F29E80112E00F0218100F27C
:10A4E0009680032E00F29080002E00F09080F4F70A
:10A4F00057F90646002800F08A80284615F0AFFC80
:10A5000090F864309F07044640F18180304614F093
:10A5100096F802287BD0304614F091F8042876D0C3
:10A52000E06A1EA908F04AF802A9304614F091F832
:10A5300004A9304614F0B4F8029A002A67DB039BA2
:10A54000002B64DB1E99521A08921F9A28469B1A08
:10A55000099315F088FC0646E06A08F071F8089B3C
:10A56000E56A002BC0F23C81984240F33C81012215
:10A5700008A92846FCF742FC08A90746E06A19F03A
:10A580000FFF80F00103DBB294F87020900702F017
:10A59000010140F14081002940F02981002B40F069
:10A5A0003D81012E33D14FF6FF7342F00102A766C1
:10A5B000E36684F870204FF44071204606F0C8FE30
:10A5C00039462046FFF7C0FC94F87030D9071ED5F5
:10A5D000D4E91A329342696C40F224818A4202D152
:10A5E000A96C8B4205D06A64A36EAB64204608F068
:10A5F00002FA26F00806032E09D194F870306FF3A2
:10A60000000384F8703002E00B2E3FF470AF3AB0D4
:10A61000BDE8F087202EFAD1284615F020FC04462C
:10A62000284607F0E3FD0646E06A19F040FE94F87C
:10A630006430DB078046EAD51EA8F1F70DFF1EAA9D
:10A640004FF4C021204607F0D8F9E06A236D426933
:10A65000E56D1344D4E91517049383693A4419440A
:10A6600005912B4406921EA904AA304607930AF0CE
:10A6700097FE30224FF4C021204609F042F9122201
:10A68000074608904FF4C021204609F03AF91022FD
:10A6900000EB07094FF4C0210890204609F031F97A
:10A6A0004FF0000ACDE902AA0890236E08EB0305DB
:10A6B0002C4B07441B68284698470DF108080246B2
:10A6C0002946404616F063FF049B4B440493059BC8
:10A6D0003B44059358225146E06A09F012F9C0F351
:10A6E00007430890ADF8040008A88DF80630F1F78C
:10A6F00011FB08AA4FF4C021204607F043FB9DF848
:10A700009830022B40F20D819DF87030CDF83C80DE
:10A7100043F040038DF8703004AA08A93046FDE0EC
:10A72000284615F0A4FB0168132905D120463AB04C
:10A73000BDE8F0471CF0CEB8142915D8012915D969
:10A740008B1E122B12D8DFE803F0353C11111111CA
:10A7500029113F1111111111111D2311170000BFF3
:10A7600010970300108E03007F291DD020463AB0B9
:10A77000BDE8F047FFF7B8BD20463AB0BDE8F04766
:10A780001CF0ACB820463AB0BDE8F0471CF0D8B891
:10A7900020463AB0BDE8F0471CF0A6B820463AB0D3
:10A7A000BDE8F0471CF03EB820463AB0BDE8F0479F
:10A7B0001CF081B8002120463AB0BDE8F047FFF711
:10A7C000C3BB47F6FF71F6E794F870301B07CDD591
:10A7D0000022262120463AB0BDE8F047EDF7FABE48
:10A7E00001230027D0E6012347F6FF77CCE6022EAF
:10A7F0000FD0032E02D00B2E7FF4E2AE20464FF492
:10A80000407106F0EFFF94F87030D8077FF5FFAE87
:10A81000D6E6E766D4E600297FF4D2AE012E7FF4B7
:10A82000F6AECDE608D28B4203D1A96C8A423FF442
:10A83000E0AE6B64E36ED8E64FF6FF73994203D146
:10A84000AA6C9A423FF4D5AE6B64CEE6284615F06A
:10A8500006FB0446284607F0C9FC0746E06A19F0E3
:10A8600026FD0378002B7FF4D2AE236B002B3FF440
:10A87000CEAE1B78002B3FF4CAAE1EA8F1F74AFA01
:10A880001EAA4FF40021204607F07CFA94F870309D
:10A890001A0748BF9DF8C7304FF0120248BF43F077
:10A8A00001034FF00001204648BF8DF8C73009F082
:10A8B00028F81322054608900021204609F021F8C7
:10A8C0001022814608900021204609F01AF8112232
:10A8D000064608900021204609F013F830228046F1
:10A8E00008900021204609F00CF808900346D4E9AE
:10A8F0000602216AD4F814C01D4499441E444344FE
:10A90000C91AA2EB0902064465440A920B91089504
:10A910000996236B259308AA1EA938460AF05DFC08
:10A9200075E60199149815F054F800283FF4ECAE40
:10A930006DE600BF0D4A10B50C462046114607F0E3
:10A9400002FE00231A460A49204607F03EFC204634
:10A95000802106F047FF2046032108F01FFA204619
:10A960000321BDE8104008F026BA00BF64000020B3
:10A970008F69030010B5054A0C462046114607F0C2
:10A98000E2FD2046BDE81040EEF7C6BA64000020A4
:10A9900070B508460C4609F003FC064607F050FE69
:10A9A0000546304607F04FFE29460246204607F08E
:10A9B000CAFD0121204613F02EFF2046EDF7A0FD31
:10A9C00005462046EFF7F6FAF0F7E6FA0F4E00EBF1
:10A9D000D07042103146284607F0B5FD28460021C8
:10A9E00013F019FF02231A460021284613F01FFF17
:10A9F0002046EDF785FD0121044613F030FF314676
:10AA00002046BDE8704007F070BD00BF6400002024
:10AA100037B51B4D28461CF0CDFA40B3194CF5F75D
:10AA20001DFC1948F9F744F9AB682146284641F85E
:10AA3000045BDB69154D9847E188A088F0F796F92B
:10AA40002860B8B12146F0F747FB286800F022F8EB
:10AA5000024690B900900E4928684BF6803309F001
:10AA60001DFF1CF0B1F800EAE07003B030BD6FF0DC
:10AA70001200FAE76FF00B00F7E76FF08500F4E7DC
:10AA8000B8790300D45B01203F6A0300EC5B01202E
:10AA900054A0002010B50446F0F728FB037C082BD7
:10AAA00009D863B1013B072B09D8DFE803F0253152
:10AAB000083108080815102B24D0202B22D00021A3
:10AAC0002046F0F787FA204623463522002109F078
:10AAD00042FF6FF085000EE010212046F0F7BEFA2D
:10AAE00011492046F0F776FA234635220021184610
:10AAF00009F031FF002010BD0F212046F0F7AEFA1B
:10AB00000A49EEE712212046F0F7A8FA0849E8E7DB
:10AB100007212046F0F7A2FA06492046F0F75AFA34
:10AB2000054923463522E2E7876B0300256B0300C6
:10AB3000E36A03003DAB0100956A03002DE9F04F85
:10AB40008C680B680134E41ACB6890464A6891B06F
:10AB500001339B1A0E461FFA83FB0690F0F7C6FAE4
:10AB6000C368076803F0040305460698039309F0D9
:10AB7000E8FE5C4B297CD3F800905B4B02901B688D
:10AB80000593043918BF4FF0FF31C9B21A46484641
:10AB90001CF0B0FD4FF0000CA4B208F10808E64626
:10ABA00061468B4555D94FEADE030793CB0804FB7A
:10ABB0000393099301F007030A93CB430CF1FF3091
:10ABC00003F00703002208900B932FE00EEB020323
:10ABD0000898DB08801A18F8033000F007000341DA
:10ABE000DB0722D5EB68D80703F0020A25D5099BBD
:10ABF000BAF1000F03EB0200DDE90A3A18BF534631
:10AC000090F800A0CDF810A04FF0010A0AFA03F363
:10AC10005FFA83FA2B7C042B049B0BBF43EA0A03E5
:10AC200023EA0A0A037080F800A001329442CDD8CA
:10AC30000131A644ACEB040CB3E7079B03EBD20055
:10AC40004844D3B2BAF1000F00D0DB4303F007034E
:10AC5000D6E7059A494640461CF024FD039B53B1B4
:10AC60002B7D43B9029B33B9BB681B680BB13846D7
:10AC7000984701232B750BFB04F3DB080D93029B14
:10AC8000ADF83C4083F001038DF83E30BB68CDF851
:10AC90000080ADF83840B2889C683188ADF83AB091
:10ACA0000DAB3846A047EB681B0708D5BB68CDF84D
:10ACB00000809C68B28831880DAB3846A047039B62
:10ACC00053B1029B43B12B7D33B1BB685B680BB1C1
:10ACD0003846984700232B75069809F02FFE11B0CF
:10ACE000BDE8F08FF45B0120F05B012010B5014658
:10ACF000EFF31184202383F31288BFF36F8F04488E
:10AD000002F07FFF84F31188BFF36F8F10BD00BF87
:10AD1000F85B012010B50B46EFF31184202282F37B
:10AD20001288BFF36F8F00220146044803F014F825
:10AD300084F31188BFF36F8F10BD00BFF85B012053
:10AD400010B50146EFF31184202383F31288BFF37B
:10AD50006F8F044802F043FF84F31188BFF36F8FB5
:10AD600010BD00BFF85B0120024903484FF40042C8
:10AD700003F094B870110020F85B012008B5124B65
:10AD8000A822002118461CF0B5FC032202610F49DD
:10AD900042610F4A8161C2614FF480620262002207
:10ADA00082624262C26201660A494166102181667E
:10ADB000094902670346C266426711F8010D9854BB
:10ADC0000132102AF9D108BD1004002085FE0300CD
:10ADD00010000020000000209EFE03002DE9F84F27
:10ADE000DFF87C80182606FB008E00FB06664644D2
:10ADF000DEF82440DEF828C07368A445074689467B
:10AE0000154603EB040022D8DEF820B0ABEB040AB1
:10AE10000AF1FF339A4203D81CF044FC2C440FE0A3
:10AE200063449A4219D852462C441CF03BFCB4EBC4
:10AE30000B0405D07068224609EB0A011CF032FCB5
:10AE4000182303FB078301205C62BDE8F88F0CF137
:10AE5000FF3CACEB040C9445DED20020F5E700BFCC
:10AE600010040020034B182202FB00339A6A586A30
:10AE7000801A70471004002010B4084A08490023C3
:10AE8000C85C12F8014D844204D10133102BF7D174
:10AE900010BC704710BCFFF771BF00BF9EFE0300DF
:10AEA0001004002070B586B005468DF807101830E4
:10AEB00001211BF0BCFE041E0BDA134803685A077D
:10AEC00004D0124A2346012103F04CFD204606B06F
:10AED00070BD0DF1070329460126029302ABCDE9AF
:10AEE000043651F8040B0396836804AA1C680023F7
:10AEF000A047041E06DA044803685B07E6D0044A4C
:10AF00002346E0E70024E1E7500800209FFE03000D
:10AF1000B8FE030070B586B005468DF807101830EE
:10AF200000211BF084FE041E0BDA134803685A0745
:10AF300004D0124A2346012103F014FD204606B036
:10AF400070BD0DF1070329460126029302ABCDE93E
:10AF5000043651F8040B0396836804AA1C68002386
:10AF6000A047041E06DA044803685B07E6D0044ADB
:10AF70002346E0E70024E1E7500800209FFE03009D
:10AF8000D2FE030073B50469617800296BD163793F
:10AF90004568B3B105F1200630461BF048FE1BF0B2
:10AFA0005CFE012130461BF042FE1BF056FE2F488E
:10AFB000036803F00703022B03D92D4A03211BF07A
:10AFC0004AFE1BF04AFE12212846FFF7A3FF002885
:10AFD0004ADB1BF042FE01212846FFF79BFF0028B9
:10AFE00042DB2B212846FFF75DFF00283CDB0121D7
:10AFF0002846FFF757FF002836DB00212846FFF7D9
:10B0000051FF002830DB3C212846FFF783FF002852
:10B010002ADB01212846FFF745FF002824DB182101
:10B020002846FFF777FF00281EDB80212846FFF720
:10B0300039FF002818DB6A8E2B8E00920022114601
:10B0400028461BF027FE00280EDB0123074863700B
:10B0500000236371036803F00703022B03D9054A39
:10B0600003211BF0F8FD002002B070BD5008002045
:10B07000EFFE030008FF03002DE9F04F87B00746FD
:10B080009DF84C0004909DF850000590CDE9021207
:10B090005842BDF94420BDF94010BDF94850B7F8F9
:10B0A00030E000F007001FFA83F903F0070358BFF0
:10B0B000434212F1070848BF02F10E089BB2A9EB08
:10B0C000030CC8F3CF080FFA8CFC4FEAC80006B295
:10B0D0002CEAEC740CFA80F0B7F930C0A3EB09034A
:10B0E00060459BB2B7F932C0788EA8BF9E441FFA64
:10B0F00081FA21EAE1722944A8BF0FFA8EF6614570
:10B10000A1B213FA84F4A4B2A8BFA0EB0A00A6EB84
:10B1100004061FFA82FBACBF00B22846B3B2AAEB0A
:10B120000B0936B28144002E1FFA89F00FFA89F913
:10B1300002DDB9F1000F0DDC2C48036813F0060F97
:10B1400003D02B4A02211BF086FD6FF0150007B0DB
:10B15000BDE8F08F00905A4638461BF09BFD002852
:10B16000F5DB02993846FFF7D5FE0028EFDB24B265
:10B17000002CABEB0A0212B2B8BF0734013DC4F396
:10B18000CF04AD1A12FB08F215FB08451444F61063
:10B19000ADB2A4B24FF0000B4FF0000A11E0059BD6
:10B1A00003B305EB0A031BB2039AD15C049B0BB1FA
:10B1B000C943C9B23846FFF775FE00280AF1010AF3
:10B1C000C5DB0FFA8AF39E42E9DC0BF1010B0FFAA3
:10B1D0008BF3A5EB080544444B45ADB2A4B2DBDBD1
:10B1E0000020B4E704EB0A03DDE700BF50080020AD
:10B1F00029FF03002DE9F0430546D0F8109087B0F1
:10B20000174698460E46A9B399F80130CBB199F884
:10B210000230F3B99DF8443004939DF84030039315
:10B22000BDF93C300293BDF93830CDE90083324698
:10B2300068683B462421FFF71FFF041E11DB002432
:10B2400003E0FFF79FFE041EE1DA204607B0BDE8E9
:10B25000F083FF22242128461BF0B4FD041ED9DA16
:10B26000F3E7064803685B07EFD0054A01211BF0AE
:10B27000F2FCEAE76FF01504E7E700BF5008002092
:10B2800042FF03002DE9F04F89B016461F46BDF975
:10B290004880BDF94C909DF850A09DF854B00369CA
:10B2A00005460A4649B15B786BB91C4803685907E3
:10B2B00003D01B4A01211BF0CEFC6FF01504204681
:10B2C00009B0BDE8F08FCDE903ABCDE90189009766
:10B2D0000791406833462621FFF7CEFE041E079AE9
:10B2E00008DA0E4803685A07E9D00E4A01211BF01C
:10B2F000B2FCE4E7CDE903ABCDE9018900976868CA
:10B3000033462421FFF7B8FE041E05DA034803681C
:10B310005B07D4D0044AE9E70024D0E750080020B6
:10B320006AFF030082FF030042FF03002DE9F041A2
:10B33000494ED0F8108007460D4661B933685B0767
:10B3400004D0464A012130461BF085FC6FF01504FD
:10B350002046BDE8F08108681BF02CFE50B9336828
:10B360005F0704D03E4A3C4801211BF074FC6FF09B
:10B370001204EDE7E86818B11BF01CFE0028EED0BF
:10B38000A86905F118041BF015FE20B933685E07A3
:10B39000EDD0344AE7E7286A1BF00CFE20B9336889
:10B3A0005D07E4D0304ADEE7A86A1BF003FE20B94F
:10B3B00033685C07DBD02D4AD5E720464FF4D01127
:10B3C0001BF016FC041E09DA33685807C0D0284A5F
:10B3D00023462148012103F0C5FAB9E74FF4D01103
:10B3E00005F120001BF004FC041E05DA3368590740
:10B3F000AED0204A2346ECE74FF4803105F1280017
:10B400001BF0F6FB041E05DA33685A07A0D01A4A6F
:10B410002346DEE7194BC8F8003001250023C8F8A1
:10B420000830A8F80450FF2138461BF09DFD041E8B
:10B43000336804DA5B078BD0114A2346C9E703F06F
:10B440000703022B01D8002482E70E4A0248032199
:10B450001BF001FCF7E700BF50080020ABFF030022
:10B46000C1FF0300D3FF0300E5FF0300F8FF030063
:10B470000C0004002B0004004B000400000001013C
:10B480006C0004008700040031B1044A0223C1E9C2
:10B49000002306228A600B73704700BF90012C01C5
:10B4A00008B50648036813F0060F03D0044A0221CA
:10B4B00003F04FFA6FF0850008BD00BF540800206C
:10B4C000AA00040008B503460548026812F0060FFA
:10B4D00003D0044A022103F045FA6FF0850008BD4D
:10B4E00054080020E000040038B505691BF0BDFCDD
:10B4F000041E0ADA074803685B0704D0064A23469D
:10B50000012103F02FFA204638BD01236B7000247F
:10B51000F9E700BF540800201801040038B5056998
:10B520001BF07FFC041E0ADA064803685B0704D0A0
:10B53000054A2346012103F015FA204638BD0024B0
:10B540006C70FAE754080020380104002DE9F04F30
:10B5500085B004AF9246D7F82880026906468B462C
:10B560001D4613B1B8F1000F1BD14C4803685B07AF
:10B5700010D06C4688B004AA494BC2F81C80C2E9BE
:10B580000535042342F8103F00234FF40151E6F73C
:10B59000E1F8A5466FF0150420460437BD46BDE826
:10B5A000F08F9B880BB1EC8854B93C480268560771
:10B5B000F0D0EA88012100923A4A03F0DDF9E9E788
:10B5C0001944B1F5C87F04DC0AEB0401B1F5967F9C
:10B5D00016DD324802685507DCD06D468AB004AAF1
:10B5E00031495462C2E907A30623C2E9051B42F8A8
:10B5F000103F00234FF44151E6F7ACF8AD46C9E7E0
:10B600005378FBB94FF00009CDE90299B5F906303E
:10B610000193B5F9043000930FFA8BFB0FFA8AFA05
:10B6200053465A4641463046FFF7E4FD041E0EDA03
:10B630001A4803685907AFD01C4A2346012103F07A
:10B6400091F9A9E7FFF76AFF041EDBDAA4E7CDE969
:10B650000299B5F906300193B5F9043000935A46C2
:10B66000534641463046FFF70DFE031E07DA0B48EE
:10B670000268520703D00E4A012103F073F900213A
:10B6800030461BF0F8FB041E06DA044803685B072B
:10B6900082D0084A2346D1E700247DE754080020E1
:10B6A000570104007B0104009A010400D401040046
:10B6B000F30104000E020400F8B5184D47682B682A
:10B6C000066903F00703022B044604D9144A032138
:10B6D000284603F03EF920463946FFF727FE041EB0
:10B6E0000ADA2B685B0705D00E4A0C482346012175
:10B6F00003F038F92046F8BD01233370002373703E
:10B700002B6803F00703022B01D80024F2E7064A56
:10B710000248032103F01DF9F7E700BF5408002099
:10B720002C0204005002040078020400034A044B77
:10B7300002609B1A1820B3FBF0F0704728790300D1
:10B74000D079030010B50446E5F744FE05480368C8
:10B750005B0703D0044A012103F0FBF820461BF0ED
:10B7600034FC00BF38080020C20204002DE9F04775
:10B77000044600AF0D46EFF31189202383F31288AE
:10B78000BFF36F8FDFF8CC80334AD8F8003096686B
:10B7900059075BD0042898BF304B117C94BF53F8F5
:10B7A00020302F4BEA468AB06A462E48C2E907315C
:10B7B00040F2013393842C4BC2E9050442F8103F58
:10B7C000244800234FF43151E5F7C4FFD54665B155
:10B7D000EB69D8F80020C3F3080333B152071ED039
:10B7E000224A1C48012103F0B4F8D8F800305B0766
:10B7F00015D016BB1E48E8468AB06A461D4BD0617C
:10B80000C2E9053640F2013313841B4B42F8103F66
:10B81000104800234FF41151E5F79CFFC546294617
:10B820002046FFF78FFF89F31188BFF36F8F3046F3
:10B83000E9F718F8BD46BDE8F08730461BF07AFC02
:10B840000028D7D00378002BD4D0D4E7002DBFD167
:10B85000E5E700BF38080020045C01200C980300D5
:10B86000D1020400E7020400050000010F030400F8
:10B87000DF020400300304000400000138B5094B66
:10B8800053F82040013053F82050A54200D838BD6D
:10B89000636823B120461BF0A0FB0834F5E723685A
:10B8A0009847FAE72098030070B52B4B2B4C2C4D92
:10B8B000012286B003201A70FFF7E0FFE8F70CFBC7
:10B8C0001BF0A7FB0420FFF7D9FF2646AE4204F188
:10B8D000300410D300F008FD204C224EAC4226D399
:10B8E00000F016FDE4F754FE1F4A137B23F001031A
:10B8F000137306B070BD54F80C3C059354F8103C1B
:10B90000049354F8143C039354F8183C029354F8ED
:10B910001C3C019354F8203C009354E90A2354E959
:10B920000C0100F0C5FA54F8303C5E65CDE7D4E96F
:10B930000A23B3F1FF3F08BFB2F1FF3F05D052EA3F
:10B940000301206803D100F0A3FD3034C6E731467F
:10B95000183000F079FFF8E7845E0120507B030087
:10B96000507B0300497203002892002008B5034869
:10B97000034A0021121A1BF048FB08BDC80800202A
:10B98000885E012070B5174E174D184986B0B82350
:10B9900003FB0066164B059301220F23CDE903320A
:10B9A0000023CDE90133142303FB005504464FF473
:10B9B000C07000FB04110F4B00954FF4A07230468D
:10B9C00000F076FA737B0C4AEE6023F00403737385
:10B9D0004FF4046304FB033313442C746B6006B010
:10B9E00070BD00BF70910020045C012080720120B6
:10B9F00092030400D5700300406A0120BFB5002007
:10BA0000FFF73CFF2D4B83F308882D4D2D4E6B69BE
:10BA10002D4F43F400736B610024E02385F822303E
:10BA2000EC772C766C76AC7685F820406B6A43F424
:10BA3000E0236B6285F82340E8F788FEE9F726F8F3
:10BA40004FF0FF33AB62EB62E9F702F9E9F742F836
:10BA5000E5F70EFC1D4BB36040F201129A81C3E979
:10BA60002644C3F8A4401BF0A4FA0120FFF706FF08
:10BA70000220174DFFF702FF00F07EFC154B7561A9
:10BA80000593012314490094CDE903434FF4004288
:10BA90003B46CDE90144284600F00AFA6A7B064697
:10BAA00022F0040228466A731BF091FB2046FFF740
:10BAB00069FF3A4631462846E8F7C8FF8072012000
:10BAC00000ED00E0045C0120A9B80100E092002034
:10BAD00028920020970304000074012038B5064C1A
:10BAE000064D0020AC4200D338BD20461BF092FA30
:10BAF0000028F9DB1C34F5E75C0800205C08002016
:10BB000073B50C46EFF31181202585F31288BFF33E
:10BB10006F8FC5685DB125602B68C3608369013391
:10BB20008361002081F31188BFF36F8F11E052EA27
:10BB3000030603D125606FF00B00F3E7CDE9002386
:10BB40000246083000F030FB18B9034B9B685B6974
:10BB5000236002B070BD00BF045C01202DE9F341F9
:10BB6000044617461E46EFF31188202383F31288FC
:10BB7000BFF36F8FC368334A7BB180689168884296
:10BB800019D057EA060318D188F31188BFF36F8FD5
:10BB90006FF00F0002B0BDE8F081916891F90E10CE
:10BBA00021610133E3609368A36088F31188BFF3D8
:10BBB0006F8F0020EEE72169F2E791F90E1090F9FE
:10BBC0000E309942A8BF19466FF07E029142B8BF6D
:10BBD00011468B422DDD1BF088FA0546CDE9007633
:10BBE00019482246414600F0DFFA0028E1D0EFF381
:10BBF0001186202383F31288BFF36F8FA068D0B122
:10BC0000236821699C420AD04BB193F90E309942C6
:10BC1000A8BF19466FF07E039942B8BF19461BF0C2
:10BC200064FA40B10848314600F038FB6FF00A0072
:10BC3000B0E70025D2E7002DF4D186F31188BFF3D9
:10BC40006F8FF3E7045C0120855E0120F8B58368FF
:10BC50000546002B40D0234A926893423FD1C368E7
:10BC6000012B03D9013BC3600020F8BDEFF311871E
:10BC7000202383F31288BFF36F8F016980681BF064
:10BC800034FA2C68AC4207D10023C5E9023387F3AC
:10BC90001188BFF36F8FE7E7002CF5D0D4E90032AD
:10BCA00013605A60637B002623F002036373C4E9C8
:10BCB0000066A66004F118001BF03DFBAC6094F92F
:10BCC0000E302B612046C4F8B0601BF080FA0648A5
:10BCD000394600F0E3FAC7E76FF01500C5E74FF00B
:10BCE000FF30C2E7045C0120855E012070B5EFF3F0
:10BCF0001186202383F31288BFF36F8F0468A0425C
:10BD00001BD0D4B1D4E9003213605A60637B0025A4
:10BD100023F00203C4E900556373A56004F1180021
:10BD20001BF009FBC4F8B05020461BF050FA314616
:10BD30000748BDE8704000F0B1BAD0E902329A423B
:10BD400018BF01338360022110301BF057FCEEE76F
:10BD5000855E012013B5EFF31181202484F312884E
:10BD6000BFF36F8F846844B1013C846081F3118814
:10BD7000BFF36F8F002002B010BD52EA030406D15A
:10BD800081F31188BFF36F8F6FF00F00F3E7CDE9F8
:10BD900000230246014800F007FAECE7855E012027
:10BDA0002DE9F0410546EFF31187202383F3128834
:10BDB000BFF36F8F00266FF00A082C68A54215D0DC
:10BDC000A4B1D4E9003213605A60637BA66023F00B
:10BDD0000203C4E90066637304F118001BF0ABFAB8
:10BDE000C4F8B08020461BF0F2F9E6E7002305F125
:10BDF0001000AB6002211BF001FC39460248BDE88F
:10BE0000F04100F04BBA00BF855E012010B504463A
:10BE100008B9054B9C681F2204F178001BF0A1FCB7
:10BE2000002084F8970010BD045C01202DE9F84F34
:10BE30000C46A1B39AB390F80D90DFF86880571EB6
:10BE40000846B9F1000F25D0DFF85CA00025B8F84E
:10BE500004B019EA0B0F19D0B8F80630D8F8001062
:10BE60007E1B9E4228BF1E4632461BF01BFC2E4402
:10BE700039EA0B0904EB06000CD0BD1B012D28BFCD
:10BE800001252A4651461BF00DFC354408F10808EF
:10BE90006019DCE7002303702046BDE8F88F0348F3
:10BEA000FBE700BF38980300E6FC030058B103002D
:10BEB0002DE9F04FD51D85B025F0070504461F4636
:10BEC0007F3500F15803C0E9163325F03F05129B7A
:10BED000237300200E46119BDDF838B0DDF84C804E
:10BEE000A06004213F2DC4E906006173A373E073D1
:10BEF00006F1400AA5F1400905D880F31188BFF387
:10BF00006F8F084602DF4A463544AA2150461BF08F
:10BF1000F1FB29462046E8F74DF90730109B20F049
:10BF20000700C4E926A9C4F8A00002930F9B2D1AAC
:10BF3000CDE900B32A463B4631462046E8F752FD9C
:10BF40000F9BE3664FF00009109BC4F85490C4E9BE
:10BF5000197B2367EFF31182202181F31288BFF34D
:10BF60006F8F104E316A6167346282F31188BFF3BC
:10BF70006F8FB8F1000F11D01F22414604F17800F5
:10BF80001BF0EFFB84F89790B3680BB1D3F8A430A3
:10BF9000C4F8A430284605B0BDE8F08F84F8788056
:10BFA000F2E700BF045C0120F0B587B000250595DD
:10BFB000109D04950F9D03950E9D0295DDE9127667
:10BFC0000D9D01950C9D00950446FFF771FFB6F19C
:10BFD000FF3F08BFB7F1FF3F05D056EA070305D181
:10BFE000204600F055FA204607B0F0BD03493A4616
:10BFF000334604F1180000F027FCF4E7497203000F
:10C000000A4A93686FF00A01C3F8B0100849C3F8F0
:10C01000AC004B6843F080534B60002383F31188DE
:10C02000BFF36F8F9368D3F8B0007047045C0120B2
:10C0300000ED00E070B590F90D20437B002A39DB5C
:10C04000D90637D18269002A34D11D4C63F07F03B1
:10C050002246437352F8183F93422CD1E169C0E95C
:10C0600000210860E06111E09942F8D01B68002BC4
:10C07000F5D090F90E5093F90E60B542F4D0AE426F
:10C08000F2DD5968C0E9003108605860A569954241
:10C0900000D005B9E568A3685A7BD20604D1DA89D5
:10C0A0007F2A01D9AA6942B1AB4202D0284600F0EA
:10C0B000E7FA656170BDE169D9E76361FAE700BF3E
:10C0C000045C012038B590F90D20437B002A01461D
:10C0D00004DA03F07F0343731BF03FF80D4D2A464B
:10C0E000AB6852F8184F944200D004B9EC688B4208
:10C0F00007D05A7BD20604D1DA897F2A01D9A269F6
:10C100002AB1A34202D0204600F0BAFA23466B615E
:10C1100038BD00BF045C012070B590F90D20437B51
:10C12000002A014604DA03F07F0343731BF015F87D
:10C130004B7B1C4C63F07F0322464B7352F8183F35
:10C14000E069934207D1C1E900200160E16111E09B
:10C150009842F8D01B68002BF5D091F90E5093F956
:10C160000E60B542F4D0AE42F2DD5868C1E900304D
:10C1700001605960A569A368954200D005B9E568DA
:10C180008B4207D05A7BD20604D1DA897F2A01D9A3
:10C19000AA692AB1AB4202D0284600F071FA2B46B8
:10C1A000636170BD045C0120F8B5124B0C4611466A
:10C1B000114A98681060DDE90676EFF311822022BB
:10C1C00082F31288BFF36F8F9D6828461AF0D7FF5D
:10C1D000B6F1FF3F08BFB7F1FF3F06D007493A4627
:10C1E000334605F1180000F02FFB2046BDE8F8406B
:10C1F000FFF706BF045C0120285C012049720300A0
:10C20000F8B50446EFF31186202383F31288BFF3B9
:10C210006F8F437BDA0649B217D18269AAB903F05E
:10C220007F0343731AF099FF1B4D437B817363F0C7
:10C230007F032A46437352F8183F93422AD1E86994
:10C24000C4E900200460EC6116E0A173002086F3CD
:10C250001188BFF36F8FF8BD8342F1D01B68002BAC
:10C26000EED093F90E70B942F6D08F42F4DD5968E2
:10C27000C4E900310C605C60AC69944200D004B940
:10C28000EC68AB689C4202D0204600F0F9F96C6182
:10C290000120DCE7E869E2E7045C012049B9EFF33B
:10C2A000058030B9054B5A699B689A4201D0FFF767
:10C2B000A7BE81F31188BFF36F8F7047045C012024
:10C2C000034648B9EFF3058232B9064A51699268CC
:10C2D000914201D0FFF794BE83F31188BFF36F8FB3
:10C2E000704700BF045C0120EFF31181202383F32A
:10C2F0001288BFF36F8F054B9A68D37B013BD373D2
:10C3000081F31188BFF36F8F704700BF045C012079
:10C3100070B5EFF31186202383F31288BFF36F8F7C
:10C32000144DAB68DA7B0132DA732A4652F8184FA3
:10C33000944200D004B9EC685A7BD20604D1DA8961
:10C340007F2A01D9A2692AB1A34202D0204600F077
:10C3500097F923466B6186F31188BFF36F8FEFF374
:10C360001180202383F31288BFF36F8FBDE87040E4
:10C37000FFF7A6BF045C0120024B03F11802C3E9DA
:10C3800006227047045C012070B5EFF3118620236C
:10C3900083F31288BFF36F8F1B4CA168E0690B68B1
:10C3A000814214BF1A46002249680B605960A36895
:10C3B000E1692AB9154AC3E900210B60E3610CE089
:10C3C00093F90E0092F90E50A84218D0854216DD5E
:10C3D0005168C3E900210B605360A5690B4B9D4276
:10C3E00000D005B9E568A3689D4202D0284600F058
:10C3F00047F965613046BDE87040FFF701BE8A42EB
:10C40000D8D01268D5E700BF045C01201C5C012075
:10C4100050EA01032DE9F04105460E4604D1FFF72D
:10C42000B3FF0020BDE8F081831C71F1FF3324DBF2
:10C430001AF0A2FF2C18EFF31188202383F312883F
:10C44000BFF36F8F0F4F104BB8681860FFF73AFEBD
:10C45000B8680E492A463346183000F0F5F9BA6834
:10C46000537B43F0040353734046FFF7C9FD1AF0B2
:10C4700083FF201A20EAE070D4E76FF00104241A49
:10C48000D9E700BF045C0120285C01204972030049
:10C4900038B5044618301AF04EFFEFF3118520230B
:10C4A00083F31288BFF36F8F637B5A0704D485F33D
:10C4B0001188BFF36F8F38BD23F0040363732046E8
:10C4C000FFF7B8FDEFF30583002BF0D129460248B2
:10C4D000BDE83840FFF7E2BE855E0120014B986859
:10C4E000704700BF045C01202DE9F8430446EFF3D8
:10C4F0001187202383F31288BFF36F8F067B16F01A
:10C5000001060DD087F31188BFF36F8F002383F3EB
:10C510001188BFF36F8F0423184602DFBDE8F8834C
:10C52000437B1A0704D587F31188BFF36F8FF5E7B4
:10C53000D90943F0080254D14273A36813B12046CD
:10C540001AF013FE04F118001AF0F5FEA56D04F1BF
:10C550005808A84511D04FF0000975B128461AF0C7
:10C5600004FE05F118001AF0E6FEC5F8B090284662
:10C57000FFF760FDA56DA845EFD11E4DAB689C424D
:10C5800004D1EFF30586003E18BF0126D5F81880C8
:10C59000194A904502D0B8F1000F01D1D5F80C80AE
:10C5A000434502D0404600F06BF82046C5F81480A1
:10C5B00000F0BEF84EB1114BAB6040F201129A810F
:10C5C0000022C3E92622C3F8A420AB689C42AAD16A
:10C5D000EFF30583002BA6D13846BDE8F843FFF7FB
:10C5E0000FBD03F07F0343F0080343731AF0B5FD5A
:10C5F000A3E700BF045C01201C5C0120E092002046
:10C60000D3B5DDE90667089CCDE90067FFF7CCFDEF
:10C610001CB1034B9B685B69236002B0D0BD00BFB7
:10C62000045C0120044BC01A044BC0105843044B57
:10C6300001221A54704700BF98930020ABAAAAAAFF
:10C64000855E0120C3897F2B12D80A4B1B6863B11A
:10C65000094B90F90E201B689A4209DB437BDB06ED
:10C6600006D1064BC31A18BF012303F0010070471F
:10C670000023FAE7305C01202C5C0120709100203F
:10C6800070B50E4B0E4C1E7C06EB460304EBC30448
:10C69000054620461AF04FFE0A4B002228469A55BE
:10C6A000FFF7D0FF48B1084B08491A68013A204605
:10C6B000D317BDE8704000F0C7B870BD045C01201E
:10C6C00098930020855E0120305C012025C6010082
:10C6D00038B5EFF31185202383F31288BFF36F8FF2
:10C6E000104B114A9C681068A04206D1FFF7C8FFA2
:10C6F00085F31188BFF36F8F38BD00211B7C11605B
:10C700000A4AD35C002BF3D02046FFF79BFF00289A
:10C71000EED0637BDB0602D12046FFF7FDFC20460E
:10C72000E4E700BF045C0120285C0120855E012055
:10C73000EFF31181202383F31288BFF36F8F0A4A2E
:10C74000136A834207D15B6F136281F31188BFF3D1
:10C750006F8F70471346002BF7D05A6F8242F9D182
:10C76000426F5A67F1E700BF045C0120F8B5064646
:10C770000F46EFF31183202282F31288BFF36F8FED
:10C780000B490C6A154624B983F31188BFF36F8FE8
:10C79000F8BD83F31188BFF36F8F39462046B04749
:10C7A000EFF3118385F31288BFF36F8F646FEAE7AD
:10C7B000045C01200748084A084908B5121A1AF013
:10C7C00026FC0748074A0849BDE80840121A1AF033
:10C7D0001EBC00BFC0040020C4080020F8030400F1
:10C7E000B8040020C0040020F0030400024B1868C5
:10C7F000984208BF002070475C070020034B1B686D
:10C800000BB9EAF7ABBA0020704700BF345C0120D7
:10C8100030B570B10B4B5B6898420AD0036843B1E6
:10C82000D3E90421D0E90445121941EB0501C3E91C
:10C830000421D0E9003213605A600023C0E90033BC
:10C8400030BD00BF5C070020B3F1FF3F08BFB2F16D
:10C85000FF3FF8B504461D4616465AD08160EFF3F7
:10C860001187202383F31288BFF36F8F013275F194
:10C87000FF3321DA2C49D1E900206FF001039B1A24
:10C880004FF0FF3262EB00009E1B60EB0500012EB3
:10C8900070F1000301DA01260020C4E90460FFF70B
:10C8A000A5FF224E84467068BCF1000F0DD1C4E98B
:10C8B0000060046074601CE0FFF7A0FF013645F1E2
:10C8C0000005361845EBE070E7E7DCE90425D4E91C
:10C8D0000431934271EB050E1CDAD21ADCF80430F5
:10C8E00065EB0105CCE90425C4E900C31C60CCF864
:10C8F0000440FFF77BFF844207D10D4B1C6824B92D
:10C900001AF000FD2146EAF7FBF987F31188BFF31F
:10C910006F8FF8BD9B1A61EB05018445C4E90431B2
:10C92000C5D0DCF800C0BFE7B09300205C07002052
:10C93000345C01202DE9F047EFF31185202383F3C8
:10C940001288BFF36F8FDFF8A090DFF8A080C9F8DE
:10C950000000FFF74BFF00260027D9F80030D8E988
:10C9600000ECD91750B1D0E90442A34271EB020A9E
:10C970001ADAE41A62EB0102C0E9044213EB0E0377
:10C980004CEB01010024C8E90031C9F800401AF05D
:10C99000B9FC2146EAF7B4F985F31188BFF36F8F2C
:10C9A000BDE8F047FFF794BE14EB0E024CEBE473C6
:10C9B000C0E90467C8E90023FFF72AFF85F311885F
:10C9C000BFF36F8F83689847EFF31185202383F3BC
:10C9D0001288BFF36F8FD9F800301B1BC9F80030E5
:10C9E000FFF704FFB9E700BF345C0120B0930020DB
:10C9F00010B5EFF31184202383F31288BFF36F8FF8
:10CA0000FFF7FCFE054A0346D2E90001181841EB86
:10CA1000E37184F31188BFF36F8F10BDB0930020D2
:10CA2000F8B50446EFF31187202383F31288BFF390
:10CA30006F8F026822B187F31188BFF36F8FF8BD43
:10CA4000D0E90A36581C46F10001022871F10001B4
:10CA500027D3012B76F10001BCBF012316465D1ED2
:10CA600046F1FF361AF08CFC013041F1000140190B
:10CA700046EB0101012871F100013ADB1AF080FC5C
:10CA8000013041F100016FF00102401946EB010352
:10CA9000121A4FF0FF3161EB030318492046FFF7EC
:10CAA000D3FE236B01332363236A6BB187F31188B1
:10CAB000BFF36F8F236A20469847EFF31187202337
:10CAC00083F31288BFF36F8F54F8185FA542B2D07A
:10CAD000002DB0D028461AF089FB0023C5F8B030ED
:10CAE00087F31188BFF36F8F2846BDE8F8401AF02E
:10CAF0006EBB6FF001024FF0FF33CEE721CA010099
:10CB00002DE9F04105461C4690461F46EFF311867D
:10CB1000202383F31288BFF36F8FB4F1FF3F08BF68
:10CB2000B2F1FF3F05D186F31188BFF36F8FBDE8E7
:10CB3000F081531C74F1FF3309DB012A74F1000307
:10CB4000BCBF0122002412F1FF3844F1FF37284610
:10CB50001AF0F1FBDDE906010023C5E90A012B63A8
:10CB6000034942463B462846FFF76EFEDBE700BF1F
:10CB700021CA01002DE9F74F1D46274B9F6801236D
:10CB800087F8603087F8613052EA050316460CBF1B
:10CB90000123002307F1600280461AF073FC8146EE
:10CBA000EFF3118B4FF0200A8AF31288BFF36F8FD7
:10CBB00097F860404CB901465A4640461AF00AFCC4
:10CBC0008BF31188BFF36F8F0BE0002387F8603081
:10CBD00056EA050309D18BF31188BFF36F8F6FF00D
:10CBE0000A04204603B0BDE8F08FCDE900650B4A8A
:10CBF0000B485946FFF7D8FA0446EFF311858AF33C
:10CC00001288BFF36F8F2A46494640461AF0E2FB6E
:10CC100085F31188D6E700BF045C0120640700207B
:10CC2000865E012038B50346EFF31185202282F39A
:10CC30001288BFF36F8FC160012181600068834259
:10CC400006D185F31188BFF36F8F0024204638BDCD
:10CC5000D0E9003213605A600023C0E900331AF0B3
:10CC600078FC294604460248FFF718FBEEE700BFB0
:10CC7000865E012038B5064C064DAC4201D300203B
:10CC800038BDD4E9011220461AF0DFFC1434F4E771
:10CC90005C0800205C0800201FB5094A92E80300E8
:10CCA00002AB83E803004FF4806200930549064815
:10CCB0004FF0FF3300F00AF9002005B05DF804FBE7
:10CCC000E87D030040F40120B89300202DE9FF41E6
:10CCD0004F4E04462027EFF3118887F31288BFF3E5
:10CCE0006F8FD4F8B850F5B9022104F1D0001AF0D2
:10CCF000B4FC002868D004F1C805002201212846B0
:10CD00001AF0DDFA0028F8D1002302934FF0FF3229
:10CD10004FF0FF33CDE90023414604F1C0023D4806
:10CD2000FFF76EFCD7E7D4F8BC202B68C4F8B83006
:10CD3000954208BFC4F8BC30D4F8D03043F00203A9
:10CD4000C4F8D030EB6823F0040343F00103EB6038
:10CD50006B6888F31188BFF36F8F28469847EFF30D
:10CD6000118887F31288BFF36F8FEB68D80623F022
:10CD7000010236D4EA60EB689A0716D5306823F0D2
:10CD80000203EB6088B10368002170B142689542EC
:10CD900035D1036869BB72683360824200D1736029
:10CDA000002340F8083BFEF7A1FFD4F8D03023F071
:10CDB0000203C4F8D03088F31188BFF36F8FDB050E
:10CDC00089D4FFF7E1FA86E7D4F8D030D9069BD5AD
:10CDD000C4F8D00088F31188BFF36F8F04B0BDE8AA
:10CDE000F08123F01103EB6005F11000FEF77EFFE8
:10CDF000C1E70B607368834208BF7160D0E723B15D
:10CE00001A68014618461346BFE71A46F9E700BFFD
:10CE1000385C0120865E0120F8B5C3689A07044695
:10CE20000F46C3F340062CD45B071AD40B680BB92A
:10CE300083680B60E368DD0744BFA3683B603D681F
:10CE40004CBF02260126002D3AD01F4B9B68AB42F7
:10CE50000AD0D5F8D030D807C3F3800214D46FF0CD
:10CE6000120600233B6025E01AF05EF9D5F8D030B9
:10CE70000028F0D1D907C3F3C002F0D552B15B0747
:10CE800008D46FF00F06ECE7002AFAD1C3F3C00311
:10CE9000002BF6D100232360D5F8BC3063B9C5E977
:10CEA0002E4428461AF0E4FBE36843F00403E360F1
:10CEB0003B68A3603046F8BD1C60C5F8BC40F0E795
:10CEC0006FF01506CDE700BF045C0120F0B589B016
:10CED00004460020C4E92E000E9D04F1C000C4E900
:10CEE000300004F1C800C4E932004DB328790028AD
:10CEF00040F2011008BF0120C4F8D00000204FF01C
:10CF0000FF364FF0FF37CDE90330CDE90100CDE921
:10CF100006670C4B00942046FFF746F855B1296888
:10CF200011B12046FEF772FF6B791BB1237B43F0F2
:10CF300001032373204609B0BDE8F040FFF7A8BA0B
:10CF40000120D9E7CDCC010010B50A4C23681BB1F4
:10CF500001232360002010BD00F0EAF80028F7D07C
:10CF60000138062803D8044B53F8200010BD0348AD
:10CF700010BD00BF405C012078980300FE8FFFFFCA
:10CF8000BFF34F8F0549064BCA6802F4E0621343B2
:10CF9000CB60BFF34F8F00BFFDE700BF00ED00E0A7
:10CFA0000400FA0510B4094B09490A4C4FF0FE324F
:10CFB000C3F800244968C3F80424C3F80824C3F85C
:10CFC0000C240023C4F8003510BC084700B0025000
:10CFD0006C07002000A00250D0E90012014BC3E909
:10CFE000001270476C07002010B5044650B163680A
:10CFF00013F0685F05D0064A934202D000232360F5
:10D00000626010BD034B04485B689847EFE700BFC0
:10D010002C5F5CA96C07002094980300C8B143689A
:10D020000D4A934213D013F0685F0ED0012350E8ED
:10D03000002F194640E8001C9CF0000FF7D1012A90
:10D04000F5D0BFF35F8F0020704704487047044855
:10D0500070476FF4E04070472C5F5CA9E98FFFFFD9
:10D06000EA8FFFFF80B14368094A93420AD013F068
:10D07000685F05D0BFF35F8F0023036018467047D9
:10D0800004487047044870476FF4E040704700BFA1
:10D090002C5F5CA9E98FFFFFEA8FFFFF10B5044604
:10D0A00020B1044B63600022226010BD0248FFF7EC
:10D0B00079FFF6E73A00003ABC98030070B5D0E972
:10D0C0000023174C174D6360D0E90230C4E90230E9
:10D0D00022604868D1F800C0134BC3E900C0D5F8FE
:10D0E0001801D1F808C0C3F808C010F0685FD1F883
:10D0F0000CC00969C3F80CC0196110D00B49C5F800
:10D10000BC110023C5E9453105F58A70C5F8B83171
:10D110009047236805F5DC70BDE87040184770BD86
:10D1200088070020585C0120740700202C5F5CA950
:10D1300038B500F02FF820B1032400F063F8204642
:10D1400038BD00F031F898B900F0ACF898B90F4D3F
:10D15000D5F828391B0EF02B08D1D5F8242A0C4B12
:10D160009A420AD0072400F017F8E6E70624FAE707
:10D170000424204638BD0024F5E7012000F092F891
:10D1800004460028F7D1C5F80C0AD8E700B00250D1
:10D190000000E0200020704700207047014BC3F8DA
:10D1A000040A704700B0025010B5114800F048F86A
:10D1B00000B110BD0F4800F043F80028F9D10E4C23
:10D1C000204600F03DF80028F3D10C4B0C481C60C1
:10D1D00000F036F801460028EBD100F02DF80446A7
:10D1E00008B1204610BD00F03FF82046FAE700BF26
:10D1F000C8070020C4070020C0070020B80700208F
:10D20000BC07002008B5084800F024F8074800F0E3
:10D2100021F8074800F01EF8064800F01BF8BDE8AA
:10D22000084000F00BB800BFC8070020C40700206A
:10D23000C0070020BC07002000207047704700BFD7
:10D2400008B5034B02681B6810689847002008BDAA
:10D250008807002008B5034B02685B681068984790
:10D26000002008BD8807002070B5094C094D2069D1
:10D27000AB68984718B1084B08485B689847084A5C
:10D28000EB68206900211160BDE87040184700BFBD
:10D2900074070020880700206C070020E098030036
:10D2A000545C0120F8B51A4D1A4E0446B26828693C
:10D2B0009047E8B9184F3B684CB1A3B1012B19D086
:10D2C000013B3B602869F36898470020F8BD43B9EB
:10D2D000124A0121C2F800151149D1F81029002A7B
:10D2E000FBD101333B60F368286998470020F8BD03
:10D2F0000C48F8BD0A4AD2F81039002BFBD1074A76
:10D300006FF07E40C2F80035FFF748FF3B68D7E773
:10D310007407002088070020545C012000A0025000
:10D3200000B00250E98FFFFF242AF0B5044601D86F
:10D33000012A40D11AF09EFA2D4B16221A5001B143
:10D340000C600020F0BD2F463D4615F8010B20284B
:10D35000F9D0A0F10906042E0346F4D92B282CD0CD
:10D360002D282CD101267B78BD1C302B2DD128787F
:10D3700040F02000782824D132F0100021D16B78C1
:10D380002C46102202350020392B82BF03F1FF33D7
:10D3900043F02003263B303B9A421AD9A0FB0204FB
:10D3A0000CB9C01801D346F002062F462C4617F8D8
:10D3B000013B3D46E8E70746C6E70026D3E70026DF
:10D3C000D3E7002A08BF0822DDE7002A08BF0A22A7
:10D3D000D9E701B10C60F20748BF4042B307B1D5AD
:10D3E0001AF048FA024B22221A504FF0FF30A9E7F8
:10D3F0000C0000002DE9F04F8DB043680293837854
:10D4000015469A07804640F10D8100240E78002EC3
:10D4100000F00A81252E0BD04B1C03930134029B94
:10D420004146304698470028C0F2F6800399EDE760
:10D430004E788B1C252E0393F0D00027B946BB46AF
:10D44000BBF11F0F38D8A6F12003102B0AD8DFE854
:10D4500003F02A0909300909092109090928092DB8
:10D4600009091F00A6F13003092B33D92A2E37D121
:10D470001BF0400F55F8043B40F08280002BA7BF03
:10D480004BF0200B9946C3F100094BF0280B01E04B
:10D490004BF0010B039B13F8016B0393002ECFD1CC
:10D4A00030E04BF0020B4BF0040BF3E74BF0080BB2
:10D4B000F0E74BF0100BEDE7BBF17F0F19D8A6F1A9
:10D4C0003003092BD2D81BF0400F03D00A2101FBF7
:10D4D0000737DFE70A2101FB09394BF0200BD9E7B9
:10D4E0002E2E06D11BF0400F40F09E804BF0400BDB
:10D4F000D0E76C2E31D02BD8682E36D06A2E3CD097
:10D500004C2E3AD0002F46F02003B8BF2BF040023B
:10D51000A3F16501BCBF1FFA82FB0027022901D9D4
:10D52000612B2FD1073525F00705DFF8ACA20835B0
:10D5300007271BF0080F66D00AEB070B56465E451F
:10D5400063D1A4EB0A0A06EB0A02A9EB07096FE113
:10D55000742E9FD07A2E9DD0D4E71BF0800F18BF79
:10D560004BF4007B4BF0800B94E71BF4807F18BFDB
:10D570004BF4007B4BF4807B8CE74BF4207B89E7FA
:10D580001F4687E7A6F16301122900F2F080DFE869
:10D5900011F013004F00EE00EE00EE00EE004F0021
:10D5A000EE00EE00EE00EE00EE00FE00E900EE0000
:10D5B000EE001B00EE00AF0055F8043B8DF818306C
:10D5C00001270DF1180AB4E755F804AB834BBAF103
:10D5D000000F08BF9A461BF0400F14BF39464FF0AA
:10D5E000FF3150461AF0CDF80746A2E7029B4146AC
:10D5F0002020984700280FDB013EB742F6D34C4469
:10D60000A41BB14698E74E46F7E716F8010B029BBC
:10D6100041469847002892DA98F8023043F0040314
:10D6200088F802304FF0FF3420460DB0BDE8F08F8F
:10D630001BF0800F34D01BF4007F2CD0073525F071
:10D640000705AA4669685AF8080B2BF0100500294F
:10D65000ADB237DA404261EB410145F480650DF12E
:10D66000180B0A235A461AF0AEF8A0EB0B030193ED
:10D670006B0662D5019B25F001019F4289B240F300
:10D68000A180002E00F0998015F0100240F09C80DF
:10D69000BB460D4623E0AA465AF8040BC117D4E74F
:10D6A000AA461BF4807F5AF8041B01D10846F5E70F
:10D6B0001BF4007F15BF48B208B241F3C01141F31B
:10D6C000C031C2E750EA0103C9D11BF0400FC6D0F8
:10D6D000002FC4D12BF0110295B2BB46019740F246
:10D6E000064115EA01021CBF0BF1010B00222CE0E0
:10D6F0002BF010021FFA82FB0A231BF0800C49D08A
:10D700001BF400711DBF073525F00705AA46AA4680
:10D710001ABF5AF8080B69685AF8040B50EA010559
:10D7200045D12BF016051BF0400FADB242D0002FB3
:10D7300040D12BF0170295B2019715F0100248D096
:10D74000019B002E42D103F1010B29075AD4EB07AC
:10D7500006D5D9456FDD0199A9EB0B035F18CB46C0
:10D760005B4649E04BF0100B10237826C5E7782B79
:10D7700004D1C6F1780343F01003BEE7029B414693
:10D78000252098470028FFF647AF023447E60823D4
:10D790000026B2E7AA461BF480715AF8040BBDD0EC
:10D7A0001BF400711ABFC0B2614680B2B6E72BF01D
:10D7B000060295B20DF1180B54E725F01105ADB234
:10D7C000BB468CE70D46B8E73B460D4603F1020B1E
:10D7D000BBE7DDF804B082E7E8030400E1030400DE
:10D7E000CDE904324146029B202098470028FFF6ED
:10D7F00013AF049B059A01339945F1DCA4EB0B01AF
:10D80000CC189B460AB3029B41463020984700281B
:10D81000FFF602AF8EB901342744019B391B9942B0
:10D8200024DC1D465DBB019AA9EB0B092244554639
:10D830001446914435E0019F92E702344146304658
:10D84000029B98470028E7DAE6E640F206410D42DF
:10D85000E2D015F0020F14BF2B20202015F4806FAA
:10D8600004F10104414618BF2D20E9E7029B41461F
:10D8700030209847002804F10104CEDACCE606AB4C
:10D88000013D4146585D029B98470028CADAC3E62D
:10D89000029B414620209847002804F10104FFF62E
:10D8A000BBAEA9EB0403002BF2DCBFE57047836835
:10D8B00000EBC101B3F5004F2CBF51F8220031F845
:10D8C0001200704700EBC1018068B0F5004F2CBF1B
:10D8D00041F8223021F81230704708B50122FFF7D5
:10D8E000E6FFD04008BD8368B3F5004F00EBC101EF
:10D8F00008D34B681AB143F001034B60704723F023
:10D900000103FAE74B881AB143F001034B807047DB
:10D9100023F00103FAE753000122FFF7D3BF836826
:10D92000B3F5004F34BF04230823C91A081AC008EE
:10D930007047B0F5004F34BF04230823481C083358
:10D94000A0EBD300B0FA80F0C0F11F0070472DE9C2
:10D95000F041174603220E460446FFF7A8FF864211
:10D96000054607F104080AD1E3680122BA4023EA18
:10D970000203E360002344F82830BDE8F08131461B
:10D9800002222046FFF793FF2B460646014644F845
:10D99000285020460322FFF795FF334629462046AC
:10D9A0000222BDE8F041FFF78DBF70B50D468668D5
:10D9B0000446FFF792FFB6F5004F014601D3012858
:10D9C00009D03046FFF7B5FF294602462046BDE89C
:10D9D0007040FFF7BCBF70BD2DE9F0470546806879
:10D9E000FFF7A7FF05EB800A8846DAF81090064695
:10D9F000B9F1000F1BD00327DAF810402846214662
:10DA0000FFF76BFF404507D3324621462846FFF714
:10DA10009EFF2046BDE8F087032221462846FFF7F7
:10DA200046FF013FCAF8100001D08145E4D1EB6800
:10DA300001364FF0FF34B4401C40EAD094FAA4F20F
:10DA4000B2FA82F2131D55F82340DEE72DE9F041CA
:10DA5000144605460E46FFF740FFA4EB0608371BA9
:10DA60000744424631462846FFF755FF3A462146CD
:10DA70002846FFF750FF4346002221462846FFF77D
:10DA800021FF21462846FFF728FF3B4621180022A8
:10DA90002846BDE8F041FFF715BF2DE9F0411646D5
:10DAA00004460F46FFF719FF314605462046FFF7AB
:10DAB00014FF05442A4639462046FFF72CFF31461D
:10DAC0002046FFF70AFF2B46311800222046BDE80A
:10DAD000F041FFF7F7BE2DE9F0410D468668044698
:10DAE000FFF7FBFEB6F5004F014601D3012832D007
:10DAF0003046FFF71EFF04EB80010E6996B9E3681C
:10DB0000012282401343E36002220D612B46294625
:10DB10002046FFF7D7FE032229462046BDE8F04104
:10DB2000FFF7D0BE022231462046FFF7C0FE29464D
:10DB3000034607462046FFF7C5FE03223346294623
:10DB40002046FFF7BFFE39462B462046FFF7BAFEB8
:10DB500002223146E1E7BDE8F081F8B50C46054602
:10DB6000FFF7BBFE2618012231462846FFF79FFE2D
:10DB7000C3070CD431462846FFF717FF2146284635
:10DB8000FFF7ABFE214622182846FFF786FF00224A
:10DB900021462846FFF78BFE271A012239462846E0
:10DBA000FFF785FE10EA020613D139462846FFF733
:10DBB000FCFE214632462846FFF779FE2246211A0E
:10DBC0002846FFF76AFF214632462846FFF76FFED8
:10DBD000241A21462846BDE8F840FFF77CBF38B537
:10DBE00071B105682846FFF79AFE002204460146F7
:10DBF0002846FFF778FE2146BDE83840FFF7ADBF65
:10DC000038BD70B5066809B9002070BDB368B3EBC4
:10DC1000D10FF9D9B3F5004F34BF04230823CC1D2D
:10DC20001C44E40821463046FFF7D6FE054600288E
:10DC3000EAD001463046FFF750FEA04209D92C44F5
:10DC4000294630462246FFF701FF21463046FFF7BE
:10DC500042FF304601222946FFF745FEB368B3F57F
:10DC6000004F34BF0423082303EBC5031844CCE75B
:10DC70002DE9F84306681446B26801F1FF39B2F5A0
:10DC8000004F34BF0423082319EA01090F460BD0C3
:10DC9000494239408B424F4628BF0B46894654B90A
:10DCA00000252846BDE8F8839942F8D82146BDE80A
:10DCB000F843FFF7A6BFB2EBD40FF1D9E11DB2F5DF
:10DCC000004F394434BF04220822C91A1144C9083C
:10DCD0003046FFF781FE80460028E1D0B368B3F5F7
:10DCE000004F34BF0423082309EBC0051D4435440D
:10DCF0007B1E1D44B5FBF7F57D43A5EB09052946C1
:10DD00003046FFF70CFE2C44073424F00704A41B14
:10DD1000804507464FEAE40408D2024641463046B1
:10DD2000FFF794FE41463046FFF7D5FE39463046B0
:10DD3000FFF7D3FD3844844208D2394630462246A4
:10DD4000FFF784FE21463046FFF7C5FE0122394623
:10DD50003046FFF7C8FDA4E72DE9F74F9146056867
:10DD6000009098460F4631B94246494603B0BDE897
:10DD7000F04FFFF77DBFB8F1000F06D1FFF72FFF7F
:10DD80000024204603B0BDE8F08FAC68B4EBD80F98
:10DD9000F6D92846FFF7C3FD014606462846FFF799
:10DDA0009CFDB4F5004F34BF0421082101EBC602ED
:10DDB0002A4408F10704BB1A0C441C44834601930F
:10DDC000E408B9F1000F03D009F1FF32174243D143
:10DDD0005C450ED00FD23444224631462846FFF728
:10DDE00035FE314601222846FFF77DFD2146FFF72B
:10DDF000B4FE3C46C5E706EB0B0A01225146284615
:10DE0000FFF755FDC30727D451462846FFF765FDA8
:10DE10005844A04220D351462846FFF7C6FD51463C
:10DE20002846FFF75AFDA4EB0B08404509D93444B6
:10DE3000514628462246FFF709FE21462846FFF7AD
:10DE40004AFE524631462846FFF727FE0122314658
:10DE50002846FFF748FDCCE7009842464946FFF7C1
:10DE600007FF044600288BD031462846FFF735FDD2
:10DE7000AB68019AB3F5004F34BF04230823C2EB0B
:10DE8000C002D21A4245394628BF4246204619F000
:10DE900009FC00983946FFF7A2FE72E7B2F5802F21
:10DEA0002CBF08230423D21A2DE9F0418C18CD1D74
:10DEB00025F0070524F00704641B0026E40805602C
:10DEC0002146AC60EE602046FFF733FD421D920014
:10DED000013002F107074FEAD707A2F110023146DD
:10DEE000B8BF324605F1100019F004FC3A4631463D
:10DEF0002846FFF710FD3346324631462846FFF7E5
:10DF0000E1FCA4EB0708284631460122FFF7EBFCB1
:10DF100042463946FFF7FFFC3B4632463946284623
:10DF2000FFF7D0FC21462846FFF7F5FC4346324672
:10DF300021462846FFF7C6FC214628460122FFF766
:10DF4000D2FC3946BDE8F041FFF7C5BD2DE9F047E9
:10DF500006460D46174698462BB398F8004093F8AE
:10DF60000190DB78A40004EB430498F802301C44D1
:10DF700044444FF0000ACA4509D3D8F8042008F1F8
:10DF8000080339463046AC46BDE8F047604714F810
:10DF9000013B48F823402046E2F72EF901300444C3
:10DFA0000AF1010AE7E76FF01500BDE8F08770B5E8
:10DFB000002502462846144614F8013B0BB91846C2
:10DFC00009E098B18D4207D1702B04D0A3F1400233
:10DFD0003A2A0BD8002070BDA3F140063A2E05D88E
:10DFE00053780135941C002BE9D00020252B08BF65
:10DFF00080F001002246DEE7002070470FB407B52D
:10E0000004A951F8040B019100F016FC03B05DF86F
:10E0100004EB04B0704710B50369024613F0080022
:10E0200009D11368D4689C4297BF126AE31AD31AC5
:10E0300001200B6010BD00231846FAE713B501A9B3
:10E040000446FFF7E8FF20B1019BE268013B13445F
:10E050000193206A019BC01A013802B010BD10B5AF
:10E06000044650182269236AD20702D5013B1840A2
:10E0700010BD984228BFC01AFAE710B504460A46F8
:10E08000C168FFF7ECFF2369E06023F00803236118
:10E0900010BD38B50D46C2698B00016843F002031C
:10E0A00042F82130044601682A46FFF7D8FFE368AA
:10E0B00061682060984202BF236943F0080323612E
:10E0C0002A462046FFF7CBFF606038BD2DE9F74FA9
:10E0D000C768C6699B4616F8273003F00303022B76
:10E0E00004468846914606EB870A4FF0000309D0A4
:10E0F0001360CBF800302369990710D4002003B0D7
:10E10000BDE8F08F56F8271013608908CBF800306F
:10E11000F1D0FFF7B2FFE368A3600120EFE7A36946
:10E120005046984716F82730DA070546E6D513F02B
:10E1300002031DD0B8F1000F03D041462046FFF77F
:10E14000A8FF61682A462046FFF789FFD4E902311B
:10E150009942606004D12A462046FFF780FFA06004
:10E16000A3682360E360236943F008032361D4E7D5
:10E17000014620460193FFF780FFE268A260B8F1F4
:10E18000000F04D02168E269019B42F8213005EBC1
:10E190000802CBF8002021682046FFF760FF2369C2
:10E1A000206043F00803236116F827306FF3000363
:10E1B00006F82730C9F800A0AFE770B50446154649
:10E1C000FFF74DFF2368834205D12369216023F0C7
:10E1D0000803236170BDE269AB0043F0020342F81B
:10E1E0002130204661682A46FFF739FF6060F1E779
:10E1F00038B503695B07044606D5456AFFF71EFF7D
:10E2000085422CBF6562606238BD38B50D46044654
:10E210001C22002119F06EFAEB68A361AB68636100
:10E220002B68E3616B682362002262622A6923B172
:10E23000591E194208BF42F001022261012204F175
:10E2400028000021BDE8384018F05EBF2DE9F04FEE
:10E2500087B000250093036A03958B4204460E465F
:10E2600092460595A94639D3EFF3118B202383F30A
:10E270001288BFF36F8F059AD8462AB129462046E7
:10E28000FFF79BFF0023059304A92046FFF7C3FE79
:10E290000499B14207462AD32268E36913F8221091
:10E2A00021F0030103F8221003EB820921683246B2
:10E2B0002046FFF7D4FEE3682060984212D0002782
:10E2C00088F31188BFF36F8F039929B162690AB18E
:10E2D0002046904700230393002FC5D1484607B03E
:10E2E000BDE8F08F236943F008032361E7E718B125
:10E2F0002046FFF7CEFEE3E7009B5AEA03021CD05C
:10E30000019118F011FF0199B8B9BBF1000F14D1B8
:10E3100087F31188BFF36F8F009B524604F12800EA
:10E32000FDF718FDEFF31188202383F31288BFF364
:10E330006F8FB0FA80F77F09C2E705AB03AA2046CA
:10E340002568FFF7C3FE0746BAE770B50446836940
:10E3500008460D4698470246EFF31186202383F3C3
:10E360001288BFF36F8F2B7843F001032B70616825
:10E370002046FFF774FE60602046FFF739FF86F302
:10E380001188BFF36F8F70BD2DE9F041044620273F
:10E39000EFF3118687F31288BFF36F8F236913F0B1
:10E3A000080FA36802D16268934200D9226AE1692A
:10E3B000D21A32B986F31188BFF36F8F4FF000087D
:10E3C00033E011F8232012F0030001EB8308F1D0B1
:10E3D000022803D151F82350AD0805D1D00712D43B
:10E3E000A369404698470546A1682A462046FFF79C
:10E3F00036FE2946A0602046FFF73FFE86F31188CF
:10E40000BFF36F8FC4E742F0020201F823204046B9
:10E41000A369A5689847294602462046FFF71FFED4
:10E42000A06086F31188BFF36F8F4046BDE8F0818E
:10E43000F8B50446836908460D4698470646EFF34B
:10E440001187202383F31288BFF36F8F2B786FF32C
:10E4500000032B7023699B0705D5E268E36903EB92
:10E4600082039D421AD12B786FF341032B70D4E9BC
:10E470000231994204D132462046FFF7F0FDA060F8
:10E4800031462046FFF7F9FD87F31188BFF36F8F00
:10E4900004F12800BDE8F840FDF728BC2B6860F3C4
:10E4A0009F032B60F0E7EFF31181202383F31288A1
:10E4B000BFF36F8F036913F0080F836802D14268BE
:10E4C000934200D9026AD31A81F31188BFF36F8F88
:10E4D000181E18BF01207047038B13F0070305D1E6
:10E4E0000368002B0CBF002003207047022B05D1CE
:10E4F000408BB0FA80F0400980007047012B05D1B5
:10E500000368002B0CBF00200520704700207047D7
:10E5100010B50C4600B111B96FF0150010BD081D03
:10E5200000F093F80028F9D1A368032BF6D9F3E79C
:10E530002DE9F0410D4607461946281D90461E4616
:10E5400000F097F8044638B133464246294638462B
:10E55000A446BDE8F0416047BDE8F08110B4EFF398
:10E560001182202484F31288BFF36F8F416110BCA5
:10E570000121E2F743BC38B50C46054658B151B10C
:10E580000B6843B14B6833B11C22002119F0B2F87B
:10E590002C61002038BD6FF01500FBE770B5054613
:10E5A0000E46FFF7B5FF041E14DBEFF311822023A4
:10E5B00083F31288BFF36F8F6B8B2C8B4FF6FF7139
:10E5C0008B4204F0070407D182F31188BFF36F8FE9
:10E5D0006FF00A04204670BD022C0CD101336B830E
:10E5E00082F31188BFF36F8F0023224631462846FD
:10E5F000FFF79EFFEEE7062C14D8DFE804F00413C3
:10E600001313041A0400002333606B683BB9C5E997
:10E610000066ACB902212846E2F7F0FBDAE71E609B
:10E620006E60F6E782F31188BFF36F8F6FF004041A
:10E63000D0E782F31188BFF36F8F6FF08504C9E7CD
:10E6400082F31188BFF36F8FC4E7034640B142687D
:10E6500002F00302022A06D0032A04D0012A05D0C0
:10E660006FF0150070471A68002AF9D000209860F2
:10E67000704710B54268816002F00302022A034627
:10E680004FF0000407D0032A02D05C60002001E0B4
:10E6900018685C6010BD18685C600028F6D0FEF752
:10E6A000C1FAF3E7F0B5C6684568C369AF1B044615
:10E6B0004069BB4298BFFF1AA5EB0000944698BF83
:10E6C000F6181A1AD81B2368AD1B62452B4428BFC5
:10E6D00062460B606368904228BF10460344636043
:10E6E000F0BDD0E90123D21A8A420CD31944C36881
:10E6F000C269C0E90111C91A8A4201D900207047D4
:10E700001344C360FAE76FF0150070472DE9F34139
:10E7100080460E46154600272A4601A94046FFF7C7
:10E72000C1FF314604460246019818F0BBFF2D1B7D
:10E730002744264401D0002CEED139464046FFF74D
:10E74000D0FF384602B0BDE8F081F0B504468669D6
:10E750000569C069A368AF1BB842944698BF3618D4
:10E76000A3EB05022368A5EB060598BF3F1A2B44CF
:10E770006245A0EB070028BF62460B602369904208
:10E7800028BF104603442361F0BDD0E90423D21A08
:10E790008A420CD31944D0E90632C0E90411C91ADF
:10E7A0008A4201D90020704713448361FAE76FF071
:10E7B000150070472DE9F34180460D4616460027A7
:10E7C000324601A94046FFF7C0FF04462DB102467C
:10E7D0000199284618F066FF2544361B274401D0CE
:10E7E000002CEDD139464046FFF7CFFF384602B046
:10E7F000BDE8F081704703785B075FBF036842881C
:10E80000C3F34A2303EB12105DBF173020F007005B
:10E810008008002070470020704702F029B80346A6
:10E82000BFF35B8F53E8000F421C43E8002100292F
:10E83000F8D1BFF35B8F70471FB50023CDE902010C
:10E84000CDE900331A4619461846E3F70BF805B030
:10E850005DF804FB0120E2F7B1BC0020704718B15D
:10E8600040680079E2F7C0BE4FF0FF30FAE710B51C
:10E8700043685B79044613B10021E2F713FF636834
:10E8800000225A7110BD70B5D2E901369B1B8B4234
:10E890000C4615460AD313680A460146981918F023
:10E8A00001FFAB682344AB60204670BD6FF01B00D6
:10E8B000FBE770B50E4615461946044618B9BDE883
:10E8C0007040E2F77BBC33B1C2F34A231030120D23
:10E8D000184418F0E7FEC4E900562046BDE8704031
:10E8E000E2F728BE2DE9F3415F1C4FEA8708064690
:10E8F00008F1170020F0070080080C461546E2F7E3
:10E90000D3FC0023ADF805308DF807308DF8047086
:10E9100068B10346019A43F8102FA8F104012A4672
:10E92000294452F8045B43F8045F8A42F9D1A201FA
:10E9300002F4E07242EA482222F07F4222F470029E
:10E94000002322F03F02314602B0BDE8F041FFF75C
:10E95000B0BF07B50123019201AAFFF7C3FF03B0BF
:10E960005DF804FB07B5CDE9002302236A46FFF7F3
:10E97000B9FF03B05DF804FB1FB5CDE90123069B89
:10E98000039301AA0323FFF7ADFF05B05DF804FB75
:10E99000F8B506460D4614461F4604B9F8BD214693
:10E9A00028463A46B047241A0544F6E710B54268AF
:10E9B00081680446D2E900230068FFF7E9FF636835
:10E9C00000221A6010BD38B54B681A68CB689A42AD
:10E9D00005460C4602D10846FFF7E8FF6368BFF31F
:10E9E0005B8F53E8002F511C43E800100028F8D13A
:10E9F000BFF35B8FA3689D54002038BD0A2838B54B
:10EA000004460D4602D10D20FFF7DDFF29462046C2
:10EA1000FFF7D9FF002038BD2DE9F043054687B048
:10EA200008460E8891F80090D1F808800C461746E9
:10EA3000E2F770FF011EC6F38216C9F3C2091EDB9E
:10EA40004846E2F789FD03462146608851F8102BBD
:10EA50000196C2F34A22002A01EB0204C0F30B1014
:10EA600008BF00210022CDE90407CDE9021400927D
:10EA700041462846E2F77AFF07B0BDE8F08300235D
:10EA8000E2E703785B075FBF03684288C3F34A236A
:10EA900003EB12105DBF173020F007008008002044
:10EAA000704783689B6903B11847704708B543688E
:10EAB000197311B11868FFF7F4FF002008BD10B5F5
:10EAC000406830301C46FFF775FE2060002010BD06
:10EAD00010B5406850F8984B18F060FC2046FFF7DE
:10EAE000E0FFA3685B6A0BB120469847002010BD89
:10EAF0002DE9F04145681E462B7B0C46174693B125
:10EB000001EB0208A04507D13760D5E901310120AA
:10EB100098470020BDE8F081286814F8011B83683D
:10EB20005B689847EEE705F11000FFF7EFFD05F190
:10EB3000D00330600121BFF35B8F53E8002F43E81F
:10EB400000100028F9D1BFF35B8F002AE1D12868BB
:10EB500083685B69002BDCD09847DAE78268002382
:10EB600082F856308268A2F852308268A2F850309B
:10EB7000704710B50346BFF35B8F53E8000F40EAC0
:10EB8000010243E80024002CF7D1BFF35B8F10BDD6
:10EB900010B50346BFF35B8F53E8000F00EA010294
:10EBA00043E80024002CF7D1BFF35B8F10BDFCF7C6
:10EBB000D5BF73B50901856801F51F710446164676
:10EBC0000D4401AA6946284618F03AFD009B23B17E
:10EBD000284618F032FD2046B04702B070BD0EB492
:10EBE00003B503AA52F8041B0192E4F7C1FC02B07A
:10EBF0005DF804EB03B0704708B510B1E1F7FCFA1B
:10EC000080B208BD8B6820B903F51F700021FEF7A4
:10EC100009B803F52B70F9E700F51E7019B14FF430
:10EC20000061FFF7A6BF6FF40061FFF7B1BF00F509
:10EC30001E7011B10421FFF79CBF6FF00401FFF7B4
:10EC4000A7BF08B500F51D7029B10121FFF791FF9D
:10EC500000F0010008BD6FF00101FFF799FFF7E731
:10EC6000FCF7F4BF73B5002304460093204600F080
:10EC70003DFCE06900F090FE05462046A668E4F7FA
:10EC80007FFEA368B3F8503006F51F7623B14FF42A
:10EC9000F670002118F0FAFA01AA6946304618F019
:10ECA000CFFC15B1009B002BE0D002B070BD10B5B9
:10ECB00083681A7D012A044629D1D3F878225104A9
:10ECC00008D5D3F87422520704D40146DA6CC0691F
:10ECD00000F008FEA0684FF0FF324FF0FF3300F560
:10ECE0004370FFF764FF08212046E4F731FD6069B7
:10ECF000E3F792FD2046E3F74FFF204600F0F8FCD3
:10ED0000A06800F54370FFF7ABFF002010BD6FF067
:10ED10008500FBE7F8B5044680681F46037D022B9B
:10ED20000D46164607D0BDE8F8404FF4805100F577
:10ED30001E70FFF71EBF4FF0FF324FF0FF3300F59C
:10ED40004370FFF734FFA368D3F87822100508D486
:10ED50009A6C32B9D3F87432990602D5204600F085
:10ED6000C5FB3B4632462946204600F021FCA368FD
:10ED7000D3F87822120508D49A6C32B9D3F87432D9
:10ED80009B0602D52046E4F7FBFD606900F08FF892
:10ED9000A068BDE8F84000F54370FFF761BF0CB410
:10EDA00007B504AB53F8042B0193FFF7B3FF03B08F
:10EDB0005DF804EB02B070470EB403B503AB082155
:10EDC00053F8042B0193FFF7A5FF02B05DF804EBA5
:10EDD00003B070470EB403B503AB032153F8042B03
:10EDE0000193FFF797FF02B05DF804EB03B07047A3
:10EDF0000EB403B503AB012153F8042B0193FFF7C5
:10EE000089FF02B05DF804EB03B07047F8B5054622
:10EE10000F46D1B10846FFF7EFFE0646A8684FF44B
:10EE20002472002300F54370FFF7C1FE044618B1B9
:10EE30006FF00F042046F8BD731C142BA86800D88F
:10EE400036B900F54370FFF70BFF6FF01504F1E7DB
:10EE50003946E1F7C9F9AB6883F83C60A86800F56A
:10EE60004370FFF7FDFEE5E710B5044680684FF0FC
:10EE7000FF324FF0FF3300F54370FFF798FE204656
:10EE8000E3F790FCA068BDE8104000F54370FFF781
:10EE9000E7BE18B18368D3F8240370476FF01500FC
:10EEA00070478368996409B9FFF758BE704710B579
:10EEB00002698368126801680446C068984723693C
:10EEC00000221A6010BD38B5CB681B7C022B0546AA
:10EED0000C4604D10A2802D10D20FFF7F4FF236964
:10EEE00022681B68D55422691368013313602369B3
:10EEF0001A6863689A4202D12046FFF7D8FF0020C3
:10EF000038BD08B510B1E1F777F980B208BD10B58A
:10EF1000047B438922442144B2FBF3F003FB10221B
:10EF2000B1FBF3F003FB1010101A10BD10B5047BF9
:10EF3000438921441019B1FBF3F1B0FBF3F0401AFF
:10EF400010BD30B5057B43892944B1FBF3F403FBC5
:10EF5000141101312A4401340180B2FBF3F103FBA7
:10EF60001122848001324C1CC480428030BD2DE9C6
:10EF7000F74F002607468846144699460660B24673
:10EF80002378002B00F0BF80202B3AD0093B042BC4
:10EF900037D93B685A1C3A6048F823403B684B45D8
:10EFA00000F0B18000262278002AE9D0A6B91646E2
:10EFB00023461C46272E04D05C2E25D0222E40F05E
:10EFC00096802046FFF79DFF611C0246204618F000
:10EFD00077FB2278002AD3D0B242A34604F1010481
:10EFE00020D15846FFF78DFF21460246584618F0BB
:10EFF00067FB9BF800605C46002ED9D1C0E7002675
:10F00000BEE704F801ABBBE72046FFF77AFF651CBB
:10F0100002462946204618F053FB66782C46002EFF
:10F02000C8D1ADE75C2A9BF80120D3D1B24210468B
:10F0300008D15846FFF765FF21460246584618F0AA
:10F040003FFBB0E7302A25D1022300251BF803003F
:10F05000A0F13001C9B2072919D8ED000133EDB292
:10F06000052B45EA0105F1D1591E59445846019333
:10F070000091FFF746FF019B0099023BC21A5846D8
:10F0800018F01EFB9BF801208BF80050A2E7DBB2C2
:10F09000022BE9D1782825D1022100251BF8013067
:10F0A000A3F13000C0B2092808D82D01EDB2054304
:10F0B000022901D00423D7E70321EFE7A3F1610080
:10F0C000052805D82D01EDB2573B1D43EDB2EFE702
:10F0D000A3F14100052803D82D01EDB2373BF4E739
:10F0E000022902D10BF1010474E70323BCE7202EAF
:10F0F00085D0093E042E82D96678631C002E7FF4E9
:10F1000058AF1C463CE7304603B0BDE8F08FF8B579
:10F110000E4611460746154618F03FFB0446E0B17F
:10F120002846FFF7EEFEA742054607D214F8013C39
:10F13000202B02BF0135ADB204F1FF342046FFF7AA
:10F14000E0FE3388421C5B1B521B33806119204652
:10F1500092B2BDE8F84018F0B3BAF8BD2DE9F0411D
:10F160000F4686B01646044670B1034601AC00F166
:10F17000100518685968224603C20833AB4214468A
:10F18000F7D11868106001AC4FF0000841463246D4
:10F190002046E4F701FA08F10108054628B129687C
:10F1A0003846E1F717F80028F0D1284606B0BDE848
:10F1B000F0812DE9F0471C46DDF820809DF8249071
:10F1C00000230F46164623602368BB4205461BD228
:10F1D00056F8230000F0ECFD2368824618B1013395
:10F1E00023602846F0E756F8231042462846FFF7EA
:10F1F000B5FF48B123685A1C2260B9F1000FE3D073
:10F200008045E1D1236055462846BDE8F087F8B532
:10F210000746FFF776FE054638BBF8BD54B18AB203
:10F22000AA1A013001323944384418F049FA2C1B2B
:10F23000A5B20024334698B26A1E9042EDDA3A5CD9
:10F24000202A03F1010602D0093A042AF2D8B1B209
:10F250008BB29D42EED97B5C202B02D0093B042B64
:10F26000DCD80134A4B20131F2E700231C46E2E706
:10F27000F8B5846894F8563006462BB9B368B3F8ED
:10F280005020A3F85220F8BD04F15600B4F85030D5
:10F29000C21812F8012C202A1CD0093A042A19D9C4
:10F2A0000022C25413461D460133425D202A9BB200
:10F2B00000EB0501F7D0093A042AF4D9002DDDD07E
:10F2C000B4F850707A1C521B7F1B18F0F9F9A4F89F
:10F2D0005070D3E7013B9BB2A4F85030002BD5D13E
:10F2E00084F85630CAE70EB403B503AA52F8041BDB
:10F2F0000192E4F73DF902B05DF804EB03B070470A
:10F3000010B50446E0F778FFB4F8503013FA80F0F7
:10F3100038B1638FB0FBF3F203FB1200B0FA80F058
:10F32000400910BD38B584682046E0F765FFD4F881
:10F330007452B4F85230C5F3400580B205FB0300A7
:10F34000638FB0FBF3F203FB1200B0FA80F04009C8
:10F3500038BD10B50446FFF7E5FF18B9A068FFF700
:10F36000CFFF20B16069BDE81040E4F783B910BD5C
:10F37000F8B584680546B4F85020B4F8521004F18A
:10F380003000FFF7DEFDA868A78EE68EFFF7B8FF16
:10F3900010B16869E4F76EF9B74207D1218E638E28
:10F3A0002846C91ABDE8F840E4F780B9E18EA38E7B
:10F3B0002846C91AE4F764F9F0E7F8B5044680680E
:10F3C0000D46B0F85210B0F8502030300D44FFF721
:10F3D000B8FDA068ADB2B0F852102A463030FFF741
:10F3E000A5FD0746A0682A46B0F852103030FFF756
:10F3F0008EFD794206462046E4F742F93146204622
:10F40000E4F754F9A368A3F85250F8BD2DE9F04190
:10F410000C1E064636DA644224B24FF0FF35A4B221
:10F42000AFB216E0B368B3F852C0B3F8508003F13E
:10F43000560E6146002281B96B1C02D0B8F1000F54
:10F440000FD1A1EB0C0109B23046FFF7B6FF013C2A
:10F45000A4B2002CE6D1BDE8F081884501D1012D90
:10F46000EFD01EF8013023F020004138192807D9C9
:10F47000303B092B04D9002AE3D1394489B2DAE7B9
:10F480000122FAE70125CAE78368B3F8521049421E
:10F4900009B2FFF792BF8368B3F85010B3F8523047
:10F4A000C91A09B2FFF789BF8368B3F852301BB19C
:10F4B0004FF0FF31FFF781BF70478368B3F85220E8
:10F4C000B3F850309A4202D20121FFF776BF70475D
:10F4D0008268B2F85210A2F850108368B3F8522034
:10F4E0001344002283F85620E4F7B8B810B5044658
:10F4F0008068B0F85020B0F852103030FFF721FD8E
:10F50000A368198E2046C1F10101E4F7CFF8A36882
:10F51000998E20460139E4F7B3F82046BDE8104043
:10F52000E4F79CB82DE9F041054686B00F46144635
:10F530000026A4B906B0BDE8F081D3F8782292077E
:10F54000FBD5BFF35B8F03F51E7353E8001F21F05B
:10F55000020143E80012002AF7D1BFF35B8F68680D
:10F5600003682246D3F80C80B9196B46C047009A4D
:10F570001644A41A002ADCD1AB68197D0329EED009
:10F580000229DAD803F52B73012101A818F027F816
:10F590004FF0FF324FF0FF33012101A8FDF7EAFAE7
:10F5A000A86800F52B7018F048F8D8E7FFF7BABF45
:10F5B000F7B51E4683681546D3F87422D206044672
:10F5C00013D593F83E208A420FD0DB8FADF804307C
:10F5D000E4F7BEF8606932462946E3F7C9FF01A99E
:10F5E0002046E4F7D5F803B0F0BD606932462946FD
:10F5F00003B0BDE8F040E3F7BBBF0CB407B504AB04
:10F6000053F8042B0193FFF7D3FF03B05DF804EB2D
:10F6100002B070472DE9F0418768B7F85060B31821
:10F62000FF2B05468846144626DCB7F85230F61AFA
:10F6300056331F44B6B232463946381918F040F8EE
:10F6400022464146384618F02DF8AA68B2F85030E4
:10F650002344A2F85030AB68B3F850201344002282
:10F6600083F85620AB68D3F87412890706D4B3F830
:10F6700052201444A3F85240BDE8F0813146284698
:10F68000BDE8F041E4F706B9FFF7C4BF38B5054659
:10F690008068B0F85220B0F85040A41AA4B29CB1CF
:10F6A00056321044411C224618F00AF8AA68B2F8F3
:10F6B0005030013BA2F85030611E28460122BDE8BF
:10F6C000384089B2E4F7E6B838BD10B58368B3F8BE
:10F6D000502004465AB1B3F8523043B14FF0FF31D5
:10F6E000FFF76BFE2046BDE81040FFF7CFBF10BD0F
:10F6F00070B592B00023054601934FF47A746868A0
:10F70000036840221E6902A901ABB047019B13B1F7
:10F7100008B9013CF3D112B070BDF8B5C3695E6998
:10F720005F6883683046D3F87452FEF72DFEC5F348
:10F730000015044650B1014605F10E023846FFF7A8
:10F740006BF930462146FEF773FE0120F8BD436891
:10F750001B68D3E90632BFF35B8F53E800CF8C44BC
:10F7600043E800C00028F8D1BFF35B8F9368BFF374
:10F770005B8F53E8000F084443E80002002AF8D1E9
:10F78000BFF35B8F70472DE9F04743681E68F3694C
:10F79000B268D3F81480D2F874429A68D3F804900F
:10F7A0001279012A07460D46C4F3001403D0032A38
:10F7B0004FD0BDE8F087D8680B7859075EBF2B683B
:10F7C000C3F34A246B8840F2E7314FF0000A58BF78
:10F7D00004EB13144FF4004C8E46514658BF1734B7
:10F7E000E0FB0CE158BF24F007044FF47A724FF0AD
:10F7F0000003704654BFA4080024E0F7D1FC024681
:10F800000B4640462146FEF721FD814628B9384681
:10F810000121BDE8F047FFF79ABF012CF7D929462F
:10F82000026851F8043BC3F39D0363F39F0240F861
:10F83000042B621E920017F035FF40464946FEF742
:10F8400084FDB06800F523705146BDE8F047FDF730
:10F85000E9B93046FFF74AFE17F066FC04F10E07DF
:10F86000044600B3EFF31184202383F31288BFF31F
:10F870006F8FB368D3F878321A051ED53A462946F9
:10F880004846FFF7C9F8B368D3F878321B0502D4AD
:10F890003046E4F775F817F047FC90B184F311880F
:10F8A000BFF36F8F85E7B06800F543704FF0FF320C
:10F8B0004FF0FF33FCF752F9DBE73046FFF716FE57
:10F8C000DCE7B06800F54370BDE8F047FCF7BEB96F
:10F8D00010B513460C460A4601461846FFF766FE69
:10F8E000204610BD70B504460D461646D0E90410FA
:10F8F000FEF78BFC324620682946E1F7EBFE636891
:10F900005B685D60A36800221A60A36801221A7117
:10F9100070BD10B504460068FEF7A9FFA368022277
:10F920001A7110BD10B543681C6860680368012136
:10F930009B68984758BBE3699B6803221A71A368C8
:10F94000BFF35B8F03F51E7353E8001F41F40051B2
:10F9500043E80012002AF7D1BFF35B8FA068B0F82C
:10F960005020B0F852103030FFF7EBFA4FF0FF3173
:10F970002046E3F785FEA368198E20464942E3F747
:10F9800095FE2046FFF7C9FE0028FAD110BDE069B8
:10F99000BDE81040FFF7BDBF73B5036882685B68C0
:10F9A0001D68AB68D3F87432BFF35B8F0446C3F3B2
:10F9B0000013002152E8006F42E800100028F9D13E
:10F9C000BFF35B8F26B14BB960683146E2F738F977
:10F9D000284602B0BDE87040FFF79FBEAB682846DE
:10F9E000DB8FADF804300121E3F7B2FE60683146E9
:10F9F000E2F726F901A92846E3F7CAFEE8E70EB4C4
:10FA000003B503AA52F8041B0192E3F7B1FD02B05B
:10FA10005DF804EB03B070472DE9F84305469046C6
:10FA20000E46002967D00024335D202B23D0093BEC
:10FA3000042B20D93046E0F7DFFBAB68598F80B24A
:10FA4000001BA1EB0803984206EB040915D94846B0
:10FA5000002710F8012B202A06D0A2F1090CBCF1D6
:10FA6000040F02D80A2A2DD03B4608EB0702914228
:10FA700027D90137EDE70134D6E74B460027B842D6
:10FA800014D013F8012B0A2A19D16869FFF70FFA6D
:10FA900049463A462846FFF745FD6869E3F788FF7F
:10FAA0000134414628463C44E3F700FE68693119B9
:10FAB000FFF7A5FF6869BDE8F843E3F779BF0137B1
:10FAC000DDE71F466869FFF7F2F93A4649462846DE
:10FAD000FFF728FD3C44335D202B02D0093B042B6B
:10FAE00001D80134F7E76869E3F762FF4146284629
:10FAF000E3F7DCFD9EE7BDE8F883002070478369EB
:10FB00000020186070470EB403B503AA52F8041B16
:10FB10000192E3F72DFD02B05DF804EB03B07047EE
:10FB200008B50168FFF772F9002008BD8368BFF3CC
:10FB30005B8F03F51D7353E8001F21F0200143E89C
:10FB40000012002AF7D1BFF35B8F00207047836853
:10FB5000BFF35B8F03F51D7353E8001F41F00801ED
:10FB600043E80012002AF7D1BFF35B8F00207047F3
:10FB70008368BFF35B8F03F51D7353E8001F21F00B
:10FB8000100143E80012002AF7D1BFF35B8F002079
:10FB900070478368BFF35B8F03F51D7353E8001F45
:10FBA00021F0080143E80012002AF7D1BFF35B8F70
:10FBB000002070478368BFF35B8F03F51D7353E824
:10FBC000001F21F0020143E80012002AF7D1BFF321
:10FBD0005B8F002070478368BFF35B8F03F51D7355
:10FBE00053E8001F41F0100143E80012002AF7D14A
:10FBF000BFF35B8F002070478368BFF35B8F03F513
:10FC00001D7353E8001F41F0200143E80012002A51
:10FC1000F7D1BFF35B8F002070478368BFF35B8F22
:10FC200003F51D7353E8001F41F0020143E8001281
:10FC3000002AF7D1BFF35B8F0020704708B58368B7
:10FC4000D3E900210A6051600021C3E900111A893B
:10FC50005B8900681A440C32FEF7ACFD012008BD38
:10FC60000023C3607047F8B51F460346164653F895
:10FC7000044F9C4202D100203880F8BDC568B1B95C
:10FC8000002DF8D0AC4202D10023C360F3E76C68CA
:10FC9000C460002CEFD0228904F10C01304617F02B
:10FCA00001FD23893B800022F2540120E5E7002D6D
:10FCB000EED08368AB42E7D02C68E9E738B504465C
:10FCC000051D6368AB4204D02046FFF7B7FF00284C
:10FCD000F7D138BD2DE9F04F02F10C050368C5F1ED
:10FCE0000009DB6909F0030985B04D449D420446D3
:10FCF0000191174610D80023C3606AB1466800F12D
:10FD0000040AB2450BD05EB13389934208D106F1A3
:10FD10000C0017F0F7FC18B905B0BDE8F08F1E46CF
:10FD20004FF00008236819699A68914201BFC3E93E
:10FD30000288C3E90588C3F80480C3F810802068EE
:10FD40002A4603A9FEF7AEFC854283461ED92068E9
:10FD50002A4603A9FEF7A6FC854218D172895A44A7
:10FD60007281AB44039D01992F813A46A5F80A9010
:10FD700005F10C0017F096FC6268C5E9002A556091
:10FD8000206865605946FEF7ACFCC5E7EAD02068FC
:10FD90000021FEF7A6FC63689A45C3D02046FFF712
:10FDA0004DFFBFE7031DC0E901330023C360704767
:10FDB00010B5044628B1E0F71FFA002380B298423C
:10FDC00001D8002010BDE25C3F2A03D02A2A01D0CE
:10FDD0000133F4E70120F5E710B5044680684FF4DD
:10FDE0008072002100F5AB7017F084FCA068B0F8B9
:10FDF000502000F1560100F5AB7017F053FCA068DD
:10FE000000F5AB70FFF703FAA46804F5AB70E0F7F8
:10FE1000F3F90130A4F8540010BD10B50446806811
:10FE2000B0F8542000F5AB71563017F03BFCA368D6
:10FE3000B3F85420A3F8502010BDFEE70146006837
:10FE4000E4F744B908B5E4F7B1F9BDE80840E4F7D0
:10FE5000D1B90A460121FEF77CBD00210120E4F75B
:10FE600035B961B662B680F31188BFF36F8F704702
:10FE700072B6002383F31188BFF36F8FBFF34F8FE8
:10FE800030BF62B6BFF36F8F704772B6002383F343
:10FE90001188BFF36F8FBFF34F8F20BF80F311889E
:10FEA000BFF36F8F62B67047202809D9B0F1004FB9
:10FEB00008D80138B0FA80F0C0F11F004000704748
:10FEC000082070473E20704708B5D1E904319847B3
:10FED000002008BD08B5E4F795FF002008BD0B071A
:10FEE00004D5A0F14103192B98BF203070472DE9AC
:10FEF000F04F85B08A4615460293044600283ED04E
:10FF000000293CD0002B00F00C810A46A04629466F
:10FF100018F8010BFFF7E3FF0346C0B23F2817783C
:10FF2000064627D013F0C00F0BD1C8B12A2837D00E
:10FF300029463846FFF7D3FF864202F101022DD051
:10FF40001DE05B287AD05C28F2D1EB07F0D4607812
:10FF5000FFF7C5FF10F0FF0618BF04F10208E7E73E
:10FF6000EC0601D52F2F02D0381E18BF012005B096
:10FF7000BDE8F08F1FB12F2F03D1A8070DD50120A9
:10FF8000F5E72E2F09D1690707D55245F7D0AB0702
:10FF900003D512F8013C2F2BF1D001324446B5E7CE
:10FFA0006078FFF79CFFC1B22A2918D02E2F09D103
:10FFB0006F0707D55245E2D0AE0703D512F8013CD2
:10FFC0002F2BDCD079B915F00200D0D0ED0600F16E
:10FFD000AA802F21104617F0A5FB0038C5E718F8B6
:10FFE000010F2946DDE72F2908D1AC0706D51046B9
:10FFF00017F098FB02460028D0D1C0E7029B1646B6
:020000040002F8
:1000000003F1FF3925F0040A05F00207B34629463B
:100010009BF80000FFF763FF10F0FF0406F10106F4
:10002000ADD04B46524659464046FFF760FF012887
:100030009DD12F2CEAD1002FE8D098E7002F9ED039
:100040002F2F01D1A8079AD43846FFF748FF6378CD
:10005000212B814601D05E2B1DD10234012314F8DF
:10006000010B01932946FFF73AFFC6B25D2E15D06A
:100070004FF0000B2F2E48D05C2E07D1EB0708D491
:1000800014F8010B2946FFF72AFFC6B2002E3FF4F1
:1000900076AF234605E044460023E0E723464FF0D1
:1000A000000B21782D2937D1607803932946FFF77B
:1000B00016FF10F0FF00039B18D05D2816D05C28B7
:1000C00004F102030CD115F0010F09D1E31CA07853
:1000D0000393FFF704FF10F0FF003FF450AF039BC2
:1000E0004E4503DC4845A8BF4FF0010B1C4629468E
:1000F00014F8010BFFF7F3FEC6B25D2EBAD1019BD7
:100100005B453FF43CAF611C03D15B2F7FF437AFFD
:1001100044460132A04641E74E4508BF4FF0010B6F
:10012000E4E7032023E7084621E74023FFF7DFBE8B
:100130000369C9B20C2201FB0233186C00F00700FE
:10014000704770B5C9B20369EFF31185202484F3B9
:100150001288BFF36F8F0C2606FB0134246C14F059
:10016000C00408D0A24206D085F31188BFF36F8F78
:100170004FF0FF3070BD71430B4401221A6485F3C8
:100180001188BFF36F8F43680B445B68984700206A
:10019000F0E78022FFF7D5BFF8B5069F0469C9B222
:1001A000EFF31186202585F31288BFF36F8F0C259E
:1001B00069430C44256C05F0070CBCF1010F0BD111
:1001C000276486F31188BFF36F8FC4E90E23436859
:1001D0005B5898470020F8BD05F0C005AF4286F394
:1001E0001188BFF36F8F0CBF6FF077004FF0FF30B7
:1001F000F1E713B580240094FFF7CEFF02B010BDE5
:1002000010B40069CBB21C2403FB0400002110BC15
:1002100010470020E6F772BF002000F047BB1046F1
:10022000FBF764BD43685B68D3F810350B600020B2
:10023000704743685B6802EA010021EA0201C3F8E3
:100240000805C3F80C150020704743685B68002060
:10025000C3F80815704743685B680020C3F80C15A5
:10026000704743685A68D2F8043521EA03000B400E
:10027000C2F80805C2F80C350020704710B50369B4
:100280005868F8B1884219D19C6808685860A14242
:1002900000D19860002008602AB15A680A609A6804
:1002A000596002B99960002010E0814206D10868C7
:1002B000206098688142EDD19C60EBE704460068BD
:1002C0000028F2D1002AE8D16FF0150010BD30B53A
:1002D00043681360057A446804EBC504A34202D363
:1002E0006FF0010030BD5C798C4201D00833F0E73B
:1002F0000020F7E743681B68D3F88004C3F8800444
:10030000704742681368D3F8100150B1D2690020D9
:1003100012780A70C3F81001D3F8102101221A6074
:1003200070474FF0FF307047002A0FDD42681368B6
:10033000D3F8100158B10020C3F81001D269D3F8E6
:10034000100112780A700120186070470020704771
:1003500010B5436819680369EFF31182202080F318
:100360001288BFF36F8F1868002484731B68012004
:10037000D8734FF48003C1F8043382F31188BFF3BC
:100380006F8F10BD03691A68012191731B680022E9
:10039000DA737047026911680346C87B40B15B6835
:1003A0001B68D3F8580118B100230B6113689889B2
:1003B000704743681B68D3F81001003818BF01204C
:1003C000704743681B681022C3F8042370474368D2
:1003D0001B681022C3F80823704743681B684FF45A
:1003E0000072C3F80423704743681B684FF400721F
:1003F000C3F80823704738B543681D68D5F804333F
:100400005B02044605D4D5F8040310F0100006D1B1
:1004100038BDFFF7BFFF0028F5D00120F8E72046E0
:10042000FFF7C7FF003818BF0120F1E70120704730
:100430000369186801601B685A60704702680346C8
:10044000D2F8580140B95B68DB0706D4D2F8200126
:10045000003818BF012070470120704710B443686E
:1004600002691B68D3F80413C90517D5D3F8201106
:10047000A1B1EFF31181202484F31288BFF36F8FB1
:10048000D3F8204134B10024C3F82041D3F82041EF
:100490000124DC6081F31188BFF36F8F1168D3F8FA
:1004A000584171B17CB100240C611168C97B19B944
:1004B0004FF48001C3F8081311688C7B1CB1002332
:1004C0008B7310BC7047D3F8241121B10021C3F8FD
:1004D0002411D3F8243112681368002BF1D051682D
:1004E00010BC18472DE9F041066933689C89BFF3B9
:1004F0005B8F94420546A8BF14461033012753E88A
:10050000002F002A03D143E800700028F7D1BFF381
:100510005B8F0CBF3B4600232BD133682246986883
:1005200017F0C0F8EFF31188202383F31288BFF38C
:100530006F8F69680846FFF781FF326840B9106124
:10054000044688F31188BFF36F8F2046BDE8F08121
:100550000B689268C3F844250022C3F84845C3F8E5
:100560002021D3F82011C3F85821D3F858219F60D7
:10057000E7E71C46E9E7FEF7ECB900220121042079
:10058000E4F7FCB910B50B6813B91360184605E021
:1005900003685C681CB114600368186810BD0833F8
:1005A00003600B68013B0B60EDE703460A460068F9
:1005B0001979012303FA01F103691B68194218BF75
:1005C00082F0010212B18368DB68184783681B69F7
:1005D000FBE710B5036804464BB19A683AB1186955
:1005E00016F0E3FC206800210830FFF7DEFFA36966
:1005F00033B9636004F11000BDE81040FBF776BB2F
:1006000010BD10B5006903688B4206D190F87C409C
:1006100034B9FFF7DEFF204610BD6FF01500FBE791
:100620006FF00F00F8E710B5046994F84C3043B947
:10063000216404F12800FBF759FB002384F87C3087
:1006400010BD636C3BB122689288D20701D501B915
:10065000216FA26C984723689B8813F40053ECD158
:10066000636004F11000E6E71FB5079C0294069C46
:10067000019401240094E5F71DFB04B010BD1FB5E3
:100680000024CDE901440094E5F714FB04B010BD4B
:10069000F8B50C46054600F09CF9002221460646B6
:1006A0002846E7F777F803212046E5F74BFD00F0F1
:1006B000DFF807462B689B5953B100262146284690
:1006C00000F085F920460121E5F73CFD3046F8BDF4
:1006D00000F0CEF8C01B0628ECD96FF07306EDE7EA
:1006E000FEF737B9002201212F20E4F747B910B5F2
:1006F0000B6813B91360184605E003685C681CB109
:1007000014600368186810BD083303600B68013B70
:100710000B60EDE713B5002101AA0446FFF7D7FDF2
:10072000002805DB019B226819791868E4F7CEFFE1
:1007300002B010BD03460A4600681979012303FA86
:1007400001F103691B68194218BF82F0010212B15E
:100750008368DB68184783681B69FBE710B50446AC
:100760000068D0B18368C3B149B101210830FFF7F7
:10077000E1FF23681869BDE8104016F016BC12B9F5
:100780008388DB0409D4006916F00FFC206800217F
:10079000BDE810400830FFF7CDBF10BD10B50122F5
:1007A00000210446FFF7DAFFA36933B9636004F15F
:1007B0001000BDE81040FBF799BA10BD10B50069F4
:1007C00003688B4206D190F87C4034B9FFF7E6FF0E
:1007D000204610BD6FF01500FBE76FF00F00F8E743
:1007E00038B5046994F84C3005466BB9216404F1BE
:1007F0002800FBF77BFA002284F87C202869114648
:10080000BDE83840FFF7AABF636C43B12268928805
:10081000D20701D501B9216FA26C284698472368F9
:100820009B8813F40053E6D1636004F11000E0E705
:100830001FB5079C0294069C019401240094E5F7DF
:1008400043FE04B010BD1FB50024CDE9014400945F
:10085000E5F73AFE04B010BD00F150039B009BB2D7
:1008600003F1804303F5883300221A601B68704748
:1008700008B5E6F7D9F808BDFCF766BB08B5E3F79D
:1008800039FBE3F70DFCBDE80840FCF75DBB004712
:1008900016F08BBBC00000F1804000F5F830C0F8C6
:1008A0001015C0F814257047E7F7AAB8E6F7A2BB01
:1008B000F7B5019001A8DDE9084716461D46E6F7A1
:1008C000AFFC019BB6F1000C18BF4FF0010C00EB20
:1008D00083000B1E18BF0123002D43EA4C0314BFF5
:1008E0004FF00C0C4FF0000C002C43EA0C0314BF2B
:1008F0004FF4E06C4FF0000C002F43EA0C03D0F8EB
:10090000002714BF4FF4403C4FF0000C43EA0C03A7
:1009100022EA030301B109780EB136787600194353
:100920000DB12D78AD0031430CB124782402294358
:100930000FB13F783F040C433C43C0F8004703B07D
:10094000F0BD1FB50DF10F03019300238DF80F10BB
:1009500000931A461946FFF7ABFF05B05DF804FB9C
:1009600008B50146E6F7AEFC40B10846E6F792FC52
:1009700000B2800000F5807080B208BD4FF4BE70F8
:10098000FBE738B5054608460C46E6F79BFCB0B1D8
:100990000846E6F78BFC90B90846E6F77BFC2A6828
:1009A00001238340C2F808332A6803B202EB8303B1
:1009B000D3F8102522F00302C3F8102538BD2046D5
:1009C0000021BDE83840FFF7BCBFE6F701BDFFF7E7
:1009D000D8BF0846FFF7C4BF07B5019001A8E7F7E5
:1009E00015F8019A01239340C0F8083503B05DF86B
:1009F00004FB07B5019001A8E7F708F8019A012365
:100A00009340C0F80C3503B05DF804FB37B5D0F85F
:100A100018358A69DBB28DF807300B6A93423EBF06
:100A20004A699DF80740D4540B6A91F824500C6928
:100A30005A1C0A62023335B1A3428C6938BF0B617C
:100A40009C4288BF8B610D699D4205D9CA68D35C01
:100A5000C0F81C3501200AE08C699C4201D9CB7F8B
:100A6000F6E7AA42F6D3A2422CBF0020012003B031
:100A700030BD70B5A2F58074A408012606FA04F40E
:100A8000054614EA010008D0A85830B10021A95049
:100A9000AA581A6822431A60304670BD2DE9F34106
:100AA000002304460D460193904601AB4FF4A67215
:100AB000FFF7DFFF4FF4827229462046FFF7D9FF88
:100AC0004FF48C72074629462046FFF7D2FF0646B0
:100AD00030B1B8F1000F1DD017B1D4F83C353E4607
:100AE00001AB4FF4887229462046FFF7C2FF30B1B0
:100AF000B8F1000F03D016B90FB1D4F83C3501ABF3
:100B00004FF4907229462046FFF7B3FF019802B0D8
:100B1000BDE8F0814646E3E707B5019001A8E7F795
:100B20004BF9019A01239340C0F8083503B05DF8F2
:100B300004FB07B5019001A8E7F73EF9019A0123EC
:100B40009340C0F80C3503B05DF804FB70B5064661
:100B50000020EDF71BFE002504460CB9284670BDA9
:100B600020460DF06CFD01280AD020460DF06DFDE9
:100B7000864208BF25462046EDF708FE0446ECE70E
:100B80002546EBE72DE9F047037FDC07054688465D
:100B9000924602D50020BDE8F087C668BEB1374650
:100BA0004FF0010931462846D047B8420446F1D0FB
:100BB0003E46ACB92B7F1907ECD5B9F1000FE9D04F
:100BC0002846C047044636B14FF00009F1E71A073E
:100BD000F6D488470446002CDCD026464FF00009A6
:100BE000206800F019FC030638D4276837BBEB688F
:100BF000A342CFD073B128461E68FFF7A7FF142188
:100C000002463046E7F7E6FC0128C3D1EB681868D6
:100C100001F0F1FEEC6028462468FFF797FF1321EE
:100C200002462046E7F7D6FC0128B3D1EB681868E6
:100C300001F0E1FE2B69A3B90120ACE701213846A0
:100C400000F0DEFB20B9384603F0AAFA0746CDE7EC
:100C50000121384600F0D4FB0028C8D0374626468C
:100C6000A0E728469847E7E770B5064600F0D6FBB0
:100C70000446002838D0C368E3B11B68B34219D1D9
:100C8000037FDA0744BF6FF3000303770FF03EFBE7
:100C9000E368834229D120460FF03BFBE36898428A
:100CA00023D105682046FFF751FF1421024628464C
:100CB000E7F790FCE36823B11B68B34204BF00234D
:100CC000E36020460FF022FB054668B12B68B34273
:100CD000294620461CD10FF0D9FA2846F0F75AFCD5
:100CE000B3680BB100225A6070BD237FC3F3C00507
:100CF00043F0080323775B07204606D4E7F7D8FBC9
:100D0000237F65F3C3032377D4E7E7F7E5FBF7E732
:100D10000FF002FBD8E770B50D46044618B308463D
:100D2000FFF7A2FFAB6813B9284600F0A5FDAB683A
:100D300020465C600FF08EFA0646A0B105602046A2
:100D40000FF0E4FA86420ED1237FC3F3C00543F0CF
:100D5000080323775B07204606D4E7F7A9FB237F28
:100D600065F3C303237770BDE7F7B6FBF7E710B170
:100D7000C06800B10068704738B5027FC2F3400414
:100D80008C42034617D061F341020277FFF7EFFF71
:100D9000044680B1DA6818461568FFF7D7FE1321BC
:100DA00002462846E7F716FC012804D12046BDE894
:100DB000384001F020BE38BD10B1007FC0F34000C4
:100DC00070472DE9F3414E680C462EB33046E8F7E4
:100DD0001DFB0746304602F024F810228046002111
:100DE0003046B56902F08DFD2B18A3EB0803A36113
:100DF000013B23620190122200213046756902F006
:100E000080FD0544E81B60610138E0614BF67633F4
:100E1000636202B0BDE8F08141F67603F8E72DE9A0
:100E2000F04FB0F828B08B4589B00446884607D00B
:100E30000A46594602F0C0FD814620B9A4F8288030
:100E400009B0BDE8F08F204601F0D5FD2046A4F89A
:100E5000288002F0ECFE4FF42070F0F789FB0026AA
:100E60006FEA0803074635460793628DC2F3051300
:100E7000B3421BD9202D19D0E16801EBC60CF0005C
:100E8000DCF80430C3F3170E9BB20593DDF814A011
:100E9000079B13EA0A0F38D19CF8073013F00203BE
:100EA00009D00136C2F305139E42E5D314233E4612
:100EB00003FB057566E00A58117A1268FF2920D0F5
:100EC00002EB8100994220D910F801ABBAF1660F0C
:100ED0001DD152F8233004E0662B02F1080210D134
:100EE0004B680EF47F02069200211A6812F801A0E6
:100EF000BAF1000F09D0202D07D000203A46039008
:100F00001BE013781146002BE6D10136ADE7013323
:100F1000D8E7107A50450CD15068049000F47F0E49
:100F20000698864505D1BDF81000DDF814E070453F
:100F30001CD2039801300390143203988542E8D103
:100F400014226A43D3F80CE027F802E0B8181A69B3
:100F500042809A68C2601A68525C02725A680261E2
:100F6000DCF80420C2F31702426001350131BCE70E
:100F70007168009643465A4601F47F012046E8F71F
:100F8000BBFE1436B542F3D13846F0F703FB09F047
:100F9000FD03012B08D1FF224FF47021204609B038
:100FA000BDE8F04FE8F76EBDB9F1020F7FF448AF2E
:100FB000204601F020FD204609B0BDE8F04F01F0C9
:100FC000C6B82DE9F041A6B005460EF04CFF064626
:100FD00028460EF044FF1A2E044674D128460EF01F
:100FE00046FF0378022B054609D02D22002120461A
:100FF00002F087FC06460A9020B102232B7026B02F
:10100000BDE8F08101460C22204602F07AFC6822FD
:1010100007460A903146204602F073FC692280465A
:101020000A903146204602F06CFC0A9063690A93EC
:10103000A3690B93E3690C930246236A0D9341461F
:101040000AA80EF07DF868683A460AA90EF04EF933
:1010500008B90123D2E71D223146204602F051FC97
:101060000690C0B2FC28F4D95F223146204602F037
:1010700048FC0690C0B2FC28EBD92022314620461D
:1010800002F03FFC0690C0B240B125223146204616
:1010900002F037FC0690C0B2FC28DAD926220021E3
:1010A000204602F02EFC069020B1827A0023033005
:1010B0009A4201D80023A1E703EB8301415CFC299C
:1010C000C7D90133F4E71D2E38D1284601F08EF838
:1010D00006460AA8EBF7C0F90AAA0021204600F04C
:1010E0008CFC35220021204602F00BFC069028B132
:1010F0009DF8713043F020038DF871306822002193
:10110000204602F0FEFB692205460690002120469B
:1011100002F0F7FB069063690693A3690793E369FE
:101120000893236A09930246294606A80EF008F898
:1011300006AA0AA9304604F033F960E7202E7FF4AE
:101140005EAF284601F052F806AA064602A92046DC
:1011500001F029FF02A80DF0E9FF002800F0AF80A0
:101160000AA8EBF779F91D224FF48031204602F0EE
:10117000C8FB0190C0B202288DF8480010D91C228B
:101180004FF48031204602F0BCFBC0F30722C0F3CD
:10119000074301908DF849008DF84A208DF84B30B7
:1011A00032224FF48031204602F0ABFB0190C0B2F6
:1011B00002288DF8700017D930224FF48031204674
:1011C00002F09FFB002801901B9040F3B980312270
:1011D0004FF48031204602F094FBC0F307430190A6
:1011E000ADF866008DF868303E224FF4803120461D
:1011F00002F087FBC3B2022B01908DF8943023D903
:101200003C224FF48031204602F07BFB0028019005
:10121000219040F3998042224FF48031204602F021
:1012200070FB3D22019024904FF48031204602F063
:1012300068FBC0F30722C0F3074301908DF88100DB
:101240008DF882208DF883304FF48031204602F0F3
:10125000BEFCFC280BD89DF8483013FB00F3C3F309
:1012600007238DF848308DF870308DF894309DF854
:1012700070209DF8483013439DF89420134324D0E8
:101280000C224FF48031204602F03BFB019011907C
:1012900002A80DF04BFF30B1002302AA0AA9304684
:1012A0000C9304F07DF806A80DF040FF68B101230F
:1012B00006AA0AA930460C9304F072F805E006A8C5
:1012C0000DF034FF00287FF44BAF30220021204680
:1012D00002F017FB0A9000283FF491AE352200215E
:1012E000204602F00EFB0A9000283FF488AE00254D
:1012F0000AA8EBF7B1F80AAA294620468DF848500B
:101300008DF863508DF880508DF8945000F075FB87
:1013100068222946204602F0F4FA69220746069020
:101320002946204602F0EDFA069063690693A36908
:101330000793E3690893236A099302463946F4E662
:1013400000238DF870304FE700238DF894307BE751
:1013500070B5436A194288B004460D4636D0E7F7A7
:10136000B7F9EA0606460CD504AA6946204601F0FC
:101370001AFE6946204601F013FB04A9204601F03D
:101380000FFB636A23EA05036362EB070ED5204671
:1013900001F031FB2046E7F79BF938B1204602F017
:1013A000FFFE01F0DBF8204601F0D8F82046E7F711
:1013B0008FF9864202D115F0C07F07D0204602F097
:1013C000EFFE08B0BDE8704001F0C8B808B070BDCD
:1013D000038D43EA010231EA030302D01146FFF70D
:1013E0001EBD7047038D0A461A4223EA010101D04F
:1013F000FFF715BD70470AB1FFF7EABFFFF7F2BF6D
:10140000436A99430CBF012000207047436A194288
:1014100014BF012000207047008D7047806800B124
:1014200040687047F0B5084689B00D460EF01BFDC8
:10143000064628460EF013FD012E044605D1202154
:1014400009B0BDE8F040FFF7C3BF033E2F2E5AD8C6
:10145000DFE816F04C0059005900590059005900B6
:101460005900590030001301590015015900590065
:1014700063005900ED002C015900590093019801B7
:101480009A018D01830159008D01590059008D0188
:101490005900590059005900590059005900590084
:1014A0005900510159007C01590059005900590057
:1014B0002E0153002021FFF795FF28460EF0D7FCA0
:1014C0000DF0E4F8F8B9636A1E071CD5238DDD071B
:1014D0004FF00101204633D4FFF77AFF0022232189
:1014E000204609B0BDE8F040E7F774B82021204657
:1014F00009B0BDE8F040FFF775BF02F087FE002598
:101500000646B54201D109B0F0BDA3681B6853F887
:10151000250001F023F80135F3E7436A180715D5D4
:10152000284600F06BFE132802D101212046D3E7A4
:101530001128FAD0142801D0122804D10121204604
:10154000FFF750FFCAE70A28DDD0C7E703F40163BD
:10155000B3F5016FD7D1204600F0C8F90028D2D1E9
:101560002046E7F753FF07462046E7F7A7FF064662
:10157000284600F043FE12280DD1204601F04CFC15
:101580000546204601F05FF8011EB8BF0331002276
:1015900005EBA1010EE0112812D1204601F03CFC20
:1015A0000546204601F04FF8011E00DA0331002203
:1015B000A5EBA101204609B0BDE8F040E8F798B8D6
:1015C00013281BD1204601F00CFC8107D5D0002F39
:1015D00001DC002ED1DD204601F019FC0546204635
:1015E00001F02EF8011EB8BF0331002205EBA10166
:1015F000204609B0BDE8F040E8F766B8142882D16B
:10160000204601F0EEFB8207C7D0002F01DC002E40
:10161000C3DD204601F0FBFB0546204601F010F833
:10162000011EB8BF03310022A5EBA101E0E7436A28
:101630005B0502D5012101F09AFC2046FFF7EEFE82
:10164000FFF7BAFB0646EDF7ABF810B92846E7F707
:101650002FF80CF0F4FF022808D0042814BF022150
:1016600006212EB141F008012046E9E60621F8E7FF
:101670002046FFF7ADFE082139E74021F4E740217D
:10168000FFF7B0FE204601F0A3FB02287FF43BAF3A
:1016900004AA6946204601F086FC6946204601F00E
:1016A0007FF904A9204601F07BF92CE70E211EE703
:1016B0000A22002102F025F9162204900546002195
:1016C000204602F01EF9049080B208B9EDB215B1BF
:1016D000204600F043FF204602F098FD0025064614
:1016E000B5423FF410AFA3681B6853F8250000F023
:1016F00035FF0135F4E70122002102F002F9022250
:10170000049000210746204602F0FBF80A220490CC
:1017100000210646204602F0F4F816220490054601
:101720000021204602F0EDF8049080B240B9EDB2FD
:1017300035B96FF040439F4202D09E427FF4E3AE42
:10174000204609B0BDE8F04000F008BF90F82A300C
:1017500043F0020380F82A30F2E7002100F08BFC0E
:101760000146284609B0BDE8F04000F05FBD2846BC
:1017700009B0BDE8F040FFF724BC2021FFF732FE9E
:101780004021B4E610216FE71021B0E610B50846FD
:101790000C46EFF7D7F80020E8F76EF92046E8F797
:1017A00033FA0120E8F768F900212046EFF70AF83C
:1017B0002046FFF733FE10B12046FFF755FAA36825
:1017C0007BB1186820B1EFF7E5FEA36800221A602C
:1017D000A06808300EF027FBA068EFF7DBFE0023BF
:1017E000A36010BDF0B5436A31EA030389B0044633
:1017F0000D4626D0E6F76CFFE907074623D4636A57
:101800002B4363622046E6F763FF874202D115F05F
:10181000C07F07D0204602F0C3FC00F09FFE2046A8
:1018200000F09CFEEB060CD504AA6946204601F0A8
:10183000BAFB6946204601F0B3F804A9204601F03E
:10184000AFF809B0F0BD204601F0D5F8636A2B432C
:101850006362238D9A07D5D52046FFF7DFFD064644
:101860000028CFD0E6F724FE3046FFF780FA0028A4
:10187000C8D001F0C0F8C5E710B5836804467BB94D
:101880003420EFF775FEA06050B1438E43F47073BF
:101890004386A26892F8323043F0030382F8323074
:1018A00010BD18B10068431A58425841704770B5CE
:1018B0000E68336805460C461BB10B60FFF7F7FF57
:1018C0002660736823B121462846BDE8704018475A
:1018D00070BD10B50446206883680BB12146984757
:1018E00023681B680BB12360F5E710BD006838B1B1
:1018F00090F8203013F00303F8D0013B58425841D0
:101900007047006838B190F8203013F00C03F8D01D
:10191000043B58425841704738B50446B0B300F014
:101920001DFE0020E8F7A8F8204610F010F8214628
:101930002068FFF7BCFF0120E8F79EF8FF224FF474
:1019400070212046E8F79EF8204600F0C2FEE6F738
:10195000A9FD024638B12046FFF7D3FF18B1214652
:101960001046FFF7D8F9204602F01AFC054668B188
:1019700022462A21E6F72EFE224628462B21E6F7AC
:1019800029FE2046BDE8384001F035B838BD30B5F5
:101990001C2285B004460D4601F0B3FF29460246DD
:1019A000204601F0E2FF0346DAB2002062F30700AE
:1019B000C3F3072262F30F20C3F3074363F3174017
:1019C00005B030BD30B5582285B004460D4601F053
:1019D00098FF29460246204601F0C7FF0346DAB2C7
:1019E000002062F30700C3F3072262F30F20C3F362
:1019F000074363F3174005B030BDF0B5C2E90001FD
:101A000087B006460D46144602F0E1F8074675B168
:101A100002280CD8002384F8203084F83B3084F866
:101A2000483084F8583084F86C3007B0F0BD0C2290
:101A30002946304601F065FF94F820300590E061BA
:101A40005BB31D222946304601F05BFF0590C0B212
:101A5000022884F8200020D929463046FFF797FF56
:101A6000C0F3072384F82100C0F3074084F8230063
:101A7000294684F822302622304601F042FF0146F2
:101A80000590002800F00781C37A1A0700F003814F
:101A90000C2204F124000FF07AFD94F8483073B35F
:101AA00030222946304601F02CFF0590606430B3A7
:101AB00032222946304601F024FF0590C0B20228A8
:101AC00084F848001BD934222946304601F019FF1A
:101AD00094F84930059060F3040384F849303122CA
:101AE0002946304601F00DFF29460246304601F0F6
:101AF0003CFFC0F307430590E08784F8403094F83A
:101B0000583053B338222946304601F0FAFE05908A
:101B1000206510B33A222946304601F0F2FE0590C6
:101B2000C0B2022884F8580017D93B222946304613
:101B300001F0E7FE3922059060652946304601F044
:101B4000E0FE29460246304601F00FFFC0F307438E
:101B50000590A4F84A0084F84C3094F83B306BB3FD
:101B600028222946304601F0CCFE0590206328B398
:101B700029222946304601F0C4FE0590C0B2022851
:101B800084F83B001AD9206B03F066F9022840F074
:101B9000D5805A222946304601F0B3FE29460590E9
:101BA00060633046FFF70EFFC0F3072384F8380068
:101BB000C0F3074084F8393084F83A0094F86C3068
:101BC000002B41D03C222946304601F09AFE059078
:101BD000E065002838D094F86C30022B34D93E22CE
:101BE0002946304601F08DFE0590C0B2022884F8E7
:101BF0006C0029D940222946304601F082FE41225C
:101C0000059020662946304601F07BFE4222059071
:101C100060662946304601F074FE3D220590A066BC
:101C20002946304601F06DFE2946024605903046B1
:101C300001F09BFEC0F30722C0F3074384F859006C
:101C400084F85A2084F85B30FC2F3FF6EEAE94F80F
:101C5000203013FB07F31B1284F8203094F83B303C
:101C600013FB07F31B1284F83B3094F8483013FB46
:101C700007F31B1284F8483094F86C3013FB07F319
:101C80001B1284F86C3094F8583013FB07F31B12C6
:101C900084F85830C9E620222946304601F031FE4A
:101CA00094F82F30059060F3030384F82F301B075E
:101CB0003FF4F3AE29463046FFF769FEC0F3072331
:101CC00084F82400C0F3074084F8253084F8260007
:101CD00023222946304601F014FE294602463046AA
:101CE00001F043FEC0F30743C0F3072284F82B3012
:101CF000059084F8290084F82A20294621223046BC
:101D000001F0FFFD2222059084F828002946304684
:101D100001F0F7FD2422059084F82D002946304675
:101D200001F0EFFD2522059084F827002946304672
:101D300001F0E7FD059084F82C00AEE62A22294642
:101D4000304601F0DEFD29460246304601F00DFE28
:101D5000C0F307430590208784F83A302B222946A8
:101D6000304601F0CEFD2C22059084F83C00294637
:101D7000304601F0C6FD0590003818BF012084F8F8
:101D80003D001BE773B5C2E900011446592206461F
:101D90000D4601F0B6FD0190C0B2022884F84C0057
:101DA00053D92946304601F012FFFC289FBF94F812
:101DB0004C3013FB00F0001284F84C0094F84C30C7
:101DC000022B42D929463046FFF7FCFDC0F307231A
:101DD00084F83000C0F3074084F8313084F83200D2
:101DE0005B222946304601F08CFD5C220190206484
:101DF0002946304601F085FD5D220190E0632946C9
:101E0000304601F07EFD94F85030019060F30203FB
:101E100084F850305DB167222946304601F071FDEB
:101E200094F85030019060F3C50384F850305A2282
:101E30002946304601F065FD5E2201906062294628
:101E4000304601F05EFD84F84E0002B070BDF7B57B
:101E5000C2E900011446442205460E4601F051FD38
:101E60000190C0B2022884F84C004BD93146284674
:101E700001F0ADFEFC289FBF94F84C3013FB00F03E
:101E8000001284F84C0094F84C30022B3AD94FF4ED
:101E90008073002205F11407C4E90B2363633846FD
:101EA0000DF0B5FC00EBD0704010206438460DF00A
:101EB000B3FC00EBD07040106064462231462846E7
:101EC00001F01FFD4522019084F84B003146284661
:101ED00001F017FD31460246284601F046FDC0F3E9
:101EE00007430190A4F8480084F84A3056B16722AD
:101EF0003146284601F005FD94F84D3060F30203A9
:101F000084F84D3003B0F0BD73B5C2E9000114464A
:101F10004D2206460D4601F0F4FC0190C0B20228A5
:101F200084F83C0055D92946304601F050FEFC2883
:101F30009FBF94F83C3013FB00F0001284F83C0083
:101F400094F83C30022B44D948222946304601F00F
:101F5000D8FC0190206300283BD04C222946304613
:101F600001F0CFFC29460246304601F0FEFCC0F3EA
:101F700007430190A08584F82E3049222946304637
:101F800001F0BFFC0190606330B14A22294630461F
:101F900001F0B7FC0190A0634B222946304601F0C6
:101FA000B0FC94F83D300190003818BF012060F378
:101FB000C30360F3041384F83D3055B1672229460A
:101FC000304601F09EFC94F83D3060F3020384F843
:101FD0003D3002B070BD73B5C2E900011446502215
:101FE00005460E4601F08DFC01902062002840D08D
:101FF00053223146284601F084FC0190C0B20228E9
:1020000084F83C0035D93146284601F0E0FDFC2833
:102010009FBF94F83C3013FB00F0001284F83C00A2
:1020200094F83C30022B24D952223146284601F044
:1020300068FC314602460190284601F096FCC0F348
:102040000743A3770090A08354223146284601F02D
:1020500058FC51220090A0633146284601F051FC03
:1020600094F83D30003818BF012060F3000384F875
:102070003D3002B070BDF7B53C2205460E4601F07A
:1020800040FC0446019080BB00243822314628469B
:1020900001F037FC0746019090B13A2231462846BC
:1020A00001F02FFC0190C0B2022809D93B22314631
:1020B000284601F026FC0744BC420190B8BF3C46CC
:1020C00031466822284601F01CFC6922074601902F
:1020D0003146284601F015FCB842B8BF3846002802
:1020E000C8BF2418204603B0F0BD3E223146284622
:1020F00001F007FC0190C0B20228C5D94222314646
:10210000284601F0FEFB04EBD47464100134019006
:10211000044440223146284601F0F3FB41220746A1
:1021200001903146284601F0ECFB00280190B8BF31
:102130004042002FB8BF7F42B842ACBF2418E41918
:1021400024EAE474A1E7806800B1C06A704737B53B
:102150000446FFF7F8FF002301AA05461B2120468D
:102160000193E6F737FAA268019B42B1D362019B63
:10217000AB4202D0204600F03EFC03B030BD002B45
:10218000F5D02046FFF778FBA368019ADA62EEE704
:10219000806818B190F83300C0F38100704710B523
:1021A0000C4670B90B68186868B1C3684BB100235E
:1021B000E360C36821469847207EC04300F00100D9
:1021C00010BD0068F0E70120FAE72DE9F04107466D
:1021D0000C4615461E46FFF74FFBB86833462A46A5
:1021E00021460830BDE8F0410DF000BE83681C3B7D
:1021F000052B01D80DF03BBE0020704708B5836861
:10220000112B01D0002008BD0DF031FE0028F9D0BF
:102210000068F8E708B58368122B01D0002008BDDC
:102220000DF025FE0028F9D00068F8E710B58368A6
:102230001B2B0C4606D10DF01AFE0368A342ACBF5F
:102240000360046010BD00B9704783682BB193F838
:10225000333003F00C03082B01D04068F3E7012072
:10226000704707B52722002101F04BFBC0B203B035
:102270005DF804FB73B512220021064601F041FB14
:102280003022044601900021304601F03AFB34220E
:10229000054601900021304601F033FB430748BF5B
:1022A0006419204602B070BD2DE9F04F8BB0924604
:1022B00005916E22002104461D4601F022FB6C228E
:1022C0000890002106468346204601F01AFB6D2245
:1022D00001280890074681464FF000012046B8BF0C
:1022E000012701F00EFB012880460890B8BF4FF08F
:1022F00001082EB9B9F5807F02D1B0F5807F6AD090
:102300006F220021204601F0FCFA70220890002183
:10231000204601F0F6FA089B099003F0C042B2F1A2
:10232000005F19D123F0C0496FF06042914513D08E
:10233000B9F1805FA4BFC9F17F6909F57F2904F174
:102340001400A8BF09F6FF790DF061FA642309FBB8
:1023500000F090FBF3F00890099B03F0C042B2F14B
:10236000005F19D123F0C0496FF06042914513D04E
:10237000B9F1805FA4BFC9F17F6909F57F2904F134
:102380001400A8BF09F6FF790DF046FA642309FB93
:1023900000F090FBF3F009906269089B13440893E6
:1023A000A269099B134409934DB14FF6FF73C6F11F
:1023B000000BFA184344B2FBF7F7B3FBF8F808AB8D
:1023C00085F00105CDE90083059802953B465A4604
:1023D00051460DF046F90BB0BDE8F08F73B51122F0
:1023E0000021064601F08DFA3022044601900021BA
:1023F000304601F086FA342205460190002130462D
:1024000001F07FFAC30748BF6419204602B070BDCF
:1024100073B510220021064601F073FA30220446FB
:1024200001900021304601F06CFA342205460190FB
:102430000021304601F065FA830748BF6419204641
:1024400002B070BD73B513220021064601F059FA9F
:102450003022044601900021304601F052FA342225
:10246000054601900021304601F04BFA030748BFB2
:102470006419204602B070BD37B500230C4601AA8E
:102480000821054601F051FA012804D1019BA3421D
:1024900003D103B030BD0028FBD1002221462846DD
:1024A00001F013FEF5E737B500230C4601AA092118
:1024B000054601F03AFA012804D1019BA34203D159
:1024C00003B030BD0028FBD100222146284601F090
:1024D00003FEF5E738B504461546FFF7CDFF29465C
:1024E0002046BDE83840FFF7DEBF37B500230C4675
:1024F00001AA0121054601F018FA012804D1019B27
:10250000A34203D103B030BD0028FBD100222146F5
:10251000284601F0C5FDF5E737B500230C4601AAB2
:102520000221054601F001FA012804D1019BA342D2
:1025300003D103B030BD0028FBD10022214628463C
:1025400001F0BCFDF5E738B504461546FFF7CDFFB1
:1025500029462046BDE83840FFF7DEBF08B590F8B1
:102560002A2042F0010280F82A2001F011FE90F8A2
:102570002A2042F0040280F82A20E7F71BFDBDE87C
:1025800008400022382102F0EAB910B500220446C2
:1025900089B201F0BDFD2046BDE81040FFF7DEBF67
:1025A00070B5044615461E46002201F09CFD3246D9
:1025B00029462046BDE87040FFF78CBF43690B6099
:1025C00083694B60C3698B60036ACB60704738B521
:1025D000044601F0E5FD6469054648B14269A41A64
:1025E00000F015FC04442846FFF744FE201A38BDCD
:1025F0002046FCE738B5044601F0D2FDA469054643
:1026000048B18269A41A00F007FC04442846FFF789
:10261000FFFE201A38BD2046FCE738B50546FFF717
:10262000E9FF044605F114000DF0F6F8204438BD2A
:1026300007B50922002101F064F903B05DF804FB3D
:1026400014300DF0E4B814300DF0E6B870B504465F
:10265000FFF710FE06462046FFF7F4FE054604F19C
:1026600014000DF0D4F8801B401B70BD70B50446FB
:10267000FFF7CEFE06462046FFF7B0FE054604F102
:1026800014000DF0C9F8801B401B70BD38B54369BC
:102690000B6083694B60C3698B60036ACB600C4637
:1026A0000546FFF7E7FD2368034423602846FFF74C
:1026B000C9FEA3681B1AA3602846FFF7A9FE63683A
:1026C000034463602846FFF789FEE3681B1AE36052
:1026D00038BD37B501220021044601F012F902226B
:1026E000054601900021204601F00BF96FF04043B0
:1026F0009D42019001D0984205D12046FFF72EFF60
:10270000012003B030BD0020FBE72DE9F0478146F2
:102710000D4616469A4601F079FD0027804647454A
:1027200001D1BDE8F087D9F808301B6853F827407D
:10273000BAF1000F13D163692B446361A369334479
:10274000A361E3692B44E361236A33442362324685
:10275000002329462046FFF7D8FF0137DFE74FF473
:1027600080212046FEF74CFE0028E4D0F5E72DE955
:10277000F04704460D4616461F4603F0010903F0D4
:10278000020A6CB32046FFF703FD0AF0FF03804600
:10279000BAF1000F15D0B9F1000F07D0204601F0B3
:1027A000FFFC3B4632462946FFF7E1FFB8F1020F36
:1027B00016D13246294620460123BDE8F047FFF7EF
:1027C00073BD022804D1324629462046FFF76CFD2E
:1027D000B9F1000F04D0204601F0E2FC0446D0E736
:1027E000BDE8F08713460122FFF7C1BF70B50C4664
:1027F00088B009686668A5680091CDE90161E16863
:1028000001350131CDE90651134603910422694691
:10281000CDE90456FFF7ABFF069B049D0298009993
:10282000AB421A46A8BF2A468242A8BF02468A4245
:10283000D4BF22602160AB42B8BF2B468342B8BFF1
:102840000346059D8B42ACBFA360A160079B039824
:102850000199AB421A46A8BF2A468242A8BF024647
:102860008A42D4BF62606160AB42B8BF2B468342EC
:10287000B8BF03468B42ACBFE360E16008B070BDF7
:102880002DE9F0410D4688B001210446FEF7B8FD60
:10289000002874D1204601F07BFC0646E7F78AFB4E
:1028A0000746E8F7A9FB864255D12046FFF74BFCC7
:1028B00063690093A36901936E46E369029302463C
:1028C000236A0393014630460CF03AFC324629460F
:1028D00028460CF04FFC0746002850D02046FFF752
:1028E000B2FC002850D196E80F0085E80F00204682
:1028F00001F056FC0DF110080446002C40D00121D7
:102900002046FEF77DFDD0BB04F1140696E80F00CB
:1029100088E80F004FF480112046FEF771FD38B1B2
:102920002046FFF710FC0246014640460CF008FC2A
:102930002046FFF788FC68BB96E80F0088E80F0088
:102940004246294628460CF015FCC0B1204601F04D
:1029500027FC0446D1E73846E8F758FB8642A4D066
:102960003846E8F771FB86429FD03846E8F758FBB7
:1029700086429AD03846E8F75DFB864295D000271C
:10298000384608B0BDE8F081012229462046FFF70D
:102990002DFFACE7012241462046FFF727FFCFE796
:1029A00030B585B00C460546E7F704FBE8F786FB33
:1029B000F8B12368009363680193A36802936946A2
:1029C000E36803932846FFF75BFF90B1AB6853B110
:1029D00093F8333003F00C03082B04D10522114681
:1029E00068460CF0ADFB2846E7F7E4FA694601F0CB
:1029F000CFFE05B030BD30B5044685B0FFF7A3FB70
:102A0000D4E90623256A6169121A0344091A284485
:102A1000009103906946204601920293FFF7C0FFA0
:102A200005B030BD2DE9F043456889B004460E4637
:102A300017469DB14FF48021FEF7E2FCD5F81490C3
:102A4000002847D0AB69B1441F442846FFF712FC69
:102A500009EB00062846FFF7DBFC07446369F61A1A
:102A6000A369FF1A56EA070331D02046FFF7C3FFD8
:102A700063690093A3690193E3690293236A039353
:102A80006DB104A92846FFF701FE002204A968469B
:102A90000CF02CFC804620B9284600F0AFFD4FF02A
:102AA0000008636933446361A3693B44A361E3693C
:102AB0003344E361236A3B4423623A4600233146B0
:102AC0002046FFF722FE9DB92046FFF794FF09B08C
:102AD000BDE8F083284600F09AF9A9EB00092846E2
:102AE000B144AE6900F098F9A6EB00084744ACE7A2
:102AF00022462A212846E5F76DFD2046FFF77BFF99
:102B0000002204A904F114000CF0F0FBB8F1000F4E
:102B100001D10028DBD0284600F070FDD7E730B5A2
:102B2000044685B0FFF70FFBD4E90623256A6169E7
:102B3000121A0344091A284400910390694620465A
:102B400001920293FFF79CFE05B030BD38B50546F3
:102B50000C46FEF791FEAB689C6238BD0346084602
:102B60005A690A609A694A60DA698A601A6ACA60B0
:102B70009B681BB19A6A11460CF0E2BA704730B5F7
:102B80000446084601F0C041B1F1005F12D120F0C7
:102B9000C0416FF06045A9420CD0B1F1805FA2BF87
:102BA000C1F17F6101F57F2101F6FF715943642076
:102BB00091FBF0F002F0C041B1F1005F12D122F0C0
:102BC000C0416FF06045A9420CD0B1F1805FA2BF57
:102BD000C1F17F6101F57F2101F6FF715943642244
:102BE00091FBF2F2A242A8BF22469042B8BF104623
:102BF00030BD70B5044601F009FB00250646B5421C
:102C00001FD194F82A30D9070DD56FF3000384F84B
:102C10002A302046E5F7BCFE2046E5F793FD15B1C6
:102C20002046ECF7CDFF94F82A309A0711D56FF3C0
:102C3000410384F82A3020460021BDE8704000F0AE
:102C4000FEBCA3681B6853F82500FFF7D2FF0135CF
:102C5000D5E770BD00231A460921FFF7A1BC07B5CF
:102C6000272200F04EFEC0B203B05DF804FB90F8DE
:102C700054305B0704D5006800220E21E5F7AABC9A
:102C8000704773B512220021064600F03AFE30224A
:102C9000044601900021304600F033FE3422054600
:102CA00001900021304600F02CFE430748BF641914
:102CB000204602B070BD73B511220021064600F017
:102CC00020FE3022044601900021304600F019FE1B
:102CD0003422054601900021304600F012FEC30761
:102CE00048BF6419204602B070BD73B510220021A0
:102CF000064600F006FE30220446019000213046D0
:102D000000F0FFFD3422054601900021304600F01E
:102D1000F8FD830748BF6419204602B070BD73B543
:102D200013220021064600F0ECFD302204460190FB
:102D30000021304600F0E5FD3422054601900021D7
:102D4000304600F0DEFD030748BF6419204602B09C
:102D500070BD38B504460D46FEF78EFDA26892F8A8
:102D6000323003F00301A94208D065F3010382F871
:102D700032302046BDE83840FFF73DBE38BD38B59B
:102D800005460C46FEF778FDAA68538EC3F38311FF
:102D9000A1421CBF64F38913538638BD38B505467C
:102DA0000C46FEF769FDAB6893F8322064F38302AA
:102DB00083F8322038BD38B505460C46FEF75CFD79
:102DC000AB6893F8322064F3051283F8322038BDE3
:102DD000836823B193F8320000F0030070470320AA
:102DE000704783681BB1588EC0F3831070470F2063
:102DF0007047806818B190F83200C0F381007047C6
:102E0000806818B190F83200C0F3011070478068F4
:102E100008B1006A40427047806808B1406A404289
:102E20007047FFF7F9BF51EA020370B504460D463B
:102E3000164619D0FEF720FDA268136A2B441362D0
:102E4000A268536A3344536229460123324620461E
:102E5000FFF75BFC00220F212046E5F7BBFB0128B2
:102E600003D12046FFF7C7FD012070BD08B503461A
:102E7000FFF7D2FF421818460021BDE80840FFF7CF
:102E8000D2BF08B50346FFF7C2FF0022014418462F
:102E9000BDE80840FFF7C7BF2DE9F047984651EA63
:102EA000020305468946924651D0E6F735F8284692
:102EB000FFF7ADFF00210746A9EB00092846FFF701
:102EC000CEFE01282ED0B9F1000F3CDA2846E6F7F5
:102ED0009DFA04462846E6F7F1FA204420EAE0701D
:102EE00044424C45B8BF4C462846FFF795FFBAEB25
:102EF000000A814629D52846E6F73CFA09EB000688
:102F000026EAE67676425645B8BF5646391909EBA9
:102F1000060251EA02031AD043462846BDE8F047AC
:102F2000E6F742BBB9F1000F0DDD2846E6F76EFA71
:102F300004462846E6F7C2FA044424EAE4744C4501
:102F4000A8BF4C46D0E70024CEE70026DEE7BDE868
:102F5000F08770B5054616461C461A46E6F7B4FBE0
:102F6000224631462846BDE87040E6F7C1BB73B53E
:102F700004460E46E5F7D0FF00232046CDE9003396
:102F800001F00EF92146054614340DB902B070BDAA
:102F900033466A462046E6F7BFFB284601F000F9B3
:102FA00029460546F1E72DE9F04F93B04FF0FF3683
:102FB0000D46174600221146044633462846009621
:102FC0000CF0A4F8002211463346384600960CF067
:102FD0009DF810212046FEF713FA8046C0B3204624
:102FE000FFF7F6FE834698B30020EBF7CFFBBBF16B
:102FF000020F824629D02046FFF70EFF8146204669
:10300000E6F7B8F90D902046E6F700FA0B90204657
:10301000E6F754FA04902046FFF7E3FE10F00C0F99
:1030200000F003061FD19EB1BBF1010F40F01781E4
:1030300046464FF0000832E050460BF027FB844232
:10304000D9D05046EBF7A2FB8246BAF1000FF3D17C
:1030500013B0BDE8F08F002EFAD050460BF009FBFC
:103060000328F5D1E4E7BBF1010FF6B200F0EA80E6
:10307000BBF1030F40F0D280B9F1000F0BDC0D9BC8
:10308000002B08DC002EE3D00B9B002BD0DC049B34
:10309000002BCDDCDCE7002E40F0D88000264FF47A
:1030A00080312046FFF7DBFD10220C904FF4803179
:1030B000204600F026FC1122089011904FF4803138
:1030C000204600F01EFC1222099011904FF480312E
:1030D000204600F016FC132211904FF480318346F5
:1030E000204600F00EFC012211904FF48031824600
:1030F000204600F006FC03224FF48031039011902B
:10310000204600F0FEFB0A90119007902046FFF742
:103110009AFA05902046FFF793FAB8F1000F039B47
:10312000069008BF0023002E02934FF01D02039B60
:103130004FF4803108BF002320460E9300F0E1FBDE
:103140001190C0B2012840F29580B8F1000F40F014
:103150009D80002E3FF47CAF069B0B9E1E44049B7B
:10316000F6183FF475AF236A099A9B1A039AEB602D
:103170009B1A01336B6063692B60E369AB60069B4C
:10318000A3EB0B07029BA7EB0A07FF1A0A9B002B76
:10319000D8BF069B4FF00000DEBF7B4393FBF6F3E6
:1031A0000793E7F7F9FE4FF00A0808FB00F0EF2855
:1031B00040F369810020E7F7EFFE08FB00F0503094
:1031C000A02390FBF3F0079B834213DC0020E7F77A
:1031D000E3FE4FF00A0808FB00F0EF2840F35581AA
:1031E0000020E7F7D9FE08FB00F05030A02390FB49
:1031F000F3F30793069B6169F61A002E00F34F81E3
:103200000C9B012B594440F04281029B0B44591EF8
:103210002960E369A3EB0A03AB6019E7BBF1020F76
:103220007FF416AF50460BF024FA0C287FF413AF4E
:10323000002E3FF433AF50460BF01BFAC31E5E4224
:103240005E412CE7003E18BF012628E70B9B002BB0
:103250000EDC049B002BD4BF002601261FE7BBF128
:10326000030F3FF411AFBBF1020F7FF4F1AEF4E6B0
:10327000464614E732224FF48031204600F041FBED
:103280001190C0B201283FF660AFE1E6059B99447A
:103290000D9B19EB03093FF45CAFA3697B60236AC4
:1032A000FB600C9B012B53D16369039A5B443B6029
:1032B0001344013BBB60089A059BA3EB0208099BE2
:1032C000A8EB03080E9BA8EB03030F930A9B002BAC
:1032D000DABF059B0F9ADDF828804FF00000DCBFB5
:1032E000534393FBF9F8E7F757FE0A225043EF28C0
:1032F00037DD0020E7F750FE0A2250435030A0226D
:1033000090FBF2F0804511DC0020E7F745FE4FF01E
:103310000A0808FB00F0EF2825DD0020E7F73CFE57
:1033200008FB00F35033A02293FBF2F8059BA2693F
:10333000A9EB0309B9F1000F18DC089B13447B606B
:10334000236A099A9B1A0E9A9B1A013BFB6000E7BD
:10335000E369039AA3EB0A03BB609B1A01333B604A
:10336000A9E70120CEE74FF00108DFE7059B0F99A1
:103370004345A8BF4346A1EB03080D9908FB01F1A3
:1033800091FBF9F90899A8EB0908424451180B443C
:10339000013B7960FB60A3699A4230DADDF8208056
:1033A0009844C7F804800020E7F7F6FD4FF00A09BB
:1033B00009FB00F0EF285EDD0020E7F7EDFD09FBDB
:1033C00000F05030A02390FBF3F0FB688044984558
:1033D00015DD0020D7F80480E7F7DEFD4FF00A097D
:1033E00009FB00F0EF2848DD0020E7F7D5FD09FBD9
:1033F00000F05030A02390FBF3F04044F8600E9AA8
:10340000236A9B1A099AA3EB0208FB6843457FF7DE
:10341000A0AEC7F80C800020E7F7BEFD4FF00A0908
:1034200009FB00F0EF282ADD0020E7F7B5FD09FBD6
:1034300000F05030A02390FBF3F07B68A8EB00086D
:103440009845BFF686AE0020D7F80C80E7F7A4FDBC
:103450004FF00A0909FB00F0EF2812DD0020E7F722
:103460009BFD09FB00F05030A02390FBF3F0A8EB8C
:10347000000078606DE60120A7E70120BDE701208C
:10348000DBE70120F3E701209DE60123B1E6296097
:10349000E369029AA3EB0A039B1A013BBCE6DDE950
:1034A00006239A42A8BF1A46049BBF1A7B4393FB8C
:1034B000F6F6BF1B0F440C9901290BEB070363D1F0
:1034C00002990B442B601344013BAB606669BE421A
:1034D00027DD5E440E442E600020E7F75DFD0A27DD
:1034E0007843EF284CDD0020E7F756FD7843503055
:1034F000A02390FBF3F0AB6806449E4211DD002050
:103500002E68E7F749FD0A277843EF283ADD0020C7
:10351000E7F742FD78435030A02390FBF3F00644D8
:10352000AE60E469AB68A4EB0A04A3427FF790ADF8
:10353000AC600020E7F730FD0A267043EF2859DD24
:103540000020E7F729FD70435030A02390FBF3F0F3
:103550002B68241A9C42BFF67BAD0020AC68E7F7CD
:103560001BFD0A267043EF2846DD0020E7F714FD17
:1035700070435030A02390FBF3F0241A2C6067E5D1
:103580000C98B8E70120CAE72B601344013BAB60FD
:103590006669BE4226DD5E442E600020E7F7FCFC33
:1035A0000A277843EF2821DD0020E7F7F5FC784370
:1035B0005030A02390FBF3F0AB6806449E4211DD2F
:1035C00000202E68E7F7E8FC0A277843EF280FDD94
:1035D0000020E7F7E1FC78435030A02390FBF3F0A4
:1035E0000644AE60E469029BE41A9BE70120E3E72E
:1035F0000120F5E70120ABE70120BEE710B588B058
:1036000004AA69460446FFF7CEFC68460BF08EFD1F
:1036100018B904A80BF08AFD78B168460BF086FD56
:1036200018B169462046FFF7BBF904A80BF07EFDF0
:1036300018B104A92046FFF7B3F908B010BD2DE971
:10364000F0410446FFF7DCFB8846064698B9204661
:10365000FFF7E2FB07462046E5F78CFE051E0ADA77
:10366000002F08DD6A42BA424346A8BF3A463146B7
:103670002046E5F799FF2046FFF7BBFB074620BB36
:103680002046E5F7C3FE06462046E5F717FF394614
:1036900005462046FFF7E3FA01280ED0002D14DA84
:1036A000002E12DD6942B14243463A46A8BF314678
:1036B0002046BDE8F041E5F777BF002E05DA002D82
:1036C00003DD43463A463146F2E7BDE8F08170B586
:1036D000047A0368FF2C0ED003EB8405002084429B
:1036E0000ED800200BE0884203F1080303D1636881
:1036F0001360012003E018781C460028F3D170BD48
:1037000015F8016B8E4202D153F82030F0E70130FA
:10371000E5E72DE9F84F0F4611461A468B0890F859
:103720002A501F2B28BF1F234FF00109064609FA14
:1037300003F907F47F0A05F008050024738DC3F32D
:103740000513A34205D84FF0FF35681C18BF0120B0
:103750001CE0F06800EBC4034FEAC40C93F807E0E8
:103760001EF0020F14D00DB10134E7E75B6803F4DB
:103770007F035345F8D150F80C00436819EA030F52
:10378000F2D0FFF7A4FF0128EED10120BDE8F88FA9
:10379000BFB2FB431FFA83FB4FF0FF35738DC3F3BA
:1037A0000513A342D1D9F36853F8340003EBC40CDA
:1037B000436819EA030F07D0DCF80430C3F3170C91
:1037C00003F47F039A4503D0A84601344546E5E754
:1037D0001CEA0B0F1FFA8CF8F6D1A845F4DDFFF7B1
:1037E00076FF0128F0D14745EFD1CEE7F8B507467F
:1037F00000F00CFD00240646B44200D1F8BDBB68C1
:103800001B6853F824502846FFF7F5F800223221B0
:103810002846E4F7DFFE2846FFF7EDF82846FFF7D5
:10382000E5FF0134E8E770B5438D0446C0680D46F6
:10383000C3F305130022934203D80ED000EBC2005D
:1038400070BD00EBC201CE79B60704D54968C1F35B
:103850001701A942F2D00132EDE7628D013303F086
:103860003F0363F309126285D900EDF79DFE668D73
:10387000E060C6F30516013EE06818D10822314623
:103880000DF07BFF0C20E668EDF76AFE3060E36820
:1038900018680DF05BF8E268D37943F00203D37146
:1038A000E3685A6865F317025A60E068C8E700EBFE
:1038B000C60313E9030083E80300DCE770B5037A6D
:1038C0000568FF2B04461AD005EB83050026237AF2
:1038D0009E4212D215F8010BEDF78EF9830605D43E
:1038E0000136F4E7EDF788F9820601D5012070BDB5
:1038F000013415F834000028F4D10020F7E7002443
:10390000F7E737B5058D0023009329436B4614462E
:10391000E6F720F8012805D0204603B0BDE8304086
:10392000EDF714B9009803B030BDF0B5458D002413
:10393000C5F30515A54201D80020F0BDC76807EB07
:10394000C4064FEAC40C96F807E01EF0010F0AD037
:103950007668C6F317069E4205D157F80C00BDE8FD
:10396000F0400DF085B80134E4E77FB50E460192D2
:103970000546F0B16122FFF7C4FF04460390C0B1D1
:103980000368B3B1622231462846FFF7BAFF10F050
:10399000FF0203900DD02368019920469847C0F399
:1039A00007238DF80400C0F307408DF805308DF82B
:1039B0000600019804B070BD2DE9F74300250746C5
:1039C0002E466FEA01086FEA02097B8DC3F30513E7
:1039D000AB4240F28780FB6803EBC502E900D07977
:1039E00084077CD4928818EA020F0CBF01200020C3
:1039F00019EA020F0CBF0122002290426FD05C58DE
:103A000001AA102120460DF033F8002869D101AA3F
:103A1000112120460DF02CF8002862D101AA1221B4
:103A200020460DF025F800285BD101AA132120467D
:103A30000DF01EF8002854D101AA152120460DF0E2
:103A400017F800284DD101AA142120460DF010F8D6
:103A5000002846D101AA162120460DF009F80028B9
:103A60003FD101AA6A2120460DF002F8002838D182
:103A700001AA6B2120460CF0FBFF90BB01AA01219B
:103A800020460CF0F5FF60BB01AA022120460CF095
:103A9000EFFF30BB01AA042120460CF0E9FF00BB78
:103AA00001AA052120460CF0E3FFD0B901AA0621A6
:103AB00020460CF0DDFFA0B901AA072120460CF03A
:103AC000D7FF70B901AA302120460CF0D1FF40B9D0
:103AD00001AA682120460CF0CBFF38B1022601353F
:103AE00073E70326304603B0BDE8F08301AA6921DD
:103AF00020460CF0BDFF0028F0D101AA6E2120461F
:103B00000CF0B6FF0028E9D101AA6C2120460CF088
:103B1000AFFF0028E2D101AA6D2120460CF0A8FFDA
:103B20000028DBD101AA3A2120460CF0A1FF002891
:103B3000D4D101AA3B2120460CF09AFF0028CDD118
:103B400001AA382120460CF093FF0028C6D101AA13
:103B50003C2120460CF08CFF0028BFD101AA3E2159
:103B600020460CF085FF0028B8D101AA402120464C
:103B70000CF07EFF0028B1D101AA412120460CF0B3
:103B800077FF0028AAD101AA422120460CF070FF3D
:103B90000028A3D101AA482120460CF069FF002883
:103BA0009CD1012E38BF012699E773B55E220546E8
:103BB0000E46FFF7A6FE2722C4B231462846FFF77D
:103BC000A0FE012C204638BF012002B070BD73B5A5
:103BD0005F2205460E46FFF794FEC4B2022C019008
:103BE00003D80024204602B070BDFC2C9ABFC4EB61
:103BF0000424C4F30724FF241EB9284600F0D0FA99
:103C000005462DB9022CECD9FD2C28BFFF24E9E78D
:103C10005F2200212846FFF774FE0190C0B20228FF
:103C2000DFD9FC289CBF4443C4F30724E5E737B53C
:103C30006E2200210446FFF764FE0546019020B184
:103C4000A368002B4ED102252EE001466C222046AF
:103C5000FFF757FEB0F5807F0190F1D16D22294624
:103C60002046FFF74EFEB0F5807F0190E8D129464F
:103C700071222046FFF745FE014601900028DFD162
:103C800072222046FFF73DFE054601900028D7D15D
:103C9000014660222046FFF734FE0190C0B2FF28A3
:103CA0000BD0A36833BB01252046FDF7E5FDA368D3
:103CB00093F8332065F3830219E0294673222046E6
:103CC000FFF71FFE014601900028EAD16722204637
:103CD000FFF717FE019010F0FF00A368E2D113B9BF
:103CE00003B030BD022093F8332060F3830283F8E1
:103CF0003320F5E70120F6E72DE9F84F04461FFAD7
:103D000082F902F47F050F4611B30E7A1DB90846F9
:103D1000FFF7D4FDC0B9003E18BF01267642F6B2C7
:103D2000002290464FF6FF7A638DC3F30513434597
:103D300010D8002A65D0002E63D029462046FF22E5
:103D4000BDE8F84FE5F79EBE2046FEF754FEE2E7D9
:103D5000FF26E5E7E06800EBC801D1454B684FEA74
:103D6000C80BC3F3170303D01FFA83FCCC450BD158
:103D7000B5F5702F03D003F47F039D4204D137B112
:103D800050F80B30BB4202D008F10108CCE7CB79E8
:103D9000990705D50023FF2229462046E5F716FEA0
:103DA000E36803EB0B02D27992070DD053F80B00B6
:103DB00008B10CF0CFFDE36853F80B00EDF7EAFB18
:103DC000E368002243F80B20424606E0013200EB94
:103DD000C20393E8030003E90300638DE068C3F3C3
:103DE000051101F1FF3C9445F0D83F3101F03F014E
:103DF00061F309136385C900EDF7D6FB0122E0608A
:103E000092E7BDE8F88F2DE9F04115460E460023F4
:103E1000FF2229460446E5F7D9FD4EB115F47F0F80
:103E200006D13046FFF74AFD10B12046FEF7E3FD0C
:103E300020462A463146FFF75FFF638DE068C3F3F3
:103E400005134FF0000843454FEAC80725D8628D97
:103E5000013303F03F0363F30912D9006285EDF7E4
:103E6000A3FB638DE060C3F30513013B9845E06855
:103E70001AD33844082200210DF07FFCE368DE519C
:103E8000E3683B4429465A6865F317025A602046A6
:103E9000FF22BDE8F041E5F7F5BDC219D2799207DE
:103EA000D5D008F10108CEE700EBC30212E9030008
:103EB00082E80300D9E7F8B54B8D13F47C7F054603
:103EC0000C46C3F305120CD028B10023E16851F869
:103ED0003310A9420DD1FF224FF470212046E5F79F
:103EE000D1FD204600F092F900260746BE4204D1DB
:103EF000F8BD01339A42E9D8F3E7A3681B68284666
:103F000053F82610FFF7D7FF0136EFE72DE9F74307
:103F100004461E46019200230A460F4606F47F011E
:103F2000E5F754FD658DE068C5F305150023AB4248
:103F300034D3638D013505F03F0565F30913E900BE
:103F40006385EDF731FB658DE060C5F30515013D37
:103F5000E0684FEAC508002D46D108220021404400
:103F60000DF00BFC0C20D4F80C90EDF7F9FA49F8A1
:103F70003500E36853F835000CF0E8FCE36843448F
:103F8000DA7942F00102DA71E36843445A6866F371
:103F900017025A60E36853F835500DE000EBC30296
:103FA000D90092F807C01CF0010F1BD05268C2F371
:103FB0001702964216D145583EB93846ECF71CFE1A
:103FC000830602D52046FEF716FD019A394628469B
:103FD0000CF00AFD3A463146204603B0BDE8F043F6
:103FE000E5F750BD0133A2E7A8F10803034400EB55
:103FF0000802D9798907B0D193E8030082E8030069
:10400000A5E7F8B50F46418D04461646C1F30511E4
:104010000023994203D80DD100252846F8BDE26857
:1040200002EBC302D079C00713D55268C2F317025E
:10403000B2420ED1E268394652F833000CF099FCD6
:1040400005460028E8D03A4631462046E5F71AFDF5
:10405000E3E70133DDE770B50468A56822792068DD
:1040600005F47F052946FFF74CFC2679E060002324
:1040700032462068237129462346E5F7A7FCA1684C
:1040800020682671FFF7CFFBE268217900680CF009
:10409000ABFC2279A1682068BDE87040E5F7F2BC6E
:1040A00082B013460A46012102B0FFF72FBF82B04B
:1040B00013460A46042102B0FFF728BF82B0134618
:1040C0000A46022102B0FFF721BF82B013460A461A
:1040D000082102B0FFF71ABF82B013460A46092131
:1040E00002B0FFF713BF82B013460A460A2102B09E
:1040F000FFF70CBF82B013460A46282102B0FFF733
:1041000005BF82B013460A465E2102B0FFF7FEBE2D
:1041100082B013460A46162102B0FFF7F7BE82B0FE
:1041200013460A46272102B0FFF7F0BE82B01346BD
:104130000A467D2102B0FFF7E9BE82B013460A4667
:104140007E2102B0FFF7E2BE82B013460A467F210D
:1041500002B0FFF7DBBE82B013460A46802102B0F0
:10416000FFF7D4BE82B013460A46812102B0FFF7A2
:10417000CDBE38B504460D460AF064FA10B12046AB
:104180000AF09CFA29462046BDE83840EAF76ABBA7
:10419000034620B118465B68002BFBD1704770477F
:1041A00000B140687047806858B10029038E01DA79
:1041B000C91805D48B4203D9036853F8210070470E
:1041C0000020704770B58468F4B10029238E19DA95
:1041D0000131013B14D3206850F823000568954253
:1041E000F7D10029F4D170BD206850F82500066889
:1041F000964202D10029F6D0013901359D42F3DB08
:104200000020F0E70025F9E72046ECE7806800B1E0
:10421000008E704730B5836873B100201C8E024653
:10422000944200D830BD1D6855F822502D688D424B
:1042300008BF01300132F3E71846F3E710B5034633
:1042400030B1426822B19268118E0020814202DCB6
:104250004FF0FF3010BD146854F820409C42F9D054
:104260000130F3E770B590F82B30DB0604462BD411
:10427000FEF7C1FB65682046ADB1E5F7BBFE95F8DA
:104280002B4014F010041FD12846FFF7B7F922463F
:104290002A212846E4F79EF9224628462C21BDE82B
:1042A0007040E4F797B9E5F785FE064660B1D0F8AF
:1042B000C4329C42204603D0BDE87040E5F79ABE68
:1042C000E5F798FEC6F8C45270BDFFF7CBBF2DE9E5
:1042D000F041436805460C46002B67D0002965D0A5
:1042E0008B4263D0FEF787FB2046FDF7C5FA2846D0
:1042F000FFF7A4FF6E6803463046FFF787FF0138DB
:104300009842B26843DC138E013B1386B768B7F856
:104310003080B8F1000F42D038684FEA8801EDF7DD
:1043200043F93860A268138E01331386A768398E6B
:1043300038688900EDF738F938602046FFF766FFE6
:10434000A36800F180401B68013843F820503046D4
:104350006C60FFF753F92A462A213046E4F73AF910
:1043600000222C213046E4F735F92A462A2120463E
:10437000E4F730F900222B212046E4F72BF92846F8
:10438000FEF7ECF82846BDE8F041FEF734BB1268B2
:1043900002EB8301496842F823100133ACE7386827
:1043A000EDF7F8F8B368C3F80080BBE7BDE8F0812B
:1043B00070B50C460646A0B3456895B32846FFF78E
:1043C00025FF002901DA0C182BD4A04229DD304644
:1043D000FFF734FFA04224D011DCAB68A0421B6879
:1043E00011D003EB8002526843F820200130F4E73B
:1043F00003EB800252F8042C43F820200138AB680C
:10440000A0421B68F4D1AB681B68284643F82460BF
:1044100000222A21E4F7DEF82846BDE87040FEF7C6
:10442000EABA70BD10B5044600223F2100F097FAA9
:10443000E36A6BB1226B0AB12046984700232363DD
:104440000022626320464021BDE8104000F087BA98
:10445000236B002BFCD1F3E773B500220C4614311B
:1044600006460AF043FF10B9002002B070BD0121DA
:104470002046FCF7C5FF0028F6D12046FDF788FE50
:104480000028F1D18DF800006A461A2120460196D5
:10449000E4F7A0F89DF80030022BE5D02046FFF7A6
:1044A000B5FE451E002D05DA9DF80030002BDBD14E
:1044B0002046DAE7A3681B68304653F82510FFF75B
:1044C000CBFF0028D1D1013DECE72DE9F341041DDC
:1044D000076890F8148020460E460BF098F90546C0
:1044E00020460BF099F9009603462A464146384685
:1044F00000F03BFB02B0BDE8F08170472DE9F04FC2
:1045000000F118050C46074695E80F00C7B00DF1FD
:104510000C0888E80F000BA92046FEF74FF820464C
:10452000FDF711FE07AE024601460BA80AF008FE91
:104530000BAA414630460AF01DFEE8B396E80F008C
:1045400085E80F003A461C212046E4F743F83A4636
:104550001D212046E4F73EF81E213A462046E4F7A6
:1045600039F84FF480112046FCF74AFF38BB04F1BC
:1045700014020DF13C09414648460AF0FBFDB8B172
:104580002046FFF743FE8346D8B996E80F0085E83A
:104590000F003A461F212046E4F71CF83A46202136
:1045A0002046E4F717F83A4621212046E4F712F8AE
:1045B00098E80F0085E80F0047B0BDE8F08F0BAA20
:1045C000D7E799E80F0085E80F002D22002120464B
:1045D000FFF797F92B9068B94FF00009A3681B68A3
:1045E000384653F8291009F10109E5F70BFECB45D0
:1045F000F4D1CAE70C2200212046FFF782F9814658
:104600002B900028E8D004F114061FA800F064FEE7
:1046100096E80F000DF1980C8CE80F002BA8CDF850
:10462000A890E7F7E9FA30460BF0F1F882463046F9
:104630000BF0F2F8824503DB30460BF0EDF802E0B8
:1046400030460BF0E4F840104845A8BF48460090BB
:1046500096E80F000DF14C0989E80F00009A9B1AAB
:10466000013342464946484614930AF083FD60B33D
:104670004A461021384600F0DCFB00238246A2683F
:1046800001931268504652F82310E5F7BBFD019BD9
:1046900001339B45F3D152461F212046E3F79AFF91
:1046A000524620212046E3F795FF5246212120461D
:1046B000E3F790FF1FA9504600F012FE4A462BA9CF
:1046C0003846CDF8C8A000F04DFC96E80F000DF17B
:1046D0005C0989E80F00009A0B461344013B4246EF
:1046E000494648461A930AF045FD60B34A461021F0
:1046F000384600F09EFB00238246A26801931268B0
:10470000504652F82310E5F77DFD019B01339B4590
:10471000F3D152461F212046E3F75CFF5246202189
:104720002046E3F757FF524621212046E3F752FF88
:104730001FA9504600F0D4FD4A462BA93846CDF8B3
:10474000C8A000F00FFC96E80F000DF16C0989E895
:104750000F00009A0B4613441C931E9B49469B1A5C
:10476000484642461E930AF005FD00283FF420AF5C
:1047700099E80F0085E80F000026A3681B683846FB
:1047800053F826100136E5F73DFDB345F5D100E7B6
:1047900070B50E4688B0044618B9E6F7CDFB04465E
:1047A00030B12046E6F78AFC10B11EB9C4F8606249
:1047B00008B070BD00232046CDE90033E6F7CCFBFE
:1047C000013802902046E6F7D7FB6D46013803908A
:1047D0002A46314604A80AF0CDFC0028E8D094F817
:1047E0003C30072B07D1049B23F007030493069B5F
:1047F00043F00703069394F83930022B0ED195E865
:104800000F0004F1400686E80F000123C4F860326F
:1048100000223821204600F0A2F8C9E704AA352179
:10482000204600F09CF80128C2D10026D4F860325E
:10483000B1B28B4215D81F2B84BF0023C4F860325D
:10484000D4F860328CBF2A4604AA04EB0311106826
:1048500008645068486490688864D268CA64013308
:10486000D4E70431002204EB011104A80AF03EFD54
:1048700001360028DAD09BE738B505460BF0F3FA8D
:10488000044628460BF0EDFA382C06D1D0F8040384
:1048900018B1BDE838400CF0EDBC38BD2DE9F04F43
:1048A00087B09A469DF8403004930446E6F79AFB99
:1048B00006462046E6F750FB80462046E6F75CFBBE
:1048C0008B461746054631465846E6F733FE1FB17C
:1048D00031463846E6F72EFE31464046E6F704FEFE
:1048E000049B81463BB32A4604F51D75CDE901BA08
:1048F0003346414604F5247BCDF8009028460592C6
:10490000E6F720FE059ACDF8009033464146CDE902
:10491000017A5846E6F716FE002F2946204614BFB6
:104920005A460022E6F742FB0499204607B0BDE84C
:10493000F04FE6F745BBBAFBF0F2D5E7002303637F
:104940007047406B003818BF01207047006A00387C
:1049500018BF0120704700F539700BF047BA70B5E9
:1049600088B004460E46154600211C2201A80CF012
:1049700004FFCDE9014404F53974012201A9204660
:10498000039605950BF0D4F9012804D1002201A962
:1049900020460BF0CDF908B070BD08B5024650B105
:1049A0000020E6F7F9FA4243EF2AD1BF0122503244
:1049B000A023B2FBF3F2104608BD10B54022044616
:1049C00000210CF0DAFE01232362FF2384F83C303F
:1049D0000BF03BF8C0F3072320776377C0F3074061
:1049E0004023A077636110BD7FB591F83C30022B66
:1049F00005460C4624D90B6A13B3D1E909239A4220
:104A00001ED08B8ECA6AD11A0091216B1A44CE1A1D
:104A10000B44013B013A694603930292019600F070
:104A2000ADF906464020ECF79BFD2146F06440229C
:104A30000CF0ADFD0823337131462846E6F794FFAC
:104A400004B070BD10B1033020F00300704710B502
:104A500004460846EBF734FF60430730C00810BD3A
:104A6000ECF798BD0330ECF77BBD034608465B6965
:104A7000114603B1184718467047034608469B681D
:104A8000114603B118471846704730B585692B6940
:104A900087B004460A466BB141B98388C0880138A3
:104AA0000090013B02A80AF031FB02AA2B691146D3
:104AB0002046984707B030BD2DE9F84F07461C2027
:104AC0000A9E894693461D46ECF752FD044688B17E
:104AD00026B929464846E6F707FD064633462A46E4
:104AE00059464846E6F708FD3B68804633B92046FC
:104AF000ECF750FD00242046BDE8F88F2946984782
:104B000082460028F3D065702368A4F8049003F46B
:104B10007F4343F4401343F01903A4F806B0268101
:104B200023602946E6F706FDC4F80C80C4E9040AB0
:104B3000A761E0E737B50B8900934B78CA880C462C
:104B40008988FFF7B9FF054660B16388C26843F002
:104B500030034380E368216900699A4228BF1A46FE
:104B60000CF015FD284603B030BD2DE9F041069E3E
:104B70000D4617469846044618B900242046BDE85D
:104B8000F08101B9457826B929463846E6F7ACFCEC
:104B9000064633462A4641463846E6F7ADFCE3680A
:104BA0008342EAD36570A780A4F806802681E5E7F2
:104BB00010B5044660B14388DB0609D583695B689C
:104BC0000BB1406998472046BDE81040ECF7E2BCC5
:104BD00010BDF0B50446068989B00D4651B90A46A4
:104BE000E6F7F4FCE2882946724309B0BDE8F040DC
:104BF0000CF0C3BD0023CDE900338388013B029351
:104C0000C3886A46013B04A803930AF0B3FAE8B1EB
:104C100004A80AF0FCFD002818DD04A80AF0FCFD39
:104C2000002813DDDDE904122046E6F7CFFC054637
:104C30006078EBF745FE044604A80AF0E8FD44431B
:104C40000734059FE410079BBB4201DA09B0F0BDB1
:104C50002846224600210CF090FD35440137F2E74A
:104C60002DE9F84F054691461E460C4671B943782A
:104C7000B0F80480DA1F032A11D91EB330460AF0B7
:104C8000C6FD40453FD1D6E9001221E008460AF0B2
:104C9000BEFD8046CEBB6B78DA1F032A12D8072BE5
:104CA0002869D9F8101009D0082B09D0092B14BF96
:104CB0004FF4806240220CF06AFCDEE70822FAE73B
:104CC0001022F8E7B9F8043043451CD10022114600
:104CD0004846E6F77BFC0746E4B1D4E900122846D3
:104CE000E6F774FCD4F804B0D4F80CA00646687853
:104CF0002C89B9F80890EBF7E3FD08FB00F50735C0
:104D0000ED10D34512DDBDE8F88F30460AF07FFD87
:104D10008045B7E7224621462846E6F757FCB5F816
:104D200006A006460AF1FF3AA346E0E739463046B8
:104D30002A460CF02CFC26444F440BF1010BE0E713
:104D40004388194214BF012000207047438819434B
:104D50004180704730B585B0CB6802930B690193F1
:104D60000B8900934B78CA880C4689880546E6F77C
:104D7000E9FB63886B8005B030BD7047F8B5064627
:104D800054200C46ECF7F4FB054600F1080794E8C4
:104D90000F0087E80F0094E80F0005F1180787E877
:104DA0000F0006F118030FCB05F1380484E80F005B
:104DB0000123AB64B36B13B9B5632846F8BD1A463B
:104DC0001B68002BFBD11560F7E72DE9F0410F467A
:104DD000904600214C2205461C460CF0CEFCE5F71F
:104DE00067FDEF63064694E80F0005F1180787E8B2
:104DF0000F0094E80F002F1D87E80F0094E80F00C4
:104E000005F1280787E80F0085F81480D6F8B0323E
:104E100013B1294630469847D6F8AC3233B11A461A
:104E20001B6C002BFBD11564BDE8F081C6F8AC52B9
:104E3000FAE7F8B505464C200E461746ECF798FB06
:104E4000044620B13B4632462946FFF7BEFF2046C6
:104E5000F8BD0068E6F7BABB38B10078A0F12003CE
:104E60005F2B04D9C0094000704703207047012020
:104E700070472DE9F0438BB00546BDF84870BDF88A
:104E80004C80DDF850901E4673B9B7F5807F0BD18A
:104E9000B8F5807F08D1C0E9003301398160541E24
:104EA000EC600BB0BDE8F08301240023CDE90413CE
:104EB000CDE90632CDE90812CDE90233CDE90094FF
:104EC00043463A46314602A80AF093FCCDE90094E5
:104ED00043463A46314604A80AF08BFCCDE90094DB
:104EE00043463A46314606A80AF083FCCDE90094D1
:104EF00043463A46314608A80AF07BFC089B069CCC
:104F000004980299A3421A46A8BF22468242A8BF2B
:104F100002468A42D4BF2A602960A342B8BF234612
:104F20008342B8BF0346099C0798039A8B42B8BFD7
:104F30000B46013B84420599AB602346A8BF03465C
:104F40008B42A8BF0B469342D4BF6B606A60844219
:104F5000B8BF04468C42B8BF0C469442B8BF144652
:104F6000013C9DE72DE9F0430B6B002B85B0074614
:104F70000C46164638DD4B6B002B35DD1146FFF72E
:104F8000FDFE05466C20ECF7EBFA21466C22E86446
:104F90000CF0FDFA06232B710023AB6430460AF0B7
:104FA00036FC804630460AF037FC04F14003029399
:104FB000A38E0193238E009305F11809E36A02463C
:104FC00041464846FFF755FFD6E9001248460AF029
:104FD000C4F8E36901222946384683F8442005B025
:104FE000BDE8F043E6F7C0BC05B0BDE8F0832DE9AD
:104FF000F043CB6985B080460C461546002B48D05F
:1050000091F84C30022B44D90B6B002B41DD4B6BDC
:10501000002B3EDD6C20ECF7A3FA07466C222146FC
:105020000CF0B5FAF86907F1200100F010FC012836
:1050300005D0384605B0BDE8F043ECF7ABBA2946D9
:105040004046FFF79BFE0523037100F11809064651
:10505000C76428460AF0DBFB074628460AF0DCFB5B
:1050600004F140030293A38E0193238E0093E36A1D
:10507000024639464846FFF7FCFED5E9001248468D
:105080000AF06BF83146404605B0BDE8F043E6F75C
:105090006BBC05B0BDE8F0832DE9F0410646A0B039
:1050A0000C4615461F46002B4ED0136805935368D7
:1050B000069393680793D3680893CB6A3BB90B6B4D
:1050C000B3F5807F03D14B6BB3F5807F21D02846A9
:1050D0000AF09DFB804628460AF09EFB04F140033F
:1050E0000293A38E0193238E00930246E36A414606
:1050F00005A8FFF7BEFE2968059B6A680B44059367
:10510000069B13440693079B0B440793089B134489
:1051100008930DF12408B26805A940460AF02AF860
:1051200090B1E16900220DA8E7F7BAFA01280BD186
:105130003046CDE90187009500230DAA2146E6F708
:10514000F5FC0DA800F0A9FB20B0BDE8F0811F28F8
:1051500025D940F21C63984221D0A0F58A531F3B09
:10516000012B1CD9A0F5C0530B3B032B17D9A0F57D
:105170000053A3F10B02042A11D9283B072B0ED9A7
:10518000A0F501531F3B102B09D94FF6FF6398423E
:1051900005D04FF6FF03C31A58425841704701200B
:1051A000704703463038C0B209280BD9602B84BF42
:1051B000203BDBB2A3F14102052A02D8373BD8B22B
:1051C0007047002070470379042B0CBFC06C00208F
:1051D00070471C2200210CF0D0BAF8B50C460646E8
:1051E00094F84C30022B114621D9E369FBB11B78AE
:1051F000EBB1636ADBB1FFF7C1FD05465820ECF760
:10520000AFF95822E86421460CF0C1F904232B7150
:1052100094F850305B0604D5E069EF6C0CF01FFB8E
:10522000F86129463046BDE8F840E6F79DBBF8BD79
:1052300010B54022044600210CF09FFA012323639D
:10524000FF2384F83C300AF000FCC0F3072384F805
:105250002C0084F82D30C0F30740402384F82E0042
:10526000636110BD7FB50B6B06460C46002B31D039
:1052700091F83C20022A2DD9496AE2699142D4BFB3
:10528000C3EB0105C3EB020500959142ACBF5D186D
:105290009D18226AA16A02959142D4BFC3EB010511
:1052A000C3EB02059142ACBF5B189B1869460393A0
:1052B0000195FFF763FD05464020ECF751F92146C3
:1052C000E86440220CF063F907232B71294630462D
:1052D000E6F74AFB04B070BD302200210CF04DBA55
:1052E000F8B50446007D0F46EBF7F4FA60B3211DD4
:1052F0002046FFF743FD05463020ECF731F9302218
:10530000E86439460CF043F9EE6C0A232B713068DF
:10531000346198B14FF40021FCF772F870B1306835
:105320004FF40021FCF714F8222138682A46E3F7ED
:1053300051F930684FF40021FCF754FA2946204611
:10534000BDE8F840E6F710BBF8BD10B530220446C2
:1053500000210CF012FAFF2384F82030302363611F
:1053600010BD0379012B0CBFC06C0020704710B535
:1053700004462C2200210CF000FA238D23F4FF5365
:1053800023F01F036FEA13336FEA033323852C23C3
:10539000636110BD0379022B0CBFC06C0020704705
:1053A0002DE9F04FCD6D93B007460C46164685B1FA
:1053B00091F86C30022B40F28D80012D40F08C80F2
:1053C0008B6E002B05DC0B6E1BB94D6E003D18BFBC
:1053D000012594F82030059394F83B30022B7DD9B9
:1053E000236B003B18BF0123079394F84830022B2E
:1053F00076D9636C002B73D094F8499019F0200F84
:105400006ED119F01F0918BF4FF0010994F85830F8
:10541000022B68D9236D003B18BF01230693059B1F
:10542000FF2B73D194F82F301B075ED1002D72D063
:1054300031463846FFF7A2FC82463820ECF790F858
:10544000CAF84C00A26E0AF1180B80461146584665
:1054500009F076FEE26D5846114609F071FED4E976
:105460001812584609F079FEA646BEE80F00C44659
:10547000ACE80F009EE807008CE807003823C8F866
:105480001430E369C8F81C3094F85B30B4F8592044
:10549000A8F8202088F82230E36DC8F82430A36EE5
:1054A000C8F8283094F86C3088F83430236EC8F887
:1054B0002C30636EC8F8303098F8353065F300034F
:1054C00088F8353003238AF8043051463846E6F729
:1054D0004BFA1DE000257CE701257AE7002383E7EE
:1054E0004FF0000992E7002398E794F82E2000235C
:1054F00004F127019A4299D903EB8300085CFF2845
:1055000001D10133F6E735B1002591E7002DFBD13C
:10551000059B022B58D996E80F000EAD85E80F00C9
:10552000636C012B1BDD94F84830FC2B17D9E36921
:10553000ABB194F849300246C3F380010A440E929D
:105540000F9AC3F340010A440F92109AC3F3C001AB
:10555000521A1092119A03F00103D21A119229469D
:105560003846FFF70BFC80463020EBF7F9FF054685
:10557000FFF7EBFEC8F84C50A646BEE80F00AC465D
:10558000ACE80F009EE807008CE8070030236B6151
:10559000E369EB61B4F82130A5F8213094F82330A9
:1055A00085F8233004F1240207CA05F1240383E8B7
:1055B000070094F8203085F82030012388F8043063
:1055C00041463846E6F7D0F9079B002B6FD0206B99
:1055D000FFF742FC012805460DF12C0A1CD8206B70
:1055E000514600F034F9012861D194F83D30002B88
:1055F00040F0ED80BDF830200093013A1092BDF8E4
:105600003220013A11920EA909223046CDE90E331B
:1056100009F05CFF0EA9DBE00C22002150460CF0E3
:10562000ACF8032D43D000256FF06043CDE9013580
:105630000095D4E90C122B4609A80BF07FFD099BBD
:105640000095013B10930A9B013B092211930EA97F
:105650002B463046CDE90E5509F038FF0EA93846E5
:10566000FFF78CFB80465820EBF77AFF0546E6F7FC
:1056700051FBC8F84C50A646BEE80F00AC46ACE85B
:105680000F009EE807008CE8070058236B61A36BAE
:105690002B861B0C85F83230636B6B62236BEB61DE
:1056A000042388F8043041463846E6F75DF9B9F13D
:1056B000000F33D031463846FFF760FB80462C2080
:1056C000EBF74EFFA646C8F84C0005468446BEE8F8
:1056D0000F00ACE80F009EE807008CE807002C23C1
:1056E0006B61E369EB61E28F94F8403085F822301A
:1056F0002A8494F8483085F82830636C6B6294F8FB
:10570000492095F8293062F3040385F829300223F3
:1057100088F8043041463846E6F726F9069B002B08
:1057200052D096E80F000EAD85E80F00D4E914239F
:105730001A441146284609F003FD29463846FFF76A
:105740001DFB80462C20EBF70BFFC8F84C00226DA8
:1057500008F1180605461146304609F0F1FC626D65
:105760003046114609F0ECFCA446BCE80F002E467A
:105770000FC69CE8070086E807002C236B61E369ED
:1057800047F6FF7293421FBF226D9B18626D9B18F4
:10579000EB61B4F84A2094F84C3085F822302A8422
:1057A00094F8583085F82830236D6B6295F82930CD
:1057B0000F2262F3040385F82930022388F80430AD
:1057C00041463846E6F7D0F813B0BDE8F08F3146D1
:1057D0003846FFF7D3FA80466C20EBF7C1FE05464A
:1057E000E6F70AFAC8F84C50A646BEE80F00AC46E9
:1057F000ACE80F009EE807008CE807006C236B61A3
:10580000236BEB6194F83B3085F84C30A36BA5F823
:1058100048301B0C85F84A3094F83C3085F84B3002
:1058200094F83D2095F84D3062F304139AE8070090
:1058300085F84D3005F1200383E80700E3696B66C6
:1058400096E80F00543585E80F00052329E730B5A9
:1058500095B004464C220D4601A800210BF08DFFA7
:1058600020460494FFF7F8FA29468DF8140001A8A1
:10587000E6F754FE003818BF012015B030BD30B433
:10588000044600688568134625B10A46AC462146A1
:1058900030BC6047284630BC704710B504460068ED
:1058A00078B1C3680BB121469847EAF7A5FD40B12E
:1058B000206C30B1616C21B1BDE81040002209F0CC
:1058C00011B910BD01607047416070478160704739
:1058D000C1607047CB10C943C05C01F007010841AB
:1058E00000F00100704737B5ADF80400C0F30720A1
:1058F000FC2802D84C78022C03D8BDF804300B8069
:105900000FE002280DD9FF2C0DD19DF804300A7844
:105910004C70C0F1FF0513FB00F305FB02331B0ABB
:105920000B7003B030BDD378A34202D153788342C9
:105930000DD0C0F1FF03C4F1FF0463436FEA2323DA
:10594000DBB2C0EB00209371B0FBF3F0D0710C8898
:105950005088BDF80430844202D11088984212D099
:10596000BDF8043013800B88D07953809DF8043043
:105970000C78C0F1FF0513FB00F305FB04331B0A91
:105980001371937953719388B9E710B4144685B0B5
:10599000022CADF804101A46C9B215D0032C18D049
:1059A000012C1BD104780C44FF2CA8BFFF24E4B2C7
:1059B0009DF805308DF80C408DF80D3001460398A8
:1059C00005B010BCFFF78FBF0478641A24EAE474B2
:1059D000EDE7047814FB01F4240AE9E705B010BCF4
:1059E000704710B50222002104460BF0C6FE0222C9
:1059F000A01800210BF0C1FE02220021201D0BF097
:105A0000BCFEFF23A371E37110BD2DE9F04F8BB0F5
:105A10004368009383680193C3680293D0E90653F7
:105A20000393D0E90443074690F821900668049355
:105A300008A88846FFF7D5FF97F82230002B40F0E2
:105A4000C1804CBBB9F1FC0F23D8019B9C4280F272
:105A5000BC80AA4600273AE050460AF07CF809F1DB
:105A6000010907F8020C07F801BCC244009B9945E4
:105A700007F10207F0DB029B1E44039B01341D4427
:105A8000019B9C4280F2A180AA4637464FF0000954
:105A9000ECE74FF0FF0BF3E7B9F1FC0F1F463BD8E3
:105AA000019B9F4280F29180AB464FF0000A4FE08D
:105AB00050460AF050F88DF81D908DF81C0006EB4A
:105AC0004701079808AAFFF70EFF0137C244009B61
:105AD0009F42EDDB029B1E44039B01341D44B4E74F
:105AE00050460AF038F814F809308DF81C008DF88B
:105AF0001D3006EB4901079808AAFFF7F4FE09F1EB
:105B00000109C244009B9945EADB029B1E44039BAA
:105B10001D44049B01371C44019B9F4255DAAA4651
:105B20004FF00009EEE758460AF015F814F80A306D
:105B30008DF81C0013FB09F31B128DF81D3006EBCA
:105B40004A01079808AAFFF7CEFE0AF1010AC344EA
:105B5000009B9A45E7DB029B1E44039B1D44049B6C
:105B600001371C449CE7059809F0F5FF8DF81C00EF
:105B700034B314F80A3013FB09F31B0A8DF81D30F7
:105B800006EB4A0008AB97F822200799FFF7FDFEC5
:105B9000059B43440AF1010A0593009B9A45E2DB09
:105BA0000CB1049B1C44029B1E44039B0BF1010B94
:105BB0001D44019B9B4508DA05954FF0000AECE770
:105BC0004B46DBE74FF0000BF3E70BB0BDE8F08F7F
:105BD0002DE9F04FD0E9044A87B00546D0E90167C6
:105BE00090F81B90D0F80C8004A8FFF7FAFEA86983
:105BF000002C40F08680B9F1FC0F67D909F077FFDF
:105C0000002E0246286806F1FF3525F00F05A6F1A3
:105C1000100ED8BF0025FF21BC4261DA03464FF0C9
:105C2000000C41E003F8202C03F81F1C03F81E2C85
:105C300003F81D1C03F81C2C03F81B1C03F81A2C7A
:105C400003F8191C03F8182C03F8171C03F8162C7A
:105C500003F8151C03F8142C03F8131C03F8122C7A
:105C600003F8111C03F8102C03F80F1C03F80E2C7A
:105C700003F80D1C03F80C2C03F80B1C03F80A2C7A
:105C800003F8091C03F8082C03F8071C03F8062C7A
:105C900003F8051C03F8042C03F8031C03F8022C7A
:105CA00003F8011C0CF1100CE64503F12003B9DCEC
:105CB0002B4600F1010CB34202DB40440134ABE758
:105CC00000F813200CF813100133F4E709F00FFF6C
:105CD0008DF80D90D5F800908DF80C00BC420EDBCD
:105CE00007B0BDE8F08F09EB4501039804AAFFF760
:105CF000FAFD0135B542F6DBC1440134EEE700257B
:105D0000F8E7B9F1FC0F1CD909F0F1FED5F800B0A5
:105D10008DF80C004FF00009B945E1DA002509E0E3
:105D2000635D8DF80D300BEB4501039804AAFFF776
:105D3000DAFD0135B542F3DBC344544409F10109EE
:105D4000EAE709F0D4FE2B688DF80C004FF0000B49
:105D5000BB45C5DA00250EE0625D019312FB09F236
:105D600012128DF80D2003EB4501039804AAFFF7EA
:105D7000BAFD019B0135B542EEDB434454440BF1BF
:105D8000010BE5E72DE9F04F90F82030063B8BB092
:105D900004460F2B2FD8DFE813F0E30181032E0018
:105DA0002E002E002E002E002E002E00E500EE000C
:105DB000EC0010002E002E009E02436801938368C1
:105DC0000293D0E90453D0E9067B90F8218006685D
:105DD000D0F80CA0039308A8FFF703FE94F8223034
:105DE000002B40F0BD80002D3CD1B8F1FC0F1CD839
:105DF000029BAB4234DC0BB0BDE8F08F37F81400E7
:105E000009F090FE013408F8020C08F8019C019B8F
:105E1000A34208F10208F1DC56445F440135029BBD
:105E2000AB42E8DDB0460024F1E74FF0FF09F6E7AA
:105E300037F8140009F076FE4FEA44098DF81C008B
:105E40008DF81D80079808AA06EB0901FFF74BFDA6
:105E50000134019BA342EBDC56445F440135C7E7A4
:105E60000024F6E7B8F1FC0F1C4621D8029BA342A0
:105E7000C1DD4FF0000939E037F8180009F052FE93
:105E800015F808308DF81C004FEA48098DF81D30D0
:105E9000079808AA06EB0901FFF725FD08F101089C
:105EA000019B4345E8DC039B56445F441D44013499
:105EB000029BA3429FDD4FF00008F1E74FEA490142
:105EC00037F81900049109F02DFE15F809300499EE
:105ED0008DF81C0013FB08F31B128DF81D3007987A
:105EE00008AA3144FFF7FFFC09F10109019B4B456A
:105EF000E4DC039B56445F441D440134B6E74FEA9B
:105F0000490337F81900059309F00CFE8DF81C00C1
:105F100025B315F8093013FB08F31B0A8DF81D3063
:105F20004FEA490094F82220079908AB3044FFF764
:105F30002CFD09F10109019B4B45E0DC0DB1039BF0
:105F40001D44049B56445F4401330493049A029B0E
:105F500093427FF750AF4FF00009ECE74346DDE78F
:105F60000023F2E7032120460BB0BDE8F04FFFF716
:105F70004CBD0421F7E74368019383680293C3682B
:105F80000393D0E90453D0E9066A90F821800768AA
:105F9000049308A8FFF725FD94F82230002B40F069
:105FA000DD80002D48D1B8F1FC0F20D8029BAB4218
:105FB0007FF721AFB146002436E0D8F8000009F0A1
:105FC000E1FD98F803308DF81C008DF81D3007EBCB
:105FD0004401079808AAFFF786FC013408F1040879
:105FE000019BA342E9DC039B56441F440135029BFD
:105FF000AB427FF700AFB0460024F1E7D9F80000CC
:1060000009F0C0FD99F803308DF81C0013FB08F36C
:106010001B128DF81D3007EB4401079808AAFFF703
:1060200062FC013409F10409019BA342E6DC039BF5
:1060300056441F440135B9E7B8F1FC0F1C4629D876
:10604000029BA3427FF7D7AEB3464FF0000944E06E
:10605000D9F8000009F096FD15F8082099F80330EA
:106060008DF81C0013FB02F31B128DF81D3007EB9B
:106070004801079808AAFFF736FC08F1010809F162
:106080000409019B4345E3DC039B1F44049B5644E6
:106090001D440134029BA3427FF7ADAEB1464FF0E1
:1060A0000008EEE7DBF8000009F06CFD15F80920A8
:1060B0009BF803308DF81C0013FB02F308FB03F37D
:1060C0001B148DF81D3007EB4901079808AAFFF74C
:1060D0000AFC09F101090BF1040B019B4B45E1DCC2
:1060E000039B1F44049B56441D440134A8E7DBF87E
:1060F000000009F047FD9BF803208DF81C002DBB24
:1061000012FB08F2130A8DF81D3007EB490094F8D2
:106110002220079908ABFFF738FC09F101090BF1C0
:10612000040B019B4B45E2DC0DB1049B1D44039B1A
:106130001F44059B564401330593059A029B9342E5
:106140007FF759AEB3464FF00009EAE715F809307A
:1061500013FB02F308FB03F31B0CD4E70023EBE76C
:106160004368019383680293D0E90453D0E9067B26
:1061700090F821800668D0F80CA0039308A8FFF7D8
:1061800030FC94F82230002B40F0A38085BBB8F19E
:10619000FC0F18D8029BAB427FF72DAE002420E005
:1061A000F85C06F8130001F81320013301989842B7
:1061B000F6DC56445F440135029BAB427FF71BAED1
:1061C0000023711CF2E7FF22F6E73B5D8DF81C30DF
:1061D0008DF81D8006EB4401079808AAFFF783FBA2
:1061E0000134019BA342F0DC56445F440135D1E702
:1061F000B8F1FC0F1C461ED8029BA3427FF7FBADF3
:106200004FF0000931E017F808308DF81C3015F810
:1062100008308DF81D3006EB4801079808AAFFF7F3
:1062200062FB08F10108019B4345ECDC039B5644EB
:106230005F441D440134029BA3427FF7DCAD4FF065
:106240000008F0E717F809308DF81C3015F8093010
:1062500013FB08F31B128DF81D3006EB490107985C
:1062600008AAFFF740FB09F10109019B4B45E9DC56
:10627000039B56445F441D440134BDE717F80930C1
:106280008DF81C301DB315F8093013FB08F31B0AF9
:106290008DF81D3006EB490094F82220079908ABD1
:1062A000FFF773FB09F10109019B4B45E6DC0DB1DA
:1062B000039B1D44049B56445F4401330493049A9A
:1062C000029B93427FF797AD4FF00009ECE74346FE
:1062D000DEE70023F2E74368019383680293D0E985
:1062E0000453D0E9066A90F821800768D0F80C9032
:1062F000039308A8FFF775FB94F82230002B40F0B9
:10630000CB80002D3DD1B8F1FC0F19D8029BAB42D8
:106310007FF771ADB34600242AE006EB440216F87D
:106320001430507807EB440108AA43EA0020FFF735
:10633000DAFA0134019BA342EFDC4F4456440135A5
:10634000029BAB427FF757AD0024F3E73BF8023CDA
:10635000ADF81C301BF8013C13FB08F31B128DF841
:106360001D3007EB4401079808AAFFF7BCFA013477
:10637000019BA3420BF1020BE8DC4F44564401356C
:10638000C4E7B8F1FC0F1C4626D8029BA3427FF756
:1063900032AD33464FF0000B3FE03BF8023C15F8BE
:1063A0000820ADF81C301BF8013C13FB02F31B1254
:1063B0008DF81D3007EB4801079808AAFFF793FAFC
:1063C00008F10108019B43450BF1020BE5DC039B3F
:1063D0004F4456441D440134029BA3427FF70BAD4A
:1063E000B3464FF00008EDE733F8022C15F80B1018
:1063F000ADF81C2013F8012C049312FB01F208FBEA
:1064000002F212148DF81D2007EB4B01079808AA21
:10641000FFF769FA049B0BF1010B019A5A4503F14E
:106420000203E1DC039B4F4456441D440134ACE7B6
:1064300036F81B30ADF81C30059B13F81B201DBB34
:1064400012FB08F2130A8DF81D3007EB4B0094F88D
:106450002220079908ABFFF798FA0BF1010B019B7B
:106460005B45E5DC0DB1039B1D44049B4F44564442
:1064700001330493049A029B93427FF7BCAC731CD4
:106480004FF0000B0593EAE715F80B3013FB02F30E
:1064900008FB03F31B0CD6E70023EAE7D0E90183EE
:1064A0000193D0E90453D0E9067B90F82190066867
:1064B000D0F80CA0029308A8FFF793FA94F82240B2
:1064C000002C7FF498ACCDBBB9F1FC0F1DD8019B1B
:1064D000AB427FF790AC00242AE011463846FFF724
:1064E000F9F9404204F8020C04F8019C013290458D
:1064F00004F10204F1DC56445F440135019BAB42D8
:106500007FF779AC34460022F1E74FF0FF09F5E759
:1065100021463846FFF7DEF940428DF81C008DF821
:106520001D9006EB4401079808AAFFF7DCF9013437
:10653000A045EDDC56445F440135C8E7B9F1FC0FD6
:106540001FD8019BA3427FF756AC002337E0494692
:106550003846FFF7BFF915F809308DF81D30404275
:106560008DF81C0006EB4901079808AAFFF7BBF954
:1065700009F10109C845EADC029B56445F441D4409
:106580000134019BA3427FF736AC4FF00009F1E7DD
:10659000194638460393FFF79DF9039BEA5C12FB0B
:1065A00009F2404212128DF81D208DF81C0006EBF6
:1065B0004301079808AAFFF796F9039B0133984512
:1065C000E6DC029B56445F441D440134B9E7CB101E
:1065D000C943C05C01F00701084100F001007047A9
:1065E00030B5B0F17D4F85B0CDE9001014464FEACB
:1065F00010634FEA116501D2022D14D8019B039359
:106600009DF80C30002063F307009DF80D3063F314
:106610000F209DF80E3063F317409DF80F3063F3A1
:106620001F6005B030BD022B01D80391E8E7FF2DB4
:1066300004D105B0BDE8304009F0F3BAD279AA42DE
:1066400002D1E2789A420DD0C3F1FF02C5F1FF05F5
:106650006A436FEA2222D2B2C3EB03232273B3FB55
:10666000F2F363736168009809F0C0F9B0B901985A
:10667000637B206000988DF80730606001460198C8
:1066800009F0CFFAC0F3072320726372C0F307400A
:10669000237BA072E372A0680390B1E721680198A0
:1066A00009F0A4F90028E2D0F5E7F0B5174685B067
:1066B000022F044601911A46CDB2C1F30726C1F359
:1066C00007402DD0032F3CD0012F27D1A37821786C
:1066D0000344FF2BA8BFFF238DF80E3063783344AB
:1066E000FF2B2944A8BFFF23FF298DF80D30A8BF39
:1066F000FF21C9B29DF807308DF80C108DF80F30CE
:1067000021680398FFF76CFFC0F3072320706370C4
:10671000C0F30743C0F30760A370E07005B0F0BD9D
:10672000A37821781B1A23EAE3738DF80E3063787F
:106730009B1B23EAE373491B8DF80D3021EAE171BD
:10674000D7E76178A37811FB06F109128DF80D10D7
:10675000217813FB00F31B1211FB05F18DF80E30AD
:10676000090AC7E732B1FF23FC2ACB7003D988702E
:1067700048700870704710FB02F0D3438A78DBB290
:1067800002FB0302120A8A704A7802FB0302120A11
:106790004A700A7802FB0300000AEAE710B50422F7
:1067A000002104460AF0E9FF0422A01800210AF0A3
:1067B000E4FF0422002104F108000AF0DEFFFF23B9
:1067C0002373637310BD2DE9F04F8DB043680093C0
:1067D00083680193C3680293D0E906630393D0E909
:1067E0000443074690F821800568059308A80491A2
:1067F000FFF7D4FF97F82230002B40F02A81002CBD
:1068000044D1B8F1FC0F39D9049B042B34D1009B3F
:106810009F00019B9C4202DB0DB0BDE8F08F31462A
:1068200028463A460AF0B3FE029B1D44039B0134FE
:106830001E44EEE712F8017C03F8027C12F8027C99
:1068400003F8037C12F8037C03F8047C03F8010CC2
:106850000131009FB94202F1030203F10403E9DBB5
:10686000029B1D44039B01341E44019B9C42D3DACE
:1068700032462B460021ECE7FF20F6E78DF81F801B
:10688000019B9C42C8DAB04600272FE0B8F1FC0F0C
:106890001F4668D8019B9F42BEDAB2464FF00009FE
:1068A00096E098F802308DF81E3098F801308DF897
:1068B0001D3098F800308DF81C3055F827100798D7
:1068C00008AAFFF78DFE05EB8709C0F3072305F83B
:1068D000270089F80130C0F3074389F80230049B90
:1068E000C0F3076089F8030001379844009B9F427A
:1068F000D7DB029B1D44039B01341E44C0E714F800
:1069000008308DF81F3099F802308DF81E3099F854
:1069100001308DF81D3099F800308DF81C3055F895
:106920002810079808AAFFF75BFE05EB880AC0F35A
:10693000072305F828008AF80130C0F307438AF8D6
:106940000230049BC0F307608AF8030008F10108D5
:106950009944009B9845D2DB029B1D44039B1E4437
:10696000059B01371C44019B9F42BFF655AFB146C2
:106970004FF00008EDE714F8093055F8291013FB23
:1069800008F31B128DF81F309AF802308DF81E3074
:106990009AF801308DF81D309AF800308DF81C30CF
:1069A000079808AAFFF71CFE05EB890BC0F3072325
:1069B00005F829008BF80130C0F307438BF802304B
:1069C000049BC0F307608BF8030009F101099A44A6
:1069D000009B9945CFDB029B1D44039B1E44059BF6
:1069E00001371C4456E79AF802308DF81E309AF8A9
:1069F00001308DF81D309AF800308DF81C3034B31A
:106A000014F8093013FB08F31B0A8DF81F3005EB4F
:106A1000890008AB97F822200799FFF746FE049BF0
:106A200009F101099A44009B9945DCDB0CB1059BF7
:106A30001C44029B1D44039B0BF1010B1E44019B54
:106A40009B45BFF6E9AEB2464FF00009EBE743467F
:106A5000DBE74FF0000BF2E72DE9F04FD0E90443FC
:106A600089B0D0E9015990F81B80D0F80CA00093B0
:106A7000064604A8FFF792FE002C5CD1B8F1FC0F8B
:106A800030D9B06908F08AFF691E0346002D3068CE
:106A900021F00F01A5F11007D8BF00214C4529DADC
:106AA0000246002610E042E9103342E90E3342E983
:106AB0000C3342E90A3342E9083342E9063342E93A
:106AC000043342E902331036B74202F14002EADCF5
:106AD0000A46AA4202DB50440134DFE740F8223084
:106AE0000132F6E7B069414608F037FF3768039096
:106AF0004C451EDB09B0BDE8F08F57F8261003980F
:106B000004AAFFF76DFD07EB8608C0F3072307F81B
:106B1000260088F80130C0F30743C0F3076088F807
:106B2000023088F803000136AE42E6DB57440134F8
:106B3000DEE70026F8E7B8F1FC0F2DD9B069FF2198
:106B400008F00BFF376803904FF00008C845D1DA12
:106B5000002619E0A35D8DF80F3057F82610039832
:106B600004AAFFF73DFD07EB860BC0F3072307F8E8
:106B700026008BF80130C0F30743C0F307608BF8A1
:106B800002308BF803000136AE42E3DB009B574432
:106B90001C4408F10108D9E7B069414608F0DDFE60
:106BA000376803904FF0000BCB45A3DA00261BE0BB
:106BB000A35D57F8261013FB08F31B128DF80F3056
:106BC00004AA07EB860303980193FFF709FD019BD5
:106BD00007F82600C0F307225A70C0F30742C0F33B
:106BE00007609A70D8700136AE42E1DB009B5744D3
:106BF0001C440BF1010BD7E72DE9F04F90F8203042
:106C0000063B8DB083460F2B33D8DFE813F07602B6
:106C1000F50332003200320032003200320032001E
:106C2000570160015E011000320032002603436804
:106C3000019383680293C3680393D0E906430493E6
:106C4000D0E9046390F821900568059308A8FFF740
:106C5000A5FD9BF82270002F40F02B81002E48D11B
:106C60008DF81F9040F20D4A40F63A09029BB3425C
:106C70003DDC0DB0BDE8F08F04EB470355F827105D
:106C80005B78DB0809FB03F31B128DF81E3034F828
:106C90001730C3F345130AFB03F31B128DF81D30A5
:106CA00014F8173003F01F0309FB03F31B128DF8D0
:106CB0001C30079808AAFFF793FC05EB8708C0F380
:106CC000072305F8270088F80130C0F30743C0F315
:106CD000076088F8023088F803000137019BBB4247
:106CE000CADC039B1D44049B01361C44BEE70027FD
:106CF000F4E7B9F1FC0F51D840F63A0B40F20D43DE
:106D0000029ABA42B5DD4FF0000887E016F8083065
:106D10008DF81F3004EB480355F828105B78DB082A
:106D20000AFB03F31B128DF81E3034F81830C3F33E
:106D300045130BFB03F31B128DF81D3014F81830AC
:106D400003F01F030AFB03F31B128DF81C30079896
:106D500008AAFFF745FC05EB8809C0F3072305F8EF
:106D6000280089F80130C0F30743C0F3076089F8B1
:106D7000023089F8030008F10108019B4345C5DC96
:106D8000039B1D44049B1C44059B01371E44029B2E
:106D9000BB427FF76EAF4FF00008EEE740F63A0ACD
:106DA00040F20D4BF3E716F8082055F8281012FBB7
:106DB00009F212128DF81F2004EB480205EB880A35
:106DC0005278D2080BFB02F212128DF81E2034F812
:106DD0001820C2F345125A4312128DF81D2014F8E0
:106DE000182002F01F020BFB02F212128DF81C2079
:106DF000079808AAFFF7F4FBC0F3072205F828005C
:106E00008AF80120C0F30742C0F307608AF8022025
:106E10008AF8030008F1010840F20D43019A424547
:106E2000C1DC039A1544049A1444059A01371644A8
:106E300066E704EB470340F20D425B78DB080AFB90
:106E400003F31B128DF81E3034F81730C3F34513CB
:106E500053431B128DF81D3014F8173003F01F0335
:106E60000AFB03F31B128DF81C3006B3F35D13FB12
:106E700009F31B0A8DF81F3005EB87009BF82220D1
:106E8000079908ABFFF711FC0137019BBB42D0DC2F
:106E90000EB1059B1E44039B1D44049B08F1010891
:106EA0001C44029B43457FF7E4AE0027EDE74B46C9
:106EB000E0E74FF0000840F63A0AF2E703215846AF
:106EC0000DB0BDE8F04FFFF77EBC0421F7E7436843
:106ED000019383680293C3680393D0E90453D0E914
:106EE000066990F821800468049308A8FFF756FC0F
:106EF0009BF82270002F40F0FD80002D59D1B8F191
:106F0000FC0F25D8029BAB427FF7B3AEB2460027F9
:106F100045E054F8271056F8270008AAFFF760FB51
:106F200004EB8708C0F3072304F8270088F8013032
:106F3000C0F30743C0F3076088F8023088F8030005
:106F40000137019BBB42E4DC039B4E441C440135EA
:106F5000029BAB427FF78DAE0027F2E71AF8013CA7
:106F60005AF8040C079013FB08F31B128DF81F301E
:106F700054F82710079808AAFFF732FB04EB870B99
:106F8000C0F3072304F827008BF80130C0F3074350
:106F9000C0F307608BF802308BF803000137019BC8
:106FA000BB420AF1040AD9DC039B4E441C44013560
:106FB000A8E7B8F1FC0F36D8029BBB427FF759AE69
:106FC000B3464FF0000A5AE015F808201AF8013CC1
:106FD0005AF8040C079013FB02F31B128DF81F30B4
:106FE00054F82810079808AAFFF7FAFA04EB880B60
:106FF000C0F3072304F828008BF80130C0F30743DF
:10700000C0F307608BF802308BF8030008F1010829
:10701000019B43450AF1040AD6DC039B1C44049BF4
:107020004E441D440137029BBB427FF722AEB2465D
:107030004FF00008ECE71BF8012C15F80A105BF87C
:10704000040C079012FB08F24A4312148DF81F201B
:1070500004EB8A0354F82A100798059308AAFFF74F
:10706000BFFA059B04F82A00C0F307225A70C0F348
:107070000742C0F307609A70D8700AF1010A019BB9
:1070800053450BF1040BD6DC039B1C44049B4E447C
:107090001D44013790E7059B56F8270013F8272079
:1070A000079005BB18FB02F2130A8DF81F3004EBA2
:1070B00087009BF82220079908ABFFF7F6FA013703
:1070C000019BBB42E7DC0DB1049B1D44039B4E4476
:1070D0001C440AF1010A029B53457FF7CAADF31C19
:1070E00000270593ECE7EB5D13FB02F308FB03F3CA
:1070F0001B0CDAE74FF0000AEDE7D0E901930193AA
:10710000D0E906530293D0E9044390F8227090F836
:1071100021800668D0F80CA00393002F6DD19CBB92
:10712000B8F1FC0F19D8019BA3427FF7A2AD00274D
:1071300023E012F8011F03F8011C03F8021C117868
:1071400003F8031C03F8041C8118494503F10403E8
:10715000EFDB029B56441D440134019BA3427FF7A1
:1071600088AD6A1E3346C5F10100EDE7E85D06EB28
:1071700087014246FFF7F6FA0137B945F6DC029B74
:1071800056441D440134CEE7B8F1FC0F18D8019BDA
:10719000BB427FF76EAD4FF0000B25E014F80820DE
:1071A00015F8080006EB8801FFF7DCFA08F1010882
:1071B000C145F3DC029B1D44039B56441C4401372C
:1071C000019BBB427FF755AD4FF00008F0E714F884
:1071D0000B2015F80B0012FB08F206EB8B01120ACC
:1071E000FFF7C0FA0BF1010BD945F0DC029B1D44FF
:1071F000039B56441C440137C9E708A8FFF7CEFAA1
:1072000000230493049A019B93427FF732AD002739
:1072100016E0EB5D8DF81E308DF81D308DF81C30BA
:10722000CCB1E35D13FB08F31B0A8DF81F3006EBAE
:1072300087009BF82220079908ABFFF736FA013741
:10724000B945E6DC0CB1039B1C44029B1D44049B26
:1072500056440133D5E74346E7E743680193836823
:107260000293D0E9044390F8227090F821800668D8
:10727000D0F80C900393D0E9065A002F40F082809A
:10728000B4BBB8F1FC0F17D8029BA3427FF7F1AC57
:10729000AB46002723E006EB870118F8012C18F80D
:1072A000020CFFF75FFA0137019BBB4208F10208AD
:1072B000F1DC4E4455440134029BA3427FF7D9AC24
:1072C000A8460027F0E71BF8012C1BF8020C12FB64
:1072D00008F206EB8701120AFFF744FA0137019B17
:1072E000BB420BF1020BEEDC4E4455440134CBE7BC
:1072F000B8F1FC0F20D8029BBB427FF7BAAC2B46FB
:107300004FF0000B33E014F808301BF8012C1BF889
:10731000020C12FB03F206EB8801120AFFF722FAB5
:1073200008F10108019B43450BF1020BEBDC039BC9
:107330004E4455441C440137029BBB427FF799AC35
:10734000AB464FF00008EDE714F80B1013F8012CD2
:1073500013F8020C049312FB01F208FB02F206EB95
:107360008B01120CFFF7FEF9049B0BF1010B019A44
:107370005A4503F10203E7DC039B4E4455441C4489
:107380000137B8E708A8FFF709FA00230493049A25
:10739000029B93427FF76DAC6B1C0027059319E0AD
:1073A00015F817308DF81E308DF81D308DF81C3013
:1073B000059B13F81720C4B912FB08F2130A8DF8C5
:1073C0001F3006EB87009BF82220079908ABFFF7D8
:1073D0006CF90137019BBB42E2DC0CB1039B1C44FE
:1073E000049B4E4455440133D0E7E35D13FB02F3A5
:1073F00008FB03F31B0CE2E74368019383680293E5
:10740000D0E9044390F8228090F821700568D0F804
:107410000C900393D0E9066AB8F1000F7BD1002CE1
:107420003AD1FC2F1DD8029BA3427FF722AC4FF02C
:1074300000082AE039463046FFF7C9F84042C0B29A
:1074400002F8010C02F8020C02F8030C02F8040C1A
:107450000137019BBB4202F10402EBDC4D44564470
:107460000134029BA3427FF704AC2A460027F0E7D1
:1074700041463046FFF7ABF8404205EB88013A46FB
:10748000C0B2FFF76FF908F10108019B4345EFDC3B
:107490004D4456440134C6E7FC2F1BD8029B43459C
:1074A0007FF7E7AB4FF0000B2BE039463046FFF794
:1074B0008EF84042E25D05EB8701C0B2FFF752F95A
:1074C0000137019BBB42F0DC039B4D4456441C44F6
:1074D00008F10108029B43457FF7CBAB0027F0E79B
:1074E00059463046FFF773F814F80B20404212FB60
:1074F00007F205EB8B01120AC0B2FFF733F90BF16B
:10750000010B019B5B45EBDC039B4D4456441C4443
:1075100008F10108C2E708A8FFF740F90023049327
:10752000049A029B93427FF7A4AB4FF000081DE042
:1075300041463046FFF74BF84042C0B28DF81D007F
:107540008DF81C00ECB114F8083013FB07F31B0A8C
:107550008DF81F308DF81E009BF82220079905EB4F
:10756000880008ABFFF7A1F808F10108019B43452B
:10757000DEDC0CB1039B1C44049B4D445644013398
:10758000CDE73B46E4E700290B46B8BFCB1D4A4296
:1075900002F007024FEAE30301F0070158BF51422E
:1075A000C1F1070101228A40C15C0A43C2547047FD
:1075B00000290B46B8BFCB1D4A4202F007024FEA32
:1075C000E30301F0070158BF5142C1F10701012255
:1075D00002FA01F1C25C22EA0102C254704700299A
:1075E0000B46B8BFCB1DDB10C05C4B4203F007035A
:1075F00001F0070158BF5942C1F10701084100F0ED
:107600000100704710B55AB1FC2A9FBF0C78D343D4
:1076100010FB02F0DBB29CBF04FB0300000A087001
:1076200010BDF0B585B0044610461F460D460192C8
:1076300008F0A8FA294606462046FFF7D0FF424246
:10764000D2B2022F8DF80F2019D0032F1BD0012F9B
:1076500023D13244FF2AA8BFFF22D0B20DF10F017F
:107660009DF80720FFF7CEFF9DF90F30002B29462C
:1076700020460DDA05B0BDE8F040FFF784BF921B4D
:1076800022EAE272E9E712FB06F2C2F30720E5E71D
:1076900005B0BDE8F040FFF78BBF05B0F0BD2DE9A8
:1076A000F04F8BB090F822700591002F40F0DE80F3
:1076B000436800938368019390F821300293C36874
:1076C0000393D0E906630493D0E90453426A069316
:1076D000534203F0070302F00708046858BFC3F1E0
:1076E0000008029B002D52D1FC2B1CD8019B9D420F
:1076F00080F2BC80B14600273DE0484608F02BFAF6
:1077000010F0800F08EB0701204613D0FFF73BFF76
:10771000059B01379944009B9F42EEDB039B1C4471
:10772000049B01351E44019B9D4280F29F80B1461F
:107730000027F0E7FFF73CFFEAE7484608F00BFABE
:1077400007EB080B824659462046FFF748FF4042A8
:107750008DF827000DF127015046029AFFF752FFDE
:107760009DF92730002B594620460DDAFFF70BFF15
:10777000059B01379944009B9F42DEDB039B1C4421
:10778000049B01351E44B1E7FFF712FFF0E7FC2B25
:1077900030D8019B9F4269DAB2464FF0000957E0AA
:1077A000504608F0D8F908EB090B029059462046DC
:1077B000FFF715FF404215F809208DF827000DF15D
:1077C00027010298FFF71EFF9DF92720002A59463E
:1077D000204616DAFFF7D7FE059B09F101099A4406
:1077E000009B9945DCDB039B1C44049B1E44069BC9
:1077F00001371D44019B9F4238DAB2464FF0000921
:10780000EEE7FFF7D5FEE7E7504608F0A4F908EBEE
:10781000090B079059462046FFF7E1FE15F80920AD
:10782000029B404212FB03F28DF82700120A0798D0
:107830000DF12701FFF7E6FE9DF92720002A5946A2
:10784000204610DAFFF79FFE059B09F101099A44D3
:10785000009B9945D8DB039B1C44049B1E44069B5C
:1078600001371D4495E7FFF7A3FEEDE70BB0BDE838
:10787000F08F2DE9F74FD0E904430546D0E9019890
:10788000C77ED0F80CA08069019308F030F9C0F3EE
:10789000C71306462868ED6900936B4203F007039F
:1078A00005F0070558BF5D42002C4AD1FC2F1ED8B9
:1078B000009B13FB07F6C7F1FF0744450FDA4FF0B3
:1078C000000B36E0002E05EB07010BDAFFF75BFE3D
:1078D00001374F45F6DB50440134444505DB03B026
:1078E000BDE8F08FFFF764FEF2E70027F1E776B21C
:1078F000F3E70BEB050100290B46B8BFCB1DDB10EE
:10790000D1F1000C0CF0070C01F00702C35C58BF6A
:10791000CCF10002C2F10702134103F0010307FB9F
:107920000363FE33B3F5FE7F08D9FFF72CFE0BF19E
:10793000010BCB45DDDB50440134BEE7FFF738FED9
:10794000F5E7FC2F4FF0000B3DD8C345C7DA002602
:1079500066E0E35D3BB1FF2B05EB07010FD1002E85
:107960002EDAFFF710FE01374F45F2DB019B504442
:107970001C440BF1010BC345B1DA0027F4E70029E1
:107980000A46B8BFCA1DD210D1F1000E0EF0070E84
:1079900001F0070C825C58BFCEF1000CCCF1070C53
:1079A000DDF800E042FA0CF202F00102C3F1FF0C34
:1079B00013FB0EF30CFB0233FE33B3F5FE7FD0D87E
:1079C000FFF7F6FDCFE776B2D5E7A35D3BB3A91984
:1079D00000294FF0FF0213FB07F3B3FBF2F30A4653
:1079E000B8BFCA1DD210D1F1000E0EF0070E01F083
:1079F000070C825C58BFCEF1000CCCF1070C42FAA8
:107A00000CF202F0010E009AC3F1FF0C53430CFB81
:107A10000E33FE33B3F5FE7F0AD9FFF7B4FD01360E
:107A20004E45D2DB019B50441C440BF1010B8CE70B
:107A3000FFF7BEFDF3E72DE9F04F90F82030063B4D
:107A40008BB004460F2B50D8DFE813F07502A0046A
:107A50004F004F004F004F004F004F004F002F01CD
:107A60003801360110004F004F0073034368019343
:107A700083680293C3680393D0E906730493D0E943
:107A80000463426A0593534203F0070302F00708B8
:107A900058BFC3F1000890F8223090F821A0056883
:107AA000002B40F0FF80002E4FD1BAF1FC0F19D807
:107AB000029BB34219DD00243BE037F8140008F0C4
:107AC00031F810F0800F08EB0401284610D0FFF7C2
:107AD0005AFD0134019BA342EFDC039B1D44049B30
:107AE00001361F44029BB34205DC0BB0BDE8F08FAA
:107AF000FFF75EFDEDE70024ECE737F8140008F02F
:107B000011F808EB040B814659462846FFF767FD3C
:107B100040428DF8240009A948465246FFF772FDFD
:107B20009DF92430002B594628460BDAFFF72BFD30
:107B30000134019BA342E0DC039B1D44049B0136FE
:107B40001F44B5E7FFF734FDF2E7BAF1FC0F1C461E
:107B50002DD8029BA342C8DD4FF0000951E037F851
:107B6000190007F0DFFF08EB090B8246594628464B
:107B7000FFF735FD40428DF8240009A9504616F85C
:107B80000920FFF73FFD9DF92430002B5946284678
:107B900013DAFFF7F8FC09F10109019B4B45DEDC24
:107BA000039B1D44049B1F44059B01341E44029B00
:107BB000A3429ADD4FF00009EFE7FFF7F9FCEAE78F
:107BC00037F8190007F0AEFF08EB090B069059468D
:107BD0002846FFF704FD16F80920404212FB0AF27E
:107BE0008DF82400120A069809A9FFF70BFD9DF9EC
:107BF0002420002A594628460EDAFFF7C4FC09F172
:107C00000109019B4B45DBDC039B1D44049B1F4486
:107C1000059B01341E449CE7FFF7CAFCEFE707EB26
:107C2000490340F63A025B78DB0853431B128DF898
:107C3000263037F8193040F20D41C3F345134B435A
:107C40001B128DF8253017F8193003F01F0353432A
:107C50001B128DF824301EB316F8093013FB0AF3FB
:107C60001B0A8DF8273008EB090194F82230099A95
:107C70002846FFF7D6FC09F10109019B4B45CEDCF4
:107C80000EB1059B1E44039B1D44049B0BF1010B8D
:107C90001F44029B5B457FF728AF4FF00009ECE7DC
:107CA0005346DEE74FF0000BF3E7032120460BB00D
:107CB000BDE8F04FFFF7F3BC0421F7E743680293F8
:107CC00083680393C3680493D0E906730593D0E9EE
:107CD0000463426A0693534203F0070302F007026B
:107CE00058BF5A4290F8223090F8218005680192DE
:107CF000002B40F01D81002E6AD1B8F1FC0F2ED868
:107D0000039BB3427FF7F1AEB946002454E0D8F8A4
:107D1000000007F037FF019B04EB030A8146514640
:107D20002846FFF75CFC40428DF8240009A948462C
:107D300098F80320FFF766FC9DF92430002B51468C
:107D4000284613DAFFF71FFC013408F10408029BF0
:107D5000A342DCDC049B1D44059B01361F44039BAE
:107D6000B3427FF7C2AEB8460024F0E7FFF720FC2D
:107D7000EAE7D9F8000007F005FF019B04EB030BCD
:107D8000824659462846FFF72AFC99F803204042CC
:107D900012FB08F28DF8240009A95046120AFFF7D9
:107DA00031FC9DF92430002B594628460DDAFFF7A7
:107DB000EAFB013409F10409029BA342D9DC049BCC
:107DC0001D44059B01361F449AE7FFF7F1FBF0E7DE
:107DD000B8F1FC0F1C4637D8039BA3427FF785AE52
:107DE000BA464FF0000961E0D9F8000007F0CAFE7A
:107DF000019B03EB080B824659462846FFF7EFFB31
:107E000099F8033016F80820404212FB03F28DF86F
:107E1000240009A95046120AFFF7F4FB9DF924300B
:107E2000002B5946284617DAFFF7ADFB08F1010889
:107E300009F10409029B4345D6DC049B1D44059BC4
:107E40001F44069B01341E44039BA3427FF74DAEA3
:107E5000B9464FF00008EDE7FFF7AAFBE6E7DAF8CE
:107E6000000007F08FFE019B079003EB090B5946BA
:107E70002846FFF7B4FB16F809209AF8031012FB06
:107E800008F240424A438DF82400120C079809A9D1
:107E9000FFF7B8FB9DF92420002A5946284610DA3E
:107EA000FFF771FB09F101090AF1040A029B4B4536
:107EB000D5DC049B1D44059B1F44069B01341E44D6
:107EC0008AE7FFF775FBEDE75AF8030C9AF80020F4
:107ED00009902EBB12FB08F2130A01998DF8273086
:107EE000494494F82230099A2846FFF79AFB09F191
:107EF00001090AF1040A029B4B45E5DC0EB1069B21
:107F00001E44049B1D44059B0BF1010B1F44039B66
:107F10005B457FF7EAAD07F1030A4FF00009EAE796
:107F200016F8093013FB02F308FB03F31B0CD4E72C
:107F30004FF0000BEBE74368019383680293C3683B
:107F40000393D0E906730493D0E90463426A05936E
:107F5000534203F0070302F0070858BFC3F10008BB
:107F600090F8223090F821900568002B40F0DE80D8
:107F7000002E45D1B9F1FC0F16D8029BB3427FF712
:107F8000B4AD002430E03B57002B08EB0401284639
:107F900010DAFFF7F8FA0134019BA342F3DC039BEC
:107FA0001D44049B01361F44029BB3427FF79DADE5
:107FB0000024F1E7FFF7FCFAEDE708EB040A51466D
:107FC0002846FFF70CFB40428DF8240009A9385DD4
:107FD0004A46FFF717FB9DF92430002B51462846EF
:107FE0000BDAFFF7D0FA0134019BA342E5DC039BD7
:107FF0001D44049B01361F44BFE7FFF7D9FAF2E79F
:10800000B9F1FC0F1C462BD8029BA3427FF76DAD44
:108010004FF0000A4DE008EB090B59462846FFF7E0
:10802000DEFA17F809A016F8092040428DF824005E
:1080300009A95046FFF7E6FA9DF92430002B59466E
:10804000284614DAFFF79FFA09F10109019B4B4515
:10805000E1DC039B1D44049B1F44059B01341E442B
:10806000029BA3427FF741AD4FF00009EEE7FFF717
:108070009FFAE9E708EB0A0B17F80A30069359460E
:108080002846FFF7ACFA16F80A20404212FB09F224
:108090008DF82400120A069809A9FFF7B3FA9DF992
:1080A0002420002A594628460EDAFFF76CFA0AF116
:1080B000010A019B5345DDDC039B1D44049B1F44C7
:1080C000059B01341E449FE7FFF772FAEFE717F8AC
:1080D0000A308DF826308DF825308DF824301EB307
:1080E00016F80A3013FB09F31B0A8DF8273008EB4A
:1080F0000A0194F82230099A2846FFF792FA0AF109
:10810000010A019B5345E2DC0EB1059B1E44039B13
:108110001D44049B0BF1010B1F44029B5B457FF741
:10812000E4AC4FF0000AECE74B46DEE74FF0000B03
:10813000F3E74368019383680293C3680393D0E92C
:1081400006730493D0E90463426A0593534203F033
:10815000070302F0070B58BFC3F1000B90F8223061
:1081600090F821800568002B40F00E81002E5ED132
:10817000B8F1FC0F28D8029BB3427FF7B6AC0024BD
:1081800007F1010947E00BEB040949462846FFF7D0
:1081900026FA40428DF8240009A917F8140018F8AF
:1081A0001420FFF72FFA9DF92430002B494628466A
:1081B00012DAFFF7E8F90134019BA342E3DC039BE9
:1081C0001D44049B01361F44029BB3427FF78DACD4
:1081D000002407F10108EFE7FFF7EAF9EBE70BEB03
:1081E000040A51462846FFF7FAF919F814204042CC
:1081F00012FB08F28DF8240009A917F81400120ADE
:10820000FFF700FA9DF92430002B514628460BDA7F
:10821000FFF7B9F90134019BA342E0DC039B1D4445
:10822000049B01361F44A6E7FFF7C2F9F2E7B8F155
:10823000FC0F1C4631D8029BA3427FF756AC7B1C37
:108240004FF00009069356E00BEB080A514628460A
:10825000FFF7C5F916F8083019F81820404212FB4C
:1082600003F28DF8240009A917F81800120AFFF785
:10827000C9F99DF92430002B5146284616DAFFF73C
:1082800082F908F10108019B4345DDDC039B1D4495
:10829000049B1F44059B01341E44029BA3427FF7AD
:1082A00024AC4FF0000807F10109ECE7FFF780F973
:1082B000E7E70BEB090A51462846FFF790F9069BC2
:1082C00013F8192016F8093012FB03F2404208FB9C
:1082D00002F28DF8240009A917F81900120CFFF713
:1082E00091F99DF92430002B514628460EDAFFF70C
:1082F0004AF909F10109019B4B45DADC039B1D4456
:10830000049B1F44059B01341E4494E7FFF750F97A
:10831000EFE71AF8013C9AF800208DF826308DF826
:1083200025308DF824303EBB12FB08F2130A8DF87D
:1083300027300BEB090194F82230099A2846FFF701
:1083400070F909F101090AF1020A019B4B45E0DCD1
:108350000EB1059B1E44039B1D44049B1F44069BBA
:1083600001330693069A029B93427FF7BEAB07F157
:10837000010A4FF00009E8E716F8093013FB02F391
:1083800008FB03F31B0CD2E70023EAE743680193E1
:1083900083680293C3680393D0E906730493D0E91A
:1083A0000463426A0593534203F0070302F007088F
:1083B00058BFC3F1000890F8223090F8219005686A
:1083C000002B40F0E780002E49D1B9F1FC0F1AD8FC
:1083D000C9F1FF0A029BB3427FF787AB002432E06A
:1083E00021463846FFF7FBF804EB080188B1284620
:1083F000FFF7C9F80134019BA342F1DC039B1D4444
:10840000049B01361F44029BB3427FF76EAB0024EE
:10841000F1E72846FFF7CCF8ECE721463846FFF7AE
:10842000DEF804EB080B024659462846FFF7D7F85A
:1084300019FB02F200FB0A221206594628460BD508
:10844000FFF7A1F80134019BA342E6DC039B1D4426
:10845000049B01361F44BDE7FFF7AAF8F2E7B9F124
:10846000FC0F1C462BD8029BA3427FF73EAB4FF07C
:10847000000A4EE049463846FFF7B1F808EB090B11
:10848000824659462846FFF7AAF816F80920C2F195
:10849000FF0312FB0AF200FB03221306594628468B
:1084A00014D5FFF770F809F10109019B4B45E1DC98
:1084B000039B1D44049B1F44059B01341E44029BE7
:1084C000A3427FF712AB4FF00009EEE7FFF770F819
:1084D000E9E716F80A20D2B151463846FFF77FF88F
:1084E00008EB0A0183462846069112FB09F2FFF7C2
:1084F00076F81212C2F1FF0312FB0BF200FB03220B
:1085000012F0800F069928460ED0FFF73CF80AF1CA
:10851000010A019B5345DCDC039B1D44049B1F4463
:10852000059B01341E449EE7FFF742F8EFE75146F2
:108530003846FFF754F84042C0B28DF825008DF858
:1085400024002EB316F80A3013FB09F31B0A8DF82A
:1085500027308DF826000AEB080194F82230099A9A
:108560002846FFF75EF80AF1010A019B5345DEDC5D
:108570000EB1059B1E44039B1D44049B0BF1010B94
:108580001F44029B5B457FF7B0AA4FF0000AECE75F
:108590004B46DCE74FF0000BF3E7CB10C943C05C60
:1085A00001F00701084100F00100704710B55AB111
:1085B000FC2A9FBF0C78D34310FB02F0DBB29CBFB8
:1085C00004FB0300000A087010BD37B515460446C9
:1085D0000846019107F0D6FA022D11D0032D14D0D0
:1085E000012D18D123780344FF2BA8BFFF23D8B255
:1085F0009DF80720214603B0BDE83040FFF7D6BF05
:1086000023781B1A23EAE373F1E7237813FB00F3C3
:10861000C3F30720ECE703B030BD2DE9F04F89B07C
:108620004368009383680193C3680293D0E90653BB
:108630000393D0E90443049390F8223090F82190FA
:10864000066807468846002B40F0A980F4B9B9F1C6
:10865000FC0F14D8019B9C4280F2A380AA460027FD
:1086600029E0484607F077FAC144F0550137009BEE
:108670009F42F6DB029B1E44039B01341D44019B79
:108680009C4280F28E80A9460027F0E7B9F1FC0FEA
:108690001F462FD8019B9F4280F28380AB464FF04C
:1086A000000A3DE0504607F056FAF1194A46FFF736
:1086B0007DFF0137C244009B9F42F3DB029B1E44B7
:1086C000039B01341D44C5E7504607F044FA14F8F3
:1086D000092006EB0901FFF769FF09F10109C2440E
:1086E000009B9945F0DB029B1E44039B1D44049BA9
:1086F00001371C44019B9F4253DAAA464FF0000900
:10870000EEE7584607F027FA14F80A2012FB09F2A0
:1087100006EB0A01120AFFF749FF0AF1010AC344F6
:10872000009B9A45EDDB029B1E44039B1D44049B6A
:1087300001371C44AEE79BF802208DF81E209BF801
:1087400001208DF81D209BF800208DF81C2024B3FB
:1087500014F80A2012FB09F2120A8DF81F2006EB0A
:108760000A0097F8222007990593FFF72EFF059B33
:108770000AF1010AC344009A9245DCDB0CB1049A69
:108780001444029A1644039A01331544019A934201
:1087900007DAAB464FF0000AEDE74A46DDE7002373
:1087A000F4E709B0BDE8F08F2DE9F74FD0E9045A9E
:1087B000D0E9017890F81BB0D0F80C90064680699B
:1087C000002D5FD1BBF1FC0F46D907F090F9002FC7
:1087D000D6F800A007F1FF3626F00F06D8BF002616
:1087E000A7EB060BBE42C8BF4FF0000B0446103F7C
:1087F000454537DA524620E003F8104C03F80F4C99
:1088000003F80E4C03F80D4C03F80C4C03F80B4C1A
:1088100003F80A4C03F8094C03F8084C03F8074C1A
:1088200003F8064C03F8054C03F8044C03F8034C1A
:1088300003F8024C03F8014C1A4602F11003A2EBB4
:108840000A029742D8DC0AEB06005A4621460EF08F
:1088500051FFCA440135CBE707F049F93668824633
:1088600045450DDB03B0BDE8F08F31195A4650463F
:10887000FFF79CFE0134BC42F7DB4E440135EFE7C5
:108880000024F8E7BBF1FC0F16D907F030F9D6F851
:1088900000B000264645E5DA002407E02A5D009096
:1088A0000BEB0401FFF782FE00980134BC42F5DBBC
:1088B000CB4455440136EDE707F019F9336800263B
:1088C0004645CFDA00240BE02A5D12FB0BF21919A2
:1088D000120ACDE90003FFF769FEDDE90003013468
:1088E000BC42F1DB4B4455440136E9E72DE9F04F3A
:1088F00090F82030063B89B081460F2B3CD8DFE84A
:1089000013F0A301FD023B003B003B003B003B009A
:108910003B003B00CD00D600D40010003B003B00E4
:108920003C02D0E901830193C3680293D0E9044378
:1089300090F822B090F8217006680393D0E9065AA7
:10894000BBF1000F40F0A8806CBBFC2F11D8019B3D
:10895000A34211DD4FF0000B1EE035F8170007F0C1
:10896000E1F8F0550137B845F7DC029B55441E4449
:108970000134019BA34202DC09B0BDE8F08F00275F
:10898000F1E735F81B0007F0CDF806EB0B013A468E
:10899000FFF70CFE0BF1010BD845F2DC029B5544AE
:1089A0001E440134D3E7FC2F17D8019B5B45E3DD60
:1089B0004FF0000925E035F8170007F0B3F8E25D45
:1089C000F119FFF7F3FD0137B845F4DC029B1E44B3
:1089D000039B55441C440BF1010B019B5B45CBDD14
:1089E0000027F1E735F8190007F09CF814F8092082
:1089F00012FB07F206EB0901120AFFF7D7FD09F196
:108A00000109C845EEDC029B1E44039B55441C44EF
:108A10000BF1010BC9E705EB4B0240F63A01527826
:108A2000D2084A4312128DF81E2035F81B2040F25E
:108A30000D40C2F34512424312128DF81D2015F865
:108A40001B2002F01F024A4312128DF81C200CB3A7
:108A500014F80B2012FB07F2120A8DF81F2006EB08
:108A60000B0099F8222007990493FFF7AEFD049BB1
:108A70000BF1010BD845CEDC0CB1039A1444029AD9
:108A8000554416440133019A9A427FF775AF4FF06F
:108A9000000BEFE73A46E0E70023F4E703214846FE
:108AA00009B0BDE8F04FFFF7B8BD0421F7E7436810
:108AB000019383680293C3680393D0E9044390F859
:108AC000227090F8218006680493D0E9065A002F9E
:108AD00040F0B780002C3AD1B8F1FC0F19D8029BB6
:108AE000A3427FF749AFAB46002728E0D8F8000043
:108AF00007F048F898F80320F119FFF757FD013700
:108B000008F10408019BBB42F0DC039B55441E4462
:108B10000134029BA3427FF72FAFA8460027F1E75D
:108B2000DBF8000007F02EF89BF8032012FB08F298
:108B3000F119120AFFF73AFD01370BF1040B019B03
:108B4000BB42EDDC039B55441E440134C7E7B8F13A
:108B5000FC0F23D8029BBB427FF70EAFA9464FF014
:108B6000000B37E0DBF8000007F00CF89BF803205F
:108B700014F8083012FB03F206EB0801120AFFF7A3
:108B800015FD08F101080BF1040B019B4345E9DCDD
:108B9000039B1E44049B55441C440137029BBB426B
:108BA0007FF7EAAEAB464FF00008EEE7D9F80000D9
:108BB00006F0E8FF99F8032014F80B1012FB08F2F6
:108BC0004A43120C06EB0B01FFF7F0FC0BF1010B13
:108BD00009F10409019B5B45E8DC039B1E44049BEF
:108BE00055441C440137B5E755F8270013F8271002
:108BF0000790FCB918FB01F10A0A8DF81F20F01943
:108C000099F8222007990593FFF7DFFC059B0137B0
:108C1000019ABA42E8DC0CB1049B1C44039B554406
:108C20001E440BF1010B029B5B457FF7A5AE0027AD
:108C3000EB1CEDE7E25D12FB01F208FB02F2120C05
:108C4000DBE74FF0000BEEE7436801938368029384
:108C5000D0E9044390F8227090F821800568D0F89C
:108C60000CA00393D0E9066B002F40F084800CBB6E
:108C7000B8F1FC0F0DD8029BA3427FF77DAE002711
:108C800011E031462846019A08F081FC55445E44C3
:108C90000134029BA342F4DC6EE6F05DE919424622
:108CA000FFF784FC0137019BBB42F6DC55445E4470
:108CB0000134E0E7B8F1FC0F18D8029BBB427FF704
:108CC0005BAE4FF0000925E014F8082016F8080004
:108CD00005EB0801FFF76AFC08F10108019B434519
:108CE000F2DC039B55445E441C440137029BBB42AB
:108CF0007FF742AE4FF00008F0E714F8092016F8AD
:108D0000090012FB08F205EB0901120AFFF74EFCFD
:108D100009F10109019B4B45EFDC039B55445E447F
:108D20001C440137C9E7F25D8DF81E208DF81D2027
:108D30008DF81C20ECB1E25D12FB08F2120A8DF8EE
:108D40001F20E81999F8222007990493FFF73DFCAA
:108D5000049B0137019ABA42E5DC0CB1039A144432
:108D600055445E440133029A9A427FF705AE0027CC
:108D7000F0E74246E3E70023F5E7436801938368A1
:108D80000293C3680393D0E9044390F8227090F8EB
:108D9000218005680493D0E9066A002F40F0AB807B
:108DA000B4BBB8F1FC0F17D8029BA3427FF7E4AD28
:108DB000B346002722E0E91918F8012C18F8020C34
:108DC000FFF7F4FB0137019BBB4208F10208F2DC1C
:108DD000039B56441D440134029BA3427FF7CCAD54
:108DE000B0460027EFE71BF8012C1BF8020C12FB22
:108DF00008F2E919120AFFF7D9FB0137019BBB42C0
:108E00000BF1020BEFDC039B56441D440134CBE70E
:108E1000B8F1FC0F21D8029BBB427FF7ADADB14644
:108E20004FF0000B32E014F808301BF8012C1BF84F
:108E3000020C12FB03F205EB0801120AFFF7B6FB66
:108E400008F10108019B43450BF1020BEBDC039B8E
:108E50001D44049B56441C440137029BBB427FF7D0
:108E60008BADB3464FF00008ECE714F80B1019F87F
:108E7000012C19F8020C12FB01F208FB02F205EBBF
:108E80000B01120CFFF792FB0BF1010B019B5B45F1
:108E900009F10209E9DC039B1D44049B56441C4470
:108EA0000137B8E716F817308DF81E308DF81D30F1
:108EB0008DF81C30ECB1E35D13FB08F31B0A8DF851
:108EC0001F30E81999F822200799FFF77EFB013738
:108ED000019BBB42E6DC0CB1049B1C44039B564443
:108EE0001D440BF1010B029B5B457FF745AD00274D
:108EF000EEE74346E3E74FF0000BF4E743680193E6
:108F000083680293C3680393D0E9044390F82280F6
:108F100090F8217005680493D0E9066AB8F1000F53
:108F200040F0AC80002C38D1FC2F1AD8029BA34211
:108F30007FF722AD4FF0000827E041463046FFF7AB
:108F40002CFB404205EB08013A46C0B2FFF72EFB6E
:108F500008F10108019B4345EFDC039B56441D4487
:108F60000134029BA3427FF707AD4FF00008F1E701
:108F700041463046FFF711FB404205EB08013A46F7
:108F8000C0B2FFF713FB08F10108019B4345EFDC7A
:108F9000039B56441D440134C8E7FC2F1BD8029B99
:108FA00043457FF7E9AC4FF0000B2BE039463046E4
:108FB000FFF7F3FA4042E25DE919C0B2FFF7F6FAB3
:108FC0000137019BBB42F1DC039B1D44049B5644CB
:108FD0001C4408F10108029B43457FF7CDAC0027F4
:108FE000EFE759463046FFF7D8FA14F80B20404215
:108FF00012FB07F205EB0B01120AC0B2FFF7D6FA1B
:109000000BF1010B019B5B45EBDC039B1D44049BB7
:1090100056441C4408F10108C1E741463046FFF7B9
:10902000BCFA4042C0B28DF81D008DF81C001CB384
:1090300014F8083013FB07F31B0A8DF81E008DF897
:109040001F3005EB080099F822200799FFF7BDFAB9
:1090500008F10108019B4345DFDC0CB1049B1C4473
:10906000039B56441D440BF1010B029B5B457FF7AC
:1090700083AC4FF00008EDE73B46DEE74FF0000B16
:10908000F3E7CB10C943C05C01F00701084100F0D1
:10909000010070472DE9F04FD0E9017387B0804699
:1090A0008069019306F06CFCD8E904530393D8F867
:1090B0000C3098F81B90D8F8004002930646002D1B
:1090C00040F0B180B9F1FC0F42D9791E21F00F01B7
:1090D0007800490006EB0642A3EB4707019B9D423F
:1090E00002DB07B0BDE8F08FA30704EB000C04EB34
:1090F000010E18BF24F8026B234673451BD30EF1F3
:109100001F031B1BA4F11F0823F01F03C64538BF14
:10911000002323441C46644517D30CF10104E41AD0
:1091200024F0010403F1FF3EF44538BF00243C4421
:109130001C440135D2E7C3E90022C3E90222C3E996
:109140000422C3E906222033D7E724F8026BE2E7C2
:1091500023880133CDE90353BB1E0593039B019A7A
:109160009342BEDA14F0030A07D021884A463046FB
:10917000E7F7BCFB4FF0010A208004EB4A08D34616
:10918000059B5B4514DC07F1FF38A8EB0A0828F0C3
:1091900001085745D8BF4FF00008D04404EB480AF7
:1091A000B84535DB029B1C44039B01330393D5E791
:1091B00034F81B00B8F80210814213D001464A4629
:1091C0003046E7F793FB24F81B004A46B8F8021034
:1091D0003046E7F78BFBA8F802000BF1020B08F111
:1091E0000408CDE7D8F80020049B9A4202D1C8F8C1
:1091F0000050F2E7D8F8003004934A463046E7F7CB
:1092000075FB24F81B00A8F80200D8F80050E4E72A
:10921000BAF800104A463046E7F768FB08F1010843
:109220002AF8020BBCE7B9F1FC0F4FF0000B2FD866
:10923000019B9B45BFF655AFA4F1020A4FF0000811
:1092400069E015F0010807D02A7821883046E7F751
:109250004DFB4FF0010820807A1E04EB480A05EB15
:109260000803C1460492049A4A4515DCA7EB08039B
:1092700023F00103B845C8BF0023984404EB480914
:10928000B8452EDB029B1C44039B0BF1010B1D44D4
:10929000019B9B45D5DB24E71A884FF6FF718A4274
:1092A00009D124F81960AAF8026009F102090AF14B
:1092B000040A0233D7E7002AF7D01A7834F81910D5
:1092C00005933046E7F712FB059B24F8190030465A
:1092D0005A78BAF80210E7F709FB059BAAF80200D2
:1092E000E3E715F80820B9F800103046E7F7FEFA72
:1092F00008F1010829F8020BC2E715F808203AF82E
:10930000021F12FB09F2120A3046E7F7EFFA08F1E2
:109310000108AAF80000B845EFDB029B1C44039B40
:109320000BF1010B1D4483E72DE9F04F90F820204D
:10933000063A87B081460F2A2DD8DFE812F0930253
:10934000ED042C002C002C002C002C002C002C00F8
:109350003B014401420110002C002C00A103436892
:10936000009383680193C3680293D0E9044390F8A3
:10937000225090F8218006680493D0E9067A002DE7
:1093800040F0168164BBB8F1FC0F22D9009B5D0050
:10939000019BA34202DC07B0BDE8F08F394630469E
:1093A0002A4608F0F4F8029B57441E440134EFE7C4
:1093B0003BF8021F37F815004246E7F797FA0135E8
:1093C000ABF80000009BAB42F2DC029B57441E440A
:1093D0000134019BA342DEDDA6F1020B0025F1E77B
:1093E000B8F1FC0F1CD8019BAB42D4DDA6F10209F9
:1093F0004FF0000B2BE014F808203BF8021F37F861
:109400001800E7F773FA08F10108ABF80000009BB9
:109410004345F0DC029B1E44049B57441C44013529
:10942000019BAB42B7DDA6F1020B4FF00008EEE75F
:1094300014F80B2039F8021F37F81B0012FB08F252
:10944000120AE7F753FA0BF1010BA9F80000009B91
:109450005B45EDDC029B1E44049B57441C440135D4
:10946000C1E799F82220022A4ED0032A71D0012A9E
:1094700091D1BBF8001051B39BF801206878D20855
:1094800002EBD00228881F2AC1F34511C0F3451012
:109490000844A8BF1F22D2023F28A8BF3F2092B293
:1094A00002EB401290B229789BF8002001F01F01D6
:1094B00002F01F0211441F29D4BF40181F30298811
:1094C00080B2002C6BD14246E7F710FA2880039B4C
:1094D000013303930BF1020B0235009B039A934275
:1094E000BFDC029B57441E440CB1049B1C44059BEB
:1094F00001330593059A019B93427FF74CAF0023FC
:10950000BB4635460393E8E7BBF800100029DED0E0
:109510009BF801206878D208C2EBD0022888C1F3FA
:10952000451122EAE272C0F34510401AD20220EA45
:10953000E07092B202EB401290B229789BF80020C2
:1095400001F01F0102F01F02891A0029A8BF40186C
:10955000B5E7BBF800104FF6FF729142B7D06A78BA
:109560009BF80100D208C00812FB00F22888C1F362
:109570004511C0F3451010FB01F08011521140015C
:1095800000EBC2209BF800102A7801F01F0102F0C6
:109590001F0280B212FB01F200EB52108FE7039B17
:1095A000E25CB8F1FC0F9CBF12FB08F2120A8BE7D9
:1095B00000239EE70321484607B0BDE8F04FE3F7DC
:1095C00005BB0421F7E74368009383680193C368F0
:1095D0000293D0E906530393D0E9044390F8227034
:1095E00090F8218006680493002F40F03981002C08
:1095F00040D1B8F1FC0F1CD8019BA3427FF7CBAE42
:10960000A6F1020B2F464FF0000A2AE0FA783AF84A
:10961000021F3846E3F7A4FA08F10108AAF800008F
:109620000437009B4345F1DC029B1E44039B01343D
:109630001D44019BA3427FF7AEAEA6F1020A2F465E
:109640004FF00008EDE7FA783BF8021F12FB08F232
:109650003846120AE3F784FA0AF1010AABF800006F
:109660000437009B5345EEDC029B1E44039B0134F0
:109670001D44C1E7B8F1FC0F25D8019BBB427FF721
:109680008AAEA6F10209AB464FF0000A39E014F8A1
:1096900008309AF803203BF8021F12FB03F25046F1
:1096A000120AE3F75DFA08F10108ABF800000AF1CD
:1096B000040A009B4345EADC029B1E44039B1D44B5
:1096C000049B01371C44019BBB427FF764AEA6F1AB
:1096D000020BAA464FF00008EBE714F80A109BF8BB
:1096E000032012FB01F208FB02F239F8021F584670
:1096F000120CE3F735FA0AF1010AA9F800000BF1A0
:10970000040B009B5345E8DC029B1E44039B1D4455
:10971000049B01371C44B0E799F82220022A51D05B
:10972000032A70D0012A7FF436AE9AF80120B97866
:10973000D20802EBD1021F2AA8BF1F22D002BAF81A
:1097400000207978C2F3451202EB91023F2AA8BFAC
:109750003F2280B200EB42109AF80020397802F0E4
:109760001F0280B202EBD1021F2AD4BF80181F3023
:10977000BAF8001080B2002C65D1FA78B8F1FC0F6D
:109780009CBF18FB02F2120AE7F7B0F82AF8020BA6
:109790000BF1010B0437009B5B45BDDC029B1E44B3
:1097A000039B1D440CB1049B1C44059B0133059392
:1097B000059A019B93427FF7EEADB2462F464FF0DC
:1097C000000BE8E7BA789AF80110D208C2EBD10290
:1097D00022EAE272D002BAF800207978C2F3451288
:1097E000A2EB910222EAE27280B200EB42109AF8F8
:1097F0000020397802F01F0280B2A2EBD102002AC9
:10980000A8BF8018B4E7BA789AF801107878C90828
:10981000D20812FB01F2BAF800108008C1F345111A
:1098200010FB01F080115211400100EBC2209AF8A8
:1098300000103A7801F01F01D20880B212FB01F249
:1098400000EB521094E7B8F1FC0F14F80B209FBF07
:1098500097F803C012FB08F20CFB02F2120C93E71C
:109860000023A4E74368009383680193C3680293CD
:10987000D0E9044390F8227090F8218005680393A2
:10988000D0E9066A002F40F0F98074BBB8F1FC0FF4
:1098900014D8019BA3427FF77EADA5F1020B0027F0
:1098A0001BE0705CE3F71EF925F811000131009B05
:1098B0008B42F6DC029B56441D440134019BA342BB
:1098C0007FF769AD0021F2E7F05D3BF8021F4246E9
:1098D000E3F714F90137ABF80000009BBB42F3DC5F
:1098E000029B56441D440134D3E7B8F1FC0F1DD848
:1098F000019BBB427FF74FADA5F102094FF0000B72
:109900002CE014F8082016F808003BF8021FE3F7D3
:10991000F5F808F10108ABF80000009B4345F0DCC6
:10992000029B1D44039B56441C440137019BBB42D0
:109930007FF731ADA5F1020B4FF00008EDE714F809
:109940000B2016F80B0039F8021F12FB08F2120A5E
:10995000E3F7D4F80BF1010BA9F80000009B5B457D
:10996000EDDC029B1D44039B56441C440137BFE7BA
:1099700099F8221016F82BC002294FEADC024FEAB0
:109980009C0C41D0032958D001297FF404AD78788C
:10999000398802EBD0001F28C1F345116144A8BFEC
:1099A0001F20C0023F29A8BF3F2180B200EB411019
:1099B000397801F01F0180B20A441F2AD4BF8018F1
:1099C0001F3080B2002C4FD1B8F1FC0F03D839887A
:1099D0004246E6F78BFF27F8020B0BF1010B009BC9
:1099E0005B45C5DC029B56441D440CB1039B1C44E3
:1099F000049B01330493049A019B93427FF7CBAC01
:109A00002F464FF0000BEAE778783988C2EBD00098
:109A100020EAE070C1F34511C002A1EB0C0121EA7C
:109A2000E17180B200EB4110397801F01F0180B282
:109A30008A1A002AA8BF8018C3E738887978C0F34B
:109A40004510C90810FB0CF011FB02F180114911FF
:109A5000400100EBC120397801F01F0180B211FBF9
:109A600002F200EB5210ACE714F80B203988B8F181
:109A7000FC0F9CBF12FB08F2120AAAE70023B9E709
:109A80004368009383680193C3680293D0E9065347
:109A90000393D0E9044390F8227090F8218006687F
:109AA0000493002F40F03681002C46D1B8F1FC0F12
:109AB0001FD8019BA3427FF76EAC2F46A6F1020B85
:109AC0004FF0000A2EE017F8012C3AF8021F17F8A1
:109AD000020CE3F713F808F10108AAF80000009B54
:109AE000434507F10207EEDC029B1E44039B013451
:109AF0001D44019BA3427FF74EAC2F46A6F1020AFC
:109B00004FF00008EBE717F8012C3BF8021F17F89D
:109B1000020C12FB08F2120AE2F7F0FF0AF1010A46
:109B2000ABF80000009B534507F10207EBDC029BFA
:109B30001E44039B01341D44BBE7B8F1FC0F26D83B
:109B4000019BBB427FF727ACAB46A6F102094FF061
:109B5000000A39E014F808301AF8012C3BF8021F0B
:109B60001AF8020C12FB03F2120AE2F7C7FF08F11F
:109B70000108ABF80000009B43450AF1020AE9DC4A
:109B8000029B1E44039B1D44049B01371C44019B04
:109B9000BB427FF700ACAA46A6F1020B4FF00008CB
:109BA000E9E714F80A101BF8012C1BF8020C12FB51
:109BB00001F208FB02F239F8021F120CE2F79EFFD5
:109BC0000AF1010AA9F80000009B53450BF1020BB2
:109BD000E7DC029B1E44039B1D44049B01371C448D
:109BE000AEE799F8221097F800C002294FEADC028C
:109BF0004FEA9C0C4BD0032965D001297FF4CBABF5
:109C00009AF80100BAF8001002EBD0001F28C1F347
:109C100045116144A8BF1F20C0023F29A8BF3F21B2
:109C200080B200EB41109AF8001001F01F0180B2E1
:109C30000A441F2AD4BF80181F30BAF8001080B21F
:109C4000002C5AD17A78B8F1FC0F9CBF18FB02F2B5
:109C5000120AE6F74BFE2AF8020B0BF1010B08374C
:109C6000009B5B45BDDC029B1E44039B1D440CB165
:109C7000049B1C44059B01330593059A019B934269
:109C80007FF789ABB2462F464FF0000BE8E79AF812
:109C90000100BAF80010C2EBD00020EAE070C1F376
:109CA0004511C002A1EB0C0121EAE17180B200EB89
:109CB00041109AF8001001F01F0180B28A1A002AA0
:109CC000A8BF8018B9E7BAF800009AF80110C0F3ED
:109CD0004510C90810FB0CF011FB02F1801149116D
:109CE000400100EBC1209AF8001001F01F0180B282
:109CF00011FB02F200EB52109FE7B8F1FC0F14F8D1
:109D00000B209FBF97F801C012FB08F20CFB02F278
:109D1000120C9EE70023AFE743680093836801932A
:109D2000C3680293D0E9044390F8227090F8218030
:109D300005680393D0E9066A002F40F0F280002CFA
:109D400038D1B8F1FC0F19D8019BA3427FF723ABA0
:109D5000A5F1020B002725E039463046FFF791F9BF
:109D60004042C0B2E2F7BEFE25F817000137009B63
:109D7000BB42F1DC029B56441D440134019BA342CB
:109D80007FF709AB0027F2E739463046FFF779F94C
:109D900040423BF8021F4246C0B2E2F7AFFE013735
:109DA000ABF80000009BBB42EEDC029B56441D4416
:109DB0000134C9E7B8F1FC0F21D8019BBB427FF702
:109DC000EAAAA5F102094FF0000B34E04146304603
:109DD000FFF757F9404214F808203BF8021FC0B2C1
:109DE000E2F78CFE08F10108ABF80000009B434548
:109DF000ECDC029B1D44039B56441C440137019B31
:109E0000BB427FF7C8AAA5F1020B4FF00008EDE7AF
:109E100059463046FFF735F914F80B2039F8021F80
:109E200012FB08F24042120AC0B2E2F767FE0BF1E1
:109E3000010BA9F80000009B5B45E9DC029B1D4477
:109E4000039B56441C440137B7E73046FFF719F926
:109E500099F822204042022AC0B231D0032A36D0DB
:109E6000012A7FF498AAE2F73DFE79884FF6FE7248
:109E70000844904246DC80B2002C48D1B8F1FC0F77
:109E800003D879884246E6F731FD27F8020F0BF137
:109E9000010B009B5B454FEA8B01D6DC029B5644CD
:109EA0001D440CB1039B1C44049B01330493049A8E
:109EB000019B93427FF76FAAAF1E4FF0000BE8E7BC
:109EC000E2F710FE798881421FDD081AD3E7E2F736
:109ED00009FE7988C0F3CF0CCA0A0CFB02F200F02D
:109EE0001F0E01F01F0C0EFB0CFC4FEA6C1C4CEA21
:109EF000C22CC0F38500C1F34512504380114CEAD7
:109F00004010B8E74FF6FF70B6E70020B4E714F84A
:109F10000B207988B8F1FC0F9CBF12FB08F2120AE3
:109F2000B1E70023C2E7CB10C943C05C01F00701D1
:109F3000084100F00100704722B1FC2A03D90870E3
:109F400048708870704710FB02F0D3430A78DBB288
:109F500002FB0302120A0A704A7802FB0302120A89
:109F60004A708A7802FB0300000AEAE730B53AB18A
:109F7000FC2A037805D90B7043784B7083788B707B
:109F800030BD0D78D443E4B213FB02F305FB043378
:109F90001B0A0B704B78457813FB04F305FB023367
:109FA0001B0A4B708B78807813FB04F300FB0233A1
:109FB0001B0AE4E730B585B0022A0191CCB2C1F3A7
:109FC0000725C1F3074121D0032A30D0012A1BD134
:109FD00003782344FF2BA8BFFF238DF80C30437870
:109FE0002B44FF2BA8BFFF238DF80D3083780B4443
:109FF000FF2BA8BFFF23DBB201469DF807208DF899
:10A000000E3003A8FFF7B2FF05B030BD03781B1B6D
:10A0100023EAE3738DF80C3043785B1B23EAE37388
:10A020008DF80D3083785B1A23EAE373E3E7037856
:10A0300013FB04F31B128DF80C30437813FB05F36C
:10A040001B128DF80D30837813FB01F31B0AD3E745
:10A050002DE9F04F436890F821A005688BB04B4381
:10A06000019383680293C3680393D0E90663049362
:10A07000D0E90443069390F822300746884691467B
:10A08000002B40F0BA8064BBBAF1FC0F44D9914276
:10A090000FD0029B9C420FDA32462B4617E0314626
:10A0A0002846019A07F073FA039B1D44049B013470
:10A0B0001E44029B9C42F2DB0BB0BDE8F08F11788E
:10A0C000197051785970917899704A4443440198B5
:10A0D000591B8142F3DB039B1D44049B01341E4446
:10A0E000D7E7BAF1FC0F1F4630D8029B9F42E3DA54
:10A0F000631E30464FF0000B40E0E91958465246C7
:10A10000FFF734FF4744CB44019B9F42F5DB039BA1
:10A110001D44049B01341E44029B9C42CCDAB3468E
:10A120000027F1E705EB0A011BF8012F0590FFF767
:10A130001DFF0598C2444844019B9A45F2DB039BEE
:10A140001D44049B1E44069B01371C44029B9F42F6
:10A15000B2DA04F1FF3B30464FF0000AECE713F8A7
:10A16000012F079312FB0AF205EB0B01120A05906F
:10A17000FFF7FCFE0598079BC3444844019A9345AA
:10A18000EDDB039B1D44049B1E44069B01371C44CE
:10A19000ABE79A788DF826205A788DF825201A7822
:10A1A0008DF824203CB314F80B2012FB0AF2120A9B
:10A1B0008DF8272005EB0B0097F8222009990793CB
:10A1C000FFF7F8FE079BC3444B44019A9345E0DB3D
:10A1D0000CB1069B1C44039B1D44049B1E44059B21
:10A1E00001330593059B029A9342BFF665AF334650
:10A1F0004FF0000BE9E75246DAE70023F1E72DE9DB
:10A20000F04FD0E9044387B0D0E901A790F81B9044
:10A21000C668019380460D46002C76D1B9F1FC0F3B
:10A220005AD9032925D104680AEB4A0A2346D91CC6
:10A230001B1B9A4507DC04EB06080125BD4210DB19
:10A2400007B0BDE8F08F98F8183001F8033C98F893
:10A25000193001F8023C98F81A3001F8013C0B461D
:10A26000E5E740465246214607F091F9B0440135F2
:10A27000E4E70429E4D1806905F090FBBAF1000F0E
:10A28000D8F800102AF00F02AAF10F0CB8BF002274
:10A29000BC42D5DA0B46002510E043E9100043E943
:10A2A0000E0043E90C0043E90A0043E9080043E9D2
:10A2B000060043E9040043E902001035AC4503F110
:10A2C0004003EADC1346534502DB31440134DFE747
:10A2D00041F823000133F6E7806905F05FFBD8F809
:10A2E00000B0059005FB0AFABC42A9DA4FF000085D
:10A2F00006E00BEB08014A4605A8FFF737FEA84425
:10A30000D045F6DBB3440134EEE701FB0AF3B9F1C3
:10A31000FC0F806902931ED905F040FBD8F800A01D
:10A3200005904FF00009B9458ADA04F1FF3B4FF080
:10A33000000807E00AEB08011BF8012F05A8FFF74A
:10A3400015FEA844029B9845F4DB019BB2441C44D3
:10A3500009F10109E7E705F021FBD8F800B0059005
:10A360004FF0000ABA45BFF66BAF631E4FF000080E
:10A370000CE013F8012F039312FB09F20BEB080119
:10A38000120A05A8FFF7F2FD039BA844029A904524
:10A39000EFDB019BB3441C440AF1010AE2E72DE91B
:10A3A000F04F90F820308BB0063B044601910F2B04
:10A3B00000F2D082DFE813F02702B403CE02CE020F
:10A3C000CE02CE02CE02CE02CE024B015601540185
:10A3D0001000CE02CE02D902D0E901B30293C368C5
:10A3E0000393D0E906530493D0E90463059390F8EE
:10A3F000223090F821900768002B40F02381002E36
:10A4000062D1B9F1FC0F30D840F63A0840F20D4A5B
:10A41000029BB34240F39E82394600244CE005EB98
:10A4200042035B78DB0843431B128B7035F8123014
:10A43000C3F3451363431B124B7015F8123003F03E
:10A440001F0343431B120B70019B013219449345B8
:10A45000E5DC039B1F44049B01361D44029BB34271
:10A4600040F3788239460022F1E740F63A0040F2A4
:10A470000D44F3E705EB44034A465B78DB0808FB31
:10A4800003F31B128DF8263035F81430C3F345134F
:10A490000AFB03F31B128DF8253015F8143003F076
:10A4A0001F0308FB03F31B1209A88DF82430FFF7E4
:10A4B0005DFD019B01341944A345DBDC039B1F4474
:10A4C000049B01361D44A3E7B9F1FC0F1C463ED89E
:10A4D00040F63A0A029BA34240F33C8239464FF0D1
:10A4E000000861E005EB480316F808205B78DB08FC
:10A4F00009FB03F31B128DF8263035F81830C3F32F
:10A5000045130AFB03F31B128DF8253015F818309C
:10A5100003F01F0309FB03F31B1209A88DF8243075
:10A52000FFF724FD019B08F101081944C345D9DC5C
:10A53000039B1F44049B1D44059B01341E44029B46
:10A54000A34240F3078239464FF00008EEE740F699
:10A550003A0940F20D4AF2E705EB480340F20D429A
:10A560005B78DB080AFB03F31B128DF8263035F805
:10A570001830C3F3451353431B128DF8253015F8DB
:10A58000183016F8082003F01F030AFB03F312FB30
:10A5900009F21B12120A09A88DF82430FFF7E6FC15
:10A5A000019B08F101081944C345D5DC039B1F44F6
:10A5B000049B1D44059B01341E448BE705EB4802B8
:10A5C00040F20D415278D2085A4312128DF82620DB
:10A5D00035F81820C2F345124A4312128DF825208F
:10A5E00015F8182002F01F025A4312128DF8242089
:10A5F00036B316F8082012FB09F2120A8DF827204C
:10A60000099994F822200690FFF7D4FC019B069844
:10A6100008F10108184440F63A03C345CEDC0EB1F8
:10A62000059A1644039A1744049A0AF1010A15443C
:10A63000029A524540F38E8138464FF00008ECE70D
:10A640004A46DBE74FF0000A40F63A03F0E7032200
:10A650009DF8041020460BB0BDE8F04FFFF7F8BCA2
:10A660000422F5E74368029383680393C368049365
:10A67000D0E90453059390F8223090F821800768C0
:10A68000D0E90669002B40F0BC80002D38D1B8F12C
:10A69000FC0F18D8039BAB4240F35C81B2463946AD
:10A6A000002425E098F803204046FFF75FFC019B5B
:10A6B000013408F104081944029BA342F2DC049B14
:10A6C0004E441F440135039BAB4240F34381B046E7
:10A6D00039460024F0E79AF8032012FB08F25046AE
:10A6E000120AFFF743FC019B01340AF1040A1944E2
:10A6F000029BA342EFDC049B4E441F440135C9E793
:10A70000B8F1FC0F1C4621D8039BA34240F32281E1
:10A71000B34639464FF0000A33E015F808309AF88E
:10A72000032012FB03F25046120AFFF71FFC019BA5
:10A7300008F101080AF1040A1944029B4345ECDCC4
:10A74000049B1F44059B4E441D440134039BA342BC
:10A7500040F30081B24639464FF00008EDE715F8A6
:10A760000A309BF8032012FB03F208FB02F2584662
:10A77000120CFFF7FBFB019B0AF1010A0BF1040B22
:10A780001944029B5345EADC049B1F44059B4E443D
:10A790001D440134B8E753F8030C1978099045BB00
:10A7A00018FB01F10A0A8DF8272007EB0A0094F83C
:10A7B000222009990793FFF7FDFB019B9A44079B11
:10A7C0000BF1010B0433029A5A45E4DC0DB1059BF1
:10A7D0001D44049B1F44069B4E4401330693069A76
:10A7E000039B934240F3B6804FF0000BF31CDA4614
:10A7F000E9E715F80A2012FB01F208FB02F2120C3D
:10A80000D1E70023EAE74368029383680393D0E922
:10A810000453049390F8223090F821800768D0F810
:10A820000C90D0E9066A002B40F09D8075BBB8F112
:10A83000FC0F15D8039BAB4240F38C8039460024B3
:10A840001DE012F8011F9970597011781970019963
:10A850000B44029C81188C42F3DC4F445644013572
:10A86000039BAB4276DD721E3B46C6F10100F0E76A
:10A87000305D4246FFF760FB019B01341944029BA7
:10A88000A342F5DC4F4456440135D3E7B8F1FC0F41
:10A890001C4618D8039BA3425CDD39464FF0000BE1
:10A8A00025E015F8082016F80800FFF745FB019B86
:10A8B00008F101081944029B4345F2DC049B4F4414
:10A8C00056441D440134039BA34243DD39464FF0F7
:10A8D0000008F0E715F80B2016F80B0012FB08F241
:10A8E000120AFFF729FB019B0BF1010B1944029B94
:10A8F0005B45EFDC049B4F4456441D440134C9E7DB
:10A9000016F80B208DF826208DF825208DF82420B0
:10A910001DB3EA5C12FB08F2120A8DF82720F81822
:10A9200094F8222009990693FFF744FB019A069BAD
:10A930000BF1010B1344029A5A45E1DC0DB1049B63
:10A940001D44059B4F44564401330593059A039BD0
:10A95000934204DC0BB0BDE8F08F4246DDE74FF0D8
:10A96000000B5B46E7E70023EFE743680293836849
:10A970000393C3680493D0E90453059390F82230FD
:10A9800090F821800768D0E90669002B40F0C68066
:10A99000002D3CD1B8F1FC0F1AD8039BAB42D9DD96
:10A9A000344639464FF0000A27E014F8012C14F819
:10A9B000020CFFF7C1FA019B08F101081944029B40
:10A9C000434504F10204F0DC049B4E441F4401356E
:10A9D000039BAB42BEDD344639464FF00008EEE73C
:10A9E00014F8012C14F8020C12FB08F2120AFFF7FB
:10A9F000A3FA019B0AF1010A1944029B534504F191
:10AA00000204EDDC049B4E441F440135C5E7B8F158
:10AA1000FC0F1C4621D8039BA3429BDDB34639465D
:10AA20004FF0000A33E015F808301AF8012C1AF834
:10AA3000020C12FB03F2120AFFF77EFA019B08F1E7
:10AA400001081944029B43450AF1020AEBDC049B0E
:10AA50001F44059B4E441D440134039BA3427FF7D2
:10AA600079AFB24639464FF00008EBE715F80A30E7
:10AA70001BF8012C1BF8020C12FB03F208FB02F27C
:10AA8000120CFFF759FA019B0AF1010A1944029BC3
:10AA900053450BF1020BE9DC049B1F44059B4E441C
:10AAA0001D440134B7E713F8011C18788DF82610FF
:10AAB00065BB10FB08F0020A8DF827208DF82410E2
:10AAC0008DF8251007EB0A0094F8222009990793C6
:10AAD000FFF770FA019B9A44079B0BF1010B0233BD
:10AAE000029A5A45DFDC0DB1059B1D44049B1F44AF
:10AAF000069B4E4401330693069A039B93427FF7CD
:10AB000029AF4FF0000B731CDA46E9E715F80A206D
:10AB100012FB00F208FB02F2120CCDE70023EAE779
:10AB20004368029383680393C3680493D0E9045392
:10AB3000059390F8223090F821800668D0E9067AD3
:10AB4000002B40F0B880002D38D1B8F1FC0F19D897
:10AB5000039BAB427FF7FEAEB146002426E02146C0
:10AB60003846FFF7E0F9019B4042C0B29070507048
:10AB7000107001341A44029BA342F0DC049B57443A
:10AB80001E440135039BAB427FF7E4AE32460024FE
:10AB9000F1E721463846FFF7C6F9404249464246AA
:10ABA000C0B2FFF7C9F9019B01349944029BA3424B
:10ABB000EFDC049B57441E440135C9E7B8F1FC0F94
:10ABC0001C461FD8039BA3427FF7C4AEB1464FF08B
:10ABD000000B31E049463846FFF7A5F9404215F829
:10ABE00009204146C0B2FFF7A7F9019B09F101090D
:10ABF0009844029B4B45EDDC049B1E44059B574447
:10AC00001D440134039BA3427FF7A4AEB0464FF02E
:10AC10000009EEE759463846FFF785F915F80B208D
:10AC2000404212FB08F24946120AC0B2FFF784F90B
:10AC3000019B0BF1010B9944029B5B45EADC049BF1
:10AC40001E44059B57441D440134BBE74946384622
:10AC5000FFF769F94042C0B28DF825008DF8240055
:10AC60003DB315F8092012FB08F2120A8DF82720CF
:10AC70008DF8260094F8222009990698FFF79AF992
:10AC8000069B019A134409F101090693029B4B4567
:10AC9000DCDC0DB1059B1D44049B57441E440BF1A5
:10ACA000010B039B5B457FF755AE06964FF00009FD
:10ACB000ECE74246DAE74FF0000BF2E7F0B5154655
:10ACC00085B006460F460A46684629461C4604F0EB
:10ACD00051FA90B16968019A009B2D683F68521A39
:10ACE0000A995D1B684601FB0255DF1B04F08FFDCE
:10ACF000E31971191844834201D105B0F0BD1A78E7
:10AD000011F8014B2244FF2A28BFFF2203F8012B30
:10AD1000F1E72DE9F84356081F46A1EB520590468E
:10AD2000814605F054FC00FB05F44846E5F74EFE6D
:10AD3000E411002CD4BF8034803C05FB00F06FEAA6
:10AD40000802CCBFC6EB2423C6EB24234FEAE01055
:10AD5000D8BF06EB242402F00102C6BF9B1806EB05
:10AD60002424A41A0028CCBF803880303B60CDBF9B
:10AD7000C6EB2023C6EB202306EB20269B18CCBF76
:10AD800006EB2026B61ABC607B60FE60BDE8F88347
:10AD90002DE9F04F91F83C30ADF50B7D022B05907D
:10ADA0000C4641D90D6A002D3ED0D1E909139942D4
:10ADB0003AD00FCA0AAF87E80F00059BB4F8348079
:10ADC0009A680EAE3946304604F0D4F9039058B371
:10ADD000A36B4545D4E909A9A8BF454643BB0AF57D
:10ADE000B4734B4503D009F5B473534520D167A81C
:10ADF000FAF7BDFA94F83C308DF8C431E369ADF848
:10AE0000BC311B0C8DF8BE3147F6FF736E939DF875
:10AE1000C531059870950F2262F3040367A93A467D
:10AE20008DF8C53100F09FF90DF50B7DBDE8F08F71
:10AE3000D7E90112236A3868D21A1492FA681844C2
:10AE40001944D31A129013911593BAF5B47F80F276
:10AE5000B380B9F5B47F80F2B2801022002116A829
:10AE60000CF048FC0DF5CE78CDF80090D4E90B122B
:10AE700040465346E2F78AFCCDF858800DF1B808F9
:10AE8000002347F6FF7239464046E2F7CDFC12A890
:10AE9000CDF85C8004F0BBFC002800F39380002315
:10AEA0000393304604F0B8FC0690304604F0AFFC43
:10AEB0008046E6F755FB074696E80F000DF1680B54
:10AEC0008BE80F00002128224AA80CF013FCA16B8C
:10AED00094F83C304F978DF83831CDF824B1CDF847
:10AEE00044B100297ED1A28BA37FADF839218DF822
:10AEF0003B31002394F83D60049316F001063AD0EC
:10AF000005FB05FB5846E6F72BFB5A46FF21064694
:10AF100006F033FC6A1E0DF5807BCDE92C2205EB93
:10AF2000D5720023584652102AA9CDE92A33E2F7F8
:10AF30007BFC0023CDF820B00993B346AB42C0F2AE
:10AF400089805FFA85FB22ABA18E5A460FFA8AF000
:10AF5000FFF7DFFED4E90B1222A804F0FEF8A18E61
:10AF60005A460FFA89F026ABFFF7D3FED4E90B124D
:10AF700026A804F0F2F81B9B4FF000091D93069BD6
:10AF8000994579DB67A802F0C2FD2EA802F0BFFD4B
:10AF9000039B13B137A802F0BAFD3846E6F7FAFA78
:10AFA000A36B13B154A8FAF778FC002E3FF43CAF22
:10AFB0003046E6F7EFFA37E7AAF5B47A45E7A9F5A0
:10AFC000B47946E712A804F027FC00287FF767AFA2
:10AFD00037AF012347F6FF7212A93846E2F724FC87
:10AFE00018975EE7002254A8E1F75AFB00283FF4C7
:10AFF0007AAF5F9B002B3FF476AF1EAE0022C6E90E
:10B0000000229A88013AB260DA88013AF260D4E903
:10B010000B129B883046A2EB5302A1EB530104F0C4
:10B020009CF85F9A4D96D2F810B01389CDF828B1EC
:10B030004B935278142A02D08DF8302159E712220E
:10B04000304604938DF8302104F0E6FB049B03FBAB
:10B0500000B34FE759460095002208A8079302F075
:10B060003AFD079B014620B92A46584606F085FB63
:10B07000079BAB44013361E74246FF21384606F0A7
:10B080007CFBDDE91A233946CDF8008016A802F0D2
:10B0900022FD94F83D308DF84001DB0701462DD5A7
:10B0A0001B9B239A934211DB259A93420EDC30B905
:10B0B0004246384606F061FB02238DF84031009588
:10B0C0003B4622AA1AA93046FFF7F8FD1B9B279A98
:10B0D000934213DB299A934210DC9DF8401131B959
:10B0E0004246384606F049FB02238DF84031009570
:10B0F0003B4626AA1AA93046FFF7E0FD049BEBB1B8
:10B100009DF84031D3B14D9B1B9A58681B68A2EB48
:10B11000000C1A9A4B98D31A4008049A00FB0C337F
:10B12000791E1344C7F101004218904512DC9DF8C6
:10B130004031012B04BF02238DF84031059849A905
:10B14000E1F788FB1B9B01331B931D9B09F1010950
:10B15000013313E713F801CB11F8012F12FB0CF2A6
:10B1600012120A70E0E72DE9F04F91F82830022B17
:10B17000B9B005460F46144640F2AD804B6A002B2D
:10B1800000F0A98091F82930DA0600F0A48020466A
:10B1900004F03DFB0646204604F03EFB8642FB6978
:10B1A00097F8288097F82290A8BF0646701098421A
:10B1B000A8BF184697F829307E6A834613F0040F1B
:10B1C000D4E900E003F01F010ABF0BEB060333468E
:10B1D0005B4273440B93D4E902C20B0756BF0BEBDF
:10B1E000060333465B42ACEB03030D938B0756BF5C
:10B1F0000BEB060333465B4203440C93CB0756BF6D
:10B200000BEB060333465B42D21A97F820300393C8
:10B2100097F821300E92ABEB06060293BBF1000FBC
:10B220005CD1002E5ADC59462C222DA806F0A5FA36
:10B2300024AB2D93039BD4F804B08DF8C9308DF85E
:10B24000CB90029BDDF83090A6688DF8CA300B9B3E
:10B250002768029309F1FF310D9B8DF8C880CB451B
:10B26000CDE925B6D4F80CA0DDF8388003932497F7
:10B27000279103DC2DA92846E1F7ECFA0E9901315C
:10B280002591C245E168279103DB2DA92846E1F706
:10B29000E1FACB45D4BF0C9B63682593C245ACBF94
:10B2A0000E9BE3682168249127930B99029B013937
:10B2B0009F42269103DC2DA92846E1F7CBFA0D9B8E
:10B2C00001332493A3682693039B9E4203DB2DA99D
:10B2D0002846E1F7BFFA39B0BDE8F08FAA682146E9
:10B2E0000FA803F047FF06900028F4D00FA804F041
:10B2F0008EFA2C22002107902DA806F03EFA07981E
:10B30000E6F72EF900273390824601231BA826EA90
:10B31000E6720BA9CDE908770A97E2F785FA1BA830
:10B32000BB45089007DD24AE3B465A4621463046D1
:10B33000E2F77AFA099613AB2D933593039B8DF8B8
:10B34000C930029B8DF8CA3023680B9A8DF8CB90D8
:10B350005B449342ACBF17931792A3680D9A8DF884
:10B36000C880A3EB0B039342D4BF1993199263686F
:10B370000C9A5B449342ACBF18931892E3680E9A00
:10B38000A3EB0B0317A89342D4BF1A931A9204F0AD
:10B390003EFA6368D4F80090DDF82C8002930C9B91
:10B3A0000393A3680493C1450D9BE6680E9F059324
:10B3B00062DCDDE9043293425EDBDDE90232934276
:10B3C0004FF001038DF8D03041DDBE420CDB179BFE
:10B3D0001393199B15930E9B013314932DA9E368C6
:10B3E00016932846E1F736FA0B9B0D9A93424BDBF6
:10B3F000C14557DCDDE904218A4247DB236813930A
:10B40000A3681593189B14932DA91A9B169328468D
:10B41000E1F720FA06990F9B119A139300297AD12C
:10B4200063680C9F1592FF1A5F45B8BF5F46884658
:10B4300047453EDC1BA802F06AFBBBF1000F02DDB2
:10B4400024A802F064FB5046E6F7A4F843E7BE42A6
:10B4500001DB31280DDD179B1393199B1593029B7C
:10B460001493039B2DA9013B28461693E1F7F2F9AB
:10B47000ABE700230693B7E701238DF8D030DDE971
:10B4800002329342E7DDA0E7C1450BDC013B159397
:10B49000189B226814932DA91A9B13922846169381
:10B4A000E1F7D8F9DDE904329342B3DB0D9B0133B8
:10B4B000A5E76368E66808EB0309109B9945A6EBCE
:10B4C000080602DA129B9E4222DC079AFF215046B0
:10B4D00006F053F9079B0093139A4B46514608A870
:10B4E00002F0F9FA109B8DF8D000994507DB2DA9E1
:10B4F0002846CDF85090CDF85890E1F7ABF9129B63
:10B500009E4205DC2DA9284614961696E1F7A2F96D
:10B5100008F101088CE7179B13A8013B9342D4BFA5
:10B520001593159204F073F9041E34DC199B0F9ADD
:10B5300001339342ACBF1393139213A8119B15933D
:10B5400004F065F9041E7FF775AFDDE9043293421C
:10B5500067DADDE90232934263DDBE42FFF66AAF8D
:10B560001A9E129B01369E423FF764AF2246504618
:10B57000FF211496169606F000F95146139A00948E
:10B58000334608A802F0A7FA2DA98DF8D000284666
:10B59000E1F760F9E5E7C14524DDDDE902329342D8
:10B5A00020DDBE42C2DB1A9B03F10108129B9845C5
:10B5B000BCDC2246FF215046CDF85080CDF85880A3
:10B5C00006F0DBF84346139A0094514608A802F0AF
:10B5D00082FA2DA98DF8D0002846E1F73BF908F151
:10B5E0000108E3E7109B189A934202DBC145DADDBC
:10B5F000D7E72246FF21504614931693069306F090
:10B60000BCF8069B139A0094514608A802F063FA0E
:10B610002DA98DF8D0002846E1F71CF9069B0133CF
:10B62000E1E7DDF84080189B984504DBDDE9043252
:10B63000934295DA91E72246FF215046CDF850809B
:10B64000CDF8588006F099F84346139A0094514675
:10B6500008A802F040FA2DA98DF8D0002846E1F79D
:10B66000F9F808F10108DEE72DE9F04F450087B051
:10B670004FEA610ACB0704462846904654BF0AF1B8
:10B68000FF3BD3460F46E5F76BFFAB1E6FF00102A1
:10B6900000930BFB02224FEA4A0301930646C14680
:10B6A00000230292A34225DB04FB04F0424608EB90
:10B6B000400043464FF47F5CBCFBF7FC834244D11F
:10B6C0006B420AFB03F30593631E05FB038304939C
:10B6D0000BF1010300930BFB05530393AB1901938B
:10B6E0004FF0000CA4453CDB304607B0BDE8F04FFE
:10B6F000E5F750BF009A019839F8021000EB090CE9
:10B7000002987943621E484426F8121002EB0A0E92
:10B710007445CCBF3CF812E04FF0000EA1EB0E0ECA
:10B72000A2EB0B010029D4BFB9F8001030F81210B9
:10B73000013A7144E8D248462A463146039305F05F
:10B7400026FF039BA9440133ACE7198839B1B1F551
:10B750007F5F0EBFA3F800C091FBF7F119800233A1
:10B76000ACE705991388511802910399002002EB68
:10B77000010996467B4390460146002BACBFC3F3BC
:10B780008F1B4FF0000B26F811B0A1EB0A0BBBF199
:10B79000000FCABFDDF808B0B8F800B03BF800B041
:10B7A000A3EB0B0B009B0B449C42D6BF049B39F8C8
:10B7B000003033F81C3001318C425B44A8442844EB
:10B7C000DBD1334633F8021BAEF8001001998B42EF
:10B7D000AE44F7D10CF1010C023283E72DE9F04FB2
:10B7E000B9B00D46D1E90A3114460290106892684A
:10B7F0006668E768084411442A6B16443A441944C1
:10B80000C01AF61A1A446B6A0C9003EBD3735B10E0
:10B810005B42184401380E910F921090D21AC81A48
:10B82000F11895F834300D96FE2B28BFFF230793AF
:10B83000029B01300139013212901191139210A92B
:10B840009A6814A803F096FC002800F0308323685F
:10B850001893636819934FF0FF32A3681A93114647
:10B86000E3681B9318A803F06BFC18A8EC6903F0BD
:10B87000CEFF064618A803F0CFFF864218A865DA67
:10B8800003F0C5FF4010A042A8BF204603900CA8BB
:10B89000EC6903F0BCFF06460CA803F0BDFF86422E
:10B8A0000CA856DA03F0B3FF4710A742A8BF2746FB
:10B8B0006C6A3C4404FB04F04000E5F751FE6E6AFC
:10B8C0000C9B24930F9B279306EBD6735A1066F0BC
:10B8D000010907EB6303994406F00101013204906A
:10B8E0000CA806912592CDF8989003F090FFA9EB53
:10B8F000000024900CA8DDF8949003F08DFF4844DC
:10B9000006EB0708002327903A4624A92DA8E1F763
:10B910008BFF012E404618BF7610E5F721FE4FEA57
:10B920004803DDF810A0059381464FF0000BD84581
:10B9300012DC4846E5F72EFE2DA802F0E8F8012EAD
:10B9400008FB08F740F0B682002341E003F064FFF3
:10B9500098E703F061FFA7E74246FF21484605F05C
:10B960000CFF2DAB009300212D9F43465A464846BD
:10B97000B847014640B9059A504605F0FEFE059BC2
:10B980000BF1010B9A44D2E799F8003052469B0123
:10B9900093FBF6F322F8023B059B494603EB0A00B2
:10B9A0009042ECD00F4611F8013F3F789F4217BFFD
:10B9B0009B0132F8023C93FBF6F39BB222F8023B68
:10B9C000EEE7049A049932F813209209CA5401331D
:10B9D000BB42F6D195F83570002317F00107CDE989
:10B9E0000A3307D124AE039A012318A93046E1F7A0
:10B9F0001BFF0A9610A803F00AFFE5F7B1FD2C2201
:10BA0000064600212DA805F0B8FE95F822302A8CB4
:10BA10008DF8CB301CA995F83430DDF840802D919D
:10BA200010A83591ADF8C9208DF8C830339603F0D1
:10BA3000EEFE00EBD07008EB600310A8DDF8448048
:10BA4000089303F0E9FE00EBD07008EB6003129A54
:10BA50000593119B1E92121B08991D9301322344DA
:10BA60008A42ACBF1C921C91013B059A9342D4BF01
:10BA70001F931F92029B1CA99A6820A803F07AFBCF
:10BA8000002840F04682129A1E92121B139B0899BE
:10BA90001F9301328A42ACBF1C921C91059A1B1B5A
:10BAA000013201339342ACBF1D931D92029B06925B
:10BAB0001CA99A6820A803F05DFB002835D0039AE2
:10BAC00018A920A803F012FC78BB20A803F09FFE61
:10BAD000DDF87CB0239BDDF88080DDF8489082465D
:10BAE00037B1039A099318A920A803F0B0FC099B69
:10BAF000BAF1000F19DDA9EB040909F10109A8EB5E
:10BB00000908ABEB030B049BDDF88C90339604FB28
:10BB10000B889844209B1C93229B1E9302238DF834
:10BB2000D030219B4B4540F35182109B059A234412
:10BB30001C93129B1B1B1E93119B1D932344013BC3
:10BB40009342D4BF1F931F92029B1CA99A6820A8FE
:10BB500003F010FBF8B1039A18A920A803F0C6FB64
:10BB60008046C0B920A803F052FEDDF884901D9BEA
:10BB70008246002F00F08682039A099318A920A814
:10BB800003F065FC099B8346002800F04382BAF16C
:10BB9000000F00F3448295F834308DF8C830109BC4
:10BBA000069A23441C93129B1B1B1E93139B1F93EB
:10BBB0001B1B01339342ACBF1D931D92029B1CA91A
:10BBC0009A6820A803F0D6FA48B3039A18A920A8C7
:10BBD00003F08CFB814610BB20A803F018FEB0F1E7
:10BBE000000B1CDDDDF87C80DDF88CA0002F00F060
:10BBF0005982039A18A920A803F029FC4B46049AFD
:10BC00003393209B1C93A8EB0A08229BDDF88C90B1
:10BC10001E9304FB0828219B4B4540F3458295F871
:10BC200034308DF8C830129B1E93DDE905501A1B85
:10BC3000119B13992344AB42C8BF034601321D93A5
:10BC4000089B9A42ACBF1C921C93029B091BA94201
:10BC5000ACBF1F911F959A681CA920A803F08AFA0F
:10BC600068B3039A18A920A803F040FB38BB20A8AA
:10BC700003F0CDFD129B209D1B1B0133ED1A631EAB
:10BC800004FB0355049B80461D44002F00F03F82B7
:10BC9000039A18A920A803F0DAFB2B46B8F1000F8D
:10BCA00033930CDD209B1C93229B1E93DDF8849024
:10BCB00002238DF8D030239B4B4580F22A82049BCF
:10BCC0006510013B0021A142C0F24382DDE905502D
:10BCD000119A109B1C932244AA42C8BF02461D928F
:10BCE000089A13992344013B02F1FF394B45D4BF15
:10BCF0001E93CDF87890029B091BA942ACBF1F91FF
:10BD00001F959A681CA920A803F034FA002840F077
:10BD10003282109A119B1C922244013A1D932344B3
:10BD2000013B4A45D4BF1E92CDF87890059A9342C4
:10BD3000D4BF1F931F92029B1CA99A6820A803F0EE
:10BD400019FA002830D0039A18A920A803F0CEFAD7
:10BD500050BB20A803F05BFDDDF884A01D9B209D57
:10BD6000DDF870B0804637B1039A079318A920A870
:10BD700003F06DFB079B3396B8F1000F14DDAAEBBF
:10BD8000030AA5EB0B05049B04FB0A551D44209BED
:10BD90001C93229B1E93DDF884A002238DF8D030E3
:10BDA000239B534580F23782109B139A1C932344A4
:10BDB000013B1F924B45D4BF1E93CDF87890121BC8
:10BDC000029B069901328A42ACBF1D921D9120A8A8
:10BDD0009A681CA903F0CEF978B3039A18A920A891
:10BDE00003F084FA48BB20A803F011FDDDF87C9035
:10BDF000DDF88CB0209DDDF870A0804627B1039A55
:10BE000018A920A803F023FBB8F1000F339614DD26
:10BE1000049BA9EB0B09A5EB0A0504FB09551D447E
:10BE2000209B1C93229B1E93DDF88C9002238DF89F
:10BE3000D030219B4B4540F31182109B139A3396CF
:10BE400023441C93129B1B1BDDE905011E93119BD0
:10BE500023448342C8BF0B461D93029B121B8242A0
:10BE6000ACBF1F921F901CA99A6820A803F082F90A
:10BE700098B1039A18A920A803F038FA68B920A845
:10BE800003F0C5FC051E08DD209B1C93219C229B12
:10BE90001E93239BA34280F2048217B924A801F0C9
:10BEA00036FE0498E5F776FB3046E5F773FB39B0CC
:10BEB000BDE8F08F3146049A4046FFF7D5FB06995E
:10BEC000314401290CDD049A02EB47064FF47F5000
:10BED00090FBF1F0B2420ED1049A4046FFF7C4FB4A
:10BEE0000023BB423FF476AD049A049932F8132044
:10BEF000CA540133F5E732F8023B002BEAD0FF2B9E
:10BF000017BF9B0122F8020C93FBF1F322F8023CCD
:10BF1000E0E7039A18A920A803F0E8F900287FF4C5
:10BF2000B2AD20A803F073FCDDF884B0119BDDF8FE
:10BF30008080DDF84890824637B1039A069318A9AD
:10BF400020A803F084FA069BBAF1000F7FF79BAD9F
:10BF5000A9EB040909F10109A8EB0908ABEB030BF4
:10BF6000049BDDF88490339604FB0B889844209B57
:10BF70001C93229B1E9302238DF8D030239B4B45AC
:10BF8000FFF681ADCDF87490CDF87C90DFB92246F4
:10BF90004146304605F0FBFA4B46209ACDF800A00A
:10BFA00031460AA801F097FD01280ABF02238DF847
:10BFB000D0008DF8D03002982DA9E0F74BFCA044BA
:10BFC00009F10109DAE7CDF8CC80F4E7CDF87490F7
:10BFD000CDF87C90DFB922464146304605F0D7FACD
:10BFE0004B46209ACDF800A031460AA801F073FD17
:10BFF00001280ABF02238DF8D0008DF8D0300298B6
:10C000002DA9E0F727FCA04409F1FF3989E5CDF817
:10C01000CC80F4E7BAF1000F7FF7BDADBB46A9EBCA
:10C020000309049BCDF8CC8004FB0939209B1C93A9
:10C03000DDF88480229B1E93239B4345FFF6ABAD26
:10C04000CDF87480CDF87C8099F80010BBF1000F1A
:10C050001DD15246304605F090FB209ACDF800A045
:10C06000434631460AA801F036FD012808BF0220E8
:10C070008DF8D00002982DA9E0F7ECFBA14408F15F
:10C080000108D9E700287FF786ADB046C6E7079BD1
:10C09000FF2B1EBF95F8343013FB01F1090A8DF810
:10C0A000C810E7E73346AAE5CDF87490CDF87C9048
:10C0B000D7B998F800105A46304605F05EFB209A32
:10C0C000CDF800B04B4631460AA801F004FD012826
:10C0D00008BF02208DF8D00002982DA9E0F7BAFB26
:10C0E000A04409F1FF3996E5039A18A920A803F0A6
:10C0F000AEF9079BFF2B18BF95F8342098F8003055
:10C100001CBF13FB02F31B0A8DF8C830E4E733466B
:10C11000C4E5CDF87490CDF87C909FB9424629468D
:10C12000304605F034FA4B46209ACDF8008031466F
:10C130000AA801F0D0FC01280ABF02238DF8D00024
:10C140008DF8D03002982DA9E0F784FB09F10109A0
:10C15000B1E518190246A0EB020C654502DC01317D
:10C160000346B0E513F801CF92F800E083F800E051
:10C1700002F801C9EFE7039A18A920A803F0B6F85E
:10C1800000287FF4C6AD20A803F041FB1C9B209D36
:10C19000ED1A631E04FB0355049B80461D44002FCB
:10C1A00037D0039A18A920A803F051F92B46B8F10B
:10C1B000000F33937FF7ADAD209B1C93229B1E9302
:10C1C000DDF884A002238DF8D030239B5345FFF681
:10C1D000A0ADCDF874A0CDF87CA09FB94246294609
:10C1E000304605F0D4F95346209ACDF80080314608
:10C1F0000AA801F070FC01280ABF02238DF8D000C4
:10C200008DF8D03002982DA9E0F724FB0AF1010A3D
:10C21000DBE73346CBE7CDF874A0CDF87CA0DFB9DF
:10C2200022462946304605F0B2F95346209ACDF809
:10C23000008031460AA801F04EFC01280ABF022303
:10C240008DF8D0008DF8D03002982DA9E0F702FBD0
:10C2500025440AF1010AA3E53395F5E7CDF874907A
:10C26000CDF87C90DFB922462946304605F08FF99B
:10C270004B46209ACDF8008031460AA801F02BFCED
:10C2800001280ABF02238DF8D0008DF8D030029823
:10C290002DA9E0F7DFFA254409F1FF39C9E5339507
:10C2A000F5E72A46FF2130461D941F9405F065FAF4
:10C2B0002346209A009531460AA801F00CFC2DA9CE
:10C2C0008DF8D0000298E0F7C5FA0134E1E50B796A
:10C2D000053B012B0ED8CB6C9A6B9AB9DA6B8AB9F5
:10C2E00093F821209B6E1BB10E2A0BD0142A09D083
:10C2F0002F2A07D891F85130632B84BF46F20143AF
:10C30000A1F850300020704770B50E46016A05460E
:10C31000002969D101223046DFF77CFB044610B9C1
:10C320004FF0FF3070BD3046DFF7CCFB0028F7D070
:10C330000223A36404F138036E60AB602C6223799E
:10C34000013B092B0CD8DFE803F005141B2229411F
:10C3500037303C48E16C04F10802284600F046F80A
:10C360002B6A03229A6400232B62DFF74BFB012028
:10C37000D8E7E16C04F108022846FEF7F4FEEFE787
:10C38000E16C04F108022846FFF728FAE8E7E16CBF
:10C3900004F108022846E0F745FEE1E7E16C04F10C
:10C3A00008022846E0F732FEDAE7E16C04F1080201
:10C3B0002846FEF7EDFCD3E7E16C2846E0F73CFEAB
:10C3C000CEE7E16C284601F0E4FEC9E7E16C04F138
:10C3D0000802284600F092FDC2E7E16C04F1080271
:10C3E000284601F0CEFBBBE700209BE72DE9F04F8C
:10C3F00091F82030ADB0022B04900C463BD9136865
:10C400000C9353680D930CAE93680E933146D3682A
:10C4100082680F9310A802F0ADFE029058B394F812
:10C420002F502C22C5F30303002115F00F0521A87E
:10C4300003BF94F8219094F8228094F8237094F824
:10C4400024901CBF94F8258094F8267007930BF075
:10C4500051F9E36994F820A08DF899908DF89A80AD
:10C460008DF89B7053B94DB90498219621A98DF888
:10C4700098A0E0F7EFF92DB0BDE8F08FBAF1FD0F0D
:10C48000304628BF4FF0FF0A03F0C1F9804630461E
:10C4900003F0C2F98045E2694346A8BF03465B103A
:10C4A0009342A8BF1346814610A8059303F0AFF945
:10C4B000059B03904FF0000B5B45CDE90ABB38DDCF
:10C4C000E5F74EF8059A07465B4618A83146E1F7AE
:10C4D000ABF918A80A90109B1493129B16930DF1B8
:10C4E000500BFF234A46414604F124002797CDF81C
:10C4F00084B0CDF8A4B08DF8983000F0DAF9064693
:10C5000000284BD0012D4CD90C9A109BCDF894B03B
:10C510009B1A026803EB43010A44229294F82E10FE
:10C5200000222734914206D84FF0000B4FF000084C
:10C530000EE05F46CFE702EB8200205CFF2840F070
:10C540002D810132EEE77268DDF808B002EB0308D6
:10C550000F238DF890304FF00009059A0D9C0F9B2A
:10C56000914522DB14449B1A002D40F0D0800498A2
:10C57000159421A917938DF898A02795E0F76AF9EB
:10C580002FB13846E5F706F818A801F0C0FA002EDA
:10C590003FF471AF304600F0C8F96CE7804683463F
:10C5A000D9E74FF0000BD846D5E7A3EB0903069374
:10C5B000119B4C44A34204DD139B069A9342C0F2A4
:10C5C0009280039A5146384605F0D7F8039B0093B2
:10C5D000149A234639460AA801F07DFA119B0128D6
:10C5E00008BF0220A3428DF8A0005DDC012D159448
:10C5F000179404D0022D13D000231A4615E00D9B8A
:10C600003168E31A03EB430288188A5AADF899207F
:10C6100082788DF89B207268D35C8DF89830EBE7B8
:10C62000B8F1000F3ED1029B4246049821A9CDE902
:10C630000823E0F70FF9DDE90823139906988142F2
:10C6400051DB012D1590179031D0022D43D0002AD7
:10C6500045D0022D3DD9039A5146384605F08DF854
:10C66000039B0093149A234639460AA801F033FA33
:10C6700001280ABF02238DF8A0008DF8A03028E021
:10C6800018F80310FC299FBFFA5C12FB01F212128A
:10C69000FA540133039A9342F2DB02238DF8A0305F
:10C6A000029BAAE70023F5E700231A46C5E706998F
:10C6B0000D9B3068CB1A03EB43014418415AADF887
:10C6C0009910A1788DF89B107168CB5C8DF898302B
:10C6D0002AB1002314E013B9B8F1000FF9D104987E
:10C6E00021A9E0F7B7F809F1010936E718F80310B6
:10C6F000FC299FBFFA5C12FB01F21212FA540133BB
:10C70000039A9342F2DB02238DF8A030E7E7022D73
:10C710008DF898A036D031D905F10D0202F00F0244
:10C72000022A36D9119A9442B8BF1446139A9342FA
:10C73000A8BF134699464C453FF722AF012D1594EB
:10C74000179415D10D9B3168E31A03EB4302881847
:10C750008A5AADF8992082788DF89B207268D35C54
:10C76000BAF1FC0F9CBF13FB0AF31B128DF8983033
:10C77000049821A9E0F76EF80134DCE701228DF876
:10C78000A020CFE79DF81C208DF8A020CDF89C803C
:10C79000C8E70BF1010B8DF8A0B0F7E7022D3FF4CD
:10C7A000D2AEDDF808B0C1E62DE9F0411D460379AF
:10C7B0004B43B2EB232F0F460ADC83780178427893
:10C7C0006A702970AB70C378069A1370BDE8F08167
:10C7D000847A04EB8403034413F8011C7943B2EB1D
:10C7E000212F54DA012C62D9437A7B43B2EB232FF9
:10C7F000D4BF0123002303EB8303C618C35C16F8E0
:10C80000014C317916F8030C7C437943A2EB2422C6
:10C810000912C2EB0222A1EB242192FBF1F416F8DB
:10C82000052C16F8041CE743FFB2E4B212FB07F232
:10C8300004FB0322737811FB07F104FB0311B378A7
:10C8400010FB07F048F2810804FB030008FB02F22A
:10C8500008FB01F108FB00F0C2F3C752C1F3C75156
:10C86000C0F3C75003F0D8F82870C0F30723C0F313
:10C8700007406B70A87016F8023CF27813FB07F3C0
:10C8800004FB023308FB03F3C3F3C7539CE713F81D
:10C89000051C13F8042C13F8033CAB7029706A7064
:10C8A000837A013B03EB83030344DB788CE70023AB
:10C8B000A1E7F7B5C37A17461A07064603D1002445
:10C8C000204603B0F0BD03F00F03012B06D00E335A
:10C8D00003F00F03032B94BF0F4640277D1CF81C69
:10C8E00005EB450520F0030025F003050C30284436
:10C8F000E4F736FE04460028E1D00C35054400F18B
:10C900000C03C0E9015703600025A168A942D7D9EB
:10C91000D4E9000205EB45032A44009203442A4669
:10C920003046FFF741FF0135EFE7E4F733BE2DE96D
:10C93000F04FB7B08B460D93CB6ADDF800A106909F
:10C940001646002B54D10B6BB3F5807F50D14D6B45
:10C95000B5F5807518BF0125F46ADBF86430B4F8CA
:10C96000089007932C22002120A8D4F81080677823
:10C9700004F003FF9BF84C308DF894309BF84D3059
:10C98000CDF88890C3F302038DF8A830002D40F055
:10C990009981079B002B00F3F0800E2F2AD0142FD3
:10C9A00048D19BF84B30022B53D8504602F034FF4D
:10C9B0000546504602F02BFFCDF89880CDF890A0A8
:10C9C000CDF88480A288CDF880A009FB00F3B3FBEA
:10C9D000F2F305FB038326934FEA590329930223BD
:10C9E0008DF89C301223CDF8A0A08DF88C301AE081
:10C9F0000125B1E7069B51469A682BA802F0BAFBC5
:10CA0000A8B19BF84A30BBF848208DF89730CDE9A3
:10CA100028A90223CDF898802195ADF895208DF8AE
:10CA20009C30CDF880A0069820A9DFF713FF37B01F
:10CA3000BDE8F08F062F01D0152F06D1CDE920A833
:10CA4000CDF890A08DF88C70EDE79BF84B30022B61
:10CA5000F4D9419BD6F82C800FCB13AD85E80F009D
:10CA600098F8013007931846B8F8089002F0A3FF31
:10CA70000646504602F0D0FE0890284602F0C7FE57
:10CA80000446284602F0C8FE0746DDF711FFDEF730
:10CA900063FA66430446DDF70BFFDEF7A3FA02F004
:10CAA0008AFF4443A400B4FBF6F4BC42A8BF3C4652
:10CAB00006FB04F0E4F754FD2C22074600212BA8C6
:10CAC00004F05BFE9BF84C308DF8C0309BF84D3085
:10CAD0002D96C3F302038DF8D430079B2F95142BAA
:10CAE000CDE92B578DF8B83010D1CDF8CCA0D8F8BF
:10CAF0001030089A09FB0233319302238DF8C830B5
:10CB000012238DF8B8304FEA59033493149B169EC4
:10CB10002344013B169317AD149B9E4203DA38461B
:10CB2000E4F738FD83E7139ACDE91723DAE9001219
:10CB3000159B19935242169B1A934942284602F0BC
:10CB40000CFB9DF8B830CDF810B0CDE902930197F9
:10CB5000D8F81030009395E80F00E0F78FF90698A9
:10CB60002BA9DFF777FE169B013314932344013B77
:10CB7000B342D4BF16931696CEE79BF84B30022BE8
:10CB800000F2A080D6F82C9099F80180B9F80870CE
:10CB9000B8F1140F14BF434612232C2229462BA8A8
:10CBA000079304F0EAFD9BF84C308DF8C0309BF8F9
:10CBB0004D302D97C3F302038DF8D430CDF8BCA0CF
:10CBC000D9F810302C93079B8DF8B830419B0FCBD0
:10CBD00013AC84E80F002046169B08932B94169103
:10CBE00002F015FE0646E4F7BBFC13ABCDE9333685
:10CBF000079B31900E2B044608D1BBF848209BF8C8
:10CC00004A302C95ADF8C1208DF8C33017AD2846B9
:10CC1000DBF8642000230BF15401E0F705FE00234C
:10CC20005046CDE90F5302F0F7FD07FB00F5149BCA
:10CC3000089A9A4201DA204672E7B8F1140F2CD113
:10CC4000DAF8042013999B1ADAF800207B43891A3A
:10CC500001EB53012944D9F81030324619442046DB
:10CC600004F095FCDDE91323009621460FA800F09F
:10CC700032FFB8F1140F23D0B8F10E0F08BF022015
:10CC80008DF8C8002BA90698DFF7E4FD149B01334B
:10CC90001493169B01331693C9E7B8F10E0F09D10F
:10CCA000DAF8042013999B1ADAF80020891A07FB96
:10CCB0000311D0E73246FF21204604F05EFDD1E7A4
:10CCC0000220DDE7F76A2C223B897E780993002158
:10CCD0002BA804F052FD9BF84C308DF8C0309BF827
:10CCE0004D30C3F302038DF8D430419B0FCB0FAD11
:10CCF00085E80F0050462B9502F089FD0A905046BA
:10CD000002F08AFD0B90284602F081FD80462846FD
:10CD100002F082FD062E9BF84B3004462DD00E2EDD
:10CD200037D19BF84A30BBF848208DF8C330002338
:10CD3000ADF8C12035460793284602F03CFE08FBBB
:10CD400000F20892DDF7B4FDDEF706F98146DDF763
:10CD5000AFFDDEF747F902F02EFE09FB00F3089A5B
:10CD60009B00B3FBF2F3A342A8BF234602FB03F0F0
:10CD70009946E4F7F5FB044635E09BF84A30BBF8EA
:10CD800048208DF8C3300023ADF8C1200793152546
:10CD9000D2E7022B94BF002301230F2E079342D02A
:10CDA000112E40D041D9122E01D0142E3DD1DDF7E5
:10CDB0007FFDDEF7D1F88146DDF77AFDDEF712F967
:10CDC00002F0F9FD09FB00F308EB48059B00B3FBFB
:10CDD000F5F3A342A8BF234605FB03F09946E4F709
:10CDE000BFFB14250446129B0893109B2C944B44C4
:10CDF000013B12930FAB8DF8B8502F933A690C9208
:10CE0000142D14D1339302238DF8C83009FB08F395
:10CE100004EB43034FEA4802319312232D928DF81D
:10CE2000B83017AF58E0102586E7354684E70E2D59
:10CE300008D1CDE9333802238DF8C830002331946E
:10CE40002C93EEE7284602F0B6FD08FB00F02D908B
:10CE5000E7E70F9ACDE91323DAE90012119B159346
:10CE60005242129B1693494213A802F076F90D9B89
:10CE70000C9A0698CDE902B3099B01930B9B009392
:10CE8000CDE904640A9B13A9E0F7A6FE079BB3B1A2
:10CE90000F99109A119B1791189219935242129B55
:10CEA0001A934942384602F058F92D9B0094CDE977
:10CEB000035BCDE9014397E80F00DFF7DFFF06983A
:10CEC0002BA9DFF7C7FC129B089A013310934B4440
:10CED000013B9A4205DB1293109B089A9A42B8DAFA
:10CEE000A9E6089B1293142DF6D10FA802F094FC2A
:10CEF00000FB08F004EB40003190EDE72DE9F04F26
:10CF0000CC69B1B0D4F800B003900F469146BBF1A4
:10CF1000000F00F0B280896E002900F0A28000228C
:10CF200015A8DFF7BDFB012840F09B80209D002D58
:10CF300000F097806B7803F0F703062B40F09180A8
:10CF400007F154030FCB09AEB5F808A086E80F002F
:10CF5000EA88AB88013A009200221146013B05A8FD
:10CF6000002502F0D3F82B46092205A9304600958A
:10CF700002F0ACFA231D0FCB86E80F00324605A95C
:10CF80000DA802F0F7F8002877D01022294611A842
:10CF90000AF0B0FB23680A9A9B88013B13930E9B0F
:10CFA000013B9B1A1493206811A9F7F712FE109BFE
:10CFB0000A9A01339B1A12932368DB88013B14936E
:10CFC000206811A9F7F705FE0D9B099ACDE91155C7
:10CFD000013B9B1A1393206811A9F7F7FAFD0F9BE9
:10CFE000099A01339B1A119323689B88013B139381
:10CFF000206811A9F7F7EDFD0A9B0E9A0D99D21A38
:10D00000099B5846C91ADEF7E1FA069B0E9A0D995C
:10D01000D21A059B0646C91A2098DEF7D7FA83462E
:10D020000DA802F0F9FB80460DA802F0F0FBA84520
:10D0300017DD06F1030C002109E01BF801301CF894
:10D0400004EC13FB0EF31B120CF8043C0131884274
:10D050000CF1040CF1DC23681B89D3441E44013518
:10D06000E5E76C22394615A80AF01CFB23680398F3
:10D070001C934A4615A9DFF7C9FF31B0BDE8F08F10
:10D080002DE9F0430546A1B0904699460C4601B300
:10D090000B79192B1DD8012707FA03F222F0FE267F
:10D0A00026F0E9161EBB192B53D0D30711D505A8BE
:10D0B000F8F75DF9E37D8DF83C306369ADF8343005
:10D0C000E2680E971B0C05A928468DF83630FEF74E
:10D0D0004AF8B8F1000F54D0B9F1000F51D04A46C8
:10D0E0004146284621B0BDE8F043FFF77FB9896982
:10D0F000206901F005FAA36820600FCB01AE86E835
:10D100000F000746304602F082FB0E21DEF7ECF9F5
:10D11000013F07442C2205A80021039704F02DFBB2
:10D12000A37D8DF82B30E37D8DF82830A28A23680B
:10D13000ADF829201A690B920D961B890E93A368EE
:10D14000059305A9022328468DF83030DFF782FBCE
:10D15000BFE78969206901F0D3F9206005A8DEF7EF
:10D160004BFD4FF48073CDE91133E37D8DF86030D2
:10D17000A2682368109605A928460C93DFF746FF9E
:10D18000A7E721B0BDE8F0830A46002104F0F5BA14
:10D19000FC290AD8022907D910FB01F048F28103C3
:10D1A0005843C0F3C7507047002070472DE9F8433B
:10D1B000089F1D463B6A97F834C0D41A0646FB6A9E
:10D1C000F8690CF00102A1EB0008BBBB3B7E03F049
:10D1D000060782B1C7B103F00703022B02D1E00FAB
:10D1E000BDE8F883032B01D00020F9E7002CD4BF61
:10D1F00000200120F4E7022F06D003F00703012BE3
:10D2000004D1B8F1000F0FDD0120E9E763B918EB95
:10D21000050FF9D4401AE7D4854203DD291A3044BA
:10D22000FFF7B2FF0220DBE718EB050FDCD4411A51
:10D2300021EAE171A942D7DA3046F1E70CF00200A9
:10D24000002A00F09A80BB6A03FB08F2002B4FEA29
:10D25000A222C0B205DD94420FDA003818BF0120C7
:10D26000BEE79442F9DC08EB05025343B4EBA32F6D
:10D2700009DB7A6A04FB02220CE008EB0502534347
:10D28000B4EBA32F03DDB0FA80F04009A8E77B6A76
:10D2900003FB04F242F3950212F0FF01C8EB2228CF
:10D2A00061D03B6BC1F1FF014B431B12B8F1000F82
:10D2B000C3F1FF020DDB45450BDD5943C1F34721A7
:10D2C00008B9C943C9B216F80800FFF761FF06F8AC
:10D2D000080008F10104396B8A4224DCA5423ADDDA
:10D2E000002C38DB796ABB6A305D514389125143A7
:10D2F000C1F34721002B97F83430BCBFC943C9B2F2
:10D300009A0744BFC943C9B2FFF742FF305597F8A7
:10D3100034309B072AD54545FFF666AFB8F1000FBC
:10D3200080DB414688E7002C0FDBA5420DDD97F836
:10D330003430A2EB61019807C9B248BFC943305DE0
:10D3400048BFC9B2FFF724FF30553B6B0134A542FB
:10D35000A2EB0302BFDC97F834309F07DBD4013423
:10D360003FF542AF03E04446FF22B4E70134A54253
:10D37000FFF658AF291B301952E77B6A5C43002B3C
:10D380004FEAA422CCBF511C11468845C0B23FF7DA
:10D3900064AF08EB05018A423FF775AF44F38D2E69
:10D3A000C4F387021C4444F38D29CE454FEA04217F
:10D3B000AEEB080406D0002B80F29480002A39D10D
:10D3C000013CFF22002C1FDBA54227DDC1F3872192
:10D3D0001144C1F3470108B1C943C9B2305DFFF739
:10D3E000D7FE305597F83430980708D5A9EB0801D7
:10D3F0008D427FF7F9AE0029FFF614AF1CE7013428
:10D40000AC42A8BF2C46B5E70028EFD10134AC42AE
:10D41000A8BF2C46002C3FF4E7AE03E70028E5D177
:10D420000134AC42A8BF2C46002C3FF4DDAE7FF7A0
:10D43000F9AE9FE7002CBB6A49DBC3F1000802FB91
:10D4400008F8A5424FEAA8280ADD08FB02F1C1F35B
:10D45000472108B1C943C9B2305DFFF799FE305585
:10D4600097F83430796A621E03F002033CB39542A8
:10D4700021DDC8F1FF08494208FB01F1891208FBD0
:10D4800001F1C1F347210BB9C943C9B2B05CFFF741
:10D490007FFEB05497F83430990707D59542FFF6D0
:10D4A000C1AE002A3FF4BEAE1146C5E60134A54226
:10D4B000BFF660AFA8E6002B3FF4A6AEEEE7002B68
:10D4C0007FF4B0AE002D7FF79FAE012452E7002815
:10D4D0007FF4A8AE0134A542FFF696AE002C7FF48F
:10D4E000A1AE47E7C2F1FF01BA6A4A434FEAA22E52
:10D4F000002C04F10102CEF1FF082DDBA5420BDD6B
:10D500000EFB01F1C1F3472108B9C943C9B2305D2F
:10D51000FFF73EFE30557B6A08FB03F39B1297F83A
:10D520003400954200F002002ADD08FB03F3C3F348
:10D53000472108B1C943C9B2B05CFFF729FEB05416
:10D5400097F834309B070ED5A542FFF64DAE002C60
:10D55000FFF668AE21466FE6621C0AD108FB03F3B2
:10D560009B120022DBE70234AC42A8BF2C46002C01
:10D570005DE71CF0020F05D0A542BFF653AE33E6BF
:10D580000028E1D10234AC42A8BF2C46002C3FF465
:10D590002BAEECE72DE9F74F0C9DAC68D5F80CC02D
:10D5A000A1EB040BD5E904E4BEF1B30F07468946AD
:10D5B00016469846A2EB0C0A00F39380B32C00F3B6
:10D5C000FD80BEF1000F07D1944500F36481002C6B
:10D5D00000F0828001244CE1002C00F01A81A64565
:10D5E00019DC944500F3598105F118030093324684
:10D5F000434649463846FFF7D9FD6A69EB68B42AC5
:10D60000044640F01481B34240F31581002C40F0F1
:10D610000A81002402E0944504DD0124204603B081
:10D62000BDE8F08F6A6FEB6B0EF1FF3002FB0AF280
:10D630000AFB033359284FEAA2224FEAA32304F13D
:10D64000FF310BD8002B10DA59294FF0000310D905
:10D650005B3CB22C98BF03EAE3730AE0AEF15B0EC9
:10D66000BEF1B20F98BF03EAE3735929F0D823EA59
:10D67000E373D21A03EB6201A1EB0B014145A8BF92
:10D68000414600290C4629DD05F118030093324676
:10D690000B4638464946FFF789FD824618B92146B0
:10D6A0003846FFF771FD4445A8BF444624EAE474B8
:10D6B0002744A8EB0408503504EB090100954346C4
:10D6C00032463846FFF772FD044618B941463846DF
:10D6D000FFF75AFDA245A1D002249FE74FF0010AAF
:10D6E000E1E7BEF1B40F73D0B42C40F39580A645AA
:10D6F00012DC94453FF778AF66454FF003047FDABC
:10D70000503500954346324649463846FFF74EFDB0
:10D71000002C3FF47EAFB4E09445FFF67EAF6A6F15
:10D72000EB6B6FF48770704402FB0AF20AFB033361
:10D730006FF4877158284FEAA2224FEAA3232144AD
:10D740000AD8002BB8BF0023582910D95B3CB22C53
:10D7500098BF03EAE3730AE0AEF15B0EBEF1B20FCD
:10D7600098BF03EAE3735829F0D823EAE373D21A87
:10D7700003EB6201A1EB0B014145A8BF4146002923
:10D780000C4618DD05F15003009332460B4638462F
:10D790004946FFF70BFD824618B921463846FFF788
:10D7A000F3FC4445A8BF444624EAE4742744A8EBAC
:10D7B0000408183580E74FF0010AF2E7BEF1000FC8
:10D7C00023D1944518DDB42C96D10320033818E0FA
:10D7D00094450DDDB42C3FF47FAF002C3FF41DAF1A
:10D7E000B32C0CDD50350095FFF7E0FC012448E038
:10D7F000B42C36D10120E9E7B42C3FF40EAF01245C
:10D80000E01E18BF0120440008E794457FF7ECAE06
:10D81000D9E79445EEDCE7E694453FF7E5AEB42C56
:10D82000E8D014BBD1E7032C7FF456AFCDE75AB94B
:10D830009E42BFF6EBAE002C3FF4EBAE032CD9D0EA
:10D84000012C3FF4EAAE47E7B32A06DC9E42BFF65E
:10D8500057AF002C3FF4DDAED2E79E42FFF650AF4B
:10D86000F7E7002CB1D0B32C17DCB4454FF003041C
:10D87000C6DC503500954346324649463846FFF7E8
:10D8800095FC00283FF4C5AE032C9FD0012C7FF4FB
:10D8900023AF0128D5E7002CACD00324B0E72DE955
:10D8A000F04F87B00546DDF8409099F81C80D9F814
:10D8B0000C00D9F8186003900F469246D9F808106A
:10D8C000D9F8102002911C4618F00108D9F814303C
:10D8D0000492059328D1824503DA002007B0BDE801
:10D8E000F08F9A45F9DC06EB010CBC4500F3828011
:10D8F00007EB040CA2EB060EF44505DD3044504561
:10D9000039DC9B1B534536DBCE1BB442E5DB002ED6
:10D9100074DAD11B481C0028DFDDA0427DDA211A11
:10D920002844FFF731FC78E0824501DA0120D5E791
:10D930009A45FBDC06EB010C674513DA3044504591
:10D9400019DC9B1B9A4516DCC81B20EAE070844258
:10D9500063DBD11B091A01314318A342DFDC002924
:10D960005BDBDDE7A2EB060C07EB040EF445EBDA1C
:10D9700030448245E5DA02A8CF1B01F048FF834618
:10D9800002A801F049FF039BD9F82010AAEB03027B
:10D990009642CBBFB21A801B02F1FF32121ACB683B
:10D9A000501C33F8129033F810008B68BB4433F8E6
:10D9B00012204B68ABEB060BF11993448A1AA0EBCB
:10D9C0000909561E1F18B8F1000F28D0B046DA46D4
:10D9D000A6EB08034B4559DBA242A8BF224622EA28
:10D9E000E2725C45CCBFABEB0201A11A21EAE17106
:10D9F000A81896E73044824583DABCE728463146CA
:10DA0000FFF7C2FB0498C01B013000287FF765AF09
:10DA1000844284DC0EB9844288D002205EE732461C
:10DA2000D846B31A994516DCB9F1000FA8BFCB440C
:10DA3000A345A8BFA3462BEAEB70211A2844FFF7A1
:10DA4000A3FBA6EB09010131A142A8BF214621EAAF
:10DA5000E171284665E7B8F1000F17F801AD08DB62
:10DA6000444506DD15F808105046FFF791FB05F810
:10DA70000800002A06DB944204DDA95C5046FFF74B
:10DA800087FBA854013A08F10108CAE717F8013DDD
:10DA9000BAF1000F6FEA0303DBB20ADBA24508DA32
:10DAA00015F80A1001931846FFF772FB019B05F861
:10DAB0000A00B8F1000F08DBA04506DA15F80810D7
:10DAC0001846FFF765FB05F8080008F1FF380AF172
:10DAD000010A7DE770472DE9F7430F4690469946C6
:10DAE000061F002456F8045F25B90134E0B203B0E4
:10DAF000BDE8F08300952D680A9B4A4641463846AA
:10DB0000A8470028F3D0022808BF0124EAE710B58F
:10DB10000379022B04460FD1036A6BB11A69002AFC
:10DB200007DA5868E3F736FD206ABDE81040E3F7EE
:10DB300031BD5A69013A5A6110BDB42B2DE9F34148
:10DB40001C46C4BFA3F1B40424B2074604F15A0032
:10DB500000B20D461646E2F739FF05EB6018204685
:10DB6000E2F734FF9DF82030019306EB601000903F
:10DB70004346324629463846DFF766FD02B0BDE827
:10DB8000F0812DE9F04701F11C0996B08268064644
:10DB90000D4605A8494601F0EDFA002873D02B6A1E
:10DBA0007468B1682768013B0093D1E9012309A893
:10DBB000096801F0ABFAD4E9011209A852424942BE
:10DBC00001F0CBFA384609A9F7F703F8B168AA6A59
:10DBD000CB6800938B680968013209A801F096FAB6
:10DBE000D4E9011209A85242494201F0B6FA384676
:10DBF00009A9F6F7EEFFEB69B168AA6A0092013B4A
:10DC00002A6A096809A801F081FAD4E9011209A871
:10DC10005242494201F0A1FA384609A9F6F7D9FF64
:10DC2000D5E90912B36800929B682A6A013109A8F4
:10DC300001F06CFAD4E9011209A85242494201F0FC
:10DC40008CFA0DF13408384609A9F6F7C2FFEA6AE2
:10DC5000494600234046DFF7E7FD002305A8CDE94C
:10DC6000038301F0D4FD0646E3F77AFC069F0546E0
:10DC70004FEA8609089BBB4208DA2846E3F78AFC8C
:10DC80004046FFF744FF16B0BDE8F0873246FF215B
:10DC9000284603F072FD059A00963B46294603A8E4
:10DCA000FFF719FF012882461FD0D4E901320599F8
:10DCB000BA1AC91A2046F7F7CCF80346BAF1000F92
:10DCC0000FD0294605EB060C61450ED011F8010B6B
:10DCD000FF281FBFDA7812FB00F21212DA70043349
:10DCE000F2E74A46514603F048FD0137C2E7F0B576
:10DCF0001C46036A856963B9B5F5807F27D1C3697E
:10DD0000B3F5807F23D1090221601202059B1A60BE
:10DD1000F0BDC36A0669C91A036BD31A4269B5F527
:10DD2000807F01FB02F206FB1322466A20D1C769FD
:10DD3000B7F5807F1CD106EBA2062660D0E904422D
:10DD40005A4304FB0123826A02EBA302DEE7036B62
:10DD5000D21AC36AC91A436A090491FBF5F119443E
:10DD60002160C369120492FBF3F2836A1A44CDE77F
:10DD7000120292FBF5F206EBA2062660D0E904241B
:10DD8000634302FB01331B02C26993FBF2F3DAE740
:10DD90002DE9F04F89B000260493179D9DF860305F
:10DDA00003908A469046059337460196169B019A42
:10DDB0009A4202DB09B0BDE8F08F129B03EB2623E9
:10DDC000191209D4514507DA139A02EB27225FEAA8
:10DDD000222C01D4C44503DB4FF00003EB708CE030
:10DDE0001C06D8B254BFC0F17F03A0F1800319987C
:10DDF000039C58BF029300FB01FE049848BF0293A6
:10DE000000FB0CEE039870445FFA82F990F802B0C0
:10DE100085F802B090F801B085F801B014F80EE072
:10DE200085F800E04FF0FF34EC70059C54BF4FF0D4
:10DE3000FF330123120659BFC9F17F094FF0FF32AA
:10DE4000A9F180090122002C73D003EB010EBEF171
:10DE5000FF3F61D0D6456CDA02EB0C0EBEF1FF3FFE
:10DE600054D0C64565DA19994B43C118C35C8DF887
:10DE70001830049B91F802C049788DF819105A4364
:10DE800083184FF0FF3499785B788DF81D30835CF0
:10DE90008DF81E108DF81C308DF81F4007992868EA
:10DEA0008DF81AC08DF81B4001F0A0FD78B98DF8EF
:10DEB0001F902968079801F0B4FEC0F3072328706B
:10DEC0006B70C0F30743C0F30760AB70E87006994E
:10DED000286801F08BFD80B9029B8DF81B30296802
:10DEE000069801F09EFEC0F3072328706B70C0F304
:10DEF0000743C0F30760AB70E870019B01330193E7
:10DF0000159B1F44149B04351E444FE759B9013338
:10DF100002D0BAF1010F1AD1029BC3F1FF03C3EB88
:10DF200003231B125AE70AF1FF3291420FD1012B52
:10DF3000F1E7A9B90133EFD0BAF1010FECD0BCF190
:10DF4000000F13D1013202D0B8F1010FD5D1C9F1C0
:10DF5000FF09C9EB09294FEA292985F80390CCE785
:10DF60000AF1FF308842EAD1012BE7E708F1FF33DD
:10DF70006345C2D1012AE9E72DE9F04F89B01E4679
:10DF80009DF8643006939DF86830079302FB060302
:10DF9000009306EBD6735B1001930023DDE917496C
:10DFA000CDE90333059002911546189B169AA9EB0B
:10DFB00003039A4202DC09B0BDE8F08F129B039A7A
:10DFC00003EB222C5FEA2C210AD4029B994207DA48
:10DFD000139B049A03EB2220031201D49D420FDC11
:10DFE0004FF0000389F80030049B159A1344049302
:10DFF000039A149B1A4409F1010902340392D4E7ED
:10E000001CF0800F5FFA8CF80CBFC8F17F08A8F1F4
:10E0100080084FEA410AC2B2059F03FB06AA07BF68
:10E020004FEA48084FF0FF3E4FEA48084FF0010E14
:10E0300000060598504437F80AA0079FA4F800A0EE
:10E0400057BFC2F17F02803A52004FF0FF3C44BFFD
:10E0500052004FF0010C002F6BD00EEB010ABAF109
:10E06000FF3F57D0029FBA4563DA0CEB030ABAF1BF
:10E07000FF3F5ED0AA455CDA06FB0CFB069F30F83A
:10E080001EA030F80B00002F40D0019F03FB0711AA
:10E09000009B07FB0CFC03EB010B5B5C89F8003079
:10E0A0001BF80CC01BF80E1063451FBFC2F5807E25
:10E0B00002FB0CFC03FB0ECCCCF3072C8B421FBFE6
:10E0C00008FB01F1C8F5807E03FB0E11C1F30721A7
:10E0D0008C444FEA6C0389F80030002B84D02188EF
:10E0E000814202D150453FF47FAF02F0FE02E2F7D9
:10E0F000FDFB2188834608F0FE025046E2F7F6FB5E
:10E100007F225946E2F7F2FB20806DE7FF2389F872
:10E110000030E4E7069A8AB3019A5343009AD05C30
:10E12000C8F1FF0800FB08F84FEA282889F80080AA
:10E130005AE70698C0B1DDE9000703FB0700405C21
:10E14000A1B9BEF1FF3FEBD002990129E8D0BBB9DC
:10E15000BCF1FF3F01D0012D18D1C2F1FF024243B3
:10E16000121289F800203FE7FF20E9E7029F07F13C
:10E17000FF3A8A45EBD1BEF1010FE7E7FF20CFE779
:10E18000691E994202D1BCF1010FE5E789F8000050
:10E190002AE72DE9F04FCA6B4E6BCC6AD3B0B2427E
:10E1A0001346A8BF33460290A342D4BF07930794F7
:10E1B000886B0B6C83421F460D46A8BF0746096B50
:10E1C0008F42D4BF08970891B242B8BF3246A242EC
:10E1D000ACBF099209948342B8BF03468B42ACBFDF
:10E1E0000A930A91029B0DF12C089A6807A94046F0
:10E1F00000F0C0FF002800F0CA80E86A696B88421E
:10E2000005F12C0305F1340B05F13C0A04AC17AE03
:10E2100019AF0DF16C0940F0BD801946204601F0A0
:10E2200000FB94E8030086E803005946204601F00D
:10E23000F8FA94E8030087E803005146204601F00D
:10E24000F0FA94E8030089E80300189A1A9B9A42AE
:10E2500003DD3946304601F0F1FA17AE96E8C00CFE
:10E260001C9CAAEB0603E41B5C431B9BABEB070265
:10E270009B1B02FB1344002110220FA809F03AFA5D
:10E280000DF1A009E30FCDE900B33A4653463146FC
:10E290004846E443DFF7D8F9E40F1C9B019436AEFF
:10E2A000DDE91712304600931B9BDFF7CDF91A9A70
:10E2B0001C9B19999A4206BF0223CDE90023CDE9A0
:10E2C000003444A81B9BDFF7BFF944AB4046CDE9BF
:10E2D0000F96119301F09BFA8246E3F741F9074646
:10E2E00098E80F0013AC84E80F00B5F81D30ADF8C6
:10E2F0008930EB7F8DF88B304FF0000B2B7F169120
:10E3000007A88DF8883095F82B9023971D942594B5
:10E310008DF89CB0CDF878B001F079FA064607A8E0
:10E3200001F07AFA3146024605F12000FEF7C1FA03
:10E3300009F00F090646002800F08980B9F1020FA4
:10E3400040F08780079AD8F8003021949B1A026821
:10E3500003EB43010A441E9244681C440F238DF8CA
:10E360008030D8F804B0D8F80C305B4573DA384602
:10E37000E3F710F944A8FFF7CAFB28A8FFF7C7FB8B
:10E3800036A8FFF7C4FB16B13046FEF7CEFA53B0FD
:10E39000BDE8F08FEA6B904211D11946204601F09A
:10E3A00040FA94E8030086E803005146204601F055
:10E3B00038FA94E8030087E8030059463EE79142A3
:10E3C00013D159462046039301F02BFA94E8030039
:10E3D00086E803005146204601F023FA94E8030042
:10E3E000039B87E80300194628E71946204601F0F9
:10E3F00018FA94E8030086E803005946204601F025
:10E4000010FA94E8030087E803005146204601F023
:10E4100008FA94E80300189A1A9B9A4289E80300C4
:10E4200003DD3946304601F009FA189A1C9B9A42DE
:10E4300003DD4946304601F001FA1A9A1C9B9A42C4
:10E44000BFF603AF4946384601F0F8F9FDE6044649
:10E4500087E75C4685E75246FF213846CDF850B045
:10E46000CDF858B003F089F9CDF800A0D8F8002015
:10E470005B4639460FA8FFF72EFBB9F1010F8DF867
:10E4800090001DD1089B3168ABEB030303EB430203
:10E4900088188A5AADF8892082788DF88B207268A6
:10E4A000D35C2A7F8DF88830FC2A04D813FB02F352
:10E4B0001B128DF8883002981DA9DEF7CBF91CE0FD
:10E4C000B9F1020FF7D1002CF5D002280DD1239716
:10E4D00000235345EFDAE15CFC299FBFFA5C12FB95
:10E4E00001F21212FA540133F3E7012803D1239405
:10E4F0008DF89090DFE70028DDD10BF1010B32E7BA
:10E5000003685B6818470146006810B1836803B16F
:10E51000184770472DE9F8469A46CB7B002464F3F0
:10E52000410306460D4691460C60CB73074687B9FA
:10E5300024B3237D266813F0040F0CBF5346002339
:10E540004A4629462046B04727462F600120BDE8AD
:10E55000F8863B7DD7F800C013F0040F0CBF53467C
:10E5600000234A4629463846E04728B1EB7BDB07C3
:10E57000EBD5002C08BF3C46FF69D8E7F3682C6058
:10E5800003EBD373C3F34F03EB800233AB80F36829
:10E590002B81EB686C8103F07E4343F0807343F47E
:10E5A0008033EB602046D2E710B51F2986B01346B2
:10E5B0002BD940F21C62914227D0A1F58A521F3A12
:10E5C000012A22D9A1F5C0520B3A032A1DD9A1F57F
:10E5D0000054A4F10B02042A17D9283C072C14D9A3
:10E5E000A1F501521F3A102A0FD94FF6FF6291424E
:10E5F0000BD04FF6FF02914207D00A466946FFF75B
:10E6000089FFBDF8040006B010BD0020FBE7C0681C
:10E61000704703680A78934209BF4B78981A40689C
:10E62000C01A704703680A88934209BF4B88981A3A
:10E630004068C01A704700880B88C01A704700B144
:10E640000078704700B1007A704708B1D0F8B80080
:10E65000704710B9086048607047037803F0FD0305
:10E66000012B02D04FF0FF30F4E7036B0B60406BDF
:10E67000F1E750B1037803F0FD03012B04D190F8CA
:10E68000A80000F00F0070470020704738B10378F1
:10E6900003F0FD03012B01D1006F7047002070478C
:10E6A0000023C1E9003340B1037803F0FD03012BDF
:10E6B00001BF836C0B60C36C4B60704718B1837AE9
:10E6C00043F008038372704770B588B004460E4665
:10E6D000154600211C2201A803F04FF8CDE90144A2
:10E6E000C034012201A920460396059501F020FBC4
:10E6F000012804D1002201A9204601F019FB08B02D
:10E7000070BD70B5012BDDE9044502DCC61E012E8B
:10E7100007D9013804282BD8DFE800F00C03221BAE
:10E72000130000232B608A1A236802EBD27203EBDA
:10E73000620304E000232B6023688A1A13442360D9
:10E7400006E0012B04DD8A1A013B92FBF3F22A60FA
:10E7500070BD8A1A92FBF3F22B681A442A60E3E731
:10E760000133891A91FBF3F1296023680B44E6E732
:10E7700000232B60ECE7136851B1013B002B1360C1
:10E7800001DA002070478268126852F8230070474F
:10E79000013313608268118E8B42F5DBF1E707B518
:10E7A0001822F5F7AEF803B05DF804FB07B519229F
:10E7B000F5F7A7F803B05DF804FB07B51A22F5F7E3
:10E7C000A0F803B05DF804FB07B51B22F5F799F834
:10E7D00003B05DF804FB38B500210546FFF7DFFF05
:10E7E00004462846F3F72FFF002104442846FFF78C
:10E7F000DDFF204438BD38B500210546FFF7DDFFB9
:10E8000004462846F3F71CFF002104442846FFF77E
:10E81000DBFF204438BD10B500220446F5F786FC26
:10E8200020460022BDE810400121F5F771BC70B50B
:10E830000446164600221D46F5F77FFC3146204669
:10E840000022F5F781FC294620460022F5F783FCDB
:10E8500020460022BDE870400121F5F759BC10B5F3
:10E8600000220446F5F77EFC2046F5F799FCBDE84A
:10E870001040F3F773BE2DE9F041089C0546DDE931
:10E88000066718469DF8243011B10022226022E06C
:10E89000A2F1040C5FFA8CFCBCF1020F03D8012E2C
:10E8A000084608BF0122BC4607EB86080021E04568
:10E8B0000AD1091A4FF0000C062A0CD8DFE802F042
:10E8C000092B310B413A33005CF804EB8644714468
:10E8D000EDE7C4F800C0A6464FF0000C06F1FF3883
:10E8E000E04534D806F18042013A54F8220057F846
:10E8F000222010442268801A5BB1043C002254F8A4
:10E90000043F57F82210EB1A01325B1A964223603B
:10E91000F5D1BDE8F081691A01EBD1714910216090
:10E92000D9E7691AFBE7691A701EC4F800C091FBA9
:10E93000F0F0D0E7691A91FBF6F000EBD0725210BC
:10E94000A4E7691A701C91FBF0F02060C3E757F848
:10E950002C10DEF800200A4402444EF8042F0CF17B
:10E96000010CBDE72DE9F041069F044615461E4601
:10E970000FB100233B600022204601F074FB38B940
:10E980003B46324629462046BDE8F04101F094BAA4
:10E99000BDE8F08138B5846C0546B4B1206820B17B
:10E9A00001F069FA2068E2F7F5FDE06908B1F6F7D1
:10E9B000FFF8206A08B1F6F7FBF86068E2F7EAFDB5
:10E9C0002046E2F7E7FD0023AB6438BD38B58D6C17
:10E9D0000C462DB1286C18B1F6F7EAF800232B6429
:10E9E0002046BDE83840FFF7D5BF10B50446806C1F
:10E9F00020B94420E2F7BCFD00B1A06410BD70B5A1
:10EA000003681B6A05460E469847044678B12B6892
:10EA100032465B690146284698472046AD6900F0BA
:10EA20009DF83146A847204600F0B0F8012070BD9F
:10EA30002DE9F041036815465F6A1346002204463B
:10EA40000E46B84701280FD10020BDE8F0812946C5
:10EA50002046FFF7D4FF0028F6D0236800225F6A23
:10EA600031462B462046B8470228F0D023682A4674
:10EA7000314620461B69BDE8F041184782B02DE9B8
:10EA8000F04106AE054646F8043F0368884617463F
:10EA900098470023C0E90058C360876000F1100365
:10EAA000044696E8070083E8070020466B6898470D
:10EAB000054618B92046E2F76DFD2C462046BDE814
:10EAC000F04102B0704710B5C46814B90024204664
:10EAD00010BD0368DB68984704460028F6D000F0B4
:10EAE00040F8F4E770B50C46064611462046154638
:10EAF00000F03DF8204600F02DF870B9204600F0F7
:10EB00002BF850B12046B66900F028F82946B047E6
:10EB10002046BDE8704000F039B870BD10B583687C
:10EB200013B90024204610BDFFF782FF04460028D9
:10EB3000F7D000F016F8F5E78068003818BF01201C
:10EB4000704700B1016270474368013B23EAE373F9
:10EB50004360704740687047007B70478368C01A05
:10EB600070474368013343608368C01A7047436845
:10EB70000BB1FFF7E9BF704708447047103070478A
:10EB80000023016082604360037370478368C01A8A
:10EB9000E2F700BD10B10368DB691847704738B56C
:10EBA0001446054698B149B98368EA681444601868
:10EBB000984294BF00200120400038BDC36B084636
:10EBC0009847AB6883420146EFD20120F5E7032066
:10EBD000F3E7012070470068704770B50D4609687B
:10EBE00004461646303079B901F090FB286050B1E8
:10EBF000036860681D69FFF7C1FF29460246304679
:10EC000002F0C5FC012070BD01F086FBEEE7F8B50F
:10EC100000F130070646384601F07BFB044610B988
:10EC200005462846F8BD236871681869FFF7A4FFF8
:10EC30000546FFF78FFF0028F3D02146384601F044
:10EC40006FFBEBE72DE9F0410D46044618B90026AD
:10EC50003046BDE8F0810029F9D000F13007384690
:10EC600001F054FBD0B9294604F1240001F05CFD09
:10EC700005460028EBD0E26A03691344384653F88E
:10EC8000046C01F043FB31460246384601F057FB65
:10EC900061682869BDE8F041FFF76EBF03686168ED
:10ECA000D3F810804046FFF767FF236906462946E0
:10ECB000404698470028D6D1CAE72DE9F0410F46D3
:10ECC000054670B100F13006304601F01FFB0446E6
:10ECD00048B905F1240001F01BFE304601F062FB4B
:10ECE000EC60BDE8F08123686968D3F81080404685
:10ECF000FFF742FFFFF72EFF18B9AB6939464046D0
:10ED000098472146304601F007FBE0E72DE9F04146
:10ED10009046044668B361B300F12407384601F019
:10ED200003FD054628B30669A36941463046984766
:10ED3000E36B30469847E36861681B1AE36030462E
:10ED4000FFF71AFFE26A2B691344294653F8048C33
:10ED50000646384601F08AFD3046FFF717FF04F1FA
:10ED60003000414601F092FA4046BDE8F041E2F73A
:10ED700011BCBDE8F081F8B5044610B309B30846EC
:10ED8000FFF7ECFE04F1240701460546384601F082
:10ED9000CBFC0146A8B1E26A03691344384653F834
:10EDA000046C01F063FD314604F1300001F06EFAAD
:10EDB0003046E2F7EFFBE36B28469847E3681B1AFF
:10EDC000E360F8BD2DE9F3410D46044620B9002665
:10EDD000304602B0BDE8F0810029F8D000F12408E7
:10EDE000404601F0B7FC0090B0B10669616830465A
:10EDF000FFF7C2FE626829460746304602F0C7FBAD
:10EE000004F1300001F0E2F90646019098B900994A
:10EE1000404601F071FD0096009B002BD7D0616841
:10EE20001869FFF7A9FEE36B064628469847E36892
:10EE30000344E360CCE76946042202F0A8FB009B90
:10EE4000E06A1B69042204380DEB0201184402F049
:10EE50009EFB626821463846FFF792FEDCE710B55C
:10EE60004020E2F77DFB044618B14022002102F069
:10EE700084FC204610BD08B502460B46127A1B7A68
:10EE8000406849689A420ED1012A08D102F0DCFCA0
:10EE9000002801D1002008BD06DD0120FBE7002A83
:10EEA000F8D18842F6D0F8D84FF0FF30F3E738B504
:10EEB000C568044610212846F5F742FF10B12846E0
:10EEC000F5F776FE237A012B04D16068BDE838405F
:10EED000E2F760BB38BD08B502460B4612791B79D4
:10EEE000006809689A420ED1012A08D102F0ACFCF0
:10EEF000002801D1002008BD06DD0120FBE7002A23
:10EF0000F8D18842F6D0F8D84FF0FF30F3E7037914
:10EF1000012B02D10068E2F73DBB704713B54FF4F7
:10EF20008063009304460023026B406B194601F096
:10EF300035FB626AE36A9B1A584302EBA02002B0D9
:10EF400010BDF7B51F464FF48063009300230446BD
:10EF50000D4616461946026B406B01F01FFB089BDD
:10EF6000009332463B46294601F01FFA626AE36A83
:10EF70009B1A584302EBA02003B0F0BD002817DA1B
:10EF8000891A0029B8BF4942642359430A22C0F3B1
:10EF90000903B1FBF3F1C0F3095353439942C0F3A2
:10EFA000892002FB00F028BF1946884238BF084676
:10EFB000704770B5456AC66A04463246006B2946FA
:10EFC000FFF7DCFF324620632946E06BFFF7D6FFF0
:10EFD0003246E0632946A06BFFF7D0FF3246A063BC
:10EFE0002946206CFFF7CAFF206470BD30B542F29D
:10EFF000107542F2F674A84294BF034623460533C7
:10F00000A94294BF08462046AA4298BF14460A2245
:10F01000B3FBF2F303F100430530B0FBF2F003EB76
:10F0200080230534B4FBF2F003EB005030BD07B58C
:10F030004FF4806300220093114640F25123FFF702
:10F0400080FF03B05DF804FBD0E90C329A42ACBFFC
:10F05000C06A406A704707B5B0F94E300093B0F906
:10F060004C30B0F94A20B0F94810FFF76AFF03B0FE
:10F070005DF804FB016070474160704701637047B1
:10F080004942416370474FF00043C0E90A32416290
:10F09000704701627047C16070470161704741610C
:10F0A0007047C16370478163704741647047016472
:10F0B000704790F8543061F3C30380F854307047C0
:10F0C000C1617047A0F84C30BDF90030A0F848107D
:10F0D000A0F84A20A0F84E30704730B50568836824
:10F0E00040680A685B1B03EBD37300EB630005EB1E
:10F0F00063055C104B681B1A521B5B43644302FBA5
:10F100000232944234BF0020012030BD8360009B56
:10F11000C360C0E900127047036819440139816077
:10F120007047436819440139C160704783680268B9
:10F130009A1AC3684068181A013002FB0000704731
:10F1400003685B1A036083680B44836043689B1AFF
:10F150004360C3681344C360704703680B44036093
:10F1600083680B448360436813444360C36813445B
:10F17000C360704770B515680B689D42B8BF1D46E7
:10F1800005604C685368A342B8BF23464360946847
:10F190008E68B442A8BF34468460D268C9688A4287
:10F1A000A8BF0A46A542C26004DC9342CCBF00203F
:10F1B000012070BD0020FCE710B50B6814689C426C
:10F1C000D4BF0460036054684B689C42D4BF446061
:10F1D000436094688B689C42ACBF84608360D26853
:10F1E000CB689A42ACBFC260C36010BD2DE9F04F3E
:10F1F0000C680568AC4285B00E4660DBD0F808802C
:10F2000044455CDC4C684768BC4258DBD0F80C9045
:10F210004C4554DC002A03DC012005B0BDE8F08F2A
:10F22000A8EB0504A9EB070001340130641040107D
:10F230008442A8BF04469442A8BF14460095002209
:10F24000254407EB040A6846CDE90175CDF80CA00A
:10F25000FFF7CCFF024630B12C4402943146684699
:10F26000FFF73BFFD9E7A9EB040B31466846CDF821
:10F2700004B0CDF80C90FFF7B9FF024628B1254441
:10F280000295ABEB04040194E8E7A8EB04053146D2
:10F2900068460095CDF80880FFF7A8FF024610B138
:10F2A0002D1B0095EDE7314668460197CDF80CA07F
:10F2B000FFF79CFF0028AFD02D1B0095CEE7002064
:10F2C000ABE702688B689A420EDC82680B689A4250
:10F2D0000ADB4268CB689A4206DCC0684B689842F9
:10F2E000B4BF002001207047002070472DE9F34192
:10F2F00007680B689F420C46154603DA002002B0EF
:10F30000BDE8F081436849688B42F7DB8668A168F5
:10F310008E42F3DCD0F80C80E1688845EEDCFAB16F
:10F3200069462046CDE90073FFF760FF0028E5D06D
:10F330002A46694620460096FFF758FF0028DDD090
:10F340002A4669462046CDE90078FFF74FFF00289E
:10F35000D4D02A46694620460096FFF747FFCEE7FD
:10F360000120CCE72DE9F0410C4605461146204628
:10F370001646FFF7A6FF002864D000222046FFF7BC
:10F38000B5FF002861D163687168D4F808C0D4F86B
:10F3900000E0E2689942C4BFC5E900E3C5E902C1E3
:10F3A000A2EB03026168F368A3EB0101A2EB010287
:10F3B000C8BF0120002AACEB0E0713DDE1688B42C9
:10F3C00010DAA168D4F800E04FEA001800F1010C4F
:10F3D00005EB001045F808E0C0E901311344C360B3
:10F3E0004FFA8CF073686168F268D4F800C09942F3
:10F3F000B8BF1946E3689342A8BF13463268624516
:10F400000EDD8B420CDD00F1010E4FEA001805EB1A
:10F41000001045F808C0C0E90112C3604FFA8EF031
:10F42000B2682468141B3C1B002C09DD0701461C34
:10F4300005EB0010EA512244C0E90223416070B29A
:10F44000BDE8F0814FF0FF30FAE70020F8E72DE942
:10F45000F34186680B689E420C46154634DBD0F8B3
:10F460000C804B6898452FDB07688B689F422BDC2C
:10F470004368C9688B4227DC1AB9002002B0BDE896
:10F48000F08169462046CDE90073FFF7AFFE002802
:10F49000F3D12A46694620460096FFF7A7FE0028CA
:10F4A000EBD12A4669462046CDE90078FFF79EFE5B
:10F4B0000028E2D12A46694620460096FFF796FECC
:10F4C00080F00100C0B2D9E70120D7E72DE9F74F5E
:10F4D000D1F80090D1F80C80D1F804A001938B688A
:10F4E000A8EB0A04A3EB090E023AD0E900650EF17D
:10F4F000010C671C132A00F2B180DFE802F01F3B09
:10F5000040455358630A686C7A8387959A9DA0A3F7
:10F51000A7AB83689B1B013303EBD3720CEBDC734B
:10F520005B10C3EB6203C268521B013207EBD77456
:10F5300002EBD2726410C4EB62040AE083689B1B86
:10F54000013303EBD3720CEBDC735B10C3EB620390
:10F550000024019A334413440C9A0B602C44144445
:10F560004C6063443C44013B013C8B60CC6003B085
:10F57000BDE8F08F83689B1BA3EB0E03E8E7C3682D
:10F580005B1B1C1B0023E4E783689B1B013303EB1D
:10F59000D3720CEBDC735B10C3EB6203C268521BCB
:10F5A000141BD6E783689B1BA3EB0E03F6E7C36827
:10F5B0005B1B013307EBD77403EBD3736410C4EB0D
:10F5C0006304DFE783689B1BA3EB0E03ABE76FEAE3
:10F5D00008045444D6E783689B1B013303EBD372C2
:10F5E0000CEBDC735B106FEA0804C3EB620354445A
:10F5F000AFE783686FEA08089B1BA3EB0E0308EBD9
:10F600000A04A6E7C468641B0134BBE783689B1B3C
:10F61000013303EBD3720CEBDC735B10C3EB6203BF
:10F62000C468641B013494E783689B1BA3EB0E033F
:10F63000F6E7DB434B448BE7DB434B4473E7DB43A9
:10F640004B44ABE783689B1B013381E783689B1BBB
:10F65000013368E783689B1B01339FE7002423463F
:10F6600077E72DE9F04F85B08B469DF84010029169
:10F6700099460746DDE90E3812B9B9F5807F09D001
:10F680003E463C4600255D4504F1080408D18ABB8E
:10F6900014462AE0B3F5807FF2D105B0BDE8F08FC3
:10F6A000D8F8000054F8081C091A44F8081CD8F8C7
:10F6B000040054F8041C091A44F8041C0135E2E75C
:10F6C00056F8082C02FB09F1D8F8002002EB2122A1
:10F6D00046F8082C56F8042C02FB03F1D8F8042055
:10F6E00002EB212246F8042C01345C4506F10806A1
:10F6F000E6D1D2E7B2F5616F52DDA2F561626FF03B
:10F7000009000A2192FBF1FA00FB0A240FFA8AF0A1
:10F710000E93E1F75BF90AF10105019028B2E1F7D8
:10F7200055F905460AF15A0000B2E1F74FF9039086
:10F730000AF15B0000B2E1F749F9019B039AC4F1B9
:10F740000A0C654303FB0C5544430E9B0A2102FB44
:10F750000C4495FBF1F594FBF1F46D11641100205C
:10F7600058459AD0B9F5807F57F830A07168D8F81D
:10F7700000C01AD1B3F5807F17D10AFB04FE01FB4C
:10F7800015EE0CEBAE2C47F830C06143D8F80420DE
:10F790000AFB051102EBA122726001300836DFE797
:10F7A000002AB8BF02F56162A9E7029A92B10AFB8A
:10F7B00009F2594302FB04FE01FB15EE0CEBAE4CC3
:10F7C000614347F830C002FB0511D8F8042002EB72
:10F7D000A142E1E70AFB04FE01FB15EE09FB0EFE68
:10F7E00061430CEBAE4C0AFB051147F830C059439E
:10F7F000EBE71FB59DF81C400294069CCDE9003450
:10F8000013460A460121FFF72CFF04B010BD8368A0
:10F810000068181A01307047C3684068181A013030
:10F820007047D1E90012C0E900127047D1E9001217
:10F83000C0E900127047C0E90012704730B50246B7
:10F84000D0E900540B46D1E9000182E80300C3E986
:10F85000005430BD00F0C043B3F1005F12D120F07E
:10F86000C0436FF0604293420CD0B3F1805FA2BFFF
:10F87000C3F17F6303F57F2303F6FF734B436420DB
:10F8800093FBF0F07047002310B5C0E90131044646
:10F89000C26002FB01F0E1F763FE012320602374E4
:10F8A00010BD10B50446006828B1237C0BB1E1F708
:10F8B00071FE002323600023C4E9013310BD70B53D
:10F8C000067C04460D4616B90026304670BDC16858
:10F8D00000686943E1F768FE0028F5D0636820609E
:10F8E000AB42A56088BF6560EFE738B50D46D0E94B
:10F8F00001139942044609D0D4E90003E26803FBEE
:10F9000002004DB9294601F038FF08E00431FFF745
:10F91000D6FF0028F0D138BD294601F038FE6368D3
:10F92000013363600120F6E743688B4283BFC368FD
:10F93000006803FB0100002070474068704770B505
:10F94000C468D4E90056E1F7CDFA2046E1F722FE7B
:10F9500030462B46BDE8704018471FB502460023CD
:10F96000C0B2C2F3072460F3070364F30F23C2F3AA
:10F97000074262F3174361F31F63184604B010BDDA
:10F98000030A420902F4FC6203F478431343C0F310
:10F99000C400184482B080B202B0704700F47F0205
:10F9A0000346C0B200F17F40104403F47F4382B0AD
:10F9B000184402B0704708B5E0F782FF0730C0F383
:10F9C000C70008BD00F47F0382B013FA80F002B0D4
:10F9D000704707B5FFF7F6FF02460846FFF7F2FF4C
:10F9E000131A5842584103B05DF804FB431A5842B9
:10F9F00082B0584102B070470346DAB2002062F389
:10FA00000700C3F3072262F30F20C3F3074382B05A
:10FA100063F3174002B07047002362F3070361F3FA
:10FA20000F2360F3174382B0184602B070474FF6B9
:10FA3000FF73DAB2002062F307001B0A63F30F20A2
:10FA400082B040F47F0002B0704782B0002002B064
:10FA500070471FB50446FFF7F8FFC0F307238DF882
:10FA60000D30C0F307438DF80C008DF80E3003986D
:10FA70000A46214604B0BDE8104000F09EB8C178A7
:10FA8000FF2912D011B9042201F077BE827812FB4F
:10FA900001F212128270427812FB01F212124270CD
:10FAA000027812FB01F2121202707047FF2910B4A3
:10FAB0000A461AD019B910BC022201F05EBE0188B4
:10FAC0000378C1F3451103F01F0311FB02F113FB8F
:10FAD00002F309121B1243EA41134178C90811FBD2
:10FAE00002F1091243EAC121018010BC7047C0F342
:10FAF0000743C0F3072203EB830103EB410302EB4F
:10FB00008201C1EB011102EB4102C3EBC303C0B29E
:10FB10001344C0EBC00003EB800082B0C0F30720A9
:10FB200002B07047C0F34512C0F3C42302EBC20118
:10FB300001EB011103EB830300F01F0002EB8102D4
:10FB4000C3EBC313C0EBC000134400EB40101844D8
:10FB5000C0F307207047837803EB830203EB420373
:10FB6000427802EB8201C1EB011102EB4102C3EBCF
:10FB7000C30313440278C2EBC20203EB8200C0F35A
:10FB800007207047C0F30743C0F3072203EB83014C
:10FB900003EB410302EB8201C1EB011102EB4102D5
:10FBA000C3EBC303C0B21344C0EBC00003EB80003F
:10FBB00082B0C0F3072002B07047F0B5C2F1FF0C6D
:10FBC0008646C1F30744C1F3072307460CFB04F440
:10FBD000C0F30740CEF3072E0CFB03F3154600FBE2
:10FBE00002440EFB0233CAB2FFB20CFB02F207FB67
:10FBF000052248F281068032724380337343C2F398
:10FC0000C75280340020744362F30700C3F3C75324
:10FC100063F30F20C4F3C75485B064F3174005B0F5
:10FC2000F0BDF0B585B0B0F17D4F0091C2B2C0F328
:10FC30000726C0F307454FEA10674FEA11611BD250
:10FC4000022F9DF800309DF801009DF802401ED95A
:10FC5000C7F1FF0C0CFB04F40CFB00F00CFB03F3EE
:10FC600005FB074407FB060007FB0233C4F3072527
:10FC7000C0F30726C3F30722002062F3070066F3F0
:10FC80000F2065F3174061F31F6005B0F0BD1A4601
:10FC900006462546F0E7C0F30742034602EB420260
:10FCA000C0B202EB8002C3F30720104482B0C0F35D
:10FCB000C70002B07047016070472DE9F04104466B
:10FCC000FFF73BFE002607463546BE4205D1D5B9B3
:10FCD0002046BDE8F041FFF7E4BD31462046FFF77E
:10FCE00023FE294680462046FFF71EFE0346D8F82D
:10FCF00000008268D20303D5E1F74CFC0136E4E74B
:10FD000018600135FAE729462046BDE8F041FFF7C3
:10FD1000D6BD38B5037D13F00105044607D19B0716
:10FD200005D5FFF7CAFF237D65F34103237538BD71
:10FD30002DE9F0470D4686B09046044600283AD09B
:10FD400091F818A01AF0010A4ED107460FCF01AE64
:10FD50000FC63B683360237D03F0010743F00103C6
:10FD600023752046FFF7E9FD8146CA4522D02B7E48
:10FD7000DB071FD451462046FFF7D6FD0268136803
:10FD800013B90AF1010AF0E79368D903F9D4C3F370
:10FD9000C0314145F5D133F4004302D0A9689942FE
:10FDA000EFD15368EB601368284698472B7E13F019
:10FDB000020602D02FB101260AE0DA07E1D527B109
:10FDC00006E02E7E16F0010606D001A8FFF775FFAB
:10FDD000304606B0BDE8F087237D67F30003237546
:10FDE0002046FFF796FFE6E70026F1E7F7B5044661
:10FDF0000C201D460F461646E1F7B2FB0190076046
:10FE0000019B2046C3E90156FFF797FD20B9042264
:10FE100001212046FFF737FD01A92046FFF765FDC8
:10FE2000019803B0F0BD70B50446FFF786FD0025CC
:10FE30000646B54204D12046BDE87040FFF769BFD1
:10FE400029462046FFF770FD237D026843F0020338
:10FE50002375936843F4803393600135E9E70068C4
:10FE6000704740687047806820F400407047006920
:10FE70007047C068704738B504464068C0B1036930
:10FE8000C3B12168984763685A68054652B1A368B0
:10FE900043B1013203D0D86808B1E1F77BFBA06819
:10FEA000E1F778FB0023C4E90033A360284638BD9E
:10FEB0000B25FBE70925F9E72DE9F04F044685B04E
:10FEC0008B461546994613B10023C9F80030606887
:10FED000002800F0C4804768466917B3002E00F080
:10FEE000C080D0F81CA0BAF1000F00F0BA80A26860
:10FEF00000230293D2E900C19668D2F80C806645CF
:10FF000024D2216800233246D047AF427DD26068B8
:10FF100002AB0093466921682B465A46B047074614
:10FF200053E0002E00F09D8002AB00930297216801
:10FF30002B465A46B0470746B9F1000F02D0029B44
:10FF4000C9F80030384605B0BDE8F08F8E42D8D8E9
:10FF50008A1B0131561CA1EB0C01891B7B1C4144FF
:10FF600002D1B54202D91546AE420BD32A465846B5
:10FF700001F00DFB0295A268029993680B4493600F
:10FF80000027D9E73246584601F001FBD4E90103C6
:10FF90005A68D0F81CA0216800230132D047002302
:10FFA000A5EB060A0393574503AB60680093B3447F
:10FFB0000ED24769216853465A46B8470746039B05
:10FFC0001E44AE4294BF02960295002FB4D1D2E7F0
:10FFD000436921689C4642463B466746B847A2684B
:10FFE000536801331360A168039A0B689245074672
:10FFF00002F1FF30034428BF92464B601FFA8AF299
:020000040003F7
:100000004146584601F0C3FAD9E7B8F1000F09D1CB
:100010003846D4F80880E1F7A3FAC8F80C00A368C2
:10002000D3F80C8060680023039303AB009321682E
:10003000D0F814A03B464246D047A3681E60A16892
:10004000039A0B680746501E0344AA424B6028BF20
:100050002A4641465846029201F099FAB5E70B2725
:1000600070E709276EE737B5044640681346002855
:1000700030D04268C56922B10DB1026A52B9092077
:100080000EE0002DFBD00A462168AC4603B0BDE867
:1000900030406047012B08D0022B0BD013B1002059
:1000A00003B030BDA3689960F9E7A26893680B4478
:1000B0009360F4E70A462168A8470028F0D16068F9
:1000C0002168036A01AA98470028E9D1A368019A28
:1000D0009A60E5E70B20E3E72DE9F04105469046FD
:1000E0000E46002946D0087878B14B783A2B14BFD9
:1000F0004F1C8F1CE0F73EFC044600283CD0836870
:100100002BB9E3684BB9092005E00F46F2E79847A1
:100110000028F6D10120BDE8F0816C6063680133EE
:1001200009D0E3684246394620469847431E0333C8
:1001300002D90C20EFE72846286063680BB900203D
:10014000E9E71020E1F714FAA860636801330AD1E7
:100150007368C360AA6800231360AA689360AB68E1
:10016000B2685A60EBE74FF0FF330360AB686FF0A3
:100170000102F6E70B20CEE70320CCE72DE9F041A2
:1001800080461C200F4615461E46E1F7F1F904464D
:1001900040B1C0E90087C56086611DB12846E1F71E
:1001A000E7F9A0602046BDE8F08109B10368CA50B4
:1001B000704711B1036819444A6070470331002346
:1001C00021F00301C0E901330160704738B50446EE
:1001D00000680830E1F7C4F9054680B10146002205
:1001E0002046FFF7E2FF6268FFF7E3FF616811B1A5
:1001F0002A46FFF7DAFFA368656003B9A5602846C1
:1002000038BDF8B50E46054668B161B143689942FC
:1002100003D1BDE8F840FFF7D9BF00680830E1F727
:100220009FF9044610B900242046F8BD2B68F75802
:10023000024639462846FFF7BCFF3A462146FFF7FB
:10024000B4FF22463146FFF7B0FF32462146FFF7A2
:10025000B0FFE9E738B5054600680830E1F780F9F6
:10026000044688B1014600222846FFF7A2FF214636
:10027000AA68FFF79AFFA96811B12246FFF799FF14
:100280006B68AC6003B96C60204638BD38B50B466E
:1002900040B1D0E90014A3420AD10B44596841602F
:1002A00009B9816038BD0022BDE83840FFF77DBF45
:1002B00085685C58AB4209D184600CB94460F1E7B1
:1002C00021460022BDE83840FFF773BF0B442146AA
:1002D0005D682A46FFF76DFF22462946E4E7F8B538
:1002E0000E46054608B1446804B9F8BD2B6823449E
:1002F0005F6846B928462146FFF7C8FF2046E1F768
:1003000049F93C46F0E72046B047FAE700B14068BB
:10031000704700B1806870470368194448687047A7
:100320000368C8587047034640B14268002002B9CC
:10033000704719680A4401305268F8E770479142E3
:1003400070B50C4615461BD0DAB10368D658A642E4
:1003500016D02146FFF79AFF22463146FFF729FFC4
:1003600032462146FFF721FF22462946FFF71DFFAF
:100370002A462146FFF71DFF05B9846006B944608F
:1003800070BD08B18668E2E70646E0E730B1436831
:1003900033B98068B0FA80F0400970470120704797
:1003A000002070470021FFF79ABF2DE9F74F05465F
:1003B000002800F08680B0F5806F00F082805E1A21
:1003C0000C9B9B1A01EB410806EB460603EB43032B
:1003D00002EB4207DA1BA6EB0809C6F5806600921D
:1003E00006FB00F209EBA22C00FB0CFC08EBAC2C8A
:1003F00000FB0CFCC3F58063C0EBAC2C01930CF14B
:100400000103022B61D94FEA490B04464FF0080A59
:1004100002EB42020BEBA222624308EBA222531C26
:10042000022B0FD94FEAEC718902D3174FEA8C20C7
:1004300041EA9C51CFF764FE20B1BAF1010AA4EB66
:10044000000424D1002D42DBB5F5806F41DC2C4641
:100450004FF48061002204FB06F309EBA3236343FE
:1004600008EBA32363439812C5EBA3230133022BAC
:100470001DD98542CCBF224621468C1A04EBD47488
:1004800002EB6404A24212D09142E4DC0FE004FBD0
:1004900006F209EBA22C04FB0CFC08EBAC2C04FBD1
:1004A0000CFCC5EBAC2C0CF10103022BB0D8019B6A
:1004B000009A634302EBA323634307EBA32767433D
:1004C000BD12284603B0BDE8F08F0446EFE70024D4
:1004D000EDE74FF48064EAE70028BABF4042012309
:1004E00000230029BEBF49420233DBB22D228842DD
:1004F00089BF514350431033B1FBF0F198BFB0FBBB
:10050000F1F1CAB288BFDBB2162A16D92C2A1FD83D
:10051000292A1FD8252A1FD8202A8CBF032004206F
:10052000DA06084448BFC0F15A0003F001029B07F5
:1005300017D59AB1B43080B27047012A08D9052A7C
:1005400008D9092A08D90F2A34BF03200420E7E775
:100550000020E5E70120E3E70220E1E7C0F1B40075
:10056000E9E7002AE7D0C0F5B470E4E730B5034608
:100570000C460120002102B930BDD50741BF00FB68
:1005800004F503FB0155A0FB0301491903FB04F526
:10059000A3FB0334521004EB4504ECE710B58A4288
:1005A00004461846029B04DBA2420EDDA14204DB96
:1005B00010BDA24209DAA142FADD1B1A641A5C439B
:1005C000521A94FBF2F42044F2E71846F0E75A304E
:1005D00000B2E0F7FBB94B689A684A6002B111605B
:1005E0000A681A601AB9036099600B6070479068D6
:1005F00088420CBF93605360F6E78B685A688A6044
:1006000002B111600A681A601AB9036059600B6080
:100610007047506888420CBF53609360F6E738B566
:100620000546144611B10B7B012B39D10B462968C5
:100630008B4234D06168994235D1A1680B7B3BB9BC
:1006400001220A73284621462373FFF7D6FFA168CB
:10065000D1E9012312B1107B012809D113B1187B14
:10066000012805D100230B73236821461C46DAE7D5
:1006700013B11B7B012B07D10123137300230B73D1
:100680002846FFF7A8FFA168237B0B730123237380
:100690008A68284613732146FFF7AFFF296809B11E
:1006A00001230B7338BD0B7B3BB901220A7328462B
:1006B00021462373FFF78FFF61684B6813B11A7BE4
:1006C000012A11D18A68002ACCD0107B0128C9D018
:1006D00013B11B7B012B07D10123137300230B7371
:1006E0002846FFF78AFF6168237B0B73012323737E
:1006F0004A68284613732146FFF76DFFCEE7F8B529
:100700000E461446054650B151B1002752B10C2295
:10071000394601F032F8C5E90076AC600120F8BD39
:100720000846FCE71046FAE770B50E46054610B9D4
:100730000024204670BD0468002CF9D06B68216944
:10074000304698470028F4D0D4E90132A8BF1346B8
:100750001C46F1E72DE9F84F8946054688B1FFF7B9
:10076000E3FF044670B91420E0F702FF044640B1ED
:10077000A868E0F7FDFE8046206130B92046E0F72A
:1007800009FF00242046BDE8F88F0023C4E90133A7
:1007900023732B6823B92C60236001232373F1E7B3
:1007A000C4F810902F683E46BEB9276026736B6868
:1007B00039694846984700281BDA7C6027464FF085
:1007C00001094FF0000A396809B10B7B9BB12B6816
:1007D00001221A73C4F81080D4E76B68316920696C
:1007E0009847D6E90123374612EA200638BF1E464D
:1007F000DAE7BC60E2E70E68736899421ED1B3681D
:100800004BB11A7B3AB901221A7381F80C9086F821
:100810000CA03746D7E7D1F808B0BB4504D128462D
:10082000FFF7EBFE0F46594681F80C90284686F8F4
:100830000CA03146FFF7CFFE3E46EAE723B11A7B14
:1008400012B983F80C90E0E7D1F804B05F4504D109
:100850002846FFF7C0FE0F46594681F80C902846FF
:1008600086F80CA03146FFF7C8FEE5E770B50C46E8
:10087000D1E901512268002D28D019B30B464968EF
:100880000029FBD1D2B15168A1420CBF53609360E3
:100890001A6899681E7B944212D001B10A605160B7
:1008A000A5689D602B6025681D60257B1D736568AC
:1008B0005D60012E2B6019D1B0B917E00360E7E746
:1008C0001A46F0E7237B29460A6002E0237B0029D1
:1008D000FAD132B15568A5420CBF51609160012B2D
:1008E000E9E7012B016001D1FFF799FE2569204658
:1008F000E0F750FE284670BD08B508B9002008BDD5
:10090000FFF7B4FF0028F9D0E0F744FE0120F6E736
:1009100070B5054610B104680CB92C6070BD264650
:100920006468002CFBD1B468002CF8D1346834B171
:100930006368B3424FF000030CBF6360A36030698B
:10094000E0F728FE3046E0F725FEE5E70C2200211F
:1009500000F013BF10B5037AFF2B044602D00068E5
:10096000E0F718FE20460C22BDE81040002100F000
:1009700004BFF8B5037A0446581EC2B2FD2A0E46DB
:1009800030D8276807EB83052A462B4412F8011B51
:10099000B14225D100EB8000E0F7E2FD10B3237AED
:1009A0002060013BDBB200222372013D114600EBC7
:1009B000830315F801CFB44508D057F822C040F89A
:1009C00021C095F800C003F801C0013194F808C0B7
:1009D00001329445EDD23846E0F7DCFD0120F8BD48
:1009E0009A42D3D10020FAE773B5037A0192FF2B24
:1009F00004460D4638D0006828B103EB83015A1E27
:100A00000144561C29D10133D9B201EB8101E0F731
:100A1000CBFD064640B3217A206000EB81000A46F8
:100A20000146043006F04CFE237A0133DBB25A1E35
:100A3000237202EB8303019AF554237A03F1804376
:100A4000013BAD0846F823201F2D636828BF1F25F2
:100A50000122AA401343636006E011F8016DAE4223
:100A600004D1019B40F8223002B070BD013AC8E7C2
:100A700070B5047A0368FF2C0ED003EB84050020C8
:100A800084420ED800200BE0814203F1080303D119
:100A900063681360012003E018781C460028F3D136
:100AA00070BD15F8016BB14202D153F82030F0E768
:100AB0000130E5E7007AB0FA80F04009704782B073
:100AC0000A46012102B0FFF78FBF82B00A46022119
:100AD00002B0FFF789BF82B00A46072102B0FFF7D4
:100AE00083BF82B00A46032102B0FFF77DBF82B008
:100AF0000A46682102B0FFF777BF82B00A46692133
:100B000002B0FFF771BF82B00A46102102B0FFF7B2
:100B10006BBF82B00A46112102B0FFF765BF82B0F9
:100B20000A46122102B0FFF75FBF82B00A461321C6
:100B300002B0FFF759BF82B00A46142102B0FFF796
:100B400053BF82B00A46152102B0FFF74DBF84B0F3
:100B50000023ADF80C10090C8DF80E108DF80F3035
:100B6000039A1C2104B0FFF73FBF82B00A461D2143
:100B700002B0FFF739BF84B00023ADF80C10090CA8
:100B80008DF80E108DF80F30039A232104B0FFF773
:100B90002BBF82B00A46282102B0FFF725BF84B0E0
:100BA0000023ADF80C10090C8DF80E108DF80F30E5
:100BB000039A312104B0FFF717BF82B00A463221F1
:100BC00002B0FFF711BF82B00A46302102B0FFF732
:100BD0000BBF82B00A46342102B0FFF705BF82B0D6
:100BE0000A46352102B0FFF7FFBE82B00A4638211F
:100BF00002B0FFF7F9BE84B00023ADF80C10090C69
:100C00008DF80E108DF80F30039A392104B0FFF7DC
:100C1000EBBE82B00A463A2102B0FFF7E5BE82B0D1
:100C20000A463B2102B0FFF7DFBE82B00A463C21F4
:100C300002B0FFF7D9BE82B00A46412102B0FFF7E9
:100C4000D3BE82B00A46422102B0FFF7CDBE84B0C7
:100C50000023ADF80C10090C8DF80E108DF80F3034
:100C6000039A3D2104B0FFF7BFBE82B00A463E2181
:100C700002B0FFF7B9BE82B00A46482102B0FFF7C2
:100C8000B3BE84B00023ADF80C10090C8DF80E1023
:100C90008DF80F30039A4C2104B0FFF7A5BE82B047
:100CA0000A46502102B0FFF79FBE82B00A4651218A
:100CB00002B0FFF799BE84B00023ADF80C10090C08
:100CC0008DF80E108DF80F30039A522104B0FFF703
:100CD0008BBE84B00023ADF80C10090C8DF80E10FB
:100CE0008DF80F30039A582104B0FFF77DBE82B013
:100CF0000A465A2102B0FFF777BE82B00A465C214D
:100D000002B0FFF771BE82B00A465E2102B0FFF763
:100D10006BBE82B00A460C2102B0FFF765BE82B0FE
:100D20000A462D2102B0FFF75FBE82B00A4661215C
:100D300002B0FFF759BE82B00A46622102B0FFF747
:100D400053BE82B00A46642102B0FFF74DBE82B0A6
:100D50000A46662102B0FFF747BE82B00A467421F8
:100D600002B0FFF741BE90F900200378002A0FDAA5
:100D700003F0E002C02A0DD003F0F002E02A0BD00D
:100D800003F0F800A0F1F00358425841800070478A
:100D900001207047022070470320704773B500237D
:100DA0000246019301B901A90B68D556D05C002D0C
:100DB00003F1010402DB0C6002B070BD00F0E0053D
:100DC000C02D0ED10C60125D02F0C004802C4CD1FD
:100DD000800100F4F86002F03F02104402330B601F
:100DE000EAE700F0F005E02D17D10C60145D04F087
:100DF000C005802D39D19D1C0D60525D02F0C005EB
:100E0000802D32D1000380B202F03F02A4011044D1
:100E100004F47C6420440333E1E700F0F805F02D8E
:100E20000C6022D1145D04F0C005802D1DD19D1CE5
:100E30000D60555D05F0C006802E16D1DE1C0E60DB
:100E4000925D02F0C006802E0FD180042403AD0114
:100E500000F4E01004F47C3405F47C6502F03F02F9
:100E60000443154428190433B9E70020A4E770B5FA
:100E70000024054626468E4202D02B5D28190BB968
:100E8000204670BDFFF76FFF012838BF012054FADC
:100E900080F40136EFE773B5002406460D46019451
:100EA000019BAB4202D3204602B070BD01A930467F
:100EB000FFF774FF0134F3E737B5002405460194CA
:100EC000019BEB5C13B9204603B030BD01A9284655
:100ED000FFF764FF0134F3E718B3A0F59C43B3F5C3
:100EE000A44F1DD300F17F4303F1FF135D2B17D9EE
:100EF000A0F54053FF2B13D9A0F53A537F2B0FD900
:100F0000A0F547532F2B0BD9A0F57E40A0F110037D
:100F10000F2B05D930381F288CBF002001207047C7
:100F2000012070477F2882B015D9B0F5006F14D228
:100F3000C0F3871300F03F0043F0C00340F080028D
:100F4000002100208DF804308DF805208DF8061062
:100F50008DF80700019802B07047B0F5803F0CD2C1
:100F6000C0F30733C0F3851200F03F0043F0E00305
:100F700042F0800240F08001E3E7B0F5881F10D214
:100F8000C0F38743C0F30532C0F3851100F03F0082
:100F900043F0F00342F0800241F0800140F0800015
:100FA000D0E70020D7E773B50B68013B06460B601E
:100FB00004250C683019FFF7D6FE30B101A9304680
:100FC0000194FFF7EBFE02B070BD2CB1013D013C76
:100FD00015F0FF050C60ECD10020F4E7232903781D
:100FE0000BD113B9012303700BE0022B03D0013B9B
:100FF0005842584170470023F5E7012B05D12029BD
:1010000001D0012070470223EDE7002070472DE951
:10101000F041884617460546F0B1EAB100F0F5FB0D
:101020000446384600F0F1FB0646A8B104444146A8
:101030002846FFF71CFF2B19311874425A1B9142A6
:1010400006D9324639462844BDE8F04100F09FBA3F
:101050001A5D03F80129F1E7BDE8F081F8B50C4607
:101060001746054680B100F0D0FB214606462846CB
:10107000FFF7FDFE2C1839462046FFF7F8FE234601
:10108000361A5A1B964200D2F8BD1A5C03F8012B9F
:10109000F7E7F7B50B4601910C46002102460746DB
:1010A0000846E0F74FFA461C3046E0F759FA054685
:1010B00020B123463A463146E0F744FA284603B0C9
:1010C000F0BDF8B50F461946064615461C46FFF713
:1010D00065FE386020B1206800213044FFF75EFED5
:1010E0002860F8BD2DE9FF410F4690461E46054693
:1010F00020B90024204604B0BDE8F081002AF8D0D1
:101100000378002BF5D0002401940029F1D0019B35
:10111000BB4203D3002CC8BFA41BEBE703AA02A960
:10112000284601ABFFF7CDFFDDE902124046FDF78F
:101130003BFA0028EBD004443444E8E72DE9F04FB3
:1011400087B00025C0E900559DF848A005930446E6
:101150001746884619B312B31AF0010F119B1046B7
:1011600018BF6FF060431193FDF751FA06461FFA5E
:1011700080FB18F8053008EB05099BB95DB119F83B
:10118000013C0A2B01D00D2B05D1109B13FA86F2DE
:10119000636813446360636843BBB6B2666007B0BC
:1011A000BDE8F08F00230193119B00933A46059B05
:1011B000CDF808A04FF0FF314846DFF735FD6368F2
:1011C000109A9A1812EB0B0F01460544E7D4109AB7
:1011D0005B44134463603A46059B4846FFF782FF31
:1011E00023688342ACBF23602060C2E7109A9B1A39
:1011F0006360D4E72DE9F0430F4685B090461E4664
:10120000054620B90024204605B0BDE8F083002A39
:10121000F8D00378002BF5D0002401948DF803401A
:101220000029EFD09DF8309009F0080916E001ABD5
:1012300003AA02A92846FFF744FFB9F1000F05D021
:1012400002990DF10300FFF7C9FE38B9DDE902127A
:101250004046FDF7A9F908B104443444019BBB4260
:10126000E5D3002CC8BFA41BCDE7037D43F00103E9
:1012700003757047037D6FF300030375DFF7F0BD5F
:1012800010B50446E2F702FD2368C31A013B636010
:1012900010BD2DE9F047089D80460F46144699463B
:1012A0000CB9264612E04FEA540A09FB0A76314689
:1012B0004046A847002808DDE44304F00104AAEBF7
:1012C000040A06EB09075446EAE7FCD13046BDE8BC
:1012D000F08770479A4238BF8854704770472DE9AD
:1012E000F74F9946DDE9116313F0020C80468B46F7
:1012F0001746DDE90C54DDE90F129DF83800CDF8F2
:1013000000C01DD103F0010C3EB1BCF1000F04D0B0
:1013100010B913F00C0F00D0013E4FF0300E02E078
:1013200005F804E00134944201D2202CF8D1BCF13C
:10133000000F05D04FF0300CA64201D9202C1AD155
:1013400013F0100F14D013F4806F2ED1BCB194425F
:1013500001D0B44229D1621E11D0102943D199067F
:10136000A4F102047ED4782129553021A954541CBB
:10137000202C25D00CE005F804C00134DCE710294E
:101380000DD1990635D478222A7030226A70022451
:10139000C8B32D222A55013413E06222F4E7022952
:1013A000FBD030222A700124F2E7102923D19A06BB
:1013B00056D4202C04D0621C78212955202AD4D15F
:1013C00020249B0738D03A4625441444A24237D102
:1013D000009B23B1D51BAE4207EB050439D820464C
:1013E00003B0BDE8F08F0229BFD16221A9540132B8
:1013F000E4E75822C8E7022903D1202CE0D0224696
:10140000F3E72246DAE7590701D52B22C2E71A078C
:10141000D7D52022BEE74B4659462020C0470AF1C7
:10142000010A019B564503EB0A02F4D8321BB44271
:1014300088BF00223A44C7E73B1BA2460193F0E76E
:1014400002F1010A15F8010D4B465946C0475246B4
:10145000BCE74B46224659462020C0470135BAE733
:10146000202CADD0621C5821A7E72DE9F04391B0A4
:10147000189D1A9F1D9E2DB926F0100416F4806F3A
:10148000264622D116F0200F14BF4FF0410E4FF028
:10149000610EAC460DF120080025AEF10A0EBCFB32
:1014A000F7F907FB19C95FFA89F4B9F1090F94BF7D
:1014B00030347444E4B2BC4508F8014BBCFBF7F48B
:1014C00005F1010501D3202D10D11C9C05941B9C16
:1014D0000696CDE903749DF86440CDE9015408AC4B
:1014E0000094FFF7FCFE11B0BDE8F083A446D6E7F8
:1014F0002DE9F04F95B0DDE91E76CDE90A2357EAD4
:101500000603CDE90801DDE9229B269C05D124F0E4
:10151000100314F4806F1C4637D114F0200F14BF51
:10152000412361230DF1300A0025A3F10A08314659
:101530004A465B463846CEF733FED2B2092A94BFFC
:10154000303242444F45D2B276EB0B060AF8012BFB
:1015500005F1010501D3202D14D1259B0593249B72
:101560000694CDE903939DF88030CDE901530CAB8F
:101570000093DDE90801DDE90A23FFF7B0FE15B0AD
:10158000BDE8F08F07460E46D1E70025E5E70F2AB4
:1015900070B50AD8013902440346934200D170BDA8
:1015A00011F8014F03F8014BF7E700F0030301F0D6
:1015B0000306B34204460D4600F0998001F1200372
:1015C0001546202D13F8206C04F1200403F12003AC
:1015D0000DD8531E23F01F03C418013B0B440244D3
:1015E00013F8011F04F8011B9442F9D1D7E704F85E
:1015F000206C13F83F6C04F81F6C13F83E6C04F871
:101600001E6C13F83D6C04F81D6C13F83C6C04F868
:101610001C6C13F83B6C04F81B6C13F83A6C04F860
:101620001A6C13F8396C04F8196C13F8386C04F858
:10163000186C13F8376C04F8176C13F8366C04F850
:10164000166C13F8356C04F8156C13F8346C04F848
:10165000146C13F8336C04F8136C13F8326C04F840
:10166000126C13F8316C04F8116C13F8306C04F838
:10167000106C13F82F6C04F80F6C13F82E6C04F830
:101680000E6C13F82D6C04F80D6C13F82C6C04F828
:101690000C6C13F82B6C04F80B6C13F82A6C04F820
:1016A0000A6C13F8296C04F8096C13F8286C04F818
:1016B000086C13F8276C04F8076C13F8266C04F810
:1016C000066C13F8256C04F8056C13F8246C04F808
:1016D000046C13F8236C04F8036C13F8226C04F800
:1016E000026C13F8216C04F8016C203D69E7F3B13A
:1016F000C3F10403C418034615F8011B03F8011BCA
:10170000A342294602F1FF3201D0002AF4D1202A57
:1017100001F1200503F120040BD801391A4493424A
:101720003FF43DAF11F8014F03F8014BF7E70346D3
:10173000EDE755F8203C44F8203C55F81C3C44F8B3
:101740001C3C55F8183C44F8183C55F8143C44F837
:10175000143C55F8103C44F8103C55F80C3C44F847
:101760000C3C55F8083C44F8083C55F8043C44F857
:10177000043C203A23462946C9E710F0030310B47D
:101780000BD0C3F1040342B1034400F8011B98429B
:1017900002F1FF3201D0002AF7D101EB012303EB64
:1017A000014303EB0163202A00F1200402D810BC9E
:1017B00005F0A0BF44E9083344E9063344E90433A3
:1017C00044E90233203A2046EDE7884210B402D3C0
:1017D0008B18834202D210BCFFF7D9BE884207D8CB
:1017E000421E8B420AD011F8014B02F8014FF8E774
:1017F000531E194403449A1A934201D110BC7047F6
:1018000011F8014903F80149F6E7CEF7F5BC10B528
:10181000002304461046834201D0CA5C4AB9C21A6A
:10182000834288BF00220021E01805F063FF2046B4
:1018300010BDE2540133EEE7421E11F8013B02F8FD
:10184000013F002BF9D17047431E013913F8012FD6
:1018500011F8010F0AB18242F8D0101A704770B522
:101860000646FFF7D2FF451C2846DFF779FE0446FF
:1018700018B12A463146FFF78AFE204670BD38B5BA
:1018800004460D46FFF757F929462046BDE8384083
:10189000FFF757B938B504460D46FFF734F9294626
:1018A0002046BDE83840FFF734B984B008461146F9
:1018B00004B0FEF7CEB838B504460D46FFF72FF951
:1018C00029462046BDE83840FFF72FB938B5044611
:1018D0000D46FFF724F929462046FFF726F9294649
:1018E0002046FFF710F929462046BDE83840FFF7AB
:1018F00010B970B5044640680D4608B1FFF7F9FF0E
:10190000236823B129462046BDE87040184770BDC2
:1019100070B50E68336805460C4633B196F8222040
:10192000D20602D50B60FFF7F3FF2660214628465A
:10193000BDE87040FFF7DDBF08B528B1D8F73AFB26
:10194000BDE80840D9F7A0BBD9F7F6FAF8E738B5F3
:101950000546FFF7F1FF044640B12846D8F754F991
:1019600029462046BDE83840FFF7D2BF38BD07B54D
:10197000FFF7E2FF28B9112003B05DF804EBDFF7B1
:1019800067B80369ADF804301B0C8DF806309DF87C
:101990000430002063F307009DF8053063F30F2047
:1019A0009DF8063063F3174003B05DF804FB10B5F3
:1019B0000446E2F76BF9001B10BD70B50346C06A20
:1019C00093F84C2012F0060202D15B6B184470BDF4
:1019D000042A01D11B6BF9E7022AF8D1D3E90E24BE
:1019E000D3E90C51A242C8BF04F5B47413198D4257
:1019F00003EBD373CCBF01F5B4760E46B5EB630FA2
:101A00004FEA630201DA2844E1E79642CCBF40186E
:101A10008018DCE710B5D0E90E431B1B002B16DB4A
:101A2000B3F5B47F16DA8B4217DBB1EB630FB4BFAB
:101A3000012300230122DB0043EA021390F84C202B
:101A400022F01802134380F84C30012010BD03F53A
:101A5000B473E3E7A3F5B473E2E7C3F5B474944257
:101A600007DC0123E6E701230022E4E700231A460E
:101A7000E1E7C1F5B4749442F5DD13448B42F5DA25
:101A80000020E3E707B55022F1F73BFF03B05DF814
:101A900004FB07B51222F1F734FF03B05DF804FB35
:101AA00007B51322F1F72DFF03B05DF804FB07B56E
:101AB0001022F1F726FF03B05DF804FB07B51122F1
:101AC000F1F71FFF03B05DF804FB2DE9F84F0F4657
:101AD000002104469046FFF7DCFF00210646204621
:101AE000FFF7DEFF002182462046FFF7E0FF0021DE
:101AF00005462046FFF7E2FF81462046F0F7A0FDAD
:101B0000A0EB060B2046F0F79EFD401BA0EB090062
:101B1000ABEB0A0B8345204613DAF0F791FD831BEC
:101B2000A3EB0A03626903EBD3735B101A443244DC
:101B30003A60A2691A442A447A60C8F80030BDE8C5
:101B4000F88FF0F780FD431BA3EB0903EAE72DE9CB
:101B5000F74F0F464FF40031924681461E46FFF77D
:101B600091FF00EBD0704FEA6008AAEB600A48468C
:101B7000FFF723FFB9F85C30C418A4B204F15A008F
:101B800000B2DEF723FF0AFB00F520B2DEF71EFFEE
:101B90004FF440310AFB00F44846FFF77AFF4FF458
:101BA000403101904846FFF77BFF4FF440318346B8
:101BB0004846FFF77CFF4FF4403182464846FFF726
:101BC0007DFF3A68019BED132A44D21AA2EB08026A
:101BD00032603B681D445D444544B5607B68E41356
:101BE0002344A3EB0A03A3EB080373607B681C4444
:101BF00004444444F46003B0BDE8F08F2DE9F041A3
:101C00008CB007460E4615469846F0F788FF002828
:101C10003CD0AE423AD0FC6AB6F5B47FC8BFA6F558
:101C2000B476B5F5B47F2644C8BFA5F5B4752C4489
:101C3000B6F5B47F05AAC8BFA6F5B47606A9B4F573
:101C4000B47F3846C8BFA4F5B474FFF73EFF4146E1
:101C50003846FFF717FF4146054651223846F1F74F
:101C600050FE0890003818BF01200DF12008CDE982
:101C70000208CDE90045DDE90601BDF81420334630
:101C8000D9F744FA41463846F0F78AFE0CB0BDE871
:101C9000F08173B53C224FF440310546F1F731FE37
:101CA0004222044601904FF440312846F1F729FEC4
:101CB000402201904FF4403104442846F1F721FEC0
:101CC000002801904FF040024FF4403128462BDDB0
:101CD000F1F717FE0346019041224FF440312846A8
:101CE0001C44F1F70EFE002801904FF041024FF422
:101CF000403128461DDDF1F704FE034601903822ED
:101D00004FF4403128461C44F1F7FBFD3B220646C8
:101D100001904FF440312846F1F7F3FD3044A042E2
:101D2000B8BF204602B070BDF1F7EBFD0190434211
:101D3000D2E7F1F7E6FD01904342E0E710B588B045
:101D4000044601AA02A9FFF7C0FE019A04AB02A94A
:101D50002046FFF7FCFE2046FFF79BFF021E03DD37
:101D6000114604A8FDF7ECF904A92046F0F718FE87
:101D700008B010BD38B5B1F5B47F0D46C8BFA1F5A8
:101D8000B475D0E90C135A1B5B1A48BF03F5B47342
:101D9000002AB8BF02F5B4720446D01A0028B8BFB2
:101DA0004042B4280BDD2046F0F725FE2046FFF721
:101DB000C5FF25632046BDE83840FFF7BFBF93420B
:101DC00006DD4FF400332A462046FFF717FFEDE704
:101DD000ECDA0A464FF400332946F5E738B5B1F599
:101DE000B47F0D46C8BFA1F5B475D0E90C31EA1A2D
:101DF000CB1A48BF03F5B473002AB8BF02F5B4721A
:101E00000446D01A0028B8BF4042B4280BDD204653
:101E1000F0F7F1FD2046FFF791FF65632046BDE82E
:101E20003840FFF78BBF934207DD0A464FF400337B
:101E300029462046FFF7E2FEECE7EBDA4FF40033E9
:101E40002A46F6E738B504460D461146FFF7C6FFA9
:101E500029462046BDE83840FFF78CBFF7B5044659
:101E6000006C10F5004F36D0D4E90E3594F84C20B4
:101E7000AB42C2F34102C8BF05F5B475012A0BD0CD
:101E8000022A35D03ABB0095D4E91112FEF786FB41
:101E9000A16B0546024634E0D4E911C20CEB0207FF
:101EA00007EBD7775E1906EBD676B0EB670F4FEAF4
:101EB00066064FEA670110DA0A4600966146FEF7A9
:101EC0006DFB014605462046FFF754FF314620468C
:101ED000FFF784FFA56503B0F0BD00953346FEF71C
:101EE0005DFB314605462046FFF744FF2946EEE7F5
:101EF0000093D4E911122B46FEF750FBE26B054626
:101F000001462046FFF79EFFE4E738B5B1F5B47F00
:101F10000D46C8BFA1F5B475D0E90E135A1B5B1A64
:101F200048BF03F5B473002AB8BF02F5B472044683
:101F3000D01A0028B8BF4042B42808DD2046F0F788
:101F40005AFDA5632046BDE83840FFF787BF93429E
:101F500005DD00232A462046FFF750FEF1E7F0DAC0
:101F60000A4600232946F6E738B5B1F5B47F0D4699
:101F7000C8BFA1F5B475D0E90E31EA1ACB1A48BF33
:101F800003F5B473002AB8BF02F5B4720446D01A40
:101F90000028B8BF4042B42808DD2046F0F72BFDEA
:101FA000E5632046BDE83840FFF758BF934206DDA1
:101FB0000A46002329462046FFF720FEF0E7EFDA25
:101FC00000232A46F7E738B504460D461146FFF7C9
:101FD000CBFF29462046BDE83840FFF796BF0029D1
:101FE00005DBB1F5B47F05DAC162F0F704BD01F598
:101FF000B471F4E7A1F5B471F3E7026C8A4210B44E
:102000000DD0846CA142A8BF2146446CA142B8BF48
:1020100021468A4203D010BC0164FFF71FBF10BCE9
:10202000704710B50C4604F150000021DEF7CAFBE2
:1020300004F160000021BDE81040DEF7C3BB036877
:102040001A684FF0FF31D96002F150018B4204D180
:102050009968D1621868F0F7CEBC02F160018B423A
:1020600004BF99689163F5E7C1600068F0F7C3BCED
:1020700073B5C66A8E4215D0436B9942A8BF194604
:102080000D46036B816B9942B8BF1946A942B8BF90
:1020900029468E4206D0009200F1500300F12C0236
:1020A000E2F71EF902B070BD38B500256423C1E91E
:1020B0000C534FF0FF33C1E91731CB6691F8703004
:1020C0008D630C4623F03F0381F87030C1E9105551
:1020D000C1E91415C1E91955CD62CD638D6481F84C
:1020E0004C508D6520460821EFF732F9204610212B
:1020F000EFF72EF92A4629462046BDE83840FFF77B
:10210000B7BF90F8703003F00703022B13B515D159
:10211000436B9942A8BF1946036B9942B8BF194651
:10212000C36A9942A8BF1946836B8B4206D00092BE
:1021300000F1600300F13802E2F7D2F802B010BDFE
:10214000C36D013314BF806DC06A704790F8703062
:1021500003F00703022B01D0006B7047C36E0133FD
:1021600014BF806E806B704790F8700000F007001D
:10217000704790F8703003F00703012B0AD1036B0E
:10218000002B07DA426B002A04DD806BC31A584229
:10219000584170470020704710B50C46204610216A
:1021A000EFF7D6F820464FF48061BDE81040EFF716
:1021B00019BB10B50C46086BDFF7ECF9606BDFF765
:1021C000E9F90023C4E90C3310BD07B5152200213D
:1021D000F1F797FB03B05DF804FB2DE9F04F8DB0EC
:1021E0000446019104A9F0F7E9F92046F0F728FA2E
:1021F00003902046F0F727FA122200900021204693
:10220000F1F77FFB13228346089000212046F1F767
:1022100078FB10228046089000212046F1F771FBE0
:1022200011228146089000212046F1F76AFB142212
:102230008246089000212046F1F763FB074608908C
:102240002046FFF7C2FF07EBD77500EBD0766D1085
:1022500007F00107013576103D44013600F001001A
:1022600006440D2DA8BF0D250D2EA8BF0D26B8F1D3
:102270000D0FA8BF4FF00D08B9F10D0F5B46A8BFB9
:102280004FF00D09BAF10D0FA8BF4FF00D0A0D2B3D
:10229000A8BF0D230293039BA3EB0803023B002777
:1022A0000393A36BBB4209D8A26B4FF6FF73BA42EC
:1022B00008BF1F4638460DB0BDE8F08F216B3B01CB
:1022C00001EB0712CB58D1689B45D2E901C0A8BFEA
:1022D000DDF808E0049AACBFA2EB0E0EA2EB060EEE
:1022E00073440893059BE145ACBFA3EB090EA3EB38
:1022F000050EF444CDF824C0DDF80CC08445D4BFED
:10230000424492191044009A0A90A2EB0A02023A3F
:102310008A42D4BF53445B1919440B91002201999E
:1023200008A8FCF763FF0028BED10137B9E7F0B574
:102330004FF6FF7399428BB004460D4650D0836B25
:102340008B424DD90A01016B01EB05138A580292A9
:102350005A68039206A99A68DB6805930492F0F71D
:102360002DF9142200212046F1F7CBFA0646019000
:102370002046FFF72AFF07462046D7F71BFED8F76F
:102380000BFE0A2390FBF3F296423346B8BF134686
:10239000069E97423846B8BF1046029AF11A0A4480
:1023A00007990292039A0F1A3A440392049A33440B
:1023B0001A44059B0492084403440593236C9D42F0
:1023C0000AD1636B33F815305B0505D502A8FDF71C
:1023D00023FA039B1B1A039302A92046F0F7E0FAA5
:1023E0000BB0F0BD09B1E2F795BA704710B5826B3A
:1023F00004465200406BFFF7CAF8E16A2046BDE888
:102400001040FFF7EFBF38B5836B8B4204460D4693
:1024100003D84FF6FF7399420AD1216C2046FFF78B
:1024200086FF256429462046BDE83840FFF77FBF78
:1024300038BD70B51546826B8A4204460FD9466B8B
:1024400036F8112022EA050226F81120FFF76FFF67
:102450006B0504D52046BDE87040EFF778BE70BD2F
:1024600070B505460E460024AB6BA34200D870BD84
:10247000214632462846FFF7DCFF0134F4E770B509
:10248000836B8B4204460D4616461AD990F84430A9
:10249000D90705D5F20503D54FF48071FFF7E0FFAA
:1024A000626B32F81530334322F815302946204646
:1024B000FFF73DFF730504D52046BDE87040EFF7F8
:1024C00046BE70BD70B505460E460024AB6BA342F8
:1024D00000D870BD214632462846FFF7D0FF0134B0
:1024E000F4E7006C7047836B8B4207D9436B33F87A
:1024F00011309A430CBF0120002070470020704724
:1025000070B54FF480720446FFF7EDFF0D460646A6
:102510004FF480712046FFF7A3FF3EB129462046C5
:102520004FF48072BDE87040FFF7A9BF70BD4B1E2D
:1025300019D5013801F10B03012B1CD1820718D1E9
:102540006421B0FBF1F201FB120242B94FF4C873EF
:10255000B0FBF3F203FB1200B0FA80F35B0903F166
:102560001C00C0B270470B2BC4BF0130A1F10D039A
:10257000E2E70023F3E7072293FBF2F2C2EBC20289
:102580009B1A03F0010048BF4042C0F11F00E8E77A
:10259000F8B50446FDF763FC05462046FDF767FCE9
:1025A000C36C5B68B3F5A02F074640F08180F2F75B
:1025B000D8FE06463846F2F7EDFE044696B3FB6CAD
:1025C0009F68062F4CDD402239462846FFF78BFFD7
:1025D00000286ED016B1002386F8203044BB4FF49B
:1025E000004239462846FFF77EFF002845D0002EDE
:1025F0006AD0662386F820302846FFF7B8F9C0F382
:10260000072386F82100C0F3074086F8230086F8E8
:1026100022302846FFF765FFB8422ED1B22386F854
:1026200020302AE0002843D0FB6C9F68062FCADCCC
:10263000002384F828304FF4004239462846FFF73B
:1026400052FFD0B12846FFF792F9C0F3072384F870
:102650002000C0F3074084F8213084F82200C6E748
:10266000002386F820300028E2D14FF4004239469A
:102670002846FFF738FF0028BBD14FF48042394687
:102680002846FFF730FF98B194B1FF2384F8283033
:102690002846FFF76CF9C0F3072384F82130636AFA
:1026A00084F820000133C0F3074084F822006362FD
:1026B000F8BD4FF4004239462846FFF714FF0028C2
:1026C000DBD0002C93D0BDE72846FFF70AFFD4E704
:1026D000022994BF01230023A0EB030303F10100AF
:1026E00000EB93004FF4C872B3FBF2F210444FF0CA
:1026F0006402B3FBF2F3A0EB030094BF0C230023AE
:102700001944C1EB41110C233E39B1FBF3F107230E
:102710000844B0FBF3F3C3EBC303C01AC0B2704765
:1027200070B504464FF44041C06AFFF799FE94F932
:102730003610A08EFFF7CCFFA36B054663BBD4E930
:102740000C23534033F07F4328D194F93330E06AAF
:10275000E9184FF48042BDE870400631FFF78FBEA4
:10276000A26B32F8261002EB8603A28E91420ED1A4
:1027700093F9021094F93620914208D193F903108D
:10278000E06A29444FF400420631FFF778FE013633
:10279000E36BB342E4D8D2E70026F9E770BD3430EA
:1027A000704770B5FDF75BFB0546F1F7F9FCFFF7E5
:1027B000F6FF002104462846F1F7F5FC0646E3F74C
:1027C000EFFC437802786421303B303A4B434FF4BE
:1027D0007A7101FB023382780A21303A01FB02331D
:1027E000C2782188303A1344591A304600F08AFFE3
:1027F00001212846F1F7D7FC94F90210BDE870409A
:10280000013900F07FBF38B50546FDF728FB0446C7
:102810002846FDF72EFB0546204600F08AFF0446B9
:102820002846FFF7BCFF621C018852B22846BDE86B
:102830003840E2F7DBBDF8B50446FDF710FB05466E
:102840002046FDF716FB0446284600F072FF0746B7
:102850002046FFF7A4FF06462846E3F7A1FC41788F
:102860000278034630396420303A41434FF47A709D
:1028700000FB02119A78DB78303A0A2000FB021143
:10288000303B1944C91B96F90220204689B2BDE8A5
:10289000F840E2F7ABBD07B50122F1F732F803B01B
:1028A0005DF804FB07B51522F1F72BF803B05DF8CE
:1028B00004FB70B50D4601F12C062B6B304653B965
:1028C000FDF770FD05F13806EB6B3046E3B9BDE866
:1028D0007040FDF767BDFDF719FD04460028ECD0F8
:1028E000037C5A0702D44068DEF754FE237C9B0722
:1028F00002D42068DEF74EFE30462146FDF7C6FCC6
:102900002046DEF747FED8E7FDF700FD0446014606
:102910003046FDF7BBFC2046DEF73CFED4E710B5A1
:102920000C4604F12C001421FDF748FC182104F199
:102930003800FDF743FC00226423C4E91122C4E9F6
:102940001333C4E91522C4E917336FF0004203239F
:10295000C4E9192305210A23C4E91B1394F8743030
:1029600023F01F0343F0010384F8743010BD07B552
:1029700030220021F0F7C5FF03B05DF804FB07B576
:1029800012220021F0F7BDFF03B05DF804FB2DE932
:10299000F043036F8B4285B004460E4668D9EFF7CB
:1029A00055FE05462046D6F731FD94F8743013F0F5
:1029B000180F074605D1204605B0BDE8F043F0F7F3
:1029C0001AB803F00703012B55D12046FFF7CFFFBC
:1029D00080462046FFF7D3FF6369034403EB0800FA
:1029E00048224FF4A021C71B2046F0F78AFF4FF47E
:1029F0000031804600902046FFF74DFFA369226A10
:102A000000EB08015B1A11440391216F0193013916
:102A10008E42814613D205FB06F3B3FBF1F22B4441
:102A2000A2EB0802B3FBF1F34344121A03443A4405
:102A30003B446946204600920293EFF7B1FFBEB1D6
:102A4000226F731E013A6B43B3FBF2F3A3EB08034F
:102A5000A3EB09033B44009305FB06F3B3FBF2F33E
:102A600043444B443B44029369462046EFF798FFAA
:102A700005B0BDE8F083022B9DD100212046FFF771
:102A800011FF804605442046236FB5FBF3F5FFF7A1
:102A90006EFF636905FB06F9C6182046FFF76FFF56
:102AA00006444E4469462046EFF788FDF31B1D445B
:102AB000A3EB080302950093D6E707B51022002187
:102AC000F0F71FFF03B05DF804FB2DE9F04FCBB02A
:102AD00000F1140801F118050EAE04468A462A4694
:102AE00041463046FCF746FB002800F09E8095E802
:102AF0000F0012AF87E80F00DAF820300B900A932E
:102B000096E80F0085E80F00236F012B40F28D80BF
:102B10002046FFF72CFF07462046FFF730FF06460A
:102B20002046FFF7CAFF83462046EFF78FFD04904B
:102B30002046EFF79BFD6369029020460193D6F78C
:102B400065FCA369039381462046F0F76AF92A469B
:102B50000690414616A8FCF70DFB002865D01EA87C
:102B6000F2F766FB1EAA4FF4A0212046EFF7CCF93E
:102B70002EA8D9F771FC2EAA4FF400312046EEF7AB
:102B80003CFF4FF400312046FFF785FE00EBD0708C
:102B9000451002224FF400312046F0F7B2FE1A90A1
:102BA00000EBD07043100093009A2A9BAA4203EBDB
:102BB000D371A8BF2A46B2EB610FC2BF9DF8B52002
:102BC00042F020028DF8B520012B08BF9DF8B530EA
:102BD000039A04BF43F020038DF8B530019B3E44B7
:102BE0001E44A6EB090305930BEB07031344069A57
:102BF0009B1A0893236F079304F12C03184609933B
:102C0000FDF791FB01382090309004F12C00FDF786
:102C100080FB0A9B2B44013306460D9346B912AB49
:102C20000FCB0AF1180484E80F004BB0BDE8F08F19
:102C3000337C13F001030BD0209B013B2093309B8E
:102C4000013B309331460998FDF76AFB0646E5E7FC
:102C5000B268ADF8A420120C8DF8A620B27A3189A2
:102C60008DF8DB2094F87420ADF8D91021933193BE
:102C700012F0180F059A08BFF36825922792327C4C
:102C800071680A93C2F3001204EB820251F82370B8
:102C9000506C0299D26C3F1A121A4F4397FBF2F70D
:102CA000089ACF1B17440022069291460B9A289748
:102CB000521BBB460C92226F4A4521D807990498B3
:102CC000814226DA4A4524D1726852F823206FF0F7
:102CD00000439A421DD0279B5A1B2B441A921C93E7
:102CE000009A289B9A1A1B92009A13441D931AAAC1
:102CF00009F1FF332EA950463193F2F751FB08E05A
:102D000027980D99DDF8A0C025908842CDF898C08D
:102D100006DD309B013B3093209B013B209391E7E4
:102D2000DDF818E0511EBEFBF1F1DDF814E071444E
:102D3000279101910A9901EB090EBEFBF2F802FB03
:102D400018E296F810E00392CEF3001E7268039921
:102D500004EB8E0E52F82120DEF844800299DEF852
:102D60004CE0A2EB08024A43AEEB080E92FBFEF8E1
:102D7000089AA1EB080890440C9A0199CDF8A0801C
:102D8000013A91422FDBB9F1000F2CD00799DDF801
:102D900010E071454FEA83022DDB726852F823C0C0
:102DA0006FF000439C451ED0039952F821209A42AF
:102DB00019D04745019BB8BF4746C345A8BFC34686
:102DC000984210D0591E5F45CDE9251B08BF013739
:102DD000279150461EA92897F2F744FA279B013302
:102DE00027934746C346069B049A1344069309F16A
:102DF0000109039B5FE7411B1A910099ACEB0101AC
:102E00001B910099284461441C901D91716851F8F0
:102E100023006FF0004398420CD0039851F8201023
:102E2000994207D01EA950460192CDF88490F2F73E
:102E300019FA019A002DD6D0009B002BD3D07368CD
:102E40009A586FF000439A42CDD009F1FF331AAA85
:102E50002EA950463193F2F7A3FAC4E72DE9F04FBB
:102E60001E46036F934287B005468846174605D82D
:102E700000203060706007B0BDE8F08FEFF7E6FB30
:102E800004462846EFF7F2FB95F87430029003F001
:102E90000703012B4AD12B6F012B44D97C43013B03
:102EA000B4FBF3F434602846FFF761FD044628467E
:102EB000FFF765FD33682044034433602846D6F7A6
:102EC000A5FA33681B1A336095F8743098F810200F
:102ED00013F0180F0CBFD8F80C3000231F442B6FD1
:102EE000B7FBF3F0C2F3001203FB107705EB82028D
:102EF000D8F80430516C53F827300298D26C5B1A22
:102F0000521A434393FBF2F3C31A73602846FFF748
:102F1000D4FD73680444234473602846EFF781FFAF
:102F20007368181AA6E700233360BCE7032B11D19E
:102F300098F81010D8F800000094C1F3C00105EB18
:102F4000810150F82700CA6D496D0023FDF726FB6B
:102F50003060A8E7022BA6D105F12C0B5846FDF7EF
:102F6000E2F94FF4A02181462846FFF79BFC00219F
:102F700004902846FFF796FC2B6F0390591E012BF7
:102F800001FB1042B2FBF3FA85BFA4EB0A037B43BB
:102F90000023B3FBF1F358463360FDF7B7F9002384
:102FA0000146B1B9039A296F1444049A7C43B4FBD7
:102FB000F1F409F1FF3103FB0AF302FB11A2B3FBA9
:102FC000F9F3B2FBF9F2234402EBD27203EB620392
:102FD000AAE78845E6D0013358460593FDF79CF9EA
:102FE000059B0146DDE72DE9F04F00F13803E7B01E
:102FF000054618468A460093FDF7C8F9002849D1CE
:103000000AF1180602AC05F1140231462046FCF71D
:10301000B1F800283ED096E80F0006AF87E80F0011
:1030200094E80F0086E80F000EA8F2F701F90EAA47
:103030004FF4C0212846EEF767FF2EA8D9F70CFA07
:103040002EAA4FF4C0212846EEF7D7FC4FF4C0213A
:103050002846FFF720FC00EBD0704FEA60084FF4E1
:10306000C0212846FFF717FC00EBD0704FEA60093B
:103070000098FDF74EF9B9F1000318BF0123B8F12C
:10308000000F08BF00230446019334B906AB0FCBF1
:1030900086E80F0067B0BDE8F08F40220EA91EA899
:1030A000FEF775FA70222EA94AA8FEF770FAE368B7
:1030B000ADF8A4301B0C8DF8A630A37BA289ADF827
:1030C00049218DF84B31637DDF075CD5D4E90037AA
:1030D0006A69A96902EB030B0F44ABEB08010A9183
:1030E00008EB0B010C91A7EB09010B9109EB070110
:1030F0000D91217D88071AD011F0010F08BF5A46A3
:10310000CDE92527227D91074CBFEA695A46CDE9D2
:1031100027271EA90022504621924D92F2F7A2F8CD
:10312000019B23B10AAA4AA95046F2F739F9227D38
:1031300012F00C0F1BD0CDF894B0227D52074CBF7B
:10314000AA693A46CDE9262B237D1B0748BF2F6A83
:10315000289701231EA9504621934D93F2F782F838
:10316000019B23B10AAA4AA95046F2F719F9109B0C
:1031700001331093309B0133309321460098FDF7C3
:10318000CFF8044681E7A2686FF000439A42F4D07A
:103190000AAB21692846FFF761FEDDE90A3797E7A8
:1031A00038B591F8303013F001050C4603D1C86AE8
:1031B000DEF7F0F9E56238BD2DE9F04FCBB00546FA
:1031C000FCF74DFE04462846EFF710F85A2200217E
:1031D00004902046F0F795FB05902E90FBF717FA28
:1031E0002722002180462046F0F78BFB30222E90CC
:1031F000C7B200212046F0F784FB102205462E902E
:1032000000212046F0F77DFB012F2E9000EB050BEF
:1032100040F0B380132200212046F0F772FB0546F0
:103220002E90152200212046F0F76BFB12222E90E3
:103230004FF4003106462046F0F763FB13222E9030
:103240004FF4003182462046F0F75BFB10222E90AF
:103250004FF4003181462046F0F753FB11220690CF
:103260002E904FF400312046F0F74BFB68222E9051
:1032700009904FF400312046F0F743FB69224FF4E8
:10328000003107902E902046F0F73BFB08902E90DF
:103290002EA8D9F7E1F82EAA4FF400312046EEF718
:1032A000ACFB012F099B70D1E269521B0E92A2EB7D
:1032B0000802A2EB0A02A2EB090201320C92A169F8
:1032C0000698594401EB080202440C980D911A44E7
:1032D000CDE910010E99013ACDE912120F9210A812
:1032E000DDE90712FBF72CFF049810AA2EA9F2F7CC
:1032F00057F85C2200212046F0F703FB5B22814651
:10330000189000212046F0F7FCFA00256FF060428B
:10331000CDE901251890CDF800900346059AE16AA1
:103320000AA8FDF70BFF18A8D8F7F4FC18AA29463D
:103330002046EEF727FDE36A1F930CA8FCF76CFA12
:10334000A0EB080000EBD070012F0A9A4FEA600052
:1033500024D10C9B9B1B16939B1A1493A3690B9A65
:103360005B44034415930498134418A914AA1793B3
:10337000F1F733FF4BB0BDE8F08F12220021204659
:10338000F0F7BFFA2E9005444BE7626915440C959F
:10339000454455444D44013D0E9590E70E9B1E4417
:1033A000324414961692D9E7CB6A0022DA6270474B
:1033B000C06A10B10021F0F7F6BE7047F7B50446B9
:1033C0000F46FFF7F5FF064618B3EFF73CF9054641
:1033D0002046EFF74BF985421BDD5A22002130468B
:1033E000F0F78FFA0190FBF712F95C2205460021F5
:1033F0003046F0F786FA216C019005443A46E06ABF
:103400006943D6F775F9E06A03B0BDE8F040EFF71D
:10341000F2BA03B0F0BD10B50C4620464FF48061FF
:10342000EDF796FF20460421EDF792FF20464FF47A
:103430000031EEF7D7F920460121EEF7D3F9204607
:10344000BDE81040E3F716BCC86A38B50C4618B1A1
:10345000F0F708FF0023E36294F84C3013F01005F6
:1034600003D1A06BDEF796F8A56338BD2DE9F047D0
:1034700014464FF6FF729442A2B006460F4661D042
:10348000C56AB5F8288098451FBF2B8595F82A3066
:1034900043F0080385F82A300CA8D8F73BFC0CAAA7
:1034A0004FF480212846EEF76DFC5C224FF480211A
:1034B0002846F0F726FA08901B903046FFF778FF71
:1034C000064600283ED01598FBF7A1F81B99B36972
:1034D0000A1804FB023201EBD173A2EB63020192E2
:1034E00002440A446B690093013A07F118040DF194
:1034F000100AEB69039221466A4650460293FBF795
:1035000039FEB8B194E80F000DF1200989E80F00E9
:103510009AE80F0084E80F00304600F0C8FE06F17C
:10352000140213900CA93846F1F757FE99E80F00E2
:1035300084E80F0095F82A30A5F828806FF3C303BC
:1035400085F82A3022B0BDE8F0872DE9F047924691
:103550004FF6FF729245A0B005460E4649D0C46AA8
:10356000278D9F421FBF238594F82A3043F008031C
:1035700084F82A305A224FF480212046F0F7C1F90E
:103580004FF480215C22814604902046F0F7B9F97F
:10359000804604904846FBF73AF881462846FFF7F4
:1035A00007FF826909EB08030AFB032208EBD873C3
:1035B000A2EB630201924A44EB6A4244013A03924D
:1035C00004A85A69DB6902930092D8F745FF04AA60
:1035D0004FF480212046EEF710FA6A4604A93046DF
:1035E000F1F7DEFE94F82A3027856FF3C30384F8E1
:1035F0002A3020B0BDE8F087F7B506460D46FFF744
:10360000D7FE0446C8B183695A220021ED1AF0F7AB
:1036100078F90190FAF7FBFF5C220746002120466B
:10362000F0F76FF900EBD07305EB6305F36B07441C
:1036300095FBF7F0834200D8581E03B0F0BDF8B5F3
:1036400000230D460446C3630139E26B11F8013FC4
:1036500001323BBBC4E90F2363642846FEF7D5F86B
:10366000471CA06B38B194F84C3013F0100602D10F
:10367000DDF790FFA6633846DDF772FFA063A8B1BF
:103680002946FEF7D9F894F84C306FF3041320461E
:1036900084F84C30EFF7AFF9E06A38B1BDE8F84094
:1036A000EFF7A9B90A2B08BFE263CEE7F8BD38B53A
:1036B00000230D460446C3630139E26B11F8013F54
:1036C0000132D3B9C4E90F23636494F84C30DB06AC
:1036D00003D4A06B08B1DDF75DFF94F84C30A5630F
:1036E00043F01003204684F84C30EFF784F9E06A89
:1036F00038B1BDE83840EFF77EB90A2B08BFE26366
:10370000DBE738BD10B5036C8B42044610D0C36BA9
:103710008B4298BF03F1FF31C36AC0E9101113B1A6
:103720000021FFF74BFE2046BDE81040EFF763B9DC
:1037300010BD006C7047F8B50446806B0D46164608
:1037400060B1FEF762F800231946814202D0626C34
:103750009A4205D1002306F1FF3C0AE00870F8BD4B
:10376000A26B525C0A2A08BF01330131EDE7EA542B
:103770000133CA18824207D2A76BBA5C0A2A03D067
:10378000002EF4D09C45F2D80022EA54E7E72DE958
:10379000F04FDFB00546FCF762FB04462846EEF723
:1037A00025FD3022002183462046F0F7AAF8122298
:1037B00005463E9000212046F0F7A3F81322431956
:1037C00000213E9020460593F0F79BF83E9000EBD9
:1037D00005090DA8D8F79EFA0DAA4FF4003120462E
:1037E000EEF7D0FA276B2FB980223EA92046FFF7CB
:1037F000A2FF3EAF27220021204694F84C60F0F74C
:1038000080F8C5B2012D239004D006F00F06731E78
:103810005D425D41606B002833D0F1F71DFB02284B
:1038200080466BD19DF8833002936FF06043019323
:103830001C9B0093169A1D9B616B23A8FDF77EFCD1
:10384000DDE923A6A3690A933344013B20460C9388
:1038500050F8143F09935344013B0B93002D5BD068
:1038600000230093059B072209A9FBF72FFEB8F15F
:10387000020F56D1636B149309AA0DA95846F1F7AC
:10388000ACFC23A8D8F746FA23AA00212046EEF77D
:1038900079FA9DF8DB3002936FF060430193329B1D
:1038A0002C9A009307A8339B3946FDF747FC6369C0
:1038B000079A09931344013B0B93A369089A0A934F
:1038C0001344013B0C93636B04F11400002B4BD1A8
:1038D0000093092209A9FBF7F9FD2A97236B2BB95D
:1038E0009DF8DC3043F040038DF8DC3009AA23A9B1
:1038F0005846F1F772FC5FB0BDE8F08F606B23A90A
:10390000F1F7A5FF012813BF4FF0FF36BDF890A0D7
:10391000BDF89260B24695E70095C9F10003082210
:10392000A2E723A8D8F768F906EBD67623AA2046A3
:103930004FF400310AEBDA7AEEF789FA72104FEAA7
:103940006A0133A8FBF777FF6E224FF4003120465F
:10395000EFF7D7FF07902E90636B2A9309AA23A94C
:103960005846F1F744FB8CE72DB100230093082261
:10397000C9F10003AEE7059B00950722AAE72DE9F0
:10398000FF4104460121EDF723FD2046E56AF0F7EB
:10399000FFFB01462846F0F79AFCE06A4FF0FF3142
:1039A000F0F706FDE06A0121EDF7D2FC00222621A6
:1039B0002046D4F70FFE2046FFF7FAFCA16B06461F
:1039C00000F0D4FC6FF04041E06AEEF78EFD304627
:1039D000D5F7A2FAE06AEEF733FE05462046EEF789
:1039E0002FFE854210DC94F84C204FF4887302F0CF
:1039F0000F02D340DB0707D52046E56AEEF720FE2D
:103A000001462846EEF771FD3046EEF71CFE3022E7
:103A100005460021E06AEFF774FF1022804603900C
:103A20000021E06AEFF76DFF112200EB0807039019
:103A30000021E06AEFF765FF3D4400EB08031D44F9
:103A400094F84C30039003F00F07082F68D1236AD5
:103A500005EB0308D7F770FAD7F78EFA804565DDD6
:103A6000D4F81880D7F768FAD7F786FA236AC01A0D
:103A700080454DDDA3690427013BAB42A8BF2B461F
:103A80001946E06AEEF748FD00212046FFF796FC54
:103A9000082F5FD100230093E06A0D222146D5F75D
:103AA00059FAE06AD5F738FA94F84C3003F00F036E
:103AB000013B012B19D8E06AEEF79CFD0746E06A4E
:103AC000EEF7ABFD0546D7F737FAD7F755FAA84218
:103AD0000BDCD4F82C80D7F72FFAD7F74DFA2D1A34
:103AE000791B01394046EEF7DEFCA26B002130461F
:103AF000F0F75BF80023022801461A4602D003289B
:103B000018BF0121304604B0BDE8F041EEF748BDD2
:103B1000D7F712FAD7F730FA236AC31A013BACE79A
:103B2000042F03D1D4F81880A84501DB2B46A4E765
:103B3000D7F702FAD7F720FA236AC01A804507DAC6
:103B4000D7F7FAF9D7F718FA236A0827C31A94E7C0
:103B5000A36992E7042FE06A04D1002300930A22AC
:103B600021469CE7012F03D1002300931022F7E7A1
:103B7000022F96D1002300931322F1E710B5012103
:103B80000446EDF72FFC4FF6FF73E06AA3640121B2
:103B9000EDF728FE20460022BDE810402721D4F78B
:103BA00019BD08B50121C06AEDF72AFC80F00100BB
:103BB000C0B208BD37B50446DAF7F2FD0546FAF79C
:103BC00065FD50BB2046FFF7ECFF00B32046FFF732
:103BD000D5FFD4E910329A420BD0636401AA2321A5
:103BE00020460193D4F7F6FC01281ED12046EEF7BB
:103BF00002FF2846FAF723FD042816D12046EDF7E8
:103C00000DFC002103B0BDE83040EDF7B5B820460B
:103C100003B0BDE83040FFF7B2BE636C23642046BA
:103C200003B0BDE83040EEF7E6BE03B030BD91F81A
:103C3000583003F00303013B012B10B50C460AD8A2
:103C4000C86ADDF7A7FC0023E36294F8583043F01C
:103C5000030384F8583010BD38B504460D46C16BD7
:103C6000006DFBF7F7FD2860216C606DFBF7F2FD3E
:103C7000686038BD2DE9F04304468BB09046894614
:103C8000D5F74AF92046EEF7DBFC05462046EEF76D
:103C9000DAFC04AF064639462046FFF7DDFF0297FF
:103CA000B4F84C300193B4F848300093636C32465A
:103CB000294606A8F1F7DDF86269069B511E0B4400
:103CC0000693A3690799581E014407910899013288
:103CD0001144099A089101331A4406A92046099211
:103CE000EEF75EFEC4E912982046D6F763F900218C
:103CF0008046D7F7D1F92046EEF729FA4046012150
:103D0000D7F7CAF90297B4F84C300193B4F84830A9
:103D10000093636C3246294606A8F1F7AAF8626957
:103D2000069B511E0B440693A3690799581E014434
:103D30000791089901321144099A089101331A44F4
:103D400006A920460992EEF72BFE0BB0BDE8F083E2
:103D50002DE9F04190F8593003F00F030A2B8AB097
:103D600004460D466DD8B5F5616F64DA002D65DB4C
:103D7000636CAB425CD02046D5F7CEF82046EEF718
:103D80005FFC06462046EEF75EFC04AF80463946EF
:103D90002046FFF761FF0297B4F84C300193B4F866
:103DA00048300093636C4246314606A8F1F761F84B
:103DB0006169069BA2690B440693079B1344079312
:103DC000089B0B440893099B06A9134420460993BA
:103DD000EEF7E6FD65642046D6F7ECF800210546CF
:103DE000D7F75AF92046EEF7B2F901212846D7F75E
:103DF00053F90297B4F84C300193B4F8483000936B
:103E0000636C4246314606A8F1F733F86169069BB8
:103E1000A2690B440693079B13440793089B0B442A
:103E20000893099B06A9134420460993EEF7B8FDB1
:103E30000AB0BDE8F081A5F5616594E705F5616517
:103E400094E7002594E72DE9F04190F8593003F00C
:103E50000F030A2B1546036D88BF00250E4688BF49
:103E60002E46B3428AB0044602D1436DAB4266D0BF
:103E70002046D5F751F82046EEF7E2FB07462046EC
:103E8000EEF7E1FB04A980462046FFF7E5FE04AB10
:103E90000293B4F84C300193B4F848300093636C4B
:103EA0004246394606A8F0F7E4FF6169069BA2691D
:103EB0000B440693079B13440793089B0B440893FA
:103EC000099B06A9134420460993EEF769FD2A468B
:103ED000314604F15000FBF7AEFC2046D6F76AF8F5
:103EE00000210546D7F7D8F82046EEF730F9012132
:103EF0002846D7F7D1F804A92046FFF7ADFE04AB5A
:103F00000293B4F84C300193B4F848300093636CDA
:103F10004246394606A8F0F7ACFF6169069BA269E4
:103F20000B440693079B13440793089B0B44089389
:103F3000099B06A9134420460993EEF731FD0AB008
:103F4000BDE8F08138B590F8593003F00F030B2B22
:103F500004461FD10021FFF7FBFE00221146204638
:103F6000FFF771FFE36B1BB3236C0BB32046EEF737
:103F700067FB05022046E36B95FBF3F5EEF763FB69
:103F80002946226C000290FBF2F22046BDE8384040
:103F9000FFF770BE0C2B0BD10021FFF7D9FE0022DA
:103FA00011462046FFF74FFF4FF480721146ECE7B1
:103FB00038BD2DE9F0410E468AB00446EEF71BFDF0
:103FC0003046F0F749FF0328054614D194F85830DD
:103FD00003F00303013B012B02D8E06ADDF7DAFAB4
:103FE0000023E36294F8583043F0030384F8583018
:103FF0000AB0BDE8F08107A93046F1F728FC012896
:10400000F6D1B5BB94F8583003F00303013B012B04
:1040100002D8E06ADDF7BEFAE662BDF820309DF80E
:104020001D00E363BDF822302364800094F858300B
:1040300000F07C0005F0030523F07F0328431843BC
:1040400084F858002046EEF744FB2046FFF77AFF3D
:10405000636C3BB9A36CB3F5807F03D1E36CB3F51C
:10406000807F02D02046EEF772F82046EEF7C3FCC0
:10407000BEE76B1EDBB2012BCFD8E76AB7420CD08C
:1040800094F8583003F00303013B012B30462DD93F
:10409000FDF7E5FB0028ABD0E062022DBDD15A222E
:1040A00000212046EFF72DFC5B22074605900021FA
:1040B0002046EFF726FC5C22804605900021204632
:1040C000EFF71FFC6FF060430022CDE9013205904D
:1040D000009043463A46314605A8FDF72FF8059B68
:1040E000ADF82030069BADF8223096E7FDF7B7FB20
:1040F00000283FF47DAFE062002FCED03846DDF7D8
:1041000049FACAE78165EEF776BC4165EEF773BC04
:1041100091F85C30DB0610B50C4602D4C86ADDF7B6
:1041200039FA0023E36210BDF7B50C46022C0546B0
:10413000194610460A9E9DF82C70DDE9082312D11D
:104140000097FDF757F804463046FBF760FB04EB99
:10415000D4742B6800EBD0706410C4EB600423446B
:104160002B6003B0F0BD032CFBD10097FDF742F8A4
:1041700004463046FBF74BFB2B68001B0344EFE77C
:10418000022A02D0032A0ED07047436B002BDCBFFB
:104190004B6B43634B6C43640B6C03640B690361AF
:1041A0008B6B83637047436B002BDCBF4B6B4363AC
:1041B0004B6C43640B6C03640B6903617047436B86
:1041C000013330B500D130BD00F12F04002314F8C5
:1041D000011F31B1C26A456B1A440133042B51559A
:1041E000F5D14FF0FF334363EDE74B1C70B5054647
:1041F0000C4614D0C16A042221443030FDF707FB7D
:104200002E266C630023E96A1A19885C18B1013301
:10421000032B8E54F7D1EA6A134400221A5570BD5D
:1042200007B55C220021EFF76CFB03B05DF804FBDF
:1042300007B55B220021EFF764FB03B05DF804FBD8
:1042400007B55A220021EFF75CFB03B05DF804FBD1
:1042500037B590F85C30C3F340145A064FEAC404F3
:104260004FF001024FF0000148BF44F00104054641
:10427000EFF747FB6FF04043984201900ED10522C3
:1042800000212846EFF73DFB6FF06043984205D1CF
:1042900095F82B301B0758BF44F00204204603B0AA
:1042A00030BD4164EEF7A7BB8164EEF7A4BBC06AE2
:1042B0007047F8B504460D4601B9C56A2046FFF7B8
:1042C0007EFF2846FDF7A1FA461CE06AA8420AD103
:1042D00094F85C30DB060FD431462846DDF764F9EC
:1042E000E062C0B9F8BD38B194F85C3013F0100743
:1042F00002D1DDF74FF9E7623046DDF731F9E062D0
:104300000028EFD02946FDF797FA94F85C306FF358
:10431000041384F85C302046BDE8F840E2F73EBE66
:104320000EB477B5079E0446EEF765FB3EB920460E
:10433000E2F734FE03B0BDE8704003B07047E06AB6
:1043400038B194F85C3013F0100502D1DDF722F992
:10435000E56208A930460191FCF79BFE94F85C30B9
:10436000E0626FF3041384F85C30E0E770B590F816
:104370005C3013F0100604460D4604D1C06A10B13B
:10438000DDF708F9E66235B194F85C30E56243F098
:10439000100384F85C302046BDE87040E2F7FEBDB3
:1043A0002DE9F04F044693B08B460EA9EEF76EF957
:1043B000E36A04930EA8FBF72AFA07900EA8FBF70E
:1043C0002BFA08902046FFF73BFF82462046FFF776
:1043D00027FF07462046FFF72BFF81465046FAF796
:1043E00016F980462046FFF733FF07EB0803054622
:1043F00009930027049B3B440593049BDB5D002B42
:1044000038D13E46E26A00212046EFF7CEFB022873
:1044100056D14B465246F11B05980095FCF7EAFE33
:1044200004460EA8FBF7F3F904EBD47400EBD0704C
:104430006410C4EB60040023CDE90B738DF82B30BE
:104440000D93002E72D1B046DDE90C125046FAF7FA
:10445000ABF8DBF80020A8EB09039A426BDB00EB1A
:104460000903013343449A42CCBF0020012013B01A
:10447000BDE8F08F099B43440693069A089B93423C
:1044800008DA94F85C3003F00F03012B04BF45F009
:104490000405EDB200230193079B00930598029554
:1044A0004B4652464FF0FF31DCF7BEFBDBF80430E1
:1044B000434507EB0006A5DDDDF81880374699E790
:1044C00003280CD14B465246F11B05980095FCF78A
:1044D00091FE04460EA8FBF79AF9041BABE70024F3
:1044E000A9E70B9B049A0DF12B00D15CFCF776FD3C
:1044F00050B10B9B9E42A7D304980BAB0DAA0CA9FD
:10450000FCF7DFFD002DECD1DDE90C125046FAF787
:104510004BF8DBF800302044834202DA0B97A046C8
:1045200092E7A0460B9F09EB0004E2E79846013EA4
:1045300005F00805DDE7002099E7406C7047806CC6
:10454000704790F85C00C0F34010704710B5084603
:104550000C46FDF70CFAC0F3072384F82C0084F80E
:104560002D30C0F30740FF2384F82E0084F82F304D
:1045700010BD00F0C043B3F1005F17D120F0C0437D
:104580006FF06042934211D0B3F1805FA2BFC3F1DC
:104590007F6303F57F2303F6FF734B43642093FB94
:1045A000F0F08842A8BF084620EAE0707047002378
:1045B000C1E90B3391F8343023F00303084681F846
:1045C00034300221ECF7C4BE01F15C00FBF7EABE17
:1045D00010B50C4620460121FAF71DF920460221AC
:1045E000BDE81040ECF7B4BE10B50C4620460021E3
:1045F000FAF711F90223204600211A46FAF717F9B3
:1046000020460221BDE81040ECF7A2BE10B5FBF732
:1046100030FC436B04464BB1006C38B1D96A99B198
:10462000FFF747FE206C0121ECF792FEA36CA3B1CB
:10463000606D90B1D96A59B1FFF73BFE606D012101
:10464000BDE81040ECF784BE0121EDF7CBF8EDE7B3
:10465000BDE810400121EDF7C5B810BD91F830302C
:1046600010B50C461BB9C86A08B1DCF793FF0023EC
:10467000E36284F8303010BD10B508460C46EFF701
:104680008FFDC16A2046EFF722FE20460121FAF78E
:10469000C2F80223204600211A46FAF7C8F820463D
:1046A0004FF48041BDE81040EDF79CB810B50446CA
:1046B000806B78B3636B6BB394F86A10C1F34201FB
:1046C000012906D002291ED051B9EFF771FE012150
:1046D00003E00021EFF76CFE0021606BFAF7BFF8F2
:1046E000A06BD4F755F9606BD4F752F9A06BD4F7EF
:1046F00013FCA06BEDF7BAFF012130B9A06BBDE848
:104700001040EDF76FB80121DFE7A06BBDE8104066
:10471000ECF71EBE10BD036D8B4209D0C36B8B42FC
:1047200008D190F8690001288CBF00200120704753
:10473000012070470020704710B504465C30FBF73D
:1047400031FE002384F8683010BD38B50446406B54
:104750000D4610B1E16AEFF7BAFD002D3DD004F12E
:104760005C00FBF733FD056094F86830216B013382
:1047700084F868302846EFF7AAFDA06D656320B184
:10478000A36C01216BB3ECF723FEA36C9BB394F8ED
:104790006A30D9070AD5DA06206D4FF0010123D51A
:1047A000ECF7D6FD206D0221EDF71CF894F8683087
:1047B000E06B012B4FF0010128D9ECF7C9FDE06B4C
:1047C0000221EDF70FF8204600222321D3F702FF44
:1047D0002046BDE83840FFF769BF2046FFF7ACFF31
:1047E000CBE7ECF7FFFDD0E7ECF7FCFF206D0221F3
:1047F000ECF7AEFDDAE794F86830E06B012B4FF090
:104800000101DAD894F86A30DB06D6D4ECF7EAFF77
:10481000E06B0221ECF79CFDD5E7F8B50446FBF709
:1048200022FB0A2840D12046FBF719FB054620460B
:10483000FBF71FFBC36B9D42044602D0036D9D42F4
:1048400032D194F8683084F8693029462046FFF761
:1048500062FF48BB04F15C073846FBF757FD014691
:1048600006463846FBF758FD0546E8B1314638465E
:10487000FBF70CFD3046DCF78DFE94F86830013B09
:1048800084F8683029463846FBF700FD94F8683014
:10489000013B84F8683020462968FFF756FF284618
:1048A000BDE8F840DCF776BEF8BDEDF7FCBD07B516
:1048B0005A22EFF726F803B05DF804FB0021EFF76A
:1048C00072BC07B55C220021EFF71BF803B05DF85E
:1048D00004FBF0B50E4685B000210546FFF7E7FF63
:1048E0004FF4802104462846FFF7E1FF07462046A3
:1048F000F9F78DFE04463846F9F789FE0746284643
:10490000FFF7DFFFE31903EBD37300EB63072846E0
:10491000AC69EDF798FE00EBD07004EB600307EB99
:10492000D772A3EB620373603B44F3606946284689
:10493000EDF744FE009B3360029BB36005B0F0BD11
:10494000F8B590F83C3003F00303012B044634D152
:10495000826B036BC16AB1FBF2F152084A43B3FBAD
:10496000F1F501FB153313440363B3FBF1F501FBD0
:104970001533134443630021FFF799FF0546204692
:10498000FFF79FFF06462846F9F741FE07462046F7
:10499000EDF76CFE05462046FFF790FF07EBD77357
:1049A000216B05EBD5755B10C3EB65033E4401FB42
:1049B0001631BDE8F840EDF776BDF8BD08B50068E2
:1049C000EFF7EEFBBDE80840FFF7BABF2DE9F04F67
:1049D000B5B00546FBF747FA06462846FBF73FFA0F
:1049E0001D2E044618D12846EDF700FC14A90546F3
:1049F0002046FFF76EFF18A8D7F72EFD18AA4FF430
:104A000080212046ECF7F9FF14AA18A92846F0F7F0
:104A1000C7FC35B0BDE8F08F202EFAD12846EDF75F
:104A2000E5FB814618A8D7F775F918AA4FF480213D
:104A30002046EDF7A7F909F1180508A920460DF160
:104A40003008FFF746FF08AA29464046FAF792FBCE
:104A50000028DED02046FFF731FF0746FFF771FD43
:104A600028B19DF8AF3043F008038DF8AF303846D9
:104A7000FFF71DFC05902046DDE9276BDDF884A0DB
:104A8000EDF7DEFD01225B46CDE9010205990096B6
:104A9000524606A8FCF752FB2046EDF7D4FD002154
:104AA00006462046FFF703FFC368BA6903EBD373DA
:104AB00002EB6302A36906EBD676834603EB66033B
:104AC00038464FEA660AD61AEDF7BDFDDBF80C3022
:104AD000A269C01A219B9244DB68079A0028C8BFCC
:104AE000B603A2EB0302C8BF96FBF0F6724303EBDA
:104AF000D3730AEBA236002130222046A6EB6306D0
:104B0000EEF7FFFE12228346149000212046EEF7B6
:104B1000F8FE13228246149000212046EEF7F1FEA3
:104B2000149063699A440AEB0B03CDE91036E369EC
:104B3000181A079B334413939DF8AF3043F00103D9
:104B40008DF8AF30A0EB0B00129095E80F0014AC7D
:104B500084E80F0098E80F0085E80F003846FFF75B
:104B6000A6FB10AA1F9018A94846F0F736FB94E858
:104B70000F0085E80F004CE72DE9F0434FF48079F2
:104B800085B004460E464D460027CCB9002D08BF1F
:104B9000012502ABB9F1000F08BF4FF001090093E6
:104BA0004FF48032019492FBF9F37942304692FB44
:104BB000F5F2CDE90244FAF71CFE05B0BDE8F0833A
:104BC0006E2200212046EEF79CFE029038446C22B3
:104BD000002107B22046EEF794FE6D228046029037
:104BE00000212046EEF78DFEB8F1010FB8BF4FF05F
:104BF000010801280290B8BF012009FB00F04FEA2C
:104C000020292046EFF7CCFA05FB08F84FEA2825C3
:104C10000446BAE770B586B00546FFF74FFE044676
:104C2000E8B14FF480212846FFF741FE5B224FF4A4
:104C3000802106462846EEF764FE0546049020468D
:104C4000FFF735FB00236FF06042CDE901230146F9
:104C5000009304A82B463246FCF770FA049806B07D
:104C600070BD2DE9F74F04460E461546FFF726FEA8
:104C70000023C4E90C330746E362721EE36A12F8AC
:104C8000018F0133B8F1000F13D1E36294F83C3087
:104C9000A5B965F3010384F83C3031463846FFF787
:104CA00008FB236B6363384603B0BDE8F04FEDF7B4
:104CB0004EBAB8F10A0F08BFE362DFE7012262F3E0
:104CC000010384F83C3041462046FFF7F0FDD4F85C
:104CD0002C90F9F79CFC5B22414605462046EEF7F6
:104CE00010FE054409FB05F54FF47A7393FBF5F3C9
:104CF0000F2BA8BF0F23032BB8BF0323DA0758BF1E
:104D00000133A3633046FCF780FDA56B00FB05551E
:104D1000012D38BF012500F101092846DCF720FCF0
:104D20004FF0000A8046A26B524500EB090B15D8E4
:104D30004544002305F8013C41463846FFF7B9FADF
:104D40004046DCF727FCA36BE16A5A084A434B4311
:104D50002263E3622046FFF7F3FDA2E73146FCF74A
:104D60006BFD0A230AF1010A0BF8013C5846DAE709
:104D7000F0B490F83C4004F00304012C0B461146BB
:104D8000C26A16D1846BB2FBF4F4A34211D2056B54
:104D9000B5FBF4F76743ED1BEE1A1FFA86FC36B23B
:104DA000002ECCBF66467642B6EB540F0AD81C469E
:104DB000E319934228BF02F1FF33F0BCC0E90C3382
:104DC000E3F796B89D428CBFE4181C1BF0E72DE971
:104DD000F04FB0F84870036CD0F844A085B0C7F32A
:104DE0000E0706460393002407F1FF3B00F12C0950
:104DF000BC4202D305B0BDE8F08FB36CCDF800A083
:104E0000C3F3CE335A46B4FBF3F5002103FB15453B
:104E10002046039BFBF7C2FBB5FA85F58046484662
:104E20006D09FBF776FA014608B90134E0E7CB6873
:104E300043451ADC0B69434517DB4B69FF2B01BF68
:104E400091F834304C6165F3000381F834308B699C
:104E5000FF2B07D191F834308C6165F3410381F861
:104E6000343002E04B69A342F4D14846FBF758FACC
:104E7000D9E707B51322EEF744FD03B05DF804FB54
:104E800007B51222EEF73DFD03B05DF804FB07B550
:104E90001022EEF736FD03B05DF804FB07B51122D2
:104EA000EEF72FFD03B05DF804FB2DE9F84F0F4638
:104EB000002104469046FFF7E3FF00210646204606
:104EC000FFF7D7FF002182462046FFF7E0FF0021D1
:104ED00005462046FFF7E2FF81462046EDF7B0FB8E
:104EE000A0EB060B2046EDF7AEFB401BA0EB090044
:104EF000ABEB0A0B8345204613DAEDF7A1FB831BCE
:104F0000A3EB0A03626903EBD3735B101A443244C8
:104F10003A60A2691A442A447A60C8F80030BDE8B1
:104F2000F88FEDF790FB431BA3EB0903EAE7F0B51D
:104F3000154687B000221C466FF06043CDE9013270
:104F4000CB6B009306460B6C4A6AC96904A8FCF750
:104F5000F5F896F83C30012B23D8049B2A6803EB24
:104F6000D3735B105B421A4422602A68D21AA26093
:104F700096F83C306D68012B4FF40031304607D174
:104F8000FFF78CFF059B054465602B44E36006E05A
:104F9000FFF77DFF059B2D1AE560ED1A656007B0F0
:104FA000F0BD082B28D025D8022B01D0042BF6D138
:104FB000059B6A6803EBD3735B105B421A44626023
:104FC0006A68D21AE26096F83C302F68022B25D12D
:104FD000049B4FF400313046FF1AFFF751FF3F1A90
:104FE00027604FF4003130462D68FFF749FF2D1A36
:104FF000A560D4E7102BD2D1049A286802EBD273B3
:10500000A0EB63002060059B696803EBD376A1EBFE
:10501000660102446160A2600B44B7E74FF40031BF
:105020003046FFF726FF074427602D68049B4FF4A6
:10503000003130461D44FFF71CFF0544D8E770B52A
:105040000C4601F12C06236B30461BB9BDE87040BD
:10505000FBF7A8B9FBF75AF9054601463046FBF7BE
:1050600015F92846DCF796FAEDE7F7B506460C4643
:105070001D461746002A39D06A4648213846FBF7B4
:10508000F7FC01281AD1009820636A464C21384663
:10509000FBF7EEFC012818D1009BA3851B0C84F8BC
:1050A0002E306A464D213846FBF7E2FC012816D126
:1050B0009DF8000084F83C0003B0F0BD482229466A
:1050C0003046EEF71EFC0190DEE74C2229463046C2
:1050D000EEF717FC0190C0F30743A085DFE74D22F0
:1050E00029463046EEF70DFCC0B2E3E719464C22E4
:1050F000EEF707FCC0F307430190A08584F82E303B
:105100004D2229463046EEF7FCFB4822019084F8F8
:105110003C0029463046EEF7F4FB2063CCE72DE94E
:10512000F04F0446ADB00846EDF760F8B4F84830EB
:10513000C3F30E03012B06460DD994F83C30022B25
:1051400000F0BF80082B0BD008D8012B40F2B980AB
:10515000042B00F0B6802DB0BDE8F08F102BFAD1F3
:105160000CA8EFF72AFC08AF0CAA00212046ECF7A8
:1051700032FF04AA39462046FFF797FED4E91423EC
:105180001A440092D4E910120846FBF707FAD4E952
:1051900014231A440092D4E9101205461046FBF776
:1051A000FDF9024697E8030017AB83E8030004F11A
:1051B0002C0B049BADF8643030460CA9CDE9155298
:1051C000EFF712FC5846FBF7A4F807460028C2D0B8
:1051D0001CA8EFF7F2FB0DF1280A1CAA00212046BB
:1051E000ECF7F9FE05AA51462046FFF75EFED4E92A
:1051F00014231A440092D4E91012F868FBF7CEF990
:10520000D4E914231A440092D4E910128146386973
:10521000FBF7C4F93D688046002D00F0528106AAD4
:1052200050212846FBF724FC012840F01F810698F6
:10523000249006AA52212846FBF71AFC012840F0C8
:105240001C81069BADF88C301B0C06AA5321284606
:105250008DF88E30FBF70CFC012840F019819DF889
:1052600018008DF8AC0006AA51212846FBF700FC77
:10527000012840F01581069800F001009DF8AD303E
:1052800006AA60F30003542128468DF8AD30FBF7E1
:10529000EFFB012840F00E8106982A909AE803005F
:1052A00027AB83E80300059BADF8A4301CA930466A
:1052B000CDE92598EFF798FB39465846FBF730F8CB
:1052C00083E70CA8EFF7B4FF0CAA00212046ECF707
:1052D0001BFE302200212046EEF713FB0021804602
:1052E0001C902046FFF7D3FD002100EB0805204667
:1052F000FFF7D4FD002100EB08072046FFF7C0FDB3
:10530000002181462046FFF7B4FD94F83C30022B83
:10531000D4E9171200EB080C6BD11898E36900EB85
:10532000D07003EB6003A3EB0C03013BA06908936F
:105330000A93236A0544DB1B01EBD17102EBD272A5
:10534000A5EB610503EB620309950B9302AD08A978
:105350002846FAF76BFA95E8030013AB83E80300DD
:105360000AA92846FAF762FA95E8030015AB83E824
:10537000030004F12C0930460CA9EFF773FF4846EF
:10538000FAF7C7FF054600283FF4E5AE1CA8EFF783
:105390004FFF1CAA00212046ECF7B6FD2B6AEF69EF
:1053A00003EBD37894F83C3007EBD777022B4FEA26
:1053B00067074FEA680801D0042B4FD1AB6ADDF8CC
:1053C00020A01F442B6BA3EB080BD0462A680023B8
:1053D0001CA92046FFF749FE1CA93046CDE923A7AA
:1053E000CDE9258BEFF73EFF29464846FAF798FFAF
:1053F000C8E7042B09EB080007D1189B03EBD37C0B
:10540000636903EB6C0303448FE7012B11D0D3B125
:1054100000239C46E56909932D1A01EBD17102EB3B
:10542000D272ACEB610105EB62050B9308910A9512
:105430008CE76369189F9C44A36907EBD77703EB5C
:1054400067032B44E6E76369189D00EB030C236AAE
:1054500005EBD57503EB6503DB1BDBE76B6AA3EBA1
:10546000070A099FEB6ABB469844AFE75022002128
:105470002046EEF746FA0790DAE65222002120464F
:10548000EEF73FFA0790C0F30743ADF88C00DCE677
:10549000532200212046EEF734FA0790C0B2E0E62E
:1054A000512200212046EEF72CFA0790003818BF51
:1054B0000120E3E6542200212046EEF722FA07906D
:1054C000EBE6522229462046EEF71BFA5322C0F3A0
:1054D00007430790ADF88C00294620468DF88E30A2
:1054E000EEF70FFA502207908DF8AC0029462046BF
:1054F000EEF707FA51220790249029462046EEF74E
:1055000000FA9DF8AD300790003818BF012060F315
:1055100000038DF8AD3054222946CDE72DE9F04F38
:10552000A1B0044610A80E4693469946EFF780FEB8
:1055300010AA00212046ECF7E7FC0322BBF1000F84
:105540001DD04FF400312046EEF7DBF90D220C9010
:1055500082464FF400312046EEF7D3F900250C9037
:10556000804694F83C30022B77D0082B1AD017D8FD
:10557000012B72D9042B70D021B0BDE8F08F4FF40D
:10558000A0212046EEF7BDF90D220C9005464FF400
:10559000A0212046EEF7B5F9DA460C908046E0E708
:1055A000102BE9D10CA92046EDF770F80CA8FAF7FA
:1055B0002EF907460CA8FAF72FF900EBD07043102C
:1055C00007EBD777B3EB670F0CA840F30F81FAF71F
:1055D0001EF9236D0C9A0D995E43B4F8483000EB28
:1055E000D0704710C3F30E030A204643013BB6FBBD
:1055F000F3F6636D00FB03661C9B39443A44FF1AC3
:1056000094F83C300A92BBF1000F18BF55463A445B
:10561000082B0CBF7D1BED19424400270AAC4FF448
:105620008073C9E900210B911A463146484601971B
:105630000094FAF7DEF80A9B2A9A2A981D442A9BBE
:1056400045441D600B9B53604FF48073CDE90047C8
:105650001A463146FAF7CDF88EE73022002120466F
:10566000EEF74FF9002107460C902046FFF70FFC9C
:105670000021C31920460393FFF710FC0021C31932
:1056800020460493FFF7F5FB0021C319204605933C
:10569000FFF7F6FB4FF4A02100EB07082046FFF7C9
:1056A000E8FB4FF4A02108902046FFF7E9FB4FF4F8
:1056B000A02106902046FFF7EAFB4FF4A0210790B7
:1056C0002046FFF7EBFB94F83C10099002291C9848
:1056D00038D1E769059B079A00EBD07007EB6007AC
:1056E000FF1A039B9A18A3691344BBF1000F18BF5C
:1056F0005546B4F848A00229CAF30E0A0AF1FF3A47
:1057000039D1564516D0049B099A9A18236A9B1AD8
:1057100086B120460593ECF796FFDDE903231A4492
:10572000079B1A44099B1A44059B801A704390FBFF
:10573000FAF01B1A013F2A9AC9E900737F1B176010
:10574000536019E700EBD070042967694FEA6000E5
:1057500023D1039B079A9A18A3690744474413442B
:10576000B4F84820BBF1000F2BD0CAF10005C2F3FA
:105770000E0A0AF1FF3A0429C3D0564523D1069AEE
:10578000E7699044A7EB0807C9E900732A9B2A9AA6
:105790001F60D9F804302B44D2E7012907D1089AB9
:1057A000059B13441F44A369039A03449CE7069B8B
:1057B000226A43441F448318049A9B1A0029CFD0BD
:1057C00093E76D42D3E7002EDED020460393ECF73B
:1057D00037FF059A089B42441A44069B1A44801AD4
:1057E0007043039B90FBFAF00744CDE7FAF714F8F7
:1057F000EFE62DE9F04FB0F84890C9F30E09B9F182
:10580000010FA9B0044640F2918090F83C30102B73
:1058100000F08C80082B00F0898008A8EFF708FDC5
:1058200008AA4FF400312046ECF76EFB18A8EFF7FA
:10583000FFFC18AA4FF4A0212046ECF765FB09F104
:10584000FF3300260393A36C039AC3F3CE33B6FB56
:10585000F3F703FB1767636C0093236C002130465A
:10586000FAF79CFE04F12C0AB7FA87F580465046F9
:105870006D09FAF74EFD834680B1DBF80C304345E5
:1058800030DCDBF8103043452CDB2FBBDBF8042089
:105890004FF4003308A92046FFF7E7FB06AB00935F
:1058A0002A4604AB31462046FFF738FEB4F84820BC
:1058B000149B2499C2F30E022FB3B2422CD10B4693
:1058C00094F83C20082A27D0102A25D0022A01D09B
:1058D000042A32D1E3651FE0DBF808204FF4A0234F
:1058E00018A9D8E708AA20464FF40031ECF70CFBC2
:1058F000204618AA4FF4A021ECF706FB5946504663
:10590000FAF70EFDB7E7B242DAD02EB994F83C2090
:10591000082A01D0102A0CD15046FAF7FAFC5FFA97
:1059200086FB05465DB90136B1458CD829B0BDE886
:10593000F08F022A01D0042ACCD12366ECE7EB6871
:1059400098450BDB2B69984508DC002F3ED16A682F
:105950004FF4003308A92046FFF787FB6B699B458E
:1059600015D195F83430DDE90401DB074CBF149BF9
:10597000249B05F1240282E80300D80706D594F899
:105980003C20022A01D0042A25D10133EB61AB6906
:105990009B4515D195F83430990704A903C94CBF2C
:1059A000149B249B05F12C0282E80300DA0706D53C
:1059B00094F83C20022A01D0042A0ED1013B2B622C
:1059C00029465046FAF7ACFC0546ABE7AA684FF407
:1059D000A02318A9BFE7013BD8E70133EFE738B5AB
:1059E00091F8A0300C4623F00303002581F8A03085
:1059F000C1F89C5020464FF48071EBF7A9FC1021B0
:105A00002046EBF7A5FC4FF480612046EBF7EAFE59
:105A10002846D5F7C1FA1D280CDD2846D5F7BCFA73
:105A2000142300F10A0191FBF3F12046BDE8384050
:105A3000EDF78CB80121F8E738B590F8703013F025
:105A4000380305460AD1ECF7FBFD04462846ECF77F
:105A5000FAFD8442B4BF0020012038BD083B584203
:105A60005841FAE72DE9F3470C4605465110002B43
:105A70004CD023685B1A23601344013BA360836905
:105A80006360036AE36012224FF440312846EDF769
:105A900038FF1322019007464FF440312846EDF7B6
:105AA00030FF1022824601904FF440312846EDF736
:105AB00028FF1122019080464FF440312846EDF72F
:105AC00020FF6822814601904FF440312846EDF7CF
:105AD00018FF6922064601904FF440312846EDF741
:105AE00010FF22683744D21B2260A2685644324419
:105AF000A26062688044A2EB080203466260E2682A
:105B00004B441A44E26002B0BDE8F08763685B1A58
:105B100063601344013BE36043692360C369A3608E
:105B2000B1E708B5FCF720FB012803D0831E5842DB
:105B30005841400008BD2DE9F04F87B00F4604469C
:105B4000D8F72EFE0646F8F77AFD012840F0A3802C
:105B50003046F8F79BFD002840F09D8002A93046B2
:105B6000F8F777FD032202A92046ECF73BFE20461A
:105B7000FFF762FF05468FB194F8A030DB070DD424
:105B8000002800F08B80D4F89420029B9B1A002BF5
:105B900096F82420B8BF5B4293427CDBD4F89C800B
:105BA00004F13806B8F1000F0ED12046FFF7B9FF17
:105BB00094F8A030012843F0010384F8A03071D894
:105BC00004F12C03C4F89C30D4E90C3727220021BF
:105BD0002046FF1AEDF795FE5FFA80F80490204604
:105BE000FFF72AFFB8F1010F94F84C900CBF8046E4
:105BF0004FF00008002D00F0DB801222002120462B
:105C0000EDF77FFE00218246132204902046EDF737
:105C100078FE834604902046ECF712FDC14514BF80
:105C2000E1696169029BA0EB0A0214BFA1EB0B01C1
:105C30008A44A2EB0B0214BFCB1AA3EB0A0342B1B6
:105C400002EBD271491007FB031393FBF2F2236BB3
:105C50001344D4F89C20D4E90C10B2420CBFE06A83
:105C6000A16B8342A8BF03468B42B8BF0B461168A5
:105C7000994210D01360002D00F0C4804FF40071E1
:105C80002046EBF765FB2046ECF7B5FE002223210A
:105C90002046D2F79FFC07B0BDE8F08FD4F89820DB
:105CA000039B73E702288FD1D8F77AFD04A9F8F790
:105CB000D0FC032204A92046ECF794FD272241469C
:105CC0002046EDF71EFE0190C7B22046FFF7B4FE56
:105CD000012F94F84C301DD1F8B90599002B57D1FC
:105CE000D4F888309942FFF66BAFD4F880309942EF
:105CF0004BDCA26FD4F88000D4F88830801A00EB17
:105D0000D07002EB6002521A002AD4F89000B8BF9B
:105D100052421CE00028E0D047469F4204992CD113
:105D2000D4F88C308B42FFF64BAF636F99422CDB7B
:105D3000626FE06FD4F88430801A00EBD07002EB11
:105D40006002521A002AD4F88C00B8BF5242C01A1E
:105D500000EBD07003EB60035B1A002BB8BF5B4213
:105D60009A421EDD04F12C03C4F89C3094F8A03054
:105D70006FF3410384F8A03026E7D4F884309942C9
:105D8000FFF61EAFE36F9942D2DDC4F89C601BE7BB
:105D9000D4F8903099423FF713AFA36F9942F4DBE8
:105DA000A7E794F8A030C4F89C6043F00203E1E751
:105DB000102229462046EDF7A4FD294683461122EC
:105DC00004902046EDF79DFD824604902046ECF7B6
:105DD0003AFCC14514BFA169216A039BA0EB0A02EA
:105DE000A2EB0B020DBF8A448B44A3EB0B0AAAEB78
:105DF000030A02EBD2735B1007FB0A3393FBF2F347
:105E0000226B25E74FF480713AE72DE9F047BCB0EB
:105E10000546FAF724F804462846ECF7E7F9272266
:105E2000002181462046EDF76CFD2090C5B220464A
:105E3000FFF702FE012D074694F84C80204622D140
:105E400077B1FCF796F906462046ECF7FCFB824654
:105E500006B3E36A002B1DDAA8451DD1E36B1CE0F5
:105E6000FCF787F906462046ECF7EAFB8246002E4F
:105E70003ED0E36A002B3BDAB8F1000F3BD1A36CB4
:105E8000019300250AE0FCF774F90646002FEAD0DA
:105E90000025D9E7A845E1D1636C009304A8D6F7A3
:105EA000DBFA04AA4FF440312046EBF7A6FD3B464F
:105EB000524669462046FFF7D5FD009BC4F8843062
:105EC000019BC4F88830029BC4F88C30039BC4F853
:105ED00090302046FFF725FE022804F184060CD0FE
:105EE000324604A94846EFF75BFA3CB0BDE8F087BC
:105EF000B8F1000FC3D1236CC2E7702204A920A817
:105F0000FBF745FB324604A94846EFF749FADFB1F3
:105F1000A8450CBFE36B636C00933B465246694651
:105F20002046FFF79FFD009B6367019BA367029BD1
:105F3000E367039BC4F88030702220A904A8FBF714
:105F400026FB04F17402CCE7A8450CBFA36C236CBC
:105F50000193E2E7D0F880300A2193FBF1F3012BA3
:105F6000B8BF0123C0F88030E2F7DCBFD0F8802052
:105F7000816F0A235A43C36F002BB8BF5B428B4229
:105F8000B8BF0B469342A8BFC0F88020E2F7CABF53
:105F9000426FD0F88010002A13DA5318002B10DD5E
:105FA0005B420B44816F8B4206DD90F88530DB0746
:105FB00009D5914209D1C36F934208D04367E2F7F4
:105FC000B1BF1346EDE70B46F6E70B46F6E7704721
:105FD000426FD0F88010002A12DD8A4210DA8B1A44
:105FE0005B1AC16F8B4206DA90F88530DB0709D562
:105FF000914209D1836F934208D04367E2F792BF81
:106000001346EDE70B46F6E70B46F6E77047FBF75E
:10601000B1BEFBF7E3BE10B50C4620460221EBF7FC
:1060200097F92046C822BDE810404FF47A71E3F793
:10603000CBB800684FF0FF33C362ECF7DCBCC16241
:10604000ECF7D9BC08460021DAF7BCBB10B54FF01D
:10605000FF33CB6291F830300C466FF3020381F8C6
:10606000303020461021EBF773F920460821EBF77A
:10607000B9FB20464FF48061BDE81040EBF7B2BB9E
:106080002DE9F041C0B00546F9F7E9FE044628467F
:10609000ECF7ACF8694606462046ECF7F7FA08A894
:1060A000D6F7DAF908AA4FF400312046EBF7A5FC41
:1060B0006A4608A93046EFF773F963690493A36948
:1060C000059304F11405E36906932846236A0793B0
:1060D000F9F79DFB07462846F9F79EFB94F8303008
:1060E00003F00703012B03D0022B6CD087426ADB3D
:1060F0002046ECF7A8FA07462846F9F788FBE56A38
:106100006A1CA0EB070855D043465D4348BFFF35E6
:106110002D12272200212046EDF7F3FB2490C0B278
:106120000128049B08BFA8EB0505012FB8BF012774
:106130001D44013F2F440495069712224FF440312D
:106140002046EDF7DEFB1322804624904FF44031C9
:106150002046EDF7D6FB1022074624904FF440313D
:106160002046EDF7CEFB4FF4403105462490112236
:106170002046EDF7C6FB049A2490A2EB0802049295
:10618000069A3A440692059A521B0592079A0244CF
:1061900024A80792D6F760F924AA20464FF440318C
:1061A000EBF72BFC04AA24A93046EFF7F9F840B02E
:1061B000BDE8F0812046EBF72FF910F0010F14BF76
:1061C00045460025A5E72046ECF73AFA074628465B
:1061D000F9F722FBE56A6B1CA0EB070819D04346D0
:1061E0005D4348BFFF352D12272200212046EDF7E1
:1061F00088FB2490C0B20128079B08BFA8EB0505C7
:10620000012FB8BF01275B1B013F0793DB1B0593E1
:1062100093E72046EBF700F910F0010F14BF454655
:106220000025E1E707B51222EDF76BFB03B05DF83F
:1062300004FB07B51322EDF764FB03B05DF804FB24
:1062400007B51022EDF75DFB03B05DF804FB2DE907
:10625000F04F89B0074610468A4690460493F8F7F7
:10626000D6F9159BC418169B1C44FB6A03FB0AFA5B
:10627000DDE91323D318564600250593FA6A02EB8D
:106280000A03B34203D8204609B0BDE8F08F7B6B08
:1062900053F8261003EB8600002945D0D7F83CC000
:1062A0005CF82530A946013A4A4504D950F804BBA8
:1062B000BBF1000F1CD10A7812F0020224D1029225
:1062C000059A9B1A0193129B00934246049B083146
:1062D00006A8FAF733FF159A079B1344169A13443E
:1062E000A9EB05059C422E44B8BF1C464D461BE059
:1062F0009BF800B01BF0010F09F1010EDBD05CF838
:106300002E904B44F146CFE74046F8F780F9159BB5
:106310001844169B1844A04206DD4046F8F777F96A
:10632000159BC418169B1C4401360135A6E7F8B529
:1063300000250C462F46D4E90B325343AB42606B29
:106340000CD808B1DBF726F9A06B08B1DBF722F90E
:10635000E06BB0B1BDE8F840DBF71CB950F8253070
:10636000AE0063B1586820B1DBF714F9636B9B5939
:106370005F60636B9859DBF70DF9636B9F510135D3
:10638000D9E7F8BD012310B50420C1E90B330C4651
:10639000DBF7E6F8E063206B8000DBF7E1F8E26B07
:1063A000A06382231360A26B1360D4E90B315943BD
:1063B000606B8900DBF7F8F800236063036010BDB1
:1063C0002DE9F3411C46002305460E4698469045AC
:1063D000236039D1272200212846EDF792FA019057
:1063E000C0B20128284636D1ECF711FD23680344DA
:1063F00023602846ECF724F923680021C71A2846B1
:10640000FFF717FF381AA060EB6B53F82830C01A5B
:10641000206000231F46B74263602FD10021284629
:10642000FFF70EFF6368034463602846ECF7F4FC53
:106430006368181A6060AB6B53F827301844013852
:10644000E06002B0BDE8F081E96B51F8281008F176
:1064500001080B44BBE7ECF7DAFC23681B1A236046
:1064600000212846FFF7DEFE236818442060EB6B0E
:1064700053F8283018440138A060CAE7AA6B52F8D4
:10648000272001371344C6E730B585B0D0E9102185
:106490006B460446FFF794FF0099002911DA0123A7
:1064A000002249422046ECF7F7FC019A002A15DA4F
:1064B000012352420021204605B0BDE83040ECF7F0
:1064C000EBBC2046029DECF7BBF88542EDDD204693
:1064D000ECF7B6F801230022411BE3E72046039DB9
:1064E000ECF7B1F8854205DD2046ECF7ACF8012366
:1064F000421BDFE705B030BD2DE9F04F4FF4A0217E
:106500008DB00446FFF78EFE4FF4A0210790204681
:10651000FFF78FFE4FF4A02108902046FFF790FE72
:1065200011224FF4A02183462046EDF7EAF95B22C1
:106530000B904FF4A02105462046EDF7E2F95C22CE
:106540000B904FF4A02106462046EDF7DAF95A22C7
:106550000B904FF4A02107462046EDF7D2F9062212
:106560000B904FF4A02180462046EDF7CAF94FF476
:10657000A0210B90814607222046EDF7C2F90021A9
:1065800082460B90236B994208D32046ECF7A1F882
:1065900020460DB0BDE8F04FECF72DBA089B0293F2
:1065A000079B0991CDE90073CDE903B53346424617
:1065B0002046FFF74CFE0999A36B5045A8BF5046F3
:1065C0004845ACBF43F8210043F821900131D9E799
:1065D0000121EDF7E8BD0021EDF7E5BD7FB50546EA
:1065E000F9F73DFC04462846F9F73DFC06462046EF
:1065F000EDF7D6FD332E054606D1C16A002204B060
:10660000BDE87040E3F7F8BA0E2E37D1D8F7C8F8D6
:1066100010B1037A012B31D0204602A9D2F7A4FF92
:1066200095F8303013F00C0F204629D0ECF70EF817
:106630002722044600212846EDF763F9029B0190CA
:10664000E20FC0B2224401280CBFC3EB620303EB8C
:10665000620393FBF4F4EE6AD8F7A2F824EAE47438
:10666000024600B1012221462846E3F7C5FAB442AA
:1066700004D0002223212846D1F7ACFF04B070BD1E
:10668000EBF7F4FF039C00EBD07304EB630494FB83
:10669000F0F4E0E77047486B10B50C4618B1DAF734
:1066A00079FF00236363A06B18B1DAF773FF00234F
:1066B000A363206B18B1DAF76DFF0023236310BDCD
:1066C0007FB590F8642002F001048C4218D00039A4
:1066D00018BF012161F30002C46A80F86420626976
:1066E000036DC56D1344D0E915160093A3691944D1
:1066F000019132442B44694602920393ECF750F91E
:1067000004B070BD07B55A220021EDF7FAF803B0C6
:106710005DF804FB70B50546F9F7A5FB044628466D
:10672000F9F79DFB0646EDF73BFD313C012C054694
:106730000BD830460021FDF7BCFD2846E3F71CFBD3
:106740002846BDE87040E3F7D7BA70BD90F86430D2
:1067500061F3410380F86430704770B590F8703091
:10676000C3F3C0028A4204460D462BD061F3C30333
:1067700080F870306420D1B1DAF760F86FF04041F2
:106780000646E06AEBF7B1FEE06A00223146EDF71B
:106790008EFC8DB16FF040412046EBF7BDFE00232B
:1067A00020461A46BDE870401946ECF7D2BBDAF72E
:1067B00045F82E460146E4E72A4602212046EDF739
:1067C00020FCECE770BD90F870305B0702D4C06A23
:1067D000FDF76DBD406B7047C06C70470068E3F714
:1067E00085BC90F87000C0F3C000704738B504460F
:1067F000C06AFDF7A2FE4FF6FF73984205460BD024
:10680000E06A4FF6FF71FDF74CFDE06A4FF6FF714D
:10681000BDE83840FDF748BDE06AFDF790FEA842AC
:10682000EED138BD73B5C36C04468BB37F2301A989
:10683000ADF80430E3F73AFD0128054628D1E06AB7
:10684000FDF735FDE16C06462A460139FAF706FCEC
:10685000E06A3146FDF72DFD2046FFF7C7FF236BA9
:106860003BB1E06AFDF723FD037813B92046ECF74E
:10687000C2F894F87030E16C5B070BD4E16C2046F1
:106880000139E3F761FB002223212046D1F7A2FE64
:1068900002B070BD01220139606BFAF7DFFB656B56
:1068A0002846FAF7B2FF411C2846DAF77DFE6063FE
:1068B0000028E3D1ECE738B5C56C0446691CE3F762
:1068C00043FBE36C9D4204D02046BDE83840FFF70F
:1068D000A9BF38BDC16C0131E3F736BBC16C11B142
:1068E0000139E3F731BB704730B585B00446C16C60
:1068F000C06A02AAE0F7CAF95C2200212046EDF73F
:1069000000F805462046FFF7FDFEF7F780FE039BE3
:10691000054401351D44E06AA36C03950293EBF72F
:1069200092FE85420ADA012202A9E06AE0F766FADD
:10693000A56C01462046E3F707FBA56405B030BD12
:1069400030B585B00446C16CC06A02AAE0F79EF972
:106950005C2200212046ECF7D4FF05462046FFF7D5
:10696000D1FEF7F754FE039B284401381B1A03930A
:106970000122A36CE06A029302A9E0F73FFA014604
:106980002046A56CE3F7E0FAA56405B030BD2DE91B
:10699000F7430446F9F767FA05462046F9F75FFA28
:1069A0000E2D044645D1D7F7FBFE10B1037A012B1B
:1069B0003FD02046EBF74AFE06462046EBF756FE50
:1069C000694607462046D2F7CFFD009D06EBD673F9
:1069D00005EB630595FBF6F57543019E07EBD77351
:1069E00006EB63064FF0000896FBF7F67E43204661
:1069F000EDF70CFC404501D80F2516E04146204636
:106A0000EDF7D1FB0746EBF7E2FD81463846EBF7A1
:106A1000F1FD4D4510D186420ED1E76200222321BF
:106A2000204697F82C50D1F7D5FD29462046ECF7A3
:106A3000A6F903B0BDE8F08308F10108D7E708B56F
:106A400000F09EFC4FF47A72A0FB020302FB0133BC
:106A5000C00B40EA434008BDE4F786B937B50446A9
:106A60000068D4F743FB05462068EDF76AFF80F025
:106A70000100A07428686269836800929D68E288BA
:106A8000A18804F10803A847206803B0BDE830409E
:106A9000EDF754BF38B50546F9F7E9F9044628463D
:106AA000F9F7E7F9D4F722FBC368DA0605D5002326
:106AB00023608388013BA36038BD236823F007036C
:106AC0002360A36843F00703A360C368DB07F3D523
:106AD000636823F007036360E36843F00703E36040
:106AE000EAE730B50D888C888B68C96801330131BD
:106AF00087B05B1B091B9BB289B2009001FB03F0BE
:106B0000400002906846ADF80450ADF80640ADF87C
:106B10000C30ADF81030ADF80E100592FFF79EFF67
:106B200007B030BD30B50D888C888B68C9680133DB
:106B3000013187B05B1B091B9BB289B2009001FB3E
:106B400003F000EB4000ADF80C30ADF81030ADF8BC
:106B50000450ADF806400290ADF80E1005921346B1
:106B6000D91C9B1A834204D36846FFF777FF07B00E
:106B700030BD11F8033C11F8014C01F8034C01F849
:106B8000013C0B46ECE730B50D888C888B68C968F2
:106B90000133013187B05B1B091B9BB289B20090A6
:106BA00001FB03F0800002906846ADF80450ADF898
:106BB0000640ADF80C30ADF81030ADF80E1005926F
:106BC000FFF74CFF07B030BD0020704708B5E4F771
:106BD00053F9002008BDEFF31180202383F31288BE
:106BE000BFF36F8F704780F31188BFF36F8F7047CB
:106BF000F0B403460A461979DB8800681343DC02C7
:106C00008768066906D513F4402F03D0DA0748BF1A
:106C100083F44023346801258D4023F48012DB0780
:106C20004CBF2C43AC4334603B68F0BC1847034670
:106C30000A4600681979012303FA01F103691B6808
:106C4000194218BF82F0010212B18368DB6818474D
:106C500083681B69FBE7E7F77CBE4FF4A470002153
:106C600000F014BBF7B504460126A06A94F82C5036
:106C70000769836801A95B68984740B93A68019B36
:106C800006FA05F553402B4201D103B0F0BDFFF7E2
:106C9000E4FFEAE72DE9F8430D461121044690464A
:106CA0001E46E4F737F900286ADB03212046E4F7A3
:106CB000F9F8002864DB44212046E4F72BF900288A
:106CC0005EDBC5F3C70739462046E4F7EBF800283A
:106CD00056DB3544691E48BFA91DC1F3C7012046D4
:106CE000E4F7E0F800284BDB45212046E4F712F9F1
:106CF000002845DB5FFA88F631462046E4F7D2F8F3
:106D000000283DDB4FEA182529462046E4F7CAF85B
:106D1000002835DBBDF82030984408F1FF395FFAD0
:106D200089F12046E4F7BEF8002829DBB9F100011B
:106D3000B8BF08F1FE01C1F307212046E4F7B2F81D
:106D400000281DDB4E212046E4F7E4F8002817DB7D
:106D500039462046E4F7A6F8002811DB4F212046EB
:106D6000E4F7D8F800280BDB31462046E4F79AF820
:106D7000002805DB29462046E4F794F800EAE07095
:106D8000BDE8F88338B505692B78CBB1446822217A
:106D90002046E4F7BFF8002813DB83212046E4F700
:106DA00081F800280DDB20212046E4F7B3F8002805
:106DB00007DB2046FFF756FF002802DB00232B707D
:106DC000002038BDF7B5036944685B780D46164668
:106DD0005BB1628E238E0092002211462046FFF79F
:106DE00059FF002806DA03B0F0BDE4F7CBF800281D
:106DF000EFDAF8E729462046E4F78CF80028F2DBC2
:106E0000258E638E5D43ED080027AF4201D100203F
:106E1000E9E731462046E4F745F80028E3DB01378F
:106E2000F3E738B5F0B105692B78CBB94468222176
:106E30002046E4F76FF8002813DBE0212046E4F752
:106E400031F800280DDB20212046E4F763F8002804
:106E500007DB2046FFF706FF002802DB01232B702B
:106E6000002038BD6FF01500FBE708B1FFF78ABFBF
:106E70006FF01500704770B50E46002871D0456858
:106E800004692121284656B3E4F744F8002856DB6C
:106E900000212846E4F706F8002850DB00212846A8
:106EA000E4F700F800284ADB22212846E4F732F80C
:106EB000002844DBFC212846E3F7F4FF00283EDBF2
:106EC00020212846E4F726F8002838DB2846FFF77B
:106ED000C9FE002833DB0123237000202FE0E4F7F4
:106EE00019F800282BDB40212846E3F7DBFF0028B8
:106EF00025DB31462846E3F7D5FF00281FDB237941
:106F0000F3B11A212846E4F705F8002817DB6E21B3
:106F10002846E3F7C7FF002811DB22212846E3F7C4
:106F2000F9FF00280BDBD7212846E3F7BBFF002839
:106F300005DB20212846E3F7EDFF002808DA70BDC5
:106F400022212846E3F7E6FF0028F8DBF721EBE7EC
:106F50002846FFF787FE0028F1DB00232370E3704B
:106F6000BBE76FF01500EAE770B50A460D4626212B
:106F700006690446FFF726FF00280EDB2A46242177
:106F80002046FFF71FFF002807DB00212046FFF700
:106F900072FF0028A4BF0020B07070BD022908460F
:106FA00001D0E4F78FBA0020704708B1CEF730B8AF
:106FB0007047704740B1C368587810F001001EBF99
:106FC0001878B0FA80F040097047EFF3118320235E
:106FD00083F31288BFF36F8FFEE710B5D0E900345A
:106FE00033B90020E268537843F00103537010BDB9
:106FF000204698470028F4D00028B8BF4042E368F4
:10700000FF28A8BFFF201870ECE700F073BB00F06A
:1070100049BB70474169836843EA010212F00302E9
:107020000FD1C2600269013A01FB023382689A42C1
:1070300001D900207047C2681A604269C3609B1A78
:10704000F4E76FF01500704710B5C0E90432002373
:10705000816083610446FFF7DDFF0028A8BFC4E913
:10706000004410BD2DE9F04105460F46EFF31188AD
:10707000202383F31288BFF36F8FC668FEB90468BC
:10708000A0421CD0DCB1D4E9003213605A60637BAB
:10709000A66023F002036373C4E9006604F11800DC
:1070A00000F049F92046C4F8B060676100F08FF83D
:1070B000414605F10800BDE8F041E5F7EFB83E6054
:1070C000AB69EF60013BAB6188F31188BFF36F8F51
:1070D000BDE8F08108B52024EFF3118384F3128812
:1070E000BFF36F8FE8F7C4FEF6E790F90E308B42DE
:1070F00001D0E5F785B80020704703460020C3E9BA
:107100000200C3E9003370475AB18A4209D300F143
:107110001003C0E90212C0E90000C0E904330020F6
:1071200070476FF015007047EFF30580003818BF07
:10713000012070477830704710B500238B4202D190
:107140001360002010BDC45CAA2CF9D10133F5E70F
:107150000A46D0E92601FFF7EFBFD0E900321360FD
:107160005A600023C0E90033704708B5FFF7F5FF08
:10717000437B23F0020343730023836008BD38B5CB
:1071800004460D46E4F79EFF637B43F002036373FE
:10719000E5B1A5602B689D4209D16B68C4E9005335
:1071A0001C606C6012E06A689A42F6D01B68002B83
:1071B000F3D094F90E2093F90E108A42F3D0914245
:1071C000F1DD5A68C4E9003214605C6038BD10B566
:1071D000EFF31184202383F31288BFF36F8FE4F75A
:1071E00029FF84F31188BFF36F8F10BD08B5EFF34B
:1071F0001181202282F31288BFF36F8F83680BB155
:10720000FFF7B3FF81F31188BFF36F8F08BD10B58F
:107210000146EFF31184202383F31288BFF36F8FAD
:10722000437B13F0280F0AD183680BB1FFF79DFF52
:107230004B7B23F004034B730846E4F7FBFE84F317
:107240001188BFF36F8F10BD01211838FFF7DFBF22
:1072500008B50346EFF31181202282F31288BFF3B1
:107260006F8F0068834207D008B1FFF77EFF81F37C
:107270001188BFF36F8F08BD0020F8E710B5FFF746
:10728000B5FFBDE81040183000F055B838B50C46D1
:107290000546E5F7BDF8B4F1FF3F08BFB5F1FF3F84
:1072A0001FBF47F6FF7300224FF47A71C0FB013213
:1072B0001ABFD80B40EA42404FF0FF3038BD38B516
:1072C000EFF31185202383F31288BFF36F8F0468D7
:1072D000A04213D0A4B1C4F8B01062612046FFF7F9
:1072E00044FF04F1180000F026F82046E4F7A2FE5F
:1072F000012085F31188BFF36F8F38BD0020F8E7B8
:107300002046F6E710B5E5F771FA0446E5F776FA98
:1073100074B1D4E904321B1A62EBE072B3F1004F8E
:1073200072F1000104DA002AACBF1846002010BD3B
:107330006FF00040FBE738B50246EFF311852023DC
:1073400083F31288BFF36F8F036893B1E5F74EFAAA
:1073500004461046E5F75CFA844204D1FFF7D2FFF9
:107360000021CFF7CDFC002085F31188BFF36F8F8C
:1073700038BD6FF01500F7E708B5E5F739FB08BD34
:10738000E5F736BB0023C0E9081200F11802C0E996
:107390000622C0E9003303634363704710B5044617
:1073A000FFF7C9FFA8B9636A0BB12046984704F1FB
:1073B0001800FFF74DFF60B1FFF709FFEFF31180F1
:1073C000202383F31288BFF36F8FBDE81040E4F7EA
:1073D00077BF10BD1423F0B503FB010000244FF468
:1073E0008B76202701B9F0BD10F8073C40F80C4C13
:1073F00003F03F03082BA0F1140C0CD826FA03F37A
:10740000DB0708D550F8143C2BB150F8105C2B600A
:107410005D6040E9054482F31188BFF36F8FEFF39D
:10742000118287F31288BFF36F8F01396046D9E765
:1074300070B5D0E90034984209D044B1A568EDB1E7
:1074400015F9526C12F9525CB54208D007DDC1E95A
:1074500000042160416010E0A342F8D01B68002BBB
:10746000F5D09A6862B112F9522CAA42F4D0F3DD39
:107470005A68C1E900321160596070BDAB7BFFDE14
:10748000937BFCE72DE9F84F00258B4614469A467E
:1074900001462E464FF020082F465D4502DB304660
:1074A000BDE8F88FEFF3118988F31288BFF36F8F6F
:1074B0004B7B03F03F03013B072B0DD8DFE803F0C4
:1074C0001D040C090C0C0C230B699B6823B10223CF
:1074D0001EE00B691B685BBBBAF1000F21D123785A
:1074E000FBB14B7B03F03F03013B072B27D8DFE8C1
:1074F00003F0292126212626262C0B699B68002BC8
:10750000EAD0012304E00B691B6A002BE4D01023AE
:10751000CA688F60C2F38630034363F39432CA6053
:10752000277089F31188BFF36F8F01351431B4E7E9
:107530000423EDE7086922461030FFF779FF8C60DD
:107540000136EEE708692246F7E70869224624304B
:10755000F3E72DE9F041846805460E46ECB1637807
:10756000012B25D114F8533C9A0714D5A4F16007D8
:107570003846FFF783FE082E0CBF6FF0030300238D
:10758000236514F8533CDB0605D154F8483C13B985
:107590003846FFF71CFE00232370EB68C3F38632E6
:1075A0001643002066F39433A860EB60BDE8F081D9
:1075B000022BF0D12378002BEDD054F8048CB8F1D5
:1075C000000FE8D004F11400FFF7B5FEA4F1140792
:1075D0000023E3623946404600F051F8DBE710B57E
:1075E0005205090201F47C5102F400120A43017BA6
:1075F00000240A43C0E90323846010BD10B503468C
:10760000EFF31184202282F31288BFF36F8F00689A
:10761000834208D0D0E9003213605A600023C0E9E9
:107620000033FFF796FF84F31188BFF36F8F10BD0F
:107630000023C0E900008360704700238360704727
:1076400083680B60C3681360704710B400F10C04CA
:10765000C0E9034410BCE6F721BC026801238B405B
:1076600022EA0303036022FA01F000F001007047F0
:1076700020B100221146C030FFF721BE704713B57C
:1076800001900846EFF31184202383F31288BFF39F
:107690006F8F01A9E5F7C0FB84F31188BFF36F8FEB
:1076A00002B010BD0A44914200F1FF3300D170478F
:1076B00010B511F8014B03F8014F9142F9D110BDFB
:1076C000884210B501EB020402D98442234607D850
:1076D000431EA14208D011F8012B03F8012FF8E74F
:1076E000024401468A4200D110BD13F8014D02F850
:1076F000014DF7E702440346934200D1704703F877
:10770000011BF9E710B501390244904201D1002074
:1077100005E0037811F8014FA34201D0181B10BDFA
:107720000130F2E7C9B20346184613F8012B12B133
:107730008A42F9D17047002918BF0020704710B560
:107740006AB10139841810F8012B11F8013F9A42EF
:1077500003D1A04201D0002AF5D1D01A10BD1046A5
:10776000FCE710B50139044632B111F8013F00F8C9
:10777000013B013A002BF7D10021FFF7BBFF204668
:1077800010BD10B5024601448A42134603D01C784E
:107790000132002CF8D1181A10BD0A7870B56AB9F8
:1077A00070BD9A4209D10C46054614F8013F002BE2
:1077B000F6D015F8016F9E42F7D001300378002B08
:1077C000EFD11846ECE7F0B5C3F137070446FFB236
:1077D00003F01F031046082BE6B233D0102B3ED027
:1077E0006508A40844EA817445EAC1752D194FEA79
:1077F000910242EB5102290941EA02716D1842EBF4
:107800001212290A41EA02616D1842EB1222290C78
:1078100041EA02416D1842EB1242AD1842F10002FA
:10782000EC0844EA4274D10804EB8402A6EB42055A
:10783000EDB2092D0CD90134A5F10A0541F1000181
:10784000EDB212E0E40844EA417406F00705C90805
:10785000303554EA010200F8015BBCD1F0BD2409C7
:1078600044EA017406F00F050909092D84BFED19DA
:10787000EDB2EDE70148006870470000789D0020F8
:107880005489FC7F01000000CD4F00000000000083
:10789000CD50000028790300CD6B030000000000EC
:1078A000DDBA01000000000075CC010000000000FE
:1078B0008D540000587903008D5400004079030076
:1078C00079080200000000002559000070790300CB
:1078D0003D530000000000009D6B00000000000010
:1078E0007D100000000000002D4E00000000000090
:1078F0007D0802000000000099CC0100000000009B
:10790000455A000088790300E5610000A079030072
:10791000B9B60100B87903000D2600000000000090
:1079200011AA01000000000066C303008486030062
:107930008C7B0300CC070020B89D002078860300D4
:1079400095C30300A8860300507B0300CE070020E8
:107950000C9E00209C860300A9C30300CC86030074
:10796000507B0300D0070020189E0020C086030033
:10797000E4C30300F0860300A87B0300D2070020C5
:1079800058050020E4860300C4C5030040870300B7
:10799000747B0300D40700207C050020348703009B
:1079A000E3C50300A8870300807B0300D6070020FF
:1079B000FC05002098870300A8020400AC97030090
:1079C000E4970300D8070020825E0120A0970300FF
:1079D000A57100008F080200000000005BFE01009E
:1079E000707903005D040200000000005BFE0100EE
:1079F000797D00008F080200000000005BFE01009E
:107A0000457800008F080200000000005BFE0100C6
:107A1000000000005BFE0100000000005BFE0100B2
:107A2000000000005BFE0100000000005BFE0100A2
:107A3000000000005BFE0100000000005BFE010092
:107A4000000000005BFE0100000000005BFE010082
:107A5000000000005BFE0100000000002D6C000033
:107A6000000000005BFE0100000000005BFE010062
:107A7000000000005BFE0100000000005BFE010052
:107A8000000000005BFE0100000000005BFE010042
:107A9000000000005BFE0100000000005BFE010032
:107AA000000000005BFE0100000000005BFE010022
:107AB000000000005BFE0100000000005BFE010012
:107AC000000000005BFE0100000000005BFE010002
:107AD000000000005BFE0100000000005BFE0100F2
:107AE000000000005BFE0100000000005BFE0100E2
:107AF000000000005BFE0100000000005BFE0100D2
:107B0000000000005BFE0100000000005BFE0100C1
:107B1000000000005BFE0100000000005BFE0100B1
:107B2000000000005BFE0100000000005BFE0100A1
:107B3000000000005BFE0100000000005BFE010091
:107B4000000000005BFE0100358400008F08020089
:107B50002155000025020200330202004B02020000
:107B600057020200630202008D5300007D020200F2
:107B7000000000007F060200690602000306020002
:107B80004708020031080200BD070200255100002D
:107B900093010200F3010200000000003101020025
:107BA0000000000000000000030302007158000004
:107BB000F5020200E504020029030200510302005D
:107BC0008503020095030200C3030200CF030200F5
:107BD00095030200B3030200DB030200E903020085
:107BE000F70302002D0402003104020037AD030048
:107BF0000300000087C303000300000055C3030017
:107C00000300000050AD03000300000054AD03006A
:107C100003000000F9C20300030000009C030400FD
:107C20000300000048B50300030000004EB5030048
:107C30000300000062C3030003000000D6C5030078
:107C40000300000001C6030003000000A2000400BE
:107C500003000000B202040003000000F8C30300A8
:107C600003000000DC810300AC94002068AE030038
:107C700001000000308303005498002062B5030027
:107C80000000000059B5030000050020D894002032
:107C9000D004002002000000B4820300D49400202D
:107CA000C88203003C0800204EB50300C00D002030
:107CB000006201209C8303001C8203005C8203009D
:107CC0001C8303007483030008820300B083030055
:107CD000608303004C8303008883030000000000DE
:107CE0000000000000000000000000000000000094
:107CF000A5AE0300ACAE030000000000FD1D0000B7
:107D0000000000003AB0030044B00300000000008F
:107D1000811E000003000000DBAE0300E1AE0300A3
:107D200000000000191E00000200000063B0030004
:107D30006AB00300687D030000000000000000003E
:107D400067AF03006EAF030000000000A90400004D
:107D500001010000C5AF0300CDAF0300000000002B
:107D6000691E00000000000000000000000000008C
:107D7000000000000000000000000000B0FC030054
:107D800059B1030000000000FD1E000000000000CB
:107D9000FAB1030001B2030000000000F11F00006F
:107DA00000000000000000000000000000000000D3
:087DB0000000000000000000CB
:107DC000010000E0010000E0010000E0010000E02F
:107DD00077EE020000000000AFEE0200D7EE0200D6
:107DE000000000000FEF0200D803040000010000B3
:107DF0001B5B4A00001B5B4800001B5B324A000013
:107E00001B5B4A00001B5B6D00001B3700001B382A
:107E100000001B5B3F336C00001B5B4800001B5BDA
:107E2000324A00001B3700001B3800000000000031
:107E30000338FDD87047000025E6000025E4000067
:107E400000000000280000000900000000FD020002
:107E50005C7E03000000000000000000A79B030000
:107E6000907E03007C7E0300707E03001000010200
:107E7000959B03008C9B030009000000200000007C
:107E80005F00010000000000000000000000020090
:107E900000000000000000000000F00801010000E8
:107EA00001005009031A03000B00900B070902138D
:107EB00013003016131A020051004014102302FC64
:107EC0009700601A171A0200E2006016141A0200E6
:107ED00023015006030802132601500C092702F75C
:107EE0005201900C092701F77E01800F0F0F010B43
:107EF0009B01701412140102C8011007050900FB50
:107F0000CE01F0090903010AD2018009040403002B
:107F1000D401E00E0E1D00FD07024014101A0200ED
:107F20003B0240140A1A02005C024014111A0200BB
:107F300094024014101A0200C8024014131A0000E0
:107F400006034014101A03003A034014101A0200EA
:107F50006E034014111A0100A6034014101A020007
:107F6000DA034014101A02000E04C00804140200C0
:107F70001804A007051901FB280450120F10010472
:107F80004604C0130F0A03075904D0120F1002044D
:107F9000770400110E1A0100A50450201D2202F8DA
:107FA00021058017161A010069057016111A0300C1
:107FB000A1057017131A0200DF05A017121A03009B
:107FC0001A067014111A03005206E013101A030067
:107FD00086068018141A0200C706B019131A030087
:107FE0000507D009031A03000F07E013101A010058
:107FF00043079016131A030081076013101A030039
:10800000B507701F191A03000708B019141A0300E6
:108010004808C018141A02008908B016121A030082
:10802000C408C018141E02FC0F093016121A0300EF
:108030004A096015121A010085098015141A0100F9
:10804000C6096017121A0200010AF016151A01007B
:10805000460AF01F1E1A0100A80A9016151A010000
:10806000ED0AA015151A0000320B9015121A020025
:108070006D0B9009072403FA8D0BD00E0E1D01FD28
:10808000C00B9009072400FAE00B100F0D0D010D35
:10809000F60B4010100301FDFC0B200B0706011727
:1080A000020C9013101402002A0C3014101C020051
:1080B000620CE012101402008A0C5014101C020012
:1080C000C20C101310140200EA0C800C0C1C0100EE
:1080D000140D3014101C02F84C0DD0130F1C0200AC
:1080E000810DC008041A02008E0DA0080822FEF8B7
:1080F000B00D40120F1C0200E50DC008031C030068
:10810000F00D901F1B140200340EE0130F14020038
:108110005A0E901411140200850E3014101C02F82F
:10812000BD0E7014101C02F8F50E300C091402007C
:108130000C0F90120F140200320FC00B0B1900002D
:10814000550FE0130F1402007B0F70111014010083
:10815000A30F101B19140100E20FE011101401000D
:108160000A101011111C00F84610E0110F14020043
:108170006C10300C0B2401F99E10D008032003FA78
:10818000AA10300C0B2300FADB108018140702072A
:10819000800900200001000055E80100F7E7010018
:1081A0000200000019EA01000000000000000000C9
:1081B000000000000000000048AE030050AE0300C5
:1081C00000000000000000000000000058AE0300A6
:1081D0005CAE030060AE030064AE0300E91C000067
:1081E000DD1C00000D1D0000C51C0000000000008B
:1081F000D11C000000000000691D0000B4940020A4
:108200001C5E01201000000078AE03007FAE03006A
:10821000DC7C0300000000000000000050B20300FE
:1082200057B203003082030000000000000000008D
:1082300034820300B0FC030067B2030000000000BA
:10824000C12000000000000000000000000000004D
:10825000000000000000000000000000E1B3030087
:10826000E8B30300708203009921000002020000BD
:1082700074820300AAB40300AFB40300000000003E
:108280005D22000005020000E7B40300ECB4030027
:108290000000000035250000020100000000000081
:1082A00000000000000000000000000000000000CE
:1082B0003A000000315E01201E000000ADF5010013
:1082C000847C0300C8040020747C0300F482030053
:1082D0004098002064000000E08203000098002025
:1082E000780E0020800000000000000083EA0100FA
:1082F00002000000D1F8010048980020315E012002
:108300001E00000045260000D1EA0100ADEA010090
:10831000F1EA0100BFEA01000000000081B803009B
:1083200043B80300000000007933000001000000A2
:1083300087F701004FF7010025F901000000000058
:1083400000000000000000000000000042B903002F
:1083500049B9030000000000B53B00000100000027
:1083600073B903007AB90300C4830300553C0000CD
:10837000010100001FBA030027BA0300000000003B
:10838000753B00000100000038BA03003EBA03004C
:10839000F0830300000000000000000064BA030046
:1083A0006ABA030000000000213C00000100000048
:1083B00078BA03007CBA030000000000FBFA010059
:1083C00000000000C88303009FBA0300A7BA03009F
:1083D00000000000D93A0000010000000000000089
:1083E000000000000000000000000000000000008D
:1083F000F4830300EBBA0300F4BA030000000000AA
:10840000193B00000100000011BB030020BB03006A
:10841000948403000000000000000000D0BB0300B3
:10842000D7BB0300D485030000000000000000005B
:10843000EEBB0300F4BB03009485030000000000C2
:10844000000000000BBC030012BC030054850300B5
:10845000000000000000000021BC030026BC030057
:1084600014850300D13B00000101000039BC03006A
:108470003FBC0300D48403000000000000000000A3
:1084800000000000000000000000000000000000EC
:10849000000000009884030051BC03005BBC030093
:1084A0000000000093FB01000100000093BC0300EA
:1084B0009ABC0300000000004FFB01000100000017
:1084C00000000000000000000000000000000000AC
:1084D00000000000D8840300D1BC0300D7BC030017
:1084E00000000000FFFA01000100000005BD0300CC
:1084F0000ABD030000000000053B00000100000071
:10850000000000000000000000000000000000006B
:108510000000000018850300D0B8030036BD03003A
:1085200000000000B5FB010001000000CAAF03001D
:1085300075BD0300000000001BFC010001000000ED
:10854000000000000000000000000000000000002B
:108550000000000058850300D0B8030088BD030068
:1085600000000000653B000001000000CAAF0300EE
:1085700098BD03000000000021FB01000100000085
:1085800000000000000000000000000000000000EB
:108590000000000098850300D0B80300A7BD0300C9
:1085A000000000002DFB010001000000CAAF030025
:1085B000BFBD030000000000F9FB01000100000046
:1085C00000000000000000000000000000000000AB
:1085D00000000000D8850300D0B80300D6BD03001A
:1085E0000000000071FB010001000000CAAF0300A1
:1085F000EEBD030000000000D7FB010001000000F9
:10860000000000000000000000000000000000006A
:1086100000000000000000003BFE010020050020DB
:1086200018050020100500200000000008050020AB
:108630000D400000013F0000553F0000B53F000025
:10864000C00400200000000000000B060200000033
:10865000548603000000000046C303002600020207
:10866000000000204EC3030022000B1155500000F3
:1086700025500000000000007C860300010000007F
:1086800075C30300AD510000995000007BC3030087
:10869000130202001902020081C30300A086030036
:1086A00001000000A3C30300FFFF0000000300500F
:1086B0000000000001000000006000400000000019
:1086C000C486030001000000B7C30300BCF801FF2B
:1086D00000000050000000000000000000600040AA
:1086E00000000000E886030001000000F2C3030060
:1086F000002000400100000000000000108703007F
:108700000000D60100000000515E0120505E0120F3
:10871000002000401C8703000100000024870300A4
:108720000400000006000000050000020806000129
:10873000070600033887030001000000D1C50300CD
:108740000040004000000000000000FF00FF0000AB
:108750000000000000000001010000007B05020095
:1087600070870300FFFFFFFF000000000000000013
:10877000004000407C870300010000008487030064
:10878000030000001F0000041E0000052800000672
:1087900000000000000000009C87030002000000B1
:1087A000F0C50300F5C5030000F002400000000022
:1087B0000048E80100000000000000000000000088
:1087C000FFFFFFFF0000FF000000000000000000AE
:1087D000FFFFFFFF0200000101000000E5060200AC
:1087E000FFFF0000F4870300FFFFFFFF0000000011
:1087F0000000000000F002400088030001000000BB
:1088000008880300030000002F0000042E0000066B
:108810002D000005407903000C000100000000005D
:10882000C30D02008D170200251402000000000095
:1088300033C603008200000082000000CA0200006C
:1088400025E6000025E40000000000001000000004
:108850000300000000FF0100648803000000000026
:10886000000000005ED30300B08803008888030086
:10887000788803001000022875C60300C0D20300E8
:1088800022D203003D310000200000005F00010003
:10889000000000000000000000000200B000000026
:1088A000F3F760000C990300000000003E00030095
:1088B00000000000000000000000C00300000000F5
:1088C0000000C003030A00000F0080050505000535
:1088D0001C00D0090A0A00004E00B008090F00FE73
:1088E0009200D00B0C0A0000CE00A0090A0B00FF7A
:1088F0000501F002030500050D01B004040E01FDA1
:108900002901C004040E00FD4501A005060600056E
:10891000570120080807000273013003030500FE19
:108920007B0160050503000383013003030300009E
:108930008801F004070EFFFFB9015009090A000081
:10894000E6013005040A0000FA011008080A0000D8
:1089500022020008080A00004A0260090A0A000010
:108960007C021008080A0000A402A008090A0000FE
:10897000D1026008080A0000F9020009090A000093
:108980002603A008080A00004E0330030308000075
:108990005A033003030B00FD6B0320080808000195
:1089A0008B03200808060002A30320080808000122
:1089B000C3030008080A0000EB03800E0E0D00FD43
:1089C0004604400A0C0AFF008204A00A090A0100BA
:1089D000AF04200A0A0A0000E104900B0A0A010011
:1089E00013056009080A01003B05E008080A0100B8
:1089F0006305D00A0A0A00009505600B090A010008
:108A0000C2055004020A0100CC053007070AFF0026
:108A1000EF05100A0A0A010021065008080A0100A1
:108A20004906600D0B0A01008006600B090A01006F
:108A3000AD06C00B0C0A0000E906200A090A010075
:108A40001607C00B0C0D00FD6407300A090A01006F
:108A50009107B008090A0000BE073008090A0000A3
:108A6000EB07100B090A01001808F0090B0AFF00B8
:108A70004F08C00F100A00009F0870090A0A000082
:108A8000D10810090B0AFF0008093009090A000083
:108A90003509B004040E01FD5109F004070EFFFF73
:108AA0008209B004040E00FD9E0930080706010289
:108AB000B3090007070100FFB709600805020109B3
:108AC000BC09600808080000DC099009080B0100D7
:108AD000080A000808080000280A9009090B00008D
:108AE0005A0A9008080800007A0AF004060B0000F1
:108AF0009B0AB009090B00FDCD0A9009080B010083
:108B0000F90AE003020B0100040B0004050EFEFD50
:108B1000270BA008080B0100530BE003020B010018
:108B20005E0BD00E0D080100920B900908080100A1
:108B3000B20BE00809080000D60B9009080B01FDF4
:108B4000020C9009090B00FD340CC005050801005A
:108B5000480C000707080000640CD005060A000056
:108B6000820C800908080100A20CD0070908FF0048
:108B7000C60C900C0D080000FA0CC0070808000095
:108B80001A0DD007090BFFFD4C0D50070708000018
:108B9000680DF004050E00FD8B0D3004020E01FD82
:108BA000990DF004050E00FDBC0D2008080300031C
:108BB000C80DE00506050006D70D60040403000398
:108BC000DD0D000E0F0FFFFE4E0E000E0E0B00000F
:108BD0009B0E000E0E0D00FFF60E000E0E0B000099
:108BE000430FA0090A0B00007A0F000E0E0F00FEC3
:108BF000E30F000E0E0F00FE4C10C00F100D00FF13
:108C0000B410000E0E0F00FE1D11C00F100B00005F
:108C10007511000E0E0F00FEDE110007070C00FF9D
:108C20000812800A0B0C00FF4A12C00F100E00FE43
:108C3000BA12000E0E0B00000713A0090A0F00FE67
:108C40005213400C0A0E01FE9813400C0D0F00FE4B
:108C5000FA13400C0D0D00FF4F14400C0D0D00FFDA
:108C6000A414400C0A0E01FEEA14400C0E0DFFFF86
:108C70004515C008090D00FF8015C008090D00FF4B
:108C8000BB15400C0D0D00FF1016400C0D04000329
:108C90002A16C00F100B000082168011120F00FE62
:108CA0000917C00F110FFFFE8917000E0E0D00FFF0
:108CB000E417400C0D0800011818400C0D080001C5
:108CC0004C188011120B0000AF18000E0E0B0000A4
:108CD000FC18000E0E0F00FE6519000E0F0FFFFEB0
:108CE000D619400C0D0D00FF2B1A400C0D0F00FE85
:108CF0008D1A400C0D0D00FFE21A400C0D0C00FF08
:108D0000301B000E0E0B00007D1BC0080A0FFFFE7B
:108D1000C81B400C0D0F00FE2A1C400C0D0F00FE5E
:108D20008C1CC00F100B0000E41C000E100FFFFE87
:108D30005C1D800A0B0F00FEAF1D8011120D00FF9D
:108D4000241E8011120A00007E1E8011120A0000EB
:108D5000D81E8011120A0000321F8011120A000072
:108D60008C1F8011120A0000E61F8011120C00FFF8
:108D70005220400C0C0F00FEAC20400C0D0F00FEEA
:108D80000E21000E0F0FFFFE7F218011120B00003D
:108D9000E221800A0B0F00FE3522100E0F0A0000A0
:108DA0005FEE02005903010095EB020045EC020062
:108DB000C5ED020077ED02000DED0200BBEC0200F4
:108DC0000FEC02009FEB0200F50201005FEE0200D3
:108DD0001503010095EB020045EC0200C5ED020011
:108DE00077ED02000DED0200BBEC02000FEC02007B
:108DF0009FEB0200F5020100B90E0300970E03007D
:108E00006F0E0300A70F03009D0D0300250F030045
:108E1000670D03001C880300BD3C0100000000003A
:108E20002D3D010000000000FEF8030000000000DE
:108E300000000000010600001C880300A9200300B8
:108E400023200300394801000000000002F903005C
:108E5000040100000D000000400700001C88030012
:108E60009921030000000000000000000000000045
:108E70004EFD0300FFFFFF3FFFFFFF3FC402000066
:108E80001C880300714B0100B3210300394F01001E
:108E90000000000006F90300040100008200000049
:108EA0008504000010F9030015F903001AF9030006
:108EB00057B103001FF9030024F9030058B1030060
:108EC00029F903002CF903002FF9030032F90300FC
:108ED00035F9030038F903003BF903001C8803004F
:108EE0002555010000000000000000000000000007
:108EF0003EF90300C3000000C3000000C4460000A8
:108F000055F903005DF9030066F903006CF90300ED
:108F100072F9030076F903007BF9030080F903007E
:108F200087F9030091F9030099F90300A2F90300FE
:108F30001C8803002956010000000000000000000A
:108F400000000000ABF90300640000202B000000CB
:108F5000000000001C880300C95701000000000049
:108F6000000000000000000056FC03006400002028
:108F7000FFFFFF3F000000001C8803001F290300C3
:108F8000B328030059580100000000006FFC0300E3
:108F90006400002004010000800700001C8803001A
:108FA000CD5F0100A13103000D6001000000000051
:108FB0007FFC0300FFFFFF3FFFFFFF3F4403000074
:108FC0001C88030017340300A9330300B1610100BA
:108FD00000000000A7FC03000000000000000000EB
:108FE000000300001C8803003D61010049340300B8
:108FF0006D6301000000000066FC030082000000B9
:10900000FFFFFF3F050500001C880300E964010025
:109010002F3C03008165010000000000B5FC030047
:10902000FFFFFF3FFFFFFF3FC005000030FC0300D4
:1090300054FC0300A5FC0300CAFC030057B1030065
:1090400022F903001EFE0300E0FC0300EEF803001B
:1090500057B10300E2FC0300E4FC0300B0AF0300DF
:10906000D8FC030057B10300DCFC03007E9B030027
:1090700044C3030047F903004BF9030058B1030050
:1090800030FC030054FC0300A5FC030022F903009C
:109090001EFE0300E0FC0300E2FC0300E4FC03000E
:1090A000B0AF03007E9B0300D8FC030057B1030060
:1090B000BBFC0300E6FC0300E8FC030007AE030072
:1090C000F7C20300EAFC0300ECFC0300EEFC030023
:1090D000F0FC0300C4FC0300F2FC030061B00300D9
:1090E00057B10300F4FC0300F6FC0300F8FC030096
:1090F000FBC1030099C10300FAFC0300ECF8030074
:10910000FCFC030037B20300FEFC030000FD03007B
:109110009DBA030057B10300CAFC030047F90300DE
:109120001CAE03004BF90300EEF8030058B1030036
:10913000C3FC030002FD03003EC60300EAF5030082
:10914000F7F5030004FD03001FB2030006FD030052
:1091500008FD03000AFD03003FC20300D8FC030022
:1091600057B10300BBFC0300A4B003000CFD0300D7
:1091700028B203000EFD030010FD030012FD0300E2
:1091800014FD030016FD0300BFFF0300D4FC030021
:1091900057B1030018FD0300C7B303001AFD030015
:1091A0001CFD0300C1FC03001EFD030020FD0300A5
:1091B000E4F5030022FD030044C3030024FD030083
:1091C0004EB2030057B10300C6FC030047F9030089
:1091D0001CAE03004BF90300EEF8030058B1030086
:1091E000C3FC0300DF03040064FE0300CAB30300F2
:1091F00039F90300D5BC030074F903008A9B03000E
:10920000FFC503002DF9030079010400D8FC030019
:1092100057B10300BFFC03003CF903003CB203005C
:10922000F1010400D2B8030066AE03007DB803006C
:1092300035C6030079C303008CFE0300D4FC030091
:1092400057B1030018FD0300C7B3030026FD030058
:1092500021C0030061B8030028FD03002AFD0300BC
:109260009A030400DAAD030044C3030024FD0300A5
:109270004EB2030057B10300CAFC030047F90300D4
:109280001CAE03004BF90300EEF8030058B10300D5
:10929000808E0300356A010000000000000000001D
:1092A000000000002CFD03006400002032000020BC
:1092B000010500001C880300357401001141030002
:1092C000897401000000000027FE0300FFFFFF3F3C
:1092D000FFFFFF3F000600001C8803004D45030010
:1092E00000000000517801000000000071BD030083
:1092F0001A0000001A000000000300001C88030090
:10930000AF45030000000000257C010000000000C4
:109310003AFD0300FFFFFF3FFFFFFF3F8003000018
:10932000B4920300000000000000000000000000F4
:10933000000000003FFD030064000020FFFFFF3F2E
:10934000000000005C8E0300000000000000000030
:10935000000000000000000049FD03006400002040
:10936000FFFFFF3F000000001C880300000000001A
:10937000000000000000000000000000B0FC03003E
:10938000C300000004010000000000001C8803006E
:1093900000000000000000000000000000000000CD
:1093A00000000000000000000000000000000000BD
:1093B0001C88030000000000000000000000000006
:1093C000000000000000000000000000000000009D
:1093D000000000001C8803000000000000000000E6
:1093E000000000000000000000000000000000007D
:1093F00000000000000000001C88030000000000C6
:10940000000000000000000000000000000000005C
:109410000000000000000000000000001C880300A5
:10942000000000000000000000000000000000003C
:1094300052FD0300FFFFFF3FFFFFFF3F0000000062
:109440001C880300D145030000000000000000005C
:109450000000000061FD030064000020FFFFFF3FEB
:10946000000000001C880300E94503000000000024
:1094700000000000000000006EFD030064000020FA
:10948000FFFFFF3F000000001C8803007946030037
:109490005D460300000000000000000078FD0300AE
:1094A00064000020FFFFFF3F400300001C88030012
:1094B000B97D0100C9450300000000000000000064
:1094C00082FD0300C300000004010000C00600008C
:1094D0001C880300000000000000000000000000E5
:1094E0000000000087FD03006400002064000020ED
:1094F000C00200001C880300000000000000000003
:10950000000000000000000097FD03002B00000099
:1095100064000020C40200001C880300000000005A
:10952000000000000000000000000000ACFD03008F
:10953000FFFFFF3F64000020C40200001C880300FE
:10954000000000000000000000000000000000001B
:10955000C1FD0300640000202B000000C0020000D9
:109560001C88030000000000000000000000000054
:1095700000000000CFFD030064000020FFFFFF3F5C
:10958000C00200001C880300000000000000000072
:109590000000000000000000DEFD03006400002069
:1095A0002B000000C00200001C8803000000000027
:1095B000000000000000000000000000ECFD0300BF
:1095C00004010000FFFFFF3FC0030000B49203004E
:1095D00000000000000000002D80010000000000DD
:1095E00020FE030000000000000000000006000054
:1095F0001C880300A581010000000000F18101002A
:10960000000000002DFE0300FFFFFF3F820000006E
:10961000050400001C880300798501003F50030009
:10962000D18A01000000000034FE030000000000A9
:109630000000000041060000388E0300DF590300DF
:1096400000000000558B0100000000003AFE0300FE
:109650000000000000000000450A00001097030011
:109660001990010000000000699001000000000056
:1096700041FE03008200000000000000810800009D
:10968000148E0300176003000000000000000000BB
:109690000000000049FE0300000000000000000080
:1096A000000000001C8803004D60030045600300BB
:1096B000719201000000000051FE03003400000020
:1096C0001E000000440300001C88030085630300A3
:1096D0002F630300119801000000000058FE0300F2
:1096E000FFFFFF3FFFFFFF3F850400001C880300D2
:1096F000819B010000000000C59C010000000000EB
:109700005EFE0300640000206400002040030000AF
:109710001C88030029A00100976603009DA4010096
:10972000000000006AFE0300040100008200000047
:10973000450700001C88030075A901000000000017
:10974000000000000000000073FE030000000000A5
:1097500000000000000300001C88030035A9010080
:1097600000000000000000000000000078FE030080
:109770000000000000000000000300001C8803003F
:1097800091A901000000000000000000000000009E
:1097900081FE03006400002064000020C00200007D
:1097A000A497030001000000A2000400A0790300B8
:1097B00000093D0006010000407903000C00010093
:1097C00000000000407903000B0000004079030016
:1097D00003000000587903001E00000090012C01D6
:1097E00001000000E9B401001DB501004DB5010004
:1097F0000000000000000000000000000000000069
:1098000089B401009D6F0300A1B401004803040066
:10981000560304006A03040079030400850304006E
:109820008878030088780300D8780300E078030084
:1098300020790300287903009F030400010005003C
:10984000C903040002000700A50304000400080087
:10985000AE03040008000400B30304001000090074
:10986000BD03040020000800C603040040000A00F5
:10987000D103040080000600FF8FFFFFFF8FFFFF72
:10988000FE8FFFFFFE8FFFFFFD8FFFFFFC8FFFFFAF
:10989000FC8FFFFF6D757465785F66726565206388
:1098A000616C6C65642077697468204E554C4C205F
:1098B000706172616D6574657200000043616E27AE
:1098C0007420696E697469616C697A65206D75745C
:1098D00065782C20776173204E554C4C0D0A0000A2
:1098E000436F756C64206E6F74206C6F636B2070B7
:1098F0006F7765722073617665206D757465780089
:109900001000400000041000400000040000721F1E
:1099100051EF58EF5BEF5CEF5DEF61EF63EF65EFE9
:1099200069EF6CEF71EF76EF77EF78EF8EEF93EFF3
:1099300098EF9BEF9CEF9DEFA1EFA2EFA3EFA4EFB9
:10994000B7EFB8EFBEEFC0EFC1EFC4EFC7EFC8EF9E
:10995000C9EFCBEFE3EFE5EF14F015F017F019F0D6
:1099600030F037F03AF043F06CF074F0ABF03BF1CC
:1099700090F191F192F193F194F1D7F1E3F13DF28D
:1099800054F2AAF412F7F2F70400100000011000DC
:109990004000000400003C027804B306EE08280BE7
:1099A000610D990FD01106143A166C189D1ACB1C34
:1099B000F71E212148236C258E27AC29C72BDF2DCC
:1099C000F32F0332103418361D381C3A183C0E3E63
:1099D0000040ED41D443B74594476B493D4B084D9A
:1099E000CE4E8E504752FA53A6554C57EB58825ADA
:1099F000135C9D5D1F5F9A600E627A63DE643A6657
:109A00008E67DA681E6A5A6B8D6CB86DDA6EF46F09
:109A100004710D720C730274EF74D375AE76807797
:109A200048780779BC79687A0B7BA37B337CB87C58
:109A3000347DA67D0E7E6D7EC17E0C7F4C7F837F44
:109A4000B07FD37FEC7FFB7F00800100010001002D
:109A500022030100010001002203010001000100B6
:109A600002000100010001000100010001040104E5
:109A700001040104010401040104010401040104BE
:109A80000201220301040104010401040104010490
:109A9000010401040104010401040104010401049E
:109AA000010401040104010401040104010401048E
:109AB000010422030201060002012203250304041B
:109AC0000404040404040404040404040404040456
:109AD000040407012603030403040304030403042A
:109AE0000304030403040304070101050105010441
:109AF000010401040104010401040104010501053C
:109B000001052203020106000201220325030404C9
:109B10000404040404040404040404040404040405
:109B200004040701260303040304030403040304D9
:109B300003040304030403040701010501050104F0
:109B400001040104010401040104010401050105EB
:109B50000105220302010600020122034572726F11
:109B6000723A20646973706C6179206E6F74207230
:109B7000656164790A00557074696D653A2030003A
:109B8000436F756E7465723A20257500E2E2E2E279
:109B9000D0D0D0D0C103030308080308080D030D7B
:109BA000080F030F08101000FFFFFFFFFFFFFF80EB
:109BB0003FFCEFDFBF7EFDFBF7CC01C180387007B3
:109BC0000E00C1C01830070600E1C3FFFF7FFFEFA2
:109BD000FFFC1C1803870070E00C1C018300706000
:109BE000FFFFDFFFFBFFFF060C00C1803830070ED0
:109BF00000C1C0183003060001C001C001C001C08F
:109C000001C007F01FF83E7C381E700E7007700709
:109C10007007780078003E001FC00FF007FC00FEC0
:109C2000003E000F0007E007E007E007F00F780EA6
:109C30003FFE1FF807E001C001C001C001C01F00C6
:109C400000FF8001C7000707060E0E1C1C1C3038E1
:109C500038E070718071C700FF9C007C300000E02C
:109C6000000180000700001C7C0031FC00E71C01A3
:109C70009C1C0638381C707030E0E0E1C1C1838361
:109C800080038E0003FC0003E003F000FF801FFC54
:109C900003E1E03C0E0380E0380E0381C03C1C0170
:109CA000C7800EF000FC00078001FC003DE0E70EDD
:109CB0000E7070EE079EE03DCE01FCE00F8F00F8C5
:109CC0007C1F83FFFC1FFDE07F0FFFFFFF0000C034
:109CD000E0E0E0E0707038181C0E07070381C0E078
:109CE00070381C0E070381C0E0381C0E0701C0E06D
:109CF000301C060380E0380C000060380E0380C082
:109D0000701C0E0701C0E070180E070381C0E070E0
:109D1000381C0E07038381C0E0707038181C0C0ECD
:109D20000E0E060000038007000E001C00381E7394
:109D3000BFFF9FFE07C00F803B80E783C707070474
:109D40000C0001C00070001C00070001C000700082
:109D50001C000700FFFFFFFFFFFFFC070001C00022
:109D600070001C00070001C00070001C00070039D3
:109D7000CE7399CE60FFFFFFE06FF6001C00E0039A
:109D8000800E007001C006003800E007001C007063
:109D900003800E003001C007003800E003801C0083
:109DA0007001800E003801C007001C00E00007E0D1
:109DB0001FF83FFC7C3E700E700EE007E007E007E6
:109DC000E007E007E007E007E007E007E007E0075B
:109DD000E007E007F00F700E780E3C3E3FFC1FF8E6
:109DE00007E000C0F1FDFFFDF8781C0701C0701C02
:109DF0000701C0701C0701C0701C0701C0701C0760
:109E000001C07007F00FFE0FFF8F83C700F7803B84
:109E1000801DC00E00070003000380038003C00103
:109E2000C001C001C001C001C001C001E001E001EA
:109E3000E001E001FFFFFFFFFFFFC007E01FF83F69
:109E4000FE781EF00FE007E00700070007000E0095
:109E50001E07F807E007FC001E000E0007000700C1
:109E600007E007E007700E781E3FFC1FF807E000D0
:109E70001E0003C000F8001F0007E001DC003B806B
:109E80000E70038E0071C01C38038700E0E0381CA0
:109E9000070381C070700E0FFFFFFFFFFFFFF00090
:109EA000E0001C0003800070000E0001C03FFE3F78
:109EB000FE3FFE3800380038003800380073E07F7D
:109EC000F87FFC783E101E000F0007000700070017
:109ED00007E007F007700F780E7C3E3FFC1FF80785
:109EE000E000F803F80FF81F803E0038007800709B
:109EF0000073E0EFF8FFFCFC3EF00EF00FE007E02F
:109F000007E007E007E007F007700E780E3C3E3FE1
:109F1000FC0FF807E0FFFFFFFFFFFFE000E000702D
:109F200000780038001C001C000E000E000700071F
:109F300000038003C001C001E000E0007000700079
:109F400038003C001C001E000E000F000007F01F30
:109F5000FC3FFE3C1E780F700770077007700738D3
:109F60000E381E1FFC07F01FF8381C700EE007E0CB
:109F700007E007E007E007F00F781E3FFC1FF80737
:109F8000E007E01FF83FFC7C3C701EF00EE00FE0A5
:109F900007E007E007E007F007700F7C3F3FFF1F77
:109FA000F70FC70006000E000E001C003C00F81F53
:109FB000F01FE01F006FF60000000000006FF63396
:109FC000DE600000000000000039CE73B9DE6000E2
:109FD00002003C01F80FF07F03F81FC07C00F00185
:109FE000F800FE007F003FC01FC00F8007FFFFFF8B
:109FF000FFFFF8000000000000007FFFFFFFFFFCF4
:10A000008001C003E007F803FC00FE007F001F0092
:10A010001E01FC0FE07F07F81F803C0060000FC0AE
:10A02000FFC7FF9E1EF03F807001C007001C00E0CC
:10A0300007803C01E00F003801E007001C00000031
:10A0400000000000007001C007001C00001FE000BD
:10A0500003FFE0007FFFC007E03F0078007C07803F
:10A0600001E07800078780F81C380FE073C0FF8399
:10A070009C0F0C1CE0F06077070703F070381F831B
:10A0800081C0FC1C0E07E0E0703F070381F8301828
:10A090000FC180C07E0E0E077070703BC3C7C3CE69
:10A0A0001FFE3C707F3FC3C1E0F80E000000780047
:10A0B0000001E000000F8000003F01C000FFFE0033
:10A0C00001FFE00001FC000000380000E00007C0D4
:10A0D000001F0000EC0003B8000CE000718001C715
:10A0E000000E1C00383000E0E00703801C0600E092
:10A0F0001C0380700FFFE07FFF81FFFE0F003C38E4
:10A100000070E001C780079C000EF0003B8000F06B
:10A11000FFF07FFF3FFFDC01EE007F001F800FC0DC
:10A1200007E003F003B803DFFFCFFFC7FFF3803D75
:10A13000C00EE003F001F800FC007E003F003B8011
:10A140007DFFFCFFFC7FF80001FC00FFE07FFE1FAD
:10A1500003E3C03CF003DC007F8007E000FC000369
:10A16000800070000E0001C0003800070000E00011
:10A170001C001FC003B800F7801E78078F81F0FF16
:10A18000FC07FE003F00FFE03FFE0FFFC380F8E04A
:10A190000F3801CE003B800EE001F8007E001F80EA
:10A1A00007E001F8007E001F8007E001F800FE00D4
:10A1B0003B800EE007B803CE03E3FFF0FFF83FF06B
:10A1C00000FFFFFFFFFFFFFC000E00070003800100
:10A1D000C000E000700038001FFFCFFFE7FFF380F2
:10A1E00001C000E000700038001C000E00070003F2
:10A1F0008001FFFFFFFFFFFFC0FFFFFFFFFFFFE04A
:10A2000000E000E000E000E000E000E000E000FF2F
:10A21000FCFFFCFFFCE000E000E000E000E000E00C
:10A2200000E000E000E000E000E000E00001FC00F1
:10A230007FF01FFFC3F03E3C01E7800F7000770006
:10A2400000E0000E0000E0000E0000E01FFE01FF35
:10A25000E01FFE0007E0007E00077000770007782F
:10A260000073C00F1F01F0FFFE07FF801FE0E0003A
:10A27000FC001F8003F0007E000FC001F8003F00CB
:10A2800007E000FC001F8003FFFFFFFFFFFFFFF858
:10A29000003F0007E000FC001F8003F0007E000F7D
:10A2A000C001F8003F0007E000FC001CFFFFFFFFBB
:10A2B000FFFFFFFFFFFC0007000700070007000784
:10A2C0000007000700070007000700070007000756
:10A2D00000070007000700070007E007E007E00F9E
:10A2E000F00E783E3FFC1FF807E0E003DC00F3804F
:10A2F0003C700F0E03E1C078381E070780E1E01CB8
:10A3000078039E0077800FF801FF803F7807CF0029
:10A31000F0F01C0F0380F0701E0E01E1C01E38012A
:10A32000E7003CE003DC003CE000E000E000E0008F
:10A33000E000E000E000E000E000E000E000E0001D
:10A34000E000E000E000E000E000E000E000E0000D
:10A35000E000E000E000FFFFFFFFFFFFF00007FC70
:10A360000007FE0003FF8003FFC001FFE000FFB80D
:10A3700000EFDC0077EF007BF38039F9C01CFC7044
:10A380001C7E380E3F1E071F87070FC38387E1E33C
:10A39000C3F071C1F838E0FC0EE07E07703F03F8AF
:10A3A0001F80F80FC07C07E01C03F00E01C0E00026
:10A3B0007F0007F8007F8007FC007FE007FF007E3A
:10A3C000F007E7807E7C07E3C07E1E07E0F07E0F8B
:10A3D00007E0787E03C7E03C7E01E7E00F7E00FFE8
:10A3E000E007FE003FE003FE001FE000FE00070163
:10A3F000F8007FE01FFF81E0783C03C7801E7000FB
:10A40000E7000EE0007E0007E0007E0007E0007E2F
:10A410000007E0007E0007E0007E00077000E70014
:10A420000E7801E3C03C1E0781FFF807FE001F8085
:10A43000FFF83FFF8FFFF3803EE003B800FE001FF0
:10A440008007E001F8007E003F800EE00FBFFFCFE5
:10A45000FFE3FFE0E00038000E00038000E000387A
:10A46000000E00038000E00038000001F8007FE0EB
:10A470001FFF81E0783C03C7801E7000E7000EE0FC
:10A48000007E0007E0007E0007E0007E0007E0009D
:10A490007E0007E0007E00077000E7000E7801E311
:10A4A000C03C1E0781FFF807FF001FF80003C00033
:10A4B0001F0000F00006FFF03FFF0FFFE3807CE08D
:10A4C000073800EE003B800EE003B800EE0073801A
:10A4D0007CFFFE3FFF0FFF8381E0E03C380F0E0161
:10A4E000E38078E00E3803CE0073800EE003B800FE
:10A4F0007003F803FF81FFF0F03E78039C00F70043
:10A500001DC00770000E0003E0007F0007F0007F11
:10A510008003F0001E000380007E001F8007F00112
:10A52000DC00F7C0F8FFFC0FFE00FE00FFFFFFFF9E
:10A53000FFFFFFF00E0000E0000E0000E0000E0044
:10A5400000E0000E0000E0000E0000E0000E000041
:10A55000E0000E0000E0000E0000E0000E0000E051
:10A56000000E0000E0000E0000E0000E00E001F828
:10A57000007E001F8007E001F8007E001F8007E0DA
:10A5800001F8007E001F8007E001F8007E001F80B8
:10A5900007E001F8007E001F8007F003DE01E7C03E
:10A5A000F8FFFC1FFC00FC00E0003F8003FC001EE5
:10A5B000E000E7800F1C0070E00387803C1C01C0B6
:10A5C000E00E0780F01C0700E0780783C01C1C0029
:10A5D000E1E0038E001C7000E78003B8001DC0009E
:10A5E000FE0003E0001F0000F800038000F003807D
:10A5F0001FC01E00F7007803DC01F00E700FC03999
:10A60000E03F00E380EC078E03B81C381CE070F0DC
:10A610007381C1C1C60F07071C381C3870E078E190
:10A62000C380E3838E039C0E700E7039C039C067FF
:10A6300000F701DC01F8077007E01F801F803E0073
:10A640007C00F800F003E003C00F000F001C007056
:10A6500000F3C0070F0078780781E03C0783C03C17
:10A660003C00F1E0039E001EE0007F0003F0000FBD
:10A6700080007C0007E0003F8003DE003CF001E347
:10A68000C01E0F01E0780F01E0F00F07803C78005A
:10A69000F7800780F0007BC0078E00387803C1C0C8
:10A6A0001C0F01E0380E01E0F00707003C7800E3E2
:10A6B0008007BC001DC000FE0003E0000E0000701B
:10A6C000000380001C0000E000070000380001C00B
:10A6D000000E00007000038000FFFFFFFFFFFFFC83
:10A6E000000E00070003C000E00070003C000E00F8
:10A6F000070003C000E00070003C001E00070003DC
:10A70000C001E00070003C001E00070003FFFFFFD7
:10A71000FFFFFFF0FFFFFF0E1C3870E1C3870E1C28
:10A720003870E1C3870E1C3870E1C3870E1C387087
:10A73000E1FFFFF0E0038007001C007800E00380E9
:10A7400007001C007000E003800F001C007000E098
:10A7500003800E001C007001E003800E001C0070DE
:10A7600001C003800E003CFFFFF870E1C3870E1CA0
:10A770003870E1C3870E1C3870E1C3870E1C387037
:10A78000E1C3870FFFFFF007003803E01F00D80E7A
:10A79000E077071C38E1C71C1CE0EE0380FFFFFFD9
:10A7A000FFFFFFF0F0E1E1C1C007E01FF83FFC7CD4
:10A7B0003C701E000E000E07FE1FFE7FFE7C0EF09A
:10A7C0000EE00EE00EE00EF01E787E7FFE3FEE0FF4
:10A7D0008FE000E000E000E000E000E000E000E0EA
:10A7E00000E3E0EFF8FFFCF83EF01EE00EE007E0CB
:10A7F00007E007E007E007E007E007E00FE00EF002
:10A800001EFC3EFFFCEFF8E3E007E00FF83FFC3CE6
:10A810003E780F700FE007E000E000E000E000E0AD
:10A8200000E000E0077007780F3C1E3FFC1FF807B0
:10A83000E000070007000700070007000700070007
:10A840000707C71FF73FFF3C1F780F7007F007E0AF
:10A8500007E007E007E007E007E007E00770077898
:10A860000F3C1F3FFF1FF707C703E00FF81FFC3C1B
:10A870001E780E700EF007E007FFFFFFFFFFFFE0FE
:10A8800000E000F000700078063C1E3FFE0FFC0761
:10A89000F003F07F0FF1F01E01C01C01C0FFEFFEBE
:10A8A000FFE1C01C01C01C01C01C01C01C01C01C78
:10A8B00001C01C01C01C01C01C01C007C71FF73F1D
:10A8C000FF7C1F780F7007F007E007E007E007E064
:10A8D00007E007E007E0077007780F3C1F3FFF1F06
:10A8E000F707C700070007200F700E783E3FFC1FD8
:10A8F000F807E0E001C0038007000E001C003800EC
:10A900007000E3F1DFF3FFF7E1EF01FC01F803F082
:10A9100007E00FC01F803F007E00FC01F803F00736
:10A92000E00FC01F803F00706FF600EEEEEEEEEE1F
:10A93000EEEEEEEEEE060F0F0600000E0E0E0E0E01
:10A940000E0E0E0E0E0E0E0E0E0E0E0E0E0E0E0E27
:10A950000E0E0E1EFCFCF8E001C0038007000E0086
:10A960001C0038007000E03DC0F383C7078E1E1C3A
:10A970007839E07780FE01FE03FE079C0F3C1C3C0B
:10A98000383C7078E079C07B807700F0FFFFFFFFF4
:10A99000FFFFFFFFFFFFF0E3F03F1DFF1FF3FFF797
:10A9A000FF7C1FC1EF01F01FC01C01F803803F00B6
:10A9B0007007E00E00FC01C01F803803F007007E26
:10A9C00000E00FC01C01F803803F007007E00E009C
:10A9D000FC01C01F803803F0070070E3F1DFF3FFD4
:10A9E000F7E1EF01FC01F803F007E00FC01F803F23
:10A9F000007E00FC01F803F007E00FC01F803F005D
:10AA00007003E007FC07FF0783C780F3803BC01F8C
:10AA1000C007E003F001F800FC007E003F803DC06D
:10AA20001CF01E3C1E0FFE03FE00FE00E3E0EFF8EC
:10AA3000FFFCF83EF01EE00EE00FE007E007E00745
:10AA4000E007E007E007E00FE00EF01EF83EFFFC35
:10AA5000EFF8E3E0E000E000E000E000E000E0000C
:10AA6000E000E00007C71FF73FFF7C1F780F70076B
:10AA7000F007E007E007E007E007E007E007F0077E
:10AA80007007780F3C1F3FFF1FF707C7000700073D
:10AA9000000700070007000700070007E7F7FFFFB0
:10AAA0000F070381C0E070381C0E070381C0E070FF
:10AAB000381C0007E03FF0FFF3C1E701EE01DC00C6
:10AAC0003C003E003FC00FE001E001E001F803F868
:10AAD00007783EFFF87FE07F000E01C0380700E1F5
:10AAE000FFFFFFFF0E01C0380700E01C0380700E5F
:10AAF00001C0380700E01E03F83F03E0E00FC01F6D
:10AB0000803F007E00FC01F803F007E00FC01F80CB
:10AB10003F007E00FC01F803F80F783EFFFCFFB811
:10AB20007C70E00FE00EF00E701E701C781C383C3C
:10AB300038381C381C381C700E700E700EE006E0A1
:10AB400007E007C003C003800380E01C03F00E0190
:10AB5000FC0F81EE07C0E703E07381B038E1DC3819
:10AB600070EE1C38630E1C71C70738E703987381B9
:10AB7000DC19C0EE0EC03F07E01F01F00F80F803A4
:10AB8000C07801C01C00E00E00F00F781E781C3C5D
:10AB90003C1C781E700EF007E007E003C003C007FE
:10ABA000E00FE00EF01E781C383C3C781C701EF064
:10ABB0000F700738039E03C701C380E1E0F0707097
:10ABC00038381E1C071C038E01E70077003B801FEE
:10ABD000C007C003E001F000700038001C000C004A
:10ABE0000E00070007003F801F800F8000FFFDFF61
:10ABF000FBFFF001E007801E003C00F003C00700EF
:10AC00001E007801E003C00F003C007001FFFFFF51
:10AC1000FFFFF00040380F0380701C0380700E01AE
:10AC2000C0380700E01C0380E07C1F03E07E01C009
:10AC30001C0380700E01C0380700E01C0380380739
:10AC40008078070020FFFFFFFFFFFFFFFFFFFFFFF0
:10AC5000FF601E00E00E01C01C0380700E01C038B2
:10AC60000700E01C03803803E01C0F8380E01C0316
:10AC700080700E01C0380700E01C0700E0781E015C
:10AC800000001F0073FC077FE0770F0EE07FEE03EC
:10AC9000FC000F8028756E7369676E6564292063F8
:10ACA000686172202A207573656420666F722025A2
:10ACB000257020617267756D656E742E204974274A
:10ACC00073207265636F6D6D656E64656420746F6B
:10ACD000206361737420697420746F20766F6964D7
:10ACE000202A2062656361757365206974206D6137
:10ACF00079206361757365206D697362656861763B
:10AD0000696F7220696E206365727461696E206379
:10AD10006F6E66696775726174696F6E732E20530A
:10AD20007472696E673A2225732220617267756DAD
:10AD3000656E743A25640063627072696E74665F52
:10AD40007061636B616765006C6F6767696E670050
:10AD50006C6F67006C6F675F6D676D74004D657336
:10AD600073616765202822257322292064726F7021
:10AD70007065642062656361757365206974206520
:10AD80007863656564732073697A65206C696D69A1
:10AD9000746174696F6E2028257529004D65737381
:10ADA0006167652064726F707065642062656361BD
:10ADB00075736520697420657863656564732073B5
:10ADC000697A65206C696D69746174696F6E202899
:10ADD000257529000D0A001B5B306D0025732000CE
:10ADE0005B2530386C755D20005B253032753A2567
:10ADF0003032753A253032752E253033752C25309A
:10AE000033755D200025732F003C25733E200025FF
:10AE1000733A2000253032782000202020007C006A
:10AE2000206D657373616765732064726F70706500
:10AE300064202D2D2D0D0A1B5B306D001B5B313BFB
:10AE400033316D2D2D2D20001B5B313B33316D00D7
:10AE50001B5B313B33336D006572720077726E009D
:10AE6000696E6600646267006C6F675F6261636B46
:10AE7000656E645F727474006B65726E656C004B16
:10AE800065726E656C20636F6D6D616E64730063D7
:10AE900079636C65733A2025752068772063796340
:10AEA0006C65730A006379636C6573004B65726E41
:10AEB000656C206379636C65732E00556E61626CFE
:10AEC0006520746F20706172736520696E7075748F
:10AED0002028657272202564290A00736C656570EC
:10AEE000006D7300557074696D653A20256C6C7542
:10AEF000206D730A002D70002D2D707265747479A9
:10AF000000556E737570706F72746564206F707425
:10AF1000696F6E3A2025730A00757074696D653A21
:10AF200020256C6C7520646179732C20256C6C7500
:10AF300020686F7572732C20256C6C75206D696E9E
:10AF4000757465732C20256C6C75207365636F6E4A
:10AF500064732C20256C6C75206D696C6C6973654D
:10AF6000636F6E64730A00757074696D65004B657C
:10AF7000726E656C20757074696D652E2043616E0C
:10AF80002062652063616C6C656420776974682059
:10AF9000746865202D70206F72202D2D707265747D
:10AFA0007479206F7074696F6E7300342E302E398F
:10AFB00039005A65706879722076657273696F6EB0
:10AFC0002025730A0076657273696F6E004B657297
:10AFD0006E656C2076657273696F6E2E00556E61BA
:10AFE000626C6520746F207061727365206C6F678E
:10AFF00020736576657269747920286572722025E0
:10B0000064290A00496E76616C6964206C6F672060
:10B010006C6576656C3A2025640A00556E61626C39
:10B020006520746F2066696E64206C6F6720736F93
:10B03000757263653A2025730A006C6F675F6C65F3
:10B0400076656C003C6D6F64756C65206E616D6536
:10B050003E203C73657665726974792028302D3402
:10B06000293E00746872656164004B65726E656CA0
:10B0700020746872656164732E005363686564753B
:10B080006C65723A2025752073696E6365206C616A
:10B0900073742063616C6C0A005468726561647338
:10B0A0003A0A004E41002573257020252D3130735A
:10B0B0000A00096F7074696F6E733A2030782578D2
:10B0C0002C207072696F726974793A20256420743B
:10B0D000696D656F75743A20256C6C640A0009739C
:10B0E000746174653A2025732C20656E7472793A08
:10B0F0002025700A00556E61626C6520746F2064B3
:10B10000657465726D696E6520756E757365642012
:10B11000737461636B2073697A6520282564290A3A
:10B120000A0009737461636B2073697A6520257A5C
:10B13000752C20756E7573656420257A752C2075C5
:10B140007361676520257A75202F20257A75202860
:10B150002575202525290A0A004C697374206B6522
:10B16000726E656C20746872656164732E00257060
:10B1700020495251202530326420257328726561A0
:10B180006C2073697A652025347A75293A09756EC1
:10B19000757365642025347A750975736167652058
:10B1A00025347A75202F2025347A75202825327A87
:10B1B00075202525290A00257020252D333273207E
:10B1C000287265616C2073697A652025347A752947
:10B1D0003A09756E757365642025347A750975733F
:10B1E0006167652025347A75202F2025347A7520F3
:10B1F00028253275202525290A00737461636B7335
:10B20000004C697374207468726561647320737490
:10B2100061636B2075736167652E00524541445927
:10B220000044495341424C45440064657669636576
:10B23000733A0A005B25705D002D202573002020E5
:10B240004454206E6F6465206C6162656C733A00D3
:10B250006465766963650044657669636520636F3C
:10B260006D6D616E6473004C69737420636F6E66FC
:10B2700069677572656420646576696365730055F6
:10B2800073696E67206461746120776964746820F3
:10B2900025640A00496E636F72726563742064618D
:10B2A00074612077696474680A005265616420766D
:10B2B000616C756520307825780A00577269746969
:10B2C0006E672076616C756520307825780A006994
:10B2D0006E76616C6964206164647220272573272F
:10B2E0000A00696E76616C69642073697A6520274B
:10B2F0002573270A00696E76616C6964207769643A
:10B30000746820272573270A00613A733A773A0058
:10B31000272D61203C616464726573733E27206948
:10B3200073206D616E6461746F72790A00272D73EA
:10B33000203C73697A653E27206973206D616E64D5
:10B3400061746F72790A006465766D656D206C6F4B
:10B35000616420737570706F727473207365747498
:10B36000696E6720627970617373206F6E2061204F
:10B3700073696E676C6520696E7374616E63652EA8
:10B380000A004C6F6164696E672E2E2E0A7072651A
:10B390007373206374726C2D78206374726C2D71DA
:10B3A00020746F206573636170650A004E756D626D
:10B3B0006572206F662062797465732072656164BE
:10B3C0003A2025640A002D2D002D6500556E6B6E08
:10B3D0006F776E206F7074696F6E20222573220A5A
:10B3E000006465766D656D00526561642F777269E2
:10B3F000746520706879736963616C206D656D6F29
:10B4000072790A55736167653A0A52656164206D05
:10B41000656D6F7279206174206164647265737305
:10B420002077697468206F7074696F6E616C207723
:10B43000696474683A0A6465766D656D203C616480
:10B4400064726573733E205B3C77696474683E5D2B
:10B450000A5772697465206D656D6F727920617429
:10B4600020616464726573732077697468206D610C
:10B470006E6461746F727920776964746820616E9C
:10B48000642076616C75653A0A6465766D656D2039
:10B490003C616464726573733E203C7769647468D0
:10B4A0003E203C76616C75653E0064756D7000559C
:10B4B000736167653A0A6465766D656D2064756DC4
:10B4C00070202D61203C616464726573733E202D91
:10B4D00073203C73697A653E205B2D77203C776949
:10B4E0006474683E5D0A006C6F6164005573616747
:10B4F000653A0A6465766D656D206C6F6164205BEA
:10B500006F7074696F6E735D205B616464726573E4
:10B51000735D0A4F7074696F6E733A0A2D65096C1A
:10B520006974746C652D656E6469616E20706172FA
:10B5300073650052582072696E6720627566666591
:10B54000722066756C6C2E007368656C6C2E736867
:10B55000656C6C5F7561727400756172743A7E24FB
:10B5600020007368656C6C5F756172745F62616303
:10B570006B656E6400537562636F6D6D616E6473AD
:10B580003A0A006E6F74207465726D696E6174653D
:10B59000643A2025630A00506C65617365207370FE
:10B5A0006563696679206120737562636F6D6D6193
:10B5B0006E642E0A004572726F723A207265717560
:10B5C0006573746564206D756C7469706C65206654
:10B5D000756E6374696F6E20657865637574696FE5
:10B5E0006E730A003A20636F6D6D616E64206E6F3A
:10B5F0007420666F756E6400546F6F206D616E7994
:10B6000020617267756D656E747320696E20746851
:10B610006520636F6D6D616E642E0A0025733A209C
:10B6200077726F6E6720706172616D6574657220EC
:10B63000636F756E740A005741524E494E473A2067
:10B6400041207072696E7420726571756573742023
:10B65000776173206465746563746564206F6E2020
:10B660006E6F7420616374697665207368656C6CB5
:10B67000206261636B656E642E0A000A2573257370
:10B68000005368656C6C2074687265616420657233
:10B69000726F723A20256400506C6561736520708A
:10B6A0007265737320746865203C5461623E206249
:10B6B0007574746F6E20746F2073656520616C6C97
:10B6C00020617661696C61626C6520636F6D6D618C
:10B6D0006E64732E0A00596F752063616E20616C71
:10B6E000736F2075736520746865203C5461623EF9
:10B6F00020627574746F6E20746F2070726F6D703D
:10B7000074206F72206175746F2D636F6D706C653E
:10B71000746520616C6C20636F6D6D616E64732065
:10B720006F722069747320737562636F6D6D616EE3
:10B7300064732E0A00596F752063616E20747279EC
:10B7400020746F2063616C6C20636F6D6D616E643B
:10B75000732077697468203C2D683E206F72203C0E
:10B760002D2D68656C703E20706172616D65746529
:10B770007220666F72206D6F726520696E666F72DF
:10B780006D6174696F6E2E0A000A5368656C6C20D7
:10B79000737570706F72747320666F6C6C6F7769FD
:10B7A0006E67206D6574612D6B6579733A0A202090
:10B7B0004374726C202B202861206B65792066729F
:10B7C0006F6D3A206162636465666B6C6E7075774D
:10B7D000290A2020416C7420202B202861206B65D1
:10B7E000792066726F6D3A206266290A506C656135
:10B7F000736520726566657220746F207368656C6E
:10B800006C20646F63756D656E746174696F6E2012
:10B81000666F72206D6F72652064657461696C7308
:10B820002E0A000A417661696C61626C6520636F63
:10B830006D6D616E64733A0A00253038583A200005
:10B840007C0A005072696E747320746865206865A4
:10B850006C70206D6573736167652E001B5B2564DA
:10B860002563001B5B313B3325646D001B5B34306B
:10B870003325646D002573252D2A73002D68002D56
:10B880002D68656C7000202D20002020004C6F7307
:10B8900074206C6F67733A20256C750A00416374DD
:10B8A000697665207368656C6C206261636B656E98
:10B8B00064733A0A0020202532642E203A25732032
:10B8C000282573290A005B2533645D2025730A004F
:10B8D0006F66660020756E6B6E6F776E207061729A
:10B8E000616D657465723A200025733A257325737E
:10B8F0000A004563686F207374617475733A20257C
:10B90000730A004E6F20726573706F6E73652066E8
:10B91000726F6D20746865207465726D696E616CFC
:10B920002C20617373756D65642038307832342053
:10B9300073637265656E2073697A650A001B5B36F6
:10B940006E0072657476616C005072696E7420725C
:10B95000657475726E2076616C7565206F66206DFA
:10B960006F737420726563656E7420636F6D6D61B3
:10B970006E6400726573697A6500436F6E736F6CF5
:10B98000652067657473207465726D696E616C20E3
:10B9900073637265656E2073697A65206F722061CA
:10B9A0007373756D65732064656661756C74206969
:10B9B0006E20636173652074686520726561646FD1
:10B9C0007574206661696C732E204974206D7573DF
:10B9D00074206265206578656375746564206166AE
:10B9E0007465722065616368207465726D696E614B
:10B9F0006C207769647468206368616E6765207481
:10BA00006F20656E7375726520636F727265637403
:10BA1000207465787420646973706C61792E006895
:10BA20006973746F727900436F6D6D616E64206825
:10BA30006973746F72792E007368656C6C0055734E
:10BA40006566756C2C206E6F7420556E69782D6C50
:10BA5000696B65207368656C6C20636F6D6D616EDA
:10BA600064732E00636C65617200436C65617220C3
:10BA700073637265656E2E0072656D0049676E6F47
:10BA80007265206C696E657320626567696E6E69A8
:10BA90006E672077697468202772656D20270064BF
:10BAA000656661756C7400417373756D652038301F
:10BAB0002063686172732073637265656E207769B5
:10BAC00064746820616E642073656E6420746869B4
:10BAD000732073657474696E6720746F2074686571
:10BAE000207465726D696E616C2E006261636B65B6
:10BAF0006E6473004C6973742061637469766520A9
:10BB00007368656C6C206261636B656E64732E0A8A
:10BB1000006261636B73706163655F6D6F64650084
:10BB2000546F67676C65206261636B7370616365F6
:10BB3000206B6579206D6F64652E0A536F6D6520EB
:10BB40007465726D696E616C7320617265206E6FD1
:10BB5000742073656E64696E6720736570617261CD
:10BB600074652065736361706520636F646520662A
:10BB70006F72206261636B737061636520616E64D4
:10BB80002064656C65746520627574746F6E2E2018
:10BB90005468697320636F6D6D616E6420666F72A7
:10BBA000636573207368656C6C20746F20696E74B4
:10BBB0006572707265742064656C657465206B6570
:10BBC00079206173206261636B73706163652E001D
:10BBD000636F6C6F727300546F67676C6520636F7F
:10BBE0006C6F7265642073796E7461782E00767460
:10BBF00031303000546F67676C65207674313030B7
:10BC000020636F6D6D616E64732E0070726F6D7066
:10BC10007400546F67676C652070726F6D70742E5E
:10BC2000006563686F00546F67676C6520736865B3
:10BC30006C6C206563686F2E0073746174730053BD
:10BC400068656C6C20737461746973746963732EB6
:10BC5000006261636B737061636500536574206497
:10BC60006966666572656E742065736361706520D0
:10BC7000636F646520666F72206261636B737061CD
:10BC8000636520616E642064656C657465206B6516
:10BC9000792E0064656C6574650053657420746862
:10BCA000652073616D652065736361706520636FE6
:10BCB000646520666F72206261636B737061636597
:10BCC00020616E642064656C657465206B65792EF7
:10BCD00000726573657400526573657420736865DE
:10BCE0006C6C207374617469737469637320666F1C
:10BCF0007220746865204C6F67676572206D6F6491
:10BD0000756C652E0073686F7700476574207368E3
:10BD1000656C6C20737461746973746963732066F5
:10BD20006F7220746865204C6F67676572206D6F55
:10BD300064756C652E0044697361626C652073687C
:10BD4000656C6C206563686F2E2045646974696E4C
:10BD500067206B65797320616E64206D6574612D59
:10BD60006B65797320617265206E6F742068616EF7
:10BD7000646C656400456E61626C65207368656C17
:10BD80006C206563686F2E0044697361626C652086
:10BD900070726F6D70742E00456E61626C652070FC
:10BDA000726F6D70742E0044697361626C652076E9
:10BDB0007431303020636F6D6D616E64732E004599
:10BDC0006E61626C6520767431303020636F6D6D0A
:10BDD000616E64732E0044697361626C6520636FE9
:10BDE0006C6F7265642073796E7461782E00456E95
:10BDF00061626C6520636F6C6F7265642073796E2D
:10BE00007461782E00436F6D6D616E64206275669B
:10BE100066657220697320746F6F2073686F727427
:10BE200020746F20657870616E6420616C6C206393
:10BE30006F6D6D616E6473206D61746368696E67A8
:10BE40002077696C646361726420706174746572D8
:10BE50006E3A2025730A002A2A2A20426F6F7469DD
:10BE60006E67206E524620436F6E6E65637420537A
:10BE7000444B2076332E302E322D383962613132E8
:10BE8000393461633962202A2A2A0A002A2A2A20A0
:10BE90005573696E67205A6570687972204F532018
:10BEA00076342E302E39392D663739316334396680
:10BEB00034393263202A2A2A0A006D757465785F46
:10BEC000696E69742063616C6C656420776974685D
:10BED000204E554C4C20706172616D657465720026
:10BEE000436F756C64206E6F7420616C6C6F63615E
:10BEF0007465206D75746578206265666F72652063
:10BF0000696E697469616C697A696E670072302F55
:10BF100061313A2020307825303878202072312F56
:10BF200061323A2020307825303878202072322F44
:10BF300061333A20203078253038780072332F6111
:10BF4000343A2020307825303878207231322F6909
:10BF5000703A2020307825303878207231342F6CB8
:10BF6000723A20203078253038780020787073724B
:10BF70003A2020307825303878004661756C746935
:10BF80006E6720696E737472756374696F6E206179
:10BF900064647265737320287231352F7063293A97
:10BFA0002030782530387800556E68616E646C6595
:10BFB00064204952516E3A202564002A2A2A2A2AEE
:10BFC00020425553204641554C54202A2A2A2A2AD9
:10BFD000002020537461636B696E67206572726F15
:10BFE00072002020556E737461636B696E67206503
:10BFF00072726F72002020507265636973652064ED
:10C0000061746120627573206572726F7200202006
:10C010004246415220416464726573733A2030781D
:10C020002578002020496D7072656369736520640E
:10C0300061746120627573206572726F72002020D6
:10C04000496E737472756374696F6E2062757320C4
:10C050006572726F72002020466C6F6174696E6742
:10C060002D706F696E74206C617A792073746174BD
:10C070006520707265736572766174696F6E206594
:10C0800072726F72002A2A2A2A2A20555341474584
:10C09000204641554C54202A2A2A2A2A002020448E
:10C0A00069766973696F6E206279207A65726F00B4
:10C0B0002020556E616C69676E6564206D656D6FDB
:10C0C0007279206163636573730020204E6F206373
:10C0D0006F70726F636573736F7220696E737472C1
:10C0E000756374696F6E73002020496C6C656761BD
:10C0F0006C206C6F6164206F66204558435F524529
:10C100005455524E20696E746F20504300202049D0
:10C110006C6C6567616C20757365206F6620746850
:10C12000652045505352002020417474656D707431
:10C1300020746F206578656375746520756E64651D
:10C1400066696E656420696E737472756374696F75
:10C150006E002A2A2A2A2A204D5055204641554C45
:10C1600054202A2A2A2A2A002020537461636B69EA
:10C170006E67206572726F722028636F6E746578C7
:10C18000742061726561206D696768742062652042
:10C190006E6F742076616C6964290020204461749C
:10C1A00061204163636573732056696F6C617469C4
:10C1B0006F6E0020204D4D464152204164647265EF
:10C1C00073733A2030782578002020496E7374729A
:10C1D000756374696F6E204163636573732056697C
:10C1E0006F6C6174696F6E00526573657276656419
:10C1F00020457863657074696F6E202800537075F0
:10C2000072696F757320696E7465727275707420CF
:10C21000284952512000535053454C20696E2074D8
:10C220006872656164206D6F646520646F6573205A
:10C230006E6F7420696E6469636174652050535039
:10C24000002A2A2A2A2A2048415244204641554C95
:10C2500054202A2A2A2A2A00202042757320666147
:10C26000756C74206F6E20766563746F72207461D4
:10C27000626C6520726561640020204465627567A8
:10C28000206576656E740020204661756C742065AB
:10C290007363616C6174696F6E20287365652062D9
:10C2A000656C6F772900415243485F4558434550BC
:10C2B00054207769746820726561736F6E202578E9
:10C2C0000A002A2A2A2A2A204465627567206D6F8F
:10C2D0006E69746F7220657863657074696F6E2023
:10C2E0002A2A2A2A2A002A2A2A2A2A2025732025AD
:10C2F0006429202A2A2A2A2A006D7075004661695D
:10C300006C656420746F20616C6C6F636174652070
:10C310006E6577204D505520726567696F6E2025D8
:10C32000750A00506172746974696F6E2025753AE0
:10C330002073616E69747920636865636B20666140
:10C34000696C65642E00464C4153485F300053527F
:10C35000414D5F30006765746F707400000001002C
:10C360000000736F6300636C6F636B403430303078
:10C370003030303000636C6F636B006866636C6BE9
:10C38000006C66636C6B00636C6F636B5F636F6EF6
:10C3900074726F6C006770696F40353030303033C5
:10C3A0003030006770696F31006770696F403530F9
:10C3B000303030303030006770696F30000001027B
:10C3C00003040506074661696C656420746F20618B
:10C3D0006C6C6F6361746520505049204368616ED6
:10C3E0006E656C00756172744034303030323030BC
:10C3F0003000756172743000756172745F6E7266C0
:10C40000785F7561727465004661696C656420745B
:10C410006F20616C6C6F63617465204750494F54A5
:10C4200045206368616E6E656C20666F72205741AF
:10C430004B45004661696C656420746F20636F6EC4
:10C440006669677572652057414B452070696E00BB
:10C450004353204750494F20706F7274202573203A
:10C4600070696E202564206973206E6F7420726578
:10C4700061647900557064617465206578636565F1
:10C4800064732063757272656E742062756666658A
:10C49000720048616C662D6475706C6578206E6FF3
:10C4A0007420737570706F7274656400536C61767C
:10C4B00065206D6F6465206973206E6F74207375DD
:10C4C00070706F72746564206F6E202573004C6FFE
:10C4D0006F706261636B206D6F6465206973206E9D
:10C4E0006F7420737570706F7274656400576F722B
:10C4F000642073697A6573206F746865722074684C
:10C50000616E2038206269747320617265206E6FDD
:10C510007420737570706F72746564004672657113
:10C5200075656E63696573206C6F776572207468DA
:10C53000616E20313235206B487A20617265206E41
:10C540006F7420737570706F7274656400466169F2
:10C550006C656420746F20696E697469616C697AB6
:10C5600065206E726678206472697665723A20255D
:10C570003038780057616974696E6720666F722081
:10C5800057414B452061636B6E6F776C6564676DD7
:10C59000656E742074696D6564206F7574005469EC
:10C5A0006D656F75742077616974696E6720666F59
:10C5B00072207472616E7366657220636F6D706C49
:10C5C0006574650073706940343030303430303019
:10C5D0000073706931007370695F6E7266785F73A3
:10C5E000706900737069403430303266303030002A
:10C5F000737069330061726475696E6F5F7370691F
:10C60000007370695F6E7266785F7370696D0000A9
:10C610000000000001010000000000002030303068
:10C6200030303030303030303030300001010000F8
:10C630000000006F626A00020410081040535700A7
:10C64000808080818182828384858687898A8C8D9F
:10C650008F91939597999B9EA0A2A5A7AAADAFB2E3
:10C66000B50055AAFF00112233445566778899AA70
:10C67000BBCCDDEEFF000100000000000000010067
:10C6800000020000000002000000000000000000A6
:10C690000000000000000001000000000000000099
:10C6A000000000000000010A0006FB00000000F48A
:10C6B000F3020B0504F7020B01090207000000005A
:10C6C000000000000000000D02FE0000000000005D
:10C6D0000000000000000400F90000000000FC045D
:10C6E000040000FE00FE0200FE00FEFFFC00000051
:10C6F00000FE0000FDFD0000FE00FC000000000048
:10C7000000000000FEFE00FD00FA00E50000FC0055
:10C7100004070000FC02020704FC040000F3000010
:10C72000000000000000000000F800000000000011
:10C730000000000000000000FAFDF500F7FE000018
:10C740000000000900F9FEFF0100FC0000FEEF0000
:10C7500000000000000000000000EEFE09000000E4
:10C76000000000000000000000F7000000000000D2
:10C77000000000000700020000FC000000000000B4
:10C78000000000000000000000000009020100009D
:10C790000000000000000000000000000000000099
:10C7A0000000000000000000000000000000000089
:10C7B0000000000000F80000000000000000000081
:10C7C000000000000000000000000000020402075A
:10C7D000FE000004FEF9E102060400FD0008000767
:10C7E000000700EB00FD070007FE0402000001FE49
:10C7F0000000FC12001200070009030407000000FB
:10C80000F80000000001FE0002FCFDFC0200FE003A
:10C810000000F70000000000000000000000F10030
:10C82000000000000000000000000000000001F413
:10C8300000F200000000FE0016FDFD0202FE00FDF9
:10C84000020000F40000000000000000000000EA08
:10C850000002000000000000000000000000F200E4
:10C860000D0000F8000700F1EAF1FC070000F100FC
:10C8700003FB00FD000000000000000000000000BD
:10C880000607E50000000000000000000000000BAB
:10C89000000200000000000202FDFC00FFFFFE009D
:10C8A00000FE000000FC00FE00FBFC00FAF9F9FCB1
:10C8B00000FC00FC00000000FE0000020002FE0080
:10C8C0000100000002FE000000FE0202FF00000066
:10C8D000FC00FF0000000000010003FE00FD00FC62
:10C8E0000000FE00070000FE0000000000FF01FE47
:10C8F000FE0000FE00FE000000000000000000FF3F
:10C90000FF00FEFD0000000000010000FE00FEFE32
:10C91000FE000000000000000000FF00000000FE1C
:10C92000FD00FD00F9FEF9040000FC02040600FA17
:10C93000FFFD00FFF502FE02F402000001F400F426
:10C94000FEEDFE00F50004060003000000000000FC
:10C95000FCFD00F9000000FE000000FE00000000E9
:10C9600000FFFF00FFFD00000000000000FEFE00D1
:10C97000FEFDFE0000FE00000000000000000000C0
:10C9800000FEFE00FD00FE00FC020000FD010202B0
:10C99000000000000000FE0000000000020000FE99
:10C9A00000FEFEFD000000000000000200FE00008E
:10C9B0000000FEFD00FC0007FE01F9000006F5F492
:10C9C000F7FC0200FEF1FC00FC00FC03FCF200FAA4
:10C9D000000001FF02FE000200F9F700F5FBFBFB7F
:10C9E000F9FDFA00FCFA01000100FE00000002005F
:10C9F000020000000000000000000000FE00FF0038
:10CA0000FFFE00FCFBFBFF00F9000000000000FE41
:10CA10000000000001FF0000000200000000000014
:10CA200000000B00000000000002000000FE0000FB
:10CA3000000000000000000000FC000200000000F8
:10CA4000000000000000000000FE000000FC0000EC
:10CA50000000F5F9000000FDF50000FE0200FA00FC
:10CA6000000000000000000000FC0000FC000000CE
:10CA70000000000000000000000200FC00000000B8
:10CA8000030002FCFC00FEFEFD000000000000F9B7
:10CA900000FE00FDFE00FBFAF9FE00FC00F90000BC
:10CAA0000000120000010000FD000200F60000007E
:10CAB0000000EBFC0707FEF70002FD00F5FFFD029A
:10CAC000F0FE030003F8FDF8F9F70000F3000D0095
:10CAD00000FF000000FFFFFEFAF900EB000000007D
:10CAE0000000000000010000000000000000000045
:10CAF000000000000000FE00FFFEFD0000FC00FE44
:10CB0000000000000000000000000000000000FF26
:10CB100000FC000004FF0300FB02FEFFFAFE00FD24
:10CB2000FEFE00FDFC0000FEFFFEFCFD0000FE001E
:10CB300002FE00FB000000FC00FC00FCFC02000008
:10CB4000000000000000FC0200FD00FEFDF9FEFEFA
:10CB5000FEFFFEFDFF0000000000FEFEFE000000E4
:10CB60000003FE00FE000000FEFDFEFEFDFE0002D2
:10CB700009FF00FA00FE0400FEF7FD030000F5FCCB
:10CB800002FC0200FEFEF900FD010000FC000000B6
:10CB90000202FCFC00FCFEFDFEFE00FC01FCFC07AA
:10CBA0000000000000000000000200000000000083
:10CBB0000000000000000000000000000000000075
:10CBC00000FC000000000000000000000000000069
:10CBD0000000000000000000000000000000000055
:10CBE00000000000000000000000000000FE000047
:10CBF0000000000000000000000000000000000035
:10CC00000000000000000000000000FEFE00000028
:10CC1000000000000000000000FD0000FD0000FE1C
:10CC2000FE00000000FE00000000FF000000000009
:10CC3000FE00000000FD00FC000000F90002FB0403
:10CC400000FEF50000FBFE00F7FAFA0000F6FEF722
:10CC5000F7F500FA00020FFD00FBFEFFFEFCFAFCF8
:10CC6000F8F7FBFE0000FE00010000F0FE0705FBE8
:10CC7000F80001F900F5FEFE04EBFD010000F1FDF6
:10CC8000F4FEF00000F0000D0100FE00000000FFC7
:10CC9000FEF7FE00F100000000F900FE00FFFAF5CB
:10CCA0000000FFFDF9FE00FE00000000F6FEF9F9AD
:10CCB000FEFCFAFEFC00FCFEF9FD00FDFCFEFC00A3
:10CCC0000100FEF9000400FC00000000030002FC6B
:10CCD0000900FEFEFD000000000000F900FE00FD5E
:10CCE000FE00FBFAF9FE00FC020900000000120041
:10CCF00000010000FD000200000000000000000034
:10CD00000000000000FEFC0000000000FF0000002A
:10CD1000FEFE0000FCFE0000FC0004FF000000001E
:10CD200000000100000000030402FE00F9FC0007FF
:10CD3000F9F9FCFC090402EDFE04FE00FE02FEF817
:10CD400000FE02FDFEF9FE0000070400FA00F4FDFB
:10CD500006FDF701FDF9F9FE090200FD00FA0002E7
:10CD600007FBF8F7FA070001F0FE02FCFEFB00FBF0
:10CD7000F8FDFDFE0000FBFBFE000705FEF400F4DD
:10CD8000FD00F8F3FFF9FCF9FA060000FD00FCFED7
:10CD900000FEFC0004F9020000F400FEFBFCFEF9BA
:10CDA000FAF9FB00F9FEFBFCF9FE0000010BFC00A8
:10CDB000F9FE00FEFCFBFAFAF7FDFC0400FD00F5AD
:10CDC000FD0104F9F8FCF907FE01EBFC04FBFCF89B
:10CDD00000F9F7FDFEFEFEFBF9FF00000706FEF17D
:10CDE00000F3FB05F7F1FCF8F7F5F904000000008B
:10CDF000FD000002FD0402FC040000F9FF00FF003A
:10CE00000101FE000000000000FE0000000002071B
:10CE10000000FD00000000FEFEFD00000001020019
:10CE20000000000200FE000900040101FD000400F2
:10CE300000000200000000000000000000000700E9
:10CE4000060000000000000000000000000000F3E9
:10CE500000FE04000700001603FCFC0202FE01F5C0
:10CE600000000BF30000000000000000000000F1D3
:10CE7000091F000000000000000000000000F30097
:10CE800000000000000000000000000000000000A2
:10CE9000000000000000000000FC0000FCFE00009C
:10CEA0000000000000000000000000000000000082
:10CEB00000FE00FA0000010000021DFCFE0706FA59
:10CEC0000200000202FD000000000000000000005F
:10CED00000E3060000000000000000000000000069
:10CEE00000000000FA000000FA00000000FBFF0054
:10CEF0000000FB00FD00F500000000000000000045
:10CF00000000F10000000001000000000000FE0031
:10CF100000FC00FD00FA000000FC02FD0000FAFE2B
:10CF2000FB0000FA00FE00F500FE0000EEFCF7FE3C
:10CF3000F80000F100FAFF0000000000000000FD12
:10CF4000FCFEFC00000000FB00FB03FE0400FEFBF7
:10CF5000FEFCFC00FDFFFE02FAFF000000ECFEFDFF
:10CF600000FB00FEF5FE0000FEFE000000000200D7
:10CF7000FEFCFE04000000000000000000000000B5
:10CF800000000000000000000000000000000000A1
:10CF9000000000000000000000000000000000038E
:10CFA000000000000000FB00FE000000FC0200008A
:10CFB00000FAFEFC0000FA00FE00F500000000EAA6
:10CFC00000FCF8F50000F100FEFD0000000000008C
:10CFD0000000FEFDFFFD01000004FD00070BFEFE4A
:10CFE000F9030B0405FA0309030605060000000017
:10CFF000000000000000000E0BFCFE00FE120A12F2
:10D00000000000020000080000FC0000000000001A
:10D01000000000FE0000000000000000030000000F
:10D0200000EDFDFEF7F50000F1000000000000003B
:10D0300000000000000000000000FC0000000000F4
:10D0400000000000FE0000000000000000030000DF
:10D050000000EDFDFEF7F50000F700000000000005
:10D0600000000000000000000000000000FE0000C2
:10D0700000FB0200FE020402F90000FE02000200B2
:10D08000000000FA00FEFEFC00FEF7000EFE00FBB2
:10D09000FE00FEFC00FEFAFCFD000000FC000000AB
:10D0A000000000000000FE0000000000000000037F
:10D0B00000000000EDFDFEF7F50000F100000000AB
:10D0C00000000B00000000000000000000FC00F960
:10D0D000FDFE07FEFEF701FF01FEFA00050002015A
:10D0E00002FBF7FD00F7FCFAF7F700FCFCFDFDFE84
:10D0F000FEFDFE00FEFF030003FE0007000000002F
:10D100000000000000000000FEFEFE0000FA00FF2C
:10D1100000FC0000000000000000000000F3000020
:10D12000000000000000000000FEFE00FD00000006
:10D1300000FE0000FCFE0200FCFCFE00FAFEFBFE0E
:10D14000FD00FC0000000000000000000000F100F5
:10D15000070000FC00000000FD00FE0000FF0000D2
:10D16000FE00FB000009FDF9F902020200FA0203C9
:10D1700002070207FEFA0000F70000F9FA0000FCBF
:10D1800000FDFC00FD00FD00FE0300FEF9FE0800AE
:10D1900000FE00FC000003FB0002FE020000F9009C
:10D1A000FEFF00FE02FE000000F7FDFB00F900009C
:10D1B000F50008FE00FC000100FE00FEF900FE0282
:10D1C00000000000FE000002FD010000FDFE00FD69
:10D1D000000000000000000000000000000000004F
:10D1E00000F200050000FE000000000000FEFE004E
:10D1F00000000400050000000000F2F3010A07042B
:10D20000F702090008000400000000000000000010
:10D2100000000C0000000000000000000000000002
:10D220000000000001020003040502060708090AC5
:10D23000090A0B0C0D0E0F10110C1213141515000A
:10D24000000016171819171919191719191A191989
:10D25000191917191719031B1C1D1D1E1F20212228
:10D2600023002400252627272700272628292626CD
:10D270002A2A272A272A2B2C2D2E2E2F2E3000004B
:10D280002309310900000000000000000000000038
:10D29000000000000000000000000000000000008E
:10D2A000000000000000000000000000000000007E
:10D2B000000000000000000000000000000000006E
:10D2C000000001020003040502060708090A090A12
:10D2D0000B0C000D0E0F101112130C141400000093
:10D2E0001516171819161A1B1C1D1D1E1F201D1D93
:10D2F0001621222303241E2525262728292A2B0030
:10D300002C002D2E2F303132332D343435302D2D4D
:10D310002E2E36373839333A3A3B3A3C2900000949
:10D320003D090000000000000000000000000000B7
:10D3300000000000000000000000000000000000ED
:10D3400000000000000000000000000000000000DD
:10D3500000000000000000000000000000000EA01F
:10D36000D90D90C80C80B70A60110B80D91F0991A4
:10D37000F0881F0880F088000000000D203C0000AD
:10D380000F0069002FFFFFFFF7015C11A610006975
:10D3900000C300008800D2009FFFFFFFF012C523EA
:10D3A000E22000D203C00000F004B00000007000D2
:10D3B00000000E00000000E0000019EFEA300CD67B
:10D3C000E6A702F40E00001F80E000006FEF50009F
:10D3D0000016FFE500000E0AF00100E05F13F85EA2
:10D3E0006EB005CFFE9100000E000000007000003E
:10D3F00008DD3000A7004B02D004C0007700D01D2C
:10D4000020004B03D0A7000007DC34C4CC30000060
:10D410001D2D22D00000A63B00B30005C03A00A39A
:10D42000001D200D00D000A60004CC40004DFC30B3
:10D430000000F718C00001F205D00000BB6E4000EC
:10D44000005FF3000007E6DB03802F301DBAA05F0A
:10D450000001DF401FB448FEC003BFFC40B2000023
:10D460000000001F01F01F00F0000003F10B900FFF
:10D47000404F007D009B00AA00AA009B007D004F4A
:10D48000000F400B9003F15E000E6008C004F00135
:10D49000F300F500E600E600F501F304F008C00E25
:10D4A000605E0000930088A6C209FE404DDDB142D7
:10D4B0009350005200000450000008A0000008A093
:10D4C000001FFFFFF30339B3300008A0000008A0DD
:10D4D000000103F61E60E12C00000003FFF9033396
:10D4E000100003F52E4000000E400004E000009AFA
:10D4F00000000E400004F000009A00000E400003FF
:10D50000F000009A00000E500003F000009A0000A6
:10D510000E500003F00000004CFE70004FB68F90DC
:10D520000DB0005F32F40000E74F20000CA4F200C1
:10D5300000CA2F40000E70DB0005F204FB68F90002
:10D5400004CFE700EFFB44CB00AB00AB00AB00AB7C
:10D5500000AB00AB00AB00AB07DFEA108E857EC0EE
:10D56000010006F1000006F000000D900000CC0064
:10D57000001CC00001DB00001DE544427FFFFFF9F5
:10D580007FFFFFF024445F900000BC000009E10031
:10D59000003FD81000046DD0000002F4100002F427
:10D5A000BD757DD019DFEA1000000DA0000000ACB1
:10D5B00000000007E10000004F40100002F600F5F7
:10D5C000001DA000F5007FFFFFFFF3133333F7309A
:10D5D000000000F500000000F50009FFFFF00AB4AC
:10D5E00044400C8000000E7000000FFFFC4003342C
:10D5F0005CF2000000F7100000F78E856CF108DF88
:10D60000FB30002AEFD5003FD657400CC000000287
:10D61000F40000004F5BFFA104FE845DD03F80005A
:10D620003F30E80003F206F845DC0005DFE9109F13
:10D63000FFFFFD9D4444E99C0004F200000BB00094
:10D64000002F400000AD000001F6000008E00000DF
:10D650000E8000006F1000019EFE9100BE636EC040
:10D660000F60006F00CC202BC002EFFFE200DC4215
:10D670004CD05F20001F55F20002F50ED535DE00BC
:10D680001AEFEA1003BFEA202FA44BE18E0000E955
:10D690009D0000DD4F7129FF07FFFC9E000210ACCA
:10D6A000000002F607658FB00AEFD7002E53F50091
:10D6B00000000000003F52E42E53F500000000007F
:10D6C000002E52F60D21D001000000003100006C48
:10D6D000F2018ED6000FC300000AFB40000017EED7
:10D6E00070000005C3000000001FFFFFF303333389
:10D6F0003000000000000000001FFFFFF303333381
:10D7000030040000000ED71000005CF92000002A51
:10D71000F20003AFB106DE82001C600000000000D2
:10D720000007DFEA109E746EC0010006F0000009D9
:10D73000C000008E200006F200000870000000000B
:10D7400000000B8000000C900000006CEFDA40003D
:10D75000003DA41016D90001E509EE98CA900A8090
:10D76000BD43AFC0D30F13F2000CC0693C06D0001C
:10D7700007C03B4B06D00007C02C3C03F2000CC096
:10D780004A0F10BD439EE3C50A8009EE91CF900178
:10D79000E50000000000003DA41028000000007C0F
:10D7A000EFD9100000000CF1000000003FD700008E
:10D7B0000000B96E00000002F20E50000009A00740
:10D7C000D000001F3000F400007FFFFFFB0000E7E7
:10D7D00033334F2005F000000C900C90000006F150
:10D7E0008FFFFEC408E3334BF28E00001F58E000A9
:10D7F00018F18FFFFFF808E33337F68E000009C8F1
:10D80000E000009D8E33347F78FFFFFD700007CF6E
:10D81000FB4000CF966AF50AE20000301F6000006E
:10D82000004F200000004F200000001F600000009B
:10D830000AE200003001CF966AF50007DFFB408F57
:10D84000FFFEA4008E4446CF708E000007F38E00CA
:10D850000000DA8E0000009D8E0000009D8E00000A
:10D8600000DA8E000007F38E4446BF708FFFFEA4DF
:10D87000008FFFFFF68E4444418E0000008E0000B2
:10D88000008FFFFFC08E3333208E0000008E00001B
:10D89000008E4444428FFFFFF98FFFFFF68E444411
:10D8A000418E0000008E0000008E0000008FFFFF00
:10D8B000C08E3333208E0000008E0000008E0000EA
:10D8C000000007CFFC5000CF966AF60AE200002065
:10D8D0001F600000004F200000004F200000B91F13
:10D8E000600000B90AE30000B900CF966AF80007AB
:10D8F000DFFC608E000008E8E000008E8E0000086B
:10D90000E8E000008E8FFFFFFFE8E333339E8E00D8
:10D910000008E8E000008E8E000008E8E000008EBD
:10D920008E8E8E8E8E8E8E8E8E8E02FFFFC0044463
:10D93000BC000009C000009C000009C000009C0061
:10D940000009C02000BA0EB58F603CFE808E00003A
:10D950004F508E0004F6008E003F70008E03F800DA
:10D96000008E2EC000008EECF600008FB07F3000DD
:10D970008E000AE1008E0000CC008E00001EA08EFA
:10D980000000008E0000008E0000008E0000008E5F
:10D990000000008E0000008E0000008E0000008E4F
:10D9A0004444408FFFFFF28E00000008E8F70000BB
:10D9B00002FE8FF10000BFE8DCA0004F9E8D2F30EB
:10D9C0000D87E8D09C06E07E8D01E7E507E8D006EC
:10D9D000FC007E8D000A2007E8D00000007E8E103B
:10D9E0000008E8FC00008E8FF90008E8E6F6008EDB
:10D9F0008E09F308E8E00CE18E8E001EB8E8E00026
:10DA00003FEE8E00006FE8E00000AE0007CFEB5065
:10DA10000000CF966BF9000AE200005F601F600013
:10DA2000000AD04F20000006F04F20000006F01F33
:10DA30006000000AD00AE200005F6000CF966BFA37
:10DA4000000007DFEB50008FFFFD7008E4458FB04A
:10DA50008E00005F38E00001F58E00003F48E001D5
:10DA60004DD08FFFFFB208E33310008E0000000896
:10DA7000E00000000007CFEB500000CF966BF900EC
:10DA80000AE200005F601F6000000AD04F20000023
:10DA900006F04F20000005F01F6000000AD00AE2E7
:10DAA00000005F6001DF855AFA000008DFFC5000CB
:10DAB000000001EC21940000001BFFC100000000E9
:10DAC00012008FFFFD7008E4458FB08E00005F38B4
:10DAD000E00001F58E00003F38E0014DD08FFFFFE0
:10DAE000C208E333DA008E0002F608E00005F30115
:10DAF0009EFDA200CE646B702F40000001F8000074
:10DB00000006FD950000016AEE500000009F002015
:10DB10000005F13FA547EB004BEFE910FFFFFFFFCA
:10DB20002444BD44400009C00000009C00000009DE
:10DB3000C00000009C00000009C00000009C000024
:10DB40000009C00000009C00009C00000BA9C00060
:10DB500000BA9C00000BA9C00000BA9C00000BA9F1
:10DB6000C00000BA8E00000D94F40003F50CF868B4
:10DB7000FD0009EFE9100CB000000AC05F200001B1
:10DB8000F500E900008E0008F0000E70001F60052F
:10DB9000F10000AD00C9000003F43F3000000CBAF2
:10DBA000C00000005FF500000000EE00006F1000F4
:10DBB0000DB00002F21F60003FF10008D00BB00072
:10DBC0008BE6000D7006F000E69B002F2001F503A8
:10DBD000F14F108D0000CA09B00E60D800006F0E22
:10DBE0006009B2F300001F9F1004F9D000000CFB85
:10DBF0000000EF80000007F600009F30003F50005B
:10DC00000DA008F2009D0000CC04F300002F9E70D0
:10DC1000000006FC00000009FE1000004F4DB0009F
:10DC200001E802F7000BD0007F207F20000BD00C12
:10DC3000B000009C002F50002F30009E000C900080
:10DC400000E805F1000005F3E60000000CFD00000F
:10DC500000003F4000000002F3000000002F3000F1
:10DC6000000002F300004FFFFFFF9144444AF3001D
:10DC70000003F6000001EA000000CC0000009E1046
:10DC800000006F4000003F7000001ED4444436FF87
:10DC9000FFFFFC8FF68D318D008D008D008D008D86
:10DCA000008D008D008D008D008D008D318FF65D13
:10DCB000000000F200000B8000006D000001F20087
:10DCC000000B8000006D000001F200000B700000EE
:10DCD0006D000001F200000B7000006D000001F209
:10DCE000BFF325F302F302F302F302F302F302F3AC
:10DCF00002F302F302F302F325F3BFF300AD0000D9
:10DD00001EC4000885A000E20E105B00970B5002B5
:10DD1000E0EEEEEEE00BC00009B004CFEA100B74A9
:10DD20005DB0000004F004CEEEF21F8214F24F103A
:10DD300004F21F703DF204DFD7F2BA000000BA000F
:10DD40000000BA000000BA8EFC30BFD54BF3BE1005
:10DD500000CABA00007EBA00007EBE1000CABFD55D
:10DD60005BF3B98EFC30007DFD6009F748F42F505D
:10DD700000205F0000005F0000002F50002009F726
:10DD800048F4007DFD600000001F40000001F40029
:10DD900000001F4008EFC4F40AF748FF42F50007EF
:10DDA000F45F00002F45F00001F42F50006F40AEEB
:10DDB000637EF4008EFC4F40008EFC400AD538F4A0
:10DDC0002F20008C5FEEEEFF5F2111112F700010ED
:10DDD00009F846E4007DFE80009EE305F44108C09A
:10DDE00000CFFFF029D32008D00008D00008D000D1
:10DDF00008D00008D00008D000007EFC4E60AF7450
:10DE00007FF62F50005F65F00000F65F00000F62A4
:10DE1000F60006F609F747FF5007EFC4F5000000CB
:10DE20003F20CB646EB003AEFD8000BA000000BAA4
:10DE3000000000BA000000BA8EFB20BFC56DD0BE46
:10DE40000003F2BA0000F4BA0000F5BA0000F5BA17
:10DE50000000F5BA0000F5BAA800BABABABABABA60
:10DE6000BABA000AB0009900000000AB000AB00086
:10DE7000AB000AB000AB000AB000AB000AB000AAC9
:10DE8000064E71DFA0BA000000BA000000BA000020
:10DE900000BA001CC0BA01CC00BA1CD100BBCF60D4
:10DEA00000BFDBE100BD11DC00BA003F70BA000723
:10DEB000F3BABABABABABABABABABABAB99EFA150B
:10DEC000DFD40BFB45EDE64AF2BE0006F6000E7B02
:10DED000A0004F2000C9BA0003F1000C9BA0003F36
:10DEE0001000C9BA0003F1000C9BA0003F1000C94C
:10DEF000B99EFB20BFB45DD0BE0003F2BA0000F4AF
:10DF0000BA0000F5BA0000F5BA0000F5BA0000F555
:10DF1000007DFD60009F748F702F50007F05F00022
:10DF200001F35F00002F32F50007F009F748F70012
:10DF300007DFD600B98EFC30BFC43AF3BE1000CA6A
:10DF4000BA00007EBA00007EBE1000CABFD55BF3E7
:10DF5000BA7EFC30BA000000BA000000BA0000002F
:10DF6000008EFC3F40AF748EF42F50007F45F000D0
:10DF700001F45F00002F42F50007F40AF748FF4064
:10DF800008EFC4F40000001F40000001F40000008E
:10DF90001F40B98E4BFD71BE100BB000BA000BA034
:10DFA00000BA000BA00005DFEA13F735A06F0000F0
:10DFB00001EE9610016AEF300000D96C646F62AE1A
:10DFC000FD7008D00008D000CFFFF029D32008D082
:10DFD0000008D00008D00008D00005F551009FE3EC
:10DFE000C80002F3C80002F3C80002F3C80002F33D
:10DFF000C90003F3AB0007F35F837EF306DFC5F3CD
:10E000000D90000AA06E0001F300F5007D0009C02C
:10E010000E60003F24F00000C8B9000006FF300089
:10E02000000FC000C80006F1000D56D000CF6003FD
:10E03000F01F302F9C009A00B807B2F10E4005E0A7
:10E04000D60C74E0000F6F007C990000AFA001FFB8
:10E05000400005F4000BE0004F3007E109D02F40ED
:10E0600000D9D900003FD000004FE10001E7BB001C
:10E070000BB01E707E1005F30D90000AA06F00011A
:10E08000F300F6007D0009C00D60002F34F00000A1
:10E09000C9A9000005FF2000000EC0000000E50037
:10E0A0000094AD00001BFC2000005FFFFFA1333790
:10E0B000F40001E70000CB00008E10004F40001E6E
:10E0C000A33326FFFFFC006EA00F9201F4001F4057
:10E0D00001F4003F303FC0006F3001F4001F4001E9
:10E0E000F4001F4000FA2005EA8B8B8B8B8B8B8B07
:10E0F0008B8B8B8B8B8B8BBE5002AE0005F0005F41
:10E100000005F0004F1000DF104F5005F0005F00D9
:10E1100005F0005F002AE00BE40007EC40B41E2588
:10E12000DFC00100000004CC302B01C05700932B4E
:10E1300001C005CC3006A10FF60BE2000000000084
:10E1400000000000000000027BFB000000049DFFB7
:10E15000FFD00003AFFFFFFFFD0000AFFFFFFFDFB9
:10E16000D0000AFFFFB610ED0000AF9400000ED003
:10E17000000AF1000000ED0000AF1000000ED0001A
:10E180000AF1000045FD0000AF1001EFFFD0179D20
:10E19000F1005FFFFC0EFFFF1000AFFD31FFFFE05D
:10E1A0000000010003BDA300000000005018888893
:10E1B000888405FABFDDDDDDFDAFE47F100000CA15
:10E1C0004EE04F100000C80EFEEF100000CFEFE051
:10E1D0003FEEEEEEF80EF68F766666EB6FF8AF1058
:10E1E0000000CC8FE03F100000C80EFCDF655555E5
:10E1F000EECFC25FFFFFFFF92C5775057777777574
:10E20000FFFF1FFFFFFFFFFFFF2FFFFFFFFFEFFFDE
:10E210000EFFFFFFFE01100011111110EFFE0EFFA7
:10E22000FFFFFEFFFF2FFFFFFFFFFFFF1FFFFFFFAF
:10E23000FF6887078888888668870788888886FFB8
:10E24000FF1FFFFFFFFFFFFF2FFFFFFFFFDFFD0DA2
:10E25000FFFFFFFD00000000000150000000000073
:10E260001DF80000000001DFFD000000001DFFE2BE
:10E270002D600001DFFE20DFF7001DFFE2008FFFB1
:10E2800071DFFE200008FFFEFFE20000008FFFFEAE
:10E290002000000008FFE200000000007D200000D8
:10E2A0000000000000007F60000BE2EFF600BFF806
:10E2B0004FFF6BFFD104FFFFFD10005FFFE1000087
:10E2C000BFFFF6000BFFDFFF60BFFD14FFF5CFD1EE
:10E2D000004FF6171000036000000011000000005E
:10E2E0000000FF000000006F21FF12F70006FF6131
:10E2F000FF16FF601FF901FF109FF16FE001FF1093
:10E300000EF6AF8001FF1008FACF6001FF1006FC87
:10E31000AF8000AA0008FB7FD00000000DF71FF8B7
:10E320000000008FF107FF91002AFF70009FFFEEB1
:10E33000FFF9000005CFFFFD50000000024420005F
:10E34000000000000000000000000AFFA000000024
:10E35000000CFFC0000003D6DFFFFD6D300EFFFF95
:10E36000FFFFFFE05FFFFFAAFFFFF51AFFF4004F7A
:10E37000FFA103FFD0000DFF3004FFF0000FFF40AE
:10E380004FFFFB22BFFFF42FFFFFFFFFFFF209FE4D
:10E39000FFFFFFEF9000505EFFE5050000000CFF5F
:10E3A000C0000000000477400000000000031003DC
:10E3B00041000000009FF50DF50000001BFDFF8DE2
:10E3C000F5000002DFB12DFFF500004FF83EC2BF9F
:10E3D000F50007FF55FFFE39FE409FE38FFFFFF575
:10E3E0006FF6AC2AFFFFFFFF73E6005FFFFFFFFF42
:10E3F000F100006FFFD77FFFF200006FFF900DFF6D
:10E40000F200006FFF900DFFF200004FFF700BFF56
:10E41000E1000000003300000000000BFFB000002E
:10E4200000000CFFC0000000000CFFC00000000056
:10E430000CFFC0000000000CFFC00000008FFFFFB9
:10E44000FFF800002EFFFFFFE2000002EFFFFE20BA
:10E450000000002DFFE20000799982DE289997FFE5
:10E46000FFFB22BFFFFFFFFFFFFFFFFFFFFFFFFFDD
:10E47000FFFAB3CFACCCCCCCCCCCCA0006BBBBBB78
:10E48000BA3000004FFFFFFFFFE10000EF30000057
:10E4900006FB0009F800000000CF504FD00000003C
:10E4A000002FE1DF84420000344BF9FFFFFD000143
:10E4B000FFFFFBFFFFFF988BFFFFFCFFFFFFFFFF4E
:10E4C000FFFFFCFFFFFFFFFFFFFFFB9FFFFFFFFFC3
:10E4D000FFFFF60000000000003300018DFFC600C2
:10E4E000EF004EFFFFFFE4DF04FFB3004CFFFF0E21
:10E4F000F90000008FFF6FC00001FFFFFF8E50008A
:10E5000001DEEEED000000000000002222220000EB
:10E510000021FFFFFF100008F8FFFBBC10001EF4F5
:10E52000FFFC100001DFC0FEEFE8448EFE10FE1A73
:10E53000FFFFFFC100FD0028BB9400000000027037
:10E540000002EF0002EFFDFFFFFFFFFFFFFFFFFFF5
:10E55000FFFFFFFFFFFFFFFF3447FFF00005FF0055
:10E560000005C00000000000027000000002EF0083
:10E57000000002EFF0000DFFFFFF0220FFFFFFF0A1
:10E580008E1FFFFFFF00E7FFFFFFF03F5FFFFFFF72
:10E5900008903447FFF000000005FF000000000570
:10E5A000C000000000000000000000000007700034
:10E5B000000002700005FA0000002EF000814F609C
:10E5C0000002EFF001DD07F0DFFFFFF0321E80F602
:10E5D000FFFFFFF08E27E0B9FFFFFFF00E73F19B06
:10E5E000FFFFFFF03F54F09AFFFFFFF0890AC0D809
:10E5F0003447FFF0007F43F300005FF002F60CB0F9
:10E60000000005C00000BF10000000000009E3008A
:10E61000000000000002100037888888888873EFA7
:10E62000FFFFFFFFFFFEFE32DFFFFFFFFFF9007F6E
:10E63000FFFDFFFFFD10CFFFA07FFFFFFFFFFA00F0
:10E6400007FFFFF35FA00000CFFF3003000000CF03
:10E65000FC0000000000CFFFCCCCCCCCCCFFAFFF47
:10E66000FFFFFFFFF900002000000001FA0000009A
:10E6700006FF1000000DFF7000006FFFF10001EFBA
:10E68000FFFA000BFFFFFF605FFFFFFFE0CFFFFF20
:10E69000FFF6FEBFFFFFF9FD4FFFFFF9BF49FFFF88
:10E6A000F53FE52EFFD006FFFFFD200028BA6000F1
:10E6B00004300000311FE00006F91FE0007FFA1F60
:10E6C000E009FFFA1FE0AFFFFA1FEBFFFFFA1FFFA1
:10E6D000FFFFFA1FFFFFFFFA1FE6FFFFFA1FE05FD1
:10E6E000FFFA1FE004FFFA1FE0003EFA0FD000021D
:10E6F000D700000000000200000000000CFB20001A
:10E70000000000FFFF900000000FFFFFE600000088
:10E71000FFFFFFFC30000FFFFFFFFF9100FFFFFF37
:10E72000FFFFE60FFFFFFFFFFFF2FFFFFFFFFFFD11
:10E730000FFFFFFFFFF800FFFFFFFFB2000FFFFF1B
:10E74000FD400000FFFFF70000000FFFA1000000E8
:10E75000006A4000000000001444200144420DFF04
:10E76000FF10DFFFF1FFFFF30FFFFF3FFFFF40FF51
:10E77000FFF4FFFFF40FFFFF4FFFFF40FFFFF4FF29
:10E78000FFF40FFFFF4FFFFF40FFFFF4FFFFF40F09
:10E79000FFFF4FFFFF40FFFFF4FFFFF40FFFFF4FAE
:10E7A000FFFF30FFFFF39FFFC009FFFC001444444C
:10E7B0004444420DFFFFFFFFFFF1FFFFFFFFFFFF9C
:10E7C0003FFFFFFFFFFFF4FFFFFFFFFFFF4FFFFFD4
:10E7D000FFFFFFF4FFFFFFFFFFFF4FFFFFFFFFFF04
:10E7E000F4FFFFFFFFFFFF4FFFFFFFFFFFF4FFFFFF
:10E7F000FFFFFFFF4FFFFFFFFFFFF39FFFFFFFFF45
:10E80000FC0002100000420FE20003FB0FFE300488
:10E81000FB0FFFF404FB0FFFFF54FB0FFFFFFAFB9E
:10E820000FFFFFFFFB0FFFFFFFFB0FFFFFD6FB0FED
:10E83000FFFD14FB0FFFC104FB0FFB0004FB0CA04A
:10E840000003FA00000000000000001200000000B9
:10E850000003FF60000000002EFFF500000001EF44
:10E86000FFFF4000001DFFFFFFF30000CFFFFFFF91
:10E87000FE200AFFFFFFFFFFE00EFFFFFFFFFFF29A
:10E8800003999999999950058888888888700FFF0D
:10E89000FFFFFFFFF30FFFFFFFFFFFF40BFFFFFF83
:10E8A000FFFFD1000000000000003F9000003FFC8F
:10E8B00000003FFD10003FFD10003FFD10001FFD58
:10E8C000100000CFF4000000CFF4000000CFF400EF
:10E8D0000000CFF4000000CFE0000000A400000022
:10E8E000000000CD1000001FFD1000003FFD1000D3
:10E8F000003FFD1000003FFD1000003FFD0000083C
:10E90000FF900008FF900008FF900008FF900002B1
:10E91000FF9000000780000000000004500000008D
:10E920000002FF60000000003FF70000000003FF4E
:10E9300070000000003FF7000006999AFFC9998017
:10E94000FFFFFFFFFFFF3DFFFFFFFFFFF201113F52
:10E95000F71110000003FF70000000003FF70000F7
:10E96000000003FF70000000000CD3000000699954
:10E97000999999980FFFFFFFFFFFF3DFFFFFFFFF5C
:10E98000FF200000000000000000015664000000AD
:10E990000003BFFEEFF91000007FFA1003DFE40070
:10E9A00008FFA009B41EFF504FFF200BFF26FFE118
:10E9B000EFFF09CFFF63FFFABFFF09FFFF54FFF628
:10E9C0001EFF51DFFB09FFB003EFE204305FFC10D4
:10E9D000002CFF956AFF9000000049DFFD920000C7
:10E9E000000000000000000000CD2000000000003A
:10E9F00000008FF50014664000000004EFACFFEF4C
:10EA0000FF910000001CFFA1004DFE300000009FA0
:10EA1000F5AB31EFF40007B105FFFFE17FFE100F0A
:10EA2000FE302DFFF54FFF900CFFE000AFF65FFFCB
:10EA30006002FFF40006FFEFFB00004FFD10003EF8
:10EA4000FFC0000002DFE85401BFE300000005AE94
:10EA5000FF6007FF60000000000000004EF60000AD
:10EA6000000000000001A100000000000000000004
:10EA70000000003ED00000000000000CFF800000FD
:10EA800000000006FFFF200000000000EFFFFB0079
:10EA9000000000008FFCCFF4000000002FFB00FFFF
:10EAA000D00000000BFFC00FFF70000004FFFD014D
:10EAB000FFFF100000DFFFE02FFFFA00007FFFFFE5
:10EAC0009BFFFFF3001FFFFFB00EFFFFC00AFFFF19
:10EAD000FE24FFFFFF60FFFFFFFFFFFFFFFA06CCF2
:10EAE000CCCCCCCCCCCB30000000000036000000F9
:10EAF0000000007F80DDDB00008DEFF8FFFFB00736
:10EB0000FFFFFD556FF46FF8AFE2000574FF907ED4
:10EB10002000003FFA0000000002EFB2504A00015E
:10EB20002EFD1DF48FB0FFFFD10BFFFFFBFFFE207A
:10EB300000CFFFFB12210000029FC0000000000078
:10EB40005B00000007A00000000008FFB00000000C
:10EB500008FFFFB0000008FF95FFB00008FF900518
:10EB6000FFB007FF900005FFB09F90000005FD007B
:10EB70004000000003104C20000000B60BFE2000F7
:10EB800000CFF02EFE2000CFF4002EFE20CFF400A8
:10EB9000002EFECFF40000002EFFF4000000002E37
:10EBA000F400000000001300000000083000000026
:10EBB00000000000BFF308BBBBBB90000BFFFF3998
:10EBC000FFFFFFF1008FCFCFF000000AF100382FD8
:10EBD000948000000AF100002F900000000AF1006C
:10EBE000002F900000030AF130002F9000001FCB8F
:10EBF000F8F8002FEBBBBB39FFFFE2001FFFFFFF60
:10EC0000B09FFD2000000000000008D10037888779
:10EC100000000000EFFFFFA0000000FFFFFFFDCCA1
:10EC2000CCB6FFFFFFFFFFFFFFFFFFFFFFFFFFFF70
:10EC3000FFFFFFFFFFFFFFFFFFFFFFFFFFFFFFFFE4
:10EC4000FFFFFFFFFFFFFFFFFFFFFFFFFFFFFFFFD4
:10EC5000FFFFFFAFFFFFFFFFFFF900000000000014
:10EC600000000001DD10000000001DFFD1000000C9
:10EC700001DFFFFD1000001DFFFFFFD100009FFF1F
:10EC8000FFFFF90000011CFFC1100000000CFFC0D5
:10EC9000000000000CFFC0000000000CFFC00000DE
:10ECA00079993BFFB39997FFFFB2442BFFFFFFFF1A
:10ECB000FEDDEFFFFFFFFFFFFFFAB3CFACCCCCCC04
:10ECC000CCCCCA00000000000200000000000004DC
:10ECD000FFC70000000000AFFFF0000000001FFFB2
:10ECE000FD0000000006FFFFC00000000008FFF765
:10ECF00000000000000CFF300000000004FFC00016
:10ED000000000001EFF300004A3002DFF80005DFE9
:10ED1000FE15EFFB0000EFFFFFFFFA00000BFFFF07
:10ED2000FFF70000007FFFFFA200000002BA85008D
:10ED30000000000004860000001006FFFA0002DF59
:10ED4000D1EF3CF101DFFA0EE0AF21DFFA009FEFD7
:10ED5000F6DFFA00008DFFFFFB00000006FFFD005C
:10ED6000000048EFFFF600006FFFFBFFF6000EF318
:10ED7000CF23FFF600EE0AF204FFF609FEFC0004C2
:10ED8000FFF108DA1000026200000000000000003D
:10ED9000006FFFF987000008FFFF98F708A68FFFB4
:10EDA000F95990FFA8FFFFFCCC0FFA8FFFFFFFF18E
:10EDB000FFA8FFFFFFFF1FFA8FFFFFFFF1FFA8FF74
:10EDC000FFFFFF1FFA8FFFFFFFF1FFA8FFFFFFFF0D
:10EDD0001FFA7FFFFFFFF0FFE3122222210FFFFF48
:10EDE000FFF90000ACCCCCCB500000499999999523
:10EDF000000EFFFFFFFFF600FD2222224FF60FC09C
:10EE0000000001FFF3FC0000001FFF6FC0000002C4
:10EE1000FFF6FFFFFFFFFFFF6FFFFFDCFFFFF6FFC7
:10EE2000FFB005FFFF6FFFF6000FFFF6FFFFC00604
:10EE3000FFFF6FFFFFEDFFFFF69FFFFFFFFFFD10DE
:10EE4000CDDDDDDDDDDD2FFFFFFFFFFFF312222231
:10EE5000222222000000000000000000000000004C
:10EE60000FFFFFFFFFFFF3DEEEEEEEEEEE20000001
:10EE7000000000000000000000000DEEEEEEEEEEDF
:10EE8000E2FFFFFFFFFFFF300000000000003788B7
:10EE90008888888873EFFFFFFFFFFFFEEFFFFFFF0B
:10EEA000FFFFFE1CFFFFFFFFFFC1D28FFFFFFFF838
:10EEB0002DFF64EFFFFE45FFFFFA2BFFB2AFFFFF10
:10EEC000FFD3553DFFFFFFFFFFBBFFFFFFFFFFFF2E
:10EED000FFFFFFFFAFFFFFFFFFFFF9000000000093
:10EEE00001FFFFF00004FFFFD00006FFFF800008D5
:10EEF000FFFF30000AFFFFAAA60CFFFFFFF80EFF7E
:10EF0000FFFFE10BDDDFFF6000004FFD0000007F31
:10EF1000F3000000BFA0000000FF10000003F80095
:10EF2000000003C000000000200000000455EFB501
:10EF3000520000FFFD1FFFB0000FFFFFFFFC0000AD
:10EF4000FFFF533320000FFF97FFFB5700FFF8AF81
:10EF5000FFC6F80FFF8AFFFC4AA1FFF8AFFFE322CC
:10EF60000FFF8AFFFFFFF4FFF8AFFFFFFF4FFF8A9D
:10EF7000FFFFFFF43552AFFFFFFF40000AFFFFFF26
:10EF8000F400007FFFFFFE200000011000000000E1
:10EF900000AF00000000018FFA30000002EFFFFF19
:10EFA000500000BFFFFFFF10001FFFFFFFF5000331
:10EFB000FFFFFFFF70005FFFFFFFF90008FFFFFF8B
:10EFC000FFC000DFFFFFFFFF209FFFFFFFFFFD0EE1
:10EFD000FFFFFFFFFFF2022222222221000008FF92
:10EFE000C00000000009A20000005BBBBBBBBBBBB4
:10EFF000BBA3FFFFFFFFFFFFFFFBFC0C30E11D0D7C
:10F0000011FCFC0B30E01D0D10FCFFFEFFEFFEFEBF
:10F01000EFFCFFF15A0870A05FFCFFF37B2992C25E
:10F020007FFCFFBFCBBBBBBFCBFCFC0B2000000DAC
:10F0300000FCFFCFCCCCCCCFCCFB9FFFFFFFFFFF72
:10F04000FFF60000000000000200000000000005C4
:10F05000DFB00000000007EFFFD000000018FFFF46
:10F06000FF70000029FFFFFFFF00003BFFFFFFFFD5
:10F07000F8000AFFFFFFFFFFF1000FFFFFFFFFFF98
:10F08000A000049AAAAFFFFF20000000000EFFFBC3
:10F0900000000000000EFFF400000000000EFFC0A2
:10F0A00000000000000EFF5000000000000DFD00F9
:10F0B000000000000004B300000035555502000FA9
:10F0C000FFFFF2F400FFFFFF2FF40FFFFFF2FFF34B
:10F0D000FFFFFF32221FFFFFFFFFF7FFFFFFFFFFD2
:10F0E0008FFFFFFFFFF8FFFFFFFFFF8FFFFFFFFF17
:10F0F000F8FFFFFFFFFF8FFFFFFFFFF8FFFFFFFF9E
:10F10000FF8FFFFFFFFFF88AAAAAAAAA300000001B
:10F110002455310000000003AFFFFFFFC7000002CD
:10F12000BFFFFEDEFFFFF6005FFFB51000038EFF9E
:10F13000B0DFD300000000008FF5180005AEFEC858
:10F140001004600002DFFFFFFFF80000000CFF95D5
:10F15000347DFF40000002A20000007700000000A4
:10F16000000296000000000000000DFF50000000AB
:10F170000000000EFF6000000000000005DA000043
:10F1800000005BBBBBBBBBBBBBBA20FFFFFFFFFFED
:10F19000FFFFFF90FC1222222222220FF7FC5FFFCA
:10F1A000FFFFFFFF2CFAFC5FFFFFFFFFFF21FAFCD0
:10F1B0005FFFFFFFFFFF27FAFC2666666666661F95
:10F1C000FAFEBBBBBBBBBBBBBFB1AFFFFFFFFFFFCB
:10F1D000FFFF500000000000000000005BBBBBBB55
:10F1E000BBBBBBBA20FFFFFFFFFFFFFFFF90FC127E
:10F1F00022222221000FF7FC5FFFFFFFF8000CFA2C
:10F20000FC5FFFFFFFF80001FAFC5FFFFFFFF80063
:10F2100007FAFC2666666663000FFAFEBBBBBBBB43
:10F22000BBBBBFB1AFFFFFFFFFFFFFFF5000000000
:10F230000000000000005BBBBBBBBBBBBBBA20FF38
:10F24000FFFFFFFFFFFFFF90FC1222221000000FC4
:10F25000F7FC5FFFFFD000000CFAFC5FFFFFD0005F
:10F260000001FAFC5FFFFFD0000007FAFC2666668B
:10F270005000000FFAFEBBBBBBBBBBBBBFB1AFFFB7
:10F28000FFFFFFFFFFFF5000000000000000000034
:10F290005BBBBBBBBBBBBBBA20FFFFFFFFFFFFFFDE
:10F2A000FF90FC1222000000000FF7FC5FFF30000F
:10F2B00000000CFAFC5FFF3000000001FAFC5FFF69
:10F2C0003000000007FAFC2666100000000FFAFE6E
:10F2D000BBBBBBBBBBBBBFB1AFFFFFFFFFFFFFFFB4
:10F2E000500000000000000000005BBBBBBBBBBBCC
:10F2F000BBBA20FFFFFFFFFFFFFFFF90FC000000F5
:10F300000000000FF7FC0000000000000CFAFC00F9
:10F31000000000000001FAFC00000000000007FAF5
:10F32000FC0000000000000FFAFEBBBBBBBBBBBB78
:10F33000BFB1AFFFFFFFFFFFFFFF50000000000065
:10F34000000000000000000007B200000000000004
:10F350000ADFFA000000000000A93DF500000004EB
:10F360004002E00010000000AFF80B600000006CED
:10F3700030FFFFFFFFFFFFFFFFF4AFF9000C50006D
:10F38000006D4005500004C00000100000000000A7
:10F39000C43EE80000000000002EEFFA000000006C
:10F3A0000000004FFA000000000000000000000014
:10F3B0000000011000000007EFFFB30000AFFD8F59
:10F3C000FF2004FFFD09FFB00AFEFD12AFF00EF5AD
:10F3D0005D2C0EF30FFF33129FF50FFFF307FFF6BF
:10F3E0000FFFE206FFF60FFE24137FF50DF57D2CCF
:10F3F0000DF30AFFFD11BFF003FFFE0BFFA0007F1E
:10F40000FEBFFE100003ACDC8100000034430000AE
:10F4100005667FFFF96650FFFFFFFFFFFF35666659
:10F42000666666501CCCCCCCCCC402FFFFFFFFFF4D
:10F43000602FF3FB7F6DF602FF2FB7F5DF602FF231
:10F44000FB7F5DF602FF2FB7F5DF602FF2FB7F5DDC
:10F45000F602FF2FB7F5DF602FF3FB7F6DF601FF9C
:10F46000FFFFFFFF5007BCCCCCCC90000000000099
:10F47000000120000000000004FF50000000000216
:10F48000FFFF500000000439FFFE00000004FF39B8
:10F49000FFA0000004FFFF39B0000004FFFFFF20C1
:10F4A000000004FFFFFFB0000004FFFFFFB00000FA
:10F4B00004FFFFFFB0000004FFFFFFB0000000BF2B
:10F4C000FFFFB00000000DFFFFB000000000FFFFD5
:10F4D000B00000000009A860000000000000001754
:10F4E0008888888887400002EFFFFFFFFFFFF40055
:10F4F0003EFFFFCFFFCFFFF703EFFFF908F809FF4B
:10F50000F83EFFFFFE20402EFFF8DFFFFFFFE10186
:10F51000EFFFF89FFFFFFF80008FFFF809FFFFF963
:10F5200002C209FFF8009FFFFE4EFE4EFFF80009E1
:10F53000FFFFFFFFFFFFF700008FFFFFFFFFFFC18F
:10F5400000000000000003EFFFFFE203FBFBCEBF63
:10F55000A4FF1D03A1FAFFF1D03A1FAFFFFFFFFF89
:10F56000FAFFFFFFFFFFAFFFFFFFFFFAFFFFFFFF05
:10F57000FFAFFFFFFFFFFAFFFFFFFFFFAFFFFFFF40
:10F58000FFFAFFFFFFFFFFADFFFFFFFFF829AAAA69
:10F59000AAA8000000000000000300000000000016
:10F5A00004F1000820000001FF100BF70000002FFD
:10F5B000F10CFF94444445FF1BFFFFFFFFFFFFF1E9
:10F5C0008FFFFFFFFFFFFD007FF70000000000003E
:10F5D0006F60000000000000300000000000626961
:10F5E0006E0042494E00494D41474500494D414753
:10F5F000455F4845414445520008010204080102A4
:10F600000408182020101810101010080000000026
:10F61000000000000000000000103539E52F2FD356
:10F620002828C61C1CB7601BD85B18C25714AD4FE6
:10F630000E88AA248EA21F7B9A1B6A8C144AB135AD
:10F640005EA82D51A02745921B31AB49399F3F3011
:10F650009335287E231AE5881ED27619C06515A138
:10F66000470DE59B03D18802BD77029B5701C1ACD2
:10F6700000A797008F83006460007B89006B79008E
:10F680005C6900404D0047A0433C8E38327D2E20FF
:10F690005E1B42B37C389F682F8B551E693333CA7B
:10F6A000C02BB4AF249D9E17778235D8FD2DC0FBAB
:10F6B00025A8F9177FF500B3FF00A0FF008FFF001A
:10F6C0006FFF008CFB007CF5006CEF0051E61E51D3
:10F6D000F4194AE61543D80C36BF414C6D37405DEE
:10F6E0002E344E23273E7A6E54645A454F4737389E
:10F6F0003226757575616161424242212121505364
:10F70000EF7373E59A9AEFD2CDFFEEEBFF7A40EC00
:10F710009262F0B18FF4D0BBF8ECE4FCBC47ABC80C
:10F7200068BAD893CEE7BEE1F5E5F3C2577ECD7552
:10F7300095DB9DB3E9C4D1F6E7EDC06B5CCB867970
:10F74000DAA89FE9CAC5F6EAE8F5A542F6B564F974
:10F75000CA90FBDEBBFDF2E3F6B629F7C34FFAD43D
:10F7600081FCE5B3FEF5E1DAC626E1D04DEADE80A4
:10F77000F2EBB2FAF7E09AA626ACB64DC4CB80DB2A
:10F78000DFB2F1F2E06ABB6684C781A7D6A5C9E6FD
:10F79000C8E9F5E865CC9C81D5AEA5E1C5C8EDDC2E
:10F7A000E9F8F157E1D475E7DC9CEEE6C3F4F0E745
:10F7B000FBF958EEFF76F1FF9DF5FFC4F9FFE7FD79
:10F7C000FF28CAFF4FD5FF82E0FFB3ECFFE1F8FF4F
:10F7D00026A7FF4DB7FF80CCFFB2E0FFE0F3FF4369
:10F7E00070FF658AFF91ABFFBCCCFFE7E9FB636E5E
:10F7F0008D7F88A1A4AABCC8CCD7E9EBEF9C9078F8
:10F80000AEA490C5BEB0DCD8CFF1EFECBDBDBDE07D
:10F81000E0E0EEEEEEF5F5F5FAFAFA3643F4631EA3
:10F82000E9B0279CB73A67B5513FF39621F4A90395
:10F83000D4BC0088960050AF4C4AC38B39DCCD3B1A
:10F84000EBFF07C1FF0098FF2257FF4855798B7DDA
:10F85000609E9E9EFFFFFF00040402040404040453
:10F860000404000000000006060606060604000662
:10F87000060606000000000000000000000005026F
:10F880000000000000000004000000000000000272
:10F890000002020200020002020200000000000258
:10F8A0000000000000000002000000000000000155
:10F8B00001050505010500100101000000001022EE
:10F8C000220C0C32323200003232100000000000F4
:10F8D00000000000040404040404040404040404F8
:10F8E00004040400202C2E3B3A2D5F297D00EF807C
:10F8F0008C001D1C68696B6A6E6C6D6261006172C0
:10F9000063006261720062746E6D61747269780086
:10F9100042746E310042746E320042746E330042A3
:10F92000746E340042746E35005375004D6F005490
:10F9300075005765005468004672005361006361AA
:10F940006C656E64617200EF819300EF8194002515
:10F9500064202573004A616E7561727900466562A4
:10F960007275617279004D617263680041707269ED
:10F970006C004D6179004A756E65004A756C7900BE
:10F980004175677573740053657074656D62657257
:10F99000004F63746F626572004E6F76656D6265CD
:10F9A0007200446563656D6265720063616C656ECB
:10F9B0006461722D6865616465722D6172726F7722
:10F9C00000323032350A323032340A323032330AC1
:10F9D000323032320A323032310A323032300A3288
:10F9E0003031390A323031380A323031370A323068
:10F9F00031360A323031350A323031340A32303160
:10FA0000330A323031320A323031310A3230313059
:10FA10000A323030390A323030380A323030370A60
:10FA2000323030360A323030350A323030340A3231
:10FA30003030330A323030320A323030310A32302C
:10FA400030300A313939390A313939380A313939DE
:10FA5000370A313939360A313939350A31393934C9
:10FA60000A313939330A313939320A313939310AEF
:10FA7000313939300A313938390A313938380A31AF
:10FA80003938370A313938360A313938350A313997
:10FA900038340A313938330A313938320A31393891
:10FAA000310A313938300A313937390A3139373882
:10FAB0000A313937370A313937360A313937350A99
:10FAC000313937340A313937330A313937320A316B
:10FAD0003937310A313937300A313936390A313953
:10FAE00036380A313936370A313936360A3139363D
:10FAF000350A313936340A313936330A313936323A
:10FB00000A313936310A313936300A313935390A54
:10FB1000313935380A313935370A313935360A3114
:10FB20003935350A313935340A313935330A313905
:10FB300035320A313935310A313935300A31393403
:10FB4000390A313934380A313934370A31393436DF
:10FB50000A313934350A313934340A313934330A07
:10FB6000313934320A313934310A313934300A31D9
:10FB70003933390A313933380A313933370A3139AF
:10FB800033360A313933350A313933340A313933AE
:10FB9000330A313933320A313933310A31393330AA
:10FBA0000A313932390A313932380A313932370AB1
:10FBB000313932360A313932350A313932340A3183
:10FBC0003932330A313932320A313932310A313974
:10FBD00032300A313931390A313931380A31393163
:10FBE000370A313931360A313931350A3139313450
:10FBF0000A313931330A313931320A313931310A76
:10FC0000313931300A313930390A313930380A3135
:10FC10003930370A313930360A313930350A31391D
:10FC200030340A313930330A313930320A3139301F
:10FC3000310030310A30320A30330A30340A30357C
:10FC40000A30360A30370A30380A30390A31300A79
:10FC500031310A31320063616C656E6461722D6806
:10FC600065616465722D64726F70646F776E006396
:10FC70006861727400436865636B20626F7800632B
:10FC80006865636B626F7800EF81B8004F707469CC
:10FC90006F6E20310A4F7074696F6E20320A4F7098
:10FCA00074696F6E20330064726F70646F776E2DAD
:10FCB0006C69737400696D6167650061626300411E
:10FCC000424300312300EF808D00EF849C00456E9D
:10FCD00074657200EFA2A200EF959A002B2F2D0001
:10FCE0003600370038002B0026003D00250021009B
:10FCF0003F003C005C00400024007B005B003B00B8
:10FD0000220051005400550049004F0053004600A6
:10FD1000470048004A004B005F005A005800560058
:10FD200042004D002C007A00760062006B6579621B
:10FD30006F6172640054657874006C696E65006C64
:10FD40006973742D74657874006C6973742D6274B2
:10FD50006E006D656E752D736570617261746F7282
:10FD6000006D656E752D73656374696F6E006D65EA
:10FD70006E752D636F6E74006D656E752D706167A5
:10FD800065006D656E75006D7367626F782D6261D9
:10FD9000636B64726F70006D7367626F782D686556
:10FDA000616465722D627574746F6E006D73676245
:10FDB0006F782D666F6F7465722D627574746F6ED7
:10FDC000006D7367626F782D666F6F746572006D7A
:10FDD0007367626F782D636F6E74656E74006D73F8
:10FDE00067626F782D686561646572006D73676224
:10FDF0006F78004F7074696F6E20310A4F707469AC
:10FE00006F6E20320A4F7074696F6E20330A4F7024
:10FE100074696F6E20340A4F7074696F6E203500FC
:10FE2000726F6C6C65722D6C6162656C00726F6CC8
:10FE30006C6572007363616C6500736C69646572F4
:10FE4000007370696E626F78007370696E6E6572B0
:10FE500000737769746368007461626C6500746133
:10FE6000627669657700E280A200746578746172D9
:10FE700065610074696C650074696C6576696577A5
:10FE80000077696E005465726D696E616C000000E8
:10FE90000000000054545220524547474553004645
:10FEA00061696C656420746F20736574204443201D
:10FEB00070696E3A20256400535049207772697446
:10FEC000652064617461206661696C65643A20250F
:10FED000640053504920777269746520636F6D6DBB
:10FEE000616E64206661696C65643A20256400482F
:10FEF0006172647761726520726573657420636FE7
:10FF00006D706C6574656400446973706C61792010
:10FF1000696E697469616C697A6174696F6E206376
:10FF20006F6D706C6574656400496E76616C6964B0
:10FF300020696D6167652064696D656E73696F6EB8
:10FF400073004661696C656420746F207772697410
:10FF50006520696D61676520746F20435552524575
:10FF60004E542062756666657200446973706C61F8
:10FF700079206E6F7420696E697469616C697A6545
:10FF800064004661696C656420746F2077726974DF
:10FF90006520696D61676520746F20505245564930
:10FFA0004F55532062756666657200436F6E6669D1
:10FFB0006775726174696F6E206973204E554C4C81
:10FFC0000053504920627573206E6F742072656112
:10FFD0006479004443204750494F206E6F7420726B
:10FFE0006561647900525354204750494F206E6F29
:10FFF0007420726561647900425553592047504915
:020000040004F6
:100000004F206E6F74207265616479004661696C7F
:10001000656420746F20636F6E6669677572652012
:1000200044432070696E3A202564004661696C651E
:100030006420746F20636F6E666967757265205205
:1000400053542070696E3A202564004661696C65DE
:100050006420746F20636F6E6669677572652042F5
:100060005553592070696E3A202564004661696CC9
:10007000656420746F20636C6561722073637265C0
:10008000656E3A202564005353443136383320647A
:10009000726976657220696E697469616C697A65E6
:1000A000640073736431363833004F7269656E745F
:1000B0006174696F6E206368616E6765206E6F742E
:1000C00020737570706F7274656420666F7220653E
:1000D0002D706170657220646973706C6179730052
:1000E000506978656C20666F726D6174202564209C
:1000F0006E6F7420737570706F727465642C206FEE
:100100006E6C79204D4F4E4F3031206973207375DE
:1001100070706F72746564004661696C6564207408
:100120006F20706F776572206F66662064697370E8
:100130006C61793A202564004661696C65642074BD
:100140006F20706F776572206F6E20646973706CBA
:1001500061793A20256400496E76616C696420708B
:100160006172616D65746572733A20646573633D95
:1001700025702C206275663D257000496E76616C95
:1001800069642064696D656E73696F6E733A207778
:100190003D25642C20683D256400577269746520F4
:1001A0006172656120657863656564732064697355
:1001B000706C617920626F756E64733A20783D25AA
:1001C000642C20793D25642C20773D25642C206803
:1001D0003D2564004661696C656420746F20777208
:1001E00069746520696D61676520646174613A2096
:1001F0002564004661696C656420746F2073796EB4
:100200006320627566666572733A202564004661F4
:10021000696C656420746F2072656672657368200E
:10022000646973706C61793A20256400496E697461
:1002300069616C697A696E6720535344313638338B
:1002400020646973706C61792064726976657200EC
:100250004661696C656420746F20696E69746961B8
:100260006C697A652053534431363833206472699F
:100270007665723A20256400535344313638332072
:10028000646973706C617920647269766572206943
:100290006E697469616C697A6564207375636365FE
:1002A000737366756C6C79007373643136383340E0
:1002B0003000737364313638335F646973706C6116
:1002C000790048616C74696E672073797374656D29
:1002D00000556E6B6E6F776E206572726F7200756F
:1002E0006E6B6E6F776E003E3E3E205A4550485909
:1002F0005220464154414C204552524F52202564D1
:100300003A202573206F6E20435055202564004607
:1003100061756C7420647572696E6720696E7465AE
:1003200072727570742068616E646C696E670A0021
:1003300043757272656E74207468726561643A20E8
:100340002570202825732900435055206578636562
:100350007074696F6E00556E68616E646C656420C0
:10036000696E7465727275707400537461636B208A
:100370006F766572666C6F77004B65726E656C2088
:100380006F6F7073004B65726E656C2070616E6983
:10039000630069646C65006D61696E006F73006471
:1003A000756D6D7900736C656570696E6700646565
:1003B00061640073757370656E6465640061626F7B
:1003C0007274696E670073757370656E64696E67C9
:1003D0000071756575656400737973776F726B7101
:1003E00000286E756C6C29002A666C6F61742A0097
:1003F800F9DF010017E8010000000000010000001B
:10040800E0040020000000000000000000000000E0
:1004180080F801200000000000000000000000003B
:1004280000000000000000000000000000020000C2
:100438000483030078100020700800203A000000B0
:10044800840800203A0000005C0800203A00000000
:10045800980800203A00000000000000D5FE0100C6
:100468000000000000000000010000000100000082
:1004780000000000000000000000000058B1030068
:1004880001000000010000006805002000000000D5
:100498000000000000000000000000000000000054
:1004A800525E012020000000000000000000000053
:1004B8000000000090870300000000008C05002069
:1004C8008C05002000000000010000009C050020B1
:1004D8009C050020A4050020A405002000000000C1
:1004E80001000000B4050020B40500200000000051
:1004F80000000000000000000000000000000000F4
:1005080000000000000000000000000000000000E3
:1005180000000000000000000000000000000000D3
:1005280088790300000000000000000000000000BF
:100538000000000014880300010000000C060020E1
:100548000C06002000000000010000001C0600202E
:100558001C060020240600202406002000000000BD
:1005680001000000340600203406002000000000CE
:100578000000000000000000000000000000000073
:100588000000000000000000000000000000000063
:100598000000000000000000000000000000000053
:1005A800A079030000000000000000007A5E01202E
:1005B800725E012000000000000000000000000042
:1005C8000000000000000000000000000000000023
:1005D8000000000000000000000000000000000013
:1005E8000000000000000000000000000000000003
:1005F80000000000000000000000000000000000F3
:1006080000000000000000000000000000000000E2
:1006180000000000000000000000000000000000D2
:100628000000000008000000FF00000000000000BB
:100638000300000000000000FFFF0F000C9B0300F8
:10064800BC9A03006C9A03004A9A03000C9B0300AF
:100658000C9B03000C9B03000C9B03000000000094
:1006680000000000E0910300309103008090030037
:100678002C900300E0910300E0910300E091030057
:10068800E091030000000000000000005C0700206B
:100698005C070020640700206407002000000000B9
:1006A80081CF0100B0070020A8070020A007002084
:1006B80000000000980700209DD00100E9CF01004C
:1006C8001DD0010065D00100445C01203A00003AC9
:1006D800485C01203A00003A4C5C01203A00003A9C
:1006E800505C01203A00003AC0070020840700202F
:1006F8007C07002078070020740700200000000015
:0A07080000000000000000000000E7
:1007140000000000000000000000000000000000D5
:1007240000000000000000000000000000000000C5
:1007340000000000000000000000000000000000B5
:1007440000000000000000000000000000000000A5
:100754000000000000000000000000000000000095
:100764000000000000000000000000000000000085
:100774000000000000000000000000000000000075
:100784000000000000000000000000000000000065
:100794005C0800205C08002000000000000000004D
:1007A4000E00000070080020700800200000000007
:1007B400000000000E0000008408002084080020CF
:1007C40000000000000000000E0000009808002057
:1007D4009808002000000000000000000E00000047
:1007E400AC080020AC08002000000000010000005C
:0C07F400BC080020BC08002015E015E047
:00000001FF
