:020000040000FA
:1000000000370020E92B000091020100D52B0000F1
:10001000D52B0000D52B0000D52B000000000000E0
:10002000000000000000000000000000552D00004E
:10003000D52B000000000000F12C0000D52B0000A3
:10004000052F0000052F0000052F0000052F0000E0
:10005000052F0000052F0000052F0000052F0000D0
:10006000052F0000052F0000052F0000052F0000C0
:10007000052F0000052F0000052F0000052F0000B0
:10008000052F0000052F0000052F0000052F0000A0
:10009000052F0000052F0000052F0000052F000090
:1000A000052F0000052F0000052F0000052F000080
:1000B000052F0000052F0000052F0000052F000070
:1000C000052F0000052F0000052F0000052F000060
:1000D000052F0000052F0000052F0000052F000050
:1000E000052F0000052F0000052F0000052F000040
:1000F000052F0000052F0000052F0000052F000030
:1001000080F0004002E000BF81F0004142001FBFCC
:100110005FEA410392EA030F7FEA226C7FEA236CD5
:100120006AD04FEA1262D2EB1363C1BFD2184140CA
:1001300048404140B8BF5B42192B88BF704710F060
:10014000004F40F4000020F07F4018BF404211F003
:10015000004F41F4000121F07F4118BF494292EA6B
:10016000030F3FD0A2F1010241FA03FC10EB0C0097
:10017000C3F1200301FA03F100F0004302D5494224
:1001800060EB4000B0F5000F13D3B0F1807F06D3D1
:1001900040084FEA310102F10102FE2A51D2B1F1C9
:1001A000004F40EBC25008BF20F0010040EA0300BE
:1001B0007047490040EB0000013A28BFB0F5000F3E
:1001C000EDD2B0FA80FCACF1080CB2EB0C0200FAF4
:1001D0000CF0AABF00EBC25052421843BCBFD04043
:1001E0001843704792F0000F81F4000106BF80F4BD
:1001F00000000132013BB5E74FEA41037FEA226C80
:1002000018BF7FEA236C21D092EA030F04D092F04A
:10021000000F08BF0846704790EA010F1CBF00207E
:10022000704712F07F4F04D1400028BF40F00040DB
:10023000704712F100723CBF00F50000704700F0FB
:10024000004343F0FE4040F4000070477FEA226222
:1002500016BF08467FEA23630146420206BF5FEAF3
:10026000412390EA010F40F4800070474FF00003F3
:1002700004E000BF10F0004348BF40425FEA000CBA
:1002800008BF704743F0964301464FF000001CE062
:1002900050EA010208BF70474FF000030AE000BFB8
:1002A00050EA010208BF704711F0004302D54042F6
:1002B00061EB41015FEA010C02BF84460146002068
:1002C00043F0B64308BFA3F18053A3F50003BCFA83
:1002D0008CF2083AA3EBC25310DB01FA02FC634430
:1002E00000FA02FCC2F12002BCF1004F20FA02F237
:1002F00043EB020008BF20F00100704702F120022A
:1003000001FA02FCC2F1200250EA4C0021FA02F28A
:1003100043EB020008BF20EADC7070474FEA40025E
:10032000B2F1FE4F0FD34FF09E03B3EB12620DD923
:100330004FEA002343F0004310F0004F23FA02F08D
:1003400018BF404270474FF00000704712F1610F34
:1003500001D1420205D110F0004008BF6FF000400B
:1003600070474FF0000070477BB972B90029BEBFDB
:1003700000204FF0004106E008BF00281CBF6FF0CE
:1003800000414FF0FF3000F057B8ADF1080C6DE9B7
:1003900004CE002909DB002B1ADB00F057F8DDF84A
:1003A00004E0DDE9022304B07047404261EB410103
:1003B000002B1BDB00F04AF8DDF804E0DDE9022346
:1003C00004B0404261EB4101524263EB430370478A
:1003D000524263EB430300F039F8DDF804E0DDE955
:1003E000022304B0404261EB41017047524263EB8B
:1003F000430300F02BF8DDF804E0DDE9022304B04C
:10040000524263EB4303704753B94AB9002908BF0E
:1004100000281CBF4FF0FF314FF0FF3000F00CB848
:10042000ADF1080C6DE904CE00F010F8DDF804E041
:10043000DDE9022304B07047704700BF034613F89C
:10044000012B002AFBD1181A013870472DE9F0471B
:1004500086468C460846089E154674461946002B6B
:1004600040F0C2808542B2FA82F245D94AB1C2F167
:10047000200300FA02FC2EFA03F3954043EA0C0C29
:1004800094404FEA154EA8B2BCFBFEF8230C0EFBBD
:1004900018CC08FB00F943EA0C43994528D9EB181E
:1004A00008F1FF3704D2994502D9A8F102072B447D
:1004B000A3EB0903A4B2B3FBFEFC0EFB1C330CFB45
:1004C00000F044EA0344A04214D92C190CF1FF3384
:1004D00004D2A04202D9ACF102032C44241A43EA0C
:1004E00007401EB1D440002334607360BDE8F0873C
:1004F0004746DDE76346F1E792BB431B01214FEA24
:10050000154EAFB2B3FBFEFC200C0EFB1C330CFBF4
:1005100007F840EA0343984562D9EB180CF1FF3025
:1005200004D2984502D9ACF102002B44A3EB080396
:10053000A4B2B3FBFEFC0EFB1C330CFB07F744EA32
:100540000344A7424ED92C190CF1FF3304D2A74221
:1005500002D9ACF102032C44E41B43EA0040C0E79B
:10056000C2F1200320FA03F1954090402EFA03F3E4
:1005700003434FEA154EAFB2B1FBFEFC0EFB1C105D
:10058000190C0CFB07F841EA0041884504FA02F413
:1005900022D969180CF1FF3004D2884502D9ACF198
:1005A00002002944A1EB08019BB2B1FBFEFC0EFB4B
:1005B0001C110CFB07F743EA01439F420ED9EB18CD
:1005C0000CF1FF3104D29F4202D9ACF102012B445D
:1005D000DB1B41EA004192E76046E3E76146F7E74B
:1005E0006046A3E76346B7E7834206D916B9002100
:1005F00008467BE7C6E900E0F9E7B3FA83F78FB96D
:10060000834201D3724508D8BEEB020460EB0303BA
:1006100001209C461EB9002168E73846FAE7C6E982
:10062000004CF8E7C7F1200CBB4022FA0CF41C4345
:100630002EFA0CF120FA0CF3B84001434FEA1449AA
:100640000EFA07F5B3FBF9F81FFA84FE09FB183020
:100650000B0C08FB0EFA43EA00439A4502FA07F234
:1006600040D9E31808F1FF3004D29A4502D9A8F125
:1006700002002344A3EB0A0389B2B3FBF9F809FB98
:10068000183308FB0EFE41EA03418E452CD9611850
:1006900008F1FF3304D28E4502D9A8F102032144A8
:1006A00043EA0040A0FB0298A1EB0E014145CE4673
:1006B000434602D306D14D4504D2B9EB020E68EB96
:1006C00004030138002EA6D0B5EB0E0261EB030146
:1006D00001FA0CFC22FA07F34CEA0303F940C6E9DD
:1006E000003198E74046C5E74346D9E730B589B0C1
:1006F000C1F34004CDE9063401F0010100240F4BA1
:100700000D9D0592CDE903010293CDE900440C490A
:100710002346032220460FF07AF96DB1094B03936B
:10072000094B0749CDE901439DF83030009303227E
:100730002B4620460FF06BF909B030BDBE390100E1
:1007400030330100F1390100C444010010B588B014
:1007500004460DF11F010DF11E000FF010FE9DF873
:100760001F300749CDE90343064B02930023CDE92F
:100770000033032218460FF04AF908B010BD00BF3D
:1007800030330100FB3901002DE9F0417F4A98B078
:10079000106851687E4A0023ADF81A3007AB03C3D6
:1007A0001068516803C37B4B0EAA03F1100615466F
:1007B00018685968144603C40833B3422246F7D177
:1007C0004FF6FF730024ADF82C30734BCDF82E405C
:1007D000CDF83240ADF836400C93704E304611F0F3
:1007E000E6FF034668B9326803926D4A6D4900908E
:1007F000CDE9010201220FF00AF9002018B0BDE88E
:10080000F08133680393684B66490094CDE9014356
:100810000122234620460FF0FAF803F023F80028BF
:1008200009DA624B0390CDE90143009423465D4908
:1008300001221846DFE70BA802F0FEFF5C48DFF854
:100840007481584E03F008F85B4800F0C7F85A4826
:100850000DF11A02214600F005F907AB1693CDE918
:10086000135509AB1293BDF81A30ADF854308DF81A
:100870005C40012304935F1CBDF85430CDE9028332
:100880000023184603223146CDE900440FF0BFF89B
:1008900012A802F06FFE051E31DA484B0094CDE934
:1008A000014300230222314618460FF0B0F86FF0E2
:1008B0007305BDF81A30404801339BB2ADF81A30C9
:1008C000ADF854300DF11A020223002101F03CF87A
:1008D00000280BDA3A4B0094CDE901430023CDE91F
:1008E00003400122314618460FF091F8002D11DA2D
:1008F0004FF42030002112F005F93B46BAE7314BA6
:100900000094CDE9014300230322314618460FF03D
:100910007EF8CEE7F1D12C4B0095CDE90153284666
:100920002B462049294E2A4D1E4C03220FF06FF80A
:1009300001230A223146022002F004FF10F10B0FBE
:1009400010D1244B029300230390CDE90033012200
:10095000214618460FF05BF800214FF4A02012F05A
:10096000D1F8E5E700284FF0000305DA1A4A0390B2
:10097000CDE9013200935AE7CDE901350093032216
:10098000214618460FF043F8E6E700BF413B01005F
:100990004A3B0100533B0100ED060000CC30010052
:1009A0001F3A010030330100353A0100473A010097
:1009B0004D070000603A0100380A0020963A010015
:1009C000C73A0100B63A0100E73A0100C406002028
:1009D000363B0100F73A01001E3B010030B50446EA
:1009E0001B48A06289B011F0E2FEA56A034658B91F
:1009F0002A680392174A18490090CDE901020122A2
:100A00000FF014F809B030BD4FF47A212160284668
:100A100005AA11F0B2FB054648B1104B0293002322
:100A2000CDE9003303900C4901221846E8E7069B04
:100A3000A3810323E381204600F0B4FD0028E1D028
:100A4000074B0390CDE9015300952B46EBE700BF20
:100A5000A4300100693B010040330100873B0100E5
:100A6000A73B01002DE9F047DFF84091504E59F8BF
:100A700021308AB0CDE903130D4600244D4B4E4979
:100A8000029380461746234603222046CDE90044C0
:100A90000EF0CCFF56F825303A46294640460FF076
:100AA00013FBB0F1000A25DD2DB16B1E022B1ED900
:100AB0000AB0BDE8F0873B880393404B0095CDE931
:100AC000015303222B463C4918460EF0AFFFEFE7D7
:100AD000395D40460FF0CAF8013456F82530A3427C
:100AE000F6DC37480AB0BDE8F0470FF0BFB8DFF8D2
:100AF000D480F2E734480FF0B9F8FDB16B1E022B39
:100B0000D6D856F82560314606A811F086FA002896
:100B100018DB334606AA2946404600F015FF002898
:100B200023DA2A4B24490094CDE90143CDE9035A45
:100B30002346012220460EF079FFB9E73D60244BA1
:100B40000395BBE7234B1C490396CDE901430122E2
:100B50002346009420460EF069FF1F4B0395CDE914
:100B60000143009423460122ADE7324606A93846E8
:100B700012F07EF959F825300393184B0E49009472
:100B8000CDE901430322234620460EF04FFF144FC8
:100B900006ADA64203D10A480FF068F888E715F8B9
:100BA000011B38460FF062F80134F2E7D804002048
:100BB000C8040020C13B010040330100D23B0100CA
:100BC000283F0100D73B0100DE3B0100553C0100FE
:100BD000F03B0100033C01002D3C01007E3C010084
:100BE000D83B010010B5094C0A44914200D110BD18
:100BF00011F8013B584003090001E35CC0B24340D7
:100C000018091B01205CDBB25840EEE7B73C01003D
:100C10002DE9F04F91B08407009302F00403029392
:100C2000C2F3C20303F10103DDF8688003920546B5
:100C30000E46059340F0BA81041D30B1072909D84A
:100C40006FF01B0011B0BDE8F08F01F007063444CF
:100C5000C6F10806009B4FF00009591E4FF0040A28
:100C60004FF0FF330193CDF810904F46CB465346DB
:100C70000DB1009A22600598002800F3E88098489A
:100C8000009A824203D397488242C0F0E080039AE0
:100C9000A4EB050E92074FEA9E0000F103810F2F8F
:100CA00000F2B180002D00F0058107F140020DEB4C
:100CB000020C019A0CF8200C0CF8102C049801304E
:100CC0000490E7E07A285DD84B280ED8472859D8F9
:100CD00029282DD8252852D054D820287AD0233836
:100CE000D0F1000B4BEB000B74E04C382E2849D8A8
:100CF000DFE800F0704848484848484848484848B5
:100D00004B484848484848484859484B4B59595916
:100D1000704B6D487048184B184848827F4B4848C4
:100D20004B487F0000204FF0000B4FF0040A38E0E2
:100D30002A38C0B2012202FA00F010EA0E0F49D19F
:100D400010F0625C2FD110EA020B43D06046013CE8
:100D50005444B4FBFAF40AFB04F4002D61D0A3EB75
:100D6000050CA444B4453FF66BAF002868D1042BB2
:100D700047D158F8043B2360043404232AE0019A45
:100D8000013A01924FF0000B24E011F8010C6C289D
:100D900034D111F8023C00206C2B8346C5D14FF0B2
:100DA000080A5346D3E708F1070828F00708073474
:100DB000F8E802AB24F0070435B106982044B042AD
:100DC0003FF63EAFC4E900AB08344FF0000B4FF0E4
:100DD000080A534611F8010F002878D0BBF1000F24
:100DE0007FF470AF2528F5D1019B013301934FF0BB
:100DF000010B4FF0040AECE7584694E700208346C5
:100E0000A5E7082B02D06FF015001BE708F10708D3
:100E100028F00708F8E80223C4E90023083408236F
:100E2000D8E768B9042B02D108F10408A4E7082B1D
:100E3000E9D108F1070828F0070808F10808EDE7EC
:100E4000059A013A059258F8042B009210E7039A8C
:100E5000900720D5A4EB050E4FEA9E004FF0010C41
:100E6000BEF5007FCFD20F2FCDD8F5B107F14002EC
:100E70000DEB020EC0B2019A0EF8200C0EF8102CE9
:100E8000BCF1000F3FF41AAF60F07F000EF8200CA9
:100E900009F101090137C5F10802043406924FF641
:100EA000DA7E97E74FF0000CDAE7BCF1000F01D0D3
:100EB0000136EFE7029802360028EBD10098CDE921
:100EC0000631FFF7BBFADDE906310644E2E7631BB2
:100ED000B3F5806F97D23DB9A6F10804E018B1E6EA
:100EE000CC2F010084530100029A28609B082B70CC
:100EF0009DF81030C2B1EB7085F80290B9F1000F87
:100F000005D008A80022C5F1010C97420ED1C5F109
:100F100001030DF120084FF0000A01930DF1300B91
:100F2000574512D1601B8DE66B70E5E710F8013B69
:100F3000190608D50CEB040EB64503F07F033FF607
:100F40007FAE04F8013B0132DFE7B9F1000F03D0B7
:100F500098F90020002A17DB029BD3B11AF80B2066
:100F600004F8012B0022019B18191044B0423FF6EF
:100F700067AE98F8000004F8010B00990392204630
:100F800011F076FF039A14440AF1010A08F10108EE
:100F9000C6E798F8002055F822300093029B45F8E8
:100FA00022300098FFF74AFA421CDCE76FF00D0090
:100FB00048E600BF80B505460E46174698460DF038
:100FC00009FD034611F0F8FFDFF81890044649F8D0
:100FD0000030424630463946A84754F8090001F02F
:100FE00071FE00BF0800000008B50446EFF311834E
:100FF000202383F31288BFF36F8F0AF07FFF204610
:1010000002F06CF902480EF031FE0FF063F9FCE7D4
:10101000D83C01002DE9F047058B0446280790468F
:1010200011D4022905F0070540F0CC8020460EF0CF
:101030002AFE78B10138218B042811D8DFE800F0AE
:10104000C2106D85950001290CBF45F0100545F0D3
:101050002005258388F31188BFF36F8FBDE8F087E3
:1010600001F0070AAA4500F0A5800027B9463E46D0
:10107000A368002B00F0BC8041F00801218388F3B5
:101080001188BFF36F8FA168002900F0BA800D6846
:10109000002900F0B680D1F804803346524620463D
:1010A000C047002D76D02B6829461D46F0E701F099
:1010B00007035A1F012A1BD8002221F00701062B23
:1010C000276889B2C4E9002209D13B4603E0628B5C
:1010D000013262831B68002BF9D141F002012183A8
:1010E00020460EF0D0FD00287AD041F0200176E0B5
:1010F000042B0AD121F0070189B2218320460EF08A
:10110000C2FD10B141F020012183218B01F0070ABB
:10111000AA454FD00027B946AAE7236921F0070165
:1011200041F00601062DD3F8009021832DD1B9F1AD
:10113000000F3FD041F00801218388F31188BFF3ED
:101140006F8F3A492046C84729E021F007012369FB
:1011500041F0040189B2042DD3F804902183E6D034
:1011600000273E464FF0040A82E721F00701236979
:1011700041F0050189B2052DD3F808902183D6D01E
:1011800000273E464FF0050A72E700273E464FF023
:10119000060A6DE72B4687E7B9F1000FD1D1EFF3CF
:1011A0001188202383F31288BFF36F8F238B23F0E2
:1011B00008032383258BEA062ED525F0100323830D
:1011C00005F007056669218B002EBFF670AF00237E
:1011D0002768C4E9003321F0070141F001012183B0
:1011E000218B01F0070AAA454FF000097FF440AFB8
:1011F000002F9CD041F00801218388F31188BFF3B0
:101200006F8F002FC8D03D6839463346524620467E
:101210000EF065FD2F46F4E7AB067FF51BAF25F01A
:101220002003238305F0070500E700BF0BFD000046
:1012300070B5838905680E0C090C86B003FB015557
:10124000CDE90453104B0393104B02930446002343
:101250000822CDE9003218460D4904220EF049FE5D
:101260003604A06AA28929460EF0E6FF50B9E26A68
:10127000A3895279314620460EF0FAFD002818BFA6
:101280006FF0050006B070BDC43E0100013D0100D5
:10129000103301002DE9F04389B04B8804931D4BB6
:1012A00003931D4B0293082400230746CDE9003425
:1012B0000D4618461949DFF8689004220EF019FE11
:1012C000F86A21460EF025FE2C68241A80462C6010
:1012D00004EA0906B44203D8002009B0BDE8F0834F
:1012E000082306AA214638460EF0B4FD0028F4D1A2
:1012F00006A938460EF017FE40B1BDF81A30BDF809
:101300001C202C6006EA090613441E44A4EB0804C2
:10131000E0E700BFAF3E0100223D010010330100B5
:101320000000FFFF70B588B083880493114B0393CE
:10133000114B02930025044608230422CDE90053F3
:101340000E492B4628460EF0D4FD4FF6FF76A368D3
:10135000ADF81A3006A8ADF81860ADF81C508DF83D
:101360001E600EF0BDFD06A920460EF09CFE08B0E2
:1013700070BD00BF943E0100493D010010330100E3
:1013800073B504460821C06A124E0EF0C2FD4FF636
:10139000FF726368ADF800208DF80620A289191845
:1013A00033401344181A002560606846ADF80210F7
:1013B000ADF804500EF094FD694620460EF073FE21
:1013C0002046211D0EF07FFD636828463340A36050
:1013D00002B070BD0000FFFF2DE9F04F04469BB046
:1013E000C06A08210EF095FD63681B0C1B040546BE
:1013F00009A9204609930EF066FDDDF824B0A68900
:101400005E44761B0CAA0823314620460A960EF04D
:1014100021FD021EC0F2BB80E36A0CAA59790023A9
:1014200012F8010B814240F0A1800133082BF7D163
:10143000A36862682B449A4280F090805946204607
:10144000FFF7F6FE0246A2E0BDF83230360C360455
:101450001E440A960EAA0AA92046DDF828A00EF01E
:101460009FFD0246002840F092800EA920460EF013
:101470005AFD18B9079B5345ECD1D9E763680B9324
:1014800010AA0BA920460B9E0EF08AFD02460028EA
:101490007DD1BDF84020BDF838309A4238D062681E
:1014A0000B9B9A42ECD1B245E4D1BDF83C30002B05
:1014B000E0D00593BDF838300493374B0393374B96
:1014C000029308220023CDE9003218463449042251
:1014D0000EF00FFDBDF83A704FEA1A431B041F448B
:1014E0000EA8A368ADF83A300EF0FAFCE36ABDF836
:1014F0003C901E68764206F02006B9F1000F0ED12E
:101500000EA920460EF0CFFD02460028B2D03EE0E4
:1015100010A920460EF007FD0028C0D0C3E74E45B5
:10152000B04628BFC84612AA4346394620460EF0A8
:1015300091FC024658BB4346A16812AA20460EF011
:1015400079FD41460246E06A0EF0E3FCA3680344DD
:10155000A360E2B9A9EB08094744CEE72046FFF7AC
:10156000E1FE024600283FF469AF10E0731B0CA9AE
:10157000204607930EF0F6FC00287FF465AF0AA919
:101580002046FFF787FE024600283FF463AF10466F
:101590001BB0BDE8F08F00BFA83E0100663D010012
:1015A000103301002DE9F04704468EB000F1140716
:1015B000384611F0AEF9A06A8368DB6898470346A5
:1015C000E06230B9904A0090CDE901028F490122D2
:1015D0000FE0A06A8368DB6898470368013B1F2B14
:1015E0000FD98B4B02930023CDE9003387490122A9
:1015F00018460EF07EFC6FF0150528460EB0BDE8CB
:10160000F087A06A21680BAA10F0B7FD08B1814BE2
:10161000E8E7A5892DB10C9BB5FBF3F203FB12554E
:101620000DB17D4BDEE7E389012B05D87B4B00959F
:10163000CDE901532B46C9E7E36A069593F8059077
:101640004FF0FF334FF0FF3238460CF043FCE06AB6
:1016500008210EF05EFCA8460646E3891FFA85FACB
:10166000534508D8E389434523D138460CF0AAFCFA
:101670006FF02C05C1E7A1892B04891B13FA81F1B6
:101680004A460823204606910EF0F2FB78B106A9DF
:1016900020460EF018FC08F10108069908234A4676
:1016A00020461FFA88F80EF0E3FB0028DAD0013557
:1016B000D3E753450BD1069908234A46891B204698
:1016C0000EF0D6FB18B906A920460EF0FCFB06A9C1
:1016D0002046FFF7DFFD054618B138460CF072FCD6
:1016E0008BE7069B63604FEA13484FEA0848C4F84B
:1016F0000880D4E9011399420FD3082307AA204692
:101700000EF0A8FB05460028E7D107AB13F8012B24
:10171000914543D10135082DF8D163681B0C1B049A
:1017200006A9204606930EF0CEFBA38906994A46E9
:1017300020460EF09DFB051ECFDB636800F0828023
:1017400006EB03084FF6FF79A389CDF818801FFA3E
:1017500088F29B1B9A423DD3314B029300231846DB
:10176000CDE90033294903220EF0C3FB616820460E
:10177000FFF75EFD05460028AFD16368294AA189BD
:1017800013400B44A3EB460363601340A360204661
:10179000FFF722FE0546002D70D09EE707A92046E0
:1017A0000EF0C1FB626810B9921B6260A1E7BDF840
:1017B0002050BDF81E10E06AC4F8088029440EF0DD
:1017C000A8FB40449042A060EED1002DECD06FF019
:1017D0001C0590E0082309AA414620460EF03AFB7A
:1017E000054600287FF479AF09A920460EF09BFB3F
:1017F00038B1BDF824304B4503D1BDF82830002B5B
:101800007FD0B044A0E700BF903D0100103301003D
:10181000B23D0100CF3D0100E73D0100FB3D01006D
:10182000583E01000000FFFF5B1A4A4620460EF0BA
:101830001FFB051EFFF651AF08D0E26AA3681268CD
:101840001344A360D4E901318B42EDD86168A389C8
:1018500001EB46029A429ED1DFF8D480A26801EAE9
:1018600008039A4297D02046FFF7E2FC054600287D
:101870007FF433AF636803EA0803A360A389A288F7
:10188000A3EB46039A4232D038460CF09BFB01236F
:101890002374A3890493E38903930025254B0293C2
:1018A00028462B46CDE90055234903220EF021FBA3
:1018B0006368214900959AB21B0C03931F4B049255
:1018C000CDE9015328462B4603220EF012FBA368F4
:1018D000194900959AB21B0C0393194B0492CDE958
:1018E000015303222B4628460EF003FB85E62046D3
:1018F000FFF718FD054638460CF064FB002DC6D0F6
:101900007BE6104B0C490095CDE9015303222B4691
:1019100028460EF0EEFA63681B0C1B0406A920464D
:1019200006930EF0D0FA06992046FFF781FC31E7C6
:101930000000FFFF1E3E010010330100353E010094
:10194000473E01007F3E01002DE9F04F1D4695B056
:10195000037C06910446049273B9664A6649009373
:10196000CDE90132184601220EF0C3FA6FF00C06E1
:10197000304615B0BDE8F08FC26A082110460EF05F
:10198000C8FA2946059010460EF0C3FAA389059AB5
:10199000A3EB8203AB420746C0F0A9801DB1049BB4
:1019A000002B00F0A480636809930AAA09A92046C5
:1019B000DDF824A00EF0F4FA06460028D8D1BDF8D0
:1019C0002830069A934206D06268099B9A42ECD16D
:1019D000002D36D1CCE70AA920460EF0A4FA002843
:1019E000F2D0BDF82A80BDF82C3045B39D4228D1F5
:1019F000E36ADDF810B01B684FEA1A4A5B424FEA0F
:101A00000A4A03F02003D0440793AA46DDF81C904D
:101A1000D14528BFD1464B460CAA414620460EF080
:101A200019FA00284AD14A460CA9584611F050FA32
:101A300038B9BAEB090AC844CB44E7D198E7002B80
:101A400096D0002F3DD1B84604F1140A4FF0FF3272
:101A50004FF0FF3350460CF03DFAE3899E4243D0ED
:101A6000A168626808EB01039A422FD3069BADF888
:101A70003030FF238DF83630049AADF832102B4603
:101A80002046ADF834500EF0D5FA29460746E06AF4
:101A90000EF03FFAA3680344A36057B90CA80EF0F8
:101AA0001FFA0CA920460EF0FEFA002814BF0746C4
:101AB0002F4650460CF086FA3E4659E7C1DC0646F2
:101AC00056E7059B1F441FFA87F8BDE72046FFF73E
:101AD00057FC07460028ECD12046FFF77DFC07465F
:101AE0000028E6D10136B8E76FF01B07E1E76FF099
:101AF00015063DE77C3D0100103301002DE9F0475C
:101B00001E4688B0037CBDF8409004460F469046C0
:101B10006BB92F4A2F490093CDE9013218460122B3
:101B20000EF0E7F96FF00C0008B0BDE8F087C06A6E
:101B300008210EF0EEF9A389A3EB4003B34243D38F
:101B4000D4F804A0CDF814A000254D455146DDF889
:101B500014A009D9636853451ED1BDF81830BB42A3
:101B60001AD06FF00100DFE706AA05A920460EF0A3
:101B700017FA0028D8D1BDF81830BB4206D106A903
:101B800020460EF0D0F908B10135ADB26268059B70
:101B90009A42DAD15146E0E7BDF81C30002BE0D084
:101BA000A945DED8BDF81A00090CB3424FEA01413D
:101BB00028BF33460144424620460EF04BF9002828
:101BC000B2D1BDF81C00AFE76FF01500ACE700BF65
:101BD0007C3D0100103301002DE9F84F81462F486C
:101BE0000F460EF07CFA064670B92D4CDFF8B4A013
:101BF0000546A0464FF0010B544507D3B9F1000F3D
:101C000002D04FF0010AE5B9BDE8F88F237B6BB134
:101C10002368DB680BB12046984723681B6943B9EA
:101C2000636804221968204600F0C8F801361034B1
:101C3000E2E7204698470028F2D00BFA06F31D434E
:101C4000F4E7A94695FAA5F4B4FA84F40AFA04F381
:101C5000260108EB04146FEA030B25EA0305237B36
:101C600063B158F806301B6993B94644042273687F
:101C70002046196809EA0B0900F0A0F8002DE1D10F
:101C800027B14FF4A470002110F03CFF4D46BAE795
:101C9000204698470028F1D1E7E700BF700A0020EE
:101CA0007833010088330100014B53F8200070475E
:101CB000F833010008B5034608462BB1044A136007
:101CC00000F082FA002008BD6FF01500FBE700BFAE
:101CD000E8040020054A064800231370054A1360F3
:101CE000054A4FF400411360FFF7E4BF16240020BB
:101CF000DB000100680A00206C0A002070B50B4D63
:101D0000297841B90120FFF767FF094C094EB44219
:101D100002D301232B7070BD63685B791BB123680C
:101D200020469B6898471034F1E700BF1624002036
:101D3000783301008833010010B5044608480EF0DE
:101D4000CEF95CB1BFF35B8F064B53E8001F01393E
:101D500043E80012002AF8D1BFF35B8F10BD00BF2B
:101D6000680A00206C0A002070B50A4B0A4C1B68F8
:101D70000A4E05469847A860B44200D370BD636818
:101D80005B7923B1236829461B68204698471034A5
:101D9000F2E700BFE8040020783301008833010037
:101DA000044A054B9B1AB1EBD30F34BF52F83100F4
:101DB00000207047F032010078330100084BC31A4D
:101DC00010B41B1144680133237143689A7143684E
:101DD0001960436801225A7110BC0EF0A2B900BF0D
:101DE000783301002DE9F04F87B004AFD7E90EA991
:101DF0003D6B04460E4693469846BAF1000F1ED03E
:101E0000C7F80490CDF8009010217A6B534600205B
:101E1000FEF7FEFEB0F5006F014611D340F2FF73EE
:101E20000393194B02930023CDE900331749022293
:101E300018460EF092F90C37BD46BDE8F08F5146BA
:101E400004F007040BF0070BE40044EA8B1444EAA7
:101E5000412444EA055417350D4425F00705ADEB40
:101E6000050D04ADBAF1000F07D0CDF800907A6BE4
:101E7000534605F11000FEF7CBFE4346224631469D
:101E800028460EF051F9D6E7EF3E01001833010065
:101E9000406820B1034BC01A40F3CF0070474FF0A9
:101EA000FF307047F03201000EB403B503AB0146BA
:101EB00053F8042B0448019301F0B6F902B05DF821
:101EC00004EB03B0704700BF97010100CA0605D4B8
:101ED0008B064CBF02490349FFF7E6BF704700BFBE
:101EE000283F0100273F01002DE9F04F87B004464D
:101EF0009DF844600D4690469946002E00F0A28061
:101F0000159B03F0020A03F001030493159B03F0F1
:101F1000080B03F4807305930EF004F902460028C1
:101F20003DD095492046FFF7BFFF0746BAF1000FA5
:101F300009D0159B13F0440F33D190492A4620460F
:101F4000FFF7B2FF0744049B53B18D4B8D4953F803
:101F500026208D4B2046002A08BF1A46FFF7A4FF13
:101F6000059B002B49D0BBF1000F64D1B8F1000FE5
:101F700066D0864942462046FFF796FF0546129BEB
:101F80003D44002B6DD1149B002B73D1159BDB07B7
:101F900000F1EB8015992046FFF798FFD8E007463F
:101FA000C4E77B4B18680028CCD07A4B4FF47A7A80
:101FB0001B68B5FBF3F54FF46163B5FBF0F100FB73
:101FC00011550AFB05F54FF03C0CB1FBF3F203FB96
:101FD0001211B5FBF0FEB1FBFCF300FB1E550CFB30
:101FE00013110AFB05F50091B5FBF0F56A49CDE93F
:101FF00001E52046FFF758FFA4E7BBF1000F1DD015
:10200000664B674953F826202046FFF74DFF0546EB
:10201000B8F1000F05D05D4942462046FFF744FF66
:102020000544B9F1000FAAD05E494A462046FFF7A1
:102030003BFF0544A3E74FF00009E1E75D46E7E712
:1020400045469CE7B9F1010F129B06D1002B66D1E2
:10205000149B002B7CD000250CE0002BF8D05248BC
:102060005EE05248129B524922460DF0CEFD149B71
:10207000002B6AD0DFF83C81DFF83C91149F159962
:10208000102F204628BF1027FFF720FF4FF0000B2E
:102090005D4547DC139B49461A782046FFF704FF4D
:1020A0004FF0010B1BF0070F03D141462046FFF70D
:1020B000FBFE5F453DD9139B494613F80B20204694
:1020C000FFF7F2FE0BF1010BBBF1100FEAD13B4918
:1020D000DFF8ECB020464FF0000AFFF7E5FE52466D
:1020E000139B9A5CA2F120015F2928BF2E2259463A
:1020F0002046FFF7D9FE0AF1010ABAF1100F1DD0F0
:102100001AF0070F03D141462046FFF7CDFE574591
:102110005246E5D841462046FFF7C6FEEBE7234886
:1021200035469FE741462046FFF7BEFE0BF1010B07
:10213000AEE724492046FFF7B7FEC3E7139B3B44B5
:102140001393149BDB1B149398D1002E7FF41EAFC6
:102150006268A1682068D2E900230EF00EF8636877
:1021600000221A6007B0BDE8F08F074A05492046F3
:10217000FFF79AFE0EE700BF2F3F0100333F01003B
:1021800008340100C44401002A3F0100583F010007
:10219000780A0020740A00203C3F01001C34010032
:1021A0005C3F0100933C0100B30101009701010075
:1021B000293200006A3F0100623F01006C3F0100CC
:1021C0006E3F0100683F0100074A00210123904251
:1021D00006D8064A01B901231360054B1860704701
:1021E00040085B000121F2E740420F00740A002022
:1021F000780A0020014B01221A7070471724002032
:10220000014B002019607047900A002010B5064B62
:1022100018680C46FFF748FD21460346BDE810400C
:1022200002480F22184700BF900A00204C340100DA
:10223000F8B5094D094B0A4ED5E9004701221A703D
:102240000CB92C60F8BD214630463A4600F00AF839
:10225000241A0644F4E700BF840A00201824002052
:1022600019240020F8B5194D07460E4604243246BD
:10227000394600200BF0E2FBC8B101232B70144B50
:102280001B782BB93046F8BD5CB92C704FF0FF3489
:1022900000200BF017FC0028F4D02B78002BF3D192
:1022A000F0E7013C41F2883010F07CFAF0E72B783F
:1022B00013B1013C04D12C702B78002BD7D1E1E76E
:1022C00041F2883010F06EFAF6E700BF17240020C4
:1022D00018240020014B0360002070475C3401008B
:1022E00008B504480DF0C2FCBDE8084002480DF0F6
:1022F000BDBC00BFA73F0100DC3F010001480CF05E
:1023000051BF00BF5C34010038B5044618B90F4B0B
:102310000F485B6898476168B1F5683F10D0B1F528
:10232000680F0DD00B4DA9420AD011F468612068E6
:1023300007D00146084810F0A2FA00232360656028
:1023400038BD142210F0BCFDF9E700BF6406002080
:102350000A4001002C5F5CA9940F002008B520B34F
:102360004368B3F5683F10D101220368BFF35B8F68
:1023700053E8001F002903D143E800200028F7D1CB
:10238000BFF35B8F0DD1002008BD094A93420AD0EC
:1023900000684FF0FF324FF0FF330BF09BFD002839
:1023A000F1D00448F0E70448EEE76FF4E040EBE7D3
:1023B0002C5F5CA9E98FFFFFEA8FFFFF08B5D8B15A
:1023C0004368B3F5683F10D100220368BFF35B8F09
:1023D00053E8001F012903D143E800200028F7D16A
:1023E000BFF35B8F0BD1002008BD074A934208D092
:1023F00000680BF0E7FDF6E76FF4E040F4E7034810
:10240000F2E70348F0E700BF2C5F5CA9E98FFFFF0C
:10241000EA8FFFFF10B5044618B91D4B1D485B68D5
:1024200098476368B3F5683F2FD0B3F5680F2CD099
:10243000194A934219D1236803BB18484FF0FF3261
:102440004FF0FF3321460BF017FD08B923681BB985
:102450000F4B13485B68984720681422002110F046
:102460002FFD4FF46863636008E0B3F5683F0DD853
:102470003A2B03D040F6BA629342DED1206810F0C6
:1024800048FA636843F03A03636010BD054AF3E716
:10249000640600200A4001002C5F5CA9940F002014
:1024A000304001003A00003A08B50649064840238A
:1024B000142210F0D6F9BDE80840044904480CF095
:1024C000E3BE00BF940A0020940F00206434010092
:1024D0007834010070B5064686B00D46002938D024
:1024E0008B6805934B6804930B6803930024244B7B
:1024F00024490293012223462046CDE900440DF0F1
:10250000B3FE6B6905932B690493EB6803931E4B31
:102510001C490094CDE901430122234620460DF0D9
:10252000A3FEEB690393194B16490094CDE90143CF
:102530000122234620460DF097FEAB690393144B0E
:1025400010490094CDE901430122234620460DF0B5
:102550008BFE012E0DD1EFF30583103B03930D4B42
:1025600002930023CDE900330649324618460DF0A8
:102570007BFE2946304606B0BDE870400BF0D8BA65
:102580005D400100483301008C400100BB40010068
:10259000CA400100F840010030BFFFF7FDBF00BF97
:1025A0002DE9F0410B4EDFF8308006EB0807CC1B1D
:1025B000054632460949204610F05AFCA019424609
:1025C0000021083C10F07CFC6C6707F10800BDE8B6
:1025D000F08100BF0000000004000000883301000B
:1025E000074A936893F90E10002907DB526993425A
:1025F0001FBF044A536843F080535360704700BFC5
:102600000422002000ED00E0F0B585B00024434B2B
:102610000293CDE90044234607460E460122404975
:1026200020460DF03CFE3F4B9B6ADB0465D53E4BDC
:102630003B490094CDE901432046234601220DF099
:102640002EFE1720374B9B6A1D050AD5374B029388
:1026500000231846CDE90033314901220DF01FFE59
:102660001820304DAB6A9C051FD50024304B0293D7
:10267000012223462046CDE9004429490DF00FFEF2
:10268000AB6BAA6A10040FD503932A4B244900941C
:10269000CDE901430122234620460DF000FE1FB183
:1026A000AB6A23F40043AB6219201E4B9B6A5905A9
:1026B0000AD5214B029300231846CDE9003318496F
:1026C00001220DF0ECFD1A20164A936A13F4807370
:1026D00015D01A4B029300231846CDE90033104958
:1026E00001220DF0DCFD1B200E4A936A43F47F4368
:1026F00093620023337005B0F0BD1620A2E7926A02
:102700009204F1D50E4A06490093CDE901321846EC
:1027100001220DF0C4FD1C20E6E700BF0B410100C3
:102720004833010000ED00E0214101003241010089
:10273000454101005E410100734101008E410100ED
:10274000A64101001FB50024374B02930122234606
:10275000CDE90044354920460DF0A1FD344B9B6A7C
:102760009A015ED5334B31490094CDE901432046AF
:10277000234601220DF093FD1E202D4B9B6ADB01A9
:102780000AD52D4B029300231846CDE90033274983
:1027900001220DF084FD1F20254B9B6A1C030AD5E6
:1027A000264B029300231846CDE900331F4901222E
:1027B0000DF075FD21201E4B9B6A59030AD5204B55
:1027C000029300231846CDE90033184901220DF089
:1027D00066FD2220164B9B6A9A030AD5194B029379
:1027E00000231846CDE90033104901220DF057FDB2
:1027F00023200F4B9B6ADB030AD5134B0293002364
:102800001846CDE90033094901220DF048FD242086
:10281000074A936A6FEA03436FEA1343936204B073
:1028200010BD1D20A9E700BFD541010048330100BC
:1028300000ED00E0ED410100004201001A420100FC
:10284000384201005D420100774201002DE9F0436A
:1028500085B000244D4B0293CDE9004423468046C9
:10286000894616464A49012220460DF018FD494B7B
:102870009B6ADF0640D5484B0094CDE901432046D2
:102880002346434901220DF00AFD1124414B9B6A66
:102890001D070AD5414B02930023CDE900333C4983
:1028A000012218460DF0FBFC12243A4DAB6A980742
:1028B00024D500243A4B36490293CDE900442346FF
:1028C000012220460DF0EBFC6F6BAB6A190659D55F
:1028D000344B2F490397CDE901430094234601224D
:1028E00020460DF0DCFCB9F1000F03D0AB6A23F0F9
:1028F0008003AB62132403E01024C7E76FF01507D1
:10290000244B9B6ADA070AD5274B02930023CDE9B3
:1029100000331F49012218460DF0C1FC14241D4B41
:102920009B6A9B060AD5214B02930023CDE9003315
:102930001749012218460DF0B2FC1524154B9A6A6E
:10294000D50602D49A6A90070AD55B68190507D59F
:102950004146384600F090FA10B180F3098802240D
:102960000C4B9A6A920642BF5A6A22F400525A628B
:102970009A6A42F0FF029A6220460023337005B043
:10298000BDE8F0836FF01507B4E700BFA242010075
:102990004833010000ED00E0B8420100324101007F
:1029A000EB4201000343010019430100A64101006D
:1029B0002DE9F041754B5F6890B00446C7F30806F7
:1029C000002383F31188BFF36F8F02F07F40B0F1D3
:1029D0007F4F0CD102F00C00082819D16C4A6D49C8
:1029E0000093CDE90132184601220DF058FC002574
:1029F0002C464FF00008F31E8DF81F80092B00F2C3
:102A0000AC80DFE803F00BA0A49CAAAAAAAAAAA8FB
:102A1000120746BF0C461D460125EAE75E4B5D499D
:102A20005A4FCDF80080CDE90183002301221846DA
:102A30000DF035FC8DF81F80FE6A16F0020605D0F9
:102A4000564BCDF80080CDE9018306E0FB6A002BF0
:102A50000BDA534B0096CDE9016300234D49012267
:102A600018460DF01CFC00223BE0FB6A5B00FAD527
:102A70004C4B48490096CDE901630122334630466C
:102A80000DF00DFC7B69A26943F480737B61BFF399
:102A90004F8FBFF36F8F7B6932F8022C23F4807362
:102AA0007B61BFF34F8FBFF36F8F4DF602739A4276
:102AB0000AD0BB6ADBB2002B33D00DF11F0201211B
:102AC0002046FFF7C3FE3CE023680393364B3149B1
:102AD0000096CDE901630122334630460DF0DFFB5D
:102AE00022689DF81F30CBB908AE04F1200720689A
:102AF0006168334603C30834BC421E46F7D10F9BBE
:102B0000002D3ED0C3F3080121B96FEA53236FEAC9
:102B100043230F9308A91046FFF7DCFC10B0BDE873
:102B2000F081BB6A13F47F4F05D00DF11F01012026
:102B3000FFF76AFD05E0BB6AB3F5803F93D3FFF76B
:102B400001FE0246CDE70DF11F020021B8E70DF1AD
:102B50001F010020ECE7154B73E7154A154B0D4993
:102B600017F4F87F18BF1346103ECDE90336124B19
:102B700002930023CDE90033012218460DF08FFBAC
:102B800071E723F4FF7323F00103C2E700ED00E0D7
:102B9000664301004833010091430100A84301004E
:102BA000C9430100D7430100F6430100124401006C
:102BB0004D4301003843010036440100044B5A697B
:102BC00042F010025A615A6922F008025A617047B5
:102BD00000ED00E0EFF30880EFF3098101B57246E4
:102BE000FFF7E6FE01BD00BF002080F31488BFF3AD
:102BF0006F8F0F4880F3088809F0B2F900200D4963
:102C00000860BFF34F8F00F02BF8202080F311886D
:102C100009484FF40461401880F30988EFF31480E9
:102C20000221084380F31488BFF36F8F00F0ECF8A3
:102C30000037002094ED00E0402500200749D1F83E
:102C400090200023C2F307221846934200DB70470E
:102C5000C1F89830C1F8A0000133F6E700ED00E0BC
:102C600008B572B6002383F31388FFF7E7FF144B10
:102C70004FF0FF32C3F88020C3F88420C3F88820C7
:102C8000C3F88C20C3F89020C3F89420C3F8982090
:102C9000C3F89C20C3F88021C3F88421C3F888219D
:102CA000C3F88C21C3F89021C3F89421C3F898216C
:102CB000C3F89C2162B6BFF34F8FBFF36F8F08BD7F
:102CC00000E100E0084B9B6883420BD1EFF30583E2
:102CD00043B1064B5A6842F080525A605A6A22F455
:102CE00000425A620BF07CBE0422002000ED00E09E
:102CF00015498A684FF030001044EFF3098C80E8E2
:102D0000F01F202080F31288BFF36F8F0F4F4FF01A
:102D100000664A698A603E604FF0740414192068A6
:102D20000B4C2060906F0023936780F3118804B5EB
:102D3000104600F005F9BDE8044002F1300090E8CB
:102D4000F01F8CF3098870470422002004ED00E096
:102D5000B00F00201EF0040F0CBFEFF30880EFF35C
:102D60000980816911F8021C0229FFD001B5724661
:102D70000DF08AFA01BD00BF40B2002807DB044A0B
:102D80004109012300F01F00834042F821307047C1
:102D900000E100E040B200280CDB4309064900F0E6
:102DA0001F0020330122824041F82320BFF34F8FC0
:102DB000BFF36F8F704700BF00E100E0054B420991
:102DC00000F01F0053F82220012303FA00F0104006
:102DD000704700BF00E100E040B20028A8BF00F14A
:102DE000604001F10101B8BF064B4FEA4111ACBF91
:102DF00000F5614000F00F00C9B2B4BF195480F86B
:102E00000013704714ED00E00B4A08B50B4B22F09D
:102E10007F029A60BFF34F8FBFF36F8FD3F8882084
:102E200022F47002C3F888200AF060FF0BF0F8FE6D
:102E300000F05CF80AF09EFF0000000000ED00E0EA
:102E400042F8203C009B42F81C3C0A49019B42F896
:102E5000183C029B42F8143C21F001014FF08073B2
:102E600042F8043C42F8081C0023203A02658367BC
:102E7000704700BFB50F0000094A0346906870B163
:102E800013F1160F406E05D0A0F140029A4205D80A
:102E9000834203D2814228BF002070470020704740
:102EA0000422002008B51546094A0A4B9060426F7B
:102EB0001A600E4600F044F82C4686F3098800207C
:102EC000054B98472046002100220023034C204751
:102ED00004220020B00F0020C7020100B50F00003F
:102EE000014B10221A61704700ED00E004480023F6
:102EF0002021C2180133302B82F80013F9D170471A
:102F000000E100E008B5EFF30583064A103B02EB51
:102F1000C30152F8330049688847BDE80840FFF70D
:102F20005FBB00BFE0300100024B034A03480121B0
:102F300000F096B800000420000000208834010052
:102F4000426E054B403A1A60044A4021C3E901121F
:102F50001846012100F08EB8B40F002000000B15B8
:102F60001FB5144AD2F89030C3F30723013B9842AF
:102F70000FD9114B029300230390CDE9003318467B
:102F80000E4901220DF0D2F96FF0150005B05DF881
:102F900004FBC2F898000B6823F01F03034343F0BF
:102FA0001003C2F89C308B6843F00103C2F8A030D4
:102FB000ECE700BF00ED00E04D44010038330100B4
:102FC000F0B50E4689B01F4604460025B54212DA18
:102FD000606838B3BFB1431E18420FD0134B029341
:102FE0000023CDE9003312490395012218460DF064
:102FF0009DF96FF01502104609B0F0BD1F28EDD9FC
:1030000021680B42EAD1236805930DF07FF9A3688C
:1030100005A90343D0B20793FFF7A2FF10F1160FE3
:10302000E7D0421C01350C34D0E700BF73440100E7
:1030300038330100044B0522C3F89420BFF34F8FAF
:10304000BFF36F8F704700BF00ED00E0BFF35F8FED
:10305000024B0022C3F89420704700BF00ED00E04F
:1030600010B5034C01232278FFF7AAFF207010BD92
:103070001A24002008B50B4A00231278FFF7A0FF9E
:1030800010F1160F07D0084A0021D2F89030C3F390
:103090000723984200DB08BDC2F89800C2F8A010D0
:1030A0000130F2E71A24002000ED00E02DE9F043A2
:1030B00057485849D0F890300D68C3F307239D4214
:1030C00085B000F2A180FFF7C1FF49680022954258
:1030D00001F10C011AD1504C504F25706846FFF792
:1030E000F9F8DFF83C81DFF83C9106460025AE4256
:1030F0001FD1237846490020D1F89020C2F307223F
:1031000093427BDBFFF796FF00204CE0C0F898204D
:1031100051F80C3C23F01F03134343F01003C0F895
:103120009C3051F8043C43F00103C0F8A030013258
:10313000CDE7009800EB05114FEA051CCB683B403A
:10314000B3F5000F44D00AD8B3F5001F2ED0B3F565
:10315000800F34D0B3F5801F10D00135C7E7B3F12D
:10316000807F3ED0B3F1007FF7D150F80C308868F3
:103170004A680DF0CBF840F4802009E050F80C309C
:1031800088684A680DF0C2F840F0885040F430205A
:10319000039001A92078CDE90123FFF7E1FE002883
:1031A00028DA6FF0150005B0BDE8F08350F80C3058
:1031B00088684A680DF0AAF840EA0800E8E750F885
:1031C0000C3088684A680DF0A1F840EA0900DFE792
:1031D00050F80C3088684A680DF098F840F082701A
:1031E000D6E750F80C3088684A680DF08FF840F048
:1031F0008870CDE7237801332370AEE7C1F89830AB
:10320000C1F8A000013377E74FF0FF30CBE700BFF4
:1032100000ED00E0943401001A2400200000F0FFCB
:103220000000081100000202F0B587B007460E4604
:1032300014460021102268461D460FF041FE02236D
:103240008DF802302A46054B019321466846CDE9A8
:1032500004760CF04FF907B0F0BD00BF4D0301003C
:1032600008B50649064821F00701C1F1005202F5F0
:1032700080220CF072FC002008BD00BF873F0020B8
:10328000C00F00200E4A0123C2F840354FF08042A3
:103290004FF08051C2F87835D1F83001082808D1B4
:1032A000D1F83411052904D80648415C09B1C2F8A7
:1032B00038364FF080430122C3F880250020704744
:1032C00000E00140A544010020B1034B800143F020
:1032D00001031847704700BFF0330100BFF34F8F61
:1032E0000549064BCA6802F4E0621343CB60BFF3A2
:1032F0004F8F00BFFDE700BF00ED00E00400FA05BE
:10330000024B1B6803B11847FF207047D00F002005
:103310000A4B0B4A0020C3E900000A4B1A600A4A14
:103320005A600A4A9A600A4ADA600A4B0A4A986066
:10333000C3E90020094ADA60704700BFF40F00209B
:1033400021350000E40F00206534000061330000E7
:1033500059030100D40F0020013300005B0301007A
:1033600030B544788FB00546ACB1204600F0D4FAB1
:103370001A4B02930023CDE9003303900122184930
:1033800018460CF0ECFF174B6A781A7016480AF0D2
:1033900069FE0FB030BD0378052B12D0092B1BD06E
:1033A000012BF0D1072304A88DF8103003F062FF41
:1033B000059B03930D4B0094CDE901430322234663
:1033C000DDE70B4B06490094CDE901430322234678
:1033D00020460CF0C4FFD6E7064BF3E7AF440100EC
:1033E000283301001B240020C0070020C74401002F
:1033F000E54401000545010030B5114C8FB02D2387
:10340000054604A88DF8103003F034FF9DF9143000
:103410002278934200D18DB1D8B20A4B20701B683C
:1034200003B1984723780393074B02930023CDE918
:1034300000330649032218460CF091FF0FB030BD4F
:103440001D240020CC0F0020154501002833010069
:10345000034BBFF35B8F1868BFF35B8F704700BFF0
:10346000FC0F00202DE9FF414278044682B110464E
:1034700000F052FA264B029300230390CDE900336B
:103480002449012218460CF06AFF04B0BDE8F0811F
:10349000FFF7DEFFC10702D51046FFF7ADFFFFF7CC
:1034A000D7FF83070ED4237F63B1BFF35B8F1A4B23
:1034B00053E8001F41F0020143E80012002AF7D14F
:1034C000BFF35B8F217F63794900012B08BF41F077
:1034D0000101124B1D68CFB2002DD6D0083D4FF62A
:1034E000FF782B88E078434501D083420AD1A36856
:1034F0000193237B00936E6894F91030B4F90E2089
:103500003946B047AD68002DBFD0083DE9E700BFA0
:103510002D45010028330100FC0F0020F40F00208E
:103520001FB50446407860B100F0F6F90D4B0293E8
:1035300000230390CDE900330B49012218460CF01B
:103540000EFFFFF785FFC30702D50020FFF754FFEA
:10355000064B62781A70064804B0BDE810400AF0C5
:1035600081BD00BF48450100283301001C24002014
:10357000A8070020F0B504469FB04FF0FF324FF08F
:10358000FF3368480AF0A6FC01261D230AA88DF81F
:1035900028308DF82C6003F085FF257D002D6AD141
:1035A000614B8DF814601B788DF819300227342395
:1035B00014A88DF818708DF8503003F05BFE20B31E
:1035C0005A4B5B490095CDE9015332462B462846BC
:1035D0000CF0C5FEEA24204600F092F9554B029308
:1035E00000230390CDE900331846514901220CF025
:1035F000B6FE204600F09CF9044600287CD04948DD
:103600000AF0E0FC20461FB0F0BD159BA2899A800D
:103610002369159314A88DF8507003F043FF03231A
:103620008DF8503014A82368159303F03BFF09234D
:103630008DF8503014A86368159303F033FF082306
:103640008DF8503014A8A368159303F02BFF05A83C
:1036500004F04EFA04460028BDD14FF0FF3336483F
:103660004FF0FF320AF032FD344B1878002843D077
:1036700000F070F9C0E7012D51D135238DF850309D
:1036800014A82F4B159303F00DFF06238DF850302F
:1036900014A80023159303F005FF07238DF850307D
:1036A00014A82368159303F0FDFE0C238DF8503009
:1036B00014A8A368159303F0F5FE0D238DF8503080
:1036C00014A8A368159303F0EDFE0E238DF8503077
:1036D00014A8A368159303F0E5FE0F238DF850306E
:1036E00014A86368159303F0DDFE14A88DF85050FC
:1036F0008DF8545003F0D6FEFFF7AAFEC30709D495
:103700002D238DF85030084B14A81B788DF85430B9
:1037100003F0C8FE0120FFF76FFE00246FE76FF093
:1037200015046CE7440700201E24002060450100BA
:10373000283301007A450100C00700201B24002027
:1037400000030001F0B507468BB015461C460E4637
:1037500009B9002A5FD131484FF0FF324FF0FF33F3
:103760000AF0B8FB04A9284603F022FD88B300F054
:10377000C7F800242A4B03900293CDE9004429495D
:103780002346012220460CF0EAFD01258DF8144065
:103790000794ADF8204005A88DF8224005F08AF87E
:1037A000044630B300F0ACF81F4B02930023CDE980
:1037B00000331C490390012218460CF0D0FD20462E
:1037C00000F0B6F8044615480AF0FCFB20460BB0A2
:1037D000F0BD5CB1012C09D0144BADF8205093F929
:1037E00000408DF8187007960025D4E78DF8144036
:1037F000F2E74FF0FF330E484FF0FF320AF066FC5D
:103800000C4B187808B100F0A5F8002D044618BF3D
:103810006FF00A04D7E76FF01504D7E758070020C8
:103820008F45010028330100B44501001D2400200C
:10383000A80700201C24002000238360054B596842
:1038400000F1080211B9C3E9002270470A605A600A
:10385000704700BFF40F0020014B1860704700BF95
:10386000CC0F002070B51E4E1E4932781E4892B013
:1038700003F0D4FA054680B100F042F81B4B0293E6
:103880000023CDE9003303901846194901220CF0BA
:1038900066FD6FF0150012B070BD03F07FFC0446AA
:1038A00040B100F02DF8134B0390CDE90153009582
:1038B0002B46E9E7062306A930788DF818300EF07C
:1038C00082F80D4BC0B218700C4B187030238DF875
:1038D000203008A81423099303F0E4FD2046DAE71A
:1038E000CE060020D40F0020E40F0020CC450100BC
:1038F00028330100ED4501001E2400201D24002076
:1039000017289ABF024B53F820000248704700BFA7
:10391000903501001B4601000F289ABF024B53F857
:1039200020000248704700BF503501002B460100BF
:103930001628034608D8064A52F8200030B9002B52
:1039400018BF6FF0150070476FF01500704700BF8B
:10395000F43401000F28034608D8064A52F8200024
:1039600030B9002B18BF6FF0150070476FF01500CD
:10397000704700BFB434010001480AF003BD00BF26
:103980000C050020014B18605960704700100020A2
:10399000024B1A685B6802600B60704700100020E1
:1039A00008B50CF0FDFC024B1B68C01A08BD00BF37
:1039B0000810002001480FF020B900BFF8060020D1
:1039C00007B5014640F2E7304FF47A72002300EB6E
:1039D000C130490CFCF718FD02460B4600210020BF
:1039E000CDE9000102480BF0C1FA03B05DF804FB19
:1039F000F806002008B50CF0D3FC014B186008BD98
:103A000008100020014B1868704700BF0810002004
:103A100010B5124CBFF35B8F022354E8002F012A2C
:103A200003D144E800310029F7D1BFF35B8F0CBF0D
:103A30000120002010D10A4BDB6A9847002344F88C
:103A4000403CBFF35B8F54E8002F44E8003100296D
:103A5000F9D1BFF35B8F012010BD00BF50100020D3
:103A60000437010010B5064B5C68FFF7D1FF30B199
:103A70002CB100212046BDE810400BF009BB10BD61
:103A80000C10002013B50D4BD3E901433BB10C4B97
:103A90005B6B0193002002B0BDE810401847FFF7B0
:103AA000B7FF40B13CB16FF00401204602B0BDE861
:103AB00010400BF0EDBA02B010BD00BF0C1000209A
:103AC000043701002DE9F347284C9A46D4E90193C5
:103AD00007460D46164683B1254B00205B6B984781
:103AE000E368CDE900A32A46D4F80880206833466D
:103AF0003946C04702B0BDE8F08704F14402022312
:103B0000BFF35B8F52E8001F012903D142E8003068
:103B10000028F7D1BFF35B8F9046EBD1E36C1A78A6
:103B2000AA4288BF1D70E36CA06C1A7839460FF06A
:103B30009FF9236D03B11E80636D0BB183F800A064
:103B40000B4BDB6A984700216160BFF35B8F58E83D
:103B5000003F48E80012002AF9D1BFF35B8F4846C6
:103B600002B0BDE8F0470BF093BA00BF0C10002084
:103B700004370100F0B5044687B000680E460EF029
:103B800016FE2568034670B92A6803921E4A1F492B
:103B90000090CDE9010201220CF049FC6FF0120502
:103BA000284607B0F0BDE38821793343D802D5F821
:103BB00008C02F6906D513F4402F03D0DA0748BF99
:103BC00083F440233868012623F480128E40DB07FB
:103BD0004CBF3043B0433860DCF80030284698478B
:103BE00005460028DCD00590237904932368074913
:103BF0001B680393064B02930023CDE90033012297
:103C000018460CF014FCCBE7B348010070330100F8
:103C1000CC48010070B50D460F49BFF35B8F012002
:103C200051E8004F002C03D141E80006002EF7D1E7
:103C3000BFF35B8F0CD1094E41F8403CD4B2736D99
:103C4000214698472846B36A21469847002070BD10
:103C50006FF00F00FBE700BF501000200437010099
:103C60002DE9F04700258EB005ACDFF8BC80814619
:103C70008A4617462946102209A80126CDE905449F
:103C8000CDE907550FF01CF98DF83160D8F83430C4
:103C90000D94002B45D023463A4651464846FFF73F
:103CA000B9FF041E39DBFFB2CDE901570396B8F81E
:103CB0003C301E4C009398F83A3098F8392098F828
:103CC0003810646A3046A047014640F2E7304FF4AE
:103CD0007A72002300EB0140C1F30E41FCF794FB24
:103CE00002460B46314609A80BF07AF9041E14DA95
:103CF0000F4B10490095CDE9015332462B4628461B
:103D00000CF095FBFFF784FE38B94FF0FF324FF00F
:103D1000FF33314609A80BF063F920460EB0BDE829
:103D2000F0876FF01504F8E70C100020043701004D
:103D3000EC48010070330100F0B591B000248DF81B
:103D4000172007AD0F46102221460BA8CDE90755D5
:103D5000CDE9094401260FF0B3F82C4B8DF83960FA
:103D60000F95BFF35B8F53E8002FA24203D143E8C6
:103D700000610029F7D1BFF35B8F43D10DF117022A
:103D800043E910549A60224D189ADA60199A1A6120
:103D90005F60FF216B6D304698476B6B20469847FC
:103DA000DDE9162331460BA80BF01AF9051E1ADAC5
:103DB000FFF72EFE50B94FF0FF324FF0FF33314680
:103DC0000BA80BF00DF99DF8175009E0114B1249A3
:103DD0000094CDE901430322234620460CF027FB43
:103DE000284611B0F0BD0A9B002BECDA0B4B0A49B8
:103DF0000094CDE901433246234620460CF017FBE0
:103E00000A9DEDE76FF00F05EAE700BF50100020B4
:103E1000043701000849010070330100184901000E
:103E200010B529B9FFF7F4FDD8B96FF0150010BD32
:103E30000E4BBFF35B8F012053E8004F002C04D1E1
:103E400043E8000CBCF1000FF6D1BFF35B8F0AD141
:103E5000074C43E90F12636DFF219847636B002005
:103E600098470020E3E76FF00F00E0E750100020D4
:103E700004370100F0B52C4DBFF35B8F8BB00C46BF
:103E8000012755E8003F002B03D145E80072002AC6
:103E9000F7D1BFF35B8F43D1244E2068F368984776
:103EA000E37A4BB32346103D04F1100718685968B4
:103EB0002A4603C20833BB421546F7D14FF47A6352
:103EC000089300220120237B0793CDE90522CDE949
:103ED000032023890293A379019363790093F56901
:103EE000237994F90A10A847B36D607B9847FFF7D0
:103EF0008FFD00200BB0F0BD0997227BB569CDE99D
:103F00000732CDE90533CDE903330A220292228933
:103F1000CDE900323846A37962792179A847E3E7F1
:103F20006FF00F00E6E700BF5010002004370100DB
:103F300038B5084611461A460B4BBFF35B8F012478
:103F400053E8005F002D04D143E8004CBCF1000FA2
:103F5000F6D1BFF35B8F04D1044BDB6B9847002095
:103F600038BD6FF00F00FBE7501000200437010050
:103F700038B5114BBFF35B8F002453E8002F43E8A3
:103F800000410029F9D1BFF35B8F0C4943F8341C81
:103F90000B490C4D43F82C1C0B4943F8241C0B49CE
:103FA00043F8301C2A6843F8440CA3F134009047CE
:103FB000EB6A9847204638BD50100020653A000053
:103FC000C53A000004370100853A00004D040100A5
:103FD0001FB50F4CE36953B90E4A0F490093CDE961
:103FE0000132184602220CF033FA04B010BD002052
:103FF00098470A4B1B6E03B1984794F82030002B6A
:10400000F3D0034804B0BDE8104000F057B900BF3A
:1040100064100020344901006833010004370100B6
:10402000F0B54FF4B011476885B006462348FFF756
:10403000A1FD054600283DD1214922480EF092FC01
:10404000304600F065F9044660B11F4B1F490095EA
:10405000CDE9015301222B4628460CF0F9F9204600
:1040600005B0F0BD38680EF0A2FB60B9184B0293A2
:104070000023CDE900331549012218460CF0E8F978
:104080006FF01204EBE7F86818B10EF090FB00280F
:10409000ECD03046FFF76CFF051EE0DA0D4B0293C3
:1040A0000023CDE900330949012218460CF0D0F96C
:1040B0002C46D4E76FF00404D1E700BF08360100B6
:1040C000D13F0000701000206349010068330100F7
:1040D0008149010096490100024801220A210CF0A1
:1040E000C6B900BF68300100024800220A210CF066
:1040F000BEB900BF68300100014B93F82000704743
:10410000641000200346034880F820300BB900F00B
:10411000EFB8704764100020014BD861704700BFB2
:104120006410002010B5044C204600F095F80123DF
:1041300084F8203010BD00BF6410002010B5054C7D
:10414000204600F0A3F800B910BD002121200EF098
:10415000D9FCF5E76410002070B590B00D46DDE99C
:104160001461CDE90A3108ABCDE90802CDE90C5262
:1041700004930CAA02230446CDE90E61CDE906237F
:1041800005930CF065FB1248D5B9CEB98368114987
:104190001D6804AA3346A84700280ADA0E4B02938A
:1041A00000230390CDE900330C49012218460CF09E
:1041B0004FF92378842B01D0FFF7C0FF10B070BDFA
:1041C000836804491D68024806AB04AAE3E700BF00
:1041D000B8300100F4350100B9490100683301002D
:1041E00070B5154D8AB0284600F068F8C023ADF8C8
:1041F000143005AB069302230793012406AB089302
:1042000009940E480E49836808AA1E680023B04727
:1042100000280CDA0B4B029300230390CDE9003306
:104220000949224618460CF013F90AB070BDFFF791
:1042300085FF85F82040F8E764100020B8300100C1
:10424000F4350100B949010068330100014800F06C
:1042500029B800BF6410002010B50B4C01220321C7
:1042600020460CF0EDF900214FF424700EF04AFCCA
:104270000022032120460CF0E3F94FF4A470BDE8BE
:10428000104000210EF03EBC7C30010008B51F211B
:1042900003480CF0AAF9003818BF012008BD00BF80
:1042A0007C30010008B5132103480CF09EF900286A
:1042B000D4BF0020012008BD7C30010010B40B48A1
:1042C00083689C697CB103691B6813F4002FA446C2
:1042D00018BF4FF0007310BC08BF4FF080634FF061
:1042E000A0721321604710BC704700BF7C300100F2
:1042F00010B4064883689C6934B1A446002310BCFE
:104300004FF400121321604710BC70477C3001004D
:1043100030B54FF4D0110569194885B00CF046F955
:1043200070B1184B02930023CDE9003316490122E6
:1043300018460CF075F96FF00404204605B030BD46
:1043400012484FF480310CF031F90028E9D11048BF
:104350004FF480310CF02AF904460028E1D10D4BCE
:104360000D486B604FF40023AB608368DB690BB9C9
:104370000A4BD7E70122294698470028DDDAF7E7FC
:1043800020360100E24901006833010018360100BF
:1043900010360100130601007C300100FD490100C8
:1043A000074B08491A6843F2390001FB0200186004
:1043B0006FF00043B0FBF3F3C3EBC373C01A704755
:1043C0001C0500206D4EC641014B1860704700BFB0
:1043D0001C05002030B530B10A4D01444FF0FF33C9
:1043E000814201D1D84330BD10F8012B534008223F
:1043F00043F30004013A2C4092B284EA5303002AAA
:10440000F6D1EDE72083B8ED044A13680BB1002123
:104410005972436110600CF0D4B900BF88100020BD
:1044200037B5044601A80BF0F3FF6CB1174D2A68AD
:10443000134673B963682360012323816AB9FFF7C8
:10444000D9FA2046FFF7E0FF01A80BF0EAFF03B01E
:1044500030BD9C42F8D05B69EBE7FFF7A1FA236817
:1044600018442B6820601A689042EAD35A69596947
:1044700011B95C616161E7E71168884202D91346AE
:104480005269F4E75C616261DEE700BF88100020DA
:10449000F8B5FFF7B7FA1C4C0546FFF7ABFA2368EF
:1044A000A3B1471B1E462D1A716929B95A692260AA
:1044B000DA68197242B9FEE70A68BA428CBF52192B
:1044C00000220A607669EFE71869904700262368A2
:1044D0002BB9206880B9F8BD18699047F7E71D68C7
:1044E000FFF75EFA8542F4D223685A692260DA68DF
:1044F0001E72002AF0D1FEE7437A002BEBD1BDE813
:10450000F8400CF05EB900BF8810002037B5134D9D
:10451000044601A80BF07CFF2B686BB164B100224C
:10452000A342227211D1597A5C6961B15A7244B1C5
:1045300020462C600CF045F901A80BF072FF03B087
:1045400030BDFFF737FA2C60F6E71A465B69002B9F
:10455000F2D09C42F9D163695361EDE788100020E5
:1045600007B5074B1B7840BAADF804002BB90222FF
:1045700001A940F2BC600BF0D9FF03B05DF804FB69
:104580002124002007B5074B1B7840BAADF8040082
:104590002BB9022201A940F2BE600BF0C7FF03B0A5
:1045A0005DF804FB2124002010B50C4B1B78044659
:1045B0009BB94FF4D7600BF0EEFFC4F3002100F07D
:1045C000FE0001434FF4D7600BF0C4FFE1B240F2AC
:1045D000B960BDE810400BF0BDBF10BD2124002024
:1045E00013B50446FFF780FD04F0070314F004043C
:1045F0008DF8073008BF084B4FF001020DF107019D
:104600004FF0840008BF1C700BF070FF0020FFF714
:1046100079FD02B010BD00BF1F24002010B5044674
:10462000FFF780FD2046FFF777FDFFF7D9FD00205B
:104630000CF02DF90BF02FFF0BF02EFF034B002297
:104640001A70BDE810400120FFF75CBD1F24002058
:10465000134B984207B50BD94EF6E113ADF8043071
:10466000022201A998200BF041FF03B05DF804FB82
:104670000C4B984202D94DF6D733EFE70A4B9842DC
:1046800002D94CF2C153E9E7084B984202D948F2EB
:104690007513E3E7064B9842E2D946F66B73DDE704
:1046A00000E9A43580F8A9328044E52D000B6B1B8E
:1046B00040FC541937B5104D2B7804461BB9FFF751
:1046C000C7FF01232B7043F6095241F68463B4FB04
:1046D000F2F102FB114403EB8433B3FBF2F3042247
:1046E00003EB81331BBA0DEB0201862001930BF023
:1046F000FDFE03B030BD00BF1F24002007B5064BF0
:104700008DF80700187001220DF107018A200BF0C7
:10471000EDFE03B05DF804FB21240020014B187866
:10472000704700BF2124002013B5224A0446516877
:1047300010686B4603C3204B20781B78834201D05E
:10474000FFF7DCFF23781BB1012B2ED002B010BD88
:1047500062681A4BB3FBF2F31A0C8DF800201A0AA8
:104760008DF801208DF80230A268237B8DF803308C
:1047700043F60951637BB2FBF1F08DF8043001FB85
:10478000102241F6846303EB8233B3FBF1F303EBB6
:1047900080331A0C5BBA8DF80520ADF8063008227C
:1047A00069468B200BF0A2FED0E723690093042218
:1047B000F6E700BFC8330100212400200000093DB6
:1047C0001FB52B4A0446D1689068127C01AB03C325
:1047D0001A70284B20781B78834201D0FFF78EFF98
:1047E00023781BB1012B31D004B010BD637AF12BBB
:1047F00020D14FF6FF70FFF7B3FE48F20500FFF738
:10480000C1FE02236288A188ADF8061052BAE18881
:10481000ADF804208DF80B30227AA37A8DF80A20A7
:10482000ADF808108DF80C30092201A98C200BF08E
:104830005DFED9E7F22BE5D141F60F50FFF790FE70
:1048400041F22100FFF79EFE0623DBE7A3890A4A17
:104850005BBAADF80430A37B13708DF80630E37BB0
:104860008DF80730238AADF808300622DDE700BF57
:10487000C8330100212400202024002037B505463C
:104880000C46022201A913200BF03EFE0A4B1B78B6
:10489000012B0DD1094B1B78012B09D140F202707D
:1048A0000BF079FE9DF805302870237003B030BD01
:1048B0009DF80400F6E700BF2124002020240020FA
:1048C00013B50322044601A914200BF01DFE184B5A
:1048D0001A7822704AB1012A17D013220021601CD5
:1048E0000EF0EEFA0F2323700DE09DF804302371D3
:1048F0009DF80530A2605B425B10A3719DF8063005
:104900005B425B10637102B010BD9DF804305B42E6
:104910005B1023739DF9053002339B1063739DF880
:1049200006305B425B10A373024B1B682361EAE70E
:10493000212400208C100020034B1B6813B15B68FE
:1049400003B11847704700BFB4110020034B1B6828
:1049500013B1DB6803B11847704700BFB4110020E2
:10496000014B01221A7070472424002008B5FFF77C
:10497000C3FB0438C0B2032896BF024B0020185C6A
:1049800008BD00BF2D4A010038B50C46002340F297
:1049900001211A46054608460CF095F8FFF7BEFEC1
:1049A0000C4B01280C480CBF83F8C74083F8C0406B
:1049B000FFF706FF2146284600220BF090FF074B29
:1049C000074819680BF01BFFBDE838400448FFF7A3
:1049D00027BD00BFC010002078110020D01100209A
:1049E000A810002038B50D461446FFF763FE284690
:1049F000074D0BF054FD0CF006F84FF47A71284681
:104A000061430BF0FCFE2846BDE83840FFF708BDC7
:104A1000A810002073B5574D01A80BF0F9FC2C78B5
:104A2000002301A82B700BF0FCFC002C61D00CF0D3
:104A30005FF804460CF0EBF801A80BF0E9FCFFF777
:104A400005FC012808BF287001A80BF0EAFCE50767
:104A50000BD54948FFF75AFD0120FFF753FB474BA1
:104A60001B6813B11B6803B19847A00711D54448D0
:104A7000424EFFF74BFD14F0400F424B3BD01B78EA
:104A800013B90120FFF73EFB336813B11B6903B173
:104A9000984721060AD50120FFF734FB374B1B68E6
:104AA00023B19B6913B1C4F300209847A2050FD529
:104AB000FFF722FB04284CD12F48FFF727FD0120E8
:104AC000FFF720FB2D4B1B6813B15B6803B19847C0
:104AD000A3060ED52A48FFF719FD2A4B1B7813B9F8
:104AE0000120FFF70FFB254B1B6813B1DB6803B1F7
:104AF000984702B070BD1D7895B90120FFF702FB01
:104B0000294640F602100BF025FD40F644100BF04C
:104B100042FD40F00201C9B240F644100BF01AFD0C
:104B2000194D1A48FF220DF103010CF057F82846E1
:104B3000FFF7C6FE3368002BABD09E68002EA8D0CE
:104B400095F90D3095F90C209DF803100F48B047EA
:104B50009FE7FFF7D1FA0528BAD10948FFF7D6FC3D
:104B60000120FFF7CFFA054B1B68002BB0D0DB68A4
:104B7000ACE700BF24240020A8100020B4110020BE
:104B80009010002024250020B811002025240020AA
:104B900010B590B10A4B012219461C68A04206D3F9
:104BA0009C68A04203D201EBC201087910BD01321A
:104BB000162A03F10803F0D1FEE71F20F6E700BF35
:104BC000543601000128094806D1094B80F8C71066
:104BD0001970B830FFF7F4BD90F8BF30012B04D145
:104BE000034B80F8C0101970F3E77047C010002025
:104BF000CF06002000234FF6FF7110B51A46044679
:104C000008460BF060FF34B1094821460BF0F7FD70
:104C10000748FFF705FC074B1B782BB16FF07F406F
:104C2000BDE810400BF064BE034B18688001F7E745
:104C30009010002024250020CC11002000234FF6E6
:104C4000FF7110B51A46044608460BF03CFF34B11C
:104C5000094821460BF0D3FD0748FFF7E1FB074B5E
:104C60001B782BB16FF07F40BDE810400BF08DBE7C
:104C7000034B18688001F7E79010002024250020DE
:104C8000CC110020F0B5BDF814409DF818C09DF877
:104C90001CE09DF8205040B1012814D001220023CF
:104CA00098180138B0FBF2F0F0BD8CF0010CE30075
:104CB00003EBCC0318330EEB450503EBC5034FF4B0
:104CC0007A714B43ECE7501F012803F1040304D829
:104CD0000C2C38BF0C24002706E0C1B9A2F10B0749
:104CE000012F8CBF002701272801BCF1000F00EB2A
:104CF000CE000CBF14250025A0EB8200062A4FEA47
:104D000082062844A2F1020C08D835460BE001299E
:104D1000E1D1A2F10C0047424741E5E70830002FFE
:104D2000F3D04FEA8C050028ACBF2E182E1C701E45
:104D300090FBF5F003FB0044094B062A5A5C8CBF3C
:104D40000C340E340A2A0AD8A30001334FF47A71C6
:104D500003FA0CF34B43034951F82220A0E7FFDE8E
:104D6000314A0100283601000D4B10B50446187079
:104D7000587000F017F85CB134214FF4E8600BF084
:104D8000E9FB4421BDE8104040F241700BF0E2BB6A
:104D900014214FF4E8600BF0DDFB2421F2E700BFA3
:104DA0002224002008B50120FFF7A8FC054B187845
:104DB0005A78824204D05870BDE80840FFF7D4BF4B
:104DC00008BD00BF22240020012808B506D000201D
:104DD000FFF794FC034B00225A7008BDBDE8084061
:104DE000FFF7E0BF222400202DE9F04F85B089466F
:104DF0009DF84C1000919DF85C109DF844A0BDF802
:104E00004070694CDFF8A4B1BDF83C602170002906
:104E100018BF0027BAF1000F15469DF8482008BFBB
:104E2000FF228BF80020804620B1012854D005B025
:104E3000BDE8F08F5E4C0BF0F1FD0B234FEA49000B
:104E400084F8EC3084F8E080C4F8E450FFF7A0FE6A
:104E500041F60403A4F8BC309BF8003084F8C0305D
:104E6000009B84F8ED00002B0CBF0123F22384F893
:104E7000C130F60001238AF0010A84F8C23084F8B8
:104E8000B880A4F8BA6084F8BE8084F8BFA00BF0A4
:104E9000CCFE94F8E000003818BF0120FFF794FF23
:104EA00004F1E000FFF740FC04F1B800FFF788FCD4
:104EB000404A1068516802AB03C302A80BF0DEFC45
:104EC00040F2FF10FFF770FB4FF4FA537B43B3FB44
:104ED000F5F3394A1360AAE70020354C01930BF033
:104EE0009DFD3649019B11F8091084F8E080EAB273
:104EF00084F8F020B9F1000F45D10B3D012D8CBF96
:104F000000250125053A012A02D80C2E38BF0C26AF
:104F100084F8F230012384F8B8309BF8003084F82C
:104F2000C730009B84F8C8309DF8583084F8C930E9
:104F300084F8F11084F8F350A4F8C46084F8C6A093
:104F40000BF073FE94F8E000003818BF0120FFF763
:104F50003BFF1B48FFF7E8FB1A48FFF731FCF8B2AC
:104F60000BF068FD94F8C930012B40F2367014D173
:104F70000BF011FB00F0FB0140F236700BF0EAFA87
:104F80004FF6FF73A5E7B9F1010F04D1A5F10C00AD
:104F900045424541B6E70025B4E70BF0FCFA40F086
:104FA0000401C9B2E8E700BF24250020CF06002095
:104FB000C0100020D9330100CC110020314A01007B
:104FC000A0110020781100202DE9F74F0C9DBDF8AD
:104FD00038709DF83C909DF840A088469346064660
:104FE00048B101284DD040F689000BF0D4FA40F0CA
:104FF0000401C9B28DE0524C0B2284F8E000580045
:1050000084F8EC20C4F8E450FFF7C2FD41F6040335
:10501000BAF1000FA4F8BC300CBF0123F22384F8CE
:10502000C130FF00012389F0010984F8C23084F8FF
:10503000ED00C4F8E8B084F8B860A4F8BA7084F859
:10504000BE6084F8BF900BF0F0FD94F8E0000038EB
:1050500018BF0120FFF7B8FE04F1E000FFF764FB82
:1050600004F1B800FFF7ACFB364A106851686B4694
:1050700003C368460BF002FC40F2FF10FFF794FAFE
:10508000B1E72F4C304984F8E000EAB2C95C84F8FB
:10509000F020002B4AD10B3D012D8CBF00250125AE
:1050A000053A012A02D80C2F38BF0C279DF834305E
:1050B00084F8F230012384F8B830244B84F8F110DE
:1050C0001B7884F8C7309DF84C3084F8C93084F8D8
:1050D000F350A4F8C47084F8C69084F8C8A00BF00C
:1050E000A4FD94F8E000003818BF0120FFF76CFE23
:1050F0001748FFF719FB1748FFF762FB94F8F130E8
:10510000062B7FF470AF40F689000BF044FA00F0F4
:10511000FB0140F689000BF01DFA40460BF0BFF989
:10512000149A0D4B1A6003B0BDE8F08F012B04D127
:10513000A5F10C035D425D41B2E70025B0E700BF79
:10514000C0100020D9330100314A0100CF060020F1
:10515000A011002078110020D011002008B5174BB5
:1051600018601748FFF75AFA00200BF090FB012057
:105170000BF08BFC002108460BF016FD04210020EB
:105180000BF0CFFC00234FF6FF711A4608460BF0D8
:105190009AFC40F6AC000BF0C4FD40F689000BF021
:1051A000C0FD084908480BF022FB084908480BF0ED
:1051B0001EFB084B00221A7008BD00BFB41100206E
:1051C0006149000039490000A81000204D49000045
:1051D0009010002024240020A1F11003DBB2102B3A
:1051E0002DE9F047044604D83A4820FA03F3DB07D8
:1051F00005D4002382F8F030FF20BDE8F087561E6A
:10520000254615F8013B06F8013F631B0B4413F0DC
:10521000FF00F6D101F11C039B005FFA83FCC3F38E
:105220000313013BDFF8B09082F8F0308846531842
:105230004FF0010EB8FBF1FA01FB1A8A1AF0FF0ACF
:1052400013F8047C13F8036C13F8025C13F8014C98
:1052500030D119F806A019F8056019F8045019F8AA
:1052600007404FEADE1707EB47078EEA0A0A07EB0B
:10527000C7074FEA4E0EFFB25FFA8EFE87EA0E0EA8
:10528000574692F800A087EA0A071F7057787E40B9
:105290005E70967875409D70D57808F104085FFAC5
:1052A00088F86C40C445DC7002F1040203F1040389
:1052B000C0D8A2E71829E4D9BAF1100FE1D1DFF87C
:1052C00018A01AF807701AF806601AF805501AF8AC
:1052D0000440D6E701010100344C01002DE9F04FF4
:1052E000A3B092F8F0301D911B920193002B00F0B7
:1052F000538101461EA80BF08AFD1B9BA74CA84DAD
:10530000A84E10330293002303939DF87C00049071
:105310009DF886000590205C06909DF87B00079024
:10532000205C089004989DF881C0205C099014F8D6
:105330000C000A909DF880000B909DF885009DF868
:1053400078809DF87DE09DF882A09DF887900C9074
:105350009DF87A00029B1C9314F80A2014F8093077
:1053600014F8081014F80E700D90205C0E909DF843
:105370007F000F90205C10900B98205C11900C988F
:10538000205C12909DF8840013909DF87900149091
:105390009DF87E001590205C16909DF88300179074
:1053A000205C18901398205C19901498205C1A9037
:1053B0000398013003900298DDF804B01030029099
:1053C0009DF80C00834536D88DF878108DF87A203A
:1053D00009990E9A8DF87C108DF882201199069A01
:1053E0008DF880108DF87E201999169A8DF884100A
:1053F0008DF886200A99189A8DF87D108DF88720EF
:105400001299109A8DF87B301B9B8DF881108DF8C6
:1054100083201A99089A1D988DF885108DF87F20A1
:105420001EA903EB0B128DF879700BF0F0FC002035
:1054300023B0BDE8F08F15F808B082EA03008BEACC
:10544000000016F80EB080EA0B008DF8780015F811
:105450000E004B40434016F80A0043408DF8793067
:1054600081EA070315F80A10594016F80930594027
:1054700016F808308DF87A107A40534015F8092054
:1054800053408DF87B30089A069B5340049AAA5CDF
:10549000534016F80C2053408DF87C30DDE908327B
:1054A0005A4015F80C305340059AB25C53408DF8C1
:1054B0007D30DDE909325A40059BEB5C5340079A89
:1054C000B25C53408DF87E30069B0A9A5340049A92
:1054D000B25C5A40079BEB5C5A408DF87F200E9BD4
:1054E000109A53400B9AAA5C53400C9AB25C5340FA
:1054F0008DF88030DDE910325A400C9BEB5C534054
:105500000D9AB25C53408DF88130DDE911325A407A
:105510000D9BEB5C53400F9AB25C53408DF8823088
:10552000129A0E9B53400B9AB25C5A400F9BEB5C55
:105530001C995A408DF88320169B189A5340139A51
:10554000AA5C5340149AB25C53408DF88430DDE974
:1055500018325A40149BEB5C5340159AB25C53408E
:105560008DF88530DDE919325A40159BEB5C5340CC
:10557000179AB25C53408DF886301A9A169B5340A6
:10558000139AB25C5340179AAA5C1EA853408DF838
:1055900087300BF0FBFBB8E6FF2049E7344C0100F5
:1055A000344B0100344A01002DE9F043CBB00646EC
:1055B000DDF84891174698460D4689B3B9F1000FBA
:1055C0002ED004A80BF065FC164B1968002401F1DD
:1055D000140304EB04101A5C424513D11530014446
:1055E00004A80BF066FCA6B93A46294604A80BF0BD
:1055F00065FC684604A90BF0CCFC009BC9F80030A0
:10560000002003E00134172CE3D103204BB0BDE8A8
:10561000F083102231460DEB02000BF04FFCE3E764
:105620000220F3E7D411002030B5E9B04FF4D07276
:105630000021044668460DF043FC284B0DF115028D
:1056400003F1200153F8040B42F8040B8B42F9D10B
:105650001B88138022490323452216A88DF8473062
:105660000DF006FC7F238DF8AD3080238DF8BE3021
:1056700081238DF8CF3082238DF8E03083238DF89D
:10568000F13084238DF8023185238DF81331862380
:105690008DF8243187238DF8353188238DF84631F4
:1056A00089238DF857318A238DF868318B238DF843
:1056B00079318C238DF88A316CB10A4D4FF4D07258
:1056C000694620462C600AF0DAFF28680BF0D4FD0A
:1056D000002069B030BD0220FBE700BF344D01005F
:1056E000574D0100D41100202DE9F0410D46BEB008
:1056F00016469846074670B36BB311F00F042CD1D1
:10570000F022214601A80AF0CEFF154B1868214669
:1057100000F1140201EB0113D45CB4420BD1153338
:1057200001AA10211844FFF757FD2C462E1BF6B294
:1057300044B9204603E001311729EBD103203EB0E4
:10574000BDE8F08101AA08EB0601B819103CFFF78B
:10575000C5FDA4B2EAE70220F1E70520EFE700BFAC
:10576000D4110020F0B51D4E3468034685B00846BC
:10577000002204F1140102EB02154F5D9F4227D174
:10578000802B05F1150508D07D33DBB2062B18D828
:10579000492222FA03F3DB0713D50023CDE90033B6
:1057A000CDE902337F2210216B46FFF79DFF0446AF
:1057B00030681022694628440AF061FF204605B08F
:1057C000F0BD0146102260190AF059FF0024F5E7E8
:1057D0000132172ACFD10324F0E700BFD4110020F3
:1057E00008B5014630B1044B082218680AF047FF9B
:1057F000002008BD0220FCE7D4110020014B1868EE
:10580000704700BFD411002008B5014638B1054BE0
:105810001868082210440AF032FF002008BD022058
:10582000FCE700BFD4110020014B18680830704716
:10583000D411002008B5014638B1054B1868042280
:1058400010300AF01CFF002008BD0220FCE700BF5A
:10585000D4110020014B186810307047D41100207B
:10586000044B054A93F8A831022B18BF062382F88F
:1058700088347047081200202C190020034BD3F8FD
:10588000483313B1DB6803B1184770472C19002067
:10589000034A137843F002031370FFF7EFBF00BF12
:1058A000EC110020034A137843F008031370FFF74C
:1058B000E5BF00BFEC110020034A137843F0040356
:1058C0001370FFF7DBBF00BFEC110020074BD3F8CC
:1058D000402322F48072C3F8402393F8892442F0D5
:1058E000100283F88924FFF7C9BF00BF2C190020DC
:1058F0002DE9F04116461D4680460F460AF090FFFE
:10590000084A094C13782781C4E9000823F01103E1
:1059100043F01103668125731370BDE8F041FFF772
:10592000ADBF00BFEC110020D81100201FB5094BFE
:105930008DF8090093F88C208DF80A2093F8580010
:105940000D2202A98DF808200CF03DF8C0B205B078
:105950005DF804FB0812002010B5154C94F8C9211D
:1059600094F85030012A4FF0010294BF84F8D521F9
:1059700084F8D721013394F8C821DBB29A4284F825
:10598000503009D80B48FEF7C1FD002384F8503091
:10599000BDE81040FFF772BF074C04F2BC40D4F8DA
:1059A000DC140AF02CFF04F2BC40FEF739FDEFE7EF
:1059B00008120020E81D00202C19002008B5074817
:1059C000FEF7A4FD064B93F8162412B1012283F8CA
:1059D0001524BDE80840FFF751BF00BF281D002077
:1059E0002C19002010B50C4CD4F8403343F0800340
:1059F000C4F8403394F8163413B10020FFF7DEFFEB
:105A000094F8893423F0120343F0120384F88934A4
:105A1000BDE81040FFF724BF2C1900202DE9F0410C
:105A20004F4C90B008B984F8C001B4F8DC30A4F849
:105A3000483094F8B93084F879304A4B4A4ED3E96B
:105A4000100183E80300D3E9120103F1080282E8A0
:105A50000300B4F8CC20A4F88C20D4F8D420C4F8E7
:105A60009420D4F8D820D4F8D010C4F89820002579
:105A70004FF0010803F5407203F54573C4F8901028
:105A8000A56384F8AB51A4F8B08184F84A5084F837
:105A9000AD5184F8AE51C4F8C451A4F8C85103A95B
:105AA000C6F8E454A6F8145486F81654C4E973559D
:105AB00094F8580004932D4B84F8D551A4F8D6518E
:105AC000039205938DF818800BF08DFFE36FC6F8F5
:105AD000D83394F88D3086F8E43386F8D45394F8AC
:105AE000C03186F8E73306F575770FCF06F57A747F
:105AF0000FC486F8E55386F8E6833B6823600223EB
:105B000086F8FA33D6F8483386F81754CDE90155AC
:105B100086F8F9831BB15A68DB6801920293144B33
:105B20000793A3F14C020892A3F114020992114ABF
:105B30000B9221330A93A2F18C030C93A2F18803F8
:105B40000D93131D0E9301A902F1DC0307A802F5C2
:105B5000C5620F930BF01FFC10B0BDE8F08100BFD1
:105B600008120020841200202C190020F0110020BF
:105B7000941D0020EC12002013B50AF051FE0A4BD0
:105B80006C46186020460AF0E7FD94E80300074AD7
:105B9000074B83E80300137843F02003137002B02F
:105BA000BDE81040FFF76ABEE8110020EC110020AC
:105BB000641C0020F8B52E4E96F8A831022B07463B
:105BC0000D4602D02B4BDB6A98470BF0EFFB0446E7
:105BD00080B996F8A831012B16D0274C94F8882468
:105BE00094F816346AB30BB184F84154284603F094
:105BF000CDF836E002200BF0CFFB00200BF0D1FBFC
:105C000096F8A831012B11D10BF0D2FB90B10020F6
:105C10000BF0C3FB00200BF0C5FB0BF0CBFB28B156
:105C200000200BF0BBFB00200BF0BDFBBDE8F840F3
:105C3000FFF716BE0BF0BEFB0028F1D1002CCCD034
:105C4000F4E70BB184F84174384603F09FF8F06B29
:105C50000AF0EDFDD4F8BC339842E7D30748FEF7CD
:105C600055FC94F8893443F0100384F88934DDE757
:105C700008120020043701002C190020CC1C002041
:105C800073B5124D124E0096EB6D95F8602095F9A4
:105C9000881095F858000BF0C2FE0223B37495F8F3
:105CA000C031F37495F85800012306F138023146EB
:105CB00073740BF0C1FE30B1064B00205B6B98474C
:105CC000B37C86F8A03002B070BD00BF081200207F
:105CD000141D002004370100F8B53B4C94F8A8517E
:105CE000012D06460ED0022D60D0002D69D138B9A5
:105CF000D4E91F0104F1840383E80300002006E0D7
:105D0000012805D10BF05DFB08B984F8A861F8BD46
:105D1000022856D12D4F84F8A80107F5757EBEE8FC
:105D20000F0007F57A7CACE80F00DEF80030CCF805
:105D3000003087F8FA63234693F8E92082B393F89A
:105D40000021022A2CD1302303FB0545D5F804316C
:105D5000C4F88430C7F8EC3394F88D3095F80821F6
:105D600087F8F833032384F8882087F8FA3397F804
:105D7000172487F8E823012387F8F933002387F8ED
:105D80001634134BDB6A9847FFF77AFF94F8BE315D
:105D9000002BB3D00F490122202002F07BFEADE79B
:105DA0000135042D03F13003C6D1E7E748B9074BAD
:105DB00084F8A801062283F88824054BDB6A9847FB
:105DC000E4E70320A3E700BF081200202C190020FD
:105DD00004370100B013002070B50B4E0B4D0C467C
:105DE000FEF794FB336B9847094A95F85800214613
:105DF0000BF022FE30B1736B686E9847054BA27CA6
:105E000083F8882470BD00BF043701000812002009
:105E10004C1D00202C1900200E4890F8173480F8F3
:105E2000C0330D4B93F8792080F8C32393F88D206D
:105E300080F8D02393F8C03180F8D333002280F863
:105E4000D12380F8D22300F5707100F56270FFF75E
:105E5000C3BF00BF2C19002008120020104890F882
:105E60008834DBB190F8173480F8D4330D4BDA6FF7
:105E7000C0F8D82393F88D2080F8E423002280F81E
:105E8000E52393F8C03180F8E733012280F8E62358
:105E900000F5757100F56870FFF79EBF704700BF91
:105EA0002C190020081200202DE9F04F8FB04FF080
:105EB0000009012B06460F4690468DF80990ADF873
:105EC0000C9002D84C46BC4202D30FB0BDE8F08F14
:105ED000305D02F0D5FE2044B842F6DC335D651C2F
:105EE000013BEDB21F2BF0D801A252F823F000BF06
:105EF000715F0000915F0000BB5F0000B9600000AF
:105F0000E16000007161000097610000FD61000028
:105F10002D620000BB620000A76200000F6300005A
:105F200011640000356300009D630000B964000047
:105F3000E16400001965000065650000CB5E0000AB
:105F4000CB5E0000CB5E0000CB5E0000CB5E0000AD
:105F5000CB5E0000CB5E0000CB5E0000CB5E00009D
:105F6000CB5E0000CB5E0000CB5E0000036400004F
:105F7000AC4B725D93F8BE319A4206D805A9012058
:105F800002F004FE002800F03F820234E5B212E085
:105F9000052002F015FF70B10521002002F0E4FE9B
:105FA000725DA14BE51C0234E4B283F85C24325DDF
:105FB00083F85D24EDB22C4685E700238DF80A3086
:105FC0008DF80B308DF810308DF81830B9F1000FC6
:105FD0006DD1944C4FF0050994F88C208DF8312048
:105FE0006B1E94F849208DF83320334494F84820F0
:105FF0000B938DF8342094F8AA3194F878208DF81A
:106000003520D4F8BC218DF832300A9273B37B1C52
:106010005B1BDBB28DF8303006AB019304AB009311
:1060200094F858000DF10B030DF10A020AA90BF0C8
:1060300019FD8DF8090000F00700072813D194F925
:1060400049209DF90A3084F849309A429DF80B3076
:1060500084F84830B8BF01229DF81030B8BF84F8EA
:10606000AD2184F878304FF0000A09E00523D1E72C
:1060700001220DF10901032002F00CFD0AF1010AD1
:106080005FFA8AF29DF81830B3FBF9F19142EFD82C
:106090002B44DDB26B1EDBB29F420BD9F25C032AAC
:1060A0009AD0AF4288BF1D464FF0010983E70534FF
:1060B000E5B2F9E71D46F7E7735D5A4903F00F03B0
:1060C000012281F8AB31023402FA03F3A1F8B031B6
:1060D000E4B2002203A9042002F0DCFC25466AE7B2
:1060E00007238DF80930735DDFF838A1C3F302127E
:1060F00003F00F030F2B8DF8283004BF9AF880307F
:106100008DF828308DF82920651DA21CE31C04346D
:10611000DBB2E4B2F15C335D9AF85800D2B21B04F2
:10612000B25C43EA01231343642253430AA90B934D
:106130000BF0A8FC00F00703072BEDB28DF8090067
:106140000ED19DF828308AF880308AF888300B9B71
:10615000CAF87C30CAF884309DF829308AF8793042
:106160008DF80C00012203A9052002F093FC22E720
:106170002D4BD3F8483363B11B6853B1984708F0EF
:106180003F038DF80C008DF80D30022203A9062084
:10619000EBE7FF20F3E703238DF80930735D8DF8FB
:1061A0001C300AAB0693E31CDBB2A51DF25C231D79
:1061B000DBB206A9F35C1B0443EA0223A21CD2B2A1
:1061C0000534B25C134364225343E4B20A930023C0
:1061D0000B93335D8DF83030124B93F858000BF071
:1061E00058FCC3B20028EDB28DF80930FFF6E3AEDB
:1061F0008DF80C30012203A90720B6E7735D03F088
:106200000F03012B4FF47A7238BF01235343054A21
:106210000234936603F57A73D366E4B2002203A9CD
:10622000082059E7081200202C190020735DC74D83
:10623000C3F340128DF8112095F85800C3F30012F3
:1062400004A903F00F038DF810208DF812300BF025
:1062500027FC02340130E4B23FF440AFBDF8103007
:10626000BB4AA5F88C309DF812309DF810A0D05C88
:10627000F9F7FCFF0223C5F890000AA995F8580029
:106280008DF828308DF82AA00BF09DFB95F9493048
:10629000069040B29842B8BF184685F849000022DF
:1062A00003A9092018E7A94B725D93F8BE319A4201
:1062B0003FF66BAE05A90B2062E603238DF809308B
:1062C000735D8DF82830E31CDBB2651DF25C231D85
:1062D000DBB20234F35CE4B21B0443EA0223325D16
:1062E0001343642253430B93984B0AA993F8580025
:1062F0000BF0DDFBC3B20028EDB28DF80930FFF6DC
:106300005AAE8DF80C30012203A90A202DE7725DE8
:106310008E4802F00F010123120903FA01F1023441
:106320009340A0F89A10A0F89830E5B2002203A993
:106330000C201AE716F805B0DFF810A20BF00703DF
:106340008AF8C831A31CDBB22021F25CC2F302122E
:106350008AF8C921F35C002003F00F038AF8493062
:106360000AF080F9CBF3C20B202303FA0BF3184495
:10637000784B0022C3F8DC248AF85020764A9042F9
:106380009CBF4FF47A72504304F1030498BFC3F8E2
:10639000DC040020E5B2FFF7DFFA0CE6735D0020B5
:1063A0001A090A3201218DF80C006B4801FA02FC2F
:1063B00002348445E5B220DC03F00F030433634864
:1063C000644CC0F8CCC101FA03F39BB2C0F8C431ED
:1063D0004FF47A73934004F28C40C4F8D4348DF8AF
:1063E0000C10FEF793F804F28C40D4F8D4140AF0A1
:1063F00006FA04F28C40FEF713F8012203A90F20DD
:10640000B3E605A92020BBE5059802F091FBBCE5A9
:10641000092002F0D5FCDFF83CB1002849D0092161
:10642000002002F0A1FC0023ADF81E30A31CDBB25B
:10643000F25CE31CDBB216F803A0735D4FEA0A4A74
:106440004AEA022A4AEA030A231DDBB2A51D0534E3
:10645000F35CE4B24AEA036A335D4FF47A72534361
:106460000AAC1B122046ADF81C300AF075F93B4B04
:1064700053440693DBF83C3300930DF1180A9AE875
:106480000600DBF8383308A80AF02AF9099B0093C4
:1064900094E80600089B50460AF007F99AE80300C2
:1064A0000AF039F90AF097FF0123EDB28BF838347E
:1064B00081E58BF838047EE50C2002F081FC002891
:1064C0003FF479AD0C21002002F04EFC214B93F8F3
:1064D0008834043B012B7FF66EAD0AF078FF6AE545
:1064E000A31CDBB2725DF15CE31CDBB2651DF35CE7
:1064F0000434E4B21B04305D43EA012313436421F6
:10650000594300F00F000AF063FFEDB28DF80C0064
:10651000012203A9112028E60D2002F051FC0028D9
:106520003FF449AD0D21002002F01EFCA31CDBB29C
:106530000B4AF05C735D1268251D0334E4B243EA34
:106540000020315DEDB20AF045FF34E5081200206D
:106550009D4D01002C19002037894100803DD51246
:10656000D8110020725DA31C251D0334DBB2E4B2F8
:10657000F15C335D1B0443EA012313436420584359
:106580000AF02AFFEDB28DF80C00012203A91320B6
:10659000EBE500BF37B5214CD4F8C43113B1E36C3F
:1065A0000133E36494F8BE311D4DCBB101A90B203A
:1065B00002F0ECFAA0B9B4F85230B4F898200133E4
:1065C0009BB29A42A4F852300AD195F8893484F8E3
:1065D000C00143F0080385F889340F2385F8683437
:1065E00095F88934990703D595F82D34012B07D9EF
:1065F00094F8AA3123B1A36B5A1C18BF0133A363CB
:106600000023A5F8143485F81634D5F8403323F068
:106610000203C5F8403303B030BD00BF08120020AC
:106620002C19002038B50F4D0F48104CFDF76EFFA8
:10663000D5F8D0310E4A93429EBF4FF47A7253433D
:10664000C4F8D834FFF71AF90123D4F8D81406484F
:1066500085F8D6310AF0D3F8BDE838400248FDF796
:10666000DFBE00BF08120020D01D00202C19002022
:106670003789410038B50F4D0F48104CFDF746FFE4
:10668000D5F8CC310E4A93429EBF4FF47A725343F1
:10669000C4F8D434FFF7F2F80123D4F8D414064830
:1066A00085F8D5310AF0ABF8BDE838400248FDF76F
:1066B000B7BE00BF08120020B81D00202C19002012
:1066C00037894100094BD3F84023012A0AD00849F1
:1066D0000978C90708D43AB993F88A04013818BF71
:1066E0000120704700207047012070472C190020BE
:1066F000EC1100202DE9F7434E4CBDF828901D1EEB
:1067000090464FF0000208BF91460746CDE90022AF
:10671000228084F816240E464A46294604F59C70C9
:1067200009F0ADFF5FFA89F284F837223B78A37055
:106730003B785B09042B07D0072B69D0022B06D0CE
:10674000022003B0BDE8F083012384F8163404234B
:1067500084F80431384DC4F80851FF2384F80C3113
:106760003B78364F84F80D31D7F8E43084F828812F
:10677000C4F81031337884F81431684605F59B73FA
:1067800084F83021C4F82C3102F078FC00284ED176
:10679000009BA4F8440401A8A4F81631C4F84C34B2
:1067A00002F02EFA002840D1019B0BB90020C8E767
:1067B00097F94900FFF7BAF894F83732CBB1019B4B
:1067C0000F2B0ED805F58B7201A90F2002F024FAC9
:1067D00058BB3378019A62F30303337084F81431A1
:1067E000E4E705F2FE4201A902F016FAE8B90A2030
:1067F000A7E705F2FE452A4601A902F00DFAA0B965
:10680000019B84F82801C4F82C5184F83031CDE77D
:10681000002DCBD0002AC9D02946E01C09F02FFF5B
:1068200094F8373201332380C0E7132089E7122020
:1068300087E700BF2C1900202E1900200812002025
:1068400070B54B4D4B4C86B000238DF8033095F856
:1068500049308DF8093095F848308DF80A30D5F870
:1068600090300393D5F89430049323888DF8080072
:106870000646ADF8143095F8580004F583630DF121
:10688000030202A90BF0E1F8012384F8413495F8E2
:10689000493084F842349DF8033084F84334D4F806
:1068A0001834C4F85064C4F84834C4F858340AF0B2
:1068B00083FDB0B995F8A831012B01D10AF090FD04
:1068C0000AF07DFD0023019394F8043195F94950B5
:1068D00094F81764042B0CD8DFE803F00E2D310B6D
:1068E0003500D4F818040AF079FD0028E2D0102011
:1068F00000E0032006B070BD1F4802F0F9FB00283D
:1069000032D1D4F8403394F80C111C48218043F064
:106910000203C4F8403394F814340133DBB284F832
:10692000143484F84534164B00259B6AC4F8E454AB
:1069300098472846DEE7104802F030FCDFE70E48B3
:1069400002F058FCDBE701A802F098FB70B994F85C
:10695000143413B1019B013B0193074B019832465C
:10696000E9B202F071FCCAE71120C3E71220C1E7C7
:10697000081200202C190020341A00202E190020A3
:10698000043701002DE9F0418EB006460AF00EFDF5
:10699000002840F0E080724C94F8A831012B0CD014
:1069A000236C704DABB195F80431042B00F2D58007
:1069B000DFE803F0171D21D325000AF0F9FC18B118
:1069C0000F200EB0BDE8F0810AF0F4FC0028E7D0FB
:1069D000F6E7B4F8B031D5F81824013B53432364EB
:1069E000E1E761480AF0DAFE68B11120E9E75E48A4
:1069F0000AF008FFF8E75C480AF03CFFF4E75A4861
:106A00000AF070FFF0E795F80C312B80236C0893A7
:106A10000DF1180894F849308DF82830404694F864
:106A2000AC318DF82A3009F0BAFED4F8B8310093B1
:106A300002AF98E80600D4F8B431384609F050FEA9
:106A400097E803000BAB83E80300E36B0993002393
:106A50008DF834302B88ADF8363094F8C0310122EF
:106A60008DF829201BB98DF834208DF829303F4B43
:106A700000933F4B94F85800A3F1C90208A90BF00A
:106A800026F8A0B10B289CD1D5F8E01479B1002EDE
:106A900097D0D5F84033374843F02003C5F840334A
:106AA00009F0ADFE3348FDF7BBFC002089E794F800
:106AB000587094F9793094F9492094F88D102E4E3D
:106AC00038460BF012F8009641B2E36D94F860205E
:106AD000384614360AF0A3FF0096E36D94F8602060
:106AE00094F9801094F858000AF099FFD5F8CC1367
:106AF000A36ED5F8E0230B44C5F8B833E36E134416
:106B0000C5F8BC3395F80431042B07D0236F0B4430
:106B1000C5F8B833636F1344C5F8BC33002305933D
:106B200094F8C03123B995F81704FFF789FE48E7B8
:106B300005A802F065F860B994F9490095F8376244
:106B40009DF81470FEF7F2FE3E44B042EBD20820EE
:106B500037E7132035E70E2033E7032031E700BF86
:106B6000081200202C190020341A0020481200209E
:106B70000C1E00209C1C0020EC1C002010B5184CA2
:106B80001848FDF7C3FCD4F84033D4F8E40423F0EC
:106B90002003C4F8403348B109F049FEB0F5FA5F6C
:106BA00004D9114B002283F84A2010BD0120FFF7C1
:106BB000E9FE0028F9D00B28F7D00B4B93F84930A9
:106BC00084F84234092094F8143484F8453484F865
:106BD000410402F0DBF8BDE81040FFF7DBBC00BF6A
:106BE0002C1900209C1C0020081200202DE9F043E5
:106BF0003B4C8BB01746994694F8C021B4F8483006
:106C0000B4F848800E46A16B049105465BBA002A91
:106C100063D094F8AB2102B9226494F8AA014FF032
:106C2000000260F3C7128DF80C2094F8A821012A05
:106C300002BF9DF80C2042F010028DF80C2094F851
:106C40004A202AB19DF80C2042F020028DF80C2039
:106C5000ADF8203094F878308DF8223094F88C30EC
:106C60008DF8233094F858308DF82430012204AB8D
:106C70008DF81420D4F8982000931A4B8DF8150045
:106C800006910792A3F12F01A3F1300205A80AF0A3
:106C900014FB9DF80C30CDF8009060F386138DF84E
:106CA0000C3032463B4603A92846FFF723FD08B1C6
:106CB0000A2803D10020FFF765FE20B1A4F8488020
:106CC0000BB0BDE8F083049B84F84A00A36301F095
:106CD0006BFF002818BF1320F2E70720F0E700BF82
:106CE0000812002080120020022870B5044601D04E
:106CF0002BD888BB3C4B3D4D012283F8D421022286
:106D0000D3F8E03085F80421003C2A4418BF012460
:106D1000C5F808214CF2FF02A5F80C2185F80F31C7
:106D20001A0A64001B0C85F8102185F8113185F8CA
:106D30000E41FEF763FD0822014605F5897009F052
:106D40009EFC05F58D71082029E0FF282DD001203B
:106D5000BDE87040FFF716BE244C234A012382F899
:106D6000D431A21CC4F808214CF2FF0284F804318B
:106D700084F80E31A4F80C21FEF756FD08220146D6
:106D800004F20F1009F07BFCFEF738FD08220146E3
:106D900004F2171009F073FC04F59071092002F059
:106DA00079F90028D3D0112070BD104D0020FEF7D6
:106DB00093FF0026AB1CC5F8083185F80461A5F8DF
:106DC0000C41FEF731FD0822014605F5877009F0F8
:106DD00056FCFEF713FD0822014605F58B7009F0FD
:106DE0004EFC3046B4E700BF081200202C190020EA
:106DF000084B10B5044608461146DB6B224649B2E3
:106E00009847054AD2F8403343F00203C2F84033B2
:106E1000002010BD043701002C1900202DE9F04F8F
:106E200089468BB090460646002800F08B810029E9
:106E300000F088810368002B00F084814368002BF8
:106E400000F080818368002B00F07C81C368002BF8
:106E500000F0788110460AF0B1FD002800F074813E
:106E6000BB4CBC4D304601F02FFF40F22472002194
:106E7000204609F018FC4FF4B0620021284609F0C2
:106E800012FCB54BC4F8BC3104F55F73069304F5EE
:106E9000647300274046079306A9B04B84F85880D6
:106EA00084F8A8718DF8247008930AF09CFD0E23D5
:106EB00004A994F858008DF810300AF084FDC01B26
:106EC00018BF01204FF00A0B84F8AC0104A994F814
:106ED00058008DF810B00AF076FD4FF0060A84F8DD
:106EE000DC0004A994F858008DF810A00AF06BFD9E
:106EF0000F2384F8DD0004A994F858008DF81030B1
:106F00000AF061FD10230DEB0301C4F8A40094F80E
:106F100058008DF810300AF056FD1123C4F8A8006F
:106F200004A994F858008DF810300AF04CFD122393
:106F3000C4F8AC0004A994F858008DF810300AF099
:106F400042FD1323C4F8B00004A994F858008DF84A
:106F500010300AF038FD1523C4F8B40004A994F8E1
:106F600058008DF810300AF02EFD162384F8B90071
:106F700004A994F858008DF810300AF024FD172366
:106F8000C4F8BC00C4F8C40004A994F858008DF8F3
:106F900010300AF018FDC0B21C2384F8C00084F839
:106FA000C80004A994F858008DF810300AF00BFDC1
:106FB0001D2384F8CC0004A994F858008DF81030F3
:106FC0000AF001FD1E2384F8CD0004A994F85800AE
:106FD0008DF810300AF0F7FC1F23C4F8D00004A984
:106FE00094F858008DF810300AF0EDFC0B23C4F82B
:106FF000D40004A994F858008DF810300AF0E3FC8E
:107000000C2304A9A4F8D80094F858008DF8103087
:107010000AF0D9FCD4F8A4306366D4F8A830A3668B
:10702000D4F8AC30E366D4F8B03003904FF00108E8
:10703000A4F8DA0023673846D4F8B430636784F8DC
:10704000B880C4F89CB084F8A0A0C4F85CB084F800
:1070500060A084F8788084F8AF81FEF7DFFC4049B7
:1070600085F8897405F55C70C5E9D169C4E90F77C5
:1070700084F8A981C5F8408309F0B9FB394905F5C1
:10708000627009F0B4FB384905F5687009F0AFFB90
:10709000364905F57F7009F0AAFB354905F28C40A9
:1070A00009F0A5FB334905F2A44009F0A0FB6E46A8
:1070B000314905F2BC4009F09AFB304609F06FFBFC
:1070C00096E8030004F5DA7383E803002B4B1F6096
:1070D0002B4BC5F84C332B4BC5F854332A4BC5F812
:1070E0005C332A4F2A4BC5F850332A4BC5F8583326
:1070F00005F553703B68984704F5EE70FEF794FA77
:1071000020B1112630460BB0BDE8F08F204601F0CB
:107110008FFF0028F5D101F0AFFCB8B91E4801F08F
:10712000D1FF06460028ECD17B699847FDF74CF962
:10713000BB6D94F8A9019847FB6A9847012385F82D
:107140008A34DFE70326DDE70926DBE71326D9E7E4
:10715000081200202C19002000010101F01100206C
:107160007D6B0000195E00005D5E0000BD590000EF
:10717000756600002566000059590000EC110020DA
:10718000795B0000F1580000B95800000437010095
:10719000A558000091580000F012002008B5034BDC
:1071A0000020C3F84003FEF75BFB08BD2C1900204C
:1071B00070B52E4B8AB0054693F8DD008DF80900B6
:1071C00093F8DC008DF80A0029489A6B90F81404B3
:1071D000039200268DF80B0004960C46002941D03E
:1071E0000692D3F898200792B3F8482093F8AA1192
:1071F0008DF8151052BAADF8202093F88C2093F832
:1072000058308DF8243003AB8DF822008DF8232000
:1072100000930DF10A020DF10B030DF1090105A810
:107220008DF814600AF049F89DF90900FEF77EFB1D
:10723000607004A801F0E4FCB0B9049A0F2A0DD8DC
:1072400063789A420AD81544AB42A3EB02012CBFE3
:10725000002001202170C0000AB070BD00232370FF
:107260000820F9E70320F7E71320F5E708120020CC
:107270002C1900201FB50446002800F00581037872
:107280004C2B00F2FC80DFE813F04D005400580056
:107290005C005F00620066006B00FA00FA00FA0012
:1072A000FA00FA00FA00FA00FA00FA00FA00FA000E
:1072B000FA00FA00FA00FA00FA00FA00FA00FA00FE
:1072C000FA00FA006F0073007D00840087008A00D6
:1072D0008F008D009100950098009B009E00A100FA
:1072E000A400B300B700BF00BB00C300C600CA00C3
:1072F000D100CF00FA00D500E100E500FA00FA0065
:10730000FA00FA00FA00FA00FA00FA00FA00FA00AD
:10731000FA00FA00FA00DD00E900EE00F200F600E3
:10732000010101015A4B93F8A8312371002004B0E8
:1073300010BD574B93F8C031F7E7FEF75FFA606076
:10734000F4E7FEF771FAFAE7FEF784FAF7E7504B35
:1073500093F8AA31E9E74E4BD3F8E0306360E5E7F4
:107360004B4BD3F8E430F9E7494B93F8A931DCE70C
:107370001B238DF80830464B02A993F858000AF0F9
:1073800022FBDCE7434B043493E8030084E803006A
:10739000CCE7414B0434F7E7404B0434F4E7404B6F
:1073A0000434F1E71923E4E71823E2E7384B93F8B4
:1073B0007830BAE7364B5B6ED0E7354B9B6ECDE746
:1073C000334BDB6ECAE7324B1B6FC7E7304B5B6F4B
:1073D000C4E702238DF808302D4B02A993F88C20C6
:1073E00093F858008DF80A200AF0EDFA20719DE715
:1073F000274B93F9DD3098E7254B93F9493094E713
:10740000234B93F9DC3090E7214B93F948308CE71C
:107410001F4BDB6DA2E71E4B93F8603085E71C4BDA
:10742000D3F89430636081E7194B97E7184BD3F892
:10743000D430F7E7164BD3F8BC31436002F04CF977
:10744000A06073E7124B93F8AF316EE7104BD3F89F
:10745000CC3183E70E4BD3F8D0317FE70C4BB3F838
:107460009830A38062E70A4BB3F89A30F9E7084BEB
:10747000B3F8D830F5E7064BB3F8DA30F1E704B0EB
:10748000BDE8104009F09FBF032050E717204EE7EA
:107490000812002084120020C41200208C12002048
:1074A000CC1200207FB5044610B9032004B070BD93
:1074B000954DD5F840339A0700F1108302784C2A95
:1074C00000F20783DFE812F04D0052006000660012
:1074D0006A006E00730078007D0088008E009400C2
:1074E0009A00A000A600AC00B200B800BE00C40024
:1074F000CA00D000D600DC00E200E800EE00F40094
:10750000FA0000010503080126013901600182012A
:10751000730186018F01930197019B019F01050370
:10752000A301B501DD01CB01EF01F9010002050264
:107530000A0296020503B702D502050305030503F7
:1075400005030503050305030503050305030503FB
:1075500005030503B202F102F602FB020003080371
:1075600008030079FEF7B8FB30B19FE70379022BDF
:107570009BD0664A82F8C03195F8893443F02003E5
:1075800085F88934002091E74068FEF729F9002842
:10759000F2D08AE74068FEF737F9F8E74068FEF76F
:1075A00049F9F4E7594B027983F8AA21E4E7574BEC
:1075B0004268C3F8E020DFE7544B4268C3F8E42098
:1075C000DAE7416800293FF470AF002001F0AAFF1C
:1075D0000028D1D0112069E7416800293FF465AF48
:1075E0000120F3E7416800293FF45FAF0220EDE797
:1075F000416800293FF459AF0320E7E741680029BB
:107600003FF453AF0420E1E7416800293FF44DAF58
:107610000520DBE7416800293FF447AF0620D5E7A6
:10762000416800293FF441AF0720CFE741680029B6
:107630003FF43BAF7F20C9E7416800293FF435AFF5
:107640008020C3E7416800293FF42FAF8120BDE7C8
:10765000416800293FF429AF8220B7E7416800293B
:107660003FF423AF8320B1E7416800293FF41DAF09
:107670008420ABE7416800293FF417AF8520A5E7D8
:10768000416800293FF411AF86209FE74168002937
:107690003FF40BAF872099E7416800293FF405AF1D
:1076A000882093E7416800293FF4FFAE89208DE7E9
:1076B000416800293FF4F9AE8A2087E74168002934
:1076C0003FF4F3AE8B2081E7104B007983F8A901DA
:1076D0000F4B9B6D98474FE70C4E037A8DF80430A3
:1076E00096F8580096F88D308DF80530072201A9DC
:1076F0000AF07FF900283FF4D8AE7C36D4E90101C6
:1077000086E8030038E700BF2C190020081200208B
:1077100004370100BD4E037A8DF8043096F8580006
:1077200096F88D308DF80530072201A90AF061F92D
:1077300000283FF4BAAEBC36E0E7B44E037A8DF8C9
:10774000043096F8580096F88D308DF805300722F1
:1077500001A90AF04EF900283FF4A7AED4E90101CF
:1077600006F1840383E8030096F8A831022B7FF426
:1077700003AF96F8C031002B3FF4FEAEA44BDB6A9A
:107780009847FEF77DFAF7E6A04E037A8DF80430AD
:1077900096F8580096F88D308DF80530072201A92B
:1077A0000AF027F900283FF480AEC436A6E7436804
:1077B000029301238DF80C30944B02A993F85800E2
:1077C0000AF026F900287FF4D7AE6EE643680293EC
:1077D0000023EFE703795A1E0E2A3FF666AE8B4A66
:1077E00082F87830C8E6894B42685A66C4E6874B0F
:1077F00042689A66C0E6854B4268DA66BCE6834B0F
:1078000042681A67B8E6814B42685A67B4E67F4C13
:10781000037994F858008DF80430062201A90AF083
:10782000E8F800283FF441AE9DF8043084F8DD30DC
:10783000A2E6764C03798DF8043094F8580094F859
:107840008C308DF80630052201A90AF0D2F8002804
:107850003FF42BAE9DF8043084F849308CE66B4C35
:10786000037994F858008DF804300A2201A90AF02F
:10787000C0F800283FF419AE9DF8043084F8DC30DD
:107880007AE6624C037994F858008DF804300922A6
:1078900001A90AF0AEF800283FF407AE9DF80430C5
:1078A00084F8483068E64368B3F5FA7F3FF6FDADEB
:1078B000564AC2F89C30D3655EE6544B027983F891
:1078C000A02083F8602057E6504B4268C3F894200C
:1078D00052E64E4B4268C3F8D4204DE64468002C73
:1078E0003FF4E3AD012B40F0F98034212046FCF752
:1078F00071FD636B984204D144483822214608F058
:10790000BEFE04F138061C213046FCF763FD636DB2
:10791000984204D13F482022314608F0B0FE04F1DD
:1079200058064FF4C0713046FCF754FDD4F8D831F6
:1079300098421DD138484FF4C272314608F09FFE7C
:1079400095F8173485F8E833304BD3F88420C5F820
:10795000EC2393F88D2085F8F823012285F8F9238C
:10796000022285F8FA232A4A93F8A901936D9847D1
:1079700004F5EE764FF4CE713046FCF72BFDD4F8CB
:107980007833984205D125484FF4D072314608F03B
:1079900076FE04F55F7610213046FCF71BFDD4F827
:1079A0008C33984204D11E481422314608F067FEF9
:1079B00004F564764FF45E713046FCF70BFDD4F8A5
:1079C0000837984205D117484FF45F72314608F0E6
:1079D00056FE04F20C7614213046FCF7FBFCD4F87A
:1079E000203798427FF4C8AD0F481822314608F07E
:1079F00046FEC1E58379012B3FF657AD034B426844
:107A0000C3F8BC21406801F031FBE1E50812002019
:107A1000043701004012002060120020E41300200F
:107A20008415002098150020141900202C4B027991
:107A300083F8AF21A0E543682A4A93423FF635AD6B
:107A4000274A92F8C01102297FF42FADC2F8CC3139
:107A50004FF47A7253432448C5F8D434FCF756FDEA
:107A60002148D5F8D41408F0CAFE1F48FCF7D8FC0A
:107A700082E543681B4A93423FF617AD184A92F8D5
:107A8000C01102297FF411ADC2F8D0314FF47A72DF
:107A900053431648C5F8D434FCF738FD1348D5F8DD
:107AA000D81408F0ACFE1148E0E70D4B8288A3F82B
:107AB000982061E50A4B8288A3F89A205CE5084B80
:107AC0008288A3F8D82057E5054B8288A3F8DA20EE
:107AD00052E509F07AFC47E51720E7E40120E5E4E8
:107AE0000812002037894100B81D0020D01D002059
:107AF0002DE9F04186B00023ADF80030054600289E
:107B000000F0FC800361FEF7DDFD20B10126304668
:107B100006B0BDE8F08101F099F90028F6D101F036
:107B20008FF9014618B97648142208F0BCFD754C4F
:107B300094F88934012243F0040384F8552484F82E
:107B400089342B788DF804300021013B8DF8052015
:107B5000ADF806100C2B00F2C280DFE803F00772CC
:107B600083888D97C0C09DC0B4A1B000D4F8406395
:107B700016F02006CAD12F79022F2ED1624F30463F
:107B8000FDF74CFF324695F9051097F8580009F0BB
:107B900095FF072387F84900FF208DF80530FFF790
:107BA000A3F8064600286DD095F9051097F85800FF
:107BB000012209F083FFD4F8E03487F849002B61F3
:107BC00001F03EF90028A2D194F8893484F8160413
:107BD00060F3820384F8893499E7012F7FD1DFF8BD
:107BE0002881022398F858008DF8143002A988F8EB
:107BF000AD6109F0F8FE2B7988F8C031D4F8E03493
:107C00002B6101A88DF805608DF8067001F070F801
:107C10003E4B1A7822B93E493E481F7008F0E7FDF6
:107C2000D4F840333B4843F48073C4F84033FCF746
:107C30006DFC38480A2108F0E2FD3648FCF7F0FBFD
:107C40000EE0022384F854340020FFF74DF8D4F8F6
:107C5000E0342B6106460028B2D101A801F048F8B3
:107C6000002654E7032384F854340120EDE704236D
:107C700084F854340220E8E700226946022000F02C
:107C800009FFB0BBD4F8E0342B61E6E72A7BA96892
:107C9000A888FFF7ADF8DAE7002269460D20EEE785
:107CA000194B93F8A831D3B92E7906F0070009F0E3
:107CB00085FB8DF80060012269461020DFE7002275
:107CC00069461220DBE78DF8072009F068FB0646BD
:107CD00050B909F061FB304609F063FBD2E7D4F8F4
:107CE000E0342B6102266BE7D4F8E0342B610126E7
:107CF00066E7D4F8E0342B61132661E7032606E734
:107D0000801D00202C1900200812002025250020AD
:107D1000CD580000141E00202DE9F04FDFF8FCB212
:107D2000BF4CABB00AA808F073FBDBF8005000238F
:107D30000AA8CBF8003008F074FB002D00F0E480B6
:107D4000EBB2A906039365D5B64D95F8A831022B81
:107D500002D0B54BDB6A984711A8B44F08F058FB26
:107D600008F05EFD3E68D4F8B813361A3144B048C6
:107D700008F045FDAE48FCF753FBD4F8BC13AD4802
:107D8000314408F03CFDAB48FCF74AFB11A808F071
:107D900048FB94F81634002B00F00681142314A934
:107DA00095F858008DF8503009F00DFED4F8BC134A
:107DB0000D900144A04808F022FD9F48FCF730FBDD
:107DC0003B6894F81724EB630FAF38468DF87820A2
:107DD0001F9308F0E4FCD5F8B831009306AE97E89D
:107DE0000600D5F8B431304608F07AFC96E8030076
:107DF00021AB83E80300D4F81834209395F8C03100
:107E000095F85800003B18BF01231EA98DF8793062
:107E100009F0E3FD039BDA064AD5824DDFF81C9298
:107E2000D5F8E42005929BF80020B9F90AA099F949
:107E30000C70A4F82AA4002363F300020C93ADF89D
:107E4000243084F84434A4F81E3484F82134C4F86F
:107E50002434A4F8283484F82E34C4F8303484F858
:107E60001C34C4F8343484F83834C4F83C346E4BD1
:107E70008BF8002094F88824DB6A84F82C7484F84A
:107E80002D24D9F80480B9F80860984794F82D3467
:107E900013B96848FCF73AFB3146404609F084FACA
:107EA0008346002800F08380A4F87AA484F87C74C8
:107EB000039B19071AD55B4B93F8A831022B02D00C
:107EC000594BDB6A98470220FDF7CAFC84F841044D
:107ED00000F05CFF94F8163413B1012384F81534D4
:107EE00094F8893443F0100384F88934039B5A07CB
:107EF00003D506210520FDF75DFE039B9B0703D5F7
:107F000004210320FDF756FE09F06CFA94F8892449
:107F1000D70640F1AC83002384F88A34D4F8403388
:107F20001E0644BF23F08203C4F8403312F0050F4D
:107F300000F01D830B2000F043FF002800F01783A2
:107F400094F88934DD0700F11283580740F1358336
:107F5000D4F8403323F00203C4F84033D4F840137C
:107F6000002940F07B8394F8893413F0010003F07A
:107F7000040500F0658361F300035E0784F889342B
:107F8000DAB204D5134661F3820384F889340123FD
:107F900084F88A34D4F8443329481B689847002D64
:107FA00000F0548300F030BC84F8413408E795F8C1
:107FB000A831012B0CD109F0FBF9824668B1584673
:107FC00009F0EBF9584609F0EDF9042384F82D3453
:107FD0007EB9012384F81D34B5E109F0EBF90028DE
:107FE000F6D0504609F0DAF9504609F0DCF90523DD
:107FF000ECE798F800B01BF0030FEAD14FEA5B13EF
:10800000013B062B00F29F82DFE813F01C009D026B
:10801000F2009D02EF009D028D0200BFEC110020D6
:108020002C1900200812002004370100E81100205C
:10803000B41C0020CC1C0020281D0020D8110020DA
:108040006C1D0020102EC4D995F8C031CDF8508099
:10805000F6B28DF854601BB195F8D431002BB8D02E
:10806000FDF7E2FB14AA0146FF2001F075FAB8B350
:10807000FDF7DAFB14AA0146002001F06DFA88B37F
:10808000FDF7D2FB14AA0146012001F065FA58B3AE
:10809000FDF7CAFB14AA0146022001F05DFAA8B957
:1080A00004279DF8603095F8580003F00F020F2A5E
:1080B0001CD0C3F303038DF87830072295F88D3078
:1080C0008DF879301EA909F094FC78B9012000F0F0
:1080D00077FE002876D00121072000F045FE71E0F0
:1080E0000127DEE70227DCE70327DAE79DF85B30AC
:1080F0009DF85A209DF8601095F858001B0443EA3B
:1081000002239DF859201343C5F8E030179BC5F8AA
:10811000E430C1F3021385F8793001F00F030F2B1F
:108120001EBFC1F3030385F8803085F888309DF8C1
:108130006130012B4FF47A7238BF01235343AB6691
:108140001344A94AEB6611F0800FA84B08BF1346F1
:10815000C5F8BC310DF1620312934FF0010894F899
:1081600017348DF84430113E11A985F878808DF8C8
:108170004C6009F047FC022385F8C03195F8BE3108
:108180004BB10022A5F8522009A942460B208DF8D8
:10819000243000F07FFC384600F012FE18B139465A
:1081A000002000F0E1FD95F8D4312BB10023904878
:1081B00085F8D431FCF7AAF9023F012F02D801203B
:1081C000FDF72CFC94F82D34012B00F2CA8194F8B1
:1081D0001634002B40F0BD8194F8893443F010032D
:1081E00084F88934FDF73CFB62E6012384F81C34F3
:1081F00095F88D308DF8363094F820348DF8353080
:1082000095F858000D230DA98DF8343009F0DBFBEB
:10821000A6F10D031BB20B9023EAE37300B2834275
:108220003FF7D7AE0B2E7FF6D4AE724B27931EA826
:10823000FF23CDF878808DF87C608DF8A03009F0B0
:1082400052FA804600287FF4C4AE95F8A831012B7D
:1082500014D109F0ADF80646002843D0404609F095
:108260009CF8404609F09EF804239DF8841020985D
:1082700084F82D34C1F3001109F0B3F8209AC4F842
:10828000342411A91EA808F0F9FF804600287FF4C5
:10829000A0AE59490C900346D1F8EC0082422DD192
:1082A00091F8E96056B3302202FB035393F8EAA039
:1082B000D3F80C311B680C9395F8A831022B02D12E
:1082C000032384F82D349DF84430032B7FF481AED2
:1082D0009DF8843013F0600F7FF47BAE05904FF073
:1082E000010811E009F066F80028C7D0304609F00F
:1082F00055F8304609F057F80523B6E70133042B4B
:1083000001F13001C8D19A469DF8443095F8BE611C
:108310000493BAF1040F10D8DFE80AF024032022F6
:1083200018000526BDF886100CAA304609F051F950
:10833000F0B1072801D1082300E0012384F81D349F
:108340000C9BC4F83034FDF74DFBB1E5012E0BD189
:10835000049B5BB1032B08BF0226E3E70626E1E797
:108360000726DFE70426DDE70326DBE70226D9E759
:108370001EAB009305990C9B3246504601F02AF83B
:1083800020B1022814BF0B230A2323E60C9B94F888
:108390002D64C4F830349DF8843084F81D04C3F390
:1083A0004013012E84F82E3484F844349EBF0123F8
:1083B000A86385F8AE31B8F1010F84F81E84C4F8C3
:1083C000240484F8280484F8410417D1022384F893
:1083D0001C3495F84A301BB99DF88430DB062CD547
:1083E00095F8A83163B328E0000400010001010101
:1083F000E81D0020641B0020081200200BF0E00B99
:10840000BBF1A00F32D195F8BE31012185F84A1099
:108410000BB9299B6B64012E84F81C1440F2328244
:108420004FF4FA53C4F83C34D9F80030C4F8E434BB
:1084300095F8A831002B00F03482D4F83C3413B105
:10844000012384F82134012E94F840249DF88430CF
:1084500005D8012A01D19E0601D500F0B3FB049A8C
:10846000032A5AD8DFE802F008215212002385F8C7
:108470004A3084F81C34AFE79DF8841094F82D340A
:108480003A4601F00F0122A8FDF70EFD9DF8983045
:1084900084F81F34279BC4F824349DF8A03084F856
:1084A0002834012384F829340DE09DF8841094F8D1
:1084B0002D343A4601F00F0122A8FDF7F5FC9DF896
:1084C000983084F81F3495F8D4315BB1BF4800264A
:1084D00085F8D461FCF71AF894F88934580748BF36
:1084E00084F855649DF89820E02A08D195F8AF31BA
:1084F0002BB984F81F24C4F82434A4F8283494F841
:10850000893443F0020384F889345BE694F82D340F
:108510009DF8A01027983A46CFE7012384F81D3430
:10852000FDF760FACFE7AA4D013EB2B208F10101B2
:10853000284608F0A4F80323A4F81C34C4F82454F3
:1085400084F82864DBE7012384F81D34FDF74AFA38
:1085500038E694F84434002B3FF43EAE0020FDF79B
:108560002DFA94F82D34022B3FF43CAE34E694F807
:108570008934590721D5012000F022FC48B100239D
:1085800084F81434D4F8403323F00203C4F84033A1
:1085900013E0022000F014FC0028F0D1032000F0CA
:1085A0000FFC0028EBD1042000F00AFC0028E6D1E3
:1085B000062000F005FC0028E4D194F88934DA079D
:1085C0007FF5CCAC94F840240AB1032A18D1814A33
:1085D00094F8141492F87820914205D29B0723D581
:1085E00094F82D34012B1FD87B48FBF78FFFD4F86C
:1085F000403323F02003C4F84033FDF7CBFFADE454
:10860000012A11D194F81524002A3FF4A7AC714A2D
:1086100094F8141492F878209142E5D29F0703D57C
:1086200094F84434002BDFD194F8893400206FF3A0
:10863000041384F8893484F81504FEF79FFA8DE456
:108640000122002D40F0DA8084F88A2408F0B8FE78
:1086500094F889346FF3041384F88934012384F87F
:108660008A3494F8893443F0200384F8893494F8E8
:108670008934180708D56FF3C30384F88934D4F814
:1086800044335648DB68984794F88934990708D5ED
:108690006FF3410384F88934D4F8443350485B685D
:1086A0009847D4F84033ABB94A4DD5F8C421E96CAA
:1086B0008A4240F0B88095F8BE11002900F0B380DE
:1086C000002A00F0B080EB641EA802238DF87830F9
:1086D000FFF70EFA94F88834022B01D1FDF7D0FA97
:1086E00094F889349A0640F1DF80D4F840536FF350
:1086F000451384F88934002D40F0D680354E34215E
:108700003046FBF767FE736B984218BF70634FF0FB
:108710001C01344818BF0125FBF75CFE736D9842BD
:1087200018BF70654FF4C0712F4818BF45F002059F
:10873000FBF750FED6F8D831984218BFC6F8D801DA
:108740004FF4CE71294818BF45F00405FBF742FEEF
:10875000D6F87833984218BFC6F878034FF0100166
:10876000234818BF45F00805FBF734FED6F88C33D4
:10877000984218BFC6F88C034FF45E711D4818BFAD
:1087800045F01005FBF726FED6F80837984218BFCB
:10879000C6F808074FF01401174818BF45F0200528
:1087A000FBF718FED6F820379842D4F848331CBFA0
:1087B000C6F8200745F04005002B75D09B68002BBC
:1087C00072D028462BB0BDE8F04F1847E81D0020B6
:1087D000641B0020081200209C1C0020941D002017
:1087E000481D00204012002060120020E4130020E9
:1087F00084150020981500201419002060F38203CE
:1088000084F8893484F88A24294800F0E5FA00F0D5
:1088100017FB00283FF41AAF94F8893443F004039F
:1088200084F8893412E795F8D5315BB102231EA88C
:108830008DF87830FFF75CF900287FF44BAF85F8AE
:10884000D50147E795F8D6315BB103231EA88DF813
:108850007830FFF74DF900287FF43CAF85F8D6015A
:1088600038E795F8D731002B3FF434AF04231EA826
:108870008DF87830FFF73CF900287FF42BAF85F8AE
:10888000D70127E795F8A8019DF8843094F8402493
:1088900020B1D4F83C0400283FF4DBAD84F8211467
:1088A000D7E584F82114DAE52BB0BDE8F08F00BFDE
:1088B000801D00202DE9F04F07468DB020B903221E
:1088C00010460DB0BDE8F08F00230361FDF7FAFEFE
:1088D0000446002840F0B8803E460FCE07AD0FC5D5
:1088E000DFF86881BB895A485A4D3E7897F90EB037
:1088F0000193142221468DF8084007F0D4FE01228E
:1089000088F8412495F8C021022A11D195F8A821B0
:10891000022A0DD195F8AE2152B9012E47D9032E66
:1089200052D0012E38BF0126A3464FF0000911E0B6
:10893000012E3CD0032E47D0002E55D19DF80820A3
:108940009DF82090DDF824A0022161F347128DF8F4
:108950000820012495F88C108DF81610022205A924
:1089600095F858008DF8142009F02DF895F8AA31E3
:1089700095F8C0C195F8AD1140B20222C3BB002CDE
:108980003CD05845B8BF584695F88C308DF810004B
:10899000052295F858008DF8123004A909F029F83D
:1089A00000288CD09DF8103085F849302CE09DF8D7
:1089B00008209DF82090DDF824A0042161F34712DF
:1089C0008DF808200126C4E79DF80830DDF820A0C6
:1089D0009DF926B043F0E0038DF80830BDF824304F
:1089E000019303260124A0E74FF0000BD946B1E71D
:1089F000BCF1010F06D129B9002CC5D1D8F8E0345B
:108A00003B615DE7002CF9D0D8F8E40438B107F0F9
:108A10000EFFB0F5FA5F84BF002385F84A30524656
:108A2000019B494602A8FEF7E1F8024640B998F8D2
:108A3000893488F8406443F0010388F88934DDE71D
:108A4000002388F81634D9E7012239E72C190020D1
:108A50006C1D002008120020012809D00538C3B27F
:108A60001B2B04D80348D84000F0010070470020B9
:108A7000704700BF7910000810B5054C4FF4037221
:108A80002046002107F00FFE0020C4E9000010BDC1
:108A9000AC1E00202DE9F8430546904600293DD044
:108AA000204C2023224604F1100012F8019FB9F156
:108AB000000F2BD18242F8D11B4F3B68013403B920
:108AC0003C607B6803B11C6000262660601D7C60F2
:108AD000C4F8088025711FFA88F207F0D0FD2846F7
:108AE000013DEDB2FFF7B8FF1F2D98BF0F4E207369
:108AF0009CBFEE4006F001066673D7F808320133DA
:108B00004344C7F808324846BDE8F883013B13F0F8
:108B1000FF030446C6D14FF00209F4E74FF0010904
:108B2000F1E700BFB31E0020AC1E0020010400804E
:108B300010B520B3144BD3E90021904215D102683F
:108B40001A60884201D100225A6000240460D3F8E0
:108B500008228168013A521AC3F8082221461022DD
:108B600007F0A1FD204610BD224652B11468A04274
:108B7000FAD1884200D15A6001681160E5E701200E
:108B8000F1E78842E0D0E0E7AC1E0020054B1B680F
:108B900013B11A798242FAD1002B0B600CBF03206B
:108BA00000207047AC1E002010B5054B186800B9B6
:108BB00010BD037B04680BB9FFF7BAFF2046F6E748
:108BC000AC1E002038B50C4B0C4C196809B908468E
:108BD00038BD0A790D681046FFF73EFF50B1013AE3
:108BE000D2B21F2A03D824FA02F2D30702D40846CD
:108BF000FFF79EFF2946E9E7AC1E00200104008034
:108C000028B1044BD3F808320360002070470120DC
:108C1000704700BFAC1E00202DE9F04107460E460C
:108C2000154642B339B3154B1C6800232CB93046A6
:108C3000FFF7E6FF0020BDE8F081A268F91A0132D3
:108C4000914215D32279EA54581C22895FFA80F8A0
:108C5000611D55FA80F007F012FDA368246898445E
:108C60005FFA88F3E2E720462568FFF761FF2C46AC
:108C7000002CF8D1DBE70120DDE700BFAC1E0020AF
:108C80000138C0B21F289ABF014B185C0020704702
:108C9000AD4D010030B50B4B93F82020044608463B
:108CA00072B100211C330578A54208D001319842E9
:108CB000CDB214BF04301038AA42F4D8002030BD21
:108CC0001046FCE7B820002010B5084C00232060B7
:108CD000142204F10C00FF2184F82030C4E90100C3
:108CE00007F0E1FC012384F8213010BDB8200020FA
:108CF000114B93F82020042A1BD89A680178117030
:108D00009A68417851709A68C178D1709A68817870
:108D1000917093F82020013283F820209A6803F1A3
:108D20001C018A4214BF043203F10C029A60012034
:108D300070470020704700BFB8200020094B93F80F
:108D4000200068B15A6803F11C018A4200F1FF302B
:108D500014BF043203F10C0283F820005A60012092
:108D6000704700BFB820002010B5074B93F82020B3
:108D70000446084632B15968FFF78CFF10B1012351
:108D80004470837010BD00BFB820002030B50B4A7E
:108D900092F82010536882F8210069B1012502F190
:108DA0001C04D978587001B99D70A342916814BF12
:108DB0000433103B9942F4D130BD00BFB8200020ED
:108DC00008B5044B5968FFF765FF003818BF01204C
:108DD00008BD00BFB8200020F7B50422174D044697
:108DE00000210DEB020095F8207007F05CFC0026D6
:108DF000F3B29F4201D803B0F0BD6B681B782370BB
:108E00006B685B7863706B689A783AB12B68204620
:108E10009B689847FFF792FF0136E9E71A788DF8CB
:108E200004205A78DB788DF805208DF80730FFF79D
:108E300085FF01A8FFF75CFFEEE700BFB820002028
:108E4000014B93F820007047B8200020034B93F8A3
:108E50002000042894BF002001207047B820002083
:108E6000F0B5002489B006462A48CDE90444CDE98E
:108E70000044CDE90244CDE906440068264C4FF099
:108E8000010C8DF810C0D0F800E0A645DDE90E57C2
:108E900008D9634504D9022B20D0082009B0F0BDC1
:108EA0008DF814C00B0CADF816108DF81830ADF815
:108EB0001A502B0C090E2D0E8DF81C308DF8152034
:108EC0008DF819108DF81D50134B02689A4284BF1B
:108ED00001238DF81F3026B90020DFE78DF814300C
:108EE000E0E710216B4606220DEB0100FCF7FCFBCE
:108EF00068B900F120030DEB03023B5C12F8202C53
:108F000053403B540130C0B2B042F2D3E4E70E20EC
:108F1000C4E700BFDC200020000001010138062862
:108F200023D8DFE800F0040A0E12161A1E00104BB8
:108F30001B681B690B60002070470D4B1B685B6949
:108F4000F8E70B4B1B689B69F4E7094B1B68DB696F
:108F5000F0E7074B1B681B6AECE7054B1B685B6A75
:108F6000E8E7034B1B689B6AE4E70520704700BFF6
:108F7000DC2000202DE9F043C5B0DDE94C860C462D
:108F800017461D46814600284BD0B1F5807F4AD850
:108F90004FF488720021684607F085FB49238DF85D
:108FA0000030002D3AD0214B1B68DA68D3B2C2F3EF
:108FB00007228DF802204FF48072ADF804204FEAAA
:108FC00018428DF80820320C8DF80130ADF806807B
:108FD0000023ADF80A608DF80C204946224604A80B
:108FE0004FEA1868360E8DF803308DF80E308DF884
:108FF00009808DF80D608DF80F4007F040FB04F1FB
:1090000010014E9A3B4689B2684608F07EF810B1CE
:10901000012818BF0E2045B0BDE8F0832B462A4634
:10902000C7E70920F7E70D20F5E700BFDC200020A7
:1090300010B5A8B10B4C38220021206007F033FB9B
:109040002368094A1A6000204FF0FF32C3E9030287
:10905000C3E90522C3E90722C3E909221A6310BD47
:109060000820FCE7DC20002000010101024B1B6806
:1090700018600020704700BFDC20002030B1044B96
:109080001B68DB68013303600020704709207047CC
:10909000DC20002081B1082803D0092808D0052051
:1090A0007047064B1B8801339BB20B800020704732
:1090B000034B1B689B8DF6E70920704714240020A2
:1090C000DC20002080B1094B1B6803F11C024262C6
:1090D00003F12002426503F124022833C0F8842002
:1090E000C0F8B4300020704709207047DC20002011
:1090F00030B5044687B0002847D0274B1A689388BC
:1091000001339BB2938000F10E05C3820023CDE9A9
:109110000233CDE904330822062329460DF1090064
:109120008DF8083007F0B5FA0222012102A808F0F4
:1091300007F890B9CDE90200CDE904000523082223
:1091400029460DF109008DF8083007F0A2FA032234
:10915000012102A807F0F4FF10B1122007B030BDC2
:10916000204608F01BFB90B904F118030093216816
:109170000123132207F0C3FF58B9204608F00EFB65
:10918000003818BF01200001E8E70920E6E71020B9
:10919000E4E70E20E2E700BFDC20002037B50446FC
:1091A000F8B1134D2B689A8D4FF6FF739A421AD07F
:1091B00008F028FB10B1102003B030BD04F11C03EF
:1091C000009321680223142207F099FF68B9204612
:1091D00008F018FB0028EED12A68938D013393859F
:1091E000EAE70920E8E71120E6E70E20E4E700BF00
:1091F000DC20002037B50446E8B1124D2A884FF62E
:10920000FF739A4219D008F035FB10B1102003B05B
:1092100030BD04F114030093216805230F2207F0E9
:109220006EFF60B9204608F025FB0028EED12B88A0
:1092300001332B80EBE70920E9E70420E7E70E2064
:10924000E5E700BF142400202DE9F04F04468BB061
:10925000884617461E46002B4CD05D4D2B68DB68B8
:10926000834200F2B28096F82020002A0CBF06222A
:109270000722834206D3304608F034FB034608B386
:1092800010201CE0002301900093B36896F828108A
:10929000706A08F005F990B92B689B78012BEAD128
:1092A00006F1100396F80CC0CDE9004302460346D0
:1092B000B1680CF00F00FFF7D3FD0028DBD00BB036
:1092C000BDE8F08FD5F800A096F804C09AF802E047
:1092D0003068B6F80890B268ACF1040CBEF1010F2A
:1092E0001FFA8CF166D196F80CE0CDE90433CEF389
:1092F000401E08B90920E2E7B1F5807F01D90D20B1
:10930000DDE74FF0490B8DF818B0BEF1000F4DD0DE
:10931000DAF830305FFA83FEC3F307238DF81C7050
:10932000170C120E8DF81A308DF821200023220C14
:109330008DF81D308DF824208DF82630220E04ABD8
:109340008DF8252000930A460523014606A88DF8CE
:1093500019E08DF81B80ADF81E908DF82070ADF8E7
:1093600022408DF827C007F0CAFE08BB05AA337B50
:109370003179CDE90142B268009204393068C3F313
:109380004013042289B208F0F1F8002897D1BDF803
:109390001030059A43EA0243F362304608F0A2FA1D
:1093A00000287FF46DAF2B68DC6088E79E46B5E748
:1093B0000E2084E706F12C070092CDE90147062232
:1093C00008F0D4F80028E8D079E7062077E700BF56
:1093D000DC2000202DE9F04F87B08146109E8846A2
:1093E00017461C46002E00F09480002305A9104665
:1093F0000593FFF793FD20B10625284607B0BDE889
:10940000F08F059B9C4201D80133F5D1304608F01E
:109410006AF9054600287ED1404B13F825104945CE
:1094200003EB850204D1B368434506D00225E4E787
:109430000135052DF1D10B25DFE7DFF8E4A0F06A57
:10944000DAF80010337B897892F801B0002931797D
:10945000CDF80080CDE90140A1F10401C3F3401330
:109460009278306808BF002389B2FFF783FD054674
:109470000028C2D196F820300194002B4FF0010350
:10948000009396F82810706A434614BF5A46062285
:1094900008F006F805460028AFD1DAF800309A78CF
:1094A000012A08D0013F062FA7D8DFE807F0151AD8
:1094B0001E22262A2E00B9F1040FF3D1307B10367C
:1094C000CDE900463B46414600F00F00FFF7C8FCDF
:1094D0000028E7D0054690E7DAF800301C611C63ED
:1094E0008BE7DAF800305C61F9E7DAF800309C616C
:1094F000F5E7DAF80030DC617FE7DAF800301C626B
:109500007BE7DAF800305C6277E7DAF800309C62DB
:1095100073E7092571E70F256FE700BFD00600202C
:10952000DC20002038B5054607F005FE044610B1E2
:109530000E24204638BD002DFBD1064B1B6801468A
:10954000987808F067F80028F2D107F0FEFF0028AD
:10955000EFD0EDE7DC2000202DE9F04304468FB08A
:1095600089461646002A00F0AB80002900F0A8804A
:109570000025DFF85C8105951D22294606A809F023
:109580009FFCD8F800308DF81350FF2C9F8805D031
:1095900014F0FD0F0ABF4F4B9F8D1F880DF1130371
:1095A00005AD029301953379009333683A464946F5
:1095B000204607F0E1FD002840F0848030683279D1
:1095C000294607F05CF8304608F03FF800287BD1C8
:1095D000357AF279B3799DF813002D0445EA022516
:1095E0001D43D8F8003001289A6803D1954203D86A
:1095F00003243EE09542FBD09D60002108F00AF86C
:109600000446002835D107F0A0FF044688BB9DF82A
:109610001330012B31D13B464A462946042007F03E
:10962000E2FE002852D13B464A462946052007F073
:10963000DAFE00284AD13B464A462946062007F072
:10964000D2FE002842D13B464A462946072007F071
:10965000CAFE00283AD1D8F800309DF813201D49E1
:109660009A7000220A80DA604FF0FF32C3E90422C8
:109670009A6120460FB0BDE8F083737AB27AF67A29
:10968000360446EA02261E4332463B462946072058
:1096900007F0DFFED0B93B4632462946062007F0E8
:1096A000D8FE98B93B4632462946042007F0D1FE41
:1096B00060B93B4632462946052007F0CAFEC8E796
:1096C0000924D6E70E24D4E70F24D2E70446D0E7D6
:1096D000DC20002014240020004870470300010211
:1096E0002DE9F74F0C4692469846074607F098F842
:1096F0002E4EDFF8BCB00190182313FB0A4A002558
:109700004FF0FF39544507D1002D14BF48464FF0A4
:10971000FF3003B0BDE8F08F606807F088F80D9B5C
:10972000228857BB642A38BF6422B3F5616F944620
:109730002AD349F6AF218B421E491F4B94BF3146B5
:109740005B469842216104D2A268934201D16268CB
:109750001AB9019AE160C4E901230F9B03FB0CF2E3
:10976000E368934203D8B8F1000F12D18FB10123FF
:1097700023751D44EDB21834C4E7B8F1000F06D0CC
:10978000012A38BF0122944631463346D9E7E660C4
:10979000F6E700238A422375EDD2A268824228BFF1
:1097A000131A994528BF99460135E3E780EE360044
:1097B000809B820770460D00803F5C02024B03FADB
:1097C00000F0B0FBF1F0704740420F0051F820006C
:1097D000054B984205D0054BC31A584258414000EA
:1097E00070470120704700BF90D0030020A1070000
:1097F00030B50B4B85B00C460A491D56FFF7E6FF06
:10980000082201460020CDE90020074A0123E4B2E6
:1098100002940393546A18462A46A04705B030BD07
:10982000F14D010070370100043701000B4B10B5FA
:109830001B6A0446984768B1094B0A4A234493427D
:1098400009D8094A534341F6F632B2EBB31F2CBF95
:109850000120002010BD0020FCE700BF04370100FC
:10986000608FF7C8401640005FF743591FB50023CB
:1098700000930378013B362B68D8DFE803F01C67C0
:109880006767676767676767343638673D40434691
:10989000494C67541C565B6062676765671F676762
:1098A00067676767676767676767676B711C1C67D0
:1098B0006B1C1C797D000823009347E043788DF8EA
:1098C000043004238DF805304FF49043ADF8063092
:1098D0002C4B1B6801A803F55872CDE9022308F050
:1098E000DFFA009032E04023E6E72023E4E790F936
:1098F0000130254AD35CDFE740F6B833DCE74FF4AC
:109900007A73D9E74FF4FA63D6E741F28833D3E7A5
:1099100041F27073D0E71D484FF47A7106F0A2FE51
:1099200000F5FA60DDE71A4BC6E7164B1B6803F536
:109930005873C1E7134B1B6803F55B73BCE74823FF
:10994000BAE7104B1B68B7E7124B0093009805B0BD
:109950005DF804FB104A0E49007908F006FBC0E7E9
:1099600040F21743ADF8003003238DF80230EDE7E5
:1099700090F90130094ABDE7094990F90100FFF764
:1099800025FFAEE7E4200020CD4D010018FCFFFFCD
:10999000A07008379A990042C0270900F14D0100D4
:1099A0007037010037B50B4B02781B680C2101FBA7
:1099B00002335B7A03EB4304074B1D680369009392
:1099C000C3684278816805EBC40008F017F903B05A
:1099D00030BD00BFE4200020E0200020F0B587B0BB
:1099E0000123047BADF800300023CDE90133CDE93C
:1099F00003338DF802308DF8143024B1013C012C72
:109A00004ED907B0F0BD0368002BFAD04268002A97
:109A1000F7D0304E806832602F4A304D10609C8104
:109A2000182269462B6006F02AFE30682C4B2D4F19
:109A3000024601464FF0300C0B6003F5433303F54B
:109A4000A073BB4281F808C04C7201F10C01F3D144
:109A5000254B264944270024C2F8003303F5C313DD
:109A600003F520638B4282F8087382F8094302F100
:109A70000C02F1D14FF0FF33C0E9DB33FF23C0F814
:109A8000743300F55B71062200F5587008F0A7F8F2
:109A900031682868062201F5587108F0A0F8B0E78F
:109AA0000C4C2068062200F55B7100F5587008F038
:109AB00096F80A4B21681B6801F25E319A1E0A3340
:109AC00032F8020F31F8024F9A4200EA0400108087
:109AD000F6D196E7E4200020E0200020E8200020D6
:109AE0006001C83560518B36C0AFD235C0FF9536A6
:109AF000037A102B70B526D14368DB7B012B22D172
:109B0000114B1E68114B1A6806F25E34023A0021AE
:109B1000436813F8113024F8023F456805EB41050E
:109B200004296D7843EA0523238005D032F8025FCB
:109B30002B4013800131EBE7DBB2A6F86833538882
:109B400021880B40538070BDE4200020E8200020D5
:109B500070B5042204460021006808F022F80128AC
:109B600003D025791DB1012D21D000201EE0144E17
:109B700021683068062200F5587008F030F8336824
:109B800093F87423A3F874230E4AA3F8765312684B
:109B900003F25E33911E0A3231F8020F33F8024F9E
:109BA000914200EA04000880F6D1012070BD044B08
:109BB00021681868062200F55B7008F010F8F4E7D9
:109BC000E4200020E8200020F7B50D28114DA8BFA3
:109BD0000D201C460E46587029461746FFF7F6FD25
:109BE00094F901300C4A55F82310A070D05CFFF7AF
:109BF000E5FD0A4BDB6D0546984704F10C0208347D
:109C00000346019200943A463146284608F06FF820
:109C100003B0F0BD70370100F14D010004370100C1
:109C20002DE9F0471F4E90F90190736845688AB09E
:109C3000044688469847002831D1A37C33B923785D
:109C4000194A1A4D03F0070302FB0355184B284627
:109C500013F909A0F3689847637C09930125002351
:109C6000CDE90735CDE90533CDE9033322890292E9
:109C70000822CDE900322846A178B7692B46524622
:109C8000B8470C4B13F80910736D0D312846C9B253
:109C9000984788F8009028460AB0BDE8F087002071
:109CA000FAE700BF04370100C0270900A070083799
:109CB000F14D0100CD4D01002DE9F04F374B384EED
:109CC00090F902A0D6F800B0914690F901209F5675
:109CD000037888460C2101FB03B332495B7A09689B
:109CE00003EB430301EBC3038DB093F902100B9216
:109CF0000446504608F0EFF80B9A042A05463FD177
:109D00005546022DB8BF0225274994F90100DFF816
:109D10009CA0FFF75BFD26490B900022284608F027
:109D20000EF821780C22514383463068DAF80C2073
:109D300040589047012600224FF47A630821CDE96C
:109D40000723CDE90522CDE90326CDE901610B9B6F
:109D5000009759463046DAF81C70B847DAF85430A4
:109D6000217B30469847A18994F90100FFF740FD17
:109D7000C9F80000304688F800500DB0BDE8F08FFB
:109D8000042200210BF5587007F00BFF3128BBD8D7
:109D90005546052DB8BF0525B6E700BFF14D0100BA
:109DA000E4200020E020002070370100043701008B
:109DB0000000F0412DE9F04F7A4F93B0CDE9011248
:109DC0003968039307AE00240546062201F5587151
:109DD0003046C6E901440594ADF81840079407F0F1
:109DE000FEFEA0464FF0FF392B7AA34205D96868E2
:109DF00005A9204407F016FF60B99DF91530032B23
:109E000065DC0422002107A807F0CBFE01285ED8FC
:109E100006235DE09DF81730BDF818102044062B8E
:109E2000C4B205D1CDE90799C9B2ADF82410DBE77A
:109E3000072B02D1CDE90788F6E7052B41D14FF07A
:109E4000000CC9B260464FF0010B12AB0BFA0CF2DA
:109E500003EB400E11423EF82C3C0CF0010A1CD0E2
:109E600092B2BAF1000F0ED143F0FF032EF82C3C52
:109E7000BDF8243013430CF1010CBCF1080FADF810
:109E80002430E2D1B0E763F0FF032EF82C3CBDF89C
:109E9000243013430130C0B2EDE7D24392B2BAF19D
:109EA000000F07D123F0FF032EF82C3CBDF824301F
:109EB0001340E0E7DBB22EF82C3CBDF82430134011
:109EC000E8E712AA02EB430323F82C1C8CE70723D4
:109ED0008DF82C30AB7A8DF82D309DF815308DF83B
:109EE0002E309DF816308DF82F309DF814308DF8F7
:109EF0003030EB7A8DF831302B7B8DF832306B7B44
:109F00008DF8333048238DF834304FF48063ADF84A
:109F10003C303B6810930E23ADF844302B680A9315
:109F20000DF1160205AB0DF115010AA80E9607F00A
:109F300093FE0728054623D138680622314600F5EE
:109F4000587007F04CFE184B3A681B68B2F8600373
:109F5000198801401980B2F862035988014059807C
:109F6000B2F86403998801409980B2F86603D988F1
:109F70000140D980B2F868131981B2F86A235A8176
:109F8000019A9DF815301370029A9DF816301370DF
:109F9000039A9DF8143013701C9B28461C7013B054
:109FA000BDE8F08FE4200020E8200020094B1B686A
:109FB000587B69B90130C0B25873C0EBC00300EBE5
:109FC000C300C0B21C288CBF002001208000704755
:109FD0000138F0E7E82000202DE9F0470025A4B083
:109FE0004B4E8DF80E5004460F46914629464422AA
:109FF00013A898468DF80F50129508F061FF294676
:10A000003068DFF810A1042207F0CBFD054648B9FF
:10A01000DAF800103068042201F5587107F0DFFD0E
:10A0200033681D7394F908203368DAF80010032AA6
:10A0300004DD1A7A12B9B1F868231A81CDE9053125
:10A04000354B627A1B6807934823ADF82030002314
:10A05000099323680A9363680B93A37A8DF83030D1
:10A06000D4E9030101238DF810208DF8313094F9E3
:10A0700008208DF8112004AB11930DAB83E8030089
:10A08000237DE18A8DF83C301046FFF7B1FB0DF1DE
:10A090000F0310900093CDF804900DF10E0312AA57
:10A0A00041460AA807F0B8FE054690B9637AA3B105
:10A0B0009DF80E10013906F0D5FA00F190030DEB72
:10A0C000030010F8483C3B7039783068482207F0AC
:10A0D0004FFD284624B0BDE8F08794F90830306879
:10A0E00063B1007A2B46D9B240FA01F1C9071A468A
:10A0F00003F10103F7D502F14003E4E73A4600F12A
:10A100000C0107F0ECFE0328DED10546E1E700BFB5
:10A11000E8200020E4200020E0200020034B03EB97
:10A120008103985620EAE070C0B27047DD4D01000F
:10A130002DE9F7431B4EDFF870801C4F05460C4697
:10A1400014B903B0BDE8F083EFF31189202383F342
:10A150001288BFF36F8F08F0F3F91549D1E9003287
:10A16000C31842F1000008FB03F206FB0022A3FB28
:10A170000630DB1942EB0002C1E9003289F3118895
:10A18000BFF36F8F042CA14628BF4FF00409019242
:10A1900028464A4601A908F06BFE4D44A4EB090489
:10A1A000CEE700BFFDB0B087E62EBB272DF304B588
:10A1B000C0040020084B70B5C31A0D4607499B1018
:10A1C000044659430648402207F035FF2B46014616
:10A1D0002046BDE87040184700210020B76DDBB66F
:10A1E0005430010073B50C4C0C4A4023041B0093FF
:10A1F0000D460B460A49A41061430646094807F07C
:10A2000045FF011E05DA30462B4602B0BDE870401E
:10A21000184702B070BD00BF00210020F5200100EA
:10A22000B76DDBB65430010010B5EFF31184202375
:10A2300083F31288BFF36F8F074A136823F002017C
:10A24000DB07116002D4012008F08CF984F3118837
:10A25000BFF36F8F10BD00BF50210020002270B5EA
:10A26000012104461046F8F7B7FD0F4801F0FCFF46
:10A270000E4B984215D102F007F826690C4930467A
:10A2800005F050FD00280BDB0125356424690849E1
:10A2900004F11C0005F046FD002801DBE564002008
:10A2A00070BD6FF00400FBE7B5A300000000AD0B2C
:10A2B000B03701007FB500220123CDE9022304ABB2
:10A2C000CDE90433094ACDF800D06B46CDF804D06F
:10A2D00007F009FF002805DB4FF4804200236846A1
:10A2E00003F0F4FE07B05DF804FB00BF132101008A
:10A2F00030B4104B0C2202FB003301460020D3E99E
:10A300000E529863EFF31180202484F31288BFF378
:10A310006F8F1C6C04F0C00444F002041C6480F3D2
:10A320001188BFF36F8F1DB12B46034830BC18470F
:10A3300030BC7047002100205430010010B4EFF30E
:10A340001182202383F31288BFF36F8F17480168AF
:10A3500041F002040460C80707D482F31188BFF3F8
:10A360006F8F012010BC01F0A1BF4FF08041D1F8E8
:10A370000C04D1F80C14C907EFD5EFF3118083F367
:10A380001288BFF36F8F0A490B6C03F0C00343F0D0
:10A3900002030B6480F31188BFF36F8F82F311887F
:10A3A000BFF36F8F002010BCFFF7A2BF5021002029
:10A3B0000021002010B1012804D07047034B1B6C12
:10A3C0005B0701D1FFF794BF704700BF0021002059
:10A3D0002DE9F0413849BFF35B8F0746012251E870
:10A3E000003F41E800200028F9D1BFF35B8F33B96B
:10A3F000324933484B60CB608A6005F0A6FC7B1E77
:10A40000012B2BD8012F07D14FF08043D3F81C34F8
:10A4100003F00303012B21D008F0D0FA0546F8B968
:10A42000284B1B78E3B14FF080430222C3F8082386
:10A430000646DFF894804FF08044D4F81824D4F80E
:10A440001834D20315D503F00303012B01D0012FDB
:10A450000FD155B386F31188BFF36F8FBDE8F0813C
:10A46000EFF31186202383F31288BFF36F8F01254A
:10A47000DFE7ADB1304605F03AFFD4F81835002BD0
:10A48000DBD1D4F80421002AD7D0C4F80431D4F8A1
:10A4900004310123C4F81835C8F88031A360CCE733
:10A4A0000021212008F02EFBE7E74FF08043022235
:10A4B000C3F80423D2E700BFFC200020EC200020DA
:10A4C0001C2100203725002000E100E000F174404D
:10A4D00000F5A6000A289ABF024B33F910006FF06E
:10A4E0000F007047A8390100024B0B600123136075
:10A4F000704700BF4038010000487047D437010062
:10A500000268154BFF2A08BF4FF0FF32C3F824251D
:10A510004268FF2A08BF4FF0FF32C3F8282582683F
:10A52000FF2A08BF4FF0FF32C3F83025C268FF2A68
:10A5300008BF4FF0FF32C3F834250269FF2A08BF75
:10A540004FF0FF32C3F838254269FF2A08BF4FF0A9
:10A55000FF32C3F83C2570470090024030B50D46ED
:10A56000416889B0E9B1D1E900138468DCB1D4E96C
:10A570000024CCB1C3B19C420FD10133092B007828
:10A5800015D9CDE90303144B02930023CDE9003321
:10A5900012490222184607F001FE6FF0150009B0BB
:10A5A00030BD0B46E1E7224601332344E6E78DF850
:10A5B000193040F201138DF81800ADF81A3006A8D2
:10A5C00000238DF81C308DF81D5002F081FD09B07C
:10A5D000BDE83040FFF77ABF2A4E0100503301003A
:10A5E000054B994206D14FF0FF324FF0FF33183040
:10A5F00003F06CBD704700BF0000AD0B2DE9F047C4
:10A6000043685D6B9AB0074614AA0021284607F0FC
:10A61000B2FE041E6FDB149B2A681979186800F0DB
:10A62000E5FD041E67DB002201212920F8F7D4FB99
:10A63000D7F804803A697049404602F029FDFFF7D7
:10A6400045FF041E52DB6D4D0FCD14AC0FC495E8D1
:10A6500003000DF12C09002584E803000B95AB23C2
:10A66000C9E901558DF82C30654BD3F82425D2B2B9
:10A670000E92D3F82825D2B20F92D3F83025D2B259
:10A680001092D3F83425D2B21192D3F83825D2B231
:10A690001292D3F83C3514A8DBB21393FFF730FFC6
:10A6A000012002F06BFD0EAE01463046FFF728FF99
:10A6B000544B994223D129464846FFF74FFF041EC9
:10A6C00014DB232008F06EF84FF0030A9F2329467D
:10A6D00014A8CDE91455CDF83890CDF83CA08DF8EC
:10A6E00050301696FFF73AFF041E0BDA02F064FDB5
:10A6F00008B102F04FFD20461AB0BDE8F0876FF0B8
:10A700000404F3E75246494608F1300008F0E0FB44
:10A710000446F0B198F83230089398F83130079336
:10A7200098F8303006939DF82E3005939DF82D3023
:10A7300004939DF82C300393334B34490095CDE9B5
:10A74000015301222B46284607F028FD6FF0120422
:10A75000CCE77A68537F023B012B16D9177F023F63
:10A76000022F8CBF0027012707F027FD051E0EDAF8
:10A77000274B02930023CDE900332449039501229E
:10A78000184607F00BFD2C46B0E70127ECE7EAB2CC
:10A79000C5F38015AF42A9D0002382F04002012109
:10A7A000ADF8283014A88DF828200AAA14930E9228
:10A7B0000F9116938DF850101596FFF7CFFE041EDB
:10A7C00007D107F0FAFC041E04DB14F00104F8D1F1
:10A7D0008CE78BDA0F4A104B0C49002F18BF134639
:10A7E000CDE903340D4B02930023CDE90033012260
:10A7F000184607F0D3FC79E791210100903301005E
:10A80000009002400000AD0B574E01005033010094
:10A81000894E01004D4E0100514E0100994E01003C
:10A820002DE9F0470E4688B0416807461D46904620
:10A83000CAB1C3B1042B01D9AB0714D116F003047C
:10A8400011D1002E03DBCA6A7319934211D93C4B14
:10A8500002930023CDE90365CDE900333949012294
:10A86000184607F09BFC6FF01504204608B0BDE8C1
:10A87000F087384607F0ECFC204607F0B9FC0446A8
:10A8800030B1012007F0B4FC384607F0C6FCECE715
:10A89000032D1CD83246042107A807F00AFF0446FE
:10A8A00001463869FFF79CFE274B9C4234D12A466B
:10A8B000414607A808F0DCFA3246042107A807F051
:10A8C000F5FE044601463869FFF78AFE24E008F0E9
:10A8D0006043B3F1005F02D118F0030F2BD0DFF813
:10A8E00068A0042DA94628BF4FF004094A464146F6
:10A8F00007A808F0BDFA3246494607A807F0D6FE79
:10A90000044601463869FFF76BFE544504D1B5EBA8
:10A910000905C8444E44E4D12046FFF7D7FD04465C
:10A92000012007F065FC0546384607F076FC002C50
:10A9300008BF2C4699E7324629464046BFE700BF8C
:10A94000AA4E0100503301000000AD0B2DE9F04F7D
:10A9500082468BB00E461C469046AAB1002B00F0F2
:10A9600093800029426803DBD26ACB18934210D946
:10A97000464B02930023CDE90364CDE900334449FB
:10A980000122184607F00AFC6FF015000BB0BDE875
:10A99000F08F754205F0030507F05AFCA54228BF69
:10A9A0002546D8F1000303F0030308F0030758BF5E
:10A9B0005F427F4207F00307A74228BF2746631B79
:10A9C000E41B24F0030423F00309A145C8BFA146FA
:10A9D00003F0030BC8BFA3EB040BB9F1000F19D0B0
:10A9E00008EB0703721949461846079307F061FE02
:10A9F00004460146DAF81000FFF7F2FD254A9442BA
:10AA000039D1BD4206D0079B4A46194608EB0500DE
:10AA100008F03CFAADB1C5F10407F21B042108A807
:10AA200007F047FE04460146DAF81000FFF7D8FDAC
:10AA3000184B9C421FD108AB2A46D919404608F052
:10AA400017FABBF1000F15D072194A44082108A863
:10AA500007F02FFE04460146DAF81000FFF7C0FDAC
:10AA60000C4B9C4207D109EB05005A4608A940440B
:10AA700008F0FEF9074C504607F0CFFB20460BB01C
:10AA8000BDE8F04FFFF722BD18467FE7F44E010006
:10AA9000503301000000AD0B2DE9F047C1F30B036B
:10AAA000D0F804C086B007460E4615462AB96FF0A6
:10AAB0001504204606B0BDE8F087C2F30B0252EA47
:10AAC0000304F4D1002904DBDCF82C204B19934259
:10AAD0000CD9474B02930023CDE90315CDE9003390
:10AAE00044490122184607F059FBE0E707F0B0FBA4
:10AAF0002046D7F8048007F07BFB0446002872D17B
:10AB0000DFF8F490D8F82C309D4220D107F0D4FD26
:10AB10002C46824638695146FFF762FDCA4542D14C
:10AB200026442D1B00214FF4A47007F0EBFF07F023
:10AB300044FB041E48DB14F00104F3D1002DE1D1E5
:10AB4000012007F055FB002C08BF04464BE0B5F58B
:10AB5000803F09D3B3B253B93146012002F036FB2E
:10AB60004FF480348246D5E7B5F5805F09D3C6F34C
:10AB70000B0030B9314602F029FB4FF48054824675
:10AB8000C8E71E4B029300231846CDE9003319494C
:10AB9000DFF86CA00122CDE9036507F0FFFA184940
:10ABA0003869FFF71DFD174B029300231846CDE9C6
:10ABB0000033CDE903650F49012207F0EFFA504653
:10ABC000FFF784FC0446BBE70F4B029300231846B3
:10ABD000CDE90365CDE900330649012207F0DEFA2D
:10ABE000012007F005FB384607F017FB61E700BFBF
:10ABF0003D4F0100503301000000AD0B874F0100B5
:10AC00000400AD0BC24F0100A54F0100024B0B60C9
:10AC100001231360704700BF542100200048704793
:10AC20004838010070B50D4686B0194628461C46C6
:10AC3000164607F02AFB034668B90B4A0090CDE997
:10AC40000102CDE903540949012207F02FFB6FF0FF
:10AC5000150006B070BD24B122462946304608F0E2
:10AC600007F90020F5E700BFF64F010008330100A7
:10AC700010B5012211460648064C07F051FE07F0B8
:10AC800011FD206007F00AFD6060002010BD00BFCC
:10AC90005C210020542100204FF08042D2F8101592
:10ACA000D2F8103501F01E0123F01F030B4343F0CF
:10ACB0000103C2F81035024B00221A70704700BF22
:10ACC000262500204FF08053D3F83031082B20D1B7
:10ACD0004FF08042D2F81015CB071AD5D2F81035B4
:10ACE00001F01E0123F01F030B43C2F81035D2F808
:10ACF00008315BB1D2F8103523F01F030B4343F04A
:10AD00000103C2F810356FF08B007047024B01222F
:10AD10001A700020704700BF262500202DE9F04161
:10AD200086B08846154607F0B9FC294606464046D7
:10AD300007F0ABFA4746034600283FD0B8FBF6F3CE
:10AD400006FB138323B9B5FBF6F406FB145474B168
:10AD50001F4B02930023CDE90385CDE900331D4944
:10AD60000122184607F0A2FA6FF015041FE0AE4268
:10AD70001DD84FF0FF324FF0FF331748DFF85C80EB
:10AD800003F0A4F907F08AFC0646FFF79BFF044690
:10AD900088B9384601F018FF98F800300BB1FFF77A
:10ADA0007BFFAD1B3744F0D10B4803F05BF9204625
:10ADB00006B0BDE8F0816FF08B04F5E7084A05495D
:10ADC0000090CDE90102CDE903850122CAE700BF69
:10ADD00013500100083301005C21002026250020CB
:10ADE000F64F01002DE9F0430E4687B01946304674
:10ADF0001C46174607F049FA034678B9254A264902
:10AE00000090CDE90364CDE90102012207F04EFA7A
:10AE10006FF01504204607B0BDE8F08346EA04054C
:10AE200015F003050AD01D4B02930023CDE90364FE
:10AE3000CDE90033184901221846E7E7002CE9D094
:10AE40001748DFF860904FF0FF324FF0FF3303F008
:10AE50003DF924F00304A54205EB060809D1124A86
:10AE6000D2F80034DB07FBD500240D4803F0FAF8D4
:10AE7000D0E7FFF727FF50B97959404601F0C4FEEB
:10AE800099F800300BB1FFF707FF0435E3E76FF0E7
:10AE90008B04EAE7F64F010008330100325001004D
:10AEA0005C2100202625002000E00140F0B540682C
:10AEB000057B01F01F0444EA4514056987B0002DA5
:10AEC00064D0B2F5001F00F1100506D121462846D6
:10AED00007F0D9FB002007B0F0BD01AE0027B2F5A6
:10AEE000800F0197776039D1B3F1007F14BF05233C
:10AEF00004238DF804300023CDE9046303938368B1
:10AF000023FA01F111F001011AD1B2F1A07F17D19A
:10AF100004F01F03620903F5E0732AD0012A3BD134
:10AF20001F4A52F82330DB070AD40DF103063246DC
:10AF30002146284601F0A2FC1A4B98421CD00296EA
:10AF400003AA2146284601F05BFB174B984220D10B
:10AF500001222146284601F0F5FCBBE7B3F1C06FA2
:10AF600005D0B3F1007F14BF01230223C1E70323FF
:10AF7000BFE74FF0A042D4E73146284601F0DCFCA1
:10AF8000094B9842DBD06FF00B00A4E76FF085000F
:10AF9000A1E76FF015009EE751F82330FFDE00BFF8
:10AFA000000300500400AD0B0000AD0B38B5456840
:10AFB0002B69B3B11035284601F0AEFC044680B9C8
:10AFC0000146284601F074FC084B98420BD1084911
:10AFD0002246284601F04CFC224605210620F7F7C0
:10AFE000FBFE002038BD6FF00400FBE70000AD0B56
:10AFF000F5AF0000420970B5034602D0012A17D010
:10B0000070BD0D4E326951680029F9D003F01F035D
:10B0100001250C689D400029F2D08A682A4002D0A0
:10B020004B68304698472CB1236821461C46F2E70E
:10B03000024EE7E72346F8E77C3001006830010064
:10B040002DE9F043466840F20635D006337B87B0E1
:10B0500002EA050554BFC2F34010032001F01F07A8
:10B06000B5F5837F144647EA43178DF8030045D0B2
:10B070000FD8062D18D007D8B5B1022D40D06FF0EB
:10B08000150007B0BDE8F083B5F5807FF7D1012545
:10B090000AE040F20222954234D0B5F5407F33D029
:10B0A000B5F5007FEBD102250123220303FA01F15C
:10B0B0002CD57368C3F80815326982BB07F01F03EB
:10B0C0007F0929D0012F77D13E4A02EB830284F415
:10B0D0008033D2F80017C3F30043C4F3404444EA7A
:10B0E000430421F4E16144EA800421F0070144EAC9
:10B0F00005230B43C2F800370020C2E70725D3E73A
:10B100000425D1E70525CFE70325CDE7630344BF39
:10B110007368C3F80C15CFE74FF0A042D5E710369F
:10B120000DF102023946304601F0A8FB14F4403F0D
:10B1300080460CD13946304607F0A3FA224B984599
:10B14000DAD19DF80210304601F0F0FBD4E701ABF4
:10B150004FF0000903AA39463046CDE90439CDE95C
:10B160000199CDF80C9001F04BFA174B984286D11B
:10B1700014F4003315D09DF803308DF80E3084F4AC
:10B180008034C4F300444B4603AA394630468DF858
:10B190000C508DF80D4001F0EDFA0B4B9842CDD0DC
:10B1A0006DE7CDE9043303AA0DF1030339463046B8
:10B1B000039301F025FAF0E703F5E07352F823302A
:10B1C000FFDE00BF000300500000AD0B036803F07A
:10B1D0001F025B09026004D0012B034818BF002046
:10B1E00070474FF0A0407047000300502DE9F04F2A
:10B1F000DFF85C81DFF85C9185B09246834600EB16
:10B20000810140F2FF17594503D1002005B0BDE888
:10B21000F08FDBF800305804C3F3C322C3F30804F3
:10B2200000F18F801B0E043B18F80260BC4208BF7F
:10B230004FF0FF341E2B00F28780DFE803F0101779
:10B240001D858585852451858585858585858585AB
:10B2500085858585858585545B6A6D707300621C64
:10B26000CAF8084561D10BF1040BCCE7631CCAF89E
:10B270000C45F8D0012559E0CAF81045651CF2D0FC
:10B2800000252A4608E0CAF80845002EF6D1631CBE
:10B29000E9D000252A460626DBF80030019303F4A6
:10B2A0000040002818BF002203A8009218BF012503
:10B2B0000394FFF78BFF039C019B009A00EB840033
:10B2C000C3F3412CD0F80047330243EA8C03134305
:10B2D00004EA0904234343EA4503C0F80037C2E700
:10B2E000CAF80C45D1E7CAF82445601CBBD000223F
:10B2F0000125D1E7CAF82845621CB4D003A80394FD
:10B30000FFF764FF039B012505FA03F3C0F8083536
:10B31000B7E7CAF83045E8E7CAF83445E5E7CAF8C0
:10B320003845E2E7CAF83C45E6E7002503A8039460
:10B33000FFF74CFF039B012202FA03F3C0F80C3520
:10B34000AAE76FF0150061E76FF085005EE700BFC8
:10B3500090500100F0F8FCFF2DE9F04345680769C3
:10B3600087B00646E86B07F040F8041E16DB296C30
:10B37000481C24D005F1440000F076FB10F1130FB7
:10B3800004460FD1324B02930023CDE900333149FB
:10B390000122184607F01AF86FF01204204607B091
:10B3A000BDE8F083411D0AD12B4B02930023CDE968
:10B3B000003328490122184607F008F8EEE76B6BC6
:10B3C0009847BD684FF00108D7E9023203EBC2038A
:10B3D0009D4208D3384607F04CF87368D86B07F0E5
:10B3E00004F80024DAE7286807F0E1F9034668B9B1
:10B3F0002A7904922A68174912680392174A009022
:10B40000CDE90102012206F0E1FFC5E728682979AC
:10B41000EB88D0F810C0D0F80890DCF80040DA07CC
:10B4200054BF43F4B01383F4D01323F4801208FA0A
:10B4300001FEDB074CBF44EA0E0424EA0E04CCF8FC
:10B440000040D9F800309847041EA7DB0835BBE759
:10B450009850010060330100C3500100E05001002A
:10B460002DE9FF410569D0F804802B6E0646A86DD2
:10B47000002835D1002B53D0B8F838406A6DEF6DF5
:10B480009C4228BF1C46EB6D53B1296E41B107F0B9
:10B490006041B1F1005F03D0082C6F6F28BF082412
:10B4A00000926A6DAC661AB1AA6D002A18BF2246D6
:10B4B000CDE901271BB12B6E002B18BF23460022BC
:10B4C00069464046039302F06DF9184B984229D023
:10B4D0006FF00401304604B0BDE8F04106F0EBBF68
:10B4E000696DEF6DB8F838400A46ABB1834228BFAA
:10B4F00003469C4228BF1C460029C4D001F060438B
:10B50000B3F1005FBFD0082C28BF08242246286F63
:10B5100007F0AEFC2A6FB6E7844228BF0446EBE78B
:10B520001946D7E704B0BDE8F08100BF0000AD0BBD
:10B530001FB502780346002A6BD10C69A26E3AB996
:10B54000606E6FF0730104B0BDE8104006F0B3BF49
:10B55000E06D40B1216E31B1DB6823B1834202D08E
:10B56000616F07F085FCA36DA26E5BB19A421ED994
:10B57000294B02930023CDE90033284901221846C4
:10B5800006F024FF236EA26E5BB19A4228D9224BAB
:10B5900002930023CDE9003320490122184606F02A
:10B5A00015FF606E04B0BDE81040FFF759BF9B1A4D
:10B5B000A3657BB9636C08336364A36C013BA3642C
:10B5C00004F1580204F1480104F1440006F0EBFED6
:10B5D0006065D7E7636D002BD4D013446365D1E772
:10B5E0009B1A23667BB9E36C0833E364236D013B4C
:10B5F000236504F1600204F1500104F14C0006F0EF
:10B60000D2FEE065CDE7E36D002BCAD01344E365BD
:10B61000C7E704B010BD00BF045101006033010052
:10B620002DE9F04F93B088460593436806938B88C5
:10B63000046999040746914637D44FF0FF324FF022
:10B64000FF3304F1100002F041FDC4F80480D7F884
:10B6500004B0D7F810A0DBF8083007939AF86D30E3
:10B6600023B1DAF80030984500F01B81B8F804C027
:10B670001CF4006320D06F4B02930023CDE900330C
:10B680006D490122184606F0A1FE6FF0850523687A
:10B690009B8813F4005304D1636004F1100002F09E
:10B6A000E1FC284613B0BDE8F08FA369002BC4D19C
:10B6B00063689845C1D1CAE71CF001020DD03A6811
:10B6C00003925E4A5C490093CDE90132184601229B
:10B6D00006F07CFE6FF01505D9E71CF008030AD0D0
:10B6E000574B0092CDE901231346534901221846D6
:10B6F00006F06CFEEEE7CCF34512082A04D0514A5E
:10B700000093CDE90132F0E7D8F800E04E4A9645C3
:10B7100001D84E4AF4E70BF10C060FCE08AD0FC569
:10B720000FCE0FC5079B734528BF73469E4696E80C
:10B730000300474B9E4585E8030017D2454B9E45C5
:10B7400014D2454B9E4511D2444B9E4555D8444B8F
:10B750009E4554D8434B9E4553D8434B9E4552D8A3
:10B760004249434B434A8E4588BF13461CF0020FA3
:10B770000D930CF0040348D0002B14BF03230223C5
:10B780008DF83830CCF300138DF83930DBF8003009
:10B79000D3F808251CF0020F4FEA5213CCF34001F6
:10B7A00002F01F0238D1002B33D0012B40F02E8144
:10B7B000314901239340C1F80C359AF86D302BB113
:10B7C000584601F0A1FF00238AF86D303B462B4A12
:10B7D00008A9584601F064FF294B98425CD0294BD8
:10B7E000029300230390CDE9003313490122184648
:10B7F00006F0ECFD6FF0040549E7234BB6E7234B59
:10B80000B4E7234BB2E7234BB0E7003B18BF01235B
:10B81000B6E74FF0A041CCE743B1012B40F0F980EF
:10B82000154901239340C1F80835C6E74FF0A04100
:10B83000F7E700BF22510100603301003C510100D5
:10B840005E5101007D51010047E80100AC5101004B
:10B850000048E8010024F40000127A00FF083D00CF
:10B860007F841E003F420F001FA107008FD00300FE
:10B8700048E8010090D003000003005031B50000FB
:10B880000000AD0BDD51010000093D0080841E0069
:10B8900040420F0020A1070001238AF86D30CAF84A
:10B8A0000080012384F86C30069B196C4A1C0FD071
:10B8B00003F1440006F010FE743009D1574B029397
:10B8C0000023CDE9003356490222184606F07EFDDA
:10B8D000B9F1000F70D1C4F844900023A36404F1BF
:10B8E000580204F1480104F1440006F05CFD059B98
:10B8F0006065002B68D1E3640023236504F16002D6
:10B9000004F1500104F14C0006F04DFD00252A46DB
:10B91000E06501212046256406F08BFD3846FFF7DF
:10B920009FFDA06C2A462B46834255D10023256DEE
:10B930001946A94257D19342264638BF13464FF4C1
:10B94000FA5202FB03F556F8283B4FF000081B683B
:10B95000B5FBF3F54FF4004CC835414640F2E730F3
:10B960004FF47A720023E5FB0C01F4F74DFD02461B
:10B970000B46304602F0AAFB024600283AD0294B7B
:10B980002749CDF80080CDE9018301224346404696
:10B9900006F01CFD00250698A56601F0B5FE84F8AA
:10B9A0006D506FF07301384606F085FD304602F0A9
:10B9B000B3FB6FF073056AE6D9F800306364002BBF
:10B9C0008BD0D9F8043089E7059B1B68E364002B12
:10B9D00092D0059B5B6890E7616C01EBC30101337A
:10B9E00049680A44A0E7E06C00EBC10001314068FF
:10B9F00003449EE7256C15F1740FCBD0002D3FF466
:10BA000046AE0146386906F014FD40E6C1F80C1553
:10BA1000FFDE0023C3F80835FAE700BF0452010037
:10BA2000603301002E52010000F01F0240090DD0CA
:10BA300001280ED10A4B03EB82030A4AD3F8000710
:10BA4000024042EA8102C3F8002770474FF0A0434A
:10BA5000F1E702F5E072002353F82230FFDE00BF69
:10BA600000030050F0F8FCFFF0B587B001238DF81B
:10BA7000023002238DF804306B4403930F4601AB70
:10BA80000DF103010024049305460291059400F092
:10BA900053FF0C4B984206460FD103AA394628465D
:10BAA00000F0AEFDB0420BD09DF80310284600F028
:10BAB0003DFF6FF0040007B0F0BD6FF01200FAE731
:10BAC0002046F8E70000AD0B70B5012383400E4A15
:10BAD000BFF35B8FDC4352E8001F01EA040542E834
:10BAE0000056002EF7D1BFF35B8F4FF480328240B7
:10BAF0000648C0F80823BFF35F8FBFF36F8F0B4278
:10BB000014BF0120002070BD9021002000100140D2
:10BB100070B40E49D1E90034D01AC31844F10004BE
:10BB200022F07F46C1E90034A6F50013B3F5400FBB
:10BB300009D2074B1B681A0A1B069C19054B42F1D8
:10BB40000005C3E9004570BC03F02AB9E8070020EE
:10BB500094210020F007002011B3BFF35B8F012375
:10BB6000104A834052E800CF4CEA030C42E800C17F
:10BB70000029F7D1BFF35B8F0B4A4FF4803383402A
:10BB8000C2F80433094BBFF35B8F1B68BFF35B8FB5
:10BB9000C340DB0742BF064B4FF40032C3F800211D
:10BBA000704700BF90210020001001408C21002030
:10BBB00000E100E00D4B1868010A0006BFF35F8F3B
:10BBC0000B4BD3F80435181841F10001B3F5801F71
:10BBD0000AD2084BD3E90023904271EB030303D24E
:10BBE00010F1807041F10001704700BF94210020E6
:10BBF00000100140F00700202DE9F04F85B01646F7
:10BC00001F469DF840A00446FFF75EFF0190FFF736
:10BC1000D1FFB04271EB070354D23E4B301A67EBB1
:10BC20000101984271F100014FD23B4B03EB041329
:10BC3000D3E902239F4208BF96425ED037494FF4B2
:10BC4000803804F1500508FA04F8AD00C1F84883C3
:10BC50002046ADB206F068FC26F07F4B05F180452A
:10BC600004F5A87305F58835DC464FF00309029307
:10BC7000029A2CF07F4341F82230C1F84483D1F876
:10BC80000435274A6FF00200C01A604420F07F405C
:10BC9000904232D9286868B1D1F804350393A3EBF8
:10BCA0000B0020F07F40B0F5000F26D9204606F0AB
:10BCB0003BFC039BBAF1000F07D109EB030C09F120
:10BCC0000109D5E7BAF1000F09D06FF0150520463C
:10BCD0000199FFF741FF284605B0BDE8F08F012329
:10BCE000104ABFF35B8FA34052E8000F184342E8AD
:10BCF00000010029F8D1BFF35B8F07490E9823019B
:10BD000001EB0412C8500F9B5360C2E90267002583
:10BD1000DDE700BF01008000D807002000100140CF
:10BD2000FDFF7F008C2100207FB51C4C1C4BC4F80C
:10BD30000833C4F848331B4B00254FF0FF304FF059
:10BD4000FF31C4F80855C3E902014FF48033C4F849
:10BD50000433154B02264FF400320121C4F804636A
:10BD60001120C3F880212A46F7F736F81120F7F79B
:10BD700003F80E4A0123A360236013600C4B0D4AA5
:10BD80000093CDE9015500232846FFF735FF3046E3
:10BD9000FEF71EFB284604B070BD00BF0010014036
:10BDA00003000F00D807002000E100E090210020F0
:10BDB00011BB0000FFFF7F002DE9F7432F4CD4F8A3
:10BDC000043399070BD5D4F8043143B12C4A00232E
:10BDD000C4F80431D4F80431136801331360D4F883
:10BDE0000433DA0329D5BFF35B8F264B53E8002FCA
:10BDF00022F0010143E800100028F7D1BFF35B8F68
:10BE0000D30702D4D4F84031BBB10025C4F8405167
:10BE1000D4F84031FFF7CEFEEFF31182202383F3F5
:10BE20001288BFF36F8F184BD3E90267B042B94154
:10BE300006D282F31188BFF36F8F03B0BDE8F083A1
:10BE40004FF0FF384FF0FF39C3E90289D3E9001002
:10BE50001D604FF48033C4F84833C4F84051D4F81F
:10BE6000403182F31188BFF36F8F0029E5D0009035
:10BE700032463B4628468847DFE700BF00100140B6
:10BE8000942100208C210020D807002030B5431CCD
:10BE9000124C85B005D08442A8BF0446012CB8BF1F
:10BEA0000124FFF787FE0E4B0C4DD3E90013401A17
:10BEB000B0F5000F10D22218AA4228BF2A46521805
:10BEC0004FF0000007490091CDE9010043F1000364
:10BED000FFF792FE05B030BD2A46F0E7FFFF7F0076
:10BEE000E807002011BB000008B5FFF763FE024B16
:10BEF0001B68C01A08BD00BFE807002010B5084C39
:10BF0000012363601120F6F745FF064BC4F80833A0
:10BF1000C4F84833044B4FF40032C3F8802110BDFD
:10BF20000010014003000F0000E100E04FF08053DB
:10BF3000D3F83021082A06D1D3F83431052B02D8A2
:10BF4000024AD05C70470020704700BF7552010064
:10BF5000024AD2F80034002BFBD0704700E00140C9
:10BF600010B54FF08053D3F83021082A4ED14FF04E
:10BF700080420021C2F80C11C2F81011C2F8381525
:10BF800002F54042D3F80414C2F82015D3F808147F
:10BF9000C2F82415D3F80C14C2F82815D3F81014DD
:10BFA000C2F82C15D3F81414C2F83015D3F81814AD
:10BFB000C2F83415D3F81C14C2F84015D3F8201475
:10BFC000C2F84415D3F82414C2F84815D3F828143D
:10BFD000C2F84C15D3F82C14C2F85015D3F830140D
:10BFE000C2F85415D3F83414C2F86015D3F83814D5
:10BFF000C2F86415D3F83C14C2F86815D3F840149D
:10C00000C2F86C15D3F84434C2F87035FFF78EFFD0
:10C0100018B13A4B3A4AC3F88C26FFF787FF18B19C
:10C02000384BFB22C3F81825FFF780FF70B14FF0A3
:10C0300080414FF08053D1F8E42ED3F8583222F0EB
:10C040000F0203F00F031343C1F8E43EFFF76EFF46
:10C0500020B12D4B4FF40072C3F840264FF08053AF
:10C06000D3F83031082B1AD14FF08043D3F8002495
:10C07000D20744BF6FF00102C3F800244FF0805391
:10C08000D3F83431052B02D8204AD35C3BB14FF0B2
:10C090001023D3F808224FF08043C3F858254FF0FF
:10C0A0001023D3F80022002A03DBD3F80432002B3C
:10C0B00022DA174901234FF01020C1F80435122469
:10C0C000FFF746FFC0F80042FFF742FFC0F8044206
:10C0D000FFF73EFF0023C1F80435FFF739FFBFF338
:10C0E0004F8F0C490C4BCA6802F4E0621343CB60DB
:10C0F000BFF34F8F00BFFDE710BD00BF00500040F1
:10C100004881030000F00040009002406F5201009F
:10C1100000E0014000ED00E00400FA0530B50468DD
:10C12000CCB1BFF35B8FB4FA84F3C3F11F03DBB26E
:10C1300001229A4024EA020250E8005FA54204D19D
:10C1400040E8002CBCF1000FF6D1BFF35B8FE6D1C5
:10C1500002480B7030BD0248FCE700BF0000AD0B89
:10C160000200AD0B10B50368CB40DB0714D40123EC
:10C170008B400268BFF35B8F43EA020150E8004F37
:10C18000944204D140E8001CBCF1000FF6D1BFF38B
:10C190005B8FEED1014810BD0148FCE70000AD0BFC
:10C1A0000400AD0BF7B50546F8B101281BD10422F8
:10C1B0004FF4807301464FF0804003440244C0F8BE
:10C1C00008130026012111601E608D421B688DF846
:10C1D000071008BF0DF1070642F210744FF08047B8
:10C1E00045B1012D28D003B0F0BD0C224FF482736D
:10C1F0000221E0E7D7F8183403F480333EB9002B6E
:10C20000F1D0012006F0ACF9013CF3D1EBE7D7F80F
:10C21000182402F003023260002BE4D09DF80700DE
:10C22000012803D106F09CF9013CD9D1012DDAD1C6
:10C230000C4B00225A71D6E7D7F80C3403F4803344
:10C240003EB9002BF4D0012006F08AF9013CF3D16D
:10C25000EEE7D7F80C2402F001023270002BDDD19A
:10C26000E6E700BF98210020044B1A7922B9012289
:10C2700018609A8002487047024870479821002051
:10C280000000AD0B0C00AD0B08B5074B1B682BB1C4
:10C290000020F6F793FD08B9F6F76EFD4FF08043E6
:10C2A0000022C3F8182508BD9821002010B510B150
:10C2B000012843D010BD4FF08043D3F81814D3F8B1
:10C2C0001824C80321D502F00303012B04D013B1B5
:10C2D0000020FFF767FF00234FF080420220C2F8E2
:10C2E000183508224FF4827303F18043002119604E
:10C2F00002F180421C6801241460154A12680AB3D6
:10C300004FF08043C3F80403D4E7D3F81424D107D3
:10C31000E1D5D3F81C249207DAD40D4A12681AB179
:10C320000222C3F80423C5E7D3F80421002AFBD076
:10C330000022C3F80421D3F80431BBE700224FF4F4
:10C340008073D1E71A68002AFCD019601B68B1E736
:10C3500098210020F8B54FF080431C4ED3F80443D9
:10C360000125002704B9F8BDB4FA84F0C0F11F001C
:10C37000830003F580739BB203F1804305FA00F25A
:10C38000196892B224EA02040029EBD01F601B68EE
:10C390004FF08043012AC3F8082305D0022A08D0B1
:10C3A0003368C0B29847DDE77379002BDAD1727138
:10C3B000F6E7D3F81814D3F818148907F0D1C3F8A6
:10C3C0001855C3F804239D60CCE700BF98210020D6
:10C3D000036803F01F025B09026004D0012B0348CD
:10C3E00018BF002070474FF0A04070470003005076
:10C3F000034A430900F01F00D35C1844C0B27047E1
:10C400007B52010070B50546FFF7F2FF0C4C083077
:10C410000E4634F81030DA0508D5C3F3432304EB95
:10C42000C302284654F8333052689847A3682BB1AA
:10C43000E26831462846BDE87040184770BD00BF2D
:10C44000D005002008B5FFF7D3FF034B083033F8C1
:10C450001000400B08BD00BFD005002008B5FFF755
:10C46000C7FF034B083033F81000C0F3400008BD8D
:10C47000D005002008B5FFF7BBFF034B083033F8A9
:10C480001000C0F3401008BDD0050020034611F095
:10C49000010010B5CCB20DD1A207C4F3400012D5F3
:10C4A000094AD2F820055860C2F82005003818BFA4
:10C4B000012008E04FF0A041D1F820251A60C1F812
:10C4C0002025002AE8D010BD0003005010B5FFF76A
:10C4D0008FFF124A083032F81030D9051CD5C3F34B
:10C4E000432123F4F85322F8103002F10E04002007
:10C4F00034F8023F13F4807F03D0C3F343239942FF
:10C500000AD001303028F3D1002342F831300448FA
:10C51000BDE81040FFF726BE10BD00BFD0050020CB
:10C5200048060020F0B505460020044601260746CF
:10C530008C420BD1114BD3F87C2132B10022C3F8CD
:10C540007C21D3F87C3140F00040F0BDE3B29B0089
:10C5500003F580729B0806FA03F31D420BD002F12B
:10C56000804202F5C042D2F800C0BCF1000F02D0F8
:10C570001760126818430134DAE700BF006000401A
:10C58000F7B506460846FFF733FF194F00F10805D7
:10C590000C4637F81530DB0727D5304606F04DF846
:10C5A0002046FFF767FF40B12046FFF74BFF316899
:10C5B00000F5A270002341F820302046FFF786FFE7
:10C5C000002301A827F815300194FFF701FF019B14
:10C5D00000EB8300074BD0F80027134043F0020321
:10C5E000C0F80037044803B0F0BD0448FBE700BFC3
:10C5F000D0050020F0F8FCFF0000AD0B0400AD0BEF
:10C600002DE9FF41164680460846FFF7F1FE0D462C
:10C610003168044609B32846FFF720FF18B12846C1
:10C62000FFF728FF10BB0023CDE900338DF80E3053
:10C630008DF80F300DF10F020B4628460DF10E015B
:10C6400005F092FF474A04F1080132F8113023F057
:10C65000020343F0010322F81130736863B32846E4
:10C660001F785968FFF7FAFE10B1D1B13E4826E0B5
:10C670003C4A04F1080032F8103023F02003DB04B8
:10C68000DB0C22F8103061B1032FEFD871684968D4
:10C6900091F800C0D8F80010A7B90CF5A27C41F8B9
:10C6A0002C70304A04F1080132F8113023F01C03D9
:10C6B00043EA870322F81130B3684BBB2B4804B020
:10C6C000BDE8F08101EB8C0143EA4C33D1F810E571
:10C6D0002EF0030EC1F810E5D8F8001001EB8C0E17
:10C6E00043F02003DEF8101522F8103021F44F310A
:10C6F00021F44071CEF810152902DEF8108501F4FE
:10C700007C5141EA074141EA0801CEF81015C8E71B
:10C71000D3E900672846FFF7D9FE002ECED0114D91
:10C72000D5E90023964203D19F4201D1002209E0BE
:10C730000F480DF10F01FFF7F1FC0C4B9842BED1F1
:10C740009DF80F2045F8326005EBC20308345F60A6
:10C7500035F8143043EA422343F4807325F814304B
:10C76000ACE700BFD00500200400AD0B0000AD0B0E
:10C77000480600202DE9F0430C4685B0804620464F
:10C7800011461E46FFF734FE054629B32046FFF743
:10C7900065FE18B92046FFF76DFE18BB314F05F155
:10C7A000080937F8193013F01C0F02D04B78012B11
:10C7B00018D001238DF80F300023CDE900134A1C57
:10C7C0008B1C20460DF10F0105F0CEFE37F8193015
:10C7D00043F0030327F81930002E41D02046FFF71D
:10C7E0003DFE18B9204805B0BDE8F08396F800C0BA
:10C7F000D8F800301B4F0CF5A272002143F822102C
:10C8000005F1080237F8121021F02001C904C90C03
:10C8100027F8121075781DB3D8F80000B67800EB31
:10C820008C002D04D0F8103523F4991323F4F85319
:10C83000C0F81035230203F47C5305F44035360567
:10C84000D0F810E52B4306F4801641EA4C3133430F
:10C8500041F0200143EA0E0327F81210C0F810350A
:10C860000248C0E7D00500200400AD0B0000AD0B6E
:10C87000014BC3E902127047D005002010B50846ED
:10C880001446FFF7F7FD50B10846FFF7B1FD054B21
:10C89000083033F8103004485B0B237010BD034898
:10C8A000FCE700BFD00500200000AD0B0400AD0B7D
:10C8B00070B5164D95F8804006462CBB2146602287
:10C8C00005F1100006F0FCFA30682E6F21468E420A
:10C8D0000ED10023C0F87C31D0F87C3140F3073012
:10C8E000F6F74AFA01230A4885F88030AB6770BD35
:10C8F000CBB29B0003F580727C2B08BF845001F102
:10C90000010108BF8358E2E70248F0E7D0050020A4
:10C910000000AD0B0C00AD0B034B93F8800000380A
:10C9200018BF0120704700BFD00500200148FFF765
:10C9300019BC00BF440600200148FFF7EFBB00BF51
:10C940004406002073B503681646D3F80423002A72
:10C95000A8BF4FF000420546A8BFC3F8042308460D
:10C960000C46FFF787FD00B30846FFF777FD014649
:10C97000D8B92046FFF766FD04B2A40004F5807222
:10C98000034628688150296882582144D1F810252F
:10C9900042F00102C1F810252EB12968012202FAE5
:10C9A00003F3C1F8043302B070BD2046FFF720FD49
:10C9B0000F4B083033F81030C3F38203042B12D02E
:10C9C000052B12D001A80194FFF702FD019AD0F8BF
:10C9D0001035D34003F00103991C204602B0BDE896
:10C9E000704005F00ABE0321F7E70221F5E700BF1A
:10C9F000D00500202DE9F04F694BDFF8A881D3F86E
:10CA00000403D8F87010C0B289B040F00040FFF7BE
:10CA100089FD051E2FDAC24600235AF87C1F06A89E
:10CA2000CDE90633FFF732FD5F4B01930DF1180995
:10CA30004FF0000B019A12F8013B0192DA0803F063
:10CA400007031AF8022022FA03F3DA071CD409F1CB
:10CA50000409BBF1000F14D0D8F870104FF000405B
:10CA6000FFF760FDD8F87C1006A8FFF70FFD00283F
:10CA7000DAD125F000450124002D79D109B0BDE8B7
:10CA8000F08F4FF0010BD5E7484B5B440293D9F888
:10CA900000100029DBD0029B91FAA1F11C78B1FAB9
:10CAA00081F141EA44142046FFF7A2FC08300594C6
:10CAB00038F81070C808BB0819F80020039301F07B
:10CAC0000701012303FA01F122EA010209F800201B
:10CAD00005A8FFF77DFC059A039B02F5E072C7F3FA
:10CAE000820650F822205B073746C2F3014224D564
:10CAF00020463946D6B2FFF785FC05A80594FFF716
:10CB000067FC059B03F5E07350F82330C3F3014342
:10CB10009E4207D10021204605F06FFD3146204698
:10CB200005F06BFD05A80594FFF752FC059B01225B
:10CB300002FA03F3C0F82035A9E7022A0CD1032139
:10CB4000204605F05AFD06F00503012BEAD13946CF
:10CB50002046FFF757FCE5E702212046039205F047
:10CB60004CFD032EF3D0039A032ADBD1022EEDE70E
:10CB700095FAA5F3B3FA83F304FA03F29B0003F1E9
:10CB8000804303F5C04325EA0205D3F81005D3F826
:10CB90001015C0F30520C1F30141FFF733FC6BE72B
:10CBA00000600040D00500208B5201008B52010034
:10CBB000044AD2F80034DB07FBD50160BFF35F8F76
:10CBC000704700BF00E001404FF080531A69B0FB8E
:10CBD000F2F302FB130373B9084B0222C3F80425D6
:10CBE000C3F80805D3F80024D207FBD50022044877
:10CBF000C3F8042570470348704700BF00E00140B8
:10CC00000000AD0B0A00AD0B10B5054C0123C4F8B4
:10CC10000435FFF7CDFF0023C4F8043510BD00BF75
:10CC200000E0014070B5104D6C6B9CB14FF47A730D
:10CC30005C430A23B4FBF3F40C4ED6F8003163B91D
:10CC400095F839304BB90A2005F08AFC013CF4D143
:10CC5000074870BD4CF25034EEE795F83930002BA0
:10CC6000F6D10448F5E700BFA02100200090024063
:10CC70000700AD0B0000AD0B094B10B500220124DD
:10CC8000C3F80045C3F800211C6038B1FFF7CAFFA4
:10CC9000044B984203D1044B83F83840014810BD3F
:10CCA000009002400000AD0BA021002070B500F004
:10CCB0006044B4F1005F5DD184075BD12F4C94F8E0
:10CCC0003050012D05D09D4256D194F83850002D9A
:10CCD00052D02B4D022B0BBFC5F81025C5F80425EB
:10CCE000C5F81405C5F808050CBFC5F81815C5F832
:10CCF0000C154FF0000684F8396026680CBF082533
:10CD00000425BEB994F838306BB11D4B05F1804550
:10CD100005F524350022C3F8002101232B60BDE86E
:10CD20007040FFF77FBF0120FFF7A6FF154B984229
:10CD3000EBD170BDA66826B1E0606161E261124886
:10CD4000F7E7A2610E4A84F830300123A060216128
:10CD5000C2F80061C2F8043394F8382002F0FF00F2
:10CD600012B9FFF789FFEAE705F1804505F524359B
:10CD70002B60E4E70548DCE70548DAE7A02100205E
:10CD8000009002400700AD0B0000AD0B0A00AD0B98
:10CD90000B00AD0B084B9A685A621A699A629A693D
:10CDA000DA62DA689A6032B15A691A61DA699A61AC
:10CDB0000022DA6070477047A021002000F01F03B6
:10CDC00040090FD0012810D10B4A02EB83020B4B14
:10CDD000D2F80007034043EA012343F00203C2F8FC
:10CDE000003770474FF0A042EFE7002203F5E073F1
:10CDF00052F82330FFDE00BF00030050F0F8FCFFC4
:10CE000010B50E4B0238D3F83C26D3F83836072835
:10CE100013D8DFE800F0110F0D0B0A080604100EFE
:10CE2000C871100C8871100A48710A711A0ECA7004
:10CE30001A0C8A701A0A4A700B7010BD00900240DA
:10CE4000023807281FD8DFE800F029272511232101
:10CE50001F04CB791B068A7943EA02434A7943EAE5
:10CE600002230A7913430E4AC2F83C36CB781B06DC
:10CE70008A7843EA02434A7843EA02230A78134352
:10CE8000074AC2F8383670470023E4E70023E5E795
:10CE90000023E6E70023EBE70023ECE70023EDE7C0
:10CEA000009002400268154BFF2A08BF4FF0FF3286
:10CEB000C3F824254268FF2A08BF4FF0FF32C3F8A9
:10CEC00028258268FF2A08BF4FF0FF32C3F83025BB
:10CED000C268FF2A08BF4FF0FF32C3F83425026949
:10CEE000FF2A08BF4FF0FF32C3F838254269FF2AF6
:10CEF00008BF4FF0FF32C3F83C2570470090024056
:10CF00000A4B002283F83820094B01214FF0805052
:10CF1000C3F808131961D0F83001082808BF596513
:10CF2000C3F80025C3F80021704700BFA0210020EE
:10CF30000090024030B5194D0FCD8DB006AC0FC436
:10CF400095E8030084E803001549D1F82435DBB2E5
:10CF50000093D1F82835DBB20193D1F83035DBB23C
:10CF60000293D1F83435DBB20393D1F83835DBB214
:10CF70000493D1F83C3506A8DBB20593FFF792FF86
:10CF80000023C1F8003101230B60D1F80031002BE0
:10CF9000FBD06846FFF786FF0DB030BDA833010017
:10CFA0000090024070B590F82930044613B190F813
:10CFB0002A204ABB6068FF2860D0A268FF2A5DD0A3
:10CFC000E268FF2A5AD02269FF2A57D0B3B9032159
:10CFD000FFF7F4FEA068FFF7F1FEE068FFF7EEFE52
:10CFE0002069FFF7EBFE6069FF2801D0FFF7E6FE3E
:10CFF000A069FF2802D00321FFF7E0FE94F82A3051
:10D0000013B9201DFFF74EFF1D4E636A73631D4D5C
:10D0100094F8293086F83A300123C5F80833FFF731
:10D0200089FF2368C5F84035A37F617F227F9B017C
:10D0300043EAC1031343E27F43EAC213C5F8443510
:10D04000D5F8002694F8203022F07F4222F0FF022B
:10D05000134394F8212043EA026394F8222043EA20
:10D06000426394F8232043EA0273C5F8003633681C
:10D0700013B12920F5F780FE034870BD0348FCE793
:10D08000A0210020009002400000AD0B0400AD0B79
:10D0900038B50C4C94F8305095B9C4E9001248B931
:10D0A0000023C4E902330122074884F8302084F8C1
:10D0B000383038BDFFF776FF034B9842F9D1EFE7E0
:10D0C0000248F6E7A02100200000AD0B0C00AD0BDC
:10D0D0002DE9F843DFF89090074699F830000128D1
:10D0E000884614463DD199F83830204E6BB3204D18
:10D0F0000123C5F80833FFF71DFFB8F1000F2BD14E
:10D100004FF0000889F83980C5F80081BB787A783B
:10D110001B0343EA02233A781343FA7843EA423383
:10D120003A7943EA82337A7943EAC233C5F834362E
:10D13000FFF778FDB0420CD0C5F800811CB17878BB
:10D140002146FFF75DFE0B4804E0FFF795FDB04276
:10D15000CDD10648BDE8F88378784146FFF770FEE8
:10D16000CEE70548F6E700BFA02100200700AD0B81
:10D17000009002400000AD0B0B00AD0B034B93F889
:10D1800038300BB9FFF778BD01487047A021002067
:10D190000C00AD0B08B5054B93F83030012B03D1D3
:10D1A000FFF7AEFE024808BD0248FCE7A0210020C0
:10D1B0000000AD0B0B00AD0B034B93F830000038B3
:10D1C00018BF0120704700BFA021002038B511F022
:10D1D000030539D11E4B1A68D2B193F83040012CA7
:10D1E00034D11C4AC2F81C150421C2F8200583F86A
:10D1F000395083F83010C2F80051C2F8044393F854
:10D20000383003F0FF00EBB9FFF736FD124818E0A5
:10D21000104CC4F81C15C4F8200583F8392093F885
:10D22000383043B10023C4F800310123E360BDE886
:10D230003840FFF7F7BC0120FFF71EFD074B98426F
:10D24000F0D138BDD460E1E70548FAE70548F8E7D2
:10D25000A0210020009002400000AD0B0700AD0BA4
:10D260000A00AD0B0B00AD0B10B5224BD3F800211B
:10D2700092B1214C0022C3F8002194F8381094F8A0
:10D28000302071B90121032A84F8381005D0042A0E
:10D2900005D0022A00D1996010BD5960FCE7D96021
:10D2A000FAE7032A19D0042A19D0022A04D101234B
:10D2B00084F82030FFF76EFDA36813B9012384F8CA
:10D2C000303094F8393003F0FF0013B9D4E900315D
:10D2D0009847002384F82030DEE70223E8E70322A2
:10D2E00084F82020D3F81C256262D3F8203584F816
:10D2F0002830E1E700900240A0210020036803F0FD
:10D300001F025B09026004D0012B034818BF0020F4
:10D3100070474FF0A040704700030050012370B5E4
:10D3200004460D464361642600220221204605F092
:10D33000DCF920B9012005F013F9013EF4D10023F6
:10D340006B774FF08051D1E94C1208291AD1052A88
:10D3500018D80E498A5CAAB14FF0FF32D4F80805FC
:10D36000D4F80C15C4F80035C4F80825C4F80C2509
:10D370000922C4F80025C4F80035C4F80805C4F82B
:10D380000C1570BD0023C4F80035FAE78D5201007A
:10D390000F4B984219D00DD80E4B984215D007D894
:10D3A0000D4B984211D00D4BC31A5842584170474B
:10D3B0000B4BF9E70B4B984207D004D80A4B984225
:10D3C00003D00A4BF0E70A4BEEE70120704700BF9D
:10D3D00080841E0020A1070048E8010090D00300CF
:10D3E00040420F000024F40000093D0000127A00C2
:10D3F0000048E80173B51646421C1C460546069BCC
:10D4000018D0012902D1BBB105F0ADF901A80195F1
:10D41000FFF774FF019B00EB83002402D0F8002784
:10D42000074B44EA86040C4313401C4344EA410181
:10D43000C0F8001702B070BD05F0A2F9E6E700BF22
:10D44000F0F8FCFF2DE9F04F91F8213090F804A09E
:10D4500085B007460C46002B00F0B48091F82230CE
:10D4600003934FF001086569784B9D4200F0C4803A
:10D4700000F2B480764B9D4200F0C18000F2A6809D
:10D48000744B9D4200F0BE80734B9D420CBF4FF029
:10D4900080654FF08045DFF8C49194F82300242282
:10D4A00002FB0A93997F60F3000199773B79217C15
:10D4B00002FB03939A7F61F341029A7794F8236009
:10D4C000002E32D16269664B9A420CBF4FF0030BBB
:10D4D0004FF0000B237E012B94BF00230123009308
:10D4E00020685B4632460121FFF784FF00966068A2
:10D4F0005B4632460121FFF77DFF0096A27EA068C1
:10D500005B463146FFF776FF237C83F001030093EF
:10D51000E0685B4632460121FFF76CFF0121009174
:10D52000E0695B463246FFF765FF2423B8F1000F40
:10D5300071D003FB0A934FF0FF321A62A07C217E68
:10D54000627EE66894F8108094F824E094F820C095
:10D550003B68BEF1000F13D1D4E900BAD4F808E05B
:10D56000E469C3F808B5C3F80CA5C3F810E5C3F81F
:10D570006C45039CC3F81465C3F86885C3F864451B
:10D58000003A18BF01220229C3F8C005C3F8245588
:10D5900053D0032954D0012901D142F00202C3F82B
:10D5A0005425C3F860C53B792422534359F803300E
:10D5B000002B48D0386840F3073005B0BDE8F04F85
:10D5C000F5F7DABB9846022303934CE7254B9D42BF
:10D5D0000CBF4FF080554FF080455CE7224B9D42D9
:10D5E00013D01F4B9D4213D0204B9D420CBF4FF0D8
:10D5F00000454FF080454EE74FF000554BE74FF0A8
:10D60000006548E74FF0007545E74FF0206542E7B9
:10D610004FF0A0553FE703FB0A9AE268CAF82020C2
:10D62000227C9AF81E3062F341038AF81E30A07CF7
:10D63000217E627E4FF0FF3686E742F00402AEE7BD
:10D6400042F00602ABE705B0BDE8F08F80841E0013
:10D6500020A1070048E8010090D00300E02100204D
:10D660000048E80140420F000024F40000127A0054
:10D67000431C07B50ED0019001A8FFF73FFE019BA8
:10D6800000EB8300054BD0F80027134043F0020362
:10D69000C0F8003703B05DF804FB00BFF0F8FCFFF2
:10D6A0002DE9F8430746144C97F80480242505FB20
:10D6B00008F504EB05091E4699F81C30C3B999B169
:10D6C0004869FFF765FEA8B138466251C9F80460A1
:10D6D000FFF7B8FE242303FB0844002363770748C1
:10D6E00001232377BDE8F8836251C9F80460F1E7AC
:10D6F0000348F7E70348F5E7E02100200000AD0B01
:10D700000C00AD0B0400AD0B2DE9F0410446067989
:10D710000068214D40F30730F5F73CFB24237343A9
:10D72000EB5853B123681D4AC3F8082306EBC60122
:10D73000206805EB8101FFF7F1FD2421236801FB3F
:10D740000651D3F80805D3F80C75D3F810858B7FF4
:10D75000DB0714D4FFF78CFF4046FFF789FF3846FC
:10D76000FFF786FF086AFFF783FF2368D3F86C058D
:10D77000D3F81415FFF77CFF0846FFF779FF2368FD
:10D78000074A934204BF01225A60242303FB065533
:10D7900000232B77BDE8F081E02100205201080032
:10D7A00000F002402DE9F0430779DFF8AC81242333
:10D7B0007B43164608EB03020D46517F85B0814638
:10D7C000002940F0C68058F8033023B116F0140F3A
:10D7D00004BF0123537795E80F00242404FB07843A
:10D7E00004F10C0C8CE80F00206A431C04D0A37FCA
:10D7F00099071AD504F0B7FF2968D9F8004021B17C
:10D8000001F06043B3F1005F06D1AB6883B103F070
:10D810006043B3F1005F0BD0242303FB0783002296
:10D820004E485A7705B0BDE8F08304F0A9FFE3E75E
:10D830004B4B9C4224D14FF080436A68D3F8000ED2
:10D84000484B1860E2B1484821F4FF5323F01F030E
:10D8500083426ED85018DFF814C1C3F34F31012250
:10D860008A40002103F50053984241EA02014FEA41
:10D87000420201D96345F5D34FF08043C3F8001E3F
:10D8800016F0010318BF0123C4F8503516F0020347
:10D8900018BF0123C4F8403595E80F00EC468CE82A
:10D8A0000F00039BC4F84405C4F84815C4F8342598
:10D8B000C4F838350023C4F81831D4F8183116F0FC
:10D8C00008054FF00703C4F800350FD124237B432C
:10D8D00058F803200123236142B9D4F81831002BF2
:10D8E000FBD062464021204604F0FFFE24237B4308
:10D8F00058F803301BBB1A4B9C4201BF194B1A68E6
:10D900004FF08043C3F8002E242303FB0783186ADB
:10D91000421C04D09B7F9B070ED504F031FF35B924
:10D9200007EBC70708EB87012046FFF7F7FC104815
:10D9300078E74FF480719FE704F015FFEFE716F0EA
:10D94000040F4FF0400314BFC4F80833C4F8043385
:10D95000EDE7084866E700BFE02100200A00AD0BB4
:10D9600000F00240DC210020FFFF00200020012009
:10D970000000AD0B0B00AD0B10B5134A134840214E
:10D9800004F0B3FEF8B1124B124C1A684FF080430A
:10D99000C3F8002E206A421C04D0A37F9B070FD53A
:10D9A00004F0EEFE637F1BB10A490848FFF7B6FC9E
:10D9B000002323720848D4E90031BDE8104018471D
:10D9C00004F0D1FEEEE710BDEC21002000F0024093
:10D9D000DC210020E0210020E821002008B5124BC6
:10D9E000A8220021184605F06BFA032202610F49B4
:10D9F00042610F4A8161C2614FF48062026200227B
:10DA000082624262C26201660A49416610218166F1
:10DA1000094902670346C266426711F8010D98542E
:10DA20000132102AF9D108BD1004002093520100E0
:10DA30001000002000000020AC5201002DE9F84F3A
:10DA4000DFF87C80182606FB008E00FB0666464445
:10DA5000DEF82440DEF828C07368A44507468946EE
:10DA6000154603EB040022D8DEF820B0ABEB040A25
:10DA70000AF1FF339A4203D805F0FAF92C440FE07B
:10DA800063449A4219D852462C4405F0F1F9B4EB9C
:10DA90000B0405D07068224609EB0A0105F0E8F98D
:10DAA000182303FB078301205C62BDE8F88F0CF1AB
:10DAB000FF3CACEB040C9445DED20020F5E700BF40
:10DAC00010040020034B182202FB00339A6A586AA4
:10DAD000801A70471004002010B4084A0849002337
:10DAE000C85C12F8014D844204D10133102BF7D1E8
:10DAF00010BC704710BCFFF771BF00BFAC520100F3
:10DB0000100400201FB50446F4F7F8F8064B029302
:10DB100000231846CDE900330449012204F052FEE7
:10DB2000204604F05FFE00BFAD5201004833010003
:10DB30002DE9F041054686B00E46EFF3118820230B
:10DB400083F31288BFF36F8F042898BF234B244AB6
:10DB500098BF53F82030976888BF224B127C224927
:10DB600003900024CDE90432204B0293CDE9004418
:10DB700023460122204604F025FE6EB1F369C3F36B
:10DB800008034BB11A4B18490094CDE90143012217
:10DB90002346204604F016FE2FB1384604F017FF46
:10DBA00008B1037803B91348134B02930023CDE95E
:10DBB0000370CDE90033184601220B4904F002FE40
:10DBC00031462846FFF79EFF88F31188BFF36F8F19
:10DBD000384606B0BDE8F041F5F774B8F4380100F6
:10DBE00004220020A548010048330100BC52010076
:10DBF000E4520100104701000553010038B5094BFC
:10DC000053F82040013053F82050A54200D838BDC9
:10DC1000636823B1204604F0EDFD0834F5E723687E
:10DC20009847FAE70839010070B52B4B2B4C2C4D67
:10DC3000012286B003201A70FFF7E0FFF4F750FBD3
:10DC400004F0F4FD0420FFF7D9FF2646AE4204F1AC
:10DC5000300410D300F0C4FD204C224EAC4226D339
:10DC600000F0D2FDF2F790FD1F4A137B23F0010371
:10DC7000137306B070BD54F80C3C059354F8103C77
:10DC8000049354F8143C039354F8183C029354F84A
:10DC90001C3C019354F8203C009354E90A2354E9B6
:10DCA0000C0100F0B3FB54F8303C5E65CDE7D4E9DD
:10DCB0000A23B3F1FF3F08BFB2F1FF3F05D052EA9C
:10DCC0000301206803D100F05FFE3034C6E731461F
:10DCD000183000F0EFFFF8E7372500206032010030
:10DCE00060320100C12A01007808002008B503480D
:10DCF000034A0021121A04F095FD08BDD807002040
:10DD00003C25002070B5002386B00122CDE9042314
:10DD1000134E144D01930F22CDE902321249142300
:10DD200003FB005506EBC01604464FF4C07000FB21
:10DD300004110E4B00954FF4A072304600F066FBC4
:10DD4000737B0B4AEE6023F0040373734FF4046398
:10DD500004FB033313442C746B6006B070BD00BF2A
:10DD6000F807002004220020802D0020ED2801006B
:10DD700040250020BFB50020FFF740FF2D4B83F367
:10DD800008882D4D2D4E6B692D4F43F400736B6148
:10DD90000024E02385F82230EC772C766C76AC7684
:10DDA00085F820406B6A43F4E0236B6285F82340DA
:10DDB000F4F704FFF5F794F84FF0FF33AB62EB6232
:10DDC000F5F774F9F5F7B0F8F3F784FF1D4BB3607E
:10DDD00040F201129A81C3E919441C6704F0E6FC81
:10DDE0000120FFF70BFF0220174DFFF707FF00F0A0
:10DDF0003FFD164B75610593012315490094CDE94C
:10DE000003434FF400623B46CDE90144284600F04D
:10DE1000FDFA6A7B064622F0040228466A7304F083
:10DE200012FE2046FFF76EFF3A4631462846F5F7C8
:10DE300039F800BF802D002000ED00E00422002012
:10DE400029DC0000F808002078080020643B01006D
:10DE5000002F002038B5064C064D0020AC4200D300
:10DE600038BD204604F0E3FC0028F9DB1C34F5E75C
:10DE7000300700203007002073B50C46EFF3118106
:10DE8000202585F31288BFF36F8FC5685DB12560CB
:10DE90002B68C360836901338361002081F311889B
:10DEA000BFF36F8F11E052EA030603D125606FF0D4
:10DEB0000B00F3E7CDE900230246083000F0F0FB49
:10DEC00018B9034B9B685B69236002B070BD00BF4B
:10DED000042200202DE9F341044617461E46EFF3C5
:10DEE0001188202383F31288BFF36F8FC368334AEE
:10DEF0007BB180689168884219D057EA060318D12F
:10DF000088F31188BFF36F8F6FF00F0002B0BDE888
:10DF1000F081916891F90E1021610133E3609368FB
:10DF2000A36088F31188BFF36F8F0020EEE72169AB
:10DF3000F2E791F90E1090F90E309942A8BF1946F8
:10DF40006FF07E029142B8BF11468B422DDD04F086
:10DF5000D8FC0546CDE9007619482246414600F036
:10DF60009FFB0028E1D0EFF31186202383F3128872
:10DF7000BFF36F8FA068D0B1236821699C420AD09B
:10DF80004BB193F90E309942A8BF19466FF07E034A
:10DF90009942B8BF194604F0B4FC40B10848314674
:10DFA00000F0F8FB6FF00A00B0E70025D2E7002D83
:10DFB000F4D186F31188BFF36F8FF3E704220020BA
:10DFC00038250020F8B583680546002B3FD0234A4A
:10DFD000926893423ED1C368012B03D9013BC360D1
:10DFE0000020F8BDEFF31187202383F31288BFF3DD
:10DFF0006F8F0169806804F084FC2C68A54207D10A
:10E000000023C5E9023387F31188BFF36F8FE7E779
:10E01000002CF5D0D4E9003213605A60637B0026EF
:10E0200023F002036373C4E90066A66004F11800DC
:10E0300004F0BCFDAC6094F90E302B612046E6671D
:10E0400004F001FD0648394600F0A4FBC8E76FF074
:10E050001500C6E74FF0FF30C3E700BF04220020E1
:10E060003825002070B5EFF31186202383F3128842
:10E07000BFF36F8F0468A0421AD0CCB1D4E900324C
:10E0800013605A60637B002523F00203C4E9005546
:10E090006373A56004F1180004F088FDE56720466D
:10E0A00004F0D1FC31460848BDE8704000F072BB76
:10E0B000D0E902329A4218BF013383600221103046
:10E0C00004F0BCFEEEE700BF3825002013B5EFF3E7
:10E0D0001181202484F31288BFF36F8F846844B1C8
:10E0E000013C846081F31188BFF36F8F002002B080
:10E0F00010BD52EA030406D181F31188BFF36F8F7C
:10E100006FF00F00F3E7CDE900230246014800F06D
:10E11000C7FAECE7382500202DE9F0410546EFF37A
:10E120001187202383F31288BFF36F8F00266FF0CF
:10E130000A082C68A54215D0A4B1D4E900321360B6
:10E140005A60637BA66023F00203C4E90066637330
:10E1500004F1180004F02AFDC4F87C80204604F085
:10E1600072FCE6E7002305F11000AB60022104F029
:10E1700065FE39460248BDE8F04100F00BBB00BF28
:10E18000382500202DE9FF414F4E04462027EFF3AC
:10E19000118887F31288BFF36F8FD4F88050F5B9D8
:10E1A000022104F1980004F0CBFB002868D004F1B0
:10E1B000900500220121284604F0BDFC0028F8D17A
:10E1C000002302934FF0FF324FF0FF33CDE90023DD
:10E1D000414604F188023D4800F08AFCD7E7D4F8B4
:10E1E00084202B68C4F88030954208BFC4F884307E
:10E1F000D4F8983043F00203C4F89830EB6823F069
:10E20000040343F00103EB606B6888F31188BFF3EC
:10E210006F8F28469847EFF3118887F31288BFF372
:10E220006F8FEB68D80623F0010236D4EA60EB6802
:10E230009A0716D5306823F00203EB6088B10368B3
:10E24000002170B14268954235D1036869BB72689C
:10E250003360824200D17360002340F8083BFFF72F
:10E2600001FFD4F8983023F00203C4F8983088F303
:10E270001188BFF36F8FDB0589D400F001FB86E7BF
:10E28000D4F89830D9069BD5C4F8980088F3118843
:10E29000BFF36F8F04B0BDE8F08123F01103EB6092
:10E2A00005F11000FFF7DEFEC1E70B6073688342E3
:10E2B00008BF7160D0E723B11A68014618461346BB
:10E2C000BFE71A46F9E700BF2422002038250020C6
:10E2D000F8B5C3689A0704460F46C3F340062CD42A
:10E2E0005B071AD40B680BB983680B60E368DD0722
:10E2F00044BFA3683B603D684CBF02260126002D49
:10E300003AD01F4B9B68AB420AD0D5F89830D8075B
:10E31000C3F3800214D46FF0120600233B6025E0A3
:10E3200004F04CFBD5F898300028F0D1D907C3F39E
:10E33000C002F0D552B15B0708D46FF00F06ECE7CE
:10E34000002AFAD1C3F3C003002BF6D100232360C7
:10E35000D5F8843063B9C5E92044284604F0FBFAB7
:10E36000E36843F00403E3603B68A3603046F8BD14
:10E370001C60C5F88440F0E76FF01506CDE700BFDC
:10E38000042200200146014804F008BB980900203F
:10E39000F0B589B004460020C4E920000E9D04F1C8
:10E3A0008800C4E9220004F19000C4E924004DB3C0
:10E3B0002879002840F2011008BF0120C4F8980015
:10E3C00000204FF0FF364FF0FF37CDE90330CDE9A5
:10E3D0000100CDE906670C4B0094204600F062F87E
:10E3E00055B1296811B1204604F0EEFA6B791BB1E2
:10E3F000237B43F001032373204609B0BDE8F040BE
:10E4000000F0C2BA0120D9E785E100002DE9F04310
:10E41000073285B022F007020E461F46109901739D
:10E4200000F158037F32C0E916330446002322F07E
:10E430003F020421836041733F2A0F98A073C4E90F
:10E440000633E37306F14009A2F1400805D883F3CF
:10E450001188BFF36F8F084602DFB51829462046A2
:10E46000F4F79EF807300E9B20F00700E066C4E941
:10E47000199802930D9B01932D1A0C9B00932A4629
:10E480003B4631462046F4F7DBFC00236365044B32
:10E490009B6803B11B6F2367284605B0BDE8F08376
:10E4A00004220020F0B587B000250595109D049545
:10E4B0000F9D03950E9D0295DDE912760D9D019548
:10E4C0000C9D00950446FFF7A1FFB6F1FF3F08BF82
:10E4D000B7F1FF3F05D056EA070305D1204600F00B
:10E4E00053FA204607B0F0BD03493A46334604F1DB
:10E4F000180000F0DFFBF4E7C12A0100094A936825
:10E500006FF00A01D967084998674B6843F0805358
:10E510004B60002383F31188BFF36F8F9368D86F2C
:10E52000704700BF0422002000ED00E070B590F9B4
:10E530000D20437B002A39DBD90637D18269002AB6
:10E5400034D11D4C63F07F032246437352F8183FC9
:10E5500093422CD1E169C0E900210860E06111E03B
:10E560009942F8D01B68002BF5D090F90E5093F922
:10E570000E60B542F4D0AE42F2DD5968C0E9003118
:10E5800008605860A569954200D005B9E568A368A0
:10E590005A7BD20604D1DA897F2A01D9AA6942B10D
:10E5A000AB4202D0284600F0E3FA656170BDE16934
:10E5B000D9E76361FAE700BF0422002038B590F97B
:10E5C0000D20437B002A014604DA03F07F034373E6
:10E5D00004F0FFF90D4D2A46AB6852F8184F9442EB
:10E5E00000D004B9EC688B4207D05A7BD20604D124
:10E5F000DA897F2A01D9A2692AB1A34202D0204632
:10E6000000F0B6FA23466B6138BD00BF042200203B
:10E6100070B590F90D20437B002A014604DA03F01F
:10E620007F03437304F0D5F94B7B1C4C63F07F03ED
:10E6300022464B7352F8183FE069934207D1C1E973
:10E6400000200160E16111E09842F8D01B68002BC6
:10E65000F5D091F90E5093F90E60B542F4D0AE4268
:10E66000F2DD5868C1E9003001605960A569A3680E
:10E67000954200D005B9E5688B4207D05A7BD20697
:10E6800004D1DA897F2A01D9AA692AB1AB4202D022
:10E69000284600F06DFA2B46636170BD042200200D
:10E6A000F8B5124B0C461146114A98681060DDE926
:10E6B0000676EFF31182202282F31288BFF36F8F68
:10E6C0009D68284604F097F9B6F1FF3F08BFB7F1FF
:10E6D000FF3F06D007493A46334605F1180000F0DF
:10E6E000E9FA2046BDE8F840FFF708BF0422002001
:10E6F0002C220020C12A0100F8B50446EFF3118650
:10E70000202383F31288BFF36F8F437BDA0649B26D
:10E7100017D18269AAB903F07F03437304F059F952
:10E720001B4D437B817363F07F032A46437352F88A
:10E73000183F93422AD1E869C4E900200460EC61E3
:10E7400016E0A173002086F31188BFF36F8FF8BD28
:10E750008342F1D01B68002BEED093F90E70B942C2
:10E76000F6D08F42F4DD5968C4E900310C605C607A
:10E77000AC69944200D004B9EC68AB689C4202D00A
:10E78000204600F0F5F96C610120DCE7E869E2E77A
:10E790000422002049B9EFF3058030B9054B5A69CE
:10E7A0009B689A4201D0FFF7A9BE81F31188BFF39D
:10E7B0006F8F704704220020034648B9EFF30582AB
:10E7C00032B9064A51699268914201D0FFF796BE6C
:10E7D00083F31188BFF36F8F704700BF04220020BE
:10E7E000EFF31181202383F31288BFF36F8F054B62
:10E7F0009A68D37B013BD37381F31188BFF36F8F8A
:10E80000704700BF0422002070B5EFF3118620236B
:10E8100083F31288BFF36F8F144DAB68DA7B01323C
:10E82000DA732A4652F8184F944200D004B9EC68C3
:10E830005A7BD20604D1DA897F2A01D9A2692AB18A
:10E84000A34202D0204600F093F923466B6186F381
:10E850001188BFF36F8FEFF31180202383F31288A9
:10E86000BFF36F8FBDE87040FFF7A6BF0422002002
:10E87000024B03F11802C3E906227047042200206C
:10E8800070B5EFF31186202383F31288BFF36F8FE7
:10E890001B4CA168E0690B68814214BF1A46002234
:10E8A00049680B605960A368E1692AB9154AC3E950
:10E8B00000210B60E3610CE093F90E0092F90E5019
:10E8C000A84218D0854216DD5168C3E900210B60CB
:10E8D0005360A5690B4B9D4200D005B9E568A3685C
:10E8E0009D4202D0284600F043F965613046BDE8FC
:10E8F0007040FFF703BE8A42D8D01268D5E700BF48
:10E90000042200201C22002050EA01032DE9F041DE
:10E9100005460E4604D1FFF7B3FF0020BDE8F081A5
:10E92000831C71F1FF3324DB04F061F94419EFF328
:10E930001188202383F31288BFF36F8F0F4F104B82
:10E94000B8681860FFF73AFEB8680E492A463346A1
:10E95000183000F0AFF9BA68537B43F004035373E7
:10E960004046FFF7CBFD04F042F9201A20EAE070A0
:10E97000D4E76FF00104241AD9E700BF0422002075
:10E980002C220020C12A010038B50446183004F0BA
:10E990000DF9EFF31185202383F31288BFF36F8FF6
:10E9A000637B5A0704D485F31188BFF36F8F38BD9A
:10E9B00023F0040363732046FFF7B8FDEFF30583EC
:10E9C000002BF0D129460248BDE83840FFF7E2BEEF
:10E9D00038250020014B9868704700BF04220020B2
:10E9E0002DE9F8430446EFF31187202383F31288BF
:10E9F000BFF36F8F067B16F001060DD087F31188E9
:10EA0000BFF36F8F002383F31188BFF36F8F04234D
:10EA1000184602DFBDE8F883437B1A0704D587F365
:10EA20001188BFF36F8FF5E7D90943F0080250D181
:10EA30004273A36813B1204603F0D3FF04F118001A
:10EA400004F0B4F8A56D04F15808A84511D04FF0B2
:10EA5000000975B1284603F0C4FF05F1180004F061
:10EA6000A5F8C5F87C902846FFF760FDA56DA84580
:10EA7000EFD11C4DAB689C4204D1EFF30586003EFC
:10EA800018BF0126D5F81880174A904502D0B8F172
:10EA9000000F01D1D5F80C80434502D0404600F06C
:10EAA00067F8C5F8148046B1104BAB6040F2011214
:10EAB0009A810022C3E919221A67AB689C42AED141
:10EAC000EFF30583002BAAD13846BDE8F843FFF7E2
:10EAD00015BD03F07F0343F00803437303F079FF90
:10EAE000A7E700BF042200201C220020F808002015
:10EAF000D3B5DDE90667089CCDE90067FFF7D0FDD7
:10EB00001CB1034B9B685B69236002B0D0BD00BFA2
:10EB100004220020044BC01A044BC0105843044B7D
:10EB200001221A54704700BF78090020ABAAAAAA94
:10EB300038250020C3897F2B12D80A4B1B6863B18C
:10EB4000094B90F90E201B689A4209DB437BDB06D8
:10EB500006D1064BC31A18BF012303F0010070470A
:10EB60000023FAE73422002030220020F80700209A
:10EB700070B50E4B0E4C1E7C06EB460304EBC30433
:10EB80000546204604F012F80A4B002228469A5502
:10EB9000FFF7D0FF48B1084B08491A68013A2046F0
:10EBA000D317BDE8704000F085B870BD0422002086
:10EBB00078090020382500203422002015EB0000C1
:10EBC00038B5EFF31185202383F31288BFF36F8FDD
:10EBD000104B114A9C681068A04206D1FFF7C8FF8D
:10EBE00085F31188BFF36F8F38BD00211B7C116046
:10EBF0000A4AD35C002BF3D02046FFF79BFF002886
:10EC0000EED0637BDB0602D12046FFF701FD2046F4
:10EC1000E4E700BF042200202C2200203825002039
:10EC20000748084A084908B5121A03F0FDFD0748CD
:10EC3000074A0849BDE80840121A03F0F5BD00BFB5
:10EC4000C0040020D80700208C530100B804002025
:10EC5000C004002084530100024B1868984208BF8A
:10EC60000020704754060020034B1B680BB9FDF7CA
:10EC70003BB90020704700BF3822002030B570B18A
:10EC80000B4B5B6898420AD0036843B1D3E9042177
:10EC9000D0E90445121941EB0501C3E90421D0E98B
:10ECA000003213605A600023C0E9003330BD00BF5A
:10ECB00054060020B3F1FF3F08BFB2F1FF3FF8B5A3
:10ECC00004461D4616465AD08160EFF31187202373
:10ECD00083F31288BFF36F8F013275F1FF3321DAAE
:10ECE0002C49D1E900206FF001039B1A4FF0FF324D
:10ECF00062EB00009E1B60EB0500012E70F100032B
:10ED000001DA01260020C4E90460FFF7A5FF224EC6
:10ED100084467068BCF1000F0DD1C4E90060046046
:10ED200074601CE0FFF7A0FF013645F100053618BE
:10ED300045EBE070E7E7DCE90425D4E904319342D0
:10ED400071EB050E1CDAD21ADCF8043065EB010514
:10ED5000CCE90425C4E900C31C60CCF80440FFF7EB
:10ED60007BFF844207D10D4B1C6824B903F005FFDB
:10ED70002146FDF78BF887F31188BFF36F8FF8BD3D
:10ED80009B1A61EB05018445C4E90431C5D0DCF868
:10ED900000C0BFE790090020540600203822002060
:10EDA0002DE9F047EFF31185202383F31288BFF399
:10EDB0006F8FDFF8A090DFF8A080C9F80000FFF7A0
:10EDC0004BFF00260027D9F80030D8E900ECD9170E
:10EDD00050B1D0E90442A34271EB020A1ADAE41AF4
:10EDE00062EB0102C0E9044213EB0E034CEB01019C
:10EDF0000024C8E90031C9F8004003F0BEFE2146F6
:10EE0000FDF744F885F31188BFF36F8FBDE8F04735
:10EE1000FFF7D6BE14EB0E024CEBE473C0E90467B7
:10EE2000C8E90023FFF72AFF85F31188BFF36F8F2E
:10EE300083689847EFF31185202383F31288BFF38B
:10EE40006F8FD9F800301B1BC9F80030FFF704FFA3
:10EE5000B9E700BF382200209009002010B5EFF379
:10EE60001184202383F31288BFF36F8FFFF7FCFE1A
:10EE7000054A0346D2E90001181841EBE37184F317
:10EE80001188BFF36F8F10BD90090020F8B50446BC
:10EE9000EFF31187202383F31288BFF36F8F02688B
:10EEA00022B187F31188BFF36F8FF8BDD0E90A361E
:10EEB000581C46F10001022871F1000127D3012BF3
:10EEC00076F10001BCBF012316465D1E46F1FF36F8
:10EED00003F091FE013041F10001401946EB0101C0
:10EEE000012871F1000139DB03F085FE013041F1A9
:10EEF00000016FF00102401946EB0103121A4FF0B6
:10EF0000FF3161EB030318492046FFF7D3FE236B63
:10EF100001332363236A6BB187F31188BFF36F8FCB
:10EF2000236A20469847EFF31187202383F3128842
:10EF3000BFF36F8F54F8185FA542B2D0002DB0D048
:10EF4000284603F08FFD0023EB6787F31188BFF39A
:10EF50006F8F2846BDE8F84003F075BD6FF00102E1
:10EF60004FF0FF33CFE700BF8DEE00002DE9F041F9
:10EF700005461C4690461F46EFF31186202383F377
:10EF80001288BFF36F8FB4F1FF3F08BFB2F1FF3FAC
:10EF900005D186F31188BFF36F8FBDE8F081531C54
:10EFA00074F1FF3309DB012A74F10003BCBF0122B5
:10EFB000002412F1FF3844F1FF37284603F0F6FD34
:10EFC000DDE906010023C5E90A012B630349424636
:10EFD0003B462846FFF76EFEDBE700BF8DEE0000E4
:10EFE0002DE9F74F1D46274B9F68012387F86030B6
:10EFF00087F8613052EA050316460CBF012300234F
:10F0000007F16002804603F06CFE8146EFF3118B3E
:10F010004FF0200A8AF31288BFF36F8F97F8604091
:10F020004CB901465A46404603F003FE8BF3118863
:10F03000BFF36F8F0BE0002387F8603056EA0503BB
:10F0400009D18BF31188BFF36F8F6FF00A0420464C
:10F0500003B0BDE8F08FCDE900650B4A0B48594677
:10F06000FFF71EFB0446EFF311858AF31288BFF306
:10F070006F8F2A464946404603F0DBFD85F3118831
:10F08000D6E700BF042200205C06002039250020BE
:10F0900038B50346EFF31185202282F31288BFF3BF
:10F0A0006F8FC160012181600068834206D185F3C2
:10F0B0001188BFF36F8F0024204638BDD0E900329D
:10F0C00013605A600023C0E9003303F071FE294643
:10F0D00004460248FFF75EFBEEE700BF392500203B
:10F0E0001FB5094A92E8030002AB83E803004FF41E
:10F0F00000620093054906484FF0FF33FFF748F9D7
:10F10000002005B05DF804FBC0330100403700204B
:10F110009809002010B50A4C23681BB10123236015
:10F12000002010BD00F0EAF80028F7D001380628CA
:10F1300003D8044B53F8200010BD034810BD00BF96
:10F140003C22002020390100FE8FFFFFBFF34F8FCC
:10F150000549064BCA6802F4E0621343CB60BFF373
:10F160004F8F00BFFDE700BF00ED00E00400FA058F
:10F1700010B4094B09490A4C4FF0FE32C3F8002481
:10F180004968C3F80424C3F80824C3F80C240023F6
:10F19000C4F8003510BC084700B0025064060020D7
:10F1A00000A00250D0E90012014BC3E900127047E1
:10F1B0006406002010B5044650B1636813F0685F20
:10F1C00005D0064A934202D000232360626010BD3E
:10F1D000034B04485B689847EFE700BF2C5F5CA9CE
:10F1E000640600203C390100C8B143680D4A9342CF
:10F1F00013D013F0685F0ED0012350E8002F19469A
:10F2000040E8001C9CF0000FF7D1012AF5D0BFF3B5
:10F210005F8F0020704704487047044870476FF4C0
:10F22000E04070472C5F5CA9E98FFFFFEA8FFFFF8A
:10F2300080B14368094A93420AD013F0685F05D051
:10F24000BFF35F8F00230360184670470448704780
:10F25000044870476FF4E040704700BF2C5F5CA922
:10F26000E98FFFFFEA8FFFFF10B5044620B1044B82
:10F2700063600022226010BD0248FFF779FFF6E7C5
:10F280003A00003A6439010070B5D0E90023174C08
:10F29000174D6360D0E90230C4E90230226048684B
:10F2A000D1F800C0134BC3E900C0D5F81801D1F85C
:10F2B00008C0C3F808C010F0685FD1F80CC0096935
:10F2C000C3F80CC0196110D00B49C5F8BC1100235C
:10F2D000C5E9453105F58A70C5F8B831904723680E
:10F2E00005F5DC70BDE87040184770BD8006002051
:10F2F000542200206C0600202C5F5CA938B500F079
:10F300002FF820B1032400F063F8204638BD00F048
:10F3100031F898B900F0ACF898B90F4DD5F8283904
:10F320001B0EF02B08D1D5F8242A0C4B9A420AD098
:10F33000072400F017F8E6E70624FAE7042420463D
:10F3400038BD0024F5E7012000F092F804460028BB
:10F35000F7D1C5F80C0AD8E700B002500000E02051
:10F360000020704700207047014BC3F8040A704723
:10F3700000B0025010B5114800F048F800B110BDBF
:10F380000F4800F043F80028F9D10E4C204600F059
:10F390003DF80028F3D10C4B0C481C6000F036F807
:10F3A00001460028EBD100F02DF8044608B12046B4
:10F3B00010BD00F03FF82046FAE700BFC00600206D
:10F3C000BC060020B8060020B0060020B4060020CD
:10F3D00008B5084800F024F8074800F021F807486D
:10F3E00000F01EF8064800F01BF8BDE8084000F0E9
:10F3F0000BB800BFC0060020BC060020B8060020E5
:10F40000B406002000207047704700BF08B5034BCA
:10F4100002681B6810689847002008BD800600201D
:10F4200008B5034B02685B6810689847002008BD68
:10F430008006002070B5094C094D2069AB689847DB
:10F4400018B1084B08485B689847084AEB68206980
:10F4500000211160BDE87040184700BF6C06002015
:10F460008006002064060020883901005022002018
:10F47000F8B51A4D1A4E0446B26828699047E8B9A3
:10F48000184F3B684CB1A3B1012B19D0013B3B6035
:10F490002869F36898470020F8BD43B9124A012152
:10F4A000C2F800151149D1F81029002AFBD1013307
:10F4B0003B60F368286998470020F8BD0C48F8BD08
:10F4C0000A4AD2F81039002BFBD1074A6FF07E4070
:10F4D000C2F80035FFF748FF3B68D7E76C0600200D
:10F4E000800600205022002000A0025000B00250F0
:10F4F000E98FFFFF2DE9F04F8DB0436802938378C9
:10F5000015469A07804640F10D8100240E78002EA2
:10F5100000F00A81252E0BD04B1C03930134029B73
:10F520004146304698470028C0F2F6800399EDE73F
:10F530004E788B1C252E0393F0D00027B946BB468E
:10F54000BBF11F0F38D8A6F12003102B0AD8DFE833
:10F5500003F02A0909300909092109090928092D97
:10F5600009091F00A6F13003092B33D92A2E37D100
:10F570001BF0400F55F8043B40F08280002BA7BFE2
:10F580004BF0200B9946C3F100094BF0280B01E02A
:10F590004BF0010B039B13F8016B0393002ECFD1AB
:10F5A00030E04BF0020B4BF0040BF3E74BF0080B91
:10F5B000F0E74BF0100BEDE7BBF17F0F19D8A6F188
:10F5C0003003092BD2D81BF0400F03D00A2101FBD6
:10F5D0000737DFE70A2101FB09394BF0200BD9E798
:10F5E0002E2E06D11BF0400F40F09E804BF0400BBA
:10F5F000D0E76C2E31D02BD8682E36D06A2E3CD076
:10F600004C2E3AD0002F46F02003B8BF2BF040021A
:10F61000A3F16501BCBF1FFA82FB0027022901D9B3
:10F62000612B2FD1073525F00705DFF8ACA208358F
:10F6300007271BF0080F66D00AEB070B56465E45FE
:10F6400063D1A4EB0A0A06EB0A02A9EB07096FE1F2
:10F65000742E9FD07A2E9DD0D4E71BF0800F18BF58
:10F660004BF4007B4BF0800B94E71BF4807F18BFBA
:10F670004BF4007B4BF4807B8CE74BF4207B89E7D9
:10F680001F4687E7A6F16301122900F2F080DFE848
:10F6900011F013004F00EE00EE00EE00EE004F0000
:10F6A000EE00EE00EE00EE00EE00FE00E900EE00DF
:10F6B000EE001B00EE00AF0055F8043B8DF818304B
:10F6C00001270DF1180AB4E755F804AB834BBAF1E2
:10F6D000000F08BF9A461BF0400F14BF39464FF089
:10F6E000FF31504603F004FC0746A2E7029B414667
:10F6F0002020984700280FDB013EB742F6D34C4448
:10F70000A41BB14698E74E46F7E716F8010B029B9B
:10F7100041469847002892DA98F8023043F00403F3
:10F7200088F802304FF0FF3420460DB0BDE8F08F6E
:10F730001BF0800F34D01BF4007F2CD0073525F050
:10F740000705AA4669685AF8080B2BF0100500292E
:10F75000ADB237DA404261EB410145F480650DF10D
:10F76000180B0A235A4603F0CFFBA0EB0B030193BF
:10F770006B0662D5019B25F001019F4289B240F3DF
:10F78000A180002E00F0998015F0100240F09C80BE
:10F79000BB460D4623E0AA465AF8040BC117D4E72E
:10F7A000AA461BF4807F5AF8041B01D10846F5E7EE
:10F7B0001BF4007F15BF48B208B241F3C01141F3FA
:10F7C000C031C2E750EA0103C9D11BF0400FC6D0D7
:10F7D000002FC4D12BF0110295B2BB46019740F225
:10F7E000064115EA01021CBF0BF1010B00222CE0BF
:10F7F0002BF010021FFA82FB0A231BF0800C49D069
:10F800001BF400711DBF073525F00705AA46AA465F
:10F810001ABF5AF8080B69685AF8040B50EA010538
:10F8200045D12BF016051BF0400FADB242D0002F92
:10F8300040D12BF0170295B2019715F0100248D075
:10F84000019B002E42D103F1010B29075AD4EB078B
:10F8500006D5D9456FDD0199A9EB0B035F18CB469F
:10F860005B4649E04BF0100B10237826C5E7782B58
:10F8700004D1C6F1780343F01003BEE7029B414672
:10F88000252098470028FFF647AF023447E60823B3
:10F890000026B2E7AA461BF480715AF8040BBDD0CB
:10F8A0001BF400711ABFC0B2614680B2B6E72BF0FC
:10F8B000060295B20DF1180B54E725F01105ADB213
:10F8C000BB468CE70D46B8E73B460D4603F1020BFD
:10F8D000BBE7DDF804B082E77A53010073530100FF
:10F8E000CDE904324146029B202098470028FFF6CC
:10F8F00013AF049B059A01339945F1DCA4EB0B018E
:10F90000CC189B460AB3029B4146302098470028FA
:10F91000FFF602AF8EB901342744019B391B99428F
:10F9200024DC1D465DBB019AA9EB0B092244554618
:10F930001446914435E0019F92E702344146304637
:10F94000029B98470028E7DAE6E640F206410D42BE
:10F95000E2D015F0020F14BF2B20202015F4806F89
:10F9600004F10104414618BF2D20E9E7029B4146FE
:10F9700030209847002804F10104CEDACCE606AB2B
:10F98000013D4146585D029B98470028CADAC3E60C
:10F99000029B414620209847002804F10104FFF60D
:10F9A000BBAEA9EB0403002BF2DCBFE538B5C0F316
:10F9B000C7537F3B162B014620F0004519DC002B76
:10F9C000024608DA00281BDA002D0E4908BF4FF066
:10F9D0000041084638BD0C4818410842F9D00029BA
:10F9E000BEBF4FF4000141FA03F3D21822EA00012E
:10F9F000EFE7B5F1FF4FECD3F0F788FB0146E8E7FE
:10FA00000021E6E7000080BFFFFF7F00704710B5D0
:10FA100086B00BA8059003900A98089C02900020DD
:10FA200001900094F2F7DEF906B010BD7FB50BAB84
:10FA3000059303930A9B02930023CDE900331846F4
:10FA4000F2F7D0F907B05DF804FB836800EBC10161
:10FA5000B3F5004F2CBF51F8220031F81200704767
:10FA600000EBC1018068B0F5004F2CBF41F8223097
:10FA700021F81230704708B50122FFF7E6FFD040A9
:10FA800008BD8368B3F5004F00EBC10108D34B6894
:10FA90001AB143F001034B60704723F00103FAE70A
:10FAA0004B881AB143F001034B80704723F00103E8
:10FAB000FAE753000122FFF7D3BFB0F5004F34BF80
:10FAC00004230823481C0833A0EBD300B0FA80F0CD
:10FAD000C0F11F0070472DE9F0410D4686680446CD
:10FAE000FFF7C9FFB6F5004F014601D3012832D018
:10FAF0003046FFF7E2FF04EB80010E6996B9E36838
:10FB0000012282401343E36002220D612B46294605
:10FB10002046FFF7A5FF032229462046BDE8F04115
:10FB2000FFF79EBF022231462046FFF78EFF29468F
:10FB3000034607462046FFF793FF03223346294634
:10FB40002046FFF78DFF39462B462046FFF788FFFA
:10FB500002223146E1E7BDE8F081B2F5802F2CBFEB
:10FB600008230423D21A2DE9F0418C18CD1D25F06D
:10FB7000070524F00704641B0026E40805602146FD
:10FB8000AC60EE602046FFF798FF421D9200013006
:10FB900002F107074FEAD707A2F110023146B8BFBA
:10FBA000324605F1100003F08BF93A4631462846FB
:10FBB000FFF77FFF3346324631462846FFF750FFB6
:10FBC000A4EB0708284631460122FFF75AFF4246B8
:10FBD0003946FFF76EFF3B46324639462846FFF767
:10FBE0003FFF21462846FFF764FF43463246214641
:10FBF0002846FFF735FF214628460122FFF741FF3F
:10FC00003946BDE8F041FFF766BF2DE9F0470646EB
:10FC10000D46174698462BB398F8004093F801908C
:10FC2000DB78A40004EB430498F802301C444444FD
:10FC30004FF0000ACA4509D3D8F8042008F1080398
:10FC400039463046AC46BDE8F047604714F8013B02
:10FC500048F823402046F0F7F1FB013004440AF154
:10FC6000010AE7E76FF01500BDE8F0870FB407B5AC
:10FC700004A951F8040B019100F045FA03B05DF8B6
:10FC800004EB04B07047038B13F0070305D103683E
:10FC9000002B0CBF002003207047022B05D1408BA6
:10FCA000B0FA80F0400980007047012B05D103684D
:10FCB000002B0CBF0020052070470020704710B5B6
:10FCC0000C4600B111B96FF0150010BD081D00F011
:10FCD00093F80028F9D1A368032BF6D9F3E72DE9AF
:10FCE000F0410D4607461946281D90461E4600F075
:10FCF00097F8044638B13346424629463846A4466A
:10FD0000BDE8F0416047BDE8F08110B4EFF3118227
:10FD1000202484F31288BFF36F8F416110BC01214E
:10FD2000F1F778B938B50C46054658B151B10B68B2
:10FD300043B14B6833B11C22002103F0C1F82C61A0
:10FD4000002038BD6FF01500FBE770B505460E4684
:10FD5000FFF7B5FF041E14DBEFF31182202383F3BA
:10FD60001288BFF36F8F6B8B2C8B4FF6FF718B421A
:10FD700004F0070407D182F31188BFF36F8F6FF08F
:10FD80000A04204670BD022C0CD101336B8382F330
:10FD90001188BFF36F8F0023224631462846FFF7B4
:10FDA0009EFFEEE7062C14D8DFE804F004131313CB
:10FDB000041A0400002333606B683BB9C5E9006690
:10FDC000ACB902212846F1F725F9DAE71E606E602A
:10FDD000F6E782F31188BFF36F8F6FF00404D0E76A
:10FDE00082F31188BFF36F8F6FF08504C9E782F348
:10FDF0001188BFF36F8FC4E7034640B1426802F039
:10FE00000302022A06D0032A04D0012A05D06FF08B
:10FE1000150070471A68002AF9D0002098607047D2
:10FE200010B54268816002F00302022A03464FF0D7
:10FE3000000407D0032A02D05C60002001E01868AB
:10FE40005C6010BD18685C600028F6D0FFF720F9F0
:10FE5000F3E7704770B406688489806A0D0C16FA5F
:10FE600081F105FB041184682468A44670BC6047D6
:10FE70002DE9F0431C46C36A1D686D4289B00646F1
:10FE80008846174605F020051CB9204609B0BDE894
:10FE9000F083AC42A14628BFA9464B466A4641467C
:10FEA0003046FFF7D7FF0028F0D16B46484502D116
:10FEB000241A8044E8E713F8012BBA4201D101303B
:10FEC000F4E70120E2E70B6803F580330B60C0899B
:10FED0001A0CB0EB134F04BFA3EB02430B60704747
:10FEE00010B5014604460722FF20F0F77BFEE071C3
:10FEF00010BD7FB50BAB059303930A9B0293099B3F
:10FF00000193002300931846F1F76CFF07B05DF8EA
:10FF100004FB0368012B81BFC91801F1FF315B426B
:10FF20001940084670472DE9F0410C460546082166
:10FF3000C06AFFF7EEFF072207462146FF206688CA
:10FF4000B4F80480F0F74EFEE379834208D1A88923
:10FF50004644C01BB04294BF00200120BDE8F081A0
:10FF60000020FBE738B505460C46FFF7DCFFA0B1E3
:10FF7000A08898B922884FF6FF739A420DD1E86A9B
:10FF80000821FFF7C6FF6288AB899B1AB3FBF0F22A
:10FF900002FB1030B0FA80F0400938BD0020FCE7C9
:10FFA000F7B504460D46C06A0821FFF7B2FF29687D
:10FFB000074608232046FFF74DFF0646002836D1A6
:10FFC0002B683B442B60A28999B2D21B91422ED15F
:10FFD0001A0C03BFE28902F1FF3203EB0241A3F5E1
:10FFE0008031296008236A462046FFF733FFE8B9CD
:10FFF000E36A5A796B4613F8011B8A420CD101302F
:020000040001F9
:100000000828F8D1636805E02B68BDF802201B0CB6
:100010001B0413442B600AE069462046FFF7A2FF49
:100020000028F1D129462046F1F734F9064630463A
:1000300003B0F0BD2DE9F043074689B090461E4657
:100040001BB9002009B0BDE8F0833C688389080C27
:1000500014FA81F100FB0314FB6A1D686D42354000
:100060000CD0B86A83682146D3F804902B46C84761
:100070000028E7D1761BE4D02C44A8443246414600
:10008000684602F0F5FEFD6A2A686979921B0DEB5D
:10009000060002F015FFB86A2B6882682146556891
:1000A0006A46A847CEE710B50A46082341680446C9
:1000B000FFF7C0FF08210246E06AFFF72AFF6368E6
:1000C0001B1A6360104610BD13B500240094F1F7AD
:1000D00015FD02B010BD0020704702F031BA034692
:1000E000BFF35B8F53E8000F421C43E80021002957
:1000F000F8D1BFF35B8F704708B500210846F1F7D0
:100100006BFD002008BD1FB50023CDE90201CDE93C
:1001100000331A4619461846F1F764FE05B05DF83B
:1001200004FB70470020704770B50E46154619460F
:10013000044618B9BDE87040F1F7FEBD33B1C2F313
:100140004A231030120D184402F092FEC4E9005602
:100150002046BDE87040F1F707BE7FB50BAB0593B5
:1001600003930A9B02930023CDE900330222184631
:10017000F1F738FE07B05DF804FBF8B506460D460A
:1001800014461F4604B9F8BD214628463A46B047F2
:10019000241A0544F6E707B5D1E900328DF80700C7
:1001A000526801210DF107009847002003B05DF867
:1001B00004FB0A2838B504460D4602D10D20FFF78E
:1001C000EAFF29462046FFF7E6FF002038BD2DE96B
:1001D000F043054687B008460E8891F80090D1F8A4
:1001E00008800C461746F1F753FE011EC6F382162F
:1001F000C9F3C2091EDB4846F1F7D2FD034621468A
:10020000608851F8102B0196C2F34A22002A01EBB4
:100210000204C0F30B1008BF00210022CDE904073F
:10022000CDE90214009241462846F1F75DFE07B081
:10023000BDE8F0830023E2E72DE9F0418768FB6821
:1002400004460D4616469847BB682BB132462946F0
:100250002046BDE8F04118476FF05700BDE8F08137
:1002600008B50020F0F7C0FE7FB50BAB05930393F4
:100270000A9B02930023CDE9003301221846F1F7CF
:10028000B1FD07B05DF804FB01460068F2F722B942
:1002900008B5F2F781F9BDE80840F2F7A1B97FB5DA
:1002A0000BAB059303930A9B02930023CDE9003324
:1002B00001221846F1F796FD07B05DF804FB002116
:1002C0000120F2F707B961B662B680F31188BFF377
:1002D0006F8F704772B6002383F31188BFF36F8F5F
:1002E000BFF34F8F30BF62B6BFF36F8F704772B6E8
:1002F000002383F31188BFF36F8FBFF34F8F20BFAD
:1003000080F31188BFF36F8F62B67047202809D938
:10031000B0F1004F08D80138B0FA80F0C0F11F00EA
:1003200040007047082070473E2070477FB50BABF8
:10033000059303930A9B02930023CDE90033012226
:100340001846F1F74FFD07B05DF804FB08B5D1E999
:1003500004319847002008BD7047F7F7DDBC7FB532
:100360000BAB059303930A9B02930023CDE9003363
:100370001846F1F737FD07B05DF804FB704737B555
:1003800005460C46002001A9F6F712FF9DF804303F
:100390002B709DF80530237003B030BDF4F778B8AA
:1003A00008B502F028FC4FF47A72A0FB020302FBAE
:1003B0000133C00B40EA434008BD38B5054602F0A2
:1003C0001AFC4FF47A72A0FB024302FB0131E40BEA
:1003D00044EA41404FF47A720023C90BEFF7C4FF9F
:1003E0002A8038BDFFF7DCBF01207047014640F28C
:1003F000E73008B54FF47A72002300EBC130490CA6
:10040000F0F702F8BDE8084002F07CBB7047704787
:10041000EFF31183202282F31288BFF36F8F036002
:100420007047036883F31188BFF36F8F70477FB500
:100430000BAB059303930A9B02930023CDE9003392
:100440001846F1F7CFFC07B05DF804FBF3F7E0BA0C
:100450007FB50BAB059303930A9B02930023CDE971
:1004600000331846F1F7BEFC07B05DF804FB01232A
:1004700003FA01F103691B68194218BF82F00102F7
:1004800012B18368DB68184783681B69FBE70A20A1
:100490007047022070477047012000F036BB0221F0
:1004A00000F0DEB81FB50B460E218DF80C100021B0
:1004B0008DF80D0001920091022203A8F3F74CFE83
:1004C00005B05DF804FB1FB51E238DF80C3000232A
:1004D000CDE900128DF80D000322194603A88DF80E
:1004E0000E30F3F739FE05B05DF804FB1FB50B467F
:1004F00000218DF80C0001920091012203A8F3F76E
:100500002BFE05B05DF804FB1FB50023CDE90012FA
:100510008DF80800022202A803A98DF80930F3F72C
:100520001BFE9DF80D0005B05DF804FB1FB50B46E2
:100530000D218DF80C10010A8DF80D1000218DF899
:100540000E0001920091032203A8F3F705FE05B007
:100550005DF804FB07B501228DF807100DF10701C6
:10056000FFF7E4FF03B05DF804FB1FB51D238DF812
:100570000C30030A8DF80D300023CDE900128DF800
:100580000E000422194603A88DF80F30F3F7E4FD9E
:1005900005B05DF804FB07B501220DF10701FFF777
:1005A000E4FF9DF8070003B05DF804FBF0B40346D8
:1005B0000A461979DB8800681343DC0287680669FC
:1005C00006D513F4402F03D0DA0748BF83F4402345
:1005D000346801258D4023F48012DB074CBF2C4387
:1005E000AC4334603B68F0BC184737B50C4605692E
:1005F000836801A95B68984748B9019B2A685A40FB
:10060000012303FA04F10A4214BF1846002003B084
:1006100030BD130303D501F10C00FDF7B3BE7047E5
:100620007FB50BAB059303930A9B02930023CDE99F
:10063000003301221846F1F7D5FB07B05DF804FB43
:10064000012303FA01F103691B68194218BF82F004
:10065000010212B18368DB68184783681B69FBE7F6
:1006600000F05FBA38B505460C46F3F799FE611BFA
:10067000013190FBF1F303FB1100284438BD013830
:100680000A44914200D1704711F8013B00F8013F44
:10069000F7E710440A44914200D1704711F8013B3A
:1006A00000F8013DF7E702F00BBC82B082B00DF11B
:1006B000080C0CE90600BDF8042003930B44BDF8B8
:1006C00010100A4491B212B2B2F57A7FA2BFA1F51E
:1006D0007A72013312B20360828002B002B07047B6
:1006E00082B082B00DF1080C0CE90600BDF80420C0
:1006F0000393CB1ABDF81010521A91B212B2002A0D
:10070000BEBF01F57A7203F1FF3312B2036082803B
:1007100002B002B070471FB56B4683E803000023A8
:1007200003A80293ADF80C30FFF747FE009BBDF81D
:1007300004100290181ABDF80C30C91A8BB209B215
:100740000029BEBF03F57A7300F1FF3019B2F3F749
:1007500019F905B05DF804FB1FB50446002303A892
:100760000293ADF80C30FFF728FE01A9029068460D
:10077000F3F70EF9029B009ABDF80C101A44019B86
:100780000B4499B21BB2B3F57A7FA2BFA1F57A737D
:1007900001321BB220462260A38004B010BD37B5E1
:1007A0000023044601A80093ADF80430FFF705FECE
:1007B0006D46009095E8030084E80300204603B0EE
:1007C00030BD70B50446FFF70FFE01236372266843
:1007D0000546F3F7E5F82844864203D2F3F7E0F83C
:1007E000054425602068BDE87040F3F7E9B80023B0
:1007F000C0E90033C0E9031303814361704738B592
:1008000005460846FFF702FE04462846F3F77EFE3B
:10081000FFF7EAFDA04238BF2046C5E9000038BD19
:1008200008B5FFF7DFFDBDE80840FFF7F0BD38B5BC
:10083000044650B1FFF7D6FD05462046FFF7E6FD1A
:10084000281ABDE83840FFF7E2BD38BDFFF7CEBD3E
:1008500008B5F3F751FC38B9F3F7C2FCF3F73CFCE9
:10086000BDE80840F3F76ABCF3F746FC0628F7D169
:10087000F2E70A4601460020FFF714BE08B501461C
:1008800008224FF4D860FFF751FE002008BD07B5DD
:1008900001228DF807000DF107018020FFF726FEE9
:1008A0009DF807302BB90120F3F72CFC03B05DF85D
:1008B00004FB0220F8E713B504460420F3F722FCFA
:1008C000230C8DF804300322230A01A983208DF81C
:1008D00005308DF80640FFF709FE02B010BD10B5D7
:1008E0001446FFF7C6FF2046BDE81040FFF7E3BF00
:1008F00013B504460520F3F705FC942140F6AC003F
:10090000FFF728FE230C8DF804300322230A01A9E7
:1009100082208DF805308DF80640FFF7E7FD02B024
:1009200010BD73B5002640F6E2000196FFF733FED6
:1009300000F0FE01054640F6E200FFF70BFE40F630
:10094000E500FFF728FE00F07F01044640F6E500D1
:10095000FFF700FE6FF07F40FFF7CAFF04220DEBA8
:10096000020140F61900FFF700FE3046FFF78FFF47
:10097000294640F6E200FFF7EDFD214640F6E5008E
:10098000FFF7E8FD019802B070BD13B504460520DD
:10099000F3F7B8FB962140F6AC00FFF7DBFD230C24
:1009A0008DF804300322230A01A982208DF8053036
:1009B0008DF80640FFF79AFD02B010BD07B5030C95
:1009C0008DF80030030A8DF801300B0C49BA8DF810
:1009D0000200ADF804100622694694208DF8033019
:1009E000FFF784FD0620F3F78DFB03B05DF804FBF1
:1009F00008B50022C5201146FFF778FDBDE8084084
:100A00000720F3F77FBB08B50022D1201146FFF77E
:100A10006DFDBDE808400420F3F774BB07B5012263
:100A20008DF807000DF107019F20FFF75FFD03B070
:100A30005DF804FBF82873B5044628BFF824013498
:100A4000C4F346031F2B1C46C6BF033401250025F3
:100A50004FF00102C8BFC4F3870402EB450306460A
:100A600004FA03F30DF10701A0208DF80730FFF71A
:100A70003DFD46B105EBC401C9B240F206708DF8E8
:100A80000710FFF767FD02B070BD07B501228DF8B2
:100A900007000DF107019620FFF728FD03B05DF870
:100AA00004FB07B58DF8062004228DF804008DF8AC
:100AB000051095200DEB02018DF80730FFF716FDAC
:100AC00003B05DF804FB07B552BAADF8042040BA94
:100AD000082249BAADF80000ADF802105BBA6946C9
:100AE0001046ADF80630FFF701FD03B05DF804FBDA
:100AF00007B5022201A91220FFF706FDBDF8040088
:100B000040BA80B203B05DF804FB07B501228DF84E
:100B100007000DF107019D20FFF7E8FC03B05DF829
:100B200004FB37B504460D46FFF7B3FC0128034626
:100B300020D10F2C02464FF000010ED10620FFF706
:100B4000B0FF0E24022201A98E208DF804408DF8FA
:100B50000550FFF7CBFC03B030BD0420FFF7A1FF29
:100B60006FF01003A342B8BF23460E2BA8BF0E237D
:100B70001C46E7E740F6D800FFF70DFD40F01E01E8
:100B8000C9B240F6D800FFF7E5FC01230022072197
:100B90000420FFF786FF6FF008039C42B8BF1C4695
:100BA000162CA8BF1624CDE707B502228DF8040045
:100BB0008DF805108F2001A9FFF798FC03B05DF8B0
:100BC00004FB07B5012201A91520FFF79DFC9DF844
:100BD00004004042401003B05DF804FBF7B50D4639
:100BE000064600240DF10701284617468DF80740F8
:100BF000F3F744FE2A78BA4207D89DF80700314639
:100C0000FFF761FC204603B0F0BD0120FBE707B50C
:100C1000022240BAADF8040001A91046FFF766FCB5
:100C200003B05DF804FB012070470020FFF72FBEE2
:100C3000F3F740BD80B2FFF7AEBC80B2FFF78ABCCD
:100C400008B54FF00400F3F7CBFCBDE808400220E4
:100C5000FFF7FCBDFFF7B2BE80B2FFF786BC80B2E3
:100C6000FFF764BC08B54FF4C07100231A4608466C
:100C7000FFF729FFBDE80840FFF7BABE08B5FFF748
:100C8000A0FF08BD08B5FFF702FC033008BD2DE941
:100C9000F04104468AB000200D4617461E46F4F780
:100CA00093F82046F3F706FD00244FF001080323D4
:100CB0004FF4167229462046CDE90848CDE906448E
:100CC000CDE90444CDE90244CDE900532346F4F7CD
:100CD0008BF82046F3F78EFF4046FFF7B7FDFFF78E
:100CE0009FFD04462046FFF7A2FDB04206D3012433
:100CF000FFF7A6FF20460AB0BDE8F081FFF761FFCD
:100D00008742EFDA0024F3E708B5F4F74BF8002345
:100D10001A4619461846FFF7D6FEBDE80840FFF709
:100D200000BE30B585B001A90446092240F29F20DB
:100D3000FFF71BFC9DF8043001A80021CAB29342C2
:100D400017D8032B20D85A1C8DF8042004A902229E
:100D500003FB0211200A01F80B0C04A902FB031388
:100D600040F29F2003F80A4C092201A9FFF7DEFB9D
:100D70000AE002464578927802EB0522944201F19E
:100D8000010100F10200D9D105B030BD0A78037825
:100D9000534003704A784378534043708A7883788D
:100DA00053408370CA78C3785340C3700A7903797B
:100DB000534003714A794379534043718A79837967
:100DC00053408371CA79C3795340C3710A7A037A55
:100DD000534003724A7A437A534043728A7A837A41
:100DE00053408372CA7AC37A5340C3720A7B037B2F
:100DF000534003734A7B437B534043738A7B837B1B
:100E000053408373CA7BC37B5340C373704710B591
:100E10000B7814786340037054784B7863404370C8
:100E200094788B7863408370D478CB786340C370B8
:100E300014790B796340037154794B7963404371A2
:100E400094798B7963408371D479CB796340C37192
:100E5000147A0B7A63400372547A4B7A634043727C
:100E60008B7A947A63408372D47ACB7A6340C3726C
:100E7000147B0B7B63400373547B4B7B6340437356
:100E8000947B8B7B63408373CB7BD27B5340C37358
:100E900010BD10B5102204460021F130FFF703FC0D
:100EA0000021C4F814112046F022BDE81040FFF7DD
:100EB000FABB024608461021F4F78EB92DE9F0433B
:100EC0000446D0F8140185B00E46154604F2011907
:100ED00088B3C0F110089045474628BF1746BAB2FC
:100EE0004844FFF7CCFBD4F814313B440F2BC4F833
:100EF00014312DD9A8452BD204F1F00304F58071EB
:100F000013F8012F187C8B4282EA00021A70F7D185
:100F100004F1F108102241466846FFF7B0FB224673
:100F200069466846F4F7DAF9102269464046FFF749
:100F3000A6FB3E44ED1B04F5807804F1F107102D6B
:100F400009D8AAB231464846FFF799FBC4F81451B4
:100F500005B0BDE8F08304F1F003711E13F8012F12
:100F600011F8010F434582EA00021A70F6D11022EF
:100F700039466846FFF783FB224669466846F4F720
:100F8000ADF9102269463846FFF779FB1036103D5F
:100F9000D5E7F0B589B00C46102200210546684619
:100FA000FFF781FB224669466846F4F797F99DF9F9
:100FB0000030002B6A464FF0000143DA137812F834
:100FC000010F01315B0043EAD0130F2902F8013C05
:100FD000F4D19DF80F305B0083F08703D4F814013F
:100FE000DBB210288DF80F303BD104F580736946D1
:100FF00004F5887013F8016F11F8012B984282EA0A
:1010000006021A70F6D104F1F00304F5807113F8AA
:10101000012F187C8B4282EA00021A70F7D110224D
:101020000DEB020004F1F101FFF729FB22462946EE
:1010300004A8F4F753F9102200216846FFF733FBA8
:1010400009B0F0BD137812F8010F01315B0043EADB
:10105000D0130F2902F8013CF4D19DF80F305B004A
:10106000BCE79DF90030002B6A464FF0000137DAEB
:10107000137812F8016F01315B0043EAD6130F2990
:1010800002F8013CF4D19DF80F305B0083F0870338
:10109000471CDBB28DF80F30102F04EB0003C0F1BA
:1010A0000F064FF0800288BF002600F5817083F89C
:1010B00001210021324620443E4401F001FFC4F8E2
:1010C000146104F58073694604F5887013F8016FA4
:1010D00011F8012B984282EA06021A70F6D192E7C3
:1010E000137812F8016F01315B0043EAD6130F2920
:1010F00002F8013CF4D19DF80F305B00C8E77E2B6D
:1011000001D8F4F751BA0320704730B50D4685B0C9
:101110001446014668B103AA002000922A460390B3
:10112000F4F742FA18B90398001B18BF012005B064
:1011300030BD0220FBE709B1F4F714BB0220704771
:101140001FB51446A0B100237F2ACDE90033CDE9B5
:10115000023301D108290DD10A466B461021F4F75C
:10116000C3FA18B969462046F4F7FCFA04B010BD7A
:101170000220FBE70320F9E72DE9F04F91B0DDE90C
:101180001B649DF8685081468A4617469846002B96
:101190006CD0002E6AD0002C68D0212D68D8FF2892
:1011A00019462A4630460CBF4FF0010B4FF0030B97
:1011B000FFF765FA691E5A46731C89B208F10100EF
:1011C000F4F792FA8346002854D196F80B807319ED
:1011D0004FEAD81884F8008013F8024C13F8031C67
:1011E00013F8042C13F8013C240444EA01241443AA
:1011F00044EA0364B8F1000F0CD1291F01232246F1
:1012000089B23046FFF781FF003818BF012011B0C6
:10121000BDE8F08FCDE901000390082251460DF1A1
:1012200005008DF80490FFF734FA8DF80D7029222F
:1012300059463F0A05A88DF80E70CDF810B001F0A0
:101240003FFE0C2201A904A8FFF719FA2A463146ED
:101250000DF11B00FFF713FA02232246E91D04A833
:10126000FFF753FF002818BF4046D0E70220CEE723
:101270000520CCE70720CAE7FFF780B8D8B1D1B185
:10128000037B1B0707D090F8203083B990F82830F3
:101290007BB11720704790F8283053B190F8203078
:1012A000002B14BF032302230B7000207047002380
:1012B000FAE70123F8E7032070472DE9F04F8BB0E0
:1012C0008A460093149B416890F90C8090F90D6058
:1012D00090F80EB01960477804469146002F58D018
:1012E00002238DF8103004A9C37B007C8DF81230E6
:1012F00000F069FBB4F808C0618943B260689845A2
:1013000045466144B8BF1D46604534BF00270127EC
:10131000884209D30A218DF81010207C019304A97A
:1013200000F051FB019B46B2B4F808C060896168C7
:101330000CEB400E714519D3A1EB0C01B1FBF0FC95
:1013400000FB1C1191B9984503DC2378CBB94FF011
:10135000010B20238DF81030207CE37B8DF8115099
:1013600004A98DF8123000F02EFB45B2009B8AF8DC
:101370000050384689F8006083F800B00BB0BDE833
:10138000F08F0223207C8DF8243006A900F02BFB7F
:10139000DDE74546EAE77047704770477047002031
:1013A00070477047704770470020704700207047B3
:1013B000002070470020704700207047704770473A
:1013C0007047022070470220704702207047704724
:1013D000002070477047704700207047002070471A
:1013E000704770477047F0B50C4685B005461F46FC
:1013F000114662B3062806D0072806D0052824D057
:101400000120012603E00420FBE702200026002340
:10141000CDE9013303938DF80000230A8DF80140D4
:10142000082201A8240C8DF802308DF80340FFF744
:1014300030F92A4631466846ADF80C70FFF780FE59
:10144000002818BF0E2005B0F0BD0320D9E7092001
:10145000F9E71FB507284FF00004CDE902440CBF9F
:10146000022401248DF800408DF801100C0AADF81B
:101470000420090C120C8DF803108DF806208DF84D
:10148000073002461B0A012168468DF802408DF89C
:101490000830FFF755FE002818BF0E2004B010BD1D
:1014A0002DE9F04188B090460D460F9A0746002876
:1014B00047D000240121CDE904448DF810109DF897
:1014C00038108DF81510ADF81630190CCDE9004420
:1014D0001B0ECDE902448DF81930ADF81A20130C1B
:1014E000120E07948DF818108DF81C308DF81D2001
:1014F000E3B21E01002DF6B203DC002008B0BDE807
:10150000F081013310218DF81F3042466B460DEB00
:101510000100F4F7E9F80346A8B9102D28463E4427
:10152000A8BF10206946327811F801CB013382EA56
:101530000C02984206F8012BF5DC103D2DB2013467
:10154000D6E70920DAE70E20D8E71FB500237F226F
:1015500008216846CDE90033CDE90233FFF7F0FDFD
:10156000002818BF0E2005B05DF804FB70B586B0EA
:101570000C46DDE90A651346014630B3B4F5807FB9
:1015800025D84922300C02920022ADF80C208DF8AB
:1015900010008DF81620280C0C9AADF80E60ADF8EE
:1015A00012508DF814000092360E2D0E224602A81D
:1015B0008DF811608DF815508DF81740FFF79FFDDD
:1015C000002818BF0E2006B070BD0920FBE70D20D3
:1015D000F9E713B500230C460193CAB101A9F7F747
:1015E0009DFC18B9019B591C02D1146002B010BDBA
:1015F00099B2611A002901DD5C18F6E702D1136087
:101600000720F3E71B0C1B0403F580331C44ECE7B5
:101610000920EBE71FB5B1B90128CDE9001108BFDA
:101620002023CDE902114FF008024FF00001684677
:1016300008BF8DF80030FFF783FD002818BF0E208B
:1016400005B05DF804FB0A20FAE710B5044600284F
:1016500045D00168002942D011F8013B43710322B3
:101660000630FFF70CF82046032250F8091B04311E
:10167000FFF705F82168CB79E3600A7A43EA022391
:10168000E3604A7A43EA0243E3608A7A43EA026308
:10169000E360CB7A23740B7B63742379212B1AD1FB
:1016A00010220D3104F11200FEF7E9FF1D2221681E
:1016B000501C8B5C6362085C43EA0023901C6362ED
:1016C000085C033243EA004363628A5C43EA0263D4
:1016D0006362002010BD112B03DC0D22E7E702201E
:1016E000F8E70120F6E710B50446002854D0016859
:1016F000002951D00B7843714B7883608A7843EA94
:1017000002238360CA7843EA024383600A7943EA8A
:10171000026383604B7903738B79C381CA7943EA8F
:101720000223027BC38102F00F0208311030FEF762
:10173000A6FF237B002203F00F0384F8202084F807
:101740002820227903F10800111A04290DDD2168EF
:101750000933043AD21A085C84F82000D2B2606AD5
:1017600084F828201944FEF78AFF237922681A4456
:10177000002012F8043CE36212F8031C43EA012340
:10178000E36212F8021C43EA0143E36212F8012CFF
:1017900043EA0263E36210BD0220FCE710B5044691
:1017A00060B3036853B30279162A29D942791A70B3
:1017B0000146082251F8060B0130FEF76AFF214668
:1017C000082251F80E0B0930FEF763FF2368E28A06
:1017D0005A74E38A22681B0A93742368A269DA7434
:1017E000A36922681B0A13752368628B5A752368E4
:1017F000E27E9A7517232371002010BD0120FCE7BB
:101800000220FAE710B5044600282FD003686BB316
:101810000279172A2CD942791A70036882795A7092
:101820000146082251F8070B0230FEF732FF21462D
:10183000082251F80F0B0A30FEF72BFF2368228B8A
:101840009A74238B22681B0AD3742368E2691A7581
:10185000E36922681B0A53752368E28B9A75236833
:10186000E27FDA7518232371002010BD0120FCE708
:101870000220FAE710B5044600282FD003686BB3A6
:101880000279122A2CD942791A70036882795A7027
:101890000146032251F8070B0230FEF7F0FE214605
:1018A000082251F80A0B0530FEF7F3FE2368628A1E
:1018B0005A73638A22681B0A937323686269DA7316
:1018C000636922681B0A13742368E28A5A742368C6
:1018D000E27D9A7413232371002010BD0120FCE7E0
:1018E0000220FAE738B50446002863D001680029D1
:1018F00060D0037B90F8282003F00F03002A57D113
:101900000833207904321344984255D363790B701D
:101910002368A2685A70A36822681B0A9370236820
:101920006289DA702368E27A1A712368227B5A711D
:101930002368E2899A71E38922681B0A2146D371E0
:10194000227B51F8100B02F00F020830FEF797FED1
:10195000237B94F8282003F00F0303F108052AB134
:10196000226894F82010515503F10905206894F875
:101970002820616A2844FEF782FE94F82830226805
:10198000E16A2B44D1545A1CE16A206892B2090AD8
:1019900081549A1C2168E08D92B28854DA1C216827
:1019A00094F82F0092B2043388542371002038BD7C
:1019B0000933A6E70120FAE70220F8E7A0F10803BF
:1019C000584258417047082882B003D1084602B0F7
:1019D000F7F74CBF002002B07047082802D1084634
:1019E000F7F7E0BF7047082802D10846F7F7F6BFBF
:1019F00070470346082B0846114601D100F0B8BADB
:101A000000207047082802D10846F8F771B87047DF
:101A1000082802D10846F8F79BB80020704710B498
:101A20000446082C084611461A46019B02D110BCF8
:101A3000F8F7CAB810BC70470346082B0846114691
:101A400001D1F8F7EDB80020704710B40446082C17
:101A5000084611461A4602D110BCF8F72DB90020ED
:101A600010BC704730B40546082D084611461A468A
:101A7000DDE9023403D1029430BCF8F79BB90020B1
:101A800030BC7047082802D1084600F094BA002004
:101A90007047082802D1084600F0B6BA0020704707
:101AA000082802D1084600F0B2BA00207047082882
:101AB00002D1084600F0AEBA002070470346082B5A
:101AC0000846114601D1F8F771BA0020704710B4EA
:101AD0000446082C084611461A46019B02D110BC48
:101AE000F8F77ABA092010BC704710B40446082CE5
:101AF000084611461A4602D110BCF8F70FBBC8B20F
:101B000010BC7047F0B59A42069D03DB9DF9143076
:101B10009A4220DD0020F0BD03EB430331F814C0EE
:101B200005EB830300264CFA06F7FF0707D51F7A5B
:101B300007F00F0E964502DCB2EB171F0DDD0136E4
:101B4000102E03F10C03EED10134E4B22301DBB219
:101B50009842E1D8DEE70024F8E70120DBE788427D
:101B600004DB9042CCBF002001207047002070476A
:101B700010B51409B4EB111F03464FEA11100ED330
:101B800091420CD202B201F00F0133F81240012051
:101B900000FA01F124EA010123F8121010BD00201F
:101BA000FCE7F0B528B100EB410501270020914288
:101BB00000D3F0BD002435F802CB234607FA04F623
:101BC00036EA0C0608BF013304F1010408BFDBB29A
:101BD000102CF3D118440131C0B2C9B2E7E710B5F7
:101BE00000B149B910BD31F8134020F8134001335A
:101BF000DCB2A242F7D8F5E70023F9E782B00193FF
:101C000003885AB9642B38BF6423C26859438A4297
:101C10008CBF521A0022C26002B07047012B38BF3D
:101C20000123F2E70378032B14D1437803F00F026A
:101C30001B098A704B7083788B80C27843EA022339
:101C40008B800379C3F3021203F00F03CA700B7089
:101C500005207047002070472DE9F34798464379E7
:101C6000057990F907609146044690F906208A4666
:101C700083B190F9087075B30F2A12D194F9092035
:101C80000F2E1ED194F90A60072D24D1002F08BF12
:101C9000012720E090F90B7090F9092090F90A6073
:101CA000E9E7A369019394F91530009394F914308E
:101CB0002169207BFFF726FF0028E1D105F0FD0513
:101CC000DEE794F91D30B3420FDC94F91C30B342C7
:101CD000DADA05F0FB0528468AF8002089F800606A
:101CE00088F8007002B0BDE8F0871E46CCE730B53A
:101CF0004FF47A750C1F6A4300FB042252001EBF8A
:101D000000F1FF341219B2FBF0F2914238BF1146D4
:101D1000039A1160820048431CBF013040084FF411
:101D20007A71121A01FB1323002BCABF03F2E733A7
:101D300093FBF1F1B3FBF1F1049B196030BD38B5B1
:101D4000400014460D46EEF791FA01462846EEF79C
:101D5000DBF92146EEF7D8F9FDF728FEEEF7DEFABB
:101D600040B238BD2DE9F74F019300239C469E46B3
:101D7000048A1E01F6B2B44246D906EB46054FEA84
:101D80004309AD000024476837F809702741FF0771
:101D900029D5876807EB050A7F5927B3077837B934
:101DA000476927B137F809702741FF071BD59AF813
:101DB000087090F901B047F303084FFA88F8D84546
:101DC00011DC47F303177FB25F450CDB9AF809700B
:101DD00007EB4708C76807EBC8073F7D5FB90CF101
:101DE000010C5FFA8CFC0134102C05F10C05CAD1F2
:101DF0000133DBB2BCE70EF1010706EB040801F882
:101E00000E805FFA87FEEEE7019B82F800E083F820
:101E100000C003B0BDE8F08F2DE9FF4704464068DD
:101E2000DDE90C671D468A469146FEF700FD2368F2
:101E30001B1A3B604FF000080123337085F80080C7
:101E4000636813B12368834224D8CAF80080D4F8A9
:101E50001CC0A3699CF800E00393D4E9030101AB23
:101E600083E80300237D0093DCF80C10237A627A68
:101E70007046F7F735FC38603346E0692A46494634
:101E8000FFF770FF2B782BB1C7F80080002004B05B
:101E9000BDE8F0873378002B0CBF0C200B20F6E751
:101EA00037B590F9002090F90250954204460FD0C2
:101EB000013A52B295420BD0A368019394F90130D4
:101EC00000936168E0782B46FFF71CFE0028EFD0F6
:101ED000104603B030BD8842B8BF08467047F7B51A
:101EE0000023CDE900330D46174610B9032003B097
:101EF000F0BD0029FAD0002AF8D00A781646C6F3B9
:101F00004703002430F81310F30754BFC9B2090A7D
:101F1000234641FA04FC1CF0010F06D003F1080C23
:101F2000EC4401330CF8084CDBB20134082CF0D13E
:101F3000741CE4B233B9082C28BF0024A242D5D0C7
:101F40002646DCE7591E0020FEF78CFB00F1080353
:101F50000DEB0300082C10F8083C28BF002403EB0D
:101F6000C6033B7000202C70C1E702FB00107047D5
:101F700008B50A291DD8DFE801F0061C1C1C1C0B43
:101F80000E101C1A1A00BDE808400068F7F74EBC96
:101F90000422002103E00522FBE70D22082190F92D
:101FA0000000FFF7DCFD003818BF012008BD0E223D
:101FB000EFE70020FAE738B505464068F7F736FC4A
:101FC0000D22841D082195F90000E4B2FFF7C7FD3A
:101FD00008B904F0FD0495F9000007220521FFF778
:101FE000BEFD012803D095F900300D2B01DD04F072
:101FF000FD0495F9010003220021FFF7B0FD08B9A7
:1020000004F0FB04204638BD4FF0FF3070474FF01E
:10201000FF3070474FF0FF30704708B5F8F788F889
:10202000002008BD0369C9B20C2201FB0233186C01
:1020300000F00700704770B5C9B20369EFF311856E
:10204000202484F31288BFF36F8F0C2606FB013423
:10205000246C14F0C00408D0A24206D085F3118885
:10206000BFF36F8F4FF0FF3070BD71430B440122FF
:102070001A6485F31188BFF36F8F43680B445B6864
:1020800098470020F0E78022FFF7D5BFF8B5069FFC
:102090000469C9B2EFF31186202585F31288BFF3D6
:1020A0006F8F0C2569430C44256C05F0070CBCF1BF
:1020B000010F0BD1276486F31188BFF36F8FC4E93A
:1020C0000E2343685B5898470020F8BD05F0C00513
:1020D000AF4286F31188BFF36F8F0CBF6FF07700AC
:1020E0004FF0FF30F1E713B580240094FFF7CEFFE7
:1020F00002B010BD10B40069CBB21C2403FB040075
:10210000002110BC10470020FAF7D0B8002000F0E2
:1021100029BA1046FBF7A6BFF7B51C4616460023A2
:1021200082682360A36053690D4601AA69469847F7
:10213000019B5A1E01921BB96FF0150003B0F0BD50
:102140000098A26847682168676085B9B31AD0F81B
:1021500000C0634528BF63461A4403FB0711216092
:10216000A26002689A4206D808300090E0E76B1A35
:10217000B3FBF7F3EBE70020E0E713460022FFF79D
:10218000CBBF4FF400020023C1E9002300207047B9
:1021900018B901F11800FBF765BF70477FB50BABAD
:1021A000059303930A9B02930023CDE9003318465D
:1021B000EFF718FE07B05DF804FB7FB5FF238DF83D
:1021C00003300DF10303002101930123CDE9023116
:1021D00005238DF80C3003A801AB04910593F8F7A3
:1021E000BDF90028A8BF9DF8030007B05DF804FB07
:1021F0001FB5002188420CBF0623042301A8CDE9A6
:10220000011103918DF80430F8F7A8F9002818BFE0
:102210006FF0040005B05DF804FB10B50269BFF370
:102220005B8F044602F1300353E8001F013943E895
:1022300000100028F8D1BFF35B8F92F8343013B947
:1022400009B9FAF7A7FF2069BDE81040FBF70ABFFC
:102250000369BFF35B8F303353E8001F013143E85C
:102260000012002AF8D1BFF35B8F00694FF0FF32F4
:102270004FF0FF33FBF72ABF10B50C4600F008FA09
:102280000023C4E90003184610BD38B505460C46C6
:1022900000F0FEF9002D07DBA84205D9401B84425F
:1022A0008CBF0020012038BD0020FCE77FB50BABC0
:1022B000059303930A9B02930023CDE90033012287
:1022C0001846EFF78FFD07B05DF804FB43685B68C5
:1022D000D3F810350B600020704743685B6802EA52
:1022E000010021EA0201C3F80805C3F80C1500201B
:1022F000704743685B680020C3F80815704743685F
:102300005B680020C3F80C15704743685A68D2F820
:10231000043521EA03000B40C2F80805C2F80C3569
:102320000020704710B503695868F8B1884219D188
:102330009C6808685860A14200D19860002008603D
:102340002AB15A680A609A68596002B999600020F7
:1023500010E0814206D10868206098688142EDD182
:102360009C60EBE7044600680028F2D1002AE8D11F
:102370006FF0150010BD30B543681360057A4468EE
:1023800004EBC504A34202D36FF0010030BD5C79B9
:102390008C4201D00833F0E70020F7E7002201214A
:1023A0002F20F0F719BD10B50B6813B9136018464C
:1023B00005E003685C681CB114600368186810BD10
:1023C000083303600B68013B0B60EDE77FB50BAB97
:1023D000059303930A9B02930023CDE9003318462B
:1023E000EFF700FD07B05DF804FB13B5002101AA6B
:1023F0000446FFF7C0FF002805DB019B226819791E
:102400001868F8F7F3FE02B010BD03460A460068EC
:102410001979012303FA01F103691B68194218BFF6
:1024200082F0010212B18368DB68184783681B6978
:10243000FBE710B504460068D0B18368C3B149B169
:1024400001210830FFF7E1FF23681869BDE810405B
:1024500000F0A8B912B98388DB0409D4006900F040
:10246000A1F920680021BDE810400830FFF7CDBF7A
:1024700010BD10B5012200210446FFF7DAFFA36961
:1024800033B9636004F11000BDE81040FBF7EABD0A
:1024900010BD10B5006903688B4206D190F86C40FE
:1024A00034B9FFF7E6FF204610BD6FF01500FBE7DB
:1024B0006FF00F00F8E738B505690446296405F1A7
:1024C0002800FBF7CFFD002285F86C20206911461B
:1024D000BDE83840FFF7ADBFF8B50C46054600F043
:1024E000D4F80022214606462846FAF72BFA0321A3
:1024F0002046F9F799FA00F023F807462B689B5914
:1025000053B100262146284600F0BDF8204601219F
:10251000F9F78AFA3046F8BD00F012F8C01B062819
:10252000ECD96FF07306EDE700F150039B009BB20E
:1025300003F1804303F5883300221A601B6870475B
:1025400008B5F9F737FB08BDFCF7E4BD08B5EFF7B0
:10255000D5FEEFF7A9FFBDE80840FCF7DBBD00475B
:1025600000F020B9F9F71EBEF7B5019001A8DDE92A
:10257000084716461D46F9F72BFF019BB6F1000CE4
:1025800018BF4FF0010C00EB83000B1E18BF012396
:10259000002D43EA4C0314BF4FF00C0C4FF0000C1D
:1025A000002C43EA0C0314BF4FF4E06C4FF0000C16
:1025B000002F43EA0C03D0F8002714BF4FF4403C2F
:1025C0004FF0000C43EA0C0322EA030301B109783F
:1025D0000EB13678760019430DB12D78AD00314338
:1025E0000CB12478240229430FB13F783F040C43F7
:1025F0003C43C0F8004703B0F0BD1FB50DF10F0319
:10260000019300238DF80F1000931A461946FFF727
:10261000ABFF05B05DF804FB08B50146F9F72AFFEA
:1026200040B10846F9F70EFF00B2800000F5807057
:1026300080B208BD4FF4BE70FBE738B505460846CA
:102640000C46F9F717FFB0B10846F9F707FF90B944
:102650000846F9F7F7FE2A6801238340C2F80833D9
:102660002A6803B202EB8303D3F8102522F0030299
:10267000C3F8102538BD20460021BDE83840FFF7DB
:10268000BCBFF9F77DBFFFF7D8BF0846FFF7C4BF4F
:102690004FF080531A695869504370474FF0805388
:1026A000186970474FF08053586970470223FAF752
:1026B000FDBA0323FAF7FABA00210220FAF786BD21
:1026C00070B5A2F58074A408012606FA04F4054644
:1026D00014EA010008D0A85830B10021A950AA5826
:1026E0001A6822431A60304670BD2DE9F341002379
:1026F00004460D460193904601AB4FF4A672FFF7D6
:10270000DFFF4FF4827229462046FFF7D9FF4FF4CE
:102710008C72074629462046FFF7D2FF064630B1A5
:10272000B8F1000F1DD017B1D4F83C353E4601ABCF
:102730004FF4887229462046FFF7C2FF30B1B8F146
:10274000000F03D016B90FB1D4F83C3501AB4FF4EC
:10275000907229462046FFF7B3FF019802B0BDE80A
:10276000F0814646E3E707B5019001A8FAF7C6FDF8
:10277000019A01239340C0F8083503B05DF804FBCB
:1027800007B5019001A8FAF7B9FD019A012393401A
:10279000C0F80C3503B05DF804FB08B5FBF79CF9F5
:1027A000002008BD08B1F0F78FBD7047704740B1F9
:1027B000C368587810F001001EBF1878B0FA80F096
:1027C000400970477FB50BAB059303930A9B0293B7
:1027D0000023CDE9003301221846EFF703FB07B0D1
:1027E0005DF804FBEFF31183202383F31288BFF31A
:1027F0006F8FFEE710B5D0E9003433B90020E268EE
:10280000537843F00103537010BD204698470028C9
:10281000F4D00028B8BF4042E368FF28A8BFFF20DB
:102820001870ECE700F04CBB00F022BB7047416928
:10283000836843EA010212F003020FD1C260026909
:10284000013A01FB023382689A4201D900207047A5
:10285000C2681A604269C3609B1AF4E76FF0150002
:10286000704710B5C0E904320023816083610446DB
:10287000FFF7DDFF0028A8BFC4E9004410BD2DE923
:10288000F04105460F46EFF31188202383F31288A9
:10289000BFF36F8FC668F6B90468A0421BD0D4B1ED
:1028A000D4E9003213605A60637BA66023F0020310
:1028B0006373C4E9006604F1180000F077F920465C
:1028C000E667676100F0BFF8414605F10800BDE822
:1028D000F041FBF75FBF3E60AB69EF60013BAB616E
:1028E00088F31188BFF36F8FBDE8F08108B520240D
:1028F000EFF3118384F31288BFF36F8FFDF7EAFCC7
:10290000F6E790F90E308B4201D0FBF7F5BE0020C0
:10291000704703460020C3E90200C3E90033704753
:102920005AB18A4209D300F11003C0E90212C0E98A
:102930000000C0E90433002070476FF015007047B5
:10294000026801238B4022EA0303036022FA01F0AC
:1029500000F00100704720B100221146883000F0DD
:10296000EAB8704738B504460D461022002100F041
:10297000A7FA656038BD13B501900846EFF31184DE
:10298000202383F31288BFF36F8F01A9FBF7A0FC0C
:1029900084F31188BFF36F8F02B010BD10B5FFF73D
:1029A000EAFF041E08DDEFF31180202383F3128871
:1029B000BFF36F8FFBF700FF204610BDEFF30580DC
:1029C000003818BF012070476FF057007047002093
:1029D0007047D0E9003213605A600023C0E9003329
:1029E000704708B5FFF7F5FF437B23F002034373FD
:1029F0000023836008BD38B504460D46FBF7DEFDB5
:102A0000637B43F002036373E5B1A5602B689D42CD
:102A100009D16B68C4E900531C606C6012E06A68FD
:102A20009A42F6D01B68002BF3D094F90E2093F94C
:102A30000E108A42F3D09142F1DD5A68C4E90032A7
:102A400014605C6038BD10B5EFF31184202383F36C
:102A50001288BFF36F8FFBF769FD84F31188BFF312
:102A60006F8F10BD08B5EFF31181202282F3128819
:102A7000BFF36F8F83680BB1FFF7B3FF81F311884A
:102A8000BFF36F8F08BD10B50146EFF3118420230B
:102A900083F31288BFF36F8F437B13F0280F0AD1A3
:102AA00083680BB1FFF79DFF4B7B23F004034B734F
:102AB0000846FBF73BFD84F31188BFF36F8F10BD11
:102AC00001211838FFF7DFBF08B50346EFF3118186
:102AD000202282F31288BFF36F8F0068834207D0F1
:102AE00008B1FFF77EFF81F31188BFF36F8F08BD38
:102AF0000020F8E710B5FFF7B5FFBDE8104018302B
:102B000000F054B838B50C460546FBF7FDFEB4F1AD
:102B1000FF3F08BFB5F1FF3F1FBF47F6FF7300221D
:102B20004FF47A71C0FB01321ABFD80B40EA424021
:102B30004FF0FF3038BD38B5EFF31185202383F314
:102B40001288BFF36F8F0468A04212D09CB1E16776
:102B500062612046FFF745FF04F1180000F026F8F7
:102B60002046FBF7E3FC012085F31188BFF36F8F4C
:102B700038BD0020F8E72046F6E710B5FCF76CF802
:102B80000446FCF771F874B1D4E904321B1A62EB05
:102B9000E072B3F1004F72F1000104DA002AACBF19
:102BA0001846002010BD6FF00040FBE738B5024624
:102BB000EFF31185202383F31288BFF36F8F03682F
:102BC00093B1FCF749F804461046FCF757F88442E5
:102BD00004D1FFF7D2FF0021F9F758F9002085F35F
:102BE0001188BFF36F8F38BD6FF01500F7E708B598
:102BF000FCF734F908BDFCF731B910B50446FFF70E
:102C0000D5FFA8B9636A0BB12046984704F11800B4
:102C1000FFF75AFF60B1FFF716FFEFF31180202393
:102C200083F31288BFF36F8FBDE81040FBF7C4BD7C
:102C300010BD1423F0B503FB010000244FF48B7684
:102C4000202701B9F0BD10F8073C40F80C4C03F008
:102C50003F03082BA0F1140C0CD826FA03F3DB0772
:102C600008D550F8143C2BB150F8105C2B605D6017
:102C700040E9054482F31188BFF36F8FEFF31182AF
:102C800087F31288BFF36F8F01396046D9E770B5BB
:102C9000D0E90034984209D044B1A568EDB115F9E6
:102CA000526C12F9525CB54208D007DDC1E900044C
:102CB0002160416010E0A342F8D01B68002BF5D0E2
:102CC0009A6862B112F9522CAA42F4D0F3DD5A6824
:102CD000C1E900321160596070BDAB7BFFDE937BB0
:102CE000FCE72DE9F84F00258B4614469A4601462D
:102CF0002E464FF020082F465D4502DB3046BDE8EA
:102D0000F88FEFF3118988F31288BFF36F8F4B7B35
:102D100003F03F03013B072B0DD8DFE803F01D0450
:102D20000C090C0C0C230B699B6823B102231EE0D9
:102D30000B691B685BBBBAF1000F21D12378FBB193
:102D40004B7B03F03F03013B072B27D8DFE803F061
:102D5000292126212626262C0B699B68002BEAD0E8
:102D6000012304E00B691B6A002BE4D01023CA681E
:102D70008F60C2F38630034363F39432CA602770D6
:102D800089F31188BFF36F8F01351431B4E7042341
:102D9000EDE7086922461030FFF779FF8C600136B5
:102DA000EEE708692246F7E7086922462430F3E790
:102DB0002DE9F041846805460E46ECB16378012B9D
:102DC00025D114F8533C9A0714D5A4F1600738466E
:102DD000FFF790FE082E0CBF6FF003030023E361A2
:102DE00014F8533CDB0605D154F8483C13B9384677
:102DF000FFF729FE00232370EB68C3F386321643E6
:102E0000002066F39433A860EB60BDE8F081022BEC
:102E1000F0D12378002BEDD054F8048CB8F1000FDA
:102E2000E8D004F11400FFF7C1FEA4F11407002359
:102E3000E36239464046FFF79EFDDBE710B50346E7
:102E4000EFF31184202282F31288BFF36F8F0068A2
:102E5000834208D0D0E9003213605A600023C0E9F1
:102E60000033FFF7A5FF84F31188BFF36F8F10BD08
:102E70000A44914200F1FF3300D1704710B511F8B8
:102E8000014B03F8014F9142F9D110BD884210B5B2
:102E900001EB020402D98442234607D8431EA14213
:102EA00008D011F8012B03F8012FF8E7024401467E
:102EB0008A4200D110BD13F8014D02F8014DF7E729
:102EC00002440346934200D1704703F8011BF9E71F
:102ED00010B501390244904201D1002005E0037889
:102EE00011F8014FA34201D0181B10BD0130F2E7C9
:102EF00010B5024601448A42134603D01C780132C1
:102F0000002CF8D1181A10BDF0B5C3F137070446EC
:102F1000FFB203F01F031046082BE6B233D0102B8C
:102F20003ED06508A40844EA817445EAC1752D19AC
:102F30004FEA910242EB5102290941EA02716D18F0
:102F400042EB1212290A41EA02616D1842EB122289
:102F5000290C41EA02416D1842EB1242AD1842F1D0
:102F60000002EC0844EA4274D10804EB8402A6EBA8
:102F70004205EDB2092D0CD90134A5F10A0541F144
:102F80000001EDB212E0E40844EA417406F00705DE
:102F9000C908303554EA010200F8015BBCD1F0BD2C
:102FA000240944EA017406F00F050909092D84BFBC
:102FB000ED19EDB2EDE70000014800687047000030
:102FC000B00F002078D4FE7F0100000085320000A1
:102FD000000000005DA20000543001009B270100AA
:102FE0000000000055DE000000000000ADAF000052
:102FF0007C300100ADAF00006830010049250100C0
:103000000000000029BD000000000000F9000100E0
:1030100000000000113300000000000061320000D9
:10302000000000004D25010000000000E1F000005C
:1030300000000000FDA500009030010071AC000010
:10304000A430010059B30000B83001002140000055
:10305000CC300100014E0100BC370100BC32010040
:10306000E6060020002100207450010050380100C5
:1030700090320100EC0600207421002082500100F3
:103080006838010090320100EE0600208021002007
:10309000E04F0100DC37010078320100E806002033
:1030A00020050020505001000000000060320100A7
:1030B000EA060020000000005452010080380100A0
:1030C000B4320100F006002058050020D449010068
:1030D000F0350100D8320100E40600206410002021
:1030E00055C300005F25010000000000BF02010081
:1030F00000000000BF02010000000000BF0201004C
:1031000000000000BF02010000000000BF0201003B
:10311000F5C900005F25010000000000BF020100AA
:1031200000000000BF02010000000000BF0201001B
:1031300000000000BF02010000000000BF0201000B
:1031400000000000BF02010000000000BF020100FB
:1031500000000000BF02010000000000BF020100EB
:1031600000000000BF02010000000000B9BD000027
:1031700000000000BF02010000000000BF020100CB
:1031800000000000BF02010000000000BF020100BB
:1031900000000000BF02010000000000BF020100AB
:1031A00000000000BF02010000000000BF0201009B
:1031B00000000000BF02010000000000BF0201008B
:1031C00000000000BF02010000000000BF0201007B
:1031D00000000000BF02010000000000BF0201006B
:1031E00000000000BF02010000000000BF0201005B
:1031F00000000000BF02010000000000BF0201004B
:1032000000000000BF02010000000000BF0201003A
:1032100000000000BF02010000000000BF0201002A
:1032200000000000BF02010069D200005F2501001C
:1032300000000000BF02010000000000BF0201000A
:1032400000000000BF02010000000000BF020100FA
:1032500000000000BF02010079D900005F250100D5
:1032600025AC0000E5AD00001DAD00001DAC000068
:10327000792201000DAC00004DA9000021A800003A
:1032800099AA0000F9A4000083210100E9A400002C
:1032900041B00000CD220100DB220100F322010039
:1032A000FF2201000B230100ADAE00002523010029
:1032B0000000000021B6000093240100B5A2000028
:1032C00087200100E7200100000000002520010008
:1032D0000000000000000000753E0000613C00009E
:1032E000153C0000393D0000213E0000313F000048
:1032F000C73C0100030000001C4E01000300000059
:10330000A13F0100030000006A500100030000001B
:10331000DB3E010004000000E23E0100030000006B
:10332000E63E010003000000134601000300000018
:10333000643B010003000000494401000300000059
:10334000DE3E01000300000067530100030000009F
:10335000ED4F010003000000AB440100030000003A
:103360006152010003000000DB490100030000007E
:103370002649010003000000303401007C0A0020CF
:08338000913F01000100000073
:10339000FF000000FF000000FF000000FF00000031
:1033A000FF000000FF000000FF000000FF00000021
:1033B000FF000000FF000000FF000000FF00000011
:1033C0006A5301000001000000000000000000003E
:1033D000000000000000000000C194C100000000D7
:1033E00000000000000000000000000000000000DD
:1033F0000338FDD870470000CF0101000000000035
:10340000000000000000000000000000713F01000B
:10341000793F0100000000000000000000000000F3
:10342000813F0100853F0100893F01008D3F010080
:103430000D2200000000000031220000F5210000F4
:1034400000000000012200000000000065220000D2
:10345000840A002019240020010000000000000060
:103460006102010004050020FC040020F404002097
:1034700000000000EC0400201524000009230000D7
:103480005D230000BD230000C004002000000000F8
:1034900000000B06020000009C3401000000000048
:1034A0009644010026000202000000209E44010014
:1034B00022000B1100000000EAFFFFFF8CFFFFFF5E
:1034C0008CFFFFFF8CFFFFFFEAFFFFFFEAFFFFFF1C
:1034D000EAFFFFFF98FFFFFF86FFFFFFF3FFFFFFFD
:1034E000F3FFFFFFEAFFFFFFEAFFFFFFEAFFFFFF37
:1034F000EAFFFFFF00000000F0FFFFFF93FFFFFF68
:10350000EAFFFFFFEAFFFFFFEAFFFFFFEAFFFFFF1F
:1035100080FFFFFF86FFFFFFA0FFFFFF86FFFFFF8B
:1035200091FFFFFF80FFFFFF80FFFFFFF0FFFFFF26
:10353000F0FFFFFFF0FFFFFFEAFFFFFFEAFFFFFFE3
:10354000EAFFFFFFEAFFFFFFEAFFFFFFEAFFFFFFDF
:103550003A4601003D460100434601004E46010047
:103560005B46010068460100724601007C4601008E
:10357000884601009A460100B3460100C04601009A
:10358000C9460100D8460100E6460100F2460100A6
:103590003A460100034701000847010018470100AF
:1035A0002A4701003C4701004D4701006B470100DD
:1035B0007D4701008A4701009F470100B047010095
:1035C000C6470100D7470100ED4701000748010049
:1035D00022480100384801004548010058480100D0
:1035E0006A480100774801008B480100A5480100A6
:1035F000B830010040420F000001000068300100B7
:103600000800010000000000683001000A0000000E
:103610007C300100130000007C3001001F0000001E
:103620007C30010003000100841E0000093D000001
:10363000127A000024F4000048E8010090D0030052
:1036400020A1070000000000B12800006151000027
:10365000C3A20000C01200001F000000A816000056
:1036600017000000841C00000F000000E42500008B
:103670001E000000B42D00001600000008390000F4
:103680000E0000002C4C00001D000000685B0000D4
:1036900015000000747200000D0000005898000032
:1036A0001C00000034B7000014000000E8E4000033
:1036B0000C000000783101001B000000686E010062
:1036C0001300000034CA01000B0000002862020051
:1036D0001A00000040DB0200120000003C930300CF
:1036E0000A000000C0C204001900000060B3050019
:1036F00011000000382007000900000020A1070089
:10370000000000005D5100006D490000C94D00003F
:10371000310C01008F0C0100090D0100E94D000082
:10372000C94F0000270C0100854C000089490000AA
:10373000410C01002B0C0100F54B0000650C010051
:10374000E54900007D0C01003B0C0100350C010037
:103750005F0C0100590C0100C54B0000694D0000D1
:10376000850C0100154A00003D4C0000550C01007D
:1037700048E8010048E8010048E8010048E8010085
:1037800020A1070000000000000000000000000071
:1037900020A1070020A1070020A1070020A1070009
:1037A00020A1070020A10700000000000000000089
:1037B000E5A10000B5A10000000000003DA300004D
:1037C00029A20000104E0100072101000D21010077
:1037D000164E01000400000000FF00000000000081
:1037E00000000000000000000000000000000000D9
:1037F00000000000000000000403000000000003BF
:10380000F40100000001010000008000C228170040
:10381000143801000090024020380100010000002F
:1038200028380100060000001318001D1418001F9E
:103830001518002016180021171800221118001E54
:1038400000080000001000000400000000FF00005D
:10385000FFFF000000030050000000000100000016
:103860000060004000000000BCF801FF00000050B4
:1038700000000000000000000060004000000000A8
:1038800000F00240000000000048E80100000000D5
:103890000000000000000000FFFFFFFF0000FF002D
:1038A0000000000000000000FFFFFFFF0200000119
:1038B000010000009D230100FFFF0000CC38010043
:1038C000FFFFFFFF000000000000000000F00240CA
:1038D000D838010001000000E038010003000000BA
:1038E0002F0000042E0000062D00000568300100A6
:1038F000080001001D5301002B5301003F5301003C
:103900004E5301005A530100CC2F0100CC2F01006F
:10391000043001000C30010054300100543001002B
:10392000FF8FFFFFFF8FFFFFFE8FFFFFFE8FFFFF69
:10393000FD8FFFFFFC8FFFFFFC8FFFFF6D75746530
:10394000785F667265652063616C6C656420776979
:103950007468204E554C4C20706172616D657465C1
:103960007200000043616E277420696E697469619A
:103970006C697A65206D757465782C207761732089
:103980004E554C4C0D0A0000436F756C64206E6FF1
:1039900074206C6F636B20706F7765722073617633
:1039A00065206D75746578000000F0FFF0FFF0FF92
:1039B000EAFF74FFF0FFF0FFF0FFF0FFEAFF506F47
:1039C00072742025642C2050656E64696E67202512
:1039D000642C205253534920256464422C20534EBA
:1039E0005220256464426D2C2054696D6520256445
:1039F000005061796C6F61643A20004E6577204415
:103A0000617461726174653A2044525F25642C20B0
:103A10004D6178205061796C6F61642025640025C8
:103A2000733A20646576696365206E6F74207265F1
:103A30006164792E0025733A206465766963652098
:103A400072656164792E006C6F726177616E5F736D
:103A500074617274206661696C65643A2025640043
:103A60004A6F696E696E67206E6574776F726B203E
:103A70007573696E67204F5441412C206465764E02
:103A80006F6E63653A2025643B20617474656D70C8
:103A9000743A2025640054696D65642D6F75742037
:103AA00077616974696E6720666F722072657370E2
:103AB0006F6E73652E004A6F696E20737563636560
:103AC000737366756C2E004E56533A204661696CCE
:103AD000656420746F20777269746520696420259D
:103AE0006420282564290053656E64696E6720642C
:103AF0006174612E2E2E006C6F726177616E5F7340
:103B0000656E64206661696C65643A2025642E20C8
:103B1000436F6E74696E75696E672E2E2E006C6F22
:103B2000726177616E5F73656E64206661696C6552
:103B3000643A20256400446174612073656E7421C9
:103B4000002BFC1FCE718E9FC400CA83AF8FB6DAE4
:103B5000C7320023C566FFB5A40A7FEADF0B8C9746
:103B60002B845C006D61696E00466C617368206433
:103B70006576696365202573206973206E6F7420F4
:103B800072656164790A00556E61626C6520746FBC
:103B900020676574207061676520696E666F2C20F0
:103BA00072633D25640A00466C61736820496E6942
:103BB00074206661696C65642C2072633D25640A1B
:103BC000000A4E56532049443A2025642028257384
:103BD00029002564200A0020253032582000206E5C
:103BE0006F7420466F756E64206F6E204E565300C2
:103BF000496E697469616C697A656420746F202507
:103C0000752E004661696C656420746F2067656E6F
:103C100065726174652072616E646F6D206B657989
:103C2000206F662073697A652025640A0046616901
:103C30006C656420746F2067656E657261746520C1
:103C400072616E646F6D206B657920666F722049BA
:103C500044202564004661696C656420746F207798
:103C600072697465206B657920746F204E565320FD
:103C7000666F722049442025643A20256400476518
:103C80006E65726174656420616E642073746F7216
:103C900065642025733A20004465764E6F6E636537
:103CA00000446576455549004A6F696E455549009F
:103CB0004170704B65790000070E091C1B12153806
:103CC0003F363124232A2D63627072696E74665FF9
:103CD0007061636B616765004661696C656420743F
:103CE0006F207265626F6F743A207370696E6E69CF
:103CF0006E6720656E646C6573736C792E2E2E0A68
:103D00000025733A2045726173696E6720666C61A5
:103D1000736820617420256C782C206C656E2025DA
:103D2000640025733A205265636F766572696E6729
:103D3000206C617374206174652066726F6D2073EE
:103D40006563746F722025640025733A20416464B2
:103D5000696E6720676320646F6E652061746520FB
:103D600061742025780025733A204D6F76696E675F
:103D70002025642C206C656E202564004E5653204F
:103D80006E6F7420696E697469616C697A6564002C
:103D9000436F756C64206E6F74206F627461696E1E
:103DA00020666C61736820706172616D6574657204
:103DB0007300556E737570706F72746564207772DE
:103DC00069746520626C6F636B2073697A65005556
:103DD0006E61626C6520746F206765742070616726
:103DE0006520696E666F00496E76616C6964207348
:103DF0006563746F722073697A6500436F6E6669DC
:103E00006775726174696F6E206572726F72202DB2
:103E100020736563746F7220636F756E7400256420
:103E200020536563746F7273206F6620256420626F
:103E30007974657300616C6C6F63207772613A20EE
:103E400025642C2025780064617461207772613AC2
:103E50002025642C202578004E6F20474320446F96
:103E60006E65206D61726B657220666F756E643A67
:103E70002072657374617274696E672067630047AE
:103E80004320446F6E65206D61726B657220666FB2
:103E9000756E64006E76735F6164645F67635F6410
:103EA0006F6E655F617465006E76735F6763006E49
:103EB00076735F7265636F7665725F6C6173745F52
:103EC000617465006E76735F666C6173685F6572BE
:103ED0006173655F736563746F720066735F6E769E
:103EE00073006C6F67006C6F675F6D676D74004D7A
:103EF0006573736167652064726F707065642062BA
:103F000065636175736520697420657863656564B0
:103F1000732073697A65206C696D69746174696F67
:103F20006E2028257529000D0A001B5B306D0025C9
:103F30007320005B2530386C755D20005B253032C6
:103F4000753A253032753A253032752E2530337565
:103F50002C253033755D200025732F003C25733EE2
:103F60002000253032782000202020007C002563AE
:103F7000001B5B313B33316D001B5B313B33336DD9
:103F8000006572720077726E00696E660064626727
:103F9000006C6F675F6261636B656E645F727474FF
:103FA00000666C617368002A2A2A20426F6F746968
:103FB0006E67206E524620436F6E6E6563742053A9
:103FC000444B2076332E302E322D38396261313217
:103FD000393461633962202A2A2A0A002A2A2A20CF
:103FE0005573696E67205A6570687972204F532047
:103FF00076342E302E39392D6637393163343966AF
:1040000034393263202A2A2A0A006D757465785F74
:10401000696E69742063616C6C656420776974688B
:10402000204E554C4C20706172616D657465720054
:10403000436F756C64206E6F7420616C6C6F63618C
:104040007465206D75746578206265666F72652091
:10405000696E697469616C697A696E670072302F84
:1040600061313A2020307825303878202072312F85
:1040700061323A2020307825303878202072322F73
:1040800061333A20203078253038780072332F6140
:10409000343A2020307825303878207231322F6938
:1040A000703A2020307825303878207231342F6CE7
:1040B000723A20203078253038780020787073727A
:1040C0003A2020307825303878004661756C746964
:1040D0006E6720696E737472756374696F6E2061A8
:1040E00064647265737320287231352F7063293AC6
:1040F0002030782530387800556E68616E646C65C4
:1041000064204952516E3A202564002A2A2A2A2A1C
:1041100020425553204641554C54202A2A2A2A2A07
:10412000002020537461636B696E67206572726F43
:1041300072002020556E737461636B696E67206531
:1041400072726F720020205072656369736520641B
:1041500061746120627573206572726F7200202035
:104160004246415220416464726573733A2030784C
:104170002578002020496D7072656369736520643D
:1041800061746120627573206572726F7200202005
:10419000496E737472756374696F6E2062757320F3
:1041A0006572726F72002020466C6F6174696E6771
:1041B0002D706F696E74206C617A792073746174EC
:1041C0006520707265736572766174696F6E2065C3
:1041D00072726F72002A2A2A2A2A205553414745B3
:1041E000204641554C54202A2A2A2A2A00202044BD
:1041F00069766973696F6E206279207A65726F00E3
:104200002020556E616C69676E6564206D656D6F09
:104210007279206163636573730020204E6F2063A1
:104220006F70726F636573736F7220696E737472EF
:10423000756374696F6E73002020496C6C656761EB
:104240006C206C6F6164206F66204558435F524557
:104250005455524E20696E746F20504300202049FF
:104260006C6C6567616C20757365206F662074687F
:10427000652045505352002020417474656D707460
:1042800020746F206578656375746520756E64654C
:1042900066696E656420696E737472756374696FA4
:1042A0006E002A2A2A2A2A204D5055204641554C74
:1042B00054202A2A2A2A2A002020537461636B6919
:1042C0006E67206572726F722028636F6E746578F6
:1042D000742061726561206D696768742062652071
:1042E0006E6F742076616C696429002020446174CB
:1042F00061204163636573732056696F6C617469F3
:104300006F6E0020204D4D4641522041646472651D
:1043100073733A2030782578002020496E737472C8
:10432000756374696F6E20416363657373205669AA
:104330006F6C6174696F6E00526573657276656447
:1043400020457863657074696F6E2028005370751E
:1043500072696F757320696E7465727275707420FE
:10436000284952512000535053454C20696E207407
:104370006872656164206D6F646520646F65732089
:104380006E6F7420696E6469636174652050535068
:10439000002A2A2A2A2A2048415244204641554CC4
:1043A00054202A2A2A2A2A00202042757320666176
:1043B000756C74206F6E20766563746F7220746103
:1043C000626C6520726561640020204465627567D7
:1043D000206576656E740020204661756C742065DA
:1043E0007363616C6174696F6E2028736565206208
:1043F000656C6F772900415243485F4558434550EB
:1044000054207769746820726561736F6E20257817
:104410000A002A2A2A2A2A204465627567206D6FBD
:104420006E69746F7220657863657074696F6E2051
:104430002A2A2A2A2A002A2A2A2A2A2025732025DB
:104440006429202A2A2A2A2A006D7075004661698B
:104450006C656420746F20616C6C6F63617465209F
:104460006E6577204D505520726567696F6E202507
:10447000750A00506172746974696F6E2025753A0F
:104480002073616E69747920636865636B2066616F
:10449000696C65642E00464C4153485F30005352AE
:1044A000414D5F3000000001000000736F63004D5C
:1044B0006C6D65436F6E6669726D206661696C65CF
:1044C00064203A202573004A6F696E6564206E652A
:1044D00074776F726B2120446576416464723A2070
:1044E00025303878004C696E6B20636865636B20FB
:1044F0006E6F7420696D706C656D656E7465642097
:10450000796574210044657654696D655265712042
:10451000646F6E65004461746172617465206368E4
:10452000616E6765643A2044525F2564004D637094
:1045300073496E6469636174696F6E206661696C4A
:104540006564203A202573004D6370735265717560
:10455000657374206661696C6564203A2025730078
:10456000436F756C64206E6F7420676574204E56BF
:104570004D20636F6E74657874004F544141206A1A
:104580006F696E206661696C65643A202573004C22
:104590006F526157414E20517565727920547820D1
:1045A000506F737369626C65204661696C65643A2B
:1045B000202573004C6F526157414E2053656E6445
:1045C000206661696C65643A202573004C6F526106
:1045D0004D6163496E697469616C697A6174696F70
:1045E0006E206661696C65643A20257300466169D6
:1045F0006C656420746F20737461727420746865D4
:10460000204C6F52614D414320737461636B3A20BB
:104610002573006C6F726177616E00556E6B6E6F03
:10462000776E207374617475732100556E6B6E6FB5
:10463000776E206576656E7421004F4B004572726F
:104640006F720054782074696D656F7574005278CC
:1046500020312074696D656F7574005278203220A6
:1046600074696D656F757400527831206572726F70
:104670007200527832206572726F72004A6F696EF2
:10468000206661696C656400446F776E6C696E6B5F
:10469000207265706561746564005478204452200E
:1046A0007061796C6F61642073697A6520657272DC
:1046B0006F720041646472657373206661696C0097
:1046C0004D4943206661696C004D756C7469636186
:1046D0007374206661696C00426561636F6E206C63
:1046E0006F636B656400426561636F6E206C6F730E
:1046F0007400426561636F6E206E6F7420666F7523
:104700006E64004275737900536572766963652043
:10471000756E6B6E6F776E00506172616D6574655A
:104720007220696E76616C696400467265717565A8
:104730006E637920696E76616C69640044617461AE
:104740007261746520696E76616C69640046726599
:104750007175656E6379206F722064617461726136
:10476000746520696E76616C6964004E6F206E65B9
:1047700074776F726B206A6F696E6564004C656E4A
:10478000677468206572726F7200526567696F6E38
:10479000206E6F7420737570706F7274656400534F
:1047A0006B697070656420415050206461746100D1
:1047B000447574792D6379636C65207265737472C6
:1047C0006963746564004E6F206368616E6E656C2A
:1047D00020666F756E64004E6F206672656520639B
:1047E00068616E6E656C20666F756E6400427573ED
:1047F0007920626561636F6E20726573657276659C
:10480000642074696D6500427573792070696E6704
:104810002D736C6F742077696E646F772074696D87
:104820006500427573792075706C696E6B20636FDB
:104830006C6C6973696F6E0043727970746F206578
:1048400072726F720046436E742068616E646C65AC
:1048500072206572726F72004D414320636F6D6DFF
:10486000616E64206572726F7200436C6173734293
:10487000206572726F7200436F6E6669726D20718F
:1048800075657565206572726F72004D756C74691F
:10489000636173742067726F757020756E646566EE
:1048A000696E656400556E6B6E6F776E206572720F
:1048B0006F72004750494F20646576696365206ECA
:1048C0006F742072656164792025730043616E6E98
:1048D0006F7420636F6E66696775726520677069B3
:1048E0006F2025732025643A202564005061636B96
:1048F0006574207472616E736D697373696F6E2075
:104900006661696C6564210052656365697665203E
:1049100074696D656F7574005265636569766520AD
:104920006572726F72007378313278785F636F6D81
:104930006D6F6E0044494F3120696E7465727275F7
:10494000707420776974686F75742076616C69641F
:104950002048414C204952512063616C6C62616374
:104960006B2E0056617269616E7420696E6974699C
:10497000616C697A6174696F6E206661696C6564E7
:104980000053504920646576696365206E6F74201A
:104990007265616479004661696C656420746F209A
:1049A000696E697469616C697A652053583132782F
:1049B0007820636F6D6D6F6E005350492074726183
:1049C0006E73616374696F6E206661696C65643AC9
:1049D000202569005358313236320073783132362F
:1049E00078004750494F20636F6E66696775726142
:1049F00074696F6E206661696C65642E00436F7523
:104A00006C64206E6F7420736574204750494F208A
:104A100063616C6C6261636B20666F722044494F06
:104A20003120696E746572727570742E0002010017
:104A300003040506A584998D0DBDB1545003A97DCD
:104A40001962E69A459D408715EBC90BEC67FDEAB4
:104A5000BFF7965BC21CAE6A5A41024F5CF4340841
:104A60009373533F0C52655E28A10FB509369B3DE9
:104A70002669CD9F1B9E742E2DB2EEFBF64D61CEA6
:104A80007B3E7197F568002C601FC8EDBE46D94B80
:104A9000DED4E84A6B2AE516C5D75594CF100681B7
:104AA000F044BAE3F3FEC08AADBC4804DFC17563CD
:104AB000301A0E6D4C14352FE1A2CC3957F28247D3
:104AC000ACE72B95A098D17F667EAB83CA29D33CF7
:104AD00079E21D763B564E1EDB0A6CE45D6EEFA656
:104AE000A8A4378B324359B78C64D2E0B4FA0725B7
:104AF000AF8EE918D5886F7224F1C751237C9C21B1
:104B0000DDDC86859042C4AAD8050112A35FF9D0E6
:104B1000915827B93813B333BB7089A7B6229220B6
:104B200049FF787A8FF88017DA31C6B8C3B07711A9
:104B3000CBFCD63AC6F8EEF6FFD6DE916002CE5632
:104B4000E7B54DEC8F1F89FAEFB28EFB41B35F459D
:104B50002353E49B75E13D4C6C7EF5836851D1F99C
:104B6000E2AB622A0895469D30370A2F0E241BDFE0
:104B7000CD4E7FEA121D583436DCB45BA476B77D87
:104B800052DD5E13A6B900C140E379B6D48D6772D9
:104B90009498B085BBC54FED869A66118AE904FEEC
:104BA000A078254BA25D80053F2170F16377AF426D
:104BB00020E5FDBF811826C3BE35882E9355FC7AAB
:104BC000C8BA32E6C0199EA344543B0B8CC76B286D
:104BD000A7BC16ADDB647414920C48B89FBD43C4E7
:104BE0003931D3F2D58B6EDA01B19C49D8ACF3CF11
:104BF000CAF447106FF04A5C38577397CBA1E83E70
:104C000096610D0FE07C71CC9006F71CC26AAE690C
:104C100017993A27D9EB2B22D2A907332D3C15C976
:104C200087AA50A50359091A65D784D082295A1E2C
:104C30007BA86D2C637C777BF26B6FC53001672B93
:104C4000FED7AB76CA82C97DFA5947F0ADD4A2AF80
:104C50009CA472C0B7FD9326363FF7CC34A5E5F18E
:104C600071D8311504C723C31896059A071280E23C
:104C7000EB27B27509832C1A1B6E5AA0523BD6B390
:104C800029E32F8453D100ED20FCB15B6ACBBE3900
:104C90004A4C58CFD0EFAAFB434D338545F9027FEC
:104CA000503C9FA851A3408F929D38F5BCB6DA21A5
:104CB00010FFF3D2CD0C13EC5F974417C4A77E3DD1
:104CC000645D197360814FDC222A908846EEB81427
:104CD000DE5E0BDBE0323A0A4906245CC2D3AC62EA
:104CE0009195E479E7C8376D8DD54EA96C56F4EAF5
:104CF000657AAE08BA78252E1CA6B4C6E8DD741F06
:104D00004BBD8B8A703EB5664803F60E613557B9C8
:104D100086C11D9EE1F8981169D98E949B1E87E982
:104D2000CE5528DF8CA1890DBFE6426841992D0F31
:104D3000B054BB162B7E151628AED2A6ABF715883D
:104D400009CF4F3C012B7E151628AED2A6ABF71526
:104D50008809CF4F3C0200042B7E151628AED2A640
:104D6000ABF7158809CF4F3C052B7E151628AED220
:104D7000A6ABF7158809CF4F3C062B7E151628AE3B
:104D8000D2A6ABF7158809CF4F3C072B7E15162806
:104D9000AED2A6ABF7158809CF4F3C0800080A0C25
:104DA0000D0E10121415181A1B1D1E2124020305C6
:104DB00002050106020205020206030201050404BF
:104DC000000000000000000000000000020B357D24
:104DD000F2F20000003581F2F2F2F200000A090856
:104DE000080B0A09080C0B0A090D0C0B0A0D0D0C17
:104DF0000B0A090807080000000C0B0A0908070045
:104E000000636C6F636B40343030303030303000D2
:104E10006866636C6B006C66636C6B00636C6F63DD
:104E20006B5F636F6E74726F6C0063696E73747224
:104E30002025303278207472616E7366657220743A
:104E40006F6F206C6F6E673A20257A7500736574FA
:104E500000636C656172004A4544454320696420E3
:104E60005B25303278202530327820253032785D4D
:104E700020657870656374205B253032782025309A
:104E8000327820253032785D0052445352206661DA
:104E9000696C65643A2025640051452025732066BD
:104EA00061696C65643A20256400777269746520D5
:104EB0006572726F723A2061646472657373206FF9
:104EC000722073697A65206578636565647320650F
:104ED000787065637465642076616C7565732E41C6
:104EE0006464723A203078256C782073697A652082
:104EF000257A750072656164206572726F723A205E
:104F000061646472657373206F722073697A6520BF
:104F1000657863656564732065787065637465643E
:104F20002076616C7565732E416464723A20307826
:104F3000256C782073697A6520257A750065726121
:104F40007365206572726F723A2061646472657372
:104F500073206F722073697A652065786365656474
:104F6000732065787065637465642076616C75651F
:104F7000732E416464723A203078256C782073690E
:104F80007A6520257A7500756E737570706F72740E
:104F90006564206174203078256C782073697A65A7
:104FA00020257A750077616974206572726F7220AE
:104FB0006174203078256C782073697A6520257AB1
:104FC00075006572617365206572726F722061741D
:104FD000203078256C782073697A6520257A7500F1
:104FE0006D78323572363433356640300071737007
:104FF000695F6E6F7200696E76616C6964206164CE
:1050000064726573733A2030782530386C783A25AD
:105010007A7500756E616C69676E656420616464A1
:10502000726573733A2030782530386C783A257A77
:1050300075006E6F7420776F72642D616C69676E96
:1050400065643A2030782530386C783A257A7500D6
:10505000666C6173682D636F6E74726F6C6C6572D1
:1050600040343030316530303000666C6173685FD9
:105070006E7266006770696F4035303030303330A3
:1050800030006770696F403530303030303030007C
:1050900000010203040506074661696C656420741B
:1050A0006F20616C6C6F63617465204750494F5489
:1050B00045206368616E6E656C20666F7220574193
:1050C0004B45004661696C656420746F20636F6EA8
:1050D0006669677572652057414B452070696E009F
:1050E0004353204750494F20706F7274202573201E
:1050F00070696E202564206973206E6F742072655C
:1051000061647900557064617465206578636565D4
:1051100064732063757272656E742062756666656D
:10512000720048616C662D6475706C6578206E6FD6
:105130007420737570706F7274656400536C61765F
:1051400065206D6F6465206973206E6F74207375C0
:1051500070706F72746564206F6E202573004C6FE1
:105160006F706261636B206D6F6465206973206E80
:105170006F7420737570706F7274656400576F720E
:10518000642073697A6573206F746865722074682F
:10519000616E2038206269747320617265206E6FC1
:1051A0007420737570706F727465640046726571F7
:1051B00075656E63696573206C6F776572207468BE
:1051C000616E20313235206B487A20617265206E25
:1051D0006F7420737570706F7274656400466169D6
:1051E0006C656420746F20696E697469616C697A9A
:1051F00065206E726678206472697665723A202541
:105200003038780057616974696E6720666F722064
:1052100057414B452061636B6E6F776C6564676DBA
:10522000656E742074696D6564206F7574005469CF
:105230006D656F75742077616974696E6720666F3C
:1052400072207472616E7366657220636F6D706C2C
:1052500065746500737069403430303266303030C8
:10526000007370695F6E7266785F7370696D0000BD
:10527000000000000101000000000000203030307C
:10528000303030303030303030303000010100000C
:105290000000005465726D696E616C0000000000D2
:1052A0000000545452205245474745530048616C12
:1052B00074696E672073797374656D003E3E3E209D
:1052C0005A455048595220464154414C204552526B
:1052D0004F522025643A202573206F6E204350558D
:1052E000202564004661756C7420647572696E6770
:1052F00020696E746572727570742068616E646C7A
:10530000696E670A0043757272656E742074687204
:105310006561643A20257020282573290043505583
:1053200020657863657074696F6E00556E68616E94
:10533000646C656420696E74657272757074005374
:105340007461636B206F766572666C6F77004B6576
:10535000726E656C206F6F7073004B65726E656C5A
:105360002070616E6963006F7300737973776F7279
:105370006B7100286E756C6C29002A666C6F617405
:045380002A000000FF
:10538C0015CD5B07000000000200000008000000C3
:10539C000800000010000000983C0100A13C010036
:1053AC00A83C0100B03C0100D70001006C070020B4
:1053BC003A000000800700203A000000300700206F
:1053CC003A000000940700203A00000000000000A2
:1053DC009D0301000000000000000000010000001F
:1053EC002005002020050020010000000100000025
:1053FC00300500203005002038050020380500203D
:10540C0000000000010000004805002048050020B5
:10541C000000000000000000000000000000000080
:10542C00EC38010001000000680500206805002030
:10543C000000000001000000780500207805002025
:10544C008005002080050020000000000100000005
:10545C0090050020900500200000000000000000D6
:10546C000000000000000000000000000000000030
:10547C00000000000000000000000000B830010037
:10548C0000000000000000002F2500202725002030
:10549C000000000000000000000000000000000000
:1054AC0000000000000000000000000000000000F0
:1054BC0000000000000000000000000000000000E0
:1054CC0000000000000000000000000000000000D0
:1054DC0000000000000000000000000000000000C0
:1054EC0000000000000000000000000000000000B0
:1054FC0000000000000000000000000000000000A0
:10550C0008000000FF000000000000000300000085
:10551C000000000054060020540600205C06002009
:10552C005C060020000000004DF10000A8060020E1
:10553C00A006002098060020000000009006002025
:10554C0069F20000B5F10000E9F1000031F2000051
:10555C00402200203A00003A442200203A00003A4F
:10556C00482200203A00003A4C2200203A00003A2F
:10557C00B80600207C06002074060020700600206F
:10558C006C06002068656C6C6F776F726C6408FF3A
:10559C00008182800184858302878886038A8B89B7
:1055AC000407058D00000000000000000000000052
:0255BC000000ED
:1055C0000000000000000000000000008DEE000060
:1055D0000000000000000000000000001007002094
:1055E00010070020793900000000000000000000D2
:1055F0000000000000000000000000003007002054
:105600003007002000000000000000000E00000035
:1056100044070020440700200000000000000000B4
:105620000E0000005807002058070020000000006E
:10563000000000000E0000006C0700206C07002036
:1056400000000000000000000E00000080070020A5
:105650008007002000000000000000000E00000095
:1056600094070020940700200000000000000000C4
:105670000E000000A8070020A8070020000000007E
:1056800001000000B8070020B8070020C007002074
:10569000C00700200000000001000000D00700202B
:0856A000D007002015E015E021
:00000001FF
