payloadData,dev_eui,ts,frame
ac8jCRIAAAKzAAA=,464c58212beca0c9,2026-04-03T02:16:38.000Z,"{""MessageId"":""0167e782-7a86-4971-abb5-ea50d221e26a"",""WirelessDeviceId"":""39886500-d9c4-4adb-86e0-79dd1d3211bf"",""PayloadData"":""ac8jCRIAAAKzAAA="",""WirelessMetadata"":{""LoRaWAN"":{""ADR"":true,""Bandwidth"":125,""ClassB"":false,""CodeRate"":""4/5"",""DataRate"":""0"",""DevAddr"":""00b3db96"",""DevEui"":""464c58212beca0c9"",""FCnt"":1,""FOptLen"":0,""FPort"":20,""Frequency"":""903900000"",""Gateways"":[{""GatewayEui"":""000ce3fffe7640df"",""Rssi"":-50,""Snr"":12.5},{""GatewayEui"":""ac1f09fffe1f4c5b"",""Rssi"":-98,""Snr"":9.5},{""GatewayEui"":""000ce3fffe764142"",""Rssi"":-102,""Snr"":10.25},{""GatewayEui"":""000ce3fffe76411e"",""Rssi"":-108,""Snr"":4.75},{""GatewayEui"":""000ce3fffe7640ca"",""Rssi"":-111,""Snr"":1.75}],""MIC"":""63f461df"",""MType"":""UnconfirmedDataUp"",""Major"":""LoRaWANR1"",""Modulation"":""LORA"",""PolarizationInversion"":false,""SpreadingFactor"":10,""Timestamp"":""2026-04-03T02:16:38Z""}}}"
ac8jCRICAAAZAAA=,464c58212beca0c9,2026-04-03T02:16:46.000Z,"{""MessageId"":""b9deeb21-5ac9-4192-a84b-4a60f23c44eb"",""WirelessDeviceId"":""39886500-d9c4-4adb-86e0-79dd1d3211bf"",""PayloadData"":""ac8jCRICAAAZAAA="",""WirelessMetadata"":{""LoRaWAN"":{""ADR"":true,""Bandwidth"":125,""ClassB"":false,""CodeRate"":""4/5"",""DataRate"":""3"",""DevAddr"":""00b3db96"",""DevEui"":""464c58212beca0c9"",""FCnt"":3,""FOptLen"":1,""FPort"":20,""Frequency"":""904500000"",""Gateways"":[{""GatewayEui"":""000ce3fffe7640df"",""Rssi"":-54,""Snr"":14},{""GatewayEui"":""ac1f09fffe1f4c5b"",""Rssi"":-106,""Snr"":8.5},{""GatewayEui"":""000ce3fffe764142"",""Rssi"":-112,""Snr"":0.75},{""GatewayEui"":""000ce3fffe76411e"",""Rssi"":-112,""Snr"":0.5},{""GatewayEui"":""000ce3fffe7640ca"",""Rssi"":-113,""Snr"":-0.5}],""MIC"":""e6ce9018"",""MType"":""UnconfirmedDataUp"",""Major"":""LoRaWANR1"",""Modulation"":""LORA"",""PolarizationInversion"":false,""SpreadingFactor"":7,""Timestamp"":""2026-04-03T02:16:46Z""}}}"
ac8jCRIEAAA/AAA=,464c58212beca0c9,2026-04-03T02:16:56.000Z,"{""MessageId"":""52c81942-c72d-45ec-8b16-21abb40a1884"",""WirelessDeviceId"":""39886500-d9c4-4adb-86e0-79dd1d3211bf"",""PayloadData"":""ac8jCRIEAAA/AAA="",""WirelessMetadata"":{""LoRaWAN"":{""ADR"":true,""Bandwidth"":125,""ClassB"":false,""CodeRate"":""4/5"",""DataRate"":""3"",""DevAddr"":""00b3db96"",""DevEui"":""464c58212beca0c9"",""FCnt"":5,""FOptLen"":0,""FPort"":20,""Frequency"":""905300000"",""Gateways"":[{""GatewayEui"":""000ce3fffe7640df"",""Rssi"":-50,""Snr"":11},{""GatewayEui"":""ac1f09fffe1f4c5b"",""Rssi"":-109,""Snr"":4.75},{""GatewayEui"":""000ce3fffe764142"",""Rssi"":-112,""Snr"":0.5},{""GatewayEui"":""000ce3fffe76411e"",""Rssi"":-113,""Snr"":-1.75}],""MIC"":""33647d06"",""MType"":""UnconfirmedDataUp"",""Major"":""LoRaWANR1"",""Modulation"":""LORA"",""PolarizationInversion"":false,""SpreadingFactor"":7,""Timestamp"":""2026-04-03T02:16:56Z""}}}"
ac8jCRIFAAAhAAA=,464c58212beca0c9,2026-04-03T02:17:01.000Z,"{""MessageId"":""7defcb18-dc77-4505-88ec-c287d8b59a04"",""WirelessDeviceId"":""39886500-d9c4-4adb-86e0-79dd1d3211bf"",""PayloadData"":""ac8jCRIFAAAhAAA="",""WirelessMetadata"":{""LoRaWAN"":{""ADR"":true,""Bandwidth"":125,""ClassB"":false,""CodeRate"":""4/5"",""DataRate"":""3"",""DevAddr"":""00b3db96"",""DevEui"":""464c58212beca0c9"",""FCnt"":6,""FOptLen"":0,""FPort"":20,""Frequency"":""904100000"",""Gateways"":[{""GatewayEui"":""000ce3fffe7640df"",""Rssi"":-56,""Snr"":14},{""GatewayEui"":""ac1f09fffe1f4c5b"",""Rssi"":-104,""Snr"":9},{""GatewayEui"":""000ce3fffe764142"",""Rssi"":-106,""Snr"":7.75},{""GatewayEui"":""000ce3fffe7640ca"",""Rssi"":-114,""Snr"":-1.5},{""GatewayEui"":""000ce3fffe76411e"",""Rssi"":-115,""Snr"":-1.5}],""MIC"":""af42aedb"",""MType"":""UnconfirmedDataUp"",""Major"":""LoRaWANR1"",""Modulation"":""LORA"",""PolarizationInversion"":false,""SpreadingFactor"":7,""Timestamp"":""2026-04-03T02:17:01Z""}}}"
adAf/xANkgAAAAA=,464c58212beca0c9,2026-04-03T20:15:44.000Z,"{""MessageId"":""a221aa2f-a63a-47de-a20b-34aeb13b0c95"",""WirelessDeviceId"":""39886500-d9c4-4adb-86e0-79dd1d3211bf"",""PayloadData"":""adAf/xANkgAAAAA="",""WirelessMetadata"":{""LoRaWAN"":{""ADR"":true,""Bandwidth"":125,""ClassB"":false,""CodeRate"":""4/5"",""DataRate"":""3"",""DevAddr"":""00b3db96"",""DevEui"":""464c58212beca0c9"",""FCnt"":7,""FOptLen"":0,""FPort"":20,""Frequency"":""905100000"",""Gateways"":[{""GatewayEui"":""000ce3fffe7640df"",""Rssi"":-51,""Snr"":13.5},{""GatewayEui"":""000ce3fffe764142"",""Rssi"":-107,""Snr"":3.5},{""GatewayEui"":""ac1f09fffe1f4c5b"",""Rssi"":-112,""Snr"":2.75},{""GatewayEui"":""000ce3fffe76411e"",""Rssi"":-108,""Snr"":2.25},{""GatewayEui"":""000ce3fffe7640ca"",""Rssi"":-113,""Snr"":-1.5}],""MIC"":""0948f6ee"",""MType"":""ConfirmedDataUp"",""Major"":""LoRaWANR1"",""Modulation"":""LORA"",""PolarizationInversion"":false,""SpreadingFactor"":7,""Timestamp"":""2026-04-03T20:15:44Z""}}}"
adAf/xIAAAKzAAA=,464c58212beca0c9,2026-04-03T20:15:48.000Z,"{""MessageId"":""cce1299c-56a1-4a73-8647-4dd9735b261c"",""WirelessDeviceId"":""39886500-d9c4-4adb-86e0-79dd1d3211bf"",""PayloadData"":""adAf/xIAAAKzAAA="",""WirelessMetadata"":{""LoRaWAN"":{""ADR"":true,""Bandwidth"":125,""ClassB"":false,""CodeRate"":""4/5"",""DataRate"":""3"",""DevAddr"":""00b3db96"",""DevEui"":""464c58212beca0c9"",""FCnt"":9,""FOptLen"":0,""FPort"":20,""Frequency"":""904300000"",""Gateways"":[{""GatewayEui"":""000ce3fffe7640df"",""Rssi"":-55,""Snr"":9.5},{""GatewayEui"":""000ce3fffe764142"",""Rssi"":-102,""Snr"":7},{""GatewayEui"":""ac1f09fffe1f4c5b"",""Rssi"":-104,""Snr"":7.5},{""GatewayEui"":""000ce3fffe76411e"",""Rssi"":-114,""Snr"":-1.5},{""GatewayEui"":""000ce3fffe7640ca"",""Rssi"":-115,""Snr"":-1.5}],""MIC"":""feb0de93"",""MType"":""ConfirmedDataUp"",""Major"":""LoRaWANR1"",""Modulation"":""LORA"",""PolarizationInversion"":false,""SpreadingFactor"":7,""Timestamp"":""2026-04-03T20:15:48Z""}}}"
adAf/xIBAABAAAA=,464c58212beca0c9,2026-04-03T20:15:52.000Z,"{""MessageId"":""1a1a0b8b-5ccc-406f-aca5-3d02e22b5141"",""WirelessDeviceId"":""39886500-d9c4-4adb-86e0-79dd1d3211bf"",""PayloadData"":""adAf/xIBAABAAAA="",""WirelessMetadata"":{""LoRaWAN"":{""ADR"":true,""Bandwidth"":125,""ClassB"":false,""CodeRate"":""4/5"",""DataRate"":""3"",""DevAddr"":""00b3db96"",""DevEui"":""464c58212beca0c9"",""FCnt"":11,""FOptLen"":0,""FPort"":20,""Frequency"":""904700000"",""Gateways"":[{""GatewayEui"":""000ce3fffe7640df"",""Rssi"":-53,""Snr"":13.5},{""GatewayEui"":""000ce3fffe764142"",""Rssi"":-97,""Snr"":5.5},{""GatewayEui"":""000ce3fffe76411e"",""Rssi"":-111,""Snr"":2.5},{""GatewayEui"":""ac1f09fffe1f4c5b"",""Rssi"":-114,""Snr"":2.25},{""GatewayEui"":""000ce3fffe7640ca"",""Rssi"":-115,""Snr"":-1.25}],""MIC"":""c6fbd13a"",""MType"":""ConfirmedDataUp"",""Major"":""LoRaWANR1"",""Modulation"":""LORA"",""PolarizationInversion"":false,""SpreadingFactor"":7,""Timestamp"":""2026-04-03T20:15:52Z""}}}"
adAf/xICAAAZAAA=,464c58212beca0c9,2026-04-03T20:15:56.000Z,"{""MessageId"":""85e6e4c6-16e9-43d1-85e8-ed852839f7be"",""WirelessDeviceId"":""39886500-d9c4-4adb-86e0-79dd1d3211bf"",""PayloadData"":""adAf/xICAAAZAAA="",""WirelessMetadata"":{""LoRaWAN"":{""ADR"":true,""Bandwidth"":125,""ClassB"":false,""CodeRate"":""4/5"",""DataRate"":""3"",""DevAddr"":""00b3db96"",""DevEui"":""464c58212beca0c9"",""FCnt"":12,""FOptLen"":0,""FPort"":20,""Frequency"":""904300000"",""Gateways"":[{""GatewayEui"":""000ce3fffe7640df"",""Rssi"":-56,""Snr"":11.75},{""GatewayEui"":""000ce3fffe764142"",""Rssi"":-101,""Snr"":9},{""GatewayEui"":""ac1f09fffe1f4c5b"",""Rssi"":-114,""Snr"":0.75},{""GatewayEui"":""000ce3fffe76411e"",""Rssi"":-114,""Snr"":-0.75},{""GatewayEui"":""000ce3fffe7640ca"",""Rssi"":-116,""Snr"":-3}],""MIC"":""3e744148"",""MType"":""ConfirmedDataUp"",""Major"":""LoRaWANR1"",""Modulation"":""LORA"",""PolarizationInversion"":false,""SpreadingFactor"":7,""Timestamp"":""2026-04-03T20:15:56Z""}}}"
adAf/xIDAAAMAAA=,464c58212beca0c9,2026-04-03T20:16:00.000Z,"{""MessageId"":""cd5b3eec-f99d-4d17-8ebe-be9619b04280"",""WirelessDeviceId"":""39886500-d9c4-4adb-86e0-79dd1d3211bf"",""PayloadData"":""adAf/xIDAAAMAAA="",""WirelessMetadata"":{""LoRaWAN"":{""ADR"":true,""Bandwidth"":125,""ClassB"":false,""CodeRate"":""4/5"",""DataRate"":""3"",""DevAddr"":""00b3db96"",""DevEui"":""464c58212beca0c9"",""FCnt"":13,""FOptLen"":0,""FPort"":20,""Frequency"":""904500000"",""Gateways"":[{""GatewayEui"":""000ce3fffe7640df"",""Rssi"":-54,""Snr"":14.25},{""GatewayEui"":""ac1f09fffe1f4c5b"",""Rssi"":-107,""Snr"":7.25},{""GatewayEui"":""000ce3fffe764142"",""Rssi"":-108,""Snr"":6},{""GatewayEui"":""000ce3fffe76411e"",""Rssi"":-110,""Snr"":2.75}],""MIC"":""090c3028"",""MType"":""ConfirmedDataUp"",""Major"":""LoRaWANR1"",""Modulation"":""LORA"",""PolarizationInversion"":false,""SpreadingFactor"":7,""Timestamp"":""2026-04-03T20:16:00Z""}}}"
adAf/xIEAAA/AAA=,464c58212beca0c9,2026-04-03T20:16:04.000Z,"{""MessageId"":""6f9bc7a6-1448-414a-9d55-cfe3404c5187"",""WirelessDeviceId"":""39886500-d9c4-4adb-86e0-79dd1d3211bf"",""PayloadData"":""adAf/xIEAAA/AAA="",""WirelessMetadata"":{""LoRaWAN"":{""ADR"":true,""Bandwidth"":125,""ClassB"":false,""CodeRate"":""4/5"",""DataRate"":""3"",""DevAddr"":""00b3db96"",""DevEui"":""464c58212beca0c9"",""FCnt"":14,""FOptLen"":0,""FPort"":20,""Frequency"":""904100000"",""Gateways"":[{""GatewayEui"":""000ce3fffe7640df"",""Rssi"":-57,""Snr"":14},{""GatewayEui"":""000ce3fffe764142"",""Rssi"":-100,""Snr"":10.75},{""GatewayEui"":""ac1f09fffe1f4c5b"",""Rssi"":-109,""Snr"":6.25},{""GatewayEui"":""000ce3fffe76411e"",""Rssi"":-110,""Snr"":3},{""GatewayEui"":""000ce3fffe7640ca"",""Rssi"":-117,""Snr"":-3.25}],""MIC"":""3345eb14"",""MType"":""ConfirmedDataUp"",""Major"":""LoRaWANR1"",""Modulation"":""LORA"",""PolarizationInversion"":false,""SpreadingFactor"":7,""Timestamp"":""2026-04-03T20:16:04Z""}}}"
adAf/xIFAAAhAAA=,464c58212beca0c9,2026-04-03T20:16:08.000Z,"{""MessageId"":""8006d363-51cb-4939-8e98-bf4af12fdb83"",""WirelessDeviceId"":""39886500-d9c4-4adb-86e0-79dd1d3211bf"",""PayloadData"":""adAf/xIFAAAhAAA="",""WirelessMetadata"":{""LoRaWAN"":{""ADR"":true,""Bandwidth"":125,""ClassB"":false,""CodeRate"":""4/5"",""DataRate"":""3"",""DevAddr"":""00b3db96"",""DevEui"":""464c58212beca0c9"",""FCnt"":15,""FOptLen"":0,""FPort"":20,""Frequency"":""905300000"",""Gateways"":[{""GatewayEui"":""000ce3fffe7640df"",""Rssi"":-50,""Snr"":10.75},{""GatewayEui"":""000ce3fffe764142"",""Rssi"":-104,""Snr"":7.5},{""GatewayEui"":""ac1f09fffe1f4c5b"",""Rssi"":-111,""Snr"":1.75},{""GatewayEui"":""000ce3fffe7640ca"",""Rssi"":-116,""Snr"":-4}],""MIC"":""c015d4a5"",""MType"":""ConfirmedDataUp"",""Major"":""LoRaWANR1"",""Modulation"":""LORA"",""PolarizationInversion"":false,""SpreadingFactor"":7,""Timestamp"":""2026-04-03T20:16:08Z""}}}"
adAgBBANiwAAAAA=,464c58212beca0c9,2026-04-03T20:16:12.000Z,"{""MessageId"":""e52b0f9d-6489-4152-95a0-189155340cc4"",""WirelessDeviceId"":""39886500-d9c4-4adb-86e0-79dd1d3211bf"",""PayloadData"":""adAgBBANiwAAAAA="",""WirelessMetadata"":{""LoRaWAN"":{""ADR"":true,""Bandwidth"":125,""ClassB"":false,""CodeRate"":""4/5"",""DataRate"":""3"",""DevAddr"":""00b3db96"",""DevEui"":""464c58212beca0c9"",""FCnt"":17,""FOptLen"":0,""FPort"":20,""Frequency"":""903900000"",""Gateways"":[{""GatewayEui"":""000ce3fffe764142"",""Rssi"":-103,""Snr"":10},{""GatewayEui"":""ac1f09fffe1f4c5b"",""Rssi"":-108,""Snr"":7.75},{""GatewayEui"":""000ce3fffe7640ca"",""Rssi"":-116,""Snr"":-1.75}],""MIC"":""a039fecd"",""MType"":""ConfirmedDataUp"",""Major"":""LoRaWANR1"",""Modulation"":""LORA"",""PolarizationInversion"":false,""SpreadingFactor"":7,""Timestamp"":""2026-04-03T20:16:12Z""}}}"
adAgBBIAAAKzAAA=,464c58212beca0c9,2026-04-03T20:16:19.000Z,"{""MessageId"":""11f93431-610c-40c2-ba47-dfe50276ab14"",""WirelessDeviceId"":""39886500-d9c4-4adb-86e0-79dd1d3211bf"",""PayloadData"":""adAgBBIAAAKzAAA="",""WirelessMetadata"":{""LoRaWAN"":{""ADR"":true,""Bandwidth"":125,""ClassB"":false,""CodeRate"":""4/5"",""DataRate"":""3"",""DevAddr"":""00b3db96"",""DevEui"":""464c58212beca0c9"",""FCnt"":19,""FOptLen"":0,""FPort"":20,""Frequency"":""904700000"",""Gateways"":[{""GatewayEui"":""000ce3fffe7640df"",""Rssi"":-53,""Snr"":14.25},{""GatewayEui"":""000ce3fffe76411e"",""Rssi"":-114,""Snr"":0},{""GatewayEui"":""000ce3fffe764142"",""Rssi"":-115,""Snr"":-1}],""MIC"":""ab8b16ad"",""MType"":""ConfirmedDataUp"",""Major"":""LoRaWANR1"",""Modulation"":""LORA"",""PolarizationInversion"":false,""SpreadingFactor"":7,""Timestamp"":""2026-04-03T20:16:19Z""}}}"
adAgBBIBAABAAAA=,464c58212beca0c9,2026-04-03T20:16:23.000Z,"{""MessageId"":""05a3224f-0843-4106-bf00-f2615aec4b39"",""WirelessDeviceId"":""39886500-d9c4-4adb-86e0-79dd1d3211bf"",""PayloadData"":""adAgBBIBAABAAAA="",""WirelessMetadata"":{""LoRaWAN"":{""ADR"":true,""Bandwidth"":125,""ClassB"":false,""CodeRate"":""4/5"",""DataRate"":""3"",""DevAddr"":""00b3db96"",""DevEui"":""464c58212beca0c9"",""FCnt"":20,""FOptLen"":0,""FPort"":20,""Frequency"":""904700000"",""Gateways"":[{""GatewayEui"":""000ce3fffe7640df"",""Rssi"":-55,""Snr"":13.75},{""GatewayEui"":""000ce3fffe764142"",""Rssi"":-111,""Snr"":3.25}],""MIC"":""9473195d"",""MType"":""ConfirmedDataUp"",""Major"":""LoRaWANR1"",""Modulation"":""LORA"",""PolarizationInversion"":false,""SpreadingFactor"":7,""Timestamp"":""2026-04-03T20:16:23Z""}}}"
adAgBBICAAAZAAA=,464c58212beca0c9,2026-04-03T20:16:27.000Z,"{""MessageId"":""c4f3ab2b-ba41-447d-a1db-25279af10c3b"",""WirelessDeviceId"":""39886500-d9c4-4adb-86e0-79dd1d3211bf"",""PayloadData"":""adAgBBICAAAZAAA="",""WirelessMetadata"":{""LoRaWAN"":{""ADR"":true,""Bandwidth"":125,""ClassB"":false,""CodeRate"":""4/5"",""DataRate"":""3"",""DevAddr"":""00b3db96"",""DevEui"":""464c58212beca0c9"",""FCnt"":21,""FOptLen"":0,""FPort"":20,""Frequency"":""904500000"",""Gateways"":[{""GatewayEui"":""000ce3fffe764142"",""Rssi"":-106,""Snr"":7.25},{""GatewayEui"":""ac1f09fffe1f4c5b"",""Rssi"":-112,""Snr"":2.75},{""GatewayEui"":""000ce3fffe7640ca"",""Rssi"":-116,""Snr"":-3.5},{""GatewayEui"":""000ce3fffe76411e"",""Rssi"":-117,""Snr"":-3.75}],""MIC"":""9b559801"",""MType"":""ConfirmedDataUp"",""Major"":""LoRaWANR1"",""Modulation"":""LORA"",""PolarizationInversion"":false,""SpreadingFactor"":7,""Timestamp"":""2026-04-03T20:16:27Z""}}}"
adAgBBIDAAAMAAA=,464c58212beca0c9,2026-04-03T20:16:31.000Z,"{""MessageId"":""6b8ea0b2-f6dc-4a67-9579-d0264447242e"",""WirelessDeviceId"":""39886500-d9c4-4adb-86e0-79dd1d3211bf"",""PayloadData"":""adAgBBIDAAAMAAA="",""WirelessMetadata"":{""LoRaWAN"":{""ADR"":true,""Bandwidth"":125,""ClassB"":false,""CodeRate"":""4/5"",""DataRate"":""3"",""DevAddr"":""00b3db96"",""DevEui"":""464c58212beca0c9"",""FCnt"":22,""FOptLen"":0,""FPort"":20,""Frequency"":""905300000"",""Gateways"":[{""GatewayEui"":""000ce3fffe7640df"",""Rssi"":-52,""Snr"":10.75},{""GatewayEui"":""000ce3fffe764142"",""Rssi"":-102,""Snr"":7.5},{""GatewayEui"":""ac1f09fffe1f4c5b"",""Rssi"":-108,""Snr"":2.5},{""GatewayEui"":""000ce3fffe7640ca"",""Rssi"":-119,""Snr"":-7.25}],""MIC"":""db802cc7"",""MType"":""ConfirmedDataUp"",""Major"":""LoRaWANR1"",""Modulation"":""LORA"",""PolarizationInversion"":false,""SpreadingFactor"":7,""Timestamp"":""2026-04-03T20:16:31Z""}}}"
adAgBBIEAAA/AAA=,464c58212beca0c9,2026-04-03T20:16:35.000Z,"{""MessageId"":""13c400ee-aaa5-409e-942d-7decded35534"",""WirelessDeviceId"":""39886500-d9c4-4adb-86e0-79dd1d3211bf"",""PayloadData"":""adAgBBIEAAA/AAA="",""WirelessMetadata"":{""LoRaWAN"":{""ADR"":true,""Bandwidth"":125,""ClassB"":false,""CodeRate"":""4/5"",""DataRate"":""3"",""DevAddr"":""00b3db96"",""DevEui"":""464c58212beca0c9"",""FCnt"":23,""FOptLen"":0,""FPort"":20,""Frequency"":""905100000"",""Gateways"":[{""GatewayEui"":""000ce3fffe7640df"",""Rssi"":-50,""Snr"":13.75},{""GatewayEui"":""000ce3fffe76411e"",""Rssi"":-109,""Snr"":2.25},{""GatewayEui"":""000ce3fffe764142"",""Rssi"":-106,""Snr"":1.25},{""GatewayEui"":""000ce3fffe7640ca"",""Rssi"":-115,""Snr"":-3.25}],""MIC"":""387676e0"",""MType"":""ConfirmedDataUp"",""Major"":""LoRaWANR1"",""Modulation"":""LORA"",""PolarizationInversion"":false,""SpreadingFactor"":7,""Timestamp"":""2026-04-03T20:16:35Z""}}}"
adAgBBIFAAAhAAA=,464c58212beca0c9,2026-04-03T20:16:39.000Z,"{""MessageId"":""60dd59d1-7711-461e-976e-61aa07bdea7e"",""WirelessDeviceId"":""39886500-d9c4-4adb-86e0-79dd1d3211bf"",""PayloadData"":""adAgBBIFAAAhAAA="",""WirelessMetadata"":{""LoRaWAN"":{""ADR"":true,""Bandwidth"":125,""ClassB"":false,""CodeRate"":""4/5"",""DataRate"":""3"",""DevAddr"":""00b3db96"",""DevEui"":""464c58212beca0c9"",""FCnt"":24,""FOptLen"":0,""FPort"":20,""Frequency"":""904900000"",""Gateways"":[{""GatewayEui"":""000ce3fffe7640df"",""Rssi"":-52,""Snr"":14.75},{""GatewayEui"":""000ce3fffe764142"",""Rssi"":-109,""Snr"":5},{""GatewayEui"":""000ce3fffe76411e"",""Rssi"":-109,""Snr"":2.75},{""GatewayEui"":""000ce3fffe7640ca"",""Rssi"":-116,""Snr"":-3.25}],""MIC"":""c1a21988"",""MType"":""ConfirmedDataUp"",""Major"":""LoRaWANR1"",""Modulation"":""LORA"",""PolarizationInversion"":false,""SpreadingFactor"":7,""Timestamp"":""2026-04-03T20:16:39Z""}}}"
adCRiwJ1kzQFAAA=,464c58212beca0c9,2026-04-04T04:20:22.000Z,"{""MessageId"":""07f5a008-e3ac-4b5d-8057-2c07e0669d29"",""WirelessDeviceId"":""39886500-d9c4-4adb-86e0-79dd1d3211bf"",""PayloadData"":""adCRiwJ1kzQFAAA="",""WirelessMetadata"":{""LoRaWAN"":{""ADR"":true,""Bandwidth"":125,""ClassB"":false,""CodeRate"":""4/5"",""DataRate"":""3"",""DevAddr"":""00b3db96"",""DevEui"":""464c58212beca0c9"",""FCnt"":25,""FOptLen"":0,""FPort"":11,""Frequency"":""903900000"",""Gateways"":[{""GatewayEui"":""000ce3fffe7640df"",""Rssi"":-62,""Snr"":14.25},{""GatewayEui"":""000ce3fffe764142"",""Rssi"":-108,""Snr"":6},{""GatewayEui"":""000ce3fffe76411e"",""Rssi"":-114,""Snr"":-0.25},{""GatewayEui"":""000ce3fffe7640ca"",""Rssi"":-118,""Snr"":-5}],""MIC"":""8b26702b"",""MType"":""ConfirmedDataUp"",""Major"":""LoRaWANR1"",""Modulation"":""LORA"",""PolarizationInversion"":false,""SpreadingFactor"":7,""Timestamp"":""2026-04-04T04:20:22Z""}}}"
adEyAQJ1kzFZAAA=,464c58212beca0c9,2026-04-04T15:44:52.000Z,"{""MessageId"":""eb9fa79a-b413-498d-9205-57ae96e7b96a"",""WirelessDeviceId"":""39886500-d9c4-4adb-86e0-79dd1d3211bf"",""PayloadData"":""adEyAQJ1kzFZAAA="",""WirelessMetadata"":{""LoRaWAN"":{""ADR"":true,""Bandwidth"":125,""ClassB"":false,""CodeRate"":""4/5"",""DataRate"":""3"",""DevAddr"":""00b3db96"",""DevEui"":""464c58212beca0c9"",""FCnt"":26,""FOptLen"":0,""FPort"":11,""Frequency"":""904100000"",""Gateways"":[{""GatewayEui"":""000ce3fffe7640df"",""Rssi"":-60,""Snr"":13.5},{""GatewayEui"":""ac1f09fffe1f4c5b"",""Rssi"":-106,""Snr"":8.25},{""GatewayEui"":""000ce3fffe76411e"",""Rssi"":-110,""Snr"":3.25},{""GatewayEui"":""000ce3fffe7640ca"",""Rssi"":-116,""Snr"":-2.75}],""MIC"":""b23c3c4e"",""MType"":""ConfirmedDataUp"",""Major"":""LoRaWANR1"",""Modulation"":""LORA"",""PolarizationInversion"":false,""SpreadingFactor"":7,""Timestamp"":""2026-04-04T15:44:52Z""}}}"
adFBjAJ1kzFZAAA=,464c58212beca0c9,2026-04-04T16:51:11.000Z,"{""MessageId"":""449a35b5-9a24-42ee-b08f-205539c9c841"",""WirelessDeviceId"":""39886500-d9c4-4adb-86e0-79dd1d3211bf"",""PayloadData"":""adFBjAJ1kzFZAAA="",""WirelessMetadata"":{""LoRaWAN"":{""ADR"":true,""Bandwidth"":125,""ClassB"":false,""CodeRate"":""4/5"",""DataRate"":""3"",""DevAddr"":""00b3db96"",""DevEui"":""464c58212beca0c9"",""FCnt"":27,""FOptLen"":0,""FPort"":11,""Frequency"":""904300000"",""Gateways"":[{""GatewayEui"":""000ce3fffe7640df"",""Rssi"":-57,""Snr"":9.75},{""GatewayEui"":""000ce3fffe764142"",""Rssi"":-97,""Snr"":9.5},{""GatewayEui"":""ac1f09fffe1f4c5b"",""Rssi"":-105,""Snr"":7.75},{""GatewayEui"":""000ce3fffe76411e"",""Rssi"":-110,""Snr"":2.25},{""GatewayEui"":""000ce3fffe7640ca"",""Rssi"":-119,""Snr"":-6.5}],""MIC"":""d9bf8ae0"",""MType"":""ConfirmedDataUp"",""Major"":""LoRaWANR1"",""Modulation"":""LORA"",""PolarizationInversion"":false,""SpreadingFactor"":7,""Timestamp"":""2026-04-04T16:51:11Z""}}}"
adFnqQJ1kzFZAAA=,464c58212beca0c9,2026-04-04T19:33:46.000Z,"{""MessageId"":""ecca4507-9d68-4850-9587-dc49450faa20"",""WirelessDeviceId"":""39886500-d9c4-4adb-86e0-79dd1d3211bf"",""PayloadData"":""adFnqQJ1kzFZAAA="",""WirelessMetadata"":{""LoRaWAN"":{""ADR"":true,""Bandwidth"":125,""ClassB"":false,""CodeRate"":""4/5"",""DataRate"":""3"",""DevAddr"":""00b3db96"",""DevEui"":""464c58212beca0c9"",""FCnt"":28,""FOptLen"":0,""FPort"":11,""Frequency"":""904500000"",""Gateways"":[{""GatewayEui"":""000ce3fffe7640df"",""Rssi"":-66,""Snr"":13.5},{""GatewayEui"":""ac1f09fffe1f4c5b"",""Rssi"":-107,""Snr"":7},{""GatewayEui"":""000ce3fffe764142"",""Rssi"":-111,""Snr"":3},{""GatewayEui"":""000ce3fffe76411e"",""Rssi"":-115,""Snr"":-2},{""GatewayEui"":""000ce3fffe7640ca"",""Rssi"":-115,""Snr"":-2.5}],""MIC"":""10b39106"",""MType"":""ConfirmedDataUp"",""Major"":""LoRaWANR1"",""Modulation"":""LORA"",""PolarizationInversion"":false,""SpreadingFactor"":7,""Timestamp"":""2026-04-04T19:33:46Z""}}}"
adFxgBANkwAAAAA=,464c58212beca0c9,2026-04-04T20:15:45.000Z,"{""MessageId"":""56d85a47-43c1-41c3-a0ae-d0f9e22ca551"",""WirelessDeviceId"":""39886500-d9c4-4adb-86e0-79dd1d3211bf"",""PayloadData"":""adFxgBANkwAAAAA="",""WirelessMetadata"":{""LoRaWAN"":{""ADR"":true,""Bandwidth"":125,""ClassB"":false,""CodeRate"":""4/5"",""DataRate"":""3"",""DevAddr"":""00b3db96"",""DevEui"":""464c58212beca0c9"",""FCnt"":29,""FOptLen"":0,""FPort"":20,""Frequency"":""904100000"",""Gateways"":[{""GatewayEui"":""000ce3fffe7640df"",""Rssi"":-56,""Snr"":13.5},{""GatewayEui"":""000ce3fffe76411e"",""Rssi"":-110,""Snr"":2.5},{""GatewayEui"":""000ce3fffe7640ca"",""Rssi"":-114,""Snr"":-0.75}],""MIC"":""3e136e58"",""MType"":""ConfirmedDataUp"",""Major"":""LoRaWANR1"",""Modulation"":""LORA"",""PolarizationInversion"":false,""SpreadingFactor"":7,""Timestamp"":""2026-04-04T20:15:45Z""}}}"
adFxgBIAAAKzAAA=,464c58212beca0c9,2026-04-04T20:15:49.000Z,"{""MessageId"":""32a534a6-ca2f-4630-b336-c62cc382afa8"",""WirelessDeviceId"":""39886500-d9c4-4adb-86e0-79dd1d3211bf"",""PayloadData"":""adFxgBIAAAKzAAA="",""WirelessMetadata"":{""LoRaWAN"":{""ADR"":true,""Bandwidth"":125,""ClassB"":false,""CodeRate"":""4/5"",""DataRate"":""3"",""DevAddr"":""00b3db96"",""DevEui"":""464c58212beca0c9"",""FCnt"":31,""FOptLen"":0,""FPort"":20,""Frequency"":""903900000"",""Gateways"":[{""GatewayEui"":""000ce3fffe7640df"",""Rssi"":-57,""Snr"":12.75},{""GatewayEui"":""000ce3fffe764142"",""Rssi"":-101,""Snr"":11},{""GatewayEui"":""ac1f09fffe1f4c5b"",""Rssi"":-109,""Snr"":5.75},{""GatewayEui"":""000ce3fffe7640ca"",""Rssi"":-115,""Snr"":-1},{""GatewayEui"":""000ce3fffe76411e"",""Rssi"":-116,""Snr"":-1.5}],""MIC"":""5cb7dd85"",""MType"":""ConfirmedDataUp"",""Major"":""LoRaWANR1"",""Modulation"":""LORA"",""PolarizationInversion"":false,""SpreadingFactor"":7,""Timestamp"":""2026-04-04T20:15:49Z""}}}"
adFxgBIBAABAAAA=,464c58212beca0c9,2026-04-04T20:15:56.000Z,"{""MessageId"":""acd3f8c2-1de0-4018-a7e5-35e68a45ccfb"",""WirelessDeviceId"":""39886500-d9c4-4adb-86e0-79dd1d3211bf"",""PayloadData"":""adFxgBIBAABAAAA="",""WirelessMetadata"":{""LoRaWAN"":{""ADR"":true,""Bandwidth"":125,""ClassB"":false,""CodeRate"":""4/5"",""DataRate"":""3"",""DevAddr"":""00b3db96"",""DevEui"":""464c58212beca0c9"",""FCnt"":33,""FOptLen"":0,""FPort"":20,""Frequency"":""904900000"",""Gateways"":[{""GatewayEui"":""000ce3fffe7640df"",""Rssi"":-53,""Snr"":13.5},{""GatewayEui"":""000ce3fffe76411e"",""Rssi"":-110,""Snr"":2.5},{""GatewayEui"":""000ce3fffe7640ca"",""Rssi"":-113,""Snr"":-0.5},{""GatewayEui"":""ac1f09fffe1f4c5b"",""Rssi"":-118,""Snr"":-3.25}],""MIC"":""ee9de0b4"",""MType"":""ConfirmedDataUp"",""Major"":""LoRaWANR1"",""Modulation"":""LORA"",""PolarizationInversion"":false,""SpreadingFactor"":7,""Timestamp"":""2026-04-04T20:15:56Z""}}}"
adFxgBICAAAZAAA=,464c58212beca0c9,2026-04-04T20:16:01.000Z,"{""MessageId"":""0fc425f5-e17b-424a-837a-24270c049b74"",""WirelessDeviceId"":""39886500-d9c4-4adb-86e0-79dd1d3211bf"",""PayloadData"":""adFxgBICAAAZAAA="",""WirelessMetadata"":{""LoRaWAN"":{""ADR"":true,""Bandwidth"":125,""ClassB"":false,""CodeRate"":""4/5"",""DataRate"":""3"",""DevAddr"":""00b3db96"",""DevEui"":""464c58212beca0c9"",""FCnt"":34,""FOptLen"":0,""FPort"":20,""Frequency"":""904700000"",""Gateways"":[{""GatewayEui"":""000ce3fffe7640df"",""Rssi"":-54,""Snr"":14.25},{""GatewayEui"":""000ce3fffe764142"",""Rssi"":-109,""Snr"":5.5},{""GatewayEui"":""ac1f09fffe1f4c5b"",""Rssi"":-113,""Snr"":2.5},{""GatewayEui"":""000ce3fffe76411e"",""Rssi"":-113,""Snr"":0.75},{""GatewayEui"":""000ce3fffe7640ca"",""Rssi"":-116,""Snr"":-2}],""MIC"":""e3c0f1bc"",""MType"":""ConfirmedDataUp"",""Major"":""LoRaWANR1"",""Modulation"":""LORA"",""PolarizationInversion"":false,""SpreadingFactor"":7,""Timestamp"":""2026-04-04T20:16:01Z""}}}"
adFxgBIDAAAMAAA=,464c58212beca0c9,2026-04-04T20:16:05.000Z,"{""MessageId"":""ef2baeeb-7d9b-4e0c-b694-01759be25a6b"",""WirelessDeviceId"":""39886500-d9c4-4adb-86e0-79dd1d3211bf"",""PayloadData"":""adFxgBIDAAAMAAA="",""WirelessMetadata"":{""LoRaWAN"":{""ADR"":true,""Bandwidth"":125,""ClassB"":false,""CodeRate"":""4/5"",""DataRate"":""3"",""DevAddr"":""00b3db96"",""DevEui"":""464c58212beca0c9"",""FCnt"":35,""FOptLen"":0,""FPort"":20,""Frequency"":""904300000"",""Gateways"":[{""GatewayEui"":""000ce3fffe7640df"",""Rssi"":-56,""Snr"":10.5},{""GatewayEui"":""000ce3fffe764142"",""Rssi"":-103,""Snr"":6.25},{""GatewayEui"":""ac1f09fffe1f4c5b"",""Rssi"":-112,""Snr"":2.25},{""GatewayEui"":""000ce3fffe76411e"",""Rssi"":-115,""Snr"":-2.5},{""GatewayEui"":""000ce3fffe7640ca"",""Rssi"":-116,""Snr"":-3.75}],""MIC"":""a49bdcdb"",""MType"":""ConfirmedDataUp"",""Major"":""LoRaWANR1"",""Modulation"":""LORA"",""PolarizationInversion"":false,""SpreadingFactor"":7,""Timestamp"":""2026-04-04T20:16:05Z""}}}"
adFxgBIEAAA/AAA=,464c58212beca0c9,2026-04-04T20:16:09.000Z,"{""MessageId"":""de9e04e5-2f33-4ec6-8c2d-502e324db997"",""WirelessDeviceId"":""39886500-d9c4-4adb-86e0-79dd1d3211bf"",""PayloadData"":""adFxgBIEAAA/AAA="",""WirelessMetadata"":{""LoRaWAN"":{""ADR"":true,""Bandwidth"":125,""ClassB"":false,""CodeRate"":""4/5"",""DataRate"":""3"",""DevAddr"":""00b3db96"",""DevEui"":""464c58212beca0c9"",""FCnt"":36,""FOptLen"":0,""FPort"":20,""Frequency"":""905100000"",""Gateways"":[{""GatewayEui"":""000ce3fffe7640df"",""Rssi"":-52,""Snr"":14.25},{""GatewayEui"":""000ce3fffe764142"",""Rssi"":-111,""Snr"":3},{""GatewayEui"":""000ce3fffe76411e"",""Rssi"":-114,""Snr"":-2.75},{""GatewayEui"":""000ce3fffe7640ca"",""Rssi"":-116,""Snr"":-3.25},{""GatewayEui"":""ac1f09fffe1f4c5b"",""Rssi"":-119,""Snr"":-3.75}],""MIC"":""0df6c0c8"",""MType"":""ConfirmedDataUp"",""Major"":""LoRaWANR1"",""Modulation"":""LORA"",""PolarizationInversion"":false,""SpreadingFactor"":7,""Timestamp"":""2026-04-04T20:16:09Z""}}}"
adFxgBIFAAAhAAA=,464c58212beca0c9,2026-04-04T20:16:13.000Z,"{""MessageId"":""34553a61-fee4-4d6f-9486-44e3adee2187"",""WirelessDeviceId"":""39886500-d9c4-4adb-86e0-79dd1d3211bf"",""PayloadData"":""adFxgBIFAAAhAAA="",""WirelessMetadata"":{""LoRaWAN"":{""ADR"":true,""Bandwidth"":125,""ClassB"":false,""CodeRate"":""4/5"",""DataRate"":""3"",""DevAddr"":""00b3db96"",""DevEui"":""464c58212beca0c9"",""FCnt"":38,""FOptLen"":0,""FPort"":20,""Frequency"":""904900000"",""Gateways"":[{""GatewayEui"":""000ce3fffe7640df"",""Rssi"":-53,""Snr"":14.25},{""GatewayEui"":""000ce3fffe764142"",""Rssi"":-111,""Snr"":3.5},{""GatewayEui"":""ac1f09fffe1f4c5b"",""Rssi"":-112,""Snr"":3},{""GatewayEui"":""000ce3fffe7640ca"",""Rssi"":-113,""Snr"":-0.25}],""MIC"":""9a32519a"",""MType"":""ConfirmedDataUp"",""Major"":""LoRaWANR1"",""Modulation"":""LORA"",""PolarizationInversion"":false,""SpreadingFactor"":7,""Timestamp"":""2026-04-04T20:16:13Z""}}}"
adFxhRANiwAAAAA=,464c58212beca0c9,2026-04-04T20:16:17.000Z,"{""MessageId"":""c33b5ae7-e786-47a3-b5da-76ba7f8410d8"",""WirelessDeviceId"":""39886500-d9c4-4adb-86e0-79dd1d3211bf"",""PayloadData"":""adFxhRANiwAAAAA="",""WirelessMetadata"":{""LoRaWAN"":{""ADR"":true,""Bandwidth"":125,""ClassB"":false,""CodeRate"":""4/5"",""DataRate"":""3"",""DevAddr"":""00b3db96"",""DevEui"":""464c58212beca0c9"",""FCnt"":40,""FOptLen"":0,""FPort"":20,""Frequency"":""905300000"",""Gateways"":[{""GatewayEui"":""000ce3fffe7640df"",""Rssi"":-50,""Snr"":10.75},{""GatewayEui"":""000ce3fffe764142"",""Rssi"":-109,""Snr"":4},{""GatewayEui"":""ac1f09fffe1f4c5b"",""Rssi"":-117,""Snr"":-3.5},{""GatewayEui"":""000ce3fffe7640ca"",""Rssi"":-119,""Snr"":-7.5},{""GatewayEui"":""000ce3fffe76411e"",""Rssi"":-119,""Snr"":-7.75}],""MIC"":""03e1b1de"",""MType"":""ConfirmedDataUp"",""Major"":""LoRaWANR1"",""Modulation"":""LORA"",""PolarizationInversion"":false,""SpreadingFactor"":7,""Timestamp"":""2026-04-04T20:16:17Z""}}}"
adFxhRIAAAKzAAA=,464c58212beca0c9,2026-04-04T20:16:21.000Z,"{""MessageId"":""c8a14446-0f56-4eab-945b-35cf4db090fa"",""WirelessDeviceId"":""39886500-d9c4-4adb-86e0-79dd1d3211bf"",""PayloadData"":""adFxhRIAAAKzAAA="",""WirelessMetadata"":{""LoRaWAN"":{""ADR"":true,""Bandwidth"":125,""ClassB"":false,""CodeRate"":""4/5"",""DataRate"":""3"",""DevAddr"":""00b3db96"",""DevEui"":""464c58212beca0c9"",""FCnt"":41,""FOptLen"":0,""FPort"":20,""Frequency"":""904500000"",""Gateways"":[{""GatewayEui"":""000ce3fffe7640df"",""Rssi"":-55,""Snr"":14.25},{""GatewayEui"":""ac1f09fffe1f4c5b"",""Rssi"":-113,""Snr"":2.25},{""GatewayEui"":""000ce3fffe764142"",""Rssi"":-116,""Snr"":-1.25},{""GatewayEui"":""000ce3fffe7640ca"",""Rssi"":-115,""Snr"":-2},{""GatewayEui"":""000ce3fffe76411e"",""Rssi"":-120,""Snr"":-7.25}],""MIC"":""4d33f3ec"",""MType"":""ConfirmedDataUp"",""Major"":""LoRaWANR1"",""Modulation"":""LORA"",""PolarizationInversion"":false,""SpreadingFactor"":7,""Timestamp"":""2026-04-04T20:16:21Z""}}}"
adFxhRIBAABAAAA=,464c58212beca0c9,2026-04-04T20:16:25.000Z,"{""MessageId"":""1c6c0e79-9fff-4cf4-b3e0-4d3734d4d263"",""WirelessDeviceId"":""39886500-d9c4-4adb-86e0-79dd1d3211bf"",""PayloadData"":""adFxhRIBAABAAAA="",""WirelessMetadata"":{""LoRaWAN"":{""ADR"":true,""Bandwidth"":125,""ClassB"":false,""CodeRate"":""4/5"",""DataRate"":""3"",""DevAddr"":""00b3db96"",""DevEui"":""464c58212beca0c9"",""FCnt"":42,""FOptLen"":0,""FPort"":20,""Frequency"":""904700000"",""Gateways"":[{""GatewayEui"":""000ce3fffe7640df"",""Rssi"":-54,""Snr"":14.25},{""GatewayEui"":""ac1f09fffe1f4c5b"",""Rssi"":-113,""Snr"":1.5},{""GatewayEui"":""000ce3fffe7640ca"",""Rssi"":-116,""Snr"":-2.5},{""GatewayEui"":""000ce3fffe76411e"",""Rssi"":-120,""Snr"":-7.25},{""GatewayEui"":""000ce3fffe764142"",""Rssi"":-124,""Snr"":-9}],""MIC"":""ff783b56"",""MType"":""ConfirmedDataUp"",""Major"":""LoRaWANR1"",""Modulation"":""LORA"",""PolarizationInversion"":false,""SpreadingFactor"":7,""Timestamp"":""2026-04-04T20:16:25Z""}}}"
adFxhRICAAAZAAA=,464c58212beca0c9,2026-04-04T20:16:29.000Z,"{""MessageId"":""a287bb13-ee9b-4e92-ade2-06429bc775ae"",""WirelessDeviceId"":""39886500-d9c4-4adb-86e0-79dd1d3211bf"",""PayloadData"":""adFxhRICAAAZAAA="",""WirelessMetadata"":{""LoRaWAN"":{""ADR"":true,""Bandwidth"":125,""ClassB"":false,""CodeRate"":""4/5"",""DataRate"":""3"",""DevAddr"":""00b3db96"",""DevEui"":""464c58212beca0c9"",""FCnt"":43,""FOptLen"":0,""FPort"":20,""Frequency"":""904300000"",""Gateways"":[{""GatewayEui"":""000ce3fffe7640df"",""Rssi"":-56,""Snr"":9.5},{""GatewayEui"":""000ce3fffe764142"",""Rssi"":-102,""Snr"":8.5},{""GatewayEui"":""000ce3fffe7640ca"",""Rssi"":-117,""Snr"":-8.25}],""MIC"":""ddff17d3"",""MType"":""ConfirmedDataUp"",""Major"":""LoRaWANR1"",""Modulation"":""LORA"",""PolarizationInversion"":false,""SpreadingFactor"":7,""Timestamp"":""2026-04-04T20:16:29Z""}}}"
adFxhRIDAAAMAAA=,464c58212beca0c9,2026-04-04T20:16:33.000Z,"{""MessageId"":""a91284a4-9992-4d6b-b6e4-4a157d9b8b6d"",""WirelessDeviceId"":""39886500-d9c4-4adb-86e0-79dd1d3211bf"",""PayloadData"":""adFxhRIDAAAMAAA="",""WirelessMetadata"":{""LoRaWAN"":{""ADR"":true,""Bandwidth"":125,""ClassB"":false,""CodeRate"":""4/5"",""DataRate"":""3"",""DevAddr"":""00b3db96"",""DevEui"":""464c58212beca0c9"",""FCnt"":44,""FOptLen"":0,""FPort"":20,""Frequency"":""905300000"",""Gateways"":[{""GatewayEui"":""000ce3fffe7640df"",""Rssi"":-51,""Snr"":10.75},{""GatewayEui"":""000ce3fffe764142"",""Rssi"":-111,""Snr"":2},{""GatewayEui"":""000ce3fffe7640ca"",""Rssi"":-119,""Snr"":-6.75}],""MIC"":""526ba124"",""MType"":""ConfirmedDataUp"",""Major"":""LoRaWANR1"",""Modulation"":""LORA"",""PolarizationInversion"":false,""SpreadingFactor"":7,""Timestamp"":""2026-04-04T20:16:33Z""}}}"
adFxhRIEAAA/AAA=,464c58212beca0c9,2026-04-04T20:16:37.000Z,"{""MessageId"":""f965468f-2d64-44b6-9b69-5bf766dd1098"",""WirelessDeviceId"":""39886500-d9c4-4adb-86e0-79dd1d3211bf"",""PayloadData"":""adFxhRIEAAA/AAA="",""WirelessMetadata"":{""LoRaWAN"":{""ADR"":true,""Bandwidth"":125,""ClassB"":false,""CodeRate"":""4/5"",""DataRate"":""3"",""DevAddr"":""00b3db96"",""DevEui"":""464c58212beca0c9"",""FCnt"":45,""FOptLen"":0,""FPort"":20,""Frequency"":""904700000"",""Gateways"":[{""GatewayEui"":""000ce3fffe7640df"",""Rssi"":-55,""Snr"":14},{""GatewayEui"":""ac1f09fffe1f4c5b"",""Rssi"":-110,""Snr"":4.5},{""GatewayEui"":""000ce3fffe7640ca"",""Rssi"":-116,""Snr"":-1.75},{""GatewayEui"":""000ce3fffe76411e"",""Rssi"":-121,""Snr"":-8.25}],""MIC"":""222fbc5c"",""MType"":""ConfirmedDataUp"",""Major"":""LoRaWANR1"",""Modulation"":""LORA"",""PolarizationInversion"":false,""SpreadingFactor"":7,""Timestamp"":""2026-04-04T20:16:37Z""}}}"
adFxhRIFAAAhAAA=,464c58212beca0c9,2026-04-04T20:16:41.000Z,"{""MessageId"":""0da68410-11ba-4c73-885a-e962d35fbe4c"",""WirelessDeviceId"":""39886500-d9c4-4adb-86e0-79dd1d3211bf"",""PayloadData"":""adFxhRIFAAAhAAA="",""WirelessMetadata"":{""LoRaWAN"":{""ADR"":true,""Bandwidth"":125,""ClassB"":false,""CodeRate"":""4/5"",""DataRate"":""3"",""DevAddr"":""00b3db96"",""DevEui"":""464c58212beca0c9"",""FCnt"":46,""FOptLen"":0,""FPort"":20,""Frequency"":""904500000"",""Gateways"":[{""GatewayEui"":""000ce3fffe7640df"",""Rssi"":-56,""Snr"":14.5},{""GatewayEui"":""ac1f09fffe1f4c5b"",""Rssi"":-109,""Snr"":6.25},{""GatewayEui"":""000ce3fffe7640ca"",""Rssi"":-117,""Snr"":-4.25}],""MIC"":""d9e4f48c"",""MType"":""ConfirmedDataUp"",""Major"":""LoRaWANR1"",""Modulation"":""LORA"",""PolarizationInversion"":false,""SpreadingFactor"":7,""Timestamp"":""2026-04-04T20:16:41Z""}}}"
adF2uAJ1kzFZAAA=,464c58212beca0c9,2026-04-04T20:38:15.000Z,"{""MessageId"":""c60b4d18-b5f9-42ff-b2ec-18d6be4a359a"",""WirelessDeviceId"":""39886500-d9c4-4adb-86e0-79dd1d3211bf"",""PayloadData"":""adF2uAJ1kzFZAAA="",""WirelessMetadata"":{""LoRaWAN"":{""ADR"":true,""Bandwidth"":125,""ClassB"":false,""CodeRate"":""4/5"",""DataRate"":""3"",""DevAddr"":""00b3db96"",""DevEui"":""464c58212beca0c9"",""FCnt"":47,""FOptLen"":0,""FPort"":11,""Frequency"":""905100000"",""Gateways"":[{""GatewayEui"":""000ce3fffe7640df"",""Rssi"":-54,""Snr"":13.75},{""GatewayEui"":""000ce3fffe764142"",""Rssi"":-101,""Snr"":10},{""GatewayEui"":""000ce3fffe7640ca"",""Rssi"":-119,""Snr"":-7.5}],""MIC"":""54e7de4a"",""MType"":""ConfirmedDataUp"",""Major"":""LoRaWANR1"",""Modulation"":""LORA"",""PolarizationInversion"":false,""SpreadingFactor"":7,""Timestamp"":""2026-04-04T20:38:15Z""}}}"
adLC/xANkgAAAAA=,464c58212beca0c9,2026-04-05T20:15:43.000Z,"{""MessageId"":""a2562f7c-87c1-4d9a-976b-867907a84422"",""WirelessDeviceId"":""39886500-d9c4-4adb-86e0-79dd1d3211bf"",""PayloadData"":""adLC/xANkgAAAAA="",""WirelessMetadata"":{""LoRaWAN"":{""ADR"":true,""Bandwidth"":125,""ClassB"":false,""CodeRate"":""4/5"",""DataRate"":""3"",""DevAddr"":""00b3db96"",""DevEui"":""464c58212beca0c9"",""FCnt"":48,""FOptLen"":0,""FPort"":20,""Frequency"":""904900000"",""Gateways"":[{""GatewayEui"":""000ce3fffe7640df"",""Rssi"":-53,""Snr"":14.25},{""GatewayEui"":""000ce3fffe764142"",""Rssi"":-103,""Snr"":9.25},{""GatewayEui"":""000ce3fffe76411e"",""Rssi"":-113,""Snr"":-1.25},{""GatewayEui"":""000ce3fffe7640ca"",""Rssi"":-116,""Snr"":-4}],""MIC"":""bd42b09a"",""MType"":""ConfirmedDataUp"",""Major"":""LoRaWANR1"",""Modulation"":""LORA"",""PolarizationInversion"":false,""SpreadingFactor"":7,""Timestamp"":""2026-04-05T20:15:43Z""}}}"
adLC/xIAAAKzAAA=,464c58212beca0c9,2026-04-05T20:15:48.000Z,"{""MessageId"":""1d399f00-9082-41a1-9dbf-dfd8ffb2289a"",""WirelessDeviceId"":""39886500-d9c4-4adb-86e0-79dd1d3211bf"",""PayloadData"":""adLC/xIAAAKzAAA="",""WirelessMetadata"":{""LoRaWAN"":{""ADR"":true,""Bandwidth"":125,""ClassB"":false,""CodeRate"":""4/5"",""DataRate"":""3"",""DevAddr"":""00b3db96"",""DevEui"":""464c58212beca0c9"",""FCnt"":50,""FOptLen"":0,""FPort"":20,""Frequency"":""904100000"",""Gateways"":[{""GatewayEui"":""000ce3fffe7640df"",""Rssi"":-56,""Snr"":13.75},{""GatewayEui"":""000ce3fffe764142"",""Rssi"":-100,""Snr"":10.75},{""GatewayEui"":""ac1f09fffe1f4c5b"",""Rssi"":-113,""Snr"":2.75},{""GatewayEui"":""000ce3fffe76411e"",""Rssi"":-116,""Snr"":-2.5},{""GatewayEui"":""000ce3fffe7640ca"",""Rssi"":-118,""Snr"":-4.25}],""MIC"":""455222f3"",""MType"":""ConfirmedDataUp"",""Major"":""LoRaWANR1"",""Modulation"":""LORA"",""PolarizationInversion"":false,""SpreadingFactor"":7,""Timestamp"":""2026-04-05T20:15:48Z""}}}"
adLC/xIBAABAAAA=,464c58212beca0c9,2026-04-05T20:15:52.000Z,"{""MessageId"":""31e7b62a-5089-4b51-bee7-ca2bbb7c2642"",""WirelessDeviceId"":""39886500-d9c4-4adb-86e0-79dd1d3211bf"",""PayloadData"":""adLC/xIBAABAAAA="",""WirelessMetadata"":{""LoRaWAN"":{""ADR"":true,""Bandwidth"":125,""ClassB"":false,""CodeRate"":""4/5"",""DataRate"":""3"",""DevAddr"":""00b3db96"",""DevEui"":""464c58212beca0c9"",""FCnt"":52,""FOptLen"":0,""FPort"":20,""Frequency"":""904100000"",""Gateways"":[{""GatewayEui"":""000ce3fffe7640df"",""Rssi"":-51,""Snr"":14.5},{""GatewayEui"":""ac1f09fffe1f4c5b"",""Rssi"":-114,""Snr"":0.75}],""MIC"":""2ea84872"",""MType"":""ConfirmedDataUp"",""Major"":""LoRaWANR1"",""Modulation"":""LORA"",""PolarizationInversion"":false,""SpreadingFactor"":7,""Timestamp"":""2026-04-05T20:15:52Z""}}}"
adLC/xICAAAZAAA=,464c58212beca0c9,2026-04-05T20:15:56.000Z,"{""MessageId"":""d5639489-3bed-4fc4-a048-897b29ac5811"",""WirelessDeviceId"":""39886500-d9c4-4adb-86e0-79dd1d3211bf"",""PayloadData"":""adLC/xICAAAZAAA="",""WirelessMetadata"":{""LoRaWAN"":{""ADR"":true,""Bandwidth"":125,""ClassB"":false,""CodeRate"":""4/5"",""DataRate"":""3"",""DevAddr"":""00b3db96"",""DevEui"":""464c58212beca0c9"",""FCnt"":53,""FOptLen"":0,""FPort"":20,""Frequency"":""905100000"",""Gateways"":[{""GatewayEui"":""000ce3fffe7640df"",""Rssi"":-50,""Snr"":13.75},{""GatewayEui"":""000ce3fffe764142"",""Rssi"":-104,""Snr"":7.5},{""GatewayEui"":""ac1f09fffe1f4c5b"",""Rssi"":-108,""Snr"":6.25},{""GatewayEui"":""000ce3fffe76411e"",""Rssi"":-112,""Snr"":-0.25},{""GatewayEui"":""000ce3fffe7640ca"",""Rssi"":-118,""Snr"":-5.75}],""MIC"":""c2b41b47"",""MType"":""ConfirmedDataUp"",""Major"":""LoRaWANR1"",""Modulation"":""LORA"",""PolarizationInversion"":false,""SpreadingFactor"":7,""Timestamp"":""2026-04-05T20:15:56Z""}}}"
adLC/xIDAAAMAAA=,464c58212beca0c9,2026-04-05T20:16:01.000Z,"{""MessageId"":""7ea3cafa-0491-44ba-ac68-c4eed2f81a62"",""WirelessDeviceId"":""39886500-d9c4-4adb-86e0-79dd1d3211bf"",""PayloadData"":""adLC/xIDAAAMAAA="",""WirelessMetadata"":{""LoRaWAN"":{""ADR"":true,""Bandwidth"":125,""ClassB"":false,""CodeRate"":""4/5"",""DataRate"":""3"",""DevAddr"":""00b3db96"",""DevEui"":""464c58212beca0c9"",""FCnt"":54,""FOptLen"":0,""FPort"":20,""Frequency"":""904900000"",""Gateways"":[{""GatewayEui"":""000ce3fffe7640df"",""Rssi"":-51,""Snr"":13},{""GatewayEui"":""ac1f09fffe1f4c5b"",""Rssi"":-108,""Snr"":6.75},{""GatewayEui"":""000ce3fffe764142"",""Rssi"":-111,""Snr"":3.5},{""GatewayEui"":""000ce3fffe76411e"",""Rssi"":-112,""Snr"":0},{""GatewayEui"":""000ce3fffe7640ca"",""Rssi"":-115,""Snr"":-2.25}],""MIC"":""8aa2688b"",""MType"":""ConfirmedDataUp"",""Major"":""LoRaWANR1"",""Modulation"":""LORA"",""PolarizationInversion"":false,""SpreadingFactor"":7,""Timestamp"":""2026-04-05T20:16:01Z""}}}"
adLC/xIEAAA/AAA=,464c58212beca0c9,2026-04-05T20:16:05.000Z,"{""MessageId"":""b5298c84-99d2-4d22-a8c7-f41c0b04452d"",""WirelessDeviceId"":""39886500-d9c4-4adb-86e0-79dd1d3211bf"",""PayloadData"":""adLC/xIEAAA/AAA="",""WirelessMetadata"":{""LoRaWAN"":{""ADR"":true,""Bandwidth"":125,""ClassB"":false,""CodeRate"":""4/5"",""DataRate"":""3"",""DevAddr"":""00b3db96"",""DevEui"":""464c58212beca0c9"",""FCnt"":55,""FOptLen"":0,""FPort"":20,""Frequency"":""903900000"",""Gateways"":[{""GatewayEui"":""000ce3fffe7640df"",""Rssi"":-55,""Snr"":13.75},{""GatewayEui"":""000ce3fffe764142"",""Rssi"":-103,""Snr"":9.75},{""GatewayEui"":""ac1f09fffe1f4c5b"",""Rssi"":-107,""Snr"":7.75},{""GatewayEui"":""000ce3fffe7640ca"",""Rssi"":-116,""Snr"":-2.5}],""MIC"":""2480cbd4"",""MType"":""ConfirmedDataUp"",""Major"":""LoRaWANR1"",""Modulation"":""LORA"",""PolarizationInversion"":false,""SpreadingFactor"":7,""Timestamp"":""2026-04-05T20:16:05Z""}}}"
adLC/xIFAAAhAAA=,464c58212beca0c9,2026-04-05T20:16:09.000Z,"{""MessageId"":""dcf48f91-c344-401e-bc0b-aa95018e7695"",""WirelessDeviceId"":""39886500-d9c4-4adb-86e0-79dd1d3211bf"",""PayloadData"":""adLC/xIFAAAhAAA="",""WirelessMetadata"":{""LoRaWAN"":{""ADR"":true,""Bandwidth"":125,""ClassB"":false,""CodeRate"":""4/5"",""DataRate"":""3"",""DevAddr"":""00b3db96"",""DevEui"":""464c58212beca0c9"",""FCnt"":56,""FOptLen"":0,""FPort"":20,""Frequency"":""904500000"",""Gateways"":[{""GatewayEui"":""000ce3fffe7640df"",""Rssi"":-56,""Snr"":13.75},{""GatewayEui"":""000ce3fffe764142"",""Rssi"":-104,""Snr"":8.75},{""GatewayEui"":""ac1f09fffe1f4c5b"",""Rssi"":-107,""Snr"":7.75},{""GatewayEui"":""000ce3fffe76411e"",""Rssi"":-112,""Snr"":0.5},{""GatewayEui"":""000ce3fffe7640ca"",""Rssi"":-115,""Snr"":-2}],""MIC"":""815731fc"",""MType"":""ConfirmedDataUp"",""Major"":""LoRaWANR1"",""Modulation"":""LORA"",""PolarizationInversion"":false,""SpreadingFactor"":7,""Timestamp"":""2026-04-05T20:16:09Z""}}}"
adLDBBANjgAAAAA=,464c58212beca0c9,2026-04-05T20:16:14.000Z,"{""MessageId"":""10600d44-5224-47a7-b767-37a8b733cfe3"",""WirelessDeviceId"":""39886500-d9c4-4adb-86e0-79dd1d3211bf"",""PayloadData"":""adLDBBANjgAAAAA="",""WirelessMetadata"":{""LoRaWAN"":{""ADR"":true,""Bandwidth"":125,""ClassB"":false,""CodeRate"":""4/5"",""DataRate"":""3"",""DevAddr"":""00b3db96"",""DevEui"":""464c58212beca0c9"",""FCnt"":58,""FOptLen"":0,""FPort"":20,""Frequency"":""904300000"",""Gateways"":[{""GatewayEui"":""000ce3fffe764142"",""Rssi"":-98,""Snr"":9.75},{""GatewayEui"":""000ce3fffe76411e"",""Rssi"":-112,""Snr"":-1.5},{""GatewayEui"":""000ce3fffe7640ca"",""Rssi"":-116,""Snr"":-3}],""MIC"":""340b7e13"",""MType"":""ConfirmedDataUp"",""Major"":""LoRaWANR1"",""Modulation"":""LORA"",""PolarizationInversion"":false,""SpreadingFactor"":7,""Timestamp"":""2026-04-05T20:16:14Z""}}}"
adLDBBIAAAKzAAA=,464c58212beca0c9,2026-04-05T20:16:22.000Z,"{""MessageId"":""45f58b5a-5e6b-4bb9-b47d-7b1d55191f07"",""WirelessDeviceId"":""39886500-d9c4-4adb-86e0-79dd1d3211bf"",""PayloadData"":""adLDBBIAAAKzAAA="",""WirelessMetadata"":{""LoRaWAN"":{""ADR"":true,""Bandwidth"":125,""ClassB"":false,""CodeRate"":""4/5"",""DataRate"":""3"",""DevAddr"":""00b3db96"",""DevEui"":""464c58212beca0c9"",""FCnt"":60,""FOptLen"":0,""FPort"":20,""Frequency"":""904700000"",""Gateways"":[{""GatewayEui"":""000ce3fffe7640df"",""Rssi"":-54,""Snr"":13.75},{""GatewayEui"":""000ce3fffe764142"",""Rssi"":-110,""Snr"":4.5},{""GatewayEui"":""ac1f09fffe1f4c5b"",""Rssi"":-112,""Snr"":4.5},{""GatewayEui"":""000ce3fffe76411e"",""Rssi"":-112,""Snr"":2}],""MIC"":""b9f67379"",""MType"":""ConfirmedDataUp"",""Major"":""LoRaWANR1"",""Modulation"":""LORA"",""PolarizationInversion"":false,""SpreadingFactor"":7,""Timestamp"":""2026-04-05T20:16:22Z""}}}"
adLDBBIBAABAAAA=,464c58212beca0c9,2026-04-05T20:16:26.000Z,"{""MessageId"":""f8c13855-57c3-4946-a477-1239af1e9ba8"",""WirelessDeviceId"":""39886500-d9c4-4adb-86e0-79dd1d3211bf"",""PayloadData"":""adLDBBIBAABAAAA="",""WirelessMetadata"":{""LoRaWAN"":{""ADR"":true,""Bandwidth"":125,""ClassB"":false,""CodeRate"":""4/5"",""DataRate"":""3"",""DevAddr"":""00b3db96"",""DevEui"":""464c58212beca0c9"",""FCnt"":61,""FOptLen"":0,""FPort"":20,""Frequency"":""904300000"",""Gateways"":[{""GatewayEui"":""000ce3fffe7640df"",""Rssi"":-55,""Snr"":9.25},{""GatewayEui"":""000ce3fffe764142"",""Rssi"":-102,""Snr"":6},{""GatewayEui"":""ac1f09fffe1f4c5b"",""Rssi"":-110,""Snr"":2.5},{""GatewayEui"":""000ce3fffe76411e"",""Rssi"":-116,""Snr"":-3.25},{""GatewayEui"":""000ce3fffe7640ca"",""Rssi"":-118,""Snr"":-5}],""MIC"":""5f3e5875"",""MType"":""ConfirmedDataUp"",""Major"":""LoRaWANR1"",""Modulation"":""LORA"",""PolarizationInversion"":false,""SpreadingFactor"":7,""Timestamp"":""2026-04-05T20:16:26Z""}}}"
adLDBBICAAAZAAA=,464c58212beca0c9,2026-04-05T20:16:30.000Z,"{""MessageId"":""c58cccb6-4eed-418d-9aa3-0bc44de888a9"",""WirelessDeviceId"":""39886500-d9c4-4adb-86e0-79dd1d3211bf"",""PayloadData"":""adLDBBICAAAZAAA="",""WirelessMetadata"":{""LoRaWAN"":{""ADR"":true,""Bandwidth"":125,""ClassB"":false,""CodeRate"":""4/5"",""DataRate"":""3"",""DevAddr"":""00b3db96"",""DevEui"":""464c58212beca0c9"",""FCnt"":62,""FOptLen"":0,""FPort"":20,""Frequency"":""905100000"",""Gateways"":[{""GatewayEui"":""000ce3fffe7640df"",""Rssi"":-52,""Snr"":13.75},{""GatewayEui"":""000ce3fffe764142"",""Rssi"":-108,""Snr"":3.5},{""GatewayEui"":""ac1f09fffe1f4c5b"",""Rssi"":-114,""Snr"":0.75},{""GatewayEui"":""000ce3fffe7640ca"",""Rssi"":-117,""Snr"":-4.5}],""MIC"":""06bfa315"",""MType"":""ConfirmedDataUp"",""Major"":""LoRaWANR1"",""Modulation"":""LORA"",""PolarizationInversion"":false,""SpreadingFactor"":7,""Timestamp"":""2026-04-05T20:16:30Z""}}}"
adLDBBIDAAAMAAA=,464c58212beca0c9,2026-04-05T20:16:34.000Z,"{""MessageId"":""03f9c351-63c0-4333-bcfe-35f2b004f5d9"",""WirelessDeviceId"":""39886500-d9c4-4adb-86e0-79dd1d3211bf"",""PayloadData"":""adLDBBIDAAAMAAA="",""WirelessMetadata"":{""LoRaWAN"":{""ADR"":true,""Bandwidth"":125,""ClassB"":false,""CodeRate"":""4/5"",""DataRate"":""3"",""DevAddr"":""00b3db96"",""DevEui"":""464c58212beca0c9"",""FCnt"":63,""FOptLen"":0,""FPort"":20,""Frequency"":""904500000"",""Gateways"":[{""GatewayEui"":""000ce3fffe7640df"",""Rssi"":-54,""Snr"":14.5},{""GatewayEui"":""000ce3fffe764142"",""Rssi"":-102,""Snr"":9},{""GatewayEui"":""ac1f09fffe1f4c5b"",""Rssi"":-109,""Snr"":6.25},{""GatewayEui"":""000ce3fffe7640ca"",""Rssi"":-118,""Snr"":-4.75}],""MIC"":""7979869f"",""MType"":""ConfirmedDataUp"",""Major"":""LoRaWANR1"",""Modulation"":""LORA"",""PolarizationInversion"":false,""SpreadingFactor"":7,""Timestamp"":""2026-04-05T20:16:34Z""}}}"
adLDBBIEAAA/AAA=,464c58212beca0c9,2026-04-05T20:16:38.000Z,"{""MessageId"":""f7d2febb-9e04-44ca-b3a2-80b8b7cc9505"",""WirelessDeviceId"":""39886500-d9c4-4adb-86e0-79dd1d3211bf"",""PayloadData"":""adLDBBIEAAA/AAA="",""WirelessMetadata"":{""LoRaWAN"":{""ADR"":true,""Bandwidth"":125,""ClassB"":false,""CodeRate"":""4/5"",""DataRate"":""3"",""DevAddr"":""00b3db96"",""DevEui"":""464c58212beca0c9"",""FCnt"":64,""FOptLen"":0,""FPort"":20,""Frequency"":""903900000"",""Gateways"":[{""GatewayEui"":""000ce3fffe7640df"",""Rssi"":-60,""Snr"":13.75},{""GatewayEui"":""000ce3fffe764142"",""Rssi"":-103,""Snr"":10},{""GatewayEui"":""ac1f09fffe1f4c5b"",""Rssi"":-109,""Snr"":7.25},{""GatewayEui"":""000ce3fffe76411e"",""Rssi"":-115,""Snr"":-1},{""GatewayEui"":""000ce3fffe7640ca"",""Rssi"":-122,""Snr"":-8.5}],""MIC"":""6b01eb77"",""MType"":""ConfirmedDataUp"",""Major"":""LoRaWANR1"",""Modulation"":""LORA"",""PolarizationInversion"":false,""SpreadingFactor"":7,""Timestamp"":""2026-04-05T20:16:38Z""}}}"
adLDBBIFAAAhAAA=,464c58212beca0c9,2026-04-05T20:16:42.000Z,"{""MessageId"":""77e45a56-47ec-4ff8-b7f6-3d2ef9858994"",""WirelessDeviceId"":""39886500-d9c4-4adb-86e0-79dd1d3211bf"",""PayloadData"":""adLDBBIFAAAhAAA="",""WirelessMetadata"":{""LoRaWAN"":{""ADR"":true,""Bandwidth"":125,""ClassB"":false,""CodeRate"":""4/5"",""DataRate"":""3"",""DevAddr"":""00b3db96"",""DevEui"":""464c58212beca0c9"",""FCnt"":65,""FOptLen"":0,""FPort"":20,""Frequency"":""904900000"",""Gateways"":[{""GatewayEui"":""000ce3fffe7640df"",""Rssi"":-53,""Snr"":14.25},{""GatewayEui"":""000ce3fffe764142"",""Rssi"":-106,""Snr"":7.5},{""GatewayEui"":""ac1f09fffe1f4c5b"",""Rssi"":-106,""Snr"":8.25},{""GatewayEui"":""000ce3fffe7640ca"",""Rssi"":-115,""Snr"":-2.75}],""MIC"":""9670cb3e"",""MType"":""ConfirmedDataUp"",""Major"":""LoRaWANR1"",""Modulation"":""LORA"",""PolarizationInversion"":false,""SpreadingFactor"":7,""Timestamp"":""2026-04-05T20:16:42Z""}}}"
adMXmxIAAAKzAAA=,464c58212beca0c9,2026-04-06T02:16:56.000Z,"{""MessageId"":""3e1e1c86-bdd5-402f-b69c-023043046a7b"",""WirelessDeviceId"":""39886500-d9c4-4adb-86e0-79dd1d3211bf"",""PayloadData"":""adMXmxIAAAKzAAA="",""WirelessMetadata"":{""LoRaWAN"":{""ADR"":true,""Bandwidth"":125,""ClassB"":false,""CodeRate"":""4/5"",""DataRate"":""0"",""DevAddr"":""018845fd"",""DevEui"":""464c58212beca0c9"",""FCnt"":1,""FOptLen"":0,""FPort"":20,""Frequency"":""904900000"",""Gateways"":[{""GatewayEui"":""000ce3fffe7640df"",""Rssi"":-44,""Snr"":13},{""GatewayEui"":""ac1f09fffe1f4c5b"",""Rssi"":-101,""Snr"":9.25},{""GatewayEui"":""000ce3fffe7640ca"",""Rssi"":-108,""Snr"":3.25},{""GatewayEui"":""000ce3fffe76411e"",""Rssi"":-109,""Snr"":3},{""GatewayEui"":""000ce3fffe764142"",""Rssi"":-110,""Snr"":2.5}],""MIC"":""534f9d13"",""MType"":""UnconfirmedDataUp"",""Major"":""LoRaWANR1"",""Modulation"":""LORA"",""PolarizationInversion"":false,""SpreadingFactor"":10,""Timestamp"":""2026-04-06T02:16:56Z""}}}"
adMXmxIBAABAAAA=,464c58212beca0c9,2026-04-06T02:17:00.000Z,"{""MessageId"":""b28a42c4-10a1-4153-b5ea-c24dac72901b"",""WirelessDeviceId"":""39886500-d9c4-4adb-86e0-79dd1d3211bf"",""PayloadData"":""adMXmxIBAABAAAA="",""WirelessMetadata"":{""LoRaWAN"":{""ADR"":true,""Bandwidth"":125,""ClassB"":false,""CodeRate"":""4/5"",""DataRate"":""3"",""DevAddr"":""018845fd"",""DevEui"":""464c58212beca0c9"",""FCnt"":2,""FOptLen"":1,""FPort"":20,""Frequency"":""904100000"",""Gateways"":[{""GatewayEui"":""000ce3fffe7640df"",""Rssi"":-47,""Snr"":14.75},{""GatewayEui"":""000ce3fffe764142"",""Rssi"":-97,""Snr"":12.75},{""GatewayEui"":""ac1f09fffe1f4c5b"",""Rssi"":-98,""Snr"":12.25},{""GatewayEui"":""000ce3fffe76411e"",""Rssi"":-106,""Snr"":6.75},{""GatewayEui"":""000ce3fffe7640ca"",""Rssi"":-111,""Snr"":2}],""MIC"":""f4cad7c7"",""MType"":""UnconfirmedDataUp"",""Major"":""LoRaWANR1"",""Modulation"":""LORA"",""PolarizationInversion"":false,""SpreadingFactor"":7,""Timestamp"":""2026-04-06T02:17:00Z""}}}"
adMXmxICAAAZAAA=,464c58212beca0c9,2026-04-06T02:17:04.000Z,"{""MessageId"":""f18d9713-df88-48d4-a6e7-15fee1324470"",""WirelessDeviceId"":""39886500-d9c4-4adb-86e0-79dd1d3211bf"",""PayloadData"":""adMXmxICAAAZAAA="",""WirelessMetadata"":{""LoRaWAN"":{""ADR"":true,""Bandwidth"":125,""ClassB"":false,""CodeRate"":""4/5"",""DataRate"":""3"",""DevAddr"":""018845fd"",""DevEui"":""464c58212beca0c9"",""FCnt"":3,""FOptLen"":1,""FPort"":20,""Frequency"":""905300000"",""Gateways"":[{""GatewayEui"":""000ce3fffe7640df"",""Rssi"":-50,""Snr"":10.75},{""GatewayEui"":""000ce3fffe764142"",""Rssi"":-110,""Snr"":3.25},{""GatewayEui"":""ac1f09fffe1f4c5b"",""Rssi"":-111,""Snr"":2.5},{""GatewayEui"":""000ce3fffe7640ca"",""Rssi"":-119,""Snr"":-6.75},{""GatewayEui"":""000ce3fffe76411e"",""Rssi"":-119,""Snr"":-7.5}],""MIC"":""54e29368"",""MType"":""UnconfirmedDataUp"",""Major"":""LoRaWANR1"",""Modulation"":""LORA"",""PolarizationInversion"":false,""SpreadingFactor"":7,""Timestamp"":""2026-04-06T02:17:04Z""}}}"
adMXmxIDAAAMAAA=,464c58212beca0c9,2026-04-06T02:17:09.000Z,"{""MessageId"":""3888bc80-dd69-4426-a113-00736577b9cd"",""WirelessDeviceId"":""39886500-d9c4-4adb-86e0-79dd1d3211bf"",""PayloadData"":""adMXmxIDAAAMAAA="",""WirelessMetadata"":{""LoRaWAN"":{""ADR"":true,""Bandwidth"":125,""ClassB"":false,""CodeRate"":""4/5"",""DataRate"":""3"",""DevAddr"":""018845fd"",""DevEui"":""464c58212beca0c9"",""FCnt"":4,""FOptLen"":0,""FPort"":20,""Frequency"":""903900000"",""Gateways"":[{""GatewayEui"":""000ce3fffe7640df"",""Rssi"":-57,""Snr"":13.75},{""GatewayEui"":""000ce3fffe764142"",""Rssi"":-100,""Snr"":11.5},{""GatewayEui"":""ac1f09fffe1f4c5b"",""Rssi"":-107,""Snr"":7.5},{""GatewayEui"":""000ce3fffe76411e"",""Rssi"":-112,""Snr"":2},{""GatewayEui"":""000ce3fffe7640ca"",""Rssi"":-119,""Snr"":-5.25}],""MIC"":""6034370c"",""MType"":""UnconfirmedDataUp"",""Major"":""LoRaWANR1"",""Modulation"":""LORA"",""PolarizationInversion"":false,""SpreadingFactor"":7,""Timestamp"":""2026-04-06T02:17:09Z""}}}"
adMXmxIEAAA/AAA=,464c58212beca0c9,2026-04-06T02:17:14.000Z,"{""MessageId"":""f77e1338-7be2-4ec6-8a8e-dba581a71395"",""WirelessDeviceId"":""39886500-d9c4-4adb-86e0-79dd1d3211bf"",""PayloadData"":""adMXmxIEAAA/AAA="",""WirelessMetadata"":{""LoRaWAN"":{""ADR"":true,""Bandwidth"":125,""ClassB"":false,""CodeRate"":""4/5"",""DataRate"":""3"",""DevAddr"":""018845fd"",""DevEui"":""464c58212beca0c9"",""FCnt"":5,""FOptLen"":0,""FPort"":20,""Frequency"":""904700000"",""Gateways"":[{""GatewayEui"":""000ce3fffe7640df"",""Rssi"":-54,""Snr"":14.25},{""GatewayEui"":""000ce3fffe764142"",""Rssi"":-101,""Snr"":10.25},{""GatewayEui"":""ac1f09fffe1f4c5b"",""Rssi"":-106,""Snr"":7.25},{""GatewayEui"":""000ce3fffe76411e"",""Rssi"":-118,""Snr"":-4.5}],""MIC"":""121306a6"",""MType"":""UnconfirmedDataUp"",""Major"":""LoRaWANR1"",""Modulation"":""LORA"",""PolarizationInversion"":false,""SpreadingFactor"":7,""Timestamp"":""2026-04-06T02:17:14Z""}}}"
adMXmxIFAAAhAAA=,464c58212beca0c9,2026-04-06T02:17:19.000Z,"{""MessageId"":""fb87d85d-0dc5-4d33-b30a-a8f7ee1b0d68"",""WirelessDeviceId"":""39886500-d9c4-4adb-86e0-79dd1d3211bf"",""PayloadData"":""adMXmxIFAAAhAAA="",""WirelessMetadata"":{""LoRaWAN"":{""ADR"":true,""Bandwidth"":125,""ClassB"":false,""CodeRate"":""4/5"",""DataRate"":""3"",""DevAddr"":""018845fd"",""DevEui"":""464c58212beca0c9"",""FCnt"":6,""FOptLen"":0,""FPort"":20,""Frequency"":""904500000"",""Gateways"":[{""GatewayEui"":""000ce3fffe7640df"",""Rssi"":-53,""Snr"":14.25},{""GatewayEui"":""000ce3fffe764142"",""Rssi"":-104,""Snr"":9},{""GatewayEui"":""ac1f09fffe1f4c5b"",""Rssi"":-108,""Snr"":6.5},{""GatewayEui"":""000ce3fffe7640ca"",""Rssi"":-116,""Snr"":-3},{""GatewayEui"":""000ce3fffe76411e"",""Rssi"":-118,""Snr"":-4.75}],""MIC"":""c93c32bc"",""MType"":""UnconfirmedDataUp"",""Major"":""LoRaWANR1"",""Modulation"":""LORA"",""PolarizationInversion"":false,""SpreadingFactor"":7,""Timestamp"":""2026-04-06T02:17:19Z""}}}"
adQUgBANlQAAAAA=,464c58212beca0c9,2026-04-06T20:15:44.000Z,"{""MessageId"":""966d34e9-a5e6-4277-b20d-adc48c129d6a"",""WirelessDeviceId"":""39886500-d9c4-4adb-86e0-79dd1d3211bf"",""PayloadData"":""adQUgBANlQAAAAA="",""WirelessMetadata"":{""LoRaWAN"":{""ADR"":true,""Bandwidth"":125,""ClassB"":false,""CodeRate"":""4/5"",""DataRate"":""3"",""DevAddr"":""018845fd"",""DevEui"":""464c58212beca0c9"",""FCnt"":7,""FOptLen"":0,""FPort"":20,""Frequency"":""905100000"",""Gateways"":[{""GatewayEui"":""000ce3fffe7640df"",""Rssi"":-53,""Snr"":14.5},{""GatewayEui"":""000ce3fffe764142"",""Rssi"":-102,""Snr"":9.5},{""GatewayEui"":""000ce3fffe76411e"",""Rssi"":-110,""Snr"":1.75}],""MIC"":""4570d2a6"",""MType"":""ConfirmedDataUp"",""Major"":""LoRaWANR1"",""Modulation"":""LORA"",""PolarizationInversion"":false,""SpreadingFactor"":7,""Timestamp"":""2026-04-06T20:15:44Z""}}}"
adQUgBIAAAKzAAA=,464c58212beca0c9,2026-04-06T20:15:49.000Z,"{""MessageId"":""1ebe6c61-6f9d-48f0-b1ef-c3dc365e79a0"",""WirelessDeviceId"":""39886500-d9c4-4adb-86e0-79dd1d3211bf"",""PayloadData"":""adQUgBIAAAKzAAA="",""WirelessMetadata"":{""LoRaWAN"":{""ADR"":true,""Bandwidth"":125,""ClassB"":false,""CodeRate"":""4/5"",""DataRate"":""3"",""DevAddr"":""018845fd"",""DevEui"":""464c58212beca0c9"",""FCnt"":9,""FOptLen"":0,""FPort"":20,""Frequency"":""904300000"",""Gateways"":[{""GatewayEui"":""000ce3fffe7640df"",""Rssi"":-56,""Snr"":10.25},{""GatewayEui"":""000ce3fffe764142"",""Rssi"":-100,""Snr"":8},{""GatewayEui"":""000ce3fffe7640ca"",""Rssi"":-117,""Snr"":-4},{""GatewayEui"":""000ce3fffe76411e"",""Rssi"":-119,""Snr"":-6.25}],""MIC"":""66633679"",""MType"":""ConfirmedDataUp"",""Major"":""LoRaWANR1"",""Modulation"":""LORA"",""PolarizationInversion"":false,""SpreadingFactor"":7,""Timestamp"":""2026-04-06T20:15:49Z""}}}"
adQUgBIBAABAAAA=,464c58212beca0c9,2026-04-06T20:15:53.000Z,"{""MessageId"":""5115096b-93da-40c0-97a2-72648e0df5fe"",""WirelessDeviceId"":""39886500-d9c4-4adb-86e0-79dd1d3211bf"",""PayloadData"":""adQUgBIBAABAAAA="",""WirelessMetadata"":{""LoRaWAN"":{""ADR"":true,""Bandwidth"":125,""ClassB"":false,""CodeRate"":""4/5"",""DataRate"":""3"",""DevAddr"":""018845fd"",""DevEui"":""464c58212beca0c9"",""FCnt"":11,""FOptLen"":0,""FPort"":20,""Frequency"":""904500000"",""Gateways"":[{""GatewayEui"":""000ce3fffe7640df"",""Rssi"":-56,""Snr"":14.75},{""GatewayEui"":""000ce3fffe764142"",""Rssi"":-104,""Snr"":8.5},{""GatewayEui"":""000ce3fffe76411e"",""Rssi"":-114,""Snr"":-1},{""GatewayEui"":""000ce3fffe7640ca"",""Rssi"":-115,""Snr"":-3}],""MIC"":""89922846"",""MType"":""ConfirmedDataUp"",""Major"":""LoRaWANR1"",""Modulation"":""LORA"",""PolarizationInversion"":false,""SpreadingFactor"":7,""Timestamp"":""2026-04-06T20:15:53Z""}}}"
adQUgBICAAAZAAA=,464c58212beca0c9,2026-04-06T20:15:57.000Z,"{""MessageId"":""1ad422f0-b497-4fa7-8823-61d849d9628f"",""WirelessDeviceId"":""39886500-d9c4-4adb-86e0-79dd1d3211bf"",""PayloadData"":""adQUgBICAAAZAAA="",""WirelessMetadata"":{""LoRaWAN"":{""ADR"":true,""Bandwidth"":125,""ClassB"":false,""CodeRate"":""4/5"",""DataRate"":""3"",""DevAddr"":""018845fd"",""DevEui"":""464c58212beca0c9"",""FCnt"":12,""FOptLen"":0,""FPort"":20,""Frequency"":""904700000"",""Gateways"":[{""GatewayEui"":""000ce3fffe7640df"",""Rssi"":-69,""Snr"":11.25},{""GatewayEui"":""000ce3fffe76411e"",""Rssi"":-116,""Snr"":-2},{""GatewayEui"":""000ce3fffe7640ca"",""Rssi"":-117,""Snr"":-3.75}],""MIC"":""c08441b6"",""MType"":""ConfirmedDataUp"",""Major"":""LoRaWANR1"",""Modulation"":""LORA"",""PolarizationInversion"":false,""SpreadingFactor"":7,""Timestamp"":""2026-04-06T20:15:57Z""}}}"
adQUgBIDAAAMAAA=,464c58212beca0c9,2026-04-06T20:16:01.000Z,"{""MessageId"":""2bbf716d-b186-47a6-be32-b73c50a8390e"",""WirelessDeviceId"":""39886500-d9c4-4adb-86e0-79dd1d3211bf"",""PayloadData"":""adQUgBIDAAAMAAA="",""WirelessMetadata"":{""LoRaWAN"":{""ADR"":true,""Bandwidth"":125,""ClassB"":false,""CodeRate"":""4/5"",""DataRate"":""3"",""DevAddr"":""018845fd"",""DevEui"":""464c58212beca0c9"",""FCnt"":13,""FOptLen"":0,""FPort"":20,""Frequency"":""904900000"",""Gateways"":[{""GatewayEui"":""000ce3fffe7640df"",""Rssi"":-57,""Snr"":14.25},{""GatewayEui"":""000ce3fffe764142"",""Rssi"":-109,""Snr"":3.5},{""GatewayEui"":""000ce3fffe76411e"",""Rssi"":-117,""Snr"":-4.25},{""GatewayEui"":""000ce3fffe7640ca"",""Rssi"":-119,""Snr"":-6.75}],""MIC"":""730fa4cd"",""MType"":""ConfirmedDataUp"",""Major"":""LoRaWANR1"",""Modulation"":""LORA"",""PolarizationInversion"":false,""SpreadingFactor"":7,""Timestamp"":""2026-04-06T20:16:01Z""}}}"
adQUgBIEAAA/AAA=,464c58212beca0c9,2026-04-06T20:16:06.000Z,"{""MessageId"":""8a55d4aa-b657-4cad-aa2f-c3f805487efb"",""WirelessDeviceId"":""39886500-d9c4-4adb-86e0-79dd1d3211bf"",""PayloadData"":""adQUgBIEAAA/AAA="",""WirelessMetadata"":{""LoRaWAN"":{""ADR"":true,""Bandwidth"":125,""ClassB"":false,""CodeRate"":""4/5"",""DataRate"":""3"",""DevAddr"":""018845fd"",""DevEui"":""464c58212beca0c9"",""FCnt"":14,""FOptLen"":0,""FPort"":20,""Frequency"":""903900000"",""Gateways"":[{""GatewayEui"":""000ce3fffe7640df"",""Rssi"":-66,""Snr"":14},{""GatewayEui"":""000ce3fffe764142"",""Rssi"":-102,""Snr"":10.25}],""MIC"":""16296694"",""MType"":""ConfirmedDataUp"",""Major"":""LoRaWANR1"",""Modulation"":""LORA"",""PolarizationInversion"":false,""SpreadingFactor"":7,""Timestamp"":""2026-04-06T20:16:06Z""}}}"
adQUgBIFAAAhAAA=,464c58212beca0c9,2026-04-06T20:16:10.000Z,"{""MessageId"":""97075c85-4622-4e0b-b044-6750ab6389df"",""WirelessDeviceId"":""39886500-d9c4-4adb-86e0-79dd1d3211bf"",""PayloadData"":""adQUgBIFAAAhAAA="",""WirelessMetadata"":{""LoRaWAN"":{""ADR"":true,""Bandwidth"":125,""ClassB"":false,""CodeRate"":""4/5"",""DataRate"":""3"",""DevAddr"":""018845fd"",""DevEui"":""464c58212beca0c9"",""FCnt"":16,""FOptLen"":0,""FPort"":20,""Frequency"":""905100000"",""Gateways"":[{""GatewayEui"":""000ce3fffe7640df"",""Rssi"":-53,""Snr"":14.25},{""GatewayEui"":""000ce3fffe764142"",""Rssi"":-107,""Snr"":6.25},{""GatewayEui"":""000ce3fffe76411e"",""Rssi"":-110,""Snr"":1.75},{""GatewayEui"":""000ce3fffe7640ca"",""Rssi"":-116,""Snr"":-4}],""MIC"":""ac452c30"",""MType"":""ConfirmedDataUp"",""Major"":""LoRaWANR1"",""Modulation"":""LORA"",""PolarizationInversion"":false,""SpreadingFactor"":7,""Timestamp"":""2026-04-06T20:16:10Z""}}}"
adQUhRANjAAAAAA=,464c58212beca0c9,2026-04-06T20:16:16.000Z,"{""MessageId"":""ecc23f0e-9f23-4a2e-b06d-534374685343"",""WirelessDeviceId"":""39886500-d9c4-4adb-86e0-79dd1d3211bf"",""PayloadData"":""adQUhRANjAAAAAA="",""WirelessMetadata"":{""LoRaWAN"":{""ADR"":true,""Bandwidth"":125,""ClassB"":false,""CodeRate"":""4/5"",""DataRate"":""3"",""DevAddr"":""018845fd"",""DevEui"":""464c58212beca0c9"",""FCnt"":18,""FOptLen"":0,""FPort"":20,""Frequency"":""904700000"",""Gateways"":[{""GatewayEui"":""000ce3fffe7640df"",""Rssi"":-56,""Snr"":14.25},{""GatewayEui"":""000ce3fffe764142"",""Rssi"":-112,""Snr"":2.25},{""GatewayEui"":""000ce3fffe76411e"",""Rssi"":-114,""Snr"":0},{""GatewayEui"":""000ce3fffe7640ca"",""Rssi"":-117,""Snr"":-3.5}],""MIC"":""25d871b6"",""MType"":""ConfirmedDataUp"",""Major"":""LoRaWANR1"",""Modulation"":""LORA"",""PolarizationInversion"":false,""SpreadingFactor"":7,""Timestamp"":""2026-04-06T20:16:16Z""}}}"
adQUhRIAAAKzAAA=,464c58212beca0c9,2026-04-06T20:16:20.000Z,"{""MessageId"":""8e3cd73a-f4c3-4317-bc73-747a18cc25e2"",""WirelessDeviceId"":""39886500-d9c4-4adb-86e0-79dd1d3211bf"",""PayloadData"":""adQUhRIAAAKzAAA="",""WirelessMetadata"":{""LoRaWAN"":{""ADR"":true,""Bandwidth"":125,""ClassB"":false,""CodeRate"":""4/5"",""DataRate"":""3"",""DevAddr"":""018845fd"",""DevEui"":""464c58212beca0c9"",""FCnt"":19,""FOptLen"":0,""FPort"":20,""Frequency"":""904300000"",""Gateways"":[{""GatewayEui"":""000ce3fffe7640df"",""Rssi"":-55,""Snr"":11.5},{""GatewayEui"":""000ce3fffe764142"",""Rssi"":-103,""Snr"":7.75},{""GatewayEui"":""000ce3fffe7640ca"",""Rssi"":-117,""Snr"":-4.25}],""MIC"":""a272e1b7"",""MType"":""ConfirmedDataUp"",""Major"":""LoRaWANR1"",""Modulation"":""LORA"",""PolarizationInversion"":false,""SpreadingFactor"":7,""Timestamp"":""2026-04-06T20:16:20Z""}}}"
adQUhRIBAABAAAA=,464c58212beca0c9,2026-04-06T20:16:25.000Z,"{""MessageId"":""db3f7190-32dc-4bf3-ac80-f56d7707c52e"",""WirelessDeviceId"":""39886500-d9c4-4adb-86e0-79dd1d3211bf"",""PayloadData"":""adQUhRIBAABAAAA="",""WirelessMetadata"":{""LoRaWAN"":{""ADR"":true,""Bandwidth"":125,""ClassB"":false,""CodeRate"":""4/5"",""DataRate"":""3"",""DevAddr"":""018845fd"",""DevEui"":""464c58212beca0c9"",""FCnt"":20,""FOptLen"":0,""FPort"":20,""Frequency"":""904100000"",""Gateways"":[{""GatewayEui"":""000ce3fffe7640df"",""Rssi"":-58,""Snr"":14},{""GatewayEui"":""000ce3fffe764142"",""Rssi"":-104,""Snr"":8.75},{""GatewayEui"":""000ce3fffe76411e"",""Rssi"":-111,""Snr"":2.75},{""GatewayEui"":""000ce3fffe7640ca"",""Rssi"":-114,""Snr"":-1.25}],""MIC"":""2932bdd8"",""MType"":""ConfirmedDataUp"",""Major"":""LoRaWANR1"",""Modulation"":""LORA"",""PolarizationInversion"":false,""SpreadingFactor"":7,""Timestamp"":""2026-04-06T20:16:25Z""}}}"
adQUhRICAAAZAAA=,464c58212beca0c9,2026-04-06T20:16:29.000Z,"{""MessageId"":""36a6c018-aedc-41e3-94e7-4729e4ba686d"",""WirelessDeviceId"":""39886500-d9c4-4adb-86e0-79dd1d3211bf"",""PayloadData"":""adQUhRICAAAZAAA="",""WirelessMetadata"":{""LoRaWAN"":{""ADR"":true,""Bandwidth"":125,""ClassB"":false,""CodeRate"":""4/5"",""DataRate"":""3"",""DevAddr"":""018845fd"",""DevEui"":""464c58212beca0c9"",""FCnt"":21,""FOptLen"":0,""FPort"":20,""Frequency"":""905300000"",""Gateways"":[{""GatewayEui"":""000ce3fffe7640df"",""Rssi"":-54,""Snr"":10.75},{""GatewayEui"":""000ce3fffe764142"",""Rssi"":-112,""Snr"":1.75},{""GatewayEui"":""000ce3fffe7640ca"",""Rssi"":-118,""Snr"":-6}],""MIC"":""58df0902"",""MType"":""ConfirmedDataUp"",""Major"":""LoRaWANR1"",""Modulation"":""LORA"",""PolarizationInversion"":false,""SpreadingFactor"":7,""Timestamp"":""2026-04-06T20:16:29Z""}}}"
adQUhRIDAAAMAAA=,464c58212beca0c9,2026-04-06T20:16:33.000Z,"{""MessageId"":""0d56c365-ef6f-4cf4-a566-8adea4ac30d8"",""WirelessDeviceId"":""39886500-d9c4-4adb-86e0-79dd1d3211bf"",""PayloadData"":""adQUhRIDAAAMAAA="",""WirelessMetadata"":{""LoRaWAN"":{""ADR"":true,""Bandwidth"":125,""ClassB"":false,""CodeRate"":""4/5"",""DataRate"":""3"",""DevAddr"":""018845fd"",""DevEui"":""464c58212beca0c9"",""FCnt"":22,""FOptLen"":0,""FPort"":20,""Frequency"":""903900000"",""Gateways"":[{""GatewayEui"":""000ce3fffe7640df"",""Rssi"":-58,""Snr"":14.25},{""GatewayEui"":""000ce3fffe76411e"",""Rssi"":-112,""Snr"":2.25},{""GatewayEui"":""000ce3fffe7640ca"",""Rssi"":-116,""Snr"":-2.25}],""MIC"":""d507be77"",""MType"":""ConfirmedDataUp"",""Major"":""LoRaWANR1"",""Modulation"":""LORA"",""PolarizationInversion"":false,""SpreadingFactor"":7,""Timestamp"":""2026-04-06T20:16:33Z""}}}"
adQUhRIEAAA/AAA=,464c58212beca0c9,2026-04-06T20:16:37.000Z,"{""MessageId"":""72fd46d6-e4cf-4e16-b1df-e3e11b5a489c"",""WirelessDeviceId"":""39886500-d9c4-4adb-86e0-79dd1d3211bf"",""PayloadData"":""adQUhRIEAAA/AAA="",""WirelessMetadata"":{""LoRaWAN"":{""ADR"":true,""Bandwidth"":125,""ClassB"":false,""CodeRate"":""4/5"",""DataRate"":""3"",""DevAddr"":""018845fd"",""DevEui"":""464c58212beca0c9"",""FCnt"":23,""FOptLen"":0,""FPort"":20,""Frequency"":""905100000"",""Gateways"":[{""GatewayEui"":""000ce3fffe7640df"",""Rssi"":-56,""Snr"":14}],""MIC"":""1d43c08c"",""MType"":""ConfirmedDataUp"",""Major"":""LoRaWANR1"",""Modulation"":""LORA"",""PolarizationInversion"":false,""SpreadingFactor"":7,""Timestamp"":""2026-04-06T20:16:37Z""}}}"
adQUhRIFAAAhAAA=,464c58212beca0c9,2026-04-06T20:16:41.000Z,"{""MessageId"":""97f4f266-b5b5-4c77-bf25-eac34b676706"",""WirelessDeviceId"":""39886500-d9c4-4adb-86e0-79dd1d3211bf"",""PayloadData"":""adQUhRIFAAAhAAA="",""WirelessMetadata"":{""LoRaWAN"":{""ADR"":true,""Bandwidth"":125,""ClassB"":false,""CodeRate"":""4/5"",""DataRate"":""3"",""DevAddr"":""018845fd"",""DevEui"":""464c58212beca0c9"",""FCnt"":24,""FOptLen"":0,""FPort"":20,""Frequency"":""904500000"",""Gateways"":[{""GatewayEui"":""000ce3fffe7640df"",""Rssi"":-55,""Snr"":14},{""GatewayEui"":""000ce3fffe764142"",""Rssi"":-107,""Snr"":7},{""GatewayEui"":""000ce3fffe76411e"",""Rssi"":-115,""Snr"":-2.75},{""GatewayEui"":""000ce3fffe7640ca"",""Rssi"":-117,""Snr"":-4.25}],""MIC"":""fe0cdd27"",""MType"":""ConfirmedDataUp"",""Major"":""LoRaWANR1"",""Modulation"":""LORA"",""PolarizationInversion"":false,""SpreadingFactor"":7,""Timestamp"":""2026-04-06T20:16:41Z""}}}"
adVmABANlAAAAAA=,464c58212beca0c9,2026-04-07T20:15:44.000Z,"{""MessageId"":""133c879b-0dba-4850-8037-b8ba20b72ed9"",""WirelessDeviceId"":""39886500-d9c4-4adb-86e0-79dd1d3211bf"",""PayloadData"":""adVmABANlAAAAAA="",""WirelessMetadata"":{""LoRaWAN"":{""ADR"":true,""Bandwidth"":125,""ClassB"":false,""CodeRate"":""4/5"",""DataRate"":""3"",""DevAddr"":""018845fd"",""DevEui"":""464c58212beca0c9"",""FCnt"":25,""FOptLen"":0,""FPort"":20,""Frequency"":""903900000"",""Gateways"":[{""GatewayEui"":""000ce3fffe7640df"",""Rssi"":-55,""Snr"":14.25},{""GatewayEui"":""000ce3fffe764142"",""Rssi"":-102,""Snr"":9.5},{""GatewayEui"":""ac1f09fffe1f4c5b"",""Rssi"":-112,""Snr"":3.25},{""GatewayEui"":""000ce3fffe7640ca"",""Rssi"":-119,""Snr"":-6.75},{""GatewayEui"":""000ce3fffe76411e"",""Rssi"":-121,""Snr"":-7}],""MIC"":""f51a880d"",""MType"":""ConfirmedDataUp"",""Major"":""LoRaWANR1"",""Modulation"":""LORA"",""PolarizationInversion"":false,""SpreadingFactor"":7,""Timestamp"":""2026-04-07T20:15:44Z""}}}"
adVmABIAAAKzAAA=,464c58212beca0c9,2026-04-07T20:15:48.000Z,"{""MessageId"":""a66a5eff-11ec-463d-aff8-4c9e722419ab"",""WirelessDeviceId"":""39886500-d9c4-4adb-86e0-79dd1d3211bf"",""PayloadData"":""adVmABIAAAKzAAA="",""WirelessMetadata"":{""LoRaWAN"":{""ADR"":true,""Bandwidth"":125,""ClassB"":false,""CodeRate"":""4/5"",""DataRate"":""3"",""DevAddr"":""018845fd"",""DevEui"":""464c58212beca0c9"",""FCnt"":27,""FOptLen"":0,""FPort"":20,""Frequency"":""905100000"",""Gateways"":[{""GatewayEui"":""000ce3fffe7640df"",""Rssi"":-53,""Snr"":14.25},{""GatewayEui"":""ac1f09fffe1f4c5b"",""Rssi"":-104,""Snr"":8},{""GatewayEui"":""000ce3fffe76411e"",""Rssi"":-109,""Snr"":2.5},{""GatewayEui"":""000ce3fffe764142"",""Rssi"":-117,""Snr"":-2.25}],""MIC"":""6b1501a0"",""MType"":""ConfirmedDataUp"",""Major"":""LoRaWANR1"",""Modulation"":""LORA"",""PolarizationInversion"":false,""SpreadingFactor"":7,""Timestamp"":""2026-04-07T20:15:48Z""}}}"
adVmABIBAABAAAA=,464c58212beca0c9,2026-04-07T20:15:53.000Z,"{""MessageId"":""8e12050b-092c-461b-b7ef-97be365d7163"",""WirelessDeviceId"":""39886500-d9c4-4adb-86e0-79dd1d3211bf"",""PayloadData"":""adVmABIBAABAAAA="",""WirelessMetadata"":{""LoRaWAN"":{""ADR"":true,""Bandwidth"":125,""ClassB"":false,""CodeRate"":""4/5"",""DataRate"":""3"",""DevAddr"":""018845fd"",""DevEui"":""464c58212beca0c9"",""FCnt"":29,""FOptLen"":0,""FPort"":20,""Frequency"":""904700000"",""Gateways"":[{""GatewayEui"":""000ce3fffe7640df"",""Rssi"":-53,""Snr"":14.25},{""GatewayEui"":""ac1f09fffe1f4c5b"",""Rssi"":-105,""Snr"":8.75},{""GatewayEui"":""000ce3fffe764142"",""Rssi"":-109,""Snr"":6},{""GatewayEui"":""000ce3fffe76411e"",""Rssi"":-109,""Snr"":4.5},{""GatewayEui"":""000ce3fffe7640ca"",""Rssi"":-117,""Snr"":-4}],""MIC"":""14eaffde"",""MType"":""ConfirmedDataUp"",""Major"":""LoRaWANR1"",""Modulation"":""LORA"",""PolarizationInversion"":false,""SpreadingFactor"":7,""Timestamp"":""2026-04-07T20:15:53Z""}}}"
adVmABICAAAZAAA=,464c58212beca0c9,2026-04-07T20:15:57.000Z,"{""MessageId"":""e18673cf-0265-427f-9cb0-2f3727407c63"",""WirelessDeviceId"":""39886500-d9c4-4adb-86e0-79dd1d3211bf"",""PayloadData"":""adVmABICAAAZAAA="",""WirelessMetadata"":{""LoRaWAN"":{""ADR"":true,""Bandwidth"":125,""ClassB"":false,""CodeRate"":""4/5"",""DataRate"":""3"",""DevAddr"":""018845fd"",""DevEui"":""464c58212beca0c9"",""FCnt"":30,""FOptLen"":0,""FPort"":20,""Frequency"":""905300000"",""Gateways"":[{""GatewayEui"":""000ce3fffe7640df"",""Rssi"":-52,""Snr"":10},{""GatewayEui"":""000ce3fffe764142"",""Rssi"":-105,""Snr"":3.5},{""GatewayEui"":""ac1f09fffe1f4c5b"",""Rssi"":-106,""Snr"":2},{""GatewayEui"":""000ce3fffe76411e"",""Rssi"":-112,""Snr"":-3.5},{""GatewayEui"":""000ce3fffe7640ca"",""Rssi"":-118,""Snr"":-7.25}],""MIC"":""f940e54d"",""MType"":""ConfirmedDataUp"",""Major"":""LoRaWANR1"",""Modulation"":""LORA"",""PolarizationInversion"":false,""SpreadingFactor"":7,""Timestamp"":""2026-04-07T20:15:57Z""}}}"
adVmABIDAAAMAAA=,464c58212beca0c9,2026-04-07T20:16:01.000Z,"{""MessageId"":""419223d9-ad67-4e5f-baec-95d0d2451952"",""WirelessDeviceId"":""39886500-d9c4-4adb-86e0-79dd1d3211bf"",""PayloadData"":""adVmABIDAAAMAAA="",""WirelessMetadata"":{""LoRaWAN"":{""ADR"":true,""Bandwidth"":125,""ClassB"":false,""CodeRate"":""4/5"",""DataRate"":""3"",""DevAddr"":""018845fd"",""DevEui"":""464c58212beca0c9"",""FCnt"":31,""FOptLen"":0,""FPort"":20,""Frequency"":""904500000"",""Gateways"":[{""GatewayEui"":""000ce3fffe7640df"",""Rssi"":-53,""Snr"":13.75},{""GatewayEui"":""000ce3fffe764142"",""Rssi"":-106,""Snr"":7.25},{""GatewayEui"":""ac1f09fffe1f4c5b"",""Rssi"":-108,""Snr"":5.75},{""GatewayEui"":""000ce3fffe76411e"",""Rssi"":-111,""Snr"":1.5},{""GatewayEui"":""000ce3fffe7640ca"",""Rssi"":-114,""Snr"":-2.5}],""MIC"":""5c54c91d"",""MType"":""ConfirmedDataUp"",""Major"":""LoRaWANR1"",""Modulation"":""LORA"",""PolarizationInversion"":false,""SpreadingFactor"":7,""Timestamp"":""2026-04-07T20:16:01Z""}}}"
adVmABIEAAA/AAA=,464c58212beca0c9,2026-04-07T20:16:06.000Z,"{""MessageId"":""e1bd237f-728f-42c3-9f55-a0585b1b80c8"",""WirelessDeviceId"":""39886500-d9c4-4adb-86e0-79dd1d3211bf"",""PayloadData"":""adVmABIEAAA/AAA="",""WirelessMetadata"":{""LoRaWAN"":{""ADR"":true,""Bandwidth"":125,""ClassB"":false,""CodeRate"":""4/5"",""DataRate"":""3"",""DevAddr"":""018845fd"",""DevEui"":""464c58212beca0c9"",""FCnt"":32,""FOptLen"":0,""FPort"":20,""Frequency"":""904100000"",""Gateways"":[{""GatewayEui"":""000ce3fffe7640df"",""Rssi"":-54,""Snr"":14.25},{""GatewayEui"":""000ce3fffe764142"",""Rssi"":-100,""Snr"":10.75},{""GatewayEui"":""ac1f09fffe1f4c5b"",""Rssi"":-107,""Snr"":6.25},{""GatewayEui"":""000ce3fffe7640ca"",""Rssi"":-115,""Snr"":-2.25},{""GatewayEui"":""000ce3fffe76411e"",""Rssi"":-118,""Snr"":-4}],""MIC"":""0379df58"",""MType"":""ConfirmedDataUp"",""Major"":""LoRaWANR1"",""Modulation"":""LORA"",""PolarizationInversion"":false,""SpreadingFactor"":7,""Timestamp"":""2026-04-07T20:16:06Z""}}}"
adVmABIFAAAhAAA=,464c58212beca0c9,2026-04-07T20:16:10.000Z,"{""MessageId"":""4596dcfb-ae26-42f1-b1cd-d743ad3fe015"",""WirelessDeviceId"":""39886500-d9c4-4adb-86e0-79dd1d3211bf"",""PayloadData"":""adVmABIFAAAhAAA="",""WirelessMetadata"":{""LoRaWAN"":{""ADR"":true,""Bandwidth"":125,""ClassB"":false,""CodeRate"":""4/5"",""DataRate"":""3"",""DevAddr"":""018845fd"",""DevEui"":""464c58212beca0c9"",""FCnt"":33,""FOptLen"":0,""FPort"":20,""Frequency"":""904300000"",""Gateways"":[{""GatewayEui"":""000ce3fffe7640df"",""Rssi"":-54,""Snr"":10.75},{""GatewayEui"":""000ce3fffe764142"",""Rssi"":-100,""Snr"":9.25},{""GatewayEui"":""000ce3fffe76411e"",""Rssi"":-111,""Snr"":1.75},{""GatewayEui"":""ac1f09fffe1f4c5b"",""Rssi"":-108,""Snr"":1.5},{""GatewayEui"":""000ce3fffe7640ca"",""Rssi"":-115,""Snr"":-2.5}],""MIC"":""31b939bc"",""MType"":""ConfirmedDataUp"",""Major"":""LoRaWANR1"",""Modulation"":""LORA"",""PolarizationInversion"":false,""SpreadingFactor"":7,""Timestamp"":""2026-04-07T20:16:10Z""}}}"
adVmBRANjgAAAAA=,464c58212beca0c9,2026-04-07T20:16:14.000Z,"{""MessageId"":""ee0b62d5-63e7-4799-be65-7477d24b3b26"",""WirelessDeviceId"":""39886500-d9c4-4adb-86e0-79dd1d3211bf"",""PayloadData"":""adVmBRANjgAAAAA="",""WirelessMetadata"":{""LoRaWAN"":{""ADR"":true,""Bandwidth"":125,""ClassB"":false,""CodeRate"":""4/5"",""DataRate"":""3"",""DevAddr"":""018845fd"",""DevEui"":""464c58212beca0c9"",""FCnt"":35,""FOptLen"":0,""FPort"":20,""Frequency"":""903900000"",""Gateways"":[{""GatewayEui"":""000ce3fffe7640df"",""Rssi"":-56,""Snr"":13.75},{""GatewayEui"":""000ce3fffe764142"",""Rssi"":-103,""Snr"":9.75},{""GatewayEui"":""ac1f09fffe1f4c5b"",""Rssi"":-105,""Snr"":8.25},{""GatewayEui"":""000ce3fffe76411e"",""Rssi"":-114,""Snr"":-0.25},{""GatewayEui"":""000ce3fffe7640ca"",""Rssi"":-116,""Snr"":-3.75}],""MIC"":""58d13a5c"",""MType"":""ConfirmedDataUp"",""Major"":""LoRaWANR1"",""Modulation"":""LORA"",""PolarizationInversion"":false,""SpreadingFactor"":7,""Timestamp"":""2026-04-07T20:16:14Z""}}}"
adVmBRIAAAKzAAA=,464c58212beca0c9,2026-04-07T20:16:18.000Z,"{""MessageId"":""2f43060e-038d-4223-8b60-66dcdf68aff7"",""WirelessDeviceId"":""39886500-d9c4-4adb-86e0-79dd1d3211bf"",""PayloadData"":""adVmBRIAAAKzAAA="",""WirelessMetadata"":{""LoRaWAN"":{""ADR"":true,""Bandwidth"":125,""ClassB"":false,""CodeRate"":""4/5"",""DataRate"":""3"",""DevAddr"":""018845fd"",""DevEui"":""464c58212beca0c9"",""FCnt"":37,""FOptLen"":0,""FPort"":20,""Frequency"":""904700000"",""Gateways"":[{""GatewayEui"":""000ce3fffe7640df"",""Rssi"":-54,""Snr"":14},{""GatewayEui"":""000ce3fffe764142"",""Rssi"":-103,""Snr"":9.5},{""GatewayEui"":""ac1f09fffe1f4c5b"",""Rssi"":-108,""Snr"":4.75},{""GatewayEui"":""000ce3fffe76411e"",""Rssi"":-109,""Snr"":3.5},{""GatewayEui"":""000ce3fffe7640ca"",""Rssi"":-117,""Snr"":-3.5}],""MIC"":""252212ca"",""MType"":""ConfirmedDataUp"",""Major"":""LoRaWANR1"",""Modulation"":""LORA"",""PolarizationInversion"":false,""SpreadingFactor"":7,""Timestamp"":""2026-04-07T20:16:18Z""}}}"
adVmBRIBAABAAAA=,464c58212beca0c9,2026-04-07T20:16:22.000Z,"{""MessageId"":""e990061e-f6c7-44d9-a49d-6ecb232f945b"",""WirelessDeviceId"":""39886500-d9c4-4adb-86e0-79dd1d3211bf"",""PayloadData"":""adVmBRIBAABAAAA="",""WirelessMetadata"":{""LoRaWAN"":{""ADR"":true,""Bandwidth"":125,""ClassB"":false,""CodeRate"":""4/5"",""DataRate"":""3"",""DevAddr"":""018845fd"",""DevEui"":""464c58212beca0c9"",""FCnt"":38,""FOptLen"":0,""FPort"":20,""Frequency"":""904900000"",""Gateways"":[{""GatewayEui"":""000ce3fffe7640df"",""Rssi"":-54,""Snr"":14.25},{""GatewayEui"":""ac1f09fffe1f4c5b"",""Rssi"":-111,""Snr"":3.25},{""GatewayEui"":""000ce3fffe764142"",""Rssi"":-112,""Snr"":2.5},{""GatewayEui"":""000ce3fffe76411e"",""Rssi"":-114,""Snr"":-1.5},{""GatewayEui"":""000ce3fffe7640ca"",""Rssi"":-117,""Snr"":-5}],""MIC"":""5d739729"",""MType"":""ConfirmedDataUp"",""Major"":""LoRaWANR1"",""Modulation"":""LORA"",""PolarizationInversion"":false,""SpreadingFactor"":7,""Timestamp"":""2026-04-07T20:16:22Z""}}}"
adVmBRICAAAZAAA=,464c58212beca0c9,2026-04-07T20:16:26.000Z,"{""MessageId"":""dddc13ce-d414-41e7-9e6e-8e58834a59ea"",""WirelessDeviceId"":""39886500-d9c4-4adb-86e0-79dd1d3211bf"",""PayloadData"":""adVmBRICAAAZAAA="",""WirelessMetadata"":{""LoRaWAN"":{""ADR"":true,""Bandwidth"":125,""ClassB"":false,""CodeRate"":""4/5"",""DataRate"":""3"",""DevAddr"":""018845fd"",""DevEui"":""464c58212beca0c9"",""FCnt"":39,""FOptLen"":0,""FPort"":20,""Frequency"":""905100000"",""Gateways"":[{""GatewayEui"":""000ce3fffe7640df"",""Rssi"":-52,""Snr"":14.25},{""GatewayEui"":""000ce3fffe764142"",""Rssi"":-106,""Snr"":7.25},{""GatewayEui"":""ac1f09fffe1f4c5b"",""Rssi"":-110,""Snr"":4},{""GatewayEui"":""000ce3fffe76411e"",""Rssi"":-110,""Snr"":2},{""GatewayEui"":""000ce3fffe7640ca"",""Rssi"":-115,""Snr"":-3.75}],""MIC"":""208bfa6b"",""MType"":""ConfirmedDataUp"",""Major"":""LoRaWANR1"",""Modulation"":""LORA"",""PolarizationInversion"":false,""SpreadingFactor"":7,""Timestamp"":""2026-04-07T20:16:26Z""}}}"
adVmBRIDAAAMAAA=,464c58212beca0c9,2026-04-07T20:16:30.000Z,"{""MessageId"":""4eb88177-9358-4b42-809f-884c2aa21508"",""WirelessDeviceId"":""39886500-d9c4-4adb-86e0-79dd1d3211bf"",""PayloadData"":""adVmBRIDAAAMAAA="",""WirelessMetadata"":{""LoRaWAN"":{""ADR"":true,""Bandwidth"":125,""ClassB"":false,""CodeRate"":""4/5"",""DataRate"":""3"",""DevAddr"":""018845fd"",""DevEui"":""464c58212beca0c9"",""FCnt"":40,""FOptLen"":0,""FPort"":20,""Frequency"":""905300000"",""Gateways"":[{""GatewayEui"":""000ce3fffe7640df"",""Rssi"":-53,""Snr"":9.75},{""GatewayEui"":""000ce3fffe764142"",""Rssi"":-101,""Snr"":6.25},{""GatewayEui"":""ac1f09fffe1f4c5b"",""Rssi"":-107,""Snr"":3.5},{""GatewayEui"":""000ce3fffe76411e"",""Rssi"":-115,""Snr"":-4.75}],""MIC"":""9e4d18c7"",""MType"":""ConfirmedDataUp"",""Major"":""LoRaWANR1"",""Modulation"":""LORA"",""PolarizationInversion"":false,""SpreadingFactor"":7,""Timestamp"":""2026-04-07T20:16:30Z""}}}"
adVmBRIEAAA/AAA=,464c58212beca0c9,2026-04-07T20:16:33.000Z,"{""MessageId"":""957563a7-a2e0-4ed5-bb33-4b8d50673215"",""WirelessDeviceId"":""39886500-d9c4-4adb-86e0-79dd1d3211bf"",""PayloadData"":""adVmBRIEAAA/AAA="",""WirelessMetadata"":{""LoRaWAN"":{""ADR"":true,""Bandwidth"":125,""ClassB"":false,""CodeRate"":""4/5"",""DataRate"":""3"",""DevAddr"":""018845fd"",""DevEui"":""464c58212beca0c9"",""FCnt"":41,""FOptLen"":0,""FPort"":20,""Frequency"":""904700000"",""Gateways"":[{""GatewayEui"":""000ce3fffe7640df"",""Rssi"":-54,""Snr"":13.75},{""GatewayEui"":""000ce3fffe764142"",""Rssi"":-103,""Snr"":9},{""GatewayEui"":""ac1f09fffe1f4c5b"",""Rssi"":-104,""Snr"":8},{""GatewayEui"":""000ce3fffe76411e"",""Rssi"":-117,""Snr"":-3}],""MIC"":""ba226cae"",""MType"":""ConfirmedDataUp"",""Major"":""LoRaWANR1"",""Modulation"":""LORA"",""PolarizationInversion"":false,""SpreadingFactor"":7,""Timestamp"":""2026-04-07T20:16:33Z""}}}"
adVmBRIFAAAhAAA=,464c58212beca0c9,2026-04-07T20:16:37.000Z,"{""MessageId"":""cb287ae1-35df-40a5-9948-1b3f039806f3"",""WirelessDeviceId"":""39886500-d9c4-4adb-86e0-79dd1d3211bf"",""PayloadData"":""adVmBRIFAAAhAAA="",""WirelessMetadata"":{""LoRaWAN"":{""ADR"":true,""Bandwidth"":125,""ClassB"":false,""CodeRate"":""4/5"",""DataRate"":""3"",""DevAddr"":""018845fd"",""DevEui"":""464c58212beca0c9"",""FCnt"":42,""FOptLen"":0,""FPort"":20,""Frequency"":""903900000"",""Gateways"":[{""GatewayEui"":""000ce3fffe7640df"",""Rssi"":-55,""Snr"":14.25},{""GatewayEui"":""000ce3fffe764142"",""Rssi"":-104,""Snr"":9.5},{""GatewayEui"":""ac1f09fffe1f4c5b"",""Rssi"":-112,""Snr"":4},{""GatewayEui"":""000ce3fffe76411e"",""Rssi"":-116,""Snr"":-2},{""GatewayEui"":""000ce3fffe7640ca"",""Rssi"":-117,""Snr"":-4}],""MIC"":""22d9d1b7"",""MType"":""ConfirmedDataUp"",""Major"":""LoRaWANR1"",""Modulation"":""LORA"",""PolarizationInversion"":false,""SpreadingFactor"":7,""Timestamp"":""2026-04-07T20:16:37Z""}}}"
ada3gBANlwAAAAA=,464c58212beca0c9,2026-04-08T20:15:44.000Z,"{""MessageId"":""cec1d662-2dd7-4bfe-80a7-fa7204c7ad17"",""WirelessDeviceId"":""39886500-d9c4-4adb-86e0-79dd1d3211bf"",""PayloadData"":""ada3gBANlwAAAAA="",""WirelessMetadata"":{""LoRaWAN"":{""ADR"":true,""Bandwidth"":125,""ClassB"":false,""CodeRate"":""4/5"",""DataRate"":""3"",""DevAddr"":""018845fd"",""DevEui"":""464c58212beca0c9"",""FCnt"":43,""FOptLen"":0,""FPort"":20,""Frequency"":""905300000"",""Gateways"":[{""GatewayEui"":""000ce3fffe7640df"",""Rssi"":-58,""Snr"":10.25},{""GatewayEui"":""ac1f09fffe1f4c5b"",""Rssi"":-110,""Snr"":2.75},{""GatewayEui"":""000ce3fffe764142"",""Rssi"":-111,""Snr"":1.75},{""GatewayEui"":""000ce3fffe76411e"",""Rssi"":-115,""Snr"":-3.75},{""GatewayEui"":""000ce3fffe7640ca"",""Rssi"":-118,""Snr"":-6.75}],""MIC"":""48180a87"",""MType"":""ConfirmedDataUp"",""Major"":""LoRaWANR1"",""Modulation"":""LORA"",""PolarizationInversion"":false,""SpreadingFactor"":7,""Timestamp"":""2026-04-08T20:15:44Z""}}}"
ada3gBIAAAKzAAA=,464c58212beca0c9,2026-04-08T20:15:48.000Z,"{""MessageId"":""90b07f2d-6cd8-4a6c-875e-5d2e0b170588"",""WirelessDeviceId"":""39886500-d9c4-4adb-86e0-79dd1d3211bf"",""PayloadData"":""ada3gBIAAAKzAAA="",""WirelessMetadata"":{""LoRaWAN"":{""ADR"":true,""Bandwidth"":125,""ClassB"":false,""CodeRate"":""4/5"",""DataRate"":""3"",""DevAddr"":""018845fd"",""DevEui"":""464c58212beca0c9"",""FCnt"":45,""FOptLen"":0,""FPort"":20,""Frequency"":""904900000"",""Gateways"":[{""GatewayEui"":""000ce3fffe7640df"",""Rssi"":-54,""Snr"":13.75},{""GatewayEui"":""000ce3fffe764142"",""Rssi"":-103,""Snr"":9.5},{""GatewayEui"":""ac1f09fffe1f4c5b"",""Rssi"":-111,""Snr"":3.25},{""GatewayEui"":""000ce3fffe76411e"",""Rssi"":-115,""Snr"":-2.5}],""MIC"":""bc1dd992"",""MType"":""ConfirmedDataUp"",""Major"":""LoRaWANR1"",""Modulation"":""LORA"",""PolarizationInversion"":false,""SpreadingFactor"":7,""Timestamp"":""2026-04-08T20:15:48Z""}}}"
ada3gBIBAABAAAA=,464c58212beca0c9,2026-04-08T20:15:52.000Z,"{""MessageId"":""77861413-b1d8-454d-92d6-55eea34f02c4"",""WirelessDeviceId"":""39886500-d9c4-4adb-86e0-79dd1d3211bf"",""PayloadData"":""ada3gBIBAABAAAA="",""WirelessMetadata"":{""LoRaWAN"":{""ADR"":true,""Bandwidth"":125,""ClassB"":false,""CodeRate"":""4/5"",""DataRate"":""3"",""DevAddr"":""018845fd"",""DevEui"":""464c58212beca0c9"",""FCnt"":47,""FOptLen"":0,""FPort"":20,""Frequency"":""904100000"",""Gateways"":[{""GatewayEui"":""000ce3fffe7640df"",""Rssi"":-55,""Snr"":14},{""GatewayEui"":""000ce3fffe764142"",""Rssi"":-106,""Snr"":7.75},{""GatewayEui"":""ac1f09fffe1f4c5b"",""Rssi"":-106,""Snr"":7.5},{""GatewayEui"":""000ce3fffe7640ca"",""Rssi"":-114,""Snr"":-1.25}],""MIC"":""2bf2eae1"",""MType"":""ConfirmedDataUp"",""Major"":""LoRaWANR1"",""Modulation"":""LORA"",""PolarizationInversion"":false,""SpreadingFactor"":7,""Timestamp"":""2026-04-08T20:15:52Z""}}}"
ada3gBICAAAZAAA=,464c58212beca0c9,2026-04-08T20:15:57.000Z,"{""MessageId"":""b30f49b5-f3d3-4e8a-9836-9fff0aaacd4f"",""WirelessDeviceId"":""39886500-d9c4-4adb-86e0-79dd1d3211bf"",""PayloadData"":""ada3gBICAAAZAAA="",""WirelessMetadata"":{""LoRaWAN"":{""ADR"":true,""Bandwidth"":125,""ClassB"":false,""CodeRate"":""4/5"",""DataRate"":""3"",""DevAddr"":""018845fd"",""DevEui"":""464c58212beca0c9"",""FCnt"":48,""FOptLen"":0,""FPort"":20,""Frequency"":""904500000"",""Gateways"":[{""GatewayEui"":""000ce3fffe7640df"",""Rssi"":-55,""Snr"":14.75},{""GatewayEui"":""000ce3fffe764142"",""Rssi"":-102,""Snr"":9.25},{""GatewayEui"":""ac1f09fffe1f4c5b"",""Rssi"":-106,""Snr"":7},{""GatewayEui"":""000ce3fffe7640ca"",""Rssi"":-117,""Snr"":-4.75}],""MIC"":""c2ccba7b"",""MType"":""ConfirmedDataUp"",""Major"":""LoRaWANR1"",""Modulation"":""LORA"",""PolarizationInversion"":false,""SpreadingFactor"":7,""Timestamp"":""2026-04-08T20:15:57Z""}}}"
ada3gBIDAAAMAAA=,464c58212beca0c9,2026-04-08T20:16:01.000Z,"{""MessageId"":""20f76ed4-2779-4869-9098-423d9b3400cd"",""WirelessDeviceId"":""39886500-d9c4-4adb-86e0-79dd1d3211bf"",""PayloadData"":""ada3gBIDAAAMAAA="",""WirelessMetadata"":{""LoRaWAN"":{""ADR"":true,""Bandwidth"":125,""ClassB"":false,""CodeRate"":""4/5"",""DataRate"":""3"",""DevAddr"":""018845fd"",""DevEui"":""464c58212beca0c9"",""FCnt"":49,""FOptLen"":0,""FPort"":20,""Frequency"":""904900000"",""Gateways"":[{""GatewayEui"":""000ce3fffe7640df"",""Rssi"":-56,""Snr"":13.75},{""GatewayEui"":""ac1f09fffe1f4c5b"",""Rssi"":-108,""Snr"":5.5},{""GatewayEui"":""000ce3fffe764142"",""Rssi"":-109,""Snr"":5.5},{""GatewayEui"":""000ce3fffe7640ca"",""Rssi"":-113,""Snr"":-1},{""GatewayEui"":""000ce3fffe76411e"",""Rssi"":-115,""Snr"":-3.5}],""MIC"":""334bac08"",""MType"":""ConfirmedDataUp"",""Major"":""LoRaWANR1"",""Modulation"":""LORA"",""PolarizationInversion"":false,""SpreadingFactor"":7,""Timestamp"":""2026-04-08T20:16:01Z""}}}"
ada3gBIEAAA/AAA=,464c58212beca0c9,2026-04-08T20:16:05.000Z,"{""MessageId"":""2e790b39-a500-4894-9b13-a8a52f7a7e02"",""WirelessDeviceId"":""39886500-d9c4-4adb-86e0-79dd1d3211bf"",""PayloadData"":""ada3gBIEAAA/AAA="",""WirelessMetadata"":{""LoRaWAN"":{""ADR"":true,""Bandwidth"":125,""ClassB"":false,""CodeRate"":""4/5"",""DataRate"":""3"",""DevAddr"":""018845fd"",""DevEui"":""464c58212beca0c9"",""FCnt"":50,""FOptLen"":0,""FPort"":20,""Frequency"":""903900000"",""Gateways"":[{""GatewayEui"":""000ce3fffe7640df"",""Rssi"":-62,""Snr"":14},{""GatewayEui"":""ac1f09fffe1f4c5b"",""Rssi"":-105,""Snr"":8.75},{""GatewayEui"":""000ce3fffe764142"",""Rssi"":-115,""Snr"":-0.25},{""GatewayEui"":""000ce3fffe76411e"",""Rssi"":-122,""Snr"":-8}],""MIC"":""f950db4d"",""MType"":""ConfirmedDataUp"",""Major"":""LoRaWANR1"",""Modulation"":""LORA"",""PolarizationInversion"":false,""SpreadingFactor"":7,""Timestamp"":""2026-04-08T20:16:05Z""}}}"
ada3gBIFAAAhAAA=,464c58212beca0c9,2026-04-08T20:16:10.000Z,"{""MessageId"":""2d8aa570-6b14-4301-9332-a56894562ce4"",""WirelessDeviceId"":""39886500-d9c4-4adb-86e0-79dd1d3211bf"",""PayloadData"":""ada3gBIFAAAhAAA="",""WirelessMetadata"":{""LoRaWAN"":{""ADR"":true,""Bandwidth"":125,""ClassB"":false,""CodeRate"":""4/5"",""DataRate"":""3"",""DevAddr"":""018845fd"",""DevEui"":""464c58212beca0c9"",""FCnt"":51,""FOptLen"":0,""FPort"":20,""Frequency"":""904300000"",""Gateways"":[{""GatewayEui"":""000ce3fffe7640df"",""Rssi"":-57,""Snr"":10.5},{""GatewayEui"":""000ce3fffe764142"",""Rssi"":-105,""Snr"":6},{""GatewayEui"":""ac1f09fffe1f4c5b"",""Rssi"":-109,""Snr"":3.75},{""GatewayEui"":""000ce3fffe7640ca"",""Rssi"":-113,""Snr"":-0.75}],""MIC"":""8f0970db"",""MType"":""ConfirmedDataUp"",""Major"":""LoRaWANR1"",""Modulation"":""LORA"",""PolarizationInversion"":false,""SpreadingFactor"":7,""Timestamp"":""2026-04-08T20:16:10Z""}}}"
ada3hBANkQAAAAA=,464c58212beca0c9,2026-04-08T20:16:14.000Z,"{""MessageId"":""fa8c85f3-7e1a-4a59-a6ff-64dd057d4f33"",""WirelessDeviceId"":""39886500-d9c4-4adb-86e0-79dd1d3211bf"",""PayloadData"":""ada3hBANkQAAAAA="",""WirelessMetadata"":{""LoRaWAN"":{""ADR"":true,""Bandwidth"":125,""ClassB"":false,""CodeRate"":""4/5"",""DataRate"":""3"",""DevAddr"":""018845fd"",""DevEui"":""464c58212beca0c9"",""FCnt"":53,""FOptLen"":0,""FPort"":20,""Frequency"":""904100000"",""Gateways"":[{""GatewayEui"":""000ce3fffe7640df"",""Rssi"":-57,""Snr"":14.25},{""GatewayEui"":""000ce3fffe764142"",""Rssi"":-103,""Snr"":9.75},{""GatewayEui"":""ac1f09fffe1f4c5b"",""Rssi"":-105,""Snr"":7.75},{""GatewayEui"":""000ce3fffe7640ca"",""Rssi"":-115,""Snr"":-1.75}],""MIC"":""33cd11ec"",""MType"":""ConfirmedDataUp"",""Major"":""LoRaWANR1"",""Modulation"":""LORA"",""PolarizationInversion"":false,""SpreadingFactor"":7,""Timestamp"":""2026-04-08T20:16:14Z""}}}"
ada3hBIAAAKzAAA=,464c58212beca0c9,2026-04-08T20:16:18.000Z,"{""MessageId"":""62555c54-d4ae-4af2-bd81-ad2401bdf08b"",""WirelessDeviceId"":""39886500-d9c4-4adb-86e0-79dd1d3211bf"",""PayloadData"":""ada3hBIAAAKzAAA="",""WirelessMetadata"":{""LoRaWAN"":{""ADR"":true,""Bandwidth"":125,""ClassB"":false,""CodeRate"":""4/5"",""DataRate"":""3"",""DevAddr"":""018845fd"",""DevEui"":""464c58212beca0c9"",""FCnt"":55,""FOptLen"":0,""FPort"":20,""Frequency"":""905300000"",""Gateways"":[{""GatewayEui"":""000ce3fffe7640df"",""Rssi"":-54,""Snr"":11.75},{""GatewayEui"":""000ce3fffe764142"",""Rssi"":-105,""Snr"":6.5},{""GatewayEui"":""ac1f09fffe1f4c5b"",""Rssi"":-107,""Snr"":2.5}],""MIC"":""e3fdfde9"",""MType"":""ConfirmedDataUp"",""Major"":""LoRaWANR1"",""Modulation"":""LORA"",""PolarizationInversion"":false,""SpreadingFactor"":7,""Timestamp"":""2026-04-08T20:16:18Z""}}}"
ada3hBIBAABAAAA=,464c58212beca0c9,2026-04-08T20:16:22.000Z,"{""MessageId"":""293ea627-09ff-446a-b649-33ab2e4e984a"",""WirelessDeviceId"":""39886500-d9c4-4adb-86e0-79dd1d3211bf"",""PayloadData"":""ada3hBIBAABAAAA="",""WirelessMetadata"":{""LoRaWAN"":{""ADR"":true,""Bandwidth"":125,""ClassB"":false,""CodeRate"":""4/5"",""DataRate"":""3"",""DevAddr"":""018845fd"",""DevEui"":""464c58212beca0c9"",""FCnt"":56,""FOptLen"":0,""FPort"":20,""Frequency"":""904500000"",""Gateways"":[{""GatewayEui"":""000ce3fffe7640df"",""Rssi"":-57,""Snr"":14.5},{""GatewayEui"":""000ce3fffe764142"",""Rssi"":-100,""Snr"":11},{""GatewayEui"":""ac1f09fffe1f4c5b"",""Rssi"":-107,""Snr"":7},{""GatewayEui"":""000ce3fffe7640ca"",""Rssi"":-113,""Snr"":-1}],""MIC"":""4cac3ca6"",""MType"":""ConfirmedDataUp"",""Major"":""LoRaWANR1"",""Modulation"":""LORA"",""PolarizationInversion"":false,""SpreadingFactor"":7,""Timestamp"":""2026-04-08T20:16:22Z""}}}"
ada3hBICAAAZAAA=,464c58212beca0c9,2026-04-08T20:16:26.000Z,"{""MessageId"":""47e11f4a-66a1-49af-aec8-62bdd85538d4"",""WirelessDeviceId"":""39886500-d9c4-4adb-86e0-79dd1d3211bf"",""PayloadData"":""ada3hBICAAAZAAA="",""WirelessMetadata"":{""LoRaWAN"":{""ADR"":true,""Bandwidth"":125,""ClassB"":false,""CodeRate"":""4/5"",""DataRate"":""3"",""DevAddr"":""018845fd"",""DevEui"":""464c58212beca0c9"",""FCnt"":57,""FOptLen"":0,""FPort"":20,""Frequency"":""905300000"",""Gateways"":[{""GatewayEui"":""000ce3fffe7640df"",""Rssi"":-53,""Snr"":8},{""GatewayEui"":""ac1f09fffe1f4c5b"",""Rssi"":-109,""Snr"":3.75},{""GatewayEui"":""000ce3fffe764142"",""Rssi"":-110,""Snr"":0},{""GatewayEui"":""000ce3fffe76411e"",""Rssi"":-111,""Snr"":-1.25}],""MIC"":""dc2d0884"",""MType"":""ConfirmedDataUp"",""Major"":""LoRaWANR1"",""Modulation"":""LORA"",""PolarizationInversion"":false,""SpreadingFactor"":7,""Timestamp"":""2026-04-08T20:16:26Z""}}}"
ada3hBIDAAAMAAA=,464c58212beca0c9,2026-04-08T20:16:31.000Z,"{""MessageId"":""26adb17a-85ad-4171-9791-3afad552704d"",""WirelessDeviceId"":""39886500-d9c4-4adb-86e0-79dd1d3211bf"",""PayloadData"":""ada3hBIDAAAMAAA="",""WirelessMetadata"":{""LoRaWAN"":{""ADR"":true,""Bandwidth"":125,""ClassB"":false,""CodeRate"":""4/5"",""DataRate"":""3"",""DevAddr"":""018845fd"",""DevEui"":""464c58212beca0c9"",""FCnt"":58,""FOptLen"":0,""FPort"":20,""Frequency"":""904700000"",""Gateways"":[{""GatewayEui"":""000ce3fffe764142"",""Rssi"":-103,""Snr"":8.5},{""GatewayEui"":""ac1f09fffe1f4c5b"",""Rssi"":-107,""Snr"":6.5}],""MIC"":""32568c12"",""MType"":""ConfirmedDataUp"",""Major"":""LoRaWANR1"",""Modulation"":""LORA"",""PolarizationInversion"":false,""SpreadingFactor"":7,""Timestamp"":""2026-04-08T20:16:31Z""}}}"
ada3hBIEAAA/AAA=,464c58212beca0c9,2026-04-08T20:16:35.000Z,"{""MessageId"":""1e1c15ec-6273-460b-9834-f74040356de5"",""WirelessDeviceId"":""39886500-d9c4-4adb-86e0-79dd1d3211bf"",""PayloadData"":""ada3hBIEAAA/AAA="",""WirelessMetadata"":{""LoRaWAN"":{""ADR"":true,""Bandwidth"":125,""ClassB"":false,""CodeRate"":""4/5"",""DataRate"":""3"",""DevAddr"":""018845fd"",""DevEui"":""464c58212beca0c9"",""FCnt"":59,""FOptLen"":0,""FPort"":20,""Frequency"":""904900000"",""Gateways"":[{""GatewayEui"":""000ce3fffe7640df"",""Rssi"":-54,""Snr"":14},{""GatewayEui"":""ac1f09fffe1f4c5b"",""Rssi"":-106,""Snr"":7},{""GatewayEui"":""000ce3fffe76411e"",""Rssi"":-113,""Snr"":-0.75},{""GatewayEui"":""000ce3fffe7640ca"",""Rssi"":-116,""Snr"":-4.25}],""MIC"":""7de7e536"",""MType"":""ConfirmedDataUp"",""Major"":""LoRaWANR1"",""Modulation"":""LORA"",""PolarizationInversion"":false,""SpreadingFactor"":7,""Timestamp"":""2026-04-08T20:16:35Z""}}}"
ada3hBIFAAAhAAA=,464c58212beca0c9,2026-04-08T20:16:39.000Z,"{""MessageId"":""38ed27cf-58b3-4f63-acc5-6101ab418452"",""WirelessDeviceId"":""39886500-d9c4-4adb-86e0-79dd1d3211bf"",""PayloadData"":""ada3hBIFAAAhAAA="",""WirelessMetadata"":{""LoRaWAN"":{""ADR"":true,""Bandwidth"":125,""ClassB"":false,""CodeRate"":""4/5"",""DataRate"":""3"",""DevAddr"":""018845fd"",""DevEui"":""464c58212beca0c9"",""FCnt"":60,""FOptLen"":0,""FPort"":20,""Frequency"":""903900000"",""Gateways"":[{""GatewayEui"":""000ce3fffe7640df"",""Rssi"":-59,""Snr"":14.5},{""GatewayEui"":""000ce3fffe764142"",""Rssi"":-101,""Snr"":10.5},{""GatewayEui"":""ac1f09fffe1f4c5b"",""Rssi"":-108,""Snr"":6.75},{""GatewayEui"":""000ce3fffe7640ca"",""Rssi"":-115,""Snr"":-1.5},{""GatewayEui"":""000ce3fffe76411e"",""Rssi"":-117,""Snr"":-3}],""MIC"":""24a1f223"",""MType"":""ConfirmedDataUp"",""Major"":""LoRaWANR1"",""Modulation"":""LORA"",""PolarizationInversion"":false,""SpreadingFactor"":7,""Timestamp"":""2026-04-08T20:16:39Z""}}}"
adgI/xANlQAAAAA=,464c58212beca0c9,2026-04-09T20:15:44.000Z,"{""MessageId"":""40ce9a3a-5cb3-4328-907b-74f24de755a1"",""WirelessDeviceId"":""39886500-d9c4-4adb-86e0-79dd1d3211bf"",""PayloadData"":""adgI/xANlQAAAAA="",""WirelessMetadata"":{""LoRaWAN"":{""ADR"":true,""Bandwidth"":125,""ClassB"":false,""CodeRate"":""4/5"",""DataRate"":""3"",""DevAddr"":""018845fd"",""DevEui"":""464c58212beca0c9"",""FCnt"":61,""FOptLen"":0,""FPort"":20,""Frequency"":""905100000"",""Gateways"":[{""GatewayEui"":""000ce3fffe7640df"",""Rssi"":-66,""Snr"":13.5},{""GatewayEui"":""000ce3fffe764142"",""Rssi"":-102,""Snr"":9.5},{""GatewayEui"":""000ce3fffe7640ca"",""Rssi"":-116,""Snr"":-3.75}],""MIC"":""8ef56eb7"",""MType"":""ConfirmedDataUp"",""Major"":""LoRaWANR1"",""Modulation"":""LORA"",""PolarizationInversion"":false,""SpreadingFactor"":7,""Timestamp"":""2026-04-09T20:15:44Z""}}}"
adgI/xIAAAKzAAA=,464c58212beca0c9,2026-04-09T20:15:49.000Z,"{""MessageId"":""6262aac6-fa48-43a8-934a-15fff08cf1df"",""WirelessDeviceId"":""39886500-d9c4-4adb-86e0-79dd1d3211bf"",""PayloadData"":""adgI/xIAAAKzAAA="",""WirelessMetadata"":{""LoRaWAN"":{""ADR"":true,""Bandwidth"":125,""ClassB"":false,""CodeRate"":""4/5"",""DataRate"":""3"",""DevAddr"":""018845fd"",""DevEui"":""464c58212beca0c9"",""FCnt"":63,""FOptLen"":0,""FPort"":20,""Frequency"":""904100000"",""Gateways"":[{""GatewayEui"":""000ce3fffe764142"",""Rssi"":-113,""Snr"":1.5},{""GatewayEui"":""000ce3fffe76411e"",""Rssi"":-115,""Snr"":-0.75},{""GatewayEui"":""000ce3fffe7640ca"",""Rssi"":-116,""Snr"":-2.75}],""MIC"":""5a83f8f5"",""MType"":""ConfirmedDataUp"",""Major"":""LoRaWANR1"",""Modulation"":""LORA"",""PolarizationInversion"":false,""SpreadingFactor"":7,""Timestamp"":""2026-04-09T20:15:49Z""}}}"
adgI/xIBAABAAAA=,464c58212beca0c9,2026-04-09T20:15:53.000Z,"{""MessageId"":""cc287e6a-5d8a-4b70-921c-08d20564c8d8"",""WirelessDeviceId"":""39886500-d9c4-4adb-86e0-79dd1d3211bf"",""PayloadData"":""adgI/xIBAABAAAA="",""WirelessMetadata"":{""LoRaWAN"":{""ADR"":true,""Bandwidth"":125,""ClassB"":false,""CodeRate"":""4/5"",""DataRate"":""3"",""DevAddr"":""018845fd"",""DevEui"":""464c58212beca0c9"",""FCnt"":65,""FOptLen"":0,""FPort"":20,""Frequency"":""904100000"",""Gateways"":[{""GatewayEui"":""000ce3fffe7640df"",""Rssi"":-64,""Snr"":14},{""GatewayEui"":""000ce3fffe764142"",""Rssi"":-102,""Snr"":10.5},{""GatewayEui"":""ac1f09fffe1f4c5b"",""Rssi"":-111,""Snr"":4},{""GatewayEui"":""000ce3fffe7640ca"",""Rssi"":-115,""Snr"":-2.5},{""GatewayEui"":""000ce3fffe76411e"",""Rssi"":-116,""Snr"":-2.5}],""MIC"":""6e76e93e"",""MType"":""ConfirmedDataUp"",""Major"":""LoRaWANR1"",""Modulation"":""LORA"",""PolarizationInversion"":false,""SpreadingFactor"":7,""Timestamp"":""2026-04-09T20:15:53Z""}}}"
adgI/xICAAAZAAA=,464c58212beca0c9,2026-04-09T20:15:57.000Z,"{""MessageId"":""574498f1-85c5-4c3c-82b4-95252bf1225f"",""WirelessDeviceId"":""39886500-d9c4-4adb-86e0-79dd1d3211bf"",""PayloadData"":""adgI/xICAAAZAAA="",""WirelessMetadata"":{""LoRaWAN"":{""ADR"":true,""Bandwidth"":125,""ClassB"":false,""CodeRate"":""4/5"",""DataRate"":""3"",""DevAddr"":""018845fd"",""DevEui"":""464c58212beca0c9"",""FCnt"":66,""FOptLen"":0,""FPort"":20,""Frequency"":""905300000"",""Gateways"":[{""GatewayEui"":""000ce3fffe7640df"",""Rssi"":-60,""Snr"":10.75},{""GatewayEui"":""ac1f09fffe1f4c5b"",""Rssi"":-112,""Snr"":1.75},{""GatewayEui"":""000ce3fffe76411e"",""Rssi"":-113,""Snr"":-2.25},{""GatewayEui"":""000ce3fffe7640ca"",""Rssi"":-119,""Snr"":-7.5}],""MIC"":""ac0fe671"",""MType"":""ConfirmedDataUp"",""Major"":""LoRaWANR1"",""Modulation"":""LORA"",""PolarizationInversion"":false,""SpreadingFactor"":7,""Timestamp"":""2026-04-09T20:15:57Z""}}}"
adgI/xIDAAAMAAA=,464c58212beca0c9,2026-04-09T20:16:00.000Z,"{""MessageId"":""20b52f10-a79a-4de0-ae95-740060ba74bf"",""WirelessDeviceId"":""39886500-d9c4-4adb-86e0-79dd1d3211bf"",""PayloadData"":""adgI/xIDAAAMAAA="",""WirelessMetadata"":{""LoRaWAN"":{""ADR"":true,""Bandwidth"":125,""ClassB"":false,""CodeRate"":""4/5"",""DataRate"":""3"",""DevAddr"":""018845fd"",""DevEui"":""464c58212beca0c9"",""FCnt"":67,""FOptLen"":0,""FPort"":20,""Frequency"":""903900000"",""Gateways"":[{""GatewayEui"":""000ce3fffe7640df"",""Rssi"":-66,""Snr"":13.5},{""GatewayEui"":""000ce3fffe764142"",""Rssi"":-102,""Snr"":9.75},{""GatewayEui"":""ac1f09fffe1f4c5b"",""Rssi"":-109,""Snr"":5.75},{""GatewayEui"":""000ce3fffe76411e"",""Rssi"":-114,""Snr"":0.25},{""GatewayEui"":""000ce3fffe7640ca"",""Rssi"":-118,""Snr"":-4.25}],""MIC"":""d41ec6f5"",""MType"":""ConfirmedDataUp"",""Major"":""LoRaWANR1"",""Modulation"":""LORA"",""PolarizationInversion"":false,""SpreadingFactor"":7,""Timestamp"":""2026-04-09T20:16:00Z""}}}"
adgI/xIEAAA/AAA=,464c58212beca0c9,2026-04-09T20:16:04.000Z,"{""MessageId"":""c283cb56-7be7-4c84-ad05-bafac7c1fda7"",""WirelessDeviceId"":""39886500-d9c4-4adb-86e0-79dd1d3211bf"",""PayloadData"":""adgI/xIEAAA/AAA="",""WirelessMetadata"":{""LoRaWAN"":{""ADR"":true,""Bandwidth"":125,""ClassB"":false,""CodeRate"":""4/5"",""DataRate"":""3"",""DevAddr"":""018845fd"",""DevEui"":""464c58212beca0c9"",""FCnt"":68,""FOptLen"":0,""FPort"":20,""Frequency"":""904700000"",""Gateways"":[{""GatewayEui"":""000ce3fffe7640df"",""Rssi"":-78,""Snr"":11},{""GatewayEui"":""ac1f09fffe1f4c5b"",""Rssi"":-110,""Snr"":4.5},{""GatewayEui"":""000ce3fffe764142"",""Rssi"":-114,""Snr"":1.25},{""GatewayEui"":""000ce3fffe7640ca"",""Rssi"":-115,""Snr"":-2}],""MIC"":""23683ce1"",""MType"":""ConfirmedDataUp"",""Major"":""LoRaWANR1"",""Modulation"":""LORA"",""PolarizationInversion"":false,""SpreadingFactor"":7,""Timestamp"":""2026-04-09T20:16:04Z""}}}"
adgI/xIFAAAhAAA=,464c58212beca0c9,2026-04-09T20:16:09.000Z,"{""MessageId"":""7443b44f-5c2a-4d23-9a57-735e3550a9a3"",""WirelessDeviceId"":""39886500-d9c4-4adb-86e0-79dd1d3211bf"",""PayloadData"":""adgI/xIFAAAhAAA="",""WirelessMetadata"":{""LoRaWAN"":{""ADR"":true,""Bandwidth"":125,""ClassB"":false,""CodeRate"":""4/5"",""DataRate"":""3"",""DevAddr"":""018845fd"",""DevEui"":""464c58212beca0c9"",""FCnt"":69,""FOptLen"":0,""FPort"":20,""Frequency"":""904900000"",""Gateways"":[{""GatewayEui"":""000ce3fffe7640df"",""Rssi"":-79,""Snr"":12.75},{""GatewayEui"":""ac1f09fffe1f4c5b"",""Rssi"":-111,""Snr"":3.5},{""GatewayEui"":""000ce3fffe76411e"",""Rssi"":-109,""Snr"":2.5},{""GatewayEui"":""000ce3fffe7640ca"",""Rssi"":-116,""Snr"":-3.75},{""GatewayEui"":""000ce3fffe764142"",""Rssi"":-123,""Snr"":-7.75}],""MIC"":""e5116ad4"",""MType"":""ConfirmedDataUp"",""Major"":""LoRaWANR1"",""Modulation"":""LORA"",""PolarizationInversion"":false,""SpreadingFactor"":7,""Timestamp"":""2026-04-09T20:16:09Z""}}}"
adgJBRANkAAAAAA=,464c58212beca0c9,2026-04-09T20:16:13.000Z,"{""MessageId"":""6b1bb005-5df2-4059-8601-08ed14b6d7a2"",""WirelessDeviceId"":""39886500-d9c4-4adb-86e0-79dd1d3211bf"",""PayloadData"":""adgJBRANkAAAAAA="",""WirelessMetadata"":{""LoRaWAN"":{""ADR"":true,""Bandwidth"":125,""ClassB"":false,""CodeRate"":""4/5"",""DataRate"":""3"",""DevAddr"":""018845fd"",""DevEui"":""464c58212beca0c9"",""FCnt"":71,""FOptLen"":0,""FPort"":20,""Frequency"":""905100000"",""Gateways"":[{""GatewayEui"":""000ce3fffe7640df"",""Rssi"":-63,""Snr"":12.5},{""GatewayEui"":""ac1f09fffe1f4c5b"",""Rssi"":-103,""Snr"":9.5},{""GatewayEui"":""000ce3fffe764142"",""Rssi"":-105,""Snr"":8},{""GatewayEui"":""000ce3fffe76411e"",""Rssi"":-109,""Snr"":2.75},{""GatewayEui"":""000ce3fffe7640ca"",""Rssi"":-120,""Snr"":-8.25}],""MIC"":""06ae40d4"",""MType"":""ConfirmedDataUp"",""Major"":""LoRaWANR1"",""Modulation"":""LORA"",""PolarizationInversion"":false,""SpreadingFactor"":7,""Timestamp"":""2026-04-09T20:16:13Z""}}}"
adgJBRIAAAKzAAA=,464c58212beca0c9,2026-04-09T20:16:17.000Z,"{""MessageId"":""07a0359a-db40-4005-b00e-3b93f4caa4da"",""WirelessDeviceId"":""39886500-d9c4-4adb-86e0-79dd1d3211bf"",""PayloadData"":""adgJBRIAAAKzAAA="",""WirelessMetadata"":{""LoRaWAN"":{""ADR"":true,""Bandwidth"":125,""ClassB"":false,""CodeRate"":""4/5"",""DataRate"":""3"",""DevAddr"":""018845fd"",""DevEui"":""464c58212beca0c9"",""FCnt"":73,""FOptLen"":0,""FPort"":20,""Frequency"":""904500000"",""Gateways"":[{""GatewayEui"":""000ce3fffe7640df"",""Rssi"":-65,""Snr"":14.25},{""GatewayEui"":""000ce3fffe764142"",""Rssi"":-108,""Snr"":6.25},{""GatewayEui"":""ac1f09fffe1f4c5b"",""Rssi"":-117,""Snr"":-3.25},{""GatewayEui"":""000ce3fffe7640ca"",""Rssi"":-116,""Snr"":-3.5},{""GatewayEui"":""000ce3fffe76411e"",""Rssi"":-118,""Snr"":-4.75}],""MIC"":""b2243184"",""MType"":""ConfirmedDataUp"",""Major"":""LoRaWANR1"",""Modulation"":""LORA"",""PolarizationInversion"":false,""SpreadingFactor"":7,""Timestamp"":""2026-04-09T20:16:17Z""}}}"
adgJBRIBAABAAAA=,464c58212beca0c9,2026-04-09T20:16:21.000Z,"{""MessageId"":""9d1f9849-0ba4-4042-a67c-ae44ffdf79d2"",""WirelessDeviceId"":""39886500-d9c4-4adb-86e0-79dd1d3211bf"",""PayloadData"":""adgJBRIBAABAAAA="",""WirelessMetadata"":{""LoRaWAN"":{""ADR"":true,""Bandwidth"":125,""ClassB"":false,""CodeRate"":""4/5"",""DataRate"":""3"",""DevAddr"":""018845fd"",""DevEui"":""464c58212beca0c9"",""FCnt"":74,""FOptLen"":0,""FPort"":20,""Frequency"":""905100000"",""Gateways"":[{""GatewayEui"":""000ce3fffe7640df"",""Rssi"":-63,""Snr"":13.75},{""GatewayEui"":""ac1f09fffe1f4c5b"",""Rssi"":-112,""Snr"":2}],""MIC"":""4c038dd7"",""MType"":""ConfirmedDataUp"",""Major"":""LoRaWANR1"",""Modulation"":""LORA"",""PolarizationInversion"":false,""SpreadingFactor"":7,""Timestamp"":""2026-04-09T20:16:21Z""}}}"
adgJBRICAAAZAAA=,464c58212beca0c9,2026-04-09T20:16:25.000Z,"{""MessageId"":""f2e7943f-91d8-419a-a43e-d9fa71ab50db"",""WirelessDeviceId"":""39886500-d9c4-4adb-86e0-79dd1d3211bf"",""PayloadData"":""adgJBRICAAAZAAA="",""WirelessMetadata"":{""LoRaWAN"":{""ADR"":true,""Bandwidth"":125,""ClassB"":false,""CodeRate"":""4/5"",""DataRate"":""3"",""DevAddr"":""018845fd"",""DevEui"":""464c58212beca0c9"",""FCnt"":75,""FOptLen"":0,""FPort"":20,""Frequency"":""904100000"",""Gateways"":[{""GatewayEui"":""000ce3fffe7640df"",""Rssi"":-65,""Snr"":14},{""GatewayEui"":""000ce3fffe764142"",""Rssi"":-108,""Snr"":6.5},{""GatewayEui"":""ac1f09fffe1f4c5b"",""Rssi"":-109,""Snr"":5.25},{""GatewayEui"":""000ce3fffe76411e"",""Rssi"":-112,""Snr"":1.75}],""MIC"":""dc8dfcff"",""MType"":""ConfirmedDataUp"",""Major"":""LoRaWANR1"",""Modulation"":""LORA"",""PolarizationInversion"":false,""SpreadingFactor"":7,""Timestamp"":""2026-04-09T20:16:25Z""}}}"
adgJBRIDAAAMAAA=,464c58212beca0c9,2026-04-09T20:16:29.000Z,"{""MessageId"":""4c686aae-d0a5-4db2-923d-5ccc1ba2494b"",""WirelessDeviceId"":""39886500-d9c4-4adb-86e0-79dd1d3211bf"",""PayloadData"":""adgJBRIDAAAMAAA="",""WirelessMetadata"":{""LoRaWAN"":{""ADR"":true,""Bandwidth"":125,""ClassB"":false,""CodeRate"":""4/5"",""DataRate"":""3"",""DevAddr"":""018845fd"",""DevEui"":""464c58212beca0c9"",""FCnt"":76,""FOptLen"":0,""FPort"":20,""Frequency"":""905300000"",""Gateways"":[{""GatewayEui"":""000ce3fffe7640df"",""Rssi"":-62,""Snr"":7.75},{""GatewayEui"":""000ce3fffe764142"",""Rssi"":-109,""Snr"":3.25},{""GatewayEui"":""ac1f09fffe1f4c5b"",""Rssi"":-108,""Snr"":0}],""MIC"":""a7a85804"",""MType"":""ConfirmedDataUp"",""Major"":""LoRaWANR1"",""Modulation"":""LORA"",""PolarizationInversion"":false,""SpreadingFactor"":7,""Timestamp"":""2026-04-09T20:16:29Z""}}}"
adgJBRIEAAA/AAA=,464c58212beca0c9,2026-04-09T20:16:33.000Z,"{""MessageId"":""f7d2cebf-437f-4332-b171-491940d81efa"",""WirelessDeviceId"":""39886500-d9c4-4adb-86e0-79dd1d3211bf"",""PayloadData"":""adgJBRIEAAA/AAA="",""WirelessMetadata"":{""LoRaWAN"":{""ADR"":true,""Bandwidth"":125,""ClassB"":false,""CodeRate"":""4/5"",""DataRate"":""3"",""DevAddr"":""018845fd"",""DevEui"":""464c58212beca0c9"",""FCnt"":77,""FOptLen"":0,""FPort"":20,""Frequency"":""904900000"",""Gateways"":[{""GatewayEui"":""000ce3fffe7640df"",""Rssi"":-61,""Snr"":14},{""GatewayEui"":""ac1f09fffe1f4c5b"",""Rssi"":-103,""Snr"":8.75},{""GatewayEui"":""000ce3fffe76411e"",""Rssi"":-114,""Snr"":-1.5},{""GatewayEui"":""000ce3fffe764142"",""Rssi"":-117,""Snr"":-2.25},{""GatewayEui"":""000ce3fffe7640ca"",""Rssi"":-116,""Snr"":-4.25}],""MIC"":""f6c53f67"",""MType"":""ConfirmedDataUp"",""Major"":""LoRaWANR1"",""Modulation"":""LORA"",""PolarizationInversion"":false,""SpreadingFactor"":7,""Timestamp"":""2026-04-09T20:16:33Z""}}}"
adgJBRIFAAAhAAA=,464c58212beca0c9,2026-04-09T20:16:37.000Z,"{""MessageId"":""0a503379-137f-4181-b083-8486bdf1988c"",""WirelessDeviceId"":""39886500-d9c4-4adb-86e0-79dd1d3211bf"",""PayloadData"":""adgJBRIFAAAhAAA="",""WirelessMetadata"":{""LoRaWAN"":{""ADR"":true,""Bandwidth"":125,""ClassB"":false,""CodeRate"":""4/5"",""DataRate"":""3"",""DevAddr"":""018845fd"",""DevEui"":""464c58212beca0c9"",""FCnt"":78,""FOptLen"":0,""FPort"":20,""Frequency"":""904300000"",""Gateways"":[{""GatewayEui"":""000ce3fffe7640df"",""Rssi"":-61,""Snr"":10.25},{""GatewayEui"":""ac1f09fffe1f4c5b"",""Rssi"":-108,""Snr"":4.75},{""GatewayEui"":""000ce3fffe764142"",""Rssi"":-109,""Snr"":4},{""GatewayEui"":""000ce3fffe7640ca"",""Rssi"":-115,""Snr"":-2}],""MIC"":""de760c07"",""MType"":""ConfirmedDataUp"",""Major"":""LoRaWANR1"",""Modulation"":""LORA"",""PolarizationInversion"":false,""SpreadingFactor"":7,""Timestamp"":""2026-04-09T20:16:37Z""}}}"
adlagBANlwAAAAA=,464c58212beca0c9,2026-04-10T20:15:44.000Z,"{""MessageId"":""4fac8d11-dbbf-45c1-9c64-42a640d64ab4"",""WirelessDeviceId"":""39886500-d9c4-4adb-86e0-79dd1d3211bf"",""PayloadData"":""adlagBANlwAAAAA="",""WirelessMetadata"":{""LoRaWAN"":{""ADR"":true,""Bandwidth"":125,""ClassB"":false,""CodeRate"":""4/5"",""DataRate"":""3"",""DevAddr"":""018845fd"",""DevEui"":""464c58212beca0c9"",""FCnt"":79,""FOptLen"":0,""FPort"":20,""Frequency"":""904700000"",""Gateways"":[{""GatewayEui"":""ac1f09fffe1f4c5b"",""Rssi"":-106,""Snr"":7.75},{""GatewayEui"":""000ce3fffe764142"",""Rssi"":-107,""Snr"":5},{""GatewayEui"":""000ce3fffe7640ca"",""Rssi"":-117,""Snr"":-4}],""MIC"":""2e1b076e"",""MType"":""ConfirmedDataUp"",""Major"":""LoRaWANR1"",""Modulation"":""LORA"",""PolarizationInversion"":false,""SpreadingFactor"":7,""Timestamp"":""2026-04-10T20:15:44Z""}}}"
adlagBICAAAZAAA=,464c58212beca0c9,2026-04-10T20:15:56.000Z,"{""MessageId"":""7632e5ba-9d93-42e7-94c2-0875bd1db253"",""WirelessDeviceId"":""39886500-d9c4-4adb-86e0-79dd1d3211bf"",""PayloadData"":""adlagBICAAAZAAA="",""WirelessMetadata"":{""LoRaWAN"":{""ADR"":true,""Bandwidth"":125,""ClassB"":false,""CodeRate"":""4/5"",""DataRate"":""3"",""DevAddr"":""018845fd"",""DevEui"":""464c58212beca0c9"",""FCnt"":84,""FOptLen"":0,""FPort"":20,""Frequency"":""903900000"",""Gateways"":[{""GatewayEui"":""000ce3fffe7640df"",""Rssi"":-58,""Snr"":13.5},{""GatewayEui"":""000ce3fffe764142"",""Rssi"":-108,""Snr"":7},{""GatewayEui"":""ac1f09fffe1f4c5b"",""Rssi"":-112,""Snr"":3.25},{""GatewayEui"":""000ce3fffe76411e"",""Rssi"":-118,""Snr"":-3.25},{""GatewayEui"":""000ce3fffe7640ca"",""Rssi"":-118,""Snr"":-5}],""MIC"":""02004e98"",""MType"":""ConfirmedDataUp"",""Major"":""LoRaWANR1"",""Modulation"":""LORA"",""PolarizationInversion"":false,""SpreadingFactor"":7,""Timestamp"":""2026-04-10T20:15:56Z""}}}"
adlagBIDAAAMAAA=,464c58212beca0c9,2026-04-10T20:16:00.000Z,"{""MessageId"":""d40ed538-c812-47f3-9391-79203cda91d6"",""WirelessDeviceId"":""39886500-d9c4-4adb-86e0-79dd1d3211bf"",""PayloadData"":""adlagBIDAAAMAAA="",""WirelessMetadata"":{""LoRaWAN"":{""ADR"":true,""Bandwidth"":125,""ClassB"":false,""CodeRate"":""4/5"",""DataRate"":""3"",""DevAddr"":""018845fd"",""DevEui"":""464c58212beca0c9"",""FCnt"":85,""FOptLen"":0,""FPort"":20,""Frequency"":""904300000"",""Gateways"":[{""GatewayEui"":""ac1f09fffe1f4c5b"",""Rssi"":-111,""Snr"":2.75},{""GatewayEui"":""000ce3fffe7640ca"",""Rssi"":-119,""Snr"":-6.25}],""MIC"":""7a790992"",""MType"":""ConfirmedDataUp"",""Major"":""LoRaWANR1"",""Modulation"":""LORA"",""PolarizationInversion"":false,""SpreadingFactor"":7,""Timestamp"":""2026-04-10T20:16:00Z""}}}"
adlagBIEAAA/AAA=,464c58212beca0c9,2026-04-10T20:16:04.000Z,"{""MessageId"":""703213a5-922b-4a5d-810e-63008c02c84b"",""WirelessDeviceId"":""39886500-d9c4-4adb-86e0-79dd1d3211bf"",""PayloadData"":""adlagBIEAAA/AAA="",""WirelessMetadata"":{""LoRaWAN"":{""ADR"":true,""Bandwidth"":125,""ClassB"":false,""CodeRate"":""4/5"",""DataRate"":""3"",""DevAddr"":""018845fd"",""DevEui"":""464c58212beca0c9"",""FCnt"":86,""FOptLen"":0,""FPort"":20,""Frequency"":""904100000"",""Gateways"":[{""GatewayEui"":""000ce3fffe7640df"",""Rssi"":-61,""Snr"":14.25},{""GatewayEui"":""ac1f09fffe1f4c5b"",""Rssi"":-105,""Snr"":8.25},{""GatewayEui"":""000ce3fffe764142"",""Rssi"":-117,""Snr"":-2.5},{""GatewayEui"":""000ce3fffe7640ca"",""Rssi"":-116,""Snr"":-3.75},{""GatewayEui"":""000ce3fffe76411e"",""Rssi"":-121,""Snr"":-8}],""MIC"":""66c4dbb9"",""MType"":""ConfirmedDataUp"",""Major"":""LoRaWANR1"",""Modulation"":""LORA"",""PolarizationInversion"":false,""SpreadingFactor"":7,""Timestamp"":""2026-04-10T20:16:04Z""}}}"
adlagBIFAAAhAAA=,464c58212beca0c9,2026-04-10T20:16:08.000Z,"{""MessageId"":""cd2d39c2-549e-4b20-8950-de3ea1f3a6b8"",""WirelessDeviceId"":""39886500-d9c4-4adb-86e0-79dd1d3211bf"",""PayloadData"":""adlagBIFAAAhAAA="",""WirelessMetadata"":{""LoRaWAN"":{""ADR"":true,""Bandwidth"":125,""ClassB"":false,""CodeRate"":""4/5"",""DataRate"":""3"",""DevAddr"":""018845fd"",""DevEui"":""464c58212beca0c9"",""FCnt"":87,""FOptLen"":0,""FPort"":20,""Frequency"":""905300000"",""Gateways"":[{""GatewayEui"":""000ce3fffe7640df"",""Rssi"":-55,""Snr"":10.75},{""GatewayEui"":""ac1f09fffe1f4c5b"",""Rssi"":-107,""Snr"":5.25},{""GatewayEui"":""000ce3fffe764142"",""Rssi"":-108,""Snr"":4.5},{""GatewayEui"":""000ce3fffe76411e"",""Rssi"":-117,""Snr"":-5.5}],""MIC"":""483e1160"",""MType"":""ConfirmedDataUp"",""Major"":""LoRaWANR1"",""Modulation"":""LORA"",""PolarizationInversion"":false,""SpreadingFactor"":7,""Timestamp"":""2026-04-10T20:16:08Z""}}}"
adlahBANjwAAAAA=,464c58212beca0c9,2026-04-10T20:16:12.000Z,"{""MessageId"":""5674ab24-3452-4b56-afcc-ccfa15d3adf5"",""WirelessDeviceId"":""39886500-d9c4-4adb-86e0-79dd1d3211bf"",""PayloadData"":""adlahBANjwAAAAA="",""WirelessMetadata"":{""LoRaWAN"":{""ADR"":true,""Bandwidth"":125,""ClassB"":false,""CodeRate"":""4/5"",""DataRate"":""3"",""DevAddr"":""018845fd"",""DevEui"":""464c58212beca0c9"",""FCnt"":89,""FOptLen"":0,""FPort"":20,""Frequency"":""904700000"",""Gateways"":[{""GatewayEui"":""000ce3fffe764142"",""Rssi"":-107,""Snr"":6},{""GatewayEui"":""ac1f09fffe1f4c5b"",""Rssi"":-108,""Snr"":5},{""GatewayEui"":""000ce3fffe76411e"",""Rssi"":-120,""Snr"":-6.25}],""MIC"":""3cb483a6"",""MType"":""ConfirmedDataUp"",""Major"":""LoRaWANR1"",""Modulation"":""LORA"",""PolarizationInversion"":false,""SpreadingFactor"":7,""Timestamp"":""2026-04-10T20:16:12Z""}}}"
adlahBIAAAKzAAA=,464c58212beca0c9,2026-04-10T20:16:16.000Z,"{""MessageId"":""49681d0e-377c-4333-980f-a675df776d46"",""WirelessDeviceId"":""39886500-d9c4-4adb-86e0-79dd1d3211bf"",""PayloadData"":""adlahBIAAAKzAAA="",""WirelessMetadata"":{""LoRaWAN"":{""ADR"":true,""Bandwidth"":125,""ClassB"":false,""CodeRate"":""4/5"",""DataRate"":""3"",""DevAddr"":""018845fd"",""DevEui"":""464c58212beca0c9"",""FCnt"":91,""FOptLen"":0,""FPort"":20,""Frequency"":""904100000"",""Gateways"":[{""GatewayEui"":""000ce3fffe7640df"",""Rssi"":-56,""Snr"":14.5},{""GatewayEui"":""ac1f09fffe1f4c5b"",""Rssi"":-107,""Snr"":6.5},{""GatewayEui"":""000ce3fffe76411e"",""Rssi"":-113,""Snr"":0.25},{""GatewayEui"":""000ce3fffe7640ca"",""Rssi"":-115,""Snr"":-2.25}],""MIC"":""b5932c1d"",""MType"":""ConfirmedDataUp"",""Major"":""LoRaWANR1"",""Modulation"":""LORA"",""PolarizationInversion"":false,""SpreadingFactor"":7,""Timestamp"":""2026-04-10T20:16:16Z""}}}"
adlahBIBAABAAAA=,464c58212beca0c9,2026-04-10T20:16:21.000Z,"{""MessageId"":""38244649-96ab-4f07-8b70-0e66be417628"",""WirelessDeviceId"":""39886500-d9c4-4adb-86e0-79dd1d3211bf"",""PayloadData"":""adlahBIBAABAAAA="",""WirelessMetadata"":{""LoRaWAN"":{""ADR"":true,""Bandwidth"":125,""ClassB"":false,""CodeRate"":""4/5"",""DataRate"":""3"",""DevAddr"":""018845fd"",""DevEui"":""464c58212beca0c9"",""FCnt"":92,""FOptLen"":0,""FPort"":20,""Frequency"":""905100000"",""Gateways"":[{""GatewayEui"":""000ce3fffe7640df"",""Rssi"":-59,""Snr"":13.75},{""GatewayEui"":""000ce3fffe764142"",""Rssi"":-97,""Snr"":12.25},{""GatewayEui"":""ac1f09fffe1f4c5b"",""Rssi"":-109,""Snr"":4},{""GatewayEui"":""000ce3fffe76411e"",""Rssi"":-112,""Snr"":0}],""MIC"":""583e5e04"",""MType"":""ConfirmedDataUp"",""Major"":""LoRaWANR1"",""Modulation"":""LORA"",""PolarizationInversion"":false,""SpreadingFactor"":7,""Timestamp"":""2026-04-10T20:16:21Z""}}}"
adlahBICAAAZAAA=,464c58212beca0c9,2026-04-10T20:16:25.000Z,"{""MessageId"":""067e276f-be07-4fbd-9bbf-bfb68fa25300"",""WirelessDeviceId"":""39886500-d9c4-4adb-86e0-79dd1d3211bf"",""PayloadData"":""adlahBICAAAZAAA="",""WirelessMetadata"":{""LoRaWAN"":{""ADR"":true,""Bandwidth"":125,""ClassB"":false,""CodeRate"":""4/5"",""DataRate"":""3"",""DevAddr"":""018845fd"",""DevEui"":""464c58212beca0c9"",""FCnt"":93,""FOptLen"":0,""FPort"":20,""Frequency"":""903900000"",""Gateways"":[{""GatewayEui"":""000ce3fffe7640df"",""Rssi"":-56,""Snr"":14.25},{""GatewayEui"":""000ce3fffe764142"",""Rssi"":-106,""Snr"":8.25},{""GatewayEui"":""ac1f09fffe1f4c5b"",""Rssi"":-113,""Snr"":2},{""GatewayEui"":""000ce3fffe7640ca"",""Rssi"":-114,""Snr"":-0.5},{""GatewayEui"":""000ce3fffe76411e"",""Rssi"":-117,""Snr"":-3.25}],""MIC"":""e99cf975"",""MType"":""ConfirmedDataUp"",""Major"":""LoRaWANR1"",""Modulation"":""LORA"",""PolarizationInversion"":false,""SpreadingFactor"":7,""Timestamp"":""2026-04-10T20:16:25Z""}}}"
adlahBIDAAAMAAA=,464c58212beca0c9,2026-04-10T20:16:29.000Z,"{""MessageId"":""769b43ac-d6f1-4c9d-a74c-f353d8cf77ca"",""WirelessDeviceId"":""39886500-d9c4-4adb-86e0-79dd1d3211bf"",""PayloadData"":""adlahBIDAAAMAAA="",""WirelessMetadata"":{""LoRaWAN"":{""ADR"":true,""Bandwidth"":125,""ClassB"":false,""CodeRate"":""4/5"",""DataRate"":""3"",""DevAddr"":""018845fd"",""DevEui"":""464c58212beca0c9"",""FCnt"":94,""FOptLen"":0,""FPort"":20,""Frequency"":""904900000"",""Gateways"":[{""GatewayEui"":""000ce3fffe7640df"",""Rssi"":-56,""Snr"":13.75},{""GatewayEui"":""000ce3fffe764142"",""Rssi"":-103,""Snr"":9.25},{""GatewayEui"":""ac1f09fffe1f4c5b"",""Rssi"":-106,""Snr"":8.25},{""GatewayEui"":""000ce3fffe76411e"",""Rssi"":-111,""Snr"":1.75},{""GatewayEui"":""000ce3fffe7640ca"",""Rssi"":-118,""Snr"":-6.75}],""MIC"":""68924dfd"",""MType"":""ConfirmedDataUp"",""Major"":""LoRaWANR1"",""Modulation"":""LORA"",""PolarizationInversion"":false,""SpreadingFactor"":7,""Timestamp"":""2026-04-10T20:16:29Z""}}}"
adlahBIEAAA/AAA=,464c58212beca0c9,2026-04-10T20:16:33.000Z,"{""MessageId"":""9734232b-8aee-4f88-bad6-61d4cac4ddf0"",""WirelessDeviceId"":""39886500-d9c4-4adb-86e0-79dd1d3211bf"",""PayloadData"":""adlahBIEAAA/AAA="",""WirelessMetadata"":{""LoRaWAN"":{""ADR"":true,""Bandwidth"":125,""ClassB"":false,""CodeRate"":""4/5"",""DataRate"":""3"",""DevAddr"":""018845fd"",""DevEui"":""464c58212beca0c9"",""FCnt"":95,""FOptLen"":0,""FPort"":20,""Frequency"":""904500000"",""Gateways"":[{""GatewayEui"":""000ce3fffe7640df"",""Rssi"":-56,""Snr"":14.25},{""GatewayEui"":""000ce3fffe764142"",""Rssi"":-103,""Snr"":9.25},{""GatewayEui"":""ac1f09fffe1f4c5b"",""Rssi"":-106,""Snr"":8},{""GatewayEui"":""000ce3fffe7640ca"",""Rssi"":-118,""Snr"":-6},{""GatewayEui"":""000ce3fffe76411e"",""Rssi"":-123,""Snr"":-9.75}],""MIC"":""25b7efc8"",""MType"":""ConfirmedDataUp"",""Major"":""LoRaWANR1"",""Modulation"":""LORA"",""PolarizationInversion"":false,""SpreadingFactor"":7,""Timestamp"":""2026-04-10T20:16:33Z""}}}"
adlahBIFAAAhAAA=,464c58212beca0c9,2026-04-10T20:16:37.000Z,"{""MessageId"":""a63fd8d6-4bbf-49a8-87b4-48835ebaa185"",""WirelessDeviceId"":""39886500-d9c4-4adb-86e0-79dd1d3211bf"",""PayloadData"":""adlahBIFAAAhAAA="",""WirelessMetadata"":{""LoRaWAN"":{""ADR"":true,""Bandwidth"":125,""ClassB"":false,""CodeRate"":""4/5"",""DataRate"":""3"",""DevAddr"":""018845fd"",""DevEui"":""464c58212beca0c9"",""FCnt"":96,""FOptLen"":0,""FPort"":20,""Frequency"":""905300000"",""Gateways"":[{""GatewayEui"":""000ce3fffe7640df"",""Rssi"":-56,""Snr"":10.75},{""GatewayEui"":""000ce3fffe764142"",""Rssi"":-103,""Snr"":7.75},{""GatewayEui"":""ac1f09fffe1f4c5b"",""Rssi"":-106,""Snr"":6},{""GatewayEui"":""000ce3fffe76411e"",""Rssi"":-113,""Snr"":-1.5}],""MIC"":""617d6966"",""MType"":""ConfirmedDataUp"",""Major"":""LoRaWANR1"",""Modulation"":""LORA"",""PolarizationInversion"":false,""SpreadingFactor"":7,""Timestamp"":""2026-04-10T20:16:37Z""}}}"
adqr/xANlwAAAAA=,464c58212beca0c9,2026-04-11T20:15:44.000Z,"{""MessageId"":""6c165364-1403-49fa-a0b4-6dbf98046b01"",""WirelessDeviceId"":""39886500-d9c4-4adb-86e0-79dd1d3211bf"",""PayloadData"":""adqr/xANlwAAAAA="",""WirelessMetadata"":{""LoRaWAN"":{""ADR"":true,""Bandwidth"":125,""ClassB"":false,""CodeRate"":""4/5"",""DataRate"":""3"",""DevAddr"":""018845fd"",""DevEui"":""464c58212beca0c9"",""FCnt"":97,""FOptLen"":0,""FPort"":20,""Frequency"":""903900000"",""Gateways"":[{""GatewayEui"":""000ce3fffe7640df"",""Rssi"":-61,""Snr"":14.5},{""GatewayEui"":""ac1f09fffe1f4c5b"",""Rssi"":-110,""Snr"":6},{""GatewayEui"":""000ce3fffe764142"",""Rssi"":-114,""Snr"":2.25},{""GatewayEui"":""000ce3fffe76411e"",""Rssi"":-114,""Snr"":-0.25},{""GatewayEui"":""000ce3fffe7640ca"",""Rssi"":-122,""Snr"":-8.75}],""MIC"":""d4dc2969"",""MType"":""ConfirmedDataUp"",""Major"":""LoRaWANR1"",""Modulation"":""LORA"",""PolarizationInversion"":false,""SpreadingFactor"":7,""Timestamp"":""2026-04-11T20:15:44Z""}}}"
adqr/xIAAAKzAAA=,464c58212beca0c9,2026-04-11T20:15:48.000Z,"{""MessageId"":""09b5c7b7-9a02-4fb2-809c-ccc9fc21c98a"",""WirelessDeviceId"":""39886500-d9c4-4adb-86e0-79dd1d3211bf"",""PayloadData"":""adqr/xIAAAKzAAA="",""WirelessMetadata"":{""LoRaWAN"":{""ADR"":true,""Bandwidth"":125,""ClassB"":false,""CodeRate"":""4/5"",""DataRate"":""3"",""DevAddr"":""018845fd"",""DevEui"":""464c58212beca0c9"",""FCnt"":99,""FOptLen"":0,""FPort"":20,""Frequency"":""904700000"",""Gateways"":[{""GatewayEui"":""ac1f09fffe1f4c5b"",""Rssi"":-103,""Snr"":10.25},{""GatewayEui"":""000ce3fffe76411e"",""Rssi"":-110,""Snr"":3.5},{""GatewayEui"":""000ce3fffe764142"",""Rssi"":-113,""Snr"":2.75}],""MIC"":""b6e6fde8"",""MType"":""ConfirmedDataUp"",""Major"":""LoRaWANR1"",""Modulation"":""LORA"",""PolarizationInversion"":false,""SpreadingFactor"":7,""Timestamp"":""2026-04-11T20:15:48Z""}}}"
adqr/xIBAABAAAA=,464c58212beca0c9,2026-04-11T20:15:52.000Z,"{""MessageId"":""f339c766-222d-4f49-8490-be75e173ed16"",""WirelessDeviceId"":""39886500-d9c4-4adb-86e0-79dd1d3211bf"",""PayloadData"":""adqr/xIBAABAAAA="",""WirelessMetadata"":{""LoRaWAN"":{""ADR"":true,""Bandwidth"":125,""ClassB"":false,""CodeRate"":""4/5"",""DataRate"":""3"",""DevAddr"":""018845fd"",""DevEui"":""464c58212beca0c9"",""FCnt"":101,""FOptLen"":0,""FPort"":20,""Frequency"":""904300000"",""Gateways"":[{""GatewayEui"":""000ce3fffe7640df"",""Rssi"":-61,""Snr"":10.5},{""GatewayEui"":""ac1f09fffe1f4c5b"",""Rssi"":-102,""Snr"":8.25},{""GatewayEui"":""000ce3fffe764142"",""Rssi"":-109,""Snr"":5.25},{""GatewayEui"":""000ce3fffe76411e"",""Rssi"":-109,""Snr"":2.25},{""GatewayEui"":""000ce3fffe7640ca"",""Rssi"":-119,""Snr"":-7.25}],""MIC"":""4940c3a5"",""MType"":""ConfirmedDataUp"",""Major"":""LoRaWANR1"",""Modulation"":""LORA"",""PolarizationInversion"":false,""SpreadingFactor"":7,""Timestamp"":""2026-04-11T20:15:52Z""}}}"
adqr/xICAAAZAAA=,464c58212beca0c9,2026-04-11T20:15:57.000Z,"{""MessageId"":""d9564089-f03a-4a1f-8129-024113320dca"",""WirelessDeviceId"":""39886500-d9c4-4adb-86e0-79dd1d3211bf"",""PayloadData"":""adqr/xICAAAZAAA="",""WirelessMetadata"":{""LoRaWAN"":{""ADR"":true,""Bandwidth"":125,""ClassB"":false,""CodeRate"":""4/5"",""DataRate"":""3"",""DevAddr"":""018845fd"",""DevEui"":""464c58212beca0c9"",""FCnt"":102,""FOptLen"":0,""FPort"":20,""Frequency"":""905100000"",""Gateways"":[{""GatewayEui"":""000ce3fffe7640df"",""Rssi"":-54,""Snr"":14.25},{""GatewayEui"":""000ce3fffe764142"",""Rssi"":-108,""Snr"":6},{""GatewayEui"":""ac1f09fffe1f4c5b"",""Rssi"":-109,""Snr"":5},{""GatewayEui"":""000ce3fffe76411e"",""Rssi"":-107,""Snr"":4.5}],""MIC"":""026a9d52"",""MType"":""ConfirmedDataUp"",""Major"":""LoRaWANR1"",""Modulation"":""LORA"",""PolarizationInversion"":false,""SpreadingFactor"":7,""Timestamp"":""2026-04-11T20:15:57Z""}}}"
adqr/xIDAAAMAAA=,464c58212beca0c9,2026-04-11T20:16:01.000Z,"{""MessageId"":""b1ef669d-7e77-4d58-b15e-7dfed4552bd2"",""WirelessDeviceId"":""39886500-d9c4-4adb-86e0-79dd1d3211bf"",""PayloadData"":""adqr/xIDAAAMAAA="",""WirelessMetadata"":{""LoRaWAN"":{""ADR"":true,""Bandwidth"":125,""ClassB"":false,""CodeRate"":""4/5"",""DataRate"":""3"",""DevAddr"":""018845fd"",""DevEui"":""464c58212beca0c9"",""FCnt"":103,""FOptLen"":0,""FPort"":20,""Frequency"":""905300000"",""Gateways"":[{""GatewayEui"":""000ce3fffe764142"",""Rssi"":-109,""Snr"":-2.25},{""GatewayEui"":""000ce3fffe76411e"",""Rssi"":-112,""Snr"":-2.5}],""MIC"":""0e5aabdc"",""MType"":""ConfirmedDataUp"",""Major"":""LoRaWANR1"",""Modulation"":""LORA"",""PolarizationInversion"":false,""SpreadingFactor"":7,""Timestamp"":""2026-04-11T20:16:01Z""}}}"
adqr/xIEAAA/AAA=,464c58212beca0c9,2026-04-11T20:16:05.000Z,"{""MessageId"":""2dc3a879-897d-4495-ba0a-9e50cecb5339"",""WirelessDeviceId"":""39886500-d9c4-4adb-86e0-79dd1d3211bf"",""PayloadData"":""adqr/xIEAAA/AAA="",""WirelessMetadata"":{""LoRaWAN"":{""ADR"":true,""Bandwidth"":125,""ClassB"":false,""CodeRate"":""4/5"",""DataRate"":""3"",""DevAddr"":""018845fd"",""DevEui"":""464c58212beca0c9"",""FCnt"":104,""FOptLen"":0,""FPort"":20,""Frequency"":""904100000"",""Gateways"":[{""GatewayEui"":""000ce3fffe7640df"",""Rssi"":-65,""Snr"":13.25},{""GatewayEui"":""ac1f09fffe1f4c5b"",""Rssi"":-106,""Snr"":8.25},{""GatewayEui"":""000ce3fffe764142"",""Rssi"":-107,""Snr"":7.5},{""GatewayEui"":""000ce3fffe76411e"",""Rssi"":-116,""Snr"":-2.75}],""MIC"":""6f6be2e5"",""MType"":""ConfirmedDataUp"",""Major"":""LoRaWANR1"",""Modulation"":""LORA"",""PolarizationInversion"":false,""SpreadingFactor"":7,""Timestamp"":""2026-04-11T20:16:05Z""}}}"
adqr/xIFAAAhAAA=,464c58212beca0c9,2026-04-11T20:16:09.000Z,"{""MessageId"":""6281e99e-e5d8-40a0-ac8d-8066fbc0ccf9"",""WirelessDeviceId"":""39886500-d9c4-4adb-86e0-79dd1d3211bf"",""PayloadData"":""adqr/xIFAAAhAAA="",""WirelessMetadata"":{""LoRaWAN"":{""ADR"":true,""Bandwidth"":125,""ClassB"":false,""CodeRate"":""4/5"",""DataRate"":""3"",""DevAddr"":""018845fd"",""DevEui"":""464c58212beca0c9"",""FCnt"":105,""FOptLen"":0,""FPort"":20,""Frequency"":""904100000"",""Gateways"":[{""GatewayEui"":""ac1f09fffe1f4c5b"",""Rssi"":-103,""Snr"":10},{""GatewayEui"":""000ce3fffe764142"",""Rssi"":-105,""Snr"":9},{""GatewayEui"":""000ce3fffe76411e"",""Rssi"":-111,""Snr"":2.75}],""MIC"":""3c8a36fd"",""MType"":""ConfirmedDataUp"",""Major"":""LoRaWANR1"",""Modulation"":""LORA"",""PolarizationInversion"":false,""SpreadingFactor"":7,""Timestamp"":""2026-04-11T20:16:09Z""}}}"
adqsBBANkQAAAAA=,464c58212beca0c9,2026-04-11T20:16:13.000Z,"{""MessageId"":""90fec7d2-5898-4901-9fd2-17158525cda6"",""WirelessDeviceId"":""39886500-d9c4-4adb-86e0-79dd1d3211bf"",""PayloadData"":""adqsBBANkQAAAAA="",""WirelessMetadata"":{""LoRaWAN"":{""ADR"":true,""Bandwidth"":125,""ClassB"":false,""CodeRate"":""4/5"",""DataRate"":""3"",""DevAddr"":""018845fd"",""DevEui"":""464c58212beca0c9"",""FCnt"":107,""FOptLen"":0,""FPort"":20,""Frequency"":""905300000"",""Gateways"":[{""GatewayEui"":""000ce3fffe7640df"",""Rssi"":-53,""Snr"":9.75},{""GatewayEui"":""000ce3fffe764142"",""Rssi"":-109,""Snr"":4.5},{""GatewayEui"":""ac1f09fffe1f4c5b"",""Rssi"":-111,""Snr"":2.75},{""GatewayEui"":""000ce3fffe76411e"",""Rssi"":-112,""Snr"":-2.75}],""MIC"":""7566d824"",""MType"":""ConfirmedDataUp"",""Major"":""LoRaWANR1"",""Modulation"":""LORA"",""PolarizationInversion"":false,""SpreadingFactor"":7,""Timestamp"":""2026-04-11T20:16:13Z""}}}"
adqsBBIAAAKzAAA=,464c58212beca0c9,2026-04-11T20:16:17.000Z,"{""MessageId"":""c399f550-fa34-4147-8aa8-dfd2f199c9ac"",""WirelessDeviceId"":""39886500-d9c4-4adb-86e0-79dd1d3211bf"",""PayloadData"":""adqsBBIAAAKzAAA="",""WirelessMetadata"":{""LoRaWAN"":{""ADR"":true,""Bandwidth"":125,""ClassB"":false,""CodeRate"":""4/5"",""DataRate"":""3"",""DevAddr"":""018845fd"",""DevEui"":""464c58212beca0c9"",""FCnt"":109,""FOptLen"":0,""FPort"":20,""Frequency"":""905100000"",""Gateways"":[{""GatewayEui"":""000ce3fffe7640df"",""Rssi"":-53,""Snr"":14},{""GatewayEui"":""000ce3fffe764142"",""Rssi"":-105,""Snr"":8},{""GatewayEui"":""ac1f09fffe1f4c5b"",""Rssi"":-108,""Snr"":5.25},{""GatewayEui"":""000ce3fffe76411e"",""Rssi"":-108,""Snr"":3.25}],""MIC"":""de7c35a2"",""MType"":""ConfirmedDataUp"",""Major"":""LoRaWANR1"",""Modulation"":""LORA"",""PolarizationInversion"":false,""SpreadingFactor"":7,""Timestamp"":""2026-04-11T20:16:17Z""}}}"
adqsBBIBAABAAAA=,464c58212beca0c9,2026-04-11T20:16:21.000Z,"{""MessageId"":""c9c3a16a-107c-43ab-91c1-4af3d6216ed2"",""WirelessDeviceId"":""39886500-d9c4-4adb-86e0-79dd1d3211bf"",""PayloadData"":""adqsBBIBAABAAAA="",""WirelessMetadata"":{""LoRaWAN"":{""ADR"":true,""Bandwidth"":125,""ClassB"":false,""CodeRate"":""4/5"",""DataRate"":""3"",""DevAddr"":""018845fd"",""DevEui"":""464c58212beca0c9"",""FCnt"":110,""FOptLen"":0,""FPort"":20,""Frequency"":""904500000"",""Gateways"":[{""GatewayEui"":""000ce3fffe7640df"",""Rssi"":-56,""Snr"":14.25},{""GatewayEui"":""ac1f09fffe1f4c5b"",""Rssi"":-105,""Snr"":8.25},{""GatewayEui"":""000ce3fffe764142"",""Rssi"":-109,""Snr"":4.5},{""GatewayEui"":""000ce3fffe76411e"",""Rssi"":-109,""Snr"":3.5}],""MIC"":""77cda4de"",""MType"":""ConfirmedDataUp"",""Major"":""LoRaWANR1"",""Modulation"":""LORA"",""PolarizationInversion"":false,""SpreadingFactor"":7,""Timestamp"":""2026-04-11T20:16:21Z""}}}"
adqsBBICAAAZAAA=,464c58212beca0c9,2026-04-11T20:16:25.000Z,"{""MessageId"":""dc7081ce-08e2-4fee-937f-1376dd6e71b0"",""WirelessDeviceId"":""39886500-d9c4-4adb-86e0-79dd1d3211bf"",""PayloadData"":""adqsBBICAAAZAAA="",""WirelessMetadata"":{""LoRaWAN"":{""ADR"":true,""Bandwidth"":125,""ClassB"":false,""CodeRate"":""4/5"",""DataRate"":""3"",""DevAddr"":""018845fd"",""DevEui"":""464c58212beca0c9"",""FCnt"":111,""FOptLen"":0,""FPort"":20,""Frequency"":""904700000"",""Gateways"":[{""GatewayEui"":""000ce3fffe7640df"",""Rssi"":-58,""Snr"":14},{""GatewayEui"":""000ce3fffe764142"",""Rssi"":-104,""Snr"":9.75},{""GatewayEui"":""ac1f09fffe1f4c5b"",""Rssi"":-107,""Snr"":7},{""GatewayEui"":""000ce3fffe76411e"",""Rssi"":-111,""Snr"":2.75}],""MIC"":""01572db0"",""MType"":""ConfirmedDataUp"",""Major"":""LoRaWANR1"",""Modulation"":""LORA"",""PolarizationInversion"":false,""SpreadingFactor"":7,""Timestamp"":""2026-04-11T20:16:25Z""}}}"
adqsBBIDAAAMAAA=,464c58212beca0c9,2026-04-11T20:16:29.000Z,"{""MessageId"":""ad104ff4-f343-475f-afb9-cdac387a0fab"",""WirelessDeviceId"":""39886500-d9c4-4adb-86e0-79dd1d3211bf"",""PayloadData"":""adqsBBIDAAAMAAA="",""WirelessMetadata"":{""LoRaWAN"":{""ADR"":true,""Bandwidth"":125,""ClassB"":false,""CodeRate"":""4/5"",""DataRate"":""3"",""DevAddr"":""018845fd"",""DevEui"":""464c58212beca0c9"",""FCnt"":112,""FOptLen"":0,""FPort"":20,""Frequency"":""904900000"",""Gateways"":[{""GatewayEui"":""000ce3fffe7640df"",""Rssi"":-56,""Snr"":13.5},{""GatewayEui"":""ac1f09fffe1f4c5b"",""Rssi"":-107,""Snr"":6},{""GatewayEui"":""000ce3fffe764142"",""Rssi"":-109,""Snr"":5.25},{""GatewayEui"":""000ce3fffe76411e"",""Rssi"":-108,""Snr"":3.5}],""MIC"":""4df68e23"",""MType"":""ConfirmedDataUp"",""Major"":""LoRaWANR1"",""Modulation"":""LORA"",""PolarizationInversion"":false,""SpreadingFactor"":7,""Timestamp"":""2026-04-11T20:16:29Z""}}}"
adqsBBIEAAA/AAA=,464c58212beca0c9,2026-04-11T20:16:33.000Z,"{""MessageId"":""11e93a76-e3d1-4df3-95a4-271369b3604b"",""WirelessDeviceId"":""39886500-d9c4-4adb-86e0-79dd1d3211bf"",""PayloadData"":""adqsBBIEAAA/AAA="",""WirelessMetadata"":{""LoRaWAN"":{""ADR"":true,""Bandwidth"":125,""ClassB"":false,""CodeRate"":""4/5"",""DataRate"":""3"",""DevAddr"":""018845fd"",""DevEui"":""464c58212beca0c9"",""FCnt"":113,""FOptLen"":0,""FPort"":20,""Frequency"":""904700000"",""Gateways"":[{""GatewayEui"":""000ce3fffe7640df"",""Rssi"":-58,""Snr"":13.75},{""GatewayEui"":""ac1f09fffe1f4c5b"",""Rssi"":-108,""Snr"":5.75},{""GatewayEui"":""000ce3fffe76411e"",""Rssi"":-108,""Snr"":2.5}],""MIC"":""4a0a12cb"",""MType"":""ConfirmedDataUp"",""Major"":""LoRaWANR1"",""Modulation"":""LORA"",""PolarizationInversion"":false,""SpreadingFactor"":7,""Timestamp"":""2026-04-11T20:16:33Z""}}}"
adqsBBIFAAAhAAA=,464c58212beca0c9,2026-04-11T20:16:38.000Z,"{""MessageId"":""db82191c-d091-4fbc-ab70-69d72afffb3a"",""WirelessDeviceId"":""39886500-d9c4-4adb-86e0-79dd1d3211bf"",""PayloadData"":""adqsBBIFAAAhAAA="",""WirelessMetadata"":{""LoRaWAN"":{""ADR"":true,""Bandwidth"":125,""ClassB"":false,""CodeRate"":""4/5"",""DataRate"":""3"",""DevAddr"":""018845fd"",""DevEui"":""464c58212beca0c9"",""FCnt"":114,""FOptLen"":0,""FPort"":20,""Frequency"":""905100000"",""Gateways"":[{""GatewayEui"":""000ce3fffe7640df"",""Rssi"":-54,""Snr"":13.75},{""GatewayEui"":""ac1f09fffe1f4c5b"",""Rssi"":-108,""Snr"":5},{""GatewayEui"":""000ce3fffe76411e"",""Rssi"":-107,""Snr"":4.5}],""MIC"":""0ca5bea9"",""MType"":""ConfirmedDataUp"",""Major"":""LoRaWANR1"",""Modulation"":""LORA"",""PolarizationInversion"":false,""SpreadingFactor"":7,""Timestamp"":""2026-04-11T20:16:38Z""}}}"
adv9fxANkwAAAAA=,464c58212beca0c9,2026-04-12T20:15:44.000Z,"{""MessageId"":""2fbf70b9-3926-4040-8c8c-5b2432276499"",""WirelessDeviceId"":""39886500-d9c4-4adb-86e0-79dd1d3211bf"",""PayloadData"":""adv9fxANkwAAAAA="",""WirelessMetadata"":{""LoRaWAN"":{""ADR"":true,""Bandwidth"":125,""ClassB"":false,""CodeRate"":""4/5"",""DataRate"":""3"",""DevAddr"":""018845fd"",""DevEui"":""464c58212beca0c9"",""FCnt"":115,""FOptLen"":0,""FPort"":20,""Frequency"":""903900000"",""Gateways"":[{""GatewayEui"":""000ce3fffe7640df"",""Rssi"":-60,""Snr"":13.75},{""GatewayEui"":""000ce3fffe764142"",""Rssi"":-103,""Snr"":9.5},{""GatewayEui"":""ac1f09fffe1f4c5b"",""Rssi"":-107,""Snr"":8.25},{""GatewayEui"":""000ce3fffe7640ca"",""Rssi"":-118,""Snr"":-4.75}],""MIC"":""417df9e1"",""MType"":""ConfirmedDataUp"",""Major"":""LoRaWANR1"",""Modulation"":""LORA"",""PolarizationInversion"":false,""SpreadingFactor"":7,""Timestamp"":""2026-04-12T20:15:44Z""}}}"
adv9fxIAAAKzAAA=,464c58212beca0c9,2026-04-12T20:15:48.000Z,"{""MessageId"":""a3fc3141-c63f-4bb0-af22-afa08d8f260b"",""WirelessDeviceId"":""39886500-d9c4-4adb-86e0-79dd1d3211bf"",""PayloadData"":""adv9fxIAAAKzAAA="",""WirelessMetadata"":{""LoRaWAN"":{""ADR"":true,""Bandwidth"":125,""ClassB"":false,""CodeRate"":""4/5"",""DataRate"":""3"",""DevAddr"":""018845fd"",""DevEui"":""464c58212beca0c9"",""FCnt"":117,""FOptLen"":0,""FPort"":20,""Frequency"":""904900000"",""Gateways"":[{""GatewayEui"":""000ce3fffe764142"",""Rssi"":-99,""Snr"":10.75},{""GatewayEui"":""ac1f09fffe1f4c5b"",""Rssi"":-106,""Snr"":8},{""GatewayEui"":""000ce3fffe76411e"",""Rssi"":-112,""Snr"":0},{""GatewayEui"":""000ce3fffe7640ca"",""Rssi"":-120,""Snr"":-7.5}],""MIC"":""15048221"",""MType"":""ConfirmedDataUp"",""Major"":""LoRaWANR1"",""Modulation"":""LORA"",""PolarizationInversion"":false,""SpreadingFactor"":7,""Timestamp"":""2026-04-12T20:15:48Z""}}}"
adv9fxIBAABAAAA=,464c58212beca0c9,2026-04-12T20:15:52.000Z,"{""MessageId"":""00169fca-7a3c-44f1-b595-c3296813ad19"",""WirelessDeviceId"":""39886500-d9c4-4adb-86e0-79dd1d3211bf"",""PayloadData"":""adv9fxIBAABAAAA="",""WirelessMetadata"":{""LoRaWAN"":{""ADR"":true,""Bandwidth"":125,""ClassB"":false,""CodeRate"":""4/5"",""DataRate"":""3"",""DevAddr"":""018845fd"",""DevEui"":""464c58212beca0c9"",""FCnt"":119,""FOptLen"":0,""FPort"":20,""Frequency"":""904300000"",""Gateways"":[{""GatewayEui"":""ac1f09fffe1f4c5b"",""Rssi"":-111,""Snr"":2.5}],""MIC"":""c1367c10"",""MType"":""ConfirmedDataUp"",""Major"":""LoRaWANR1"",""Modulation"":""LORA"",""PolarizationInversion"":false,""SpreadingFactor"":7,""Timestamp"":""2026-04-12T20:15:52Z""}}}"
adv9fxICAAAZAAA=,464c58212beca0c9,2026-04-12T20:15:56.000Z,"{""MessageId"":""374cec46-c030-4861-b3fe-193a80000713"",""WirelessDeviceId"":""39886500-d9c4-4adb-86e0-79dd1d3211bf"",""PayloadData"":""adv9fxICAAAZAAA="",""WirelessMetadata"":{""LoRaWAN"":{""ADR"":true,""Bandwidth"":125,""ClassB"":false,""CodeRate"":""4/5"",""DataRate"":""3"",""DevAddr"":""018845fd"",""DevEui"":""464c58212beca0c9"",""FCnt"":120,""FOptLen"":0,""FPort"":20,""Frequency"":""904500000"",""Gateways"":[{""GatewayEui"":""000ce3fffe7640df"",""Rssi"":-59,""Snr"":14.25},{""GatewayEui"":""000ce3fffe764142"",""Rssi"":-105,""Snr"":6.5},{""GatewayEui"":""ac1f09fffe1f4c5b"",""Rssi"":-107,""Snr"":7.25},{""GatewayEui"":""000ce3fffe76411e"",""Rssi"":-113,""Snr"":-0.25},{""GatewayEui"":""000ce3fffe7640ca"",""Rssi"":-120,""Snr"":-8}],""MIC"":""4c75de97"",""MType"":""ConfirmedDataUp"",""Major"":""LoRaWANR1"",""Modulation"":""LORA"",""PolarizationInversion"":false,""SpreadingFactor"":7,""Timestamp"":""2026-04-12T20:15:56Z""}}}"
adv9fxIDAAAMAAA=,464c58212beca0c9,2026-04-12T20:16:00.000Z,"{""MessageId"":""fe15ce27-0f23-4d36-8847-7e17a2de7237"",""WirelessDeviceId"":""39886500-d9c4-4adb-86e0-79dd1d3211bf"",""PayloadData"":""adv9fxIDAAAMAAA="",""WirelessMetadata"":{""LoRaWAN"":{""ADR"":true,""Bandwidth"":125,""ClassB"":false,""CodeRate"":""4/5"",""DataRate"":""3"",""DevAddr"":""018845fd"",""DevEui"":""464c58212beca0c9"",""FCnt"":121,""FOptLen"":0,""FPort"":20,""Frequency"":""904900000"",""Gateways"":[{""GatewayEui"":""000ce3fffe7640df"",""Rssi"":-60,""Snr"":13.5},{""GatewayEui"":""000ce3fffe764142"",""Rssi"":-107,""Snr"":5.75},{""GatewayEui"":""ac1f09fffe1f4c5b"",""Rssi"":-107,""Snr"":5.75},{""GatewayEui"":""000ce3fffe76411e"",""Rssi"":-108,""Snr"":3}],""MIC"":""e32639f5"",""MType"":""ConfirmedDataUp"",""Major"":""LoRaWANR1"",""Modulation"":""LORA"",""PolarizationInversion"":false,""SpreadingFactor"":7,""Timestamp"":""2026-04-12T20:16:00Z""}}}"
adv9fxIEAAA/AAA=,464c58212beca0c9,2026-04-12T20:16:04.000Z,"{""MessageId"":""3f8f0b6b-dcd2-4f90-b008-a411df7e5b3a"",""WirelessDeviceId"":""39886500-d9c4-4adb-86e0-79dd1d3211bf"",""PayloadData"":""adv9fxIEAAA/AAA="",""WirelessMetadata"":{""LoRaWAN"":{""ADR"":true,""Bandwidth"":125,""ClassB"":false,""CodeRate"":""4/5"",""DataRate"":""3"",""DevAddr"":""018845fd"",""DevEui"":""464c58212beca0c9"",""FCnt"":122,""FOptLen"":0,""FPort"":20,""Frequency"":""905100000"",""Gateways"":[{""GatewayEui"":""000ce3fffe7640df"",""Rssi"":-53,""Snr"":13.75},{""GatewayEui"":""000ce3fffe764142"",""Rssi"":-100,""Snr"":10.25},{""GatewayEui"":""ac1f09fffe1f4c5b"",""Rssi"":-105,""Snr"":7.75},{""GatewayEui"":""000ce3fffe76411e"",""Rssi"":-109,""Snr"":1.75},{""GatewayEui"":""000ce3fffe7640ca"",""Rssi"":-119,""Snr"":-8.25}],""MIC"":""4e60a308"",""MType"":""ConfirmedDataUp"",""Major"":""LoRaWANR1"",""Modulation"":""LORA"",""PolarizationInversion"":false,""SpreadingFactor"":7,""Timestamp"":""2026-04-12T20:16:04Z""}}}"
adv9fxIFAAAhAAA=,464c58212beca0c9,2026-04-12T20:16:08.000Z,"{""MessageId"":""0a51f03a-d07a-447a-985c-cde0307e12e0"",""WirelessDeviceId"":""39886500-d9c4-4adb-86e0-79dd1d3211bf"",""PayloadData"":""adv9fxIFAAAhAAA="",""WirelessMetadata"":{""LoRaWAN"":{""ADR"":true,""Bandwidth"":125,""ClassB"":false,""CodeRate"":""4/5"",""DataRate"":""3"",""DevAddr"":""018845fd"",""DevEui"":""464c58212beca0c9"",""FCnt"":123,""FOptLen"":0,""FPort"":20,""Frequency"":""905300000"",""Gateways"":[{""GatewayEui"":""000ce3fffe7640df"",""Rssi"":-53,""Snr"":9.75},{""GatewayEui"":""ac1f09fffe1f4c5b"",""Rssi"":-109,""Snr"":4.5},{""GatewayEui"":""000ce3fffe764142"",""Rssi"":-108,""Snr"":4.25},{""GatewayEui"":""000ce3fffe76411e"",""Rssi"":-112,""Snr"":-1}],""MIC"":""65e96ed4"",""MType"":""ConfirmedDataUp"",""Major"":""LoRaWANR1"",""Modulation"":""LORA"",""PolarizationInversion"":false,""SpreadingFactor"":7,""Timestamp"":""2026-04-12T20:16:08Z""}}}"
adv9hBANjwAAAAA=,464c58212beca0c9,2026-04-12T20:16:13.000Z,"{""MessageId"":""2794ff70-3fba-4021-b95c-1b570788736a"",""WirelessDeviceId"":""39886500-d9c4-4adb-86e0-79dd1d3211bf"",""PayloadData"":""adv9hBANjwAAAAA="",""WirelessMetadata"":{""LoRaWAN"":{""ADR"":true,""Bandwidth"":125,""ClassB"":false,""CodeRate"":""4/5"",""DataRate"":""3"",""DevAddr"":""018845fd"",""DevEui"":""464c58212beca0c9"",""FCnt"":125,""FOptLen"":0,""FPort"":20,""Frequency"":""904100000"",""Gateways"":[{""GatewayEui"":""000ce3fffe7640df"",""Rssi"":-61,""Snr"":14},{""GatewayEui"":""000ce3fffe764142"",""Rssi"":-107,""Snr"":6},{""GatewayEui"":""ac1f09fffe1f4c5b"",""Rssi"":-110,""Snr"":5.25},{""GatewayEui"":""000ce3fffe7640ca"",""Rssi"":-118,""Snr"":-5.25}],""MIC"":""f87a1566"",""MType"":""ConfirmedDataUp"",""Major"":""LoRaWANR1"",""Modulation"":""LORA"",""PolarizationInversion"":false,""SpreadingFactor"":7,""Timestamp"":""2026-04-12T20:16:13Z""}}}"
adv9hBIAAAKzAAA=,464c58212beca0c9,2026-04-12T20:16:17.000Z,"{""MessageId"":""e2eb0249-b31e-4722-8e16-b04af081e1ea"",""WirelessDeviceId"":""39886500-d9c4-4adb-86e0-79dd1d3211bf"",""PayloadData"":""adv9hBIAAAKzAAA="",""WirelessMetadata"":{""LoRaWAN"":{""ADR"":true,""Bandwidth"":125,""ClassB"":false,""CodeRate"":""4/5"",""DataRate"":""3"",""DevAddr"":""018845fd"",""DevEui"":""464c58212beca0c9"",""FCnt"":127,""FOptLen"":0,""FPort"":20,""Frequency"":""903900000"",""Gateways"":[{""GatewayEui"":""000ce3fffe7640df"",""Rssi"":-58,""Snr"":13.75},{""GatewayEui"":""000ce3fffe764142"",""Rssi"":-99,""Snr"":11.5},{""GatewayEui"":""ac1f09fffe1f4c5b"",""Rssi"":-106,""Snr"":8.5},{""GatewayEui"":""000ce3fffe76411e"",""Rssi"":-115,""Snr"":-1},{""GatewayEui"":""000ce3fffe7640ca"",""Rssi"":-122,""Snr"":-8.75}],""MIC"":""7098876c"",""MType"":""ConfirmedDataUp"",""Major"":""LoRaWANR1"",""Modulation"":""LORA"",""PolarizationInversion"":false,""SpreadingFactor"":7,""Timestamp"":""2026-04-12T20:16:17Z""}}}"
adv9hBIBAABAAAA=,464c58212beca0c9,2026-04-12T20:16:21.000Z,"{""MessageId"":""36fb315d-7c05-47f7-86f3-67fb33fb11b9"",""WirelessDeviceId"":""39886500-d9c4-4adb-86e0-79dd1d3211bf"",""PayloadData"":""adv9hBIBAABAAAA="",""WirelessMetadata"":{""LoRaWAN"":{""ADR"":true,""Bandwidth"":125,""ClassB"":false,""CodeRate"":""4/5"",""DataRate"":""3"",""DevAddr"":""018845fd"",""DevEui"":""464c58212beca0c9"",""FCnt"":128,""FOptLen"":0,""FPort"":20,""Frequency"":""904500000"",""Gateways"":[{""GatewayEui"":""000ce3fffe7640df"",""Rssi"":-57,""Snr"":13.5},{""GatewayEui"":""000ce3fffe764142"",""Rssi"":-102,""Snr"":8.5},{""GatewayEui"":""ac1f09fffe1f4c5b"",""Rssi"":-109,""Snr"":5.75},{""GatewayEui"":""000ce3fffe76411e"",""Rssi"":-117,""Snr"":-2.25}],""MIC"":""3e6b56c9"",""MType"":""ConfirmedDataUp"",""Major"":""LoRaWANR1"",""Modulation"":""LORA"",""PolarizationInversion"":false,""SpreadingFactor"":7,""Timestamp"":""2026-04-12T20:16:21Z""}}}"
adv9hBICAAAZAAA=,464c58212beca0c9,2026-04-12T20:16:25.000Z,"{""MessageId"":""530d603c-d780-4fbe-96f9-0cfb7c9abf40"",""WirelessDeviceId"":""39886500-d9c4-4adb-86e0-79dd1d3211bf"",""PayloadData"":""adv9hBICAAAZAAA="",""WirelessMetadata"":{""LoRaWAN"":{""ADR"":true,""Bandwidth"":125,""ClassB"":false,""CodeRate"":""4/5"",""DataRate"":""3"",""DevAddr"":""018845fd"",""DevEui"":""464c58212beca0c9"",""FCnt"":129,""FOptLen"":0,""FPort"":20,""Frequency"":""903900000"",""Gateways"":[{""GatewayEui"":""000ce3fffe7640df"",""Rssi"":-59,""Snr"":13.5},{""GatewayEui"":""000ce3fffe764142"",""Rssi"":-97,""Snr"":12.5},{""GatewayEui"":""ac1f09fffe1f4c5b"",""Rssi"":-108,""Snr"":6.5},{""GatewayEui"":""000ce3fffe76411e"",""Rssi"":-112,""Snr"":2}],""MIC"":""f8289f70"",""MType"":""ConfirmedDataUp"",""Major"":""LoRaWANR1"",""Modulation"":""LORA"",""PolarizationInversion"":false,""SpreadingFactor"":7,""Timestamp"":""2026-04-12T20:16:25Z""}}}"
adv9hBIDAAAMAAA=,464c58212beca0c9,2026-04-12T20:16:29.000Z,"{""MessageId"":""ccebe678-0eab-40dd-b00b-9f340c9faee5"",""WirelessDeviceId"":""39886500-d9c4-4adb-86e0-79dd1d3211bf"",""PayloadData"":""adv9hBIDAAAMAAA="",""WirelessMetadata"":{""LoRaWAN"":{""ADR"":true,""Bandwidth"":125,""ClassB"":false,""CodeRate"":""4/5"",""DataRate"":""3"",""DevAddr"":""018845fd"",""DevEui"":""464c58212beca0c9"",""FCnt"":130,""FOptLen"":0,""FPort"":20,""Frequency"":""905300000"",""Gateways"":[{""GatewayEui"":""000ce3fffe7640df"",""Rssi"":-53,""Snr"":10.25},{""GatewayEui"":""000ce3fffe764142"",""Rssi"":-101,""Snr"":8},{""GatewayEui"":""ac1f09fffe1f4c5b"",""Rssi"":-103,""Snr"":6.75},{""GatewayEui"":""000ce3fffe76411e"",""Rssi"":-114,""Snr"":-3.25}],""MIC"":""30d09ffb"",""MType"":""ConfirmedDataUp"",""Major"":""LoRaWANR1"",""Modulation"":""LORA"",""PolarizationInversion"":false,""SpreadingFactor"":7,""Timestamp"":""2026-04-12T20:16:29Z""}}}"
adv9hBIEAAA/AAA=,464c58212beca0c9,2026-04-12T20:16:33.000Z,"{""MessageId"":""574d54bf-91b9-4e94-a0c3-9926fd056beb"",""WirelessDeviceId"":""39886500-d9c4-4adb-86e0-79dd1d3211bf"",""PayloadData"":""adv9hBIEAAA/AAA="",""WirelessMetadata"":{""LoRaWAN"":{""ADR"":true,""Bandwidth"":125,""ClassB"":false,""CodeRate"":""4/5"",""DataRate"":""3"",""DevAddr"":""018845fd"",""DevEui"":""464c58212beca0c9"",""FCnt"":131,""FOptLen"":0,""FPort"":20,""Frequency"":""904900000"",""Gateways"":[{""GatewayEui"":""000ce3fffe7640df"",""Rssi"":-54,""Snr"":14},{""GatewayEui"":""000ce3fffe764142"",""Rssi"":-101,""Snr"":10},{""GatewayEui"":""ac1f09fffe1f4c5b"",""Rssi"":-107,""Snr"":6.75}],""MIC"":""12adfc36"",""MType"":""ConfirmedDataUp"",""Major"":""LoRaWANR1"",""Modulation"":""LORA"",""PolarizationInversion"":false,""SpreadingFactor"":7,""Timestamp"":""2026-04-12T20:16:33Z""}}}"
adv9hBIFAAAhAAA=,464c58212beca0c9,2026-04-12T20:16:37.000Z,"{""MessageId"":""badb2e46-5a0b-440f-af39-0589729be0a9"",""WirelessDeviceId"":""39886500-d9c4-4adb-86e0-79dd1d3211bf"",""PayloadData"":""adv9hBIFAAAhAAA="",""WirelessMetadata"":{""LoRaWAN"":{""ADR"":true,""Bandwidth"":125,""ClassB"":false,""CodeRate"":""4/5"",""DataRate"":""3"",""DevAddr"":""018845fd"",""DevEui"":""464c58212beca0c9"",""FCnt"":132,""FOptLen"":0,""FPort"":20,""Frequency"":""904700000"",""Gateways"":[{""GatewayEui"":""000ce3fffe7640df"",""Rssi"":-55,""Snr"":13.75},{""GatewayEui"":""000ce3fffe764142"",""Rssi"":-102,""Snr"":10.25},{""GatewayEui"":""ac1f09fffe1f4c5b"",""Rssi"":-106,""Snr"":6.5},{""GatewayEui"":""000ce3fffe76411e"",""Rssi"":-117,""Snr"":-3.5},{""GatewayEui"":""000ce3fffe7640ca"",""Rssi"":-122,""Snr"":-8.5}],""MIC"":""c3c62b0b"",""MType"":""ConfirmedDataUp"",""Major"":""LoRaWANR1"",""Modulation"":""LORA"",""PolarizationInversion"":false,""SpreadingFactor"":7,""Timestamp"":""2026-04-12T20:16:37Z""}}}"
ad1PABANlAAAAAA=,464c58212beca0c9,2026-04-13T20:15:44.000Z,"{""MessageId"":""4f3ea0db-8ed5-40b8-90ad-f1fabc170829"",""WirelessDeviceId"":""39886500-d9c4-4adb-86e0-79dd1d3211bf"",""PayloadData"":""ad1PABANlAAAAAA="",""WirelessMetadata"":{""LoRaWAN"":{""ADR"":true,""Bandwidth"":125,""ClassB"":false,""CodeRate"":""4/5"",""DataRate"":""3"",""DevAddr"":""018845fd"",""DevEui"":""464c58212beca0c9"",""FCnt"":133,""FOptLen"":0,""FPort"":20,""Frequency"":""904100000"",""Gateways"":[{""GatewayEui"":""000ce3fffe7640df"",""Rssi"":-69,""Snr"":12},{""GatewayEui"":""ac1f09fffe1f4c5b"",""Rssi"":-105,""Snr"":7.75},{""GatewayEui"":""000ce3fffe7640ca"",""Rssi"":-120,""Snr"":-7.5}],""MIC"":""f7f4d80b"",""MType"":""ConfirmedDataUp"",""Major"":""LoRaWANR1"",""Modulation"":""LORA"",""PolarizationInversion"":false,""SpreadingFactor"":7,""Timestamp"":""2026-04-13T20:15:44Z""}}}"
ad1PABIAAAKzAAA=,464c58212beca0c9,2026-04-13T20:15:48.000Z,"{""MessageId"":""7f1372fe-549f-40f7-8120-6075abe912a2"",""WirelessDeviceId"":""39886500-d9c4-4adb-86e0-79dd1d3211bf"",""PayloadData"":""ad1PABIAAAKzAAA="",""WirelessMetadata"":{""LoRaWAN"":{""ADR"":true,""Bandwidth"":125,""ClassB"":false,""CodeRate"":""4/5"",""DataRate"":""3"",""DevAddr"":""018845fd"",""DevEui"":""464c58212beca0c9"",""FCnt"":135,""FOptLen"":0,""FPort"":20,""Frequency"":""904500000"",""Gateways"":[{""GatewayEui"":""ac1f09fffe1f4c5b"",""Rssi"":-104,""Snr"":8.75},{""GatewayEui"":""000ce3fffe76411e"",""Rssi"":-112,""Snr"":-0.25}],""MIC"":""9ed25538"",""MType"":""ConfirmedDataUp"",""Major"":""LoRaWANR1"",""Modulation"":""LORA"",""PolarizationInversion"":false,""SpreadingFactor"":7,""Timestamp"":""2026-04-13T20:15:48Z""}}}"
ad1PABIBAABAAAA=,464c58212beca0c9,2026-04-13T20:15:56.000Z,"{""MessageId"":""28ee9da0-b5ea-49fb-8389-29bb4f585370"",""WirelessDeviceId"":""39886500-d9c4-4adb-86e0-79dd1d3211bf"",""PayloadData"":""ad1PABIBAABAAAA="",""WirelessMetadata"":{""LoRaWAN"":{""ADR"":true,""Bandwidth"":125,""ClassB"":false,""CodeRate"":""4/5"",""DataRate"":""3"",""DevAddr"":""018845fd"",""DevEui"":""464c58212beca0c9"",""FCnt"":137,""FOptLen"":0,""FPort"":20,""Frequency"":""904300000"",""Gateways"":[{""GatewayEui"":""000ce3fffe7640df"",""Rssi"":-69,""Snr"":9.5},{""GatewayEui"":""000ce3fffe764142"",""Rssi"":-101,""Snr"":8.5},{""GatewayEui"":""ac1f09fffe1f4c5b"",""Rssi"":-107,""Snr"":5.25},{""GatewayEui"":""000ce3fffe76411e"",""Rssi"":-117,""Snr"":-4},{""GatewayEui"":""000ce3fffe7640ca"",""Rssi"":-119,""Snr"":-6.75}],""MIC"":""dd534926"",""MType"":""ConfirmedDataUp"",""Major"":""LoRaWANR1"",""Modulation"":""LORA"",""PolarizationInversion"":false,""SpreadingFactor"":7,""Timestamp"":""2026-04-13T20:15:56Z""}}}"
ad1PABICAAAZAAA=,464c58212beca0c9,2026-04-13T20:16:00.000Z,"{""MessageId"":""d7a264bf-863c-4e93-8ec8-ac9ddb6c1c69"",""WirelessDeviceId"":""39886500-d9c4-4adb-86e0-79dd1d3211bf"",""PayloadData"":""ad1PABICAAAZAAA="",""WirelessMetadata"":{""LoRaWAN"":{""ADR"":true,""Bandwidth"":125,""ClassB"":false,""CodeRate"":""4/5"",""DataRate"":""3"",""DevAddr"":""018845fd"",""DevEui"":""464c58212beca0c9"",""FCnt"":138,""FOptLen"":0,""FPort"":20,""Frequency"":""904900000"",""Gateways"":[{""GatewayEui"":""000ce3fffe7640df"",""Rssi"":-60,""Snr"":13.5},{""GatewayEui"":""000ce3fffe764142"",""Rssi"":-104,""Snr"":8.5},{""GatewayEui"":""ac1f09fffe1f4c5b"",""Rssi"":-107,""Snr"":7},{""GatewayEui"":""000ce3fffe76411e"",""Rssi"":-114,""Snr"":-2.25}],""MIC"":""897291d4"",""MType"":""ConfirmedDataUp"",""Major"":""LoRaWANR1"",""Modulation"":""LORA"",""PolarizationInversion"":false,""SpreadingFactor"":7,""Timestamp"":""2026-04-13T20:16:00Z""}}}"
ad1PABIDAAAMAAA=,464c58212beca0c9,2026-04-13T20:16:04.000Z,"{""MessageId"":""43069c0b-4e25-4be2-b244-2d6e3d016816"",""WirelessDeviceId"":""39886500-d9c4-4adb-86e0-79dd1d3211bf"",""PayloadData"":""ad1PABIDAAAMAAA="",""WirelessMetadata"":{""LoRaWAN"":{""ADR"":true,""Bandwidth"":125,""ClassB"":false,""CodeRate"":""4/5"",""DataRate"":""3"",""DevAddr"":""018845fd"",""DevEui"":""464c58212beca0c9"",""FCnt"":139,""FOptLen"":0,""FPort"":20,""Frequency"":""904500000"",""Gateways"":[{""GatewayEui"":""000ce3fffe7640df"",""Rssi"":-67,""Snr"":14.5},{""GatewayEui"":""ac1f09fffe1f4c5b"",""Rssi"":-105,""Snr"":7.75},{""GatewayEui"":""000ce3fffe7640ca"",""Rssi"":-117,""Snr"":-4.75}],""MIC"":""0e676dd0"",""MType"":""ConfirmedDataUp"",""Major"":""LoRaWANR1"",""Modulation"":""LORA"",""PolarizationInversion"":false,""SpreadingFactor"":7,""Timestamp"":""2026-04-13T20:16:04Z""}}}"
ad1PABIEAAA/AAA=,464c58212beca0c9,2026-04-13T20:16:08.000Z,"{""MessageId"":""3026f3f2-79c0-4585-ad86-ef12b76a0030"",""WirelessDeviceId"":""39886500-d9c4-4adb-86e0-79dd1d3211bf"",""PayloadData"":""ad1PABIEAAA/AAA="",""WirelessMetadata"":{""LoRaWAN"":{""ADR"":true,""Bandwidth"":125,""ClassB"":false,""CodeRate"":""4/5"",""DataRate"":""3"",""DevAddr"":""018845fd"",""DevEui"":""464c58212beca0c9"",""FCnt"":140,""FOptLen"":0,""FPort"":20,""Frequency"":""903900000"",""Gateways"":[{""GatewayEui"":""000ce3fffe7640df"",""Rssi"":-75,""Snr"":13.5},{""GatewayEui"":""000ce3fffe764142"",""Rssi"":-105,""Snr"":8.25},{""GatewayEui"":""ac1f09fffe1f4c5b"",""Rssi"":-109,""Snr"":6},{""GatewayEui"":""000ce3fffe76411e"",""Rssi"":-113,""Snr"":0.5}],""MIC"":""4c6772d2"",""MType"":""ConfirmedDataUp"",""Major"":""LoRaWANR1"",""Modulation"":""LORA"",""PolarizationInversion"":false,""SpreadingFactor"":7,""Timestamp"":""2026-04-13T20:16:08Z""}}}"
ad1PABIFAAAhAAA=,464c58212beca0c9,2026-04-13T20:16:12.000Z,"{""MessageId"":""5683e9a2-3167-4076-8350-1d567f19d28c"",""WirelessDeviceId"":""39886500-d9c4-4adb-86e0-79dd1d3211bf"",""PayloadData"":""ad1PABIFAAAhAAA="",""WirelessMetadata"":{""LoRaWAN"":{""ADR"":true,""Bandwidth"":125,""ClassB"":false,""CodeRate"":""4/5"",""DataRate"":""3"",""DevAddr"":""018845fd"",""DevEui"":""464c58212beca0c9"",""FCnt"":142,""FOptLen"":0,""FPort"":20,""Frequency"":""904700000"",""Gateways"":[{""GatewayEui"":""000ce3fffe7640df"",""Rssi"":-62,""Snr"":13.75},{""GatewayEui"":""000ce3fffe764142"",""Rssi"":-107,""Snr"":2.5},{""GatewayEui"":""ac1f09fffe1f4c5b"",""Rssi"":-113,""Snr"":2.25},{""GatewayEui"":""000ce3fffe76411e"",""Rssi"":-115,""Snr"":-1}],""MIC"":""fd9d8fc5"",""MType"":""ConfirmedDataUp"",""Major"":""LoRaWANR1"",""Modulation"":""LORA"",""PolarizationInversion"":false,""SpreadingFactor"":7,""Timestamp"":""2026-04-13T20:16:12Z""}}}"
ad1PBBANjgAAAAA=,464c58212beca0c9,2026-04-13T20:16:17.000Z,"{""MessageId"":""7d516afb-0850-4ee5-b53b-05f3f3acddb7"",""WirelessDeviceId"":""39886500-d9c4-4adb-86e0-79dd1d3211bf"",""PayloadData"":""ad1PBBANjgAAAAA="",""WirelessMetadata"":{""LoRaWAN"":{""ADR"":true,""Bandwidth"":125,""ClassB"":false,""CodeRate"":""4/5"",""DataRate"":""3"",""DevAddr"":""018845fd"",""DevEui"":""464c58212beca0c9"",""FCnt"":144,""FOptLen"":0,""FPort"":20,""Frequency"":""905300000"",""Gateways"":[{""GatewayEui"":""000ce3fffe7640df"",""Rssi"":-57,""Snr"":9.75},{""GatewayEui"":""000ce3fffe764142"",""Rssi"":-105,""Snr"":6},{""GatewayEui"":""ac1f09fffe1f4c5b"",""Rssi"":-110,""Snr"":0.5},{""GatewayEui"":""000ce3fffe76411e"",""Rssi"":-115,""Snr"":-5.25}],""MIC"":""d6555c03"",""MType"":""ConfirmedDataUp"",""Major"":""LoRaWANR1"",""Modulation"":""LORA"",""PolarizationInversion"":false,""SpreadingFactor"":7,""Timestamp"":""2026-04-13T20:16:17Z""}}}"
ad1PBBIAAAKzAAA=,464c58212beca0c9,2026-04-13T20:16:21.000Z,"{""MessageId"":""6dd48e9b-8fbb-4c6d-a46e-d9d985dbca63"",""WirelessDeviceId"":""39886500-d9c4-4adb-86e0-79dd1d3211bf"",""PayloadData"":""ad1PBBIAAAKzAAA="",""WirelessMetadata"":{""LoRaWAN"":{""ADR"":true,""Bandwidth"":125,""ClassB"":false,""CodeRate"":""4/5"",""DataRate"":""3"",""DevAddr"":""018845fd"",""DevEui"":""464c58212beca0c9"",""FCnt"":145,""FOptLen"":0,""FPort"":20,""Frequency"":""904500000"",""Gateways"":[{""GatewayEui"":""000ce3fffe7640df"",""Rssi"":-64,""Snr"":14.25},{""GatewayEui"":""000ce3fffe764142"",""Rssi"":-101,""Snr"":9},{""GatewayEui"":""ac1f09fffe1f4c5b"",""Rssi"":-105,""Snr"":7.5},{""GatewayEui"":""000ce3fffe76411e"",""Rssi"":-118,""Snr"":-4.75},{""GatewayEui"":""000ce3fffe7640ca"",""Rssi"":-119,""Snr"":-7}],""MIC"":""235bfdc8"",""MType"":""ConfirmedDataUp"",""Major"":""LoRaWANR1"",""Modulation"":""LORA"",""PolarizationInversion"":false,""SpreadingFactor"":7,""Timestamp"":""2026-04-13T20:16:21Z""}}}"
ad1PBBIBAABAAAA=,464c58212beca0c9,2026-04-13T20:16:25.000Z,"{""MessageId"":""b9886730-f064-4a18-ae44-7034c3e5576e"",""WirelessDeviceId"":""39886500-d9c4-4adb-86e0-79dd1d3211bf"",""PayloadData"":""ad1PBBIBAABAAAA="",""WirelessMetadata"":{""LoRaWAN"":{""ADR"":true,""Bandwidth"":125,""ClassB"":false,""CodeRate"":""4/5"",""DataRate"":""3"",""DevAddr"":""018845fd"",""DevEui"":""464c58212beca0c9"",""FCnt"":146,""FOptLen"":0,""FPort"":20,""Frequency"":""905300000"",""Gateways"":[{""GatewayEui"":""000ce3fffe7640df"",""Rssi"":-56,""Snr"":10.5},{""GatewayEui"":""000ce3fffe764142"",""Rssi"":-109,""Snr"":1.75},{""GatewayEui"":""ac1f09fffe1f4c5b"",""Rssi"":-111,""Snr"":1.5},{""GatewayEui"":""000ce3fffe7640ca"",""Rssi"":-121,""Snr"":-9.5}],""MIC"":""8355b02a"",""MType"":""ConfirmedDataUp"",""Major"":""LoRaWANR1"",""Modulation"":""LORA"",""PolarizationInversion"":false,""SpreadingFactor"":7,""Timestamp"":""2026-04-13T20:16:25Z""}}}"
ad1PBBICAAAZAAA=,464c58212beca0c9,2026-04-13T20:16:29.000Z,"{""MessageId"":""b123dedd-adaf-48f5-bd95-d32f487c0dc3"",""WirelessDeviceId"":""39886500-d9c4-4adb-86e0-79dd1d3211bf"",""PayloadData"":""ad1PBBICAAAZAAA="",""WirelessMetadata"":{""LoRaWAN"":{""ADR"":true,""Bandwidth"":125,""ClassB"":false,""CodeRate"":""4/5"",""DataRate"":""3"",""DevAddr"":""018845fd"",""DevEui"":""464c58212beca0c9"",""FCnt"":147,""FOptLen"":0,""FPort"":20,""Frequency"":""903900000"",""Gateways"":[{""GatewayEui"":""000ce3fffe7640df"",""Rssi"":-68,""Snr"":14},{""GatewayEui"":""000ce3fffe764142"",""Rssi"":-98,""Snr"":11.5},{""GatewayEui"":""ac1f09fffe1f4c5b"",""Rssi"":-109,""Snr"":6},{""GatewayEui"":""000ce3fffe7640ca"",""Rssi"":-117,""Snr"":-4.5}],""MIC"":""414a99cc"",""MType"":""ConfirmedDataUp"",""Major"":""LoRaWANR1"",""Modulation"":""LORA"",""PolarizationInversion"":false,""SpreadingFactor"":7,""Timestamp"":""2026-04-13T20:16:29Z""}}}"
ad1PBBIDAAAMAAA=,464c58212beca0c9,2026-04-13T20:16:33.000Z,"{""MessageId"":""44cbdc14-9f2b-4de1-9fe2-170c61f7141a"",""WirelessDeviceId"":""39886500-d9c4-4adb-86e0-79dd1d3211bf"",""PayloadData"":""ad1PBBIDAAAMAAA="",""WirelessMetadata"":{""LoRaWAN"":{""ADR"":true,""Bandwidth"":125,""ClassB"":false,""CodeRate"":""4/5"",""DataRate"":""3"",""DevAddr"":""018845fd"",""DevEui"":""464c58212beca0c9"",""FCnt"":148,""FOptLen"":0,""FPort"":20,""Frequency"":""904700000"",""Gateways"":[{""GatewayEui"":""000ce3fffe7640df"",""Rssi"":-65,""Snr"":13.75},{""GatewayEui"":""000ce3fffe764142"",""Rssi"":-100,""Snr"":9.5},{""GatewayEui"":""ac1f09fffe1f4c5b"",""Rssi"":-107,""Snr"":7},{""GatewayEui"":""000ce3fffe7640ca"",""Rssi"":-122,""Snr"":-9}],""MIC"":""fc1101fb"",""MType"":""ConfirmedDataUp"",""Major"":""LoRaWANR1"",""Modulation"":""LORA"",""PolarizationInversion"":false,""SpreadingFactor"":7,""Timestamp"":""2026-04-13T20:16:33Z""}}}"
ad1PBBIEAAA/AAA=,464c58212beca0c9,2026-04-13T20:16:37.000Z,"{""MessageId"":""e577579b-1fed-48bb-86fd-e94b1b05f8ca"",""WirelessDeviceId"":""39886500-d9c4-4adb-86e0-79dd1d3211bf"",""PayloadData"":""ad1PBBIEAAA/AAA="",""WirelessMetadata"":{""LoRaWAN"":{""ADR"":true,""Bandwidth"":125,""ClassB"":false,""CodeRate"":""4/5"",""DataRate"":""3"",""DevAddr"":""018845fd"",""DevEui"":""464c58212beca0c9"",""FCnt"":149,""FOptLen"":0,""FPort"":20,""Frequency"":""904100000"",""Gateways"":[{""GatewayEui"":""000ce3fffe7640df"",""Rssi"":-78,""Snr"":12},{""GatewayEui"":""000ce3fffe764142"",""Rssi"":-102,""Snr"":8.25},{""GatewayEui"":""ac1f09fffe1f4c5b"",""Rssi"":-108,""Snr"":5.75}],""MIC"":""fc497496"",""MType"":""ConfirmedDataUp"",""Major"":""LoRaWANR1"",""Modulation"":""LORA"",""PolarizationInversion"":false,""SpreadingFactor"":7,""Timestamp"":""2026-04-13T20:16:37Z""}}}"
ad1PBBIFAAAhAAA=,464c58212beca0c9,2026-04-13T20:16:41.000Z,"{""MessageId"":""caf573f8-ab16-4464-9ecb-0c1312ec43bd"",""WirelessDeviceId"":""39886500-d9c4-4adb-86e0-79dd1d3211bf"",""PayloadData"":""ad1PBBIFAAAhAAA="",""WirelessMetadata"":{""LoRaWAN"":{""ADR"":true,""Bandwidth"":125,""ClassB"":false,""CodeRate"":""4/5"",""DataRate"":""3"",""DevAddr"":""018845fd"",""DevEui"":""464c58212beca0c9"",""FCnt"":150,""FOptLen"":0,""FPort"":20,""Frequency"":""904900000"",""Gateways"":[{""GatewayEui"":""000ce3fffe7640df"",""Rssi"":-61,""Snr"":14},{""GatewayEui"":""000ce3fffe764142"",""Rssi"":-110,""Snr"":4.25},{""GatewayEui"":""000ce3fffe76411e"",""Rssi"":-115,""Snr"":-3},{""GatewayEui"":""ac1f09fffe1f4c5b"",""Rssi"":-118,""Snr"":-5.25}],""MIC"":""e65c3a64"",""MType"":""ConfirmedDataUp"",""Major"":""LoRaWANR1"",""Modulation"":""LORA"",""PolarizationInversion"":false,""SpreadingFactor"":7,""Timestamp"":""2026-04-13T20:16:41Z""}}}"
ad6gfxANkwAAAAA=,464c58212beca0c9,2026-04-14T20:15:44.000Z,"{""MessageId"":""a1e984be-f97e-4a52-a92f-d9963cdf1898"",""WirelessDeviceId"":""39886500-d9c4-4adb-86e0-79dd1d3211bf"",""PayloadData"":""ad6gfxANkwAAAAA="",""WirelessMetadata"":{""LoRaWAN"":{""ADR"":true,""Bandwidth"":125,""ClassB"":false,""CodeRate"":""4/5"",""DataRate"":""3"",""DevAddr"":""018845fd"",""DevEui"":""464c58212beca0c9"",""FCnt"":151,""FOptLen"":0,""FPort"":20,""Frequency"":""904300000"",""Gateways"":[{""GatewayEui"":""000ce3fffe7640df"",""Rssi"":-57,""Snr"":10.25},{""GatewayEui"":""000ce3fffe764142"",""Rssi"":-101,""Snr"":9},{""GatewayEui"":""000ce3fffe7640ca"",""Rssi"":-114,""Snr"":-2.25}],""MIC"":""d1010e41"",""MType"":""ConfirmedDataUp"",""Major"":""LoRaWANR1"",""Modulation"":""LORA"",""PolarizationInversion"":false,""SpreadingFactor"":7,""Timestamp"":""2026-04-14T20:15:44Z""}}}"
ad6gfxIAAAKzAAA=,464c58212beca0c9,2026-04-14T20:15:48.000Z,"{""MessageId"":""df6e67b6-0374-4438-bdb3-82f91b3a050b"",""WirelessDeviceId"":""39886500-d9c4-4adb-86e0-79dd1d3211bf"",""PayloadData"":""ad6gfxIAAAKzAAA="",""WirelessMetadata"":{""LoRaWAN"":{""ADR"":true,""Bandwidth"":125,""ClassB"":false,""CodeRate"":""4/5"",""DataRate"":""3"",""DevAddr"":""018845fd"",""DevEui"":""464c58212beca0c9"",""FCnt"":153,""FOptLen"":0,""FPort"":20,""Frequency"":""904500000"",""Gateways"":[{""GatewayEui"":""000ce3fffe7640df"",""Rssi"":-54,""Snr"":14},{""GatewayEui"":""ac1f09fffe1f4c5b"",""Rssi"":-107,""Snr"":6.25},{""GatewayEui"":""000ce3fffe7640ca"",""Rssi"":-116,""Snr"":-4.5},{""GatewayEui"":""000ce3fffe76411e"",""Rssi"":-117,""Snr"":-4.75}],""MIC"":""afc35627"",""MType"":""ConfirmedDataUp"",""Major"":""LoRaWANR1"",""Modulation"":""LORA"",""PolarizationInversion"":false,""SpreadingFactor"":7,""Timestamp"":""2026-04-14T20:15:48Z""}}}"
ad6gfxIBAABAAAA=,464c58212beca0c9,2026-04-14T20:15:52.000Z,"{""MessageId"":""701ab44e-448c-498c-9843-02231136bd17"",""WirelessDeviceId"":""39886500-d9c4-4adb-86e0-79dd1d3211bf"",""PayloadData"":""ad6gfxIBAABAAAA="",""WirelessMetadata"":{""LoRaWAN"":{""ADR"":true,""Bandwidth"":125,""ClassB"":false,""CodeRate"":""4/5"",""DataRate"":""3"",""DevAddr"":""018845fd"",""DevEui"":""464c58212beca0c9"",""FCnt"":155,""FOptLen"":0,""FPort"":20,""Frequency"":""904700000"",""Gateways"":[{""GatewayEui"":""000ce3fffe7640df"",""Rssi"":-57,""Snr"":9.5},{""GatewayEui"":""000ce3fffe764142"",""Rssi"":-107,""Snr"":6.75},{""GatewayEui"":""ac1f09fffe1f4c5b"",""Rssi"":-110,""Snr"":4.25},{""GatewayEui"":""000ce3fffe76411e"",""Rssi"":-113,""Snr"":0.25},{""GatewayEui"":""000ce3fffe7640ca"",""Rssi"":-118,""Snr"":-5}],""MIC"":""5ce6978c"",""MType"":""ConfirmedDataUp"",""Major"":""LoRaWANR1"",""Modulation"":""LORA"",""PolarizationInversion"":false,""SpreadingFactor"":7,""Timestamp"":""2026-04-14T20:15:52Z""}}}"
ad6gfxICAAAZAAA=,464c58212beca0c9,2026-04-14T20:15:56.000Z,"{""MessageId"":""7aaf45bb-b6db-401f-923e-0e06421bca4a"",""WirelessDeviceId"":""39886500-d9c4-4adb-86e0-79dd1d3211bf"",""PayloadData"":""ad6gfxICAAAZAAA="",""WirelessMetadata"":{""LoRaWAN"":{""ADR"":true,""Bandwidth"":125,""ClassB"":false,""CodeRate"":""4/5"",""DataRate"":""3"",""DevAddr"":""018845fd"",""DevEui"":""464c58212beca0c9"",""FCnt"":156,""FOptLen"":0,""FPort"":20,""Frequency"":""905300000"",""Gateways"":[{""GatewayEui"":""000ce3fffe7640df"",""Rssi"":-58,""Snr"":12},{""GatewayEui"":""ac1f09fffe1f4c5b"",""Rssi"":-108,""Snr"":3.5},{""GatewayEui"":""000ce3fffe764142"",""Rssi"":-105,""Snr"":-2},{""GatewayEui"":""000ce3fffe7640ca"",""Rssi"":-117,""Snr"":-6.5},{""GatewayEui"":""000ce3fffe76411e"",""Rssi"":-117,""Snr"":-7}],""MIC"":""43a7819b"",""MType"":""ConfirmedDataUp"",""Major"":""LoRaWANR1"",""Modulation"":""LORA"",""PolarizationInversion"":false,""SpreadingFactor"":7,""Timestamp"":""2026-04-14T20:15:56Z""}}}"
ad6gfxIDAAAMAAA=,464c58212beca0c9,2026-04-14T20:16:00.000Z,"{""MessageId"":""c32d86f5-be6c-4c69-9b5d-c04b2e78278e"",""WirelessDeviceId"":""39886500-d9c4-4adb-86e0-79dd1d3211bf"",""PayloadData"":""ad6gfxIDAAAMAAA="",""WirelessMetadata"":{""LoRaWAN"":{""ADR"":true,""Bandwidth"":125,""ClassB"":false,""CodeRate"":""4/5"",""DataRate"":""3"",""DevAddr"":""018845fd"",""DevEui"":""464c58212beca0c9"",""FCnt"":157,""FOptLen"":0,""FPort"":20,""Frequency"":""904300000"",""Gateways"":[{""GatewayEui"":""000ce3fffe7640df"",""Rssi"":-57,""Snr"":10.25},{""GatewayEui"":""ac1f09fffe1f4c5b"",""Rssi"":-108,""Snr"":5.25},{""GatewayEui"":""000ce3fffe7640ca"",""Rssi"":-116,""Snr"":-4}],""MIC"":""6d53d03e"",""MType"":""ConfirmedDataUp"",""Major"":""LoRaWANR1"",""Modulation"":""LORA"",""PolarizationInversion"":false,""SpreadingFactor"":7,""Timestamp"":""2026-04-14T20:16:00Z""}}}"
ad6gfxIEAAA/AAA=,464c58212beca0c9,2026-04-14T20:16:04.000Z,"{""MessageId"":""7ab3eeb3-5f5e-49fa-8bf1-5037f5f4a1a3"",""WirelessDeviceId"":""39886500-d9c4-4adb-86e0-79dd1d3211bf"",""PayloadData"":""ad6gfxIEAAA/AAA="",""WirelessMetadata"":{""LoRaWAN"":{""ADR"":true,""Bandwidth"":125,""ClassB"":false,""CodeRate"":""4/5"",""DataRate"":""3"",""DevAddr"":""018845fd"",""DevEui"":""464c58212beca0c9"",""FCnt"":158,""FOptLen"":0,""FPort"":20,""Frequency"":""904100000"",""Gateways"":[{""GatewayEui"":""000ce3fffe7640df"",""Rssi"":-56,""Snr"":13.5},{""GatewayEui"":""000ce3fffe764142"",""Rssi"":-98,""Snr"":10.25},{""GatewayEui"":""ac1f09fffe1f4c5b"",""Rssi"":-107,""Snr"":5.25},{""GatewayEui"":""000ce3fffe7640ca"",""Rssi"":-117,""Snr"":-5},{""GatewayEui"":""000ce3fffe76411e"",""Rssi"":-120,""Snr"":-8}],""MIC"":""af0a534a"",""MType"":""ConfirmedDataUp"",""Major"":""LoRaWANR1"",""Modulation"":""LORA"",""PolarizationInversion"":false,""SpreadingFactor"":7,""Timestamp"":""2026-04-14T20:16:04Z""}}}"
ad6gfxIFAAAhAAA=,464c58212beca0c9,2026-04-14T20:16:08.000Z,"{""MessageId"":""d6659f84-681f-41a2-944c-83991f731b98"",""WirelessDeviceId"":""39886500-d9c4-4adb-86e0-79dd1d3211bf"",""PayloadData"":""ad6gfxIFAAAhAAA="",""WirelessMetadata"":{""LoRaWAN"":{""ADR"":true,""Bandwidth"":125,""ClassB"":false,""CodeRate"":""4/5"",""DataRate"":""3"",""DevAddr"":""018845fd"",""DevEui"":""464c58212beca0c9"",""FCnt"":159,""FOptLen"":0,""FPort"":20,""Frequency"":""903900000"",""Gateways"":[{""GatewayEui"":""000ce3fffe7640df"",""Rssi"":-57,""Snr"":14.5},{""GatewayEui"":""000ce3fffe764142"",""Rssi"":-101,""Snr"":10},{""GatewayEui"":""ac1f09fffe1f4c5b"",""Rssi"":-113,""Snr"":2.75},{""GatewayEui"":""000ce3fffe76411e"",""Rssi"":-118,""Snr"":-4.25},{""GatewayEui"":""000ce3fffe7640ca"",""Rssi"":-117,""Snr"":-4.5}],""MIC"":""46dd3e8a"",""MType"":""ConfirmedDataUp"",""Major"":""LoRaWANR1"",""Modulation"":""LORA"",""PolarizationInversion"":false,""SpreadingFactor"":7,""Timestamp"":""2026-04-14T20:16:08Z""}}}"
ad6ghBANjQAAAAA=,464c58212beca0c9,2026-04-14T20:16:12.000Z,"{""MessageId"":""9bd6c16e-64d4-4a91-b56e-ecc9c315e33c"",""WirelessDeviceId"":""39886500-d9c4-4adb-86e0-79dd1d3211bf"",""PayloadData"":""ad6ghBANjQAAAAA="",""WirelessMetadata"":{""LoRaWAN"":{""ADR"":true,""Bandwidth"":125,""ClassB"":false,""CodeRate"":""4/5"",""DataRate"":""3"",""DevAddr"":""018845fd"",""DevEui"":""464c58212beca0c9"",""FCnt"":161,""FOptLen"":0,""FPort"":20,""Frequency"":""904700000"",""Gateways"":[{""GatewayEui"":""000ce3fffe764142"",""Rssi"":-102,""Snr"":9.75},{""GatewayEui"":""ac1f09fffe1f4c5b"",""Rssi"":-109,""Snr"":3.5},{""GatewayEui"":""000ce3fffe76411e"",""Rssi"":-113,""Snr"":0.25},{""GatewayEui"":""000ce3fffe7640ca"",""Rssi"":-118,""Snr"":-5.25}],""MIC"":""8cf73ad5"",""MType"":""ConfirmedDataUp"",""Major"":""LoRaWANR1"",""Modulation"":""LORA"",""PolarizationInversion"":false,""SpreadingFactor"":7,""Timestamp"":""2026-04-14T20:16:12Z""}}}"
ad6ghBIAAAKzAAA=,464c58212beca0c9,2026-04-14T20:16:16.000Z,"{""MessageId"":""075a05e0-590b-4f4f-b996-8da13e2dfff9"",""WirelessDeviceId"":""39886500-d9c4-4adb-86e0-79dd1d3211bf"",""PayloadData"":""ad6ghBIAAAKzAAA="",""WirelessMetadata"":{""LoRaWAN"":{""ADR"":true,""Bandwidth"":125,""ClassB"":false,""CodeRate"":""4/5"",""DataRate"":""3"",""DevAddr"":""018845fd"",""DevEui"":""464c58212beca0c9"",""FCnt"":163,""FOptLen"":0,""FPort"":20,""Frequency"":""904900000"",""Gateways"":[{""GatewayEui"":""000ce3fffe7640df"",""Rssi"":-57,""Snr"":14.25},{""GatewayEui"":""000ce3fffe764142"",""Rssi"":-103,""Snr"":8.75},{""GatewayEui"":""ac1f09fffe1f4c5b"",""Rssi"":-110,""Snr"":4.25},{""GatewayEui"":""000ce3fffe76411e"",""Rssi"":-116,""Snr"":-3.5}],""MIC"":""e6c0b11e"",""MType"":""ConfirmedDataUp"",""Major"":""LoRaWANR1"",""Modulation"":""LORA"",""PolarizationInversion"":false,""SpreadingFactor"":7,""Timestamp"":""2026-04-14T20:16:16Z""}}}"
ad6ghBIBAABAAAA=,464c58212beca0c9,2026-04-14T20:16:20.000Z,"{""MessageId"":""d152dae7-1216-461b-8e0d-a46984073484"",""WirelessDeviceId"":""39886500-d9c4-4adb-86e0-79dd1d3211bf"",""PayloadData"":""ad6ghBIBAABAAAA="",""WirelessMetadata"":{""LoRaWAN"":{""ADR"":true,""Bandwidth"":125,""ClassB"":false,""CodeRate"":""4/5"",""DataRate"":""3"",""DevAddr"":""018845fd"",""DevEui"":""464c58212beca0c9"",""FCnt"":164,""FOptLen"":0,""FPort"":20,""Frequency"":""904500000"",""Gateways"":[{""GatewayEui"":""000ce3fffe764142"",""Rssi"":-106,""Snr"":6},{""GatewayEui"":""ac1f09fffe1f4c5b"",""Rssi"":-108,""Snr"":5},{""GatewayEui"":""000ce3fffe76411e"",""Rssi"":-112,""Snr"":0.5},{""GatewayEui"":""000ce3fffe7640ca"",""Rssi"":-116,""Snr"":-4.5}],""MIC"":""73e5811a"",""MType"":""ConfirmedDataUp"",""Major"":""LoRaWANR1"",""Modulation"":""LORA"",""PolarizationInversion"":false,""SpreadingFactor"":7,""Timestamp"":""2026-04-14T20:16:20Z""}}}"
ad6ghBICAAAZAAA=,464c58212beca0c9,2026-04-14T20:16:24.000Z,"{""MessageId"":""3e3e599b-0c0d-4cf3-998f-b46c3886c23f"",""WirelessDeviceId"":""39886500-d9c4-4adb-86e0-79dd1d3211bf"",""PayloadData"":""ad6ghBICAAAZAAA="",""WirelessMetadata"":{""LoRaWAN"":{""ADR"":true,""Bandwidth"":125,""ClassB"":false,""CodeRate"":""4/5"",""DataRate"":""3"",""DevAddr"":""018845fd"",""DevEui"":""464c58212beca0c9"",""FCnt"":165,""FOptLen"":0,""FPort"":20,""Frequency"":""905100000"",""Gateways"":[{""GatewayEui"":""ac1f09fffe1f4c5b"",""Rssi"":-107,""Snr"":6.25},{""GatewayEui"":""000ce3fffe764142"",""Rssi"":-113,""Snr"":1},{""GatewayEui"":""000ce3fffe76411e"",""Rssi"":-117,""Snr"":-5.5},{""GatewayEui"":""000ce3fffe7640ca"",""Rssi"":-119,""Snr"":-7}],""MIC"":""e5fd32bb"",""MType"":""ConfirmedDataUp"",""Major"":""LoRaWANR1"",""Modulation"":""LORA"",""PolarizationInversion"":false,""SpreadingFactor"":7,""Timestamp"":""2026-04-14T20:16:24Z""}}}"
ad6ghBIDAAAMAAA=,464c58212beca0c9,2026-04-14T20:16:28.000Z,"{""MessageId"":""dd6e165a-c13e-4513-83bd-909daabd812f"",""WirelessDeviceId"":""39886500-d9c4-4adb-86e0-79dd1d3211bf"",""PayloadData"":""ad6ghBIDAAAMAAA="",""WirelessMetadata"":{""LoRaWAN"":{""ADR"":true,""Bandwidth"":125,""ClassB"":false,""CodeRate"":""4/5"",""DataRate"":""3"",""DevAddr"":""018845fd"",""DevEui"":""464c58212beca0c9"",""FCnt"":166,""FOptLen"":0,""FPort"":20,""Frequency"":""904100000"",""Gateways"":[{""GatewayEui"":""000ce3fffe7640df"",""Rssi"":-57,""Snr"":14.25},{""GatewayEui"":""ac1f09fffe1f4c5b"",""Rssi"":-107,""Snr"":7},{""GatewayEui"":""000ce3fffe764142"",""Rssi"":-110,""Snr"":3.25},{""GatewayEui"":""000ce3fffe7640ca"",""Rssi"":-117,""Snr"":-5}],""MIC"":""2ff9d525"",""MType"":""ConfirmedDataUp"",""Major"":""LoRaWANR1"",""Modulation"":""LORA"",""PolarizationInversion"":false,""SpreadingFactor"":7,""Timestamp"":""2026-04-14T20:16:28Z""}}}"
ad6ghBIEAAA/AAA=,464c58212beca0c9,2026-04-14T20:16:32.000Z,"{""MessageId"":""ab0dc0ac-5a76-4a15-a042-7c828d6ff52e"",""WirelessDeviceId"":""39886500-d9c4-4adb-86e0-79dd1d3211bf"",""PayloadData"":""ad6ghBIEAAA/AAA="",""WirelessMetadata"":{""LoRaWAN"":{""ADR"":true,""Bandwidth"":125,""ClassB"":false,""CodeRate"":""4/5"",""DataRate"":""3"",""DevAddr"":""018845fd"",""DevEui"":""464c58212beca0c9"",""FCnt"":167,""FOptLen"":0,""FPort"":20,""Frequency"":""903900000"",""Gateways"":[{""GatewayEui"":""000ce3fffe7640df"",""Rssi"":-55,""Snr"":14},{""GatewayEui"":""000ce3fffe764142"",""Rssi"":-103,""Snr"":9.25},{""GatewayEui"":""ac1f09fffe1f4c5b"",""Rssi"":-109,""Snr"":6},{""GatewayEui"":""000ce3fffe7640ca"",""Rssi"":-117,""Snr"":-4}],""MIC"":""e0769f03"",""MType"":""ConfirmedDataUp"",""Major"":""LoRaWANR1"",""Modulation"":""LORA"",""PolarizationInversion"":false,""SpreadingFactor"":7,""Timestamp"":""2026-04-14T20:16:32Z""}}}"
ad6ghBIFAAAhAAA=,464c58212beca0c9,2026-04-14T20:16:36.000Z,"{""MessageId"":""d5aefcce-6b1b-4474-929a-4df5d0ada9ba"",""WirelessDeviceId"":""39886500-d9c4-4adb-86e0-79dd1d3211bf"",""PayloadData"":""ad6ghBIFAAAhAAA="",""WirelessMetadata"":{""LoRaWAN"":{""ADR"":true,""Bandwidth"":125,""ClassB"":false,""CodeRate"":""4/5"",""DataRate"":""3"",""DevAddr"":""018845fd"",""DevEui"":""464c58212beca0c9"",""FCnt"":168,""FOptLen"":0,""FPort"":20,""Frequency"":""904300000"",""Gateways"":[{""GatewayEui"":""000ce3fffe7640df"",""Rssi"":-57,""Snr"":10.25},{""GatewayEui"":""000ce3fffe764142"",""Rssi"":-107,""Snr"":5.25},{""GatewayEui"":""000ce3fffe7640ca"",""Rssi"":-116,""Snr"":-3.5}],""MIC"":""3d0cd179"",""MType"":""ConfirmedDataUp"",""Major"":""LoRaWANR1"",""Modulation"":""LORA"",""PolarizationInversion"":false,""SpreadingFactor"":7,""Timestamp"":""2026-04-14T20:16:36Z""}}}"
ad/yABANlAAAAAA=,464c58212beca0c9,2026-04-15T20:15:45.000Z,"{""MessageId"":""f8d892f7-69e2-4d24-a836-ddb738cea9d7"",""WirelessDeviceId"":""39886500-d9c4-4adb-86e0-79dd1d3211bf"",""PayloadData"":""ad/yABANlAAAAAA="",""WirelessMetadata"":{""LoRaWAN"":{""ADR"":true,""Bandwidth"":125,""ClassB"":false,""CodeRate"":""4/5"",""DataRate"":""3"",""DevAddr"":""018845fd"",""DevEui"":""464c58212beca0c9"",""FCnt"":169,""FOptLen"":0,""FPort"":20,""Frequency"":""903900000"",""Gateways"":[{""GatewayEui"":""000ce3fffe7640df"",""Rssi"":-65,""Snr"":14},{""GatewayEui"":""ac1f09fffe1f4c5b"",""Rssi"":-108,""Snr"":6.25},{""GatewayEui"":""000ce3fffe764142"",""Rssi"":-109,""Snr"":5},{""GatewayEui"":""000ce3fffe76411e"",""Rssi"":-120,""Snr"":-6.5},{""GatewayEui"":""000ce3fffe7640ca"",""Rssi"":-121,""Snr"":-8.5}],""MIC"":""e52218c8"",""MType"":""ConfirmedDataUp"",""Major"":""LoRaWANR1"",""Modulation"":""LORA"",""PolarizationInversion"":false,""SpreadingFactor"":7,""Timestamp"":""2026-04-15T20:15:45Z""}}}"
ad/yABIAAAKzAAA=,464c58212beca0c9,2026-04-15T20:15:49.000Z,"{""MessageId"":""77215485-8945-4661-99af-629f7d44c1ad"",""WirelessDeviceId"":""39886500-d9c4-4adb-86e0-79dd1d3211bf"",""PayloadData"":""ad/yABIAAAKzAAA="",""WirelessMetadata"":{""LoRaWAN"":{""ADR"":true,""Bandwidth"":125,""ClassB"":false,""CodeRate"":""4/5"",""DataRate"":""3"",""DevAddr"":""018845fd"",""DevEui"":""464c58212beca0c9"",""FCnt"":171,""FOptLen"":0,""FPort"":20,""Frequency"":""904100000"",""Gateways"":[{""GatewayEui"":""000ce3fffe7640df"",""Rssi"":-60,""Snr"":13.5},{""GatewayEui"":""ac1f09fffe1f4c5b"",""Rssi"":-105,""Snr"":7.75},{""GatewayEui"":""000ce3fffe764142"",""Rssi"":-108,""Snr"":5.75},{""GatewayEui"":""000ce3fffe7640ca"",""Rssi"":-119,""Snr"":-6.5}],""MIC"":""3fbe65ad"",""MType"":""ConfirmedDataUp"",""Major"":""LoRaWANR1"",""Modulation"":""LORA"",""PolarizationInversion"":false,""SpreadingFactor"":7,""Timestamp"":""2026-04-15T20:15:49Z""}}}"
ad/yABIBAABAAAA=,464c58212beca0c9,2026-04-15T20:15:53.000Z,"{""MessageId"":""60204d48-1502-497a-92ec-34484ed589a8"",""WirelessDeviceId"":""39886500-d9c4-4adb-86e0-79dd1d3211bf"",""PayloadData"":""ad/yABIBAABAAAA="",""WirelessMetadata"":{""LoRaWAN"":{""ADR"":true,""Bandwidth"":125,""ClassB"":false,""CodeRate"":""4/5"",""DataRate"":""3"",""DevAddr"":""018845fd"",""DevEui"":""464c58212beca0c9"",""FCnt"":173,""FOptLen"":0,""FPort"":20,""Frequency"":""905100000"",""Gateways"":[{""GatewayEui"":""000ce3fffe7640df"",""Rssi"":-52,""Snr"":13.75},{""GatewayEui"":""000ce3fffe764142"",""Rssi"":-105,""Snr"":7.75},{""GatewayEui"":""ac1f09fffe1f4c5b"",""Rssi"":-112,""Snr"":1.25}],""MIC"":""17653e2d"",""MType"":""ConfirmedDataUp"",""Major"":""LoRaWANR1"",""Modulation"":""LORA"",""PolarizationInversion"":false,""SpreadingFactor"":7,""Timestamp"":""2026-04-15T20:15:53Z""}}}"
ad/yABICAAAZAAA=,464c58212beca0c9,2026-04-15T20:15:57.000Z,"{""MessageId"":""1afcc42f-6994-4d63-8d72-50bacc1c6150"",""WirelessDeviceId"":""39886500-d9c4-4adb-86e0-79dd1d3211bf"",""PayloadData"":""ad/yABICAAAZAAA="",""WirelessMetadata"":{""LoRaWAN"":{""ADR"":true,""Bandwidth"":125,""ClassB"":false,""CodeRate"":""4/5"",""DataRate"":""3"",""DevAddr"":""018845fd"",""DevEui"":""464c58212beca0c9"",""FCnt"":174,""FOptLen"":0,""FPort"":20,""Frequency"":""904700000"",""Gateways"":[{""GatewayEui"":""000ce3fffe764142"",""Rssi"":-101,""Snr"":10},{""GatewayEui"":""ac1f09fffe1f4c5b"",""Rssi"":-108,""Snr"":5.75}],""MIC"":""519c1b2f"",""MType"":""ConfirmedDataUp"",""Major"":""LoRaWANR1"",""Modulation"":""LORA"",""PolarizationInversion"":false,""SpreadingFactor"":7,""Timestamp"":""2026-04-15T20:15:57Z""}}}"
ad/yABIDAAAMAAA=,464c58212beca0c9,2026-04-15T20:16:01.000Z,"{""MessageId"":""ad244435-9dfb-41fc-8d9d-4b3dccdf4cc2"",""WirelessDeviceId"":""39886500-d9c4-4adb-86e0-79dd1d3211bf"",""PayloadData"":""ad/yABIDAAAMAAA="",""WirelessMetadata"":{""LoRaWAN"":{""ADR"":true,""Bandwidth"":125,""ClassB"":false,""CodeRate"":""4/5"",""DataRate"":""3"",""DevAddr"":""018845fd"",""DevEui"":""464c58212beca0c9"",""FCnt"":175,""FOptLen"":0,""FPort"":20,""Frequency"":""904300000"",""Gateways"":[{""GatewayEui"":""000ce3fffe7640df"",""Rssi"":-56,""Snr"":7.75},{""GatewayEui"":""000ce3fffe764142"",""Rssi"":-102,""Snr"":8.25},{""GatewayEui"":""ac1f09fffe1f4c5b"",""Rssi"":-107,""Snr"":4},{""GatewayEui"":""000ce3fffe76411e"",""Rssi"":-117,""Snr"":-4.5}],""MIC"":""500120f8"",""MType"":""ConfirmedDataUp"",""Major"":""LoRaWANR1"",""Modulation"":""LORA"",""PolarizationInversion"":false,""SpreadingFactor"":7,""Timestamp"":""2026-04-15T20:16:01Z""}}}"
ad/yABIEAAA/AAA=,464c58212beca0c9,2026-04-15T20:16:05.000Z,"{""MessageId"":""abcde0da-659b-4bc5-a8dd-c7c3795a7644"",""WirelessDeviceId"":""39886500-d9c4-4adb-86e0-79dd1d3211bf"",""PayloadData"":""ad/yABIEAAA/AAA="",""WirelessMetadata"":{""LoRaWAN"":{""ADR"":true,""Bandwidth"":125,""ClassB"":false,""CodeRate"":""4/5"",""DataRate"":""3"",""DevAddr"":""018845fd"",""DevEui"":""464c58212beca0c9"",""FCnt"":176,""FOptLen"":0,""FPort"":20,""Frequency"":""905300000"",""Gateways"":[{""GatewayEui"":""000ce3fffe7640df"",""Rssi"":-49,""Snr"":11},{""GatewayEui"":""000ce3fffe764142"",""Rssi"":-101,""Snr"":8.25},{""GatewayEui"":""ac1f09fffe1f4c5b"",""Rssi"":-106,""Snr"":5.75}],""MIC"":""3860e21e"",""MType"":""ConfirmedDataUp"",""Major"":""LoRaWANR1"",""Modulation"":""LORA"",""PolarizationInversion"":false,""SpreadingFactor"":7,""Timestamp"":""2026-04-15T20:16:05Z""}}}"
ad/yABIFAAAhAAA=,464c58212beca0c9,2026-04-15T20:16:09.000Z,"{""MessageId"":""98e99ddf-80ef-4e5e-9c3d-ddd2034f0ff5"",""WirelessDeviceId"":""39886500-d9c4-4adb-86e0-79dd1d3211bf"",""PayloadData"":""ad/yABIFAAAhAAA="",""WirelessMetadata"":{""LoRaWAN"":{""ADR"":true,""Bandwidth"":125,""ClassB"":false,""CodeRate"":""4/5"",""DataRate"":""3"",""DevAddr"":""018845fd"",""DevEui"":""464c58212beca0c9"",""FCnt"":177,""FOptLen"":0,""FPort"":20,""Frequency"":""904100000"",""Gateways"":[{""GatewayEui"":""000ce3fffe7640df"",""Rssi"":-57,""Snr"":13},{""GatewayEui"":""000ce3fffe764142"",""Rssi"":-98,""Snr"":11},{""GatewayEui"":""ac1f09fffe1f4c5b"",""Rssi"":-105,""Snr"":8.5},{""GatewayEui"":""000ce3fffe76411e"",""Rssi"":-115,""Snr"":-2}],""MIC"":""d3291908"",""MType"":""ConfirmedDataUp"",""Major"":""LoRaWANR1"",""Modulation"":""LORA"",""PolarizationInversion"":false,""SpreadingFactor"":7,""Timestamp"":""2026-04-15T20:16:09Z""}}}"
ad/yBRANjgAAAAA=,464c58212beca0c9,2026-04-15T20:16:13.000Z,"{""MessageId"":""3b8e7ea3-8fb9-4397-b3d2-05b755bcac4c"",""WirelessDeviceId"":""39886500-d9c4-4adb-86e0-79dd1d3211bf"",""PayloadData"":""ad/yBRANjgAAAAA="",""WirelessMetadata"":{""LoRaWAN"":{""ADR"":true,""Bandwidth"":125,""ClassB"":false,""CodeRate"":""4/5"",""DataRate"":""3"",""DevAddr"":""018845fd"",""DevEui"":""464c58212beca0c9"",""FCnt"":179,""FOptLen"":0,""FPort"":20,""Frequency"":""904700000"",""Gateways"":[{""GatewayEui"":""000ce3fffe7640df"",""Rssi"":-51,""Snr"":14},{""GatewayEui"":""ac1f09fffe1f4c5b"",""Rssi"":-104,""Snr"":8},{""GatewayEui"":""000ce3fffe764142"",""Rssi"":-100,""Snr"":5},{""GatewayEui"":""000ce3fffe7640ca"",""Rssi"":-120,""Snr"":-6.75}],""MIC"":""3225b832"",""MType"":""ConfirmedDataUp"",""Major"":""LoRaWANR1"",""Modulation"":""LORA"",""PolarizationInversion"":false,""SpreadingFactor"":7,""Timestamp"":""2026-04-15T20:16:13Z""}}}"
ad/yBRIAAAKzAAA=,464c58212beca0c9,2026-04-15T20:16:17.000Z,"{""MessageId"":""52458c21-22d3-477a-ac91-dc091edc1d8b"",""WirelessDeviceId"":""39886500-d9c4-4adb-86e0-79dd1d3211bf"",""PayloadData"":""ad/yBRIAAAKzAAA="",""WirelessMetadata"":{""LoRaWAN"":{""ADR"":true,""Bandwidth"":125,""ClassB"":false,""CodeRate"":""4/5"",""DataRate"":""3"",""DevAddr"":""018845fd"",""DevEui"":""464c58212beca0c9"",""FCnt"":181,""FOptLen"":0,""FPort"":20,""Frequency"":""903900000"",""Gateways"":[{""GatewayEui"":""000ce3fffe7640df"",""Rssi"":-60,""Snr"":13.5},{""GatewayEui"":""000ce3fffe764142"",""Rssi"":-102,""Snr"":10},{""GatewayEui"":""ac1f09fffe1f4c5b"",""Rssi"":-107,""Snr"":7.75},{""GatewayEui"":""000ce3fffe76411e"",""Rssi"":-114,""Snr"":-0.25},{""GatewayEui"":""000ce3fffe7640ca"",""Rssi"":-119,""Snr"":-5.75}],""MIC"":""687bb039"",""MType"":""ConfirmedDataUp"",""Major"":""LoRaWANR1"",""Modulation"":""LORA"",""PolarizationInversion"":false,""SpreadingFactor"":7,""Timestamp"":""2026-04-15T20:16:17Z""}}}"
ad/yBRIBAABAAAA=,464c58212beca0c9,2026-04-15T20:16:22.000Z,"{""MessageId"":""7d5f77a2-5be7-43ab-9946-40463f2fe694"",""WirelessDeviceId"":""39886500-d9c4-4adb-86e0-79dd1d3211bf"",""PayloadData"":""ad/yBRIBAABAAAA="",""WirelessMetadata"":{""LoRaWAN"":{""ADR"":true,""Bandwidth"":125,""ClassB"":false,""CodeRate"":""4/5"",""DataRate"":""3"",""DevAddr"":""018845fd"",""DevEui"":""464c58212beca0c9"",""FCnt"":182,""FOptLen"":0,""FPort"":20,""Frequency"":""904300000"",""Gateways"":[{""GatewayEui"":""000ce3fffe7640df"",""Rssi"":-56,""Snr"":12.25},{""GatewayEui"":""000ce3fffe764142"",""Rssi"":-101,""Snr"":9},{""GatewayEui"":""ac1f09fffe1f4c5b"",""Rssi"":-104,""Snr"":7.5},{""GatewayEui"":""000ce3fffe7640ca"",""Rssi"":-118,""Snr"":-5.5}],""MIC"":""5c3ebdd3"",""MType"":""ConfirmedDataUp"",""Major"":""LoRaWANR1"",""Modulation"":""LORA"",""PolarizationInversion"":false,""SpreadingFactor"":7,""Timestamp"":""2026-04-15T20:16:22Z""}}}"
ad/yBRICAAAZAAA=,464c58212beca0c9,2026-04-15T20:16:26.000Z,"{""MessageId"":""1f2fb4d1-5a4d-4aa1-91db-28cba3797221"",""WirelessDeviceId"":""39886500-d9c4-4adb-86e0-79dd1d3211bf"",""PayloadData"":""ad/yBRICAAAZAAA="",""WirelessMetadata"":{""LoRaWAN"":{""ADR"":true,""Bandwidth"":125,""ClassB"":false,""CodeRate"":""4/5"",""DataRate"":""3"",""DevAddr"":""018845fd"",""DevEui"":""464c58212beca0c9"",""FCnt"":183,""FOptLen"":0,""FPort"":20,""Frequency"":""905100000"",""Gateways"":[{""GatewayEui"":""000ce3fffe7640df"",""Rssi"":-51,""Snr"":13.25},{""GatewayEui"":""000ce3fffe764142"",""Rssi"":-101,""Snr"":9.75},{""GatewayEui"":""ac1f09fffe1f4c5b"",""Rssi"":-105,""Snr"":7.5},{""GatewayEui"":""000ce3fffe76411e"",""Rssi"":-111,""Snr"":0.25}],""MIC"":""557d4939"",""MType"":""ConfirmedDataUp"",""Major"":""LoRaWANR1"",""Modulation"":""LORA"",""PolarizationInversion"":false,""SpreadingFactor"":7,""Timestamp"":""2026-04-15T20:16:26Z""}}}"
ad/yBRIDAAAMAAA=,464c58212beca0c9,2026-04-15T20:16:29.000Z,"{""MessageId"":""1e38e348-11b3-4802-98f5-484fb221afc6"",""WirelessDeviceId"":""39886500-d9c4-4adb-86e0-79dd1d3211bf"",""PayloadData"":""ad/yBRIDAAAMAAA="",""WirelessMetadata"":{""LoRaWAN"":{""ADR"":true,""Bandwidth"":125,""ClassB"":false,""CodeRate"":""4/5"",""DataRate"":""3"",""DevAddr"":""018845fd"",""DevEui"":""464c58212beca0c9"",""FCnt"":184,""FOptLen"":0,""FPort"":20,""Frequency"":""905300000"",""Gateways"":[{""GatewayEui"":""000ce3fffe7640df"",""Rssi"":-51,""Snr"":10.25},{""GatewayEui"":""ac1f09fffe1f4c5b"",""Rssi"":-107,""Snr"":4.75},{""GatewayEui"":""000ce3fffe76411e"",""Rssi"":-111,""Snr"":-3},{""GatewayEui"":""000ce3fffe7640ca"",""Rssi"":-120,""Snr"":-9.75}],""MIC"":""6dcf0b40"",""MType"":""ConfirmedDataUp"",""Major"":""LoRaWANR1"",""Modulation"":""LORA"",""PolarizationInversion"":false,""SpreadingFactor"":7,""Timestamp"":""2026-04-15T20:16:29Z""}}}"
ad/yBRIEAAA/AAA=,464c58212beca0c9,2026-04-15T20:16:33.000Z,"{""MessageId"":""4f270546-9c6b-4321-8381-c5f22a1b6700"",""WirelessDeviceId"":""39886500-d9c4-4adb-86e0-79dd1d3211bf"",""PayloadData"":""ad/yBRIEAAA/AAA="",""WirelessMetadata"":{""LoRaWAN"":{""ADR"":true,""Bandwidth"":125,""ClassB"":false,""CodeRate"":""4/5"",""DataRate"":""3"",""DevAddr"":""018845fd"",""DevEui"":""464c58212beca0c9"",""FCnt"":185,""FOptLen"":0,""FPort"":20,""Frequency"":""904500000"",""Gateways"":[{""GatewayEui"":""000ce3fffe7640df"",""Rssi"":-55,""Snr"":13.75},{""GatewayEui"":""ac1f09fffe1f4c5b"",""Rssi"":-105,""Snr"":7.75},{""GatewayEui"":""000ce3fffe76411e"",""Rssi"":-110,""Snr"":3.25},{""GatewayEui"":""000ce3fffe764142"",""Rssi"":-102,""Snr"":2.75},{""GatewayEui"":""000ce3fffe7640ca"",""Rssi"":-117,""Snr"":-4.75}],""MIC"":""0e72033b"",""MType"":""ConfirmedDataUp"",""Major"":""LoRaWANR1"",""Modulation"":""LORA"",""PolarizationInversion"":false,""SpreadingFactor"":7,""Timestamp"":""2026-04-15T20:16:33Z""}}}"
ad/yBRIFAAAhAAA=,464c58212beca0c9,2026-04-15T20:16:37.000Z,"{""MessageId"":""27a85b8e-f3ca-43a0-97d4-51f63773ebad"",""WirelessDeviceId"":""39886500-d9c4-4adb-86e0-79dd1d3211bf"",""PayloadData"":""ad/yBRIFAAAhAAA="",""WirelessMetadata"":{""LoRaWAN"":{""ADR"":true,""Bandwidth"":125,""ClassB"":false,""CodeRate"":""4/5"",""DataRate"":""3"",""DevAddr"":""018845fd"",""DevEui"":""464c58212beca0c9"",""FCnt"":186,""FOptLen"":0,""FPort"":20,""Frequency"":""903900000"",""Gateways"":[{""GatewayEui"":""000ce3fffe764142"",""Rssi"":-103,""Snr"":10},{""GatewayEui"":""ac1f09fffe1f4c5b"",""Rssi"":-108,""Snr"":6},{""GatewayEui"":""000ce3fffe76411e"",""Rssi"":-113,""Snr"":0.75}],""MIC"":""f5f9c3ac"",""MType"":""ConfirmedDataUp"",""Major"":""LoRaWANR1"",""Modulation"":""LORA"",""PolarizationInversion"":false,""SpreadingFactor"":7,""Timestamp"":""2026-04-15T20:16:37Z""}}}"
