:020000040000FA
:1000000080E40120715D00007D9602005D5D0000CE
:100010005D5D00005D5D00005D5D000000000000B2
:10002000000000000000000000000000F15E000081
:100030005D5D000000000000895E00005D5D000065
:10004000A9600000A9600000A9600000A96000008C
:10005000A9600000A9600000A9600000A96000007C
:10006000A9600000A9600000A9600000A96000006C
:10007000A9600000A9600000A9600000A96000005C
:10008000A9600000A9600000A9600000A96000004C
:10009000A9600000A9600000A9600000A96000003C
:1000A000A9600000A9600000A9600000A96000002C
:1000B000A9600000A9600000A9600000A96000001C
:1000C000A9600000A9600000A9600000A96000000C
:1000D000A9600000A9600000A9600000A9600000FC
:1000E000A9600000A9600000A9600000A9600000EC
:1000F000A9600000A9600000A9600000A9600000DC
:1001000080F0004002E000BF81F0004142001FBFCC
:100110005FEA410392EA030F7FEA226C7FEA236CD5
:100120006AD04FEA1262D2EB1363C1BFD2184140CA
:1001300048404140B8BF5B42192B88BF704710F060
:10014000004F40F4000020F07F4018BF404211F003
:10015000004F41F4000121F07F4118BF494292EA6B
:10016000030F3FD0A2F1010241FA03FC10EB0C0097
:10017000C3F1200301FA03F100F0004302D5494224
:1001800060EB4000B0F5000F13D3B0F1807F06D3D1
:1001900040084FEA310102F10102FE2A51D2B1F1C9
:1001A000004F40EBC25008BF20F0010040EA0300BE
:1001B0007047490040EB0000013A28BFB0F5000F3E
:1001C000EDD2B0FA80FCACF1080CB2EB0C0200FAF4
:1001D0000CF0AABF00EBC25052421843BCBFD04043
:1001E0001843704792F0000F81F4000106BF80F4BD
:1001F00000000132013BB5E74FEA41037FEA226C80
:1002000018BF7FEA236C21D092EA030F04D092F04A
:10021000000F08BF0846704790EA010F1CBF00207E
:10022000704712F07F4F04D1400028BF40F00040DB
:10023000704712F100723CBF00F50000704700F0FB
:10024000004343F0FE4040F4000070477FEA226222
:1002500016BF08467FEA23630146420206BF5FEAF3
:10026000412390EA010F40F4800070474FF00003F3
:1002700004E000BF10F0004348BF40425FEA000CBA
:1002800008BF704743F0964301464FF000001CE062
:1002900050EA010208BF70474FF000030AE000BFB8
:1002A00050EA010208BF704711F0004302D54042F6
:1002B00061EB41015FEA010C02BF84460146002068
:1002C00043F0B64308BFA3F18053A3F50003BCFA83
:1002D0008CF2083AA3EBC25310DB01FA02FC634430
:1002E00000FA02FCC2F12002BCF1004F20FA02F237
:1002F00043EB020008BF20F00100704702F120022A
:1003000001FA02FCC2F1200250EA4C0021FA02F28A
:1003100043EB020008BF20EADC7070474FEA40025E
:10032000B2F1FE4F0FD34FF09E03B3EB12620DD923
:100330004FEA002343F0004310F0004F23FA02F08D
:1003400018BF404270474FF00000704712F1610F34
:1003500001D1420205D110F0004008BF6FF000400B
:1003600070474FF0000070477BB972B90029BEBFDB
:1003700000204FF0004106E008BF00281CBF6FF0CE
:1003800000414FF0FF3000F057B8ADF1080C6DE9B7
:1003900004CE002909DB002B1ADB00F069F8DDF838
:1003A00004E0DDE9022304B07047404261EB410103
:1003B000002B1BDB00F05CF8DDF804E0DDE9022334
:1003C00004B0404261EB4101524263EB430370478A
:1003D000524263EB430300F04BF8DDF804E0DDE943
:1003E000022304B0404261EB41017047524263EB8B
:1003F000430300F03DF8DDF804E0DDE9022304B03A
:10040000524263EB4303704753B94AB9002908BF0E
:1004100000281CBF4FF0FF314FF0FF3000F00CB848
:10042000ADF1080C6DE904CE00F022F8DDF804E02F
:10043000DDE9022304B07047704700BF10F8012BBC
:1004400011F8013B012A28BF9A42F7D0D01A704711
:10045000034611F8012B03F8012B002AF9D170474C
:10046000034613F8012B002AFBD1181A01387047F4
:100470002DE9F04786468C460846089E1546744688
:100480001946002B40F0C2808542B2FA82F245D96B
:100490004AB1C2F1200300FA02FC2EFA03F39540A0
:1004A00043EA0C0C94404FEA154EA8B2BCFBFEF890
:1004B000230C0EFB18CC08FB00F943EA0C439945CA
:1004C00028D9EB1808F1FF3704D2994502D9A8F1D1
:1004D00002072B44A3EB0903A4B2B3FBFEFC0EFB03
:1004E0001C330CFB00F044EA0344A04214D92C193D
:1004F0000CF1FF3304D2A04202D9ACF102032C4428
:10050000241A43EA07401EB1D440002334607360CC
:10051000BDE8F0874746DDE76346F1E792BB431B42
:1005200001214FEA154EAFB2B3FBFEFC200C0EFBCF
:100530001C330CFB07F840EA0343984562D9EB18DB
:100540000CF1FF3004D2984502D9ACF102002B44E3
:10055000A3EB0803A4B2B3FBFEFC0EFB1C330CFBA5
:1005600007F744EA0344A7424ED92C190CF1FF3394
:1005700004D2A74202D9ACF102032C44E41B43EAA3
:100580000040C0E7C2F1200320FA03F195409040FB
:100590002EFA03F303434FEA154EAFB2B1FBFEFC54
:1005A0000EFB1C10190C0CFB07F841EA00418845B2
:1005B00004FA02F422D969180CF1FF3004D28845FC
:1005C00002D9ACF102002944A1EB08019BB2B1FBB6
:1005D000FEFC0EFB1C110CFB07F743EA01439F4294
:1005E0000ED9EB180CF1FF3104D29F4202D9ACF1C5
:1005F00002012B44DB1B41EA004192E76046E3E73E
:100600006146F7E76046A3E76346B7E7834206D94A
:1006100016B9002108467BE7C6E900E0F9E7B3FA1E
:1006200083F78FB9834201D3724508D8BEEB020429
:1006300060EB030301209C461EB9002168E73846A1
:10064000FAE7C6E9004CF8E7C7F1200CBB4022FAF4
:100650000CF41C432EFA0CF120FA0CF3B8400143C1
:100660004FEA14490EFA07F5B3FBF9F81FFA84FEB6
:1006700009FB18300B0C08FB0EFA43EA00439A45BD
:1006800002FA07F240D9E31808F1FF3004D29A4584
:1006900002D9A8F102002344A3EB0A0389B2B3FBF9
:1006A000F9F809FB183308FB0EFE41EA03418E45B9
:1006B0002CD9611808F1FF3304D28E4502D9A8F174
:1006C0000203214443EA0040A0FB0298A1EB0E0183
:1006D0004145CE46434602D306D14D4504D2B9EB3F
:1006E000020E68EB04030138002EA6D0B5EB0E0213
:1006F00061EB030101FA0CFC22FA07F34CEA030355
:10070000F940C6E9003198E74046C5E74346D9E7D6
:100710002DE9F047064688B00F46904633F0CFFCEF
:100720004FF47A73A0FB034503FB0155E40B012F43
:1007300044EA45444FEAD53507D1294922462B469C
:10074000304628F0A8FC002012E0D8F804702548B4
:100750003946FFF773FE70B123483946FFF76EFE46
:1007600048B1304621493A4628F0B1FC6FF0040008
:1007700008B0BDE8F0872046294617A3D3E9002337
:10078000FFF7F2FD05460C4610461946184A0023AD
:10079000FFF7EAFD80460F46104619464EF66022E6
:1007A0000023FFF7E1FD82468946104619464FF4C3
:1007B0007A720023FFF7D8FDCDE902A9CDE906231F
:1007C000CDE90401CDE900870A492A46234630468F
:1007D00028F061FCB7E700BF005C260500000000C0
:1007E000F4A7030005A8030008A8030011A803004C
:1007F00080EE360029A80300F0B5504B504D97B05D
:100800001B6815934FF000032B6803F00703022BBE
:1008100032D900244B4B0293CDE9004423460322F6
:100820002946204627F0A5FD2B6803F00703022B7D
:1008300022D933F069FE444FC3590393434B0094CC
:10084000CDE901430646234603222946204627F0E8
:1008500090FD2B6803F00703022B0DD9F05933F0FC
:10086000FDFA3B4B0390CDE901430094234603225C
:100870002946204627F07DFD364C374E374F4FF046
:10088000FF334FF0FF3208A800F0B6F82B6803F0F2
:100890000703022B16D99DF821309DF820100297EE
:1008A000002B14BF20463046DDE90A23CDE906239C
:1008B0000023CDE90310CDE9003321490322184676
:1008C00027F057FD9DF82130002B14BF0123002392
:1008D0008DF830309DF820308DF83830DDE90A236E
:1008E0000CA8CDE910230CBF012300238DF848305C
:1008F00002F0D0FA68B12B685B070AD0184B02935C
:1009000000230390CDE900330D490122184627F05A
:1009100030FDBDF82030002BB1D12A6802F007026B
:10092000022A08D90F4A06490093CDE90132184638
:10093000032227F01EFD02F0C5F8A0E7B48A0220CA
:10094000FC060020DF65030008000000FB650300D3
:1009500021660300D6650300CE6503003C660300F4
:1009600051660300826603002DE9F04F904685B082
:1009700033F0A5FB4FF47A73A0FB030503FB01558D
:10098000C40B1B4FDFF86C9044EA45440026ED0B86
:1009900097F804A028FA0AF3DB0721D53868D0F8C5
:1009A00010B0836869465B68984750B9009BDBF8D4
:1009B00000205A40012303FA0AF31A4214BF01200F
:1009C0000020B0FA80F04009CDE902458DF80060C2
:1009D0008DF80100002200236946484625F006FDF7
:1009E0000136072E07F10807D2D105B0BDE8F08F18
:1009F000784C03005C08002008B50146034825F048
:100A000051FDB0FA80F0400908BD00BF5C0800202D
:100A10002DE9F04F4A4C4B4FDFF82C8187B0002670
:100A2000A346206833F0FFF80346B0B9D8F8002099
:100A300051070CD05BF83620434912680090CDE98D
:100A40000362424ACDE90102012227F0A1FC6FF0C6
:100A50001205284607B0BDE8F08FE38820682179A9
:100A600043F4803242F010020569D0F808C013F058
:100A7000010F4FF0010E2B680EFA01FE14BF4EEA73
:100A8000030323EA0E032B60DCF800309847054689
:100A900078B1D8F800305A07DBD02D4B039602937B
:100AA0000023CDE9003328490122184627F070FCC5
:100AB000CFE72068217983689D696DB14FF000739D
:100AC0004FF0A072A847054648B1D8F800305B0740
:100AD000BFD0204B0396E2E76FF05705F5E794F897
:100AE00004A01D4B7B60012202FA0AF3D4F80090A7
:100AF000BB60D9F80830DB6913B1394648469847DE
:100B0000D8F8003003F00703022B0FD9CDF814A05A
:100B1000D9F80030CDE90363104B02930023CDE9EF
:100B2000003303224146184627F032FC0136072ED7
:100B300004F1080407F10C077FF473AF89E700BFE5
:100B4000784C03001854002000070020C8660300FA
:100B5000E666030004670300690900002A670300D2
:100B6000014825F05BBF00BF6C54002010B51D4B41
:100B70001D498AB01B6809934FF000031B4B0024EA
:100B8000CDE905130022002305A80794ADF8204005
:100B900000F084FB164903460A68B0B902F0070268
:100BA000022A09D99DF815200392124A0090CDE936
:100BB0000102032227F0FBFB0A4B1A68099B5A40EB
:100BC0004FF000030CD033F034FA5207F4D00A4B44
:100BD0000390CDE901430094234601222046E9E732
:100BE0000AB010BDB48A022064040100112233004F
:100BF00010070020556703007067030013B50A4C07
:100C00000A490B4833F0F8F80A490022204633F02D
:100C100058FA4FF440320023CDE90023204626F055
:100C2000D9FD02B010BD00BF680A00206D0B0000A6
:100C30006C540020610B0000014825F0EFBE00BF9E
:100C4000DC540020014825F0E9BE00BFCC54002050
:100C5000014825F0E3BE00BFBC540020014825F048
:100C6000DDBE00BFAC540020014825F0D7BE00BF58
:100C70009C540020014825F0D1BE00BF8C540020B8
:100C8000014825F0CBBE00BF7C5400202DE9FF4772
:100C900000F0CAF9044688B11D490B685B0709D00A
:100CA0001C4B029300230390CDE900330122184628
:100CB00027F0A8FB204604B0BDE8F087DFF8588095
:100CC000164E174FDFF85C9005464FF0380A304655
:100CD00058F8041B33F090F80AFB059057F8041BF2
:100CE0000022013533F0EDF9072D06F11006EED1A3
:100CF00007490B6803F00703022BDBD90A4B029369
:100D00000023CDE900330322184627F07BFBD1E70F
:100D1000140700209A670300CC4C03007C54002089
:100D2000B04C0300580B0020B86703001FB5014604
:100D300088B91D4C23685B0708D01C4B0090CDE997
:100D4000010301220346214627F05CFB6FF01504E6
:100D5000204604B010BD0378062B0ED912490A684C
:100D60005207F3D00393124B02930023CDE90033D3
:100D70000122184627F046FBE8E70E480022002330
:100D800025F034FB04460028E2D007490B685B07D6
:100D9000DED0094B029300230390CDE900330122FA
:100DA000184627F02FFBD3E714070020D067030075
:100DB000E56703008C080020F867030070B506287B
:100DC000254E86B0054612D933685A070AD0234B00
:100DD000029300230390CDE90033012231461846E7
:100DE00027F010FB6FF01504204606B070BD0121FE
:100DF00000F092F9044678B133685B07F4D0184BE1
:100E000002930023CDE90350CDE90033012231469E
:100E1000184627F0F7FAE7E7124900220023C5EB4E
:100E2000C500CDE9002301EBC00000234FF40042D0
:100E300026F0D0FC336803F00703022BD4D90A4B09
:100E40000395CDE901430094234603223146204611
:100E500027F0D8FAC8E700BF14070020E5670300B1
:100E600018680300580B00203568030070B5062889
:100E700086B005460E4612D916490B685A0709D0A6
:100E8000154B029300230390CDE90033012218464D
:100E900027F0B8FA6FF01504204606B070BD00F0D8
:100EA0003BF904460028F7D00A490B685B07F3D0EA
:100EB0000A4A0B4B0395002E18BF1346CDE90430A8
:100EC000084B02930023CDE900330122184627F096
:100ED00099FAE1E714070020E56703005268030070
:100EE0005568030059680300F0B5474B474D91B072
:100EF0001B680F934FF000032B6803F00703022BCE
:100F000032D90024424B0293CDE900442346032208
:100F10002946204627F076FA2B6803F00703022BB8
:100F200022D933F0F1FA3B4FC35903933A4B009463
:100F3000CDE901430646234603222946204627F0F1
:100F400061FA2B6803F00703022B0DD9F05932F038
:100F500085FF324B0390CDE90143009423460322E1
:100F60002946204627F04EFA2D4C4FF0FF324FF025
:100F7000FF3304A9204625F095FA0028F5D19DF805
:100F80001130032B2ED8DFE803F0022123280121A2
:100F90009DF81000FFF76AFF2022002106A833F019
:100FA00019FA04238DF818309DF810308DF8203090
:100FB0009DF811302BB3DA1E534253418DF8213086
:100FC00006A8059B099301F065FFCEE70021DFE746
:100FD0009DF8100000F0C0F8DEE79DF81000FFF764
:100FE000EDFED9E72A685107D6D003930D4B029343
:100FF0000023CDE9003305490122184627F002FA03
:10100000CAE70123DAE700BFB48A022014070020F0
:10101000786803000800000099680300C4680300B2
:101020008C080020E46803002DE9F04F354C364E63
:10103000DFF8D89087B000254FF0010827683846C0
:1010400032F0F1FD034688B93268510708D0304AC2
:101050002D490395CDE901020090012227F0E1F925
:101060006FF0120A504607B0BDE8F08F2068217972
:10107000E388D0F810C0D0F808E0DCF800A0DA0768
:1010800054BF43F4B01383F4D01323F4801208FA4E
:1010900001FBDB074CBF4BEA0A032AEA0B03CCF83F
:1010A0000030DEF800309847B0F1000A33680DDAFE
:1010B0005B07D7D0174B02930023CDE900331249C9
:1010C00003950122184627F0ACF9CBE703F007039C
:1010D000022B0ED9237905933B68CDF80890CDE912
:1010E00003530023CDE9003303223146184627F08D
:1010F00098F90135072D04F108049FD14FF0000A3B
:10110000B0E700BFE84C0300180700205569030052
:101110001E69030036690300062803460A4615D8EF
:101120000C4951F8300001EBC3010123097903FA9E
:1011300001F103691B68194218BF82F0010212B164
:101140008368DB68184783681B69FBE76FF015004D
:10115000704700BFE84C0300062803460AD8074A38
:1011600052F8300002EBC3020121137999408368E1
:101170005B6918476FF01500704700BFE84C03002B
:1011800010B588B00DF11F0104460DF11E0028F0C6
:10119000ECFA0A490B6803F00703022B0CD99DF8FF
:1011A0001F30CDE90343064B02930023CDE9003302
:1011B0000322184627F044F908B010BD2407002088
:1011C0007A690300F0B5194D0C46296889B001F021
:1011D000070102299DF838700F9E12D9C4F340010F
:1011E000CDE90631124B029304F001040023CDE94E
:1011F00003040592CDE9003303222946184627F05F
:101200001FF98EB187B12B6803F00703022B0BD9AE
:10121000084B03930020084B0293CDE9007003496B
:101220003346032227F00CF909B0F0BD2407002053
:101230009E690300D169030076AB03001FB5014628
:1012400078B9124C23685A0708D0114B0090CDE9A9
:10125000010301220346214627F0F2F8002004B0E2
:1012600010BD0C4825F01EF970B108490B685B07EA
:10127000F4D0094B029300230390CDE900330122FF
:10128000184627F0DDF8E9E70120E8E72407002009
:10129000DB690300EC080020006A030010B501467A
:1012A00086B078B91C4C23685B0708D01B4B0090B4
:1012B000CDE9010301220346214627F0C1F86FF072
:1012C000150426E040780B2810D913490B685A07FB
:1012D000F5D00B23CDE90303114B02930023CDE995
:1012E00000330122184627F0ABF8E8E70D4825F057
:1012F0007DF8044668B108490B685B0709D00A4BC2
:10130000029300230390CDE900330122184627F011
:1013100097F8204606B010BD240700201A6A030083
:101320003F6A0300EC0800206A6A030030B585B00C
:10133000334C344D204632F076FC034688B92A6897
:10134000520709D0226803922F4A0090CDE901028A
:101350002946012227F074F86FF01204204605B0E8
:1013600030BD2B6803F00703022B0BD923680393CE
:10137000264B02930023CDE9003303222946184669
:1013800027F05EF805F06CFC041E0EDA2B685B0794
:10139000E4D01F4B02930023CDE900331949039495
:1013A0000122184627F04CF8D8E71A4805F042FC0D
:1013B000194805F04FFC012005F086FB2B6803F06F
:1013C0000703022B01D80024C8E70024134B029323
:1013D000CDE9004423460B490322204627F030F88C
:1013E0002B6803F00703022BEDD90D4B0549009440
:1013F000CDE9014303222346204627F021F8E2E706
:101400004446030024070020936A0300A96A0300EE
:10141000BB6A0300D004002081110000D46A0300DD
:10142000F56A0300014825F0F9BA00BFEC5400202A
:101430001FB509490B6803F00703022B08D9074BB6
:1014400002930023CDE900330322184627F007F862
:1014500005B05DF804FB00BF28070020266B0300E1
:1014600038B50446074D4FF0FF324FF0FF332846A2
:1014700025F07CF8044B1C702846BDE8384025F068
:10148000EDB800BF08550020BCE700202DE9F04171
:10149000884B894D96B01B6815934FF000032B685D
:1014A00003F00703022B32D90024844B0293CDE9C9
:1014B0000044234603222946204626F0D0FF2B680D
:1014C00003F00703022B22D933F01EF87C4FC359D7
:1014D00003937C4B0094CDE9014306462346032247
:1014E0002946204626F0BBFF2B6803F00703022B9A
:1014F0000DD9F05932F0B2FC734B0390CDE90143A2
:101500000094234603222946204626F0A8FFDFF850
:10151000BC816F4F4FF0FF324FF0FF3306A94046BA
:1015200024F0C0FF04460028F4D12B6803F0070321
:10153000022B20D9674B60490090CDE901030322BB
:10154000034626F08CFF2B6803F00703022B12D909
:101550009DF8263005939DF8193004939DF81830B6
:1015600003935D4B54490094CDE901430322234684
:10157000204626F074FF0120FFF772FF9DF81A3015
:101580009DF819209DF818000DF11B0105F0CEFA09
:10159000064660BB0220FFF763FF504A1368013321
:1015A00013602B6803F00703022B09D94C4B424907
:1015B0000096CDE9016303223346304626F04FFF03
:1015C000202200210CA832F005FF0223BDF81820CC
:1015D0008DF830300CA89DF81A30ADF838208DF811
:1015E0003A3001F057FC3F4801F06AFE92E710F1F3
:1015F0000B0F2B684FD113F0060F09D03A4B029313
:101600000023CDE900332C490222184626F027FF9B
:1016100040F6CD400021013432F0CFFC032CADD197
:101620000320FFF71DFF3B68304A01333B6013681E
:10163000234413602B685A070AD02D4B02930023D2
:10164000CDE900331C4903940122184626F007FF18
:10165000202200210CA832F0BDFE0323BDF8182083
:101660008DF830300CA89DF81A308DF83A30ADF86E
:10167000382001F00FFC2B685B070AD01D4B02934A
:101680000023CDE900330C4903960122184626F0C9
:10169000E6FE1948A8E75907C2D0184B0293002369
:1016A0000390CDE9003304490122184626F0D7FE05
:1016B000B6E700BFB48A0220280700203E6B030073
:1016C00008000000606B03008C6B0300BC08002066
:1016D00000550020AD6B0300D56B030004550020BE
:1016E000056C0300246C0300376C0300FC540020DD
:1016F000686C03008B6C0300AB6C0300536C03003D
:101700001FB5104832F04FFB0F49104832F074FB00
:101710000F491048002232F0D4FC0F4A0F49002331
:1017200013700A6802F00702022A07D90C4A0093D4
:10173000CDE901321846032226F091FE002005B0C3
:101740005DF804FB0855002031140000EC54002023
:1017500025140000980D0020BCE700202807002079
:10176000C06C03001FB5014688B91E4C23685B0797
:1017700008D01D4B0090CDE901030122034621460C
:1017800026F06DFE6FF01504204604B010BD4378BE
:101790005A1E0A2A0ED913490A685207F2D0039337
:1017A000124B02930023CDE900330122184626F0A4
:1017B00056FEE7E70E480022002324F017FE0446F9
:1017C0000028E1D007490B685B07DDD0094B029385
:1017D00000230390CDE900330122184626F03FFE96
:1017E000D2E700BF28070020EB690300D96C030093
:1017F000BC080020F46C030010B5184B88B00446F8
:101800001422002101A81B6807934FF0000332F057
:10181000E1FD40F20113ADF8003001238DF80340E3
:101820008DF8023032F04BFC4FF47A72A0FB0203C9
:1018300002FB0131C00B40EA4140C90BCDE9040174
:101840006846FFF78FFF054B1A68079B5A404FF019
:10185000000301D032F0EDFB08B010BDB48A0220C5
:101860002DE9F04FB04BB14C93B01B6811934FF082
:101870000003236803F00703022B44D90025AC4B77
:101880000293CDE900552B4603222146284626F037
:10189000F5FD236803F00703022B34D932F034FE40
:1018A000A44FC3590393A44B0095CDE901530646B9
:1018B0002B4603222146284626F0E0FD236803F04C
:1018C0000703022B1FD9F05932F0C8FA9B4B039043
:1018D000CDE9015300952B4603222146284626F0E8
:1018E000CDFD236803F00703022B0CD94FF480537E
:1018F0000393934B0095CDE9015303222B462146D8
:10190000284626F0BBFD8F4E0FCE07AD0FC52368CE
:1019100096E8030003F00703022B85E8030009D9CA
:10192000894B02930023CDE90033804903221846F6
:1019300026F0A4FDDFF81482DFF814927B4E002716
:1019400000250695042106A80CF070FB32F0B7FBC9
:101950004FF47A7BA0FB0B03069A0BFB0131C30B00
:1019600043EA41435A40069229F0A3FB069B5840A4
:10197000236803F0070380B2022BA8F80000ADF83B
:10198000280040F2FA812B46CDE90297CDE90055B7
:1019900003223146284626F071FD236803F0070331
:1019A000022B40F2EA810497B8F800300393694BA8
:1019B0000095CDE9015303222B463146284626F0F7
:1019C0005DFD236803F00703022B07F1010A0ED91E
:1019D000614B0095CDE9015303222B463146284641
:1019E00026F04CFD236803F00703022B70D807A8EC
:1019F00004F07AFF236803F00703022B57460546DD
:101A00002AD94FF0000A554B03900293CDE900AA62
:101A1000534603223146504626F030FD236803F03A
:101A20000703022B18D932F04AFB4FF47A72A0FB5D
:101A3000020302FB0131C00B494BCDF800A040EA84
:101A40004140C90BCDE90401CDE901A3032253466E
:101A50003146504626F012FD15F1740F23684ED121
:101A600013F0060F0BD0052303933E4B0293002384
:101A7000CDE9003302223146184626F0FFFC2368E8
:101A800003F00703022B0BD905230393364B029374
:101A90000023CDE9003303223146184626F0EEFC40
:101AA0004FF42030002132F088FA236803F0070356
:101AB000022B09D92D4B02930023CDE900330322D9
:101AC0003146184626F0DAFC002D7FF439AF89E064
:101AD00032F0F5FAA0FB0B030BFB0131C00B244BDA
:101AE000009540EA4140C90BCDE90401CDE901531D
:101AF00003222B463146284626F0C0FC77E7002D0E
:101B000003F0070338DA002BCAD00523CDE90353CD
:101B1000184B02930023CDE90033044901221846F3
:101B200026F0ACFCABE700BFB48A02202C070020F3
:101B3000396D030008000000536D0300776D03004A
:101B4000906D0300B04B0300AB6D0300B8E70020BD
:101B5000CB6D0300E36D0300196E03005D6E03009F
:101B6000796E03009C6E0300866F0300AE6F030066
:101B7000396E0300C66E0300022B1BD94FF0000A1A
:101B80007F4B0293CDE900AA5346032231465046CB
:101B900026F074FC236803F00703022B0AD9794B63
:101BA000CDF800A0CDE901A30322534631465046AB
:101BB00026F064FC00F096FC22680346002800F042
:101BC000A280520700F0D5806F4B02930023039050
:101BD000CDE900336D490122184626F04FFC002D57
:101BE0007FF44DAF236803F00703022B19D90025BA
:101BF000674B0293CDE900552B46644903222846E2
:101C000026F03CFC236803F00703022B09D9614B43
:101C10005E490095CDE9015303222B46284626F064
:101C20002DFCDFF87491594DDFF870A10E220021D0
:101C30000DA832F0CFFB4FF0FF324FF0FF330DA86D
:101C4000FFF7FCFA0028F1D0236803F00703022B0A
:101C500009D9534B02930023CDE9003303222946CF
:101C6000184626F00BFC9DF8357023687A1E0A2A68
:101C700003F0070377D8022B9DF834809DF836B027
:101C80001ED90026474B0293CDE903873346CDE9A1
:101C9000006603222946304626F0F0FB236803F055
:101CA0000703022B0CD9404B0393404B0097CDE91F
:101CB000016303220DF137032946304626F0DEFB8F
:101CC0005B463A460DF13701404604F02FFF10F114
:101CD0000B0F2368064623D113F0060F09D0344BAF
:101CE00002930023CDE9003302222946184626F04C
:101CF000C5FB23685B0799D0CDE902A60023CDE997
:101D0000003301222AE002F00702022A31D9294ACF
:101D10001E490090CDE90102032226F0AFFB5EE7E9
:101D2000002803F007030EDA002B3FF47FAF224BAD
:101D3000029300230390CDE900330122294618467F
:101D400026F09CFBD5E7022B7FF670AF1B4B02936E
:101D50000023CDE90033CDF80C8003222946184634
:101D600026F08CFB62E7002B3FF460AFCDE90297D1
:101D7000C4E7002D3FF436AF92E6BA4637E600BF1F
:101D8000F26E03000F6F03003B6F03002C0700206F
:101D9000DA6F030008700300D96C03008B6C03003A
:101DA0003270030057700300B9C3030076AB030021
:101DB0007A700300616F030098700300B070030035
:101DC0002DE9F047654B664E9AB01B6819934FF0AA
:101DD0000003336803F00703022B09D9614B029318
:101DE0000023CDE9003303223146184626F055FB87
:101DF00001F084F80446B8B133685F070AD05A4B43
:101E0000039002930023CDE900335549012218467F
:101E100026F043FB514B1A68199B5A404FF00003C0
:101E200000F0B68232F005F901F00CF8044628B152
:101E300033685E07EED04D4B0390E2E7FEF726FFD6
:101E4000044628B133685D07E4D0494B0390D8E7D6
:101E5000FFF756FC044628B133685807DAD0454BE3
:101E60000394CEE701F0A6F8044628B13368590779
:101E7000D0D0414B0390C4E7FEF7C0FE336803F0B7
:101E80000703022B09D93D4B35490094CDE90143A5
:101E900003222346204626F000FB394BD3F800806E
:101EA000404625F05FF9336803F00703022B09D998
:101EB000344B02930023CDE900332949032218460D
:101EC00026F0EBFA40F6CD40002132F076F8336888
:101ED00003F00703022B09D92B4B02930023CDE912
:101EE00000331F490322184626F0D7FA274B1F68F4
:101EF000384625F037F9336803F00703022B19D968
:101F00000025234B0293CDE900552B4614490322AB
:101F1000284626F0C2FA336803F00703022B09D9DA
:101F20001C4B0F490095CDE9015303222B4628464F
:101F300026F0B3FA184D284631F075FE034678BBFB
:101F40003268520707D0154A05490090CDE90102D1
:101F5000012226F0A2FA6FF012045BE7B48A022095
:101F600038070020E0700300FF70030020710300B9
:101F7000487103006E71030095710300BE71030088
:101F8000284D0300DF71030009720300204D030098
:101F900021720300427203002C46030064720300A6
:101FA000336803F00703022B0BD92B680393CA4B4A
:101FB00002930023CDE90033C8490322184626F0D6
:101FC0006CFAAB68C648DB690CA99847336803F024
:101FD0000703022B12D99DF83C300593BDF832302F
:101FE0000493BDF830300393BE4B02930023CDE938
:101FF0000033BA490322184626F04FFA12F06EFB5E
:10200000054630F0B5F9C0F307238DF81800C0F38A
:1020100007408DF819308DF81A00069928460022DD
:102020002BF098FE0022FF2128462BF0A2FE284626
:1020300021F0C0FDAC49814622F012F9AB490022E3
:1020400048462BF0C2FE30F0A1F9C0F307238DF80B
:102050001C00C0F307408DF81D308DF81E00079955
:10206000484600222BF0A2FE1423002202214846FB
:102070002AF0B9FB284622F0C1FC9D498246022283
:1020800031F0FAFA0022022150462BF079FE30F0AE
:102090007DF9C0F307238DF82000C0F307408DF8C9
:1020A00021308DF822000899002250462BF06FFE57
:1020B0000A230E2249460093504600230FF034FEB7
:1020C000284621F077FD8B49814622F0C9F88A49DC
:1020D000002248462BF079FE30F058F9C0F3072370
:1020E0008DF82530C0F307438DF824008DF8263095
:1020F0004846099900222BF059FE6FF01D0300227B
:10210000092148462AF06FFB284621F053FD7B4900
:10211000814622F0A5F87849002248462BF055FE6A
:1021200030F034F9C0F307238DF82930C0F30743AA
:102130008DF828008DF82A300A99002248462BF0A5
:1021400035FE1E230022092148462AF04CFB284672
:1021500021F030FD6A49054622F082F866490022E6
:1021600028462BF032FE30F011F9C0F307238DF82A
:102170002D30C0F307438DF82C008DF82E300B99CD
:10218000002228462BF012FE5A230022092128465D
:102190002AF029FB336803F00703022B19D9002525
:1021A000584B0293CDE900552B464C490322284653
:1021B00026F073F9336803F00703022B09D9524B59
:1021C00046490095CDE9015303222B46284626F0C7
:1021D00064F92022002110A832F0FCF8062310A890
:1021E0008DF8403000F056FE336803F00703022BF1
:1021F0006FD90025454B0293CDE900552B46374951
:102200000322284626F049F9336803F00703022B1E
:102210005FD93F4B31490095CDE9015303222B464D
:10222000284626F03AF9336803F00703022B50D909
:10223000384B2A490095CDE9015303222B46284605
:1022400026F02BF9336803F00703022B41D932F053
:102250005BF9314B21491B580393304B0095CDE975
:10226000015303222B46284626F017F9336803F062
:102270000703022B2DD92A4B1849CDF80C80CDE944
:10228000015300952B460322284626F006F93368B1
:1022900003F00703022B1CD9224B10490397CDE909
:1022A000015300952B460322284626F0F6F83368A2
:1022B00003F00703022B0CD91B4B08491B6803933F
:1022C0001A4B0095CDE9015303222B46284626F0F0
:1022D000E4F8174D014F2DE07D7203003807002010
:1022E0002C46030096720300B07203009C5003005A
:1022F000DC040020C1720300444D0300D5720300CA
:10230000E9720300FD7203001273030035730300CA
:102310006A7303008773030008000000A3730300BF
:10232000B6730300D2730300244D0300E57303006A
:10233000437C030020F01EFF40F6CD40002131F029
:102340003CFE642394FBF3F803FB1848B8F1000F3C
:102350001CD1336803F00703022B17D931F0AFFE0D
:102360004FF47A72A0FB020302FB0131C00B40EA7A
:102370004140C90BCDE90401CDE90185CDF80080CC
:10238000434603223946404626F087F80134D1E718
:1023900020461AB0BDE8F08738B5074C4FF0FF3241
:1023A00020464FF0FF3326F09AF8044B1D78204664
:1023B00026F097F8284638BD0C080020BDE700201D
:1023C00070B5194D8CB04FF0FF324FF0FF33064619
:1023D000164826F084F80FCD07AC0FC414492B68BB
:1023E00023600B68134C03F00703022B15D90CABC9
:1023F00003EB86030CAA53F8143C0493237802EBF6
:102400008303032253F8143C03930B4B02930023E2
:10241000CDE90033184626F052F8044826700CB077
:10242000BDE8704026F05DB8C84B03000C080020E2
:1024300040070020BDE70020047403001FB5224CB4
:10244000236803F00703022B09D9204B02930023D2
:10245000CDE9003303222146184626F030F84FF02C
:10246000FF331B484FF0FF3226F039F82368590735
:102470000CD5184B0393184B029308220023CDE987
:10248000003211490422184626F019F8134B002196
:10249000186826F011F868B123685B070AD0104B62
:1024A000029300230390CDE9003307490122184627
:1024B00026F005F8064826F014F8002004B0BDE820
:1024C0001040FFF77DBF00BF4007002018740300D5
:1024D000F8070020747803002A7403001C550020BC
:1024E000597403007FB5344D2B6803F00703022BAA
:1024F00009D9324B02930023CDE900330322294648
:10250000184625F0DCFF2E4E2E48306031F08BFB54
:10251000034678B92A68510707D02B4A264900900C
:10252000CDE90102012225F0CAFF6FF01204204616
:1025300004B070BD2B6803F00703022B0CD933687D
:102540001D491B680393214B02930023CDE90033FF
:102550000322184625F0B3FF306883681B6898474C
:10256000044670B12B685A07E1D0194B03900293CF
:102570000023CDE9003310490122184625F09FFFC2
:10258000D5E73068012125F097FF2B68044620B17C
:102590005B07CCD00F4B0390E9E703F00703022B56
:1025A000C5D90D4B04490090CDE901030322034630
:1025B00025F085FFBBE700BF4007002080740300C3
:1025C0001C55002014460300A3740300B8740300D4
:1025D000CD740300F1740300616F030030B5954BB7
:1025E000954C97B01B6815934FF00003FFF7D4FE8E
:1025F0000346C8B1236813F0060F09D08F4B02932E
:102600000023CDE9003302222146184625F057FF6A
:102610006FF00F05874B1A68159B5A404FF0000367
:1026200000F0058131F005FD226802F00702022A60
:1026300007D9834A0090CDE901022146032225F003
:102640003EFF0120FFF7BCFE236803F00703022BC7
:1026500009D97C4B02930023CDE90033764903224C
:10266000184625F02CFF78484FF0FF334FF0FF322B
:1026700025F035FF236858070CD5744B0393744B32
:10268000029308210023CDE9003104226A4918464B
:1026900025F015FF6F4D0121286825F00DFF68B169
:1026A00023685A070AD06C4B029300230390CDE9AC
:1026B000003361490122184625F001FF624825F0E8
:1026C00010FF0220FFF77CFE236803F00703022BB4
:1026D00009D9624B02930023CDE900335649032206
:1026E000184625F0ECFE0220FFF76AFE23685B0720
:1026F0000CD55B4B03935B4B029308200023CDE981
:1027000000304D490422184625F0D9FE4E484FF0BE
:10271000FF324FF0FF3325F0E2FE286883680CA9F2
:102720009B68082298470546474825F0DAFE23684B
:1027300059070DD54A4B03934B4B029308220023B4
:10274000CDE900323C4904950422184625F0B7FE35
:10275000002D56D101238DF838300CAB03CBCDF8CA
:102760003900CDF83D1031F0AAFC4FF47A72A0FB8D
:10277000020302FB0131C00B40EA4140C90BCDE925
:1027800012013A48002200230EA923F02FFE68B15F
:10279000236813F0060F09D0354B27490095CDE982
:1027A000015302222B46284625F089FE236803F0B8
:1027B0000703022B21D99DF837300A939DF8363054
:1027C00009939DF8353008939DF8343007939DF8B0
:1027D000333006939DF8323005939DF831300493E1
:1027E0009DF830300393234B02930023CDE900334F
:1027F00011490322184625F062FE0320FFF7E0FD91
:1028000008E7236803F00703022B0AD91A4B029347
:102810000023CDE90033084903950322184625F02B
:102820004EFE0020FFF7CCFD6FF03C05F2E6284697
:1028300017B030BDB48A022040070020167503008F
:102840003475030046750300F80700201C78030068
:10285000567503001C55002088750300B1750300F0
:1028600004780300CC750300EF7503001C090020F9
:102870001776030043760300797603001FB50A49F3
:102880000B6803F00703022B08D9084B02930023BF
:10289000CDE900330322184625F011FEFFF7CEFDE7
:1028A000002005B05DF804FB40070020927603008D
:1028B000F0B5784B784DA3B01B6821934FF000031F
:1028C0002B6803F00703022B41D90024734B0293BA
:1028D000CDE90044234603222946204625F0EFFD9A
:1028E0002B6803F00703022B31D931F00DFE6C4F3A
:1028F000C35903936B4B0094CDE90143064623462D
:1029000003222946204625F0DAFD2B6803F0070351
:10291000022B1CD9F05931F0A1FA634B0390CDE999
:1029200001430094234603222946204625F0C7FD93
:102930002B6803F00703022B09D95C4B0094CDE907
:102940000143032223462946204625F0B8FD584E70
:10295000584F514C4FF0FF334FF0FF320CA9304627
:1029600023F0A0FD03460028F4D12A6852070DD5B4
:102970009DF830200492504A0392504A0292082255
:10298000CDE900022146042225F099FD9DF8303062
:10299000032BDFD8DFE803F002055F7AFFF71EFEA6
:1029A000D8E72B6803F00703022B21D99DF83830B4
:1029B0000A939DF8373009939DF8363008939DF8B7
:1029C000353007939DF8343006939DF833300593E6
:1029D0009DF8323004939DF831300393384B0293C5
:1029E0000023CDE9003303222146184625F067FD78
:1029F00001210320FEF73AFADDF83100DDF8351049
:102A000007238DF860301AAB03C3DDE9102318A843
:102A1000CDE91C2301238DF8783000F03BFA40F615
:102A20006433ADF8483000238DF84A30DDF831309A
:102A3000CDF84B30DDF83530CDF84F304E238DF8E2
:102A4000533012A844F24633ADF85430FEF78AFEF4
:102A5000FFF7F4FC7EE72B6813F0060F08D0002385
:102A6000CDE90033029702222146184625F027FDC2
:102A700008238DF8603000238DF87830DDE91023CD
:102A800018A8CDE91C2300F005FAE1E7FFF7F6FEF0
:102A900060E700BFB48A022040070020A47603004C
:102AA00008000000C5760300F076030010770300ED
:102AB0001C090020AE7703008378030057770300DA
:102AC0007477030030B5134D2B6803F00703022B16
:102AD00085B019D90024104B0293CDE90044234658
:102AE00003222946204625F0EAFC2B6803F0070361
:102AF000022B09D9094B0094CDE901430322234657
:102B00002946204625F0DBFC05B0BDE83040FFF744
:102B100065BD00BF40070020D1770300EA770300BE
:102B20002DE9F041AC4BAD4C98B01B6817934FF0BA
:102B30000003236803F00703022B32D90025A84BBA
:102B40000293CDE900552B4603222146284625F065
:102B5000CAFC236803F00703022B22D931F0D4FC0E
:102B6000A04FC3590393A04B0095CDE901530646EE
:102B70002B4603222146284625F0B5FC236803F0A6
:102B80000703022B0DD9F05931F068F9974B0390E8
:102B9000CDE9015300952B4603222146284625F016
:102BA000A2FCDFF84C82934F4FF0FF334FF0FF321F
:102BB0000EA9404623F076FC03460028F4D1226893
:102BC00002F00702022A07D98B4A84490090CDE916
:102BD0000102032225F087FC9DF83830082B70D8BD
:102BE000DFE803F0050538384F516078A10023680D
:102BF00003F00703022B14D99DF850007F49804B46
:102C00009DF84020002818BF0B46CDE903237D4BDB
:102C100002930023CDE9003370490322184625F0C2
:102C200062FC9DF85030002B4BD09DF840308DF861
:102C3000303003238DF831300CA84FF47A730D93A4
:102C4000FEF774F89DF84000FEF7D6FD6E4800F0E0
:102C500037FB36E0236803F00703022B0FD99DF8FA
:102C6000413004939DF840300393684B0293002356
:102C7000CDE9003359490322184625F034FC644855
:102C8000E5E76448E3E723685B0709D0624B0293FA
:102C90000023CDE9003351490122184625F023FCD9
:102CA0005E48D4E7236803F00703022B09D95C4B85
:102CB00002930023CDE9003348490322184625F04A
:102CC00012FC3E78052E3FF66FAFDFE806F03C437E
:102CD0006E773C7D236803F00703022B21D99DF812
:102CE00047300A939DF8463009939DF84530089384
:102CF0009DF8443007939DF8433006939DF8423089
:102D000005939DF8413004939DF840300393454B63
:102D100002930023CDE9003330490322184625F001
:102D2000E2FB414893E7236813F0060F09D03F4BBD
:102D300002930023CDE9003328490222184625F0EA
:102D4000D2FB3B4883E79DF83830062B7FF42CAF4D
:102D5000012505E09DF83830002B7FF425AF0225D2
:102D60004FF0FF324FF0FF33324823F0FFFB3D704E
:102D7000304823F073FC236803F00703022B10D9BB
:102D80002D4B164953F8252053F8263003932B4B2F
:102D9000029300230492CDE900330322184625F064
:102DA000A2FB274823F0AAFCFEE69DF83830042B4E
:102DB00010D0052B7FF4F8AE0425D1E79DF838300C
:102DC000022BC5D0032BF5E79DF83830002B7FF49C
:102DD000EBAEBDE70325C3E7B48A022060070020FD
:102DE000A078030008000000C3780300F078030017
:102DF0004C090020BEE7002012790300CE650300D5
:102E0000D665030039790300467903005E79030033
:102E1000246C03007A79030091790300A7790300F9
:102E2000B5790300C2790300027A0300AE7703008C
:102E3000147A0300385500202C4D0300267A030035
:102E4000205500201FB50E4830F0ADFF01220021B3
:102E50000C4830F0AFFF0C4A0C49002313700A688D
:102E600002F00702022A07D9094A0093CDE901328C
:102E70001846032225F037FB002005B05DF804FB5F
:102E80003855002020550020BEE7002060070020B4
:102E9000417A03001FB5014688B9144C23685A07CC
:102EA00008D0134B0090CDE90103012203462146CF
:102EB00025F019FB6FF01504204604B010BD0D4835
:102EC0000022002323F092FA04460028F4D0074998
:102ED0000B685B07F0D0084B029300230390CDE909
:102EE00000330122184625F0FEFAE5E760070020CE
:102EF0005B7A03004C0900206E7A030030B5244D44
:102F00002B6803F00703022B85B009D9214B0293EC
:102F10000023CDE9003303222946184625F0F2FAB2
:102F2000FDF776FD044680B12B6859070AD01A4B8D
:102F3000039002930023CDE900331549012218467E
:102F400025F0E0FA204605B030BDFEF76DF80446E6
:102F500028B12B685A07F5D0104B0390E9E7FEF72C
:102F6000E5F92B68044620B15B07EBD00C4B0390CE
:102F7000DFE703F00703022BE4D90A4B0449009072
:102F8000CDE901030322034625F0BCFADAE700BFCE
:102F9000F8060020BA7A0300CD7A0300E57A030030
:102FA000FA7A0300127B0300014823F057BB00BFED
:102FB0004C5500207FB5154830F0F5FE31F07FF814
:102FC0004FF47A73A0FB030403FB0144104EC00BC3
:102FD00040EA44400025E40BC6E9000429460D48B8
:102FE000202231F0F7F90C490B6803F00703022B9C
:102FF00008D90A4B0095CDE9015303222B462846F8
:1030000025F08FFA002004B070BD00BF4C550020A1
:10301000B0100020B81000206C070020317B0300A6
:1030200038B5044688B10A4D0A484FF0FF324FF0D8
:10303000FF3323F09BFA0FCD0FC495E80F0084E80F
:103040000F00FFF7B1FF002038BD6FF01500FBE760
:10305000B81000204C5500202DE9F041864D2B681A
:1030600003F00703022B8EB032D90024834B029366
:10307000CDE90044234603222946204625F051FA93
:103080002B6803F00703022B22D931F03DFA7C4F65
:10309000C35903937B4B0094CDE901430646234675
:1030A00003222946204625F03CFA2B6803F007034B
:1030B000022B0DD9F05930F0D1FE734B0390CDE9BE
:1030C00001430094234603222946204625F029FA8D
:1030D000DFF8B8816E4E4FF0FF334FF0FF324046BD
:1030E00023F044FA73690A2B00F2C480052B94BFC5
:1030F00000230123674F3B7030F0E1FF4FF47A72F9
:10310000A0FB020302FB0131C30B6348D0E900209E
:1031100043EA41439B1A4FEAD13161EB0001C6E912
:103120000631FFF741FF06A8FFF77AFF04460028A3
:1031300040F09A802B6803F00703022B40F2948042
:10314000564B4D490090CDE901030322034625F07B
:10315000E8F92B6803F00703022B40F28580069BF9
:1031600003934F4B44490094CDE901430322234686
:10317000204625F0D6F92B6803F00703022B73D9FC
:10318000079B0393474B3C490094CDE9014303223D
:103190002346204625F0C5F92B6803F00703022BD0
:1031A00062D9089B0393404B33490094CDE9014316
:1031B00003222346204625F0B4F92B6803F00703C9
:1031C000022B51D9099B0393384B2B490094CDE92D
:1031D000014303222346204625F0A3F92B6803F080
:1031E0000703022B40D90A9B0393314B22490094D9
:1031F000CDE9014303222346204625F092F92B68AE
:1032000003F00703022B2FD90B9B0393294B1A4979
:103210000094CDE9014303222346204625F081F99D
:103220002B6803F00703022B1ED9DDE90C23CDE93F
:103230000423214B10490094CDE901430322234686
:10324000204625F06EF92B6803F00703022B0BD9FB
:103250003B780393194B02930023CDE900330649D1
:103260000322184625F05DF900214FF4481030F094
:10327000A4FE30E702233DE76C0700204C7B0300EF
:1032800008000000707B03009E7B03004C5500206B
:10329000B8100020BFE70020B0100020C17B030061
:1032A000D17B0300E57B0300F57B0300077C030073
:1032B0001A7C03002D7C0300417C0300537C030037
:1032C0001FB50446002856D02D484FF0FF324FF06E
:1032D000FF3323F04BF92B492046FDF7AFF838B9FF
:1032E000294A136801331360FFF75EFE002044E0B3
:1032F00026492046FDF7A2F820B9234A5368013336
:103300005360F1E722492046FDF798F820B91E4A9C
:10331000936801339360E7E71E492046FDF78EF876
:1033200020B9194AD3680133D360DDE71A49204632
:10333000FDF784F820B9144A136901331361D3E708
:1033400016492046FDF77AF820B90F4A5369013330
:103350005361C9E712490B6813F0060F09D0114BEE
:1033600002930023CDE9003303940222184625F08E
:10337000D8F8FFF719FE6FF0150004B010BD00BFBC
:103380004C55002046790300B8100020246C03003F
:10339000AB6C0300607C03007A790300A77903001B
:1033A0006C0700206D7C03002DE9F04F93B084077B
:1033B0000093944B03921B6811934FF00003039BFF
:1033C000DDF8708003F004030293039BC3F3C20390
:1033D00003F1010305460E46059340F0C481041D28
:1033E00068B1072910D86FF01B00864B1A68119B33
:1033F0005A404FF0000300F0B98130F01AFE01F09E
:1034000007063444C6F10806009B4FF00009591E18
:103410004FF0040A4FF0FF330193CDF810904F4660
:10342000CB4653460DB1009A22600598002800F360
:10343000EF807548009A824203D374488242C0F0FC
:10344000E780039AA4EB050E92074FEA9E0000F175
:103450000A810F2F00F2B180002D00F00C8107F1DE
:1034600048020DEB020C019A0CF8240C0CF8142CF9
:10347000049801300490EEE07A285DD84B280ED8ED
:10348000472859D829282DD8252852D054D8202863
:103490007AD02338D0F1000B4BEB000B74E04C38A2
:1034A0002E2849D8DFE800F0704848484848484886
:1034B000484848484B484848484848484859484B75
:1034C0004B595959704B6D487048184B18484882F1
:1034D0007F4B48484B487F0000204FF0000B4FF0D7
:1034E000040A38E02A38C0B2012202FA00F010EAD9
:1034F0000E0F49D110F0625C2FD110EA020B43D0BD
:103500006046013C5444B4FBFAF40AFB04F4002D79
:1035100061D0A3EB050CA444B4453FF664AF00288A
:1035200068D1042B47D158F8043B236004340423AA
:103530002AE0019A013A01924FF0000B24E011F8C1
:10354000010C6C2834D111F8023C00206C2B83460E
:10355000C5D14FF0080A5346D3E708F1070828F011
:1035600007080734F8E802AB24F0070435B10698E1
:103570002044B0423FF637AFC4E900AB08344FF007
:10358000000B4FF0080A534611F8010F00287FD0B6
:10359000BBF1000F7FF470AF2528F5D1019B0133FB
:1035A00001934FF0010B4FF0040AECE7584694E703
:1035B00000208346A5E7082B02D06FF0150014E722
:1035C00008F1070828F00708F8E80223C4E90023F7
:1035D00008340823D8E768B9042B02D108F104089D
:1035E000A4E7082BE9D108F1070828F0070808F13B
:1035F0000808EDE7059A013A059258F8042B009265
:1036000010E700BFB48A02201C450300F830040014
:10361000039A900720D5A4EB050E4FEA9E004FF0C9
:10362000010CBEF5007FC8D20F2FC6D8F5B107F147
:1036300048020DEB020EC0B2019A0EF8240C0EF8EF
:10364000142CBCF1000F3FF413AF60F07F000EF8B4
:10365000240C09F101090137C5F10802043406926E
:103660004FF6DA7E90E74FF0000CDAE7BCF1000F7E
:1036700001D00136EFE7029802360028EBD100981E
:10368000CDE90631FCF7ECFEDDE906310644E2E760
:10369000631BB3F5806F90D21DB9A6F10804E01842
:1036A000A3E6029A28609B082B709DF81030C2B1E7
:1036B000EB7085F80290B9F1000F05D009A800223F
:1036C000C5F1010C97420ED1C5F101030DF124089B
:1036D0004FF0000A01930DF1340B574512D1601BD6
:1036E00083E66B70E5E710F8013B190608D50CEB93
:1036F000040EB64503F07F033FF675AE04F8013BB8
:103700000132DFE7B9F1000F03D098F90020002A59
:1037100017DB029BD3B11AF80B2004F8012B00220F
:10372000019B18191044B0423FF65DAE98F80000B6
:1037300004F8010B00990392204630F023FE039A0F
:1037400014440AF1010A08F10108C6E798F80020BC
:1037500055F822300093029B45F822300098FCF780
:103760007FFE421CDCE76FF00D003EE613B0BDE8C3
:10377000F08F00BF80B505460E461746984623F0E9
:1037800017FD034630F0C0FEDFF81890044649F8F4
:103790000030424630463946A84754F8090002F046
:1037A0005DFB00BF0800000008B50446EFF311837D
:1037B000202383F31288BFF36F8F0BF027FE204680
:1037C00002F022FF024825F03BFA25F079FFFCE7E2
:1037D000A1A603002DE9F047058B04462807904673
:1037E00011D4022905F0070540F0CC80204625F0D1
:1037F00034FA78B10138218B042811D8DFE800F0C1
:10380000C2106D85950001290CBF45F0100545F0EB
:103810002005258388F31188BFF36F8FBDE8F087FB
:1038200001F0070AAA4500F0A5800027B9463E46E8
:10383000A368002B00F0BC8041F00801218388F3CD
:103840001188BFF36F8FA168002900F0BA800D685E
:10385000002900F0B680D1F8048033465246204655
:10386000C047002D76D02B6829461D46F0E701F0B1
:1038700007035A1F012A1BD8002221F00701062B3B
:10388000276889B2C4E9002209D13B4603E0628B74
:10389000013262831B68002BF9D141F002012183C0
:1038A000204625F0DAF900287AD041F0200176E0B0
:1038B000042B0AD121F0070189B22183204625F08B
:1038C000CCF910B141F020012183218B01F0070ACE
:1038D000AA454FD00027B946AAE7236921F007017E
:1038E00041F00601062DD3F8009021832DD1B9F1C6
:1038F000000F3FD041F00801218388F31188BFF306
:103900006F8F3A492046C84729E021F00701236913
:1039100041F0040189B2042DD3F804902183E6D04C
:1039200000273E464FF0040A82E721F00701236991
:1039300041F0050189B2052DD3F808902183D6D036
:1039400000273E464FF0050A72E700273E464FF03B
:10395000060A6DE72B4687E7B9F1000FD1D1EFF3E7
:103960001188202383F31288BFF36F8F238B23F0FA
:1039700008032383258BEA062ED525F01003238325
:1039800005F007056669218B002EBFF670AF002396
:103990002768C4E9003321F0070141F001012183C8
:1039A000218B01F0070AAA454FF000097FF440AFD0
:1039B000002F9CD041F00801218388F31188BFF3C8
:1039C0006F8F002FC8D03D68394633465246204697
:1039D00025F06FF92F46F4E7AB067FF51BAF25F016
:1039E0002003238305F0070500E700BFDF8C0200FA
:1039F0002DE9F84F81462F480F4625F019FA064663
:103A000070B92D4CDFF8B4A00546A0464FF0010B6D
:103A1000544507D3B9F1000F02D04FF0010AE5B9C0
:103A2000BDE8F88F237B6BB12368DB680BB12046C0
:103A3000984723681B6943B96368042219682046C4
:103A400000F098F901361034E2E720469847002844
:103A5000F2D00BFA06F31D43F4E7A94695FAA5F454
:103A6000B4FA84F40AFA04F3260108EB04146FEAAA
:103A7000030B25EA0305237B63B158F806301B6965
:103A800093B94644042273682046196809EA0B0971
:103A900000F070F9002DE1D127B14FF4A47000219E
:103AA00030F08BFA4D46BAE7204698470028F1D10E
:103AB000E7E700BF68550020804A0300904A0300F2
:103AC000014B53F820007047F453030008B5034638
:103AD00008462BB1044A136000F092FB002008BD99
:103AE0006FF01500FBE700BFEC040020084A09480E
:103AF00008B500231370084A1360084A4FF40041C8
:103B00001360FFF7E3FFBDE8084000F083B800BF93
:103B1000C0E700202D8E0200605500206455002073
:103B200070B50B4D297841B90120FFF761FF094CB1
:103B3000094EB44202D301232B7070BD63685B79D8
:103B40001BB1236820469B6898471034F1E700BFFB
:103B5000C0E70020804A0300904A030010B50446E5
:103B6000084825F065F95CB1BFF35B8F064B53E85D
:103B7000001F013943E80012002AF8D1BFF35B8F20
:103B800010BD00BF60550020645500202DE9F041B4
:103B9000164B174C1B68DFF85C8005469847A860F9
:103BA000444501D3BDE8F08163685B793BB1297876
:103BB0004B0706D5236829461B68204698471034D2
:103BC000EEE728462E88C1F3C20700F07DF9C6F360
:103BD00082160246002EEDD00028EBDB0123394689
:103BE000204600F0E1F8B042E9D3E3E7EC0400201E
:103BF000804A0300904A0300044A054B9B1AB1EB2C
:103C0000D30F34BF52F831000020704790490300B1
:103C1000804A03000B480C4B30B51B1A0B4CDB08D9
:103C200000210430994200D130BD10F831202568C0
:103C300002F0070225F007052A4344F8042B01315E
:103C4000F0E700BF90490300804A0300F806002017
:103C5000F8B50B4F0B4DED1B0646ED080024AC42AA
:103C600003D14FF0FF342046F8BD57F8340020B19F
:103C70003146FCF7E3FB0028F5D00134EFE700BF45
:103C800090490300804A030000282DE9F047884648
:103C900015461F461DDADFF89890264E4FF0000AB1
:103CA000A6EB090636095446B24509F1100902D1BE
:103CB0002046BDE8F08759F80C0C3B4600792A46AF
:103CC0004146FFF7E1FF844238BF04460AF1010A8A
:103CD000EAE7194B194AD21AB5EBD20F26D203EBF9
:103CE000C5031C79BC4228BF3C46154EC0B200EB50
:103CF000400056F825300722824023EA020304F0F0
:103D00000702824013430021032223FA02F000F04D
:103D10000700814202F1030238BF01461E2AF4D196
:103D200023F007030B4346F82530C1E70024DCE706
:103D3000804A0300904A030090490300804A030030
:103D4000F8060020F8B5094D094BED1A06460F4656
:103D5000ED080024AC4200D3F8BD002122B23B465E
:103D60003046013425F089F8A4B2F3E7804A030015
:103D70009049030038B50B4BC31A0D461B11114671
:103D8000426801331371436804469971FFF7DAFF03
:103D900063681D60636801225A71BDE8384025F0F0
:103DA00069B800BF804A030070B14168097973B1F6
:103DB000002A17DBCBB20C4951F8220003EB430376
:103DC000D84000F0070070474FF0FF31EFE7074998
:103DD0000748401AB2EBD00F3ABF01EBC201087995
:103DE0001846704704207047F806002090490300E9
:103DF000804A03002DE9F04F87B004AFD7E90EA940
:103E000093462E4A3D6B04460E46984612687A60E9
:103E10004FF00002BAF1000F27D0C7F80090CDF89C
:103E2000009010217A6B53460020FFF7BDFAB0F5E1
:103E3000006F01461AD322490B6813F0060F0BD00E
:103E400040F2FF7303931F4B02930023CDE900332D
:103E50000222184625F032F8184B1A687B685A403F
:103E60004FF0000326D030F0E4F8514604F0070488
:103E70000BF0070BE40044EA8B1444EA412444EAC3
:103E8000055417350D4425F00705ADEB050D04ADC0
:103E9000BAF1000F07D0CDF800907A6B534605F1C8
:103EA0001000FFF781FA434622463146284624F0A7
:103EB000ECFFD1E70C37BD46BDE8F08FB48A022095
:103EC0001C070020D7A60300406820B1034BC01A8E
:103ED00040F38F0070474FF0FF307047F806002026
:103EE0000EB403B503AB014653F8042B0448019309
:103EF00002F072FA02B05DF804EB03B0704700BF45
:103F0000F98E0200CA0605D48B064CBF024903494C
:103F1000FFF7E6BF704700BF93AA03000FA7030097
:103F20002DE9F04F87B004469DF844600D46904659
:103F30009946002E00F0A280159B03F0020A03F0C0
:103F400001030493159B03F0080B03F4807305939E
:103F500024F091FF024600283DD095492046FFF706
:103F6000BFFF0746BAF1000F09D0159B13F0440FAD
:103F700033D190492A462046FFF7B2FF0744049BFD
:103F800053B18D4B8D4953F826208D4B2046002A86
:103F900008BF1A46FFF7A4FF059B002B49D0BBF1D1
:103FA000000F64D1B8F1000F66D086494246204622
:103FB000FFF796FF0546129B3D44002B6DD1149BE5
:103FC000002B73D1159BDB0700F1EB801599204680
:103FD000FFF798FFD8E00746C4E77B4B1868002836
:103FE000CCD07A4B4FF47A7A1B68B5FBF3F54FF4DB
:103FF0006163B5FBF0F100FB11550AFB05F54FF0CD
:104000003C0CB1FBF3F203FB1211B5FBF0FEB1FB6C
:10401000FCF300FB1E550CFB13110AFB05F5009188
:10402000B5FBF0F56A49CDE901E52046FFF758FFF9
:10403000A4E7BBF1000F1DD0664B674953F826205B
:104040002046FFF74DFF0546B8F1000F05D05D494A
:1040500042462046FFF744FF0544B9F1000FAAD0BD
:104060005E494A462046FFF73BFF0544A3E74FF071
:104070000009E1E75D46E7E745469CE7B9F1010F36
:10408000129B06D1002B66D1149B002B7CD00025FF
:104090000CE0002BF8D052485EE05248129B524987
:1040A000224624F09CFD149B002B6AD0DFF83C8153
:1040B000DFF83C91149F1599102F204628BF102738
:1040C000FFF720FF4FF0000B5D4547DC139B49468F
:1040D0001A782046FFF704FF4FF0010B1BF0070F83
:1040E00003D141462046FFF7FBFE5F453DD9139BB8
:1040F000494613F80B202046FFF7F2FE0BF1010BA7
:10410000BBF1100FEAD13B49DFF8ECB020464FF08D
:10411000000AFFF7E5FE5246139B9A5CA2F12001CC
:104120005F2928BF2E2259462046FFF7D9FE0AF103
:10413000010ABAF1100F1DD01AF0070F03D1414642
:104140002046FFF7CDFE57455246E5D8414620466A
:10415000FFF7C6FEEBE7234835469FE7414620467A
:10416000FFF7BEFE0BF1010BAEE724492046FFF737
:10417000B7FEC3E7139B3B441393149BDB1B1493C1
:1041800098D1002E7FF41EAF6268A1682068D2E942
:10419000002324F0A3FE636800221A6007B0BDE884
:1041A000F08F074A05492046FFF79AFE0EE700BF49
:1041B00017A703001BA703000454030076AB0300FA
:1041C00012A7030040A70300705500206C55002083
:1041D00024A703001854030044A703004AA70300C0
:1041E000158F0200F98E0200D963000057A7030063
:1041F0004FA7030059A7030049B0030055A70300C8
:10420000074A00210123904206D8064A01B901233A
:104210001360054B1860704740085B000121F2E70E
:1042200040420F006C55002070550020014B0122C8
:104230001A707047C1E70020014B002019607047D9
:104240008855002010B5064B18680C46FFF738FC5F
:1042500021460346BDE8104002480F22184700BF20
:104260008855002048540300F8B5094D094B0A4E03
:10427000D5E9004701221A700CB92C60F8BD21461F
:1042800030463A4600F00AF8241A0644F4E700BF24
:104290007C550020C2E70020C3E70020F8B5194D87
:1042A00007460E46042432463946002020F08EFE92
:1042B000C8B101232B70144B1B782BB93046F8BDC5
:1042C0005CB92C704FF0FF34002020F0C3FE0028B2
:1042D000F4D02B78002BF3D1F0E7013C41F2883089
:1042E0002FF09CFCF0E72B7813B1013C04D12C702B
:1042F0002B78002BD7D1E1E741F288302FF08EFCEC
:10430000F6E700BFC1E70020C2E70020014B0360D1
:10431000002070475854030010B5044626F0C9FE2B
:1043200003490246204624F0B6FE002010BD00BF1F
:10433000A2A7030073B5134600220192044601AA06
:1043400058680A2100F016FD019D95B920EAE07435
:104350004FF40046294640F2E7304FF47A720023CA
:10436000C4FB0601FCF750F82FF027FE284602B0E8
:1043700070BD2A460249204624F0A9FE019DF5E7BA
:10438000CEA7030008B5034A034924F084FE0020A9
:1043900008BD00BFBBA80300C2A803002DE9F3417C
:1043A00017460023044601AAB86801930A2100F0C9
:1043B000E1FC019DC6B24DB12A461449204624F0C5
:1043C00086FE019D284602B0BDE8F081042E09D981
:1043D0000F493246204624F07AFE204624F0B3FEF0
:1043E0000125EFE77868FFF733FCB0F1000804DA45
:1043F0007A680849204624F06AFE002133460FFA05
:1044000088F2084624F039FDDCE700BFEDA8030080
:1044100014A903002BA9030010B504460AF0ECFF11
:1044200007490246204624F036FE2046054924F07E
:1044300032FE0548214623F003F8002010BD00BFDE
:10444000B6A90300D5A903004D44000070B52D4B5B
:10445000D0F89C608EB004460D461B680D934FF05B
:1044600000032FF0FEFC034630F04EF8264A2749A1
:104470001058274A002B18BF1A460092254A234697
:10448000844218BF0A462846234924F004FED4E992
:104490000A23CDE90023284694F90E30227B1F49D8
:1044A00024F0F9FD05A92022204622F00BFB636EC3
:1044B0001B490246284624F0EEFD04A920462FF0B1
:1044C000DEFC024660B11749284624F0E4FD0D4B9E
:1044D0001A680D9B5A404FF0000310D02FF0A9FD31
:1044E000049B6422F11A4A430091B2FBF6F20E4992
:1044F000CDE901622846324624F0CDFDE7E70EB053
:1045000070BD00BFB48A02200800000057A7030056
:10451000DFA9030089BA0300E2A90300EEA90300A2
:104520001AAA030031AA03005EAA030070B51E4B4D
:1045300090B0002504461C22294607AE08A81B6837
:104540000F934FF000032FF045FF1A222021304631
:104550002FF040FF1548214622F072FF06AA4FF4C3
:10456000006113482FF07FFC069A0096C2F50061A7
:1045700064234B43DB0A05934FF40063CDE9031337
:10458000CDE901320B490C4A2B46204624F083FD2D
:10459000054B1A680F9B5A404FF0000301D02FF0D3
:1045A00048FD284610B070BDB48A0220BD45000009
:1045B000005B0120AFAA0300C05A012070B5044679
:1045C000D0F89C6088B00D4607A92FF058FC024631
:1045D00028B10F49284624F05EFD08B070BD204682
:1045E0002FF03FFC079B0096F11ACDE90131094BF2
:1045F00064224A43002818BF0346B2FBF6F206497C
:10460000CDE903622846224624F045FDE5E700BFD8
:1046100031AA0300DFA90300F8AA03002DE9F04F37
:10462000324BDFF8CCA0DFF8CCB089B0044601A84B
:104630001B6807934FF0000321F08AFC019F2E4A6C
:10464000182303FB00770821204624F017FD019D65
:10465000BD4208D3254B1A68079B5A404FF0000310
:104660003FD02FF0E6FC2B680BB11A7832B92B46FD
:10467000224A142102A81FF087F902AB52460821F2
:10468000204624F0FBFC28462FF0CDFA1C4B1D4A97
:10469000002808BF5B460821204624F0EFFC6B6928
:1046A000A3B11E6896B1336883B1174A082120462A
:1046B00024F0E4FCB1464FF000083368134A434548
:1046C00006D8134A0821204624F0D8FC1835BFE745
:1046D00059F8043F0821204624F0D0FC08F10108D5
:1046E000EBE7002009B0BDE8F08F00BFB48A0220DC
:1046F00074AB03005CAB030065AB03006FAB03005E
:10470000A07A0300A3B0030079AB030075AB0300EC
:1047100093AA03002DE9F04114468846074610226B
:104720006068002123F032FBB8F1020F064607D87B
:10473000254A20230821384624F0A0FC336816E0DF
:104740000A220021A06823F021FBC5B21E4A2B4695
:104750000821384624F092FCB8F1030F1AD1102D2D
:104760000CD0202DEAD0082D0BD13378DBB2174ABC
:104770000821384624F082FC002009E033889BB2EF
:10478000F5E73846124A082124F078FC6FF015004E
:10479000BDE8F081E0681022002123F0F7FA0D4A0D
:1047A000034604460821384624F068FC102D06D044
:1047B000202D07D0082DE4D1E4B23470DCE7A4B298
:1047C0003480D9E73460D7E7BAAB0300E5AB030028
:1047D000CFAB0300F6AB03002DE9F04F5A4BDFF8E7
:1047E0006CA187B01B6805934FF000030023009372
:1047F000574B91460122074688461A6001F01AFE7F
:104800004FF0FF3520262C4649465246404601F0DF
:1048100035FE411C06D16A1C47D14E49384624F06A
:1048200056FC17E0732820D077282ED0612811D1AC
:10483000DFF824B16A46DBF80000102100F09AFA94
:10484000009B0546002BDFD0DBF8002043493846AB
:1048500024F03DFC6FF015003B4B1A68059B5A4055
:104860004FF000036DD02FF0E4FBDFF8ECB06A46A8
:10487000DBF80000002100F07DFA009B0446002BCD
:10488000C2D0DBF800203649E1E7DFF8CCB06A4659
:10489000DBF80000002100F06DFA009B0646002BBB
:1048A000B2D0DBF800202F49D1E7631C01D12E499B
:1048B000B4E75FFA86F8C6F3C406002C3FD001AB1C
:1048C00029461A46A6EB050C0CE0B8F1100F1DD0D6
:1048D000B8F1200F20D0B8F1080F2AD1087818704D
:1048E00031443344A64203D80CEB01001028ECD924
:1048F000102CA14628BF4FF0100929464B463846D8
:1049000000F084F91035A4EB0904D6E7088880B2DA
:104910001870000A5870E3E7086818704FEA102E04
:1049200083F801E04FEA104E000E83F802E0D870E1
:10493000D6E70E4A0821384624F0A0FB8AE7204635
:104940008AE707B0BDE8F08FB48A022044AC0300C8
:10495000280500204BAC0300D45A00200AAC030009
:104960001DAC030030AC030068AC0300CFAB030008
:1049700070B50F4E044633780D4671B123B1BDE8D2
:1049800070400C4924F0A3BB012333700A49204630
:1049900024F081FB0123337004E083F001033370C2
:1049A000002BF3D129462046BDE8704024F0E8BB37
:1049B000C4E7002082AC0300BDAC030070B5044620
:1049C0003B480378182B02D10B78112B31D0013AD8
:1049D0000B468D18AB4225D18B5C0A780370A2F18F
:1049E0003003092B334C04D922F02003413B052B23
:1049F00004D823683049CA54013323602368022B4A
:104A000033D110222C48002123F0C0F92B4A13681F
:104A100003F8010B13602A4A136801331360002363
:104A2000236022E013F8016B182ED3D11E78112ECB
:104A3000D0D1234D23492A68204624F02CFB204660
:104A40000021FFF795FF204B187870B91F4A2B689B
:104A50001168042B0ADC08B111602B6013F003010C
:104A60000BD1126813681BBA136070BD086800BAD6
:104A700041F8040B043B0120EBE75B4203F0030326
:104A800058BF5942022904D1126813885BBA9BB2FD
:104A9000EAE70329E9D1106802681104C2F3074369
:104AA00001F47F010B4302F47F4213430360DCE710
:104AB000C5E700208C550020C7E70020985500204E
:104AC00090550020E7AC0300C6E700209455002075
:104AD0002DE9F84F0C462B49DFF8AC80DFF8AC909D
:104AE000DFF8ACB000230B602A4988F80030064696
:104AF0000B601546012C2F4655F804AF1ED9022233
:104B0000494650462FF07BFC80B99AF80220003AC3
:104B100018BF012292442049022250462FF06FFC18
:104B200030B9012388F80030013CE3E70022F1E7C7
:104B300049465046FBF782FCA8B9043700221146CB
:104B4000786823F023F9154B002211461860786825
:104B500023F01CF9124B134918603046FFF708FF89
:104B60000020BDE8F88F9AF800202D2AE6D19AF8A7
:104B70000120002AE2D052465946304624F08BFAF2
:104B8000D2E700BF8C550020C6E7002001AD03002E
:104B900007AD03009055002004AD03009855002098
:104BA00094550020BD49000010B5816804461831B5
:104BB00000F038FAA168034A20461831BDE81040D9
:104BC00000F0D6B96EAE030010B50B49044624F0D0
:104BD00062FA2046094924F05EFA2046084924F08A
:104BE0005AFA2046074924F056FA2046064A002180
:104BF00000F0BEF9002010BD7CAE0300BAAE030089
:104C000019AF03006DAF030007B00300F8B51746F6
:104C10001E460A462949044624F03DFA3EB33A7836
:104C20002749204624F037FA01256A0703D1254990
:104C3000204624F030FAAE421ED97A5D2049204643
:104C400024F029FA0135102DEFD11F49204624F018
:104C500022FAB6B91B49204624F01DFA0125AE42BE
:104C60002B4610D81749204624F015FA15E01749AD
:104C7000204624F010FA01251449204624F00BFAAE
:104C8000E0E700252B46FA5C1149A2F120035F2BD7
:104C900028BF2E22204624F0FEF90135102D06D023
:104CA0006B07DCD10749204624F0F5F9D7E7204609
:104CB0000849BDE8F84024F0EEB900BF1DB003007C
:104CC0004FA7030057A7030059A7030055A70300E8
:104CD00049B0030024B0030010B5044613460A4649
:104CE0000146064801F078FB23691B7923B1204671
:104CF000BDE8104024F04ABA10BD00BFA5910200E3
:104D000038B50B46154648B91449154A521AB3EB43
:104D1000920F05D251F82350284638BD84680CB94B
:104D20000025F9E70F4A94420AD30F4A944207D26A
:104D300018462268294690472B68002BECD1EFE7F4
:104D40000A4A944202D30A4A944205D324681422A0
:104D50005343E518E358F0E70133F8E7904A0300BE
:104D6000B84A0300A84B0300A84B0300B84A03004D
:104D7000A84B0300F7B503782D2B0446164605D142
:104D80006FF015033360002003B0F0BD2FF0BCFBC3
:104D90000B4F00230546C3510A46204601A922F0C5
:104DA000F5FFEB59222B02D16FF02103EAE7002B2C
:104DB000E6D1019BA342E3D01B78002BE4D0DFE7D0
:104DC0000C0000008368D3F874329B0603D50249B7
:104DD000406924F01BBA70470C4C0300014924F0D1
:104DE00015BA00BF93AA03000A1E0DDC0ED04223A1
:104DF0008168D1F87412890608D5002A04494069EF
:104E0000B8BF524224F002BA4123F1E7704700BF15
:104E100045B003000A1E0DDC0ED044238168D1F892
:104E20007412890608D5002A04494069B8BF524265
:104E300024F0ECB94323F1E7704700BF45B003000D
:104E40002DE9F0478568DFF86890044605F15600C3
:104E5000FBF706FB002395F83C7086B29846A268E3
:104E6000558FED1BB54209DB002E1FDD56336069FF
:104E70001049BDE8F0471A4424F0C8B91D442A443B
:104E8000563392F856A082F85680A26860691A4498
:104E9000494624F0BBF9A3682B4483F856A0A368C5
:104EA0005B8FDB1BF61A00272B46D8E7BDE8F0879F
:104EB00046A9030076AB030008290A4617D8836881
:104EC00093F83E10914212D083F83E208368082A5E
:104ED000D3F8743205D0990609D50549406924F004
:104EE00095B99B0603D50349406924F08FB97047F3
:104EF0004CB00300114C030038B50D460978044648
:104F0000FFF7DAFF6A78072A11D8A36893F83F10F1
:104F100091420CD083F83F20A368D3F874329B06EB
:104F200005D560690249BDE8384024F06FB938BD45
:104F300055B0030010B504468368094A022124F0E5
:104F40002EFAA368D3F874329B0707D52046FFF7E3
:104F500077FF2046BDE8104024F077B910BD00BFB0
:104F600076AB0300014924F027BA00BF93AA0300DF
:104F70002DE9F04F0E46002189B0044617460D4634
:104F800003AA304601F10108FFF7BAFEB0B995B1A6
:104F900027B13A460821204624F001FA1E4FDFF8D7
:104FA0007C90DFF87CA0002103AA304601F10108C3
:104FB000FFF7A6FE60B909B0BDE8F08F006810B138
:104FC000FBF74EFA80B2854238BF05464146D7E727
:104FD00003688BB11A787AB1D0F804B04A46CDE9AB
:104FE000005308213B46204624F0D9F9BBF1000FBD
:104FF00004D16069FFF7B6FF4146D5E75246204627
:105000003B46082124F0CBF9AA1D92B2594620460E
:1050100024F0DFF9F0E700BF6EB003005EB00300DC
:105020004AA70300F7B50F6805460E46A7B13846F4
:10503000FBF716FA84B2094B00932846084A3B4610
:10504000082124F0ACF9E21C716892B2284603B042
:10505000BDE8F04024F0BDB93C46ECE76AB003007F
:1050600065B0030010B58368D3F874329B0604461C
:1050700003D50649406924F023FAA36850225A87D1
:10508000A36818221A87002010BD00BF1E4C030021
:1050900008B5836902491A6823F0FDFF002008BDA6
:1050A00071B003002DE9F3410D490E4C0E4EDFF8AF
:1050B0003C80054623F0EFFF0022B44202F10107D5
:1050C00003D3002002B0BDE8F081636A0093A368B7
:1050D00092B24146284623F0DEFF30343A46ECE7F0
:1050E00081B00300904A0300904A030099B0030086
:1050F00008B5024923F0F9FF002008BDB9C3030039
:1051000073B50E4E04460025A268E0680DF1060353
:1051100002F5AB72012124F06EFABDF80600A36817
:1051200040B12A4603F5AB733146204623F0B3FF66
:105130000135E9E783F8560102B070BDAAB003005B
:1051400010B5044624F014F803490246204623F023
:10515000A2FF002010BD00BFFDAC0300022907B56F
:105160000BD15368009312680B4B0C4923F0AFFF2F
:105170006FF0150003B05DF804FB8368084AD3F8AC
:105180007432084913F0020F074B18BF1A4623F078
:1051900082FF0020EEE700BFB8B00300CDB00300EF
:1051A000B4B00300D6B003007EBE030010B5836820
:1051B000D3F874329A06044603D50749406924F0AF
:1051C0007FF9A368D3F874329B0603D5034960695D
:1051D00024F076F9002010BD254C03002A4C030072
:1051E000F0B5012985B004460AD0536800931268CF
:1051F0005D4B5E4923F06BFF6FF0150005B0F0BD0D
:105200008368D3F87432990603D55949406924F06C
:1052100057F96FF0F9012046FFF7E6FDFA21204625
:10522000FFF7F8FDA06800254FF48072294600F5CD
:10523000AB708DF80B502FF0CDF84E49606924F01B
:105240003FF9606923F0A2FF4FF47A766068036843
:1052500001221F690DF10B0103ABB847039BEBB9AA
:10526000013E4FF47A70B6B22EF0D8FC002EEDD18C
:10527000A368D3F874329B0603D53F49606924F0D4
:105280001FF9A3683D4950225A87A3681822204677
:105290001A8723F00EFF6FF00700AFE79DF80B2091
:1052A000A3681B2A53D093F856111B29CED1522A3A
:1052B0004DD15A19002382F85631A66896F8572125
:1052C0005B2A2BD106F25710022510F8011F2A463F
:1052D0003B2905F10105ADB223D1FF2AC8D002F563
:1052E000AB7216FA82F1002211F8010F18BB86F892
:1052F0005601FA2AA16828BFFA224A87FA2BA26827
:1053000028BFFA231387A368D3F874329A0603D50B
:105310001949606924F0D4F800206FE786F8563107
:10532000A6E703EB8303303901EB4301B5F5807F3A
:105330008BB2CAD19CE7013502EB8202ADB23038A4
:1053400000EB4200B5F5807F82B2CDD190E72B44CF
:105350000135ADB2092D83F856217FF677AFA368EA
:10536000002283F8562183E7B8B00300CDB00300D4
:10537000304C030021B10300344C0300E7B00300BC
:1053800008B5044823F05CFCBDE80840024823F05F
:1053900057BC00BFE9B503001EB60300014822F068
:1053A0004DBB00BF1C58030038B5044618B90F4B5D
:1053B0000F485B6898476168B1F5683F10D0B1F558
:1053C000680F0DD00B4DA9420AD011F46861206816
:1053D00007D0014608482EF08EFC0023236065604C
:1053E00038BD14222EF0F6FFF9E700BF500600206A
:1053F0004CB603002C5F5CA99C5A002008B520B372
:105400004368B3F5683F10D101220368BFF35B8F97
:1054100053E8001F002903D143E800200028F7D1FA
:10542000BFF35B8F0DD1002008BD094A93420AD01B
:1054300000684FF0FF324FF0FF3321F097F800285B
:10544000F1D00448F0E70448EEE76FF4E040EBE702
:105450002C5F5CA9E98FFFFFEA8FFFFF08B5D8B189
:105460004368B3F5683F10D100220368BFF35B8F38
:1054700053E8001F012903D143E800200028F7D199
:10548000BFF35B8F0BD1002008BD074A934208D0C1
:10549000006821F0E3F8F6E76FF4E040F4E7034832
:1054A000F2E70348F0E700BF2C5F5CA9E98FFFFF3C
:1054B000EA8FFFFF10B5044618B91D4B1D485B6805
:1054C00098476368B3F5683F2FD0B3F5680F2CD0C9
:1054D000194A934219D1236803BB18484FF0FF3291
:1054E0004FF0FF33214620F053FF08B923681BB962
:1054F0000F4B13485B6898472068142200212EF058
:1055000069FF4FF46863636008E0B3F5683F0DD846
:105510003A2B03D040F6BA629342DED120682EF0D7
:1055200042FC636843F03A03636010BD054AF3E749
:10553000500600204CB603002C5F5CA99C5A00204A
:1055400072B603003A00003A08B5064906484023FF
:1055500014222EF0C2FBBDE808400449044822F0A2
:10556000DFBA00BF9C5500209C5A0020245803003D
:1055700038580300F0B5074687B00D46002945D0DE
:105580002F4E33685A0741D08B6805934B680493BC
:105590000B68039300242B4B0293CDE90044234670
:1055A00001223146204624F055F833685B072DD0A0
:1055B0006B6905932B690493EB680393224B00946A
:1055C000CDE90143204623460122314624F042F82A
:1055D000336858071AD0EB6903931C4B0094CDE94C
:1055E0000143314623460122204624F033F8336834
:1055F00059070BD0AB690393154B0094CDE90143D8
:10560000012223463146204624F024F8012F10D1F0
:10561000EFF305830A490A6852070AD0103B039347
:105620000C4B02930023CDE900333A46184624F090
:1056300011F82946384607B0BDE8F04020F0ACBC70
:10564000440700209FB60300CEB60300FDB603005A
:105650000CB703003AB7030030BFFFF7FDBF00BF30
:105660002DE9F0410B4EDFF8308006EB0807CC1B2C
:1056700005463246094920462EF084FEA0194246CE
:105680000021083C2EF0A6FEC5F8A84007F108004E
:10569000BDE8F0810000000008000000A84B0300F6
:1056A000074A936893F90E10002907DB5269934269
:1056B0001FBF044A536843F080535360704700BFD4
:1056C000A4E5002000ED00E07FB5504C23680646BD
:1056D00058070D4609D04E4B02930023CDE9003305
:1056E00001222146184623F0D0FF4A4B9B6AD90479
:1056F00078D523685A0709D0474B02930023CDE998
:10570000003342490122184623F0BFFF1720414BC6
:105710009B6A1B050DD52368590709D03F4B02939F
:105720000023CDE9003339490122184623F0ADFFAB
:105730001820384B9B6A9A0526D523685B0709D049
:10574000374B02930023CDE900333049012218463C
:1057500023F09BFF2F4B9A6B9B6A180413D5236889
:1057600059070AD02F4B029300230392CDE900334F
:1057700026490122184623F088FF26B1254A936A5C
:1057800023F4004393621920224B9B6A5B050DD5DD
:1057900023685E0709D0244B02930023CDE9003330
:1057A0001A490122184623F070FF1A20194A936AF9
:1057B00013F4807318D02368580709D01B4B029349
:1057C0000023CDE9003311490122184623F05DFF83
:1057D0001B20104A936A43F47F43936200232B708B
:1057E00004B070BD162092E7926A9104F1D5226848
:1057F000520708D00E4A05490093CDE901321846F8
:10580000012223F042FF1C20E3E700BF44070020F1
:105810004DB7030000ED00E063B7030074B7030069
:1058200087B70300A0B70300B5B70300D0B70300E4
:10583000E8B703001FB5424C23685A0709D0414B13
:1058400002930023CDE9003301222146184623F0BC
:105850001CFF3D4B9B6A9B0170D52368580709D0FC
:105860003A4B02930023CDE9003335490122184613
:1058700023F00BFF1E20344B9B6AD9010DD5236802
:105880005A0709D0324B02930023CDE900332C494B
:105890000122184623F0F9FE1F202B4B9B6A1B03A5
:1058A0000DD52368580709D02A4B02930023CDE970
:1058B000003323490122184623F0E7FE2120224B22
:1058C0009B6A59030DD523685A0709D0224B0293CE
:1058D0000023CDE900331A490122184623F0D5FEF2
:1058E0002220194B9B6A9B030DD52368590709D0C9
:1058F0001A4B02930023CDE90033114901221846C7
:1059000023F0C3FE2320104B9B6ADA030DD52368D6
:105910005B0709D0124B02930023CDE900330849FD
:105920000122184623F0B1FE2420074A936A6FEA49
:1059300003436FEA1343936204B010BD1D209AE73E
:105940004407002017B8030000ED00E02FB8030063
:1059500042B803005CB803007AB803009FB80300A4
:10596000B9B803002DE9F043594D2B688946590712
:1059700085B08046174609D0564B02930023CDE9E7
:10598000003301222946184623F07FFE524B9B6AC2
:10599000DA064DD52B685B0709D0504B02930023E4
:1059A000CDE900334A490122184623F06EFE112446
:1059B000494B9B6A1E070DD52B68580709D0484BE9
:1059C00002930023CDE9003341490122184623F018
:1059D0005CFE1224404B9B6A99072BD52B685A0713
:1059E00009D0404B02930023CDE90033384901220E
:1059F000184623F04AFE384B5E6B9B6A1B0663D544
:105A00002B685C070AD0384B02930023CDE90033A2
:105A10002F4903960122184623F037FEB9F1000FF3
:105A200004D02D4A936A23F080039362132403E089
:105A30001024BDE76FF01506274B9B6AD8070DD5DC
:105A40002B68590709D0294B02930023CDE9003375
:105A50001F490122184623F018FE14241E4B9B6A8E
:105A60009A060DD52B685B0709D0214B02930023C2
:105A7000CDE9003316490122184623F006FE15240D
:105A8000154B9A6AD50602D49A6A90070AD55B68C4
:105A9000190507D54146304600F0BCFA10B180F335
:105AA000098802240C4B9A6A920642BF5A6A22F471
:105AB00000525A629A6A42F0FF029A62204600231C
:105AC0003B7005B0BDE8F0836FF01506AEE700BF90
:105AD00044070020E4B8030000ED00E0FAB803003A
:105AE00074B703002DB9030045B903005BB9030087
:105AF000E8B70300F0B5874B5F6891B00446C7F381
:105B00000806002383F31188BFF36F8F02F07F40F4
:105B1000B0F17F4F0FD102F00C00082820D17E4950
:105B20000A68500707D07D4A0093CDE90132184634
:105B3000012223F0AAFD00252C4600238DF81F30FA
:105B4000F31E092B00F2C980DFE813F01000B30048
:105B5000B700AF00C700C700C700C700C700BB0041
:105B6000120746BF0C461D460125E6E76A4E33681C
:105B70005F0709D06A4B02930023CDE9003301226D
:105B80003146184623F081FD624800218DF81F1030
:105B9000C36A13F002030ED03368580709D0614B73
:105BA0000091CDE901130B465B490122184623F011
:105BB0006CFD00224CE0C26A002A07DA3268520704
:105BC000F7D0594A0093CDE90132EDE7C26A570098
:105BD000EFD53268500708D0544A4F490093CDE9B9
:105BE00001321846012223F050FD4A4BA1695A693F
:105BF00042F480725A61BFF34F8FBFF36F8F5A69BF
:105C000031F8021C22F480725A61BFF34F8FBFF348
:105C10006F8F4DF6027291420AD09A6AD2B2002A70
:105C200035D00DF11F0201212046FFF79BFE3EE01B
:105C3000336859070BD0236803933D4B029300232D
:105C4000CDE9003334490122184623F01EFD2268B5
:105C50009DF81F30CBB908AE04F1200720686168B9
:105C6000334603C30834BC421E46F7D10F9B002DB8
:105C70004BD0C3F3080121B96FEA53236FEA4323E2
:105C80000F9308A91046FFF775FC11B0F0BD9A6A92
:105C900012F47F4F05D00DF11F010120FFF714FD15
:105CA00005E09B6AB3F5803F83D3FFF7C3FD02464F
:105CB000CEE70DF11F020021B6E70DF11F01002014
:105CC000ECE715490B685A073FF473AF194B029381
:105CD0000023CDE90033012268E70F490B685B0719
:105CE0003FF467AF144A154B17F4F87F18BF1346FB
:105CF000103ECDE90336124B02930023CDE9003369
:105D00000122184623F0C1FC53E723F4FF7323F06C
:105D10000103B5E700ED00E044070020A8B9030047
:105D2000D3B90300EAB903000BBA030019BA0300A0
:105D300038BA030054BA03008FB903007AB90300DC
:105D400078BA0300044B5A6942F010025A615A694A
:105D500022F008025A61704700ED00E0EFF308807E
:105D6000EFF3098101B57246FFF7C4FE01BD00BF24
:105D7000002080F31488BFF36F8F134880F30888E6
:105D800009F076FB002011490860BFF34F8F00F047
:105D900033F8202080F311880D484FF0AA014FF40A
:105DA00004622DF07BFF0A484FF40461401880F331
:105DB0000988EFF314800221084380F31488BFF3AD
:105DC0006F8F00F0EFF8000080E4012094ED00E018
:105DD000C05A01200749D1F890200023C2F30722BE
:105DE0001846934200DB7047C1F89830C1F8A00014
:105DF0000133F6E700ED00E008B572B6002383F347
:105E00001388FFF7E7FF144B4FF0FF32C3F88020F1
:105E1000C3F88420C3F88820C3F88C20C3F89020EE
:105E2000C3F89420C3F89820C3F89C20C3F88021BD
:105E3000C3F88421C3F88821C3F88C21C3F89021CA
:105E4000C3F89421C3F89821C3F89C2162B6BFF32C
:105E50004F8FBFF36F8F08BD00E100E0084B9B68D8
:105E600083420BD1EFF3058343B1064B5A6842F0EE
:105E700080525A605A6A22F400425A6221F09EB956
:105E8000A4E5002000ED00E016498A684FF03000DC
:105E90001044EFF3098C80E8F01F202080F3128873
:105EA000BFF36F8F104F4FF000664A698A603E6003
:105EB0004FF0A804141920680C4C2060D2F8AC00F4
:105EC0000023C2F8AC3080F3118804B5104600F00E
:105ED00009F9BDE8044002F1300090E8F01F8CF3AE
:105EE00009887047A4E5002004ED00E0B85A0020BE
:105EF0001EF0040F0CBFEFF30880EFF309808169F7
:105F000011F8021C0229FFD001B5724623F0B2FB42
:105F100001BD00BF40B2002807DB044A410901234C
:105F200000F01F00834042F82130704700E100E09C
:105F300040B200280CDB4309064900F01F00203363
:105F40000122824041F82320BFF34F8FBFF36F8FB0
:105F5000704700BF00E100E0054B420900F01F0060
:105F600053F82220012303FA00F01040704700BFCD
:105F700000E100E040B20028A8BF00F1604001F15C
:105F80000101B8BF064B4FEA4111ACBF00F56140BB
:105F900000F00F00C9B2B4BF195480F80013704765
:105FA00014ED00E00B4A08B50B4B22F07F029A601B
:105FB000BFF34F8FBFF36F8FD3F8882022F47002A6
:105FC000C3F8882020F0D4F821F05EFA00F060F8E1
:105FD00020F04EF90000000000ED00E042F8203C07
:105FE000009B42F81C3C0A49019B42F8183C029B6A
:105FF00042F8143C21F001014FF0807342F8043C58
:1060000042F8081C0023203A0265C0F8AC30704703
:10601000753700000A4A0346906878B113F1160FED
:10602000D0F8980005D0A0F140029A4205D88342EA
:1060300003D2814228BF002070470020704700BF74
:10604000A4E5002008B515460A4A0B4B9060D0F82D
:10605000A8201A600E4600F045F82C4686F3098801
:106060000020064B98472046002100220023044CC4
:10607000204700BFA4E50020B85A0020B3960200D4
:1060800075370000014B10221A61704700ED00E0E7
:10609000044800232021C2180133302B82F800135A
:1060A000F9D1704700E100E008B5EFF30583064A37
:1060B000103B02EBC30152F8330049688847BDE842
:1060C0000840FFF7EDBA00BF5C460300024B034AED
:1060D0000348012100F09CB80000042000000020CB
:1060E00048580300D0F89820054B403A1A60054AFA
:1060F0004021C3E901121846012100F093B800BF06
:10610000BC5A002000000B151FB5154AD2F890307C
:10611000C3F30723013B984212D912490B685B076E
:1061200009D0114B029300230390CDE900330122E3
:10613000184623F0F1FA6FF0150005B05DF804FB86
:10614000C2F898000B6823F01F03034343F01003C9
:10615000C2F89C308B6843F00103C2F8A030ECE732
:1061600000ED00E03C0700208FBA0300F0B50E46BA
:1061700089B01F4604460025B54215DA606850B361
:10618000D7B1431E184212D014490B685B0709D0DF
:10619000134B02930023CDE90033039501221846E7
:1061A00023F0BAFA6FF01502104609B0F0BD1F28AF
:1061B000EAD921680B42E7D12368059323F09CFAC2
:1061C000A36805A90343D0B20793FFF79DFF10F121
:1061D000160FE7D0421C01350C34CDE73C070020F8
:1061E000B5BA0300044B0522C3F89420BFF34F8FC8
:1061F000BFF36F8F704700BF00ED00E0BFF35F8F0C
:10620000024B0022C3F89420704700BF00ED00E06D
:1062100010B5034C01232278FFF7A8FF207010BDB2
:10622000C9E7002008B50B4A00231278FFF79EFF4C
:1062300010F1160F07D0084A0021D2F89030C3F3AE
:106240000723984200DB08BDC2F89800C2F8A010EE
:106250000130F2E7C9E7002000ED00E02DE9F0434E
:1062600057485849D0F890300D68C3F307239D4232
:1062700085B000F2A180FFF7C1FF49680022954276
:1062800001F10C011AD1504C504F25706846FEF7B1
:106290003DF8DFF83C81DFF83C9106460025AE4230
:1062A0001FD1237846490020D1F89020C2F307225D
:1062B00093427BDBFFF796FF00204CE0C0F898206C
:1062C00051F80C3C23F01F03134343F01003C0F8B4
:1062D0009C3051F8043C43F00103C0F8A030013277
:1062E000CDE7009800EB05114FEA051CCB683B4059
:1062F000B3F5000F44D00AD8B3F5001F2ED0B3F584
:10630000800F34D0B3F5801F10D00135C7E7B3F14B
:10631000807F3ED0B3F1007FF7D150F80C30886811
:106320004A6823F0E9F940F4802009E050F80C3085
:1063300088684A6823F0E0F940F0885040F4302043
:10634000039001A92078CDE90123FFF7DDFE0028A5
:1063500028DA6FF0150005B0BDE8F08350F80C3076
:1063600088684A6823F0C8F940EA0800E8E750F86E
:106370000C3088684A6823F0BFF940EA0900DFE77B
:1063800050F80C3088684A6823F0B6F940F0827003
:10639000D6E750F80C3088684A6823F0ADF940F031
:1063A0008870CDE7237801332370AEE7C1F89830C9
:1063B000C1F8A000013377E74FF0FF30CBE700BF13
:1063C00000ED00E054580300C9E700200000F0FF92
:1063D0000000081100000202F0B587B007460E4623
:1063E00014460021102268461D462DF0F3FF0223BB
:1063F0008DF802302A46054B019321466846CDE9C7
:10640000047621F029FD07B0F0BD00BF39970200E6
:1064100008B50649064821F00701C1F1005202F50E
:10642000802222F084FB002008BD00BF5F8B022089
:10643000C85A002008B500F0B7F80A4941610A4976
:106440000122C0E900220A6008490A60084A0023C4
:106450001360084A03611360C0E90233064A1360FF
:1064600008BD00BFB9C303002C050020280500208B
:10647000DC5A0020D85A0020D45A00202DE9F041DF
:1064800007460E46154600F08FF8C36804461BB950
:1064900043691A78002A41D10023E3606368BB4254
:1064A00056F8232008DB324B6361204600F062F887
:1064B0004FF0FF30BDE8F081511C616192F800801F
:1064C000B8F12D0FEFD1911C61615178A1602D2998
:1064D00004D192786AB901336360E4E749B9244B87
:1064E0006361414628462DF07DFF0028DDD0C4F8C9
:1064F0000880D4F80880284641462DF073FFB8F193
:106500003A0F636900D070B91B7813B9636801331F
:106510006360204600F02EF83F20CBE75A1C426112
:106520001B788360E5E742783A2A0BD0002222618B
:106530001B7813B9636801336360204600F01AF8D2
:10654000A068B7E718786268094928B9013297420C
:10655000626004DD56F82230C4E90431EAE7616183
:106560002D783A2D2046D5D100F004F82846A1E731
:10657000B9C30300074B02681A60074B42681A60F0
:10658000064B82681A60064BC2681A60054B0269A6
:106590001A6070472C05002028050020DC5A0020D6
:1065A000D85A0020D45A0020004870471005002017
:1065B0000E4A0123C2F840354FF080424FF080511F
:1065C000C2F87835D1F83001082808D1D1F8341153
:1065D000052904D80648415C09B1C2F838364FF0A5
:1065E00080430122C3F880250020704700E001406D
:1065F000EEBA030020B1034B800143F001031847BA
:10660000704700BF704C0300BFF34F8F0549064B26
:10661000CA6802F4E0621343CB60BFF34F8F00BF40
:10662000FDE700BF00ED00E00400FA05024B1B6827
:1066300003B11847FF207047E45A00200A4B0B4A69
:106640000020C3E900000A4B1A600A4A5A600A4A4D
:106650009A600A4ADA600A4B0A4A9860C3E9002045
:10666000094ADA60704700BF085B00208D680000AF
:10667000F85A0020C96700008D66000045970200A7
:10668000E85A00202D6600004797020070B5447854
:106690008EB00546CCB1274E33685B070DD020463F
:1066A00000F040FB244B02930023CDE9003303901C
:1066B00001223146184623F048F8204B6A781A70B8
:1066C0001F4820F01BF80EB070BD0378052B18D0C2
:1066D000092B26D0012BF0D1072304A88DF8103008
:1066E00004F0FEFA13490B6803F00703022BE4D908
:1066F000059B0393134B0094CDE9014303222346EA
:10670000D8E70C490B6803F00703022BD5D90E4BD1
:106710000094CDE9014303222346204623F015F8D7
:10672000CBE704490B6803F00703022BC5D9074BDD
:10673000EEE700BF30070020F8BA0300CAE70020E8
:106740009409002010BB03002EBB03004EBB0300C6
:1067500030B5144C8FB02D23054604A88DF81030A9
:1067600004F0BEFA9DF914302278934200D1B5B1FD
:10677000D8B20D4B20701B6803B198470B490B68CA
:1067800003F00703022B0AD923780393084B0293E3
:106790000023CDE900330322184622F0D6FF0FB0C4
:1067A00030BD00BFCCE70020E05A002030070020B9
:1067B0005EBB0300034BBFF35B8F1868BFF35B8FB7
:1067C000704700BF105B00202DE9FF41427804466E
:1067D000A2B12A4C23685D070DD0104600F0A2FA42
:1067E000274B029300230390CDE900330122214679
:1067F000184622F0AAFF04B0BDE8F081FFF7DAFFE7
:10680000C00702D51046FFF7A3FFFFF7D3FF8107AC
:106810000ED4237F63B1BFF35B8F1A4B53E8001F85
:1068200041F0020143E80012002AF7D1BFF35B8F69
:106830006179237F4A1E5142514141EA4301124B83
:106840001D68CFB2002DD6D0083D4FF6FF782B88BB
:10685000E078434501D083420AD1A3680193237BAA
:1068600000936E6894F91030B4F90E203946B047A1
:10687000AD68002DBFD0083DE9E700BF300700201C
:1068800076BB0300105B0020085B002030B5044697
:10689000407885B080B1104D2B685A070CD000F0BD
:1068A00041FA0E4B029300230390CDE900330122FD
:1068B0002946184622F049FFFFF77CFFC30702D59F
:1068C0000020FFF745FF064B62781A70054805B0B7
:1068D000BDE830401FF012BF3007002091BB03001D
:1068E000CBE700207C090020F0B504469FB04FF0B4
:1068F000FF324FF0FF336C481FF038FE01261D2396
:106900000AA88DF828308DF82C6004F001FB257D55
:10691000002D71D1654B8DF814601B788DF81930FE
:106920000227342314A88DF818708DF8503004F025
:10693000D7F958B35E490B68580708D05D4B0095EE
:10694000CDE9015332462B46284622F0FEFEEA24CA
:10695000574D2B685A070DD0204600F0D7F9564BFB
:10696000029300230390CDE9003301222946184603
:1069700022F0EBFE204600F0E1F9044600287CD02E
:1069800049481FF06BFE20461FB0F0BD159BA28941
:106990009A802369159314A88DF8507004F0B8FA02
:1069A00003238DF8503014A82368159304F0B0FA2F
:1069B00009238DF8503014A86368159304F0A8FAE1
:1069C00008238DF8503014A8A368159304F0A0FA9A
:1069D00005A804F0C3FD04460028B9D14FF0FF33E9
:1069E00036484FF0FF321FF0BDFE354B18780028B7
:1069F00043D000F0B5F9C0E7012D51D135238DF812
:106A0000503014A82F4B159304F082FA06238DF80A
:106A1000503014A80023159304F07AFA07238DF858
:106A2000503014A82368159304F072FA0C238DF8E3
:106A3000503014A8A368159304F06AFA0D238DF85A
:106A4000503014A8A368159304F062FA0E238DF851
:106A5000503014A8A368159304F05AFA0F238DF848
:106A6000503014A86368159304F052FA14A88DF8F6
:106A700050508DF8545004F04BFAFFF79BFEC307BB
:106A800009D42D238DF85030084B14A81B788DF8AD
:106A9000543004F03DFA0120FFF75AFE00246FE75E
:106AA0006FF015046CE700BFD0070020CDE7002091
:106AB00030070020A9BB0300C3BB030094090020DA
:106AC000CAE700200003000100B58BB00246FFF7C3
:106AD00071FE00F00100824219D0BFF35B8F124BB0
:106AE000C2B153E8001F41F0010143E80012002A3F
:106AF000F7D1BFF35B8F05238DF80030FFF75AFE07
:106B000000F001008DF80400684604F001FA0BB0B3
:106B10005DF804FB53E8001F21F0010143E8001277
:106B2000002AE6D0F6E700BF105B0020F0B507466C
:106B30008BB015461C460E4609B9002A68D1364866
:106B40004FF0FF324FF0FF331FF010FD04A928462D
:106B500004F064F8002839D0304C23685A070CD070
:106B600000F0D4F82E4B029300230390CDE90033BC
:106B700001222146184622F0E8FD00238DF814304A
:106B80000793ADF82030012505A88DF8223005F0D7
:106B9000E3FB044650B3214D2B685B070CD000F09B
:106BA000B5F8204B029300230390CDE90033012276
:106BB0002946184622F0C9FD204600F0BFF80446D9
:106BC00015481FF04BFD20460BB0F0BD5CB1012C09
:106BD00009D0154BADF8205093F900308DF818709E
:106BE00007960025D0E78DF81440F2E74FF0FF3309
:106BF0000E484FF0FF321FF0B5FD0D4B187808B16D
:106C000000F0AEF8002D044618BF6FF00A04D7E775
:106C10006FF01504D7E700BFE4070020300700201D
:106C2000D8BB0300FDBB0300CCE700207C0900209B
:106C3000CBE7002000238360054B596800F1080270
:106C400011B9C3E9002270470A605A60704700BF5B
:106C5000085B0020014B1860704700BFE05A00201D
:106C600070B5224E22493278224892B003F00CFED1
:106C70000546A0B1204C23685A070CD000F046F816
:106C80001E4B02930023CDE90033039001222146DD
:106C9000184622F05AFD6FF0150012B070BD03F0D7
:106CA000B3FF044660B1144C23685B07F3D000F0D7
:106CB0002DF8134B0390CDE9015300952B46E5E7E2
:106CC000062306A930788DF8183023F05AFD0D4BB5
:106CD000C0B218700C4B187030238DF8203008A803
:106CE0001423099304F014F92046D6E7D0060020B7
:106CF000E85A0020F85A00203007002015BC030095
:106D000036BC0300CDE70020CCE7002017289ABF4F
:106D1000024B53F820000248704700BF505903004F
:106D200064BC03000F289ABF024B53F820000248AE
:106D3000704700BF1059030074BC030016280346B7
:106D400008D8064A52F8200030B9002B18BF6FF05F
:106D5000150070476FF01500704700BFB45803006E
:106D60000F28034608D8064A52F8200030B9002BF5
:106D700018BF6FF0150070476FF01500704700BF27
:106D80007458030001481FF049BE00BF30050020C1
:106D9000014B186059607047145B0020024B1A6861
:106DA0005B6802600B607047145B002008B522F03E
:106DB000EDFC024B1B68C01A08BD00BF1C5B002025
:106DC00001482DF08AB900BF7007002007B50146C1
:106DD00040F2E7304FF47A72002300EBC130490CE7
:106DE000F9F712FB02460B4600210020CDE9000115
:106DF000024820F0EFFC03B05DF804FB70070020B0
:106E000008B522F0C3FC014B186008BD1C5B0020D4
:106E1000014B1868704700BF1C5B002010B5124C76
:106E2000BFF35B8F022354E8002F012A03D144E80B
:106E300000310029F7D1BFF35B8F0CBF0120002088
:106E400010D10A4BDB6A9847002344F8403CBFF35B
:106E50005B8F54E8002F44E800310029F9D1BFF3DB
:106E60005B8F012010BD00BF645B0020D05A03007F
:106E700010B5064B5C68FFF7D1FF30B12CB1002193
:106E80002046BDE8104020F037BD10BD205B00203B
:106E900013B50D4BD3E901433BB10C4B5B6B019335
:106EA000002002B0BDE810401847FFF7B7FF40B11F
:106EB0003CB16FF00401204602B0BDE8104020F064
:106EC0001BBD02B010BD00BF205B0020D05A0300E4
:106ED0002DE9F347284C9A46D4E9019307460D461D
:106EE000164683B1254B00205B6B9847E368CDE9DC
:106EF00000A32A46D4F80880206833463946C047A4
:106F000002B0BDE8F08704F144020223BFF35B8FB7
:106F100052E8001F012903D142E800300028F7D1D0
:106F2000BFF35B8F9046EBD1E36C1A78AA4288BF1F
:106F30001D70E36CA06C1A7839462DF023FA236D8E
:106F400003B11E80636D0BB183F800A00B4BDB6AAD
:106F5000984700216160BFF35B8F58E8003F48E825
:106F60000012002AF9D1BFF35B8F484602B0BDE89A
:106F7000F04720F0C1BC00BF205B0020D05A0300C6
:106F8000F0B5044687B000680D462CF04CFE034671
:106F900090B923490A68560709D0226812680392FB
:106FA000204A0090CDE90102012222F036FC6FF068
:106FB0001205284607B0F0BDE388206821792B43ED
:106FC000DD02D0F808C0076906D513F4402F03D0BE
:106FD000DA0748BF83F440233D68012623F480127A
:106FE0008E40DB074CBF3543B5433D60DCF80030D5
:106FF000984705460028DCD009490B685B07D8D0C4
:1070000005902379049323681B680393064B02932E
:107010000023CDE900330122184622F0FEFBC8E729
:1070200068070020FCBE030015BF030070B50D46C5
:107030000F49BFF35B8F012051E8004F002C03D1B3
:1070400041E80006002EF7D1BFF35B8F0CD1094E4B
:1070500041F8403CD4B2736D214698472846B36A44
:1070600021469847002070BD6FF00F00FBE700BF7E
:10707000645B0020D05A03002DE9F04700258EB054
:1070800005ACDFF8C4900746884692462946102290
:1070900009A80126CDE90544CDE907552DF09AF957
:1070A0008DF83160D9F834300D94002B49D0234647
:1070B000524641463846FFF7B9FF041E3DDB5FFAF2
:1070C0008AF2CDE901520396B9F83C301F4C009387
:1070D00099F83A3099F8392099F83810646A3046AE
:1070E000A047014640F2E7304FF47A72002300EBEC
:1070F0000140C1F30E41F9F787F902460B463146CC
:1071000009A820F0A1FB041E17DA11490B685B07E0
:1071100008D0104B0095CDE9015332462B46284646
:1071200022F07BFBFFF77AFE38B94FF0FF324FF0C9
:10713000FF33012109A820F087FB20460EB0BDE8EF
:10714000F0876FF01504F8E7205B0020D05A0300A9
:107150006807002035BF0300F0B591B000248DF81A
:10716000172007AD0F46102221460BA8CDE9075581
:10717000CDE9094401262DF02DF9304B8DF8396009
:107180000F95BFF35B8F53E8002FA24203D143E872
:1071900000610029F7D1BFF35B8F4BD10DF11702CE
:1071A00043E910549A60264D189ADA60199A1A61C8
:1071B0005F60FF216B6D304698476B6B20469847A8
:1071C000DDE9162331460BA820F03EFB051E1FDA31
:1071D000FFF724FE50B94FF0FF324FF0FF33314636
:1071E0000BA820F031FB9DF817500EE015490B68F5
:1071F00003F00703022B08D9134B0094CDE9014398
:1072000003222346204622F008FB284611B0F0BD99
:107210000A9B002BE7DA0B490B685B0708D00B4B86
:107220000094CDE9014332462346204622F0F5FA88
:107230000A9DEAE76FF00F05E7E700BF645B0020F7
:10724000D05A03006807002051BF030061BF03004C
:1072500010B529B9FFF7E2FDD8B96FF0150010BDE0
:107260000E4BBFF35B8F012053E8004F002C04D17D
:1072700043E8000CBCF1000FF6D1BFF35B8F0AD1DD
:10728000074C43E90F12636DFF219847636B0020A1
:1072900098470020E3E76FF00F00E0E7645B002011
:1072A000D05A0300F0B52C4DBFF35B8F8BB00C466A
:1072B000012755E8003F002B03D145E80072002A62
:1072C000F7D1BFF35B8F43D1244E2068F368984712
:1072D000E37A4BB32346103D04F110071868596850
:1072E0002A4603C20833BB421546F7D14FF47A63EE
:1072F000089300220120237B0793CDE90522CDE9E5
:10730000032023890293A379019363790093F5699C
:10731000237994F90A10A847B36D607B9847FFF76B
:107320007DFD00200BB0F0BD0997227BB569CDE94A
:107330000732CDE90533CDE903330A2202922289CF
:10734000CDE900323846A37962792179A847E3E78D
:107350006FF00F00E6E700BF645B0020D05A030027
:1073600038B5084611461A460B4BBFF35B8F012414
:1073700053E8005F002D04D143E8004CBCF1000F3E
:10738000F6D1BFF35B8F04D1044BDB6B9847002031
:1073900038BD6FF00F00FBE7645B0020D05A03009C
:1073A00038B5114BBFF35B8F002453E8002F43E83F
:1073B00000410029F9D1BFF35B8F0C4943F8341C1D
:1073C0000B490C4D43F82C1C0B4943F8241C0B496A
:1073D00043F8301C2A6843F8440CA3F1340090476A
:1073E000EB6A9847204638BD645B0020716E000050
:1073F000D16E0000D05A0300916E0000399802004F
:107400001FB5114CE36973B910490A6812F0060FF1
:1074100007D00F4A0093CDE901321846022222F02C
:107420000DFA04B010BD002098470A4B1B6E03B143
:10743000984794F82030002BF3D0034804B0BDE8FF
:10744000104000F065B900BF785B002064070020A1
:107450007DBF0300D05A0300F0B54FF4B011476868
:1074600085B006462748FFF78BFD0546002846D124
:10747000254926482CF0C0FC304600F073F904463C
:1074800078B123490B68580708D0224B0095CDE905
:10749000015301222B46284622F0D0F9204605B0A0
:1074A000F0BD38682CF0BFFB78B919490B685A0752
:1074B00008D0194B02930023CDE90033012218466E
:1074C00022F0BCF96FF01204E8E7F86818B12CF06C
:1074D000AAFB0028E9D03046FFF762FF051EDDDA7F
:1074E0000B490B685B0708D00C4B02930023CDE9D6
:1074F00000330122184622F0A1F92C46CEE76FF0A6
:107500000404CBE7D459030001740000845B00201D
:1075100064070020ACBF0300CABF0300DFBF030045
:10752000024801220A2122F098B900BFCC4503008D
:10753000024800220A2122F090B900BFCC45030086
:10754000014B93F820007047785B00200346034806
:1075500080F820300BB900F0F5B87047785B002058
:10756000014BD861704700BF785B002010B5044C18
:10757000204600F09BF8012384F8203010BD00BFA6
:10758000785B002010B5054C204600F0A9F800B942
:1075900010BD002121202CF010FDF5E7785B0020C4
:1075A00070B590B00D46DDE91461CDE90A3108AB44
:1075B000CDE90802CDE90C5204930CAA022304463B
:1075C000CDE90E61CDE90623059322F037FB134880
:1075D000EDB9E6B9836812491D6804AA3346A84785
:1075E00000280DDA0F490B685B0709D00E4B029398
:1075F00000230390CDE900330122184622F01EF942
:107600002378842B01D0FFF7BDFF10B070BD8368D5
:1076100003491D68014806AB04AAE0E7FC450300E6
:10762000C05903006407002002C0030070B5174D65
:107630008AB0284600F06CF8C023ADF8143005ABD2
:10764000069302230793012406AB0893099410487C
:107650001049836808AA1E680023B04700280FDA83
:107660000D490B685B0709D00C4B02930023039074
:10767000CDE900332246184622F0E0F80AB070BD8A
:10768000FFF780FF85F82040F8E700BF785B002017
:10769000FC450300C05903006407002002C003003A
:1076A000014800F029B800BF785B002010B50B4CF2
:1076B00001220321204622F0B9F900214FF4247061
:1076C0002CF07BFC00220321204622F0AFF94FF47E
:1076D000A470BDE8104000212CF06FBCE44503000D
:1076E00008B51F21034822F076F9003818BF0120A1
:1076F00008BD00BFE445030008B51321034822F08C
:107700006AF90028D4BF0020012008BDE445030029
:1077100010B40B4883689C697CB103691B6813F43F
:10772000002FA44618BF4FF0007310BC08BF4FF0E5
:1077300080634FF0A0721321604710BC704700BFF8
:10774000E445030010B4064883689C6934B1A4463C
:10775000002310BC4FF400121321604710BC704787
:10776000E445030030B54FF4D01105691D4885B0DC
:1077700022F012F978B11C490B685A0708D01B4B4C
:1077800002930023CDE900330122184622F03EF98E
:107790006FF0040422E016484FF4803122F0FCF828
:1077A0000028E8D113484FF4803122F0F5F8044660
:1077B0000028E0D1104B11486B604FF40023AB6000
:1077C0008368DB692BB908490B685B07E0D00C4B79
:1077D000D6E70122294698470028F4DB204605B069
:1077E00030BD00BFEC5903006407002045C0030012
:1077F000E4590300DC590300FF990200E44503004B
:1078000060C00300074B08491A6843F2390001FBC6
:10781000020018606FF00043B0FBF3F3C3EBC373D7
:10782000C01A7047400500206D4EC641014B1860DC
:10783000704700BF4005002030B530B10A4D01440B
:107840004FF0FF33814201D1D84330BD10F8012BF6
:107850005340082243F30004013A2C4092B284EAD8
:107860005303002AF6D1EDE72083B8ED044A1368EC
:107870000BB1002159724361106022F098B900BF2A
:107880009C5B002037B5044601A821F0B7FF6CB11E
:10789000174D2A68134673B9636823600123238157
:1078A0006AB9FFF7ADFA2046FFF7E0FF01A821F023
:1078B000AEFF03B030BD9C42F8D05B69EBE7FFF749
:1078C00075FA236818442B6820601A689042EAD33E
:1078D0005A69596911B95C616161E7E711688842C9
:1078E00002D913465269F4E75C616261DEE700BFCA
:1078F0009C5B0020F8B5FFF78BFA1C4C0546FFF7A0
:107900007FFA2368A3B1471B1E462D1A716929B956
:107910005A692260DA68197242B9FEE70A68BA4207
:107920008CBF521900220A607669EFE71869904708
:10793000002623682BB9206880B9F8BD18699047E4
:10794000F7E71D68FFF732FA8542F4D223685A69D7
:107950002260DA681E72002AF0D1FEE7437A002B1B
:10796000EBD1BDE8F84022F022B900BF9C5B0020BB
:1079700037B5134D044601A821F040FF2B686BB1C9
:1079800064B10022A342227211D1597A5C6961B1BB
:107990005A7244B120462C6022F009F901A821F066
:1079A00036FF03B030BDFFF70BFA2C60F6E71A463E
:1079B0005B69002BF2D09C42F9D163695361EDE71A
:1079C0009C5B002007B5074B1B7840BAADF804005C
:1079D0002BB9022201A940F2BC6021F09DFF03B047
:1079E0005DF804FBD0E7002007B5074B1B7840BAD1
:1079F000ADF804002BB9022201A940F2BE6021F0CB
:107A00008BFF03B05DF804FBD0E7002010B50C4BF2
:107A10001B7804469BB94FF4D76021F0B2FFC4F342
:107A2000002100F0FE0001434FF4D76021F088FFF1
:107A3000E1B240F2B960BDE8104021F081BF10BD55
:107A4000D0E7002013B50446FFF772FD04F00703EA
:107A500014F004048DF8073008BF084B4FF0010202
:107A60000DF107014FF0840008BF1C7021F034FFB6
:107A70000020FFF76BFD02B010BD00BFCEE7002075
:107A800010B50446FFF772FD2046FFF769FDFFF7CA
:107A9000CDFD002022F0F1F821F0F3FE21F0F2FEFE
:107AA000034B00221A70BDE810400120FFF74EBDC5
:107AB000CEE70020134B984207B50BD94EF6E113E1
:107AC000ADF80430022201A9982021F005FF03B08F
:107AD0005DF804FB0C4B984202D94DF6D733EFE723
:107AE0000A4B984202D94CF2C153E9E7084B98423D
:107AF00002D948F27513E3E7064B9842E2D946F6FD
:107B00006B73DDE700E9A43580F8A9328044E52DE8
:107B1000000B6B1B40FC541930B5114C85B052BAA8
:107B2000246803944FF0000440BA49BAADF8082025
:107B300008225BBAADF80400ADF80610104601A9A2
:107B4000ADF80A3021F0C8FE054B1A68039B5A4075
:107B50004FF0000301D02CF06CFA05B030BD00BF2F
:107B6000B48A022037B5104D2B7804461BB9FFF7B5
:107B7000A1FF01232B7043F6095241F68463B4FB45
:107B8000F2F102FB114403EB8433B3FBF2F3042262
:107B900003EB81331BBA0DEB02018620019321F028
:107BA0009BFE03B030BD00BFCEE7002007B5064BFB
:107BB0008DF80700187001220DF107018A2021F0CD
:107BC0008BFE03B05DF804FBD0E70020014B187872
:107BD000704700BFD0E700201FB52A4A2A4B5168E2
:107BE000044610681B6803934FF0000301AB03C306
:107BF000264B20781B78834201D0FFF7D7FF2378EC
:107C000053B1012B35D0204B1A68039B5A404FF0DB
:107C1000000334D02CF00DFA62681D4BB3FBF2F375
:107C20001A0C8DF804201A0A8DF805208DF80630FC
:107C3000A268237B8DF8073043F60951637BB2FBC2
:107C4000F1F08DF8083001FB102241F6846303EB5C
:107C50008233B3FBF1F303EB80331A0C5BBA8DF87C
:107C60000920ADF80A30082201A98B2021F034FE4A
:107C7000C9E72369019304220DEB0201F5E704B083
:107C800010BD00BF384C0300B48A0220D0E70020AA
:107C90000000093D1FB5324A324BD1680446906856
:107CA000127C1B6803934FF000036B4603C31A70EA
:107CB0002D4B20781B78834201D0FFF777FF237884
:107CC00053B1012B38D0274B1A68039B5A404FF011
:107CD000000342D02CF0ADF9637AF12B20D14FF69E
:107CE000FF70FFF76FFE48F20500FFF77DFE0223ED
:107CF0006288A188ADF8021052BAE188ADF8002080
:107D00008DF80730227AA37A8DF80620ADF804109A
:107D10008DF80830092269468C2021F0DDFDD2E77C
:107D2000F22BE5D141F60F50FFF74CFE41F2210056
:107D3000FFF75AFE0623DBE7A3890C4A5BBAADF8CE
:107D40000030A37B13708DF80230E37B8DF8033095
:107D5000238AADF804300622DDE704B010BD00BF71
:107D6000384C0300B48A0220D0E70020CFE700207F
:107D700037B505460C46022201A9132021F0BAFDB1
:107D80000A4B1B78012B0DD1094B1B78012B09D114
:107D900040F2027021F0F5FD9DF805302870237047
:107DA00003B030BD9DF80400F6E700BFD0E7002027
:107DB000CFE7002013B50322044601A9142021F0C7
:107DC00099FD184B1A7822704AB1012A17D0132254
:107DD0000021601C2CF0FEFA0F2323700DE09DF8AB
:107DE000043023719DF80530A2605B425B10A371E3
:107DF0009DF806305B425B10637102B010BD9DF8C8
:107E000004305B425B1023739DF9053002339B10F5
:107E100063739DF806305B425B10A373024B1B68D3
:107E20002361EAE7D0E70020A05B0020034B1B683A
:107E300013B15B6803B11847704700BFC85C0020EE
:107E4000034B1B6813B1DB6803B11847704700BFD1
:107E5000C85C0020014B01221A707047D3E7002054
:107E600008B5FFF76DFB0438C0B2032896BF024B7C
:107E70000020185C08BD00BF90C0030038B50C4658
:107E8000002340F201211A4605460846FFF744FE4A
:107E9000FFF79CFE0C4B01280C480CBF83F8C74031
:107EA00083F8C040FFF7F6FE21462846002221F065
:107EB0000CFF074B0748196821F097FEBDE83840D2
:107EC0000448FFF7DFBC00BFD45B00208C5C0020BF
:107ED000E45C0020BC5B002038B50D461446FFF77B
:107EE00041FE2846074D21F0D0FC21F082FF4FF4DF
:107EF0007A712846614321F078FE2846BDE8384073
:107F0000FFF7C0BCBC5B002073B5574D01A821F042
:107F100075FC2C78002301A82B7021F078FC002C34
:107F200061D021F0C6FF044622F052F801A821F0EA
:107F300065FCFFF7B5FB012808BF287001A821F0F8
:107F400066FCE5070BD54948FFF712FD0120FFF756
:107F5000FDFA474B1B6813B11B6803B19847A00794
:107F600011D54448424EFFF703FD14F0400F424B39
:107F70003BD01B7813B90120FFF7E8FA336813B13F
:107F80001B6903B1984721060AD50120FFF7DEFAE5
:107F9000374B1B6823B19B6913B1C4F3002098478A
:107FA000A2050FD5FFF7CCFA04284CD12F48FFF7D4
:107FB000DFFC0120FFF7CAFA2D4B1B6813B15B6889
:107FC00003B19847A3060ED52A48FFF7D1FC2A4BE8
:107FD0001B7813B90120FFF7B9FA254B1B6813B1C1
:107FE000DB6803B1984702B070BD1D7895B90120D8
:107FF000FFF7ACFA294640F6021021F0A1FC40F64A
:10800000441021F0BEFC40F00201C9B240F6441019
:1080100021F096FC194D1A48FF220DF1030121F0C1
:10802000BEFF2846FFF7C6FE3368002BABD09E6824
:10803000002EA8D095F90D3095F90C209DF803106D
:108040000F48B0479FE7FFF77BFA0528BAD10948E8
:10805000FFF78EFC0120FFF779FA054B1B68002B18
:10806000B0D0DB68ACE700BFD3E70020BC5B0020EA
:10807000C85C0020A45B0020D3E80020CC5C00207A
:10808000D4E7002010B590B10A4B012219461C68B4
:10809000A04206D39C68A04203D201EBC20108793A
:1080A00010BD0132162A03F10803F0D1FEE71F20AC
:1080B000F6E700BF205A03000128094806D1094B02
:1080C00080F8C7101970B830FFF7E4BD90F8BF30E2
:1080D000012B04D1034B80F8C0101970F3E77047EF
:1080E000D45B0020D106002000234FF6FF7110B5AD
:1080F0001A4604460846FFF70FFD34B109482146E9
:1081000021F073FD0748FFF7BDFB074B1B782BB130
:108110006FF07F40BDE8104021F0E0BD034B1868D0
:108120008001F7E7A45B0020D3E80020E05C00209A
:1081300000234FF6FF7110B51A4604460846FFF7B4
:10814000EBFC34B10948214621F04FFD0748FFF709
:1081500099FB074B1B782BB16FF07F40BDE81040B7
:1081600021F009BE034B18688001F7E7A45B0020EB
:10817000D3E80020E05C0020F0B5BDF814409DF885
:1081800018C09DF81CE09DF8205040B1012814D083
:108190000122002398180138B0FBF2F0F0BD8CF0FA
:1081A000010CE30003EBCC0318330EEB450503EBA6
:1081B000C5034FF47A714B43ECE7501F012803F1DC
:1081C000040304D80C2C38BF0C24002706E0C1B9E6
:1081D000A2F10B07012F8CBF002701272801BCF15A
:1081E000000F00EBCE000CBF14250025A0EB820091
:1081F000062A4FEA82062844A2F1020C08D8354626
:108200000BE00129E1D1A2F10C0047424741E5E72B
:108210000830002FF3D04FEA8C050028ACBF2E1891
:108220002E1C701E90FBF5F003FB0044094B062A40
:108230005A5C8CBF0C340E340A2A0AD8A3000133CE
:108240004FF47A7103FA0CF34B43034951F822209F
:10825000A0E7FFDE94C00300F45903000D4B10B5F6
:1082600004461870587000F017F85CB134214FF4D0
:10827000E86021F065FB4421BDE8104040F2417008
:1082800021F05EBB14214FF4E86021F059FB24215A
:10829000F2E700BFD1E7002008B50120FFF786FC18
:1082A000054B18785A78824204D05870BDE80840CF
:1082B000FFF7D4BF08BD00BFD1E70020012808B5F3
:1082C00006D00020FFF772FC034B00225A7008BD55
:1082D000BDE80840FFF7E0BFD1E700202DE9F04FEF
:1082E00087B089469DF8541000919DF86410724C37
:1082F0009DF84CA0BDF84870DFF8C0B1BDF84460EF
:108300000029246805944FF0000418BF00276C4C26
:10831000BAF1000F15469DF85020217008BFFF22CA
:108320008BF80020804658B101285BD0624B1A6858
:10833000059B5A404FF0000300F0BB802BF079FE04
:10834000604C21F061FD0B234FEA490084F8EC30CA
:1083500084F8E080C4F8E450FFF794FE41F604038B
:10836000A4F8BC309BF8003084F8C030009B84F83F
:10837000ED00002B0CBF0123F22384F8C130F6007E
:1083800001238AF0010A84F8C23084F8B880A4F886
:10839000BA6084F8BE8084F8BFA021F027FE94F86C
:1083A000E000003818BF0120FFF788FF04F1E0006B
:1083B000FFF712FC04F1B800FFF76CFC424A1068AA
:1083C000516803AB03C303A821F04EFC40F2FF1039
:1083D000FFF71CFB4FF4FA537B43B3FBF5F33B4A27
:1083E0001360A3E70020374C019321F00DFD3849BD
:1083F000019B11F8091084F8E080EAB284F8F020BB
:10840000B9F1000F45D10B3D012D8CBF0025012591
:10841000053A012A02D80C2E38BF0C2684F8F23017
:10842000012384F8B8309BF8003084F8C730009BF3
:1084300084F8C8309DF8603084F8C93084F8F110B1
:1084400084F8F350A4F8C46084F8C6A021F0CEFDEF
:1084500094F8E000003818BF0120FFF72FFF1D48F7
:10846000FFF7BAFB1C48FFF715FCF8B221F0D8FC67
:1084700094F8C930012B40F2367014D121F081FA02
:1084800000F0FB0140F2367021F05AFA4FF6FF730C
:10849000A5E7B9F1010F04D1A5F10C004542454112
:1084A000B6E70025B4E721F06CFA40F00401C9B248
:1084B000E8E707B0BDE8F08FB48A0220D1060020BB
:1084C000D3E80020D45B0020494C0300E05C00208E
:1084D00094C00300B45C00208C5C00202DE9F04FB8
:1084E000934685B0624A0E9DBDF840709DF8449059
:1084F0009DF848A08846126803924FF00002064695
:1085000048B101284DD040F6890021F03AFA40F0F8
:108510000401C9B28DE0574C0B2284F8E0005800EA
:1085200084F8EC20C4F8E450FFF7ACFD41F60403F6
:10853000BAF1000FA4F8BC300CBF0123F22384F879
:10854000C130FF00012389F0010984F8C23084F8AA
:10855000ED00C4F8E8B084F8B860A4F8BA7084F804
:10856000BE6084F8BF9021F041FD94F8E00000382F
:1085700018BF0120FFF7A2FE04F1E000FFF72CFB7B
:1085800004F1B800FFF786FB3B4A1068516801AB65
:1085900003C301A821F068FB40F2FF10FFF736FA91
:1085A000B1E7344C354984F8E000EAB2C95C84F89C
:1085B000F020002B50D10B3D012D8CBF0025012553
:1085C000053A012A02D80C2F38BF0C279DF83C3001
:1085D00084F8F230012384F8B830294B84F8F11084
:1085E0001B7884F8C7309DF8543084F8C93084F87B
:1085F000F350A4F8C47084F8C69084F8C8A021F0A1
:10860000F5FC94F8E000003818BF0120FFF756FE93
:108610001C48FFF7E1FA1C48FFF73CFB94F8F130E7
:10862000062B7FF470AF40F6890021F0AAF900F024
:10863000FB0140F6890021F083F9404621F025F93D
:10864000124B169A1A600A4B1A68039B5A404FF055
:1086500000030AD02BF0EDFC012B04D1A5F10C0393
:108660005D425D41ACE70025AAE705B0BDE8F08FAB
:10867000B48A0220D45B0020494C030094C003005C
:10868000D1060020B45C00208C5C0020E45C00205B
:1086900030B5214B85B069460446092240F29F203F
:1086A0001B6803934FF0000321F055F99DF800304B
:1086B00068460021CAB2934217D8032B20D85A1C0F
:1086C0008DF8002004A9022203FB0211200A01F800
:1086D0000F0C04A902FB031340F29F2003F80E4C79
:1086E0000922694621F018F90AE002464578927895
:1086F00002EB0522944201F1010100F10200D9D1FF
:10870000054B1A68039B5A404FF0000301D02BF031
:1087100090FC05B030BD00BFB48A022008B5174BED
:1087200018601748FFF7ACF9002021F0A6FA0120E5
:1087300021F0A1FB0021084621F017FC04210020B4
:1087400021F0D0FB00234FF6FF711A460846FFF7D1
:10875000E3F940F6AC00FFF79BFF40F68900FFF716
:1087600097FF0849084821F038FA0849084821F0DD
:1087700034FA084B00221A7008BD00BFC85C002004
:10878000557E00002D7E0000BC5B0020417E000075
:10879000A45B0020D3E70020A1F11003DBB2102B73
:1087A0002DE9F047044604D83A4820FA03F3DB07E2
:1087B00005D4002382F8F030FF20BDE8F087561E74
:1087C000254615F8013B06F8013F631B0B4413F0E7
:1087D000FF00F6D101F11C039B005FFA83FCC3F399
:1087E0000313013BDFF8B09082F8F030884653184D
:1087F0004FF0010EB8FBF1FA01FB1A8A1AF0FF0ADA
:1088000013F8047C13F8036C13F8025C13F8014CA2
:1088100030D119F806A019F8056019F8045019F8B4
:1088200007404FEADE1707EB47078EEA0A0A07EB15
:10883000C7074FEA4E0EFFB25FFA8EFE87EA0E0EB2
:10884000574692F800A087EA0A071F7057787E40C3
:108850005E70967875409D70D57808F104085FFACF
:1088600088F86C40C445DC7002F1040203F1040393
:10887000C0D8A2E71829E4D9BAF1100FE1D1DFF886
:1088800018A01AF807701AF806601AF805501AF8B6
:108890000440D6E70101010097C203002DE9F04F23
:1088A000A5B0B64B1D911B921B6823934FF000039C
:1088B00092F8F0300193002B00F05A8101461FA876
:1088C00021F051FC1B9BAE4CAE4DAF4E10330293CA
:1088D000002303939DF8800004909DF88A00059082
:1088E000205C06909DF87F000790205C089004981B
:1088F0009DF885C0205C099014F80C000A909DF842
:1089000084000B909DF889009DF87C809DF881E0A3
:108910009DF886A09DF88B900C909DF87E00029BA0
:108920001C9314F80A2014F8093014F8081014F8ED
:108930000E700D90205C0E909DF883000F90205CCF
:1089400010900B98205C11900C98205C12909DF870
:10895000880013909DF87D0014909DF8820015907A
:10896000205C16909DF887001790205C1890139853
:10897000205C19901498205C1A90039801300390A1
:108980000298DDF804B0103002909DF80C00834589
:108990003DD88DF87C108DF87E2009990E9A8DF8BF
:1089A00080108DF886201199069A8DF884108DF824
:1089B00082201999169A8DF888108DF88A200A99C4
:1089C000189A8DF881108DF88B201299109A8DF8D5
:1089D0007F301B9B8DF885108DF887201A99089A97
:1089E0001D988DF889108DF883201FA903EB0B12B9
:1089F0008DF87D7021F0B7FB0020604B1A68239B37
:108A00005A404FF0000300F0B5802BF012FB15F830
:108A100008B082EA03008BEA000016F80EB080EA84
:108A20000B008DF87C0015F80E004B40434016F803
:108A30000A0043408DF87D3081EA070315F80A10DB
:108A4000594016F80930594016F808308DF87E1054
:108A50007A40534015F8092053408DF87F30089A2A
:108A6000069B5340049AAA5C534016F80C205340CE
:108A70008DF88030DDE908325A4015F80C3053404B
:108A8000059AB25C53408DF88130DDE909325A40D5
:108A9000059BEB5C5340079AB25C53408DF88230E3
:108AA000069B0A9A5340049AB25C5A40079BEB5CBF
:108AB0005A408DF883200E9B109A53400B9AAA5C63
:108AC00053400C9AB25C53408DF88430DDE910328B
:108AD0005A400C9BEB5C53400D9AB25C53408DF8AE
:108AE0008530DDE911325A400D9BEB5C53400F9A03
:108AF000B25C53408DF88630129A0E9B53400B9A0D
:108B0000B25C5A400F9BEB5C1C995A408DF8872051
:108B1000169B189A5340139AAA5C5340149AB25C5D
:108B200053408DF88830DDE918325A40149BEB5CD5
:108B30005340159AB25C53408DF88930DDE9193203
:108B40005A40159BEB5C5340179AB25C53408DF82A
:108B50008A301A9A169B5340139AB25C5340179A64
:108B6000AA5C1FA853408DF88B3021F0BBFAB1E608
:108B7000FF2042E725B0BDE8F08F00BFB48A022095
:108B800097C2030097C1030097C003002DE9F0438B
:108B90003B4B0446D0F8140187B00E4615461B68BF
:108BA00005934FF0000304F2011988B3C0F11008D7
:108BB0009045474628BF1746BAB2484420F055FFB3
:108BC000D4F814313B440F2BC4F814312DD9A845E7
:108BD0002BD204F1F00304F5807113F8012F187CF7
:108BE0008B4282EA00021A70F7D104F1F1081022D8
:108BF000414601A820F039FF01A922460846FFF7A7
:108C00004DFE102201A9404620F02FFF3E44ED1BEF
:108C100004F5807804F1F107102D0FD8AAB231467F
:108C2000484620F022FFC4F81451154B1A68059BE2
:108C30005A404FF000031FD02BF0FBF904F1F00372
:108C4000711E13F8012F11F8010F434582EA00024B
:108C50001A70F6D11022394601A820F006FF01A9AA
:108C600022460846FFF71AFE102201A9384620F0D6
:108C7000FCFE1036103DCFE707B0BDE8F08300BF23
:108C8000B48A0220F0B5614B8BB00C461022002153
:108C9000054601A81B6809934FF0000320F0F9FE78
:108CA00001A922460846FFF7F9FD9DF90430002B83
:108CB00001AA4FF0000149DA137812F8010F0131CF
:108CC0005B0043EAD0130F2902F8013CF4D19DF870
:108CD00013305B0083F08703D4F81401DBB2102853
:108CE0008DF8133041D104F5807301A904F5887023
:108CF00013F8016F11F8012B984282EA06021A70EC
:108D0000F6D104F1F00304F5807113F8012F187CFB
:108D10008B4282EA00021A70F7D1102204F1F101AD
:108D200005A820F0A2FE2246294605A8FFF7B6FDB9
:108D30001022002101A820F0ACFE344B1A68099BD8
:108D40005A404FF000035ED02BF073F9137812F8FD
:108D5000010F01315B0043EAD0130F2902F8013CF7
:108D6000F4D19DF813305B00B6E79DF90430002B79
:108D700001AA4FF0000137DA137812F8016F0131C0
:108D80005B0043EAD6130F2902F8013CF4D19DF8A9
:108D900013305B0083F08703471CDBB28DF8133080
:108DA000102F04EB0003C0F10F064FF0800288BFC4
:108DB000002600F5817083F801210021324620440D
:108DC0003E442BF007FBC4F8146104F5807301A93D
:108DD00004F5887013F8016F11F8012B984282EAAC
:108DE00006021A70F6D18CE7137812F8016F013180
:108DF0005B0043EAD6130F2902F8013CF4D19DF839
:108E000013305B00C8E70BB0F0BD00BFB48A02208E
:108E10002DE9F0439846CDB0234BDDF8509106463E
:108E200017461B684B934FF000030D46002936D0C0
:108E3000B9F1000F33D001A821F0D7F91B4B196805
:108E4000002401F1140304EB04101A5C424513D111
:108E50001530014401A821F0D8F9D6B93A4629467F
:108E600001A8FFF793FE47A801A9FFF70BFF479B57
:108E7000C9F80030002003E00134172CE3D10320AF
:108E8000094B1A684B9B5A404FF0000309D02BF056
:108E9000D0F81022314601A8FFF778FEDEE7022065
:108EA000EEE74DB0BDE8F083B48A0220E85C002014
:108EB00030B5334BEBB04FF4D0720021044601A81B
:108EC0001B6869934FF000032BF084FA2D4B0DF1D2
:108ED000190203F1200153F8040B42F8040B8B42F2
:108EE000F9D11B88138028490323452217A88DF840
:108EF0004B302BF047FA7F238DF8B13080238DF86B
:108F0000C23081238DF8D33082238DF8E43083235F
:108F10008DF8F53084238DF8063185238DF81731CF
:108F200086238DF8283187238DF8393188238DF8F1
:108F30004A3189238DF85B318A238DF86C318B237C
:108F40008DF87D318C238DF88E31A4B10F4D4FF407
:108F5000D07201A920462C6020F087FD286821F0FE
:108F60007AF90020064B1A68699B5A404FF00003BB
:108F700003D02BF05EF80220F4E76BB030BD00BFE9
:108F8000B48A022097C30300BAC30300E85C002040
:108F90002DE9F0419846244BBEB00D4616461B689D
:108FA0003D934FF000030746B0B3B8F1000F33D044
:108FB00011F00F0432D1F0222146684620F069FDFD
:108FC0001A4B1868214600F1140201EB0113D45C1E
:108FD000B4420BD115336A4610211844FFF7DCFB6D
:108FE0002C462E1BF6B274B9204603E00131172936
:108FF000EBD103200C4B1A683D9B5A404FF0000305
:109000000ED02BF016F86A4608EB0601B819103C92
:10901000FFF744FCA4B2E4E70220EBE70520E9E710
:109020003EB0BDE8F08100BFB48A0220E85C0020B9
:10903000F0B5244E244A346887B00346126805927E
:109040004FF000020846002204F1140102EB021561
:109050004F5D9F422DD1802B05F1150508D07D3342
:10906000DBB2062B1ED8492222FA03F3DB0719D5FF
:109070000023CDE90133CDE903337F22102101AB79
:10908000FFF786FF04463068102201A9284420F02B
:10909000ECFC0D4B1A68059B5A404FF000030DD0B5
:1090A0002AF0C7FF01461022601920F0DEFC0024E0
:1090B000EFE70132172AC9D10324EAE7204607B0B7
:1090C000F0BD00BFE85C0020B48A022010B5154B4B
:1090D00086B014461B6805934FF00003D8B10023F7
:1090E0007F2ACDE90133CDE9033301D1082914D119
:1090F0000A4601AB1021FFF74BFF18B901A9204622
:10910000FFF796FF074B1A68059B5A404FF0000384
:1091100005D02AF08EFF0220F4E70320F2E706B024
:1091200010BD00BFB48A02202DE9F04F174691B060
:10913000454A9DF86850DDE91B6481468A461268FD
:109140000F924FF000029846002B73D0002E71D082
:10915000002C6FD0212D6FD8FF2819462A463046A3
:109160000CBF4FF0010B4FF0030B20F07EFC691E8B
:109170005A46731C89B208F10100FFF709FF8346C4
:1091800000285BD196F80B8073194FEAD81884F841
:10919000008013F8024C13F8031C13F8042C13F886
:1091A000013C240444EA0124144344EA0364B8F172
:1091B000000F12D1291F0123224689B2304621F027
:1091C0002FF8003818BF01201F4B1A680F9B5A4018
:1091D0004FF0000334D02AF02CFFCDE900000290BC
:1091E000082251460DF101008DF8009020F047FC57
:1091F0008DF80970292259463F0A04A88DF80A7093
:10920000CDF80CB02BF0E6F80C220DEB020069460D
:1092100020F02BFC2A4631460DF1170020F025FCEA
:1092200002232246E91D03A820F0FAFF002818BFF8
:109230004046C9E70220C7E70520C5E70720C3E786
:1092400011B0BDE8F08F00BFB48A022008B5014616
:1092500030B1044B0822186820F007FC002008BD3C
:109260000220FCE7E85C0020014B1868704700BF53
:10927000E85C002008B5014638B1054B18680822A3
:10928000104420F0F2FB002008BD0220FCE700BFE4
:10929000E85C0020014B186808307047E85C00204B
:1092A00008B5014638B1054B18680422103020F08B
:1092B000DCFB002008BD0220FCE700BFE85C0020CA
:1092C000014B186810307047E85C0020044B054AD9
:1092D00093F8A831022B18BF062382F88834704710
:1092E0001C5D002040640020034BD3F8483313B1C9
:1092F000DB6803B11847704740640020034A1378C5
:1093000043F002031370FFF7EFBF00BF005D0020C2
:10931000034A137843F008031370FFF7E5BF00BF5B
:10932000005D0020034A137843F004031370FFF735
:10933000DBBF00BF005D0020074BD3F8402322F4C1
:109340008072C3F8402393F8892442F0100283F816
:109350008924FFF7C9BF00BF406400202DE9F04118
:1093600016461D4680460F4620F050FC084A094C20
:1093700013782781C4E9000823F0110343F0110397
:10938000668125731370BDE8F041FFF7ADBF00BFE4
:10939000005D0020EC5C00201FB5094B8DF8090032
:1093A00093F88C208DF80A2093F858000D2202A91A
:1093B0008DF8082021F0E5F9C0B205B05DF804FB96
:1093C0001C5D002010B5154C94F8C92194F850305C
:1093D000012A4FF0010294BF84F8D52184F8D721E7
:1093E000013394F8C821DBB29A4284F8503009D88E
:1093F0000B48FEF7BDFA002384F85030BDE810405A
:10940000FFF772BF074C04F2BC40D4F8DC1420F024
:10941000ECFB04F2BC40FEF735FAEFE71C5D0020E0
:10942000FC6800204064002008B50748FEF7A0FA59
:10943000064B93F8162412B1012283F81524BDE8D7
:109440000840FFF751BF00BF3C6800204064002087
:1094500010B50C4CD4F8403343F08003C4F84033CB
:1094600094F8163413B10020FFF7DEFF94F8893426
:1094700023F0120343F0120384F88934BDE810404E
:10948000FFF724BF406400202DE9F0414F4C90B01D
:1094900008B984F8C001B4F8DC30A4F8483094F876
:1094A000B93084F879304A4B4A4ED3E9100183E849
:1094B0000300D3E9120103F1080282E80300B4F8C3
:1094C000CC20A4F88C20D4F8D420C4F89420D4F86C
:1094D000D820D4F8D010C4F8982000254FF0010807
:1094E00003F5407203F54573C4F89010A56384F842
:1094F000AB51A4F8B08184F84A5084F8AD5184F897
:10950000AE51C4F8C451A4F8C85103A9C6F8E45434
:10951000A6F8145486F81654C4E9735594F8580004
:1095200004932D4B84F8D551A4F8D651039205939A
:109530008DF8188021F035F9E36FC6F8D83394F828
:109540008D3086F8E43386F8D45394F8C03186F829
:10955000E73306F575770FCF06F57A740FC486F8F2
:10956000E55386F8E6833B682360022386F8FA33E6
:10957000D6F8483386F81754CDE9015586F8F983B3
:109580001BB15A68DB6801920293144B0793A3F155
:109590004C020892A3F114020992114A0B92213352
:1095A0000A93A2F18C030C93A2F188030D93131D6F
:1095B0000E9301A902F1DC0307A802F5C5620F931F
:1095C00020F0D8FE10B0BDE8F08100BF1C5D002087
:1095D000985D002040640020045D0020A868002001
:1095E000005E002013B520F011FB0A4B6C4618609A
:1095F000204620F0A7FA94E80300074A074B83E8C7
:109600000300137843F02003137002B0BDE810404C
:10961000FFF76ABEFC5C0020005D00207867002038
:10962000F8B52E4E96F8A831022B07460D4602D00B
:109630002B4BDB6A984720F0A8FE044680B996F8C9
:10964000A831012B16D0274C94F8882494F81634AE
:109650006AB30BB184F84154284603F0E9F836E0C8
:10966000022020F088FE002020F08AFE96F8A83123
:10967000012B11D120F08BFE90B1002020F07CFE58
:10968000002020F07EFE20F084FE28B1002020F093
:1096900074FE002020F076FEBDE8F840FFF716BE0D
:1096A00020F077FE0028F1D1002CCCD0F4E70BB1EC
:1096B00084F84174384603F0BBF8F06B20F0ADFA43
:1096C000D4F8BC339842E7D30748FEF751F994F831
:1096D000893443F0100384F88934DDE71C5D0020F1
:1096E000D05A030040640020E067002073B5124D9B
:1096F000124E0096EB6D95F8602095F9881095F85C
:10970000580021F06AF80223B37495F8C031F3745D
:1097100095F85800012306F138023146737421F0A0
:1097200069F830B1064B00205B6B9847B37C86F834
:10973000A03002B070BD00BF1C5D00202868002072
:10974000D05A0300F8B53B4C94F8A851012D0646B9
:109750000ED0022D60D0002D69D138B9D4E91F0197
:1097600004F1840383E80300002006E0012805D10A
:1097700020F016FE08B984F8A861F8BD022856D179
:109780002D4F84F8A80107F5757EBEE80F0007F598
:109790007A7CACE80F00DEF80030CCF8003087F8B7
:1097A000FA63234693F8E92082B393F80021022A52
:1097B0002CD1302303FB0545D5F80431C4F884309F
:1097C000C7F8EC3394F88D3095F8082187F8F83312
:1097D000032384F8882087F8FA3397F8172487F84A
:1097E000E823012387F8F933002387F81634134B55
:1097F000DB6A9847FFF77AFF94F8BE31002BB3D0AD
:109800000F490122202002F097FEADE70135042D1B
:1098100003F13003C6D1E7E748B9074B84F8A80144
:10982000062283F88824054BDB6A9847E4E7032087
:10983000A3E700BF1C5D002040640020D05A030055
:10984000C45E002070B50B4E0B4D0C46FEF790F831
:10985000336B9847094A95F85800214620F0CAFF13
:1098600030B1736B686E9847054BA27C83F88824EF
:1098700070BD00BFD05A03001C5D0020606800204E
:10988000406400200E4890F8173480F8C0330D4B28
:1098900093F8792080F8C32393F88D2080F8D023A3
:1098A00093F8C03180F8D333002280F8D12380F8B8
:1098B000D22300F5707100F56270FFF7C3BF00BFDF
:1098C000406400201C5D0020104890F88834DBB113
:1098D00090F8173480F8D4330D4BDA6FC0F8D823E2
:1098E00093F88D2080F8E423002280F8E52393F894
:1098F000C03180F8E733012280F8E62300F5757166
:1099000000F56870FFF79EBF704700BF40640020FD
:109910001C5D00202DE9F04F8FB04FF00009012BA6
:1099200006460F4690468DF80990ADF80C9002D887
:109930004C46BC4202D30FB0BDE8F08F305D02F060
:10994000F1FE2044B842F6DC335D651C013BEDB20C
:109950001F2BF0D801A252F823F000BFDD990000C0
:10996000FD990000279A0000259B00004D9B0000F8
:10997000DD9B0000039C0000699C0000999C000096
:10998000279D0000139D00007B9D00007D9E000030
:10999000A19D0000099E0000259F00004D9F000032
:1099A000859F0000D19F0000379900003799000083
:1099B0003799000037990000379900003799000067
:1099C0003799000037990000379900003799000057
:1099D00037990000379900006F9E0000AC4B725D14
:1099E00093F8BE319A4206D805A9012002F020FE64
:1099F000002800F03F820234E5B212E0052002F0B8
:109A000031FF70B10521002002F000FF725DA14B13
:109A1000E51C0234E4B283F85C24325D83F85D24F3
:109A2000EDB22C4685E700238DF80A308DF80B3017
:109A30008DF810308DF81830B9F1000F6DD1944CBD
:109A40004FF0050994F88C208DF831206B1E94F8A6
:109A500049208DF83320334494F848200B938DF837
:109A6000342094F8AA3194F878208DF83520D4F871
:109A7000BC218DF832300A9273B37B1C5B1BDBB2C6
:109A80008DF8303006AB019304AB009394F8580086
:109A90000DF10B030DF10A020AA920F0C1FE8DF8A9
:109AA000090000F00700072813D194F949209DF917
:109AB0000A3084F849309A429DF80B3084F84830D7
:109AC000B8BF01229DF81030B8BF84F8AD2184F8EA
:109AD00078304FF0000A09E00523D1E701220DF1AB
:109AE0000901032002F028FD0AF1010A5FFA8AF257
:109AF0009DF81830B3FBF9F19142EFD82B44DDB259
:109B00006B1EDBB29F420BD9F25C032A9AD0AF42A4
:109B100088BF1D464FF0010983E70534E5B2F9E738
:109B20001D46F7E7735D5A4903F00F03012281F8E0
:109B3000AB31023402FA03F3A1F8B031E4B20022EF
:109B400003A9042002F0F8FC25466AE707238DF8F4
:109B50000930735DDFF838A1C3F3021203F00F037D
:109B60000F2B8DF8283004BF9AF880308DF82830FC
:109B70008DF82920651DA21CE31C0434DBB2E4B27D
:109B8000F15C335D9AF85800D2B21B04B25C43EA30
:109B900001231343642253430AA90B9320F050FE80
:109BA00000F00703072BEDB28DF809000ED19DF8E8
:109BB00028308AF880308AF888300B9BCAF87C30CD
:109BC000CAF884309DF829308AF879308DF80C0075
:109BD000012203A9052002F0AFFC22E72D4BD3F8A8
:109BE000483363B11B6853B1984708F03F038DF8C1
:109BF0000C008DF80D30022203A90620EBE7FF20B0
:109C0000F3E703238DF80930735D8DF81C300AAB40
:109C10000693E31CDBB2A51DF25C231DDBB206A993
:109C2000F35C1B0443EA0223A21CD2B20534B25CEB
:109C3000134364225343E4B20A9300230B93335D2E
:109C40008DF83030124B93F8580020F000FEC3B26C
:109C50000028EDB28DF80930FFF6E3AE8DF80C3038
:109C6000012203A90720B6E7735D03F00F03012B60
:109C70004FF47A7238BF01235343054A0234936686
:109C800003F57A73D366E4B2002203A9082059E7EA
:109C90001C5D002040640020735DC74DC3F340127B
:109CA0008DF8112095F85800C3F3001204A903F0B1
:109CB0000F038DF810208DF8123020F0CFFD023404
:109CC0000130E4B23FF440AFBDF81030BB4AA5F814
:109CD0008C309DF812309DF810A0D05CF6F7C6FAD3
:109CE0000223C5F890000AA995F858008DF828308D
:109CF0008DF82AA020F045FD95F94930069040B234
:109D00009842B8BF184685F84900002203A90920E7
:109D100018E7A94B725D93F8BE319A423FF66BAEDD
:109D200005A90B2062E603238DF80930735D8DF8D9
:109D30002830E31CDBB2651DF25C231DDBB202346C
:109D4000F35CE4B21B0443EA0223325D1343642252
:109D500053430B93984B0AA993F8580020F085FDC4
:109D6000C3B20028EDB28DF80930FFF65AAE8DF877
:109D70000C30012203A90A202DE7725D8E4802F003
:109D80000F010123120903FA01F102349340A0F8F4
:109D90009A10A0F89830E5B2002203A90C201AE727
:109DA00016F805B0DFF810A20BF007038AF8C831E7
:109DB000A31CDBB22021F25CC2F302128AF8C92193
:109DC000F35C002003F00F038AF849301FF040FED7
:109DD000CBF3C20B202303FA0BF31844784B002279
:109DE000C3F8DC248AF85020764A90429CBF4FF496
:109DF0007A72504304F1030498BFC3F8DC040020D6
:109E0000E5B2FFF7DFFA0CE6735D00201A090A32AB
:109E100001218DF80C006B4801FA02FC02348445E4
:109E2000E5B220DC03F00F0304336348644CC0F850
:109E3000CCC101FA03F39BB2C0F8C4314FF47A737A
:109E4000934004F28C40C4F8D4348DF80C10FDF724
:109E50008FFD04F28C40D4F8D4141FF0C6FE04F237
:109E60008C40FDF70FFD012203A90F20B3E605A9E1
:109E70002020BBE5059802F0ADFBBCE5092002F00F
:109E8000F1FCDFF83CB1002849D00921002002F0A4
:109E9000BDFC0023ADF81E30A31CDBB2F25CE31C5A
:109EA000DBB216F803A0735D4FEA0A4A4AEA022AB7
:109EB0004AEA030A231DDBB2A51D0534F35CE4B2B4
:109EC0004AEA036A335D4FF47A7253430AAC1B12B9
:109ED0002046ADF81C301FF035FE3B4B5344069333
:109EE000DBF83C3300930DF1180A9AE80600DBF822
:109EF000383308A81FF0EAFD099B009394E8060098
:109F0000089B50461FF0C7FD9AE803001FF0F9FDBB
:109F100020F050FA0123EDB28BF8383481E58BF84C
:109F200038047EE50C2002F09DFC00283FF479AD5A
:109F30000C21002002F06AFC214B93F88834043B8A
:109F4000012B7FF66EAD20F031FA6AE5A31CDBB27F
:109F5000725DF15CE31CDBB2651DF35C0434E4B2BA
:109F60001B04305D43EA012313436421594300F08D
:109F70000F0020F01CFAEDB28DF80C00012203A9AD
:109F8000112028E60D2002F06DFC00283FF449ADB9
:109F90000D21002002F03AFCA31CDBB20B4AF05C5E
:109FA000735D1268251D0334E4B243EA0020315D7D
:109FB000EDB220F0FEF934E51C5D002000C4030082
:109FC0004064002037894100803DD512EC5C0020C0
:109FD000725DA31C251D0334DBB2E4B2F15C335D7A
:109FE0001B0443EA012313436420584320F0E3F9A0
:109FF000EDB28DF80C00012203A91320EBE500BFA0
:10A0000037B5214CD4F8C43113B1E36C0133E364A8
:10A0100094F8BE311D4DCBB101A90B2002F008FB15
:10A02000A0B9B4F85230B4F8982001339BB29A42E8
:10A03000A4F852300AD195F8893484F8C00143F06D
:10A04000080385F889340F2385F8683495F8893436
:10A05000990703D595F82D34012B07D994F8AA3127
:10A0600023B1A36B5A1C18BF0133A3630023A5F8C7
:10A07000143485F81634D5F8403323F00203C5F8BC
:10A08000403303B030BD00BF1C5D002040640020A1
:10A0900038B50F4D0F48104CFDF76AFCD5F8D0319C
:10A0A0000E4A93429EBF4FF47A725343C4F8D83499
:10A0B000FFF71AF90123D4F8D814064885F8D631E9
:10A0C0001FF093FDBDE838400248FDF7DBBB00BF41
:10A0D0001C5D0020E46800204064002037894100B6
:10A0E00038B50F4D0F48104CFDF742FCD5F8CC3178
:10A0F0000E4A93429EBF4FF47A725343C4F8D4344D
:10A10000FFF7F2F80123D4F8D414064885F8D531C6
:10A110001FF06BFDBDE838400248FDF7B3BB00BF40
:10A120001C5D0020CC68002040640020378941007D
:10A13000094BD3F84023012A0AD008490978C907F6
:10A1400008D43AB993F88A04013818BF012070473F
:10A15000002070470120704740640020005D00200F
:10A160002DE9F7434E4CBDF828901D1E90464FF048
:10A17000000208BF91460746CDE90022228084F8FC
:10A1800016240E464A46294604F59C701FF06DFCC5
:10A190005FFA89F284F837223B78A3703B785B0939
:10A1A000042B07D0072B69D0022B06D0022003B066
:10A1B000BDE8F083012384F81634042384F80431C5
:10A1C000384DC4F80851FF2384F80C313B78364FE2
:10A1D00084F80D31D7F8E43084F82881C4F81031C0
:10A1E000337884F81431684605F59B7384F8302180
:10A1F000C4F82C3102F0FAFD00284ED1009BA4F8DF
:10A20000440401A8A4F81631C4F84C3402F04AFA08
:10A21000002840D1019B0BB90020C8E797F94900FD
:10A22000FFF7BAF894F83732CBB1019B0F2B0ED859
:10A2300005F58B7201A90F2002F040FA58BB337864
:10A24000019A62F30303337084F81431E4E705F2F2
:10A25000FE4201A902F032FAE8B90A20A7E705F2A6
:10A26000FE452A4601A902F029FAA0B9019B84F80B
:10A270002801C4F82C5184F83031CDE7002DCBD023
:10A28000002AC9D02946E01C1FF0EFFB94F83732B2
:10A2900001332380C0E7132089E7122087E700BF3E
:10A2A00040640020426400201C5D002070B54B4DCE
:10A2B0004B4C86B000238DF8033095F849308DF86B
:10A2C000093095F848308DF80A30D5F8903003936E
:10A2D000D5F89430049323888DF808000646ADF82D
:10A2E000143095F8580004F583630DF1030202A9B8
:10A2F00020F089FA012384F8413495F8493084F834
:10A3000042349DF8033084F84334D4F81834C4F848
:10A310005064C4F84834C4F8583420F03CF8B0B95C
:10A3200095F8A831012B01D120F049F820F036F83A
:10A330000023019394F8043195F9495094F8176477
:10A34000042B0CD8DFE803F00E2D310B3500D4F8C8
:10A35000180420F032F80028E2D0102000E003209A
:10A3600006B070BD1F4802F07BFD002832D1D4F842
:10A37000403394F80C111C48218043F00203C4F8C8
:10A38000403394F814340133DBB284F8143484F885
:10A390004534164B00259B6AC4F8E4549847284678
:10A3A000DEE7104802F0C2FDDFE70E4802F0EAFDEA
:10A3B000DBE701A802F01AFD70B994F8143413B168
:10A3C000019B013B0193074B01983246E9B202F031
:10A3D00003FECAE71120C3E71220C1E71C5D00207D
:10A3E000406400204865002042640020D05A0300E9
:10A3F0002DE9F0418EB006461FF0C7FF002840F05F
:10A40000E080724C94F8A831012B0CD0236C704D75
:10A41000ABB195F80431042B00F2D580DFE803F0EE
:10A42000171D21D325001FF0B2FF18B10F200EB069
:10A43000BDE8F0811FF0ADFF0028E7D0F6E7B4F8E3
:10A44000B031D5F81824013B53432364E1E7614858
:10A4500020F082F868B11120E9E75E4820F0B0F8FA
:10A46000F8E75C4820F0E4F8F4E75A4820F018F9DF
:10A47000F0E795F80C312B80236C08930DF1180848
:10A4800094F849308DF82830404694F8AC318DF876
:10A490002A301FF07AFBD4F8B831009302AF98E865
:10A4A0000600D4F8B43138461FF010FB97E80300DB
:10A4B0000BAB83E80300E36B099300238DF8343082
:10A4C0002B88ADF8363094F8C03101228DF8292060
:10A4D0001BB98DF834208DF829303F4B00933F4B4A
:10A4E00094F85800A3F1C90208A920F0CEF9A0B150
:10A4F0000B289CD1D5F8E01479B1002E97D0D5F86F
:10A500004033374843F02003C5F840331FF06DFB5C
:10A510003348FDF7B7F9002089E794F8587094F9AB
:10A52000793094F9492094F88D102E4E384620F059
:10A53000BAF9009641B2E36D94F8602038461436BB
:10A5400020F04BF90096E36D94F8602094F98010A8
:10A5500094F8580020F041F9D5F8CC13A36ED5F843
:10A56000E0230B44C5F8B833E36E1344C5F8BC339D
:10A5700095F80431042B07D0236F0B44C5F8B8338A
:10A58000636F1344C5F8BC330023059394F8C031BE
:10A5900023B995F81704FFF789FE48E705A802F0EC
:10A5A00081F860B994F9490095F837629DF8147004
:10A5B000FEF7F2FE3E44B042EBD2082037E713200C
:10A5C00035E70E2033E7032031E700BF1C5D002094
:10A5D00040640020486500205C5D00202069002068
:10A5E000B06700200068002010B5184C1848FDF72F
:10A5F000BFF9D4F84033D4F8E40423F02003C4F8BE
:10A60000403348B11FF009FBB0F5FA5F04D9114B94
:10A61000002283F84A2010BD0120FFF7E9FE002840
:10A62000F9D00B28F7D00B4B93F8493084F842341B
:10A63000092094F8143484F8453484F8410402F075
:10A64000F7F8BDE81040FFF7DBBC00BF4064002016
:10A65000B06700201C5D00202DE9F0433B4C8BB01F
:10A660001746994694F8C021B4F84830B4F84880A9
:10A670000E46A16B049105465BBA002A63D094F89C
:10A68000AB2102B9226494F8AA014FF0000260F3F2
:10A69000C7128DF80C2094F8A821012A02BF9DF85A
:10A6A0000C2042F010028DF80C2094F84A202AB1B8
:10A6B0009DF80C2042F020028DF80C20ADF82030DF
:10A6C00094F878308DF8223094F88C308DF823305F
:10A6D00094F858308DF82430012204AB8DF8142002
:10A6E000D4F8982000931A4B8DF815000691079224
:10A6F000A3F12F01A3F1300205A81FF0CDFD9DF8B5
:10A700000C30CDF8009060F386138DF80C30324693
:10A710003B4603A92846FFF723FD08B10A2803D1C9
:10A720000020FFF765FE20B1A4F848800BB0BDE81B
:10A73000F083049B84F84A00A36301F087FF00289C
:10A7400018BF1320F2E70720F0E700BF1C5D0020D0
:10A75000945D0020022870B5044601D02BD888BB38
:10A760003C4B3D4D012283F8D4210222D3F8E03046
:10A7700085F80421003C2A4418BF0124C5F80821AB
:10A780004CF2FF02A5F80C2185F80F311A0A64007B
:10A790001B0C85F8102185F8113185F80E41FEF764
:10A7A00063FD0822014605F589701FF05EF905F585
:10A7B0008D71082029E0FF282DD00120BDE87040D0
:10A7C000FFF716BE244C234A012382F8D431A21C81
:10A7D000C4F808214CF2FF0284F8043184F80E31E9
:10A7E000A4F80C21FEF756FD0822014604F20F10D2
:10A7F0001FF03BF9FEF738FD0822014604F217105E
:10A800001FF033F904F59071092002F0FBFA0028DB
:10A81000D3D0112070BD104D0020FEF793FF00260D
:10A82000AB1CC5F8083185F80461A5F80C41FEF7AA
:10A8300031FD0822014605F587701FF016F9FEF775
:10A8400013FD0822014605F58B701FF00EF9304606
:10A85000B4E700BF1C5D002040640020084B10B529
:10A86000044608461146DB6B224649B29847054A22
:10A87000D2F8403343F00203C2F84033002010BD49
:10A88000D05A0300406400202DE9F04F89468BB078
:10A8900090460646002800F08B81002900F0888150
:10A8A0000368002B00F084814368002B00F0808156
:10A8B0008368002B00F07C81C368002B00F0788156
:10A8C00010461FF059FF002800F07481BB4CBC4DAE
:10A8D000304601F04BFF40F22472002120461FF069
:10A8E000D8F84FF4B062002128461FF0D2F8B54BDB
:10A8F000C4F8BC3104F55F73069304F56473002754
:10A900004046079306A9B04B84F8588084F8A87194
:10A910008DF8247008931FF044FF0E2304A994F8C7
:10A9200058008DF810301FF02CFFC01B18BF0120FD
:10A930004FF00A0B84F8AC0104A994F858008DF884
:10A9400010B01FF01EFF4FF0060A84F8DC0004A9C7
:10A9500094F858008DF810A01FF013FF0F2384F80F
:10A96000DD0004A994F858008DF810301FF009FF9D
:10A9700010230DEB0301C4F8A40094F858008DF8DF
:10A9800010301FF0FEFE1123C4F8A80004A994F8AB
:10A9900058008DF810301FF0F4FE1223C4F8AC00FC
:10A9A00004A994F858008DF810301FF0EAFE132324
:10A9B000C4F8B00004A994F858008DF810301FF0C6
:10A9C000E0FE1523C4F8B40004A994F858008DF8EB
:10A9D00010301FF0D6FE162384F8B90004A994F8AD
:10A9E00058008DF810301FF0CCFE1723C4F8BC00BF
:10A9F000C4F8C40004A994F858008DF810301FF072
:10AA0000C0FEC0B21C2384F8C00084F8C80004A9AA
:10AA100094F858008DF810301FF0B3FE1D2384F811
:10AA2000CC0004A994F858008DF810301FF0A9FE4E
:10AA30001E2384F8CD0004A994F858008DF8103036
:10AA40001FF09FFE1F23C4F8D00004A994F85800FB
:10AA50008DF810301FF095FE0B23C4F8D40004A924
:10AA600094F858008DF810301FF08BFE0C2304A9C9
:10AA7000A4F8D80094F858008DF810301FF081FE2B
:10AA8000D4F8A4306366D4F8A830A366D4F8AC3008
:10AA9000E366D4F8B03003904FF00108A4F8DA0070
:10AAA00023673846D4F8B430636784F8B880C4F8B4
:10AAB0009CB084F8A0A0C4F85CB084F860A084F8CE
:10AAC000788084F8AF81FEF7DFFC404985F889740F
:10AAD00005F55C70C5E9D169C4E90F7784F8A981EF
:10AAE000C5F840831FF079F8394905F562701FF009
:10AAF00074F8384905F568701FF06FF8364905F5A8
:10AB00007F701FF06AF8354905F28C401FF065F838
:10AB1000334905F2A4401FF060F86E46314905F252
:10AB2000BC401FF05AF830461FF02FF896E803009B
:10AB300004F5DA7383E803002B4B1F602B4BC5F839
:10AB40004C332B4BC5F854332A4BC5F85C332A4F92
:10AB50002A4BC5F850332A4BC5F8583305F55370C6
:10AB60003B68984704F5EE70FEF7A2F920B1112674
:10AB700030460BB0BDE8F08F204602F011F90028F6
:10AB8000F5D101F0CBFCB8B91E4802F053F90646E6
:10AB90000028ECD17B699847FCF748FEBB6D94F820
:10ABA000A9019847FB6A9847012385F88A34DFE7B3
:10ABB0000326DDE70926DBE71326D9E71C5D002025
:10ABC0004064002000010101045D0020E9A50000AF
:10ABD00085980000C998000029940000E1A00000B9
:10ABE00091A00000C5930000005D0020E5950000E5
:10ABF0005D93000025930000D05A030011930000DC
:10AC0000FD920000045E002008B5034B0020C3F84D
:10AC10004003FEF75BFB08BD4064002070B52E4B7F
:10AC20008AB0054693F8DD008DF8090093F8DC0042
:10AC30008DF80A0029489A6B90F8140403920026B4
:10AC40008DF80B0004960C46002941D00692D3F8EB
:10AC500098200792B3F8482093F8AA118DF81510A0
:10AC600052BAADF8202093F88C2093F858308DF824
:10AC7000243003AB8DF822008DF8232000930DF1D2
:10AC80000A020DF10B030DF1090105A88DF81460FE
:10AC90001FF002FB9DF90900FEF77EFB607004A81F
:10ACA00001F000FDB0B9049A0F2A0DD863789A42DA
:10ACB0000AD81544AB42A3EB02012CBF00200120AF
:10ACC0002170C0000AB070BD002323700820F9E78E
:10ACD0000320F7E71320F5E71C5D00204064002007
:10ACE0001FB50446002800F0058103784C2B00F2C4
:10ACF000FC80DFE813F04D00540058005C005F005A
:10AD0000620066006B00FA00FA00FA00FA00FA002E
:10AD1000FA00FA00FA00FA00FA00FA00FA00FA0063
:10AD2000FA00FA00FA00FA00FA00FA00FA00FA0053
:10AD30006F0073007D00840087008A008F008D0003
:10AD40009100950098009B009E00A100A400B30014
:10AD5000B700BF00BB00C300C600CA00D100CF00CF
:10AD6000FA00D500E100E500FA00FA00FA00FA0066
:10AD7000FA00FA00FA00FA00FA00FA00FA00FA0003
:10AD8000FA00DD00E900EE00F200F6000101010129
:10AD90005A4B93F8A8312371002004B010BD574BD3
:10ADA00093F8C031F7E7FEF75FFA6060F4E7FEF76B
:10ADB00071FAFAE7FEF784FAF7E7504B93F8AA31F5
:10ADC000E9E74E4BD3F8E0306360E5E74B4BD3F84F
:10ADD000E430F9E7494B93F8A931DCE71B238DF800
:10ADE0000830464B02A993F858001FF0CAFCDCE774
:10ADF000434B043493E8030084E80300CCE7414B61
:10AE00000434F7E7404B0434F4E7404B0434F1E7F3
:10AE10001923E4E71823E2E7384B93F87830BAE7D0
:10AE2000364B5B6ED0E7354B9B6ECDE7334BDB6E1D
:10AE3000CAE7324B1B6FC7E7304B5B6FC4E7022397
:10AE40008DF808302D4B02A993F88C2093F8580008
:10AE50008DF80A201FF095FC20719DE7274B93F990
:10AE6000DD3098E7254B93F9493094E7234B93F96C
:10AE7000DC3090E7214B93F948308CE71F4BDB6DBA
:10AE8000A2E71E4B93F8603085E71C4BD3F8943053
:10AE9000636081E7194B97E7184BD3F8D430F7E795
:10AEA000164BD3F8BC31436002F02CFBA06073E773
:10AEB000124B93F8AF316EE7104BD3F8CC3183E7E8
:10AEC0000E4BD3F8D0317FE70C4BB3F89830A3800A
:10AED00062E70A4BB3F89A30F9E7084BB3F8D83079
:10AEE000F5E7064BB3F8DA30F1E704B0BDE81040FF
:10AEF0001FF058BA032050E717204EE71C5D0020D2
:10AF0000985D0020D85D0020A05D0020E05D00205D
:10AF10007FB5044610B9032004B070BD954DD5F837
:10AF200040339A0700F1108302784C2A00F207831D
:10AF3000DFE812F04D005200600066006A006E000B
:10AF4000730078007D0088008E0094009A00A000B5
:10AF5000A600AC00B200B800BE00C400CA00D00019
:10AF6000D600DC00E200E800EE00F400FA00000188
:10AF70000503080126013901600182017301860180
:10AF80008F01930197019B019F010503A301B50167
:10AF9000DD01CB01EF01F901000205020A02960270
:10AFA0000503B702D50205030503050305030503E1
:10AFB0000503050305030503050305030503050351
:10AFC000B202F102F602FB02000308030803007953
:10AFD000FEF7B8FB30B19FE70379022B9BD0664A9E
:10AFE00082F8C03195F8893443F0200385F889341C
:10AFF000002091E74068FEF729F90028F2D08AE79F
:10B000004068FEF737F9F8E74068FEF749F9F4E7DA
:10B01000594B027983F8AA21E4E7574B4268C3F8F9
:10B02000E020DFE7544B4268C3F8E420DAE74168E8
:10B0300000293FF470AF002002F078F90028D1D049
:10B04000112069E7416800293FF465AF0120F3E76B
:10B05000416800293FF45FAF0220EDE74168002915
:10B060003FF459AF0320E7E7416800293FF453AFAD
:10B070000420E1E7416800293FF44DAF0520DBE7FC
:10B08000416800293FF447AF0620D5E74168002911
:10B090003FF441AF0720CFE7416800293FF43BAFC1
:10B0A0007F20C9E7416800293FF435AF8020C3E71E
:10B0B000416800293FF42FAF8120BDE74168002996
:10B0C0003FF429AF8220B7E7416800293FF423AF5E
:10B0D0008320B1E7416800293FF41DAF8420ABE72E
:10B0E000416800293FF417AF8520A5E74168002992
:10B0F0003FF411AF86209FE7416800293FF40BAF72
:10B10000872099E7416800293FF405AF882093E73D
:10B11000416800293FF4FFAE89208DE7416800298E
:10B120003FF4F9AE8A2087E7416800293FF4F3AE87
:10B130008B2081E7104B007983F8A9010F4B9B6DA1
:10B1400098474FE70C4E037A8DF8043096F8580074
:10B1500096F88D308DF80530072201A91FF027FBE6
:10B1600000283FF4D8AE7C36D4E9010186E803001C
:10B1700038E700BF406400201C5D0020D05A030067
:10B18000BD4E037A8DF8043096F8580096F88D304D
:10B190008DF80530072201A91FF009FB00283FF4B4
:10B1A000BAAEBC36E0E7B44E037A8DF8043096F8B8
:10B1B000580096F88D308DF80530072201A91FF050
:10B1C000F6FA00283FF4A7AED4E9010106F18403A2
:10B1D00083E8030096F8A831022B7FF403AF96F8BA
:10B1E000C031002B3FF4FEAEA44BDB6A9847FEF75C
:10B1F0007DFAF7E6A04E037A8DF8043096F85800F1
:10B2000096F88D308DF80530072201A91FF0CFFA8E
:10B2100000283FF480AEC436A6E7436802930123BA
:10B220008DF80C30944B02A993F858001FF0CEFA19
:10B2300000287FF4D7AE6EE6436802930023EFE761
:10B2400003795A1E0E2A3FF666AE8B4A82F8783092
:10B25000C8E6894B42685A66C4E6874B42689A66DC
:10B26000C0E6854B4268DA66BCE6834B42681A67E3
:10B27000B8E6814B42685A67B4E67F4C037994F88C
:10B2800058008DF80430062201A91FF090FA00281A
:10B290003FF441AE9DF8043084F8DD30A2E6764CF0
:10B2A00003798DF8043094F8580094F88C308DF8B8
:10B2B0000630052201A91FF07AFA00283FF42BAED0
:10B2C0009DF8043084F849308CE66B4C037994F88F
:10B2D00058008DF804300A2201A91FF068FA0028EE
:10B2E0003FF419AE9DF8043084F8DC307AE6624C05
:10B2F000037994F858008DF80430092201A91FF051
:10B3000056FA00283FF407AE9DF8043084F8483020
:10B3100068E64368B3F5FA7F3FF6FDAD564AC2F8DA
:10B320009C30D3655EE6544B027983F8A02083F805
:10B33000602057E6504B4268C3F8942052E64E4BCB
:10B340004268C3F8D4204DE64468002C3FF4E3ADD6
:10B35000012B40F0F98034212046FCF76DFA636B35
:10B36000984204D14448382221461EF07EFB04F165
:10B3700038061C213046FCF75FFA636D984204D111
:10B380003F48202231461EF070FB04F158064FF46E
:10B39000C0713046FCF750FAD4F8D83198421DD12C
:10B3A00038484FF4C27231461EF05FFB95F81734EF
:10B3B00085F8E833304BD3F88420C5F8EC2393F8B4
:10B3C0008D2085F8F823012285F8F923022285F8DB
:10B3D000FA232A4A93F8A901936D984704F5EE766B
:10B3E0004FF4CE713046FCF727FAD4F87833984200
:10B3F00005D125484FF4D07231461EF036FB04F5D6
:10B400005F7610213046FCF717FAD4F88C33984257
:10B4100004D11E48142231461EF027FB04F5647641
:10B420004FF45E713046FCF707FAD4F808379842BB
:10B4300005D117484FF45F7231461EF016FB04F237
:10B440000C7614213046FCF7F7F9D4F820379842EF
:10B450007FF4C8AD0F48182231461EF006FBC1E547
:10B460008379012B3FF657AD034B4268C3F8BC21EB
:10B47000406801F0B3FCE1E51C5D0020D05A0300F8
:10B48000545D0020745D0020F85E0020986000206C
:10B49000AC600020286400202C4B027983F8AF2197
:10B4A000A0E543682A4A93423FF635AD274A92F811
:10B4B000C01102297FF42FADC2F8CC314FF47A725B
:10B4C00053432448C5F8D434FCF752FA2148D5F840
:10B4D000D4141EF08AFB1F48FCF7D4F982E54368B8
:10B4E0001B4A93423FF617AD184A92F8C011022941
:10B4F0007FF411ADC2F8D0314FF47A72534316483D
:10B50000C5F8D434FCF734FA1348D5F8D8141EF033
:10B510006CFB1148E0E70D4B8288A3F8982061E5A9
:10B520000A4B8288A3F89A205CE5084B8288A3F82E
:10B53000D82057E5054B8288A3F8DA2052E51EF0A3
:10B5400033FF47E51720E7E40120E5E41C5D002018
:10B5500037894100CC680020E46800202DE9F041E3
:10B5600086B00023ADF800300546002800F0FC80CE
:10B570000361FEF7DDFD20B10126304606B0BDE8CF
:10B58000F08101F0B5F90028F6D101F0ABF90146E0
:10B5900018B9764814221EF07CFA754C94F8893458
:10B5A000012243F0040384F8552484F889342B786D
:10B5B0008DF804300021013B8DF80520ADF8061010
:10B5C0000C2B00F2C280DFE803F0077283888D97AE
:10B5D000C0C09DC0B4A1B000D4F8406316F02006EE
:10B5E000CAD12F79022F2ED1624F3046FDF74CFF82
:10B5F000324695F9051097F858001FF03DF90723DA
:10B6000087F84900FF208DF80530FFF7A3F80646BC
:10B6100000286DD095F9051097F8580001221FF009
:10B620002BF9D4F8E03487F849002B6101F05AF97E
:10B630000028A2D194F8893484F8160460F38203B8
:10B6400084F8893499E7012F7FD1DFF8288102231C
:10B6500098F858008DF8143002A988F8AD611FF0F1
:10B66000A0F82B7988F8C031D4F8E0342B6101A818
:10B670008DF805608DF8067001F08CF83E4B1A7855
:10B6800022B93E493E481F701EF0A7FAD4F8403355
:10B690003B4843F48073C4F84033FCF769F93848F9
:10B6A0000A211EF0A2FA3648FCF7ECF80EE002235D
:10B6B00084F854340020FFF74DF8D4F8E0342B61BF
:10B6C00006460028B2D101A801F064F8002654E72C
:10B6D000032384F854340120EDE7042384F8543420
:10B6E0000220E8E700226946022000F025FFB0BBF7
:10B6F000D4F8E0342B61E6E72A7BA968A888FFF735
:10B70000ADF8DAE7002269460D20EEE7194B93F811
:10B71000A831D3B92E7906F007001EF03EFE8DF851
:10B720000060012269461020DFE7002269461220EE
:10B73000DBE78DF807201EF021FE064650B91EF00B
:10B740001AFE30461EF01CFED2E7D4F8E0342B611E
:10B7500002266BE7D4F8E0342B61012666E7D4F8C3
:10B76000E0342B61132661E7032606E79468002086
:10B77000406400201C5D0020D4E8002039930000C4
:10B78000286900202DE9F04FB74BDFF8E0B2B84C44
:10B79000ADB009A81B682B934FF000031EF02EF8E4
:10B7A000DBF80050002309A8CBF800301EF02FF87A
:10B7B000002D00F0E480EBB2A906039365D5AD4DF2
:10B7C00095F8A831022B02D0AB4BDB6A98470BA847
:10B7D000AA4F1EF013F81EF019FA3E68D4F8B813F9
:10B7E000361A3144A6481EF000FAA548FCF74AF87C
:10B7F000D4F8BC13A34831441EF0F7F9A148FCF774
:10B8000041F80BA81EF003F894F81634002B00F052
:10B81000068114230CA995F858008DF830301EF0DD
:10B82000B0FFD4F8BC130A90014497481EF0DDF92C
:10B830009548FCF727F83B6894F81724EB630EAFA4
:10B8400038468DF8402011931EF09FF9D5F8B83195
:10B85000009306AE97E80600D5F8B43130461EF0E6
:10B8600035F996E8030013AB83E80300D4F81834E5
:10B87000129395F8C03195F85800003B18BF01238A
:10B8800010A98DF841301EF086FF039BDA064AD5D9
:10B89000784DDFF8F891D5F8E42005929BF8002068
:10B8A000B9F90AA099F90C70A4F82AA4002363F34B
:10B8B00000020B93ADF8203084F84434A4F81E3411
:10B8C00084F82134C4F82434A4F8283484F82E34BD
:10B8D000C4F8303484F81C34C4F8343484F8383470
:10B8E000C4F83C34644B8BF8002094F88824DB6A5D
:10B8F00084F82C7484F82D24D9F80480B9F80860F1
:10B90000984794F82D3413B95E48FCF731F8314666
:10B9100040461EF038FD8346002800F08380A4F8DE
:10B920007AA484F87C74039B19071AD5514B93F8B9
:10B93000A831022B02D0504BDB6A98470220FDF75A
:10B94000C5FC84F8410400F073FF94F8163413B179
:10B95000012384F8153494F8893443F0100384F8F3
:10B960008934039B5A0703D506210520FDF758FEAD
:10B97000039B9B0703D504210320FDF751FE1EF016
:10B9800020FD94F88924D70640F1AD83002384F884
:10B990008A34D4F840331E0644BF23F08203C4F82F
:10B9A000403312F0050F00F01E830B2000F05AFF09
:10B9B000002800F0188394F88934DD0700F1138320
:10B9C000580740F13683D4F8403323F00203C4F81B
:10B9D0004033D4F84013002940F07C8394F8893434
:10B9E00013F0010003F0040500F0668361F3000327
:10B9F0005E0784F88934DAB204D5134661F3820312
:10BA000084F88934012384F88A34D4F844332048F4
:10BA10001B689847002D00F0558300F039BC84F86E
:10BA2000413408E795F8A831012B0CD11EF0AFFC8A
:10BA3000824668B158461EF09FFC58461EF0A1FC95
:10BA4000042384F82D342EBB012384F81D34B6E181
:10BA50001EF09FFC0028F6D050461EF08EFC50468B
:10BA60001EF090FC0523ECE7B48A0220005D002064
:10BA7000406400201C5D0020D05A0300FC5C0020C4
:10BA8000C8670020E06700203C680020EC5C0020D4
:10BA90008068002098F800B01BF0030FD4D14FEA63
:10BAA0005B13013B062B00F28A82DFE813F00700EC
:10BAB0008802DD008802DA0088027802102EC3D9DD
:10BAC00095F8C031CDF85480F6B28DF858601BB1AE
:10BAD00095F8D431002BB7D0FDF7DCFB15AA014651
:10BAE000FF2001F03DFCB8B3FDF7D4FB15AA0146D9
:10BAF000002001F035FC88B3FDF7CCFB15AA014608
:10BB0000012001F02DFC58B3FDF7C4FB15AA014636
:10BB1000022001F025FCA8B904279DF8643095F8AF
:10BB2000580003F00F020F2A1CD0C3F303038DF853
:10BB30003030072295F88D308DF831300CA91EF089
:10BB400036FE78B9012000F08DFE002876D0012164
:10BB5000072000F05BFE71E00127DEE70227DCE74B
:10BB60000327DAE79DF85F309DF85E209DF86410AA
:10BB700095F858001B0443EA02239DF85D20134307
:10BB8000C5F8E030189BC5F8E430C1F3021385F81E
:10BB9000793001F00F030F2B1EBFC1F3030385F8AB
:10BBA000803085F888309DF86530012B4FF47A722B
:10BBB00038BF01235343AB661344A94AEB6611F027
:10BBC000800FA84B08BF1346C5F8BC310DF16603C2
:10BBD00011934FF0010894F817348DF84030113E5E
:10BBE00010A985F878808DF848601EF0E9FD0223E1
:10BBF00085F8C03195F8BE314BB10022A5F852202E
:10BC000008A942460B208DF8203000F095FC3846FC
:10BC100000F028FE18B13946002000F0F7FD95F835
:10BC2000D4312BB10023904885F8D431FBF7A0FE26
:10BC3000023F012F02D80120FDF726FC94F82D3495
:10BC4000012B00F2CA8194F81634002B40F0BD811C
:10BC500094F8893443F0100384F88934FDF736FBF7
:10BC600061E6012384F81C3495F88D308DF832306C
:10BC700094F820348DF8313095F858000D230CA934
:10BC80008DF830301EF07DFDA6F10D031BB20A9039
:10BC900023EAE37300B283423FF7D6AE0B2E7FF662
:10BCA000D3AE724B28931FA8FF23CDF87C808DF86C
:10BCB00080608DF8A4301EF0F4FB804600287FF4ED
:10BCC000C3AE95F8A831012B14D11EF060FB0646D7
:10BCD000002843D040461EF04FFB40461EF051FB6B
:10BCE00004239DF88810219884F82D34C1F30011A5
:10BCF0001EF066FB219AC4F8342410A91FA81EF078
:10BD0000ACFA804600287FF49FAE59490B90034659
:10BD1000D1F8EC0082422DD191F8E96056B330227F
:10BD200002FB035393F8EAA0D3F80C311B680B9382
:10BD300095F8A831022B02D1032384F82D349DF805
:10BD40004030032B7FF480AE9DF8883013F0600FF5
:10BD50007FF47AAE05904FF0010811E01EF019FB58
:10BD60000028C7D030461EF008FB30461EF00AFB04
:10BD70000523B6E70133042B01F13001C8D19A46FF
:10BD80009DF8403095F8BE610493BAF1040F10D8C5
:10BD9000DFE80AF02403202218000526BDF88A10E7
:10BDA0000BAA30461EF00EFBF0B1072801D1082384
:10BDB00000E0012384F81D340B9BC4F83034FDF7F8
:10BDC00047FBB0E5012E0BD1049B5BB1032B08BFF1
:10BDD0000226E3E70626E1E70726DFE70426DDE79C
:10BDE0000326DBE70226D9E71FAB009305990B9BDF
:10BDF0003246504601F0C6F920B1022814BF0B2389
:10BE00000A2322E60B9B94F82D64C4F830349DF885
:10BE1000883084F81D04C3F34013012E84F82E34B7
:10BE200084F844349EBF0123A86385F8AE31B8F18D
:10BE3000010F84F81E84C4F8240484F8280484F8CC
:10BE4000410417D1022384F81C3495F84A301BB9F9
:10BE50009DF88830DB062CD595F8A83163B328E02F
:10BE60000004000100010101FC6800207866002048
:10BE70001C5D00200BF0E00BBBF1A00F32D195F858
:10BE8000BE31012185F84A100BB92A9B6B64012E43
:10BE900084F81C1440F23F824FF4FA53C4F83C3447
:10BEA000D9F80030C4F8E43495F8A831002B00F03C
:10BEB0004182D4F83C3413B1012384F82134012E9B
:10BEC00094F840249DF8883005D8012A01D19E06B7
:10BED00001D500F0C9FB049A032A5AD8DFE802F022
:10BEE00008215212002385F84A3084F81C34AFE749
:10BEF0009DF8881094F82D343A4601F00F0123A8DC
:10BF0000FDF708FD9DF89C3084F81F34289BC4F889
:10BF100024349DF8A43084F82834012384F829348B
:10BF20000DE09DF8881094F82D343A4601F00F0189
:10BF300023A8FDF7EFFC9DF89C3084F81F3495F89A
:10BF4000D4315BB1C248002685F8D461FBF710FDFF
:10BF500094F88934580748BF84F855649DF89C20AC
:10BF6000E02A08D195F8AF312BB984F81F24C4F822
:10BF70002434A4F8283494F8893443F0020384F874
:10BF800089345BE694F82D349DF8A41028983A463D
:10BF9000CFE7012384F81D34FDF75AFACFE7AD4D02
:10BFA000013EB2B208F1010128461DF05EFD0323F7
:10BFB000A4F81C34C4F8245484F82864DBE7012373
:10BFC00084F81D34FDF744FA38E694F84434002B25
:10BFD0003FF43EAE0020FDF727FA94F82D34022BF3
:10BFE0003FF43CAE34E694F88934590721D501205A
:10BFF00000F038FC48B1002384F81434D4F84033FE
:10C0000023F00203C4F8403313E0022000F02AFCBE
:10C010000028F0D1032000F025FC0028EBD10420FB
:10C0200000F020FC0028E6D1062000F01BFC0028D0
:10C03000E4D194F88934DA077FF5CBAC94F8402446
:10C040000AB1032A18D1844A94F8141492F878207B
:10C05000914205D29B0723D594F82D34012B1FD88C
:10C060007E48FBF785FCD4F8403323F02003C4F866
:10C070004033FDF7C5FFACE4012A11D194F8152433
:10C08000002A3FF4A6AC744A94F8141492F878206D
:10C090009142E5D29F0703D594F84434002BDFD1B9
:10C0A00094F8893400206FF3041384F8893484F8F9
:10C0B0001504FEF799FA8CE40122002D40F0E2808D
:10C0C00084F88A241EF06BF994F889346FF3041312
:10C0D00084F88934012384F88A3494F8893443F04D
:10C0E000200384F8893494F88934180708D56FF34D
:10C0F000C30384F88934D4F844335948DB6898473B
:10C1000094F88934990708D56FF3410384F889348A
:10C11000D4F8443353485B689847D4F84033ABB9FC
:10C120004D4DD5F8C421E96C8A4240F0C08095F8A5
:10C13000BE11002900F0BB80002A00F0B880EB643B
:10C1400010A802238DF84030FFF708FA94F88834DD
:10C15000022B01D1FDF7CAFA94F889349A0640F10E
:10C16000EC80D4F840536FF3451384F88934002DE4
:10C1700040F0E380384E34213046FBF75DFB736BB3
:10C18000984218BF70634FF01C01374818BF012553
:10C19000FBF752FB736D984218BF70654FF4C07186
:10C1A000324818BF45F00205FBF746FBD6F8D831F8
:10C1B000984218BFC6F8D8014FF4CE712C4818BF6A
:10C1C00045F00405FBF738FBD6F87833984218BFE2
:10C1D000C6F878034FF01001264818BF45F008054F
:10C1E000FBF72AFBD6F88C33984218BFC6F88C03AD
:10C1F0004FF45E71204818BF45F01005FBF71CFB9B
:10C20000D6F80837984218BFC6F808074FF014014F
:10C210001A4818BF45F02005FBF70EFBD6F820376B
:10C220009842D4F848331CBFC6F8200745F04005B3
:10C23000002B00F082809B68002B7ED0104A116892
:10C240002B9A51404FF0000260D027F0F2FE00BF61
:10C25000FC680020786600201C5D0020B06700208C
:10C26000A86800205C680020545D0020745D0020F8
:10C27000F85E002098600020AC6000202864002058
:10C28000B48A022060F3820384F8893484F88A2413
:10C290002F4800F0F3FA00F025FB00283FF412AF1E
:10C2A00094F8893443F0040384F889340AE795F854
:10C2B000D5315BB1022310A88DF84030FFF74EF95D
:10C2C00000287FF443AF85F8D5013FE795F8D631D4
:10C2D0005BB1032310A88DF84030FFF73FF9002829
:10C2E0007FF434AF85F8D60130E795F8D731002BCD
:10C2F0003FF42CAF042310A88DF84030FFF72EF93F
:10C3000000287FF423AF85F8D7011FE728462DB01A
:10C31000BDE8F04F184795F8A8019DF8883094F8CB
:10C32000402420B1D4F83C0400283FF4CEAD84F87A
:10C330002114CAE584F82114CDE5064B1A682B9B1D
:10C340005A404FF0000380D12DB0BDE8F08F00BF00
:10C3500094680020B48A02202DE9F04F07468DB082
:10C3600020B9032210460DB0BDE8F08F0023036111
:10C37000FDF7DEFE0446002840F0B8803E460FCEB2
:10C3800007AD0FC5DFF86881BB895A485A4D3E7822
:10C3900097F90EB00193142221468DF808401DF044
:10C3A00078FB012288F8412495F8C021022A11D196
:10C3B00095F8A821022A0DD195F8AE2152B9012E87
:10C3C00047D9032E52D0012E38BF0126A3464FF085
:10C3D000000911E0012E3CD0032E47D0002E55D18C
:10C3E0009DF808209DF82090DDF824A0022161F33B
:10C3F00047128DF80820012495F88C108DF816103E
:10C40000022205A995F858008DF814201EF0B9F9FC
:10C4100095F8AA3195F8C0C195F8AD1140B2022245
:10C42000C3BB002C3CD05845B8BF584695F88C305B
:10C430008DF81000052295F858008DF8123004A9E7
:10C440001EF0B5F900288CD09DF8103085F84930E1
:10C450002CE09DF808209DF82090DDF824A0042110
:10C4600061F347128DF808200126C4E79DF80830D3
:10C47000DDF820A09DF926B043F0E0038DF80830E8
:10C48000BDF82430019303260124A0E74FF0000BF0
:10C49000D946B1E7BCF1010F06D129B9002CC5D1AD
:10C4A000D8F8E0343B615DE7002CF9D0D8F8E4041B
:10C4B00038B11DF0B2FBB0F5FA5F84BF002385F8F8
:10C4C0004A305246019B494602A8FEF7C5F802468B
:10C4D00040B998F8893488F8406443F0010388F83B
:10C4E0008934DDE7002388F81634D9E7012239E7DB
:10C4F00040640020806800201C5D0020012809D0D5
:10C500000538C3B21B2B04D80348D84000F0010003
:10C5100070470020704700BF7910000810B5054C27
:10C520004FF40372204600211DF0B3FA0020C4E945
:10C53000000010BDC06900202DE9F8430546904673
:10C5400000293DD0204C2023224604F1100012F88F
:10C55000019FB9F1000F2BD18242F8D11B4F3B68EC
:10C56000013403B93C607B6803B11C60002626607F
:10C57000601D7C60C4F8088025711FFA88F21DF0E8
:10C5800074FA2846013DEDB2FFF7B8FF1F2D98BFA2
:10C590000F4E20739CBFEE4006F001066673D7F87D
:10C5A000083201334344C7F808324846BDE8F883EF
:10C5B000013B13F0FF030446C6D14FF00209F4E734
:10C5C0004FF00109F1E700BFC7690020C0690020F2
:10C5D0000104008010B520B3144BD3E90021904230
:10C5E00015D102681A60884201D100225A600024E5
:10C5F0000460D3F808228168013A521AC3F808226D
:10C60000214610221DF045FA204610BD224652B1A7
:10C610001468A042FAD1884200D15A6001681160C2
:10C62000E5E70120F1E78842E0D0E0E7C0690020BB
:10C63000054B1B6813B11A798242FAD1002B0B60AB
:10C640000CBF032000207047C069002010B5054BC7
:10C65000186800B910BD037B04680BB9FFF7BAFF77
:10C660002046F6E7C069002038B50C4B0C4C196821
:10C6700009B9084638BD0A790D681046FFF73EFF34
:10C6800050B1013AD2B21F2A03D824FA02F2D307DA
:10C6900002D40846FFF79EFF2946E9E7C06900205B
:10C6A0000104008028B1044BD3F808320360002055
:10C6B00070470120704700BFC06900202DE9F0419C
:10C6C00007460E46154642B339B3154B1C68002386
:10C6D0002CB93046FFF7E6FF0020BDE8F081A268E4
:10C6E000F91A0132914215D32279EA54581C228951
:10C6F0005FFA80F8611D55FA80F01DF0B6F9A36865
:10C70000246898445FFA88F3E2E720462568FFF73B
:10C7100061FF2C46002CF8D1DBE70120DDE700BFEC
:10C72000C06900200138C0B21F289ABF014B185CB5
:10C730000020704710C4030030B50B4B93F8202045
:10C740000446084672B100211C330578A54208D082
:10C7500001319842CDB214BF04301038AA42F4D847
:10C76000002030BD1046FCE7CC6B002010B5084C13
:10C7700000232060142204F10C00FF2184F82030F3
:10C78000C4E901001DF085F9012384F8213010BDB2
:10C79000CC6B0020114B93F82020042A1BD89A68F8
:10C7A000017811709A68417851709A68C178D17097
:10C7B0009A688178917093F82020013283F82020C4
:10C7C0009A6803F11C018A4214BF043203F10C027F
:10C7D0009A60012070470020704700BFCC6B00209A
:10C7E000094B93F8200068B15A6803F11C018A4292
:10C7F00000F1FF3014BF043203F10C0283F8200073
:10C800005A600120704700BFCC6B002010B5074B69
:10C8100093F820200446084632B15968FFF78CFF90
:10C8200010B101234470837010BD00BFCC6B002099
:10C8300030B50B4A92F82010536882F8210069B194
:10C84000012502F11C04D978587001B99D70A342EA
:10C85000916814BF0433103B9942F4D130BD00BF3E
:10C86000CC6B002008B5044B5968FFF765FF003812
:10C8700018BF012008BD00BFCC6B0020F7B5042213
:10C88000174D044600210DEB020095F820701DF0B5
:10C8900000F90026F3B29F4201D803B0F0BD6B68E7
:10C8A0001B7823706B685B7863706B689A783AB119
:10C8B0002B6820469B689847FFF792FF0136E9E70F
:10C8C0001A788DF804205A78DB788DF805208DF8D9
:10C8D0000730FFF785FF01A8FFF75CFFEEE700BF19
:10C8E000CC6B0020014B93F820007047CC6B0020EC
:10C8F000034B93F82000042894BF002001207047C8
:10C90000CC6B0020F0B51F46214B87B00C46054686
:10C910001B6805934FF000031146A2B3062806D00A
:10C92000072806D005282CD00120012603E004208A
:10C93000FBE70220002600230822CDE902330493FE
:10C940008DF80400230A0DEB02008DF80540240C3D
:10C950008DF806308DF807401DF091F82A463146D3
:10C9600001A8ADF81070FCF7B1FB002818BF0E202D
:10C97000074B1A68059B5A404FF0000305D027F07B
:10C9800058FB0320D1E70920F2E707B0F0BD00BF54
:10C99000B48A022030B51A4C87B0246805944FF051
:10C9A000000407284FF00004CDE903440CBF022423
:10C9B00001248DF804408DF805100C0AADF808200C
:10C9C000090C120C8DF807108DF80A208DF80B3029
:10C9D00002461B0A012101A88DF80C308DF8064093
:10C9E000FCF774FB064B002818BF0E201A68059B45
:10C9F0005A404FF0000301D027F01BFB07B030BDB9
:10CA0000B48A02202DE9F0410D468AB02E499046A5
:10CA1000096809914FF00001119A074600284CD08F
:10CA200000240121CDE905448DF814109DF8401033
:10CA30008DF81910ADF81A30190CCDE901441B0E10
:10CA4000CDE903448DF81D30ADF81E20130C120EF5
:10CA500008948DF81C108DF820308DF82120E3B259
:10CA60001E01002DF6B209DC0020174B1A68099B45
:10CA70005A404FF0000324D027F0DBFA01338DF841
:10CA80002330424601AB102105A8FCF781FA03468A
:10CA9000A8B9102D28463E44A8BF102001A932781D
:10CAA00011F801CB013382EA0C02984206F8012BFF
:10CAB000F5DC103D2DB20134D1E70920D5E70E2079
:10CAC000D3E70AB0BDE8F081B48A0220F0B506468B
:10CAD00031488BB0006809904FF0000000242F48C7
:10CAE000CDE90544CDE90144CDE90344CDE907444E
:10CAF00000682B4C4FF0010C8DF814C0D0F800E00A
:10CB0000A645DDE910570FD963450BD9022B27D075
:10CB10000820214B1A68099B5A404FF0000339D076
:10CB200027F087FA8DF818C00B0CADF81A108DF8A5
:10CB30001C30ADF81E502B0C090E2D0E8DF8203038
:10CB40008DF819208DF81D108DF82150144B0268B6
:10CB50009A4284BF01238DF8233026B90020D8E7FC
:10CB60008DF81830E0E701AB0622102105A8FCF78C
:10CB70000FFA68B900F128030DEB03023B5C12F8D1
:10CB8000242C53403B540130C0B2B042F2D3E5E70D
:10CB90000E20BEE70BB0F0BDB48A0220F06B00207F
:10CBA000000001017FB50F4B7F221B6805934FF0FA
:10CBB00000030821002301A8CDE90133CDE90333A7
:10CBC000FCF784FA074B002818BF0E201A68059B53
:10CBD0005A404FF0000301D027F02BFA07B05DF860
:10CBE00004FB00BFB48A02200138062823D8DFE8FE
:10CBF00000F0040A0E12161A1E00104B1B681B6967
:10CC00000B60002070470D4B1B685B69F8E70B4B0E
:10CC10001B689B69F4E7094B1B68DB69F0E7074B6E
:10CC20001B681B6AECE7054B1B685B6AE8E7034B74
:10CC30001B689B6AE4E70520704700BFF06B00208B
:10CC40002DE9F0431D46324BC7B0DDE94E760C4668
:10CC500090461B6845934FF00003814600284FD053
:10CC6000B1F5807F4ED84FF48872002101A81CF0E6
:10CC700010FF49238DF80430002D3ED0254B1B6852
:10CC8000DA68D3B2C2F307228DF806204FF480721F
:10CC9000ADF808203A0C8DF80C20320C8DF80530D8
:10CCA000ADF80A700023ADF80E608DF810204946EB
:10CCB000224605A83F0E360E8DF807308DF812304B
:10CCC0008DF80D708DF811608DF813401CF0CDFEBD
:10CCD00004F11001509A434689B201A81DF0A0FA50
:10CCE00010B1012818BF0E20094B1A68459B5A4005
:10CCF0004FF0000308D027F09CF92B462A46C3E7E3
:10CD00000920F1E70D20EFE747B0BDE8F08300BF51
:10CD1000B48A0220F06B0020F0B5134689B01F4A98
:10CD2000109F0C46DDE90E65126807924FF0000275
:10CD3000014660B3B4F5807F2BD8300C49220392B2
:10CD40008DF814000022280CADF81020ADF8126008
:10CD5000ADF816508DF818008DF81A20360E2D0EED
:10CD60000097224603A88DF815608DF819508DF8AC
:10CD70001B401DF04FFA002818BF0E20074B1A6801
:10CD8000079B5A404FF0000305D027F052F90920C5
:10CD9000F4E70D20F2E709B0F0BD00BFB48A02202D
:10CDA00010B5A8B10B4C3822002120601CF071FE98
:10CDB0002368094A1A6000204FF0FF32C3E90302DA
:10CDC000C3E90522C3E90722C3E909221A6310BD9A
:10CDD0000820FCE7F06B002000010101024B1B68FA
:10CDE00018600020704700BFF06B002030B1044B8A
:10CDF0001B68DB680133036000207047092070471F
:10CE0000F06B002081B1082803D0092808D0052044
:10CE10007047064B1B8801339BB20B800020704784
:10CE2000034B1B689B8DF6E709207047BAE700208B
:10CE3000F06B002080B1094B1B6803F11C024262B9
:10CE400003F12002426503F124022833C0F8842054
:10CE5000C0F8B4300020704709207047F06B002004
:10CE600030B5304B89B01B6807934FF00003044680
:10CE700000284ED02C4B1A68938801339BB29380C4
:10CE800000F10E05C3820023CDE90333CDE905335C
:10CE90000822062329460DF10D008DF80C301CF0F8
:10CEA000EEFD0222012103A8FCF710F990B9CDE9AB
:10CEB0000300CDE905000523082229460DF10D00E8
:10CEC0008DF80C301CF0DBFD0322012103A8FCF7D8
:10CED000FDF848B11220134B1A68079B5A404FF0D7
:10CEE00000031CD027F0A5F820461DF035FB90B9B3
:10CEF00004F1180300932168012313221DF08AF91D
:10CF000058B920461DF028FB003818BF0120000149
:10CF1000E1E70920DFE71020DDE70E20DBE709B0BD
:10CF200030BD00BFB48A0220F06B002037B5044644
:10CF3000F8B1134D2B689A8D4FF6FF739A421AD0B1
:10CF40001DF03EFB10B1102003B030BD04F11C03F6
:10CF500000932168022314221DF05CF968B9204671
:10CF60001DF02EFB0028EED12A68938D01339385A6
:10CF7000EAE70920E8E71120E6E70E20E4E700BF32
:10CF8000F06B002037B50446E8B1124D2A884FF601
:10CF9000FF739A4219D01DF04BFB10B1102003B063
:10CFA00030BD04F114030093216805230F221DF006
:10CFB00031F960B920461DF03BFB0028EED12B88EB
:10CFC00001332B80EBE70920E9E70420E7E70E2097
:10CFD000E5E700BFBAE700202DE9F04F1746674AA2
:10CFE0008DB00446884612680B924FF000021E4630
:10CFF000002B53D0624D2B68DB68834200F2B9806E
:10D0000096F82020002A0CBF06220722834206D36E
:10D0100030461DF045FB034640B310201CE00023C2
:10D0200001900093B36896F82810706AFFF7EAFC45
:10D0300090B92B689B78012BEAD106F1100396F882
:10D040000CC0CDE9004302460346B1680CF00F0066
:10D05000FFF73CFD0028DBD0484B1A680B9B5A4079
:10D060004FF0000300F0878026F0E3FFD5F800A022
:10D0700096F804C09AF802E03068B6F80890B268F2
:10D08000ACF1040CBEF1010F1FFA8CF166D196F8D9
:10D090000CE0CDE90533CEF3401E08B90920DBE7EB
:10D0A000B1F5807F01D90D20D6E74FF0490B8DF8FF
:10D0B0001CB0BEF1000F4DD0DAF830305FFA83FEBD
:10D0C000C3F307238DF82070170C120E8DF81E3055
:10D0D0008DF825200023220C8DF821308DF8282092
:10D0E0008DF82A30220E05AB8DF8292000930A46D0
:10D0F0000523014607A88DF81DE08DF81F80ADF8C7
:10D1000022908DF82470ADF826408DF82BC01DF0CC
:10D1100081F808BB06AA337B3179CDE90142B268B8
:10D12000009204393068C3F34013042289B2FFF738
:10D13000F3FD002890D1BDF81430069A43EA02436B
:10D14000F36230461DF0ACFA00287FF466AF2B681E
:10D15000DC6081E79E46B5E70E207DE706F12C07EF
:10D160000092CDE901470622FFF7D6FD0028E8D05E
:10D1700072E7062070E70DB0BDE8F08FB48A022098
:10D18000F06B00202DE9F04F87B08146109E884655
:10D1900017461C46002E00F09480002305A9104677
:10D1A0000593FFF721FD20B10625284607B0BDE80D
:10D1B000F08F059B9C4201D80133F5D130461DF01C
:10D1C00070F9054600287ED1404B13F825104945DB
:10D1D00003EB850204D1B368434506D00225E4E79A
:10D1E0000135052DF1D10B25DFE7DFF8E4A0F06A6A
:10D1F000DAF80010337B897892F801B00029317990
:10D20000CDF80080CDE90140A1F10401C3F3401342
:10D210009278306808BF002389B2FFF711FD0546F8
:10D220000028C2D196F820300194002B4FF0010362
:10D23000009396F82810706A434614BF5A46062297
:10D24000FFF7E0FB05460028AFD1DAF800309A7806
:10D25000012A08D0013F062FA7D8DFE807F0151AEA
:10D260001E22262A2E00B9F1040FF3D1307B10368E
:10D27000CDE900463B46414600F00F00FFF726FC93
:10D280000028E7D0054690E7DAF800301C611C63FF
:10D290008BE7DAF800305C61F9E7DAF800309C617E
:10D2A000F5E7DAF80030DC617FE7DAF800301C627D
:10D2B0007BE7DAF800305C6277E7DAF800309C62EE
:10D2C00073E7092571E70F256FE700BFD20600203D
:10D2D000F06B00207FB5144B1B6805934FF00003E3
:10D2E000E1B90128CDE9011108BF2023CDE90311DF
:10D2F0004FF008024FF0000101A808BF8DF804307C
:10D30000FBF7E4FE002818BF0E20074B1A68059BA8
:10D310005A404FF0000303D026F08BFE0A20F4E7BA
:10D3200007B05DF804FB00BFB48A022038B505469B
:10D330001CF08CFF044610B10E24204638BD002D91
:10D34000FBD1064B1B6801469878FFF7C3FF002806
:10D35000F2D1FFF727FC0028EFD0EDE7F06B0020BB
:10D360002DE9F043644B91B0044689461B680F9346
:10D370004FF000031646002A00F0B180002900F0AB
:10D38000AE800025DFF8748106951D22294607A886
:10D3900027F020F8D8F800308DF81750FF2C9F8820
:10D3A00005D014F0FD0F0ABF554B9F8D1F880DF15E
:10D3B000170306AD029301953379009333683A461B
:10D3C00049462046FBF7B0FE002840F08A803068CE
:10D3D000327929461CF049FB30461DF014F800282C
:10D3E00040F08180357AF279B3799DF817002D04E9
:10D3F00045EA02251D43D8F8003001289A6803D178
:10D40000954203D803243EE09542FBD09D60002165
:10D41000FFF760FF0446002835D1FFF7C3FB044641
:10D4200088BB9DF81730012B36D13B464A4629462A
:10D430000420FFF767FA002857D13B464A462946A1
:10D440000520FFF75FFA00284FD13B464A462946A0
:10D450000620FFF757FA002847D13B464A4629469F
:10D460000720FFF74FFA00283FD1D8F800309DF889
:10D47000172023499A7000220A80DA604FF0FF32A9
:10D48000C3E904229A611C4B1A680F9B5A404FF063
:10D4900000032CD026F0CDFD737AB27AF67A3604EA
:10D4A00046EA02261E4332463B4629460720FFF73E
:10D4B00071FAD0B93B46324629460620FFF76AFA90
:10D4C00098B93B46324629460420FFF763FA60B913
:10D4D0003B46324629460520FFF75CFAC3E709249C
:10D4E000D1E70E24CFE70F24CDE70446CBE7204653
:10D4F00011B0BDE8F08300BFB48A0220F06B0020B9
:10D50000BAE7002000487047030001022DE9F74FF9
:10D510000C469246984607461CF078FB2E4EDFF8E4
:10D52000BCB00190182313FB0A4A00254FF0FF39C5
:10D53000544507D1002D14BF48464FF0FF3003B0CB
:10D54000BDE8F08F60681CF068FB0D9B228857BB1C
:10D55000642A38BF6422B3F5616F94462AD349F632
:10D56000AF218B421E491F4B94BF31465B46984208
:10D57000216104D2A268934201D162681AB9019A6A
:10D58000E160C4E901230F9B03FB0CF2E3689342C3
:10D5900003D8B8F1000F12D18FB1012323751D44B8
:10D5A000EDB21834C4E7B8F1000F06D0012A38BF35
:10D5B0000122944631463346D9E7E660F6E7002378
:10D5C0008A422375EDD2A268824228BF131A994578
:10D5D00028BF99460135E3E780EE3600809B82073D
:10D5E00070460D00803F5C02024B03FA00F0B0FB76
:10D5F000F1F0704740420F0051F82000054B98426F
:10D6000005D0054BC31A58425841400070470120CD
:10D61000704700BF90D0030020A10700F0B52A4B4F
:10D6200085B01B6803934FF000030023CDE901335D
:10D630000D46174648B90320234B1A68039B5A40EE
:10D640004FF000033DD026F0F4FC0029F3D0002A6F
:10D65000F1D00A781646C6F34703002430F81310B9
:10D66000F30754BFC9B2090A234641FA04FC1CF06F
:10D67000010F06D003F1100CEC4401330CF80C4CF4
:10D68000DBB20134082CF0D1741CE4B233B9082C9D
:10D6900028BF0024A242CED02646DCE7591E002037
:10D6A0001CF0D6F900F110030DEB0300082C10F864
:10D6B0000C3C28BF002403EBC6033B7000202C70F9
:10D6C000BAE705B0F0BD00BFB48A022030B50B4BFD
:10D6D00085B00C460A491D56FFF78EFF0822014609
:10D6E0000020CDE90020074A0123E4B2029403930D
:10D6F000546A18462A46A04705B030BD54C40300FA
:10D700003C5B0300D05A03000B4B10B51B6A044668
:10D71000984768B1094B0A4A2344934209D8094AF9
:10D72000534341F6F632B2EBB31F2CBF0120002069
:10D7300010BD0020FCE700BFD05A0300608FF7C87F
:10D74000401640005FF743591FB50023009303784C
:10D75000013B362B68D8DFE803F01C676767676713
:10D7600067676767343638673D404346494C6754BE
:10D770001C565B6062676765671F676767676767F7
:10D78000676767676767676B711C1C676B1C1C7931
:10D790007D000823009347E043788DF8043004238C
:10D7A0008DF805304FF49043ADF806302C4B1B68D4
:10D7B00001A803F55872CDE902231DF04FFA00903D
:10D7C00032E04023E6E72023E4E790F90130254AE0
:10D7D000D35CDFE740F6B833DCE74FF47A73D9E780
:10D7E0004FF4FA63D6E741F28833D3E741F270731E
:10D7F000D0E71D484FF47A711CF02AF900F5FA6061
:10D80000DDE71A4BC6E7164B1B6803F55873C1E7F3
:10D81000134B1B6803F55B73BCE74823BAE7104B57
:10D820001B68B7E7124B0093009805B05DF804FB46
:10D83000104A0E4900791DF030FAC0E740F2174354
:10D84000ADF8003003238DF80230EDE790F9013098
:10D85000094ABDE7094990F90100FFF7CDFEAEE79F
:10D86000F86B002030C4030018FCFFFFA0700837DD
:10D870009A990042C027090054C403003C5B03008E
:10D8800037B50B4B02781B680C2101FB02335B7A26
:10D8900003EB4304074B1D6803690093C368427898
:10D8A000816805EBC4001DF087F803B030BD00BFF0
:10D8B000F86B0020F46B0020F0B587B00123047BE7
:10D8C000ADF800300023CDE90133CDE903338DF805
:10D8D00002308DF8143024B1013C012C4ED907B030
:10D8E000F0BD0368002BFAD04268002AF7D0304E12
:10D8F000806832602F4A304D10609C811822694642
:10D900002B601CF0B2F830682C4B2D4F02460146BC
:10D910004FF0300C0B6003F5433303F5A073BB42AB
:10D9200081F808C04C7201F10C01F3D1254B264956
:10D9300044270024C2F8003303F5C31303F5206322
:10D940008B4282F8087382F8094302F10C02F1D18C
:10D950004FF0FF33C0E9DB33FF23C0F8743300F529
:10D960005B71062200F558701DF017F831682868C1
:10D97000062201F558711DF010F8B0E70C4C206834
:10D98000062200F55B7100F558701DF006F80A4B91
:10D9900021681B6801F25E319A1E0A3332F8020FC9
:10D9A00031F8024F9A4200EA04001080F6D196E75F
:10D9B000F86B0020F46B0020FC6B00206001C83580
:10D9C00060518B36C0AFD235C0FF9536037A102B2D
:10D9D00070B526D14368DB7B012B22D1114B1E6829
:10D9E000114B1A6806F25E34023A0021436813F8BC
:10D9F000113024F8023F456805EB410504296D7894
:10DA000043EA0523238005D032F8025F2B401380C0
:10DA10000131EBE7DBB2A6F86833538821880B406D
:10DA2000538070BDF86B0020FC6B002070B50422A1
:10DA30000446002100681CF092FF012803D02579DC
:10DA40001DB1012D21D000201EE0144E2168306848
:10DA5000062200F558701CF0A0FF336893F8742379
:10DA6000A3F874230E4AA3F87653126803F25E33C8
:10DA7000911E0A3231F8020F33F8024F914200EA48
:10DA800004000880F6D1012070BD044B216818689D
:10DA9000062200F55B701CF080FFF4E7F86B0020B5
:10DAA000FC6B0020F7B50D28114DA8BF0D201C46BA
:10DAB0000E46587029461746FFF79EFD94F901302F
:10DAC0000C4A55F82310A070D05CFFF78DFD0A4B6F
:10DAD000DB6D0546984704F10C02083403460192B9
:10DAE00000943A46314628461CF0DFFF03B0F0BDF3
:10DAF0003C5B030054C40300D05A03002DE9F047F7
:10DB00001F4E90F90190736845688AB004468846B4
:10DB10009847002831D1A37C33B92378194A1A4D8C
:10DB200003F0070302FB0355184B284613F909A01D
:10DB3000F3689847637C099301250023CDE90735F5
:10DB4000CDE90533CDE90333228902920822CDE9DC
:10DB500000322846A178B7692B465246B8470C4B8D
:10DB600013F80910736D0D312846C9B2984788F82B
:10DB7000009028460AB0BDE8F0870020FAE700BF11
:10DB8000D05A0300C0270900A070083754C403000E
:10DB900030C403002DE9F04F374B384E90F902A006
:10DBA000D6F800B0914690F901209F560378884638
:10DBB0000C2101FB03B332495B7A096803EB430391
:10DBC00001EBC3038DB093F902100B92044650464B
:10DBD0001DF05FF80B9A042A05463FD15546022DE9
:10DBE000B8BF0225274994F90100DFF89CA0FFF790
:10DBF00003FD26490B90002228461CF07EFF217869
:10DC00000C22514383463068DAF80C204058904784
:10DC1000012600224FF47A630821CDE90723CDE9DC
:10DC20000522CDE90326CDE901610B9B00975946FA
:10DC30003046DAF81C70B847DAF85430217B3046A9
:10DC40009847A18994F90100FFF740FDC9F8000049
:10DC5000304688F800500DB0BDE8F08F0422002156
:10DC60000BF558701CF07BFE3128BBD85546052DAE
:10DC7000B8BF0525B6E700BF54C40300F86B002009
:10DC8000F46B00203C5B0300D05A03000000F0411D
:10DC90002DE9F04F7A4F93B0CDE901123968039323
:10DCA00007AE00240546062201F558713046C6E944
:10DCB00001440594ADF8184007941CF06EFEA04690
:10DCC0004FF0FF392B7AA34205D9686805A9204493
:10DCD0001CF086FE60B99DF91530032B65DC04222B
:10DCE000002107A81CF03BFE01285ED806235DE05A
:10DCF0009DF81730BDF818102044062BC4B205D18A
:10DD0000CDE90799C9B2ADF82410DBE7072B02D1A2
:10DD1000CDE90788F6E7052B41D14FF0000CC9B2D9
:10DD200060464FF0010B12AB0BFA0CF203EB400E06
:10DD300011423EF82C3C0CF0010A1CD092B2BAF110
:10DD4000000F0ED143F0FF032EF82C3CBDF8243019
:10DD500013430CF1010CBCF1080FADF82430E2D1F3
:10DD6000B0E763F0FF032EF82C3CBDF824301343DA
:10DD70000130C0B2EDE7D24392B2BAF1000F07D141
:10DD800023F0FF032EF82C3CBDF824301340E0E7CD
:10DD9000DBB22EF82C3CBDF824301340E8E712AA81
:10DDA00002EB430323F82C1C8CE707238DF82C305F
:10DDB000AB7A8DF82D309DF815308DF82E309DF80A
:10DDC00016308DF82F309DF814308DF83030EB7A06
:10DDD0008DF831302B7B8DF832306B7B8DF8333002
:10DDE00048238DF834304FF48063ADF83C303B6805
:10DDF00010930E23ADF844302B680A930DF11602F0
:10DE000005AB0DF115010AA80E961CF003FE0728BC
:10DE1000054623D138680622314600F558701CF0BB
:10DE2000BCFD184B3A681B68B2F8600319880140C2
:10DE30001980B2F86203598801405980B2F864032E
:10DE4000998801409980B2F86603D9880140D98049
:10DE5000B2F868131981B2F86A235A81019A9DF8C1
:10DE600015301370029A9DF816301370039A9DF8BE
:10DE7000143013701C9B28461C7013B0BDE8F08F43
:10DE8000F86B0020FC6B0020094B1B68587B69B9BC
:10DE90000130C0B25873C0EBC00300EBC300C0B286
:10DEA0001C288CBF00200120800070470138F0E75B
:10DEB000FC6B00202DE9F0470025A4B0524EDFF89E
:10DEC0004CA19846524B04460F469146294644229F
:10DED00012A81B6823934FF000038DF80A508DF8A9
:10DEE0000B50119526F076FA2946306804221CF072
:10DEF00036FD054648B9DAF800103068042201F50D
:10DF000058711CF04AFD33681D7394F9082033687A
:10DF1000DAF80010032A04DD1A7A12B9B1F868237E
:10DF20001A81CDE904313B4B627A1B680693482382
:10DF3000ADF81C30002308932368099363680A93A3
:10DF4000A37A8DF82C30D4E9030101238DF80C203D
:10DF50008DF82D3094F908208DF80D2003AB109327
:10DF60000CAB83E80300237DE18A8DF8383010463E
:10DF7000FFF7ACFB0DF10B030F900093CDF804906D
:10DF80000DF10A0311AA414609A81CF023FE05461B
:10DF900090B9637ACBB19DF80A1001391BF058FD96
:10DFA00000F190030DEB030010F84C3C3B70397806
:10DFB000306848221CF0BAFC154B1A68239B5A4063
:10DFC0004FF000031BD026F034F894F90830306885
:10DFD00063B1007A2B46D9B240FA01F1C9071A465B
:10DFE00003F10103F7D502F14003DFE73A4600F100
:10DFF0000C01FFF713FB0328D9D10546DCE72846BF
:10E0000024B0BDE8F08700BFFC6B0020F86B002057
:10E01000B48A0220F46B0020034B03EB8103985673
:10E0200020EAE070C0B2704740C403002DE9F74316
:10E030001B4EDFF870801C4F05460C4614B903B028
:10E04000BDE8F083EFF31189202383F31288BFF337
:10E050006F8F1DF02EF81549D1E90032C31842F137
:10E06000000008FB03F206FB0022A3FB0630DB19CD
:10E0700042EB0002C1E9003289F31188BFF36F8FD0
:10E08000042CA14628BF4FF00409019228464A46B5
:10E0900001A926F077F94D44A4EB0904CEE700BFAF
:10E0A000FDB0B087E62EBB272DF304B5C0040020D9
:10E0B000084B70B5C31A0D4607499B1004465943D7
:10E0C000064840221CF04AFE2B4601462046BDE889
:10E0D00070401847146C0020B76DDBB6B4450300E0
:10E0E00073B50C4C0C4A4023041B00930D460B46A1
:10E0F0000A49A4106143064609481CF05AFE011E55
:10E1000005DA30462B4602B0BDE87040184702B031
:10E1100070BD00BF146C00201BAE0200B76DDBB6F3
:10E12000B445030010B5EFF31184202383F3128864
:10E13000BFF36F8F074A136823F00201DB071160FA
:10E1400002D401201CF0C7FF84F31188BFF36F8F46
:10E1500010BD00BF646C0020002270B50121044690
:10E160001046F7F707FF0F4801F006FB0E4B9842E9
:10E1700015D101F011FB26690C4930461AF0BCFD9F
:10E1800000280BDB012535642469084904F11C00D3
:10E190001AF0B2FD002801DBE564002070BD6FF0CD
:10E1A0000400FBE7B1E200000000AD0B7C5B030064
:10E1B0007FB500220123CDE9022304ABCDE904336E
:10E1C000094ACDF800D06B46CDF804D01CF01EFEF5
:10E1D000002805DB4FF480420023684618F0C2FA9D
:10E1E00007B05DF804FB00BF39AE020030B4104B3D
:10E1F0000C2202FB003301460020D3E90E52986343
:10E20000EFF31180202484F31288BFF36F8F1C6C0E
:10E2100004F0C00444F002041C6480F31188BFF3CE
:10E220006F8F1DB12B46034830BC184730BC704778
:10E23000146C0020B445030010B4EFF311822023C6
:10E2400083F31288BFF36F8F1748016841F002040F
:10E250000460C80707D482F31188BFF36F8F0120D1
:10E2600010BC01F0ABBA4FF08041D1F80C04D1F8EA
:10E270000C14C907EFD5EFF3118083F31288BFF3B5
:10E280006F8F0A490B6C03F0C00343F002030B6469
:10E2900080F31188BFF36F8F82F31188BFF36F8F04
:10E2A000002010BCFFF7A2BF646C0020146C00209B
:10E2B00010B1012804D07047034B1B6C5B0701D1E0
:10E2C000FFF794BF704700BF146C00202DE9F041A8
:10E2D0003849BFF35B8F0746012251E8003F41E810
:10E2E00000200028F9D1BFF35B8F33B9324933489E
:10E2F0004B60CB608A601AF012FD7B1E012B2BD87D
:10E30000012F07D14FF08043D3F81C3403F00303EF
:10E31000012B21D025F09CFD0546F8B9284B1B7830
:10E32000E3B14FF080430222C3F808230646DFF82A
:10E3300094804FF08044D4F81824D4F81834D203D1
:10E3400015D503F00303012B01D0012F0FD155B3D5
:10E3500086F31188BFF36F8FBDE8F081EFF311866C
:10E36000202383F31288BFF36F8F0125DFE7ADB160
:10E3700030461BF0B2F9D4F81835002BDBD1D4F8B5
:10E380000421002AD7D0C4F80431D4F80431012381
:10E39000C4F81835C8F88031A360CCE700212120EB
:10E3A00025F00BFEE7E74FF080430222C3F8042379
:10E3B000D2E700BF106C0020006C0020306C002001
:10E3C000E7E8002000E100E0F0B54068057B01F0DF
:10E3D0001F0444EA4514056987B0002D64D0B2F5E6
:10E3E000001F00F1100506D1214628461CF004FF4D
:10E3F000002007B0F0BD01AE0027B2F5800F0197F5
:10E40000776039D1B3F1007F14BF052304238DF861
:10E4100004300023CDE904630393836823FA01F1F8
:10E4200011F001011AD1B2F1A07F17D104F01F033E
:10E43000620903F5E0732AD0012A3BD11F4A52F842
:10E440002330DB070AD40DF1030632462146284665
:10E4500001F09CFC1A4B98421CD0029603AA21465C
:10E46000284601F055FB174B984220D10122214646
:10E47000284601F0EFFCBBE7B3F1C06F05D0B3F164
:10E48000007F14BF01230223C1E70323BFE74FF03E
:10E49000A042D4E73146284601F0D6FC094B984209
:10E4A000DBD06FF00B00A4E76FF08500A1E76FF001
:10E4B00015009EE751F82330FFDE00BF0003005037
:10E4C0000400AD0B0000AD0B38B545682B69B3B146
:10E4D0001035284601F0A8FC044680B901462846BC
:10E4E00001F06EFC084B98420BD1084922462846A1
:10E4F00001F046FC224605210620F7F73BFD0020EF
:10E5000038BD6FF00400FBE70000AD0B11E5000023
:10E51000420970B5034602D0012A17D070BD0D4ED6
:10E52000326951680029F9D003F01F0301250C68F6
:10E530009D400029F2D08A682A4002D04B683046BC
:10E5400098472CB1236821461C46F2E7024EE7E7C4
:10E550002346F8E7E4450300CC4503002DE9F043EA
:10E56000466840F20635D006337B87B002EA0505DF
:10E5700054BFC2F34010032001F01F07B5F5837F9D
:10E58000144647EA43178DF8030045D00FD8062DEF
:10E5900018D007D8B5B1022D40D06FF0150007B0E4
:10E5A000BDE8F083B5F5807FF7D101250AE040F2A0
:10E5B0000222954234D0B5F5407F33D0B5F5007FC7
:10E5C000EBD102250123220303FA01F12CD5736854
:10E5D000C3F80815326982BB07F01F037F0929D0F1
:10E5E000012F77D13E4A02EB830284F48033D2F8C4
:10E5F0000017C3F30043C4F3404444EA430421F446
:10E60000E16144EA800421F0070144EA05230B4359
:10E61000C2F800370020C2E70725D3E70425D1E779
:10E620000525CFE70325CDE7630344BF7368C3F82F
:10E630000C15CFE74FF0A042D5E710360DF10202DE
:10E640003946304601F0A2FB14F4403F80460CD11D
:10E65000394630461CF0CEFD224B9845DAD19DF864
:10E660000210304601F0EAFBD4E701AB4FF000099D
:10E6700003AA39463046CDE90439CDE90199CDF8F0
:10E680000C9001F045FA174B984286D114F40033F0
:10E6900015D09DF803308DF80E3084F48034C4F327
:10E6A00000444B4603AA394630468DF80C508DF88D
:10E6B0000D4001F0E7FA0B4B9842CDD06DE7CDE964
:10E6C000043303AA0DF1030339463046039301F0E6
:10E6D0001FFAF0E703F5E07352F82330FFDE00BFC6
:10E6E000000300500000AD0B2DE9F04FDFF818A13A
:10E6F000DFF818B1DFF818818E46002740F2FF19C5
:10E70000FBB29E4502D80020BDE8F08F50F82710DC
:10E710004D04C1F3C324C1F3080365D4090E0439C1
:10E720001AF804404B4508BF4FF0FF3308295ED864
:10E73000DFE801F0050B115D5D5D5D1843005E1CB7
:10E74000C2F808353CD10137DAE75D1CC2F80C3558
:10E75000F9D0012535E0C2F81035591CF3D0002559
:10E760002E4608E0C2F80835002CF6D15C1CEAD031
:10E7700000252E46062450F8271001F4004CBCF169
:10E78000000F1CBF0026012503F01F0C5B0928D0D9
:10E79000012B33D1434603EB8C0CC1F341212402FE
:10E7A000DCF8003744EA8104344303EA0B0344EA0B
:10E7B00045042343CCF80037C5E7C2F80C35D3E74E
:10E7C000002559090AD0012914D1C44603F01F01BC
:10E7D000012606FA01F1CCF80C15CCE74FF0A04C5D
:10E7E000F4E74FF0A043D6E76FF015008CE76FF029
:10E7F000850089E70023C3F80C35FFDE0CF5E07CCB
:10E80000002353F82C30F8E7BBC40300F0F8FCFFFA
:10E81000000300502DE9F0434568076987B00646BC
:10E82000E86B1CF09BFB041E19DB296C481C2AD0EA
:10E8300005F1440000F0A0FB10F1130F044612D1C3
:10E8400037490B685A0708D0364B02930023CDE9AD
:10E850000033012218461CF072FB6FF012042046B0
:10E8600007B0BDE8F083431D0DD12D490B685D074E
:10E87000F5D02D4B02930023CDE900330122184639
:10E880001CF05DFBEBE76B6B9847BD684FF0010830
:10E89000D7E9023203EBC2039D4208D338461CF08D
:10E8A000A1FB7368D86B1CF059FB0024D7E72868DC
:10E8B00025F0B9F9034680B919490A685407CCD044
:10E8C0002A7904922A6812680392184A0090CDE9C6
:10E8D000010201221CF033FBBFE728682979EB888D
:10E8E000D0F810C0D0F80890DCF80040DA0754BF28
:10E8F00043F4B01383F4D01323F4801208FA01FE1A
:10E90000DB074CBF4EEA040424EA0E04CCF80040B6
:10E91000D9F800309847041EA1DB0835B8E700BFDE
:10E9200054070020C3C40300EEC403000BC503005A
:10E930002DE9FF410569D0F804802B6E0646A86DCD
:10E94000002835D1002B53D0B8F838406A6DEF6DF0
:10E950009C4228BF1C46EB6D53B1296E41B107F0B4
:10E960006041B1F1005F03D0082C6F6F28BF08240D
:10E9700000926A6DAC661AB1AA6D002A18BF2246D1
:10E98000CDE901271BB12B6E002B18BF23460022B7
:10E9900069464046039301F0E7FD184B984229D0A1
:10E9A0006FF00401304604B0BDE8F0411CF03CBB00
:10E9B000696DEF6DB8F838400A46ABB1834228BFA5
:10E9C00003469C4228BF1C460029C4D001F0604386
:10E9D000B3F1005FBFD0082C28BF08242246286F5F
:10E9E00025F0D0FC2A6FB6E7844228BF0446EBE747
:10E9F0001946D7E704B0BDE8F08100BF0000AD0BB9
:10EA00001FB502780346002A71D10C69A26E3AB98B
:10EA1000606E6FF0730104B0BDE810401CF004BBE1
:10EA2000E06D40B1216E31B1DB6823B1834202D089
:10EA3000616F25F0A7FCA36DA26E73B19A4224D931
:10EA40002C490B685A0708D02B4B02930023CDE9C1
:10EA50000033012218461CF072FA236EA26E73B1C5
:10EA60009A422BD923490B685B0708D0224B0293AB
:10EA70000023CDE90033012218461CF060FA606ED5
:10EA800004B0BDE81040FFF753BF9B1AA3657BB9E4
:10EA9000636C08336364A36C013BA36404F1580204
:10EAA00004F1480104F144001CF036FA6065D4E733
:10EAB000636D002BD1D013446365CEE79B1A2366A8
:10EAC0007BB9E36C0833E364236D013B236504F1F8
:10EAD000600204F1500104F14C001CF01DFAE065E5
:10EAE000CDE7E36D002BCAD01344E365C7E704B05C
:10EAF00010BD00BF540700202FC503002DE9F04FC3
:10EB000093B004690593436806938B889D04074678
:10EB1000884691463AD44FF0FF324FF0FF3304F16C
:10EB2000100017F01FFEC4F80480D7F804B0D7F81F
:10EB300010A0DBF8083007939AF86D3023B1DAF8AB
:10EB40000030984500F02F81B8F804C01CF4006331
:10EB500023D079490B68580708D0784B02930023DB
:10EB6000CDE90033012218461CF0E9F96FF0850564
:10EB700023689B8813F4005304D1636004F11000F0
:10EB800017F0BCFD284613B0BDE8F08FA369002B39
:10EB9000C1D163689942BED1C7E71CF0010211D010
:10EBA00065490A68520702D16FF01505E0E73A6837
:10EBB0000392634A0093CDE90132184601221CF00A
:10EBC000BEF9F1E71CF008030DD05B490B685B0749
:10EBD000EAD05C4B0092CDE901231346012218468E
:10EBE0001CF0ADF9E0E7CCF34512082A08D05249F1
:10EBF0000A685707D8D0544A0093CDE90132EDE7AF
:10EC0000D8F800E0514A964505D84B490A6856079E
:10EC1000CAD04F4AF0E70BF10C060FCE08AD0FC576
:10EC20000FCE0FC5079B734528BF73469E4696E8D7
:10EC30000300484B9E4585E8030017D2464B9E458E
:10EC400014D2464B9E4511D2454B9E4558D8454B54
:10EC50009E4557D8444B9E4556D8444B9E4555D863
:10EC60004349444B444A8E4588BF13461CF0020F6B
:10EC70000D930CF004034BD0002B14BF032302238D
:10EC80008DF83830CCF300138DF83930DBF80030D4
:10EC9000D3F808251CF0020F4FEA5213CCF34001C1
:10ECA00002F01F023BD1002B36D0012B40F0378100
:10ECB000324901239340C1F80C359AF86D302BB1DD
:10ECC000584601F003FC00238AF86D303B462C4A7D
:10ECD00008A9584601F0C6FB2A4B98425ED0164957
:10ECE0000B685D0709D0284B029300230390CDE900
:10ECF0000033012218461CF022F96FF0040537E7B3
:10ED0000224BB3E7224BB1E7224BAFE7224BADE7F3
:10ED1000003B18BF0123B3E74FF0A041C9E743B15F
:10ED2000012B40F0FF80154901239340C1F80835BD
:10ED3000C3E74FF0A041F7E7540700204DC503009B
:10ED400067C5030089C50300A8C5030047E80100A3
:10ED5000D7C503000048E8010024F40000127A003F
:10ED6000FF083D007F841E003F420F001FA10700E7
:10ED70008FD0030048E8010090D00300000300504A
:10ED800001EA00000000AD0B08C6030000093D00C9
:10ED900080841E0040420F0020A1070001238AF852
:10EDA0006D30CAF80080012384F86C30069B196C22
:10EDB0004A1C13D003F144001CF047F974300DD104
:10EDC0005A490B6813F0060F08D0594B02930023E1
:10EDD000CDE90033022218461CF0B1F8B9F1000F5A
:10EDE00073D1C4F844900023A36404F1580204F1E1
:10EDF000480104F144001CF08FF8059B6065002B6E
:10EE00006BD1E3640023236504F1600204F1500137
:10EE100004F14C001CF080F800252A46E065012131
:10EE2000204625641CF0BEF83846FFF781FDA06C33
:10EE30002A462B46834258D10023256D1946A94204
:10EE40005AD19342264638BF13464FF4FA5202FB7A
:10EE500003F556F8283B4FF000081B68B5FBF3F5A7
:10EE60004FF4004CC835414640F2E7304FF47A7217
:10EE70000023E5FB0C01F1F7C7FA02460B463046CA
:10EE800017F070FC024600283DD028490B685B074C
:10EE900009D0284BCDF80080CDE9018301224346FB
:10EEA00040461CF04CF800250698A56601F00EFBC4
:10EEB00084F86D506FF0730138461CF0B5F8304699
:10EEC00017F076FC6FF0730552E6D9F800306364F2
:10EED000002B88D0D9F8043086E7059B1B68E364D3
:10EEE000002B8FD0059B5B688DE7616C01EBC30144
:10EEF000013349680A449DE7E06C00EBC100013131
:10EF0000406803449BE7256C15F1740FCBD0002DAE
:10EF10003FF42EAE014638691CF044F828E6C1F8EB
:10EF20000C15FFDE0023C3F80835FAE7540700206C
:10EF30002FC6030059C6030000F01F0240090DD080
:10EF400001280ED10A4B03EB82030A4AD3F80007CB
:10EF5000024042EA8102C3F8002770474FF0A04305
:10EF6000F1E702F5E072002353F82230FFDE00BF24
:10EF700000030050F0F8FCFFF0B587B001238DF8D6
:10EF8000023002238DF804306B4403930F4601AB2B
:10EF90000DF103010024049305460291059400F04D
:10EFA00053FF0C4B984206460FD103AA3946284618
:10EFB00000F0AEFDB0420BD09DF80310284600F0E3
:10EFC0003DFF6FF0040007B0F0BD6FF01200FAE7EC
:10EFD0002046F8E70000AD0B70B5012383400E4AD0
:10EFE000BFF35B8FDC4352E8001F01EA040542E8EF
:10EFF0000056002EF7D1BFF35B8F4FF48032824072
:10F000000648C0F80823BFF35F8FBFF36F8F0B4232
:10F0100014BF0120002070BD846C0020001001404E
:10F0200070B40E49D1E90034D01AC31844F1000479
:10F0300022F07F46C1E90034A6F50013B3F5400F76
:10F0400009D2074B1B681A0A1B069C19054B42F193
:10F050000005C3E9004570BC18F0D6BAE8100020DE
:10F06000886C0020F010002011B3BFF35B8F0123E8
:10F07000104A834052E800CF4CEA030C42E800C13A
:10F080000029F7D1BFF35B8F0B4A4FF480338340E5
:10F09000C2F80433094BBFF35B8F1B68BFF35B8F70
:10F0A000C340DB0742BF064B4FF40032C3F80021D8
:10F0B000704700BF846C002000100140806C00206D
:10F0C00000E100E00D4B1868010A0006BFF35F8FF6
:10F0D0000B4BD3F80435181841F10001B3F5801F2C
:10F0E0000AD2084BD3E90023904271EB030303D209
:10F0F00010F1807041F10001704700BF886C002062
:10F1000000100140F01000202DE9F04F85B01646A8
:10F110001F469DF840A00446FFF75EFF0190FFF7F1
:10F12000D1FFB04271EB070354D23E4B301A67EB6C
:10F130000101984271F100014FD23B4B03EB0413E4
:10F14000D3E902239F4208BF96425ED037494FF46D
:10F15000803804F1500508FA04F8AD00C1F848837E
:10F160002046ADB21BF099FF26F07F4B05F180459C
:10F1700004F5A87305F58835DC464FF003090293C2
:10F18000029A2CF07F4341F82230C1F84483D1F831
:10F190000435274A6FF00200C01A604420F07F4017
:10F1A000904232D9286868B1D1F804350393A3EBB3
:10F1B0000B0020F07F40B0F5000F26D920461BF051
:10F1C0006CFF039BBAF1000F07D109EB030C09F1A7
:10F1D0000109D5E7BAF1000F09D06FF015052046F7
:10F1E0000199FFF741FF284605B0BDE8F08F0123E4
:10F1F000104ABFF35B8FA34052E8000F184342E868
:10F2000000010029F8D1BFF35B8F07490E98230155
:10F2100001EB0412C8500F9B5360C2E9026700253E
:10F22000DDE700BF01008000D81000200010014081
:10F23000FDFF7F00806C00207FB51C4C1C4BC4F888
:10F240000833C4F848331B4B00254FF0FF304FF014
:10F25000FF31C4F80855C3E902014FF48033C4F804
:10F260000433154B02264FF400320121C4F8046325
:10F270001120C3F880212A46F6F77CFE1120F6F70C
:10F2800049FE0E4A0123A360236013600C4B0D4A14
:10F290000093CDE9015500232846FFF735FF30469E
:10F2A000FFF714F8284604B070BD00BF00100140FD
:10F2B00003000F00D810002000E100E0846C002063
:10F2C00021F00000FFFF7F002DE9F7432F4CD4F819
:10F2D000043399070BD5D4F8043143B12C4A0023E9
:10F2E000C4F80431D4F80431136801331360D4F83E
:10F2F0000433DA0329D5BFF35B8F264B53E8002F85
:10F3000022F0010143E800100028F7D1BFF35B8F22
:10F31000D30702D4D4F84031BBB10025C4F8405122
:10F32000D4F84031FFF7CEFEEFF31182202383F3B0
:10F330001288BFF36F8F184BD3E90267B042B9410F
:10F3400006D282F31188BFF36F8F03B0BDE8F0835C
:10F350004FF0FF384FF0FF39C3E90289D3E90010BD
:10F360001D604FF48033C4F84833C4F84051D4F8DA
:10F37000403182F31188BFF36F8F0029E5D00090F0
:10F3800032463B4628468847DFE700BF0010014071
:10F39000886C0020806C0020D810002030B5431C01
:10F3A000124C85B005D08442A8BF0446012CB8BFDA
:10F3B0000124FFF787FE0E4B0C4DD3E90013401AD2
:10F3C000B0F5000F10D22218AA4228BF2A465218C0
:10F3D0004FF0000007490091CDE9010043F100031F
:10F3E000FFF792FE05B030BD2A46F0E7FFFF7F0031
:10F3F000E810002021F0000008B5FFF763FE024B83
:10F400001B68C01A08BD00BFE810002010B5084CEA
:10F41000012363601120F6F78BFD064BC4F8083317
:10F42000C4F84833044B4FF40032C3F8802110BDB8
:10F430000010014003000F0000E100E04FF0805396
:10F44000D3F83021082A06D1D3F83431052B02D85D
:10F45000024AD05C70470020704700BFB1C603006D
:10F46000024AD2F80034002BFBD0704700E0014084
:10F4700010B54FF08053D3F83021082A4ED14FF009
:10F4800080420021C2F80C11C2F81011C2F83815E0
:10F4900002F54042D3F80414C2F82015D3F808143A
:10F4A000C2F82415D3F80C14C2F82815D3F8101498
:10F4B000C2F82C15D3F81414C2F83015D3F8181468
:10F4C000C2F83415D3F81C14C2F84015D3F8201430
:10F4D000C2F84415D3F82414C2F84815D3F82814F8
:10F4E000C2F84C15D3F82C14C2F85015D3F83014C8
:10F4F000C2F85415D3F83414C2F86015D3F8381490
:10F50000C2F86415D3F83C14C2F86815D3F8401457
:10F51000C2F86C15D3F84434C2F87035FFF78EFF8B
:10F5200018B13A4B3A4AC3F88C26FFF787FF18B157
:10F53000384BFB22C3F81825FFF780FF70B14FF05E
:10F5400080414FF08053D1F8E42ED3F8583222F0A6
:10F550000F0203F00F031343C1F8E43EFFF76EFF01
:10F5600020B12D4B4FF40072C3F840264FF080536A
:10F57000D3F83031082B1AD14FF08043D3F8002450
:10F58000D20744BF6FF00102C3F800244FF080534C
:10F59000D3F83431052B02D8204AD35C3BB14FF06D
:10F5A0001023D3F808224FF08043C3F858254FF0BA
:10F5B0001023D3F80022002A03DBD3F80432002BF7
:10F5C00022DA174901234FF01020C1F80435122424
:10F5D000FFF746FFC0F80042FFF742FFC0F80442C1
:10F5E000FFF73EFF0023C1F80435FFF739FFBFF3F3
:10F5F0004F8F0C490C4BCA6802F4E0621343CB6096
:10F60000BFF34F8F00BFFDE710BD00BF00500040AB
:10F610004881030000F0004000900240ABC60300A8
:10F6200000E0014000ED00E00400FA0530B5046898
:10F63000CCB1BFF35B8FB4FA84F3C3F11F03DBB229
:10F6400001229A4024EA020250E8005FA54204D158
:10F6500040E8002CBCF1000FF6D1BFF35B8FE6D180
:10F6600002480B7030BD0248FCE700BF0000AD0B44
:10F670000200AD0B10B50368CB40DB0714D40123A7
:10F680008B400268BFF35B8F43EA020150E8004FF2
:10F69000944204D140E8001CBCF1000FF6D1BFF346
:10F6A0005B8FEED1014810BD0148FCE70000AD0BB7
:10F6B0000400AD0BF7B50546F8B101281BD10422B3
:10F6C0004FF4807301464FF0804003440244C0F879
:10F6D00008130026012111601E608D421B688DF801
:10F6E000071008BF0DF1070642F210744FF0804773
:10F6F00045B1012D28D003B0F0BD0C224FF4827328
:10F700000221E0E7D7F8183403F480333EB9002B28
:10F71000F1D001201BF0DDFC013CF3D1EBE7D7F881
:10F72000182402F003023260002BE4D09DF8070099
:10F73000012803D11BF0CDFC013CD9D1012DDAD138
:10F740000C4B00225A71D6E7D7F80C3403F48033FF
:10F750003EB9002BF4D001201BF0BBFC013CF3D1DF
:10F76000EEE7D7F80C2402F001023270002BDDD155
:10F77000E6E700BF8C6C0020044B1A7922B9012205
:10F7800018609A8002487047024870478C6C0020CD
:10F790000000AD0B0C00AD0B08B5074B1B682BB17F
:10F7A0000020F6F7D9FB08B9F6F7B4FB4FF0804319
:10F7B0000022C3F8182508BD8C6C002010B510B1CC
:10F7C000012843D010BD4FF08043D3F81814D3F86C
:10F7D0001824C80321D502F00303012B04D013B170
:10F7E0000020FFF767FF00234FF080420220C2F89D
:10F7F000183508224FF4827303F180430021196009
:10F8000002F180421C6801241460154A12680AB390
:10F810004FF08043C3F80403D4E7D3F81424D1078E
:10F82000E1D5D3F81C249207DAD40D4A12681AB134
:10F830000222C3F80423C5E7D3F80421002AFBD031
:10F840000022C3F80421D3F80431BBE700224FF4AF
:10F850008073D1E71A68002AFCD019601B68B1E7F1
:10F860008C6C0020F8B54FF080431C4ED3F8044355
:10F870000125002704B9F8BDB4FA84F0C0F11F00D7
:10F88000830003F580739BB203F1804305FA00F215
:10F89000196892B224EA02040029EBD01F601B68A9
:10F8A0004FF08043012AC3F8082305D0022A08D06C
:10F8B0003368C0B29847DDE77379002BDAD17271F3
:10F8C000F6E7D3F81814D3F818148907F0D1C3F861
:10F8D0001855C3F804239D60CCE700BF8C6C002052
:10F8E000036803F01F025B09026004D0012B034888
:10F8F00018BF002070474FF0A04070470003005031
:10F90000034A430900F01F00D35C1844C0B270479B
:10F91000B7C6030070B50546FFF7F2FF0C4C083080
:10F920000E4634F81030DA0508D5C3F3432304EB50
:10F93000C302284654F8333052689847A3682BB165
:10F94000E26831462846BDE87040184770BD00BFE8
:10F95000BC05002008B5FFF7D3FF034B083033F890
:10F960001000400B08BD00BFBC05002008B5FFF724
:10F97000C7FF034B083033F81000C0F3400008BD48
:10F98000BC05002008B5FFF7BBFF034B083033F878
:10F990001000C0F3401008BDBC050020034611F064
:10F9A000010010B5CCB20DD1A207C4F3400012D5AE
:10F9B000094AD2F820055860C2F82005003818BF5F
:10F9C000012008E04FF0A041D1F820251A60C1F8CD
:10F9D0002025002AE8D010BD0003005010B5FFF725
:10F9E0008FFF124A083032F81030D9051CD5C3F306
:10F9F000432123F4F85322F8103002F10E040020C2
:10FA000034F8023F13F4807F03D0C3F343239942B9
:10FA10000AD001303028F3D1002342F831300448B5
:10FA2000BDE81040FFF726BE10BD00BFBC0500209A
:10FA300034060020F0B5054600200446012607469E
:10FA40008C420BD1114BD3F87C2132B10022C3F888
:10FA50007C21D3F87C3140F00040F0BDE3B29B0044
:10FA600003F580729B0806FA03F31D420BD002F1E6
:10FA7000804202F5C042D2F800C0BCF1000F02D0B3
:10FA80001760126818430134DAE700BF00600040D5
:10FA9000F7B506460846FFF733FF194F00F1080592
:10FAA0000C4637F81530DB0727D530461BF07EFBB8
:10FAB0002046FFF767FF40B12046FFF74BFF316854
:10FAC00000F5A270002341F820302046FFF786FFA2
:10FAD000002301A827F815300194FFF701FF019BCF
:10FAE00000EB8300074BD0F80027134043F00203DC
:10FAF000C0F80037044803B0F0BD0448FBE700BF7E
:10FB0000BC050020F0F8FCFF0000AD0B0400AD0BBD
:10FB10002DE9FF41164680460846FFF7F1FE0D46E7
:10FB20003168044609B32846FFF720FF18B128467C
:10FB3000FFF728FF10BB0023CDE900338DF80E300E
:10FB40008DF80F300DF10F020B4628460DF10E0116
:10FB50001BF0C3FA474A04F1080132F8113023F0D0
:10FB6000020343F0010322F81130736863B328469F
:10FB70001F785968FFF7FAFE10B1D1B13E4826E070
:10FB80003C4A04F1080032F8103023F02003DB0473
:10FB9000DB0C22F8103061B1032FEFD8716849688F
:10FBA00091F800C0D8F80010A7B90CF5A27C41F874
:10FBB0002C70304A04F1080132F8113023F01C0394
:10FBC00043EA870322F81130B3684BBB2B4804B0DB
:10FBD000BDE8F08101EB8C0143EA4C33D1F810E52C
:10FBE0002EF0030EC1F810E5D8F8001001EB8C0ED2
:10FBF00043F02003DEF8101522F8103021F44F31C5
:10FC000021F44071CEF810152902DEF8108501F4B8
:10FC10007C5141EA074141EA0801CEF81015C8E7D6
:10FC2000D3E900672846FFF7D9FE002ECED0114D4C
:10FC3000D5E90023964203D19F4201D1002209E079
:10FC40000F480DF10F01FFF7F1FC0C4B9842BED1AC
:10FC50009DF80F2045F8326005EBC20308345F6061
:10FC600035F8143043EA422343F4807325F8143006
:10FC7000ACE700BFBC0500200400AD0B0000AD0BDD
:10FC8000340600202DE9F0430C4685B0804620461E
:10FC900011461E46FFF734FE054629B32046FFF7FE
:10FCA00065FE18B92046FFF76DFE18BB314F05F110
:10FCB000080937F8193013F01C0F02D04B78012BCC
:10FCC00018D001238DF80F300023CDE900134A1C12
:10FCD0008B1C20460DF10F011BF0FFF937F819308E
:10FCE00043F0030327F81930002E41D02046FFF7D8
:10FCF0003DFE18B9204805B0BDE8F08396F800C075
:10FD0000D8F800301B4F0CF5A272002143F82210E6
:10FD100005F1080237F8121021F02001C904C90CBE
:10FD200027F8121075781DB3D8F80000B67800EBEC
:10FD30008C002D04D0F8103523F4991323F4F853D4
:10FD4000C0F81035230203F47C5305F44035360522
:10FD5000D0F810E52B4306F4801641EA4C313343CA
:10FD600041F0200143EA0E0327F81210C0F81035C5
:10FD70000248C0E7BC0500200400AD0B0000AD0B3D
:10FD8000014BC3E902127047BC05002010B50846BC
:10FD90001446FFF7F7FD50B10846FFF7B1FD054BDC
:10FDA000083033F8103004485B0B237010BD034853
:10FDB000FCE700BFBC0500200000AD0B0400AD0B4C
:10FDC00070B5164D95F8804006462CBB2146602242
:10FDD00005F1100024F0FEFA30682E6F21468E42A5
:10FDE0000ED10023C0F87C31D0F87C3140F30730CD
:10FDF000F6F790F801230A4885F88030AB6770BDAC
:10FE0000CBB29B0003F580727C2B08BF845001F1BC
:10FE1000010108BF8358E2E70248F0E7BC05002073
:10FE20000000AD0B0C00AD0B034B93F880000038C5
:10FE300018BF0120704700BFBC0500200148FFF734
:10FE400019BC00BF300600200148FFF7EFBB00BF20
:10FE50003006002073B503681646D3F80423002A41
:10FE6000A8BF4FF000420546A8BFC3F804230846C8
:10FE70000C46FFF787FD00B30846FFF777FD014604
:10FE8000D8B92046FFF766FD04B2A40004F58072DD
:10FE9000034628688150296882582144D1F81025EA
:10FEA00042F00102C1F810252EB12968012202FAA0
:10FEB00003F3C1F8043302B070BD2046FFF720FD04
:10FEC0000F4B083033F81030C3F38203042B12D0E9
:10FED000052B12D001A80194FFF702FD019AD0F87A
:10FEE0001035D34003F00103991C204602B0BDE851
:10FEF00070401BF03BB90321F7E70221F5E700BF93
:10FF0000BC0500202DE9F04F694BDFF8A881D3F83C
:10FF10000403D8F87010C0B289B040F00040FFF779
:10FF200089FD051E2FDAC24600235AF87C1F06A859
:10FF3000CDE90633FFF732FD5F4B01930DF1180950
:10FF40004FF0000B019A12F8013B0192DA0803F01E
:10FF500007031AF8022022FA03F3DA071CD409F186
:10FF60000409BBF1000F14D0D8F870104FF0004016
:10FF7000FFF760FDD8F87C1006A8FFF70FFD0028FA
:10FF8000DAD125F000450124002D79D109B0BDE872
:10FF9000F08F4FF0010BD5E7484B5B440293D9F843
:10FFA00000100029DBD0029B91FAA1F11C78B1FA74
:10FFB00081F141EA44142046FFF7A2FC0830059481
:10FFC00038F81070C808BB0819F80020039301F036
:10FFD0000701012303FA01F122EA010209F80020D6
:10FFE00005A8FFF77DFC059A039B02F5E072C7F3B5
:10FFF000820650F822205B073746C2F3014224D51F
:020000040001F9
:1000000020463946D6B2FFF785FC05A80594FFF7D0
:1000100067FC059B03F5E07350F82330C3F30143FD
:100020009E4207D1002120461BF0A0F83146204611
:100030001BF09CF805A80594FFF752FC059B0122D4
:1000400002FA03F3C0F82035A9E7022A0CD10321F4
:1000500020461BF08BF806F00503012BEAD1394648
:100060002046FFF757FCE5E70221204603921BF0EC
:100070007DF8032EF3D0039A032ADBD1022EEDE79D
:1000800095FAA5F3B3FA83F304FA03F29B0003F1A4
:10009000804303F5C04325EA0205D3F81005D3F8E1
:1000A0001015C0F30520C1F30141FFF733FC6BE7E6
:1000B00000600040BC050020C7C60300C7C603009F
:1000C000036803F01F025B09026004D0012B0348A0
:1000D00018BF002070474FF0A04070470003005049
:1000E000012370B504460D464361642600220221B7
:1000F00020461BF09BF820B901201AF0EAFF013ED0
:10010000F4D100236B774FF08051D1E94C120829CC
:100110001AD1052A18D80E498A5CAAB14FF0FF32CD
:10012000D4F80805D4F80C15C4F80035C4F808252F
:10013000C4F80C250922C4F80025C4F80035C4F819
:100140000805C4F80C1570BD0023C4F80035FAE7A3
:10015000C9C603000F4B984219D00DD80E4B9842D8
:1001600015D007D80D4B984211D00D4BC31A5842E9
:10017000584170470B4BF9E70B4B984207D004D816
:100180000A4B984203D00A4BF0E70A4BEEE70120F6
:10019000704700BF80841E0020A1070048E80100CE
:1001A00090D0030040420F000024F40000093D00FD
:1001B00000127A000048E80173B51646421C1C463E
:1001C0000546069B18D0012902D1BBB11BF06CF883
:1001D00001A80195FFF774FF019B00EB8300240247
:1001E000D0F80027074B44EA86040C4313401C4315
:1001F00044EA4101C0F8001702B070BD1BF061F87D
:10020000E6E700BFF0F8FCFF2DE9F04F91F8213050
:1002100090F804A085B007460C46002B00F0B4808F
:1002200091F8223003934FF001086569784B9D42A5
:1002300000F0C48000F2B480764B9D4200F0C18093
:1002400000F2A680744B9D4200F0BE80734B9D422D
:100250000CBF4FF080654FF08045DFF8C49194F8F3
:100260002300242202FB0A93997F60F3000199770F
:100270003B79217C02FB03939A7F61F341029A77D9
:1002800094F82360002E32D16269664B9A420CBF0B
:100290004FF0030B4FF0000B237E012B94BF002384
:1002A0000123009320685B4632460121FFF784FF5B
:1002B000009660685B4632460121FFF77DFF00969D
:1002C000A27EA0685B463146FFF776FF237C83F071
:1002D00001030093E0685B4632460121FFF76CFFA3
:1002E00001210091E0695B463246FFF765FF242358
:1002F000B8F1000F71D003FB0A934FF0FF321A627E
:10030000A07C217E627EE66894F8108094F824E058
:1003100094F820C03B68BEF1000F13D1D4E900BAB5
:10032000D4F808E0E469C3F808B5C3F80CA5C3F82D
:1003300010E5C3F86C45039CC3F81465C3F86885E1
:10034000C3F86445003A18BF01220229C3F8C0056A
:10035000C3F8245553D0032954D0012901D142F0C8
:100360000202C3F85425C3F860C53B7924225343E5
:1003700059F80330002B48D0386840F3073005B0F7
:10038000BDE8F04FF5F7C6BD9846022303934CE74E
:10039000254B9D420CBF4FF080554FF080455CE7E8
:1003A000224B9D4213D01F4B9D4213D0204B9D42A8
:1003B0000CBF4FF000454FF080454EE74FF0005521
:1003C0004BE74FF0006548E74FF0007545E74FF009
:1003D000206542E74FF0A0553FE703FB0A9AE26829
:1003E000CAF82020227C9AF81E3062F341038AF872
:1003F0001E30A07C217E627E4FF0FF3686E742F001
:100400000402AEE742F00602ABE705B0BDE8F08FAC
:1004100080841E0020A1070048E8010090D003005E
:10042000986C00200048E80140420F000024F400CE
:1004300000127A00431C07B50ED0019001A8FFF707
:100440003FFE019B00EB8300054BD0F800271340D3
:1004500043F00203C0F8003703B05DF804FB00BFAF
:10046000F0F8FCFF2DE9F8430746144C97F8048098
:10047000242505FB08F504EB05091E4699F81C30F8
:10048000C3B999B14869FFF765FEA8B13846625112
:10049000C9F80460FFF7B8FE242303FB08440023D7
:1004A0006377074801232377BDE8F8836251C9F8D1
:1004B0000460F1E70348F7E70348F5E7986C00208C
:1004C0000000AD0B0C00AD0B0400AD0B2DE9F041AD
:1004D000044606790068214D40F30730F5F728FD02
:1004E00024237343EB5853B123681D4AC3F80823F0
:1004F00006EBC601206805EB8101FFF7F1FD242121
:10050000236801FB0651D3F80805D3F80C75D3F81E
:1005100010858B7FDB0714D4FFF78CFF4046FFF775
:1005200089FF3846FFF786FF086AFFF783FF2368D5
:10053000D3F86C05D3F81415FFF77CFF0846FFF7D6
:1005400079FF2368074A934204BF01225A6024239B
:1005500003FB065500232B77BDE8F081986C002043
:100560005201080000F002402DE9F0430779DFF85E
:10057000AC8124237B43164608EB03020D46517FD2
:1005800085B08146002940F0C68058F8033023B179
:1005900016F0140F04BF0123537795E80F002424AD
:1005A00004FB078404F10C0C8CE80F00206A431C48
:1005B00004D0A37F99071AD51AF076FE2968D9F8D6
:1005C000004021B101F06043B3F1005F06D1AB6898
:1005D00083B103F06043B3F1005F0BD0242303FB2E
:1005E000078300224E485A7705B0BDE8F0831AF021
:1005F00068FEE3E74B4B9C4224D14FF080436A688E
:10060000D3F8000E484B1860E2B1484821F4FF537C
:1006100023F01F0383426ED85018DFF814C1C3F3D0
:100620004F3101228A40002103F50053984241EAEC
:1006300002014FEA420201D96345F5D34FF08043EE
:10064000C3F8001E16F0010318BF0123C4F850358B
:1006500016F0020318BF0123C4F8403595E80F00D7
:10066000EC468CE80F00039BC4F84405C4F8481519
:10067000C4F83425C4F838350023C4F81831D4F848
:10068000183116F008054FF00703C4F800350FD1F4
:1006900024237B4358F803200123236142B9D4F873
:1006A0001831002BFBD06246402120461AF0BEFDD7
:1006B00024237B4358F803301BBB1A4B9C4201BFD9
:1006C000194B1A684FF08043C3F8002E242303FB14
:1006D0000783186A421C04D09B7F9B070ED51AF033
:1006E000F0FD35B907EBC70708EB87012046FFF798
:1006F000F7FC104878E74FF480719FE71AF0D4FDBB
:10070000EFE716F0040F4FF0400314BFC4F80833AE
:10071000C4F80433EDE7084866E700BF986C002092
:100720000A00AD0B00F00240946C0020FFFF002097
:10073000002001200000AD0B0B00AD0B10B5134ADB
:10074000134840211AF072FDF8B1124B124C1A688E
:100750004FF08043C3F8002E206A421C04D0A37FD0
:100760009B070FD51AF0ADFD637F1BB10A490848FE
:10077000FFF7B6FC002323720848D4E90031BDE836
:10078000104018471AF090FDEEE710BDA46C002051
:1007900000F00240946C0020986C0020A06C0020B7
:1007A0000148202122F00AB8F06C0020014B186C9F
:1007B000704700BFBC6C00201FB5044660B90E4BEB
:1007C00002930E4B01930E4B00930E490E4B4FF4C8
:1007D0008172032011F092FE0C4A0D4920461AF056
:1007E00099FD636933B128B90121204604B0BDE801
:1007F0001040184704B010BD40C7030012C70300E3
:1008000020C70300CFC603006EC7030019290300E9
:100810000D2903001FB5044660B90E4B02930E4B21
:1008200001930E4B00930E490E4B40F20D12032024
:1008300011F064FE0C490D4A20461AF06BFD636905
:1008400001462BB120B9204604B0BDE8104018473E
:1008500004B010BD40C7030012C7030020C7030047
:10086000CFC603005AC70300132903002129030040
:100870007FB50D46044680B308461AF0BDFDAB684F
:1008800013B9284600F028FAAB6820465C6021F0D6
:10089000E1FF0646A8B10560204622F037F88642FF
:1008A0001BD1237FC3F3C00543F0080323775B0705
:1008B000204614D4FFF780FF237F65F3C30323771B
:1008C0000BE0084B0293084B0193084B0093084937
:1008D000084B8122032011F011FE04B070BDFFF718
:1008E00099FFE9E704C703004DC7030020C70300D1
:1008F000CFC6030082C703001FB5104B10490093F9
:100900000446104BD722012011F0F8FD21460E4875
:1009100000F024FA044620B11BF0AAFA204604B0E5
:1009200010BD0A4B02930A4B01930A4B00930449F2
:10093000044BD922032011F0E1FDEFE7C6C7030005
:1009400093C70300A8C80300805C030040C70300EE
:10095000CCC7030020C7030030B50D4685B0044660
:1009600060B90D4B02930D4B01930D4B00930D4954
:100970000D4B4FF49A72032011F0C0FD238D43EA12
:1009800005019D4305D0204605B0BDE830401AF072
:10099000C2BD05B030BD00BF40C70300CCC70300D7
:1009A00020C7030093C7030074C8030030B50D4689
:1009B00085B0044660B90D4B02930D4B01930D4B6E
:1009C00000930D490D4B4FF49F72032011F096FDDB
:1009D000238D1D4223EA050105D0204605B0BDE860
:1009E00030401AF098BD05B030BD00BF40C70300CD
:1009F000CCC7030020C7030093C7030060C80300EF
:100A000030B50C4685B0054660B90A4B02930A4BD7
:100A100001930A4B00930A490A4B4FF4A972032031
:100A200011F06CFD6B6A9C430CBF0120002005B0E7
:100A300030BD00BF40C70300CCC7030020C7030080
:100A400093C7030050C8030030B50D4685B0044677
:100A500060B90A4B02930A4B01930A4B00930A496F
:100A60000A4B40F25912032011F048FD636A1D42FF
:100A700014BF0120002005B030BD00BF40C70300F7
:100A8000CCC7030020C7030093C703003CC8030082
:100A900070B50D468CB0044660B9264B0293264BC8
:100AA0000193264B00932649264B4FF4887203206E
:100AB00011F024FD29462046FFF7C6FF002837D055
:100AC000204600F073FBEA0606460CD508AA04A9E6
:100AD00020461CF034FA04A9204600F099FC08A92D
:100AE000204600F095FC636A23EA05036362EB0786
:100AF0000ED5204600F0D0FC204600F057FB38B160
:100B000020461DF069F91BF057FE20461BF054FEED
:100B1000204600F04BFB864202D115F0C07F07D083
:100B200020461DF059F90CB0BDE870401BF044BEE2
:100B30000CB070BD40C70300CCC7030020C7030042
:100B400093C7030085C803001FB5044660B9084B6E
:100B50000293084B0193084B00930849084B4FF44C
:100B6000B072032011F0CAFC208D04B010BD00BF8C
:100B700040C70300CCC7030020C7030093C703008E
:100B80002BC8030030B50D4685B0044660B90A4B4A
:100B900002930A4B01930A4B00930A490A4B40F215
:100BA0006712032011F0AAFC238D1D4214BF0120FF
:100BB000002005B030BD00BF40C70300CCC7030014
:100BC00020C7030093C703001AC803001FB50446DB
:100BD00060B9094B0293094B0193094B00930949F2
:100BE000094B4FF4B772032011F088FCA06800B1E4
:100BF000406804B010BD00BF40C70300CCC703006D
:100C000020C7030093C7030009C80300F0B50D46D1
:100C10008DB0044658B92B4B02932B4B01932B4BB1
:100C200000932B492B4BE922032011F067FC294646
:100C30002046FFF7E5FE38BB204600F0B7FAEA078A
:100C4000074623D4636A2B436362204600F0AEFA62
:100C5000874202D115F0C07F07D020461DF0BCF8B6
:100C60001BF0AAFD20461BF0A7FDEB060CD508AA39
:100C700004A920461CF063F904A9204600F0C8FB33
:100C800008A9204600F0C4FB0DB0F0BD204600F0DE
:100C900003FC636A2B43636202212046FFF772FF65
:100CA0000028D2D02046FFF791FF06460028CCD07E
:100CB000FFF782FD30461AF0F6FB0028C5D000F0A1
:100CC000EBFBC2E740C70300CCC7030020C703000B
:100CD00093C7030098C803001FB5044660B9184BBA
:100CE0000293184B0193184B00931849184B4FF47B
:100CF000BD72032011F002FCA368F3B9342012F096
:100D0000CDFEA06060B9134B0293134B01930E4BC1
:100D100000930E490E4B4FF4BF72032011F0EEFB0F
:100D2000A36853B15A8E42F470725A86A26892F840
:100D3000323043F0030382F8323004B010BD00BFFC
:100D400040C70300CCC7030020C7030093C70300BC
:100D5000EFC7030004C70300D8C703007FB5374AB5
:100D600006460D4620B1036A1A421CD0C3F30F1089
:100D700012F094FE044690B1C0E90065002D44D104
:100D800003F074F9064680B92D4B00932D492E4B84
:100D90003D22022011F0B2FB204612F017FE002483
:100DA000204604B070BD0068DCE7D0F8B80208B98E
:100DB000C6F8D452D6F8D4120131890012F048FE98
:100DC000B0B1D6F8D432C6F8B8025A1C0025C6F81D
:100DD000D42240F82340C4E90555284603F056F9CB
:100DE0000138E061284603F061F901382062D7E755
:100DF000164B0293164B0193164B00931149124B5D
:100E00004722032011F07AFBC6E7AB6813B92846E6
:100E1000FFF762FFAA68138E01331386AE68318E26
:100E20003068890012F014FE3060AA68138E1268D0
:100E300003F18043013B42F82340B1E7F0FF0F008C
:100E4000F3C80300BAC803003DC9030004C7030088
:100E50002DC9030020C7030030B5044687B060B930
:100E6000164B0293164B0193164B00931649174BE2
:100E70004FF4A972032011F041FB20461BF062FBE6
:100E8000002305AA05461B212046059300F020F803
:100E9000A268059B42B1D362059BAB4202D02046BB
:100EA00000F0FAFA07B030BD002BF5D02046FFF76E
:100EB00013FFA368059ADA62EEE700BF40C703009C
:100EC000CCC7030020C7030055C903008DC9030028
:100ED00030B589B0002864D00023CDE904329DF8F4
:100EE0001C300391CDE9010023F0070301A88DF820
:100EF0001C3011F071F80DF07BFF30B19DF81C3003
:100F000013F0020446D1D80745D4019B9D6805B172
:100F10000835012201A9284621F083FB0128044657
:100F200039D19DF81C0010F0020033D101A91BF04B
:100F300014FB012804462ED19DF81C2012F0020259
:100F400028D101A9284621F06CFB0128044622D1B2
:100F50009DF81C3099071DD401981CF03DFF0446F4
:100F6000C0B19DF81C305A0714D4039B2B3B012BB6
:100F70000ED901984FF48041FFF742FD50B1039B19
:100F8000163B1E2B04D8084A22FA03F3DB0701D4D0
:100F90000194B0E7012401A811F026F8204609B019
:100FA00030BD0124FAE700BFF19F785807B5826889
:100FB000531E032B05D9192A08D80A4BD340DB0747
:100FC00004D503B05DF804EB21F091BB064B009310
:100FD0000649074BCF22022011F090FA002003B0FF
:100FE0005DF804FB00DF3B03E3C90300AAC903006B
:100FF00047CA030007B583681C3B052B04D803B020
:101000005DF804EB21F073BB054B00930549064BDB
:10101000DF22022011F072FA002003B05DF804FB19
:10102000E3C90300AAC9030034CA030007B58368F3
:10103000112B06D121F05BFB58B1006803B05DF8BD
:1010400004FB054B00930549054BF722022011F0E4
:1010500055FA0020F2E700BFE3C90300AAC9030064
:1010600023CA030013B583681B2B0C4608D121F05B
:101070003EFB0368A342ACBF0360046002B010BD36
:10108000044B00930449054B40F21B12022011F05F
:1010900035FAF3E7E3C90300AAC9030008CA03004D
:1010A00030B50D4687B0044658B9104B0293104B2B
:1010B0000193104B00931049104B3D22032011F077
:1010C0001DFA002305AA082120461CF09BFB0128DD
:1010D00004D1059BAB4203D107B030BD0028FBD142
:1010E0000022294620461CF020FEF5E740C70300F9
:1010F000CCC7030020C703005ACA030086CB0300F5
:1011000030B50D4687B0044658B9104B0293104BCA
:101110000193104B00931049104B4B22032011F008
:10112000EDF9002305AA092120461CF06BFB0128DC
:1011300004D1059BAB4203D107B030BD0028FBD1E1
:101140000022294620461CF0F7FDF5E740C70300C2
:10115000CCC7030020C703005ACA030079CB0300A1
:101160007FB50E461546044658B90B4B02930B4B00
:1011700001930B4B00930B490B4B3522032011F0CD
:10118000BDF931462046FFF78BFF2946204604B0C3
:10119000BDE87040FFF7B4BF40C70300CCC70300F1
:1011A00020C703005ACA030093CB030037B50B498D
:1011B0000546FFF749FC044610B1002003B030BDDE
:1011C00028461CF009FE0028F7D01622214601F01F
:1011D000E3FB80B2003818BF0120EFE701000600F2
:1011E00030B50D4685B0044660B90B4B02930B4BEE
:1011F00001930B4B00930B490B4B4FF4F072032000
:1012000011F07CF963692B60A3696B60E369AB60E3
:10121000236AEB6005B030BD40C70300CCC70300B4
:1012200020C703005ACA030046CB03001FB504467B
:1012300060B90A4B02930A4B01930A4B00930A4987
:101240000A4B40F22122032011F058F904F1140056
:1012500004B0BDE8104021F003B800BF40C7030050
:10126000CCC7030020C703005ACA030035CB0300D4
:101270001FB5044660B90A4B02930A4B01930A4B0F
:1012800000930A490A4B4FF40A72032011F036F911
:1012900004F1140004B0BDE8104020F0E6BF00BF28
:1012A00040C70300CCC7030020C703005ACA03008D
:1012B00023CB03007FB5044660B90E4B02930E4B5F
:1012C00001930E4B00930E490E4B40F22F22032048
:1012D00011F014F920461BF06DF9064620461BF06C
:1012E00051FA05462046FFF7A1FF801B401B04B0C2
:1012F00070BD00BF40C70300CCC7030020C7030078
:101300005ACA03000ACB03007FB5044660B90E4BEE
:1013100002930E4B01930E4B00930E490E4B40F27D
:101320003922032011F0EAF820461BF011FA064694
:1013300020461BF0F3F905462046FFF799FF801B76
:10134000401B04B070BD00BF40C70300CCC7030002
:1013500020C703005ACA0300F0CA030030B50C4688
:1013600085B0054660B9154B0293154B0193154B9B
:1013700000931549154B40F24322032011F0BEF8AB
:1013800021462846FFF72CFF28461BF013F9236857
:101390000344236028461BF0F5F9A3681B1AA360D9
:1013A00028461BF0D5F963680344636028461BF0A8
:1013B000B5F9E3681B1AE36005B030BD40C7030010
:1013C000CCC7030020C703005ACA0300D6CA0300D3
:1013D00007B5064B0022CDE9002334216A46FFF70A
:1013E00077FD009803B05DF804FB00BF010000E04A
:1013F00007B5064A0023CDE9002334216A46FFF7EA
:1014000067FD019803B05DF804FB00BF010000E038
:1014100030B50D4689B0044660B91A4B02931A4B99
:1014200001931A4B00931A491A4B4FF44E72032042
:1014300011F064F8204601F057FE03F019F9F8B1F5
:101440002B6804936B680593AB68069304A9EB685B
:10145000079320461BF0A8FA90B1A36853B193F804
:10146000333003F00C03082B04D10522114604A8E5
:1014700020F08FFB204601F037FE04A902F0D6FAD7
:1014800009B030BD40C70300CCC7030020C703002C
:101490005ACA0300BFCA030030B5044689B060B918
:1014A000104B0293104B0193104B00931049114BBA
:1014B0004FF45572032011F021F820461BF042F83A
:1014C000D4E90623256A6169121A0344091A2844DB
:1014D0000491079004A9204605920693FFF798FF10
:1014E00009B030BD40C70300CCC7030020C70300CC
:1014F0005ACA0300ADCA03002DE9F04F87B08146F8
:10150000FFF754FE0546002840F0168148461CF0BF
:1015100063FC082229468246484601F03DFA09222A
:101520000590044683462946484601F035FA0646AA
:1015300005900090BAF1000F07D1024621464846B7
:1015400007B0BDE8F04F1BF0BFBA5046FFF7B2FE40
:1015500080465046FFF7D8FE04F0C043B3F1005F69
:1015600007461FD124F0C0446FF060439C4219D05D
:1015700001222946504601F00FFA6FF0404398428D
:10158000059000F09280B4F1805FA2BFC4F17F6447
:1015900004F57F2404F6FF7404FB08F44FF0640B99
:1015A00094FBFBFB06F0C043B3F1005F1DD126F0B6
:1015B000C0446FF060439C4217D002220021504685
:1015C00001F0EAF96FF04043984205906FD0B4F112
:1015D000805F05DBC4F17F6404F57F2404F6FF74AB
:1015E0007C43642394FBF3F300936A220021484672
:1015F00001F0D2F96B22002105900390064648467F
:1016000001F0CAF9CDE9010005904846FFF70EFE4A
:1016100005464846FFF72CFE039B044603F0C040F6
:10162000B0F1005FDDE9012112D123F0C0436FF07A
:10163000604083420CD0B3F1805FA2BFC3F17F63EF
:1016400003F57F2303F6FF736B43642693FBF6F6E3
:1016500001F0C043B3F1005F12D121F0C0406FF040
:10166000604398420CD0B0F1805FA2BFC0F17F60B0
:1016700000F57F2000F6FF706043642290FBF2F2D9
:101680005E44DDF800B00021934448460A2201F090
:1016900083F9059010F0FF000BD150461AF081FF3E
:1016A000012825D1A8EB050521E0AB467AE7002407
:1016B00096E7023807281BD801A353F820F000BF93
:1016C000E1160100A516010007170100F716010039
:1016D0000D17010019170100131701002917010048
:1016E00005EBD57508EBD8786D10C5EB68052E4471
:1016F0005A46314623E705EBD57508EBD8786D10CF
:10170000C5EB68052E443C1BA344F1E7A8EB050597
:10171000F8E7A8EB05052E4404EBD47407EBD77764
:101720006410C4EB6704EFE705EBD57508EBD878D8
:101730006D10C5EB6805EEE707B0BDE8F08F00BFA0
:101740002DE9F04F044693B058B9B24B0293B24B17
:101750000193B24B0093B249B24B5922032010F0CF
:10176000CDFE94F82B3003F00C030C2B03D100209A
:1017700013B0BDE8F08F20461CF02EFB0646002873
:10178000F5D094F82B1011F0080160D02046FFF737
:101790004DFD94F82B1011F00401074600F0B681BE
:1017A0002046FFF765FD05462046FFF73FFDB8429E
:1017B00000F091822046FFF76FFE0AA92046FFF74E
:1017C0000FFD0EA93046FFF7C9FD00220EA90AA899
:1017D00020F0B5FA804610B930461BF0DBFEA36955
:1017E0001D44013D256220461AF0DBFE01280BBF97
:1017F000E3696369DB1BFF180BBF013307F1FF3798
:101800006361E7610AAA31212046FFF761FB2246A6
:101810002A213046FFF75CFB2046FFF73DFE94F897
:101820002A3043F0020384F82A3000220EA904F182
:10183000140020F084FAB8F1000F00D110B1304646
:101840001BF0A8FE2046FFF707FB012090E70122CE
:10185000204601F0A1F800F0C043B3F1005F8046DC
:101860000E900546304605D128F0C0476FF0604322
:101870009F4234D1FFF71EFD6FF04043984504901E
:1018800040F0A48020461BF09CFAA36805900BB1A1
:1018900000221A6220461AF075FF804620461AF090
:1018A00089FE82462046FFF793FD0AEB000520469D
:1018B00001F08EFC069020461AF073FE0128DFF836
:1018C000689145444FF0000B75D0069AA3685A45BD
:1018D00040F0AE80544A914574D0C8448EE0FFF782
:1018E000E9FC6FF0404845450490CBD096F82B10AA
:1018F00011F0080140F0EB800122304601F04CF875
:1019000040450E9040F0E38020461AF053FE054615
:1019100020461AF037FF054458E01B68434953F846
:101920002B703846FFF790F8002842D13846FFF771
:101930003DFC014660B90A22384601F02DF80E90B0
:10194000C0B2082809D840F24913C340DA0704D5C9
:10195000E3697A699B1A013317E0082200213846AF
:1019600001F01AF80E90002844D1089007F11400F5
:1019700020F076FC089908EB00031A2238460793FA
:1019800001F00AF8079B0E9003441A220021384602
:10199000079301F001F8079B0E901844484508DBB7
:1019A0001A220021384600F0F7FF079B0E9003EB48
:1019B00000090BF1010B069AA3685A45ADD11A4AEA
:1019C000914519D113B1059A52421A62042200219D
:1019D000204600F0E1FF052207460E900021204638
:1019E00000F0DAFF049B0E900246394628461BF0B1
:1019F000E4F8CEE60C4BC8E70AEB0908A26812B17E
:101A0000059B5B421362084B9845DFD04545B8BF44
:101A10004546DBE740C70300CCC7030020C70300EF
:101A20005ACA030068CB0300010000E00100040073
:101A30001B68AC4953F82B703846FFF705F80028AF
:101A400040D13846FFF7B2FB014658B90A22384662
:101A500000F0A2FF0E90C0B2072808D89323C3401D
:101A6000DB0704D5FB6962699B1A013316E0082283
:101A70000021384600F090FF0E9030BB089007F12F
:101A8000140020F0EDFB08990AEB00031B223846F6
:101A9000079300F081FF079B0E9003441B22002157
:101AA0003846079300F078FF079B0E90184448458E
:101AB00008DB1B220021384600F06EFF079B0E90CA
:101AC00003EB00090BF1010BFFE6874BE6E7B7F1EB
:101AD000805FA4BFC7F17F6707F57F27049BA8BF7E
:101AE00007F6FF771A22002120465F43642397FB05
:101AF000F3F700F051FF1B2205460E90002120460F
:101B000000F04AFF0E9028443D1A5FE7022220466B
:101B100000F042FF00F0C043B3F1005F81460E9039
:101B20000546304605D129F0C0486FF0604398451E
:101B300049D1FFF7E9FB6FF04043994582462ED12A
:101B400020461BF043F9A36806900BB100225A62AD
:101B500020461AF0FDFD049020461AF0DFFD0590A6
:101B60002046FFF745FC049BDFF87C911D18059B80
:101B700020461D4401F02CFB4FF0000B0790079A04
:101B8000A3685A453BD113B1069A52425A62564B4A
:101B9000994504D0059B4B449D42B8BF1D46062283
:101BA0000021204600F0F8FE072280460E9000211A
:101BB000204600F0F1FE534602460E90414628466C
:101BC0001AF0FBFFEFE5FFF79FFB6FF040494D4533
:101BD0008246B5D096F82B1011F004015CD1022298
:101BE000304600F0D9FE48450E9055D120461AF0F7
:101BF000AFFD054620461AF091FD0544CFE71B686E
:101C0000384953F82B804046FEF71EFF00283ED18E
:101C10004046FFF7CBFA014648B908900A224046F1
:101C200000F0BAFE0E90C0B20328089905D8D8F883
:101C30002030A2699B1A013315E00922404600F0CA
:101C4000ABFE0E9030BB099008F1140020F00DFBA4
:101C5000049B0999034418224046089300F09CFE17
:101C6000089B0E900344192200214046089300F07F
:101C700093FE089B0E901844484508DB192200216A
:101C8000404600F089FE089B0E9003EB00090BF123
:101C9000010B74E7144BE6E7B8F1805FA2BFC8F10F
:101CA0007F6808F57F2808F6FF7818220021204673
:101CB00064230AFB08F898FBF3F800F06DFE192284
:101CC00005460E900021204600F066FE0E90284446
:101CD000A8EB000563E72046FFF7CAFAA8427FF4A5
:101CE00069AD44E501000400010000E038B50D4D88
:101CF00095F8603063B9012385F8603001F0D2F9BE
:101D0000044694F82A3013F0040202D185F86020CA
:101D100038BD6FF3820384F82A3020461AF087FF1B
:101D2000EFE700BFBC6C00202DE9F04F87B00E46F6
:101D3000DDF8409093469846074660B9D64B02932B
:101D4000D64B0193D64B0093D649D74B4FF4A5728F
:101D5000032010F0D3FB3846FFF7C8FF8EB9384692
:101D60001CF03AF8064660B9CB4B0293CF4B019377
:101D7000CB4B0093CB49CC4B40F24F12032010F0D9
:101D8000BDFB38461CF028F8824660B9C24B02936E
:101D9000C74B0193C24B0093C249C34B4FF4AB7284
:101DA000032010F0ABFB50461AF004FC04905046A0
:101DB0001AF0CEFC059030461AF0FCFB0546304682
:101DC0001AF0C6FC0446BBF1000F0FD130461AF0E2
:101DD000E8FB01286DD13046FFF76CFA83463846A0
:101DE000FFF724FAABEB000B5D4462E00BF1FF3B25
:101DF000BBF1140F2CD801A353F82BF0B31E010034
:101E0000951E0100D71D01009F1F0100811F0100C9
:101E1000B51F0100751E0100CB1F0100571E0100F8
:101E2000E11F0100EB1F0100112001002320010030
:101E30002D200100532001006520010071200100C8
:101E4000B5200100CF200100D9200100E3200100CE
:101E5000002400252DE03046FFF72CFA8346384653
:101E6000FFF7E4F900EBD0700BEBDB7B4010C0EB2D
:101E70006B0005443046FFF747FA83463846FFF7C4
:101E8000F7F900EBD0700BEBDB7B4010C0EB6B0085
:101E900004440EE03046FFF70DFA83463846FFF75C
:101EA000C5F900EBD0700BEBDB7B4010C0EB6B0097
:101EB000054408F0C043B3F1005F16D128F0C04BD1
:101EC0006FF060439B4510D03046FFF7AFF9BBF190
:101ED000805FA2BFCBF17F6B0BF57F2B0BF6FF7BF7
:101EE0000BFB00F8642398FBF3F809F0C043B3F14F
:101EF000005F16D129F0C04B6FF060439B4510D0B6
:101F00003046FFF7B5F9BBF1805FA2BFCBF17F6B25
:101F10000BF57F2B0BF6FF7B0BFB00F9642399FB82
:101F2000F3F950461AF03DFB01287369DAF81420E2
:101F300040F0DC8043445046A3EB020800F0E8F98F
:101F4000049B8044A8EB0308B3699944DAF818307D
:101F50005046A9EB03091AF03EFF059B814400227D
:101F600038460121A9EB03091BF0EDFE45444C4422
:101F700022462946384607B0BDE8F04FFFF7F0B8D3
:101F80003046FFF797F983463846FFF74FF900EBE5
:101F9000D0700BEBDB7B4010C0EB6B000544304690
:101FA000FFF7B2F983463846FFF762F9ABEB000B57
:101FB0005C447EE73046FFF77DF983463846FFF7FD
:101FC00035F9ABEB000B5D44E9E73046FFF772F9FA
:101FD00083463846FFF72AF9ABEB000B5D4449E72F
:101FE0003846FFF745F9444233E73046FFF71EF91C
:101FF00004463846FFF71AF900EBD07504EBD474A9
:102000006D10C5EB64053846FFF732F9444250E7DE
:102010003046FFF70BF905463846FFF707F92D1A4A
:10202000F1E73046FFF724F9044612E73046FFF7A0
:10203000FDF804463846FFF7F9F800EBD07504EBDD
:10204000D4746D10C5EB64053046FFF711F90446F2
:102050002FE73046FFF7EAF805463846FFF7E6F87F
:102060002D1AF1E73846FFF7E1F84542002420E752
:102070003846FFF7DBF845423046FFF7F9F80446EB
:102080003846FFF7F5F804EBD47300EBD074641016
:10209000C4EB63040DE700BF40C70300CCC70300D7
:1020A00020C703005ACA030058CB030091CA03009B
:1020B0009ECA03003846FFF7B9F845423046FFF79D
:1020C000D7F804463846FFF7D3F8241AF1E630462D
:1020D000FFF7ACF80546C9E73046FFF7A7F8054615
:1020E000CAE73046FFF7A2F80546E7E798445046AE
:1020F000A8EB020800F09AF822E700BF30B50D46C1
:1021000085B0044658B9114B0293114B0193114B02
:1021100000931149114B3C22032010F0EFF92046A7
:10212000FEF7DAFDA26892F8323003F00301A9420B
:1021300009D065F30103204682F8323005B0BDE8CE
:102140003040FFF7A9B905B030BD00BF40C703005C
:10215000CCC7030020C70300A2CB030024CC03009C
:102160002DE9F047044686B058B9294B0293294B14
:102170000193294B00932949294B8A22032010F00F
:10218000BDF9204601F024F8264EDFF89C80074672
:102190000025BD4224D120461AF0C0FD80462046CD
:1021A0001AF0A2FD1F4B9E4218BF236A074618BFB4
:1021B0001B1A204618BFF61AFFF71AF905462046E3
:1021C000FFF756F8A0EB0800C01B2D1A20461AF0A6
:1021D000FDFD281AB042B8BF304606B0BDE8F08712
:1021E000A3681B6853F825A041465046FEF72CFC17
:1021F000014650B919225046DAF8209000F0CCFB85
:1022000081444E450590B8BF4E460135C1E700BF39
:1022100040C70300CCC7030020C70300A2CB0300C4
:102220000BCC0300010000E0010004002DE9F04F99
:10223000054687B058B92F4B02932F4B01932F4B74
:1022400000932F492F4BA622032010F057F90021AD
:1022500028461AF01DFD012806D0A86808B1006ABA
:10226000404207B0BDE8F08F28461AF071FD804665
:1022700028461AF01FFD0746284600F0A9FF6FF018
:102280006044814600264E451BD16FF060439C425E
:1022900016BF6E691C4EF619284618BF361BFFF78D
:1022A00097F804462846FEF7C1FFA0EB0800C01BC4
:1022B000241A28461AF085FD2044B042B8BF3046A3
:1022C000CFE7AB6811491B6853F826A05046FEF7CC
:1022D000BBFB014658B91A225046DAF814B000F098
:1022E0005BFBABEB000B5C450590A8BF5C46013681
:1022F000C9E700BF40C70300CCC7030020C70300E5
:10230000A2CB0300F4CB0300010000E001000400B5
:102310002DE9F047054686B058B92E4B02932E4B57
:1023200001932E4B00932E492E4BD122032010F007
:10233000E5F8002128461AF0ABFC012805D1A86871
:1023400000B1006A06B0BDE8F087284600F040FF03
:10235000254EDFF8988007460024A74222D1284660
:102360001AF0F6FC074628461AF0A4FC1E4B9E42C3
:1023700018BFEB69804618BFDB1B284618BFF61A4A
:10238000FFF726F804462846FEF750FFC01BA0EBD7
:102390000800241A28461AF014FD201AB042B8BFCB
:1023A0003046CFE7AB681B6853F824A0414650463F
:1023B000FEF74AFB014650B91B225046DAF81C9042
:1023C00000F0EAFA81444E450590B8BF4E4601340C
:1023D000C3E700BF40C70300CCC7030020C703000A
:1023E000A2CB0300DCCB0300010000E001000400ED
:1023F000F0B5164651EA060297B004460D465FD086
:10240000012B5FD100F070FE074668460FF0ECFB31
:10241000214668461FF062FB394968461FF073FB8E
:1024200035B3384601F032FE4FF4C872C82140106F
:102430000FF090FC014668461FF054FB20461AF04E
:10244000C0FC2A1A414268461FF051FB2D496846DC
:102450001FF046FB2C4968461FF04FFB6A460C21D3
:102460002046FEF735FD01282AD168460FF0D6FB3D
:1024700036B3384601F01AFE4FF4C872C821401036
:102480000FF068FC014668461FF02CFB20461AF04E
:102490009DFC321A414268461FF029FB1B496846E1
:1024A0001FF01EFB184968461FF027FB6A460C21E7
:1024B0002046FEF70DFD012802D168460FF0AEFB65
:1024C00017B0F0BD11490FF009FC0E4920460FF07E
:1024D00005FC00220C212046FEF7FAFC0128EFD172
:1024E0003246294620461AF078FC0128E8D100221D
:1024F0000E21204617B0BDE8F040FEF7E9BC00BF52
:10250000A1CC020037CE0200C31A030021CE020084
:1025100070B504460D46074916460FF0DFFB20460E
:102520001AF04FFC3346411B00222046BDE87040A4
:102530001AF08CBC37CE020070B504460D46074930
:1025400016460FF0CBFB20461AF040FC3346421BE8
:1025500000212046BDE870401AF078BC21CE020070
:102560002DE9F04F89B080460846029191460393C9
:102570001BF032FC10210646FEF742FA002800F05C
:10258000068130461AF007FC019030461AF012FC22
:102590008246002800F09E80029B03F1140730461B
:1025A0001AF0BCFB044630461AF09EFBB5697B6806
:1025B000F968D9F804202544ED1A336A1B1A5B1A0E
:1025C000D11A83463046CDE90623AD1A0591FEF7B0
:1025D0004FFE002DDDE90512079B0490C0F28580B7
:1025E000002979DB0025BAF1020F00F08980BAF1E9
:1025F000030F00F08A80BAF1010F03D1B5697B683F
:102600002544ED1A30461AF0CEFB824610B1029BEB
:1026100003F1140830461AF04DFB074630461AF015
:1026200097FB7469D8F80030D9F80020D8F8081062
:102630003C44E41AF3691B1A5B1AA41A8346A2EB02
:1026400003017ED4002974DB00243046FEF7EEFD42
:10265000BAF1020F7FD0BAF1030F00F08280BAF115
:10266000010F04D17469D8F800303C44E41A494998
:1026700030460FF033FB484930460FF02FFB019BEB
:10268000D807019B58BF24EAE4749907019B58BFFF
:1026900004EAE4745A07019BD9F8042058BF25EADC
:1026A000E5751B07039B58BF05EAE575002B6CD049
:1026B000D9F800302344C9F800302B461344C9F838
:1026C0000430039B2A462146304609B0BDE8F04F4E
:1026D000FFF78EBE474662E7002D83D030461AF0E2
:1026E00075FBA842BFF67FAF7CE700297FF77AAF82
:1026F00030469D1AFFF734FDC5427FF574AF71E790
:10270000356AFB68A5EB0B057BE7049BB2691B1BD5
:10271000A3EB0B0303EBD3731444384604EB6304BD
:102720001FF0A3FD7D6800EBD07005EB6005651B15
:1027300068E7002C88D03046FFF778FDA04284DAA5
:1027400082E7002980DD30469C1AFFF7E1FDC44294
:102750007FF57BAF78E7F469D8F80830A4EB0B0479
:1027600084E77369C01BA0EB0B0000EBD0701F4423
:1027700007EB600740461FF073FDD8F8004000EB00
:10278000D07004EB60043C1B71E7039B96E709B033
:10279000BDE8F08F21CE020037CE0200F8B5044626
:1027A00015461E4601F47F071AF07FFF012828D046
:1027B0008C2D10D8154B5B5DDA0716D477B96B1EDC
:1027C000012B0BD822684AB1012D0CBF9369D36944
:1027D000CBB1336015E00E4B1B6B0BB90020F8BD7D
:1027E0002B4413F88D3CDB07F8D507B96468002C3F
:1027F000F4D0218D33462A4620461AF056FF012890
:10280000F4D10120EBE71268DDE700BFE924040002
:10281000BC6C00202DE9F84F07462548DFF890B042
:102820000D469046994620F074F804460CB9BDE870
:10283000F88F4C45FBD02146584620F071F82368AC
:10284000BB4282461CD1A368AB4202D0B5F5702FC3
:1028500016D12379434502D0B8F1FF0F10D10026DD
:102860007B8DC3F305139E420CD3002120460FF04D
:1028700035FA0F48214620F009F8204611F0A6F855
:102880005446D3E7FA6802EBC603F000D97989070A
:102890000BD5B5F5702F04D05B68C3F317039D42C9
:1028A00003D12179105810F02FF90136D8E700BF75
:1028B000D46C002073B5438D04460E46C3F3051354
:1028C0000022934205D811D0E06800EBC20002B0AC
:1028D00070BDE16801EBC201C879800704D5496881
:1028E000C1F31701B142EFD00132EAE7628D013343
:1028F00063F30912628502F47C7252B91C4B019396
:102900001C4B00931C491D4B40F2BF2203200FF0CB
:10291000F5FD618DE068C1F30511C90011F098F86B
:10292000658DE060C5F30515013DE06818D108220A
:10293000294620F0F1FC0C20E56811F051F82860E0
:10294000E368186820F041F9E268D37943F00203A4
:10295000D371E3685A6866F317025A60E068B6E715
:1029600000EBC50313E9030083E80300DCE700BFC5
:1029700077CC03008BCC03003ECC0300CECC03000D
:10298000014814211FF01ABFD46C0020014B83F8BA
:1029900024007047BC6C002070B50E4686B015460A
:1029A000044660B9104B0293104B0193104B0093F7
:1029B0001049114B4FF4A67203200FF09FFD218D9B
:1029C000002304932A4604AB31432046FFF7E6FE7A
:1029D000012805D0284606B0BDE8704010F046B981
:1029E000049806B070BD00BF40C70300CCC7030009
:1029F00020C703003ECC03000DCD03002DE9F047B6
:102A00000E4686B01546044660B9644B0293644B8B
:102A10000193644B00936449644B40F21512032008
:102A20000FF06CFD624B93F82430002B00F0848093
:102A30002046FEF731FD284610F06EF900F0040A3A
:102A4000284610F069F900F00208284610F064F9F1
:102A500000F00109284610F05FF906F47F0600F047
:102A60001007BAF1000F53D0B6F5702F3FD056B310
:102A7000022200212046FFF78FFF6FF04047B84247
:102A8000059007D0012200212046FFF785FFB842BC
:102A9000059007D1002232212046FEF719FA204680
:102AA00019F08AFEFF2D3ED12046FEF7D5F92046CB
:102AB000FEF7F2FCB6F5803F3ED0204606B0BDE8FA
:102AC000F0471AF05FBE324632212046FEF700FA88
:102AD000204619F071FEFF2D3BD120461BF07CF9FA
:102AE00098B9002FE0D020461BF00EF8DCE700225A
:102AF00032212046FEF7ECF9204619F05DFEFF2D4D
:102B0000204627D11BF068F9E8B119F055FE25E001
:102B1000B6F5702F13D0002EC4D1FF2DDDD00FB32A
:102B200020461AF0F1FFB8F1000F28D12046FEF739
:102B3000B3FCB9F1000F2CD106B0BDE8F087FF2D32
:102B40000FD12046DEE7002FAED020461AF0DCFF82
:102B5000A8E720461BF040F90028D6D1002FA1D0CD
:102B6000F3E747B9B8F1000F09D1204606B0BDE838
:102B7000F047FEF791BC20461AF0C6FFF2E7204668
:102B8000FEF76AF92046FEF787FCB9F1000FD3D0B3
:102B900090E7BAF1000F8DD1CEE700BF40C7030028
:102BA000CCC7030020C703003ECC030023CD0300A5
:102BB000BC6C0020014A00211BF00BB8FFFF0F0086
:102BC0002DE9F0410468274825682779254E1FF034
:102BD0009DFE014619B96A8DC2F305123DE0A1427E
:102BE0000BD00A6823689A4207D18A68A3689A4280
:102BF00003D10A7923799A4231D030461FF08CFEF6
:102C00000146E7E7EB6803EBC103CE00D879800704
:102C100022D55B68A068C3F3170383421CD1214609
:102C200010481FF033FE204610F0D0FEEC68394605
:102C3000A0590FF069FFEB68985904EB06081FF0E4
:102C4000F9FF60B1D8F80420A159284622F07F424C
:102C5000BDE8F0411AF0BDBF01318A42D2D8BDE8CB
:102C6000F08100BFD46C00202DE9F04387B004460A
:102C70001E46059200230A460F4606F47F01FFF721
:102C8000C9FD638D0022C3F305139A4252D3628DAE
:102C9000013363F30912628502F47C7252B93F4B2F
:102CA00001933F4B00933F493F4B40F29922032051
:102CB0000FF024FC618DE068C1F30511C90010F02C
:102CC000C7FEE06060B9394B0293394B0193394B31
:102CD00000933449344B40F29B2203200FF00EFC4A
:102CE000658DC5F30515013DE0684FEAC508002D67
:102CF00047D108220021404420F00EFB0C20D4F8DC
:102D00000C9010F06DFE49F83500E36853F835007B
:102D10001FF05BFFE3684344DA7942F00102DA71A5
:102D2000E36843445A6866F317025A60E36853F84D
:102D300035500EE0E06800EBC201D50091F807C005
:102D40001CF0010F1BD04968C1F317018E4216D148
:102D500045593EB938460FF0DFFF830602D52046BD
:102D6000FEF79AFB059A394628460FF01BFF3A46B4
:102D70003146204607B0BDE8F043FFF73FBE0132C1
:102D800083E7A8F10803034400EB0802D979890717
:102D9000AFD193E8030082E80300A4E777CC0300F7
:102DA0008BCC03003ECC0300FDCC030004C7030022
:102DB000BACC030020C703002DE9F04399469DB02B
:102DC00090F82A30249D028543F0080380F82A30C9
:102DD00016462A7A04460F46FFF7DEFDA4F828902F
:102DE00004902A7A39462046FFF7D6FD94F82A3017
:102DF00005906FF3C30384F82A30049B8342804616
:102E000078D026852A7A39462046FFF7C5FD39460F
:102E10000490A4F828902046FFF74CFD049A297AE4
:102E200000680FF0BFFE2A7A69682046FFF7E6FDCA
:102E30002B7A0C2B20D1DDF8109047F6FF739945C3
:102E400001D0984518D12046FEF7F0F900EBD0707C
:102E500046102046FEF70CFA47F6FF7200EBD073DF
:102E600091454FEA630353D19E424BDA731CC84528
:102E7000049301D1731C05932F481FF0A7FC06464D
:102E800000284AD0049BC360059B046003612B7A31
:102E90000371876006A80EF0A7FE314606A81EF053
:102EA0001DFE06A825491EF01BFE06A824491EF09B
:102EB00026FE06A823491EF024FEFF2206A80021B4
:102EC0001EF015FE298806A81EF00CFE698806A8CB
:102ED0001EF00AFEE96806A81EF00FFE06A80021F3
:102EE0001EF01BFE06A829691EF01EFE06A80EF0A5
:102EF00095FE04E001461FF01DFA002881D01DB0A8
:102F0000BDE8F0835A1CC8450492B5D10133B2E73D
:102F10009045B1D19E42ADDBF8E70B4B02930B4BD2
:102F200001930B4B00930B490B4B40F2C91203204A
:102F30000FF0E4FAE3E700BFD46C00205D2F01003E
:102F4000E1DC0200C12B010004C70300E4C7030059
:102F500020C703003ECC0300DECC0300F7B50668B3
:102F60000446708D0023C0F3051098423ED9F268E4
:102F700002EBC302DD00D779BF0705D55268A76809
:102F8000C2F31702BA4201D00133EEE700230093E7
:102F90002379612B53D04CD8392B29D81B2B3DD901
:102FA0001C3B0122DBB202FA03F33C4A1A4052BB3B
:102FB00013F0407F32D0FE293FDCE368009300230A
:102FC0000193F3682179585901AA1FF011FE0028D6
:102FD00054D10127F368009A217958590FF0E2FD86
:102FE00027B12279A1682068FFF708FD03B0F0BD82
:102FF000582B11D83C2B11D9294A3D3BDBB222FA80
:1030000003F3DB070AD5002924DCE368ADF80030C0
:103010001B0C8DF80230D2E75A2BCCD00029CCD033
:10302000FF290AD0D4E903239B1A4B4302EB232246
:103030000AE0662BBFD0672BEFE72369BEE7D4E930
:103040000323002ABAD00BB90092B8E77F29D8BF72
:103050001346B3E7FE2901DD2369D7E7CAB2D4E9F5
:1030600003101FF035FAC0F307238DF80000C0F3FA
:1030700007408DF801308DF80200A0E7DDE900730C
:103080009F42A6D1394638461FF054F90028A0D0F7
:10309000019BFF1A18BF01279CE700BF8100202079
:1030A000010100081FB5044678B90A4B02930A4B88
:1030B00001930A4B00930320094B0A494FF4907285
:1030C0000FF01CFA204604B010BD20466468002CA6
:1030D000FBD1F8E740C70300CCC7030020C70300BB
:1030E000BBCD030038CD030030B5054685B060B9CF
:1030F0001A4B02931A4B01931A4B00931A491B4B1C
:1031000040F22F1203200FF0F9F96B681BB128462B
:10311000FFF7C8FF054616481FF0F8FB044688B1C4
:10312000D0F8D422002306E0D4F8B81251F82310C6
:10313000A94210D001339A42F6D121460C481FF023
:10314000EBFBEBE70B4B00930749084B40F23F12B8
:1031500002200FF0D3F9204605B030BD40C7030070
:10316000CCC7030020C7030038CD0300A8CD03005F
:10317000C06C002070CD030030B50C4685B005460C
:1031800060B90E4B02930E4B01930E4B00930E4908
:103190000E4B40F24D1203200FF0B0F9A86848B171
:1031A000002C038E01DAE41806D4A34204D9036884
:1031B00053F8240005B030BD0020FBE740C70300F2
:1031C000CCC7030020C7030038CD030097CD030010
:1031D0001FB5044660B9094B0293094B0193094B93
:1031E00000930949094B40F2911203200FF086F930
:1031F000A06800B1008E04B010BD00BF40C703003E
:10320000CCC7030020C7030038CD030080CD0300E6
:103210007FB5D0F8AC620446B36B002B47D1204693
:103220001AF095FF18B1254B18691AF0D8FD012343
:103230002363A26BD1073FD5A26B92073CD5636392
:10324000A36A656B13B3336821691E69D4F80C3324
:1032500062690B440093D4F8103313440193D4F8FB
:1032600014330B440293D4F818333D211344204601
:103270006A4603931AF070FF324669462046A36AF5
:1032800098476A463E2120461AF066FF20461AF00B
:103290005EFF50B194F83930012B00D12DB1E369B4
:1032A000626A9A4208BF236A636204B070BD02F08A
:1032B0001DF801F0A5FFAFE70023C0E7BC6C0020BC
:1032C0002DE9FF41041D076890F8148020460E4642
:1032D0001EF0C6FF054620461EF0C7FF00960346B7
:1032E0002A46414638461AF093FF60B9074B0293CD
:1032F000074B0193074B00930749084B40F28A2282
:1033000003200FF0FBF804B0BDE8F08140C70300D4
:1033100001CE030020C70300CDCD030039CF030049
:103320002DE9F04F0C46B5B0804601212046FDF74F
:1033300067FB8146002840F08F81014660222046CD
:10334000FFF72AFBC3B2012B1990059340F2848149
:10335000204619F0FBF8074630B92146404635B003
:10336000BDE8F04F1AF08FBD204619F0EBF80DAD17
:10337000064629462046FDF733FF324631462846A9
:103380001EF007FC022F40F0358195E80F0015AEC6
:1033900086E80F004A46314620460DF1440919F0EF
:1033A000B9FA324608F1180148461EF00CFC002814
:1033B00000F0528199E80F0019AE86E80F003A46F6
:1033C0003146204619F0A6FA2A46314630461EF00C
:1033D000FAFB002800F0408196E80F0009AF87E86B
:1033E0000F000522114638461EF0D3FB38461EF06A
:1033F0003CFF039038461EF038FF0490099B15935C
:103400000B9B17930A9B169318930C9A189B9A423E
:1034100040F32281169B0399013B0B449342D4BF96
:1034200018931892002173222046FFF7B5FA0DF188
:10343000540B81461990002840F0118104F11401C9
:1034400058461EF067FC002800F0098119AA1A21CD
:1034500020468DF86490CDF868B0FDF739FD9DF8F1
:103460006430002B40F0FB8007215A46404601F0B3
:10347000F7FF214682461AF006FD6F220021204602
:10348000FFF78AFA7022199006900021074620461D
:10349000FFF782FA069B199003F0C041B1F1005F7B
:1034A000024606461BD123F0C0436FF060418B42B9
:1034B00015D0B3F1805FA2BFC3F17F6303F57F2313
:1034C00003F6FF73CDE9063004F114001EF0C8FEC8
:1034D000069B079A03FB00F7642397FBF3F702F0C0
:1034E000C043B3F1005F19D122F0C0436FF06042D6
:1034F000934213D0B3F1805FA2BFC3F17F6303F5A2
:103500007F2303F6FF7304F1140006931EF0ADFE53
:10351000069B03FB00F6642396FBF3F619A802F062
:1035200083F863691F44DAF80430FF1AA369299706
:103530001E44DAF808306E22F61A0021059B8DF839
:10354000B03020462A96FFF727FA00221190034652
:10355000B3F5616F00F38E80002A08BF0346249301
:103560000022002BC0F28A8002B124936C22002139
:103570002046FFF711FA6D22119025900021204678
:10358000FFF70AFA71221190269000212046FFF7DA
:1035900003FA72221190279000212046FFF7FCF9D0
:1035A00067221190289000212046FFF7F5F99DF839
:1035B000B130119060F302038DF8B130314B1B69CB
:1035C00093F83A209DF8B130CDF8CC9062F3C30364
:1035D0008DF8B13095E80F002EAE86E80F005A4600
:1035E00019A94046CDF880A002F0C6F8189B013317
:1035F00016930AE7012F26D119AF2A4608F11801C0
:1036000038461EF0E0FA38B397E80F0009AE86E8B6
:103610000F0030461EF029FE30461EF026FE3046D2
:103620001EF01EFE174B1B69064693F83C001EF069
:1036300073FE4FF4C04393FBF6F393FBF0F29B0849
:1036400003920493DAE6104B00931049104B40F2BA
:10365000B93202200EF052FF35B0BDE8F08F169B54
:10366000049A013B13440C9A9A42D4BF18921893BF
:103670001021FAE6A3F56163012269E703F56163AE
:1036800001226EE7BC6C00200DCE0300CDCD0300FF
:1036900088CF03002DE9F84306460D4629B91F4B94
:1036A000186900F019FE054640B130462946FFF77B
:1036B00037FE28461AF090FB044608B9BDE8F883A7
:1036C0002046FFF785FD00278046B946474513D1C0
:1036D00032461F212046FDF7FBFB324620212046C3
:1036E000FDF7F6FB324621212046FDF7F1FB20468F
:1036F0001AF072FB2546DFE7A3681B6853F8271012
:10370000B9F1000F06D16B1AD3F1000949EB030997
:103710000137DBE73046FFF703FEF9E7BC6C00201A
:103720002DE9FF41464E054630691AF010FD10B9EB
:1037300030691AF054FB336993F83C000EF022FC18
:1037400005F1180878B198E80F006C4684E80F007E
:10375000D5E901122046494252421EF027FA286854
:10376000214601F0BFF9306900F0B6FD0146404640
:103770001AF04FFB3369D3F8CC420746A4B90028AE
:1037800035D1306900F020FE01462846FFF782FF60
:10379000336993F8D822D0072FD4D3F8CC42A4B9F8
:1037A0003369D3F8C47226E0214640461AF031FB53
:1037B0003369044687B90028E3D093F8D822D107AB
:1037C0001CD4D3F8CC32002BEAD021462846FFF790
:1037D00061FF002FE4D00EE093F8D822D2070FD477
:1037E000D3F8CC323BB1002808BF1C46EDE793F874
:1037F000D832DB0704D439460DE00024D3F8C47274
:1038000039462846FFF746FF3369D3F8CC1229B171
:10381000002C18BF21462846FFF73CFF306900F016
:1038200097FD01462846FFF735FF306900F0AEFDF1
:103830000146284604B0BDE8F041FFF72BBF00BFAA
:10384000BC6C00202DE9F04FDFF8C881D8F81030AB
:10385000D3F8AC52D3F824C02E46044646F818CB11
:103860000FC886E80F0094E80F0005F1280686E8E7
:103870000F00D8F8103093F83970022F8DB016D1A0
:1038800094E80F002E1D86E80F00BCF808102846AB
:10389000FFF716FD20461EF0E8FC2B7D073B032BAF
:1038A00021D82846FFF73CFF5A4B1D6962E037B923
:1038B00094E80F002E1D86E80F003946E7E7012F38
:1038C000E8D10023C5E90133D8F8100000F0DEFB91
:1038D0000138E860D8F8100000F0E8FB2B680138E8
:1038E00028611989D3E7D8F810302A685B8FD76828
:1038F0002046C3F34703B7FBF3F71EF040F98146B8
:10390000287D1EF009FD7E1E09FB006620461EF084
:10391000ACFCB6FBF7F6012E8146C2D04C237343B4
:103920001846069310F05CF80746A0B1B9FBF6F311
:103930004FF0000A0593731E80468146D3460793D5
:103940005E4520D1069D334E3D44A84549D13846B9
:1039500010F03CF8A8E7304B0293304B0193304B0A
:1039600000933049304B40F2C62203200EF0C6FDD2
:10397000D8F8105094E80F0005F5437585E80F005E
:103980000DB0BDE8F08F62680599531E0B44534497
:1039900000935244A368216808A81EF0E0F8079B32
:1039A0002A7D5B4504BFE3680B93484608AB0021C2
:1039B00001F008FD2B1D0FCB09F1040C8CE80F0062
:1039C0002B68C9F800304846FFF7AAFE059B0BF1AB
:1039D000010B09F14C099A44B2E701F087FC01F0B0
:1039E0000FFCD8F83830002BF7D13069D0F8AC3262
:1039F0002BB11A6C42450AD1D8F840201A64D0F88D
:103A0000B4320BB14146984708F14C089DE7134684
:103A1000EEE700BFBC6C002004C7030022CE030009
:103A200020C70300CDCD030050CF030070B50E4674
:103A30008CB0044618B900F019FB0446B8B1204612
:103A400000F016FE98B194F83B309B070CD53A4B2A
:103A500002933A4B01933A4B00933A493A4B40F266
:103A6000171203200EF04AFD1EB9C4F860620CB0B4
:103A700070BD00232046CDE9043300F007FB013878
:103A80000690204600F012FB04AD013807902A464C
:103A9000314608A81EF097F80028E8D094F83C308A
:103AA000072B07D1089B23F0070308930A9B43F0D9
:103AB00007030A9394F83930022B0ED195E80F00D2
:103AC00004F1400686E80F000123C4F860320022AA
:103AD000382120461AF040FBC9E708AA35212046C4
:103AE0001AF03AFB0128C2D10026D4F86032B1B2F4
:103AF0008B4215D81F2B84BF0023C4F86032D4F842
:103B000060328CBF2A4608AA04EB031110680864CF
:103B10005068486490688864D268CA640133D4E706
:103B20000431002204EB011108A81EF008F9013647
:103B30000028DAD09BE700BF36CE030067CE030033
:103B400020C70300CDCD03007CCF0300014B1869D3
:103B5000704700BFBC6C00202DE9F04FB74C9BB004
:103B600088B1C36823610FF0E5FA206978B9B44BD6
:103B70000093B44B4FF4BA72B34902200EF0BEFC6E
:103B80001BB0BDE8F08F00F071FA2061EDE7436AE9
:103B90001BB11A690AB1DB682BB9AC4B009340F238
:103BA0007B12A84BE8E7002239211AF0D5FA2369E5
:103BB000D3F8C402FEF79AF82369D3F8CC0208B10F
:103BC000FEF794F82369D3F8C802FEF78FF823694B
:103BD000D3F8C002FEF78AF82369D3F8BC02FEF7D7
:103BE00085F82369D3F8C422002A40F00181C3F884
:103BF0006022974B00939449924B40F28F1202201F
:103C00000EF07CFC09F040FD206900223A211BB037
:103C1000BDE8F04F1AF0A0BA304490F84052002DA1
:103C200000F0A38001362069D0F860329E42F3D3C1
:103C300090F83930012B42D11AF089FA00283ED091
:103C4000206900F51A701EF095FE002837D1206912
:103C50001AF0C5F82069D0F81C80D0F824B0C3450C
:103C600008BFD0F8208000F011FA0390206900F01E
:103C70001DFA4022049000210AA820F0ABFB4FF06F
:103C800000092369D3F860221FFA89F6B24203F5CE
:103C90001A7000F2B1800023CDE90633039B013B8B
:103CA0000893049B013B09931EF030FE0546002853
:103CB00040F0E880206900F51A701EF067FE206968
:103CC000D0F860629EB3013E00F51073002E80F2C2
:103CD000EB80002600223B211AF03EFA236993F87C
:103CE00038206FF3000283F8382093F838206FF300
:103CF000410283F8382093F83B2042F0020283F817
:103D00003B204FF000080DF118092569D5F8603205
:103D10009845C0F2CF8000223C2128461AF01CFAB8
:103D2000236993F83B206FF3410283F83B2020691D
:103D3000D0F86032002B3FF465AF1AF008FA002883
:103D400040F06A8120694FF40072002140301FF07A
:103D5000E3FA20692022002100F510701FF0DCFA40
:103D600023690022C3F860224CE74FEA061A0AF1E1
:103D700040092069D0F860329D42BFF453AF431927
:103D800093F84032002B31D1AE422FD04FEA051BC1
:103D90000BF1400B00EB0B0148441DF0BBFF28B3B7
:103DA00021690AA801EB0B0249441DF02EFF0AA865
:103DB0001DF0E5FE0390206948441DF0E0FE074633
:103DC000206958441DF0DBFE039B0744BB420DD223
:103DD00023690A9903EB0A022B4411640B9951647D
:103DE0000C9991640D99D16483F840820135C0E744
:103DF00000264FF0010816E7334493F8403213B120
:103E000009F101093DE71EF081FD04363301054645
:103E10000593206900F51A70002DF1D029461EF097
:103E20007BFD059B226982461A4429460AA81DF09B
:103E3000C2FF431C064623D0002715E0BC6C0020BF
:103E400084CE030066CF0300CDCD03009ACE0300DD
:103E5000A9CE03001EF0D5FC0AAB03EB0713844682
:103E60000FCB8CE80F00013720697BB29E4200F532
:103E70001A702946EEDC1EF009FD28460FF0A6FD5B
:103E80005546C6E706AA294628461DF09CFE294647
:103E900058462B46424600F087FE2069294600F529
:103EA0001A701EF039FD01E79A5D002A3FF412AF47
:103EB000013E0BE705EB080393F8403213B108F11C
:103EC000010822E7B04502BF95F8383043F00103FE
:103ED00085F8383095F838306FF3410385F838307D
:103EE00008F1040305EB03130FCB89E80F0095F8E5
:103EF0003970002F40F0828048461EF0B1F98346A9
:103F000048461EF0B2F92369039393F83C50824669
:103F10002946584600F014FC072D039B30D0083D7D
:103F2000EDB2022D02D84C4A32F8157050BB4B4B03
:103F300000934B4B40F2B3424A4902200EF0DEFAA6
:103F40000025069B0A93089B0C93079B0021099A66
:103F500005EB030A0AF1FF3797423BDD8A42AED0F8
:103F600021690B930D9291F8383043F0020381F8E8
:103F700038300AA8FFF766FC2069FFF749F99EE789
:103F80000827D3E75B6ADD680023ED1BCDE90B331F
:103F9000B5FBF0F55545A8BF55460A932F460AAA2A
:103FA00035212069BA46013F0D971AF0D5F80AA8C5
:103FB0001EF05BF9854207DA002FF0DC2A4B0093F4
:103FC00040F2CE42264BB7E7BAF1000FF6DD0D9D69
:103FD0000135B6E708BF22690B930D9702BF92F82F
:103FE000383043F0020382F838300AA8FFF72AFC81
:103FF0002069FFF70DF939465346A8E7013F012F25
:104000003FF65DAF95F8383005EB081043F002033A
:1040100085F838304030ADE7236993F83930012B0B
:104020007FF490AE002510E0431993F840325BB95D
:1040300000F51A701EF00EFC23692A1D03EB021313
:1040400006460FCB86E80F0001352069D0F86032B4
:10405000AB42E9D876E600BF84640300C3CE030018
:104060005ACF0300CDCD0300DECE0300014B5869CB
:10407000704700BFBC6C00200146034809B91EF020
:1040800045BC1EF049BC00BFC06C002010B9064BF7
:10409000586940B190F8FC3203F00503012B01D1BF
:1040A0004068704700687047BC6C002010B9064B30
:1040B000586940B190F8FC3203F00503012B01D19F
:1040C0000068704740687047BC6C002010B9034B13
:1040D000586908B18069704764207047BC6C002043
:1040E00010B9034B586910B1C0E90712416270471B
:1040F000BC6C002010B9034B586908B180F8391026
:10410000704700BFBC6C002010B9024B586900B169
:1041100081627047BC6C002010B9034B586908B12C
:1041200090F83C00704700BFBC6C00202DE9F04FB8
:1041300087B099469DF840300593044615468A4657
:1041400061B9544B0293544B0193544B009354491F
:10415000544B4FF4D57203200EF0D0F92046FFF7F0
:10416000DBFF07462046FFF791FF83462046FFF717
:104170009DFF0646BBF1000F00D060B94A4B029389
:104180004A4B0193454B00934549464B40F2AF12D1
:1041900003200EF0B3F93946504600F0F7FA824595
:1041A0000CD0434B0193434B00933D493D4BCDF81D
:1041B00008A04FF4D97203200EF0A0F98DB1394652
:1041C000284600F0E3FA85420BD03B4B01933B4B72
:1041D00000933349334B029540F2B31203200EF0A3
:1041E0008DF93946584600F0ABFA059B8046002B06
:1041F00038D1484528D8B9FBF8F6CDE901A93B46A6
:104200003246594604F5247ACDF8008004F51D7035
:1042100000F004FB32463B465946CDE90159CDF842
:104220000080504600F0FAFA002D04F51D7120467A
:1042300014BF52460022FFF753FF0599204607B0EE
:10424000BDE8F04FFFF756BF1D4B02931D4B019386
:10425000124B00931249134B40F2B91203200EF097
:104260004DF9C8E700FB06F34B45C6D90599164A38
:10427000164B022918BF13460293154B0193154B99
:1042800000930749074B4FF4DE7203200EF036F916
:10429000B3E700BFE9CF0300F5CF030020C7030059
:1042A00097CF030083D3030002D003001AD003008A
:1042B0002BD003004FD0030082D00300B6D0030000
:1042C000E9D0030024D00300E2CF0300DDCF0300D8
:1042D00001D1030018D1030013B5044670B9094B8E
:1042E0005C695CB9084B00930849094B4FF41172A3
:1042F00002200EF003F9204602B010BDD4F8C442EB
:10430000F9E700BFBC6C00205BD1030097CF03002E
:1043100066D3030013B5044670B9094B5C695CB9F8
:10432000084B00930849094B40F24F2202200EF03F
:10433000E5F8204602B010BDD4F8CC42F9E700BF42
:10434000BC6C00208AD1030097CF03004BD303003D
:1043500013B5044670B9094B5C695CB9084B00930E
:104360000849094B40F25A2202200EF0C7F82046B5
:1043700002B010BDD4F8C042F9E700BFBC6C002009
:10438000BBD1030097CF030032D3030013B504461B
:1043900070B9094B5C695CB9084B00930849094B3B
:1043A00040F2652202200EF0A9F8204602B010BDAE
:1043B000D4F8BC42F9E700BFBC6C0020F4D1030084
:1043C00097CF030019D3030013B5044670B9094B06
:1043D0005C695CB9084B00930849094B4FF41C72A7
:1043E00002200EF08BF8204602B010BDD4F8C8426F
:1043F000F9E700BFBC6C00202ED2030097CF03006A
:10440000FDD20300F0B50D4685B016461F460446A2
:1044100060B90B4B02930B4B01930B4B00930B4971
:104420000B4B40F2123203200EF068F83B46324646
:10443000294604F5397005B0BDE8F0400DF0DABD4D
:1044400040C703006DD2030020C7030097CF0300CD
:10445000E5D203007FB506466B480D461EF0B6F95F
:104460000446002873D04FF4477200211EF054FF19
:104470004FF0FF33C4E902330023C4E9043364235B
:10448000A361638F23F4FF7323F0010343F002035E
:1044900063870723C4E9006584F83C304C200FF0A3
:1044A000FDFAC4F8AC0258B9584B0293584B01932B
:1044B000584B00935849594B582203200EF01EF8D0
:1044C000D4F8AC1200294ED0D4F8B0320BB120464B
:1044D0009847D4F8AC2200235360D4F8AC22936000
:1044E000D4F8AC32013EDE60D4F8AC324C4E013D23
:1044F0001D61D4F8AC3294F83C201A750123C4F83D
:1045000064320FF007FB1021C4F8080304F51A7099
:104510001EF054F9434875697461224621210EF05A
:10452000B9FDC4F8040310BB384B02933E4B019312
:10453000384B00933849394B6C2203200DF0DEFFD5
:10454000D4F804339BB920460FF040FA0BE02F4B10
:104550000293364B01932F4B00932F492F4B41224F
:1045600003200DF0CBFF0024204604B070BD0020D6
:10457000FCF7C2F9C4F8C8020020FCF7BDF9C4F882
:10458000C4020020FCF7B8F9C4F8C0020020FCF710
:10459000B3F9C4F8BC02D4F8C802FEF70BFBD4F898
:1045A000C002FEF707FBD4F8BC02FEF703FBD4F809
:1045B000C0020221FCF76CFAD4F8BC020221FCF71D
:1045C00067FAD4F8C8020021FDF798FDD4F8C002BC
:1045D0000021FDF793FDD4F8BC020021FDF78EFD0C
:1045E000D4F8C402FCF758FF002D08BF254620462A
:1045F0000F49756100233822FFF704FFD4F8040344
:104600000EF0A8FEB0E700BFC06C002004C7030096
:104610007AD2030020C7030097CF03009AD3030088
:10462000BC6C0020593B010093D203006DD2030003
:104630001BE1020010B9094B586970B1D0F8AC32D7
:1046400080F83C101975C36903B15970036A03B14E
:1046500059700022372119F07FBD7047BC6C0020D3
:1046600008B9024B5869D0F800037047BC6C0020B1
:1046700013B5044670B90B4B5C695CB90A4B0093E7
:1046800002200A4B0A4940F2AE320DF037FF2046B5
:1046900002B010BDD4F864020028D4BF002001206D
:1046A000F6E700BFBC6C0020ACD20300C2D203000E
:1046B00097CF030010B9034B586908B1C0F8E01256
:1046C000704700BFBC6C002010B9034B586908B19B
:1046D000D0F8E002704700BFBC6C0020014B586965
:1046E000FFF7FABDBC6C002010B51822044600216B
:1046F0001EF012FE054B2360054B6360054BA36063
:104700000023C4E90333044B636110BDB5E102002B
:10471000B1E1020095E102009FE1020010B5074CF3
:104720002046FFF7E1FF04F11800FFF7DDFF04F179
:104730003000BDE81040FFF7D7BF00BF846D0020F8
:104740000A460146014819F038BD00BF846D0020BB
:1047500038B50D4614461BB91146FFF7F1FF034665
:10476000142C05FB03F003D15B0805FB030038BDE7
:10477000073CE4B2032CFAD81ABF034B1B5D4FF47D
:1047800080631844F3E700BFC4D503000A4601461E
:10479000014819F01ABD00BF846D002070B50D46A8
:1047A00088B0044658B9174B0293174B0193174B27
:1047B00000931749174B8F2203200DF09FFEA3692A
:1047C0005BB9104B0293144B0193104B00931049AB
:1047D000104B902203200DF091FEA66933697BB146
:1047E00055B9E288A388013A009229462A46013B3E
:1047F00004A81DF0B4F904AD336929462046984752
:1048000008B070BD40C70300E4D3030020C7030015
:10481000ACD303006BD60300F5D303002DE9FF47AB
:10482000DDF83880DDE90C578A4691461E4604467D
:10483000B8B11C2200211EF06FFD25B9314650464B
:10484000FFF77EFF054609FB05F343451AD9CDE97D
:1048500001381F4B00931F491F4B4FF48B720220EE
:104860000AE01E4B02931E4B01931E4B0093194905
:10487000194B4FF4887203200DF040FE002004B065
:10488000BDE8F08766702368A4F804A003F47F43B2
:1048900043F019032360144BA361C4E90477A4F81F
:1048A00006902581C4F80C8031463846FFF76EFF2C
:1048B0006369834201D10120E1E70C4B0093054974
:1048C000054B4FF4947202200DF018FEF3E700BF81
:1048D00010D40300ACD3030037D6030040C7030055
:1048E000E4D3030020C70300846D002040D40300FC
:1048F0002DE9F04F87B007461C20109E894693464D
:104900001D460FF0CBF8044608B326B929464846A1
:10491000FFF716FF064633462A4659464846FFF734
:1049200017FF3B68804623BB204B0093CDE904680A
:10493000CDE902B51E4B1F49CDF8049040F2431259
:1049400002200DF0DBFD20460FF040F80CE01A4B82
:1049500002931A4B01931A4B00931649144B40F2E1
:10496000371203200DF0CAFD0024204607B0BDE831
:10497000F08F2946984782460028D5D06570236875
:10498000A4F8049003F47F4343F4401343F0190365
:10499000A4F806B0268123602946FFF7F7FEC4F885
:1049A0000C80C4E9040AA761DFE700BF5DD40300FF
:1049B00021D60300ACD3030004C70300E4D30300F3
:1049C00020C7030007B5009313460A460146034873
:1049D000FFF78EFF03B05DF804FB00BF846D00207D
:1049E0001FB5044660B14388DB0618D4194B009309
:1049F00019491A4B4FF4CE7203200DF07FFD0CE0E5
:104A0000174B0293174B0193174B00931249134B0B
:104A10004FF4C87203200DF071FD04B010BD83691E
:104A200063B90F4B0293114B01930F4B00930A494B
:104A30000A4B40F2951203200DF060FDA3695B68FC
:104A40000BB160699847204604B0BDE810400EF0F5
:104A5000BDBF00BF8CD40300ACD303000DD6030050
:104A600040C70300E4D3030020C70300F5D30300CD
:104A70007FB50D46044678B10169407807281BD1FF
:104A80000823248902FB0433CC1895B10DF070FA89
:104A9000684304EBD0040CE00C4B02930C4B0193E5
:104AA0000C4B00930C490D4B40F2A31203200DF068
:104AB00025FD204604B070BDA0F10803DBB2022B37
:104AC00096BF074E002336F81330DAE740C70300DD
:104AD000DAE3030020C70300ACD30300F9D50300D9
:104AE0008A640300F0B50D468DB0044658B9294BD1
:104AF0000293294B0193294B00932949294BA52265
:104B000003200DF0FBFC268965B92A46294620467C
:104B1000FFF7AEFFE288294672430DB0BDE8F040D2
:104B20001EF0FABB0023CDE90433A388013B0693B2
:104B3000E38804AA013B294608A807931DF043F81F
:104B4000E8B108A81DF08CFB002818DD08A81DF0AE
:104B50008CFB002813DDDDE908122046FFF788FFF3
:104B6000054660780DF004FA044608A81DF078FBAD
:104B700044430734099FE4100B9BBB4201DA0DB09C
:104B8000F0BD2846224600211EF0C6FB3544013701
:104B9000F2E700BF40C70300E4D3030020C70300CF
:104BA000ACD3030059D603002DE9F04F90461E46C2
:104BB00052784378934285B004460D460BD0CDE938
:104BC0000232414B0193414B00934149414BDC225E
:104BD00003200DF093FCD5B96378B4F80490DA1F84
:104BE000032A1ED986B330461DF03AFB48455BD0F8
:104BF000394B0293394B0193394B00933449354B70
:104C0000EC2203200DF07AFC05B0BDE8F08F2846B9
:104C10001DF026FB8146002E41D16378DA1F032A5E
:104C200012D8072B2069D8F8101009D0082B09D00A
:104C3000092B14BF4FF4806240221EF077FAD1E7AF
:104C40000822FAE71022F8E7B8F804304B45CFD134
:104C5000002211464046FFF70BFF07463DB3D5E95A
:104C600000122046FFF704FFD5F804B0D5F80CA0D9
:104C7000064660782589B8F808800DF079F909FBB7
:104C800000F40734E410D345BEDC394630462246F2
:104C90001EF04CFA2E4447440BF1010BF3E730466B
:104CA0001DF0DEFA8145A2E7D6E90012D2E72A46D6
:104CB00029462046FFF7DCFEB4F806A006460AF1B6
:104CC000FF3AAB46D5E700BFB2D40300D4D403000B
:104CD000ACD3030048D603000FD50300511B0400DA
:104CE00020C703002DE9FF470D46044660B9464B37
:104CF0000293464B0193464B00934649464B40F284
:104D0000B31203200DF0FAFB23694BB16388A68828
:104D1000B4F806809B0614D4002004B0BDE8F087E8
:104D2000394B02933D4B0193394B009339493A4B30
:104D30004FF4DA7203200DF0E1FB2369002BEBD076
:104D4000E4E725B961783046FFF7FAFC0546238988
:104D5000AB4239D060780DF00BF970430730B5EBFA
:104D6000D00F4FEAD0090BD22D4B009329492A4B83
:104D7000CDF8049040F2CF1202200DF0BFFBCBE73C
:104D80002B46627841463046FFF7E2FCE3688342F7
:104D9000C2D36378072B19D0083BDBB2022B17D89C
:104DA000204A32F8133027892669AF421DD208F114
:104DB000FF3202FB073705FB023337444FF0000A8E
:104DC0001E44C24506D325810120A6E70823EAE751
:104DD0000023E8E7394630464A461EF0C5FA2389E3
:104DE000761BFF1A0AF1010AEBE71E44B2460027C0
:104DF0004745E8D2314650464A461EF0B5FA238967
:104E0000AA441E440137F3E740C7030041D503001D
:104E100020C70300ACD30300DFD503004DD503004A
:104E20005FD503008A6403002DE9F04F044687B084
:104E300030B14388D90711D5002007B0BDE8F08F05
:104E4000554B0293554B0193554B00935549564B87
:104E50004FF4FD7203200DF051FBEDE79A060AD4E2
:104E60000193524B00934F494F4B40F2FF120220E7
:104E70000DF044FBE0E74278D31FDBB2032B15D8DB
:104E800018BF4B4A056914BFD3564FF4807305EB26
:104E90008306AE4205D1638843F00103638001209D
:104EA000CBE728461DF076FA0435F2E7A2F10B03B2
:104EB000092B66D801A151F823F000BF974E0100DD
:104EC000974E0100974E0100974E0100834F01005D
:104ED000E54E0100834F0100834F01004F4F010059
:104EE000114F0100B0F80680B0F80490B0F808A0A7
:104EF000076900264645CED2002502E01DF04AFA99
:104F000001354D4507EB8500F8D357440136F1E7ED
:104F1000B0F80890B0F806A00669B0F804B04FEAFF
:104F2000590309FB0A6800275745B4D2002506E05B
:104F300018F8051005931DF044FA059B01355D45F1
:104F400006EB4500F4D34E4498440137ECE7B0F843
:104F50000690B0F804A0B0F808B0076900264E45E6
:104F600099D23D464FF0000806E0A97828461DF08A
:104F700028FA033508F10108D045F6D35F4401361D
:104F8000EDE70C4B019200930649074B40F23F229C
:104F900002200DF0B3FA7EE740C70300E4D303001C
:104FA00020C70300ACD30300C7D5030080D503009E
:104FB000C1D50300A3D503001FB50EF06FFD044655
:104FC00058B90D4B02930D4B01930D4B00930D49B6
:104FD0000D4B512203200DF091FA0C4BD3F82421F4
:104FE0002260D3F82821C3F8244101322046C3F8B7
:104FF000282104B010BD00BF04C70300B7D60300CA
:1050000020C7030083D60300FDD70300BC6C00203B
:10501000F0B5074685B054200D460EF03FFD04461E
:1050200058B9164B0293164B0193164B0093164931
:10503000164B5D2203200DF061FA95E80F0004F194
:10504000080686E80F0095E80F0004F1180686E8C8
:105050000F0007F118030FCB04F1380585E80F00A6
:105060000123A364BB6B1BB9BC63204605B0F0BD34
:105070001A461B68002BFBD11460F6E704C7030037
:10508000C8D6030020C7030083D60300ECD7030073
:105090002DE9F3478C6B07460D464FF000081CBB0B
:1050A000EB6B002B00F0928095F84420002A00F072
:1050B0008D80AA6B002A40F089809B6B7BB11A79A6
:1050C000062A40F081809A6C002A7DD1DA6CD26980
:1050D000AA4279D101229A64444BC3F830210026B8
:1050E000304602B0BDE8F087A36CD4F80090032BE3
:1050F00068D12379062B38D1E36CDE69336813B3AA
:10510000301D1DF0B2F83368DFF8E0A01B8958436A
:10511000DAF82C31984243D81B1ACAF82C31DAF845
:105120002C31334903F2FF339B0A0193314B009337
:1051300040F22A22304B01200DF0E0F93068FFF7F1
:105140004FFC0023336087B1D7F8AC3223B11A6C1F
:10515000964232D1326C1A64D7F8B43213B1314668
:105160003846984730460EF031FC204619F056F983
:10517000064640B190F850305B0604D5C0690EF089
:1051800025FC0023F361E06C0EF020FC20460EF0BD
:105190001DFCB8F1000F12D0C8F800904C467EE715
:1051A0000023CAF82C31154B00931149124B4FF4D0
:1051B0000A7202200DF0A2F9B1E71346C6E7C5F85E
:1051C0003890EBE7A046E9E71B6877E7074BD3F891
:1051D00024410026002C83D0236920462946984785
:1051E0000130246818BF0126F4E700BFBC6C002022
:1051F00083D60300FFD60300BDD70300D9D6030032
:105200002DE9F0410020FEF737FF0E4F044600263F
:105210004FF001080CB9BDE8F081D4F8AC523DB9AB
:105220000EB9C7F830812046FEF726FF0446F1E7A5
:1052300029462046FFF72CFF2D6C002818BF064694
:10524000EDE700BFBC6C0020F7B5CE6C234D30619C
:1052500095F838710C4697BB306870B14FF4002157
:10526000FBF7CEFB48B1012385F838313068224680
:105270002221FBF72DFE85F838714FF4C843A4F8BE
:105280005030D5F8245175B994F8503093B9144B77
:1052900000931449144B982202200DF02FF9032398
:1052A000A36403B0F0BD6B6913B12146284698474B
:1052B0002D68E8E703B0BDE8F040FFF7A1BF4FF469
:1052C000C843A1F85030D5F82451002DE9D06B69BE
:1052D00013B12146284698472D68F6E7BC6C00209C
:1052E00018D7030083D60300CDD70300044BD3F8AF
:1052F0003021002AFBD00022C3F83021704700BFC4
:10530000BC6C0020024B0122C3F83021704700BF63
:10531000BC6C00202DE9FF41294B846BD3F8283168
:10532000012B06460D46174609D824B9002420460D
:1053300004B0BDE8F081A36C012BF7D1F7E7F4B915
:10534000002D38D1B56B002DF0D0AB6C012B32D1D4
:1053500095F850300BB1BB422DD1B46B05F1180854
:105360005CB3A542E3D0A36C032B06D0424604F104
:10537000180168461CF027FCE8B92468F0E7FEF73E
:10538000E5FBFEF783FE0446FEF7E0FBFEF78EFE2C
:10539000B36B9A6C012AD3D09A68002AD0DC1A69C0
:1053A000013CA242CCDBDA68002AC9DC5B69013827
:1053B0008342C5DBBAE72D68C5E72C46B7E700BFD7
:1053C000BC6C00202DE9FF410F4690461C46054667
:1053D00060B91E4B02931E4B01931E4B00931E4956
:1053E0001E4B4FF4CC7203200DF088F84C220021A4
:1053F00028461DF091FFFEF7A9FBEF63064694E8EF
:105400000F0005F1180787E80F0094E80F002F1D23
:1054100087E80F0094E80F0005F1280787E80F00E0
:1054200085F81480D6F8B03213B129463046984733
:10543000D6F8AC323BB11A461B6C002BFBD115647D
:1054400004B0BDE8F081C6F8AC52F9E740C70300EC
:1054500045D7030020C7030083D6030095D7030078
:10546000F0B5054685B04C200E4617460EF016FBEB
:10547000044638B13B4632462946FFF7A3FF204693
:1054800005B0F0BD064B0293064B0193064B00930B
:105490000649074B4FF4C47203200DF02FF8EEE7D6
:1054A00004C7030041D7030020C7030083D60300CD
:1054B000A8D703002DE9F3410768044627B13E69E8
:1054C000304602B0BDE8F081051D28461CF0C8FE3C
:1054D000064628461CF0C9FE217D80463046FFF76F
:1054E0002FF9227D08FB00F53B4630464146FFF789
:1054F00069FA0646206048B9134B00931349144BD0
:1055000040F2CF1202200CF0F9FFD9E7114B0F49FE
:10551000D3F82C21A818C3F82C0100F2FF300E4B51
:105520000093800A01900A4B012040F2D5120CF042
:10553000E5FF207D0CF026FD18B120683946FFF705
:10554000D1FA23681E69BBE753D7030083D6030053
:105550007DD70300BC6C0020FFD603002DE9F04F7F
:105560001C4699B08B6CADF814301B0C8DF81630BE
:10557000136B06931546BDF81C30526BDDF888900E
:1055800062F30803ADF81C30EB6A8246884683B1AB
:105590001CB12268234B9A420BD1239B249CCDE95A
:1055A00000932A4605AB41465046A04719B0BDE8D6
:1055B000F08F239B0FCB08AF87E80F00D9E90012CB
:1055C0003846524249421CF0F1FA04B90CAC154B72
:1055D000C4E90033C4E9023310AE0DF1500B22468A
:1055E0003946284618F079FF039094E80F0086E8C2
:1055F0000F00D9E9001230461CF0D8FA039B012BAA
:10560000D4D12399324658461CF0DDFA0028E6D062
:10561000CDE9006BDDF890C005AB2A464146504607
:10562000E047DCE7010000E010B56C2200210446F1
:105630001DF072FE1CF0AAFEC0F3072384F8493067
:105640004FF48073C4E90C33B4F84C3084F848004C
:1056500023F40F6323F00F0343F0FF03A4F84C304F
:10566000044BE365C0F307406C2384F84A00636190
:1056700010BD00BF010000E02DE9F04FA9B00E46BB
:1056800006901546059353B9364B00933649374B70
:10569000C22202200CF032FF29B0BDE8F08FC969A8
:1056A000002215A801F004FA012806D0304B00931F
:1056B0002D492E4BC9220320ECE706F1540A50462F
:1056C000B78CB6F826901CF0CBFD0028ACBF9AE84A
:1056D0000F0095E80F0009AC84E80F00394620461A
:1056E0001CF043FA494620461CF044FA214BDDF8F1
:1056F00024A00FCB0DF1340888E80F0007EB0A0354
:105700000DF1440B0793EB680A9A9A4219DD15A82C
:1057100018F0F1FEC0E72A46214658461CF053FA1D
:1057200048B1059B06980094CDE901B315AA4346FC
:105730003146FFF713FF099B3B4409930B9B3B4406
:105740000B93AB68099A9A42E5DD0A9BCDF824A039
:105750004B440A930C9B4B440C93079B013B0B93CC
:10576000D1E700BF4BD8030011D8030089D803004C
:1057700060D80300DC4B03002DE9F0430B6B002BDA
:1057800085B007460C46164646DD4B6B002B43DDC5
:105790001146FFF73DFC05466C200EF021F9E86448
:1057A00058B91F4B02931F4B01931F4B00931F4986
:1057B0001F4B4E2203200CF0A1FE21466C22E86C08
:1057C0001DF0B4FC06232B710023AB6430461CF0A3
:1057D00047FD804630461CF048FD04F1400302932B
:1057E000A38E0193238E009305F11809E36A024604
:1057F0004146484618F05DFDD6E9001248461CF0C7
:10580000D5F9E36901222946384683F8442005B0DA
:10581000BDE8F043FFF718BD05B0BDE8F08300BF59
:1058200004C7030075D8030020C7030011D8030084
:10583000C0D803002DE9F0410646A0B00C4615463D
:105840001F4653B9314B00933149324B9A22022003
:105850000CF054FE20B0BDE8F08113680593536846
:10586000069393680793D3680893CB6A3BB90B6B95
:10587000B3F5807F03D14B6BB3F5807F21D02846F1
:105880001CF0EEFC804628461CF0EFFC04F14003BF
:105890000293A38E0193238E00930246E36A41464E
:1058A00005A818F006FD2968059B6A680B44059356
:1058B000069B13440693079B0B440793089B1344D2
:1058C00008930DF12408B26805A940461CF07BF945
:1058D0000028BFD0E16900220DA801F0E9F80128F5
:1058E00006D00D4B00930A490A4BB5220320AFE7BF
:1058F0003046CDE90187009500230DAA2146FFF728
:105900002DFE0DA818F0F7FDA4E700BF4BD803004B
:1059100011D80300A4D8030060D8030010B55822A2
:10592000044600211DF0F8FCFF2384F84C301CF0E5
:105930002DFDC0F3072384F831304FF0FF3323628D
:10594000154B84F830006362C0F307404FF6FF73D5
:10595000C4E90A3384F832001CF018FDC0F30723B1
:1059600084F83300C0F3074084F8343084F83500FD
:1059700005200CF071FEC0F3072384F837300023B4
:1059800084F8360084F84D30C0F30740582384F87B
:105990003800636110BD00BFA45C0300F0B50C4685
:1059A00085B094F84C30022B064611460DD9E369B8
:1059B0005BB11B784BB1636A4BB91A4B00931A4920
:1059C0001A4B602202200CF099FD05B0F0BDFFF7E4
:1059D0001FFB054658200EF003F8E86458B9144B35
:1059E0000293144B0193144B00930F490F4B682201
:1059F00003200CF083FDE86C582221461DF096FB35
:105A000004232B7194F850305B0604D5E069EF6CE9
:105A10001DF0F4FCF8612946304605B0BDE8F040C1
:105A2000FFF712BC08D90300CED8030054D90300F5
:105A300004C7030075D8030020C703002DE9F04F09
:105A40009046C3B04F6A82680C9383460C461DA8EB
:105A500041461CF0B8F8002800F0888194F84E30D8
:105A6000099394F84F30E169DA0700F1A0804046CD
:105A70001CF0F6FB0A9038461BF0E0FDE36BD8E91A
:105A80000012C31881461BA80B931CF0F8FB636C33
:105A9000A16C15931C9B626D0B441C93002A40F073
:105AA00094800025236A059394F84F30E0690293AF
:105AB0004FF0000A0A9BCDF804A00093236C0599CF
:105AC0003A4628440DF040F94619DBF808201C9BA3
:105AD00052684B449342C0F29880099B022B40F0DD
:105AE000C180E06994F84F300093236C3A46711BF3
:105AF00028441DF0F4F9814640461CF0B1FB1B9B85
:105B0000A0EB090000EBD07003EB60031B93A36ACA
:105B10000693E36A0793DDE906322FA8934288BF14
:105B2000CDE9062318F080FC94F84C308DF8D33082
:105B300021AB3293236BADF8D03036A81B0C8DF817
:105B4000D23018F093FC94F84C308DF8F83097F977
:105B50001630002B08BF012308931CF017FCC0F37C
:105B60000743C0F307228DF85E30DBB28DF85D206D
:105B7000C1B2D2B2109300238DF85C000E91129244
:105B800004931193059B002B00F0EC80E3695A19F4
:105B90005B5D1392002B00F0E5801B9B159AD318D8
:105BA0000F931B93002318934FF0000994E0029386
:105BB0006FF060430193E36B0093236C626A36A835
:105BC0000DF0DEF9369B0A9355E700297FF469AFA3
:105BD000D8F804100029BFF664AF93685B1A0B99DC
:105BE000002BB8BF5B42C1F50071B3EB410FC4BFDE
:105BF0004FF0FF331360636D1D68002DFFF651AF4A
:105C00005A681C9B13441C934CE794F84F30E0698E
:105C10000599CDE901A30A9B0093236C3A463044D1
:105C20000DF092F81C9B0B9A1344626D1C93304448
:105C300082B113F5806F0DDB1368002B0ADA166052
:105C4000D8F804101C9B626D5B1A5360636DD8F822
:105C500004209A60E3699B5D3546002B00F0868046
:105C6000064632E7099B032B7FF451AFE06994F8B5
:105C70004F300093236C3A46711B28441DF02FF9D6
:105C8000814640461CF0ECFA1B9BA0EB0900034444
:105C90003CE7069A4FF6FF739A426AD0079A9A42F7
:105CA00067D03B4BE0691B6829449847824618AB94
:105CB00013981AAA19A91DF0D5F894F84F301B07AC
:105CC00040F1BE80199A232A64D1B9F1000F53D153
:105CD000189B11934FF001091899059B994203D223
:105CE000731B99421493D4D3059BAD1B5B19059389
:105CF00000F0028294F84F30E06902930023019390
:105D00000A9B0093236C05993A4630440DF01CF829
:105D100006EB0009D8F800301B93099B022B40F0DA
:105D2000ED81E06994F84F300093236C3A46A9EB7B
:105D3000060130441DF0D3F8054640461CF090FAA9
:105D40001B9B401B00EBD07003EB60031B931C9B61
:105D50000B9A1344DBF808201C93D2689342354613
:105D600040F3E3813598002840F0E18143B0BDE87D
:105D7000F08F4FF0000A9AE7B9F1010F00F04F8160
:105D8000B9F1020F3FF410AF0023049358E000BFB5
:105D900074620300B9F1010FF6D1202A189B40F07C
:105DA000A381119A9B1A072B40F02F81139B119905
:105DB0000622591829A81DF0B9F900239DF8A4005E
:105DC0008DF8AA3018F018FB01469DF8A50018F0D0
:105DD00013FB00EB0110C3B29DF8A6000D9318F061
:105DE0000BFB01469DF8A70018F006FB00EB011025
:105DF000C1B29DF8A80018F0FFFA81469DF8A900ED
:105E000018F0FAFA00EB0910C2B20D981CF0A5FACE
:105E1000C0F30722C0F307438DF85D208DF85E3094
:105E2000C1B2D2B2DBB28DF85C000E911292109327
:105E3000049B002B00F05B81002304934FF00209C8
:105E400094F84F30180704D5B9F1020F08BFAAF132
:105E5000070ADDE91912384608F060FD1C9B0B9912
:105E60001B9A0D90591801392192249102441899D6
:105E700014982293013A814223924DD394F8501002
:105E8000C9071CD50F9929912B92FA68DDF830C00B
:105E900013443A699B1A97F915209B1A089A2A937A
:105EA0001344013B228E2C9394F83230ADF8F92044
:105EB0008DF8FB3036AA29AB00215846E04794F80C
:105EC00050309B0728D50F9B29930D9A1B9BDDF81B
:105ED00030C01344013B2B93D7E903329B1A5B007C
:105EE000032293FBF2F31C9A134497F9162002EB5A
:105EF000D27203EB6203089A2A931344013B228E69
:105F00002C9394F83230ADF8F9208DF8FB3036AA96
:105F100029AB00215846E047069A4FF6FF739A4294
:105F200000F08180079A9A427DD0069B53457AD82B
:105F30005245134677D994F835308DF8D230E38E38
:105F4000B4F83320ADF8F93094F83830ADF8D020FB
:105F50008DF8FB30DDF830C021AB36AA0021584661
:105F6000E047DDF864A0504618F01CFA034600280C
:105F700073D1524629A9384608F05EFC50B96D4BE2
:105F800000936D496D4BCDF804A04FF4FD720220D3
:105F90000CF0B4FABDF8AC20002A5ED0BDF8AA30EF
:105FA000002B5AD01B98BDF9AE1001440B44013BA5
:105FB00025912793D7E903315B1A1C990B44BDF94E
:105FC000B0109B1A5B1A1A44013A2892DBF80810A9
:105FD0002693002225A81BF063FF002835D1299BBA
:105FE000002B46D18DF8C03025AB31930DF1A40ABA
:105FF00000235846DDF830C0CDF8CCA01A462FA9B2
:10600000E04750461BF013FB27E094F83230109322
:1060100094F830300E9394F83130129308E700234F
:10602000049399460CE7B9F1020F09BF0E9B236B4D
:106030008DF8D030129B0BBF8DF8D130ADF8D03039
:10604000109B1B0C8DF8D2308BE7DBF808103298D0
:1060500000221BF025FF0028C1D00D9B002B3FF430
:106060003BAE236C0D9A1A4413461B9A1A441B929A
:1060700032E69DF8B230013B172B32D80021BDF833
:10608000AC30BDF8AA203598009118F0C1F840BB9B
:10609000359808B1FEF7A4FCBDF8AC20BDF8AA10F5
:1060A000274801FB02F33F2B4FF00003009398BFFA
:1060B00052000E23FEF71CFC824660B9214B02936E
:1060C000214B0193214B00931B491C4B40F21B2297
:1060D00003200CF013FABDF8AC30AAF80630CDF866
:1060E000D4A09DF8B2307DE700230493F4E50123AA
:1060F00004934FF00209EFE5B1460BE6099B032B31
:106100007FF425AEE06994F84F300093236C3A4653
:10611000A9EB060130441CF0E2FE054640461CF0A7
:106120009FF81B9B401B034410E64E462AE5FEF7F2
:1061300057FC1BE61AD90300CED8030048D9030048
:106140009C6D002004C70300E4D3030020C70300B4
:1061500070B50B6B88B006460C46002B3FD091F80B
:106160003C20022A3BD9496AE2699142D4BFC3EB81
:106170000105C3EB020504959142ACBF5D189D1863
:10618000A16A226A06959142D4BFC3EB0105C3EB15
:1061900002059142ACBF5B189B1804A905950793B3
:1061A000FEF736FF054640200DF01AFCE86458B9AA
:1061B0000C4B02930C4B01930C4B00930C490D4B71
:1061C000452203200CF09AF92146E86C40221CF08D
:1061D000ADFF07232B7129463046FFF735F808B08D
:1061E00070BD00BF04C7030075D8030020C70300BB
:1061F00062D903009BD90300F0B5054685B0007D48
:106200000F460BF0BFFE48B9224B00932249234BA7
:10621000352202200CF072F905B0F0BD291D284688
:10622000FEF7F6FE044630200DF0DAFBE06458B9C4
:106230001B4B02931B4B01931B4B00931649174BAF
:106240003D2203200CF05AF9E06C302239461CF054
:106250006DFFE66C0A2323713068356198B14FF405
:106260000021FAF7CDFB70B130684FF40021FAF746
:106270000FFC222138682246FAF72AFE30684FF4D4
:106280000021FAF7C3FC2146284605B0BDE8F040DE
:10629000FEF7DABFE1D90300A8D903000EDA030044
:1062A00004C7030075D8030020C7030038B5702267
:1062B000002104461DF030F81CF05AF8C0F3072303
:1062C00084F82100C0F3074084F8223084F82300CA
:1062D0001CF04EF8C0F3072384F82400C0F30740F5
:1062E00084F8253084F826001CF050F8C0F307230A
:1062F000FF2584F8290084F82A30C0F307400223E0
:1063000084F82E3084F82B0084F82D501CF03EF8D1
:10631000C0F3072384F83E00C0F3074084F83F3001
:1063200084F840001CF032F8C0F3072384F85A3098
:106330000E4B6363B4F8483084F8590023F4FF53DC
:1063400023F01F036FEA1333C0F307406FEA0333F0
:1063500084F85B0084F8205084F83B5084F858504F
:1063600084F86C50A4F8483038BD00BFA45C03002A
:106370002DE9F04FCE6D93B080460C46154676B1B0
:1063800091F86C30022B43D9012E43D18B6E002B38
:1063900005DC0B6E1BB94E6E003E18BF012694F84B
:1063A0002030059394F83B30022B35D9236B003B0A
:1063B00018BF0123079394F84830022B2ED9636C41
:1063C00063B394F8499019F0200F27D119F01F09F1
:1063D00018BF4FF0010994F85830022B21D9236DD2
:1063E000003B18BF01230693059BFF2B23D194F894
:1063F0002F301B0700F06B8294F82E20002304F14D
:1064000027019A420FD80123002E71D01E4615E0B5
:106410000026C4E70126C2E70023CBE74FF00009BE
:10642000D9E70023DFE703EB8300085CFF2840F097
:1064300052820133E5E7002E57D000262946404618
:10644000FEF7E6FD824638200DF0CAFA074658B935
:106450009A4B02939A4B01939A4B00939A499B4B08
:10646000962203200CF04AF8CAF84C70A26E0AF18A
:10647000180B114658461BF08CFBE26D584611462E
:106480001BF087FBD4E9181258461BF08FFBA64679
:10649000BEE80F00BC46ACE80F009EE807008CE8A1
:1064A000070038237B61E369FB6194F85B30B4F843
:1064B00059203A8487F82230E36D7B62A36EBB6279
:1064C00094F86C3087F83430236EFB62636E3B6364
:1064D00097F8353066F3000387F8353003238AF8E0
:1064E000043051464046FEF7AFFE059B022B64D9AF
:1064F00095E80F000EAE86E80F00636C012B1BDDE4
:1065000094F84830FC2B17D9E369ABB194F84930C3
:106510000246C3F380010A440E920F9AC3F340016E
:106520000A440F92109AC3F3C001521A1092119AA2
:1065300003F00103D21A119231464046FEF768FD7E
:10654000074630200DF04CFA064658B95B4B0293D3
:106550005F4B01935B4B00935B495C4BB62203207E
:106560000BF0CCFF304617F081FFFE64A646BEE874
:106570000F00B446ACE80F009EE807008CE8070067
:1065800030237361E369F361B4F82130A6F8213058
:1065900094F8233086F8233004F1240207CA06F168
:1065A000240383E8070094F8203086F82030012384
:1065B0003B7139464046FEF747FE079B002B00F033
:1065C000DC80206B17F068FE012806460DF12C0ACE
:1065D0001CD8206B514617F068FF012840F0CD8091
:1065E00094F83D30002B77D1BDF830200093013A6C
:1065F0001092BDF83220013A11920EA909222846C4
:10660000CDE90E331BF08BFC0EA966E00C220021B5
:1066100050461CF081FE032E00F0AF8000266FF084
:106620006043CDE901360096D4E90C12334609A83F
:106630000CF0A6FC099B0096013B10930A9B013BC2
:10664000092211930EA933462846CDE90E661BF0A8
:1066500066FC0EA94046FEF7DBFC824658200DF092
:10666000BFF9064658B9154B02931A4B0193154BC7
:1066700000931549154BFA2203200BF03FFF3046DB
:10668000FFF74CF9CAF84C60A446BCE80F00374647
:106690000FC79CE8070087E8070058237361A36BC6
:1066A00033861B0C86F83230636B7362236BF361A5
:1066B00004238AF8043051465CE000BF04C703009D
:1066C00059DA030020C7030020DA0300CCDA030004
:1066D0006CDA030090DA030029464046FEF798FC86
:1066E00007466C200DF07CF9064658B97B4B0293A7
:1066F0007B4B01937B4B00937B497C4BE122032036
:106700000BF0FCFE3046FEF78FFFFE64A646BEE8A7
:106710000F00B446ACE80F009EE807008CE80700C5
:106720006C237361236BF36194F83B3086F84C3033
:10673000A36BA6F848301B0C86F84A3094F83C301E
:1067400086F84B3094F83D2096F84D3062F30413F0
:106750009AE8070086F84D3006F1200383E8070029
:10676000E369736695E80F00543686E80F00052349
:106770003B7139464046FEF767FDB9F1000F40D046
:1067800029464046FEF744FC81462C200DF028F9AE
:10679000064660B9514B0293554B0193514B009300
:1067A0005149524B4FF4867203200BF0A7FEC9F8F3
:1067B0004C60A446BCE80F0037460FC79CE80700B2
:1067C00087E807002C237361E369F361E28F94F893
:1067D000403086F82230328494F8483086F82830E9
:1067E000636C736294F8492096F8293062F30403CD
:1067F00086F82930022389F8043049464046FEF7DE
:1068000023FD069B002B5FD095E80F000EAE86E8B7
:106810000F00D4E914231A44114630461BF0B9F98D
:1068200031464046FEF7F4FB81462C200DF0D8F8A7
:10683000054660B9294B02932E4B0193294B0093D7
:1068400029492A4B40F21F1203200BF057FEC9F8CA
:106850004C50226D09F11806114630461BF099F98B
:10686000626D3046114627461BF093F90FCF2E4636
:106870000FC697E8070086E807002C236B61E369E1
:1068800047F6FF7293421FBF226D9B18626D9B18E3
:10689000EB61B4F84A2094F84C3085F822302A8411
:1068A00094F8583085F82830236D6B6295F82930BC
:1068B0000F2262F3040385F82930022389F804309B
:1068C00049464046FEF7C0FC13B0BDE8F08F002EED
:1068D0003FF40EAEB2E5002396E500BF04C7030007
:1068E0007BDA030020C7030020DA0300CCDA0300C0
:1068F000A5DA0300B8DA03002DE9F04F06460D468D
:1069000089B00C22002128461CF006FD96F8108064
:10691000D6F80C90B8F1000F18D1D9F81030002B30
:106920004ED00BF011F807465248DFF848B11BF083
:10693000EDFF06F1140A0446002C46D1B8F1010F10
:106940003ED106F114001BF0D6FE39E00AF0FCFF40
:10695000074600B3B8F1010FE6D1DFF81CB18DF89E
:106960000C80DBF82001CDF80890002202A90AF083
:10697000B1F9824690B10AF0DFFA00F1080203464D
:1069800007CA85E807005C69DBF820010022514650
:106990000AF0DCF915E0B8F1010FC5D10222494631
:1069A00006F114000BF0B2FC0028BDD0334B01906F
:1069B00000933349334B4FF4A67203200BF09EFD36
:1069C0000024204609B0BDE8F08F2368002B47D093
:1069D0006368002B44D00022114650461BF0ACFEE9
:1069E00023682A46314620469847012838D12B890A
:1069F0000BB3B8F1010FE4D150461BF07CFE002F21
:106A0000DFD0012348468DF80C301CF0F7FC0290D3
:106A100095E80700184D079404AB83E8070002A926
:106A2000D5F8200100220AF0C7F90146F0B9029812
:106A30000CF0CCFFC4E7144B00931149114B40F20A
:106A40005D120BF05BFD6878AE88142802D17600E9
:106A50002E81CEE70BF08CFA46430736F608F7E7AF
:106A6000214658461BF058FF044665E7D5F820013B
:106A700000228DE7CC6D0020BC6C002016DB0300EB
:106A8000D9DA03003EDC03002BDB030038B50546F2
:106A90000C46064818211BF091FE28460AF0F0FE2D
:106AA0002046BDE838400AF021BF00BFCC6D002071
:106AB000F0B50E468FB0154600214C2204461CF05E
:106AC0002BFC16B900200FB0F0BDE660304617F081
:106AD000E3FB20740AF002FF002852D0304BD3F8B9
:106AE0001C012064002D38D0AB78002B35D004F188
:106AF00020012046FFF700FF034620600028E1D078
:106B0000286860602A7922725A68184621469047A0
:106B1000237A0546002BD6D00128D4D1E06A00287C
:106B20002DD00021FDF73AFE237C1E4A012B08BF21
:106B30003246E36A5978069119690591D98804911A
:106B40009B8819490196CDE90223184B00938622B0
:106B5000174B28460BF0D2FC11E0237C8DF828302F
:106B60000022E368099308A90AF0B4F8074640B187
:106B70000AF0E2F9C368E3620369236067640120F5
:106B8000A1E704F120012046FFF7B6FE034620608E
:106B9000002897D0002DB3D165602572B4E700BFFF
:106BA000BC6C002065DB0300D9DA03006DDB030059
:106BB00028DC03001FB50C481BF008FE044630B16A
:106BC000182200211CF0A8FB204604B010BD074B82
:106BD0000293074B0193074B00930749074BAF22E2
:106BE00003200BF08BFCEFE7CC6D002004C7030003
:106BF000A7DB030020C70300D9DA030010DC030081
:106C00002DE9F0411F460D4B06469046D3F81C0176
:106C100000220AF0D1F8054668B10AF08DF9037A2E
:106C2000C0F80C80012B044603D140681CF0E6FB41
:106C30006060C4E904672846BDE8F081BC6C0020B0
:106C400073B506460D4600293CD00379CBB92C46D6
:106C50007379002B37D06078A0F10B03032B32D966
:106C60000BF090F978B30121204617F0F4FA50BBED
:106C70002021204617F0EFFA70B32046FEF7D4F833
:106C800021E049781429E2D0A888FDF759FD2B8925
:106C900083420446DBD001462846FEF723F801284C
:106CA000D5D000946B78EA88A9881248FDF720FEB9
:106CB000044658B9104B0093104BFE221049032094
:106CC0000BF01CFC0024204602B070BD00232A46B5
:106CD0001946FDF769FFBBE72146064817F07DFA24
:106CE00004460028CAD1074B00934FF48B72034B24
:106CF000E4E700BFB46D0020B7DB0300F2DB030064
:106D0000D9DA0300D4DB03002DE9F0410B7D022B1F
:106D10009AB006460C466BD98B6913B10B7F002BDA
:106D200066D005ADB268216828461AF04CFF0028ED
:106D30005ED07668D4F8048033681F89B8F1000FFC
:106D400070D128461BF08CFA0A9028461BF08DFA69
:106D5000237D8DF83F30E37D8DF83E30A369B4F894
:106D60001520ADF83C20CDE90B07CDF838801BB1DC
:106D7000227F012A08BF00230D9395E80F0010AF72
:106D800087E80F00D6E901123846524249421AF00C
:106D90000DFFD6E9013206998A1A05993046C91ABB
:106DA00017F077FA0D9B09908BB1606A10B9206AD1
:106DB0001BF056FA216A0E904A68069B09689A1AD7
:106DC000059B5B1A00FB02330D9A1A440D92337D2A
:106DD000063B0F2B0CD8DFE803F019210B0B0B0B34
:106DE0000B0B0B120E17080B0B1D09A818F028FC33
:106DF0001AB0BDE8F08109A817F0AEFFF8E703214B
:106E000009A818F085FEF3E70421F9E709A818F0AE
:106E10006CFBEDE709A817F0DDFCE9E709A818F01D
:106E2000A3F9E5E72269294628461AF0CCFE002896
:106E3000DED0226A002A75D128461BF011FA0A908A
:106E400028461BF012FA237D8DF8453094F828303F
:106E50008DF84630CDE90B07A368207B6768109357
:106E60008DF844000BF084F82169069B4A68096894
:106E70009A1A059B5B1A43431099DB0801FB023306
:106E80001F44A3690F9700220E92002B51D10D933E
:106E900095E80F0012AF87E80F00D6E901123846D7
:106EA000524249421AF082FE23690FCB16AC84E8A5
:106EB0000F00D6E901122046524249421AF076FEEE
:106EC000D6E9013206998A1A05993046C91A17F08F
:106ED000E0F90990337D063B0F2B89D801A252F8C7
:106EE00023F000BFA16F0100B16F0100F16D01003F
:106EF000F16D0100F16D0100F16D0100F16D010016
:106F0000F16D0100F16D0100936F01008B6F0100C5
:106F10009D6F0100836F0100F16D0100836F01001F
:106F2000A96F0100294628461AF04DFE002883D19A
:106F30005EE7217F012922D00D93236A5BB91E4BA6
:106F400002931E4B01931E4B00931E491E4BA6221B
:106F500003200BF0D3FA606AA3690D9310B9206A7D
:106F60001BF07EF9216A0E904A68069B09689A1AFE
:106F7000059B5B1A00FB02320D9B134487E7134607
:106F800085E709A802F0CAFD32E709A800F0FEFC77
:106F90002EE7032109A803F073FC29E70421F9E790
:106FA00009A802F019F823E709A800F04BF81FE739
:106FB00009A801F013FA1BE740C703009BDC03009C
:106FC00020C7030055DC0300B8DC030010B51446ED
:106FD00086B0022CADF80C101A46C9B216D0032C9C
:106FE00019D0012C1CD104780C44FF2CA8BFFF241D
:106FF000E4B29DF80D308DF814408DF8153001463F
:10700000059806B0BDE8104017F09BBA0478641AE2
:1070100024EAE474ECE7047814FB01F4240AE8E7BA
:10702000054B00930549064B019440F2FE320220C5
:107030000BF064FA06B010BD17DD0300C9DC0300D5
:1070400056DD03002DE9F04F90F82030063B8DB05F
:1070500004460F2B00F21C84DFE813F0E3018103E8
:107060001A041A041A041A041A041A041A04E50069
:10707000EE00EC0010001A041A049E024368039309
:1070800083680493D0E90453D0E9067B90F821800B
:107090000668D0F80CA005930AA817F0A4FA94F893
:1070A0002230002B40F0BD80002D3CD1B8F1FC0F08
:1070B0001CD8049BAB4234DC0DB0BDE8F08F37F830
:1070C00014001BF0BAF9013408F8020C08F8019C0E
:1070D000039BA34208F10208F1DC56445F440135EA
:1070E000049BAB42E8DDB0460024F1E74FF0FF0916
:1070F000F6E737F814001BF0A0F94FEA44098DF8C1
:1071000024008DF8258009980AAA06EB090117F0DA
:1071100018FA0134039BA342EBDC56445F4401356B
:10712000C7E70024F6E7B8F1FC0F1C4621D8049B02
:10713000A342C1DD4FF0000939E037F818001BF019
:107140007CF915F808308DF824004FEA48098DF8CD
:10715000253009980AAA06EB090117F0F2F908F19F
:107160000108039B4345E8DC059B56445F441D44EE
:107170000134049BA3429FDD4FF00008F1E74FEA82
:10718000490137F8190006911BF057F915F8093035
:1071900006998DF8240013FB08F31B128DF8253097
:1071A00009980AAA314417F0CCF909F10109039BA7
:1071B0004B45E4DC059B56445F441D440134B6E76F
:1071C0004FEA490337F8190007931BF036F98DF899
:1071D000240025B315F8093013FB08F31B0A8DF8BA
:1071E00025304FEA490094F8222009990AAB30442F
:1071F000FFF7ECFE09F10109039B4B45E0DC0DB103
:10720000059B1D44069B56445F4401330693069A32
:10721000049B93427FF750AF4FF00009ECE74346E1
:10722000DDE70023F2E7032120460DB0BDE8F04F73
:1072300017F0EDB90421F7E74368039383680493DB
:10724000C3680593D0E90453D0E9066A90F8218019
:10725000076806930AA817F0C6F994F82230002BA5
:1072600040F0DD80002D48D1B8F1FC0F20D8049B00
:10727000AB427FF721AFB146002436E0D8F80000DA
:107280001BF00BF998F803308DF824008DF82530A9
:1072900007EB440109980AAA17F053F9013408F1E1
:1072A0000408039BA342E9DC059B56441F440135B7
:1072B000049BAB427FF700AFB0460024F1E7D9F85A
:1072C00000001BF0EAF899F803308DF8240013FB56
:1072D00008F31B128DF8253007EB440109980AAA20
:1072E00017F02FF9013409F10409039BA342E6DCEE
:1072F000059B56441F440135B9E7B8F1FC0F1C4605
:1073000029D8049BA3427FF7D7AEB3464FF00009BC
:1073100044E0D9F800001BF0C0F815F8082099F8EF
:1073200003308DF8240013FB02F31B128DF8253077
:1073300007EB480109980AAA17F003F908F10108B8
:1073400009F10409039B4345E3DC059B1F44069BAD
:1073500056441D440134049BA3427FF7ADAEB146B1
:107360004FF00008EEE7DBF800001BF096F815F888
:1073700009209BF803308DF8240013FB02F308FB6F
:1073800003F31B148DF8253007EB490109980AAA6D
:1073900017F0D7F809F101090BF1040B039B4B45DA
:1073A000E1DC059B1F44069B56441D440134A8E7BD
:1073B000DBF800001BF071F89BF803208DF8240027
:1073C0002DBB12FB08F2130A8DF8253007EB49009C
:1073D00094F8222009990AABFFF7F8FD09F1010999
:1073E0000BF1040B039B4B45E2DC0DB1069B1D44E6
:1073F000059B1F44079B564401330793079A049B40
:1074000093427FF759AEB3464FF00009EAE715F80B
:10741000093013FB02F308FB03F31B0CD4E7002332
:10742000EBE74368039383680493D0E90453D0E9FE
:10743000067B90F821800668D0F80CA005930AA876
:1074400017F0D1F894F82230002B40F0A38085BBD0
:10745000B8F1FC0F18D8049BAB427FF72DAE002487
:1074600020E0F85C06F8130001F8132001330398BC
:107470009842F6DC56445F440135049BAB427FF7EB
:107480001BAE0023711CF2E7FF22F6E73B5D8DF88F
:1074900024308DF8258006EB440109980AAA17F0DC
:1074A00050F80134039BA342F0DC56445F4401359D
:1074B000D1E7B8F1FC0F1C461ED8049BA3427FF70E
:1074C000FBAD4FF0000931E017F808308DF824309B
:1074D00015F808308DF8253006EB480109980AAAFE
:1074E00017F02FF808F10108039B4345ECDC059BDE
:1074F00056445F441D440134049BA3427FF7DCAD36
:107500004FF00008F0E717F809308DF8243015F82F
:10751000093013FB08F31B128DF8253006EB4901E7
:1075200009980AAA17F00DF809F10109039B4B45C8
:10753000E9DC059B56445F441D440134BDE717F860
:1075400009308DF824301DB315F8093013FB08F30A
:107550001B0A8DF8253006EB490094F82220099982
:107560000AABFFF733FD09F10109039B4B45E6DC4C
:107570000DB1059B1D44069B56445F4401330693A1
:10758000069A049B93427FF797AD4FF00009ECE712
:107590004346DEE70023F2E74368039383680493DE
:1075A000D0E90453D0E9066A90F821800768D0F842
:1075B0000C9005930AA817F016F894F82230002BC7
:1075C00040F0CB80002D3DD1B8F1FC0F19D8049BC1
:1075D000AB427FF771ADB34600242AE006EB4402CC
:1075E00016F81430507807EB44010AAA43EA002049
:1075F00016F0A7FF0134039BA342EFDC4F4456442F
:107600000135049BAB427FF757AD0024F3E73BF80D
:10761000023CADF824301BF8013C13FB08F31B12AD
:107620008DF8253007EB440109980AAA16F089FF66
:107630000134039BA3420BF1020BE8DC4F44564498
:107640000135C4E7B8F1FC0F1C4626D8049BA342C1
:107650007FF732AD33464FF0000B3FE03BF8023C82
:1076600015F80820ADF824301BF8013C13FB02F399
:107670001B128DF8253007EB480109980AAA16F06D
:1076800060FF08F10108039B43450BF1020BE5DCA9
:10769000059B4F4456441D440134049BA3427FF78D
:1076A0000BADB3464FF00008EDE733F8022C15F8A8
:1076B0000B10ADF8242013F8012C069312FB01F2F5
:1076C00008FB02F212148DF8252007EB4B010998F4
:1076D0000AAA16F036FF069B0BF1010B039A5A45D6
:1076E00003F10203E1DC059B4F4456441D44013481
:1076F000ACE736F81B30ADF82430079B13F81B209D
:107700001DBB12FB08F2130A8DF8253007EB4B0066
:1077100094F8222009990AABFFF758FC0BF1010BF2
:10772000039B5B45E5DC0DB1059B1D44069B4F4467
:10773000564401330693069A049B93427FF7BCACF0
:10774000731C4FF0000B0793EAE715F80B3013FB9F
:1077500002F308FB03F31B0CD6E70023EAE7D0E9AA
:1077600001830393D0E90453D0E9067B90F821907C
:107770000668D0F80CA004930AA816F034FF94F819
:107780002240002C7FF498ACCDBBB9F1FC0F1DD882
:10779000039BAB427FF790AC00242AE011463846A9
:1077A00016F0C6FE404204F8020C04F8019C0132B7
:1077B000904504F10204F1DC56445F440135039B1B
:1077C000AB427FF779AC34460022F1E74FF0FF0976
:1077D000F5E72146384616F0ABFE40428DF824000E
:1077E0008DF8259006EB440109980AAA16F0A9FE27
:1077F0000134A045EDDC56445F440135C8E7B9F1DA
:10780000FC0F1FD8039BA3427FF756AC002337E041
:107810004946384616F08CFE15F809308DF82530AB
:1078200040428DF8240006EB490109980AAA16F097
:1078300088FE09F10109C845EADC049B56445F440F
:107840001D440134039BA3427FF736AC4FF000097F
:10785000F1E719463846059316F06AFE059BEA5C87
:1078600012FB09F2404212128DF825208DF82400F7
:1078700006EB430109980AAA16F063FE059B013343
:107880009845E6DC049B56445F441D440134B9E747
:10789000044B00930449054B4FF4AD7202200AF0EB
:1078A0002DFE09E434DD0300C9DC03006DDD0300B7
:1078B000F0B5154687B0022D044603911A46CEB2A4
:1078C000C1F30727C1F307402CD0032D3BD0012D76
:1078D0004AD1A37821780344FF2BA8BFFF238DF85A
:1078E000163063783B44FF2B3144A8BFFF23FF29A8
:1078F0008DF81530A8BFFF21C9B29DF80F308DF863
:1079000014108DF817302168059817F046F8C0F369
:10791000072320706370C0F30743C0F30760A370B0
:10792000E0702BE0A37821781B1A23EAE3738DF82B
:1079300016306378DB1B23EAE373891B8DF815305F
:1079400021EAE171D8E76178A37811FB07F1091208
:107950008DF81510217813FB00F31B1211FB06F1B3
:107960008DF81630090AC8E7054B00930549064B08
:10797000019540F21A4202200AF0C0FD07B0F0BDA6
:1079800017DD03008CDD0300DEDD03002DE9F04F81
:1079900090F82030063B8FB083460F2B00F2BE8458
:1079A000DFE813F07602F503BC04BC04BC04BC049D
:1079B000BC04BC04BC04570160015E011000BC049F
:1079C000BC0426034368039383680493C368059348
:1079D000D0E906430693D0E9046390F82190056846
:1079E00007930AA817F05AF89BF82270002F40F06E
:1079F0002B81002E48D18DF8279040F20D4A40F699
:107A00003A09049BB3423DDC0FB0BDE8F08F04EBB4
:107A1000470355F827105B78DB0809FB03F31B12BB
:107A20008DF8263034F81730C3F345130AFB03F3FF
:107A30001B128DF8253014F8173003F01F0309FBD3
:107A400003F31B128DF8243009980AAA16F0A5FF3B
:107A500005EB8708C0F3072305F8270088F80130F5
:107A6000C0F30743C0F3076088F8023088F80300CA
:107A70000137039BBB42CADC059B1D44069B0136B4
:107A80001C44BEE70027F4E7B9F1FC0F51D840F6DB
:107A90003A0B40F20D43049ABA42B5DD4FF00008AC
:107AA00087E016F808308DF8273004EB480355F8C6
:107AB00028105B78DB080AFB03F31B128DF82630D5
:107AC00034F81830C3F345130BFB03F31B128DF886
:107AD000253014F8183003F01F030AFB03F31B12C0
:107AE0008DF8243009980AAA16F057FF05EB88098B
:107AF000C0F3072305F8280089F80130C0F30743D5
:107B0000C0F3076089F8023089F8030008F1010822
:107B1000039B4345C5DC059B1D44069B1C44079BFA
:107B200001371E44049BBB427FF76EAF4FF0000845
:107B3000EEE740F63A0A40F20D4BF3E716F808205C
:107B400055F8281012FB09F212128DF8272004EBC9
:107B5000480205EB880A5278D2080BFB02F2121297
:107B60008DF8262034F81820C2F345125A43121219
:107B70008DF8252014F8182002F01F020BFB02F2EA
:107B800012128DF8242009980AAA16F006FFC0F3F5
:107B9000072205F828008AF80120C0F30742C0F345
:107BA00007608AF802208AF8030008F1010840F211
:107BB0000D43039A4245C1DC059A1544069A1444C4
:107BC000079A0137164466E704EB470340F20D427B
:107BD0005B78DB080AFB03F31B128DF8263034F8C0
:107BE0001730C3F3451353431B128DF8253014F897
:107BF000173003F01F030AFB03F31B128DF8243028
:107C000006B3F35D13FB09F31B0A8DF8273005EB70
:107C100087009BF8222009990AABFFF749FE01373C
:107C2000039BBB42D0DC0EB1079B1E44059B1D4449
:107C3000069B08F101081C44049B43457FF7E4AE12
:107C40000027EDE74B46E0E74FF0000840F63A0A20
:107C5000F2E7032158460FB0BDE8F04F16F033BFEE
:107C60000421F7E74368039383680493C36805938B
:107C7000D0E90453D0E9066990F82180046806939E
:107C80000AA816F00BFF9BF82270002F40F0FD8031
:107C9000002D59D1B8F1FC0F25D8049BAB427FF7DA
:107CA000B3AEB246002745E054F8271056F8270037
:107CB0000AAA16F072FE04EB8708C0F3072304F843
:107CC000270088F80130C0F30743C0F3076088F845
:107CD000023088F803000137039BBB42E4DC059BBC
:107CE0004E441C440135049BAB427FF78DAE002708
:107CF000F2E71AF8013C5AF8040C099013FB08F358
:107D00001B128DF8273054F8271009980AAA16F08C
:107D100044FE04EB870BC0F3072304F827008BF81D
:107D20000130C0F30743C0F307608BF802308BF8D3
:107D300003000137039BBB420AF1040AD9DC059B0F
:107D40004E441C440135A8E7B8F1FC0F36D8049B1B
:107D5000BB427FF759AEB3464FF0000A5AE015F820
:107D600008201AF8013C5AF8040C099013FB02F39E
:107D70001B128DF8273054F8281009980AAA16F01B
:107D80000CFE04EB880BC0F3072304F828008BF8E3
:107D90000130C0F30743C0F307608BF802308BF863
:107DA000030008F10108039B43450AF1040AD6DCED
:107DB000059B1C44069B4E441D440137049BBB425B
:107DC0007FF722AEB2464FF00008ECE71BF8012C1B
:107DD00015F80A105BF8040C099012FB08F24A43EC
:107DE00012148DF8272004EB8A0354F82A100998FE
:107DF00007930AAA16F0D1FD079B04F82A00C0F3E6
:107E000007225A70C0F30742C0F307609A70D87017
:107E10000AF1010A039B53450BF1040BD6DC059BC9
:107E20001C44069B4E441D44013790E7079B56F8BF
:107E3000270013F82720099005BB18FB02F2130A4C
:107E40008DF8273004EB87009BF8222009990AABB4
:107E5000FFF72EFD0137039BBB42E7DC0DB1069B0C
:107E60001D44059B4E441C440AF1010A049B5345E2
:107E70007FF7CAADF31C00270793ECE7EB5D13FB1C
:107E800002F308FB03F31B0CDAE74FF0000AEDE7FF
:107E9000D0E901930393D0E906530493D0E9044356
:107EA00090F8227090F821800668D0F80CA0059315
:107EB000002F6DD19CBBB8F1FC0F19D8039BA342D6
:107EC0007FF7A2AD002723E012F8011F03F8011C81
:107ED00003F8021C117803F8031C03F8041C811832
:107EE000494503F10403EFDB049B56441D44013470
:107EF000039BA3427FF788AD6A1E3346C5F101009C
:107F0000EDE7E85D06EB8701424616F0ABFD013771
:107F1000B945F6DC049B56441D440134CEE7B8F164
:107F2000FC0F18D8039BBB427FF76EAD4FF0000BE0
:107F300025E014F8082015F8080006EB880116F073
:107F400091FD08F10108C145F3DC049B1D44059B2C
:107F500056441C440137039BBB427FF755AD4FF09D
:107F60000008F0E714F80B2015F80B0012FB08F2DC
:107F700006EB8B01120A16F075FD0BF1010BD945CA
:107F8000F0DC049B1D44059B56441C440137C9E7A3
:107F90000AA816F083FD00230693069A039B9342DA
:107FA0007FF732AD002716E0EB5D8DF826308DF8B7
:107FB00025308DF82430CCB1E35D13FB08F31B0AA8
:107FC0008DF8273006EB87009BF8222009990AAB31
:107FD000FFF76EFC0137B945E6DC0CB1059B1C448C
:107FE000049B1D44069B56440133D5E74346E7E70F
:107FF0004368039383680493D0E9044390F82270A4
:1080000090F821800668D0F80C900593D0E9065AC4
:10801000002F40F08280B4BBB8F1FC0F17D8049B4E
:10802000A3427FF7F1ACAB46002723E006EB8701C4
:1080300018F8012C18F8020C16F014FD0137039BF8
:10804000BB4208F10208F1DC4E4455440134049B64
:10805000A3427FF7D9ACA8460027F0E71BF8012C14
:108060001BF8020C12FB08F206EB8701120A16F04D
:10807000F9FC0137039BBB420BF1020BEEDC4E44D3
:1080800055440134CBE7B8F1FC0F20D8049BBB4228
:108090007FF7BAAC2B464FF0000B33E014F80830F2
:1080A0001BF8012C1BF8020C12FB03F206EB8801F3
:1080B000120A16F0D7FC08F10108039B43450BF1A7
:1080C000020BEBDC059B4E4455441C440137049BDA
:1080D000BB427FF799ACAB464FF00008EDE714F8D0
:1080E0000B1013F8012C13F8020C069312FB01F28B
:1080F00008FB02F206EB8B01120C16F0B3FC069B98
:108100000BF1010B039A5A4503F10203E7DC059BCF
:108110004E4455441C440137B8E70AA816F0BEFC8B
:1081200000230693069A049B93427FF76DAC6B1C69
:108130000027079319E015F817308DF826308DF8D1
:1081400025308DF82430079B13F81720C4B912FB93
:1081500008F2130A8DF8273006EB87009BF82220DF
:1081600009990AABFFF7A4FB0137039BBB42E2DC92
:108170000CB1059B1C44069B4E4455440133D0E78B
:10818000E35D13FB02F308FB03F31B0CE2E7436818
:10819000039383680493D0E9044390F8228090F815
:1081A00021700568D0F80C900593D0E9066AB8F103
:1081B000000F7BD1002C3AD1FC2F1DD8049BA34289
:1081C0007FF722AC4FF000082AE03946304616F01F
:1081D000DBFB4042C0B202F8010C02F8020C02F8CC
:1081E000030C02F8040C0137039BBB4202F10402AA
:1081F000EBDC4D4456440134049BA3427FF704ACAE
:108200002A460027F0E74146304616F0BDFB4042C3
:1082100005EB88013A46C0B216F024FC08F10108CB
:10822000039B4345EFDC4D4456440134C6E7FC2F25
:108230001BD8049B43457FF7E7AB4FF0000B2BE0C7
:108240003946304616F0A0FB4042E25D05EB87015F
:10825000C0B216F007FC0137039BBB42F0DC059B64
:108260004D4456441C4408F10108049B43457FF7E4
:10827000CBAB0027F0E75946304616F085FB14F8E3
:108280000B20404212FB07F205EB8B01120AC0B231
:1082900016F0E8FB0BF1010B039B5B45EBDC059B48
:1082A0004D4456441C4408F10108C2E70AA816F0E0
:1082B000F5FB00230693069A049B93427FF7A4AB39
:1082C0004FF000081DE04146304616F05DFB40428D
:1082D000C0B28DF825008DF82400ECB114F80830F8
:1082E00013FB07F31B0A8DF827308DF826009BF847
:1082F0002220099905EB88000AABFFF7D9FA08F1AB
:108300000108039B4345DEDC0CB1059B1C44069B26
:108310004D4456440133CDE73B46E4E7054B00931B
:108320000549064B40F2631202200AF0E7F8FFF716
:108330006BBB00BF34DD03008CDD0300F5DD030003
:10834000F0B587B0044610461E460D4603921AF05B
:10835000A4F829460746204616F0FAFD4242D2B25A
:10836000022E8DF8172019D0032E1BD0012E1ED1FE
:108370003A44FF2AA8BFFF22D0B20DF117019DF8A1
:108380000F2016F0F8FD9DF91730002B29462046E6
:1083900019DA07B0BDE8F04016F0AEBDD21B22EAF4
:1083A000E272E9E712FB07F2C2F30720E5E7084BA8
:1083B00000930849084B019640F22E4202200AF031
:1083C0009DF807B0F0BD07B0BDE8F04016F0A9BDBC
:1083D00017DD030018DE030064DE03002DE9F04F13
:1083E00090F82030063B8DB004460F2B00F2A98593
:1083F000DFE813F07502A004A705A705A705A705E8
:10840000A705A705A7052F01380136011000A7050C
:10841000A70573034368039383680493C3680593B4
:10842000D0E906730693D0E90463426A0793534286
:1084300003F0070302F0070858BFC3F1000890F8E3
:10844000223090F821A00568002B40F0FF80002E1C
:108450004FD1BAF1FC0F19D8049BB34219DD0024A7
:108460003BE037F8140019F0E8FF10F0800F08EB3C
:108470000401284610D016F03FFD0134039BA342AF
:10848000EFDC059B1D44069B01361F44049BB34251
:1084900005DC0DB0BDE8F08F16F043FDEDE70024DC
:1084A000ECE737F8140019F0C8FF08EB040B81461D
:1084B0005946284616F04CFD40428DF82C000BA979
:1084C0004846524616F057FD9DF92C30002B594670
:1084D00028460BDA16F010FD0134039BA342E0DCC2
:1084E000059B1D44069B01361F44B5E716F019FD98
:1084F000F2E7BAF1FC0F1C462DD8049BA342C8DD5D
:108500004FF0000951E037F8190019F096FF08EB19
:10851000090B82465946284616F01AFD40428DF84E
:108520002C000BA9504616F8092016F024FD9DF9E1
:108530002C30002B5946284613DA16F0DDFC09F1E1
:108540000109039B4B45DEDC059B1D44069B1F4434
:10855000079B01341E44049BA3429ADD4FF000099F
:10856000EFE716F0DEFCEAE737F8190019F065FFCF
:1085700008EB090B08905946284616F0E9FC16F856
:108580000920404212FB0AF28DF82C00120A0898CA
:108590000BA916F0F0FC9DF92C20002A594628461C
:1085A0000EDA16F0A9FC09F10109039B4B45DBDC4F
:1085B000059B1D44069B1F44079B01341E449CE7FA
:1085C00016F0AFFCEFE707EB490340F63A025B78A1
:1085D000DB0853431B128DF82E3037F8193040F268
:1085E0000D41C3F345134B431B128DF82D3017F883
:1085F000193003F01F0353431B128DF82C301EB3A8
:1086000016F8093013FB0AF31B0A8DF82F3008EB1C
:10861000090194F822300B9A2846FFF791FE09F1E0
:108620000109039B4B45CEDC0EB1079B1E44059B05
:108630001D44069B0BF1010B1F44049B5B457FF718
:1086400028AF4FF00009ECE75346DEE74FF0000B90
:10865000F3E7032120460DB0BDE8F04F16F09ABCB9
:108660000421F7E74368049383680593C36806937E
:10867000D0E906730793D0E90463426A0893534232
:1086800003F0070302F0070258BF5A4290F8223065
:1086900090F8218005680392002B40F01D81002E88
:1086A0006AD1B8F1FC0F2ED8059BB3427FF7F1AE2B
:1086B000B946002454E0D8F8000019F0EEFE039B00
:1086C00004EB030A81465146284616F041FC40421D
:1086D0008DF82C000BA9484698F8032016F04BFCA7
:1086E0009DF92C30002B5146284613DA16F004FC75
:1086F000013408F10408049BA342DCDC069B1D4402
:10870000079B01361F44059BB3427FF7C2AEB846B4
:108710000024F0E716F005FCEAE7D9F8000019F0AC
:10872000BCFE039B04EB030B82465946284616F019
:108730000FFC99F80320404212FB08F28DF82C0040
:108740000BA95046120A16F016FC9DF92C30002B8E
:10875000594628460DDA16F0CFFB013409F1040919
:10876000049BA342D9DC069B1D44079B01361F4492
:108770009AE716F0D6FBF0E7B8F1FC0F1C4637D8A5
:10878000059BA3427FF785AEBA464FF0000961E032
:10879000D9F8000019F081FE039B03EB080B824619
:1087A0005946284616F0D4FB99F8033016F80820ED
:1087B000404212FB03F28DF82C000BA95046120A1E
:1087C00016F0D9FB9DF92C30002B5946284617DAB4
:1087D00016F092FB08F1010809F10409049B4345D6
:1087E000D6DC069B1D44079B1F44089B01341E4496
:1087F000059BA3427FF74DAEB9464FF00008EDE769
:1088000016F08FFBE6E7DAF8000019F046FE039B4E
:10881000099003EB090B5946284616F099FB16F808
:1088200009209AF8031012FB08F240424A438DF8DF
:108830002C00120C09980BA916F09DFB9DF92C2019
:10884000002A5946284610DA16F056FB09F10109AC
:108850000AF1040A049B4B45D5DC069B1D44079B8B
:108860001F44089B01341E448AE716F05AFBEDE7CB
:108870005AF8030C9AF800200B902EBB12FB08F25A
:10888000130A03998DF82F30494494F822300B9A3B
:108890002846FFF755FD09F101090AF1040A049B76
:1088A0004B45E5DC0EB1089B1E44069B1D44079B0F
:1088B0000BF1010B1F44059B5B457FF7EAAD07F108
:1088C000030A4FF00009EAE716F8093013FB02F338
:1088D00008FB03F31B0CD4E74FF0000BEBE74368F6
:1088E000039383680493C3680593D0E906730693E2
:1088F000D0E90463426A0793534203F0070302F08E
:10890000070858BFC3F1000890F8223090F8219072
:108910000568002B40F0DE80002E45D1B9F1FC0F38
:1089200016D8049BB3427FF7B4AD002430E03B5728
:10893000002B08EB0401284610DA16F0DDFA0134AA
:10894000039BA342F3DC059B1D44069B01361F4499
:10895000049BB3427FF79DAD0024F1E716F0E1FAE6
:10896000EDE708EB040A5146284616F0F1FA4042BA
:108970008DF82C000BA9385D4A4616F0FCFA9DF9DB
:108980002C30002B514628460BDA16F0B5FA01348C
:10899000039BA342E5DC059B1D44069B01361F4457
:1089A000BFE716F0BEFAF2E7B9F1FC0F1C462BD870
:1089B000049BA3427FF76DAD4FF0000A4DE008EB3A
:1089C000090B5946284616F0C3FA17F809A016F8FD
:1089D000092040428DF82C000BA9504616F0CBFA26
:1089E0009DF92C30002B5946284614DA16F084FAEB
:1089F00009F10109039B4B45E1DC059B1D44069BE6
:108A00001F44079B01341E44049BA3427FF741ADE2
:108A10004FF00009EEE716F084FAE9E708EB0A0BDD
:108A200017F80A3008935946284616F091FA16F8B6
:108A30000A20404212FB09F28DF82C00120A089815
:108A40000BA916F098FA9DF92C20002A59462846C1
:108A50000EDA16F051FA0AF1010A039B5345DDDCE8
:108A6000059B1D44069B1F44079B01341E449FE742
:108A700016F057FAEFE717F80A308DF82E308DF818
:108A80002D308DF82C301EB316F80A3013FB09F385
:108A90001B0A8DF82F3008EB0A0194F822300B9A4C
:108AA0002846FFF74DFC0AF1010A039B5345E2DC1F
:108AB0000EB1079B1E44059B1D44069B0BF1010B49
:108AC0001F44049B5B457FF7E4AC4FF0000AECE7E2
:108AD0004B46DEE74FF0000BF3E7436803938368F0
:108AE0000493C3680593D0E906730693D0E9046341
:108AF000426A0793534203F0070302F0070B58BF83
:108B0000C3F1000B90F8223090F821800568002B0B
:108B100040F00E81002E5ED1B8F1FC0F28D8049BE6
:108B2000B3427FF7B6AC002407F1010947E00BEB35
:108B300004094946284616F00BFA40428DF82C00ED
:108B40000BA917F8140018F8142016F014FA9DF960
:108B50002C30002B4946284612DA16F0CDF90134A4
:108B6000039BA342E3DC059B1D44069B01361F4487
:108B7000049BB3427FF78DAC002407F10108EFE7B7
:108B800016F0CFF9EBE70BEB040A5146284616F036
:108B9000DFF919F81420404212FB08F28DF82C007E
:108BA0000BA917F81400120A16F0E5F99DF92C30FC
:108BB000002B514628460BDA16F09EF90134039B30
:108BC000A342E0DC059B1D44069B01361F44A6E73B
:108BD00016F0A7F9F2E7B8F1FC0F1C4631D8049B58
:108BE000A3427FF756AC7B1C4FF00009089356E078
:108BF0000BEB080A5146284616F0AAF916F8083079
:108C000019F81820404212FB03F28DF82C000BA932
:108C100017F81800120A16F0AEF99DF92C30002B47
:108C20005146284616DA16F067F908F10108039B49
:108C30004345DDDC059B1D44069B1F44079B013417
:108C40001E44049BA3427FF724AC4FF0000807F1B9
:108C50000109ECE716F065F9E7E70BEB090A514665
:108C6000284616F075F9089B13F8192016F80930F4
:108C700012FB03F2404208FB02F28DF82C000BA914
:108C800017F81900120C16F076F99DF92C30002B0C
:108C9000514628460EDA16F02FF909F10109039B17
:108CA0004B45DADC059B1D44069B1F44079B0134A2
:108CB0001E4494E716F035F9EFE71AF8013C9AF8EC
:108CC00000208DF82E308DF82D308DF82C303EBBE5
:108CD00012FB08F2130A8DF82F300BEB090194F800
:108CE00022300B9A2846FFF72BFB09F101090AF104
:108CF000020A039B4B45E0DC0EB1079B1E44059B1B
:108D00001D44069B1F44089B01330893089A049B4B
:108D100093427FF7BEAB07F1010A4FF00009E8E785
:108D200016F8093013FB02F308FB03F31B0CD2E720
:108D30000023EAE74368039383680493C3680593B9
:108D4000D0E906730693D0E90463426A079353425D
:108D500003F0070302F0070858BFC3F1000890F8BA
:108D6000223090F821900568002B40F0E780002E1B
:108D700049D1B9F1FC0F1AD8C9F1FF0A049BB342DB
:108D80007FF787AB002432E02146384616F0E0F842
:108D900004EB080188B1284616F0AEF80134039BB5
:108DA000A342F1DC059B1D44069B01361F44049B36
:108DB000B3427FF76EAB0024F1E7284616F0B1F816
:108DC000ECE72146384616F0C3F804EB080B0246E0
:108DD0005946284616F0BCF819FB02F200FB0A229D
:108DE0001206594628460BD516F086F80134039B27
:108DF000A342E6DC059B1D44069B01361F44BDE7EC
:108E000016F08FF8F2E7B9F1FC0F1C462BD8049B43
:108E1000A3427FF73EAB4FF0000A4EE0494638468A
:108E200016F096F808EB090B82465946284616F0CC
:108E30008FF816F80920C2F1FF0312FB0AF200FBBB
:108E4000032213065946284614D516F055F809F1A1
:108E50000109039B4B45E1DC059B1D44069B1F4418
:108E6000079B01341E44049BA3427FF712AB4FF0D3
:108E70000009EEE716F055F8E9E716F80A20D2B136
:108E80005146384616F064F808EB0A018346284636
:108E9000089112FB09F216F05BF81212C2F1FF03FF
:108EA00012FB0BF200FB032212F0800F08992846F8
:108EB0000ED016F021F80AF1010A039B5345DCDCC1
:108EC000059B1D44069B1F44079B01341E449EE7DF
:108ED00016F027F8EFE75146384616F039F84042C9
:108EE000C0B28DF82D008DF82C002EB316F80A3084
:108EF00013FB09F31B0A8DF82F308DF82E000AEBB7
:108F0000080194F822300B9A2846FFF719FA0AF163
:108F1000010A039B5345DEDC0EB1079B1E44059BF3
:108F20001D44069B0BF1010B1F44049B5B457FF71F
:108F3000B0AA4FF0000AECE74B46DCE74FF0000B1D
:108F4000F3E7054B00930549054B4FF4AD72022042
:108F500009F0D4FAFFF79DBA34DD030018DE0300F0
:108F60007BDE030030B585B0154604460846039104
:108F700019F093FA022D11D0032D14D0012D18D120
:108F800023780344FF2BA8BFFF23D8B29DF80F20FE
:108F9000214605B0BDE8304016F0D1B923781B1A40
:108FA00023EAE373F1E7237813FB00F3C3F307200D
:108FB000ECE7064B00930649064B01954FF45D72B2
:108FC000022009F09BFA05B030BD00BF17DD030099
:108FD00098DE0300E4DE03002DE9F04F90F8203026
:108FE000063B8BB081460F2B00F2C283DFE813F003
:108FF000A301FD02C003C003C003C003C003C0033C
:10900000C003CD00D600D4001000C003C0033C0252
:10901000D0E901830393C3680493D0E9044390F833
:1090200022B090F8217006680593D0E9065ABBF18A
:10903000000F40F0A8806CBBFC2F11D8039BA3420B
:1090400011DD4FF0000B1EE035F8170019F0F5F9AF
:10905000F0550137B845F7DC049B55441E440134F4
:10906000039BA34202DC0BB0BDE8F08F0027F1E7C1
:1090700035F81B0019F0E1F906EB0B013A4616F042
:109080005EF90BF1010BD845F2DC049B55441E44FC
:109090000134D3E7FC2F17D8039B5B45E3DD4FF08A
:1090A000000925E035F8170019F0C7F9E25DF1195C
:1090B00016F045F90137B845F4DC049B1E44059BC6
:1090C00055441C440BF1010B039B5B45CBDD002792
:1090D000F1E735F8190019F0B0F914F8092012FB7E
:1090E00007F206EB0901120A16F029F909F1010944
:1090F000C845EEDC049B1E44059B55441C440BF103
:10910000010BC9E705EB4B0240F63A015278D20851
:109110004A4312128DF8262035F81B2040F20D40EC
:10912000C2F34512424312128DF8252015F81B2078
:1091300002F01F024A4312128DF824200CB314F8D7
:109140000B2012FB07F2120A8DF8272006EB0B000A
:1091500099F8222009990693FFF704FF069B0BF16B
:10916000010BD845CEDC0CB1059A1444049A554441
:1091700016440133039A9A427FF775AF4FF0000B04
:10918000EFE73A46E0E70023F4E7032148460BB057
:10919000BDE8F04F16F0E2B80421F7E74368039307
:1091A00083680493C3680593D0E9044390F8227060
:1091B00090F8218006680693D0E9065A002F40F007
:1091C000B780002C3AD1B8F1FC0F19D8049BA34208
:1091D0007FF749AFAB46002728E0D8F8000019F028
:1091E0005CF998F80320F11916F0A9F8013708F195
:1091F0000408039BBB42F0DC059B55441E4401342C
:10920000049BA3427FF72FAFA8460027F1E7DBF8C6
:10921000000019F042F99BF8032012FB08F2F11943
:10922000120A16F08CF801370BF1040B039BBB42BA
:10923000EDDC059B55441E440134C7E7B8F1FC0F33
:1092400023D8049BBB427FF70EAFA9464FF0000B1B
:1092500037E0DBF8000019F020F99BF8032014F840
:10926000083012FB03F206EB0801120A16F067F849
:1092700008F101080BF1040B039B4345E9DC059B56
:109280001E44069B55441C440137049BBB427FF798
:10929000EAAEAB464FF00008EEE7D9F8000019F04F
:1092A000FCF899F8032014F80B1012FB08F24A435B
:1092B000120C06EB0B0116F042F80BF1010B09F151
:1092C0000409039B5B45E8DC059B1E44069B554453
:1092D0001C440137B5E755F8270013F8271009900B
:1092E000FCB918FB01F10A0A8DF82720F01999F84A
:1092F000222009990793FFF735FE079B0137039A50
:10930000BA42E8DC0CB1069B1C44059B55441E4444
:109310000BF1010B049B5B457FF7A5AE0027EB1C0F
:10932000EDE7E25D12FB01F208FB02F2120CDBE753
:109330004FF0000BEEE74368039383680493D0E992
:10934000044390F8227090F821800568D0F80CA0B2
:109350000593D0E9066B002F40F084800CBBB8F178
:10936000FC0F0DD8049BA3427FF77DAE002711E0D0
:1093700031462846039A19F0D9FE55445E4401341B
:10938000049BA342F4DC6EE6F05DE919424615F059
:10939000D6FF0137039BBB42F6DC55445E440134E3
:1093A000E0E7B8F1FC0F18D8049BBB427FF75BAE37
:1093B0004FF0000925E014F8082016F8080005EB26
:1093C000080115F0BCFF08F10108039B4345F2DCDE
:1093D000059B55445E441C440137049BBB427FF708
:1093E00042AE4FF00008F0E714F8092016F8090023
:1093F00012FB08F205EB0901120A15F0A0FF09F1B2
:109400000109039B4B45EFDC059B55445E441C441E
:109410000137C9E7F25D8DF826208DF825208DF8FB
:109420002420ECB1E25D12FB08F2120A8DF827202D
:10943000E81999F8222009990693FFF793FD069BF6
:109440000137039ABA42E5DC0CB1059A144455443D
:109450005E440133049A9A427FF705AE0027F0E795
:109460004246E3E70023F5E74368039383680493E8
:10947000C3680593D0E9044390F8227090F82180E6
:1094800005680693D0E9066A002F40F0AB80B4BBB4
:10949000B8F1FC0F17D8049BA3427FF7E4ADB346A5
:1094A000002722E0E91918F8012C18F8020C15F031
:1094B00046FF0137039BBB4208F10208F2DC059B23
:1094C00056441D440134049BA3427FF7CCADB04603
:1094D0000027EFE71BF8012C1BF8020C12FB08F227
:1094E000E919120A15F02BFF0137039BBB420BF160
:1094F000020BEFDC059B56441D440134CBE7B8F169
:10950000FC0F21D8049BBB427FF7ADADB1464FF0B5
:10951000000B32E014F808301BF8012C1BF8020C89
:1095200012FB03F205EB0801120A15F008FF08F11F
:109530000108039B43450BF1020BEBDC059B1D442B
:10954000069B56441C440137049BBB427FF78BADFE
:10955000B3464FF00008ECE714F80B1019F8012C93
:1095600019F8020C12FB01F208FB02F205EB0B01E9
:10957000120C15F0E4FE0BF1010B039B5B4509F1A6
:109580000209E9DC059B1D44069B56441C44013737
:10959000B8E716F817308DF826308DF825308DF89D
:1095A0002430ECB1E35D13FB08F31B0A8DF8273080
:1095B000E81999F822200999FFF7D4FC0137039B99
:1095C000BB42E6DC0CB1069B1C44059B56441D4483
:1095D0000BF1010B049B5B457FF745AD0027EEE7E0
:1095E0004346E3E74FF0000BF4E7436803938368D7
:1095F0000493C3680593D0E9044390F8228090F85F
:10960000217005680693D0E9066AB8F1000F40F0B2
:10961000AC80002C38D1FC2F1AD8049BA3427FF7D2
:1096200022AD4FF0000827E04146304615F07EFE9F
:10963000404205EB08013A46C0B215F080FE08F141
:109640000108039B4345EFDC059B56441D44013450
:10965000049BA3427FF707AD4FF00008F1E74146B6
:10966000304615F063FE404205EB08013A46C0B2B1
:1096700015F065FE08F10108039B4345EFDC059BEF
:1096800056441D440134C8E7FC2F1BD8049B4345B6
:109690007FF7E9AC4FF0000B2BE03946304615F070
:1096A00045FE4042E25DE919C0B215F048FE0137BF
:1096B000039BBB42F1DC059B1D44069B56441C44A6
:1096C00008F10108049B43457FF7CDAC0027EFE785
:1096D0005946304615F02AFE14F80B20404212FB82
:1096E00007F205EB0B01120AC0B215F028FE0BF1D0
:1096F000010B039B5B45EBDC059B1D44069B56441D
:109700001C4408F10108C1E74146304615F00EFE41
:109710004042C0B28DF825008DF824001CB314F827
:10972000083013FB07F31B0A8DF826008DF827304D
:1097300005EB080099F822200999FFF713FC08F1BE
:109740000108039B4345DFDC0CB1069B1C44059BD1
:1097500056441D440BF1010B049B5B457FF783AC22
:109760004FF00008EDE73B46DEE74FF0000BF3E774
:10977000044B00930449054B4FF4A072022008F0FB
:10978000BDFE70E434DD030098DE0300FBDE030061
:10979000044BC20003EA002302F4FC6243EAD00057
:1097A0001043704700F8FFFF034630B508466AB122
:1097B000FF2A4FEAD3010AD1A2F6FF0202EA0322EE
:1097C000DB0003F4FC631343194488B230BDD44377
:1097D0009B08E4B2C0F3451513FB02F311FB02F141
:1097E00004FB0533084AC50A04FB0515DB1000F02D
:1097F0001F0003F4FC6302EAC50204FB00111343DB
:1098000003EB112398B2E1E700F8FFFF70B50446BF
:1098100008467AB12178A5786378FF2A4FEAD1010A
:1098200009D11448DB0000EA052003F4FC63184367
:10983000084480B270BDD4439B08E4B2C0F345161F
:1098400013FB02F304FB0633EE08C50A654306FB6F
:109850000255084EDB1000F01F0003F4FC6306EA1B
:10986000C50512FB01F204FB00222B4303EB12237C
:1098700098B2DFE700F8FFFF2DE9F04F8BB04368A7
:10988000039383680493C3680593D0E90653069352
:10989000D0E9044390F8227090F82180066809937B
:1098A00082468946002F40F02F81002C3ED1B8F12E
:1098B000FC0F26D8049B9C4280F21A81A6F1020B71
:1098C000AA46002729E057789378FF0007F4FC6741
:1098D00000EA03233B43177803EBD70326F8113044
:1098E0004A440131039B9942EDDB059B1E44069BD4
:1098F00001341D44049B9C4280F2FA802A460021D8
:10990000F0E78248F6E73BF8021F50464246FFF771
:109910007DFF0137ABF80000CA44039B9F42F2DB96
:10992000059B1E44069B01341D44C3E7B8F1FC0FA0
:109930001ED8049B9F4280F2DB80B31EAB464FF0E3
:10994000000A2FE014F808203BF8021F5046FFF7EA
:109950005DFF08F10108ABF80000CA44039B98457D
:10996000F0DB059B1E44069B1D44099B01371C44EC
:10997000049B9F4280F2BC80A6F1020BAA464FF0E6
:109980000008EBE714F80A2033F8021F079312FBD4
:1099900008F25846120AFFF739FF079B0AF1010A3D
:1099A0001880CB44039A9245ECDB059B1E44069B32
:1099B0001D44099B01371C44BBE79AF82230022B57
:1099C0004BD0032B6AD0012B40F088807B789BF82A
:1099D0000220DB0803EBD2031F2BA8BF1F23D802F2
:1099E0003B889BF80120C3F3451303EB92033F2B05
:1099F000A8BF3F2380B200EB43103B789BF80020C8
:109A000003F01F0380B203EBD2031F2BD4BFC01897
:109A10001F30398880B2002C6DD1424608F0BEFA62
:109A2000079B27F8020B01330793CB44079B039A4C
:109A30009342C2DB059B1E44069B1D440CB1099B4F
:109A40001C44089B01330893089B049A93424FDA05
:109A500000233746AB460793E8E79BF802307A7855
:109A6000DB08C3EBD20323EAE373D8023B889BF8FD
:109A70000120C3F34513A3EB920323EAE37380B2FF
:109A800000EB43103B789BF8002003F01F0380B2EB
:109A9000A3EBD203002BA8BFC018BAE79BF8023093
:109AA0007A789BF80100D208DB0813FB02F33A88AE
:109AB0008008C2F3451210FB02F080115B114001D7
:109AC00000EBC3203A789BF8003002F01F02DB085D
:109AD00080B213FB02F300EB53109AE701930C4B97
:109AE00000930C490C4B40F2BB32022008F006FDFB
:109AF0000BB0BDE8F08F079BE25CB8F1FC0F9CBF98
:109B000012FB08F2120A89E700239CE700F8FFFF26
:109B100017DD030018DF0300ACDF03002DE9F04F71
:109B200090F82020063A89B081460F2A00F22A8652
:109B3000DFE812F0AE021A052806280628062806D5
:109B4000280628062806470150014E011000280665
:109B50002806C2034368029383680393C36804938F
:109B6000D0E9044390F8225090F8218006680693CB
:109B7000D0E9067A002D40F0228164BBB8F1FC0FD9
:109B800022D9029B5D00039BA34202DC09B0BDE821
:109B9000F08F394630462A4619F0C8FA049B5744DC
:109BA0001E440134EFE73BF8021F37F81500424628
:109BB00008F0F4F90135ABF80000029BAB42F2DC8F
:109BC000049B57441E440134039BA342DEDDA6F1EF
:109BD000020B0025F1E7B8F1FC0F1CD8039BAB4248
:109BE000D4DDA6F102094FF0000B2BE014F8082099
:109BF0003BF8021F37F8180008F0D0F908F1010807
:109C0000ABF80000029B4345F0DC049B1E44069B1E
:109C100057441C440135039BAB42B7DDA6F1020B50
:109C20004FF00008EEE714F80B2039F8021F37F860
:109C30001B0012FB08F2120A08F0B0F90BF1010B3D
:109C4000A9F80000029B5B45EDDC049B1E44069BCB
:109C500057441C440135C1E799F82220022A4FD00D
:109C6000032A72D0012A40F09680BBF8001051B34D
:109C70009BF801206878D20802EBD00228881F2ABE
:109C8000C1F34511C0F345100844A8BF1F22D202FA
:109C90003F28A8BF3F2092B202EB401290B2297831
:109CA0009BF8002001F01F0102F01F0211441F2940
:109CB000D4BF40181F30298880B2002C76D142468C
:109CC00008F06CF92880059B013305930BF1020B1A
:109CD0000235029B059A9342BEDC049B57441E4406
:109CE0000CB1069B1C44079B01330793079A039B07
:109CF00093427FF74BAF0023BB4635460593E8E719
:109D0000BBF800100029DED09BF801206878D2084B
:109D1000C2EBD0022888C1F3451122EAE272C0F3F7
:109D20004510401AD20220EAE07092B202EB4012D3
:109D300090B229789BF8002001F01F0102F01F0269
:109D4000891A0029A8BF4018B5E7BBF800104FF6E4
:109D5000FF729142B7D06A789BF80100D208C00820
:109D600012FB00F22888C1F34511C0F3451010FB27
:109D700001F080115211400100EBC2209BF800104D
:109D80002A7801F01F0102F01F0280B212FB01F2DB
:109D900000EB52108FE7BA4B0093BA4B019240F29E
:109DA0004D32B949022008F0A9FBEFE6059BE25CC1
:109DB000B8F1FC0F9CBF12FB08F2120A80E70023E7
:109DC00093E70321484609B0BDE8F04FFFF754BDC3
:109DD0000421F7E74368029383680393C3680493FD
:109DE000D0E906530593D0E9044390F8227090F827
:109DF000218006680693002F40F04081002C40D15E
:109E0000B8F1FC0F1CD8039BA3427FF7BFAEA6F1AD
:109E1000020B2F464FF0000A2AE0FA783AF8021FA8
:109E20003846FFF7F3FC08F10108AAF800000437F0
:109E3000029B4345F1DC049B1E44059B01341D44F9
:109E4000039BA3427FF7A2AEA6F1020A2F464FF072
:109E50000008EDE7FA783BF8021F12FB08F23846DB
:109E6000120AFFF7D3FC0AF1010AABF8000004372D
:109E7000029B5345EEDC049B1E44059B01341D44AC
:109E8000C1E7B8F1FC0F25D8039BBB427FF77EAE3C
:109E9000A6F10209AB464FF0000A39E014F8083089
:109EA0009AF803203BF8021F12FB03F25046120AF5
:109EB000FFF7ACFC08F10108ABF800000AF1040A56
:109EC000029B4345EADC049B1E44059B1D44069B04
:109ED00001371C44039BBB427FF758AEA6F1020B2F
:109EE000AA464FF00008EBE714F80A109BF803208D
:109EF00012FB01F208FB02F239F8021F5846120C5D
:109F0000FFF784FC0AF1010AA9F800000BF1040B29
:109F1000029B5345E8DC049B1E44059B1D44069BA5
:109F200001371C44B0E799F82220022A51D0032AB5
:109F300070D0012A40F08E809AF80120B978D208BA
:109F400002EBD1021F2AA8BF1F22D002BAF80020BC
:109F50007978C2F3451202EB91023F2AA8BF3F2253
:109F600080B200EB42109AF80020397802F01F020C
:109F700080B202EBD1021F2AD4BF80181F30BAF87A
:109F8000001080B2002C6CD1FA78B8F1FC0F9CBFA5
:109F900018FB02F2120A08F001F82AF8020B0BF182
:109FA000010B0437029B5B45BDDC049B1E44059BF3
:109FB0001D440CB1069B1C44079B01330793079A71
:109FC000039B93427FF7E2ADB2462F464FF0000B62
:109FD000E8E7BA789AF80110D208C2EBD10222EA77
:109FE000E272D002BAF800207978C2F34512A2EBEF
:109FF000910222EAE27280B200EB42109AF800204D
:10A00000397802F01F0280B2A2EBD102002AA8BF69
:10A010008018B4E7BA789AF801107878C908D2089D
:10A0200012FB01F2BAF800108008C1F3451110FBD1
:10A0300001F080115211400100EBC2209AF800108B
:10A040003A7801F01F01D20880B212FB01F200EB56
:10A05000521094E70A4B0192009340F22C420B4BB2
:10A060009FE6B8F1FC0F14F80B209FBF97F803C0D0
:10A0700012FB08F20CFB02F2120C8CE700239DE7A6
:10A0800017DD0300BFDF030018DF030097DF0300C5
:10A090004368029383680393C3680493D0E904433D
:10A0A00090F8227090F8218005680593D0E9066A3F
:10A0B000002F40F0FF8074BBB8F1FC0F14D8039B55
:10A0C000A3427FF763ADA5F1020B00271BE0705C94
:10A0D000FFF75EFB25F811000131029B8B42F6DC95
:10A0E000049B56441D440134039BA3427FF74EADAD
:10A0F0000021F2E7F05D3BF8021F4246FFF754FBF8
:10A100000137ABF80000029BBB42F3DC049B5644D2
:10A110001D440134D3E7B8F1FC0F1DD8039BBB42AB
:10A120007FF734ADA5F102094FF0000B2CE014F8D5
:10A13000082016F808003BF8021FFFF735FB08F16E
:10A140000108ABF80000029B4345F0DC049B1D4472
:10A15000059B56441C440137039BBB427FF716AD59
:10A16000A5F1020B4FF00008EDE714F80B2016F8EC
:10A170000B0039F8021F12FB08F2120AFFF714FB5A
:10A180000BF1010BA9F80000029B5B45EDDC049B81
:10A190001D44059B56441C440137BFE799F8221023
:10A1A00016F82BC002294FEADC024FEA9C0C40D083
:10A1B000032957D001296CD17878398802EBD00077
:10A1C0001F28C1F345116144A8BF1F20C0023F29C9
:10A1D000A8BF3F2180B200EB4110397801F01F0188
:10A1E00080B20A441F2AD4BF80181F3080B2002CCE
:10A1F00056D1B8F1FC0F03D83988424607F0CEFE9D
:10A2000027F8020B0BF1010B029B5B45C6DC049B9C
:10A2100056441D440CB1059B1C44069B0133069318
:10A22000069A039B93427FF7B1AC2F464FF0000B89
:10A23000EAE778783988C2EBD00020EAE070C1F311
:10A240004511C002A1EB0C0121EAE17180B200EBE3
:10A250004110397801F01F0180B28A1A002AA8BF84
:10A260008018C3E738887978C0F34510C90810FB17
:10A270000CF011FB02F180114911400100EBC120EB
:10A28000397801F01F0180B211FB02F200EB52108D
:10A29000ACE7B24B00930191B14B4FF4377280E5BC
:10A2A00014F80B203988B8F1FC0F9CBF12FB08F2A0
:10A2B000120AA3E70023B2E743680293836803937B
:10A2C000C3680493D0E906530593D0E9044390F89A
:10A2D000227090F8218006680693002F40F03C81A0
:10A2E000002C46D1B8F1FC0F1FD8039BA3427FF787
:10A2F0004DAC2F46A6F1020B4FF0000A2EE017F8E6
:10A30000012C3AF8021F17F8020CFFF74DFA08F17A
:10A310000108AAF80000029B434507F10207EEDCA2
:10A32000049B1E44059B01341D44039BA3427FF7FD
:10A330002DAC2F46A6F1020A4FF00008EBE717F804
:10A34000012C3BF8021F17F8020C12FB08F2120A4C
:10A35000FFF72AFA0AF1010AABF80000029B534505
:10A3600007F10207EBDC049B1E44059B01341D44EE
:10A37000BBE7B8F1FC0F26D8039BBB427FF706ACC6
:10A38000AB46A6F102094FF0000A39E014F8083094
:10A390001AF8012C3BF8021F1AF8020C12FB03F208
:10A3A000120AFFF701FA08F10108ABF80000029B5E
:10A3B00043450AF1020AE9DC049B1E44059B1D4447
:10A3C000069B01371C44039BBB427FF7DFABAA46C9
:10A3D000A6F1020B4FF00008E9E714F80A101BF889
:10A3E000012C1BF8020C12FB01F208FB02F239F8F7
:10A3F000021F120CFFF7D8F90AF1010AA9F80000B0
:10A40000029B53450BF1020BE7DC049B1E44059BAA
:10A410001D44069B01371C44AEE799F8221097F8BB
:10A4200000C002294FEADC024FEA9C0C4AD0032903
:10A4300064D001297CD19AF80100BAF8001002EB2F
:10A44000D0001F28C1F345116144A8BF1F20C002DE
:10A450003F29A8BF3F2180B200EB41109AF80010BD
:10A4600001F01F0180B20A441F2AD4BF80181F3098
:10A47000BAF8001080B2002C61D17A78B8F1FC0FE4
:10A480009CBF18FB02F2120A07F088FD2AF8020BA3
:10A490000BF1010B0837029B5B45BEDC049B1E449D
:10A4A000059B1D440CB1069B1C44079B013307937D
:10A4B000079A039B93427FF769ABB2462F464FF052
:10A4C000000BE8E79AF80100BAF80010C2EBD000E0
:10A4D00020EAE070C1F34511C002A1EB0C0121EAB2
:10A4E000E17180B200EB41109AF8001001F01F01F9
:10A4F00080B28A1A002AA8BF8018B9E7BAF800000B
:10A500009AF80110C0F34510C90810FB0CF011FBBC
:10A5100002F180114911400100EBC1209AF80010AE
:10A5200001F01F0180B211FB02F200EB52109FE715
:10A530000A4B009301910B4B40F2692231E4B8F1D0
:10A54000FC0F14F80B209FBF97F801C012FB08F214
:10A550000CFB02F2120C97E70023A8E717DD0300BB
:10A5600088DF030077DF0300436802938368039367
:10A57000C3680493D0E9044390F8227090F82180D6
:10A5800005680593D0E9066A002F40F0F980002C99
:10A5900038D1B8F1FC0F19D8039BA3427FF7F6AA74
:10A5A000A5F1020B002725E03946304615F03FF8AB
:10A5B0004042C0B2FFF7ECF825F817000137029BC4
:10A5C000BB42F1DC049B56441D440134039BA3426F
:10A5D0007FF7DCAA0027F2E73946304615F027F866
:10A5E00040423BF8021F4246C0B2FFF7DDF8013798
:10A5F000ABF80000029BBB42EEDC049B56441D44BA
:10A600000134C9E7B8F1FC0F21D8039BBB427FF7A7
:10A61000BDAAA5F102094FF0000B34E041463046D7
:10A6200015F005F8404214F808203BF8021FC0B2AC
:10A63000FFF7BAF808F10108ABF80000029B4345A8
:10A64000ECDC049B1D44059B56441C440137039BD2
:10A65000BB427FF79BAAA5F1020B4FF00008EDE784
:10A660005946304614F0E3FF14F80B2039F8021F66
:10A6700012FB08F24042120AC0B2FFF795F80BF144
:10A68000010BA9F80000029B5B45E9DC049B1D441B
:10A69000059B56441C440137B7E7304614F0C7FF0A
:10A6A00099F822204042022AC0B230D0032A35D085
:10A6B000012A4ED1FFF76CF879884FF6FE720844F4
:10A6C00090424EDC80B2002C50D1B8F1FC0F03D880
:10A6D0007988424607F062FC27F8020F0BF1010B64
:10A6E000029B5B454FEA8B01D7DC049B56441D441B
:10A6F0000CB1059B1C44069B01330693069A039BF1
:10A7000093427FF743AAAF1E4FF0000BE8E7FFF735
:10A710003FF87988814227DD081AD3E7FFF738F838
:10A720007988C0F3CF0CCA0A0CFB02F200F01F0EAE
:10A7300001F01F0C0EFB0CFC4FEA6C1C4CEAC22C07
:10A74000C0F38500C1F34512504380114CEA40101C
:10A75000B8E7124B0192009340F2F312104BFFF74F
:10A7600020BB4FF6FF70AEE70020ACE714F80B20DB
:10A770007988B8F1FC0F9CBF12FB08F2120AA9E716
:10A780000023BAE7074B00930749084B40F28F12AA
:10A79000022007F0B3FEFFF7F9B900BF17DD030091
:10A7A00068DF030034DD030018DF0300D2DF03009D
:10A7B00070B52F4B86B01E889B780391022ACCB2CD
:10A7C000C1F30725ADF81460C1F307418DF81630C9
:10A7D00020D0032A2FD0012A3ED103782344FF2B17
:10A7E000A8BFFF238DF8143043782B44FF2BA8BF5C
:10A7F000FF238DF8153083780B44FF2BA8BFFF2370
:10A80000DBB201469DF80F208DF8163005A815F033
:10A8100084F82BE003781B1B23EAE3738DF81430D4
:10A8200043785B1B23EAE3738DF8153083785B1A5A
:10A8300023EAE373E4E7037813FB04F31B128DF8B8
:10A840001430437813FB05F31B128DF81530837811
:10A8500013FB01F31B0AD4E7064B01920093064950
:10A86000064B40F29E32022007F048FE06B070BD53
:10A87000514C030017DD0300F3DF030043E0030046
:10A880002DE9F04F90F820308DB0063B044603913F
:10A890000F2B00F28484DFE813F02702B403820454
:10A8A0008204820482048204820482044B015601E1
:10A8B0005401100082048204D902D0E901B3049348
:10A8C000C3680593D0E906530693D0E90463079360
:10A8D00090F8223090F821900768002B40F02381F7
:10A8E000002E62D1B9F1FC0F30D840F63A0840F2A0
:10A8F0000D4A049BB34240F39E82394600244CE04B
:10A9000005EB42035B78DB0843431B128B7035F881
:10A910001230C3F3451363431B124B7015F812300A
:10A9200003F01F0343431B120B70039B01321944B6
:10A930009345E5DC059B1F44069B01361D44049BA3
:10A94000B34240F3788239460022F1E740F63A00FC
:10A9500040F20D44F3E705EB44034A465B78DB081D
:10A9600008FB03F31B128DF82E3035F81430C3F3B7
:10A9700045130AFB03F31B128DF82D3015F8143024
:10A9800003F01F0308FB03F31B120BA88DF82C30F8
:10A9900014F0C3FF039B01341944A345DBDC059B82
:10A9A0001F44069B01361D44A3E7B9F1FC0F1C466A
:10A9B0003ED840F63A0A049BA34240F33C82394613
:10A9C0004FF0000861E005EB480316F808205B78BB
:10A9D000DB0809FB03F31B128DF82E3035F8183015
:10A9E000C3F345130AFB03F31B128DF82D3015F842
:10A9F000183003F01F0309FB03F31B120BA88DF89B
:10AA00002C3014F08AFF039B08F101081944C34558
:10AA1000D9DC059B1F44069B1D44079B01341E4443
:10AA2000049BA34240F3078239464FF00008EEE74B
:10AA300040F63A0940F20D4AF2E705EB480340F2CE
:10AA40000D425B78DB080AFB03F31B128DF82E30F6
:10AA500035F81830C3F3451353431B128DF82D30CE
:10AA600015F8183016F8082003F01F030AFB03F34B
:10AA700012FB09F21B12120A0BA88DF82C3014F0ED
:10AA80004CFF039B08F101081944C345D5DC059B25
:10AA90001F44069B1D44079B01341E448BE705EBB6
:10AAA000480240F20D415278D2085A4312128DF8F2
:10AAB0002E2035F81820C2F345124A4312128DF8A1
:10AAC0002D2015F8182002F01F025A4312128DF89B
:10AAD0002C2036B316F8082012FB09F2120A8DF862
:10AAE0002F200B9994F822200890FFF761FE039B1A
:10AAF000089808F10108184440F63A03C345CEDC33
:10AB00000EB1079A1644059A1744069A0AF1010AEB
:10AB10001544049A524540F38E8138464FF00008A0
:10AB2000ECE74A46DBE74FF0000A40F63A03F0E76D
:10AB300003229DF80C1020460DB0BDE8F04F14F034
:10AB400010BF0422F5E74368049383680593C36844
:10AB50000693D0E90453079390F8223090F82180AF
:10AB60000768D0E90669002B40F0BC80002D38D181
:10AB7000B8F1FC0F18D8059BAB4240F35C81B2469C
:10AB80003946002425E098F80320404614F0C5FE1D
:10AB9000039B013408F104081944049BA342F2DC2E
:10ABA000069B4E441F440135059BAB4240F3438155
:10ABB000B04639460024F0E79AF8032012FB08F269
:10ABC0005046120A14F0A9FE039B01340AF1040A4C
:10ABD0001944049BA342EFDC069B4E441F440135FD
:10ABE000C9E7B8F1FC0F1C4621D8059BA34240F3EE
:10ABF0002281B34639464FF0000A33E015F8083099
:10AC00009AF8032012FB03F25046120A14F085FE54
:10AC1000039B08F101080AF1040A1944049B434507
:10AC2000ECDC069B1F44079B4E441D440134059BEE
:10AC3000A34240F30081B24639464FF00008EDE7E9
:10AC400015F80A309BF8032012FB03F208FB02F20E
:10AC50005846120C14F061FE039B0AF1010A0BF135
:10AC6000040B1944049B5345EADC069B1F44079BD5
:10AC70004E441D440134B8E753F8030C19780B9087
:10AC800045BB18FB01F10A0A8DF82F2007EB0A00DB
:10AC900094F822200B990993FFF78AFD039B9A44AD
:10ACA000099B0BF1010B0433049A5A45E4DC0DB106
:10ACB000079B1D44069B1F44089B4E440133089389
:10ACC000089A059B934240F3B6804FF0000BF31CAB
:10ACD000DA46E9E715F80A2012FB01F208FB02F256
:10ACE000120CD1E70023EAE74368049383680593D5
:10ACF000D0E90453069390F8223090F82180076839
:10AD0000D0F80C90D0E9066A002B40F09D8075BB0E
:10AD1000B8F1FC0F15D8059BAB4240F38C80394647
:10AD200000241DE012F8011F9970597011781970F4
:10AD300003990B44049C81188C42F3DC4F44564425
:10AD40000135059BAB4276DD721E3B46C6F1010024
:10AD5000F0E7305D424614F0C6FD039B0134194410
:10AD6000049BA342F5DC4F4456440135D3E7B8F1C8
:10AD7000FC0F1C4618D8059BA3425CDD39464FF0FA
:10AD8000000B25E015F8082016F8080014F0ABFDBC
:10AD9000039B08F101081944049B4345F2DC069B20
:10ADA0004F4456441D440134059BA34243DD3946BC
:10ADB0004FF00008F0E715F80B2016F80B0012FB17
:10ADC00008F2120A14F08FFD039B0BF1010B1944DA
:10ADD000049B5B45EFDC069B4F4456441D44013405
:10ADE000C9E716F80B208DF82E208DF82D208DF850
:10ADF0002C201DB3EA5C12FB08F2120A8DF82F20FA
:10AE0000F81894F822200B990893FFF7D1FC039AC5
:10AE1000089B0BF1010B1344049A5A45E1DC0DB178
:10AE2000069B1D44079B4F44564401330793079AE2
:10AE3000059B934204DC0DB0BDE8F08F4246DDE790
:10AE40004FF0000B5B46E7E70023EFE7436804930E
:10AE500083680593C3680693D0E90453079390F879
:10AE6000223090F821800768D0E90669002B40F075
:10AE7000C680002D3CD1B8F1FC0F1AD8059BAB421F
:10AE8000D9DD344639464FF0000A27E014F8012C8A
:10AE900014F8020C14F027FD039B08F10108194473
:10AEA000049B434504F10204F0DC069B4E441F441E
:10AEB0000135059BAB42BEDD344639464FF00008F4
:10AEC000EEE714F8012C14F8020C12FB08F2120A37
:10AED00014F009FD039B0AF1010A1944049B534530
:10AEE00004F10204EDDC069B4E441F440135C5E726
:10AEF000B8F1FC0F1C4621D8059BA3429BDDB3464D
:10AF000039464FF0000A33E015F808301AF8012CE2
:10AF10001AF8020C12FB03F2120A14F0E4FC039B71
:10AF200008F101081944049B43450AF1020AEBDCCD
:10AF3000069B1F44079B4E441D440134059BA342BE
:10AF40007FF779AFB24639464FF00008EBE715F8C6
:10AF50000A301BF8012C1BF8020C12FB03F208FB51
:10AF600002F2120C14F0BFFC039B0AF1010A19440F
:10AF7000049B53450BF1020BE9DC069B1F44079B26
:10AF80004E441D440134B7E713F8011C18788DF8BE
:10AF90002E1065BB10FB08F0020A8DF82F208DF8EB
:10AFA0002C108DF82D1007EB0A0094F822200B9935
:10AFB0000993FFF7FDFB039B9A44099B0BF1010BDF
:10AFC0000233049A5A45DFDC0DB1079B1D44069BF2
:10AFD0001F44089B4E4401330893089A059B9342F3
:10AFE0007FF729AF4FF0000B731CDA46E9E715F83D
:10AFF0000A2012FB00F208FB02F2120CCDE700233C
:10B00000EAE74368049383680593C3680693D0E92D
:10B010000453079390F8223090F821800668D0E915
:10B02000067A002B40F0B880002D38D1B8F1FC0F23
:10B0300019D8059BAB427FF7FEAEB146002426E04F
:10B040002146384614F046FC039B4042C0B2907043
:10B050005070107001341A44049BA342F0DC069B2C
:10B0600057441E440135059BAB427FF7E4AE3246A0
:10B070000024F1E72146384614F02CFC40424946B2
:10B080004246C0B214F02FFC039B01349944049B48
:10B09000A342EFDC069B57441E440135C9E7B8F1D3
:10B0A000FC0F1C461FD8059BA3427FF7C4AEB146D8
:10B0B0004FF0000B31E04946384614F00BFC40429B
:10B0C00015F809204146C0B214F00DFC039B09F1AC
:10B0D00001099844049B4B45EDDC069B1E44079BED
:10B0E00057441D440134059BA3427FF7A4AEB046EC
:10B0F0004FF00009EEE75946384614F0EBFB15F81F
:10B100000B20404212FB08F24946120AC0B214F06A
:10B11000EAFB039B0BF1010B9944049B5B45EADCC2
:10B12000069B1E44079B57441D440134BBE7494618
:10B13000384614F0CFFB4042C0B28DF82D008DF898
:10B140002C003DB315F8092012FB08F2120A8DF805
:10B150002F208DF82E0094F822200B990898FFF7E5
:10B1600027FB089B039A134409F101090893049BE8
:10B170004B45DCDC0DB1079B1D44069B57441E4428
:10B180000BF1010B059B5B457FF755AE08964FF021
:10B190000009ECE74246DAE74FF0000BF2E7054B17
:10B1A00000930549054B40F25D12022007F0A6F915
:10B1B00041E600BF34DD0300F3DF03005AE0030083
:10B1C0002DE9F04F91F83C30ADF50D7D022B079045
:10B1D0000C4641D90E6A002E3ED0D1E9091399429E
:10B1E0003AD00FCA0CAF87E80F00079BB4F8348041
:10B1F0009A6810AD3946284616F0E5FC059058B31C
:10B20000A36B4645D4E909A9A8BF464643BB0AF546
:10B21000B4734B4503D009F5B473534520D169A8E5
:10B2200013F030F994F83C308DF8CC31E369ADF887
:10B23000C4311B0C8DF8C63147F6FF7370939DF82F
:10B24000CD31079872960F2262F3040369A93A463A
:10B250008DF8CD3114F096FD0DF50D7DBDE8F08F24
:10B26000D7E90112236A3868D21A1692FA6818448C
:10B270001944D31A149015911793BAF5B47F80F23C
:10B28000C280B9F5B47F80F2C1801022002118A8D5
:10B2900019F0A0F80DF5D278CDF80090D4E90B1292
:10B2A0004046534602F0A8FACDF860800DF1C00880
:10B2B000002347F6FF723946404602F0EBFA14A825
:10B2C000CDF8648016F0CCFF002800F3A2800023A4
:10B2D0000593284616F0C9FF0890284616F0C0FFCF
:10B2E000804608F07DFB074695E80F000DF1700BD6
:10B2F0008BE80F00002128224CA819F06BF8A16BF5
:10B3000094F83C3051978DF84031CDF82CB1CDF800
:10B310004CB1002940F08D80A28BA37FADF8412174
:10B320008DF84331002394F83D50069315F0010544
:10B3300048D006FB06FB584608F052FB054658B9B4
:10B340009F4B02939F4B01939F4B00939F49A04BB0
:10B35000A022032007F0D2F85A46FF21284617F012
:10B36000DBFF721E0DF5847BCDE92E2206EBD67233
:10B370000023584652102CA9CDE92C3302F08AFA4A
:10B380000023CDF828B00B93AB46B342C0F28E80B9
:10B390005FFA86FB24ABA18E5A460FFA8AF014F0AE
:10B3A000B2FCD4E90B1224A816F000FCA18E5A4678
:10B3B0000FFA89F028AB14F0A6FCD4E90B1228A8E8
:10B3C00016F0F4FB1D9B4FF000091F93089B994555
:10B3D0007EDB69A815F0E9FD30A815F0E6FD059BB8
:10B3E00013B139A815F0E1FD384608F0EFFAA36B68
:10B3F00013B156A813F07FF8002D3FF42DAF284667
:10B4000008F0E4FA28E7AAF5B47A36E7A9F5B479A2
:10B4100037E714A816F029FF00287FF758AF39AF97
:10B42000012347F6FF7214A9384602F033FA1A973F
:10B430004FE7002256A8FBF73BFB08B1619B43B9DD
:10B44000644B00936149624B8622022007F056F854
:10B4500062E720AD0022C5E900229A88013AAA607D
:10B46000DA88013AEA60D4E90B129B882846A2EBFD
:10B470005302A1EB530116F099FB619A4F95D2F854
:10B4800010B01389CDF830B14D935278142A02D000
:10B490008DF8382146E71222284606938DF8382188
:10B4A00016F0E3FE069B03FB00B33CE7594600960B
:10B4B00000220AA8099315F05CFD099B014620B9FA
:10B4C0003246584617F028FF099BB34401335CE726
:10B4D0004246FF21384617F01FFFDDE91C2339469D
:10B4E000CDF8008018A815F044FD94F83D308DF893
:10B4F0004801DB0701462DD51D9B259A934211DBA0
:10B50000279A93420EDC30B94246384617F004FFC2
:10B5100002238DF8483100963B4624AA1CA92846F0
:10B5200014F0C6FB1D9B299A934213DB2B9A93427E
:10B5300010DC9DF8481131B94246384617F0ECFE50
:10B5400002238DF8483100963B4628AA1CA92846BC
:10B5500014F0AEFB069BEBB19DF84831D3B14F9B85
:10B560001D9A58681B68A2EB000C1C9A4D98D31AC0
:10B570004008069A00FB0C33791E1344C7F1010002
:10B580004218904512DC9DF84831012B04BF02237C
:10B590008DF8483107984BA9FBF7B6FB1D9B01338B
:10B5A0001D931F9B09F1010901330EE713F801CB2D
:10B5B00011F8012F12FB0CF212120A70E0E700BF23
:10B5C00004C70300DBE0030020C703007BE00300A7
:10B5D000EFE00300B9E003002DE9F04FBBB01446E3
:10B5E0000D460490D1E90A10A36812686668E768FE
:10B5F000024418442B6B1E443B44521A0844761AEA
:10B600000B44696A119301EBD171491049425B1AED
:10B610000133159395F834300E92FE2B0A4428BF5F
:10B62000FF23013A10901292401A72180993049B5A
:10B630000F960130013A1490139212A99A6816A835
:10B6400016F0C1FA002800F0478323681A93636854
:10B650001B934FF0FF32A3681C931146E3681D93C0
:10B660001AA816F096FA1AA8EC6916F0F9FD064623
:10B670001AA816F0FAFD86421AA872DA16F0F0FD42
:10B680004010A042A8BF204606900EA8EC6916F014
:10B69000E7FD06460EA816F0E8FD86420EA863DA1E
:10B6A00016F0DEFD4710A742A8BF27466C6A3C444F
:10B6B00004FB04F0400008F093F9059058B9464B9C
:10B6C0000293464B0193464B00934649464B7D22DD
:10B6D000032006F013FF6E6A0E9B2693119B29939D
:10B6E00006EBD6735A1066F0010907EB6303994421
:10B6F00006F0010101320EA808912792CDF8A09022
:10B7000016F0AEFDA9EB000026900EA8DDF89C9087
:10B7100016F0ABFD484406EB0708002329903A4693
:10B7200026A92FA802F0B6F8012E404618BF7610C1
:10B7300008F056F94FEA4803DDF814A00793814654
:10B740004FF0000BD84512DC484608F03FF92FA80F
:10B7500015F02BFC012E08FB08F740F0C0820023F7
:10B760004BE016F082FD8BE716F07FFD9AE742462C
:10B77000FF21484617F0D0FD2FAB009300212F9FEB
:10B7800043465A464846B847014640B9079A50468C
:10B7900017F0C2FD079B0BF1010B9A44D2E799F811
:10B7A000003052469B0193FBF6F322F8023B079BC5
:10B7B000494603EB0A009042ECD00F4611F8013FD6
:10B7C0003F789F4217BF9B0132F8023C93FBF6F390
:10B7D0009BB222F8023BEEE704C7030043E10300FB
:10B7E00020C70300FEE0030052E10300059A05991B
:10B7F00032F813209209CA540133BB42F6D195F8AE
:10B800003570002317F00107CDE90C3307D126AEC0
:10B81000069A01231AA9304602F03CF80C9612A8A9
:10B8200016F01EFD08F0DCF82C22064600212FA899
:10B8300017F072FD95F822302A8C8DF8D3301EA9AE
:10B8400095F83430DDF848802F9112A83791ADF883
:10B85000D1208DF8D030359616F002FD00EBD07077
:10B8600008EB600312A8DDF84C800A9316F0FDFC8B
:10B8700000EBD07008EB6003149A0793139B20929F
:10B88000121B0A991F93013223448A42ACBF1E92B5
:10B890001E91013B079A9342D4BF21932192049BAE
:10B8A0001EA99A6822A816F08EF9002840F0468258
:10B8B000149A2092121B159B0A99219301328A42F5
:10B8C000ACBF1E921E91079A1B1B0132013393429B
:10B8D000ACBF1F931F92049B08921EA99A6822A8CE
:10B8E00016F071F9002835D0069A1AA922A816F088
:10B8F00026FA78BB22A816F0B3FCDDF884B0259BAD
:10B90000DDF88880DDF85090824637B1069A0B93B7
:10B910001AA922A816F0C4FA0B9BBAF1000F19DD80
:10B92000A9EB040909F10109A8EB0908ABEB030B2A
:10B93000059BDDF89490359604FB0B889844229B78
:10B940001E93249B209302238DF8D830239B4B45D4
:10B9500040F35182129B079A23441E93149B1B1B96
:10B960002093139B1F932344013B9342D4BF219305
:10B970002192049B1EA99A6822A816F024F9F8B116
:10B98000069A1AA922A816F0DAF98046C0B922A8A8
:10B9900016F066FCDDF88C901F9B8246002F00F0AD
:10B9A0008682069A0B931AA922A816F079FA0B9BA5
:10B9B0008346002800F04382BAF1000F00F344826E
:10B9C00095F834308DF8D030129B089A23441E939A
:10B9D000149B1B1B2093159B21931B1B013393422C
:10B9E000ACBF1F931F92049B1EA99A6822A816F051
:10B9F000EAF848B3069A1AA922A816F0A0F98146D7
:10BA000010BB22A816F02CFCB0F1000B1CDDDDF8F9
:10BA10008480DDF894A0002F00F05982069A1AA9BC
:10BA200022A816F03DFA4B46059A3593229B1E93A9
:10BA3000A8EB0A08249BDDF89490209304FB0828C7
:10BA4000239B4B4540F3458295F834308DF8D03038
:10BA5000149B2093DDE907501A1B139B159923446F
:10BA6000AB42C8BF034601321F930A9B9A42ACBF48
:10BA70001E921E93049B091BA942ACBF21912195E4
:10BA80009A681EA922A816F09EF868B3069A1AA909
:10BA900022A816F054F938BB22A816F0E1FB149B3B
:10BAA000229D1B1B0133ED1A631E04FB0355059BEE
:10BAB00080461D44002F00F03F82069A1AA922A852
:10BAC00016F0EEF92B46B8F1000F35930CDD229BF2
:10BAD0001E93249B2093DDF88C9002238DF8D830A0
:10BAE000259B4B4580F22A82059B6510013B002176
:10BAF000A142C0F24382DDE90750139A129B1E93C4
:10BB00002244AA42C8BF02461F920A9A15992344AA
:10BB1000013B02F1FF394B45D4BF2093CDF8809013
:10BB2000049B091BA942ACBF219121959A681EA9CB
:10BB300022A816F048F8002840F03282129A139B8F
:10BB40001E922244013A1F932344013B4A45D4BF2D
:10BB50002092CDF88090079A9342D4BF21932192EE
:10BB6000049B1EA99A6822A816F02DF8002830D050
:10BB7000069A1AA922A816F0E2F850BB22A816F0DD
:10BB80006FFBDDF88CA01F9B229DDDF878B080460E
:10BB900037B1069A09931AA922A816F081F9099BD0
:10BBA0003596B8F1000F14DDAAEB030AA5EB0B05DF
:10BBB000059B04FB0A551D44229B1E93249B209346
:10BBC000DDF88CA002238DF8D830259B534580F2F8
:10BBD0003782129B159A1E932344013B21924B45B9
:10BBE000D4BF2093CDF88090121B049B089901329A
:10BBF0008A42ACBF1F921F9122A89A681EA915F015
:10BC0000E2FF78B3069A1AA922A816F098F848BB62
:10BC100022A816F025FBDDF88490DDF894B0229D73
:10BC2000DDF878A0804627B1069A1AA922A816F056
:10BC300037F9B8F1000F359614DD059BA9EB0B0918
:10BC4000A5EB0A0504FB09551D44229B1E93249B6A
:10BC50002093DDF8949002238DF8D830239B4B4538
:10BC600040F31182129B159A359623441E93149B20
:10BC70001B1BDDE907012093139B23448342C8BFAC
:10BC80000B461F93049B121B8242ACBF2192219052
:10BC90001EA99A6822A815F096FF98B1069A1AA9CB
:10BCA00022A816F04CF868B922A816F0D9FA051E99
:10BCB00008DD229B1E93239C249B2093259BA3425B
:10BCC00080F2048217B926A815F06FF9059807F0DD
:10BCD0007DFE304607F07AFE3BB0BDE8F08F31467E
:10BCE000059A404614F0CFFA0899314401290CDD39
:10BCF000059A02EB47064FF47F5090FBF1F0B242F9
:10BD00000ED1059A404614F0BEFA0023BB423FF420
:10BD100076AD059A059932F81320CA540133F5E738
:10BD200032F8023B002BEAD0FF2B17BF9B0122F811
:10BD3000020C93FBF1F322F8023CE0E7069A1AA901
:10BD400022A815F0FCFF00287FF4B2AD22A816F05F
:10BD500087FADDF88CB0139BDDF88880DDF8509011
:10BD6000824637B1069A08931AA922A816F098F8C5
:10BD7000089BBAF1000F7FF79BADA9EB040909F10D
:10BD80000109A8EB0908ABEB030B059BDDF88C90D0
:10BD9000359604FB0B889844229B1E93249B20938A
:10BDA00002238DF8D830259B4B45FFF681ADCDF8A9
:10BDB0007C90CDF88490DFB922464146304617F09A
:10BDC000B5F94B46229ACDF800A031460CA815F0E3
:10BDD000D0F801280ABF02238DF8D8008DF8D8309A
:10BDE00004982FA9FAF790FFA04409F10109DAE7B6
:10BDF000CDF8D480F4E7CDF87C90CDF88490DFB90D
:10BE000022464146304617F091F94B46229ACDF82A
:10BE100000A031460CA815F0ACF801280ABF022397
:10BE20008DF8D8008DF8D83004982FA9FAF76CFF58
:10BE3000A04409F1FF3989E5CDF8D480F4E7BAF1DF
:10BE4000000F7FF7BDADBB46A9EB0309059BCDF8FD
:10BE5000D48004FB0939229B1E93DDF88C80249B3F
:10BE60002093259B4345FFF6ABADCDF87C80CDF804
:10BE7000848099F80010BBF1000F1DD15246304666
:10BE800017F04AFA229ACDF800A0434631460CA892
:10BE900015F06FF8012808BF02208DF8D80004982B
:10BEA0002FA9FAF731FFA14408F10108D9E70028CA
:10BEB0007FF786ADB046C6E7099BFF2B1EBF95F8FE
:10BEC000343013FB01F1090A8DF8D010E7E733464F
:10BED000AAE5CDF87C90CDF88490D7B998F80010F9
:10BEE0005A46304617F018FA229ACDF800B04B4661
:10BEF00031460CA815F03DF8012808BF02208DF846
:10BF0000D80004982FA9FAF7FFFEA04409F1FF39E1
:10BF100096E5069A1AA922A815F0C2FF099BFF2BE5
:10BF200018BF95F8342098F800301CBF13FB02F3BB
:10BF30001B0A8DF8D030E4E73346C4E5CDF87C9099
:10BF4000CDF884909FB942462946304617F0EEF866
:10BF50004B46229ACDF8008031460CA815F009F81E
:10BF600001280ABF02238DF8D8008DF8D830049834
:10BF70002FA9FAF7C9FE09F10109B1E5181902461E
:10BF8000A0EB020C654502DC01310346B0E513F875
:10BF900001CF92F800E083F800E002F801C9EFE772
:10BFA000069A1AA922A815F0CAFE00287FF4C6AD89
:10BFB00022A816F055F91E9B229DED1A631E04FB64
:10BFC0000355059B80461D44002F37D0069A1AA9B9
:10BFD00022A815F065FF2B46B8F1000F35937FF7C7
:10BFE000ADAD229B1E93249B2093DDF88CA00223F1
:10BFF0008DF8D830259B5345FFF6A0ADCDF87CA039
:10C00000CDF884A09FB942462946304617F08EF8F5
:10C010005346229ACDF8008031460CA814F0A9FFAF
:10C0200001280ABF02238DF8D8008DF8D830049873
:10C030002FA9FAF769FE0AF1010ADBE73346CBE7DD
:10C04000CDF87CA0CDF884A0DFB922462946304641
:10C0500017F06CF85346229ACDF8008031460CA8B0
:10C0600014F087FF01280ABF02238DF8D8008DF84D
:10C07000D83004982FA9FAF747FE25440AF1010A9F
:10C08000A3E53595F5E7CDF87C90CDF88490DFB940
:10C0900022462946304617F049F84B46229ACDF8F9
:10C0A000008031460CA814F064FF01280ABF022367
:10C0B0008DF8D8008DF8D83004982FA9FAF724FE0F
:10C0C000254409F1FF39C9E53595F5E72A46FF21F1
:10C0D00030461F94219417F01FF92346229A0095A9
:10C0E00031460CA814F045FF2FA98DF8D80004980C
:10C0F000FAF70AFE0134E1E508B514F039FF28200B
:10C10000F8F75AFF044B0361044B43610023436279
:10C11000C361034BC36008BD35040300FB03030088
:10C1200068E103002DE9F04F91F82030AFB0022B09
:10C1300006900C463BD913680E9353680F930EADCF
:10C14000936810932946D3688268119312A815F05A
:10C150003AFD049058B394F82F602C22C6F30303E1
:10C16000002116F00F0623A809BF94F8219094F837
:10C17000249094F8228094F823701CBF94F82580B2
:10C1800094F826700A9318F025F9E3698DF8A190C8
:10C190008DF8A28094F820908DF8A37053B94EB911
:10C1A0000698239523A98DF8A090FAF7ADFD2FB03E
:10C1B000BDE8F08FB9F1FD0F284628BF4FF0FF0909
:10C1C00016F04EF88046284616F04FF88045E26992
:10C1D0004346A8BF03465B109342A8BF134682465E
:10C1E00012A8089316F03CF8089B05904FF0000B3E
:10C1F0005B45CDE90CBB38DD07F0F2FB089A07463A
:10C200005B461AA8294601F045FB1AA80C90129B20
:10C210001693149B18930DF1580BFF235246414679
:10C2200004F124002997CDF88CB0CDF8ACB08DF88E
:10C23000A03000F027FA054600284BD0012E4CD93B
:10C240000E9A129BCDF89CB09B1A026803EB430137
:10C250000A44249294F82E1000222734914206D8E2
:10C260004FF0000A4FF000080EE05F46CFE702EB08
:10C270008200205CFF2840F058810132EEE76A68B6
:10C28000DDF810A002EB03080F238DF898304FF073
:10C29000000B089A0F9C119B934522DB14449B1AB8
:10C2A000002E40F0ED800698179423A919938DF87D
:10C2B000A0902996FAF728FD2FB1384607F086FBA3
:10C2C0001AA814F072FE002D3FF471AF284614F046
:10C2D00023F96CE780468246D9E74FF0000AD04642
:10C2E000D5E7A3EB0B030993139B5C44A34204DD46
:10C2F000159B099A9342C0F2AF80059A4946384689
:10C3000017F00AF8059B0093169A234639460CA8A5
:10C3100014F02FFE139B012808BF0220A3428DF8C2
:10C32000A8006CDC012E179419942ED0022E4AD04E
:10C330000023079306980B9323A9FAF7E5FC0B9BC0
:10C34000159A09998A42C0F28780012E1791199196
:10C3500058D0022E78D0079B002B79D0022E71D9AD
:10C36000059A4946384616F0D7FF059B0093169A62
:10C37000234639460CA814F0FCFD01280ABF02230D
:10C380008DF8A8008DF8A8305CE05DB96A4B029387
:10C390006A4B01936A4B00936A496B4BAD220320B1
:10C3A00006F0ACF80F9B2968E31A03EB43028818E8
:10C3B0008A5AADF8A12082788DF8A3206A68D35CF0
:10C3C0008DF8A030B4E7B8F1000F16D1049BCDF87A
:10C3D0001C80AFE718F80310FC299FBFFA5C12FB22
:10C3E00001F21212FA540133059A9342F2DB02234E
:10C3F0008DF8A830049B07939CE70023F4E7002303
:10C4000007939DE75DB94C4B02934C4B01934C4B0A
:10C4100000934C494C4BD722032006F06FF8099A41
:10C420000F9B2968D31A03EB430288188A5AADF888
:10C43000A12082788DF8A3206A68D35C8DF8A030A3
:10C44000079B2BB1002314E013B9B8F1000FF9D109
:10C45000069823A9FAF758FC0BF1010B19E718F815
:10C460000310FC299FBFFA5C12FB01F21212FA546E
:10C470000133059A9342F2DB02238DF8A830E7E7F7
:10C48000022E8DF8A09044D03FD906F10D0202F0A3
:10C490000F02022A44D9139A9442B8BF1446159A3F
:10C4A0009342A8BF1346984644453FF705AF012E77
:10C4B0001794199423D165B91F4B02931F4B019315
:10C4C0001F4B00931F49204B4FF49472032006F03A
:10C4D00015F80F9B2968E31A03EB430288188A5A60
:10C4E000ADF8A12082788DF8A3206A68D35CB9F1F9
:10C4F000FC0F9CBF13FB09F31B128DF8A0300698AC
:10C5000023A9FAF701FC0134CEE701228DF8A82017
:10C51000C1E79DF828208DF8A820CDF8A480BAE7BF
:10C520000AF1010A8DF8A8A0F7E7022E3FF4A7AEA2
:10C53000DDF810A096E600BF40C70300AAE10300A3
:10C5400020C703006BE10300B7E103002DE9F341CD
:10C550001E4603794B43B2EB232F0546884614460B
:10C560000BDC83780178427872703170B370C378D5
:10C57000089A137002B0BDE8F081817A01EB810363
:10C58000034413F8012C08FB02F2B4EB222F09DA62
:10C59000012917D9437A08FB03F3B4EB232F11DCED
:10C5A00001221AE013F8051C13F8042C13F8033CBD
:10C5B000B37031707270837A013B03EB83030344E1
:10C5C000DB78D5E72B4B01932B4B0093C4222B4BED
:10C5D0002B49032005F092FF002202EB8202AF18E4
:10C5E00017F8011C3B7917F8030C08FB01F108FB55
:10C5F00003F3A4EB21241B12A3EB2123C4EB04249B
:10C6000094FBF3F4AB5C17F8052C17F8041C6FEAE5
:10C6100004085FFA88F8E4B212FB08F204FB032274
:10C620007B7811FB08F104FB0311BB7810FB08F0C9
:10C6300048F2810504FB03006A4369436843C2F37F
:10C64000C752C1F3C751C0F3C75015F086FE307012
:10C65000C0F30723C0F307407370B07017F8023CB3
:10C66000FA7813FB08F304FB02336B43C3F3C7539D
:10C670007EE700BF0AE203008BCC03004DE203001B
:10C68000C7E10300F0B5C37A17461A0785B006461E
:10C6900044D003F00F03012B06D00E3303F00F0339
:10C6A000032B94BF0F4640277D1CF81C05EB450566
:10C6B00020F0030025F003050C30284407F090F922
:10C6C0000446B8B10C35054400F10C03C0E901572C
:10C6D00003600025A168A94221D9D4E9000205EB35
:10C6E00045032A44009203442A463046FFF72EFFB2
:10C6F0000135EFE70B4B02930B4B01930B4B0C49AE
:10C7000000936F220B4B032005F0F8FE0A4B0093B9
:10C7100007490A4B9822022005F0F0FE002420462B
:10C7200005B0F0BD04C7030017E2030020C70300F3
:10C73000C7E1030069E2030024E2030077E203009B
:10C740002DE9F04F89B004AC84E80F002046DDF8F5
:10C7500058809DF854A0129F149E15F081FD054647
:10C76000204615F082FD98F8482098F849B098F8CE
:10C770004A9098F84B8001906FEA0804BAF1140FC0
:10C78000E4B202D0BAF1120F49D1049B05995B00C3
:10C7900001FB06334FEAD20C4FEA9B0E4FEAD90950
:10C7A00006EBD67625EAE57ADFF820B11F4409FBCF
:10C7B00008F20CFB08FC0EFB08FE26F001034FEA12
:10C7C0004A0A4FF000090199894525DB09B0BDE807
:10C7D000F08F37F81800C0F34516C10A04FB06E6CF
:10C7E000F61004FB012106F4FC660BEAC10100F01F
:10C7F0001F0004FB00C0314301EB1021139820F807
:10C80000181008F10108A845E3DB1399514413916E
:10C810001F4409F10109D6E74FF00008F3E7AAF138
:10C820000F03022BD2D85046029215F075FD049BDF
:10C83000029A0599434301FB063125EAE57E02FB96
:10C8400008F3029300FB156609FB08F300FB0EFEDC
:10C850000BFB08FB394403934FF000087644019B1F
:10C860009845B3DA139F0B464FF0000924E093F884
:10C8700000C0029A0CFB042C4FEA2C2C87F800C055
:10C8800093F801C0039A0CFB04BC4FEA2C2C87F8E8
:10C8900001C093F802C00CFB042C4FEA2C2C87F843
:10C8A00002C0BAF1100F04BF93F803C087F803C0A9
:10C8B0000344074409F10109A945D8DB139B7344DC
:10C8C0001393314408F10108C9E700BF00F8FFFFE6
:10C8D0002DE9F04FB7B08B460D93CB6ADDF800A180
:10C8E00006901646002B54D10B6BB3F5807F50D1C8
:10C8F0004D6BB5F5807518BF0125F46ADBF864301F
:10C90000B4F8089007932C22002120A8D4F81080B6
:10C91000677816F001FD9BF84C308DF894309BF849
:10C920004D30CDF88890C3F302038DF8A830002D68
:10C9300040F09981079B002B00F3F0800E2F2AD046
:10C94000142F48D19BF84B30022B53D8504615F08A
:10C950008CFC0546504615F083FCCDF89880CDF848
:10C9600090A0CDF88480A288CDF880A009FB00F3C8
:10C97000B3FBF2F305FB038326934FEA5903299394
:10C9800002238DF89C301223CDF8A0A08DF88C30B6
:10C990001AE00125B1E7069B51469A682BA815F0CD
:10C9A00012F9A8B19BF84A30BBF848208DF89730AF
:10C9B000CDE928A90223CDF898802195ADF89520DE
:10C9C0008DF89C30CDF880A0069820A9FAF79CF944
:10C9D00037B0BDE8F08F062F01D0152F06D1CDE975
:10C9E00020A8CDF890A08DF88C70EDE79BF84B3027
:10C9F000022BF4D9419BD6F82C800FCB13AD85E8E0
:10CA00000F0098F8013007931846B8F8089015F011
:10CA100083FC0646504615F028FC0890284615F081
:10CA20001FFC0446284615F020FC0746F7F78EF851
:10CA3000F7F72CFB66430446F7F788F8F7F76CFB2B
:10CA400015F06AFC4443A400B4FBF6F4BC42A8BF52
:10CA50003C4606FB04F006F0C3FF2C2207460021EB
:10CA60002BA816F059FC9BF84C308DF8C0309BF881
:10CA70004D302D96C3F302038DF8D430079B2F95CC
:10CA8000142BCDE92B578DF8B83010D1CDF8CCA0B0
:10CA9000D8F81030089A09FB0233319302238DF83D
:10CAA000C83012238DF8B8304FEA59033493149BE1
:10CAB000169E2344013B169317AD149B9E4203DA46
:10CAC000384606F083FF83E7139ACDE91723DAE9A6
:10CAD0000012159B19935242169B1A9349422846FD
:10CAE00015F064F89DF8B830CDF810B0CDE9029398
:10CAF0000197D8F81030009395E80F00FFF720FE5B
:10CB000006982BA9FAF700F9169B013314932344D6
:10CB1000013BB342D4BF16931696CEE79BF84B3039
:10CB2000022B00F2A080D6F82C9099F80180B9F879
:10CB30000870B8F1140F14BF434612232C22294663
:10CB40002BA8079316F0E8FB9BF84C308DF8C0300B
:10CB50009BF84D302D97C3F302038DF8D430CDF8F8
:10CB6000BCA0D9F810302C93079B8DF8B830419BAE
:10CB70000FCB13AC84E80F002046169B08932B9430
:10CB8000169115F06DFB064606F02AFF13ABCDE9B2
:10CB90003336079B31900E2B044608D1BBF8482052
:10CBA0009BF84A302C95ADF8C1208DF8C33017ADF5
:10CBB0002846DBF8642000230BF1540100F06AFEE4
:10CBC00000235046CDE90F5315F04FFB07FB00F54E
:10CBD000149B089A9A4201DA204672E7B8F1140FC2
:10CBE0002CD1DAF8042013999B1ADAF800207B4341
:10CBF000891A01EB53012944D9F8103032461944FF
:10CC0000204616F093FADDE91323009621460FA87B
:10CC100014F0AFF9B8F1140F23D0B8F10E0F08BF1C
:10CC200002208DF8C8002BA90698FAF76DF8149B1E
:10CC300001331493169B01331693C9E7B8F10E0F15
:10CC400009D1DAF8042013999B1ADAF80020891A1E
:10CC500007FB0311D0E73246FF21204616F05CFBAC
:10CC6000D1E70220DDE7F76A2C223B897E78099321
:10CC700000212BA816F050FB9BF84C308DF8C030EB
:10CC80009BF84D30C3F302038DF8D430419B0FCB9A
:10CC90000FAD85E80F0050462B9515F0E1FA0A908C
:10CCA000504615F0E2FA0B90284615F0D9FA804666
:10CCB000284615F0DAFA062E9BF84B3004462DD0A4
:10CCC0000E2E37D19BF84A30BBF848208DF8C33080
:10CCD0000023ADF8C12035460793284615F01CFB0C
:10CCE00008FB00F20892F6F731FFF7F7CFF981461B
:10CCF000F6F72CFFF7F710FA15F00EFB09FB00F31F
:10CD0000089A9B00B3FBF2F3A342A8BF234602FBA1
:10CD100003F0994606F064FE044635E09BF84A307D
:10CD2000BBF848208DF8C3300023ADF8C12007932D
:10CD30001525D2E7022B94BF002301230F2E079362
:10CD400050D0112E4ED04FD9122E01D0142E4BD1CF
:10CD5000F6F7FCFEF7F79AF98146F6F7F7FEF7F7D4
:10CD6000DBF915F0D9FA09FB00F308EB48059B0045
:10CD7000B3FBF5F3A342A8BF234605FB03F0994696
:10CD800006F02EFE1425044664B94C4B02934C4B1E
:10CD900001934C4B00934C494C4B40F2E112032061
:10CDA00005F0ACFB129B0893109B2C944B44013B69
:10CDB00012930FAB8DF8B8502F933A690C92142D43
:10CDC00014D1339302238DF8C83009FB08F304EB28
:10CDD00043034FEA4802319312232D928DF8B83065
:10CDE00017AF58E0102578E7354676E70E2D08D1C5
:10CDF000CDE9333802238DF8C830002331942C93C9
:10CE0000EEE7284615F088FA08FB00F02D90E7E7DA
:10CE10000F9ACDE91323DAE90012119B15935242C0
:10CE2000129B1693494213A814F0C0FE0D9B0C9A56
:10CE30000698CDE902B3099B01930B9B0093CDE9C2
:10CE400004640A9B13A900F02BFF079BB3B10F9951
:10CE5000109A119B1791189219935242129B1A9390
:10CE60004942384614F0A2FE2D9B0094CDE9035BA5
:10CE7000CDE9014397E80F00FFF762FC06982BA964
:10CE8000F9F742FF129B089A013310934B44013B80
:10CE90009A4205DB1293109B089A9A42B8DA9BE6F5
:10CEA000089B1293142DF6D10FA815F0DEF900FBA4
:10CEB00008F004EB40003190EDE700BF04C7030029
:10CEC000C5E2030020C7030087E2030048E3030034
:10CED00091F84D3013F0100F024B01D1F8F7AABCB6
:10CEE000F8F7CABBD1C801002DE9F04FCC69B1B049
:10CEF000D4F800B003900F469146BBF1000F1ED04E
:10CF0000896E81B1002215A8F9F7D2FD012801D15F
:10CF1000209DBDB95A4B00935A4B40F265225A49A5
:10CF2000022005F0EBFA6C22394615A817F02AFA10
:10CF3000236803981C934A4615A9FFF7C9FF31B02F
:10CF4000BDE8F08F6B7803F0F703062B05D04F4B4D
:10CF5000009340F26B224B4BE1E707F154030FCBF8
:10CF600009AEB5F808A086E80F00EA88AB88013A58
:10CF7000009200221146013B05A8002514F0EFFDA8
:10CF80002B46092205A93046009514F0C8FF231D41
:10CF90000FCB86E80F00324605A90DA814F013FE4A
:10CFA0000028CCD01022294611A817F013FA2368C4
:10CFB0000A9A9B88013B13930E9B013B9B1A149387
:10CFC000206811A9F7F78EFD109B0A9A01339B1A6E
:10CFD00012932368DB88013B1493206811A9F7F7AB
:10CFE00081FD0D9B099ACDE91155013B9B1A1393C5
:10CFF000206811A9F7F776FD0F9B099A01339B1A58
:10D00000119323689B88013B1393206811A9F7F7BC
:10D0100069FD0A9B0E9A0D99D21A099B5846C91AA6
:10D02000F7F726FD069B0E9A0D99D21A059B064628
:10D03000C91A2098F7F71CFD83460DA815F015F9BD
:10D0400080460DA815F00CF9A8457FF76CAF06F1E6
:10D05000030C002109E01BF801301CF804EC13FB61
:10D060000EF31B120CF8043C013188420CF1040C45
:10D07000F1DC23681B89D3441E440135E4E700BF7B
:10D08000DDE203005EE3030087E203000BE303003D
:10D0900091F84C30022B02D9014BF8F7CFBC704706
:10D0A0001D0503002DE9F04F0B6BDDB083460C46E8
:10D0B000002B00F0B98091F83C20022A40F2B480A5
:10D0C000CD69A26AD1E90810854202D1914200F0EF
:10D0D000AB8003EBD3735B105B428542D4BF5E1918
:10D0E0001E180C968542ACBFC3EB0506C3EB0006C9
:10D0F0009142D4BF581898189142ACBFC3EB0103BA
:10D10000C3EB02030CA90D90DBF808200E9608462D
:10D110000F9314F058FD002800F08680216AA26A5F
:10D12000E069636A914240F0D0808342D4BF40936B
:10D130004090226B8342B8BF0346013A013B4293C1
:10D1400002F0010303EB6203CB1A01EB620240A978
:10D1500043920846DBF80820419314F034FDE8B10F
:10D16000A56B1DB1656B003D18BF01252C22002168
:10D170004EA816F0D1F840AB4E9394F82E30A28D05
:10D180008DF84F3194F83C30ADF84D218DF84C318D
:10D19000002D4CD14EA95846F9F7B6FD94F83D3014
:10D1A00013F0180F40D04EA811F060F994F82E300B
:10D1B0008DF85B3147F6FF73559394F83C30256B3F
:10D1C0008DF8583194F83D30A28DADF859216E108C
:10D1D0001A076FEA050505F0010510D5E269931BF2
:10D1E0004093236A3244991B521B3344419142922B
:10D1F0005B1B40AA4EA958464393FEF793FF94F851
:10D200003D30DB0610D5626A931B4093A36A32441B
:10D21000991B521B3344419142925B1B40AA4EA979
:10D2200058464393FEF77EFF5DB0BDE8F08F40A8FF
:10D2300015F016F8419BDDF80C914393D4E90D23CA
:10D24000409F1344064697FBF3F203FB127706F068
:10D25000C7FB4FF0020840ABDDF804A1549005462F
:10D2600056938DF85481D14503DA284606F0AEFB7B
:10D2700094E728463246FF2116F04EF800203B4640
:10D28000844686420CDC4EA95846F9F73DFD419B89
:10D2900001334193439B013343930AF1010AE2E7CF
:10D2A000626B9A4209DBD21A00FA82F003FA82F327
:10D2B0008DF8548101300133E3E7A16B0A449342B6
:10D2C000D4BF05F800C00023F2E7834272D1206B7F
:10D2D0009142D4BF4191419201388A42B8BF0A4677
:10D2E00000F0010505EB6005013A40A95D1B439282
:10D2F00003EB6003DBF8082040950846429314F0E6
:10D3000062FC00283FF44AAFA56B1DB1656B003D80
:10D3100018BF01252C2200214EA815F0FDFF40ABBF
:10D320004E9394F82E30A28D8DF84F3194F83C3006
:10D33000ADF84D218DF84C31002D3FF42BAF40A8B6
:10D3400014F08EFF419BDDF80C914393804606F06C
:10D3500047FB40AB569302238DF85431D4E90D239B
:10D36000419F54901344064697FBF3F503FB157554
:10D37000B94501DA304679E74246FF21304615F0DB
:10D38000CBFF636BAB42B4BF002201228DF8542166
:10D39000A26B4EA9134458469D42A8BF0025F9F739
:10D3A000B3FC419B01334193439B013301354393CC
:10D3B0000137DDE7914204F1240704F11C0580F2F6
:10D3C0000F81294608A814F055FFDDE9086A39469F
:10D3D0000AA814F04FFFDDE90A59AB1BAA1B0693FC
:10D3E000A9EB0A03079382EAE273A3EBE273A9EBCA
:10D3F0000A02039382EAE273A3EBE2730493DDE98A
:10D4000003318B42DCBF039B0499226BC3BF0B46E5
:10D410005B0103995B0193FBF1F39A4911F80380D7
:10D4200002FB08F808F13F084FEAE813B5420593FC
:10D430002B46A8BF3346A3EBE813B54210932B4607
:10D44000B8BF334603EBE813D14512934B46A8BF50
:10D450005346A3EBE813D145119310A94B46B8BF2F
:10D46000534603EBE813DBF808201393084614F047
:10D47000AAFB00283FF492AEDDE9032C4FEAE81343
:10D4800003F001014FEA2827002301EB282124A8FB
:10D490000DF1C8086245CDE916331490CDF85480DB
:10D4A000189340F3B2800AEB0102049209EB0102E7
:10D4B0000592AAEB07020392AA1B9A42A9EB07075F
:10D4C000019340F39580039A00972B46314600F074
:10D4D000F1F801230193049A059B00932B463146F2
:10D4E000404600F0E7F894F83D3098061CD403233A
:10D4F0000193AB1B534440AF0093A9EB0A03F31A0B
:10D5000031465246384600F0D5F802230193069B77
:10D510004B440093079B4EAEEB1A4A4629463046D1
:10D5200000F0C8F8CDE9167610A814F099FE074669
:10D53000F6F70CFBF6F7AAFD054610A814F01FFB42
:10D54000854203D910A814F01AFB0546284606F0B8
:10D5500047FA139B03932A46119B1393FF21064618
:10D5600015F0DAFE2C22002119A815F0D5FE10AB1B
:10D57000199394F82E308DF87B3094F83C30A28DBE
:10D580008DF87830DDF84490ADF8792010AB1F9617
:10D5900021934FF00008039B4B4544DA139B119AEB
:10D5A0009A4208D0013B139319A9022358468DF8DB
:10D5B0008030F9F7A9FB304606F008FA24A813F0EA
:10D5C000F4FC32A813F0F1FC94F83D3099063FF5D5
:10D5D000E5AD40A813F0E9FC4EA813F0E6FCDDE54C
:10D5E000394608A814F046FEDDE9086A2946EFE648
:10D5F000059B049A009331462B4600F05BF801230B
:10D60000CDE90073039A2B4669E7CDE900935246B2
:10D610006B18314400F04EF80123CDE900935246D7
:10D62000EB1BF11B5CE706EB080A5146109A0097CA
:10D630004B4614A813F09DFC01468DF8800018B9E4
:10D640003A46504615F068FEB84407EB08039D4281
:10D6500005D9139B0133139309F101099BE70223B9
:10D6600019A958468DF88030F9F74EFB139B2A46CE
:10D670000133FF213046119313934FF0000815F04A
:10D680004BFEE9E769E3030038B5094C0025D4F8FF
:10D690003C0108B106F09AF904F59E701C2107358B
:10D6A00012F0C0FF1C2D04F11C04F0D138BD00BFE6
:10D6B000BC6C00202DE9F843089E9DF82490154687
:10D6C0000F4638210446984612F0ACFFB54204D10B
:10D6D000B9F1030F09D1013D013EB54205DD2B46ED
:10D6E00035461E463B464746984639462A4604F18B
:10D6F000080014F0C4FD3246414604F1100014F055
:10D70000BEFD237E69F3020323762A46394604F1DF
:10D710001C00A8EB0707761B14F0B1FD87EAE7723F
:10D7200086EAE673A2EBE772A3EBE6739A4294F8FB
:10D73000343030482060D4BF0022012262F300035D
:10D7400084F834300022DB07C4E90922227121D594
:10D7500037B14FF4801393FBF7F373439B12A3622B
:10D7600036B14FF4801393FBF6F37B439B12636255
:10D77000A26A217EE26211F007014FEAA2031BD1E7
:10D7800094F834106FF3410184F83410002AB8BFC4
:10D790005B4222E036B14FF4801393FBF6F37B43F8
:10D7A0009B12636237B14FF4801393FBF7F373431B
:10D7B0009B12A362626ADCE7012904D194F8341059
:10D7C00041F00201E0E702290AD1002AD8DD94F8ED
:10D7D000342042F0020284F834202363BDE8F88349
:10D7E0000329D3D1002AE9DD94F834206FF34102F4
:10D7F000F1E700BF490603002DE9F347DDF828A053
:10D8000040F26714A3421E46A8BF26465445A8BF4F
:10D81000544626EAE67624EAE474B4420546BABFE2
:10D8200004F5B470801BA01B80B21F46A5F88800C9
:10D83000C5E9046405F108009146884614F01FFD0F
:10D84000B32F134B2B60D8BF00224FF00103C8BF8A
:10D850000122BAF1B30F2B7118DDA4F1B403B32B7D
:10D8600094BF00270127009233B24A46414605F192
:10D87000180013F0B0FB23B24A46414605F15000B0
:10D880000A9702B0BDE8F04713F0A5BB1F46EAE7D0
:10D89000310A03002DE9F04F064691B008460C46C8
:10D8A00090461D4614F0DCFC0746204614F0DDFCD3
:10D8B0002368B3606368F3608742A8BF0746A36824
:10D8C00033617F104745E368A8BF474627EAE778FA
:10D8D000C6E90538337F65F300033377B54B336012
:10D8E000002F4FF0020333714FF0000503DC356267
:10D8F00011B0BDE8F08FB04B1946D3F85421424522
:10D900001ED11C2303FB05120F2FD2F8500100F18A
:10D910000100C2F85001D2F84C21CCBF4FEA2810C8
:10D92000012002446B43CC18B2F57A7F03F59E7355
:10D93000A8BF4FF47A720B44C4F84C213362D7E786
:10D940000135042D03F11C03D7D19C4B00245A69E7
:10D9500032B9002C53D0196922699142B8BF1C46D4
:10D96000013D03F11C03F2D1002C4AD11C2006F02A
:10D9700095F8044660B9924B0293924B0193924BF7
:10D9800000939249924B40F25512032004F0B6FDE9
:10D990004FF0FF33236134622068C4F8188008B167
:10D9A00006F014F8062008FB000006F019F808F14C
:10D9B0000109206060B9824B0293864B0193824B30
:10D9C00000938249844B4FF48762032004F096FD54
:10D9D0002368636003EB480202324FEA8806E26084
:10D9E000321D1A44012FA2601AD1B4221A70E268C3
:10D9F00000231380E2685780A268138078E71C46F2
:10DA0000AEE763690F2F03F101036361CCBF4FEAF7
:10DA100028130123B3F57A7FA8BF4FF47A73B9E7CF
:10DA20004FEA091006F03AF8C6F101030593B31066
:10DA30000893002300EBC9020C939B460DF1200EC6
:10DA40000DF1300C0021059F002F34DC07EB4B0754
:10DA5000033705970BF1010BB34536DCB7100131E5
:10DA60004EF8047B042906F003074CF8047BEAD146
:10DA70009DF83C10089F06910B998F424FEA830E48
:10DA800003F1010C6DD140F823700C99069F42F808
:10DA900023500F4439460D9F39440E9F394467681F
:10DAA000F9546768F95C0901F9546346B34505F117
:10DAB0000105C3DD0BE0DDF81490ABEB060709EBC5
:10DAC000470705370597013EC4E70429D0D003F185
:10DAD0008047013F40F2D32150F8276001FB08F84E
:10DAE000B6EBA82F4FEAA8254FEA870103D152F8D9
:10DAF0002760B5421DD0C8F309080431B8F5007F8E
:10DB00004550C8BFC8F580685550C8BF08FB08F825
:10DB10006168D5BF08FB08F84FEAE8384FEAD83803
:10DB2000C8F10F0801F803806568E95C0901E95450
:10DB30000133991E1D46002980F28580002B03F1D8
:10DB4000FF31D8BF002103EB010CE16800230B80FB
:10DB500019466145C0F2858011B0BDE8F04F05F06F
:10DB600035BF791E079109998F420EF1040A35D00D
:10DB700040F80E7042F80E5061680C9FCF546768F1
:10DB8000F95C0901F954079940F80A10069F0D99AC
:10DB900042F80A500F4439460E9F043139446768F1
:10DBA00007F80C10676817F80C10090107F80C103B
:10DBB00002337BE73B0D0300BC6C0020F86D0020B6
:10DBC00004C70300C9E3030020C703008AE303007E
:10DBD000F4E30300D7E30300E6E303000A9940F807
:10DBE0000E708F4242F80E500C9915D0DDF834E0DB
:10DBF00067687144F9546768DDF818E0F95C090159
:10DC0000F954079940F80A100E9942F80A508E44C8
:10DC1000714667680831C3E70D9F01EB07090E994C
:10DC20008944616801F803906768F95C0901F95457
:10DC3000079940F80A1042F80A50069F61680C37AD
:10DC400001F80C70AEE752F8216040F8256050F8FA
:10DC5000216042F825606668775C775501390135A7
:10DC600069E7E56825F81310A56850F8216025F8E4
:10DC700013604FEA430E52F82150AB4201D1614587
:10DC800001D1013365E7A66850F8217036F80E50CF
:10DC9000BD42A8BF3D4626F80E500131EBE700BF5C
:10DCA0002DE9F04FB5B01C463E9B0B933F9B409D2A
:10DCB0000F939DF808311593439B12910E92D5E96D
:10DCC00010012A6B0C93EB6A2D926A6B2E925F42C5
:10DCD00034AA6FF0090802E903004FF00A092F97F0
:10DCE00097FBF9F708FB07F838B2A8EB030804F034
:10DCF00071FC7E1C834630B204F06CFC064607F1D2
:10DD00005A0000B204F066FC824607F15B0000B2E4
:10DD100004F060FCA9EB080208FB00F30AFB0233E5
:10DD200093FBF9F35B112C93329B12981B023093F7
:10DD3000339B08FB06F60BFB02661B0296FBF9F60B
:10DD4000761131932B9614F08BFA8346129814F0C7
:10DD50008CFA159B19900F2B07D1102014F0DCFAC8
:10DD60000BFB00F3169300230FE0159B142B04D03C
:10DD7000062B72D14FEA4B03F4E74FEA4B0316939D
:10DD80000C9B199A169901FB0233139395F84D30A9
:10DD900003F00802C3F3C0031A93EB6A1C921793B3
:10DDA000002B65D1296C2A6B686B631E5B1A534389
:10DDB00001EB23210B9B6A6C013B9B1A434302EB53
:10DDC0002322129B9B688B42A8BF0B461D46129BC9
:10DDD000DB689342A8BF13461E46129BD3E9000797
:10DDE000BA42A8BF3A4624AB8142A8BF014600937D
:10DDF00027A823AB13F0C9F926AB29460093324676
:10DE000025AB13F0C2F923A80FC8BBF1010FC5BFA2
:10DE1000121A1202179A0BF1FF35C8BF92FBF5F2E6
:10DE20000D92199A012AC5BF5B1A1B02002302F149
:10DE3000FF32C8BF93FBF2F31D9300F180031093F0
:10DE400001F18003209300231E931893DDE918321B
:10DE5000934213DB35B0BDE8F08F159814F05CFAEF
:10DE60000BFB00F31693159B122B7FF47CAF87E717
:10DE700000230D931D9320931093E4E7179BE3B9C0
:10DE8000209B1E9A03EB22231493179B1193159B3F
:10DE9000063B0E2B00F2CB82DFE813F08500C902AF
:10DEA000C902C902C902C902C902C9026900CB007C
:10DEB0004100A6001502C9022D02129B12995D684D
:10DEC000189B1D4424AB00932A46096823AB27A85E
:10DED00013F05BF9129926AB00932A46896825ABAB
:10DEE00013F053F9BBF1010F259D2399269B249A2A
:10DEF00012DD6D1A0BF1FF302D029B1A95FBF0F528
:10DF00000D951B0293FBF0F3119301F18003109325
:10DF100002F180031493BAE700230D93F4E74FF066
:10DF200000080C9DCDF87C80CDF86C801B9B9B4538
:10DF30006FDD109B03EB282211120BD48C4209DDFC
:10DF40001F98149B03EB2023181203D40B9E8642C8
:10DF500000F3F58000232B601B9B119A01331B9368
:10DF60001F9B13441F930D9B04359844DEE74FF02D
:10DF7000000C0C99E0460C9BCB1A9B4549DD109B8D
:10DF800003EB2C252F120AD4BC4208DD149B03EBB3
:10DF900028205FEA202E02D40B9B73454BDC4FF008
:10DFA00000030B7098E00027DDF830C01F973E4655
:10DFB000B3452EDD109B03EB272005120CD4AC4299
:10DFC0000ADD149B1F9A03EB22215FEA212E03D462
:10DFD0000B9B734500F393810C9A4FF0000302F8FA
:10DFE00016308CF80130E4E1042307931A9B069362
:10DFF0000C9B0B9A0E98CDE904B3119B03930D9BD8
:10E000000293149B0193109B009321460F9B13F0E6
:10E010000DF90C9B169A13440C93139B0BB15B44A4
:10E020001393189B01331893DDE91D2313441E93AA
:10E030000CE70323D9E7EAB22D0654BFC2F17F02F1
:10E04000803AC3B259BF52004FF0FF36520001264A
:10E05000000655BFC3F17F03803B5B005B0054BFEC
:10E060001B931B930F9B0EFB03700E9B03EB00098E
:10E07000185C1C9B087054BF4FF0FF350125002B26
:10E080003ED007EB060ABAF1FF3F30D0544537DDEA
:10E090000EEB050ABAF1FF3F24D00B9B53452FDD51
:10E0A0000F9B19F806605D43B04219F8055007D080
:10E0B0001B9BC3F580775E4300FB0766C6F307260C
:10E0C000A8421FBF5543C2F5807300FB0355C5F33B
:10E0D00007252E4476100E70119B98440D9B01313C
:10E0E0009C4448E74FB9012C17D1012E15D1C2F13C
:10E0F000FF02424312120A70EEE7651EAF42F3E7D9
:10E100008FB90136F3D0012CF1D0BEF1000F10D140
:10E11000013502D00B9B012BDED11B9BC3F1FF030A
:10E1200043431B123DE704F1FF394F45EDD1012E6A
:10E13000EAE70B9B5A1E9645CED1012DECE7DDF8A0
:10E140003CC0DDF838E08F0000FB0C77DDF838C00C
:10E15000BC445EF807702F605FFA82F91C9F1206BC
:10E16000DEB259BFC9F17F094FF0FF32A9F1800932
:10E1700001221B0659BFC6F17F064FF0FF33803ED8
:10E180000123002F00F083808F18B7F1FF3F74D078
:10E19000BC427CDDC718B7F1FF3F69D0DDF82CE049
:10E1A000BE4574DD5CF8220025900CEB82010F9ACD
:10E1B000CF7853430CEB03025CF8030092F803A002
:10E1C0002690BAF1000F0ED1EB78C6F1FF0673432B
:10E1D0001B12EB7057BBEB78C9F1FF0909FB03F386
:10E1E0001B12EB70B8E62699286814F0B0F80028E6
:10E1F000F0D1EA784AB1C6F1FF0306FB0AFA02FB46
:10E2000003AA4FEA2A2A85F803A08DF89B602968A3
:10E21000269814F091F9C0F3072328706B70C0F3AF
:10E220000743C0F30760AB70E870D3E7259928680F
:10E2300014F08DF800287FF48FAEEA783AB1C9F176
:10E24000FF0309FB07F702FB03773F12EF708DF81E
:10E2500097902968259814F06FF9C0F30723287068
:10E260006B70C0F30743C0F30760AB70E87073E6F0
:10E2700051B9012C17D1012A15D1EB78C9F17F09C9
:10E2800009FB03F3DB11ACE7631E9942F2E779B9AE
:10E290000132F2D0012CF0D078B9013303D00B9BBE
:10E2A000012B7FF459AEEB78C6F17F067343E9E7A3
:10E2B000671EB942F0D1012AEDE70B9A013A90426C
:10E2C0007FF44AAEECE71A9B089300230793139B55
:10E2D00006930C9B0B9A0E98CDE904B3119B039304
:10E2E0000D9B0293149B0193109B009321460F9B5F
:10E2F00013F090F88DE61A9B08930123E6E7C2B26B
:10E30000000654BFC2F17F02803ACBB259BF52001F
:10E310004FF0FF3052000120090655BFC3F17F03C3
:10E32000803B5B005B0054BF1B931B930F9B0EFB5A
:10E3300003590E9B4B4421930E9B13F809800C9BB1
:10E3400003F816804FF0FF338CF801301C9B54BF4C
:10E350004FF0FF310121002B45D02B18B3F1FF3FC7
:10E3600036D09C423FDD0EEB01039A4601332AD0A2
:10E370000B9B534537DD219B185C0F9B5943219B19
:10E380008045595C07D01B9BC3F58075584308FB3B
:10E390000500C0F3072088451FBF5143C2F58073B5
:10E3A00008FB0311C1F307210C9B0844401003F83C
:10E3B0001600119B1F9A1A440D9B1F9201360CF1F7
:10E3C000020C1F44F4E55DB9012C19D1012817D1C5
:10E3D0000E9B13F80930C2F1FF0253431B1200E6F3
:10E3E000611EA942F1E7B5B90130F1D0012CEFD09F
:10E3F000BEF1000F15D1013102D00B9B012BD8D1FA
:10E400000E9B13F809201B9BC3F1FF035A43121202
:10E410008CF80120CDE704F1FF384545E8D101280B
:10E42000E5E70B9B5A1E9645C3D10129E7E7159BEB
:10E430003F93064B3E930649064B40F211120220D1
:10E4400035B0BDE8F04F04F059B800BF54E4030004
:10E4500010E40300E7E403002DE9F04FCA6B4E6BB4
:10E46000CC6AD5B0B2421346A8BF33460490A3424B
:10E47000D4BF09930994886B0B6C83421F460D46E9
:10E48000A8BF0746096B8F42D4BF0A970A91B242D0
:10E49000B8BF3246A242ACBF0B920B948342B8BFC6
:10E4A00003468B42ACBF0C930C91049B0DF13408D6
:10E4B0009A6809A9404613F086FB002800F0CA803C
:10E4C000E86A696B884205F12C0305F1340B05F10C
:10E4D0003C0A06AC19AE1BAF0DF1740940F0BD80CB
:10E4E0001946204613F0C6FE94E8030086E80300B0
:10E4F0005946204613F0BEFE94E8030087E8030067
:10E500005146204613F0B6FE94E8030089E8030064
:10E510001A9A1C9B9A4203DD3946304613F0B2FE2C
:10E5200019AE96E8C00C1E9CAAEB0603E41B5C43E4
:10E530001D9BABEB07029B1B02FB13440021102227
:10E5400011A815F047FF0DF1A809E30FCDE900B3BD
:10E550003A46534631464846E443FFF7ABF8E40FEA
:10E560001E9B019438AEDDE91912304600931D9BC5
:10E57000FFF7A0F81C9A1E9B1B999A4206BF022324
:10E58000CDE90023CDE9003446A81D9BFFF792F8A2
:10E5900046AB4046CDE91196139313F061FE8346D6
:10E5A00005F01EFA074698E80F0015AE86E80F0042
:10E5B000B5F81D30ADF89130EB7F8DF893304FF00A
:10E5C00000092B7F189109A88DF8903095F82BA0A1
:10E5D00025971F9627968DF8A490CDF8809013F07C
:10E5E0003FFE044609A813F040FE2146024605F10D
:10E5F0002000FEF747F80AF00F0A0446002800F052
:10E600008980BAF1020F40F08780099AD8F800306B
:10E6100023969B1A026803EB43010A442092466842
:10E620001E440F238DF88830D8F80490D8F80C30A9
:10E630004B4573DA384605F0C9F946A812F0B5FC27
:10E640002AA812F0B2FC38A812F0AFFC14B1204690
:10E6500011F062FF55B0BDE8F08FEA6B904211D126
:10E660001946204613F006FE94E8030086E80300EE
:10E670005146204613F0FEFD94E8030087E80300AE
:10E6800059463EE7914213D159462046059313F06F
:10E69000F1FD94E8030086E803005146204613F09C
:10E6A000E9FD94E80300059B87E80300194628E785
:10E6B0001946204613F0DEFD94E8030086E80300C7
:10E6C0005946204613F0D6FD94E8030087E803007E
:10E6D0005146204613F0CEFD94E803001A9A1C9B85
:10E6E0009A4289E8030003DD3946304613F0CAFD3B
:10E6F0001A9A1E9B9A4203DD4946304613F0C2FD2A
:10E700001C9A1E9B9A42BFF603AF4946384613F047
:10E71000B9FDFDE6064687E74E4685E75A46FF21E6
:10E720003846CDF85890CDF8609014F0F5FDCDF84E
:10E7300000B0D8F800204B46394611A812F019FC59
:10E74000BAF1010F8DF898002AD15CB9244B0293DD
:10E75000244B0193244B00932449254B9B220320F7
:10E7600003F0CCFE0A9B2168A9EB030303EB4302F1
:10E7700088188A5AADF8912082788DF893206268C3
:10E78000D35C2A7F8DF89030FC2A04D813FB02F367
:10E790001B128DF8903004981FA9F8F7B5FA1CE009
:10E7A000BAF1020FF7D1002EF5D002280DD125972E
:10E7B00000235B45EFDAF15CFC299FBFFA5C12FB9A
:10E7C00001F21212FA540133F3E7012803D125961E
:10E7D0008DF898A0DFE70028DDD109F1010925E7D0
:10E7E00040C70300AAE1030020C70300FCE40300C4
:10E7F0003FE503007FB5066804460D465EB9094B48
:10E800000293094B0193094B00930949094B3022AC
:10E81000032003F073FE73682946204604B0BDE868
:10E820007040184740C7030087E5030020C7030076
:10E8300053E50300E1E503002DE9F0460D4685B000
:10E8400091469A46064658B92E4B02932E4B019399
:10E850002E4B00932E492F4B4122032003F04EFEF6
:10E860005DB9284B02932C4B0193284B0093284908
:10E87000284B4222032003F041FEEB7B002464F38B
:10E8800041032C60EB7337468FB92CB3237D266888
:10E8900013F0040F0CBF534600234A462946204676
:10E8A000B04727462F60012005B0BDE8F0863B7DCC
:10E8B000D7F800C013F0040F0CBF534600234A469C
:10E8C00029463846E04728B1EB7BDB07EAD5002C28
:10E8D00008BF3C46FF69D7E7F3682C6003EBD373AE
:10E8E000C3F34F03EB800233AB80F3682B81EB68FB
:10E8F0006C8103F07E4343F0807343F48033EB601C
:10E900002046D1E740C7030087E5030020C7030086
:10E9100053E50300CBE5030096E5030070B50C4614
:10E920008AB01646054658B91E4B02931E4B0193FA
:10E930001E4B00931E491F4B7A22032003F0DEFD7D
:10E940001F2C2DD940F21C639C4229D0A4F58A5378
:10E950001F3B012B24D9A4F5C0530B3B032B1FD91C
:10E96000A4F50051A1F10B03042B19D9283907296B
:10E9700016D9A4F501531F3B102B11D94FF6FF6395
:10E980009C420DD04FF6FF039C4209D033462246ED
:10E9900004A92846FFF750FFBDF814000AB070BD67
:10E9A0000020FBE740C70300A6E5030020C70300E3
:10E9B00053E50300B3E50300F0B50546408A85B092
:10E9C000C0F308000022142793B2984201D8002017
:10E9D00010E0AB6807FB02F69C199B59B4F804C021
:10E9E000CB1A634502F10102EED2A27C022A03D1C6
:10E9F000E088184405B0F0BD1AB9E268D05CE3883D
:10EA0000F7E7032A14D1ADF80E30154B228A009394
:10EA1000A16802230DF10E0014F09CFA0028E9D041
:10EA2000AB6833449A68DB88801A03EB6000E1E747
:10EA3000012ACCD1ADF80E30094B228A0093A1688F
:10EA400002230DF10E0014F085FA0028D2D0AB6835
:10EA500033449A68801ADA68DB88105AC9E700BF25
:10EA6000651603002DE9F7430368D3F8189003698E
:10EA70000F46002B00F0F280C17BD9F804208907F3
:10EA800002EBC3060AD552F83330D9F80070C3F34D
:10EA900013031F44384603B0BDE8F0833079717921
:10EAA000414300F0DB8099F813103D693F2901F0E4
:10EAB000C00803D9B8F1C00F40F0C88052F8333015
:10EAC000D9F80040C3F313030E211C44F5F738FEB8
:10EAD00099F8133003F01E03022B40D100210A469F
:10EAE00016E012F00702237818D143F3C013DBB20B
:10EAF00005F80C3001320CF1010C33796345F0DC80
:10EB0000B8F1C00F02D10AB101340022054401312D
:10EB100073798B42BEDD4FF0000CEEE702F1FF3E51
:10EB2000BEF1050F16D8DFE80EF00306090C0F1230
:10EB300043F38013DBE743F34013D8E743F30013B9
:10EB4000D5E743F3C003D2E743F38003CFE743F3B2
:10EB50004003CCE743F30003DBB20134C8E7042BE6
:10EB600032D10021DFF8F8C00A4616E012F00302A5
:10EB7000237819D19B091CF8033005F80E300132B7
:10EB80000EF1010E33797345F0DCB8F1C00F02D1FC
:10EB90000AB1013400220544013173798B427FF7B9
:10EBA00079AF4FF0000EEDE7012A02D1C3F3011354
:10EBB000E1E7022A02D1C3F38103DCE703F0030398
:10EBC00001341CF80330D8E7082B28D10021DFF8E6
:10EBD00094E00B461CE0227813F001030BBF1209EE
:10EBE00002F00F021EF802201EF8022005F80C2089
:10EBF00018BF01340CF1010C013332796245EADCB3
:10EC0000B8F1C00F02D10BB101340023054401312A
:10EC100072798A427FF73EAF4FF0000CEDE7102B80
:10EC20007FF438AF00210AE012F8014BEC540133B5
:10EC300096F804C09C451446F6DC0544013173790E
:10EC40008B427FF727AF22460023F1E7064B009364
:10EC50000649074BC122022003F050FC002719E7A8
:10EC6000A1E60300A5E6030036E60300FAE503008B
:10EC700086E603002DE9F043092A876985B08046BE
:10EC80000C461646994605D0002A41D1002005B011
:10EC9000BDE8F08320213846FFF78EFE05460028A8
:10ECA000F4D0FB68002B35D100207A683B8A02EB58
:10ECB000C502092E518800FB03F3C1F30B10014676
:10ECC0004FEA231304BF01B2490008330B441B0968
:10ECD000A380537923811179E18092F90630638111
:10ECE00092F90730A381FB7CC3F34302A27313465E
:10ECF000FA7C256102F0C002C02A04BF1033A3735E
:10ED0000E37B092E6FF30003E37360D00120BEE7BD
:10ED10001146C0E7B9F1000FC6D0D8F8180049462F
:10ED2000FFF74AFE0028BFD0D8F81820D2F80C8090
:10ED3000D27C930634D498F80B203F2A17D8D8F801
:10ED40000090244BCDE90250D8F80820009322F01F
:10ED500040420223494602A814F0FCF80028A4D03F
:10ED6000A0EB09004010D8F8043018569DE702F0D7
:10ED7000C002402A98D1D8F80090174BCDE9025034
:10ED8000D8F80820009322F040420423494602A804
:10ED900014F0E0F8002888D0A0EB09008010E2E72A
:10EDA000D8F80420D8F80810525D095C002A3FF416
:10EDB0007BAF00293FF478AFD8F8003098F80D0009
:10EDC000013A0B4400FB023313F9010C6DE74900D3
:10EDD000E1809BE7411603005316030001460348F8
:10EDE00009B913F093BD13F097BD00BF006D00206B
:10EDF000014B186D704700BFBC6C00202DE9F04F2F
:10EE00008BB00F4690460021012205938246159C47
:10EE1000F3F7C2FD02220990054600215046F3F7A0
:10EE2000BBFDFB7809909E0753D513F0010F6FF0DF
:10EE3000404348D09D4248D0884B0693884B04936A
:10EE40000026C4E90166C4E9036666612660CDF860
:10EE5000208041465046F4F78FF9DDF820900546B2
:10EE6000002844D0C8453BD17E492846F1F7ECFD47
:10EE70008346002840F0D080014681222846F3F7DF
:10EE80008BFD07909DF81C300990002B00F0D1807D
:10EE9000FB7813F001030DBF1946042259460622E0
:10EEA0002846F3F779FDFB780990C84503F0020383
:10EEB00041D0149A1044002B3ED10644A368149A02
:10EEC0001344A36041E0984206D1FB786FF34103FD
:10EED000FB70FB78D907AFD4614B06935F4BAEE76D
:10EEE0004FF400112846F1F78BFD0028BCD0636970
:10EEF0000BB9A3680593059B6360089BC5B1984552
:10EF000016D1DAF80830F9781B6853F8285008AAA7
:10EF1000C1F38001504612F001FC4DB1049B28461C
:10EF20009847069B20602846984701236060E3606D
:10EF3000DDF820902FE02BB1A368059A33440344F9
:10EF40009342D4DCC8450644B8D16169237E0131BF
:10EF5000DA07616152D518222069514304F078FD27
:10EF6000834658B16169182202FB010141F8185C1F
:10EF7000F97811F0010112D1062212E03A4B029306
:10EF80003A4B01933A4B00933A493B4B40F21912EA
:10EF9000032003F0B3FA48460BB0BDE8F08F04221B
:10EFA00000212846F3F7F8FC62690990182101FB5B
:10EFB00002B242F8140CF97811F001011ABF0522CF
:10EFC000002107222846F3F7E7FC6269099018211F
:10EFD00001FB02B242F8100C626901FB02B09DF81D
:10EFE0001C2040F8082C626901FB02B212F8041CD4
:10EFF0006FF3000102F8041CC4F810B0049B28460B
:10F0000098472368984203DD049B284698470346A7
:10F010002360E3680133E360FB7813F0040F0CBF57
:10F0200001214FF0FF31494400290891BFF612AF8A
:10F030005DE7069B28469847C84518BF149BA26801
:10F0400018BFC018FB789B0705D50599B318034472
:10F050008B423FF74CAF1044A060CFE79D170300F1
:10F060007D1703000100060004C703005A160400C0
:10F0700020C703001E160400A11604002DE9F04F5E
:10F08000A9B0AD4BAD490190044600938022AC4B32
:10F09000012003F033FA7D2200212046F3F77CFCA7
:10F0A000C343C0F3800203F0010343EA42039DF827
:10F0B0005B202190C0F3C00043EA800322F00702E6
:10F0C000134300217E2220468DF85B30F3F764FC69
:10F0D0007F2221908DF8580000212046F3F75CFC38
:10F0E000802221908DF8590000212046F3F754FC2E
:10F0F00027222190C5B2002120468DF85A50F3F7FF
:10F100004BFC9DF85B602190C3B216F0010804939C
:10F1100040F09A80152241462046F3F73DFC142228
:10F120002190069041462046F3F736FC2190059049
:10F130002046F2F7E9F80790102200212046D4F883
:10F140001890F3F729FC3022074621900021204631
:10F15000F3F722FC34228246002121902046F3F767
:10F160001BFC83072190204648BF57440DF02EFE1C
:10F17000B944A9EB00001790122200212046D4F8D0
:10F180001490F3F709FC3022074621900021204615
:10F19000F3F702FC34228246219000212046F3F747
:10F1A000FBFB21904007204648BF57440DF009FE65
:10F1B000B944A9EB00001890B8F1000F56D10DF139
:10F1C000600A012200212046F3F7E6FB02220B90A1
:10F1D000219000212046F3F7DFFB6FF040430C90B5
:10F1E0002190B8F1000F44D0984240F0878094F805
:10F1F0002B30590700F182800023199300279DF8D6
:10F200005B6016F0040502D0A3681D8E013D049BCF
:10F21000012B01D1F3073BD5A3681B8E9D42C0F0A3
:10F2200091800B9A6FF040439A4202D00C9A9A4216
:10F2300002D12046F2F784FA00223321204629B079
:10F24000BDE8F04FF1F744BE142200212046F3F749
:10F25000A3FB15222190069000212046F3F79CFB8A
:10F26000219005902046F2F725F864E70DF15C0A3D
:10F27000A7E70B9A9A4211D0049B012B3ED1ADB166
:10F280000027012D199714D116F00405BCD12F4683
:10F29000DAF800303B44CAF80030BDE794F82B3070
:10F2A00013F0080F049BE8D1012BA5D1002319937B
:10F2B000012516F004021CBFA3681A8E4FF0000649
:10F2C00018BF02F1FF3237460DF18408A3681B8E88
:10F2D000934218D80EB1069BFF1A9DF85B30DA07EF
:10F2E000204626D5F2F710F819ABCDE900A3014668
:10F2F00033463A46284612F0D7F980E7002319939F
:10F30000002DD6D17AE79DF89C30CDF804806FF3BC
:10F3100000038DF89C30059B009316A9079B20469F
:10F32000FFF76CFD219B06990B4402461F440136F2
:10F33000CCE7F1F7BFFFD7E76A1604001E160400FA
:10F34000B01604009DF89C3043F001038DF89C300A
:10F3500021AB0193059B00932A46079B16A92046E3
:10F36000FFF74CFD049B9DF85B200D90012B07D10E
:10F37000D0075FBFDAF8003021995B1ACAF8003075
:10F38000189B1293179B139302F0010303930399A5
:10F390006A4B6B4A6B486C4F1A9500290CBF194693
:10F3A00011461591694906BF0E4601460646109161
:10F3B000674868490A960CBF0E4606460E9608BF77
:10F3C0000146654E089104BF3E46134614960F93BE
:10F3D000269B0993229B1193099B259E002B4CD0C1
:10F3E000119B239FDF1B099B182202FB03624FF036
:10F3F00000083346197DC90754BF1969D96803F15C
:10F40000180354BF88447F1A9A42F3D14FF0000981
:10F41000CB46327DD30726D4B8F1000F0AD14F4B2B
:10F4200001934F4B00934F494F4B40F26D12032015
:10F4300003F064F897FBF8F13369B26870685943D8
:10F440008A42A8BF0A468242B8BF0246914218BF0C
:10F45000317DF2601EBF41F0010131754FF00109AD
:10F46000A8EB0308BF1A099B0BF1010B5B4506F1E2
:10F470001806CED1B9F1000FAAD1272200212046CB
:10F48000F3F78AFAC3B209930023CDE91B331CAB0F
:10F4900001931BAB1D900093119A249B07999DF833
:10F4A000580012F001F9039BFBB929462046F3F7F7
:10F4B00063FE259E054618B11A9B0D9A9A421ED1ED
:10F4C000304604F083FA049A199B012ADAF80020E6
:10F4D00040F080810399002940F07C8106990B441B
:10F4E000D31A0D9DCAF8003096E6099B012BDCD19A
:10F4F0002046F1F7DFFE1B9B03441B93D5E71B4916
:10F500002846F1F7A1FA9DF85B100746C1F3800188
:10F5100020B11AAA204612F001F9CAE70146812259
:10F520002846F3F739FA1D90C0B2002800F0078191
:10F53000269A97421CD1002721E000BF53170300F1
:10F540006F17030061170300751B030045170300C5
:10F550006B220300612203006B1B03007E16040074
:10F560008BCC03001E160400921604000100060056
:10F57000334653F8181B8D4240F0DB80F76895F84E
:10F580002B30039A23F00C03002A00F0D58043F0BF
:10F59000080305F1140685F82B303046089B984780
:10F5A000B8421DD02846F1F777FF6B691D93AB6910
:10F5B0001E93EB691F932B6A20933946149B3046A8
:10F5C00098471DAA31212846F1F782FC28460EF003
:10F5D00003FC2A462A21F1F77BFC2846F1F75CFF61
:10F5E0009DF85930012B00F0B180022B40F0BA8019
:10F5F00021980E9B013020F0010605F11400984778
:10F60000301A109B00EBD0760021284698470F9BBC
:10F610000746002128469847381A761000EBD0702C
:10F6200006EB6006039B4BB1099B012B06D1089B9F
:10F6300005F1140098471B9B1B1A1B936A2200219B
:10F640002846F3F7A9F96B22002180461D908146D8
:10F650002846F3F7A1F91D90074683462846F1F79F
:10F66000E5FD11902846F1F703FE08F0C043B3F121
:10F67000005F119A14D128F0C0486FF0604398459C
:10F680000ED0B8F1805FA2BFC8F17F6808F57F286F
:10F6900008F6FF7808FB02F34FF0640993FBF9F9D1
:10F6A00007F0C043B3F1005F13D127F0C0476FF0FC
:10F6B00060439F420DD0B7F1805FA2BFC7F17F6763
:10F6C00007F57F2707F6FF7778434FF0640B90FB31
:10F6D000FBFB6B69129AAF69D31A9944139BDF1B2A
:10F6E000039B5F44002B43D00A9B00212846984788
:10F6F0001B9B1844374410EB090660D02846F1F7ED
:10F70000CBFE6B6933446B61EB693344EB61AB69EE
:10F710003B44AB612B6A3B442B622846F1F7BCFEAD
:10F7200000233A46314628460DF087F8039B5BB329
:10F7300047E001371E46FCE643F0040329E795F84D
:10F740002B3023F00C0385F82B3049E70E9B219ECC
:10F7500005F1140098470F9B361A00212846984758
:10F76000361A5FE7109B002128469847064659E75E
:10F770000A9B0399284698471B9B4E44184407440C
:10F78000002EBBD1002FB9D1089B05F1140098477A
:10F79000059B1E181C9B00211E4428460A9B984767
:10F7A000159B06440021284698471B9B304418446B
:10F7B0009DF85B101B901AAAC1F38001AAE6002FE6
:10F7C0009CD1099A012ADDE91B03DDD1059A134476
:10F7D000C01AEDE721990B4406990B44134480E6C7
:10F7E000034B0449DA6D9160DB6D0022DA607047EB
:10F7F000BC6C00207DF001002DE9F04F9BB09D4BCB
:10F800009D49019004460093BD229C4B012002F0CB
:10F8100075FE00212046F3F7AFFC0146002877D1A2
:10F82000202212A813F078FD102200210AA813F05C
:10F8300073FD122200212046F3F7AEF8302206466F
:10F840000E9000212046F3F7A7F8342205460E90CB
:10F8500000212046F3F7A0F8002142070E904FF058
:10F860001002204648BF7619F3F796F83022054675
:10F870000E9000212046F3F78FF83422002107462E
:10F880000E902046F3F788F8830763690E902046B0
:10F8900048BFED191E440DF094FAA369361A2046AC
:10F8A0001D440C960DF092FA2D1A0D950023069327
:10F8B000A36806991A8E8A4200F28282129804F096
:10F8C00085F8139804F082F8149804F07FF81598DE
:10F8D00004F07CF8012200212046F3F75DF80222B3
:10F8E00005460E9000212046F3F756F86FF040438E
:10F8F0009D420E9001D0984202D12046F1F720FFA0
:10F90000002233212046F1F7E3FA1BB0BDE8F08F67
:10F91000842200212046F3F73FF806461290054660
:10F92000002840F0138120460EF056FA842231461A
:10F93000F3F732F807461290002840F0A980504BA8
:10F9400000934D494F4B40F27912022002F0D6FD50
:10F95000852200212046F3F71FF806460E90054643
:10F96000002840F0BA8120460EF036FA8522314652
:10F97000F3F712F807460E90002840F05481424BEE
:10F9800000933D49414B40F21D12022002F0B6FDAA
:10F99000152200212046F2F7FFFF142280460E9028
:10F9A00000212046F2F7F8FF272207460E9000219B
:10F9B0002046F2F7F1FFC2B2511E4D424D410E906A
:10F9C000012200212046F2F7E7FF0222064600212D
:10F9D0000E902046F2F7E0FF6FF040439E4208BFD2
:10F9E00094F82B600E9008BF86F0080681462046EA
:10F9F0000CBFC6F3C0060026F1F75CFC82228246EB
:10FA000000212046F2F7C8FF129B0293149B01933A
:10FA1000169B03953146C2B20E9000935046434662
:10FA200011F0CCFE6FF04043994508BF94F82B10BD
:10FA3000189008BF81F0040120460CBFC1F3800577
:10FA40000025F1F761FC8322064600212046F2F7EB
:10FA5000A3FF00230393139B0293159B0193179B12
:10FA60000E900093C2B23B462946304611F0A6FEE6
:10FA70001990D9E66A160400BC1604006217040047
:10FA8000F816040058170400231704004E1704004A
:10FA9000314689222046F2F77FFF31468A2280468E
:10FAA00012902046F2F778FF461CB60012903046BE
:10FAB00003F096FF043E0546324607EB880113F03B
:10FAC00035FB6FF06043AB514FF0010A00206FF03F
:10FAD000604355F820209A423BD11790800003F0F4
:10FAE0007FFF13901798DFF8CCB2800003F078FF07
:10FAF00000261590179B9E422DD34FF00008AE486C
:10FB000046464346179A934262D314220021204668
:10FB1000F2F742FF07460E902046F1F7F5FB179BE0
:10FB2000013B07FB1303A3EB0803A34823EAE3739A
:10FB30000027179A974201D2002E5BD1BAF1000F2D
:10FB40003FF406AF284603F041FF01E74FF0000AFB
:10FB5000BCE70130BDE755F82630974A934235D1CE
:10FB60004FF000095F4624E049462046F3F704FBC6
:10FB700092498046F0F768FF0146C0B905908A2295
:10FB80004046F2F709FF012805990E900FD189220E
:10FB90004046F2F701FF86420E9008D14046F1F749
:10FBA00067FBB84203DB4046F1F762FB074609F109
:10FBB00001092046F3F70CFB8145D5D3002F159B97
:10FBC000B6BF002243F8267043F82620013691E79D
:10FBD00055F82320824205DD06F16046653616445D
:10FBE00001338FE715990CBF51F8232041F82320EA
:10FBF0009044F5E755F82720824212DD06EBD671D6
:10FC0000DDF854C002F160426532491003FB021175
:10FC100091FBF6F14CF82710B61A159A52F82720E6
:10FC20009B1A013785E7314686222046F2F7B4FE5B
:10FC30003146872280460E902046F2F7ADFE461CE4
:10FC4000B6000E90304603F0CBFE043E0546324629
:10FC500007EB880113F06AFA6FF06043AB514FF085
:10FC6000010A2046F1F726FB6FF06043834600202F
:10FC700055F820209A4233D11690800003F0B0FE50
:10FC800012901698800003F0ABFE00261490169B8D
:10FC90009E4227D3002748483E463B46169A934249
:10FCA0005DD3002115222046F2F776FE169B0E90BA
:10FCB000013B00FB13B0C01B3F4920EAE070002766
:10FCC000169B9F4201D2002E5BD1BAF1000F3FF488
:10FCD0005FAE284603F07AFE5AE64FF0000AC0E70E
:10FCE0000130C5E755F82630334A934235D1314FBC
:10FCF0004FF0000924E049462046F3F73DFA2F492A
:10FD00008046F0F7A1FE0146C0B905908722404623
:10FD1000F2F742FE012805990E900FD18622404647
:10FD2000F2F73AFE86420E9008D14046F1F77EFA8D
:10FD3000B84203DB4046F1F779FA074609F10109B9
:10FD40002046F3F745FA8145D5D3002F149BB6BF63
:10FD5000002243F8267043F82620013697E755F82D
:10FD60002320824205DD06F16046653616440133E4
:10FD700094E714990CBF51F8232041F8232017442D
:10FD8000F5E755F827308B4212DD06EBD672DDF829
:10FD900050C003F160436533521000FB032292FB15
:10FDA000F6F24CF82720F61A149B53F82730C01AA5
:10FDB000013785E7010000E09AFFFF1F0100060000
:10FDC0001B68069A664953F822502846F0F73CFE15
:10FDD0008246002840F09981014687222846F2F7A2
:10FDE000DBFD8A220E90804651462846F2F7D4FD6C
:10FDF00007460E90002800F08881B8F1000F00F04F
:10FE00008481862251462846F2F7C6FD892206469D
:10FE10000E9051462846F2F7BFFD882207900E90BB
:10FE200051462846F2F7B8FD8B22C3B20E905146D8
:10FE300028460593F2F7B0FDB0446FF040420E90B3
:10FE4000C3B2904412981499099351F8281050F8AD
:10FE5000283001EB0309079B50F826101F44174474
:10FE6000A9EB0109159A139952F8272051F8270098
:10FE700051F823100244531A28462722514608936A
:10FE8000F2F78AFD0E90C0B2012805F1140B5AD189
:10FE9000059BCBB9584612F0E3F98046584612F05C
:10FEA000E4F90746129B53F8263028469944F1F7A7
:10FEB000BDF91B22A9EB000900212846F2F76CFDD1
:10FEC0000E90A9EB000614E0059B022B584612D1B8
:10FED00012F0C6F98046584612F0C7F90746129B41
:10FEE0001A220021284653F82660F2F755FD0E909D
:10FEF0000644002350E012F0B3F98046584612F051
:10FF0000B4F90746059B129A032B2BD0012BE6D19F
:10FF100052F8266000211A222846F2F73DFDA9EB8F
:10FF2000080909EBD97906EB69090E9006461B22F0
:10FF300000212846F2F730FD361A06EBD6760E90F1
:10FF400009EB6606D5E7584612F08AF9804658460E
:10FF500012F08BF9059B022B0746D3D1A2E700BF15
:10FF60000100060052F8266000211A222846F2F706
:10FF700013FD1A220E90002106442846F2F70CFDCC
:10FF80001B2280460E9000212846F2F705FD0E90B8
:10FF90004044A9EB0008012395F82B2063F3C3022A
:10FFA00085F82B20139B079A53F82290099B022B6C
:10FFB00000F0E580032B00F0AC80012B00F0C38043
:10FFC000182200212846F2F7E7FC0E90814495F8AC
:10FFD0002B306AF3820385F82B302846F1F726F997
:10FFE000404500F0DD806B690E93AB690F93EB69C0
:10FFF00010932B6A11932846F1F74EFA4146584662
:020000040002F8
:1000000011F0B3FD3946584611F0B4FD2846F1F71A
:1000100043FA0EAA31212846F0F75AFF28460DF080
:10002000DBFE2A462A21F0F753FF6A2200212846E8
:10003000F2F7B2FC6B22002107460E90804628465C
:10004000F2F7AAFC0E90834682462846F1F7EEF8B6
:1000500005902846F1F70CF907F0C042B2F1005FB5
:10006000059B13D127F0C0476FF0604297420DD037
:10007000B7F1805FA2BFC7F17F6707F57F2707F65B
:10008000FF777B434FF0640893FBF8F80BF0C04315
:10009000B3F1005F13D12BF0C0436FF06042934285
:1000A0000DD0B3F1805FA2BFC3F17F6303F57F235F
:1000B00003F6FF7358434FF0640A90FBFAFA0C9B67
:1000C00046441E446B69F61A0D9BD1449944AB69B2
:1000D000A9EB030956EA090317D02846F1F7DCF922
:1000E0006B6933446B61EB693344EB61AB694B443F
:1000F000AB612B6A4B442B622846F1F7CDF9002304
:100100004A46314628460CF098FB069B0133FFF720
:10011000CEBB182200212846F2F73EFC18220E9092
:10012000002181442846F2F737FC192207460E9039
:1001300000212846F2F730FC089B0E9038441F1A25
:100140004FF0010A43E7089BDB1B03EBD37309EB7A
:1001500063031822002128460593F2F71DFC19229B
:1001600081460E9000212846F2F716FC059B0E9062
:10017000A9EB000909EBD97903EB690927E7089B8B
:1001800028464B449946F1F773F81922A9EB000968
:1001900000212846F2F700FC0E90A9EB000916E7B3
:1001A0002846F1F765F8B8427FF41DAF3DE700BF80
:1001B000034B0449DA6D1161DB6D00225A6170470F
:1001C000BC6C0020F9F7010010B5064CA06DC00012
:1001D00003F006FCE065FFF703FBBDE81040FFF706
:1001E000E7BF00BFBC6C002013B5162200210446F7
:1001F000F2F7D2FB10F0FF0301900ED0084A916D88
:100200008B420AD8D26D02EBC30152F833304968F1
:10021000204602B0BDE81040184702B010BD00BF34
:10022000BC6C00207FB50B7CCE680D4614464BB9E4
:100230000C223146204612F079FF2378192B47D142
:1002400001201DE0012B32D1304602F0F3F82349A2
:1002500013F0C9F898B903AB0C22214605F114003C
:1002600001F04CFF10B9039B0C2B0BD01C4B0190E1
:1002700000931C491C4B8622022002F03FF900200B
:1002800004B070BD2378192B0CD0184B009315497E
:10029000154B01969022022002F030F9237863700A
:1002A00019232370638843F020036380C5E7022B82
:1002B00005D10E2353704FF001135360BDE70C4B73
:1002C00000930849084BA222022002F017F9D6E752
:1002D000638823F001036380B2E700BF6E17040058
:1002E000B91704007217040072190400D51704002E
:1002F000F317040030B5846C85B005462CB9442052
:1003000003F0CCFB044618B1A864204605B030BD0C
:100310000A4B0B4D01930B4B00930B490B4B029572
:1003200040F21122032002F0E9F8084B064900953B
:1003300040F21322032002F0E1F8E6E752D5030071
:1003400004C7030020C70300721704000D1904003E
:100350002DE9F04390F82150D0F84880072DD8F8C7
:10036000009087B004460ED0A5F10803DBB2022B43
:100370000BD8304A32F81370638C1B0707D5D8F8B6
:1003800020301E6940E00827F6E70027F4E7237CC9
:10039000012B46D1384603F023FB0646B0B105AB2E
:1003A000009302463B460C21484611F07EFA30B3DA
:1003B000214B019000932149214B40F24D22022014
:1003C00002F09CF8304603F001FB14E01D4B1E4C7C
:1003D00001931E4B1949009340F24522184B029499
:1003E000032002F08BF8164B1449009440F2472288
:1003F000032002F083F8002007B0BDE8F083059BDE
:100400009F42D5D1C8F80460072D26630DD0083D62
:10041000EDB2022D0BD80E4B33F81530636301207B
:10042000EAE7002BE7D1E368ABE70223F6E7002316
:10043000F4E700BF126503002918040072170400D6
:10044000301904001918040004C7030020C7030072
:100450000C6503002DE9F04F054685B0D0F84890B3
:1004600090F8210001F084FD2C8DB5F826B04FEAFC
:10047000C40ABAFBF0FACDF800A0A98C07460E23F7
:100480003D485A46F4F734FA0BFB04F4064650B9DB
:100490003A4B00933A493B4B40F24B32032002F077
:1004A0002DF8002013E06B8CD0F810801B0711D5BD
:1004B000D9F8203019692246404612F037FE95F8E7
:1004C00021300E2B28D1C9F81C600120EE6205B046
:1004D000BDE8F08F2B7C012B1AD103AB0093D9F828
:1004E0000000234642460C2111F0DFF910B9039BAE
:1004F0009C42E4D0244B019000932149214B4FF4BE
:100500005672022001F0FAFF3046F4F769FAC8E7A4
:10051000002BD4D1EB68CDE70BFB0AFA01230AF1DB
:10052000FF30BB40013C013B40444444DBB2A0EB04
:100530000A0A00215045C6D022780A411A4018D034
:10054000BC469046BCF1070F07D93944C9B2072908
:1005500000F80189EED9013CEBE7CCF1080E02FA74
:100560000EFE48EA0E0EBC445FFA8EF85FFA8CFC71
:10057000E8E79046E9E700BFB46D002004C7030038
:10058000721704001E190400411804002DE9F04FF1
:1005900091F821901D46A9F1070389B0DBB2032B26
:1005A0000E460692049303D9A9F10F03052B0ED82A
:1005B000D6F848A0BAF1000F18D1984B009398498B
:1005C000984B40F29512032001F098FF0AE0964BF9
:1005D00000939349934BCDF804904FF4C7720220D7
:1005E00001F08CFF002009B0BDE8F08F4846DAF832
:1005F00000B001F0BDFC0446069811F031FE337CDA
:100600008A4A012B14BF00230C2305936B68934285
:10061000804663D1049B032B8CBF4B46102307936A
:100620000023009302460799DAF8400001230DF0F9
:10063000EFFD0746A0B9DAF8400020B1F4F7D0F991
:100640000023CAF84030002300937948079B012219
:100650004146F4F74DF907460028C3D0CAF84000D8
:10066000069B0FCB85E80F00E960069B6A68DB6894
:10067000D7F810A09A42B5DC049B032B00F28F80C0
:100680002868318D0823B3FBF4F3B0FBF3F503FBCB
:100690001505736B514301EB83016043059B01EB2F
:1006A000D0011944337C012B2ED104FB08F307330E
:1006B000DB08013318460591049303F091F90446D1
:1006C000A0B100220092049B05990246584611F001
:1006D000ECF8E0B1204603F079F983E701336B6071
:1006E000EB680133EB60DAF84070BEE7514B0293E0
:1006F000514B0193514B009349494A4B4FF4E472DB
:10070000032001F0FBFE6DE7F3681C690C44B9F1AE
:10071000090F27D0B9F10A0F2CD0B9F1080F19D061
:1007200085F007056DB22046012101238B40013B76
:10073000D6F830E09BB24FF0000CC1F10809E0455B
:100740001CDC337C012B02D1204603F03FF9F76219
:10075000012048E704EBA500ED4305F003056D001B
:100760000221E2E704EB6500ED4305F00105AD0071
:100770000421DAE7601908210025D6E702782A412A
:100780001A40D2B26D1A6DB2002D5EF822204AF8DE
:100790002C20BCBF4D4601300CF1010CCFE7A9F174
:1007A0000F03042B14D82968059804FB08F34C4365
:1007B000318D514301EBD40100220092DB085246F7
:1007C0000144584611F071F800287FF40BAFBEE7E2
:1007D000B9F1140F7FF406AF2B68318D3C89059871
:1007E0001B01514301EBD301002300930144234635
:1007F0005246584611F059F800287FF4F3AE2B68A2
:10080000318DF28C6D6800900C3301FB023C49087D
:1008100043460AEB040205FB01C1D2E7701804004D
:1008200072170400F518040058180400010000E0D5
:10083000B46D002040C70300DAE3030020C70300C3
:100840002DE9F0430B7C012B89B006460C4651D1B3
:10085000C86801F0EFFD6F4912F0C5FD68B9204688
:10086000FFF748FD054640B1A0640C2003F0B8F83E
:10087000074638B9204611F030F80025284609B05F
:10088000BDE8F083E168022201F040FD60B1624BF7
:10089000019000936149624BD022022001F02EFEAC
:1008A000384603F093F8E5E72F60628C94F8213026
:1008B00010070DD55B4B00935B4B40F2F332574969
:1008C000032001F01BFE0025204611F006F8D5E7B5
:1008D000DA1F032A07D8E3790BB3544B009340F295
:1008E000AD22534BEBE70B3B032B1ED82046FFF703
:1008F000B1FD17E0002BE6D1CD682B69002BBCD0F1
:100900004B8C95F801901907D4D4A9F10703032B58
:100910000ED82046FFF7EEFC0028DCD1ADE72046DC
:10092000FFF716FD01280546CED14FF000082FE055
:10093000A9F10B03032B204604D8FFF7DBFC0028AA
:10094000D4D19AE7FFF7D6FC6B88DA0619D42B8945
:1009500000F1240803BB0FCD02AF0FC795E80300D9
:1009600087E803004846BDF80C5001F001FB6843DE
:100970000730C010ADF8100002A940460DF075FC1C
:100980004546E5622B890BB9238D2B814FF0010879
:10099000E76A1FB9012571E72946EEE7638CDB079B
:1009A00003D5012138460DF05CFC39462046F6F7A8
:1009B00047F9054600283FF45DAF874224D0204622
:1009C00010F08BFF2046FFF795FCC561E562A57925
:1009D000002DDFD100F082FF0028DBD0237C8DF8D2
:1009E0001030E26AE3680393D368029302A9A36C10
:1009F0003046F6F705F900283FF43CAF6064204626
:100A0000FFF778FCC561C5E7E762B8F1000FDED0FB
:100A1000C0E700BF6E1704008D18040072170400B1
:100A20005E190400A21804004C190400CD1804003B
:100A30003F1904001FB5F6F7BDF8044690B11349FD
:100A40000DF06EFD124920460DF06CFD1149204657
:100A50000DF06AFD104920460DF068FD0F4B236133
:100A600004B010BD0E4B0F4C01930F4B00930F4978
:100A70000F4B02946422032001F040FD0C4B0B4904
:100A800000946622022001F039FDE9E72502020008
:100A9000410802008D05020013190300F11804003B
:100AA000A7DB030004C7030020C70300721704007C
:100AB0008619040073B52A4C25784DB1294B009353
:100AC00029492A4BA822022001F018FD02B070BD6E
:100AD000274B25490093AC22244B012001F00EFD49
:100AE0004FF4E6722946204612F016FC4FF4477187
:100AF000201D11F063FEE42104F1440011F05EFEBC
:100B00001C4B63660323A3658C231B48E362012609
:100B10004223236784F8246001F098FD12F0CBFD96
:100B2000F3F7FCFD03F086FF12F034FA02F0A4FAAA
:100B300001F0DEFAFFF748FB01F03EF8EFF730FE78
:100B40000DF0A6FBFBF7D8FAF1F71AFF0DF09AF9B2
:100B500029462846F5F79AFFFFF76CFF2670B5E7A0
:100B6000BC6C0020C91904009A190400E61904009D
:100B7000C6C70300D4C3B2A1CDAB341273B50368AA
:100B80001B6A05460E469847044658B90E4B00931B
:100B900003200E4B0E4940F24B1201F0AFFC2046F1
:100BA00002B070BD2B6832465B6901462846984703
:100BB0002046AD6900F0C0F93146A847204600F054
:100BC0007DFA0120ECE700BF291A0400871A04000F
:100BD000EE190400F0B5036885B05F6A1546134648
:100BE000002204460E46B84701281BD1A3681349CA
:100BF000CDE90163124B009340F25912114B0320CF
:100C000001F07CFC002005B0F0BD29462046FFF72E
:100C1000B5FF0028F6D0236800225F6A31462B46D4
:100C20002046B8470228F0D023681B692A4631467F
:100C3000204605B0BDE8F040184700BFEE1904009B
:100C4000391A0400A81A040082B0F0B585B0054630
:100C50000B9303680F4616469847044658B9174B3E
:100C60000293174B0193174B00931749174B3322ED
:100C7000032001F043FC0BAA07CA0023E36004F140
:100C80001003C4E90057A66083E8070020466B689C
:100C90009847054658B90E4B0B4900933C220B4B25
:100CA000032001F02BFC204602F090FE2C4620464B
:100CB00005B0BDE8F04002B0704700BF04C70300B4
:100CC0003E21040020C70300EE190400F21A0400BC
:100CD000691A04007FB50D461646044658B9154BEF
:100CE0000293154B0193154B00931549154B532255
:100CF000032001F003FC5DB90E4B0293124B0193EC
:100D00000E4B00930E490F4B5422032001F0F6FBCB
:100D1000E3681BB90024204604B070BD2368204658
:100D2000DB6832462946984704460028F2D000F096
:100D300021F9F0E740C703003E21040020C703006B
:100D4000EE190400E11A04007B1A04007FB5064680
:100D500015460C4659B9134B0293134B0193134B91
:100D600000931349134B6C22032001F0C7FB20466C
:100D7000294600F021F9204600F0A6F878B920466F
:100D800000F0BEF858B12046B66900F0D5F8294603
:100D9000B047204604B0BDE8704000F08FB904B001
:100DA00070BD00BF40C70300C9E3030020C70300B4
:100DB000EE190400D01A04007FB50D46164604460D
:100DC00058B9154B0293154B0193154B00931549D8
:100DD000154B7D22032001F091FB5DB90E4B029370
:100DE000124B01930E4B00930E490F4B7E220320B2
:100DF00001F084FBA3681BB90024204604B070BD39
:100E0000204632462946FFF7E5FE04460028F3D087
:100E100000F0B0F8F1E700BF40C703003E21040036
:100E200020C70300EE190400C31A04007B1A040053
:100E30001FB5044658B9084B0293084B0193084B61
:100E400000930849084B3A22032001F057FB6368DE
:100E50000133636004B010BD40C70300C9E3030061
:100E600020C70300021B04003F1C04001FB50446FA
:100E700058B90F4B02930F4B01930F4B00930F493F
:100E80000F4B4022032001F039FB6368013B002B2C
:100E900063600ADA01930B4B00930849084B432225
:100EA000022001F02BFB0023636004B010BD00BFE3
:100EB00040C70300C9E3030020C70300021B04006E
:100EC000281C0400431B04001FB5044658B9074BF7
:100ED0000293074B0193074B00930749074B4A22A4
:100EE000032001F00BFB606804B010BD40C7030095
:100EF000C9E3030020C70300021B0400111C040007
:100F00001FB5044658B9074B0293074B0193074B93
:100F100000930749074B6122032001F0EFFA207B81
:100F200004B010BD40C70300C9E3030020C703009D
:100F3000021B0400F71B04001FB5044658B9084BF8
:100F40000293084B0193084B00930849084B672212
:100F5000032001F0D3FAA068201A04B010BD00BF2E
:100F600040C70300C9E3030020C70300021B0400BD
:100F7000DF1B04001FB5044658B90A4B02930A4B05
:100F800001930A4B00930A490A4B6D22032001F09A
:100F9000B5FA2046FFF74CFF204604B0BDE81040EC
:100FA000FFF7CABF40C70300C9E3030020C703001F
:100FB000021B0400C31B04001FB5044658B9114BA3
:100FC0000293114B0193114B00931149114B77225E
:100FD000032001F093FA2046FFF776FF58B96368C3
:100FE00001930D4B00930A490A4B7922032001F02B
:100FF00085FA04B010BD204604B0BDE81040FFF7EC
:1010000035BF00BF40C70300C9E3030020C703008A
:10101000021B0400A71B0400531B040030B50D463F
:1010200085B0044658B9074B0293074B0193074B11
:1010300000930749074B8222032001F05FFA6019F1
:1010400005B030BD40C7030052D5030020C70300E0
:10105000021B04008E1B04007FB50D461646044695
:1010600058B9104B0293104B0193104B0093104949
:10107000104BA622032001F041FA5DB9094B0293FF
:101080000D4B0193094B009309490A4BA7220320FA
:1010900001F034FA00232560A6606360237304B076
:1010A00070BD00BF40C70300C9E3030020C70300B1
:1010B000021B04007A1B04003E2104001FB50446F5
:1010C00058B90A4B02930A4B01930A4B00930A4901
:1010D0000A4BB122032001F011FA2046FFF72CFF42
:1010E00004B0BDE8104002F071BC00BF40C703006F
:1010F000C9E3030020C70300021B0400641B0400B3
:1011000010B50446406810F01BFC044B0146042255
:101110002046BDE8104001F0A3B900BFA1110200B4
:1011200030B5054685B00846144655B1C9B9AB6817
:10113000EA6814442044984294BF002001204000F3
:101140000DE0114B0293114B0193114B00930320BF
:10115000104B11494FF4DD7201F0D0F9032005B0B6
:1011600030BDEB6B9847AB688342E1D2CDE9010318
:101170000A4B00930320074B07494FF4E17201F03B
:10118000BDF90120EBE700BF40C70300981C040035
:1011900020C70300FF1D0400561C0400A41C04000B
:1011A0007FB5054616460C4661B9124B0293124BA9
:1011B0000193124B00931249124B40F2E1120320AB
:1011C00001F09CF9216805F1300081B911F09EFB16
:1011D000206050B1036868681C6910F0B1FB2146BB
:1011E0000246304611F0A2FF012004B070BD11F09C
:1011F00093FBEDE740C70300D01C040020C70300A9
:10120000561C04000F1E0400F0B5054685B060B9F9
:10121000134B0293134B0193134B00931349144B3D
:1012200040F2A512032001F069F905F130073846B4
:1012300011F06FFB044618B90646304605B0F0BD04
:10124000236869681869FFF7E9FE0646FFF73CFE68
:101250000028F2D02146384611F062FBEAE700BFD1
:1012600040C70300981C040020C70300561C04005C
:10127000F11D04002DE9F04F894685B00446F0B118
:1012800000F13008404611F041FBDFF89CB0054604
:10129000002625BB4EB1254B00932349244B0196D4
:1012A0004FF4CB72022001F029F904F1240001F07F
:1012B000F3FB404611F06AFB0023E3600CE01D4B9A
:1012C00002931D4B01931D4B00931749184B40F29D
:1012D0008112032001F012F905B0BDE8F08F2B68F0
:1012E0006168D3F810A05046FFF798FE0746FFF755
:1012F000EBFD48B9A2694946504690472946404609
:1013000011F00AFB0546C4E73846FFF7DDFD0C4B3C
:101310000093CDE90170064B40F29112594602202C
:1013200001F0ECF80136E9E7561C0400041D040046
:10133000E51D040040C70300981C040020C70300FB
:10134000E01C04002DE9FF410D46904604460028AC
:101350003FD079B9274B0293274B0193274B00933A
:101360002749284B40F26312032001F0C7F804B06C
:10137000BDE8F08100F12407384601F075FA054612
:101380000028F4D00669A369414630469847E36BCC
:1013900030469847E36861681B1AE3603046FFF700
:1013A0003DFEE26A2B691344294653F8048C064635
:1013B000384611F0C6FB3046FFF780FE04F13000DE
:1013C000414611F063FA404604B0BDE8F04102F036
:1013D000FDBA084B02930C4B0193084B009308494C
:1013E000084B4FF4B172032001F088F8002DBED1F4
:1013F000B0E700BF40C703007B1A040020C703000A
:10140000561C0400DD1D0400981C0400F0B50D46B8
:1014100085B00446002833D071B9214B0293214B8B
:101420000193214B00932149214B4FF4A5720320D6
:1014300001F064F805B0F0BD0846FFF77DFD04F14A
:10144000240701460546384601F00EFA01460028F9
:10145000F0D0E26A03691344384653F8046C11F083
:1014600070FB314604F1300011F010FA304602F002
:10147000ADFAE36B28469847E3681B1AE360D9E7A7
:10148000074B02930B4B0193074B00930749084B03
:1014900040F24912032001F031F8002DCAD1BCE717
:1014A00040C70300C9E3030020C70300561C040023
:1014B000D31D0400981C04002DE9FF410D4604468D
:1014C000002834D089B9294B0293294B0193294B29
:1014D00000932949294B4FF48672032001F00EF83E
:1014E0000026304604B0BDE8F08100F130073846F0
:1014F00011F00CFA58BB294604F1240001F0B4F9AC
:1015000005460028ECD0E26A03691344384653F8D4
:10151000046C11F0FBF931460246384611F003FA2B
:101520006168286904B0BDE8F041FFF777BD0F4B53
:101530000293134B01930F4B00930F490F4B40F253
:101540000B12032000F0DAFF002DC9D1BBE70368BE
:101550006168D3F810804046FFF760FD23690646B6
:101560002946404698470028C5D1BAE740C703003E
:101570007B1A040020C70300561C0400C51D04008C
:10158000981C040030B5036985B004465BB9224B52
:101590000293224B0193224B00932249224BCC22EF
:1015A000032000F0ABFFA3695BB91B4B02931F4BF9
:1015B00001931B4B00931B491B4BCD22032000F0D2
:1015C0009DFF63684BB91A4B01931A4B0093154961
:1015D000154BCE22032000F091FF606818B900255A
:1015E000284605B030BD2569002DF8D0A369002B31
:1015F000F5D010F0A5F92946021D04F1240001F0F0
:10160000E9F805460028EAD0042104F1300011F081
:10161000D5F8094BE363E3E740C70300241D04004A
:1016200020C70300561C0400AE1D0400461D040024
:10163000651D04008BCC03004519030030B5036918
:1016400085B004465BB9224B0293224B0193224B97
:1016500000932249224BE322032000F04FFFA369AD
:101660005BB91B4B02931F4B01931B4B00931B4910
:101670001B4BE422032000F041FF63684BB91A4B77
:1016800001931A4B00931549154BE522032000F0F6
:1016900035FF606818B90025284605B030BD2569BA
:1016A000002DF8D0A369002BF5D010F049F9294698
:1016B000021D04F1240001F08DF805460028EAD04F
:1016C000042104F1300011F079F8094BE363E3E7FA
:1016D00040C70300241D040020C70300561C04005B
:1016E000981D0400461D0400651D04008BCC0300FA
:1016F000491903001FB528B10368DB6905B05DF81F
:1017000004EB1847074B0293074B0193074B0093D9
:101710000749084BFC22032000F0F0FE05B05DF8FD
:1017200004FB00BF40C70300981C040020C703004F
:10173000561C0400BA1D04002DE9F0410D4686B088
:10174000044640B389B9314B0293314B0193314B7D
:1017500000933149314B40F23112032000F0CEFEAC
:101760000026304606B0BDE8F08100F1240840466E
:1017700001F0A6F80490F0B9049B002BF0D061684A
:101780001869FFF74BFCE36B064628469847E36869
:101790000344E360E5E71D4B0293214B01931D4B8E
:1017A00000931D491D4B4FF49872032000F0A6FED4
:1017B000002DD5D1C7E7066961683046FFF72EFCDA
:1017C000626829460746304611F0B0FC04F130004B
:1017D00010F0FCFF0646059028B90499404601F038
:1017E00037F90496C8E704A9042211F09FFC049B72
:1017F000E06A1B69043805A90422184411F096FC1C
:10180000626821463846FFF727FCB5E740C703006A
:101810007B1A040020C70300561C0400CC1D0400E2
:10182000981C04001FB5402002F0DAF8044630B1DD
:101830004022002111F070FD204604B010BD0A4B7B
:1018400002930A4B01930A4B00930A490A4BBE22AA
:10185000032000F053FE094B00930649064BC022BB
:10186000032000F04BFEE7E704C703007E1D0400E1
:1018700020C70300561C0400A51D04008A1D040097
:1018800030B5124CD4F81C3187B00546DBB9104B8B
:1018900093E8070006AB03E9070013E903002A46B3
:1018A0008DE80300039B0B481821FFF7CDF90A4987
:1018B000C4F81C0110F041F8D4F81C01003818BF1E
:1018C000012007B030BD0120FBE700BFBC6C002049
:1018D000EC4B030004620300221E0400024BD3F809
:1018E0001C0110F025B800BFBC6C002030B5124CB4
:1018F000D4F8203187B00546DBB9104B93E80700D8
:1019000006AB03E9070013E903002A468DE803004C
:10191000039B0B481821FFF797F90A49C4F82001E7
:1019200010F00BF8D4F82001003818BF012007B0E0
:1019300030BD0120FBE700BFBC6C0020F84B03006A
:1019400030620300281E0400024BD3F820010FF080
:10195000EFBF00BFBC6C002010B50446014606482E
:1019600010F094FF63690BB1204698472046BDE80C
:10197000104002F02BB800BF686D002010B50A4C73
:10198000012304F1AC0084F8A43010F0BFFF28B9A3
:10199000D4F8A800BDE8104001F0CCBBD4F8A800F2
:1019A000BDE8104001F0B4BCBC6C002070B54368C9
:1019B00005460BB983682BB11748174E10F0A6FFE8
:1019C000044604B970BDA54221D0636B002B03DA35
:1019D00094F854301B071AD522682B689A4216D106
:1019E0006368A3B16A68934211D10B48214610F095
:1019F0004DFF63690BB120469847204601F0E6FF92
:101A0000FFF7BCFF044810F081FF0446D9E72146E8
:101A1000304610F081FFF8E7686D00202DE9F047AF
:101A2000634D95F8A53005F1AC0083F0010385F80E
:101A3000A53010F06BFF0027044605F1AC060CB989
:101A4000BDE8F087206D11F032FD636B03446363E2
:101A500002F060F8206585F8A47094F8543095F889
:101A6000A520C3F34001914265D062F341035907B9
:101A700084F85430DAB21ED4636B002B1BDB1307DF
:101A800009D4A3693BB120469847636A0344636263
:101A9000E36A0344E36220460FF0F6FFE3680BB10C
:101AA0002046984794F8543043F0040384F85430A7
:101AB0002046FFF77BFFD4F83490B9F1000F37DBF5
:101AC000236B9945C8BF63632046236AD4F834A0CA
:101AD0009847A36A8342804636D06368A06213B1F8
:101AE00001462068984795F8A4308BBBA36843BB98
:101AF000636B534501D1C4F83490D4E90C0383429D
:101B000016DB94F85420616C12F0010224D079BBEA
:101B10002848214610F0BAFEFFF730FF2369002B5A
:101B200043D163690BB120469847204601F04EFF30
:101B300095F8A43063B92146304610F0EDFE044616
:101B40007DE741462046984795F8A430002BCFD03A
:101B5000304610F0DBFEF2E7D4F83CC029B1B1F119
:101B6000FF3F05D00139616411B9BCF1000FCFD03E
:101B70008342216CCCBF1B1A00235B1AE16B6363A9
:101B80000029D5D012B9A36B5B42636394F854303B
:101B9000E06382F0010262F3000384F85430636A68
:101BA000E26A6262C4E90B31C2E720469847B8E7AF
:101BB000BC6C0020686D002010B5094C58212046EF
:101BC00010F0FCFD00222121064801F063FA44F8E0
:101BD000040CFFF7D3FE002324F8083C10BD00BF1F
:101BE000686D00201D1A020010B55822044600211D
:101BF00011F092FB4FF4FA732363002363626423B2
:101C0000E36201236364044B236294F8543043F08D
:101C1000080384F8543010BDF319030030B50546AD
:101C200085B0274810F0D2FD0446002838D058224D
:101C3000294611F07BFA2B68AB4200D12460214B7E
:101C400093F8A52094F8543062F3410384F854309B
:101C500001F060FF94F8543020651B071DD5A3697F
:101C60003BB120469847636A03446362E36A0344D6
:101C7000E36220460FF008FF6B680BB9AB6813B145
:101C80002046FFF793FE636813B1616A20689847A6
:101C9000A36813B1616A20469847FFF76FFE0BE017
:101CA000094B0293094B0193094B009309490A4BD5
:101CB0005C22032000F022FC204605B030BD00BFAE
:101CC000686D0020BC6C002004C70300691E04007E
:101CD00020C70300351E0400051F0400F8B50446A4
:101CE0000F480F4F0D4610F011FE002608B9304680
:101CF000F8BD0368A34200D064B94368AB4200D08A
:101D000045B9FFF729FEFFF739FE384610F0FEFD12
:101D10000126EBE70146384610F0FEFDE6E700BF7E
:101D2000686D002070B505460948094E0C4610F054
:101D3000EDFD00B970BD0368AB4204D14368A34216
:101D4000F8D0002CF6D00146304610F0E5FDF0E763
:101D5000686D002042F21073984273B504460E4637
:101D600015460AD91D4B019000931D491D4BCC22ED
:101D7000022000F0C3FB42F2F67442F210739E425E
:101D80000AD9194B019600931549164BD02202200F
:101D900000F0B4FB42F2F67642F210739D420AD98B
:101DA000124B019500930E490E4BD422022000F0F5
:101DB000A5FB42F2F6750A230534B4FBF3F101F1F9
:101DC00000410536B6FBF3F601EB8621681DB0FB3A
:101DD000F3F001EB005002B070BD00BF7A1E0400AA
:101DE000351E0400EF1E04009F1E0400C71E0400E1
:101DF0001FB50023C0E901310446C26002FB01F0B7
:101E000001F0EEFD01232060237458B9064B0293C4
:101E1000064B0193064B00930649074B2E220320E5
:101E200000F06CFB04B010BD04C70300481F0400A1
:101E300020C70300131F0400B41F04007FB5067CF5
:101E400004460D464EB9134B00931349134B8C2295
:101E5000022000F053FB00260AE0C16800686943D5
:101E600001F0F6FD38B163682060AB42A5600FD881
:101E7000304604B070BD0A4B02930A4B01930A4BE3
:101E800000930549054B9122032000F037FBE2E760
:101E90006560EDE75C1F0400131F0400A41F04002D
:101EA00040C7030052D5030020C7030030B50368C4
:101EB00085B004460D465BB9144B0293144B019355
:101EC000144B00931449154BB022032000F016FB6D
:101ED000D4E90113994209D0D4E90003E26803FB75
:101EE00002005DB9294611F017FA0AE004312046D4
:101EF000FFF7A4FF0028EFD105B030BD294611F04F
:101F000015F96368013363600120F5E740C70300FA
:101F1000481F040020C70300131F0400911F040082
:101F200030B543688B4285B004460D4613D903682B
:101F30005BB90A4B02930A4B01930A4B00930A497F
:101F40000A4BCA22032000F0D9FAE368206803FB99
:101F5000050005B030BD0020FBE700BF40C703000F
:101F6000481F040020C70300131F0400851F04003E
:101F70000638C0B220289ABF014B185C0020704779
:101F8000C21F040018289DBF034B23FA00F000F085
:101F900001000020704700BF807FF901FF2A03463F
:101FA00010B5084614D092B18B4210D0094C01EB09
:101FB000014103EB03432140234004325B1AD20862
:101FC000534301EB5310204040EA104080B210BD53
:101FD0001846FCE71FF8E007024BDA6E4261D8664C
:101FE000704700BFBC6C0020014B4269DA66704745
:101FF000BC6C0020F0B5044687B00C200F46164696
:102000001D4601F0EDFC059058B9104B0293104BA2
:102010000193104B00931049104B7C22032000F0D9
:102020006DFA059B1F60059B2046C3E9015610F021
:1020300043F920B9042201212046FFF7D9FE05A962
:102040002046FFF733FF059807B0F0BD40C70300F7
:1020500084DA030020C70300E31F040039200400D2
:102060007FB5044658B9144B0293144B0193144B9B
:1020700000931449144BC322032000F03FFA20467A
:1020800010F01AF900250646B54205D1204604B0E5
:10209000BDE8704010F0B6BA29462046FFF740FF71
:1020A000237D026843F002032375936843F4803371
:1020B00093600135E8E700BF40C703001820040023
:1020C00020C70300E31F040025200400074BDB6E3C
:1020D00003B970475A68824202D01A68824203D11B
:1020E0001A7E42F001021A765B69F1E7BC6C0020AF
:1020F0000148042110F062BB746E00202DE9F04FFE
:10210000044687B08B461546994613B10023C9F89B
:1021100000306068002800F0D4804768466917B333
:10212000002E00F0D080D0F81CA0BAF1000F00F013
:10213000CA80A26800230493D2E900C19668D2F84D
:102140000C80664524D2216800233246D047AF4236
:102150007DD2606804AB0093466921682B465A46DD
:10216000B047074653E0002E00F0AD8004AB00936B
:10217000049721682B465A46B0470746B9F1000F2D
:1021800002D0049BC9F80030384607B0BDE8F08F94
:102190008E42D8D88A1B0131561CA1EB0C01891B39
:1021A0007B1C414402D1B54202D91546AE420BD345
:1021B0002A46584610F0BAFF0495A268049993681D
:1021C0000B4493600027D9E73246584610F0AEFF23
:1021D000D4E901035A68D0F81CA021680023013219
:1021E000D0470023A5EB060A0593574505AB606869
:1021F0000093B3440ED24769216853465A46B84704
:102200000746059B1E44AE4294BF04960495002FDA
:10221000B4D1D2E7436921689C4642463B466746B3
:10222000B847A268536801331360A168059A0B6828
:102230009245074602F1FF30034428BF92464B60A7
:102240001FFA8AF24146584610F070FFD9E7B8F1FC
:10225000000F19D13846D4F8088001F0C1FBC8F846
:102260000C00A368DB6863B9184B0293184B019309
:10227000184B00931849194B4FF41672032000F0C5
:102280003DF9A368D3F80C8060680023059305AB83
:1022900000932168D0F814A03B464246D047A3687B
:1022A0001E60A168059A0B680746501E0344AA42A7
:1022B0004B6028BF2A4641465846049210F036FF2C
:1022C000A5E70B2760E709275EE700BF04C7030007
:1022D0007820040020C70300462004004C2104009D
:1022E00038B504460848084D10F010FB014609B9FE
:1022F000084638BD08680378A342FAD0284610F093
:102300000BFB0146F3E700BF746E00202DE9FF418F
:10231000054690460C4659B93D4B009302203D4B73
:102320003D494F2200F0EAF80B2004B0BDE8F081EF
:10233000087898B14B783A2B14BF4F1C8F1CFFF7CD
:10234000CFFF064660B9354B00930220314B32492E
:102350000194582200F0D2F80320E6E70F46EEE79A
:10236000836863B1984750B92D4B00930220294BE5
:10237000294901945E2200F0C1F80120D5E7F368F5
:1023800053B9284B00930220224B23490194642225
:1023900000F0B4F80920C8E76E607368013309D013
:1023A000F3684246394630469847431E033302D904
:1023B0000C20BAE72846286073680BB90020B4E700
:1023C000102001F06BFBA86058B9174B0293174B14
:1023D0000193174B009310490E4B7B22032000F012
:1023E0008DF87268AB6801320AD16268DA60AA6857
:1023F00000231360AA689360AB68A2685A60DDE7A7
:102400004FF0FF321A60AB686FF00102F6E700BFD1
:10241000962004005E21040046200400B42004003D
:10242000E02004000721040004C703003621040053
:1024300020C7030010B5044610F0B6FF08B90748DE
:1024400004E0235C2E2B02D10130204410BD2F2B41
:10245000F5D05C2BF3D00138F0E700BFB9C303001F
:102460002DE9FF4180461C200F4615461E4601F00F
:1024700015FB0446B0B1C0E90087C56086612DB385
:10248000284601F00BFBA06000BB124B0293124BDD
:102490000193124B00931249124B4F22032000F07C
:1024A0002DF813E00B4B02930F4B01930B4B0C4990
:1024B000009341220B4B032000F020F80B4B0093BC
:1024C0000749084B4422032000F018F8204604B0C6
:1024D000BDE8F08104C70300D121040020C7030038
:1024E00069210400E72104009D210400AA210400C1
:1024F000014BC3F8AC017047BC6C00202DE9F04FD4
:10250000ADF54D7D9946D69B09932E4B1B68CB9319
:102510004FF00003431EDBB2042B07460D469246E4
:102520003ED8D7AB08460A9310F03EFF04461CB1D4
:102530002B5D2F2B3DD10134DFF88C8001F0EAFABE
:10254000D8F8AC3106464BB30DF12C0BDDE909236D
:102550004FF480715846254401F02AFACDE904B5BC
:10256000CDF818A0CDF80C90D8F8B031F31A02933A
:102570004FF47A73B6FBF3F203FB1263CDE9002349
:10258000124B134A53F827304FF400714BA801F057
:10259000FBF9D8F8AC314BA938469847C8F8B06178
:1025A000084B1A68CB9B5A404FF0000305D011F03E
:1025B00040FD5C2BBFD0013CB9E70DF54D7DBDE87A
:1025C000F08F00BFB48A0220BC6C00205C62030064
:1025D000F621040000280EDBB0F5B47F0FDA59288D
:1025E000174B10DC33F8100047F6FF73984208BF12
:1025F0004FF40040704700F5B47000B2EAE7A0F570
:10260000B47000B2E8E780B2A0F15A02592A03D8A8
:10261000C0F1B40080B2E5E7A0F1B40292B2592A49
:1026200085BFC0F5B47080B233F8120033F81000E3
:10263000044A054B4042904208BF1846704700BF0D
:10264000186503000180FFFF0080FFFF014B9866C3
:10265000704700BFBC6C002012281FB50DD9124B6B
:10266000019000931149124B2E220220FFF746FFE2
:1026700005B05DF804EB0FF089BE00EB40000D4B98
:102680001A181B5AADF80C309DF80C30002063F37B
:1026900007009DF80D3063F30F20937863F3174024
:1026A00005B05DF804FB00BF652204002E22040083
:1026B000B22204007922040030B5144685B00546E4
:1026C000002854D13E4B02933E4B01933E4B009366
:1026D0003E493F4B40F2E7120320FFF70FFF05B0E2
:1026E00030BD13B11B7B012B07D1012313730023D2
:1026F0000B73284610F001FAA168237B0B730123AA
:1027000023738A6828461373214610F008FA296853
:10271000002951D1E3E70B7B3BB901220A7328461C
:102720002146237310F0E9F961684B6813B11A7BF5
:10273000012A11D18A68002A36D0107B012833D0B3
:1027400013B11B7B012B07D10123137300230B73E0
:10275000284610F0E4F96168237B0B73012323738F
:102760004A6828461373214610F0C7F9CFE701BB2A
:102770000B4629688B42CBD061688B42CBD1A168D4
:102780000B7B3BB901220A7328462146237310F0C4
:10279000C6F9A168D1E9012312B1107B0128A0D1AB
:1027A00013B1187B01289CD100230B7323682146A9
:1027B0001C460B7B012BDBD001230B738FE700BF83
:1027C00040C70300F422040020C70300C222040013
:1027D000422304007FB50E461446054660B129B376
:1027E000C2B10C22002110F097FD0023C5E900368C
:1027F000AC60012004B070BD134B0293134B0193E6
:10280000134B00931349144B31220320FFF776FE3C
:1028100066B14CB9114B0193114B00930D490E4B0E
:1028200033220320FFF76AFE0020E3E7064B029302
:102830000C4B0193064B00930649074B32220320B1
:10284000FFF75CFEE5E700BF40C70300F422040089
:1028500020C70300C222040079230400701D040075
:102860008BCC0300012304007FB50E46054668B1FA
:102870000468BCB16B68216930469847002812D0C3
:10288000D4E90132A8BF13461C46F2E7074B029376
:10289000074B0193074B00930749084B692203201C
:1028A000FFF72CFE0024204604B070BD40C7030093
:1028B000F422040020C70300C222040052230400B3
:1028C0002DE9F04F894685B0054618B3FFF7CCFFD8
:1028D000044660BB142001F0E1F8044658B3A86830
:1028E00001F0DCF8206160B9504B0293504B01932A
:1028F000504B00935049514B4FF4AB720320FFF7FC
:10290000FDFDD4F81080B8F1000F1ED1204601F073
:102910005DF80BE04A4B02934A4B0193454B009301
:10292000494B442244490320FFF7E8FD0024204698
:1029300005B0BDE8F08F3D4B0293444B01933D4BF6
:1029400000934FF4A8723D4BECE70023C4E9013338
:1029500023732B6823B92C60236001232373E6E7DC
:10296000C4F810902F683E46BEB9276026736B6886
:1029700039694846984700281BDA7C6027464FF0A3
:1029800001094FF0000A396809B10B7B9BB12B6834
:1029900001221A73C4F81080C9E76B683169206995
:1029A0009847D6E90123374612EA200638BF1E466B
:1029B000DAE7BC60E2E70E68736899421ED1B3683B
:1029C0004BB11A7B3AB901221A7381F80C9086F840
:1029D0000CA03746D7E7D1F808B0BB4504D128464C
:1029E00010F09DF80F46594681F80C90284686F85D
:1029F0000CA0314610F081F83E46EAE723B11A7B7D
:102A000012B983F80C90E0E7D1F804B05F4504D127
:102A1000284610F072F80F46594681F80C90284667
:102A200086F80CA0314610F07AF8E5E704C70300F9
:102A30001123040020C70300C22204005D23040008
:102A400040C70300F42204006C230400D31C0400DC
:102A50001FB530B110F075F880B9002005B05DF8F1
:102A600004FB084B0293084B0193084B0093084961
:102A7000084BE5220320FFF741FDEEE700F0A6FF3B
:102A80000120EBE740C70300F422040020C7030045
:102A9000C2220400322304007FB5054618B1046841
:102AA00084B92C600CE0134B0293134B0193134B2E
:102AB00000931349134B40F203120320FFF71EFD4E
:102AC00004B070BD26466468002CFBD1B468002CAD
:102AD000F8D1346834B16368B3424FF000030CBFDF
:102AE0006360A360306900F071FF304600F06EFF54
:102AF000D6E700BF40C70300F422040020C703004C
:102B0000C222040024230400F7B5037AFF2B0446F5
:102B10000E4602D053B9002038E01F4B00931F49E6
:102B20001F4BF7220320FFF7E9FCF4E7076807EBE8
:102B300083052A46591912F8010BB04228D1581EB4
:102B400000EB800000F04CFF0028E4D0237A2060E6
:102B5000013BDBB200222372013D114600EB8303EF
:102B600015F801CFB44508D057F822C040F821C06D
:102B700095F800C003F801C0013194F808C0013293
:102B80009445EDD2384600F021FF012003B0F0BD9E
:102B90008A42D0D1BFE700BF5B2404008423040035
:102BA000D42404007FB5037A0392FF2B04460D461C
:102BB0003DD051B9284B0193284B00932849294B0C
:102BC0004FF498720320FFF799FC2068217A28B10E
:102BD00001EB81024B1E02445E1C33D1013101EB3B
:102BE000810100F035FF064650B3217A206000EBEA
:102BF00081000A460146043011F0D2FB237A0133EA
:102C0000DBB25A1E237202EB8303039AF554237A34
:102C100003F18043013BAD0846F823201F2D636874
:102C200028BF1F250122AA401343636008E00E4B12
:102C300000930B490B4B4FF496720320FFF75EFC99
:102C400004B070BD12F8016DAE4203D1039A40F892
:102C50002320F5E7013BBFE7A52404008BCC03004C
:102C600084230400C22404007F240400582882B076
:102C700024D8392809D8212810D807283ED01C2864
:102C80002DD005283AD0002327E03A381D4AC0B29B
:102C9000012383401342F6D0FF231EE0A0F122025D
:102CA000D2B201239340184A1A40002AF4D1174A9D
:102CB0001342E8D13428E6D10F230EE06D2808D85E
:102CC0006B2808D85A2817D0E6D95F380128E3D9ED
:102CD000D9E77428D7D14FF48073019309E000231A
:102CE0008DF807300A4B1A889B78ADF804208DF8D0
:102CF0000630019802B07047064BEEE76FF0604374
:102D0000EBE700BF110408028D0001000280800083
:102D1000BF240400A45C0300FF280FD068B18C28F6
:102D200002D8074B185C7047064A136B23B1926AAE
:102D30007330C0B29042F5D3002070473F207047F7
:102D4000E9240400BC6C00202DE9F04F91B0064648
:102D500008939DF8703004931B9B0691039213B166
:102D60001B9A00231360002E00F0FC80307800B323
:102D7000039B002B00F0F880049B13F003031BD08F
:102D80007D49002000E00130069B83420BD0335C7C
:102D90000D2BF8D841FA03F2D407F4D4069A8242F4
:102DA00001D903B101301B9B1BB11B9A4FF0FF33BC
:102DB000136011B0BDE8F08F049A8DF8333012F033
:102DC000010209921A9A0D9318BF6FF060421A928D
:102DD0000193DDF834B0069B5B457AD906EB0B0313
:102DE000079316F80B30002B73D01A9B002B70DD65
:102DF000049BBBF1000F01D143F004030293099B34
:102E0000002B4FF000051A9B0E9518BF6FF0604322
:102E10000EA906EB0B000A930FF02CFF0E9B0F93ED
:102E2000029B009503F0080307464FF0FF3AA946BE
:102E3000A8462C460B93079B1A5D002A42D00798A0
:102E40000FA90FF017FF09F1010305930B9B0090E9
:102E500063B139460DF133000FF0EBFF30B1DDE91E
:102E60000E43DDF81490009F0E93E4E7009A039858
:102E70003946FBF753FD804408B1089B9844BAF1EA
:102E8000FF3F09D1089BA8EB03020A9B9A4203DD8E
:102E9000029B59076AD4A2460A2F32D00D2F30D098
:102EA0000022364BD1B2595C39BB00980FF080FF3D
:102EB00020B938460FF07CFF002849D00E9CDDF881
:102EC00014904546BAF1FF3F21D0029B5A07544661
:102ED00026D40D9C002C40D10DA930460FF0CAFE1F
:102EE0001B9B0146002B3BD003982246FBF716FDA7
:102EF00001901B9B019A1A6032E08F4202F101029D
:102F0000CFD1002CDED1BAF1FF3FDED14546B9F179
:102F1000000F04D00D2F03D1009B0A2B00D10E9C73
:102F20001A9B5B1B1A93019B2B440193002CD0D05E
:102F300033785C440A2B0D94CBD00D2BC9D0335D74
:102F40000A2B02D00D2B7FF444AF01340D94C0E75F
:102F5000BAF1FF3F08BF454681E71B9B002BC8D154
:102F60000D9826E7304624E7039822E7631CD7D163
:102F7000DDF81490CBE700BFFEDBFFFF76250400F1
:102F80002DE9F04F89B0002505939DF85030069348
:102F9000DDE9129BC0E9005504461746884609B38F
:102FA00002B313F0010F104618BF6FF0604B0EF024
:102FB00045FB83B20646079318F8053008EB050A6F
:102FC0009BB955B11AF8013C0A2B01D00D2B04D145
:102FD000636819FA86F2134463606368002B32D188
:102FE000B6B2666009B0BDE8F08F069B029300237D
:102FF000CDE900B33A46059B4FF0FF315046FFF74D
:10300000A3FE636801460544079803EB0902C24228
:103010000AD50F4B12930F490F4B7022022009B0B3
:10302000BDE8F04FFFF76ABA079A13444B44636058
:103030003A46059B50460FF026FF23688342ACBFFB
:1030400023602060B8E7A3EB09036360CAE700BF11
:10305000B425040080250400E3250400054B00226C
:10306000C3F88420D3F89C2012B1D3F8A0001047F5
:10307000704700BFBC6C002010B5054C18212046DD
:103080000FF09CFB01232373BDE81040FFF7E6BF60
:10309000306D0020F0B5064685B017480F4615463E
:1030A0000FF094FB0446C8B14FF0FF330361037D7A
:1030B00007606FF300030375866000F02BFD237D2E
:1030C000606043F0020323750C4BE560012283F836
:1030D0008320FFF7C3FF204605B0F0BD084B0293E5
:1030E000084B0193084B00930849094BAA2203207F
:1030F000FFF704FAEFE700BF306D0020BC6C002042
:1031000004C703002926040020C70300F425040097
:103110008F26040038B5064D0446014628460FF0B8
:10312000B5FB0123AB732046BDE8384000F04EBC30
:10313000306D00201FB5044658B9094B0293094B66
:103140000193094B00930949094BCC220320FFF757
:10315000D5F9237D43F00103237504B010BD00BFF2
:1031600040C703009ED2030020C70300F4250400DB
:10317000802604002DE9F347604D95F888303BB96F
:10318000012385F8883095F8803033B985F8883088
:103190000126304602B0BDE8F08700F0BBFC804657
:1031A00030B9D5F898300133642B40D8C5F8983041
:1031B000DFF84C914FF0000A4846A5F882A00FF0C6
:1031C000A5FB0446002C3DD14D48DFF834910FF0AB
:1031D0009DFB4FF0FF360446002C79D1404610F09D
:1031E00066F9D5F890300344D5F89400C5F89030CE
:1031F00010F05DF9B0F5FA7F13D3D5F89030642262
:103200005343B3FBF0F0C0B290429CBF101AC4B25B
:10321000002385F88140C5F8903000F07BFCC5F8AC
:1032200094000023C5F8846085F88830B1E7354BF9
:10323000C5F89800344900935922344B0220FFF717
:103240005DF9B5E7214648460FF066FB237DD907B7
:1032500007462ED4606810F02AF9236898421DD3DF
:103260002669002E0FDD013E266100F053FCA368A5
:10327000606083B995F882300BB92369DBB1B5F88A
:103280008230B3B198E700F045FCA3686060002B82
:10329000F0D0002EEED020469847EBE795F882302C
:1032A0003BB923692BB9237D9A0720460DD5FFF73B
:1032B00031FF3C4686E7237D9B07204602D5FFF77A
:1032C00029FFDCE7FFF736FFD9E7FFF733FFF0E729
:1032D000237D13F001070AD1606810F0E8F8236835
:1032E00098422CBF3B461B1A9E4228BF1E462146D1
:1032F00048460FF011FB04466EE700BFBC6C00208F
:10330000306D00203B260400F42504009F260400B5
:103310001FB5044658B90A4B02930A4B01930A4B56
:1033200000930A490A4BD2220320FFF7E7F8237DD6
:103330006FF30003237504B0BDE81040FFF78EBEA5
:1033400040C703009ED2030020C70300F4250400F9
:10335000702604001FB5044658B90A4B02930A4B65
:1033600001930A4B00930A490A4BDF220320FFF71F
:10337000C5F800F0CFFB2368C01A0138606004B0C4
:1033800010BD00BF40C703009ED2030020C703004A
:10339000F4250400612604002DE9F04393B0274C86
:1033A0001A9D1C9F1F9E246811944FF000042DB994
:1033B00026F0100416F4806F264622D116F0200F56
:1033C00014BF4FF0410E4FF0610EAC460DF12408D2
:1033D0000025AEF10A0EBCFBF7F907FB19C95FFA2D
:1033E00089F4B9F1090F94BF30347444E4B2BC4598
:1033F00008F8014BBCFBF7F405F1010501D3202DC2
:1034000016D11E9C05941D9C0696CDE903749DF86B
:103410006C40CDE9015409AC00940FF0C1FD074B9D
:103420001A68119B5A404FF0000303D010F001FEC0
:10343000A446D0E713B0BDE8F08300BFB48A0220F1
:103440002DE9F04F97B0CDE90A23CDE90801DDE978
:1034500020762A4B289C1B6815934FF0000357EAEF
:103460000603DDE9249B05D124F0100314F4806FDA
:103470001C463DD114F0200F14BF412361230DF1F0
:10348000340A0025A3F10A0831464A465B4638460D
:10349000DCF7BAFFD2B2092A94BF303242444F451A
:1034A000D2B276EB0B060AF8012B05F1010501D328
:1034B000202D1AD1279B0593269B0694CDE90393D3
:1034C0009DF88830CDE901530DAB0093DDE908018B
:1034D000DDE90A230FF064FD084B1A68159B5A407A
:1034E0004FF0000306D010F0A4FD07460E46CBE7D0
:1034F0000025DFE717B0BDE8F08F00BFB48A0220D7
:103500002DE9F04F93B091460B930B1E0A93A54BF8
:103510001C9E14BF82469A4600250B9B187860B902
:103520004D450A992CBF09F1FF322A464B4600202F
:10353000D047284613B0BDE8F08F0B9F252807F130
:10354000010707D00A994B462A46D0476C1C0B97B7
:103550002546E2E700230DE02D2A29D0302A06D0A7
:10356000303A092A4FF0000812D80A2431E043F01B
:1035700001030F46394611F8012B2B2A1BD0EBD83B
:10358000202A1BD0232A1CD02A2A2AD04FF0000838
:103590003A782E2A7DD17978A1F13000092807F1F7
:1035A000010243F480636BD800244FF00A0C28E03A
:1035B00043F00203DDE743F00403DAE743F00803D6
:1035C000D7E743F01003D4E704FB0822A2F1300848
:1035D0000F46394611F8012BA2F130000928F3D922
:1035E000D6E756F8048BB8F1000FBCBF43F00203D6
:1035F000C8F100080F46CBE70CFB0411A1F1300421
:103600000246104610F8011BA1F13007092FF3D92B
:1036100017463A4612F8011B6C2943D03BD868295B
:1036200047D06A294FD03A4612F8010B0B927828FE
:1036300000F2A481612849D8252800F09F81242820
:1036400040F29C8100F0F702502A40F09781582800
:103650006DD0502867D179780B98562918BF384615
:1036600043F48873102207463978582903F48060A0
:1036700001D0502978D100285FD123F00C035EE0FF
:103680002A2905D156F8044B023724EAE474C0E72E
:1036900017460024BDE7742901D07A29C3D143F429
:1036A00080730BE079786C29F9D143F440730237C9
:1036B000B9E77978682903D043F080031746B2E769
:1036C00043F0C003F3E743F40073F7E7A0F16202AD
:1036D0003549D2B24FF0010C0CFA02F21140C1B9D7
:1036E000732800F0ED80632840F0488113F0020455
:1036F00000F0D38067460A9916F8040B4B462A4619
:1037000005F1010BD047002C00F0D8803C465A460A
:10371000CCE000F0DF02582A09D0502A9BD06F2855
:1037200007D0622807D023F010030A229CE710225A
:103730009AE7082298E7022296E723F00D0343F068
:10374000200313F4007172D0CDE907830023CDE983
:10375000042306F1070B2BF0070B06940293FBE8FA
:103760000223CDE900233DE069291FD064291DD043
:10377000002859D023F00D035629E2D1B3460A9907
:103780005BF8043B5A681268119200922944A9EB35
:1037900005021B685046FFF7B3FE05447B1C0B93E4
:1037A0005E46BAE69F2F03008560480008B123F00B
:1037B000010398051ED5073626F00706B346706844
:1037C0005BF8081B0694CDE9078300230593C30F1C
:1037D0000028029304920B4602DA4B4260EB400051
:1037E000CDE900300A994B462A465046FFF728FE9D
:1037F0000546D3E7D90506F1040B01D5316802E08F
:1038000058060CD53178CDE90224CDE9048300298E
:103810004FEAD1730193B8BF4942009112E01906F3
:10382000ECD5B6F90010EEE723F00C03A4E7D805B9
:1038300006F1040B0DD5CDE90483CDE902240191F5
:10384000336800930A994B462A465046FFF7A4FD79
:10385000CEE7590607D53178CDE904830023CDE9B9
:1038600002240193D9E7316813F0800F18BF89B2A1
:10387000F2E70A994B462020D047EA19013747451D
:10388000F7D3B8F1000F08F1FF3308BF002308F1A8
:1038900001071D4408BF02272DE72746EDE7551C09
:1038A0000A994B462020D04701342A464445F6D396
:1038B000A8EB0703B84538BF00239B445D462CE6C0
:1038C0003246002C52F804BB0C9214BF21464FF034
:1038D000FF3159445A46107808B1914210D1A2EBF9
:1038E0000B0713F480620D9202D0A74228BF27462F
:1038F00013F002030E9317D17B1B2A460F9307E0A8
:103900000132E8E7561C0A994B462020D047324640
:103910000F9BD3189845F5D8A8EB0703B84538BFD7
:1039200000237A1C1D449F185E46A5EB0B0B04E098
:103930001C460A994B462A46D0470BEB060516F85B
:10394000010B28B10D9B002BF3D0631E002CEFD18F
:103950000E9B8BB12A467C1B05E0561C0A994B46F0
:103960002020D047324613194345F6D3A8EB07036E
:10397000B84538BF00231D440C9ECEE50A994B463E
:103980002A466C1CD047E3E50CB41FB506AC0A46CA
:1039900054F8043B0094014604480394FFF7B0FD3B
:1039A00004B0BDE8104002B0704700BF972F03007D
:1039B00007B5009313460A4601460348FFF7A0FDEA
:1039C00003B05DF804FB00BF972F0300034A904249
:1039D00002D008B101F090BA704700BF206D0020FE
:1039E00030B505468FB030B301F05CFA0446F8B943
:1039F000124B134900934922124B01950120FEF707
:103A00007DFD07A80FF00AFD0A9B04939DF8353051
:103A100003939DF83430099A0293079B08499B1A37
:103A20000193094B00934D22064B0120FEF766FDE2
:103A300020460FB030BD054CFAE700BFF926040060
:103A4000B0260400892704001E270400206D0020F2
:103A500013B50E4C21B9FFF7B9FF204602B010BDD7
:103A6000A04205D1084602B0BDE81040FFF7B8BF3C
:103A700001F02CFA04460028EFD1054B00930549CC
:103A8000054B99220320FEF739FDE6E7206D002063
:103A900052270400B02604006D27040030B5054607
:103AA0008FB058B301F0FEF9044610BB144B154912
:103AB00000936622144B01950120FEF71FFD07A815
:103AC0000FF0ACFC0A9B04939DF8353003939DF8EE
:103AD0003430099A0293079B0A499B1A01930B4BB6
:103AE00000936A22084B0120FEF708FD20460FB024
:103AF00030BD2A4600210FF00FFCF7E7044CF5E734
:103B0000F9260400B0260400782704001E270400CC
:103B1000206D0020074BD3F8C02002B11047D3F826
:103B2000B800012183F8BC1093F8BC20002AF9D01A
:103B3000704700BFBC6C0020014BC3F8C000704749
:103B4000BC6C00207FB5436B013304460D460CD09E
:103B5000134B0293134B0193134B00931349144BD4
:103B600040F2B3420320FEF7C9FC6B1C15D0E16A9A
:103B70000422294404F130000FF018FC2E2665635E
:103B80000023E16A5A19885C18B10133032B8E5463
:103B9000F7D1E26A134400225A5504B070BD00BF49
:103BA000D1270400E827040020C70300932704005E
:103BB000DF28040013B5094B00937B22084B094909
:103BC00004460120FEF79AFC21460748EDF7C6F8A7
:103BD000044608F04DF9204602B010BDC6C70300E8
:103BE000CF28040093270400806203001FB5044619
:103BF00060B9084B0293084B0193084B00930849A6
:103C0000084B40F221120320FEF778FCE06A04B072
:103C100010BD00BF40C70300CCC7030020C703008E
:103C200093270400942804002DE9F04F0D4697B027
:103C3000044660B9714B0293714B0193714B009331
:103C40007149724B40F29B120320FEF757FC65B995
:103C50006A4B02936E4B01936A4B00936A496B4B1C
:103C60004FF4CE720320FEF749FC2B680793122213
:103C700000212046EEF790FE1022069012900021BF
:103C800020466D68EEF788FE12A92B1A1290204686
:103C90000893EDF763FB2046FFF7A8FF814612A8C3
:103CA0000EF0DEFA099012A80EF0DFFA0A90204614
:103CB0000FF086FC824620460FF072FC0546204637
:103CC0000FF076FC049050460DF0B8FC804620467C
:103CD0000FF07EFC05EB080307460B93002619F84E
:103CE000063009EB060B0BB935462BE00B9B0A9A05
:103CF00043449342059308DD94F85C3003F00F03CE
:103D0000012B04BF47F00407FFB200230193099B76
:103D100000930297049B52464FF0FF315846FFF73D
:103D200013F8089B984506EB00055EDB394B1195AF
:103D30001B6811A9484698470A2803D019F805308E
:103D400003B901354FF00008E26ACDF838804146EA
:103D5000204609F097FE12AB0293049B0397CDE92E
:103D600000A30146AB1B5A460EA80FF0B8FB8DF816
:103D70003780CDF83C805DB3DDE9062307F0080706
:103D80009C1A0F9B3344AB4222D20FAB11AA10A94D
:103D900058460FF067F847B10F9B0DF137001BF83D
:103DA00003100FF046F80028EBD1DDE91012504661
:103DB000FAF7B4FD0E9B1844844207DB0F9B9A1957
:103DC000AA4203D009EB0802925D92B9CDF83C807B
:103DD000114B0F991D685846A8473146044648467E
:103DE000A847204417B0BDE8F08FDDF814802E46B8
:103DF00075E7049A10440E909846C2E740C7030046
:103E0000CCC7030020C70300932704007D280400CB
:103E1000132804007C620300746203002DE9F04360
:103E2000C36AA3B00446002B00F005814FF0FF33B6
:103E3000836390F85C3043F0800380F85C3008A91D
:103E4000EDF78CFA08A80EF00BFA804620460FF02A
:103E5000B7FB064620460FF0A3FB074620460FF0AF
:103E6000A7FB054620460FF0B3FB814620460FF026
:103E700081FBCDE9018900973246E16A2B4606A80D
:103E8000FFF77EF8204608F0BCFC94F85C2002F0B6
:103E90000F02022A40F0EC80632200212046EEF758
:103EA0007BFD64220C90074600212046EEF774FD4E
:103EB00005460C9038B942F210724FF496712820E2
:103EC000FDF748FF05460CA8FDF78EFE21460CA81D
:103ED0000DF004FE4FF0FF310CA80DF01AFE4FF468
:103EE00096710CA80DF013FE1A990CA80DF013FE94
:103EF00008A8DDF818800EF0B3F9804553DD08A856
:103F00000EF0AEF9069A0021821A0CA80DF0EFFD12
:103F10009E490CA80DF0E4FD9C492046FDF702FFE8
:103F2000189930BB002906DD9DF88420199060F3B4
:103F3000C3028DF8842029460CA80DF0D3FD1899F2
:103F40000CA80DF0E2FD3FB194F85C20394602F078
:103F50000F020CA80FF0EFFA0CA8FDF75FFE08A8FF
:103F60000EF083F98A492046FDF7B8FE0023A365C9
:103F70005EE0426B90F854308A4203F00103DADAD3
:103F800019929DF884206FF3C3028DF88420002BD2
:103F9000D1D0D3B243F00103179A8DF88430159B2A
:103FA00017931592C7E7794920464FF00008FDF7AF
:103FB00095FEC4F8548008A8DDF81C900EF055F961
:103FC0008145CFDD08A80EF050F9079BA0EB03094F
:103FD00030460DF033FB4146A9EB00020CA80DF072
:103FE00086FD6B490CA80DF07BFD69492046FDF765
:103FF00099FE189910BB414506DD9DF88420199063
:1040000060F3C3028DF8842029460CA80DF06AFDE8
:1040100018990CA80DF079FD3FB194F85C20394651
:1040200002F00F020CA80FF086FA0CA8FDF7F6FDBF
:104030002046EDF731FA23B0BDE8F083426B90F8EB
:1040400054308A4203F00103DEDA19929DF884208D
:1040500068F3C3028DF88420002BD5D0D3B243F08F
:104060000103179A8DF88430159B17931592CBE7AF
:10407000032A40F08F80632200212046EEF78CFC5B
:1040800064220C90074600212046EEF785FC054689
:104090000C9038B942F210724FF496712820FDF757
:1040A00059FE05460CA8FDF79FFD21460CA80DF012
:1040B00015FD4FF0FF310CA80DF02BFD08A8DDF821
:1040C00018800EF0CDF8804528DD202211463046BC
:1040D000FAF724FC069AA0EB8000821A00210CA8B3
:1040E0000DF005FD29490CA80DF0FAFC29460CA895
:1040F0000DF0F8FC25492046FDF714FE00B1406B99
:10410000002F7FF421AF189B8342C1BF9DF88430FC
:10411000199067F3C3038DF884301DE71B492046CF
:104120004FF00009FDF7DAFDC4F8549008A8DDF857
:104130001C800EF09AF84045BFF614AF079A30463F
:10414000C2F100080DF07AFA4946A8EB00020CA86B
:104150000DF0CDFC0E490CA80DF0C2FC29460CA8B0
:104160000DF0C0FC0A492046FDF7DCFD00B1406BB4
:10417000002F7FF452AF189B8342C1BF9DF884305B
:10418000199067F3C3038DF884304EE7C134030000
:10419000BB340300012A7FF44BAF08A8DDF81C8074
:1041A0000EF063F880457FF743AF3046DDF81C80A2
:1041B0000DF044FA80457FF73BAF264BE06A1B6861
:1041C000984703287FF634AF08A80EF049F82E224E
:1041D000114680463046FAF7A1FB4319A3EB83034F
:1041E000434408A80C930EF040F8054630460DF005
:1041F00025FA384495FBF0F800FB185830460DF0CE
:104200001DFA8045A5EB08051DDB30460DF016FABA
:10421000054400220CA920460D95FFF705FD064632
:10422000E06A0FF0C1F80C4B31461B680B4E054697
:10423000E06A984705900599CB1C9D4205D320461E
:10424000FFF780FCF4E6ED1BE3E73368E06A05A9BD
:104250009847F0E770620300786203007C62030015
:10426000F0B50D4685B0044658B92F4B02932F4B3D
:1042700001932F4B00932F492F4B87220320FEF7EA
:104280003DF905B9E56A20460FF074F928460FF0AC
:104290008BF8461CE06AA8421DD194F85C30DB061E
:1042A00022D431462846FFF7D3FBE06268B9234B9E
:1042B0000293234B01931E4B00931E491E4B9322E6
:1042C0000320FEF71BF9E36A5BB3204605B0BDE8A7
:1042D000F040FFF7A3BD38B194F85C3013F010073D
:1042E00002D1FFF773FBE7623046FFF779FBE0622C
:1042F00058B9124B0293124B01930D4B00930D4989
:104300000D4BA3220320FEF7F9F8E06A48B12946D5
:104310000FF061F894F85C306FF3041384F85C30AC
:10432000D3E705B0F0BD00BF40C70300CCC7030012
:1043300020C7030093270400BD28040004C703001E
:104340002228040030B50C4685B0054658B9184BF4
:104350000293184B0193184B00931849184BDF2216
:104360000320FEF7CBF817492846FDF7B7FC16499E
:104370002846FDF7B3FC002205F1540011460DF06C
:104380007EFFA31E022B8CBF0023012304F00F0429
:1043900044EA831495F85C3023F04F031C4328460D
:1043A00085F85C4005B0BDE83040FFF737BD00BF81
:1043B00040C70300CCC7030020C7030093270400B5
:1043C000A6280400C1340300BB34030070B591F883
:1043D0005C300C4600254FF0FF3623F03F032A46A1
:1043E000CD624E6381F85C3004F1540029460DF033
:1043F00046FF4FF6FF73C4E911332046C4E90F5559
:10440000A6630221ECF744FB29462046FFF79AFFFA
:1044100020460249BDE87040FFF722BF362804005D
:104420001FB5044660B9084B0293084B0193084B33
:1044300000930849084B40F26E220320FEF75EF815
:10444000606C04B010BD00BF40C70300CCC70300C0
:1044500020C70300932704005B2804001FB504460F
:1044600060B9084B0293084B0193084B009308492D
:10447000084B40F27B220320FEF740F8A06C04B00A
:1044800010BD00BF40C70300CCC7030020C7030016
:10449000932704003B2804002DE9F04F4A48ABB0B5
:1044A0000E4608F05AF8012840F0888030460EF099
:1044B0001AF9054630460EF012F9A5F13103012B29
:1044C000044604D82BB0BDE8F04FFFF7A7BC1B2D66
:1044D0000DD10FF075F80DF0B1F8011EB8BF033122
:1044E000891030462BB0BDE8F04FECF7BBBD342D42
:1044F0006CD190F95C30002B51DA0FF061F88046F6
:1045000020460FF055F8814620460FF049F894F800
:104510005C30C3F340175A0682464FEAC7074FF094
:1045200001024FF00001204648BF47F00107EEF7B7
:1045300033FA6FF040439842149003D194F82B3033
:104540001B073ED52046ECF7B5FE054605220021A7
:104550002046EEF721FA8542149006DB0522002161
:104560002046EEF719FA054614902046D4F834B0E8
:104570000FF000F8CDE90157CDF800A04B46E16AF5
:10458000424604F14C00FEF7FBFC59462046FFF77B
:10459000D9FA94F85C306FF3C71384F85C30304676
:1045A0000EF0A5F8E36C02689A42ACBF02600360AB
:1045B000236D42689A42ACBF426043602BB0BDE8B5
:1045C000F08F6FF06045C1E7806203001D2DF5D1CB
:1045D00030460EF084F804463046ECF70BFD08A98F
:1045E00007462046ECF7BAFE20460EF0F1FF804663
:1045F00014A8F1F793F9E36A1B9394F85C309DF8E3
:10460000A020C3F3001363F3C7128DF8A020636DDD
:104610002593A36D269394F85C3003F00F03032BCE
:1046200008D008A80DF021FEB0F5806FA4BF04F1FA
:104630003803299314AA002120468DF89F8007F0A3
:104640004DFE9DF89E3013B901238DF89E30204613
:10465000FFF7E6FE1E902046FFF700FF1E9A1F9010
:104660004FF6FF739A4226D0984224D058224FF436
:1046700080212046EEF790F94FF480210246059004
:10468000204609F0DFF8C0F30722C0F3074310907B
:104690008DF883008DF884204FF480211C22204661
:1046A0008DF88530EEF778F9C0F307431090ADF838
:1046B00086008DF8883094F85C3003F00E03022BEE
:1046C0001AD19DF89E30023B012B15D86FF0604344
:1046D0000193239B0093CDF80880249B1D9AE16AE7
:1046E00010A8FEF74DFC08A8109D0DF0B9FD8542FD
:1046F000C4BF01238DF89E3007F118050DF1300974
:104700002A4608A948460DF05EFA00283FF456AF45
:1047100094F85C1011F00F0609D1204608F05BFBFD
:104720003146424208A80DF041FA236A0B9394F8EF
:104730005C3003F00E03022B10AE61D195E80F0040
:1047400086E80F0099E80F0085E80F0008AA14A971
:104750003846F1F723F996E80F0085E80F0095E851
:104760000F0086E80F0099E80F0085E80F0094F825
:104770005C3003F00F03032B3DD16FF060430193D6
:10478000239BCDF8088000931D9A249BE16A06A81C
:10479000FEF7F6FB08A8DDF818800DF061FD8045F6
:1047A00013DD636D069A1D9803EB02082022114663
:1047B000FAF7B4F800EB400040442590A36D26932F
:1047C00008AA14A93846F1F7E9F808A8DDF81C8012
:1047D0000DF04BFD80450EDD636D2593A46D079BA9
:1047E0001D981C440CF02AFF08AA044414A938465A
:1047F0002694F1F7D3F896E80F0085E80F00DDE680
:1048000008AA14A93846F1F7C9F8A8E7F0B50F4689
:1048100085B016461D46044658B90E4B02930E4B02
:1048200001930E4B00930E490E4BA2220320FDF77D
:1048300065FE94F8343065F34103C4E90B7684F8DF
:104840003430204607F0DDFF204605B0BDE8F040DB
:10485000ECF722BE40C70300CCC7030020C703000B
:10486000F7280400332904002DE9F04F624897B07F
:104870000D4607F072FE012816D128460DF033FFD1
:10488000064628460DF02BFF1B2E04460FD148226A
:104890000021EEF781F80446069028460DF027FF28
:1048A0000368A34200DA046017B0BDE8F08F342E2D
:1048B00034D1036B002BF7D0C36A002BF4D0284609
:1048C0000DF015FF0023276B1A4619466FF060465E
:1048D000BB4202D1C0E90012E6E7E56A05EBC30C72
:1048E00055F8335005F0C04EBEF1005F03D125F0FE
:1048F000C04EB64502D1A942B8BF2946DCF80450E3
:1049000005F0C04CBCF1005F03D125F0C04CB445AC
:1049100002D1AA42B8BF2A460133D9E71D2EC3D11E
:104920002846ECF767FB236B0090002BBCD0E36AB2
:10493000002BB9D002A92046ECF752FC2046029D7C
:1049400008F03FFAA5EB00092046039D08F03EFA67
:10495000A5EB000806A809F06BFD06AA0021204679
:1049600007F021FD0027236B013B9F429CD220468C
:10497000ECF75CFC83462046ECF77AFCE36A019393
:104980000546594653F8370003EBC7060EF049FEBB
:1049900048440D90706829460EF043FE4FEAC70A5E
:1049A000019B0E9006460AF1080003EB000A5946E7
:1049B00018580EF036FE48440F902946DAF80400E5
:1049C0000EF02FFE94F83430DB0747BFAE1B2D1AD4
:1049D00008EB0005464444BF4644454400980E9603
:1049E00006A91095F1F7B4FB9DF855306FF3C3039A
:1049F00001378DF85530B6E7A462030013B5094BB3
:104A000000933A22084B094904460120FDF776FD40
:104A100021460748ECF7A2F9044607F029FA204698
:104A200002B010BDC6C7030043290400F7280400E4
:104A3000A46203001FB540F20470FEF7D1FF0D4BD6
:104A4000C3F8C40198B90C4B02930C4B01930C4B67
:104A50000C49009364220C4B0320FDF74FFD0B4BD8
:104A600000930849084B66220320FDF747FD05B077
:104A70005DF804FBBC6C002004C70300B9290400E6
:104A800020C7030057290400E7290400C7290400B0
:104A90001FB501380B46032812D8DFE800F02214B6
:104AA000022217490A6852070AD008330393154BAC
:104AB00002930023CDE90033012218460EF0ECFDED
:104AC00005B05DF804FB0E490A6812F0060FF7D036
:104AD000073303930B4B02930023CDE900330222EB
:104AE000EBE707490A6802F00702022AE8D9073310
:104AF0000393044B02930023CDE900330322DCE748
:104B00003407002076AB030030B585B0364D28461B
:104B10000FF089F8034678B934490A68540706D07B
:104B2000334A0090CDE9010201220EF0B5FD6FF08D
:104B30001204204605B030BD2E482F4CFDF7D8FC9E
:104B4000FBF7B8FF2D48FEF7F7FFAB682146284674
:104B500041F8045BDB692A4D9847E188A088EFF7AC
:104B600079FC286000283BD02146EFF7A3FD286898
:104B700000F050F8044678B11C490B685A0708D079
:104B8000204B02930023CDE90033012218460EF09A
:104B900083FD6FF08504CCE70090024643F668334E
:104BA00028681949EFF7C2FA184843F6683100F04F
:104BB0005DF928680221EFF79DFA0EF049FE051E07
:104BC000B7DA0A490B685B0708D0114B0094CDE9AE
:104BD00001430122234620460EF05EFD2C46A8E745
:104BE0006FF00B04A5E700BF2C460300340700203C
:104BF000FA290400914A020058E500207F3603009C
:104C000070E50020142A0400F0A90020886E00201E
:104C10002B2A040010B50446EFF756FD037C082B41
:104C200009D863B1013B072B09D8DFE803F0253130
:104C3000083108080815102B24D0202B22D0002181
:104C40002046EFF761FA2046234635220021EFF790
:104C5000D9FB6FF085000EE010212046EFF7EAFC4B
:104C600011492046EFF750FA234635220021184615
:104C7000EFF7C8FB002010BD0F212046EFF7DAFC4C
:104C80000A49EEE712212046EFF7D4FC0849E8E78D
:104C900007212046EFF7CEFC06492046EFF734FA0D
:104CA000054923463522E2E70F380300AD370300FC
:104CB0006B370300BD4C02001D3703002DE9F04F98
:104CC0008C680B680134E41ACB6890464A6891B04E
:104CD00001339B1A0E461FFA83FB0690EFF7F4FC94
:104CE000C368076803F0040305460698039309F0B8
:104CF00029FA5C4B297CD3F800905B4B02901B682F
:104D00000593043918BF4FF0FF31C9B21A4648461F
:104D10000FF060FB4FF0000CA4B208F10808E64663
:104D200061468B4555D94FEADE030793CB0804FB58
:104D30000393099301F007030A93CB430CF1FF306F
:104D400003F00703002208900B932FE00EEB020301
:104D50000898DB08801A18F8033000F007000341B8
:104D6000DB0722D5EB68D80703F0020A25D5099B9B
:104D7000BAF1000F03EB0200DDE90A3A18BF53460F
:104D800090F800A0CDF810A04FF0010A0AFA03F342
:104D90005FFA83FA2B7C042B049B0BBF43EA0A03C4
:104DA00023EA0A0A037080F800A001329442CDD8A9
:104DB0000131A644ACEB040CB3E7079B03EBD20034
:104DC0004844D3B2BAF1000F00D0DB4303F007032D
:104DD000D6E7059A494640460FF0D4FA039B53B1F3
:104DE0002B7D43B9029B33B9BB681B680BB13846B6
:104DF000984701232B750BFB04F3DB080D93029BF3
:104E0000ADF83C4083F001038DF83E30BB68CDF82F
:104E10000080ADF83840B2889C683188ADF83AB06F
:104E20000DAB3846A047EB681B0708D5BB68CDF82B
:104E300000809C68B28831880DAB3846A047039B40
:104E400053B1029B43B12B7D33B1BB685B680BB19F
:104E50003846984700232B75069809F070F911B071
:104E6000BDE8F08F78E5002074E50020024B186063
:104E7000024B1960704700BF78E5002074E5002000
:104E80007FB50BAB05930393054B02930023CDE94C
:104E9000003302221846DEF7ADFF07B05DF804FBD1
:104EA000542A040010B50146EFF31184202383F344
:104EB0001288BFF36F8F044803F0ECFC84F3118871
:104EC000BFF36F8F10BD00BF7CE5002010B50B460F
:104ED000EFF31184202282F31288BFF36F8F002238
:104EE0000146044803F081FD84F31188BFF36F8FFE
:104EF00010BD00BF7CE5002010B50146EFF3118422
:104F0000202383F31288BFF36F8F044803F0B0FCB3
:104F100084F31188BFF36F8F10BD00BF7CE50020C4
:104F20001FB50A4C237873B909490A6812F0060FB5
:104F300007D0084A0093CDE9013218460222FFF754
:104F40009FFF0123237004B010BD00BFE5E80020DF
:104F500034070020542A0400024903484FF48042D9
:104F600003F0E5BDF81000207CE5002008B5124BE9
:104F7000A822002118460FF02DFA032202610F49E2
:104F800042610F4A8161C2614FF480620262002275
:104F900082624262C26201660A49416610218166EC
:104FA000094902670346C266426711F8010D985429
:104FB0000132102AF9D108BD10040020982A0400FB
:104FC0001000002000000020B12A04002DE9F84F55
:104FD000DFF87C80182606FB008E00FB0666464440
:104FE000DEF82440DEF828C07368A44507468946E9
:104FF000154603EB040022D8DEF820B0ABEB040A20
:105000000AF1FF339A4203D80FF0BCF92C440FE0A9
:1050100063449A4219D852462C440FF0B3F9B4EBCA
:105020000B0405D07068224609EB0A010FF0AAF9BB
:10503000182303FB078301205C62BDE8F88F0CF1A5
:10504000FF3CACEB040C9445DED20020F5E700BF3A
:1050500010040020034B182202FB00339A6A586A9E
:10506000801A70471004002010B4084A0849002331
:10507000C85C12F8014D844204D10133102BF7D1E2
:1050800010BC704710BCFFF771BF00BFB12A04000D
:1050900010040020F0B585B005460EF00CFC10F1B0
:1050A000320741F1000695F82C10A86A0EF0ECFBCF
:1050B000044608B1012013E00EF0FDFB874276EBB9
:1050C00001010FDA09490B685B0708D0084B00940F
:1050D000CDE901430122234620460EF0FDFB0020CE
:1050E00005B0F0BD322002F01FF8DCE748070020D1
:1050F000B22A04007FB504460EF0DDFB10F1320544
:1051000041F1000694F82C10A06A0EF0BDFB08B91E
:10511000012013E00EF0CFFB854276EB01010FDAA0
:1051200009490B685B0708D0084B02930023CDE9BF
:105130000033012218460EF0CFFB002004B070BDF2
:10514000322001F0F1FFDDE748070020D22A0400F9
:105150002DE9FF4107464568D0F8108040460EF023
:1051600022FE28680EF05FFD5A4E78B93368590761
:1051700009D0594B02930023CDE900335549012250
:1051800018460EF0A9FB6FF012042BE0E86818B186
:105190000EF0DCFB0028E9D0286B0EF0D7FB05F100
:1051A0003004034648B932685207ECD04B4A4949AB
:1051B0000093CDE901320122E3E720464FF420219C
:1051C0000EF04DFB044688B133685F070AD0444BAC
:1051D000039002930023CDE900333E490122184693
:1051E0000EF07AFB204604B0BDE8F081286A0EF08C
:1051F000ADFB05F12004034620B932685607C2D042
:10520000384AD4E720464FF420210EF028FB04460C
:1052100028B133685D07E5D0334B0390D9E7A8691F
:105220000EF094FB05F11804034620B932685407C8
:10523000A9D02E4ABBE720464FF480310EF00FFB79
:10524000044628B133685907CCD0294B0390C0E7F6
:10525000A86A0EF07BFB05F12804034620B93268EA
:10526000520790D0234AA2E720464FF480310EF037
:10527000F6FA044628B133685B07B3D01E4B03909F
:10528000A7E77F682037014638460EF035FB0A2035
:105290000EF04CFB012138460EF02EFB32200EF0B2
:1052A00045FB012388F81430AB6BC8F8183033681D
:1052B00088F8154003F00703022B93D90F4B0549DB
:1052C0000094CDE901430322234620460EF004FB5F
:1052D00088E700BF48070020CABF0300ED2A04008A
:1052E000002B0400212B0400342B0400552B040058
:1052F000682B0400892B04009D2B0400BF2B0400A5
:10530000F0B5456889B004461646002340F267624E
:1053100028460F46FFF7EEFE28B960680EF000FB46
:105320004FF0FF3524E06068012130300EF0E4FAE0
:10533000CDE9047604AB012629460693079651F879
:10534000040B836806AA1D680023A847054690B190
:1053500016490B685B0709D0154B02930023039095
:10536000CDE90033324618460EF0B6FA6FF001056B
:10537000284609B0F0BD606840F267620023FFF77D
:1053800089FE0028C9D060680EF0CAFA05200EF028
:10539000CDFA606840F267620023FFF7ABFE002899
:1053A000BBD060680EF0BCFAE2E700BF48070020FF
:1053B000DF2B040073B50669337D04460D463BB30D
:1053C0004FF0FF324FF0FF33304601F0CFF8012DA0
:1053D00017D0022D17D0C5B90F4B1A88ADF804208D
:1053E0009B788DF806302046032201A9FFF788FF3D
:1053F000044600B9757530460EF096FA204602B0A4
:1054000070BD064BE9E7064BE7E76FF08504F2E76E
:105410006FF01204F2E700BFF42B0400544C0300B9
:10542000F82B0400F0B504460E46456889B000210B
:10543000304617460EF0CEFF606840F267620023E8
:10544000FFF758FE28B960680EF06AFA4FF0FF3592
:1054500024E06068012130300EF04EFACDE9046797
:1054600004AB012629460693079651F8040B83687E
:1054700000221D6806ABA847054690B116490B6887
:105480005B0709D0154B029300230390CDE900334D
:10549000324618460EF020FA6FF00105284609B092
:1054A000F0BD606840F267620023FFF7F3FD00285B
:1054B000C9D060680EF034FA05200EF037FA606843
:1054C00040F267620023FFF715FE0028BBD060683A
:1054D0000EF026FAE2E700BF48070020FC2B04008C
:1054E0002DE9F04389B00E468DF819109046042737
:1054F000022206A981468DF81870FFF701FF1A4DA8
:10550000044680B12B68580709D0184B029300233A
:10551000CDE900330122294618460EF0DDF9204678
:1055200009B0BDE8F0833A4607A94846FFF77AFF7D
:10553000044620B12B685907F1D00D4BE6E7079BD5
:10554000C8F800302A685207E9D5CDE90463094B51
:105550000393094B02930823CDE900033A4603461F
:1055600029460EF0B9F9DAE748070020102C0400AC
:10557000352C0400482D0400532C04002DE9F04F75
:10558000D0F81080AA4B98F8149093B005460F46B7
:105590001B6811934FF00003B9F1000F00F0A581D3
:1055A000002900F0A281072A40F29F814FF0FF32CC
:1055B0004FF0FF33404600F0D9FF9E4B1A88ADF8FC
:1055C00030209B788DF8323003220CA92846FFF753
:1055D00097FE044660B140460EF0A6F9944B1A6857
:1055E000119B5A404FF0000300F082810EF021FD24
:1055F000162302220AA92846D5F810B0ADF82830A3
:10560000FFF77EFE04460028E5D10EF054F90B9416
:1056100006468A460BAA02212846FFF761FF044688
:105620000028D8D10B9C14F400741FD10EF043F95C
:10563000DBF81830801B61EB0A01834274EB010137
:1056400010DA7D490B685F0702D14FF0FF34C2E7E3
:105650007A4B0094CDE901430122234620460EF007
:105660003BF9F2E705200EF061F9D3E74FF4407300
:105670000C93062202230CA92846ADF83430FFF71C
:105680003FFE04460028A6D16D4EDFF8ACA1D6F847
:105690000300B6F807300C9006220CA92846ADF896
:1056A0003430FFF72DFED6F809000C9006F10903FF
:1056B00007930622B6F80D30ADF834300CA9284611
:1056C000FFF71EFED6F80F000C9006F10F030893AB
:1056D0000622B6F81330ADF834300CA92846FFF78F
:1056E0000FFED6F81500737E0C9005220CA92846F3
:1056F0008DF83430FFF704FE06F1030B01F090FC47
:1057000000260BAA132128460B96FFF7E9FE10BBD3
:105710000B9EC6F308060A2E20D8002E00F09C80AF
:1057200036B20A2302220CA92846ADF83030FFF722
:10573000E7FDA8B1DAF800305E0709D0414B0293CB
:105740000023CDE900333C49012218460EF0C4F88D
:105750000134102CD2D14FF000092FE00A26E0E7E7
:10576000099032460EA92846FFF75CFE099B30B12E
:10577000DAF800205007EBD0334A0292E1E7DAF87A
:10578000003059070CD5314B0393314B029308235A
:10579000CDE9000328490496034604220EF09CF844
:1057A0009DF83830002B57D17B1E0DF14202073790
:1057B00012F8011D03F8011FBB42F9D11723022281
:1057C0000AA92846D5F810A0ADF82830FFF798FDB3
:1057D000044630BB0EF06FF80B9406460F460BAA3A
:1057E00002212846FFF77CFED8B90B9C14F4807484
:1057F00071D10EF060F8DAF81830801B61EB070108
:10580000834274EB010162DA0B490B685B0708D035
:10581000104B0094CDE901430122234620460EF0AF
:105820005BF840460EF080F809F1FF34D6E600BF81
:10583000B48A0220F42B040048070020702C0400D6
:10584000544C0300952C0400B62C04002B2D0400AE
:10585000D62C0400FE2C04000F2C3FF47CAF079BD9
:1058600018680C909B88ADF8343006220CA92846A5
:10587000FFF746FD089B18680C909B88ADF8343004
:1058800006220CA92846FFF73BFDDBF80000BBF819
:1058900004300C9006220CA92846ADF83430FFF7EE
:1058A0002FFD154B18680C909B88ADF834300622FC
:1058B0000CA92846FFF724FD38B9092302220AA9BA
:1058C0002846ADF82830FFF71BFD013416E7052008
:1058D0000EF02CF883E7094BADF8340006220CA932
:1058E00028460C93FFF70CFD9BE76FF0030475E669
:1058F000204613B0BDE8F08F242D04000003000102
:1059000030B58BB004468DF81710183000210EF01A
:105910004DF80DF1170321460125069306ABCDE99D
:10592000083551F8040B0795836808AA1C68002302
:10593000A04700280DDA08490B685B0709D0074B20
:10594000029300230390CDE900332A4618460EF057
:105950001EF80BB030BD00BF580700206D2D0400AD
:1059600030B58BB004468DF81710183001210EF0B9
:105970001DF80DF1170321460125069306ABCDE96D
:10598000083551F8040B0795836808AA1C680023A2
:10599000A04700280DDA08490B685B0709D0074BC0
:1059A000029300230390CDE900332A4618460DF0F8
:1059B000EEFF0BB030BD00BF580700208A2D040059
:1059C0001FB500F12004002120460DF0EFFF0EF07E
:1059D00001F8012120460DF0E9FF0DF0FBFF084919
:1059E0000B6803F00703022B08D9064B0293002330
:1059F000CDE90033032218460DF0C9FF04B010BDF5
:105A000058070020A42D040030B5044685B0006876
:105A10000EF009F988B94B490B68580708D04A4B72
:105A200002930023CDE90033012218460DF0AFFFA9
:105A30006FF01205284605B030BDE06818B10EF0D1
:105A4000F2F80028E7D0A06904F118050EF0EBF891
:105A5000034648B93B490A685207E9D03B4A0093DC
:105A6000CDE901320122E1E7206A0EF0DCF80346BD
:105A700028B934490A685507DAD0354AEFE7A06AF1
:105A80000EF0D1F8034628B92E490A685407CFD042
:105A9000304AE4E728464FF4D0110DF059FF051EB7
:105AA0000EDA28490B685807C4D02B4B0395029394
:105AB0000023CDE90033012218460DF068FFB9E755
:105AC0004FF4D01104F120000DF042FF051E06DA5C
:105AD0001C490B685A07ADD0204B0395E7E74FF4FC
:105AE000803104F128000DF033FF051E06DA154958
:105AF0000B685B079ED01A4B0395D8E72046FFF74B
:105B00005FFF20460DF06BFF12212046FFF7F8FEE5
:105B100020460DF064FF628E238E013A92B200920D
:105B2000013B00229BB2114620460DF070FF00227F
:105B3000114620460DF098FF20460DF050FF00253D
:105B400078E700BF58070020BD2D0400CF2D0400CA
:105B5000212B0400892B0400E12D0400002E0400F9
:105B6000202E04001FB504461021FFF7C9FE0121B5
:105B70002046FFF7F5FE08490B6803F00703022BE8
:105B800008D9064B02930023CDE9003303221846BF
:105B90000DF0FDFE04B010BD58070020412E04009A
:105BA0001FB50446FFF730FF002822DB21212046E5
:105BB000FFF7A6FE40212046FFF7D2FE0021204637
:105BC000FFF7CEFE3C212046FFF79AFE0521204636
:105BD000FFF7C6FE11212046FFF792FE0321204663
:105BE000FFF7BEFE09490B6803F00703022B02D83A
:105BF000002004B010BD064B02930023CDE9003312
:105C0000032218460DF0C3FEF2E700BF580700203C
:105C1000592E04001FB50446FFF7F6FE002839DBB5
:105C200021212046FFF76CFE40212046FFF798FE19
:105C300000212046FFF794FE3C212046FFF760FE3E
:105C400005212046FFF78CFE1A212046FFF758FE5B
:105C50005A212046FFF784FE22212046FFF750FEFE
:105C600091212046FFF77CFE20212046FFF748FEC9
:105C700020460DF0B4FE11212046FFF741FE03211E
:105C80002046FFF76DFE09490B6803F00703022B5E
:105C900002D8002004B010BD054B02930023CDE9CB
:105CA0000033032218460DF072FEF2E75807002079
:105CB0007D2E04007FB5048E438E0734E41024212A
:105CC00005465C43FFF71CFE0026A64217D126219D
:105CD0002846FFF715FE0026A64216D10E490B688E
:105CE00003F00703022B08D90C4B02930023CDE9E4
:105CF0000033032218460DF04AFE04B070BDFF21A8
:105D00002846FFF72DFE0136DFE7FF212846FFF783
:105D100027FE0136E0E700BF580700209D2E040053
:105D200030B50D4904690B68456803F00703022B81
:105D300085B008D9094B02930023CDE90033032233
:105D400018460DF05CFF2846FFF70CFF01230020EA
:105D5000237005B030BD00BF5C070020C72E0400D3
:105D600030B50F4905690B68446803F00703022B3F
:105D700085B008D90B4B02930023CDE900330322F1
:105D800018460DF03CFF94F8343020462BB1FFF755
:105D900041FF00B9287005B030BDFFF701FFF8E7FB
:105DA0005C070020E02E040004291FB50B4612D02A
:105DB0000A490A68520709D00393094B029300234A
:105DC000CDE90033012218460DF019FF6FF0850070
:105DD00005B05DF804FB0020FAE700BF5C07002077
:105DE000F72E0400F0B5504E45683368076903F09C
:105DF0000703022B85B009D94C4B02930023CDE950
:105E000000330322314618460DF0F9FE28680DF0E4
:105E10000AFF78B933685D0709D0454B0293002328
:105E2000CDE900334049012218460DF0E8FE6FF03D
:105E300012044DE0E86818B10DF0F5FE0028E9D035
:105E4000A8690DF0F0FE034648B932685407EED059
:105E5000384A35490093CDE901320122E5E7286A45
:105E60000DF0E1FE034620B932685107DFD0324A17
:105E7000EFE7A86A0DF0D7FE3268034618B952075B
:105E8000D5D02E4AE5E795F8343002F0070213B377
:105E9000022A09D92A4B02930023CDE90033224973
:105EA000032218460DF0ABFE2846FFF7B3FE00288C
:105EB00004461FDA33685B070AD0224B02930023A3
:105EC0000390CDE900331849012218460DF097FEE2
:105ED000204605B0F0BD022A08D91B4A124900939A
:105EE000CDE90132184603220DF089FE2846FFF75E
:105EF00057FEDCE72846FFF7DDFE28460DF0ECFDF7
:105F000000233B70326802F00702022A01D8002405
:105F1000DEE70E4A04490093CDE901321846032218
:105F20000DF06DFEF3E700BF5C070020142F0400A6
:105F3000BD2D0400CF2D0400212B0400892B04006B
:105F4000382F04007A2F0400572F0400982F0400E4
:105F5000034A044B02609B1A1820B3FBF0F0704711
:105F6000B44503005C4603001FB50446DDF7D8FDC9
:105F700007490B685B0708D0064B02930023CDE965
:105F80000033012218460DF059FE20460DF066FE42
:105F900044070020E22F04002DE9F041044686B0BA
:105FA0000D46EFF31188202383F31288BFF36F8F20
:105FB0002B4F2C4A3B68966859074ED0042898BF4F
:105FC000294B127C94BF53F82030284B0390CDE925
:105FD0000432274B02930023CDE9003320490122EC
:105FE00018460DF02BFE85B1EB693A68C3F3080340
:105FF0005BB152071AD01F4B02930023CDE9003347
:106000001749012218460DF019FE3B685B070DD0B9
:10601000D6B91948194B02930023CDE90360CDE9A5
:1060200000330F49012218460DF008FE294620468C
:10603000FFF79AFF88F31188BFF36F8F304606B0E1
:10604000BDE8F041DFF70ABF30460DF00AFF002837
:10605000DFD00378002BDCD0DCE7002DC4D1E5E7EE
:1060600044070020A4E5002090630300EEBE030077
:10607000F12F04001930040059BD03003A30040028
:1060800038B5094B53F82040013053F82050A54251
:1060900000D838BD636823B120460DF0E7FD083411
:1060A000F5E723689847FAE7A463030070B52B4B24
:1060B0002B4C2C4D012286B003201A70FFF7E0FF15
:1060C000DFF75EF90DF0EEFD0420FFF7D9FF26465D
:1060D000AE4204F1300410D300F052FF204C224EA7
:1060E000AC4226D300F060FFDBF76AFE1F4A137B49
:1060F00023F00103137306B070BD54F80C3C0593F4
:1061000054F8103C049354F8143C039354F8183C8E
:10611000029354F81C3C019354F8203C009354E93A
:106120000A2354E90C0100F00FFD54F8303C5E6581
:10613000CDE7D4E90A23B3F1FF3F08BFB2F1FF3F37
:1061400005D052EA0301206803D101F00BF8303486
:10615000C6E73146183001F0E1F9F8E7E7E800203A
:10616000E047030030490300773F0300B0510020AF
:1061700008B50348034A0021121A0DF08FFD08BD2F
:10618000B0090020ECE8002070B5174E174D1849F3
:1061900086B0B82303FB0066164B059301220F233C
:1061A000CDE903320023CDE90133142303FB00556D
:1061B00004464FF4C07000FB04110F4B00954FF4E0
:1061C000A072304600F0C0FC737B0C4AEE6023F0F6
:1061D000040373734FF4046304FB033313442C74FC
:1061E0006B6006B070BD00BFF8500020A4E5002031
:1061F000006301209C300400673D0300C05A012069
:106200002DE9F743164D174F174E04468846B8F14F
:10621000000F02D103B0BDE8F08304F04AFF134938
:10622000D1E90032C31842F1000007FB03F205FB7D
:106230000022A3FB05309B1942EB0002B8F1040FCA
:10624000C14628BF4FF00409C1E90032019220463F
:106250004A4601A90DF024FDA8EB09084C44D6E7F5
:10626000FDB0B087E62EBB272DF304B5C80400208F
:1062700080B5002088B0FFF703FF334B83F3088815
:10628000324D334E6B69334F43F400736B6100241E
:10629000E02385F82230EC772C766C76AC7685F8A6
:1062A00020406B6A43F4E0236B6285F82340DFF7FC
:1062B00049FDDFF7E7FE4FF0FF33AB62EB62264D9F
:1062C000DFF7CCFFDFF702FFDDF710FC40F2011330
:1062D0002846AB81C5E9264401F036FBB5600DF0D8
:1062E000A1FC0120FFF7CCFE0220FFF7C9FE04212C
:1062F00007A8FFF785FF194B079A1A601A68184D0F
:1063000012021A6000F084FE164B7561059301239A
:1063100015490094CDE903434FF400423B46CDE9D3
:106320000144284600F010FC6A7B064622F0040275
:1063300028466A730DF0E2FD2046FFF725FF3A4636
:1063400031462846DFF77EFE0063012000ED00E0C5
:10635000A4E50020AD60020068520020B48A02204B
:10636000B0510020FF7303008064012038B5064C53
:10637000064D0020AC4200D338BD20460DF093FC02
:106380000028F9DB1C34F5E7A8070020A807002047
:1063900073B50C46EFF31181202585F31288BFF306
:1063A0006F8FC5685DB125602B68C3608369013359
:1063B0008361002081F31188BFF36F8F11E052EAEF
:1063C000030603D125606FF00B00F3E7CDE900234E
:1063D0000246083000F034FD18B9034B9B685B6936
:1063E000236002B070BD00BFA4E500202DE9F34199
:1063F00004460E4600F10807EFF31188202181F3CF
:106400001288BFF36F8F006AE168884232D2256834
:10641000AC4217D0B5B128460DF0B0FC05F118001C
:106420000DF028FEA2686869314600240DF0AAFF2D
:10643000C5F8B04028460DF061FD4146384600F0F1
:1064400079FD25E0A268E06931460DF09BFFE36924
:10645000A26813446269E361934204BF2369E36164
:10646000236A0133236204F1240010210DF065FF3B
:106470000024E2E752EA03010ED009498968384650
:106480004E61CDE900234146224600F0D9FC044686
:10649000204602B0BDE8F0816FF02204CDE700BFD6
:1064A000A4E50020F7B5044604F108070846EFF319
:1064B0001186202181F31288BFF36F8F216A002992
:1064C0003AD0A268A1690DF05DFFA369A2682568B2
:1064D00013446269A361934204BF2369A361236AE1
:1064E000AC4203F1FF33236234D02846002D32D072
:1064F0000DF044FC05F118000DF0BCFDA2686969BF
:10650000E0690DF03FFFE369A26813446269E3614B
:10651000934204BF2369E361236A013323620024A9
:106520002846C5F8B0400DF0E9FC3846314600F089
:1065300001FD204603B0F0BD52EA030110D00A4924
:1065400089684861CDE9002331462246384600F08B
:1065500077FCEFE7002086F31188BFF36F8FE9E740
:106560006FF02200F7E700BFA4E500202DE9F3411A
:10657000044617461E46EFF31188202383F3128842
:10658000BFF36F8FC368334A7BB1806891688842DC
:1065900019D057EA060318D188F31188BFF36F8F1B
:1065A0006FF00F0002B0BDE8F081916891F90E1014
:1065B00021610133E3609368A36088F31188BFF31E
:1065C0006F8F0020EEE72169F2E791F90E1090F944
:1065D0000E309942A8BF19466FF07E029142B8BFB3
:1065E00011468B422DDD0DF0D6FB0546CDE9007638
:1065F00019482246414600F023FC0028E1D0EFF381
:106600001186202383F31288BFF36F8FA068D0B167
:10661000236821699C420AD04BB193F90E3099420C
:10662000A8BF19466FF07E039942B8BF19460DF016
:10663000B2FB40B10848314600F07CFC6FF00A0024
:10664000B0E70025D2E7002DF4D186F31188BFF31F
:106650006F8FF3E7A4E50020E8E80020F8B5836831
:106660000546002B40D0234A926893423FD1C3682D
:10667000012B03D9013BC3600020F8BDEFF3118764
:10668000202383F31288BFF36F8F016980680DF0B8
:1066900082FB2C68A54207D10023C5E9023387F3AA
:1066A0001188BFF36F8FE7E7002CF5D0D4E90032F3
:1066B00013605A60637B002623F002036373C4E90E
:1066C0000066A66004F118000DF0D4FCAC6094F9EB
:1066D0000E302B612046C4F8B0600DF00FFC064868
:1066E000394600F027FCC7E76FF01500C5E74FF00B
:1066F000FF30C2E7A4E50020E8E8002070B5EFF322
:106700001186202383F31288BFF36F8F0468A042A1
:106710001BD0D4B1D4E9003213605A60637B0025EA
:1067200023F00203C4E900556373A56004F1180067
:106730000DF0A0FCC4F8B05020460DF0DFFB314650
:106740000748BDE8704000F0F5BBD0E902329A423C
:1067500018BF01338360022110300DF0EEFDEEE72B
:10676000E8E8002013B5EFF31181202484F31288A8
:10677000BFF36F8F846844B1013C846081F311885A
:10678000BFF36F8F002002B010BD52EA030406D1A0
:1067900081F31188BFF36F8F6FF00F00F3E7CDE93E
:1067A00000230246014800F04BFBECE7E8E800203C
:1067B0002DE9F0410546EFF31187202383F312887A
:1067C000BFF36F8F00266FF00A082C68A54215D022
:1067D000A4B1D4E9003213605A60637BA66023F051
:1067E0000203C4E90066637304F118000DF042FC73
:1067F000C4F8B08020460DF081FBE6E7002305F1E8
:106800001000AB6002210DF098FD39460248BDE84A
:10681000F04100F08FBB00BFE8E800202DE9FF4108
:106820004F4E04462027EFF3118887F31288BFF3F9
:106830006F8FD4F8B850F5B9022104F1D0000DF0F3
:10684000C9FA002868D004F1C805002201212846B1
:106850000DF0CCFB0028F8D1002302934FF0FF325B
:106860004FF0FF33CDE90023414604F1C0023D481B
:1068700000F030FDD7E7D4F8BC202B68C4F8B8305E
:10688000954208BFC4F8BC30D4F8D03043F00203BE
:10689000C4F8D030EB6823F0040343F00103EB604D
:1068A0006B6888F31188BFF36F8F28469847EFF322
:1068B000118887F31288BFF36F8FEB68D80623F037
:1068C000010236D4EA60EB689A0716D5306823F0E7
:1068D0000203EB6088B10368002170B14268954201
:1068E00035D1036869BB72683360824200D173603E
:1068F000002340F8083BFFF701FFD4F8D03023F025
:106900000203C4F8D03088F31188BFF36F8FDB0522
:1069100089D400F085FB86E7D4F8D030D9069BD522
:10692000C4F8D00088F31188BFF36F8F04B0BDE8BE
:10693000F08123F01103EB6005F11000FFF7DEFE9C
:10694000C1E70B607368834208BF7160D0E723B171
:106950001A68014618461346BFE71A46F9E700BF12
:10696000C8E50020E8E80020F8B5C3689A070446A7
:106970000F46C3F340062CD45B071AD40B680BB93F
:1069800083680B60E368DD0744BFA3683B603D6834
:106990004CBF02260126002D3AD01F4B9B68AB420C
:1069A0000AD0D5F8D030D807C3F3800214D46FF0E2
:1069B000120600233B6025E00DF04AFAD5F8D030EE
:1069C0000028F0D1D907C3F3C002F0D552B15B075C
:1069D00008D46FF00F06ECE7002AFAD1C3F3C00326
:1069E000002BF6D100232360D5F8BC3063B9C5E98C
:1069F0002E4428460DF0F9F9E36843F00403E36000
:106A00003B68A3603046F8BD1C60C5F8BC40F0E7A9
:106A10006FF01506CDE700BFA4E500200146014850
:106A20000DF006BA40530020F0B589B004460020AE
:106A3000C4E92E000E9D04F1C000C4E9300004F149
:106A4000C800C4E932004DB32879002840F2011093
:106A500008BF0120C4F8D00000204FF0FF364FF0EF
:106A6000FF37CDE90330CDE90100CDE906670C4BD6
:106A70000094204600F0E4F855B1296811B1204691
:106A800000F010F86B791BB1237B43F001032373F3
:106A9000204609B0BDE8F04000F064BB0120D9E712
:106AA0001D68020010B5044608B9054B9C681F22FA
:106AB00004F178000DF0B5FC002084F8970010BDBB
:106AC000A4E500202DE9F84F0C46A1B39AB390F845
:106AD0000D90DFF86880571E0846B9F1000F25D0E9
:106AE000DFF85CA00025B8F804B019EA0B0F19D044
:106AF000B8F80630D8F800107E1B9E4228BF1E460C
:106B000032460DF03FFC2E4439EA0B0904EB060037
:106B10000CD0BD1B012D28BF01252A4651460DF082
:106B200031FC354408F108086019DCE700230370E4
:106B30002046BDE8F88F0348FBE700BFBC630300B5
:106B4000A4300400B9C303002DE9F04FD51D85B072
:106B500025F0070504461F467F3500F15803C0E9BC
:106B6000163325F03F05129B237300200E46119B20
:106B7000DDF838B0DDF84C80A06004213F2DC4E979
:106B800006006173A373E07306F1400AA5F14009A2
:106B900005D880F31188BFF36F8F084602DF4A469D
:106BA0003544AA2150460DF015FC29462046DEF753
:106BB00057FD0730109B20F00700C4E926A9C4F850
:106BC000A00002930F9B2D1ACDE900B32A463B4645
:106BD00031462046DFF702FA0F9BE3664FF00009CB
:106BE000109BC4F85490C4E9197B2367EFF311821A
:106BF000202181F31288BFF36F8F104E316A6167D5
:106C0000346282F31188BFF36F8FB8F1000F11D097
:106C10001F22414604F178000DF003FC84F89790A0
:106C2000B3680BB1D3F8A430C4F8A430284605B03B
:106C3000BDE8F08F84F87880F2E700BFA4E500207B
:106C4000F0B587B000250595109D04950F9D03951F
:106C50000E9D0295DDE912760D9D01950C9D009526
:106C60000446FFF771FFB6F1FF3F08BFB7F1FF3FE2
:106C700005D056EA070305D1204600F073FA2046F6
:106C800007B0F0BD03493A46334604F1180000F05E
:106C900045FCF4E7773F03000A4A93686FF00A0166
:106CA000C3F8B0100849C3F8AC004B6843F08053F8
:106CB0004B60002383F31188BFF36F8F9368D3F881
:106CC000B0007047A4E5002000ED00E070B590F939
:106CD0000D20437B002A39DBD90637D18269002A8F
:106CE00034D11D4C63F07F032246437352F8183FA2
:106CF00093422CD1E169C0E900210860E06111E014
:106D00009942F8D01B68002BF5D090F90E5093F9FA
:106D10000E60B542F4D0AE42F2DD5968C0E90031F0
:106D200008605860A569954200D005B9E568A36878
:106D30005A7BD20604D1DA897F2A01D9AA6942B1E5
:106D4000AB4202D0284600F005FB656170BDE169E9
:106D5000D9E76361FAE700BFA4E5002038B590F9F0
:106D60000D20437B002A014604DA03F07F034373BE
:106D70000DF08AF80D4D2A46AB6852F8184F944230
:106D800000D004B9EC688B4207D05A7BD20604D1FC
:106D9000DA897F2A01D9A2692AB1A34202D020460A
:106DA00000F0D8FA23466B6138BD00BFA4E500208F
:106DB00070B590F90D20437B002A014604DA03F0F8
:106DC0007F0343730DF060F84B7B1C4C63F07F0333
:106DD00022464B7352F8183FE069934207D1C1E94C
:106DE00000200160E16111E09842F8D01B68002B9F
:106DF000F5D091F90E5093F90E60B542F4D0AE4241
:106E0000F2DD5868C1E9003001605960A569A368E6
:106E1000954200D005B9E5688B4207D05A7BD2066F
:106E200004D1DA897F2A01D9AA692AB1AB4202D0FA
:106E3000284600F08FFA2B46636170BDA4E5002060
:106E4000F8B5124B0C461146114A98681060DDE9FE
:106E50000676EFF31182202282F31288BFF36F8F40
:106E60009D6828460DF022F8B6F1FF3F08BFB7F144
:106E7000FF3F06D007493A46334605F1180000F0B7
:106E80004DFB2046BDE8F840FFF706BFA4E5002013
:106E9000D0E50020773F0300F8B50446EFF31186F4
:106EA000202383F31288BFF36F8F437BDA0649B246
:106EB00017D18269AAB903F07F0343730CF0E4FF92
:106EC0001B4D437B817363F07F032A46437352F863
:106ED000183F93422AD1E869C4E900200460EC61BC
:106EE00016E0A173002086F31188BFF36F8FF8BD01
:106EF0008342F1D01B68002BEED093F90E70B9429B
:106F0000F6D08F42F4DD5968C4E900310C605C6052
:106F1000AC69944200D004B9EC68AB689C4202D0E2
:106F2000204600F017FA6C610120DCE7E869E2E72F
:106F3000A4E5002049B9EFF3058030B9054B5A6943
:106F40009B689A4201D0FFF7A7BE81F31188BFF377
:106F50006F8F7047A4E50020034648B9EFF3058220
:106F600032B9064A51699268914201D0FFF794BE46
:106F700083F31188BFF36F8F704700BFA4E5002033
:106F8000EFF31181202383F31288BFF36F8F054B3A
:106F90009A68D37B013BD37381F31188BFF36F8F62
:106FA000704700BFA4E5002070B5EFF311862023E1
:106FB00083F31288BFF36F8F144DAB68DA7B013215
:106FC000DA732A4652F8184F944200D004B9EC689C
:106FD0005A7BD20604D1DA897F2A01D9A2692AB163
:106FE000A34202D0204600F0B5F923466B6186F338
:106FF0001188BFF36F8FEFF31180202383F3128882
:10700000BFF36F8FBDE87040FFF7A6BFA4E5002077
:10701000024B03F11802C3E906227047A4E50020E1
:1070200070B5EFF31186202383F31288BFF36F8FBF
:107030001B4CA168E0690B68814214BF1A4600220C
:1070400049680B605960A368E1692AB9154AC3E928
:1070500000210B60E3610CE093F90E0092F90E50F1
:10706000A84218D0854216DD5168C3E900210B60A3
:107070005360A5690B4B9D4200D005B9E568A36834
:107080009D4202D0284600F065F965613046BDE8B2
:107090007040FFF701BE8A42D8D01268D5E700BF22
:1070A000A4E50020BCE5002050EA01032DE9F041F1
:1070B00005460E4604D1FFF7B3FF0020BDE8F0817E
:1070C000831C71F1FF3324DB0CF0F5FF4419EFF35F
:1070D0001188202383F31288BFF36F8F0F4F104B5B
:1070E000B8681860FFF73AFEB8680E492A4633467A
:1070F000183000F013FABA68537B43F0040353735B
:107100004046FFF7C9FD0CF0D6FF201A20EAE070D8
:10711000D4E76FF00104241AD9E700BFA4E50020EA
:10712000D0E50020773F03000C490D4A38B5002414
:107130004FF400458C462146C0FB05C10023604644
:10714000D9F762F9C117FFF7AFFF054A47F6FF739A
:10715000C0FB0234DB0B43EA444038BD3F420F0022
:1071600040420F0038B5044618300CF083FFEFF3AF
:107170001185202383F31288BFF36F8F637B5A0737
:1071800004D485F31188BFF36F8F38BD23F0040357
:1071900063732046FFF79AFDEFF30583002BF0D1D0
:1071A00029460248BDE83840FFF7C4BEE8E80020A1
:1071B000014B9868704700BFA4E500202DE9F84313
:1071C0000446EFF31187202383F31288BFF36F8FF8
:1071D000067B16F001060DD087F31188BFF36F8F81
:1071E000002383F31188BFF36F8F0423184602DF57
:1071F000BDE8F883437B1A0704D587F31188BFF3F2
:107200006F8FF5E7D90943F0080255D14273A3689F
:1072100013B120460CF040FE04F118000CF02AFFD8
:10722000A56D04F15808A84511D04FF0000975B1BB
:1072300028460CF031FE05F118000CF01BFFC5F8D4
:10724000B0902846FFF742FDA56DA845EFD11E4D31
:10725000AB689C4204D1EFF30586003E18BF0126BF
:10726000D5F81880194A904502D0B8F1000F01D125
:10727000D5F80C80434502D0404600F06BF820461C
:10728000C5F8148000F0BEF856B1114E40F201135B
:10729000B38130460023C6E9263300F055FBAE60CB
:1072A000AB689C42A9D1EFF30583002BA5D13846EA
:1072B000BDE8F843FFF7F0BC03F07F0343F0080399
:1072C00043730CF0E1FDA2E7A4E50020BCE500203B
:1072D00068520020D3B5DDE90667089CCDE9006758
:1072E000FFF7AEFD1CB1034B9B685B69236002B0E6
:1072F000D0BD00BFA4E50020044BC01A044BC01051
:107300005843044B01221A54704700BF20530020F9
:10731000ABAAAAAAE8E80020C3897F2B12D80A4B9F
:107320001B6863B1094B90F90E201B689A4209DB78
:10733000437BDB0606D1064BC31A18BF012303F0BB
:10734000010070470023FAE7D8E50020D4E50020CB
:10735000F850002070B50E4B0E4C1E7C06EB460319
:1073600004EBC304054620460CF084FE0A4B0022C1
:1073700028469A55FFF7D0FF48B1084B08491A68CC
:10738000013A2046D317BDE8704000F0C7B870BD81
:10739000A4E5002020530020E8E80020D8E50020E4
:1073A000F972020038B5EFF31185202383F31288B8
:1073B000BFF36F8F104B114A9C681068A04206D132
:1073C000FFF7C8FF85F31188BFF36F8F38BD002129
:1073D0001B7C11600A4AD35C002BF3D02046FFF7D8
:1073E0009BFF0028EED0637BDB0602D12046FFF72F
:1073F000DFFC2046E4E700BFA4E50020D0E5002044
:10740000E8E80020EFF31181202383F31288BFF313
:107410006F8F0A4A136A834207D15B6F136281F34D
:107420001188BFF36F8F70471346002BF7D05A6F48
:107430008242F9D1426F5A67F1E700BFA4E500200C
:10744000F8B506460F46EFF31183202282F3128827
:10745000BFF36F8F0B490C6A154624B983F311886B
:10746000BFF36F8FF8BD83F31188BFF36F8F394679
:107470002046B047EFF3118385F31288BFF36F8F77
:10748000646FEAE7A4E500200748084A084908B500
:10749000121A0CF005FC0748074A0849BDE80840E5
:1074A000121A0CF0FDBB00BFC0040020AC09002084
:1074B00000310400B8040020C0040020F8300400AB
:1074C000024B1868984208BF002070474006002011
:1074D000034B1B680BB9E7F78FBF0020704700BF55
:1074E000DCE5002030B570B10B4B5B6898420AD0E8
:1074F000036843B1D3E90421D0E90445121941EBF3
:107500000501C3E90421D0E9003213605A60002369
:10751000C0E9003330BD00BF40060020B3F1FF3F9B
:1075200008BFB2F1FF3FF8B504461D4616465AD0D3
:107530008160EFF31187202383F31288BFF36F8FED
:10754000013275F1FF3321DA2C49D1E900206FF0C7
:1075500001039B1A4FF0FF3262EB00009E1B60EBB1
:107560000500012E70F1000301DA01260020C4E9B4
:107570000460FFF7A5FF224E84467068BCF1000F3F
:107580000DD1C4E90060046074601CE0FFF7A0FF47
:10759000013645F10005361845EBE070E7E7DCE918
:1075A0000425D4E90431934271EB050E1CDAD21A9A
:1075B000DCF8043065EB0105CCE90425C4E900C31F
:1075C0001C60CCF80440FFF77BFF844207D10D4BD1
:1075D0001C6824B90CF035FD2146E7F7DFFE87F380
:1075E0001188BFF36F8FF8BD9B1A61EB05018445CD
:1075F000C4E90431C5D0DCF800C0BFE7385300202F
:1076000040060020DCE500202DE9F047EFF311856E
:10761000202383F31288BFF36F8FDFF8A090DFF889
:10762000A080C9F80000FFF74BFF00260027D9F81B
:107630000030D8E900ECD91750B1D0E90442A34298
:1076400071EB020A1ADAE41A62EB0102C0E90442A1
:1076500013EB0E034CEB01010024C8E90031C9F81B
:1076600000400CF0EEFC2146E7F798FE85F3118808
:10767000BFF36F8FBDE8F047FFF794BE14EB0E0227
:107680004CEBE473C0E90467C8E90023FFF72AFF65
:1076900085F31188BFF36F8F83689847EFF31185E7
:1076A000202383F31288BFF36F8FD9F800301B1BA0
:1076B000C9F80030FFF704FFB9E700BFDCE50020A0
:1076C0003853002010B5EFF31184202383F3128880
:1076D000BFF36F8FFFF7FCFE054A0346D2E90001B6
:1076E000181841EBE37184F31188BFF36F8F10BD5D
:1076F00038530020F8B50446EFF31187202383F3B5
:107700001288BFF36F8F026822B187F31188BFF32D
:107710006F8FF8BDD0E90A36581C46F100010228E7
:1077200071F1000127D3012B76F10001BCBF0123C9
:1077300016465D1E46F1FF360CF0C1FC013041F1EA
:107740000001401946EB0101012871F100013ADB0B
:107750000CF0B5FC013041F100016FF0010240195D
:1077600046EB0103121A4FF0FF3161EB0303184996
:107770002046FFF7D3FE236B01332363236A6BB1EB
:1077800087F31188BFF36F8F236A20469847EFF382
:107790001187202383F31288BFF36F8F54F8185F8B
:1077A000A542B2D0002DB0D028460CF0B6FB002385
:1077B000C5F8B03087F31188BFF36F8F2846BDE856
:1077C000F8400CF09BBB6FF001024FF0FF33CEE7A7
:1077D000F57602002DE9F04105461C4690461F460D
:1077E000EFF31186202383F31288BFF36F8FB4F178
:1077F000FF3F08BFB2F1FF3F05D186F31188BFF309
:107800006F8FBDE8F081531C74F1FF3309DB012A4F
:1078100074F10003BCBF0122002412F1FF3844F1CF
:10782000FF3728460CF026FCDDE906010023C5E9F8
:107830000A012B63034942463B462846FFF76EFE8A
:10784000DBE700BFF57602002DE9F74F1D46274B19
:107850009F68012387F8603087F8613052EA05039A
:1078600016460CBF0123002307F1600280460CF08E
:10787000A8FC8146EFF3118B4FF0200A8AF312889F
:10788000BFF36F8F97F860404CB901465A464046A7
:107890000CF03FFC8BF31188BFF36F8F0BE00023DC
:1078A00087F8603056EA050309D18BF31188BFF3DE
:1078B0006F8F6FF00A04204603B0BDE8F08FCDE96A
:1078C00000650B4A0B485946FFF7BAFA0446EFF336
:1078D00011858AF31288BFF36F8F2A4649464046C6
:1078E0000CF017FC85F31188D6E700BFA4E5002053
:1078F00048060020E9E8002038B50346EFF311857B
:10790000202282F31288BFF36F8FC1600121816052
:107910000068834206D185F31188BFF36F8F00247E
:10792000204638BDD0E9003213605A600023C0E918
:1079300000330CF0ADFC294604460248FFF7FAFA82
:10794000EEE700BFE9E80020014BC0F8A430704723
:10795000A807002038B5064C064DAC4201D30020E4
:1079600038BDD4E9011220460CF004FD1434F4E7CC
:10797000A8070020BC0700201FB5094A92E80300B1
:1079800002AB83E803004FF4004200930549064828
:107990004FF0FF33FFF748F8002005B05DF804FB17
:1079A000044C0300C0E401204053002010B50A4CF1
:1079B00023681BB101232360002010BD00F0EAF80A
:1079C0000028F7D00138062803D8044B53F82000CC
:1079D00010BD034810BD00BFE0E50020FC630300BC
:1079E000FE8FFFFFBFF34F8F0549064BCA6802F4B5
:1079F000E0621343CB60BFF34F8F00BFFDE700BFD2
:107A000000ED00E00400FA0510B4094B09490A4CE6
:107A10004FF0FE32C3F800244968C3F80424C3F8C9
:107A20000824C3F80C240023C4F8003510BC084710
:107A300000B002505006002000A00250D0E9001211
:107A4000014BC3E9001270475006002010B50446F0
:107A500050B1636813F0685F05D0064A934202D0C4
:107A600000232360626010BD034B04485B689847A5
:107A7000EFE700BF2C5F5CA95006002018640300EC
:107A8000C8B143680D4A934213D013F0685F0ED01B
:107A9000012350E8002F194640E8001C9CF0000F1D
:107AA000F7D1012AF5D0BFF35F8F0020704704485B
:107AB0007047044870476FF4E04070472C5F5CA942
:107AC000E98FFFFFEA8FFFFF80B14368094A9342C5
:107AD0000AD013F0685F05D0BFF35F8F0023036007
:107AE0001846704704487047044870476FF4E040F8
:107AF000704700BF2C5F5CA9E98FFFFFEA8FFFFF93
:107B000010B5044620B1044B63600022226010BD12
:107B10000248FFF779FFF6E73A00003A40640300B5
:107B200070B5D0E90023174C174D6360D0E90230DF
:107B3000C4E9023022604868D1F800C0134BC3E9A1
:107B400000C0D5F81801D1F808C0C3F808C010F07B
:107B5000685FD1F80CC00969C3F80CC0196110D076
:107B60000B49C5F8BC110023C5E9453105F58A70FC
:107B7000C5F8B8319047236805F5DC70BDE8704062
:107B8000184770BD6C060020F8E50020580600205C
:107B90002C5F5CA938B500F02FF820B1032400F069
:107BA00063F8204638BD00F031F898B900F0ACF821
:107BB00098B90F4DD5F828391B0EF02B08D1D5F800
:107BC000242A0C4B9A420AD0072400F017F8E6E763
:107BD0000624FAE70424204638BD0024F5E70120F6
:107BE00000F092F804460028F7D1C5F80C0AD8E74F
:107BF00000B002500000E0200020704700207047D5
:107C0000014BC3F8040A704700B0025010B5114888
:107C100000F048F800B110BD0F4800F043F800280C
:107C2000F9D10E4C204600F03DF80028F3D10C4B62
:107C30000C481C6000F036F801460028EBD100F03B
:107C40002DF8044608B1204610BD00F03FF820464C
:107C5000FAE700BFAC060020A8060020A40600201A
:107C60009C060020A006002008B5084800F024F873
:107C7000074800F021F8074800F01EF8064800F019
:107C80001BF8BDE8084000F00BB800BFAC060020B0
:107C9000A8060020A4060020A006002000207047AF
:107CA000704700BF08B5034B02681B68106898470F
:107CB000002008BD6C06002008B5034B02685B6815
:107CC00010689847002008BD6C06002070B5094C6C
:107CD000094D2069AB68984718B1084B08485B68A4
:107CE0009847084AEB68206900211160BDE87040A0
:107CF000184700BF580600206C06002050060020E0
:107D000064640300F4E50020F8B51A4D1A4E0446E9
:107D1000B26828699047E8B9184F3B684CB1A3B1E5
:107D2000012B19D0013B3B602869F368984700207C
:107D3000F8BD43B9124A0121C2F800151149D1F822
:107D40001029002AFBD101333B60F368286998476A
:107D50000020F8BD0C48F8BD0A4AD2F81039002BB3
:107D6000FBD1074A6FF07E40C2F80035FFF748FFAD
:107D70003B68D7E7580600206C060020F4E5002099
:107D800000A0025000B00250E98FFFFF242AF0B596
:107D9000044601D8012A40D10CF0B6FB2D4B162227
:107DA0001A5001B10C600020F0BD2F463D4615F879
:107DB000010B2028F9D0A0F10906042E0346F4D9BE
:107DC0002B282CD02D282CD101267B78BD1C302BC4
:107DD0002DD1287840F02000782824D132F01000EE
:107DE00021D16B782C46102202350020392B82BF1E
:107DF00003F1FF3343F02003263B303B9A421AD96C
:107E0000A0FB02040CB9C01801D346F002062F46AD
:107E10002C4617F8013B3D46E8E70746C6E7002633
:107E2000D3E70026D3E7002A08BF0822DDE7002AAF
:107E300008BF0A22D9E701B10C60F20748BF4042EF
:107E4000B307B1D50CF060FB024B22221A504FF061
:107E5000FF30A9E70C0000002DE9F04F8DB043681A
:107E60000293837815469A07804640F10D810024DD
:107E70000E78002E00F00A81252E0BD04B1C0393A8
:107E80000134029B4146304698470028C0F2F680F4
:107E90000399EDE74E788B1C252E0393F0D0002735
:107EA000B946BB46BBF11F0F38D8A6F12003102BF3
:107EB0000AD8DFE803F02A0909300909092109096C
:107EC0000928092D09091F00A6F13003092B33D910
:107ED0002A2E37D11BF0400F55F8043B40F082802A
:107EE000002BA7BF4BF0200B9946C3F100094BF0C4
:107EF000280B01E04BF0010B039B13F8016B03937C
:107F0000002ECFD130E04BF0020B4BF0040BF3E727
:107F10004BF0080BF0E74BF0100BEDE7BBF17F0FD8
:107F200019D8A6F13003092BD2D81BF0400F03D08B
:107F30000A2101FB0737DFE70A2101FB09394BF072
:107F4000200BD9E72E2E06D11BF0400F40F09E806B
:107F50004BF0400BD0E76C2E31D02BD8682E36D0AA
:107F60006A2E3CD04C2E3AD0002F46F02003B8BFEA
:107F70002BF04002A3F16501BCBF1FFA82FB002772
:107F8000022901D9612B2FD1073525F00705DFF82C
:107F9000ACA2083507271BF0080F66D00AEB070BC9
:107FA00056465E4563D1A4EB0A0A06EB0A02A9EB2A
:107FB00007096FE1742E9FD07A2E9DD0D4E71BF075
:107FC000800F18BF4BF4007B4BF0800B94E71BF441
:107FD000807F18BF4BF4007B4BF4807B8CE74BF425
:107FE000207B89E71F4687E7A6F16301122900F28B
:107FF000F080DFE811F013004F00EE00EE00EE001D
:10800000EE004F00EE00EE00EE00EE00EE00FE008F
:10801000E900EE00EE001B00EE00AF0055F8043B57
:108020008DF8183001270DF1180AB4E755F804ABA4
:10803000834BBAF1000F08BF9A461BF0400F14BFE4
:1080400039464FF0FF3150460CF0FBF90746A2E7E6
:10805000029B41462020984700280FDB013EB74293
:10806000F6D34C44A41BB14698E74E46F7E716F802
:10807000010B029B41469847002892DA98F802309B
:1080800043F0040388F802304FF0FF3420460DB06F
:10809000BDE8F08F1BF0800F34D01BF4007F2CD094
:1080A000073525F00705AA4669685AF8080B2BF032
:1080B00010050029ADB237DA404261EB410145F4C9
:1080C00080650DF1180B0A235A460CF0C6F9A0EB97
:1080D0000B0301936B0662D5019B25F001019F42C2
:1080E00089B240F3A180002E00F0998015F01002B3
:1080F00040F09C80BB460D4623E0AA465AF8040B8C
:10810000C117D4E7AA461BF4807F5AF8041B01D19B
:108110000846F5E71BF4007F15BF48B208B241F3EB
:10812000C01141F3C031C2E750EA0103C9D11BF0CD
:10813000400FC6D0002FC4D12BF0110295B2BB4620
:10814000019740F2064115EA01021CBF0BF1010B39
:1081500000222CE02BF010021FFA82FB0A231BF0F6
:10816000800C49D01BF400711DBF073525F00705B1
:10817000AA46AA461ABF5AF8080B69685AF8040BAF
:1081800050EA010545D12BF016051BF0400FADB2AA
:1081900042D0002F40D12BF0170295B2019715F075
:1081A000100248D0019B002E42D103F1010B290798
:1081B0005AD4EB0706D5D9456FDD0199A9EB0B031E
:1081C0005F18CB465B4649E04BF0100B1023782636
:1081D000C5E7782B04D1C6F1780343F01003BEE75E
:1081E000029B4146252098470028FFF647AF0234FE
:1081F00047E608230026B2E7AA461BF480715AF826
:10820000040BBDD01BF400711ABFC0B2614680B22E
:10821000B6E72BF0060295B20DF1180B54E725F0E6
:108220001105ADB2BB468CE70D46B8E73B460D469F
:1082300003F1020BBBE7DDF804B082E7EF30040086
:10824000E8300400CDE904324146029B20209847E3
:108250000028FFF613AF049B059A01339945F1DC22
:10826000A4EB0B01CC189B460AB3029B414630207D
:1082700098470028FFF602AF8EB901342744019BCE
:10828000391B994224DC1D465DBB019AA9EB0B0901
:10829000224455461446914435E0019F92E702344A
:1082A00041463046029B98470028E7DAE6E640F26E
:1082B00006410D42E2D015F0020F14BF2B20202002
:1082C00015F4806F04F10104414618BF2D20E9E741
:1082D000029B414630209847002804F10104CEDA81
:1082E000CCE606AB013D4146585D029B984700280D
:1082F000CADAC3E6029B414620209847002804F1D1
:108300000104FFF6BBAEA9EB0403002BF2DCBFE5D2
:1083100038B5C0F3C7537F3B162B014620F000450C
:1083200019DC002B024608DA00281BDA002D0E4962
:1083300008BF4FF00041084638BD0C4818410842BC
:10834000F9D00029BEBF4FF4000141FA03F3D2185F
:1083500022EA0001EFE7B5F1FF4FECD3D7F7D6FEE5
:108360000146E8E70021E6E7000080BFFFFF7F004D
:1083700070477FB50BAB059303930A9B02930023D1
:10838000CDE900331846DBF735FD07B05DF804FB97
:108390007FB50BAB059303930A9B02930023CDE9B2
:1083A00000331846DBF726FD07B05DF804FB7FB508
:1083B0000BAB059303930A9B02930023CDE9003393
:1083C0001846DBF717FD07B05DF804FB0021062017
:1083D000D8F7A2BE00210520D8F79EBE00210420B8
:1083E000D8F79ABE00210320D8F796BE00210220BC
:1083F000D8F792BE00210120D8F78EBE0021084692
:10840000D8F78ABE7FB50BAB059303930A9B029303
:108410000023CDE900331846DBF7ECFC07B05DF82C
:1084200004FB7FB50BAB059303930A9B02930023D8
:10843000CDE900331846DBF7DDFC07B05DF804FB3F
:1084400010B586B00BA8059003900A98089C02907E
:10845000002001900094DBF7CDFC06B010BD7FB585
:108460000BAB059303930A9B02930023CDE90033E2
:108470001846DBF7BFFC07B05DF804FB10B586B00B
:108480000BA8059003900A98089C02900020019088
:108490000094DBF7AFFC06B010BD7FB50BAB0593C6
:1084A00003930A9B02930023CDE900331846DBF7C0
:1084B000A1FC07B05DF804FB83685B6818477FB5D3
:1084C0000BAB059303930A9B0293099B0193002333
:1084D00000931846DBF78EFC07B05DF804FBFEF74F
:1084E00045B8FEF7BBB87FB50BAB059303930A9B6A
:1084F00002930023CDE900331846DBF77BFC07B07D
:108500005DF804FB7FB50BAB059303930A9B0293C5
:108510000023CDE900331846DBF76CFC07B05DF8AB
:1085200004FB7FB50BAB059303930A9B02930023D7
:10853000CDE900331846DBF75DFC07B05DF804FBBE
:10854000836800EBC101B3F5004F2CBF51F8220046
:1085500031F81200704700EBC1018068B0F5004FA0
:108560002CBF41F8223021F81230704708B50122A3
:10857000FFF7E6FFD04008BD8368B3F5004F00EB7E
:10858000C10108D34B681AB143F001034B60704737
:1085900023F00103FAE74B881AB143F001034B8043
:1085A000704723F00103FAE753000122FFF7D3BF1E
:1085B0008368B3F5004F34BF04230823C91A081A8F
:1085C000C0087047B0F5004F34BF04230823481C8F
:1085D0000833A0EBD300B0FA80F0C0F11F00704761
:1085E0002DE9F041174603220E460446FFF7A8FF87
:1085F0008642054607F104080AD1E3680122BA4021
:1086000023EA0203E360002344F82830BDE8F08148
:10861000314602222046FFF793FF2B4606460146CD
:1086200044F8285020460322FFF795FF3346294699
:1086300020460222BDE8F041FFF78DBF70B50D4620
:1086400086680446FFF792FFB6F5004F014601D356
:10865000012809D03046FFF7B5FF294602462046DB
:10866000BDE87040FFF7BCBF70BD2DE9F04705467F
:108670008068FFF7A7FF05EB800A8846DAF81090BC
:108680000646B9F1000F1BD00327DAF81040284640
:108690002146FFF76BFF404507D332462146284667
:1086A000FFF79EFF2046BDE8F087032221462846BB
:1086B000FFF746FF013FCAF8100001D08145E4D121
:1086C000EB6801364FF0FF34B4401C40EAD094FA16
:1086D000A4F2B2FA82F2131D55F82340DEE72DE929
:1086E000F041144605460E46FFF740FFA4EB06088E
:1086F000371B0744424631462846FFF755FF3A46A6
:1087000021462846FFF750FF4346002221462846CF
:10871000FFF721FF21462846FFF728FF3B46211897
:1087200000222846BDE8F041FFF715BF2DE9F041D2
:10873000164604460F46FFF719FF31460546204608
:10874000FFF714FF05442A4639462046FFF72CFF61
:1087500031462046FFF70AFF2B46311800222046FB
:10876000BDE8F041FFF7F7BE2DE9F0410D46866800
:108770000446FFF7FBFEB6F5004F014601D3012882
:1087800032D03046FFF71EFF04EB80010E6996B928
:10879000E368012282401343E36002220D612B460D
:1087A00029462046FFF7D7FE032229462046BDE88A
:1087B000F041FFF7D0BE022231462046FFF7C0FE4F
:1087C0002946034607462046FFF7C5FE03223346E7
:1087D00029462046FFF7BFFE39462B462046FFF7C5
:1087E000BAFE02223146E1E7BDE8F081F8B50C4659
:1087F0000546FFF7BBFE2618012231462846FFF743
:108800009FFEC3070CD431462846FFF717FF2146C9
:108810002846FFF7ABFE214622182846FFF786FFC1
:10882000002221462846FFF78BFE271A01223946EF
:108830002846FFF785FE10EA020613D1394628467E
:10884000FFF7FCFE214632462846FFF779FE224616
:10885000211A2846FFF76AFF214632462846FFF7CD
:108860006FFE241A21462846BDE8F840FFF77CBF7A
:1088700038B571B105682846FFF79AFE0022044614
:1088800001462846FFF778FE2146BDE83840FFF74D
:10889000ADBF38BD70B5066809B9002070BDB368BA
:1088A000B3EBD10FF9D9B3F5004F34BF042308233C
:1088B000CC1D1C44E40821463046FFF7D6FE054691
:1088C0000028EAD001463046FFF750FEA04209D901
:1088D0002C44294630462246FFF701FF2146304608
:1088E000FFF742FF304601222946FFF745FEB368F5
:1088F000B3F5004F34BF0423082303EBC50318442A
:10890000CCE72DE9F84306681446B26801F1FF3957
:10891000B2F5004F34BF0423082319EA01090F46BA
:108920000BD0494239408B424F4628BF0B468946FF
:1089300054B900252846BDE8F8839942F8D8214665
:10894000BDE8F843FFF7A6BFB2EBD40FF1D9E11DA4
:10895000B2F5004F394434BF04220822C91A114429
:10896000C9083046FFF781FE80460028E1D0B36891
:10897000B3F5004F34BF0423082309EBC0051D44A1
:1089800035447B1E1D44B5FBF7F57D43A5EB09057A
:1089900029463046FFF70CFE2C44073424F0070428
:1089A000A41B804507464FEAE40408D2024641462C
:1089B0003046FFF794FE41463046FFF7D5FE394674
:1089C0003046FFF7D3FD3844844208D2394630465A
:1089D0002246FFF784FE21463046FFF7C5FE0122FE
:1089E00039463046FFF7C8FDA4E72DE9F74F914619
:1089F0000568009098460F4631B94246494603B093
:108A0000BDE8F04FFFF77DBFB8F1000F06D1FFF7CB
:108A10002FFF0024204603B0BDE8F08FAC68B4EB14
:108A2000D80FF6D92846FFF7C3FD0146064628466B
:108A3000FFF79CFDB4F5004F34BF0421082101EB82
:108A4000C6022A4408F10704BB1A0C441C4483469E
:108A50000193E408B9F1000F03D009F1FF32174286
:108A600043D15C450ED00FD23444224631462846CD
:108A7000FFF735FE314601222846FFF77DFD2146EE
:108A8000FFF7B4FE3C46C5E706EB0B0A0122514650
:108A90002846FFF755FDC30727D451462846FFF760
:108AA00065FD5844A04220D351462846FFF7C6FD35
:108AB00051462846FFF75AFDA4EB0B08404509D95B
:108AC0003444514628462246FFF709FE21462846EF
:108AD000FFF74AFE524631462846FFF727FE01229D
:108AE00031462846FFF748FDCCE700984246494604
:108AF000FFF707FF044600288BD031462846FFF7D2
:108B000035FDAB68019AB3F5004F34BF0423082349
:108B1000C2EBC002D21A4245394628BF424620461F
:108B20000BF030FC00983946FFF7A2FE72E7B2F571
:108B3000802F2CBF08230423D21A2DE9F0418C1872
:108B4000CD1D25F0070524F00704641B0026E4086A
:108B500005602146AC60EE602046FFF733FD421D04
:108B60009200013002F107074FEAD707A2F1100285
:108B70003146B8BF324605F110000BF02BFC3A46E7
:108B800031462846FFF710FD334632463146284627
:108B9000FFF7E1FCA4EB0708284631460122FFF766
:108BA000EBFC42463946FFF7FFFC3B46324639466E
:108BB0002846FFF7D0FC21462846FFF7F5FC434640
:108BC000324621462846FFF7C6FC214628460122A8
:108BD000FFF7D2FC3946BDE8F041FFF7C5BD2DE9EE
:108BE000F04706460D46174698462BB398F80040C6
:108BF00093F80190DB78A40004EB430498F802306A
:108C00001C4444444FF0000ACA4509D3D8F8042054
:108C100008F1080339463046AC46BDE8F0476047E6
:108C200014F8013B48F823402046D7F719FC0130DF
:108C300004440AF1010AE7E76FF01500BDE8F08788
:108C40000FB407B504A951F8040B019100F004F921
:108C500003B05DF804EB04B07047038B13F0070317
:108C600005D10368002B0CBF002003207047022BA6
:108C700005D1408BB0FA80F0400980007047012B8D
:108C800005D10368002B0CBF002005207047002091
:108C9000704710B50C4600B111B96FF0150010BD4A
:108CA000081D00F093F80028F9D1A368032BF6D92A
:108CB000F3E72DE9F0410D4607461946281D904679
:108CC0001E4600F097F8044638B13346424629461E
:108CD0003846A446BDE8F0416047BDE8F08110B4D5
:108CE000EFF31182202484F31288BFF36F8F416168
:108CF00010BC0121DAF76EBD38B50C46054658B1F7
:108D000051B10B6843B14B6833B11C2200210BF009
:108D100061FB2C61002038BD6FF01500FBE770B5DA
:108D200005460E46FFF7B5FF041E14DBEFF3118274
:108D3000202383F31288BFF36F8F6B8B2C8B4FF63E
:108D4000FF718B4204F0070407D182F31188BFF34F
:108D50006F8F6FF00A04204670BD022C0CD10133D6
:108D60006B8382F31188BFF36F8F00232246314655
:108D70002846FFF79EFFEEE7062C14D8DFE804F044
:108D800004131313041A0400002333606B683BB907
:108D9000C5E90066ACB902212846DAF71BFDDAE71F
:108DA0001E606E60F6E782F31188BFF36F8F6FF07D
:108DB0000404D0E782F31188BFF36F8F6FF085044E
:108DC000C9E782F31188BFF36F8FC4E7034640B150
:108DD000426802F00302022A06D0032A04D0012AC4
:108DE00005D06FF0150070471A68002AF9D00020EE
:108DF0009860704710B54268816002F00302022A51
:108E000003464FF0000407D0032A02D05C60002024
:108E100001E018685C6010BD18685C600028F6D03E
:108E2000FEF76AFDF3E770470020704702F041B992
:108E30000346BFF35B8F53E8000F421C43E8002159
:108E40000029F8D1BFF35B8F704708B500210846B1
:108E5000DAF7CEFD002008BD1FB50023CDE90201E1
:108E6000CDE900331A4619461846DAF7C3FF05B0B4
:108E70005DF804FB70470020704718B14068007926
:108E8000DAF702BF4FF0FF30FAE770B50E4615462D
:108E90001946044618B9BDE87040DAF75FBE33B131
:108EA000C2F34A231030120D18440BF06BFAC4E9D8
:108EB00000562046BDE87040DAF768BE7FB50BABC0
:108EC000059303930A9B02930023CDE9003302220A
:108ED0001846DAF78FFF07B05DF804FBF8B50646D1
:108EE0000D4614461F4604B9F8BD214628463A46A9
:108EF000B047241A0544F6E707B5D1E900328DF8EA
:108F00000700526801210DF107009847002003B0C7
:108F10005DF804FB0A2838B504460D4602D10D2041
:108F2000FFF7EAFF29462046FFF7E6FF002038BD9D
:108F30002DE9F043054687B008460E8891F8009069
:108F4000D1F808800C461746DAF7BEFF011EC6F3BB
:108F50008216C9F3C2091EDB4846DAF74DFE034606
:108F60002146608851F8102B0196C2F34A22002A4C
:108F700001EB0204C0F30B1008BF00210022CDE971
:108F80000407CDE90214009241462846DAF7C8FFEB
:108F900007B0BDE8F0830023E2E708B50120DAF767
:108FA00003FC08B50020DAF7FFFB8268002382F893
:108FB00056308268A2F852308268A2F8503070476A
:108FC00010B50346BFF35B8F53E8000F40EA010280
:108FD00043E80024002CF7D1BFF35B8F10BDFDF7F1
:108FE000C5BA08B510B1D7F73BFA80B208BDFDF796
:108FF00035BBF8B5044680681F46037D022B0D463D
:10900000164607D0BDE8F8404FF4805100F51E70B9
:10901000FFF7D6BF4FF0FF324FF0FF3300F543703C
:10902000FFF7DDFFA368D3F87822100508D49A6C07
:1090300032B9D3F87432990602D5204600F02AF9E5
:109040003B4632462946204600F084F9A368D3F80F
:109050007822120508D49A6C32B9D3F874329B0680
:1090600002D52046DBF766FF606900F08FF8A06844
:10907000BDE8F84000F54370FFF7B9BF0CB407B581
:1090800004AB53F8042B0193FFF7B3FF03B05DF873
:1090900004EB02B070470EB403B503AB082153F8DC
:1090A000042B0193FFF7A5FF02B05DF804EB03B0BA
:1090B00070470EB403B503AB032153F8042B01939F
:1090C000FFF797FF02B05DF804EB03B070470EB4F2
:1090D00003B503AB012153F8042B0193FFF789FF7C
:1090E00002B05DF804EB03B07047F8B505460F46D3
:1090F000D1B10846FFF775FF0646A8684FF4247201
:10910000002300F54370FFF76AFF044618B16FF0C3
:109110000F042046F8BD731C142BA86800D836B97C
:1091200000F54370FFF763FF6FF01504F1E7394670
:10913000D7F78EF9AB6883F83C60A86800F54370F8
:10914000FFF755FFE5E710B5044680684FF0FF32A2
:109150004FF0FF3300F54370FFF741FF2046DBF788
:1091600023FDA068BDE8104000F54370FFF73FBF46
:1091700018B18368D3F8240370476FF01500704767
:109180008368996409B9FFF710BF704710B5026989
:109190008368126801680446C06898472369002202
:1091A0001A6010BD38B5CB681B7C022B05460C46F7
:1091B00004D10A2802D10D20FFF7F4FF23692268A9
:1091C0001B68D554226913680133136023691A6838
:1091D00063689A4202D12046FFF7D8FF002038BDCD
:1091E00030B5057B43892944B1FBF3F403FB14112B
:1091F00001312A4401340180B2FBF3F103FB112257
:10920000848001324C1CC480428030BD0EB403B552
:1092100003AA52F8041B0192DBF75EFD02B05DF871
:1092200004EB03B0704710B50446D7F719F9B4F84A
:10923000503013FA80F038B1638FB0FBF3F203FBC8
:109240001200B0FA80F0400910BDF8B584680546F8
:10925000B4F85020B4F8521004F13000FFF7C0FF0A
:10926000A868A78EE68EFFF7DEFF10B16869DBF70E
:10927000B5FDB74207D1218E638E2846C91ABDE8D5
:10928000F840DBF7C7BDE18EA38E2846C91ADBF78D
:10929000ABFDF0E710B504468068B0F85020B0F898
:1092A00052103030FFF79CFFA368198E2046C1F1A1
:1092B0000101DBF7AFFDA368998E20460139DBF78A
:1092C00093FD2046BDE81040DBF77CBD2DE9F04161
:1092D000054686B00F4614460026A4B906B0BDE880
:1092E000F081D3F878229207FBD5BFF35B8F03F5AB
:1092F0001E7353E8001F21F0020143E80012002A08
:10930000F7D1BFF35B8F686803682246D3F80C80FF
:10931000B9196B46C047009A1644A41A002ADCD13A
:10932000AB68197D0329EED00229DAD803F52B7337
:10933000012101A80AF0F2FF4FF0FF324FF0FF3396
:10934000012101A8FEF780FAA86800F52B700BF048
:109350000EF8D8E7F7B51E4683681546D3F8742291
:10936000D206044613D593F83E208A420FD0DB8FF5
:10937000ADF80430DBF7A0FD606932462946DBF723
:10938000ABFC01A92046DBF7B7FD03B0F0BD606977
:109390003246294603B0BDE8F040DBF79DBC0CB473
:1093A00007B504AB53F8042B0193FFF7D3FF03B0C9
:1093B0005DF804EB02B070470EB403B503AA52F88F
:1093C000041B0192DBF788FC02B05DF804EB03B0EC
:1093D00070472DE9F843054690460E46002967D0B0
:1093E0000024335D202B23D0093B042B20D93046A9
:1093F000D7F736F8AB68598F80B2001BA1EB080392
:10940000984206EB040915D94846002710F8012BAD
:10941000202A06D0A2F1090CBCF1040F02D80A2AB6
:109420002DD03B4608EB0702914227D90137EDE7E3
:109430000134D6E74B460027B84214D013F8012B6D
:109440000A2A19D16869FFF7A1FE49463A4628461B
:10945000FFF73CFF6869DBF785FD0134414628468C
:109460003C44DBF7D7FC68693119FFF7A5FF686951
:10947000BDE8F843DBF776BD0137DDE71F466869D5
:10948000FFF784FE3A4649462846FFF71FFF3C4453
:10949000335D202B02D0093B042B01D80134F7E7C0
:1094A0006869DBF75FFD41462846DBF7B3FC9EE7C2
:1094B000BDE8F8830020704783690020186070477A
:1094C0000EB403B503AA52F8041B0192DBF704FCA7
:1094D00002B05DF804EB03B0704708B50168FFF710
:1094E00004FE002008BD8368BFF35B8F03F51D7386
:1094F00053E8001F21F0200143E80012002AF7D1B1
:10950000BFF35B8F002070478368BFF35B8F03F569
:109510001D7353E8001F41F0080143E80012002AC0
:10952000F7D1BFF35B8F002070478368BFF35B8F79
:1095300003F51D7353E8001F21F0100143E80012EA
:10954000002AF7D1BFF35B8F002070478368BFF319
:109550005B8F03F51D7353E8001F21F0080143E8FA
:109560000012002AF7D1BFF35B8F00207047836899
:10957000BFF35B8F03F51D7353E8001F21F0020159
:1095800043E80012002AF7D1BFF35B8F0020704739
:109590008368BFF35B8F03F51D7353E8001F41F031
:1095A000100143E80012002AF7D1BFF35B8F0020BF
:1095B00070478368BFF35B8F03F51D7353E8001F8B
:1095C00041F0200143E80012002AF7D1BFF35B8F7E
:1095D000002070478368BFF35B8F03F51D7353E86A
:1095E000001F41F0020143E80012002AF7D1BFF347
:1095F0005B8F00207047F8B51F460346164653F8A8
:10960000044F9C4202D100203880F8BDC568B1B932
:10961000002DF8D0AC4202D10023C360F3E76C68A0
:10962000C460002CEFD0228904F10C0130460AF00E
:10963000A9FE23893B800022F2540120E5E7002D9A
:10964000EED08368AB42E7D02C68E9E708B500208C
:10965000DAF7AAF87FB50BAB059303930A9B029345
:109660000023CDE9003301221846DAF7C3FB07B027
:109670005DF804FB01460068DBF77CBF08B5DBF74B
:10968000EBFFBDE80840DCF70BB87FB50BAB0593EB
:1096900003930A9B02930023CDE90033012218466D
:1096A000DAF7A8FB07B05DF804FB00210120DBF727
:1096B00061BF61B662B680F31188BFF36F8F7047E8
:1096C00072B6002383F31188BFF36F8FBFF34F8F00
:1096D00030BF62B6BFF36F8F704772B6002383F35B
:1096E0001188BFF36F8FBFF34F8F20BF80F31188B6
:1096F000BFF36F8F62B67047202809D9B0F1004FD1
:1097000008D80138B0FA80F0C0F11F00400070475F
:10971000082070473E2070477FB50BAB059303933D
:109720000A9B02930023CDE9003301221846DAF7A1
:1097300061FB07B05DF804FB08B5D1E90431984737
:10974000002008BD7047E2F71DB87FB50BAB05934D
:1097500003930A9B02930023CDE900331846DAF7FE
:1097600049FB07B05DF804FB704737B505460C466A
:10977000002001A9E1F752FA9DF804302B709DF802
:109780000530237003B030BDDEF7B4B808B50AF079
:1097900096FC4FF47A72A0FB020302FB0133C00B6C
:1097A00040EA434008BD38B505460AF088FC4FF44E
:1097B0007A72A0FB024302FB0131E40B44EA414010
:1097C0004FF47A720023C90BD6F7CEFD2A8038BD3C
:1097D000FFF7DCBF01207047014640F2E73008B5D3
:1097E0004FF47A72002300EBC130490CD6F70CFE1F
:1097F000BDE808400AF0E1BB70477047EFF3118302
:10980000202282F31288BFF36F8F036070470368D2
:1098100083F31188BFF36F8F70477FB50BAB059350
:1098200003930A9B02930023CDE900331846DAF72D
:10983000E1FA07B05DF804FBDDF7F0BA7FB50BABDA
:10984000059303930A9B02930023CDE90033184646
:10985000DAF7D0FA07B05DF804FB012303FA01F14F
:1098600003691B68194218BF82F0010212B18368B4
:10987000DB68184783681B69FBE70A2070470220F2
:1098800070477047012000F021BB022100F0DEB8D4
:109890001FB50B460E218DF80C1000218DF80D0020
:1098A00001920091022203A8DDF77AFE05B05DF86F
:1098B00004FB1FB51E238DF80C300023CDE90012E8
:1098C0008DF80D000322194603A88DF80E30DDF740
:1098D00067FE05B05DF804FB1FB50B4600218DF84F
:1098E0000C0001920091012203A8DDF759FE05B09A
:1098F0005DF804FB1FB50023CDE900128DF80800C8
:10990000022202A803A98DF80930DDF749FE9DF86F
:109910000D0005B05DF804FB1FB50B460D218DF859
:109920000C10010A8DF80D1000218DF80E00019227
:109930000091032203A8DDF733FE05B05DF804FBB8
:1099400007B501228DF807100DF10701FFF7E4FFBD
:1099500003B05DF804FB1FB51D238DF80C30030A1E
:109960008DF80D300023CDE900128DF80E00042291
:10997000194603A88DF80F30DDF712FE05B05DF82B
:1099800004FB07B501220DF10701FFF7E4FF9DF885
:10999000070003B05DF804FBF0B403460A461979EA
:1099A000DB8800681343DC028768066906D513F478
:1099B000402F03D0DA0748BF83F4402334680125E1
:1099C0008D4023F48012DB074CBF2C43AC43346042
:1099D0003B68F0BC184737B50C460569836801A998
:1099E0005B68984748B9019B2A685A40012303FAEB
:1099F00004F10A4214BF1846002003B030BD13031F
:109A000003D501F10C00FDF709B870477FB50BAB2A
:109A1000059303930A9B02930023CDE900330122AF
:109A20001846DAF7E7F907B05DF804FB012303FAFB
:109A300001F103691B68194218BF82F0010212B1DB
:109A40008368DB68184783681B69FBE700F04ABA44
:109A500038B505460C46DDF7D5FE611B013190FB9C
:109A6000F1F303FB1100284438BD01380A44914248
:109A700000D1704711F8013B00F8013FF7E71044AF
:109A80000A44914200D1704711F8013B00F8013DB2
:109A9000F7E70AF09FBC82B082B00DF1080C0CE928
:109AA0000600BDF8042003930B44BDF810100A44CF
:109AB00091B212B2B2F57A7FA2BFA1F57A720133E8
:109AC00012B20360828002B002B0704782B082B0EE
:109AD0000DF1080C0CE90600BDF804200393CB1A25
:109AE000BDF81010521A91B212B2002ABEBF01F591
:109AF0007A7203F1FF3312B20360828002B002B0C7
:109B000070471FB56B4683E80300002303A8029348
:109B1000ADF80C30FFF747FE009BBDF80410029033
:109B2000181ABDF80C30C91A8BB209B20029BEBF91
:109B300003F57A7300F1FF3019B2DDF729F905B0AA
:109B40005DF804FB1FB50446002303A80293ADF89B
:109B50000C30FFF728FE01A902906846DDF71EF9D8
:109B6000029B009ABDF80C101A44019B0B4499B259
:109B70001BB2B3F57A7FA2BFA1F57A7301321BB293
:109B800020462260A38004B010BD37B500230446F0
:109B900001A80093ADF80430FFF705FE6D46009074
:109BA00095E8030084E80300204603B030BD70B59B
:109BB0000446FFF70FFE0123637226680546DDF7B2
:109BC000F5F82844864203D2DDF7F0F80544256015
:109BD0002068BDE87040DDF7F9B80023C0E9003324
:109BE000C0E9031303814361704738B50546084651
:109BF000FFF702FE04462846DDF7BAFEFFF7EAFD4E
:109C0000A04238BF2046C5E9000038BD08B5FFF7BF
:109C1000DFFDBDE80840FFF7F0BD38B5044650B1A0
:109C2000FFF7D6FD05462046FFF7E6FD281ABDE8FA
:109C30003840FFF7E2BD38BDFFF7CEBD08B5DDF710
:109C40007FFC38B9DDF7F2FCDDF76AFCBDE80840BF
:109C5000DDF798BCDDF774FC0628F7D1F2E70A4679
:109C600001460020FFF714BE08B5014608224FF454
:109C7000D860FFF751FE002008BD07B501228DF81E
:109C800007000DF107018020FFF726FE9DF8073041
:109C90002BB90120DDF75AFC03B05DF804FB02206C
:109CA000F8E713B504460420DDF750FC230C8DF8CB
:109CB00004300322230A01A983208DF805308DF892
:109CC0000640FFF709FE02B010BD10B51446FFF7BD
:109CD000C6FF2046BDE81040FFF7E3BF13B50446BA
:109CE0000520DDF733FC942140F6AC00FFF728FE99
:109CF000230C8DF804300322230A01A982208DF859
:109D000005308DF80640FFF7E7FD02B010BD73B5D2
:109D1000002640F6E2000196FFF733FE00F0FE0158
:109D2000054640F6E200FFF70BFE40F6E500FFF7C0
:109D300028FE00F07F01044640F6E500FFF700FE34
:109D40006FF07F40FFF7CAFF04220DEB020140F6DF
:109D50001900FFF700FE3046FFF78FFF294640F657
:109D6000E200FFF7EDFD214640F6E500FFF7E8FDD4
:109D7000019802B070BD13B504460520DDF7E6FB7F
:109D8000962140F6AC00FFF7DBFD230C8DF8043084
:109D90000322230A01A982208DF805308DF80640A0
:109DA000FFF79AFD02B010BD07B5030C8DF8003027
:109DB000030A8DF801300B0C49BA8DF80200ADF89A
:109DC00004100622694694208DF80330FFF784FDC5
:109DD0000620DDF7BBFB03B05DF804FB08B50022ED
:109DE000C5201146FFF778FDBDE808400720DDF7E4
:109DF000ADBB08B50022D1201146FFF76DFDBDE8CF
:109E000008400420DDF7A2BB07B501228DF807004A
:109E10000DF107019F20FFF75FFD03B05DF804FB24
:109E2000F82873B5044628BFF8240134C4F3460368
:109E30001F2B1C46C6BF0334012500254FF001022D
:109E4000C8BFC4F3870402EB4503064604FA03F3D4
:109E50000DF10701A0208DF80730FFF73DFD46B159
:109E600005EBC401C9B240F206708DF80710FFF788
:109E700067FD02B070BD07B501228DF807000DF136
:109E800007019620FFF728FD03B05DF804FB07B536
:109E90008DF8062004228DF804008DF80510952019
:109EA0000DEB02018DF80730FFF716FD03B05DF8EA
:109EB00004FB07B5022201A91220FFF71BFDBDF824
:109EC000040040BA80B203B05DF804FB07B501227C
:109ED0008DF807000DF107019D20FFF7FDFC03B091
:109EE0005DF804FB37B504460D46FFF7C8FC0128B2
:109EF000034620D10F2C02464FF000010ED1062060
:109F0000FFF7C5FF0E24022201A98E208DF8044020
:109F10008DF80550FFF7E0FC03B030BD0420FFF7DB
:109F2000B6FF6FF01003A342B8BF23460E2BA8BFA5
:109F30000E231C46E7E740F6D800FFF722FD40F06D
:109F40001E01C9B240F6D800FFF7FAFC0123002237
:109F500007210420FFF79BFF6FF008039C42B8BF66
:109F60001C46162CA8BF1624CDE707B502228DF893
:109F700004008DF805108F2001A9FFF7ADFC03B098
:109F80005DF804FB07B5012201A91520FFF7B2FC1B
:109F90009DF804004042401003B05DF804FBF7B5A3
:109FA0000D46064600240DF10701284617468DF898
:109FB0000740DDF7DDFE2A78BA4207D89DF8070092
:109FC0003146FFF776FC204603B0F0BD0120FBE7E9
:109FD00007B5022240BAADF8040001A91046FFF708
:109FE0007BFC03B05DF804FB012070470020FFF705
:109FF00044BEDDF7B7BD80B2FFF7C3BC80B2FFF748
:10A000009FBC08B54FF00400DDF71CFDBDE808401B
:10A010000220FFF711BEFFF7C7BE80B2FFF79BBC5F
:10A0200080B2FFF779BC08B54FF4C07100231A461F
:10A030000846DDF771FDBDE80840FFF7CFBE08B563
:10A04000FFF7A0FF08BD08B5FFF717FC033008BDF8
:10A050002DE9F04104468AB000200D4617461E4601
:10A06000DEF72CF92046DDF77DFD00244FF00108D6
:10A0700003234FF4167229462046CDE90848CDE95E
:10A080000644CDE90444CDE90244CDE9005323461A
:10A09000DEF724F92046DEF727F84046FFF7CCFD2F
:10A0A000FFF7B4FD04462046FFF7B7FDB04206D3E4
:10A0B0000124FFF7A6FF20460AB0BDE8F081FFF7B4
:10A0C00061FF8742EFDA0024F3E708B5DEF7E4F832
:10A0D00000231A4619461846DDF71EFDBDE8084064
:10A0E000FFF715BE0A780378534003704A78437827
:10A0F000534043708A78837853408370CA78C3781A
:10A100005340C3700A790379534003714A79437904
:10A11000534043718A79837953408371CA79C379F3
:10A120005340C3710A7A037A534003724A7A437ADE
:10A13000534043728A7A837A53408372CA7AC37ACD
:10A140005340C3720A7B037B534003734A7B437BB8
:10A15000534043738A7B837B53408373CA7BC37BA7
:10A160005340C373704710B50B7814786340037085
:10A1700054784B786340437094788B786340837055
:10A18000D478CB786340C37014790B796340037142
:10A1900054794B796340437194798B79634083712F
:10A1A000D479CB796340C371147A0B7A634003721C
:10A1B000547A4B7A634043728B7A947A6340837209
:10A1C000D47ACB7A6340C372147B0B7B63400373F6
:10A1D000547B4B7B63404373947B8B7B63408373E3
:10A1E000CB7BD27B5340C37310BD10B51022044605
:10A1F0000021F130FFF74DFC0021C4F81411204676
:10A20000F022BDE81040FFF744BC0246084610218A
:10A21000DEF7C2BA7E2B01D8DEF7FABD0320704705
:10A2200030B50D4685B01446014668B103AA00203A
:10A2300000922A460390DEF7EBFD18B90398001B45
:10A2400018BF012005B030BD0220FBE709B1DEF7E1
:10A25000EFBE02207047FFF787BAD8B1D1B1037BB8
:10A260001B0707D090F8203083B990F828307BB1D5
:10A270001720704790F8283053B190F82030002B09
:10A2800014BF032302230B70002070470023FAE75A
:10A290000123F8E7032070472DE9F04F8BB08A4681
:10A2A0000093149B416890F90C8090F90D6090F830
:10A2B0000EB01960477804469146002F58D002230B
:10A2C0008DF8103004A9C37B007C8DF8123000F0AB
:10A2D00058FAB4F808C0618943B2606898454546A9
:10A2E0006144B8BF1D46604534BF0027012788423E
:10A2F00009D30A218DF81010207C019304A900F0E5
:10A3000040FA019B46B2B4F808C0608961680CEB62
:10A31000400E714519D3A1EB0C01B1FBF0FC00FB21
:10A320001C1191B9984503DC2378CBB94FF0010B90
:10A3300020238DF81030207CE37B8DF8115004A988
:10A340008DF8123000F01DFA45B2009B8AF80050DB
:10A35000384689F8006083F800B00BB0BDE8F08F94
:10A360000223207C8DF8243006A900F01AFADDE7DC
:10A370004546EAE7704770477047704700207047CE
:10A3800070477047704700207047002070470020DA
:10A390007047002070470020704770477047704733
:10A3A000022070470220704702207047704700204B
:10A3B0007047704770470020704700207047704713
:10A3C0007047704713B500230C460193CAB101A929
:10A3D000E2F70AFC18B9019B591C02D1146002B0C3
:10A3E00010BD99B2611A002901DD5C18F6E702D1AF
:10A3F00013600720F3E71B0C1B0403F580331C4498
:10A40000ECE70920EBE710B50446002845D00168C9
:10A41000002942D011F8013B437103220630FFF7B7
:10A4200024FB2046032250F8091B0431FFF71DFBD3
:10A430002168CB79E3600A7A43EA0223E3604A7A2F
:10A4400043EA0243E3608A7A43EA0263E360CB7A39
:10A4500023740B7B63742379212B1AD110220D31C5
:10A4600004F11200FFF701FB1D222168501C8B5CD8
:10A470006362085C43EA0023901C6362085C033259
:10A4800043EA004363628A5C43EA0263636200203A
:10A4900010BD112B03DC0D22E7E70220F8E70120B5
:10A4A000F6E710B50446002854D00168002951D0C1
:10A4B0000B7843714B7883608A7843EA0223836088
:10A4C000CA7843EA024383600A7943EA02638360FD
:10A4D0004B7903738B79C381CA7943EA0223027BE8
:10A4E000C38102F00F0208311030FFF7BEFA237B60
:10A4F000002203F00F0384F8202084F8282022791A
:10A5000003F10800111A04290DDD21680933043A0A
:10A51000D21A085C84F82000D2B2606A84F828203D
:10A520001944FFF7A2FA237922681A44002012F88E
:10A53000043CE36212F8031C43EA0123E36212F8CD
:10A54000021C43EA0143E36212F8012C43EA02636E
:10A55000E36210BD0220FCE710B5044660B3036857
:10A5600053B30279162A29D942791A700146082272
:10A5700051F8060B0130FFF782FA2146082251F804
:10A580000E0B0930FFF77BFA2368E28A5A74E38ADC
:10A5900022681B0A93742368A269DA74A36922688B
:10A5A0001B0A13752368628B5A752368E27E9A75BD
:10A5B00017232371002010BD0120FCE70220FAE7D9
:10A5C00010B5044600282FD003686BB30279172A10
:10A5D0002CD942791A70036882795A700146082290
:10A5E00051F8070B0230FFF74AFA2146082251F8CA
:10A5F0000F0B0A30FFF743FA2368228B9A74238BE0
:10A6000022681B0AD3742368E2691A75E369226819
:10A610001B0A53752368E28B9A752368E27FDA750B
:10A6200018232371002010BD0120FCE70220FAE767
:10A6300010B5044600282FD003686BB30279122AA4
:10A640002CD942791A70036882795A700146032224
:10A6500051F8070B0230FFF708FA2146082251F89B
:10A660000A0B0530FFF70BFA2368628A5A73638A74
:10A6700022681B0A937323686269DA73636922682C
:10A680001B0A13742368E28A5A742368E27D9A7461
:10A6900013232371002010BD0120FCE70220FAE7FC
:10A6A00038B50446002863D00168002960D0037BD8
:10A6B00090F8282003F00F03002A57D1083320799F
:10A6C00004321344984255D363790B702368A2680F
:10A6D0005A70A36822681B0A937023686289DA7033
:10A6E0002368E27A1A712368227B5A712368E2890F
:10A6F0009A71E38922681B0A2146D371227B51F8A3
:10A70000100B02F00F020830FFF7AFF9237B94F82B
:10A71000282003F00F0303F108052AB1226894F8FA
:10A720002010515503F10905206894F82820616A2A
:10A730002844FFF79AF994F828302268E16A2B44FC
:10A74000D1545A1CE16A206892B2090A81549A1CB9
:10A750002168E08D92B28854DA1C216894F82F00A9
:10A7600092B2043388542371002038BD0933A6E720
:10A770000120FAE70220F8E7A0F108035842584107
:10A780007047082882B003D1084602B0E2F7DCBF68
:10A79000002002B07047082802D10846E3F770B8DD
:10A7A0007047082802D10846E3F786B87047034689
:10A7B000082B0846114601D100F072BA00207047FC
:10A7C000082802D10846E3F701B97047082802D1EA
:10A7D0000846E3F72BB90020704710B40446082C54
:10A7E000084611461A46019B02D110BCE3F75AB93C
:10A7F00010BC70470346082B0846114601D1E3F709
:10A800007DB90020704710B40446082C0846114654
:10A810001A4602D110BCE3F7BDB9002010BC704746
:10A8200030B40546082D084611461A46DDE90234C3
:10A8300003D1029430BCE3F72BBA002030BC704740
:10A84000082802D1084600F04EBA002070470828B8
:10A8500002D1084600F070BA00207047082802D1E3
:10A86000084600F06CBA00207047082802D108465C
:10A8700000F068BA002070470346082B08461146CE
:10A8800001D1E3F701BB0020704710B40446082C47
:10A89000084611461A46019B02D110BCE3F70ABBD9
:10A8A000092010BC704710B40446082C0846114615
:10A8B0001A4602D110BCE3F7AFBBC8B210BC704758
:10A8C000F0B59A42069D03DB9DF914309A4220DDD3
:10A8D0000020F0BD03EB430331F814C005EB830304
:10A8E00000264CFA06F7FF0707D51F7A07F00F0E70
:10A8F000964502DCB2EB171F0DDD0136102E03F179
:10A900000C03EED10134E4B22301DBB29842E1D86A
:10A91000DEE70024F8E70120DBE7884204DB904211
:10A92000CCBF0020012070470020704710B51409EB
:10A93000B4EB111F03464FEA11100ED391420CD213
:10A9400002B201F00F0133F81240012000FA01F1C8
:10A9500024EA010123F8121010BD0020FCE7F0B535
:10A9600028B100EB410501270020914200D3F0BD42
:10A97000002435F802CB234607FA04F636EA0C0623
:10A9800008BF013304F1010408BFDBB2102CF3D17E
:10A9900018440131C0B2C9B2E7E710B500B149B9F6
:10A9A00010BD31F8134020F813400133DCB2A2424D
:10A9B000F7D8F5E70023F9E782B0019303885AB985
:10A9C000642B38BF6423C26859438A428CBF521A31
:10A9D0000022C26002B07047012B38BF0123F2E7AA
:10A9E0000378032B14D1437803F00F021B098A70FC
:10A9F0004B7083788B80C27843EA02238B80037983
:10AA0000C3F3021203F00F03CA700B7005207047E6
:10AA1000002070472DE9F34798464379057990F96E
:10AA200007609146044690F906208A4683B190F962
:10AA3000087075B30F2A12D194F909200F2E1ED178
:10AA400094F90A60072D24D1002F08BF012720E0C8
:10AA500090F90B7090F9092090F90A60E9E7A36971
:10AA6000019394F91530009394F914302169207BF7
:10AA7000FFF726FF0028E1D105F0FD05DEE794F998
:10AA80001D30B3420FDC94F91C30B342DADA05F022
:10AA9000FB0528468AF8002089F8006088F80070D5
:10AAA00002B0BDE8F0871E46CCE730B54FF47A75AA
:10AAB0000C1F6A4300FB042252001EBF00F1FF344A
:10AAC0001219B2FBF0F2914238BF1146039A11609D
:10AAD000820048431CBF013040084FF47A71121ABB
:10AAE00001FB1323002BCABF03F2E73393FBF1F101
:10AAF000B3FBF1F1049B196030BD38B5400014463A
:10AB00000D46D5F7B3FB01462846D5F7FDFA214699
:10AB1000D5F7FAFAFDF7FCFBD5F700FC40B238BDDB
:10AB20002DE9F74F019300239C469E46048A1E019F
:10AB3000F6B2B44246D906EB46054FEA4309AD00EA
:10AB40000024476837F809702741FF0729D587682F
:10AB500007EB050A7F5927B3077837B9476927B14B
:10AB600037F809702741FF071BD59AF8087090F94C
:10AB700001B047F303084FFA88F8D84511DC47F3D2
:10AB800003177FB25F450CDB9AF8097007EB4708A3
:10AB9000C76807EBC8073F7D5FB90CF1010C5FFA8E
:10ABA0008CFC0134102C05F10C05CAD10133DBB249
:10ABB000BCE70EF1010706EB040801F80E805FFA0E
:10ABC00087FEEEE7019B82F800E083F800C003B047
:10ABD000BDE8F08F2DE9FF4704464068DDE90C67CA
:10ABE0001D468A469146FFF718F823681B1A3B60FA
:10ABF0004FF000080123337085F80080636813B1BB
:10AC00002368834224D8CAF80080D4F81CC0A36902
:10AC10009CF800E00393D4E9030101AB83E803004F
:10AC2000237D0093DCF80C10237A627A7046E2F7F9
:10AC30006DFC38603346E0692A464946FFF770FFED
:10AC40002B782BB1C7F80080002004B0BDE8F08756
:10AC50003378002B0CBF0C200B20F6E737B590F9AA
:10AC6000002090F90250954204460FD0013A52B2AA
:10AC700095420BD0A368019394F901300093616869
:10AC8000E0782B46FFF71CFE0028EFD0104603B0FB
:10AC900030BD8842B8BF0846704702FB00107047BD
:10ACA00008B50A291DD8DFE801F0061C1C1C1C0B86
:10ACB0000E101C1A1A00BDE808400068E2F724BD17
:10ACC0000422002103E00522FBE70D22082190F970
:10ACD0000000FFF722FE003818BF012008BD0E2239
:10ACE000EFE70020FAE738B505464068E2F70CFDCB
:10ACF0000D22841D082195F90000E4B2FFF70DFE36
:10AD000008B904F0FD0495F9000007220521FFF7BA
:10AD100004FE012803D095F900300D2B01DD04F06D
:10AD2000FD0495F9010003220021FFF7F6FD08B9A3
:10AD300004F0FB04204638BD4FF0FF3070474FF061
:10AD4000FF3070474FF0FF3070470369C9B20C22E3
:10AD500001FB0233186C00F00700704770B5C9B2F0
:10AD60000369EFF31185202484F31288BFF36F8FFA
:10AD70000C2606FB0134246C14F0C00408D0A24257
:10AD800006D085F31188BFF36F8F4FF0FF3070BD91
:10AD900071430B4401221A6485F31188BFF36F8F4E
:10ADA00043680B445B6898470020F0E78022FFF778
:10ADB000D5BFF8B5069F0469C9B2EFF31186202507
:10ADC00085F31288BFF36F8F0C2569430C44256C03
:10ADD00005F0070CBCF1010F0BD1276486F3118835
:10ADE000BFF36F8FC4E90E2343685B589847002078
:10ADF000F8BD05F0C005AF4286F31188BFF36F8F31
:10AE00000CBF6FF077004FF0FF30F1E713B58024EF
:10AE10000094FFF7CEFF02B010BD10B40069CBB2B2
:10AE20001C2403FB0400002110BC10470020E4F7A1
:10AE3000C5BC002000F04FB91046FBF75FBC43686B
:10AE40005B68D3F810350B600020704743685B687F
:10AE500002EA010021EA0201C3F80805C3F80C1553
:10AE60000020704743685B680020C3F808157047EE
:10AE700043685B680020C3F80C15704743685A6844
:10AE8000D2F8043521EA03000B40C2F80805C2F8E5
:10AE90000C350020704710B503695868F8B1884236
:10AEA00019D19C6808685860A14200D198600020C0
:10AEB00008602AB15A680A609A68596002B99960B4
:10AEC000002010E0814206D1086820609868814225
:10AED000EDD19C60EBE7044600680028F2D1002A1F
:10AEE000E8D16FF0150010BD30B543681360057AE6
:10AEF000446804EBC504A34202D36FF0010030BDE7
:10AF00005C798C4201D00833F0E70020F7E700229B
:10AF100001212F20DBF72EB810B50B6813B9136091
:10AF2000184605E003685C681CB114600368186883
:10AF300010BD083303600B68013B0B60EDE77FB584
:10AF40000BAB059303930A9B02930023CDE90033D7
:10AF50001846D8F74FFF07B05DF804FB13B5002182
:10AF600001AA0446FFF7C0FF002805DB019B226809
:10AF700019791868E3F7B8FB02B010BD03460A461A
:10AF800000681979012303FA01F103691B6819426A
:10AF900018BF82F0010212B18368DB68184783682A
:10AFA0001B69FBE710B504460068D0B18368C3B1E4
:10AFB00049B101210830FFF7E1FF23681869BDE8B6
:10AFC000104008F02BBE12B98388DB0409D4006955
:10AFD00008F024FE20680021BDE810400830FFF78B
:10AFE000CDBF10BD10B5012200210446FFF7DAFFE6
:10AFF000A36933B9636004F11000BDE81040FBF7AA
:10B000007DBB10BD10B5006903688B4206D190F876
:10B010006C4034B9FFF7E6FF204610BD6FF0150015
:10B02000FBE76FF00F00F8E738B5056904462964BF
:10B0300005F12800FBF762FB002285F86C202069EF
:10B040001146BDE83840FFF7ADBFF8B50C460546E0
:10B0500000F0D4F80022214606462846E4F7FAFE1E
:10B0600003212046E3F768FF00F023F807462B682A
:10B070009B5953B100262146284600F0BDF82046D2
:10B080000121E3F759FF3046F8BD00F012F8C01B6C
:10B090000628ECD96FF07306EDE700F150039B0032
:10B0A0009BB203F1804303F5883300221A601B68CA
:10B0B000704708B5E4F706F808BDFCF777BC08B59B
:10B0C000DAF76CF9DAF740FABDE80840FCF76EBC35
:10B0D000004708F0A3BDE4F7EDBAF7B5019001A869
:10B0E000DDE9084716461D46E4F7FAFB019BB6F179
:10B0F000000C18BF4FF0010C00EB83000B1E18BFB3
:10B100000123002D43EA4C0314BF4FF00C0C4FF009
:10B11000000C002C43EA0C0314BF4FF4E06C4FF01A
:10B12000000C002F43EA0C03D0F8002714BF4FF4A3
:10B13000403C4FF0000C43EA0C0322EA030301B148
:10B1400009780EB13678760019430DB12D78AD002F
:10B1500031430CB12478240229430FB13F783F04D6
:10B160000C433C43C0F8004703B0F0BD1FB50DF1E0
:10B170000F03019300238DF80F1000931A46194610
:10B18000FFF7ABFF05B05DF804FB08B50146E4F737
:10B19000F9FB40B10846E4F7DDFB00B2800000F5A2
:10B1A000807080B208BD4FF4BE70FBE738B505462D
:10B1B00008460C46E4F7E6FBB0B10846E4F7D6FBD8
:10B1C00090B90846E4F7C6FB2A6801238340C2F819
:10B1D00008332A6803B202EB8303D3F8102522F068
:10B1E0000302C3F8102538BD20460021BDE83840D1
:10B1F000FFF7BCBFE4F74CBCFFF7D8BF0846FFF72A
:10B20000C4BF70B5A2F58074A408012606FA04F440
:10B21000054614EA010008D0A85830B10021A95011
:10B22000AA581A6822431A60304670BD2DE9F341CE
:10B23000002304460D460193904601AB4FF4A672DD
:10B24000FFF7DFFF4FF4827229462046FFF7D9FF50
:10B250004FF48C72074629462046FFF7D2FF064678
:10B2600030B1B8F1000F1DD017B1D4F83C353E46CF
:10B2700001AB4FF4887229462046FFF7C2FF30B178
:10B28000B8F1000F03D016B90FB1D4F83C3501ABBB
:10B290004FF4907229462046FFF7B3FF019802B0A1
:10B2A000BDE8F0814646E3E707B5019001A8E4F761
:10B2B00007FF019A01239340C0F8083503B05DF8F9
:10B2C00004FB07B5019001A8E4F7FAFE019A0123F7
:10B2D0009340C0F80C3503B05DF804FB70B506462A
:10B2E0000020F3F77BFD002504460CB9284670BD0D
:10B2F000204606F0BBF901280AD0204606F0B9F92D
:10B30000864208BF25462046F3F768FD0446ECE771
:10B310002546EBE72DE9F047037FDC070546884625
:10B32000924602D50020BDE8F087C668BEB1374618
:10B330004FF0010931462846D047B8420446F1D0C3
:10B340003E46ACB92B7F1907ECD5B9F1000FE9D017
:10B350002846C047044636B14FF00009F1E71A0706
:10B36000F6D488470446002CDCD026464FF000096E
:10B370002068E5F7E9FB030638D4276837BBEB689C
:10B38000A342CFD073B128461E68FFF7A7FF142150
:10B3900002463046E5F79CFD0128C3D1EB681868EA
:10B3A000E6F77AF8EC6028462468FFF797FF132148
:10B3B00002462046E5F78CFD0128B3D1EB681868FA
:10B3C000E6F76AF82B69A3B90120ACE701213846FA
:10B3D000E5F716FB20B9384602F0FEFC0746CDE73C
:10B3E00001213846E5F70CFB0028C8D03746264631
:10B3F000A0E728469847E7E770B50646E5F7E6FB7D
:10B400000446002838D0C368E3B11B68B34219D1A1
:10B41000037FDA0744BF6FF30003037707F076FA80
:10B42000E368834229D1204607F073FAE368984223
:10B4300023D105682046FFF751FF14210246284614
:10B44000E5F746FDE36823B11B68B34204BF002360
:10B45000E360204607F05AFA054668B12B68B3420C
:10B46000294620461CD107F011FA2846F8F7AEFA13
:10B47000B3680BB100225A6070BD237FC3F3C005CF
:10B4800043F0080323775B07204606D4E5F794F9D9
:10B49000237F65F3C3032377D4E7E5F7BBF9F7E729
:10B4A00007F03AFAD8E710B1C06800B100687047F9
:10B4B00010B1007FC0F3400070472DE9F3414E68A2
:10B4C0000C462EB33046E6F7B1FE0746304601F093
:10B4D00082FC1022804600213046B569E7F75CFA0D
:10B4E0002B18A3EB0803A361013B236201901222F6
:10B4F000002130467569E7F74FFA0544E81B6061A3
:10B500000138E0614BF67633636202B0BDE8F0814A
:10B5100041F67603F8E72DE9F04FB0F828B08B45F7
:10B5200089B00446884607D00A46594602F0B1F968
:10B53000814620B9A4F8288009B0BDE8F08F2046E4
:10B54000E5F7AAFF2046A4F8288002F0DDFA4FF4C0
:10B550002070F8F7A3FA00266FEA0803074635467D
:10B560000793628DC2F30513B3421BD9202D19D066
:10B57000E16801EBC60CF000DCF80430C3F3170EF1
:10B580009BB20593DDF814A0079B13EA0A0F38D18C
:10B590009CF8073013F0020309D00136C2F30513FB
:10B5A0009E42E5D314233E4603FB057566E00A5828
:10B5B000117A1268FF2920D002EB8100994220D92C
:10B5C00010F801ABBAF1660F1DD152F8233004E038
:10B5D000662B02F1080210D14B680EF47F0206922E
:10B5E00000211A6812F801A0BAF1000F09D0202D2D
:10B5F00007D000203A4603901BE013781146002B39
:10B60000E6D10136ADE70133D8E7107A50450CD1C9
:10B610005068049000F47F0E0698864505D1BDF869
:10B620001000DDF814E070451CD20398013003903F
:10B63000143203988542E8D114226A43D3F80CE00F
:10B6400027F802E0B8181A6942809A68C2601A683E
:10B65000525C02725A680261DCF80420C2F31702DD
:10B66000426001350131BCE77168009643465A4695
:10B6700001F47F012046E7F79FFB1436B542F3D172
:10B680003846F8F7A3F909F0FD03012B08D1FF2292
:10B690004FF47021204609B0BDE8F04FE7F7AEB98E
:10B6A000B9F1020F7FF448AF2046E5F7F5FE2046DA
:10B6B00009B0BDE8F04FE5F7CFBB2DE9F041A6B0EA
:10B6C000054607F010F80646284607F008F81A2E37
:10B6D000044674D1284607F00AF80378022B054681
:10B6E00009D02D2200212046E7F756F906460A9098
:10B6F00020B102232B7026B0BDE8F08101460C2258
:10B700002046E7F749F9682207460A903146204665
:10B71000E7F742F9692280460A9031462046E7F76A
:10B720003BF90A9063690A93A3690B93E3690C934D
:10B730000246236A0D9341460AA806F02AFA686871
:10B740003A460AA906F0FBFA08B90123D2E71D22FE
:10B7500031462046E7F720F90690C0B2FC28F4D91C
:10B760005F2231462046E7F717F90690C0B2FC2861
:10B77000EBD9202231462046E7F70EF90690C0B2F9
:10B7800040B1252231462046E7F706F90690C0B2BF
:10B79000FC28DAD9262200212046E7F7FDF806909A
:10B7A00020B1827A002303309A4201D80023A1E716
:10B7B00003EB8301415CFC29C7D90133F4E71D2E5B
:10B7C00038D12846E5F716FC06460AA8EAF76EFDCA
:10B7D0000AAA0021204600F0BCFB352200212046A9
:10B7E000E7F7DAF8069028B19DF8713043F02003AE
:10B7F0008DF87130682200212046E7F7CDF86922E4
:10B800000546069000212046E7F7C6F806906369D2
:10B810000693A3690793E3690893236A0993024691
:10B82000294606A806F0B5F906AA0AA93046EAF79D
:10B830009FFD60E7202E7FF45EAF2846E5F7DAFB38
:10B8400006AA064602A9204601F079FB02A806F0E6
:10B8500096F9002800F0AF800AA8EAF727FD1D221C
:10B860004FF480312046E7F797F80190C0B20228E4
:10B870008DF8480010D91C224FF480312046E7F79C
:10B880008BF8C0F30722C0F3074301908DF84900FD
:10B890008DF84A208DF84B3032224FF4803120460B
:10B8A000E7F77AF80190C0B202288DF8700017D936
:10B8B00030224FF480312046E7F76EF800280190DF
:10B8C0001B9040F3B98031224FF480312046E7F7D6
:10B8D00063F8C0F307430190ADF866008DF8683057
:10B8E0003E224FF480312046E7F756F8C3B2022BD0
:10B8F00001908DF8943023D93C224FF480312046BA
:10B90000E7F74AF800280190219040F399804222FD
:10B910004FF480312046E7F73FF83D220190249014
:10B920004FF480312046E7F737F8C0F30722C0F321
:10B93000074301908DF881008DF882208DF88330C7
:10B940004FF48031204602F0AFF8FC280BD89DF868
:10B95000483013FB00F3C3F307238DF848308DF80C
:10B9600070308DF894309DF870209DF84830134366
:10B970009DF89420134324D00C224FF480312046AC
:10B98000E7F70AF80190119002A806F0F8F830B134
:10B99000002302AA0AA930460C93EAF7E9FC06A89C
:10B9A00006F0EDF868B1012306AA0AA930460C9307
:10B9B000EAF7DEFC05E006A806F0E1F800287FF4CF
:10B9C0004BAF302200212046E6F7E6FF0A90002820
:10B9D0003FF491AE352200212046E6F7DDFF0A90C4
:10B9E00000283FF488AE00250AA8EAF75FFC0AAAFF
:10B9F000294620468DF848508DF863508DF88050C8
:10BA00008DF8945000F0A5FA682229462046E6F702
:10BA1000C3FF69220746069029462046E6F7BCFF89
:10BA2000069063690693A3690793E3690893236A01
:10BA3000099302463946F4E600238DF870304FE74B
:10BA400000238DF894307BE7F0B5084689B00D46A9
:10BA500006F049FE0646284606F041FE012E044641
:10BA600005D1202109B0BDE8F040E4F775BF033EE1
:10BA70002F2E5FD8DFE816F051005E005E005E00FA
:10BA80005E005E005E005E0030001F015E0021016E
:10BA90005E005E0068005E00F60038015E005E0039
:10BAA0009F01A401A60199018F015E0099015E002A
:10BAB0005E0099015E005E005E005E005E005E005A
:10BAC0005E005E005E005D015E0088015E005E005B
:10BAD0005E005E003A0158002021E4F767FF284627
:10BAE00006F005FE05F0D6FD20BB08212046E4F750
:10BAF00087FFF8B12046E5F727F810F0010F4FF067
:10BB00000101204634D1E4F727FF002223212046FB
:10BB100009B0BDE8F040E5F7DBB92021204609B0C7
:10BB2000BDE8F040E4F742BFE7F752FB00250646C8
:10BB3000B54201D109B0F0BDA3681B6853F82500D8
:10BB400000F03AFE0135F3E70821E4F759FFA8B108
:10BB50002846E5F76BFA132802D101212046D2E7E7
:10BB60001128FAD0142801D0122804D1012120462E
:10BB7000E4F71CFFC9E70A28DCD0C6E74FF40161EF
:10BB80002046E4F73DFF0028D4D0204600F05AF9C3
:10BB90000028CFD12046E6F749FB07462046E6F7C6
:10BBA000B7FB06462846E5F741FA12280DD1204694
:10BBB00001F00CF905462046E5F75AFB011EB8BF17
:10BBC0000331002205EBA1010EE0112812D120461D
:10BBD00001F0FCF805462046E5F74AFB011E00DAB5
:10BBE00003310022A5EBA101204609B0BDE8F040D9
:10BBF000E6F7A2BC13281BD1204601F0CCF882073F
:10BC0000D5D0002F01DC002ED1DD204601F0D9F87F
:10BC100005462046E5F70AFB011EB8BF03310022A6
:10BC200005EBA101204609B0BDE8F040E6F770BC85
:10BC300014287FF47FAF204601F0ADF88307C6D00B
:10BC4000002F01DC002EC2DD204601F0BAF80546C7
:10BC50002046E5F7EBFA011EB8BF03310022A5EB41
:10BC6000A101DFE74FF48061E4F7CAFE18B10121BA
:10BC7000204601F048F92046E4F7A8FFFFF718FC3A
:10BC80000646F3F7B5F810B92846E5F78FF905F041
:10BC9000EDFC022808D0042814BF022106212EB191
:10BCA00041F008012046DDE60621F8E72046E4F7EA
:10BCB00053FE082132E74021F4E74021E4F776FE05
:10BCC000204601F05FF802287FF434AF04AA6946E9
:10BCD000204601F034F969462046E5F799FB04A9AE
:10BCE0002046E5F795FB25E70E2117E70A220021FC
:10BCF000E6F752FE16220490054600212046E6F79C
:10BD00004BFE049080B208B9EDB215B1204600F0A8
:10BD100053FD2046E7F75CFA00250646B5423FF49E
:10BD200009AFA3681B6853F8250000F045FD0135F5
:10BD3000F4E701220021E6F72FFE02220490002101
:10BD400007462046E6F728FE0A2204900021064610
:10BD50002046E6F721FE16220490054600212046E3
:10BD6000E6F71AFE049080B240B9EDB235B96FF033
:10BD700040439F4202D09E427FF4DCAE204609B091
:10BD8000BDE8F04000F018BD90F82A3043F00203FF
:10BD900080F82A30F2E7002100F06CFB01462846CB
:10BDA00009B0BDE8F040E5F75DB9284609B0BDE847
:10BDB000F040FFF782BC2021E4F7F8FD4021ADE61A
:10BDC00010216FE71021A9E610B508460C46F6F7DA
:10BDD0007DF90020E6F7DAFD2046E6F7EBFE0120CC
:10BDE000E6F7D4FD00212046F5F778FF2046E4F77A
:10BDF000EDFE10B12046FFF7FFFAA3687BB118688B
:10BE000020B1F7F7E3FDA36800221A60A0680830AC
:10BE1000F6F726F9A068F7F7D9FD0023A36010BD57
:10BE200070B50E68336805460C461BB10B60FFF712
:10BE3000F7FF2660736823B121462846BDE87040AD
:10BE4000184770BD006838B190F8203013F0030334
:10BE5000F8D0013B584258417047006838B190F81B
:10BE6000203013F00C03F8D0043B5842584170477F
:10BE700038B50446B0B300F09FFC0020E6F786FD1D
:10BE8000204607F004FB21462068FFF7C9FF012088
:10BE9000E6F77CFDFF224FF470212046E6F7AEFD69
:10BEA000204600F0AEFCE4F781FC024638B12046A3
:10BEB000FFF7D3FF18B121461046E4F7D9FC20461E
:10BEC00001F08AFF054668B122462A21E5F700F80D
:10BED000224628462B21E4F7FBFF2046BDE83840E8
:10BEE000E5F7DABA38BD30B51C2285B004460D46F8
:10BEF000E6F752FD29460246204601F0A3FC034620
:10BF0000DAB2002062F30700C3F3072262F30F20C6
:10BF1000C3F3074363F3174005B030BD30B5582273
:10BF200085B004460D46E6F737FD29460246204611
:10BF300001F088FC0346DAB2002062F30700C3F385
:10BF4000072262F30F20C3F3074363F3174005B0E2
:10BF500030BDF0B5C2E9000187B006460D46144673
:10BF600001F0A2FD074675B102280CD8002384F821
:10BF7000203084F83B3084F8483084F8583084F816
:10BF80006C3007B0F0BD0C2229463046E6F704FDC0
:10BF900094F820300590E0615BB31D2229463046BD
:10BFA000E6F7FAFC0590C0B2022884F8200020D9F8
:10BFB00029463046FFF797FFC0F3072384F8210096
:10BFC000C0F3074084F82300294684F82230262253
:10BFD0003046E6F7E1FC01460590002800F00781B5
:10BFE000C37A1A0700F003810C2204F1240007F041
:10BFF0009DF894F8483073B3302229463046E6F76E
:10C00000CBFC0590606430B3322229463046E6F717
:10C01000C3FC0590C0B2022884F848001BD9342222
:10C0200029463046E6F7B8FC94F84930059060F3AD
:10C03000040384F84930312229463046E6F7ACFC47
:10C0400029460246304601F0FDFBC0F30743059048
:10C05000E08784F8403094F8583053B338222946AA
:10C060003046E6F799FC0590206510B33A22294640
:10C070003046E6F791FC0590C0B2022884F85800DB
:10C0800017D93B2229463046E6F786FC392205902F
:10C09000606529463046E6F77FFC29460246304671
:10C0A00001F0D0FBC0F307430590A4F84A0084F8E0
:10C0B0004C3094F83B306BB3282229463046E6F7E3
:10C0C0006BFC0590206328B3292229463046E6F709
:10C0D00063FC0590C0B2022884F83B001AD9206B9B
:10C0E00002F0DAF8022840F0D5805A22294630467C
:10C0F000E6F752FC2946059060633046FFF70EFFD5
:10C10000C0F3072384F83800C0F3074084F83930BF
:10C1100084F83A0094F86C30002B41D03C22294638
:10C120003046E6F739FC0590E065002838D094F8F1
:10C130006C30022B34D93E2229463046E6F72CFCDF
:10C140000590C0B2022884F86C0029D94022294603
:10C150003046E6F721FC412205902066294630460C
:10C16000E6F71AFC42220590606629463046E6F75B
:10C1700013FC3D220590A06629463046E6F70CFCEC
:10C18000294602460590304601F05CFBC0F30722C9
:10C19000C0F3074384F8590084F85A2084F85B30D0
:10C1A000FC2F3FF6EEAE94F8203013FB07F31B1282
:10C1B00084F8203094F83B3013FB07F31B1284F80B
:10C1C0003B3094F8483013FB07F31B1284F84830D7
:10C1D00094F86C3013FB07F31B1284F86C3094F85E
:10C1E000583013FB07F31B1284F85830C9E620229D
:10C1F00029463046E6F7D0FB94F82F30059060F3DF
:10C20000030384F82F301B073FF4F3AE2946304672
:10C21000FFF769FEC0F3072384F82400C0F307404A
:10C2200084F8253084F82600232229463046E6F794
:10C23000B3FB29460246304601F004FBC0F3074336
:10C24000C0F3072284F82B30059084F8290084F885
:10C250002A20294621223046E6F79EFB222205901D
:10C2600084F8280029463046E6F796FB24220590FC
:10C2700084F82D0029463046E6F78EFB25220590EE
:10C2800084F8270029463046E6F786FB059084F8B7
:10C290002C00AEE62A2229463046E6F77DFB2946E9
:10C2A0000246304601F0CEFAC0F3074305902087DE
:10C2B00084F83A302B2229463046E6F76DFB2C22D3
:10C2C000059084F83C0029463046E6F765FB05906A
:10C2D000003818BF012084F83D001BE773B5C2E9A0
:10C2E00000011446592206460D46E6F755FB01901B
:10C2F000C0B2022884F84C0053D92946304601F0D8
:10C30000D3FBFC289FBF94F84C3013FB00F00012C5
:10C3100084F84C0094F84C30022B42D92946304620
:10C32000FFF7FCFDC0F3072384F83000C0F307409B
:10C3300084F8313084F832005B2229463046E6F733
:10C340002BFB5C220190206429463046E6F724FB53
:10C350005D220190E06329463046E6F71DFB94F824
:10C360005030019060F3020384F850305DB16722D1
:10C3700029463046E6F710FB94F85030019060F300
:10C38000C50384F850305A2229463046E6F704FBAC
:10C390005E220190606229463046E6F7FDFA84F895
:10C3A0004E0002B070BD73B5C2E9000114464D22C3
:10C3B00006460D46E6F7F0FA0190C0B2022884F86E
:10C3C0003C0055D92946304601F06EFBFC289FBF42
:10C3D00094F83C3013FB00F0001284F83C0094F811
:10C3E0003C30022B44D9482229463046E6F7D4FA9D
:10C3F0000190206300283BD04C2229463046E6F7C6
:10C40000CBFA29460246304601F01CFAC0F3074336
:10C410000190A08584F82E30492229463046E6F75F
:10C42000BBFA0190606330B14A2229463046E6F7F4
:10C43000B3FA0190A0634B2229463046E6F7ACFAE6
:10C4400094F83D300190003818BF012060F3C30319
:10C4500060F3041384F83D3055B167222946304615
:10C46000E6F79AFA94F83D3060F3020384F83D3021
:10C4700002B070BDF7B53C2205460E46E6F78CFAD1
:10C480000446019080BB0024382231462846E6F756
:10C4900083FA0746019090B13A2231462846E6F7E2
:10C4A0007BFA0190C0B2022809D93B2231462846C6
:10C4B000E6F772FA0744BC420190B8BF3C463146E9
:10C4C00068222846E6F768FA692207460190314655
:10C4D0002846E6F761FAB842B8BF38460028C8BF18
:10C4E0002418204603B0F0BD3E2231462846E6F728
:10C4F00053FA0190C0B20228C5D9422231462846DB
:10C50000E6F74AFA04EBD474641001340190044451
:10C51000402231462846E6F73FFA4122074601907D
:10C5200031462846E6F738FA00280190B8BF404265
:10C53000002FB8BF7F42B842ACBF2418E41924EAE8
:10C54000E474A1E7806800B1C06A7047806818B1E0
:10C5500090F83300C0F38100704710B50C4670B9F5
:10C560000B68186868B1C3684BB10023E360C36807
:10C5700021469847207EC04300F0010010BD0068AE
:10C58000F0E70120FAE700B9704783682BB193F810
:10C59000333003F00C03082B01D04068F3E701208F
:10C5A000704707B527220021E6F7F6F9C0B203B0BD
:10C5B0005DF804FB73B5122200210646E6F7ECF99C
:10C5C00030220446019000213046E6F7E5F9342296
:10C5D0000546019000213046E6F7DEF9430748BFE3
:10C5E0006419204602B070BD2DE9F04F8BB0924621
:10C5F00005916E22002104461D46E6F7CDF96C2216
:10C6000008900021064683462046E6F7C5F96D22CC
:10C6100001280890074681464FF000012046B8BF28
:10C620000127E6F7B9F9012880460890B8BF4FF016
:10C6300001082EB9B9F5807F02D1B0F5807F6AD0AC
:10C640006F2200212046E6F7A7F97022089000210A
:10C650002046E6F7A1F9089B099003F0C042B2F129
:10C66000005F19D123F0C0496FF06042914513D0AB
:10C67000B9F1805FA4BFC9F17F6909F57F2904F191
:10C680001400A8BF09F6FF7905F0EAFD642309FB51
:10C6900000F090FBF3F00890099B03F0C042B2F168
:10C6A000005F19D123F0C0496FF06042914513D06B
:10C6B000B9F1805FA4BFC9F17F6909F57F2904F151
:10C6C0001400A8BF09F6FF7905F0CFFD642309FB2C
:10C6D00000F090FBF3F009906269089B1344089303
:10C6E000A269099B134409934DB14FF6FF73C6F13C
:10C6F000000BFA184344B2FBF7F7B3FBF8F808ABAA
:10C7000085F00105CDE90083059802953B465A4620
:10C71000514605F0CFFC0BB0BDE8F08F73B5112288
:10C7200000210646E6F738F9302204460190002140
:10C730003046E6F731F934220546019000213046B3
:10C74000E6F72AF9C30748BF6419204602B070BD56
:10C7500073B5102200210646E6F71EF93022044682
:10C76000019000213046E6F717F934220546019082
:10C7700000213046E6F710F9830748BF64192046C8
:10C7800002B070BD73B5132200210646E6F704F926
:10C7900030220446019000213046E6F7FDF83422AD
:10C7A0000546019000213046E6F7F6F8030748BF3A
:10C7B0006419204602B070BD08B590F82A2042F0F6
:10C7C000010280F82A20E6F76DFC90F82A2042F05A
:10C7D000040280F82A20E6F787FCBDE80840002222
:10C7E000382101F0B9BC70B5044615461E4600223A
:10C7F00001F0A9FA324629462046BDE87040E4F728
:10C80000AFBC37B5012200210446E6F7C5F8022285
:10C810000546019000212046E6F7BEF86FF0404340
:10C820009D42019001D0984205D12046FFF7C4FFF8
:10C83000012003B030BD0020FBE72DE9F047814621
:10C840000D4616469A46E6F7C3FC00278046474544
:10C8500001D1BDE8F087D9F808301B6853F82740AC
:10C86000BAF1000F13D163692B446361A3693344A8
:10C87000A361E3692B44E361236A334423623246B4
:10C88000002329462046FFF7D8FF0137DFE74FF4A2
:10C8900080212046E4F7B4F80028E4D0F5E72DE93C
:10C8A000F04704460D4616461F4603F0010903F003
:10C8B000020A6CB32046FFF749FE0AF0FF038046E8
:10C8C000BAF1000F15D0B9F1000F07D0204601F0E2
:10C8D00083FA3B4632462946FFF7E1FFB8F1020FE3
:10C8E00016D13246294620460123BDE8F047FFF71E
:10C8F0007BBE022804D1324629462046FFF774FE4B
:10C90000B9F1000F04D0204601F066FA0446D0E7E2
:10C91000BDE8F08770B50C4688B009686668A56800
:10C920000091CDE90161E16801350131CDE90651A0
:10C930001346039104226946CDE90456FFF7AFFF81
:10C94000069B049D02980099AB421A46A8BF2A464E
:10C950008242A8BF02468A42D4BF22602160AB4215
:10C96000B8BF2B468342B8BF0346059D8B42ACBF80
:10C97000A360A160079B03980199AB421A46A8BF28
:10C980002A468242A8BF02468A42D4BF62606160E2
:10C99000AB42B8BF2B468342B8BF03468B42ACBF05
:10C9A000E360E16008B070BD2DE9F0410D4688B04C
:10C9B00001210446E4F724F8002874D12046E6F764
:10C9C00071FB0646E6F790FB0746E7F785FC8642D3
:10C9D00055D12046FFF7B6FD63690093A369019323
:10C9E0006E46E36902930246236A0393014630468A
:10C9F00005F0CFF832462946284605F0E4F8074608
:10CA0000002850D02046FFF7BEFD002850D196E800
:10CA10000F0085E80F00204601F0DEF90DF1100847
:10CA20000446002C40D001212046E3F7E9FFD0BBAB
:10CA300004F1140696E80F0088E80F004FF4801107
:10CA40002046E3F7DDFF38B12046FFF77BFD0246C5
:10CA50000146404605F09DF82046FFF794FD68BB6F
:10CA600096E80F0088E80F0042462946284605F060
:10CA7000AAF8C0B1204601F0AFF90446D1E7384624
:10CA8000E7F748FC8642A4D03846E7F79DFC86428B
:10CA90009FD03846E7F75CFC86429AD03846E7F7E5
:10CAA00075FC864295D00027384608B0BDE8F08175
:10CAB000012229462046FFF72DFFACE7012241461F
:10CAC0002046FFF727FFCFE72DE9F043456889B0FF
:10CAD00004460E4617469DB14FF48021E3F790FFC0
:10CAE000D5F81490002843D0AB69B1441F442846C0
:10CAF000FFF760FD09EB00062846FFF729FE074413
:10CB00006369F61AA369FF1A56EA07032DD0204677
:10CB1000E4F7C2FC69462046E4F762FB6DB104A964
:10CB20002846E4F71BFC002204A9684605F007F933
:10CB3000804620B9284600F02DFD4FF000086369BB
:10CB400033446361A3693B44A361E3693344E36114
:10CB5000236A3B4423623A46002331462046FFF7CE
:10CB60006CFE9DB92046E4F797FC09B0BDE8F08360
:10CB7000284600F026F9A9EB00092846B144AE6921
:10CB800000F024F9A6EB00084744B0E722462A212A
:10CB90002846E4F79DF92046E4F77EFC002204A92C
:10CBA00004F1140005F0CBF8B8F1000F01D1002812
:10CBB000DBD0284600F0EEFCD7E730B50446084647
:10CBC00001F0C041B1F1005F12D120F0C0416FF01F
:10CBD0006045A9420CD0B1F1805FA2BFC1F17F6175
:10CBE00001F57F2101F6FF715943642091FBF0F0BC
:10CBF00002F0C041B1F1005F12D122F0C0416FF0EC
:10CC00006045A9420CD0B1F1805FA2BFC1F17F6144
:10CC100001F57F2101F6FF715943642291FBF2F285
:10CC2000A242A8BF22469042B8BF104630BD70B5A0
:10CC30000446E6F7CDFA00250646B5421FD194F822
:10CC40002A30D9070DD56FF3000384F82A30204627
:10CC5000E4F776FD2046E4F74FFC15B12046F3F7E4
:10CC6000C3FA94F82A309A0711D56FF3410384F878
:10CC70002A3020460021BDE8704000F0ACBCA3681B
:10CC80001B6853F82500FFF7D2FF0135D5E770BDCB
:10CC900007B52722E5F780FEC0B203B05DF804FBBC
:10CCA00090F854305B0704D5006800220E21E4F7A9
:10CCB0000FB9704773B5122200210646E5F76CFEE6
:10CCC00030220446019000213046E5F765FE34220B
:10CCD0000546019000213046E5F75EFE430748BF58
:10CCE0006419204602B070BD73B5112200210646BA
:10CCF000E5F752FE30220446019000213046E5F768
:10CD00004BFE34220546019000213046E5F744FEF3
:10CD1000C30748BF6419204602B070BD73B5102226
:10CD200000210646E5F738FE302204460190002136
:10CD30003046E5F731FE34220546019000213046A9
:10CD4000E5F72AFE830748BF6419204602B070BD8C
:10CD500073B5132200210646E5F71EFE3022044675
:10CD6000019000213046E5F717FE34220546019078
:10CD700000213046E5F710FE030748BF641920463E
:10CD800002B070BD836823B193F8320000F0030055
:10CD900070470320704783681BB1588EC0F383101F
:10CDA00070470F207047806818B190F83200C0F3C8
:10CDB00081007047806818B190F83200C0F301100C
:10CDC0007047806808B1006A40427047806808B1C7
:10CDD000406A40427047FFF7F9BF51EA020370B55D
:10CDE00004460D46164619D0E3F776FFA268136A8B
:10CDF0002B441362A268536A3344536229460123C9
:10CE000032462046FFF719FD00220F212046E4F7A5
:10CE10005FF8012803D12046E4F73EFB012070BDF6
:10CE200008B50346FFF7D2FF421818460021BDE8B7
:10CE30000840FFF7D2BF08B50346FFF7C2FF002244
:10CE400001441846BDE80840FFF7C7BF2DE9F04789
:10CE5000984651EA020305468946924651D0E4F7C6
:10CE600045FF2846FFF7ADFF00210746A9EB000963
:10CE70002846FFF70DFF01282ED0B9F1000F3CDA4C
:10CE80002846E5F7D3F904462846E5F741FA204459
:10CE900020EAE07044424C45B8BF4C462846FFF7B4
:10CEA00095FFBAEB000A814629D52846E5F758F9DF
:10CEB00009EB000626EAE67676425645B8BF5646A6
:10CEC000391909EB060251EA02031AD043462846F3
:10CED000BDE8F047E5F78CBAB9F1000F0DDD284643
:10CEE000E5F7A4F904462846E5F712FA044424EAD3
:10CEF000E4744C45A8BF4C46D0E70024CEE700269A
:10CF0000DEE7BDE8F08773B504460E46E4F7EEFEB3
:10CF100000232046CDE9003300F05EFF21460546A0
:10CF200014340DB902B070BD33466A462046E5F7A9
:10CF300017FB284600F050FF29460546F1E72DE98A
:10CF4000F04F93B04FF0FF360D46174600221146C2
:10CF5000044633462846009604F001FE002211469E
:10CF600033463846009604F0FAFD10212046E3F7D8
:10CF700047FD8046C0B32046FFF704FF834698B3C1
:10CF80000020F1F72BFFBBF1020F824629D020468B
:10CF9000FFF71CFF81462046E5F7E2F80D9020469A
:10CFA000E5F744F90B902046E5F7B2F904902046E6
:10CFB000FFF7F1FE10F00C0F00F003061FD19EB139
:10CFC000BBF1010F40F0178146464FF0000832E0F8
:10CFD000504604F05FFB8442D9D05046F1F7FEFE84
:10CFE0008246BAF1000FF3D113B0BDE8F08F002EE6
:10CFF000FAD0504604F041FB0328F5D1E4E7BBF139
:10D00000010FF6B200F0EA80BBF1030F40F0D280CE
:10D01000B9F1000F0BDC0D9B002B08DC002EE3D0D8
:10D020000B9B002BD0DC049B002BCDDCDCE7002E1F
:10D0300040F0D88000264FF480312046FFF728FECC
:10D0400010220C904FF480312046E5F7A5FC112208
:10D05000089011904FF480312046E5F79DFC122294
:10D06000099011904FF480312046E5F795FC13228A
:10D0700011904FF4803183462046E5F78DFC012264
:10D0800011904FF4803182462046E5F785FC03225B
:10D090004FF48031039011902046E5F77DFC0A9013
:10D0A000119007902046E4F7E3F805902046E4F756
:10D0B000BDF8B8F1000F039B069008BF0023002EB7
:10D0C00002934FF01D02039B4FF4803108BF0023F1
:10D0D00020460E93E5F760FC1190C0B2012840F2A3
:10D0E0009580B8F1000F40F09D80002E3FF47CAF9A
:10D0F000069B0B9E1E44049BF6183FF475AF236AF3
:10D10000099A9B1A039AEB609B1A01336B6063695F
:10D110002B60E369AB60069BA3EB0B07029BA7EBBD
:10D120000A07FF1A0A9B002BD8BF069B4FF000008E
:10D13000DEBF7B4393FBF6F30793E6F7C7FF4FF0A1
:10D140000A0808FB00F0EF2840F369810020E6F7A9
:10D15000BDFF08FB00F05030A02390FBF3F0079BCD
:10D16000834213DC0020E6F7B1FF4FF00A0808FB0A
:10D1700000F0EF2840F355810020E6F7A7FF08FBF9
:10D1800000F05030A02390FBF3F30793069B6169F6
:10D19000F61A002E00F34F810C9B012B594440F0EE
:10D1A0004281029B0B44591E2960E369A3EB0A03E9
:10D1B000AB6019E7BBF1020F7FF416AF504604F0E5
:10D1C0005CFA0C287FF413AF002E3FF433AF5046C7
:10D1D00004F053FAC31E5E425E412CE7003E18BFC6
:10D1E000012628E70B9B002B0EDC049B002BD4BFF1
:10D1F000002601261FE7BBF1030F3FF411AFBBF17F
:10D20000020F7FF4F1AEF4E6464614E732224FF403
:10D2100080312046E5F7C0FB1190C0B201283FF6EF
:10D2200060AFE1E6059B99440D9B19EB03093FF4C0
:10D230005CAFA3697B60236AFB600C9B012B53D11D
:10D240006369039A5B443B601344013BBB60089AEB
:10D25000059BA3EB0208099BA8EB03080E9BA8EB18
:10D2600003030F930A9B002BDABF059B0F9ADDF88F
:10D2700028804FF00000DCBF534393FBF9F8E6F73A
:10D2800025FF0A225043EF2837DD0020E6F71EFF76
:10D290000A2250435030A02290FBF2F0804511DC6E
:10D2A0000020E6F713FF4FF00A0808FB00F0EF2814
:10D2B00025DD0020E6F70AFF08FB00F35033A0222B
:10D2C00093FBF2F8059BA269A9EB0309B9F1000FE2
:10D2D00018DC089B13447B60236A099A9B1A0E9AF8
:10D2E0009B1A013BFB6000E7E369039AA3EB0A0387
:10D2F000BB609B1A01333B60A9E70120CEE74FF0EA
:10D300000108DFE7059B0F994345A8BF4346A1EB02
:10D3100003080D9908FB01F191FBF9F90899A8EBB5
:10D320000908424451180B44013B7960FB60A36932
:10D330009A4230DADDF820809844C7F80480002053
:10D34000E6F7C4FE4FF00A0909FB00F0EF285EDDA6
:10D350000020E6F7BBFE09FB00F05030A02390FB55
:10D36000F3F0FB688044984515DD0020D7F8048071
:10D37000E6F7ACFE4FF00A0909FB00F0EF2848DDA4
:10D380000020E6F7A3FE09FB00F05030A02390FB3D
:10D39000F3F04044F8600E9A236A9B1A099AA3EBB3
:10D3A0000208FB6843457FF7A0AEC7F80C80002059
:10D3B000E6F78CFE4FF00A0909FB00F0EF282ADDA2
:10D3C0000020E6F783FE09FB00F05030A02390FB1D
:10D3D000F3F07B68A8EB00089845BFF686AE002006
:10D3E000D7F80C80E6F772FE4FF00A0909FB00F04F
:10D3F000EF2812DD0020E6F769FE09FB00F050304F
:10D40000A02390FBF3F0A8EB000078606DE601200C
:10D41000A7E70120BDE70120DBE70120F3E70120BA
:10D420009DE60123B1E62960E369029AA3EB0A03B2
:10D430009B1A013BBCE6DDE906239A42A8BF1A46C7
:10D44000049BBF1A7B4393FBF6F6BF1B0F440C995A
:10D4500001290BEB070363D102990B442B601344A2
:10D46000013BAB606669BE4227DD5E440E442E6020
:10D470000020E6F72BFE0A277843EF284CDD00203A
:10D48000E6F724FE78435030A02390FBF3F0AB681E
:10D4900006449E4211DD00202E68E6F717FE0A279B
:10D4A0007843EF283ADD0020E6F710FE784350304D
:10D4B000A02390FBF3F00644AE60E469AB68A4EBF4
:10D4C0000A04A3427FF790ADAC600020E6F7FEFDB2
:10D4D0000A267043EF2859DD0020E6F7F7FD704378
:10D4E0005030A02390FBF3F02B68241A9C42BFF627
:10D4F0007BAD0020AC68E6F7E9FD0A267043EF2813
:10D5000046DD0020E6F7E2FD70435030A02390FB9B
:10D51000F3F0241A2C6067E50C98B8E70120CAE7FD
:10D520002B601344013BAB606669BE4226DD5E445E
:10D530002E600020E6F7CAFD0A277843EF2821DD98
:10D540000020E6F7C3FD78435030A02390FBF3F0B2
:10D55000AB6806449E4211DD00202E68E6F7B6FD5A
:10D560000A277843EF280FDD0020E6F7AFFD784368
:10D570005030A02390FBF3F00644AE60E469029BB8
:10D58000E41A9BE70120E3E70120F5E70120ABE780
:10D590000120BEE710B588B004AA69460446FFF72B
:10D5A000CEFC684604F0EBFA18B904A804F0E7FAD8
:10D5B00078B1684604F0E3FA18B169462046E3F70B
:10D5C00027FF04A804F0DBFA18B104A92046E3F70A
:10D5D0001FFF08B010BD2DE9F0410446FFF7EAFB3C
:10D5E0008846064698B92046FFF7F0FB07462046D6
:10D5F000E4F7B6FD051E0ADA002F08DD6A42BA42DA
:10D600004346A8BF3A4631462046E4F7F1FE20469D
:10D61000FFF7C9FB074620BB2046E4F707FE064696
:10D620002046E4F775FE394605462046FFF730FBF5
:10D6300001280ED0002D14DA002E12DD6942B1420D
:10D6400043463A46A8BF31462046BDE8F041E4F7DC
:10D65000CFBE002E05DA002D03DD43463A463146A3
:10D66000F2E7BDE8F08170B5047A0368FF2C0ED0B4
:10D6700003EB8405002084420ED800200BE0884292
:10D6800003F1080303D163681360012003E01878F5
:10D690001C460028F3D170BD15F8016B8E4202D1F3
:10D6A00053F82030F0E70130E5E72DE9F84F0F4659
:10D6B00011461A468B0890F82A501F2B28BF1F23AB
:10D6C0004FF00109064609FA03F907F47F0A05F04D
:10D6D00008050024738DC3F30513A34205D84FF04A
:10D6E000FF35681C18BF01201CE0F06800EBC40384
:10D6F0004FEAC40C93F807E01EF0020F14D00DB1EE
:10D700000134E7E75B6803F47F035345F8D150F831
:10D710000C00436819EA030FF2D0FFF7A4FF0128B9
:10D72000EED10120BDE8F88FBFB2FB431FFA83FBA7
:10D730004FF0FF35738DC3F30513A342D1D9F368BE
:10D7400053F8340003EBC40C436819EA030F07D005
:10D75000DCF80430C3F3170C03F47F039A4503D0BD
:10D76000A84601344546E5E71CEA0B0F1FFA8CF882
:10D77000F6D1A845F4DDFFF776FF0128F0D1474543
:10D78000EFD1CEE7F8B50746E5F722FD00240646BF
:10D79000B44200D1F8BDBB681B6853F8245028463A
:10D7A000E3F77AFE002232212846E3F791FB284670
:10D7B000E3F772FE2846FFF7E5FF0134E8E770B5AE
:10D7C000037A0568FF2B04461AD005EB8305002673
:10D7D000237A9E4212D215F8010BF5F79DFA8306C3
:10D7E00005D40136F4E7F5F797FA820601D5012052
:10D7F00070BD013415F834000028F4D10020F7E79B
:10D800000024F7E7F0B5458D0024C5F30515A542C2
:10D8100001D80020F0BDC76807EBC4064FEAC40C6E
:10D8200096F807E01EF0010F0AD07668C6F31706D7
:10D830009E4205D157F80C00BDE8F04005F0D8B97C
:10D840000134E4E77FB50E4601920546F0B161224E
:10D85000E5F7A2F804460390C0B10368B3B16222B1
:10D8600031462846E5F798F810F0FF0203900DD0F6
:10D870002368019920469847C0F307238DF80400D8
:10D88000C0F307408DF805308DF80600019804B00C
:10D8900070BD2DE9F743002507462E466FEA0108C3
:10D8A0006FEA02097B8DC3F30513AB4240F2878018
:10D8B000FB6803EBC502E900D07984077CD4928829
:10D8C00018EA020F0CBF0120002019EA020F0CBF5A
:10D8D0000122002290426FD05C5801AA10212046FC
:10D8E00005F086F9002869D101AA1121204605F02A
:10D8F0007FF9002862D101AA1221204605F078F9AB
:10D9000000285BD101AA1321204605F071F90028F7
:10D9100054D101AA1521204605F06AF900284DD1FD
:10D9200001AA1421204605F063F9002846D101AA76
:10D930001621204605F05CF900283FD101AA6A2192
:10D94000204605F055F9002838D101AA6B21204660
:10D9500005F04EF990BB01AA0121204605F048F9D7
:10D9600060BB01AA0221204605F042F930BB01AAA2
:10D970000421204605F03CF900BB01AA0521204600
:10D9800005F036F9D0B901AA0621204605F030F994
:10D99000A0B901AA0721204605F02AF970B901AA09
:10D9A0003021204605F024F940B901AA682120461B
:10D9B00005F01EF938B10226013573E7032630461B
:10D9C00003B0BDE8F08301AA6921204605F010F9F3
:10D9D0000028F0D101AA6E21204605F009F900289F
:10D9E000E9D101AA6C21204605F002F90028E2D114
:10D9F00001AA6D21204605F0FBF80028DBD101AA21
:10DA00003A21204605F0F4F80028D4D101AA3B21A0
:10DA1000204605F0EDF80028CDD101AA3821204696
:10DA200005F0E6F80028C6D101AA3C21204605F001
:10DA3000DFF80028BFD101AA3E21204605F0D8F822
:10DA40000028B8D101AA4021204605F0D1F80028CD
:10DA5000B1D101AA4121204605F0CAF80028AAD177
:10DA600001AA4221204605F0C3F80028A3D101AA4B
:10DA70004821204605F0BCF800289CD1012E38BF73
:10DA8000012699E773B55E2205460E46E4F784FF4A
:10DA90002722C4B231462846E4F77EFF012C2046F7
:10DAA00038BF012002B070BD73B55F2205460E4637
:10DAB000E4F772FFC4B2022C019003D80024204680
:10DAC00002B070BDFC2C9ABFC4EB0424C4F307243D
:10DAD000FF241EB9284600F07FF905462DB9022C17
:10DAE000ECD9FD2C28BFFF24E9E75F22002128465E
:10DAF000E4F752FF0190C0B20228DFD9FC289CBF96
:10DB00004443C4F30724E5E737B56E2200210446F9
:10DB1000E4F742FF0546019020B1A368002B4ED1E7
:10DB200002252EE001466C222046E4F735FFB0F5D1
:10DB3000807F0190F1D16D2229462046E4F72CFF29
:10DB4000B0F5807F0190E8D1294671222046E4F7A4
:10DB500023FF014601900028DFD172222046E4F71E
:10DB60001BFF054601900028D7D1014660222046C0
:10DB7000E4F712FF0190C0B2FF280BD0A36833BBBB
:10DB800001252046E3F7A8F8A36893F8332065F34E
:10DB9000830219E0294673222046E4F7FDFE014680
:10DBA00001900028EAD167222046E4F7F5FE0190B3
:10DBB00010F0FF00A368E2D113B903B030BD02201A
:10DBC00093F8332060F3830283F83320F5E70120D4
:10DBD000F6E72DE9F84F04461FFA82F902F47F05B3
:10DBE0000F4611B30E7A1DB90846FFF7E8FDC0B91C
:10DBF000003E18BF01267642F6B2002290464FF64C
:10DC0000FF7A638DC3F30513434510D8002A65D00E
:10DC1000002E63D029462046FF22BDE8F84FE4F7E6
:10DC2000EDBE2046E3F738FCE2E7FF26E5E7E068D3
:10DC300000EBC801D1454B684FEAC80BC3F317038B
:10DC400003D01FFA83FCCC450BD1B5F5702F03D060
:10DC500003F47F039D4204D137B150F80B30BB422F
:10DC600002D008F10108CCE7CB79990705D500234C
:10DC7000FF2229462046E4F7CDFDE36803EB0B02C3
:10DC8000D27992070DD053F80B0008B104F0A1FF30
:10DC9000E36853F80B00F5F799FEE368002243F8B8
:10DCA0000B20424606E0013200EBC20393E803007A
:10DCB00003E90300638DE068C3F3051101F1FF3C44
:10DCC0009445F0D83F3101F03F0161F309136385BA
:10DCD000C900F5F7BDFE0122E06092E7BDE8F88FCC
:10DCE00070B50468A5682279206805F47F05294687
:10DCF000E4F752FE2679E060002332462068237163
:10DD000029462346E4F786FDA16820682671E4F7DA
:10DD1000D1FDE26821790068F4F744FF2279A16817
:10DD20002068BDE87040E4F769BE82B013460A4639
:10DD3000082102B0E4F798BF82B013460A460921D1
:10DD400002B0E4F791BF82B013460A460A2102B03E
:10DD5000E4F78ABF84B01346ADF80C100022090C1A
:10DD60008DF80E108DF80F20039A1C2104B0E4F7F3
:10DD70007BBF82B013460A461D2102B0E4F774BF90
:10DD800082B013460A46482102B0E4F76DBF84B062
:10DD90001346ADF80C100022090C8DF80E108DF80A
:10DDA0000F20039A4C2104B0E4F75EBF84B0134601
:10DDB000ADF80C100022090C8DF80E108DF80F2014
:10DDC000039A582104B0E4F74FBF82B013460A46C5
:10DDD0005A2102B0E4F748BF00B14068704710B55F
:10DDE000044600223F2100F0B7F9E36A6BB1226BD1
:10DDF0000AB120469847002323630022626320462D
:10DE00004021BDE8104000F0A7B9236B002BFCD1E6
:10DE1000F3E773B500220C461431064603F08FFF7A
:10DE200010B9002002B070BD01212046E2F7E8FDE4
:10DE30000028F6D12046FEF789FB0028F1D18DF8A5
:10DE400000006A461A2120460196E3F741F89DF842
:10DE50000030022BE5D02046E5F7BAF9451E002D2B
:10DE600005DA9DF80030002BDBD12046DAE7A36805
:10DE70001B68304653F82510FFF7CBFF0028D1D19F
:10DE8000013DECE770472DE9F04F00F118050C4615
:10DE9000074695E80F00C7B00DF10C0888E80F00A1
:10DEA0000BA92046E3F79CF92046FEF74BFB07AE93
:10DEB000024601460BA803F06CFE0BAA4146304611
:10DEC00003F081FEE8B396E80F0085E80F003A46BC
:10DED0001C212046E2F7FCFF3A461D212046E2F7CE
:10DEE000F7FF1E213A462046E2F7F2FF4FF4801179
:10DEF0002046E2F785FD38BB04F114020DF13C0920
:10DF00004146484603F05FFEB8B12046E5F760F9A8
:10DF10008346D8B996E80F0085E80F003A461F21DE
:10DF20002046E2F7D5FF3A4620212046E2F7D0FF0F
:10DF30003A4621212046E2F7CBFF98E80F0085E81A
:10DF40000F0047B0BDE8F08F0BAAD7E799E80F00A4
:10DF500085E80F002D2200212046E4F71DFD2B90BF
:10DF600068B94FF00009A3681B68384653F82910B8
:10DF700009F10109E5F7D4F9CB45F4D1CAE70C2240
:10DF800000212046E4F708FD81462B900028E8D0C8
:10DF900004F114061FA800F065FA96E80F000DF1D1
:10DFA000980C8CE80F002BA8CDF8A890E7F73CFB65
:10DFB000304604F055F98246304604F056F9824561
:10DFC00003DB304604F051F902E0304604F048F932
:10DFD00040104845A8BF4846009096E80F000DF154
:10DFE0004C0989E80F00009A9B1A013342464946C2
:10DFF0004846149303F0E7FD60B34A4610213846C3
:10E00000E7F72EFA00238246A26801931268504671
:10E0100052F82310E5F784F9019B01339B45F3D1B6
:10E0200052461F212046E2F753FF52462021204648
:10E03000E2F74EFF524621212046E2F749FF1FA991
:10E040005046E8F7D9F84A462BA93846CDF8C8A07B
:10E05000E7F792FB96E80F000DF15C0989E80F00E5
:10E06000009A0B461344013B4246494648461A93E0
:10E0700003F0A9FD60B34A4610213846E7F7F0F9EE
:10E0800000238246A26801931268504652F823107A
:10E09000E5F746F9019B01339B45F3D152461F2119
:10E0A0002046E2F715FF524620212046E2F710FFF6
:10E0B000524621212046E2F70BFF1FA95046E8F700
:10E0C0009BF84A462BA93846CDF8C8A0E7F754FB81
:10E0D00096E80F000DF16C0989E80F00009A0B46D5
:10E0E00013441C931E9B49469B1A484642461E9366
:10E0F00003F069FD00283FF420AF99E80F0085E8A0
:10E100000F000026A3681B68384653F82610013616
:10E11000E5F706F9B345F5D100E738B5054604F053
:10E12000E2FA0446284604F0DCFA382C06D1D0F88E
:10E13000040318B1BDE83840F5F7EAB838BD00234C
:10E1400003637047406B003818BF01207047006AB6
:10E15000003818BF0120704770B588B004460E46DD
:10E16000154600211C2201A805F0D6F8CDE901448E
:10E1700004F53974012201A920460396059504F09F
:10E1800050FA012804D1002201A9204604F049FADE
:10E1900008B070BD10B1033020F00300704710B517
:10E1A00004460846F3F7E4FE60430730C00810BD9C
:10E1B000F5F70CBC0330F5F713BC034608465B6962
:10E1C000114603B1184718467047034608469B6836
:10E1D000114603B118471846704737B50B890093AD
:10E1E0004B78CA880C468988E6F782FB054660B101
:10E1F0006388C26843F030034380E36821690069A3
:10E200009A4228BF1A4604F091FF284603B030BD59
:10E210002DE9F041069E0D4617469846044618B96A
:10E2200000242046BDE8F08101B9457826B9294689
:10E230003846E6F785FA064633462A4641463846CA
:10E24000E6F786FAE3688342EAD36570A780A4F80C
:10E2500006802681E5E74388194214BF012000208B
:10E260007047438819434180704730B585B0CB680B
:10E2700002930B6901930B8900934B78CA880C4673
:10E2800089880546E6F7CAFA63886B8005B030BD19
:10E2900070470068E6F7ECBB38B10078A0F12003C6
:10E2A0005F2B04D9C009400070470320704701204C
:10E2B00070472DE9F0438BB00546BDF84870BDF8B6
:10E2C0004C80DDF850901E4673B9B7F5807F0BD1B6
:10E2D000B8F5807F08D1C0E9003301398160541E50
:10E2E000EC600BB0BDE8F08301240023CDE90413FA
:10E2F000CDE90632CDE90812CDE90233CDE900942B
:10E3000043463A46314602A803F09CFFCDE900940B
:10E3100043463A46314604A803F094FFCDE9009401
:10E3200043463A46314606A803F08CFFCDE90094F7
:10E3300043463A46314608A803F084FF089B069CF2
:10E3400004980299A3421A46A8BF22468242A8BF57
:10E3500002468A42D4BF2A602960A342B8BF23463E
:10E360008342B8BF0346099C0798039A8B42B8BF03
:10E370000B46013B84420599AB602346A8BF034688
:10E380008B42A8BF0B469342D4BF6B606A60844245
:10E39000B8BF04468C42B8BF0C469442B8BF14467E
:10E3A000013C9DE71F2825D940F21C63984221D0EB
:10E3B000A0F58A531F3B012B1CD9A0F5C0530B3B82
:10E3C000032B17D9A0F50053A3F10B02042A11D98E
:10E3D000283B072B0ED9A0F501531F3B102B09D961
:10E3E0004FF6FF63984205D04FF6FF03C31A584219
:10E3F000584170470120704703463038C0B20928A1
:10E400000BD9602B84BF203BDBB2A3F14102052A6C
:10E4100002D8373BD8B27047002070470379042BED
:10E420000CBFC06C002070471C22002104F074BF98
:10E4300010B540220446002104F06EFF012323633F
:10E44000FF2384F83C3003F0A1FFC0F3072384F8D6
:10E450002C0084F82D30C0F30740402384F82E00B0
:10E46000636110BD3022002104F056BF10B5302288
:10E470000446002104F050FFFF2384F820303023AD
:10E48000636110BD10B504462C22002104F044FF46
:10E49000238D23F4FF5323F01F036FEA13336FEA36
:10E4A000033323852C23636110BD30B595B004463A
:10E4B0004C220D4601A8002104F02EFF20460494B2
:10E4C000FFF7EAFE29468DF8140001A8E8F714FAD0
:10E4D000003818BF012015B030BD30B404460068C4
:10E4E0008568134625B10A46AC46214630BC6047D4
:10E4F000284630BC704710B50446006878B1C36840
:10E500000BB121469847F3F7E9F940B1206C30B1DF
:10E51000616C21B1BDE810400022F2F717BC10BDBC
:10E52000016070474160704781607047C16070470B
:10E53000CB10C943C05C01F00701084100F00100A5
:10E54000704737B5ADF80400C0F30720FC2802D8A7
:10E550004C78022C03D8BDF804300B800FE0022861
:10E560000DD9FF2C0DD19DF804300A784C70C0F104
:10E57000FF0513FB00F305FB02331B0A0B7003B00E
:10E5800030BDD378A34202D1537883420DD0C0F17D
:10E59000FF03C4F1FF0463436FEA2323DBB2C0EB44
:10E5A00000209371B0FBF3F0D0710C885088BDF857
:10E5B0000430844202D11088984212D0BDF8043051
:10E5C00013800B88D07953809DF804300C78C0F10B
:10E5D000FF0513FB00F305FB04331B0A137193794A
:10E5E00053719388B9E710B502220021044604F064
:10E5F00093FE0222A018002104F08EFE02220021C8
:10E60000201D04F089FEFF23A371E37110BD2DE9E5
:10E61000F04F8BB04368009383680193C368029303
:10E62000D0E906530393D0E90443074690F82190BC
:10E630000668049308A88846FFF7D5FF97F82230AC
:10E64000002B40F0C1804CBBB9F1FC0F23D8019BDB
:10E650009C4280F2BC80AA4600273AE0504603F074
:10E6600005FF09F1010907F8020C07F801BCC244D3
:10E67000009B994507F10207F0DB029B1E44039BB8
:10E6800001341D44019B9C4280F2A180AA4637467A
:10E690004FF00009ECE74FF0FF0BF3E7B9F1FC0F87
:10E6A0001F463BD8019B9F4280F29180AB464FF0C2
:10E6B000000A4FE0504603F0D9FE8DF81D908DF80A
:10E6C0001C0006EB4701079808AAFFF73AFF01373D
:10E6D000C244009B9F42EDDB029B1E44039B01341E
:10E6E0001D44B4E7504603F0C1FE14F809308DF81C
:10E6F0001C008DF81D3006EB4901079808AAFFF7AA
:10E7000020FF09F10109C244009B9945EADB029B05
:10E710001E44039B1D44049B01371C44019B9F42E4
:10E7200055DAAA464FF00009EEE7584603F09EFE80
:10E7300014F80A308DF81C0013FB09F31B128DF836
:10E740001D3006EB4A01079808AAFFF7FAFE0AF106
:10E75000010AC344009B9A45E7DB029B1E44039BCE
:10E760001D44049B01371C449CE7059803F07EFE82
:10E770008DF81C0034B314F80A3013FB09F31B0A9C
:10E780008DF81D3006EB4A0008AB97F82220079958
:10E79000E8F71CFC059B43440AF1010A0593009B22
:10E7A0009A45E2DB0CB1049B1C44029B1E44039B74
:10E7B0000BF1010B1D44019B9B4508DA05954FF0B9
:10E7C000000AECE74B46DBE74FF0000BF3E70BB03A
:10E7D000BDE8F08F2DE9F04FD0E9044A87B0054637
:10E7E000D0E9016790F81B90D0F80C8004A8FFF7DF
:10E7F000FAFEA869002C40F08680B9F1FC0F67D9B9
:10E8000003F000FE002E0246286806F1FF3525F0D1
:10E810000F05A6F1100ED8BF0025FF21BC4261DA1A
:10E8200003464FF0000C41E003F8202C03F81F1CB6
:10E8300003F81E2C03F81D1C03F81C2C03F81B1CEA
:10E8400003F81A2C03F8191C03F8182C03F8171CEA
:10E8500003F8162C03F8151C03F8142C03F8131CEA
:10E8600003F8122C03F8111C03F8102C03F80F1CEA
:10E8700003F80E2C03F80D1C03F80C2C03F80B1CEA
:10E8800003F80A2C03F8091C03F8082C03F8071CEA
:10E8900003F8062C03F8051C03F8042C03F8031CEA
:10E8A00003F8022C03F8011C0CF1100CE64503F1EF
:10E8B0002003B9DC2B4600F1010CB34202DB4044DB
:10E8C0000134ABE700F813200CF813100133F4E720
:10E8D00003F098FD8DF80D90D5F800908DF80C00A0
:10E8E000BC420EDB07B0BDE8F08F09EB4501039891
:10E8F00004AAFFF726FE0135B542F6DBC144013418
:10E90000EEE70025F8E7B9F1FC0F1CD903F07AFD1A
:10E91000D5F800B08DF80C004FF00009B945E1DAE8
:10E92000002509E0635D8DF80D300BEB4501039880
:10E9300004AAFFF706FE0135B542F3DBC344544495
:10E9400009F10109EAE703F05DFD2B688DF80C0081
:10E950004FF0000BBB45C5DA00250EE0625D019368
:10E9600012FB09F212128DF80D2003EB45010398FA
:10E9700004AAFFF7E6FD019B0135B542EEDB4344F7
:10E9800054440BF1010BE5E7CB10C943C05C01F027
:10E990000701084100F00100704730B5B0F17D4F2C
:10E9A00085B0CDE9001014464FEA10634FEA1165B7
:10E9B00001D2022D14D8019B03939DF80C30002046
:10E9C00063F307009DF80D3063F30F209DF80E30C0
:10E9D00063F317409DF80F3063F31F6005B030BD3F
:10E9E000022B01D80391E8E7FF2D04D105B0BDE863
:10E9F000304003F0A1BDD279AA4202D1E2789A4216
:10EA00000DD0C3F1FF02C5F1FF056A436FEA222270
:10EA1000D2B2C3EB03232273B3FBF2F363736168D7
:10EA2000009803F094FCB0B90198637B20600098D3
:10EA30008DF8073060600146019803F07DFDC0F35A
:10EA4000072320726372C0F30740237BA072E37236
:10EA5000A0680390B1E72168019803F078FC0028D2
:10EA6000E2D0F5E732B1FF23FC2ACB7003D98870DE
:10EA700048700870704710FB02F0D3438A78DBB20D
:10EA800002FB0302120A8A704A7802FB0302120A8E
:10EA90004A700A7802FB0300000AEAE710B5042274
:10EAA0000021044604F038FC0422A018002104F0E0
:10EAB00033FC0422002104F1080004F02DFCFF23A4
:10EAC0002373637310BD2DE9F04F8DB0436800933D
:10EAD00083680193C3680293D0E906630393D0E986
:10EAE0000443074690F821800568059308A804911F
:10EAF000FFF7D4FF97F82230002B40F02A81002C3A
:10EB000044D1B8F1FC0F39D9049B042B34D1009BBC
:10EB10009F00019B9C4202DB0DB0BDE8F08F3146A7
:10EB200028463A4604F002FB029B1D44039B013435
:10EB30001E44EEE712F8017C03F8027C12F8027C16
:10EB400003F8037C12F8037C03F8047C03F8010C3F
:10EB50000131009FB94202F1030203F10403E9DB32
:10EB6000029B1D44039B01341E44019B9C42D3DA4B
:10EB700032462B460021ECE7FF20F6E78DF81F8098
:10EB8000019B9C42C8DAB04600272FE0B8F1FC0F89
:10EB90001F4668D8019B9F42BEDAB2464FF000097B
:10EBA00096E098F802308DF81E3098F801308DF814
:10EBB0001D3098F800308DF81C3055F82710079854
:10EBC00008AAFFF7EAFE05EB8709C0F3072305F85B
:10EBD000270089F80130C0F3074389F80230049B0D
:10EBE000C0F3076089F8030001379844009B9F42F7
:10EBF000D7DB029B1D44039B01341E44C0E714F87D
:10EC000008308DF81F3099F802308DF81E3099F8D1
:10EC100001308DF81D3099F800308DF81C3055F812
:10EC20002810079808AAFFF7B8FE05EB880AC0F37A
:10EC3000072305F828008AF80130C0F307438AF853
:10EC40000230049BC0F307608AF8030008F1010852
:10EC50009944009B9845D2DB029B1D44039B1E44B4
:10EC6000059B01371C44019B9F42BFF655AFB1463F
:10EC70004FF00008EDE714F8093055F8291013FBA0
:10EC800008F31B128DF81F309AF802308DF81E30F1
:10EC90009AF801308DF81D309AF800308DF81C304C
:10ECA000079808AAFFF779FE05EB890BC0F3072345
:10ECB00005F829008BF80130C0F307438BF80230C8
:10ECC000049BC0F307608BF8030009F101099A4423
:10ECD000009B9945CFDB029B1D44039B1E44059B73
:10ECE00001371C4456E79AF802308DF81E309AF826
:10ECF00001308DF81D309AF800308DF81C3034B397
:10ED000014F8093013FB08F31B0A8DF81F3005EBCC
:10ED1000890008AB97F822200799E8F7C9FD049B02
:10ED200009F101099A44009B9945DCDB0CB1059B74
:10ED30001C44029B1D44039B0BF1010B1E44019BD1
:10ED40009B45BFF6E9AEB2464FF00009EBE74346FC
:10ED5000DBE74FF0000BF2E72DE9F04FD0E9044379
:10ED600089B0D0E9015990F81B80D0F80CA000932D
:10ED7000064604A8FFF792FE002C5CD1B8F1FC0F08
:10ED800030D9B06903F0BBFA691E0346002D306824
:10ED900021F00F01A5F11007D8BF00214C4529DA59
:10EDA0000246002610E042E9103342E90E3342E900
:10EDB0000C3342E90A3342E9083342E9063342E9B7
:10EDC000043342E902331036B74202F14002EADC72
:10EDD0000A46AA4202DB50440134DFE740F8223001
:10EDE0000132F6E7B069414603F068FA37680390EC
:10EDF0004C451EDB09B0BDE8F08F57F8261003988C
:10EE000004AAFFF7CAFD07EB8608C0F3072307F83B
:10EE1000260088F80130C0F30743C0F3076088F884
:10EE2000023088F803000136AE42E6DB5744013475
:10EE3000DEE70026F8E7B8F1FC0F2DD9B069FF2115
:10EE400003F03CFA376803904FF00008C845D1DA68
:10EE5000002619E0A35D8DF80F3057F826100398AF
:10EE600004AAFFF79AFD07EB860BC0F3072307F808
:10EE700026008BF80130C0F30743C0F307608BF81E
:10EE800002308BF803000136AE42E3DB009B5744AF
:10EE90001C4408F10108D9E7B069414603F00EFAB5
:10EEA000376803904FF0000BCB45A3DA00261BE038
:10EEB000A35D57F8261013FB08F31B128DF80F30D3
:10EEC00004AA07EB860303980193FFF766FD019BF5
:10EED00007F82600C0F307225A70C0F30742C0F3B8
:10EEE00007609A70D8700136AE42E1DB009B574450
:10EEF0001C440BF1010BD7E700290B46B8BFCB1D13
:10EF00004A4202F007024FEAE30301F0070158BF4B
:10EF10005142C1F1070101228A40C15C0A43C25437
:10EF2000704700290B46B8BFCB1D4A4202F00702CA
:10EF30004FEAE30301F0070158BF5142C1F1070155
:10EF4000012202FA01F1C25C22EA0102C2547047B6
:10EF500000290B46B8BFCB1DDB10C05C4B4203F051
:10EF6000070301F0070158BF5942C1F107010841E9
:10EF700000F00100704710B55AB1FC2A9FBF0C7811
:10EF8000D34310FB02F0DBB29CBF04FB0300000A7A
:10EF9000087010BD2DE9F04F8BB090F822700591EC
:10EFA000002F40F0DE80436800938368019390F85F
:10EFB00021300293C3680393D0E906630493D0E938
:10EFC0000453426A0693534203F0070302F0070812
:10EFD000046858BFC3F10008029B002D52D1FC2BDE
:10EFE0001CD8019B9D4280F2BC80B14600273DE0C9
:10EFF000484603F03BFA10F0800F08EB070120466B
:10F0000013D0FFF779FF059B01379944009B9F427E
:10F01000EEDB039B1C44049B01351E44019B9D4277
:10F0200080F29F80B1460027F0E7FFF77AFFEAE71A
:10F03000484603F01BFA07EB080B82465946204668
:10F04000FFF786FF40428DF827000DF1270150465B
:10F05000029AFFF790FF9DF92730002B5946204672
:10F060000DDAFFF749FF059B01379944009B9F424A
:10F07000DEDB039B1C44049B01351E44B1E7FFF714
:10F0800050FFF0E7FC2B30D8019B9F4269DAB24673
:10F090004FF0000957E0504603F0E8F908EB090B80
:10F0A000029059462046FFF753FF404215F80920C9
:10F0B0008DF827000DF127010298FFF75CFF9DF9FD
:10F0C0002720002A5946204616DAFFF715FF059B30
:10F0D00009F101099A44009B9945DCDB039B1C4420
:10F0E000049B1E44069B01371D44019B9F4238DA56
:10F0F000B2464FF00009EEE7FFF713FFE7E750468F
:10F1000003F0B4F908EB090B079059462046FFF7C6
:10F110001FFF15F80920029B404212FB03F28DF8F5
:10F120002700120A07980DF12701FFF724FF9DF928
:10F130002720002A5946204610DAFFF7DDFE059BFE
:10F1400009F101099A44009B9945D8DB039B1C44B3
:10F15000049B1E44069B01371D4495E7FFF7E1FE23
:10F16000EDE70BB0BDE8F08F2DE9F74FD0E9044390
:10F170000546D0E90198C77ED0F80CA080690193BC
:10F1800003F040F9C0F3C71306462868ED69009301
:10F190006B4203F0070305F0070558BF5D42002CE2
:10F1A0004AD1FC2F1ED8009B13FB07F6C7F1FF07BF
:10F1B00044450FDA4FF0000B36E0002E05EB070157
:10F1C0000BDAFFF799FE01374F45F6DB5044013467
:10F1D000444505DB03B0BDE8F08FFFF7A2FEF2E780
:10F1E0000027F1E776B2F3E70BEB050100290B46A8
:10F1F000B8BFCB1DDB10D1F1000C0CF0070C01F0F7
:10F200000702C35C58BFCCF10002C2F107021341F0
:10F2100003F0010307FB0363FE33B3F5FE7F08D958
:10F22000FFF76AFE0BF1010BCB45DDDB50440134E7
:10F23000BEE7FFF776FEF5E7FC2F4FF0000B3DD859
:10F24000C345C7DA002666E0E35D3BB1FF2B05EB63
:10F2500007010FD1002E2EDAFFF74EFE01374F4582
:10F26000F2DB019B50441C440BF1010BC345B1DAA6
:10F270000027F4E700290A46B8BFCA1DD210D1F111
:10F28000000E0EF0070E01F0070C825C58BFCEF1A5
:10F29000000CCCF1070CDDF800E042FA0CF202F0B1
:10F2A0000102C3F1FF0C13FB0EF30CFB0233FE3320
:10F2B000B3F5FE7FD0D8FFF734FECFE776B2D5E7BF
:10F2C000A35D3BB3A91900294FF0FF0213FB07F31D
:10F2D000B3FBF2F30A46B8BFCA1DD210D1F1000E3B
:10F2E0000EF0070E01F0070C825C58BFCEF1000C47
:10F2F000CCF1070C42FA0CF202F0010E009AC3F1B5
:10F30000FF0C53430CFB0E33FE33B3F5FE7F0AD9DB
:10F31000FFF7F2FD01364E45D2DB019B50441C4401
:10F320000BF1010B8CE7FFF7FCFDF3E7CB10C943B2
:10F33000C05C01F00701084100F00100704710B502
:10F340005AB1FC2A9FBF0C78D34310FB02F0DBB20A
:10F350009CBF04FB0300000A087010BD2DE9F04FAC
:10F3600089B04368009383680193C3680293D0E92E
:10F3700006530393D0E90443049390F8223090F8A5
:10F380002190066807468846002B40F0A980F4B912
:10F39000B9F1FC0F14D8019B9C4280F2A380AA46CD
:10F3A000002729E0484603F061F8C144F0550137D1
:10F3B000009B9F42F6DB029B1E44039B01341D44CD
:10F3C000019B9C4280F28E80A9460027F0E7B9F1AC
:10F3D000FC0F1F462FD8019B9F4280F28380AB46D3
:10F3E0004FF0000A3DE0504603F040F8F1194A465C
:10F3F000FFF7A5FF0137C244009B9F42F3DB029B4E
:10F400001E44039B01341D44C5E7504603F02EF80B
:10F4100014F8092006EB0901FFF791FF09F1010932
:10F42000C244009B9945F0DB029B1E44039B1D4494
:10F43000049B01371C44019B9F4253DAAA464FF0BC
:10F440000009EEE7584603F011F814F80A2012FB01
:10F4500009F206EB0A01120AFFF771FF0AF1010A2D
:10F46000C344009B9A45EDDB029B1E44039B1D4455
:10F47000049B01371C44AEE79BF802208DF81E2048
:10F480009BF801208DF81D209BF800208DF81C2092
:10F4900024B314F80A2012FB09F2120A8DF81F2077
:10F4A00006EB0A0097F8222007990593E9F75AFD21
:10F4B000059B0AF1010AC344009A9245DCDB0CB1BA
:10F4C000049A1444029A1644039A01331544019A8B
:10F4D000934207DAAB464FF0000AEDE74A46DDE714
:10F4E0000023F4E709B0BDE8F08F2DE9F74FD0E92C
:10F4F000045AD0E9017890F81BB0D0F80C90064679
:10F500008069002D5FD1BBF1FC0F46D902F07AFF74
:10F51000002FD6F800A007F1FF3626F00F06D8BF5F
:10F520000026A7EB060BBE42C8BF4FF0000B0446F7
:10F53000103F454537DA524620E003F8104C03F8F7
:10F540000F4C03F80E4C03F80D4C03F80C4C03F869
:10F550000B4C03F80A4C03F8094C03F8084C03F869
:10F56000074C03F8064C03F8054C03F8044C03F869
:10F57000034C03F8024C03F8014C1A4602F1100345
:10F58000A2EB0A029742D8DC0AEB06005A46214653
:10F5900004F020FFCA440135CBE702F033FF3668A0
:10F5A000824645450DDB03B0BDE8F08F31195A4660
:10F5B0005046FFF7C4FE0134BC42F7DB4E44013530
:10F5C000EFE70024F8E7BBF1FC0F16D902F01AFFB1
:10F5D000D6F800B000264645E5DA002407E02A5DAB
:10F5E00000900BEB0401FFF7AAFE00980134BC4227
:10F5F000F5DBCB4455440136EDE702F003FF3368F9
:10F6000000264645CFDA00240BE02A5D12FB0BF200
:10F610001919120ACDE90003FFF791FEDDE9000395
:10F620000134BC42F1DB4B4455440136E9E7CB10D1
:10F63000C943C05C01F00701084100F001007047B8
:10F640002DE9F04FD0E9017387B0804680690193BE
:10F6500002F047FED8E904530393D8F80C3098F829
:10F660001B90D8F8004002930646002D40F0B18070
:10F67000B9F1FC0F42D9791E21F00F017800490041
:10F6800006EB0642A3EB4707019B9D4202DB07B056
:10F69000BDE8F08FA30704EB000C04EB010E18BFCC
:10F6A00024F8026B234673451BD30EF11F031B1B6B
:10F6B000A4F11F0823F01F03C64538BF00232344CD
:10F6C0001C46644517D30CF10104E41A24F001042C
:10F6D00003F1FF3EF44538BF00243C441C4401358F
:10F6E000D2E7C3E90022C3E90222C3E90422C3E945
:10F6F00006222033D7E724F8026BE2E723880133A0
:10F70000CDE90353BB1E0593039B019A9342BEDAD6
:10F7100014F0030A07D021884A463046F2F73EFC2F
:10F720004FF0010A208004EB4A08D346059B5B4555
:10F7300014DC07F1FF38A8EB0A0828F00108574548
:10F74000D8BF4FF00008D04404EB480AB84535DB79
:10F75000029B1C44039B01330393D5E734F81B0041
:10F76000B8F80210814213D001464A463046F2F7FB
:10F7700015FC24F81B004A46B8F802103046F2F790
:10F780000DFCA8F802000BF1020B08F10408CDE70C
:10F79000D8F80020049B9A4202D1C8F80050F2E742
:10F7A000D8F8003004934A463046F2F7F7FB24F8C5
:10F7B0001B00A8F80200D8F80050E4E7BAF80010DF
:10F7C0004A463046F2F7EAFB08F101082AF8020B34
:10F7D000BCE7B9F1FC0F4FF0000B2FD8019B9B4504
:10F7E000BFF655AFA4F1020A4FF0000869E015F02A
:10F7F000010807D02A7821883046F2F7CFFB4FF076
:10F80000010820807A1E04EB480A05EB0803C14674
:10F810000492049A4A4515DCA7EB080323F0010380
:10F82000B845C8BF0023984404EB4809B8452EDB0F
:10F83000029B1C44039B0BF1010B1D44019B9B4548
:10F84000D5DB24E71A884FF6FF718A4209D124F8E4
:10F850001960AAF8026009F102090AF1040A0233E8
:10F86000D7E7002AF7D01A7834F8191005933046F4
:10F87000F2F794FB059B24F8190030465A78BAF841
:10F880000210F2F78BFB059BAAF80200E3E715F8DC
:10F890000820B9F800103046F2F780FB08F10108A3
:10F8A00029F8020BC2E715F808203AF8021F12FBEC
:10F8B00009F2120A3046F2F771FB08F10108AAF8C2
:10F8C0000000B845EFDB029B1C44039B0BF1010BCE
:10F8D0001D4483E7CB10C943C05C01F00701084118
:10F8E00000F00100704722B1FC2A03D9087048706B
:10F8F0008870704710FB02F0D3430A78DBB202FB3A
:10F900000302120A0A704A7802FB0302120A4A70C2
:10F910008A7802FB0300000AEAE730B53AB1FC2A14
:10F92000037805D90B7043784B7083788B7030BDAA
:10F930000D78D443E4B213FB02F305FB04331B0A36
:10F940000B704B78457813FB04F305FB02331B0A5D
:10F950004B708B78807813FB04F300FB02331B0A97
:10F96000E4E72DE9F04F436890F821A005688BB0DB
:10F970004B43019383680293C3680393D0E9066302
:10F980000493D0E90443069390F822300746884652
:10F990009146002B40F0BA8064BBBAF1FC0F44D909
:10F9A00091420FD0029B9C420FDA32462B4617E061
:10F9B00031462846019A03F0B9FB039B1D44049B82
:10F9C00001341E44029B9C42F2DB0BB0BDE8F08F79
:10F9D0001178197051785970917899704A4443445C
:10F9E0000198591B8142F3DB039B1D44049B0134A6
:10F9F0001E44D7E7BAF1FC0F1F4630D8029B9F4246
:10FA0000E3DA631E30464FF0000B40E0E919584638
:10FA10005246FFF782FF4744CB44019B9F42F5DBF0
:10FA2000039B1D44049B01341E44029B9C42CCDA80
:10FA3000B3460027F1E705EB0A011BF8012F0590FB
:10FA4000FFF76BFF0598C2444844019B9A45F2DBDF
:10FA5000039B1D44049B1E44069B01371C44029BD0
:10FA60009F42B2DA04F1FF3B30464FF0000AECE768
:10FA700013F8012F079312FB0AF205EB0B01120A90
:10FA80000590FFF74AFF0598079BC3444844019A35
:10FA90009345EDDB039B1D44049B1E44069B0137ED
:10FAA0001C44ABE79A788DF826205A788DF82520EB
:10FAB0001A788DF824203CB314F80B2012FB0AF2BC
:10FAC000120A8DF8272005EB0B0097F822200999E0
:10FAD0000793EAF76DFE079BC3444B44019A934595
:10FAE000E0DB0CB1069B1C44039B1D44049B1E449D
:10FAF000059B01330593059B029A9342BFF665AFC0
:10FB000033464FF0000BE9E75246DAE70023F1E70E
:10FB10002DE9F04FD0E9044387B0D0E901A790F870
:10FB20001B90C668019380460D46002C76D1B9F132
:10FB3000FC0F5AD9032925D104680AEB4A0A234647
:10FB4000D91C1B1B9A4507DC04EB06080125BD42A6
:10FB500010DB07B0BDE8F08F98F8183001F8033CCF
:10FB600098F8193001F8023C98F81A3001F8013C75
:10FB70000B46E5E740465246214603F0D7FAB0442B
:10FB80000135E4E70429E4D1806902F0B8FBBAF159
:10FB9000000FD8F800102AF00F02AAF10F0CB8BF1E
:10FBA0000022BC42D5DA0B46002510E043E91000E4
:10FBB00043E90E0043E90C0043E90A0043E9080069
:10FBC00043E9060043E9040043E902001035AC456F
:10FBD00003F14003EADC1346534502DB31440134B0
:10FBE000DFE741F823000133F6E7806902F087FB85
:10FBF000D8F800B0059005FB0AFABC42A9DA4FF02C
:10FC0000000806E00BEB08014A4605A8FFF785FE51
:10FC1000A844D045F6DBB3440134EEE701FB0AF318
:10FC2000B9F1FC0F806902931ED902F068FBD8F885
:10FC300000A005904FF00009B9458ADA04F1FF3BB6
:10FC40004FF0000807E00AEB08011BF8012F05A898
:10FC5000FFF763FEA844029B9845F4DB019BB24486
:10FC60001C4409F10109E7E702F049FBD8F800B0AC
:10FC700005904FF0000ABA45BFF66BAF631E4FF018
:10FC800000080CE013F8012F039312FB09F20BEBB1
:10FC90000801120A05A8FFF740FE039BA844029A38
:10FCA0009045EFDB019BB3441C440AF1010AE2E7F3
:10FCB000F0B5154685B006460F460A466846294601
:10FCC0001C4601F080FF90B16968019A009B2D6885
:10FCD0003F68521A0A995D1B684601FB0255DF1BFB
:10FCE00002F0BEFAE31971191844834201D105B03C
:10FCF000F0BD1A7811F8014B2244FF2A28BFFF22D9
:10FD000003F8012BF1E72DE9F84356081F46A1EB54
:10FD100052059046814602F0ECFE00FB05F4484691
:10FD2000F2F758FCE411002CD4BF8034803C05FB72
:10FD300000F06FEA0802CCBFC6EB2423C6EB2423F5
:10FD40004FEAE010D8BF06EB242402F00102C6BF40
:10FD50009B1806EB2424A41A0028CCBF80388030DE
:10FD60003B60CDBFC6EB2023C6EB202306EB20264D
:10FD70009B18CCBF06EB2026B61ABC607B60FE60E9
:10FD8000BDE8F8832DE9F04F91F82830022BB9B087
:10FD900005460F46144640F2AD804B6A002B00F03A
:10FDA000A98091F82930DA0600F0A480204602F0FC
:10FDB00057FA0646204602F058FA8642FB6997F841
:10FDC000288097F82290A8BF064670109842A8BFD6
:10FDD000184697F829307E6A834613F0040FD4E959
:10FDE00000E003F01F010ABF0BEB060333465B4242
:10FDF00073440B93D4E902C20B0756BF0BEB060307
:10FE000033465B42ACEB03030D938B0756BF0BEB02
:10FE1000060333465B4203440C93CB0756BF0BEB00
:10FE2000060333465B42D21A97F82030039397F8C3
:10FE300021300E92ABEB06060293BBF1000F5CD1B2
:10FE4000002E5ADC59462C222DA803F065FA24AB6B
:10FE50002D93039BD4F804B08DF8C9308DF8CB9066
:10FE6000029BDDF83090A6688DF8CA300B9B27689E
:10FE7000029309F1FF310D9B8DF8C880CB45CDE988
:10FE800025B6D4F80CA0DDF8388003932497279189
:10FE900003DC2DA92846E6F737FF0E99013125919D
:10FEA000C245E168279103DB2DA92846E6F72CFF20
:10FEB000CB45D4BF0C9B63682593C245ACBF0E9B5A
:10FEC000E3682168249127930B99029B01399F4293
:10FED000269103DC2DA92846E6F716FF0D9B01337A
:10FEE0002493A3682693039B9E4203DB2DA92846F7
:10FEF000E6F70AFF39B0BDE8F08FAA6821460FA8DF
:10FF000001F061FE06900028F4D00FA802F0A8F9D5
:10FF10002C22002107902DA803F0FEF90798F3F793
:10FF20005FFD00273390824601231BA826EAE67274
:10FF30000BA9CDE908770A97EDF7ACFC1BA8BB45E8
:10FF4000089007DD24AE3B465A4621463046EDF781
:10FF5000A1FC099613AB2D933593039B8DF8C93003
:10FF6000029B8DF8CA3023680B9A8DF8CB905B44C6
:10FF70009342ACBF17931792A3680D9A8DF8C8806F
:10FF8000A3EB0B039342D4BF1993199263680C9AA5
:10FF90005B449342ACBF18931892E3680E9AA3EBAC
:10FFA0000B0317A89342D4BF1A931A9202F058F980
:10FFB0006368D4F80090DDF82C8002930C9B0393C7
:10FFC000A3680493C1450D9BE6680E9F059362DC10
:10FFD000DDE9043293425EDBDDE9023293424FF009
:10FFE00001038DF8D03041DDBE420CDB179B13932B
:10FFF000199B15930E9B013314932DA9E368169357
:020000040003F7
:100000002846E6F781FE0B9B0D9A93424BDBC145D8
:1000100057DCDDE904218A4247DB23681393A36898
:100020001593189B14932DA91A9B16932846E6F74F
:100030006BFE06990F9B119A139300297AD163687E
:100040000C9F1592FF1A5F45B8BF5F46884647452B
:100050003EDC1BA800F0A9FFBBF1000F02DD24A8C5
:1000600000F0A3FF5046F3F7B1FC43E7BE4201DBCB
:1000700031280DDD179B1393199B1593029B149345
:10008000039B2DA9013B28461693E6F73DFEABE7FF
:1000900000230693B7E701238DF8D030DDE9023263
:1000A0009342E7DDA0E7C1450BDC013B1593189BAC
:1000B000226814932DA91A9B139228461693E6F7EB
:1000C00023FEDDE904329342B3DB0D9B0133A5E748
:1000D0006368E66808EB0309109B9945A6EB0806E0
:1000E00002DA129B9E4222DC079AFF21504603F05F
:1000F00013F9079B0093139A4B46514608A800F04A
:1001000038FF109B8DF8D000994507DB2DA92846B4
:10011000CDF85090CDF85890E6F7F6FD129B9E4230
:1001200005DC2DA9284614961696E6F7EDFD08F194
:1001300001088CE7179B13A8013B9342D4BF15938A
:10014000159202F08DF8041E34DC199B0F9A0133CE
:100150009342ACBF1393139213A8119B159302F013
:100160007FF8041E7FF775AFDDE90432934267DA4A
:10017000DDE90232934263DDBE42FFF66AAF1A9EAA
:10018000129B01369E423FF764AF22465046FF2144
:100190001496169603F0C0F85146139A009433460D
:1001A00008A800F0E6FE2DA98DF8D0002846E6F755
:1001B000ABFDE5E7C14524DDDDE90232934220DDF8
:1001C000BE42C2DB1A9B03F10108129B9845BCDCBE
:1001D0002246FF215046CDF85080CDF8588003F0DC
:1001E0009BF84346139A0094514608A800F0C1FEBC
:1001F0002DA98DF8D0002846E6F786FD08F1010804
:10020000E3E7109B189A934202DBC145DADDD7E79A
:100210002246FF21504614931693069303F07CF870
:10022000069B139A0094514608A800F0A2FE2DA93F
:100230008DF8D0002846E6F767FD069B0133E1E71D
:10024000DDF84080189B984504DBDDE904329342D9
:1002500095DA91E72246FF215046CDF85080CDF83F
:10026000588003F059F84346139A0094514608A861
:1002700000F07FFE2DA98DF8D0002846E6F744FD5A
:1002800008F10108DEE72DE9F04F450087B04FEA9D
:10029000610ACB0704462846904654BF0AF1FF3B4B
:1002A000D3460F46F3F79CFBAB1E6FF001020093A1
:1002B0000BFB02224FEA4A0301930646C146002384
:1002C0000292A34225DB04FB04F0424608EB400007
:1002D00043464FF47F5CBCFBF7FC834244D16B4246
:1002E0000AFB03F30593631E05FB038304930BF1E1
:1002F000010300930BFB05530393AB1901934FF0DC
:10030000000CA4453CDB304607B0BDE8F04FF3F7E6
:100310005DBB009A019839F8021000EB090C0298B5
:100320007943621E484426F8121002EB0A0E744507
:10033000CCBF3CF812E04FF0000EA1EB0E0EA2EB8A
:100340000B010029D4BFB9F8001030F81210013A9F
:100350007144E8D248462A463146039302F0E6FE4D
:10036000039BA9440133ACE7198839B1B1F57F5F2C
:100370000EBFA3F800C091FBF7F119800233ACE780
:1003800005991388511802910399002002EB010985
:1003900096467B4390460146002BACBFC3F38F1BB0
:1003A0004FF0000B26F811B0A1EB0A0BBBF1000FC8
:1003B000CABFDDF808B0B8F800B03BF800B0A3EB56
:1003C0000B0B009B0B449C42D6BF049B39F80030BA
:1003D00033F81C3001318C425B44A8442844DBD103
:1003E000334633F8021BAEF8001001998B42AE443D
:1003F000F7D10CF1010C023283E70B79053B012B9D
:100400000ED8CB6C9A6B9AB9DA6B8AB993F8212023
:100410009B6E1BB10E2A0BD0142A09D02F2A07D8A5
:1004200091F85130632B84BF46F20143A1F850305C
:100430000020704770B50E46016A0546002969D153
:1004400001223046E4F766FF044610B94FF0FF3052
:1004500070BD3046E5F72EF80028F7D00223A364DC
:1004600004F138036E60AB602C622379013B092BE9
:100470000CD8DFE803F005141B22294137303C4833
:10048000E16C04F108022846EBF74CFE2B6A0322CC
:100490009A6400232B62E4F735FF0120D8E7E16C72
:1004A00004F108022846FFF76DFCEFE7E16C04F168
:1004B00008022846EBF790F8E8E7E16C04F108023F
:1004C0002846ECF7E5FDE1E7E16C04F10802284677
:1004D000ECF7FEFCDAE7E16C04F108022846EAF7E3
:1004E0006FFED3E7E16C2846ECF7DCFDCEE7E16C6C
:1004F0002846EDF7B1FFC9E7E16C04F10802284690
:10050000ECF7F2FCC2E7E16C04F10802284600F0C7
:1005100086FDBBE700209BE7F3F758BA2DE9F043CF
:100520000546A1B0904699460C4601B30B79192BAC
:100530001DD8012707FA03F222F0FE2626F0E9165D
:100540001EBB192B53D0D30711D505A8FDF79AFF71
:10055000E37D8DF83C306369ADF83430E2680E9786
:100560001B0C05A928468DF83630FFF70BFCB8F1B7
:10057000000F54D0B9F1000F51D04A4641462846E9
:1005800021B0BDE8F043EBF7CDBD89692069EEF7F6
:1005900031F9A36820600FCB01AE86E80F00074653
:1005A000304601F05DFE0E21E4F7CAF8013F074432
:1005B0002C2205A80021039702F0AEFEA37D8DF842
:1005C0002B30E37D8DF82830A28A2368ADF82920EE
:1005D0001A690B920D961B890E93A368059305A9C2
:1005E000022328468DF83030E6F78EFBBFE7896995
:1005F0002069EEF7FFF8206005A8E5F715F84FF43D
:100600008073CDE91133E37D8DF86030A2682368F3
:10061000109605A928460C93ECF75AFCA7E721B0E1
:10062000BDE8F0830A46002102F076BEFC290AD814
:10063000022907D910FB01F048F281035843C0F3A7
:10064000C7507047002070472DE9F843089F1D46AA
:100650003B6A97F834C0D41A0646FB6AF8690CF076
:100660000102A1EB0008BBBB3B7E03F0060782B191
:10067000C7B103F00703022B02D1E00FBDE8F883F6
:10068000032B01D00020F9E7002CD4BF002001206B
:10069000F4E7022F06D003F00703012B04D1B8F1D1
:1006A000000F0FDD0120E9E763B918EB050FF9D45E
:1006B000401AE7D4854203DD291A3044FFF7B2FF20
:1006C0000220DBE718EB050FDCD4411A21EAE171C7
:1006D000A942D7DA3046F1E70CF00200002A00F018
:1006E0009A80BB6A03FB08F2002B4FEAA222C0B239
:1006F00005DD94420FDA003818BF0120BEE79442AE
:10070000F9DC08EB05025343B4EBA32F09DB7A6A4B
:1007100004FB02220CE008EB05025343B4EBA32FC9
:1007200003DDB0FA80F04009A8E77B6A03FB04F21E
:1007300042F3950212F0FF01C8EB222861D03B6B17
:10074000C1F1FF014B431B12B8F1000FC3F1FF02CF
:100750000DDB45450BDD5943C1F3472108B9C943BA
:10076000C9B216F80800FFF761FF06F8080008F1A3
:100770000104396B8A4224DCA5423ADD002C38DBC7
:10078000796ABB6A305D514389125143C1F34721F5
:10079000002B97F83430BCBFC943C9B29A0744BF95
:1007A000C943C9B2FFF742FF305597F834309B0771
:1007B0002AD54545FFF666AFB8F1000F80DB41460C
:1007C00088E7002C0FDBA5420DDD97F83430A2EB53
:1007D00061019807C9B248BFC943305D48BFC9B27B
:1007E000FFF724FF30553B6B0134A542A2EB030217
:1007F000BFDC97F834309F07DBD401343FF542AFBC
:1008000003E04446FF22B4E70134A542FFF658AFA7
:10081000291B301952E77B6A5C43002B4FEAA42264
:10082000CCBF511C11468845C0B23FF764AF08EBFE
:1008300005018A423FF775AF44F38D2EC4F387025A
:100840001C4444F38D29CE454FEA0421AEEB080445
:1008500006D0002B80F29480002A39D1013CFF227F
:10086000002C1FDBA54227DDC1F387211144C1F312
:10087000470108B1C943C9B2305DFFF7D7FE305513
:1008800097F83430980708D5A9EB08018D427FF717
:10089000F9AE0029FFF614AF1CE70134AC42A8BF43
:1008A0002C46B5E70028EFD10134AC42A8BF2C4656
:1008B000002C3FF4E7AE03E70028E5D10134AC4259
:1008C000A8BF2C46002C3FF4DDAE7FF7F9AE9FE7C2
:1008D000002CBB6A49DBC3F1000802FB08F8A54203
:1008E0004FEAA8280ADD08FB02F1C1F3472108B14D
:1008F000C943C9B2305DFFF799FE305597F83430DF
:10090000796A621E03F002033CB3954221DDC8F10F
:10091000FF08494208FB01F1891208FB01F1C1F30C
:1009200047210BB9C943C9B2B05CFFF77FFEB05491
:1009300097F83430990707D59542FFF6C1AE002AE3
:100940003FF4BEAE1146C5E60134A542BFF660AF26
:10095000A8E6002B3FF4A6AEEEE7002B7FF4B0AE86
:10096000002D7FF79FAE012452E700287FF4A8AE48
:100970000134A542FFF696AE002C7FF4A1AE47E706
:10098000C2F1FF01BA6A4A434FEAA22E002C04F1D9
:100990000102CEF1FF082DDBA5420BDD0EFB01F1BC
:1009A000C1F3472108B9C943C9B2305DFFF73EFE24
:1009B00030557B6A08FB03F39B1297F8340095428D
:1009C00000F002002ADD08FB03F3C3F3472108B15E
:1009D000C943C9B2B05CFFF729FEB05497F8343070
:1009E0009B070ED5A542FFF64DAE002CFFF668AE74
:1009F00021466FE6621C0AD108FB03F39B1200221A
:100A0000DBE70234AC42A8BF2C46002C5DE71CF0AB
:100A1000020F05D0A542BFF653AE33E60028E1D160
:100A20000234AC42A8BF2C46002C3FF42BAEECE7BE
:100A30002DE9F74F0C9DAC68D5F80CC0A1EB040B69
:100A4000D5E904E4BEF1B30F074689461646984639
:100A5000A2EB0C0A00F39380B32C00F3FD80BEF1EF
:100A6000000F07D1944500F36481002C00F08280D0
:100A700001244CE1002C00F01A81A64519DC9445B4
:100A800000F3598105F11803009332464346494665
:100A90003846FFF7D9FD6A69EB68B42A044640F08E
:100AA0001481B34240F31581002C40F00A810024E8
:100AB00002E0944504DD0124204603B0BDE8F08F38
:100AC0006A6FEB6B0EF1FF3002FB0AF20AFB033395
:100AD00059284FEAA2224FEAA32304F1FF310BD891
:100AE000002B10DA59294FF0000310D95B3CB22CCF
:100AF00098BF03EAE3730AE0AEF15B0EBEF1B20FFA
:100B000098BF03EAE3735929F0D823EAE373D21AB2
:100B100003EB6201A1EB0B014145A8BF414600294F
:100B20000C4629DD05F11803009332460B46384682
:100B30004946FFF789FD824618B921463846FFF736
:100B400071FD4445A8BF444624EAE4742744A8EB59
:100B50000408503504EB09010095434632463846F7
:100B6000FFF772FD044618B941463846FFF75AFDB3
:100B7000A245A1D002249FE74FF0010AE1E7BEF1B0
:100B8000B40F73D0B42C40F39580A64512DC944585
:100B90003FF778AF66454FF003047FDA5035009594
:100BA0004346324649463846FFF74EFD002C3FF497
:100BB0007EAFB4E09445FFF67EAF6A6FEB6B6FF4E7
:100BC0008770704402FB0AF20AFB03336FF48771EB
:100BD00058284FEAA2224FEAA32321440AD8002B27
:100BE000B8BF0023582910D95B3CB22C98BF03EA48
:100BF000E3730AE0AEF15B0EBEF1B20F98BF03EAF9
:100C0000E3735829F0D823EAE373D21A03EB6201A5
:100C1000A1EB0B014145A8BF414600290C4618DD58
:100C200005F15003009332460B4638464946FFF71C
:100C30000BFD824618B921463846FFF7F3FC4445C0
:100C4000A8BF444624EAE4742744A8EB04081835F6
:100C500080E74FF0010AF2E7BEF1000F23D194457F
:100C600018DDB42C96D10320033818E094450DDD2F
:100C7000B42C3FF47FAF002C3FF41DAFB32C0CDD40
:100C800050350095FFF7E0FC012448E0B42C36D144
:100C90000120E9E7B42C3FF40EAF0124E01E18BF99
:100CA0000120440008E794457FF7ECAED9E794456E
:100CB000EEDCE7E694453FF7E5AEB42CE8D014BB94
:100CC000D1E7032C7FF456AFCDE75AB99E42BFF669
:100CD000EBAE002C3FF4EBAE032CD9D0012C3FF44B
:100CE000EAAE47E7B32A06DC9E42BFF657AF002CB8
:100CF0003FF4DDAED2E79E42FFF650AFF7E7002C9F
:100D0000B1D0B32C17DCB4454FF00304C6DC50352A
:100D100000954346324649463846FFF795FC002881
:100D20003FF4C5AE032C9FD0012C7FF423AF0128E4
:100D3000D5E7002CACD00324B0E72DE9F04F87B005
:100D40000546DDF8409099F81C80D9F80C00D9F8D8
:100D5000186003900F469246D9F80810D9F8102071
:100D600002911C4618F00108D9F81430049205933A
:100D700028D1824503DA002007B0BDE8F08F9A45FC
:100D8000F9DC06EB010CBC4500F3828007EB040C98
:100D9000A2EB060EF44505DD3044504539DC9B1BC3
:100DA000534536DBCE1BB442E5DB002E74DAD11B93
:100DB000481C0028DFDDA0427DDA211A2844FFF715
:100DC00031FC78E0824501DA0120D5E79A45FBDC69
:100DD00006EB010C674513DA3044504519DC9B1BC8
:100DE0009A4516DCC81B20EAE070844263DBD11B05
:100DF000091A01314318A342DFDC00295BDBDDE780
:100E0000A2EB060C07EB040EF445EBDA3044824506
:100E1000E5DA02A8CF1B01F023FA834602A801F00D
:100E200024FA039BD9F82010AAEB03029642CBBF09
:100E3000B21A801B02F1FF32121ACB68501C33F831
:100E4000129033F810008B68BB4433F812204B68C3
:100E5000ABEB060BF11993448A1AA0EB0909561E55
:100E60001F18B8F1000F28D0B046DA46A6EB0803E9
:100E70004B4559DBA242A8BF224622EAE2725C45FA
:100E8000CCBFABEB0201A11A21EAE171A81896E7E9
:100E90003044824583DABCE728463146FFF7C2FB7F
:100EA0000498C01B013000287FF765AF844284DCC2
:100EB0000EB9844288D002205EE73246D846B31A83
:100EC000994516DCB9F1000FA8BFCB44A345A8BFD4
:100ED000A3462BEAEB70211A2844FFF7A3FBA6EBED
:100EE00009010131A142A8BF214621EAE17128464A
:100EF00065E7B8F1000F17F801AD08DB444506DDE2
:100F000015F808105046FFF791FB05F80800002A75
:100F100006DB944204DDA95C5046FFF787FBA8542A
:100F2000013A08F10108CAE717F8013DBAF1000FCC
:100F30006FEA0303DBB20ADBA24508DA15F80A10F0
:100F400001931846FFF772FB019B05F80A00B8F100
:100F5000000F08DBA04506DA15F808101846FFF761
:100F600065FB05F8080008F1FF380AF1010A7DE782
:100F700070472DE9F7430F4690469946061F002417
:100F800056F8045F25B90134E0B203B0BDE8F08340
:100F900000952D680A9B4A4641463846A8470028D6
:100FA000F3D0022808BF0124EAE710B50379022B29
:100FB00004460FD1036A6BB11A69002A07DA586830
:100FC000F2F704FD206ABDE81040F2F7FFBC5A6951
:100FD000013A5A6110BDB42B2DE9F3411C46C4BF40
:100FE000A3F1B40424B2074604F15A0000B20D463E
:100FF0001646F1F7EFFA05EB60182046F1F7EAFA2A
:101000009DF82030019306EB601000904346324675
:1010100029463846ECF74EFB02B0BDE8F0812DE9D9
:10102000F04701F11C0996B0826806460D4605A8F6
:10103000494600F0C8FD002873D02B6A7468B16877
:101040002768013B0093D1E9012309A8096800F052
:1010500086FDD4E9011209A85242494200F0A6FDDA
:10106000384609A9E3F73EFDB168AA6ACB68009348
:101070008B680968013209A800F071FDD4E90112FA
:1010800009A85242494200F091FD384609A9E3F708
:1010900029FDEB69B168AA6A0092013B2A6A0968D6
:1010A00009A800F05CFDD4E9011209A852424942A6
:1010B00000F07CFD384609A9E3F714FDD5E90912D3
:1010C000B36800929B682A6A013109A800F047FDC5
:1010D000D4E9011209A85242494200F067FD0DF11E
:1010E0003408384609A9E3F7FDFCEA6A49460023BB
:1010F0004046ECF7CFFB002305A8CDE9038301F0C0
:10110000AFF80646F2F76CFC069F05464FEA8609E3
:10111000089BBB4208DA2846F2F758FC4046FFF726
:1011200044FF16B0BDE8F0873246FF21284602F0A2
:10113000F3F8059A00963B46294603A8FFF719FFE6
:10114000012882461FD0D4E901320599BA1AC91A7A
:101150002046FDF79EF80346BAF1000F0FD029464E
:1011600005EB060C61450ED011F8010BFF281FBFDF
:10117000DA7812FB00F21212DA700433F2E74A4610
:10118000514602F0C9F80137C2E7F0B51C46036AC0
:10119000856963B9B5F5807F27D1C369B3F5807FD1
:1011A00023D1090221601202059B1A60F0BDC36AB7
:1011B0000669C91A036BD31A4269B5F5807F01FB32
:1011C00002F206FB1322466A20D1C769B7F5807F79
:1011D0001CD106EBA2062660D0E904425A4304FB68
:1011E0000123826A02EBA302DEE7036BD21AC36A11
:1011F000C91A436A090491FBF5F119442160C369D6
:10120000120492FBF3F2836A1A44CDE7120292FBB6
:10121000F5F206EBA2062660D0E90424634302FB44
:1012200001331B02C26993FBF2F3DAE72DE9F04FB9
:1012300089B000260493179D9DF8603003908A467C
:101240009046059337460196169B019A9A4202DB17
:1012500009B0BDE8F08F129B03EB2623191209D4C5
:10126000514507DA139A02EB27225FEA222C01D4B8
:10127000C44503DB4FF00003EB708CE01C06D8B2D2
:1012800054BFC0F17F03A0F180031998039C58BF9D
:10129000029300FB01FE049848BF029300FB0CEE92
:1012A000039870445FFA82F990F802B085F802B0B2
:1012B00090F801B085F801B014F80EE085F800E070
:1012C0004FF0FF34EC70059C54BF4FF0FF33012307
:1012D000120659BFC9F17F094FF0FF32A9F1800909
:1012E0000122002C73D003EB010EBEF1FF3F61D051
:1012F000D6456CDA02EB0C0EBEF1FF3F54D0C6456A
:1013000065DA19994B43C118C35C8DF81830049BFA
:1013100091F802C049788DF819105A4383184FF09C
:10132000FF3499785B788DF81D30835C8DF81E1042
:101330008DF81C308DF81F40079928688DF81AC069
:101340008DF81B4001F003F878B98DF81F902968DB
:10135000079801F0F1F8C0F3072328706B70C0F311
:101360000743C0F30760AB70E8700699286800F087
:10137000EEFF80B9029B8DF81B302968069801F0BA
:10138000DBF8C0F3072328706B70C0F30743C0F38A
:101390000760AB70E870019B01330193159B1F44FC
:1013A000149B04351E444FE759B9013302D0BAF1FA
:1013B000010F1AD1029BC3F1FF03C3EB03231B12DE
:1013C0005AE70AF1FF3291420FD1012BF1E7A9B997
:1013D0000133EFD0BAF1010FECD0BCF1000F13D103
:1013E000013202D0B8F1010FD5D1C9F1FF09C9EB23
:1013F00009294FEA292985F80390CCE70AF1FF3043
:101400008842EAD1012BE7E708F1FF336345C2D1F7
:10141000012AE9E72DE9F04F89B01E469DF86430B6
:1014200006939DF86830079302FB0603009306EBD2
:10143000D6735B1001930023DDE91749CDE903332F
:10144000059002911546189B169AA9EB03039A4240
:1014500002DC09B0BDE8F08F129B039A03EB222C4B
:101460005FEA2C210AD4029B994207DA139B049A63
:1014700003EB2220031201D49D420FDC4FF0000346
:1014800089F80030049B159A13440493039A149B23
:101490001A4409F1010902340392D4E71CF0800FC9
:1014A0005FFA8CF80CBFC8F17F08A8F180084FEAFA
:1014B000410AC2B2059F03FB06AA07BF4FEA4808CC
:1014C0004FF0FF3E4FEA48084FF0010E0006059826
:1014D000504437F80AA0079FA4F800A057BFC2F1F4
:1014E0007F02803A52004FF0FF3C44BF52004FF061
:1014F000010C002F6BD00EEB010ABAF1FF3F57D061
:10150000029FBA4563DA0CEB030ABAF1FF3F5ED0E3
:10151000AA455CDA06FB0CFB069F30F81EA030F8EB
:101520000B00002F40D0019F03FB0711009B07FB1E
:101530000CFC03EB010B5B5C89F800301BF80CC062
:101540001BF80E1063451FBFC2F5807E02FB0CFC2A
:1015500003FB0ECCCCF3072C8B421FBF08FB01F121
:10156000C8F5807E03FB0E11C1F307218C444FEABE
:101570006C0389F80030002B84D02188814202D18D
:1015800050453FF47FAF02F0FE02F0F707FD2188DF
:10159000834608F0FE025046F0F700FD7F225946D0
:1015A000F0F7FCFC20806DE7FF2389F80030E4E7CA
:1015B000069A8AB3019A5343009AD05CC8F1FF0897
:1015C00000FB08F84FEA282889F800805AE70698B7
:1015D000C0B1DDE9000703FB0700405CA1B9BEF123
:1015E000FF3FEBD002990129E8D0BBB9BCF1FF3F26
:1015F00001D0012D18D1C2F1FF024243121289F825
:1016000000203FE7FF20E9E7029F07F1FF3A8A4504
:10161000EBD1BEF1010FE7E7FF20CFE7691E99424A
:1016200002D1BCF1010FE5E789F800002AE7014685
:10163000006810B1836803B118477047C0687047ED
:1016400003680A78934209BF4B78981A4068C01A19
:10165000704703680A88934209BF4B88981A40680C
:10166000C01A704700880B88C01A704700B1007814
:10167000704708B1D0F8B800704750B1037803F054
:10168000FD03012B04D190F8A80000F00F00704773
:101690000020704738B1037803F0FD03012B01D11E
:1016A000006F70470020704770B5012BDDE90445DD
:1016B00002DCC61E012E07D9013804282BD8DFE82A
:1016C00000F00C03221B130000232B608A1A2368EE
:1016D00002EBD27203EB620304E000232B60236869
:1016E0008A1A1344236006E0012B04DD8A1A013BA9
:1016F00092FBF3F22A6070BD8A1A92FBF3F22B6818
:101700001A442A60E3E70133891A91FBF3F1296057
:1017100023680B44E6E700232B60ECE7136851B124
:10172000013B002B136001DA0020704782681268C9
:1017300052F823007047013313608268118E8B4288
:10174000F5DBF1E707B51822E1F726F903B05DF8FC
:1017500004FB07B51922E1F71FF903B05DF804FB9C
:1017600007B51A22E1F718F903B05DF804FB07B5D5
:101770001B22E1F711F903B05DF804FB38B5002135
:101780000546FFF7DFFF04462846DFF771FD00211D
:1017900004442846FFF7DDFF204438BD38B500215A
:1017A0000546FFF7DDFF04462846DFF73FFD002131
:1017B00004442846FFF7DBFF204438BD2DE9F04103
:1017C000089C0546DDE9066718469DF8243011B1EE
:1017D0000022226022E0A2F1040C5FFA8CFCBCF132
:1017E000020F03D8012E084608BF0122BC4607EBB2
:1017F00086080021E0450AD1091A4FF0000C062A9C
:101800000CD8DFE802F0092B310B413A33005CF8C9
:1018100004EB86447144EDE7C4F800C0A6464FF0DF
:10182000000C06F1FF38E04534D806F18042013A59
:1018300054F8220057F8222010442268801A5BB125
:10184000043C002254F8043F57F82210EB1A0132EE
:101850005B1A96422360F5D1BDE8F081691A01EB6D
:10186000D17149102160D9E7691AFBE7691A701E26
:10187000C4F800C091FBF0F0D0E7691A91FBF6F0D4
:1018800000EBD0725210A4E7691A701C91FBF0F0C3
:101890002060C3E757F82C10DEF800200A44024409
:1018A0004EF8042F0CF1010CBDE72DE9F041069F25
:1018B000044615461E460FB100233B600022204619
:1018C00000F03AFF38B93B46324629462046BDE88B
:1018D000F041F0F713BCBDE8F08138B5846C0546E3
:1018E000B4B1206820B100F006FF2068F2F76EF86E
:1018F000E06908B1E3F774F8206A08B1E3F770F81B
:101900006068F2F763F82046F2F760F80023AB64F2
:1019100038BD38B58D6C0C462DB1286C18B1E3F785
:101920005FF800232B642046BDE83840FFF7D5BFA1
:101930008068003818BF0120704700B1016270470D
:1019400010307047012070470068704708B50246A4
:101950000B46127A1B7A406849689A420ED1012AD6
:1019600008D101F040FD002801D1002008BD06DDAE
:101970000120FBE7002AF8D18842F6D0F8D84FF0D2
:10198000FF30F3E738B5C568044610212846FCF758
:1019900062FC10B12846E3F723F8237A012B04D127
:1019A0006068BDE83840F2F711B838BD08B50246A6
:1019B0000B4612791B79006809689A420ED1012AF8
:1019C00008D101F010FD002801D1002008BD06DD7E
:1019D0000120FBE7002AF8D18842F6D0F8D84FF072
:1019E000FF30F3E70379012B02D10068F1F7EEBF76
:1019F000704713B54FF48063009304460023026BD5
:101A0000406B194601F05CF8626AE36A9B1A58431E
:101A100002EBA02002B010BDF7B51F464FF4806363
:101A20000093002304460D4616461946026B406B90
:101A300001F046F8089B009332463B46294600F0E9
:101A4000A8FF626AE36A9B1A584302EBA02003B026
:101A5000F0BD002817DA891A0029B8BF494264236B
:101A600059430A22C0F30903B1FBF3F1C0F3095350
:101A700053439942C0F3892002FB00F028BF194666
:101A8000884238BF0846704770B5456AC66A044642
:101A90003246006B2946FFF7DCFF324620632946B9
:101AA000E06BFFF7D6FF3246E0632946A06BFFF7F5
:101AB000D0FF3246A0632946206CFFF7CAFF20649E
:101AC00070BD07B54FF4806300220093114640F2C9
:101AD0005123FFF7A1FF03B05DF804FB01607047DD
:101AE00041607047016370474942416370474FF05E
:101AF0000043C0E90A324162704701627047C16029
:101B000070470161704741617047C16370478163ED
:101B10007047416470470164704790F8543061F336
:101B2000C30380F854307047C161704730B5056811
:101B3000836840680A685B1B03EBD37300EB6300A8
:101B400005EB63055C104B681B1A521B5B43644337
:101B500002FB0232944234BF0020012030BD83607A
:101B6000009BC360C0E90012704703681944013943
:101B700081607047436819440139C16070478368C8
:101B800002689A1AC3684068181A013002FB000004
:101B9000704703685B1A036083680B448360436883
:101BA0009B1A4360C3681344C360704703680B44C7
:101BB000036083680B448360436813444360C368D5
:101BC0001344C360704770B515680B689D42B8BF79
:101BD0001D4605604C685368A342B8BF2346436066
:101BE00094688E68B442A8BF34468460D268C968DD
:101BF0008A42A8BF0A46A542C26004DC9342CCBF19
:101C00000020012070BD0020FCE710B50B681468AF
:101C10009C42D4BF0460036054684B689C42D4BFAC
:101C20004460436094688B689C42ACBF846083606E
:101C3000D268CB689A42ACBFC260C36010BD2DE9C8
:101C4000F04F0C680568AC4285B00E4660DBD0F8FA
:101C5000088044455CDC4C684768BC4258DBD0F8DF
:101C60000C904C4554DC002A03DC012005B0BDE893
:101C7000F08FA8EB0504A9EB0700013401306410D4
:101C800040108442A8BF04469442A8BF1446009561
:101C90000022254407EB040A6846CDE90175CDF81A
:101CA0000CA0FFF7CCFF024630B12C440294314621
:101CB0006846FFF73BFFD9E7A9EB040B31466846BE
:101CC000CDF804B0CDF80C90FFF7B9FF024628B16B
:101CD00025440295ABEB04040194E8E7A8EB040566
:101CE000314668460095CDF80880FFF7A8FF024608
:101CF00010B12D1B0095EDE7314668460197CDF8F0
:101D00000CA0FFF79CFF0028AFD02D1B0095CEE75D
:101D10000020ABE702688B689A420EDC82680B6891
:101D20009A420ADB4268CB689A4206DCC0684B687C
:101D30009842B4BF002001207047002070472DE971
:101D4000F34107680B689F420C46154603DA0020F2
:101D500002B0BDE8F081436849688B42F7DB8668D2
:101D6000A1688E42F3DCD0F80C80E1688845EEDC97
:101D7000FAB169462046CDE90073FFF760FF0028FD
:101D8000E5D02A46694620460096FFF758FF00280E
:101D9000DDD02A4669462046CDE90078FFF74FFF9F
:101DA0000028D4D02A46694620460096FFF747FF10
:101DB000CEE70120CCE72DE9F0410C46054611465F
:101DC00020461646FFF7A6FF002864D000222046D2
:101DD000FFF7B5FF002861D163687168D4F808C0C7
:101DE000D4F800E0E2689942C4BFC5E900E3C5E960
:101DF00002C1A2EB03026168F368A3EB0101A2EB4D
:101E00000102C8BF0120002AACEB0E0713DDE16818
:101E10008B4210DAA168D4F800E04FEA001800F114
:101E2000010C05EB001045F808E0C0E9013113444E
:101E3000C3604FFA8CF073686168F268D4F800C030
:101E40009942B8BF1946E3689342A8BF1346326867
:101E500062450EDD8B420CDD00F1010E4FEA0018E9
:101E600005EB001045F808C0C0E90112C3604FFA45
:101E70008EF0B2682468141B3C1B002C09DD07019E
:101E8000461C05EB0010EA512244C0E902234160E0
:101E900070B2BDE8F0814FF0FF30FAE70020F8E7BC
:101EA0002DE9F34186680B689E420C46154634DBEB
:101EB000D0F80C804B6898452FDB07688B689F42F1
:101EC0002BDC4368C9688B4227DC1AB9002002B0BA
:101ED000BDE8F08169462046CDE90073FFF7AFFE0B
:101EE0000028F3D12A46694620460096FFF7A7FE50
:101EF0000028EBD12A4669462046CDE90078FFF755
:101F00009EFE0028E2D12A46694620460096FFF749
:101F100096FE80F00100C0B2D9E70120D7E72DE995
:101F2000F74FD1F80090D1F80C80D1F804A00193BC
:101F30008B68A8EB0A04A3EB090E023AD0E900650E
:101F40000EF1010C671C132A00F2B180DFE802F0E9
:101F50001F3B40455358630A686C7A8387959A9D66
:101F6000A0A3A7AB83689B1B013303EBD3720CEBDD
:101F7000DC735B10C3EB6203C268521B013207EBD8
:101F8000D77402EBD2726410C4EB62040AE0836877
:101F90009B1B013303EBD3720CEBDC735B10C3EBC5
:101FA00062030024019A334413440C9A0B602C44BE
:101FB00014444C6063443C44013B013C8B60CC6066
:101FC00003B0BDE8F08F83689B1BA3EB0E03E8E72B
:101FD000C3685B1B1C1B0023E4E783689B1B013366
:101FE00003EBD3720CEBDC735B10C3EB6203C268D0
:101FF000521B141BD6E783689B1BA3EB0E03F6E76B
:10200000C3685B1B013307EBD77403EBD373641016
:10201000C4EB6304DFE783689B1BA3EB0E03ABE712
:102020006FEA08045444D6E783689B1B013303EB33
:10203000D3720CEBDC735B106FEA0804C3EB620332
:102040005444AFE783686FEA08089B1BA3EB0E03B9
:1020500008EB0A04A6E7C468641B0134BBE7836885
:102060009B1B013303EBD3720CEBDC735B10C3EBF4
:102070006203C468641B013494E783689B1BA3EB71
:102080000E03F6E7DB434B448BE7DB434B4473E73C
:10209000DB434B44ABE783689B1B013381E78368D9
:1020A0009B1B013368E783689B1B01339FE7002478
:1020B000234677E72DE9F04F85B08B469DF8401019
:1020C000029199460746DDE90E3812B9B9F5807FCD
:1020D00009D03E463C4600255D4504F1080408D180
:1020E0008ABB14462AE0B3F5807FF2D105B0BDE883
:1020F000F08FD8F8000054F8081C091A44F8081C9E
:10210000D8F8040054F8041C091A44F8041C0135DA
:10211000E2E756F8082C02FB09F1D8F8002002EBA0
:10212000212246F8082C56F8042C02FB03F1D8F8BB
:10213000042002EB212246F8042C01345C4506F110
:102140000806E6D1D2E7B2F5616F52DDA2F5616211
:102150006FF009000A2192FBF1FA00FB0A240FFA42
:102160008AF00E93F0F736FA0AF10105019028B2D1
:10217000F0F730FA05460AF15A0000B2F0F72AFAF1
:1021800003900AF15B0000B2F0F724FA019B039A76
:10219000C4F10A0C654303FB0C5544430E9B0A2112
:1021A00002FB0C4495FBF1F594FBF1F46D11641105
:1021B000002058459AD0B9F5807F57F830A0716853
:1021C000D8F800C01AD1B3F5807F17D10AFB04FEFE
:1021D00001FB15EE0CEBAE2C47F830C06143D8F88C
:1021E00004200AFB051102EBA122726001300836BF
:1021F000DFE7002AB8BF02F56162A9E7029A92B14F
:102200000AFB09F2594302FB04FE01FB15EE0CEB3D
:10221000AE4C614347F830C002FB0511D8F80420EA
:1022200002EBA142E1E70AFB04FE01FB15EE09FB0C
:102230000EFE61430CEBAE4C0AFB051147F830C0B3
:102240005943EBE71FB59DF81C400294069CCDE96D
:10225000003413460A460121FFF72CFF04B010BDDD
:1022600083680068181A01307047C3684068181AFC
:1022700001307047D1E90012C0E900127047C0E98F
:102280000012704730B50246D0E900540B46D1E940
:10229000000182E80300C3E9005430BD10B50446D4
:1022A000006828B1237C0BB1F1F790FB0023236079
:1022B0000023C4E9013310BD406870471FB50246D2
:1022C0000023C0B2C2F3072460F3070364F30F23B3
:1022D000C2F3074262F3174361F31F63184604B069
:1022E00010BD030A420902F4FC6203F4784313436D
:1022F000C0F3C400184482B080B202B0704700F44A
:102300007F020346C0B200F17F40104403F47F43D4
:1023100082B0184402B0704708B5EFF729FE0730C5
:10232000C0F3C70008BD00F47F0382B013FA80F049
:1023300002B0704707B5FFF7F6FF02460846FFF701
:10234000F2FF131A5842584103B05DF804FB431AD8
:10235000584282B0584102B07047002362F307032D
:1023600061F30F2360F3174382B0184602B0704741
:102370004FF6FF73DAB2002062F307001B0A63F323
:102380000F2082B040F47F0002B0704782B000207E
:1023900002B07047C178FF2912D011B9042200F0B1
:1023A000BBBF827812FB01F212128270427812FBDC
:1023B00001F212124270027812FB01F21212027044
:1023C0007047FF2910B40A461AD019B910BC02226E
:1023D00000F0A2BF01880378C1F3451103F01F0389
:1023E00011FB02F113FB02F309121B1243EA411322
:1023F0004178C90811FB02F1091243EAC1210180A9
:1024000010BC7047C0F30743C0F3072203EB8301FE
:1024100003EB410302EB8201C1EB011102EB41022C
:10242000C3EBC303C0B21344C0EBC00003EB800096
:1024300082B0C0F3072002B07047C0F34512C0F36A
:10244000C42302EBC20101EB011103EB830300F093
:102450001F0002EB8102C3EBC313C0EBC0001344A7
:1024600000EB40101844C0F307207047837803EB5B
:10247000830203EB4203427802EB8201C1EB0111BC
:1024800002EB4102C3EBC30313440278C2EBC20266
:1024900003EB8200C0F307207047C0F30743C0F38B
:1024A000072203EB830103EB410302EB8201C1EB43
:1024B000011102EB4102C3EBC303C0B21344C0EBF2
:1024C000C00003EB800082B0C0F3072002B0704769
:1024D000F0B5C2F1FF0C8646C1F30744C1F30723F0
:1024E00007460CFB04F4C0F30740CEF3072E0CFBA9
:1024F00003F3154600FB02440EFB0233CAB2FFB2DF
:102500000CFB02F207FB052248F28106803272437F
:1025100080337343C2F3C75280340020744362F3A4
:102520000700C3F3C75363F30F20C4F3C75485B048
:1025300064F3174005B0F0BDF0B585B0B0F17D4F44
:102540000091C2B2C0F30726C0F307454FEA1067F7
:102550004FEA11611BD2022F9DF800309DF8010057
:102560009DF802401ED9C7F1FF0C0CFB04F40CFBD4
:1025700000F00CFB03F305FB074407FB060007FB19
:102580000233C4F30725C0F30726C3F30722002054
:1025900062F3070066F30F2065F3174061F31F60D5
:1025A00005B0F0BD1A4606462546F0E72DE9F04194
:1025B0000446FFF781FE002607463546BE4205D198
:1025C000D5B92046BDE8F041FFF768BE3146204648
:1025D000EFF7A6FC294680462046EFF7A1FC03460C
:1025E000D8F800008268D20303D5F1F7EFF901367D
:1025F000E4E718600135FAE729462046BDE8F041D6
:10260000EFF71CBC38B5037D13F00105044607D174
:102610009B0705D5FFF7CAFF237D65F341032375AB
:1026200038BD2DE9F0470D4686B090460446002897
:102630003AD091F818A01AF0010A4ED107460FCFF0
:1026400001AE0FC63B683360237D03F0010743F002
:10265000010323752046FFF72FFE8146CA4522D08D
:102660002B7EDB071FD451462046EFF759FC02684A
:10267000136813B90AF1010AF0E79368D903F9D492
:10268000C3F3C0314145F5D133F4004302D0A9680A
:102690009942EFD15368EB601368284698472B7E28
:1026A00013F0020602D02FB101260AE0DA07E1D5C5
:1026B00027B106E02E7E16F0010606D001A8FFF72E
:1026C00075FF304606B0BDE8F087237D67F3000351
:1026D00023752046FFF796FFE6E70026F1E700683E
:1026E000704740687047806820F400407047006978
:1026F0007047C068704738B504464068C0B1036988
:10270000C3B12168984763685A68054652B1A36807
:1027100043B1013203D0D86808B1F1F757F9A06886
:10272000F1F754F90023C4E90033A360284638BD0B
:102730000B25FBE70925F9E737B504464068134642
:10274000002830D04268C56922B10DB1026A52B981
:1027500009200EE0002DFBD00A462168AC4603B0EC
:10276000BDE830406047012B08D0022B0BD013B1DD
:10277000002003B030BDA3689960F9E7A2689368B0
:102780000B449360F4E70A462168A8470028F0D17B
:1027900060682168036A01AA98470028E9D1A36804
:1027A000019A9A60E5E70B20E3E709B10368CA5094
:1027B000704711B1036819444A6070470331002320
:1027C00021F00301C0E901330160704738B50446C8
:1027D00000680830F1F704F9054680B1014600228F
:1027E0002046FFF7E2FF6268FFF7E3FF616811B17F
:1027F0002A46FFF7DAFFA368656003B9A56028469B
:1028000038BDF8B50E46054668B161B143689942D6
:1028100003D1BDE8F840FFF7D9BF00680830F1F7F1
:10282000DFF8044610B900242046F8BD2B68F7589D
:10283000024639462846FFF7BCFF3A462146FFF7D5
:10284000B4FF22463146FFF7B0FF32462146FFF77C
:10285000B0FFE9E738B5054600680830F1F7C0F881
:10286000044688B1014600222846FFF7A2FF214610
:10287000AA68FFF79AFFA96811B12246FFF799FFEE
:102880006B68AC6003B96C60204638BD38B50B4648
:1028900040B1D0E90014A3420AD10B445968416009
:1028A00009B9816038BD0022BDE83840FFF77DBF1F
:1028B00085685C58AB4209D184600CB94460F1E78B
:1028C00021460022BDE83840FFF773BF0B44214684
:1028D0005D682A46FFF76DFF22462946E4E7F8B512
:1028E0000E46054608B1446804B9F8BD2B68234478
:1028F0005F6846B928462146FFF7C8FF2046F1F732
:1029000065F83C46F0E72046B047FAE700B140687A
:10291000704700B180687047036819444868704781
:102920000368C8587047914270B50C4615461BD0D5
:10293000DAB10368D658A64216D02146FFF7A6FFA3
:1029400022463146FFF735FF32462146FFF72DFF7D
:1029500022462946FFF729FF2A462146FFF729FF8D
:1029600005B9846006B9446070BD08B18668E2E7C5
:102970000646E0E730B1436833B98068B0FA80F0CA
:102980004009704701207047002070470021FFF781
:10299000A6BF2DE9F74F0546002800F08680B0F568
:1029A000806F00F082805E1A0C9B9B1A01EB41083D
:1029B00006EB460603EB430302EB4207DA1BA6EBEA
:1029C0000809C6F58066009206FB00F209EBA22C0E
:1029D00000FB0CFC08EBAC2C00FB0CFCC3F580638B
:1029E000C0EBAC2C01930CF10103022B61D94FEA2F
:1029F000490B04464FF0080A02EB42020BEBA222FD
:102A0000624308EBA222531C022B0FD94FEAEC7150
:102A10008902D3174FEA8C2041EA9C51CDF7A4FCE0
:102A200020B1BAF1010AA4EB000424D1002D42DB4D
:102A3000B5F5806F41DC2C464FF48061002204FB29
:102A400006F309EBA323634308EBA3236343981224
:102A5000C5EBA3230133022B1DD98542CCBF2246EF
:102A600021468C1A04EBD47402EB6404A24212D007
:102A70009142E4DC0FE004FB06F209EBA22C04FB1C
:102A80000CFC08EBAC2C04FB0CFCC5EBAC2C0CF1E7
:102A90000103022BB0D8019B009A634302EBA323EE
:102AA000634307EBA3276743BD12284603B0BDE885
:102AB000F08F0446EFE70024EDE74FF48064EAE787
:102AC00010B58A4204461846029B04DBA2420EDD82
:102AD000A14204DB10BDA24209DAA142FADD1B1AB1
:102AE000641A5C43521A94FBF2F42044F2E718464D
:102AF000F0E75A3000B2EFF76DBD4B689A684A6054
:102B000002B111600A681A601AB9036099600B601B
:102B10007047906888420CBF93605360F6E78B68FB
:102B20005A688A6002B111600A681A601AB90360B3
:102B300059600B607047506888420CBF53609360C7
:102B4000F6E770B50C46D1E901512268002D2FD06F
:102B5000002929D00B4649680029FBD102B35168EE
:102B6000A1420CBF536093601A6899681E7B94421F
:102B700018D001B10A605160A5689D602B6025687E
:102B80001D60257B1D7365685D60012E2B6001D182
:102B9000EFF792FD25692046F0F718FF284670BD33
:102BA0000360E1E71A46EAE7237B29460A6002E070
:102BB000237B0029FAD132B15568A5420CBF516080
:102BC0009160012BE3E70160FBE70C22002100F09C
:102BD000A3BB10B5037AFF2B044602D00068F0F7C0
:102BE000F5FE20460C22BDE81040002100F094BB09
:102BF00070B5047A0368FF2C0ED003EB8405002027
:102C000084420ED800200BE0814203F1080303D177
:102C100063681360012003E018781C460028F3D194
:102C200070BD15F8016BB14202D153F82030F0E7C6
:102C30000130E5E7007AB0FA80F04009704790F97A
:102C400000200378002A0FDA03F0E002C02A0DD03A
:102C500003F0F002E02A0BD003F0F800A0F1F0033B
:102C60005842584180007047012070470220704749
:102C70000320704773B500230246019301B901A9EF
:102C80000B68D556D05C002D03F1010402DB0C600B
:102C900002B070BD00F0E005C02D0ED10C60125DD9
:102CA00002F0C004802C4CD1800100F4F86002F0E6
:102CB0003F02104402330B60EAE700F0F005E02D1C
:102CC00017D10C60145D04F0C005802D39D19D1C16
:102CD0000D60525D02F0C005802D32D1000380B23C
:102CE00002F03F02A401104404F47C642044033346
:102CF000E1E700F0F805F02D0C6022D1145D04F03E
:102D0000C005802D1DD19D1C0D60555D05F0C006D0
:102D1000802E16D1DE1C0E60925D02F0C006802E61
:102D20000FD180042403AD0100F4E01004F47C34DE
:102D300005F47C6502F03F0204431544281904336E
:102D4000B9E70020A4E770B50024054626468E4268
:102D500002D02B5D28190BB9204670BDFFF76FFF1D
:102D6000012838BF012054FA80F40136EFE773B52B
:102D7000002406460D460194019BAB4202D3204637
:102D800002B070BD01A93046FFF774FF0134F3E7CC
:102D900037B5002405460194019BEB5C13B920462E
:102DA00003B030BD01A92846FFF764FF0134F3E703
:102DB00018B3A0F59C43B3F5A44F1DD300F17F4396
:102DC00003F1FF135D2B17D9A0F54053FF2B13D947
:102DD000A0F53A537F2B0FD9A0F547532F2B0BD9D2
:102DE000A0F57E40A0F110030F2B05D930381F2825
:102DF0008CBF0020012070470120704773B50B681D
:102E0000013B06460B6004250C683019FFF717FFDD
:102E100030B101A930460194FFF72CFF02B070BD1C
:102E20002CB1013D013C15F0FF050C60ECD10020F8
:102E3000F4E7232903780BD113B9012303700BE0C6
:102E4000022B03D0013B5842584170470023F5E75D
:102E5000012B05D1202901D0012070470223EDE785
:102E600000207047F8B50F461946064615461C4621
:102E7000FFF700FF386020B1206800213044FFF7E1
:102E8000F9FE2860F8BD2DE9FF410F4690461E4629
:102E9000054620B90024204604B0BDE8F081002A90
:102EA000F8D00378002BF5D0002401940029F1D04C
:102EB000019BBB4203D3002CC8BFA41BEBE703AAB2
:102EC00002A9284601ABFFF7CDFFDDE9021240461B
:102ED000EBF724FD0028EBD004443444E8E72DE967
:102EE000F0430F4685B090461E46054620B90024A3
:102EF000204605B0BDE8F083002AF8D00378002B07
:102F0000F5D0002401948DF803400029EFD09DF8FE
:102F1000309009F0080916E001AB03AA02A928467F
:102F2000FFF7A0FFB9F1000F05D002990DF10300E2
:102F3000FFF77FFF38B9DDE902124046EBF7EEFC00
:102F400008B104443444019BBB42E5D3002CC8BF04
:102F5000A41BCDE72DE9F047089D80460F46144697
:102F600099460CB9264612E04FEA540A09FB0A7644
:102F700031464046A847002808DDE44304F0010438
:102F8000AAEB040A06EB09075446EAE7FCD13046EF
:102F9000BDE8F08770479A4238BF88547047704741
:102FA0002DE9F74F9946DDE9116313F0020C8046D5
:102FB0008B461746DDE90C54DDE90F129DF8380009
:102FC000CDF800C01DD103F0010C3EB1BCF1000FE3
:102FD00004D010B913F00C0F00D0013E4FF0300EAA
:102FE00002E005F804E00134944201D2202CF8D12B
:102FF000BCF1000F05D04FF0300CA64201D9202CB7
:103000001AD113F0100F14D013F4806F2ED1BCB16D
:10301000944201D0B44229D1621E11D0102943D16B
:103020009906A4F102047ED4782129553021A954AF
:10303000541C202C25D00CE005F804C00134DCE73A
:1030400010290DD1990635D478222A7030226A7061
:103050000224C8B32D222A55013413E06222F4E77A
:103060000229FBD030222A700124F2E7102923D153
:103070009A0656D4202C04D0621C78212955202A87
:10308000D4D120249B0738D03A4625441444A24288
:1030900037D1009B23B1D51BAE4207EB050439D8CD
:1030A000204603B0BDE8F08F0229BFD16221A954A8
:1030B0000132E4E75822C8E7022903D1202CE0D0EE
:1030C0002246F3E72246DAE7590701D52B22C2E769
:1030D0001A07D7D52022BEE74B4659462020C047C5
:1030E0000AF1010A019B564503EB0A02F4D8321B90
:1030F000B44288BF00223A44C7E73B1BA246019373
:10310000F0E702F1010A15F8010D4B465946C04798
:103110005246BCE74B46224659462020C04701355F
:10312000BAE7202CADD0621C5821A7E70F2A70B552
:103130000AD8013902440346934200D170BD11F808
:10314000014F03F8014BF7E700F0030301F003061A
:10315000B34204460D4600F0998001F12003154664
:10316000202D13F8206C04F1200403F120030DD866
:10317000531E23F01F03C418013B0B44024413F8F1
:10318000011F04F8011B9442F9D1D7E704F8206C21
:1031900013F83F6C04F81F6C13F83E6C04F81E6CB7
:1031A00013F83D6C04F81D6C13F83C6C04F81C6CAF
:1031B00013F83B6C04F81B6C13F83A6C04F81A6CA7
:1031C00013F8396C04F8196C13F8386C04F8186C9F
:1031D00013F8376C04F8176C13F8366C04F8166C97
:1031E00013F8356C04F8156C13F8346C04F8146C8F
:1031F00013F8336C04F8136C13F8326C04F8126C87
:1032000013F8316C04F8116C13F8306C04F8106C7E
:1032100013F82F6C04F80F6C13F82E6C04F80E6C76
:1032200013F82D6C04F80D6C13F82C6C04F80C6C6E
:1032300013F82B6C04F80B6C13F82A6C04F80A6C66
:1032400013F8296C04F8096C13F8286C04F8086C5E
:1032500013F8276C04F8076C13F8266C04F8066C56
:1032600013F8256C04F8056C13F8246C04F8046C4E
:1032700013F8236C04F8036C13F8226C04F8026C46
:1032800013F8216C04F8016C203D69E7F3B1C3F138
:103290000403C418034615F8011B03F8011BA342DD
:1032A000294602F1FF3201D0002AF4D1202A01F18F
:1032B000200503F120040BD801391A4493423FF44E
:1032C0003DAF11F8014F03F8014BF7E70346EDE777
:1032D00055F8203C44F8203C55F81C3C44F81C3C74
:1032E00055F8183C44F8183C55F8143C44F8143C84
:1032F00055F8103C44F8103C55F80C3C44F80C3C94
:1033000055F8083C44F8083C55F8043C44F8043CA3
:10331000203A23462946C9E710F0030310B40BD026
:10332000C3F1040342B1034400F8011B984202F1C7
:10333000FF3201D0002AF7D101EB012303EB014357
:1033400003EB0163202A00F1200402D810BC01F035
:1033500041B844E9083344E9063344E9043344E915
:103360000233203A2046EDE7884210B402D38B188E
:10337000834202D210BCFFF7D9BE884207D8421E52
:103380008B420AD011F8014B02F8014FF8E7531EA7
:10339000194403449A1A934201D110BC704711F8A2
:1033A000014903F80149F6E7CDF75AB810B50023F3
:1033B00004461046834201D0CA5C4AB9C21A83420D
:1033C00088BF00220021E01801F004F8204610BD5B
:1033D000E2540133EEE7421E11F8013B02F8013FCF
:1033E000002BF9D17047431E013913F8012F11F852
:1033F000010F0AB18242F8D0101A704770B5064624
:10340000FFF7D2FF451C2846F0F7EAFA044618B148
:103410002A463146FFF78AFE204670BD10B51C22B1
:1034200004460021FFF778FF2046BDE8104000F079
:1034300044B970B5044640680D4608B1FFF7F9FF7E
:10344000236823B129462046BDE87040184770BD67
:1034500070B50E68336805460C4633B196F82220E5
:10346000D20602D50B60FFF7F3FF266021462846FF
:10347000BDE87040FFF7DDBF08B528B1DFF734FEC7
:10348000BDE80840E1F7ECB8E0F7F0FDF8E738B543
:103490000546FFF7F1FF044640B12846DFF78AFBF7
:1034A00029462046BDE83840FFF7D2BF38BD10B5E9
:1034B0000446F0F72FFB001B10BD8165DDF7ECBF64
:1034C0004165DDF7E9BF91F85C30DB0610B50C46CD
:1034D00002D4C86AF0F77AFA0023E36210BDF7B5A8
:1034E0000C46022C0546194610460A9E9DF82C7083
:1034F000DDE9082312D10097FFF7F1FC04463046BE
:10350000FEF7AEFE04EBD4742B6800EBD0706410B1
:10351000C4EB600423442B6003B0F0BD032CFBD14B
:103520000097FFF7DCFC04463046FEF799FE2B6857
:10353000001B0344EFE7022A02D0032A0ED0704793
:10354000436B002BDCBF4B6B43634B6C43640B6CD6
:1035500003640B6903618B6B83637047436B002BC0
:10356000DCBF4B6B43634B6C43640B6C03640B69B4
:1035700003617047436B013330B500D130BD00F1BA
:103580002F04002314F8011F31B1C26A456B1A449D
:103590000133042B5155F5D14FF0FF334363EDE771
:1035A00007B55C220021DFF7F7F903B05DF804FBF3
:1035B00007B55B220021DFF7EFF903B05DF804FBEC
:1035C00007B55A220021DFF7E7F903B05DF804FBE5
:1035D00037B590F85C30C3F340145A064FEAC40480
:1035E0004FF001024FF0000148BF44F001040546CE
:1035F000DFF7D2F96FF04043984201900ED10522D7
:1036000000212846DFF7C8F96FF06043984205D1E2
:1036100095F82B301B0758BF44F00204204603B036
:1036200030BD00F0C043B3F1005F17D120F0C043BC
:103630006FF06042934211D0B3F1805FA2BFC3F13B
:103640007F6303F57F2303F6FF734B43642093FBF3
:10365000F0F08842A8BF084620EAE07070470023D7
:10366000C1E90B3391F8343023F00303084681F8A5
:1036700034300221DDF70CBA0023F1F7C7B808B5E2
:1036800000F01DFD4FF47A72A0FB020302FB013330
:10369000C00B40EA434008BD7FB50BAB05930393D5
:1036A0000A9B02930023CDE900331846D0F7A2FB12
:1036B00007B05DF804FBF1F74FBC1FB51C220021D9
:1036C000044600F087FE01A8F1F72AFC029A01994E
:1036D000642353430A44B3FBF2F32376039B6361F1
:1036E00004B010BD37B504460068E0F7EDFF0546AD
:1036F0002068FAF727FD80F00100A074286862694D
:10370000836800929D68E288A18804F10803A847B5
:10371000206803B0BDE83040FAF711BD38B5054662
:10372000FEF7E5FF04462846FEF7E3FFE0F7CCFF8F
:10373000C368DA0605D5002323608388013BA360B4
:1037400038BD236823F007032360A36843F0070311
:10375000A360C368DB07F3D5636823F007036360E6
:10376000E36843F00703E360EAE730B50D888C882F
:103770008B68C9680133013187B05B1B091B9BB2A1
:1037800089B2009001FB03F0400002906846ADF85A
:103790000450ADF80640ADF80C30ADF81030ADF87F
:1037A0000E100592FFF79EFF07B030BD30B50D88B3
:1037B0008C888B68C9680133013187B05B1B091B9A
:1037C0009BB289B2009001FB03F000EB4000ADF822
:1037D0000C30ADF81030ADF80450ADF80640029052
:1037E000ADF80E1005921346D91C9B1A834204D3E0
:1037F0006846FFF777FF07B030BD11F8033C11F8BA
:10380000014C01F8034C01F8013C0B46ECE730B5E4
:103810000D888C888B68C9680133013187B05B1BC8
:10382000091B9BB289B2009001FB03F0800002905B
:103830006846ADF80450ADF80640ADF80C30ADF870
:103840001030ADF80E100592FFF74CFF07B030BDF9
:103850000020704708B5F1F707FC002008BD70B4E0
:1038600003460C46DA8800681979224305698668A0
:103870002B6801248C4012F0010F14BF2343A34393
:103880002B60336870BC184737B50C4605698368F0
:1038900001A95B68984748B9019B2A685A400123EF
:1038A00003FA04F10A4214BF1846002003B030BDE9
:1038B0006FF08500704708B500F001FC4FF47A7294
:1038C000A0FB020302FB0131C00B40EA4140C90BDF
:1038D00008BD6FF0850070477FB50BAB0593039370
:1038E0000A9B0293099B0193002300931846D0F78B
:1038F00081FA07B05DF804FB03460A4600681979AF
:10390000012303FA01F103691B68194218BF82F011
:10391000010212B18368DB68184783681B69FBE703
:1039200000213030FFF7E8BFF2F798BE014640F2C1
:10393000E73008B54FF47A72002300EBC130491428
:10394000CCF762FDBDE8084000F037BB00F06BB972
:10395000F0B403460A461979DB8800681343DC0299
:103960008768066906D513F4402F03D0DA0748BFED
:1039700083F44023346801258D4023F48012DB0753
:103980004CBF2C43AC4334603B68F0BC18477FB558
:103990000BAB059303930A9B02930023CDE90033FD
:1039A0001846D0F727FA07B05DF804FB03460A462D
:1039B00000681979012303FA01F103691B681942B0
:1039C00018BF82F0010212B18368DB681847836870
:1039D0001B69FBE74FF4A470002100F0EEBAF7B5C5
:1039E00004460126A06A94F82C500769836801A94F
:1039F0005B68984740B93A68019B06FA05F5534061
:103A00002B4201D103B0F0BDFFF7E4FFEAE72DE957
:103A1000F04104460F46442115461E46BDF8188065
:103A2000F1F76EFFC7F3C7012046F1F799FFC6F320
:103A3000C7012046F1F794FF20464521F1F760FFCA
:103A4000E9B22046F1F78CFF290A2046F1F788FFFA
:103A50005FFA88F12046F1F783FF4FEA18212046EC
:103A6000BDE8F041F1F77CBF70B504460E464E212B
:103A70001546F1F745FFC6F3C7012046F1F770FF81
:103A800020464F21F1F73CFFE9B22046F1F768FFED
:103A9000290A2046BDE87040F1F762BF2DE9F843DE
:103AA0000C462421154606461F46F1F729FF073527
:103AB000ED104FF00008B8450BD1BDE8F88314F8BD
:103AC000011B3046F1F74CFF4C45F8D108F10108D5
:103AD000F1E704EB0509F7E710B522210446F1F7F9
:103AE0000FFF2046F721F1F73BFF20462021F1F799
:103AF00007FF2046BDE81040FFF771BF10B5222137
:103B00000446F1F7FDFE2046FF21F1F729FF20468C
:103B10002021F1F7F5FE2046BDE81040FFF75FBF1A
:103B200037B5428E038E013A92B20092013B0022D9
:103B30000D469BB211460446FFF769FF002211466D
:103B40002046FFF791FF2046638E228E2946FFF71D
:103B5000A5FF204603B0BDE83040FFF7BDBF2DE90B
:103B6000F347BDF82890DDF82CA009F1FF341E467C
:103B700014444B1E3344A4B205460F4690469BB2F4
:103B80000094FFF744FF424639462846FFF76CFF92
:103B90004B4632465146284602B0BDE8F047FFF793
:103BA0007DBF10B50B46446810220021184600F076
:103BB00011FC228E0280628E4280042242600273D7
:103BC0000622826010BD73B54468069D51EA02006A
:103BD0000AD15E68206B864206D129462046FFF74F
:103BE0009FFF002002B070BD0195D88800909B888F
:103BF0002046FFF7B4FF2046FFF780FFF1E77FB5CF
:103C00000BAB059303930A9B02930023CDE900338A
:103C10001846D0F7EFF807B05DF804FB08B1D2F70B
:103C2000E9BC7047704740B1C368587810F0010094
:103C30001EBF1878B0FA80F0400970477FB50BAB13
:103C4000059303930A9B02930023CDE900330122DD
:103C50001846D0F7CFF807B05DF804FBEFF31183F7
:103C6000202383F31288BFF36F8FFEE710B5D0E9EE
:103C7000003433B90020E268537843F001035370F5
:103C800010BD204698470028F4D00028B8BF404215
:103C9000E368FF28A8BFFF201870ECE700F09ABB8C
:103CA00000F070BB70474169836843EA010212F07B
:103CB00003020FD1C2600269013A01FB023382683C
:103CC0009A4201D900207047C2681A604269C360F5
:103CD0009B1AF4E76FF01500704710B5C0E9043285
:103CE0000023816083610446FFF7DDFF0028A8BF41
:103CF000C4E9004410BD2DE9F04105460F46EFF33D
:103D00001188202383F31288BFF36F8FC668FEB932
:103D10000468A0421CD0DCB1D4E9003213605A60C0
:103D2000637BA66023F002036373C4E9006604F1B9
:103D3000180000F09FF92046C4F8B060676100F0F9
:103D4000DDF8414605F10800BDE8F041F3F7F2B8AF
:103D50003E60AB69EF60013BAB6188F31188BFF354
:103D60006F8FBDE8F08108B52024EFF3118384F351
:103D70001288BFF36F8FF5F7A3FCF6E7D0E90032A6
:103D800013605A60427B002322F00202C0E9003334
:103D900042738360704790F90E308B4201D0F3F785
:103DA0007BB80020704703460020C3E90200C3E946
:103DB000003370475AB18A4209D300F11003C0E9B9
:103DC0000212C0E90000C0E90433002070476FF020
:103DD00015007047026801238B4022EA0303036049
:103DE00022FA01F000F00100704720B100221146D4
:103DF000C03000F0FBB8704738B504460D461022BD
:103E0000002100F0E7FA656038BD13B5019008465F
:103E1000EFF31184202383F31288BFF36F8F01A97E
:103E2000F2F7A2FD84F31188BFF36F8F02B010BDCB
:103E300010B5FFF7EAFF041E08DDEFF31180202321
:103E400083F31288BFF36F8FF3F786F8204610BD17
:103E5000EFF30580003818BF0120704790F90E007D
:103E600070477830704710B500238B4202D1136041
:103E7000002010BDC45CAA2CF9D10133F5E70A4635
:103E8000D0E92601FFF7EFBFD0E9003213605A6096
:103E90000023C0E90033704708B5FFF7F5FF437B07
:103EA00023F0020343730023836008BD38B5044642
:103EB0000D46F2F753FF637B43F002036373E5B1F2
:103EC000A5602B689D4209D16B68C4E900531C6052
:103ED0006C6012E06A689A42F6D01B68002BF3D03F
:103EE00094F90E2093F90E108A42F3D09142F1DD3D
:103EF0005A68C4E9003214605C6038BD10B5EFF355
:103F00001184202383F31288BFF36F8FF2F7DEFE54
:103F100084F31188BFF36F8F10BD08B5EFF31181E3
:103F2000202282F31288BFF36F8F83680BB1FFF7F3
:103F3000B3FF81F31188BFF36F8F08BD10B5014641
:103F4000EFF31184202383F31288BFF36F8F437B39
:103F500013F0280F0AD183680BB1FFF79DFF4B7B4D
:103F600023F004034B730846F2F7B0FE84F3118884
:103F7000BFF36F8F10BD01211838FFF7DFBF08B501
:103F80000346EFF31181202282F31288BFF36F8F73
:103F90000068834207D008B1FFF77EFF81F31188E4
:103FA000BFF36F8F08BD0020F8E710B5FFF7B5FF2E
:103FB000BDE81040183000F05DB838B50C46054635
:103FC000F3F772F8B4F1FF3F08BFB5F1FF3F1FBF31
:103FD00047F6FF7300224FF47A71C0FB01321ABF1B
:103FE000D80B40EA42404FF0FF3038BD38B5EFF310
:103FF0001185202383F31288BFF36F8F0468A042DA
:1040000013D0A4B1C4F8B01062612046FFF744FF9A
:1040100004F1180000F02EF82046F2F757FE0120B8
:1040200085F31188BFF36F8F38BD0020F8E7204675
:10403000F6E7002383F31188BFF36F8F022318463E
:1040400002DF10B5F3F73CFA0446F3F741FA74B116
:10405000D4E904321B1A62EBE072B3F1004F72F143
:10406000000104DA002AACBF1846002010BD6FF032
:104070000040FBE738B50246EFF31185202383F3B8
:104080001288BFF36F8F036893B1F3F719FA0446F0
:104090001046F3F727FA844204D1FFF7D2FF00213C
:1040A000DBF77CF9002085F31188BFF36F8F38BDF3
:1040B0006FF01500F7E708B5F3F704FB08BDF3F759
:1040C00001BB0023C0E9081200F11802C0E9062272
:1040D000C0E9003303634363704710B50446FFF73C
:1040E000C9FFA8B9636A0BB12046984704F11800CC
:1040F000FFF745FF60B1FFF701FFEFF311802023C9
:1041000083F31288BFF36F8FBDE81040F2F724BF2E
:1041100010BD1423F0B503FB010000244FF48B768F
:10412000202701B9F0BD10F8073C40F80C4C03F013
:104130003F03082BA0F1140C0CD826FA03F3DB077D
:1041400008D550F8143C2BB150F8105C2B605D6022
:1041500040E9054482F31188BFF36F8FEFF31182BA
:1041600087F31288BFF36F8F01396046D9E770B5C6
:10417000D0E90034984209D044B1A568EDB115F9F1
:10418000526C12F9525CB54208D007DDC1E9000457
:104190002160416010E0A342F8D01B68002BF5D0ED
:1041A0009A6862B112F9522CAA42F4D0F3DD5A682F
:1041B000C1E900321160596070BDAB7BFFDE937BBB
:1041C000FCE72DE9F84F00258B4614469A46014638
:1041D0002E464FF020082F465D4502DB3046BDE8F5
:1041E000F88FEFF3118988F31288BFF36F8F4B7B41
:1041F00003F03F03013B072B0DD8DFE803F01D045C
:104200000C090C0C0C230B699B6823B102231EE0E4
:104210000B691B685BBBBAF1000F21D12378FBB19E
:104220004B7B03F03F03013B072B27D8DFE803F06C
:10423000292126212626262C0B699B68002BEAD0F3
:10424000012304E00B691B6A002BE4D01023CA6829
:104250008F60C2F38630034363F39432CA602770E1
:1042600089F31188BFF36F8F01351431B4E704234C
:10427000EDE7086922461030FFF779FF8C600136C0
:10428000EEE708692246F7E7086922462430F3E79B
:104290002DE9F041846805460E46ECB16378012BA8
:1042A00025D114F8533C9A0714D5A4F16007384679
:1042B000FFF77BFE082E0CBF6FF00303002323657E
:1042C00014F8533CDB0605D154F8483C13B9384682
:1042D000FFF714FE00232370EB68C3F38632164306
:1042E000002066F39433A860EB60BDE8F081022BF8
:1042F000F0D12378002BEDD054F8048CB8F1000FE6
:10430000E8D004F11400FFF7B5FEA4F11407002370
:10431000E36239464046FFF778FDDBE710B552050A
:10432000090201F47C5102F400120A43017B0024CB
:104330000A43C0E90323846010BD10B50346EFF3C0
:104340001184202282F31288BFF36F8F00688342AA
:1043500008D0D0E9003213605A600023C0E900336E
:10436000FFF796FF84F31188BFF36F8F10BD002312
:104370008360704710B400F10C04C0E9034410BC22
:10438000F4F7D5BB0A44914200F1FF3300D17047E6
:1043900010B511F8014B03F8014F9142F9D110BD4E
:1043A000884210B501EB020402D98442234607D8A3
:1043B000431EA14208D011F8012B03F8012FF8E7A2
:1043C000024401468A4200D110BD13F8014D02F8A3
:1043D000014DF7E702440346934200D1704703F8CA
:1043E000011BF9E7C9B20346184613F8012B12B1B5
:1043F0008A42F9D17047002918BF0020704710B5D4
:104400006AB10139841810F8012B11F8013F9A4262
:1044100003D1A04201D0002AF5D1D01A10BD104618
:10442000FCE710B50139044632B111F8013F00F83C
:10443000013B013A002BF7D10021FFF7CBFF2046CB
:1044400010BD10B5024601448A42134603D01C78C1
:104450000132002CF8D1181A10BDF0B5C3F137079E
:104460000446FFB203F01F031046082BE6B233D018
:10447000102B3ED06508A40844EA817445EAC17552
:104480002D194FEA910242EB5102290941EA0271CA
:104490006D1842EB1212290A41EA02616D1842EBD3
:1044A0001222290C41EA02416D1842EB1242AD186A
:1044B00042F10002EC0844EA4274D10804EB8402A1
:1044C000A6EB4205EDB2092D0CD90134A5F10A0580
:1044D00041F10001EDB212E0E40844EA417406F053
:1044E0000705C908303554EA010200F8015BBCD168
:1044F000F0BD240944EA017406F00F050909092DED
:1045000084BFED19EDB2EDE7014800687047000087
:10451000B85A002028BFFC7F01000000B1650000F0
:104520000000000059E10000B445030055380300C5
:10453000000000006D6302000000000055790200D9
:1045400000000000C9E40000E4450300C9E40000E5
:10455000CC450300BBB002000000000039F20000AF
:10456000000000004B8E0200000000003D660000CD
:10457000000000001164000000000000BFB0020055
:1045800000000000797902000000000015E800003A
:10459000FC4503005151020014460300E55D020092
:1045A0002C4603005974000044460300094B0200E6
:1045B0000000000064C40300945B03005C49030036
:1045C000E8060020146C0020885B030093C40300FD
:1045D000B85B030030490300EA060020686C002045
:1045E000AC5B0300A7C40300DC5B0300304903009D
:1045F000EC060020746C0020D05B03007FC6030033
:10460000045C030054490300EE060020440500202A
:10461000F45B03005D2D0400D4620300106303000B
:10462000F006002088E50020C8620300C82F0400BF
:104630003063030068630300F2060020E6E8002010
:10464000246303001DC00300BC5903007849030024
:10465000E6060020785B0020B059030065F80000F2
:10466000D1B0020000000000AB9602000000000084
:10467000AB96020000000000AB96020000000000B4
:10468000AB96020000000000AB96020005FF0000A0
:10469000D1B0020000000000AB9602000000000054
:1046A000AB96020000000000AB9602000000000084
:1046B000AB96020000000000AB9602000000000074
:1046C000AB96020000000000AB9602000000000064
:1046D000AB96020000000000AB9602000000000054
:1046E000AB96020000000000C9F2000000000000CC
:1046F000AB96020000000000AB9602000000000034
:10470000AB96020000000000AB9602000000000023
:10471000AB96020000000000AB9602000000000013
:10472000AB96020000000000AB9602000000000003
:10473000AB96020000000000AB96020000000000F3
:10474000AB96020000000000AB96020000000000E3
:10475000AB96020000000000AB96020000000000D3
:10476000AB96020000000000AB96020000000000C3
:10477000AB96020000000000AB96020000000000B3
:10478000AB96020000000000AB96020000000000A3
:10479000AB96020000000000AB9602000000000093
:1047A000AB96020000000000AB9602000000000083
:1047B000AB96020000000000AB9602000000000073
:1047C000AB96020000000000AB9602000000000063
:0C47D000AB9602003D070100D1B00200D2
:1047E000B009002000E9002000100000F9070000D7
:1047F00000000000000000000000000004000000B5
:1048000000000000A9660300000000000000000096
:10481000A00A002040F9002000100000E90E00006E
:104820000000000000000000000000000300000085
:1048300000000000FC680300000000000000000011
:10484000E00C002080090120001000008D14000001
:104850000000000000000000000000000200000056
:1048600000000000156D03000000000000000000C3
:10487000D00D0020C01901200010000061180000B8
:104880000000000000000000000000000200000026
:1048900000000000C5700300FFFFFFFFFFFFFFFFE8
:1048A000880E0020002A012000100000B12800001E
:1048B00000000000000000000000000004000000F4
:1048C0000000000052780300FFFFFFFFFFFFFFFF23
:1048D000400F0020403A012000100000212B000072
:1048E00000000000000000000000000001000000C7
:1048F00000000000887A03000000000000000000B3
:10490000F80F0020804A01200010000059300000FC
:104910000000000000000000000000000500000092
:1049200000000000817C0300000000000000000087
:104930005DE500003FAE02004DAE020065AE020034
:1049400071AE02007DAE0200C9E3000097AE020026
:1049500000000000FDEA000005B00200B1E1000027
:10496000ADAD02000DAE0200000000004BAD020034
:104970000000000000000000A57200007970000037
:104980002D70000059710000517200006173000029
:10499000287B030003000000BA6603000300000048
:1049A0004D6703000300000090A603000300000011
:1049B00085C4030003000000E7BA03000300000001
:1049C0009067030003000000126903000300000069
:1049D0007569030003000000CAA60300030000007D
:1049E000CEA60300030000001D6B030003000000BF
:1049F0002C6D030003000000D470030003000000CE
:104A00005CBC0300030000004F2A04000300000008
:104A1000FF730300030000008BBA030003000000D3
:104A20006878030004000000A130040003000000C7
:104A3000662D040004000000F4BA03000300000027
:104A400096780300030000009DC6030003000000E9
:104A5000BF2E040003000000D22F0400030000005A
:104A6000AC7A0300030000003EC003000300000016
:104A70006FBF0300030000009A7C030003000000E6
:104A80002C540300745500207BA703000100000094
:104A9000A4550300AC540300EC540300405503003C
:104AA0007C55030058540300B855030068550300B3
:104AB0005455030090550300000000000000000062
:104AC000000000000000000000000000B8A7030084
:104AD000BFA7030000000000194300000000000011
:104AE0004AA9030054A90300000000009D430000F0
:104AF0000300000073A903007AA903006C540300AB
:104B00009B8F020000000000EEA70300507C030012
:104B1000000000003543000002000000D9700300CF
:104B2000A6A90300584B030000000000000000008D
:104B300077A803007EA80300000000001107000012
:104B400001010000D5A80300DDA80300000000005B
:104B5000854300000000000000000000000000008D
:104B600000000000000000000000000095AA030003
:104B70009AAA030000000000194400000000000091
:104B80003BAB030042AB0300000000002D450000DA
:104B90000000000000000000000000000000000015
:084BA00000000000000000000D
:104BB000C0060020B0060020B00600200000000063
:104BC000C806002000000000297803002F780300A9
:104BD000367803003F7803004A780300010000E0C4
:104BE000010000E0010000E0010000E04D190300B9
:104BF0000000000085190300AD190300000000004B
:104C0000E5190300DF300400000100001B5B4A00CF
:104C1000001B5B6D00001B3700001B3800001B5B96
:104C20003F336C00001B5B4800001B5B324A0000F6
:104C30001B3700001B3800000000000000000000CF
:104C4000000000000000000000C194C1000000004E
:104C5000000000001100800003FFFF0F000200F8B9
:104C6000FFFFFF0100030000000900060100000033
:104C70000338FDD870470000E44503000B00110025
:104C8000E44503000C001100E44503001800110086
:104C9000E445030019001100CC4503000100110098
:104CA000E44503001C001100E4450300040011006A
:104CB000810C0000750C0000690C00005D0C000008
:104CC000510C0000450C0000390C0000FD8302006F
:104CD000F5830200ED830200E5830200DD8302001C
:104CE000D5830200CD830200E44503000D000100DE
:104CF000E44503000E000100E44503000F0001003D
:104D0000E445030010000100CC450300020001004F
:104D1000CC45030007000100CC4503000900010059
:104D2000D00D0020880E0020400F00202C7B0300B7
:104D3000A07A03003F7803004A780300A67A0300B4
:104D40002978030075EC010065EA0100000000000D
:104D5000280000000900000000FD0200684D03006B
:104D60000000000000000000C47C03009C4D030014
:104D7000884D03007C4D030010000102B27C03004B
:104D8000A97C030009000000200000005F00010072
:104D90000000000000000000000002000000000011
:104DA000000000000000F0080101000001005009AF
:104DB000031A03000B00900B0709021313003016AF
:104DC000131A020051004014102302FC9700601ACD
:104DD000171A0200E2006016141A0200230150069E
:104DE000030802132601500C092702F75201900C08
:104DF000092701F77E01800F0F0F010B9B01701433
:104E000012140102C8011007050900FBCE01F009C8
:104E10000903010AD201800904040300D401E00E51
:104E20000E1D00FD07024014101A02003B02401440
:104E30000A1A02005C024014111A02009402401483
:104E4000101A0200C8024014131A0000060340148E
:104E5000101A03003A034014101A02006E034014A3
:104E6000111A0100A6034014101A0200DA034014BC
:104E7000101A02000E04C008041402001804A0074F
:104E8000051901FB280450120F1001044604C01339
:104E90000F0A03075904D0120F10020477040011FF
:104EA0000E1A0100A50450201D2202F821058017CA
:104EB000161A010069057016111A0300A105701772
:104EC000131A0200DF05A017121A03001A06701445
:104ED000111A03005206E013101A03008606801808
:104EE000141A0200C706B019131A03000507D009E7
:104EF000031A03000F07E013101A0100430790166E
:104F0000131A030081076013101A0300B507701FFE
:104F1000191A03000708B019141A03004808C0182A
:104F2000141A02008908B016121A0300C408C01827
:104F3000141E02FC0F093016121A03004A096015EC
:104F4000121A010085098015141A0100C60960179C
:104F5000121A0200010AF016151A0100460AF01F83
:104F60001E1A0100A80A9016151A0100ED0AA015D4
:104F7000151A0000320B9015121A02006D0B9009E1
:104F8000072403FA8D0BD00E0E1D01FDC00B9009F6
:104F9000072400FAE00B100F0D0D010DF60B401069
:104FA000100301FDFC0B200B07060117020C9013E8
:104FB000101402002A0C3014101C0200620CE012C3
:104FC000101402008A0C5014101C0200C20C1013A2
:104FD00010140200EA0C800C0C1C0100140D30149B
:104FE000101C02F84C0DD0130F1C0200810DC008DC
:104FF000041A02008E0DA0080822FEF8B00D40121F
:105000000F1C0200E50DC008031C0300F00D901FEB
:105010001B140200340EE0130F1402005A0E9014F9
:1050200011140200850E3014101C02F8BD0E70140D
:10503000101C02F8F50E300C091402000C0F90122F
:105040000F140200320FC00B0B190000550FE013B4
:105050000F1402007B0F701110140100A30F101B1E
:1050600019140100E20FE011101401000A101011D0
:10507000111C00F84610E0110F1402006C10300CE7
:105080000B2401F99E10D008032003FAAA10300C5B
:105090000B2300FADB1080181407020775EC0100DF
:1050A00065EA0100000000002D000000090000007A
:1050B00000FD0200C05003000000000000000000DE
:1050C000CC8D0300F4500300E0500300D4500300E3
:1050D00010000102BA8D0300B18D03000900000029
:1050E000200000005F000100000000000000000040
:1050F0000000020000000000000000000000700A34
:10510000010100000100800B071E02001C00600D61
:105110000B0B01152C00A018171E0100830040186E
:10512000142802FCE700201F1B1E02004D01001C7A
:105130001B1E0100B301A006050B0115BA01C00E2C
:105140000B2B03F7F601D00E0C2B01F7370250138F
:105150001313000B6502B016141701029F02D00A48
:10516000070D01F8AB02C0110C05030BB302700C64
:1051700007060200B902200F0F2100FDF7024018B8
:10518000141E0200420340180D1E03007303401852
:10519000151E0100C2034018151E0100110440181D
:1051A000161E010064044018141E0200AF044018CB
:1051B000151E0200FE044018151E01004D05401882
:1051C000141E020098054018141E0200E305400C4E
:1051D00007170200F805900B081F01F81706701555
:1051E0001214010344066018130E03066606A01588
:1051F0001214020393063015131E0100DB06A025CE
:10520000222702F78107601C1C1E0000EA07F01A23
:10521000161E02003D08801B181E02009708401B46
:10522000171E0200EE089017151E02003D09001718
:10523000141E02008809A01C181E0200E209901D1D
:10524000181E02003C0A800C061E0300530A901729
:10525000141E01009E0AD01A181E0200F80AC01679
:10526000141E0200430BD024201E0200BB0B901D15
:10527000181E0200150C001D1A1E0200770C301BB0
:10528000171E0200CE0C001D1A2302FB400D201B2E
:10529000171E0200970D101A171E0100EE0D401A7E
:1052A000191E01004C0ED01B171E0200A30EA01BDE
:1052B0001C1E00000C0FA024231E0100900FC01A1A
:1052C0001A1E0000F20F301A1B1E00005810901911
:1052D000171E0100AF10C00B092B02F9E010D0110E
:1052E000132100FD2F11C00B092B00F96011A01232
:1052F000110F010F8011A012130500FB8C11100E6D
:105300000B06011A9511601614170100CF11A01792
:10531000142002001F12E015141701005912A017E3
:1053200014200100A912D01614170100E312200F57
:105330000F2001001F131018142001F76F13A0177E
:1053400013200200BB13500B07200200D713300BB1
:105350000C29FDF71514B016152002006914500B26
:10536000062002008114402420170200DD14A0173B
:10537000131702001415B017151701005115A017C7
:10538000142002F7A115A017142001F7F115A00FA2
:105390000D17020017169015131701004E16500E28
:1053A0000E1D01008116A01713170200B8168015F4
:1053B00016170000F816B01E1D1701004C178015B7
:1053C0001517000089177015162000F7E1178015D2
:1053D000131701001818C00D0D2800F95918B00A4C
:1053E000042404FA6B18C00D0C2801F9A718E01A60
:1053F000170A0208318F02000000000000000000C0
:1054000000000000000000005BA7030063A703008A
:105410000000000000000000000000006BA7030077
:105420006FA7030073A7030077A70300454200009E
:1054300000000000694200002D4200000000000052
:1054400039420000000000009D4200007C55002011
:10545000C3E70020010000008BA7030092A7030010
:10546000B84A030000000000000000007054030070
:1054700082A9030087A90300000000009B8F02009F
:105480000000000094A9030099A903000000000097
:10549000A38F0200000000000000000000000000D8
:1054A0000000000000000000000000008BAB0300C3
:1054B00092AB0300C0540300000000000000000095
:1054C000C454030095AA0300A2AB0300000000002F
:1054D0001D46000000000000000000000000000069
:1054E0000000000000000000000000001CAD0300F0
:1054F00023AD030000550300154700000202000021
:1055000004550300E5AD0300EAAD03000000000010
:10551000D94700000502000022AE030027AE0300B9
:1055200000000000D14A000002010000000000005D
:10553000000000000000000000000000000000006B
:1055400027B003002CB0030000000000C94B00008E
:105550000100000026B103002DB10300000000008F
:10556000415100000100000057B103005EB103008B
:10557000CC550300E15100000101000003B203001B
:105580000BB2030000000000015100000100000008
:105590001CB2030022B20300F85503000000000013
:1055A0000000000048B203004EB2030000000000FB
:1055B000AD510000010000005CB2030060B20300C6
:1055C00000000000B594020000000000D055030068
:1055D00083B203008BB2030000000000655000009E
:1055E00001000000000000000000000000000000BA
:1055F0000000000000000000FC550300CFB20300D3
:10560000D8B2030000000000A55000000100000017
:10561000F5B2030004B303009C5603000000000031
:1056200000000000B4B30300BBB30300DC57030069
:105630000000000000000000D2B30300D8B3030054
:105640009C5703000000000000000000EFB30300BF
:10565000F6B303005C5703000000000000000000E8
:1056600005B403000AB403001C5703005D51000099
:10567000010100001DB4030023B40300DC56030045
:10568000000000000000000000000000000000001A
:10569000000000000000000000000000A056030011
:1056A00035B403003FB40300000000004D95020034
:1056B0000100000077B403007EB403000000000086
:1056C0000995020001000000000000000000000039
:1056D000000000000000000000000000E056030091
:1056E000B5B40300BBB4030000000000B99402008D
:1056F00001000000E9B40300EEB403000000000064
:1057000091500000010000000000000000000000B7
:10571000000000000000000000000000205703000F
:10572000B4B003001AB50300000000006F9502003A
:10573000010000007EBE030059B503000000000018
:10574000D5950200010000000000000000000000EC
:10575000000000000000000000000000605703008F
:10576000B4B003006CB5030000000000F15000006D
:10577000010000007EBE03007CB5030000000000B5
:10578000DB940200010000000000000000000000A7
:10579000000000000000000000000000A05703000F
:1057A000B4B003008BB5030000000000E7940200D2
:1057B000010000007EBE0300A3B50300000000004E
:1057C000B39502000100000000000000000000008E
:1057D000000000000000000000000000E05703008F
:1057E000B4B00300BAB50300000000002B9502001E
:1057F000010000007EBE0300D2B5030000000000DF
:10580000919502000100000000000000000000006F
:105810000000000000000000000000000000000088
:105820004D9602000805002000050020F804002025
:1058300000000000F0040020B5540000A95300004F
:10584000FD5300005D540000C00400200000000073
:1058500000000B06020000005C580300000000007E
:10586000D8BA03002600020200000020E0BA0300BC
:1058700022000B1100000000EAFFFFFF8CFFFFFF7A
:105880008CFFFFFF8CFFFFFFEAFFFFFFEAFFFFFF38
:10589000EAFFFFFF98FFFFFF86FFFFFFF3FFFFFF19
:1058A000F3FFFFFFEAFFFFFFEAFFFFFFEAFFFFFF53
:1058B000EAFFFFFF00000000F0FFFFFF93FFFFFF84
:1058C000EAFFFFFFEAFFFFFFEAFFFFFFEAFFFFFF3C
:1058D00080FFFFFF86FFFFFFA0FFFFFF86FFFFFFA8
:1058E00091FFFFFF80FFFFFF80FFFFFFF0FFFFFF43
:1058F000F0FFFFFFF0FFFFFFEAFFFFFFEAFFFFFF00
:10590000EAFFFFFFEAFFFFFFEAFFFFFFEAFFFFFFFB
:1059100083BC030086BC03008CBC030097BC03005F
:10592000A4BC0300B1BC0300BBBC0300C5BC0300A6
:10593000D1BC0300E3BC0300FCBC030009BD0300B1
:1059400012BD030021BD03002FBD03003BBD0300BA
:1059500083BC03004CBD030051BD030061BD0300C7
:1059600073BD030085BD030096BD0300B4BD0300F5
:10597000C6BD0300D3BD0300E8BD0300F9BD0300AD
:105980000FBE030020BE030036BE030050BE03005E
:105990006BBE030081BE03008EBE0300A1BE0300E8
:1059A000B3BE0300C0BE0300D4BE0300EEBE0300BE
:1059B000B45903000100000024C00300FC450300AB
:1059C00040420F0000010000CC4503000800010028
:1059D00000000000CC4503000A000000E44503007D
:1059E00013000000E44503001F000000E44503002D
:1059F00003000100841E0000093D0000127A00002F
:105A000024F4000048E8010090D0030020A1070022
:105A100000000000B128000061510000C3A2000096
:105A2000C01200001F000000A816000017000000B0
:105A3000841C00000F000000E42500001E00000090
:105A4000B42D000016000000083900000E00000010
:105A50002C4C00001D000000685B000015000000D9
:105A6000747200000D000000589800001C00000037
:105A700034B7000014000000E8E400000C0000004F
:105A8000783101001B000000686E01001300000067
:105A900034CA01000B000000286202001A00000056
:105AA00040DB0200120000003C9303000A000000EB
:105AB000C0C204001900000060B30500110000001E
:105AC000382007000900000020A1070000000000A6
:105AD0001D870000617E0000BD820000F39F020070
:105AE00051A00200CBA00200DD820000DD84000096
:105AF000E99F0200798100007D7E000003A0020082
:105B0000ED9F0200E980000027A00200D97E00007E
:105B10003FA00200FD9F0200F79F020021A00200AB
:105B20001BA00200B98000005D82000047A00200B7
:105B3000097F00003181000017A0020048E8010041
:105B400048E8010048E8010048E8010020A10700FA
:105B500000000000000000000000000020A107007D
:105B600020A1070020A1070020A1070020A1070015
:105B700020A107000000000000000000E1E000009C
:105B8000B1E00000000000008C5B03000100000099
:105B900073C4030039E2000025E1000079C403006A
:105BA0002DAE020033AE02007FC40300B05B0300E1
:105BB00001000000A1C40300FFFF0000000300502B
:105BC0000000000001000000006000400000000034
:105BD000D45B030001000000B5C40300BCF801FF62
:105BE00000000050000000000000000000600040C5
:105BF00000000000F85B0300020000008CC60300F8
:105C000091C6030000F00240000000000048E801D7
:105C1000000000000000000000000000FFFFFFFF88
:105C20000000FF000000000000000000FFFFFFFF79
:105C300002000001010000000FAF0200FFFF0000A2
:105C4000505C0300FFFFFFFF0000000000000000A9
:105C500000F002405C5C030001000000645C030093
:105C6000030000002F0000042E0000062D00000598
:105C7000CC45030008000100CC4503000C000100E6
:105C800000000000BBB40200C9BD020049BA020016
:105C900000000000B6C803006400000064000000BB
:105CA000CA02000075EC010065EA01000000000076
:105CB000100000000300000000FF0100C85C0300AA
:105CC00000000000000000009EF30300145D0300CC
:105CD000EC5C0300DC5C030010000228B5E6030066
:105CE00000F3030062F203003D31000020000000D9
:105CF0005F00010000000000000000000000020042
:105D0000B0000000F3F760009064030000000000A2
:105D10003E00030000000000000000000000C0037F
:105D2000000000000000C003030A00000F0080050F
:105D3000050500051C00D0090A0A00004E00B00845
:105D4000090F00FE9200D00B0C0A0000CE00A00943
:105D50000A0B00FF0501F002030500050D01B00468
:105D6000040E01FD2901C004040E00FD4501A0053B
:105D700006060005570120080807000273013003DA
:105D8000030500FE7B01600505030003830130036A
:105D9000030300008801F004070EFFFFB90150095A
:105DA000090A0000E6013005040A0000FA011008A3
:105DB000080A000022020008080A00004A026009DE
:105DC0000A0A00007C021008080A0000A402A008C9
:105DD000090A0000D1026008080A0000F90200095F
:105DE000090A00002603A008080A00004E03300339
:105DF000030800005A033003030B00FD6B03200867
:105E0000080800018B03200808060002A3032008ED
:105E100008080001C3030008080A0000EB03800E15
:105E20000E0D00FD4604400A0C0AFF008204A00A81
:105E3000090A0100AF04200A0A0A0000E104900BDD
:105E40000A0A010013056009080A01003B05E00881
:105E5000080A01006305D00A0A0A00009505600BD4
:105E6000090A0100C2055004020A0100CC053007EE
:105E7000070AFF00EF05100A0A0A01002106500870
:105E8000080A01004906600D0B0A01008006600B3C
:105E9000090A0100AD06C00B0C0A0000E906200A41
:105EA000090A01001607C00B0C0D00FD6407300A3B
:105EB000090A01009107B008090A0000BE0730086E
:105EC000090A0000EB07100B090A01001808F00985
:105ED0000B0AFF004F08C00F100A00009F0870094E
:105EE0000A0A0000D10810090B0AFF00080930094E
:105EF000090A00003509B004040E01FD5109F0043F
:105F0000070EFFFF8209B004040E00FD9E09300851
:105F100007060102B3090007070100FFB70960087F
:105F200005020109BC09600808080000DC099009A5
:105F3000080B0100080A000808080000280A900958
:105F4000090B00005A0A9008080800007A0AF004B9
:105F5000060B00009B0AB009090B00FDCD0A900951
:105F6000080B0100F90AE003020B0100040B000416
:105F7000050EFEFD270BA008080B0100530BE003E4
:105F8000020B01005E0BD00E0D080100920B900970
:105F900008080100B20BE00809080000D60B9009C0
:105FA000080B01FD020C9009090B00FD340CC00523
:105FB00005080100480C000707080000640CD00524
:105FC000060A0000820C800908080100A20CD00714
:105FD0000908FF00C60C900C0D080000FA0CC00761
:105FE000080800001A0DD007090BFFFD4C0D5007E3
:105FF00007080000680DF004050E00FD8B0D30044D
:10600000020E01FD990DF004050E00FDBC0D2008E7
:1060100008030003C80DE00506050006D70D60045F
:1060200004030003DD0D000E0F0FFFFE4E0E000EE9
:106030000E0B00009B0E000E0E0D00FFF60E000E64
:106040000E0B0000430FA0090A0B00007A0F000E90
:106050000E0F00FEE30F000E0E0F00FE4C10C00FDF
:10606000100D00FFB410000E0E0F00FE1D11C00F2A
:10607000100B00007511000E0E0F00FEDE11000760
:10608000070C00FF0812800A0B0C00FF4A12C00F19
:10609000100E00FEBA12000E0E0B00000713A0092E
:1060A0000A0F00FE5213400C0A0E01FE9813400C1A
:1060B0000D0F00FEFA13400C0D0D00FF4F14400CA5
:1060C0000D0D00FFA414400C0A0E01FEEA14400C52
:1060D0000E0DFFFF4515C008090D00FF8015C00813
:1060E000090D00FFBB15400C0D0D00FF1016400CF4
:1060F0000D0400032A16C00F100B00008216801139
:10610000120F00FE0917C00F110FFFFE8917000EB6
:106110000E0D00FFE417400C0D0800011818400C8C
:106120000D0800014C188011120B0000AF18000E72
:106130000E0B0000FC18000E0E0F00FE6519000E7D
:106140000F0FFFFED619400C0D0D00FF2B1A400C4F
:106150000D0F00FE8D1A400C0D0D00FFE21A400CD1
:106160000D0C00FF301B000E0E0B00007D1BC00845
:106170000A0FFFFEC81B400C0D0F00FE2A1C400C2E
:106180000D0F00FE8C1CC00F100B0000E41C000E55
:10619000100FFFFE5C1D800A0B0F00FEAF1D80116B
:1061A000120D00FF241E8011120A00007E1E8011B5
:1061B000120A0000D81E8011120A0000321F80113E
:1061C000120A00008C1F8011120A0000E61F8011C5
:1061D000120C00FF5220400C0C0F00FEAC20400CB3
:1061E0000D0F00FE0E21000E0F0FFFFE7F2180110C
:1061F000120B0000E221800A0B0F00FE3522100E68
:106200000F0A0000251802003D160200F5160200D4
:10621000B9140200391702000D14020045130200E0
:106220007512020009120200211102000111020080
:106230002518020085150200F5160200B9140200A7
:10624000391702000D1402004513020075120200F6
:10625000091202002111020001110200192204009A
:106260001F2204002422040086BC0300292204000B
:10627000912D03006F2D0300472D0300FD2D03001A
:10628000805C0300CD430200C73403009944020040
:1062900000000000F1280400FFFFFF3FFFFFFF3F69
:1062A00000060000805C03005F3603000000000071
:1062B000694802000000000052290400FFFFFF3F70
:1062C000FFFFFF3F80030000CC62030001000000DD
:1062D000662D0400FC450300801A06000001020040
:1062E000000000000000000000000000E445030082
:1062F00000000000E445030002000000E445030044
:1063000007000000E44503001D000100E803000051
:1063100051510200B55302007D550200B13803000F
:10632000D33803002863030001000000BF2E0400DF
:10633000FC45030000093D0006010100CC450300B7
:106340000C00010000000000CC4503000B00000021
:10635000CC45030003000000E44503001E000000DC
:1063600090012C0100000000215D0200615D02002F
:10637000C73B030000000000000000000000000018
:1063800000000000A33B0300A95D02000000000024
:106390005230040060300400743004008330040084
:1063A0008F3004001C4503001C4503005C450300BE
:1063B00064450300AC450300B4450300A630040067
:1063C00001000500D030040002000700AC300400DA
:1063D00004000800B530040008000400BA300400CE
:1063E00010000900C430040020000800CD30040073
:1063F00040000A00D830040080000600FF8FFFFF35
:10640000FF8FFFFFFE8FFFFFFE8FFFFFFD8FFFFF60
:10641000FC8FFFFFFC8FFFFF6D757465785F667200
:1064200065652063616C6C65642077697468204ED3
:10643000554C4C20706172616D657465720000008E
:1064400043616E277420696E697469616C697A654D
:10645000206D757465782C20776173204E554C4CF7
:106460000D0A0000436F756C64206E6F74206C6FB2
:10647000636B20706F7765722073617665206D7530
:106480007465780010004000000410004000000413
:106490000000721F51EF58EF5BEF5CEF5DEF61EFB3
:1064A00063EF65EF69EF6CEF71EF76EF77EF78EF01
:1064B0008EEF93EF98EF9BEF9CEF9DEFA1EFA2EF94
:1064C000A3EFA4EFB7EFB8EFBEEFC0EFC1EFC4EF9B
:1064D000C7EFC8EFC9EFCBEFE3EFE5EF14F015F02E
:1064E00017F019F030F037F03AF043F06CF074F038
:1064F000ABF03BF190F191F192F193F194F1D7F17E
:10650000E3F13DF254F2AAF412F7F2F7040010009E
:10651000000110004000000400003C027804B306B3
:10652000EE08280B610D990FD01106143A166C185D
:106530009D1ACB1CF71E212148236C258E27AC29E0
:10654000C72BDF2DF32F0332103418361D381C3AB9
:10655000183C0E3E0040ED41D443B74594476B498B
:106560003D4B084DCE4E8E504752FA53A6554C57D0
:10657000EB58825A135C9D5D1F5F9A600E627A63CE
:10658000DE643A668E67DA681E6A5A6B8D6CB86D87
:10659000DA6EF46F04710D720C730274EF74D375BC
:1065A000AE76807748780779BC79687A0B7BA37BD5
:1065B000337CB87C347DA67D0E7E6D7EC17E0C7FE3
:1065C0004C7F837FB07FD37FEC7FFB7F0080707236
:1065D00065737365640072656C6561736564003D25
:1065E0003D3D20425554544F4E205448524541445D
:1065F00020454E545259203D3D3D00427574746F04
:106600006E2074687265616420737461727465646D
:10661000202D205468726561642049443A20257019
:1066200000427574746F6E207468726561642070C6
:1066300072696F726974793A2025640042757474C6
:106640006F6E20256420257320617420256C6C6496
:10665000004661696C656420746F2073656E642008
:10666000627574746F6E206576656E7420746F2029
:106670007374617465206D616E616765723A20257F
:106680006400427574746F6E20302070726573738D
:106690006564202D2074726967676572696E672072
:1066A0004E4643207363616E00627574746F6E5F53
:1066B0007468726561645F696400627574746F6E9A
:1066C0005F74687265616400427574746F6E202532
:1066D0006420646576696365202573206E6F74207D
:1066E0007265616479004661696C656420746F202D
:1066F000636F6E66696775726520627574746F6E1C
:10670000202564004661696C656420746F207365A0
:106710007420696E7465727275707420666F722071
:10672000627574746F6E20256400496E69746961C6
:106730006C697A656420627574746F6E20256420BC
:106740006F6E2025732070696E2025640062757459
:10675000746F6E7300486561727462656174206560
:106760006E7175657565642C206C656E3D256400E1
:106770004661696C656420746F20656E717565751E
:1067800065206865617274626561743A20256400F1
:10679000686561727462656174004661696C656404
:1067A00020746F20696E697469616C697A65204C28
:1067B0004544733A202564004C4544206D616E6168
:1067C00067657220696E697469616C697A656400D5
:1067D0004E554C4C20636F6D6D616E6420706F6917
:1067E0006E74657200496E76616C6964204C454434
:1067F0002049443A202564004661696C6564207430
:106800006F207175657565204C454420636F6D6D13
:10681000616E643A202564004661696C6564207489
:106820006F207475726E206F6E204C454420256475
:106830003A202564004C454420256420626C696E32
:106840006B696E6720666F722031207365636F6EAF
:1068500064004F4E004F4646004661696C656420F7
:10686000746F20736574204C454420256420746F38
:106870002025733A202564003D3D3D204C454420B1
:106880004D414E41474552205448524541442045D0
:106890004E545259203D3D3D004C4544206D616EA3
:1068A00061676572207468726561642073746172D7
:1068B000746564202D205468726561642049443AEF
:1068C000202570004C4544206D616E616765722023
:1068D000746872656164207072696F726974793A64
:1068E00020256400556E6B6E6F776E204C454420FA
:1068F000636F6D6D616E643A202564006C65645F42
:106900006D616E616765725F7468726561645F690D
:1069100064006C65645F6D616E61676572004C4513
:106920004420256420646576696365206E6F742059
:106930007265616479004661696C656420746F20DA
:10694000636F6E666967757265204C4544202564E7
:106950002070696E00496E697469616C697A65645A
:10696000204C4544202564206F6E202573207069DB
:106970006E202564006C656473004E657720446169
:106980007461726174653A2044525F25642C204D15
:106990006178205061796C6F616420256400506FCC
:1069A00072742025642C2050656E64696E67202502
:1069B000642C205253534920256464422C20534EAA
:1069C0005220256464426D2C2054696D6520256435
:1069D000005061796C6F61643A20006C6F72615F86
:1069E0006765745F6576656E743A204E554C4C2031
:1069F0006D65737361676520706F696E7465720091
:106A00006C6F72615F6765745F6576656E74206632
:106A100061696C65643A202564006C6F72615F7017
:106A200075745F6576656E743A204E554C4C206DDA
:106A300065737361676520706F696E746572006C51
:106A40006F72615F7075745F6576656E743A206D04
:106A500065737361676520746F6F206C6F6E67205C
:106A6000282564203E20256429004C6F5261207146
:106A700075657565206F766572666C6F772C20641E
:106A8000726F7070696E67207061636B65743A2015
:106A900025640025733A20646576696365206E6F0E
:106AA000742072656164792E0025733A20646576DE
:106AB0006963652072656164792E006C6F7261771D
:106AC000616E5F7374617274206661696C65643AAB
:106AD00020256400416461707469766520446174A6
:106AE00061205261746520284144522920656E61FD
:106AF000626C6564004C6F526157414E2073746143
:106B0000636B20696E697469616C697A656420736E
:106B100075636365737366756C6C792E006C6F7248
:106B2000615F617070004C6F5261207265747279A0
:106B300020776F726B2068616E646C6572003D3DFA
:106B40003D204C4F5241204D414E4147455220542B
:106B5000485245414420454E545259203D3D3D0048
:106B60004C6F5261206D616E61676572207468724E
:106B70006561642073746172746564202D205468AB
:106B8000726561642049443A202570004C6F52615F
:106B9000206D616E61676572207468726561642042
:106BA0007072696F726974793A202564003D3D3DC9
:106BB000204C4F5241204D414E41474552205052AA
:106BC0004F43455353494E47204D45535341474545
:106BD000203D3D3D0053656E64696E67204C6F52E9
:106BE00061206D6573736167653A20706F72742000
:106BF00025642C206C656E2025642C2072657472CF
:106C000079202564004C6F5261206D657373616754
:106C1000652073656E742073756363657373667541
:106C20006C6C79006C6F72615F6D65737361676521
:106C3000735F73656E74004C6F52612073656E6490
:106C400020627573792C207265747279696E672E73
:106C50002E2E004C6F52612073656E642066616950
:106C60006C65643A202564004C6F52612073656E38
:106C700064206661696C65642061667465722025B4
:106C80006420617474656D707473004661696C652D
:106C90006420746F2073656E64204C6F5261206DA8
:106CA0006573736167653A202564006C6F72615F7C
:106CB0006D657373616765735F6661696C656400B8
:106CC0004C6F5261206D616E6167657220696E69FB
:106CD0007469616C697A656400496E76616C696497
:106CE000206D657373616765206C656E6774683AC3
:106CF000202564004661696C656420746F2071759D
:106D0000657565204C6F5261206D657373616765B1
:106D10003A202564006C6F72615F6D616E6167651A
:106D2000725F7468726561645F6964006C6F726140
:106D30005F6D616E61676572003D3D3D204C4F5255
:106D4000412054485245414420454E545259203D1B
:106D50003D3D004C6F526120746872656164207320
:106D6000746172746564202D2054687265616420BA
:106D700049443A202570004C6F5261207468726556
:106D80006164207072696F726974793A20256400B9
:106D90004C6F526120746872656164207374616322
:106DA0006B2073697A653A202564003D3D3D205390
:106DB00054415254494E47204C4F5241204A4F496A
:106DC0004E204C4F4F50203D3D3D003D3D3D204A23
:106DD0004F494E20415454454D5054202564203D88
:106DE0003D3D004A6F696E696E67206E6574776F0E
:106DF000726B207573696E67204F5441412C20647B
:106E000065764E6F6E63653A2025643B206174742D
:106E1000656D70743A2025640041626F757420744A
:106E20006F2063616C6C206C6F726177616E5F6A5A
:106E30006F696E28292E2E2E0043757272656E744E
:106E400020757074696D65206265666F7265206A71
:106E50006F696E3A20256C6C75206D73006C6F72D3
:106E60006177616E5F6A6F696E282920726574753B
:106E7000726E65643A2025640043757272656E74A3
:106E800020757074696D65206166746572206A6F23
:106E9000696E3A20256C6C75206D73004A6F696EBF
:106EA0002074696D6564206F7574202D2077696C7E
:106EB0006C20726574727920696E20256420736578
:106EC000636F6E6473004A6F696E206661696C65FA
:106ED000642028256429202D2077696C6C20726538
:106EE00074727920696E202564207365636F6E6407
:106EF00073003D3D3D204C4F5241204A4F494E20AA
:106F00005355434345535346554C203D3D3D004961
:106F10006E697469616C697A696E67204E464320B8
:106F20006D616E61676572206166746572204C6F79
:106F30005261206A6F696E2E2E2E004E4643206DE0
:106F4000616E6167657220696E697469616C697AE6
:106F50006174696F6E206661696C65643A202564AE
:106F6000004E4643206D616E6167657220696E69EF
:106F70007469616C697A65642073756363657373A2
:106F800066756C6C7900536C656570696E67206618
:106F90006F72202564207365636F6E647320626571
:106FA000666F72652072657472792E2E2E0057619D
:106FB0006B652075702066726F6D20736C656570EF
:106FC0002C20636F6E74696E75696E67206A6F69D5
:106FD0006E206C6F6F702E2E2E003D3D3D204C4F6D
:106FE0005241204A4F494E204C4F4F5020434F4D65
:106FF000504C4554454420535543434553534655FF
:107000004C4C59203D3D3D003D3D3D204C4F5241B3
:107010002054485245414420454E544552494E471C
:10702000204D455353414745204C4F4F50203D3D47
:107030003D003D3D3D204C4F52412054485245417A
:10704000442050524F43455353494E4720455645DF
:107050004E54203D3D3D0053656E64696E6720705F
:1070600061796C6F61642028706F72742025642CC4
:10707000206C656E202564293A006C6F726177611F
:107080006E5F73656E643A2062757379202F207489
:107090006F6F206C6F6E67006C6F726177616E5FEF
:1070A00073656E64206661696C65643A20256400CE
:1070B000446174612073656E74206F6E20706F720E
:1070C00074202564006C6F72615F7468726561641E
:1070D0005F6964006C6F72615F74687265616400FF
:1070E000466565646261636B4E6F77205379737494
:1070F000656D205374617274696E672E2E2E005375
:10710000797374656D20696E697469616C697A61FF
:1071100074696F6E206661696C65643A202564004D
:107120005374617465206D616E6167657220696E6C
:10713000697469616C697A6174696F6E20666169EE
:107140006C65643A202564004C4544206D616E6195
:1071500067657220696E697469616C697A617469C6
:107160006F6E206661696C65643A202564004C6F1F
:107170005261206D616E6167657220696E69746924
:10718000616C697A6174696F6E206661696C6564AF
:107190003A2025640053797374656D206D6F6E69B4
:1071A000746F7220696E697469616C697A6174695F
:1071B0006F6E206661696C65643A202564005374C3
:1071C000617274696E67207374617465206D616E9D
:1071D00061676572207468726561642E2E2E00539B
:1071E00074617465206D616E616765722074687288
:1071F00065616420737461727420636F6D6D616E7C
:107200006420697373756564005374617274696E88
:1072100067204C6F5261207468726561642E2E2E57
:10722000004C6F52612074687265616420737461F0
:10723000727420636F6D6D616E6420697373756520
:1072400064003D3D3D20494E495449414C495A490D
:107250004E47204C56474C20444953504C415920EE
:107260003D3D3D00446973706C61792064657669C9
:107270006365206E6F742072656164790044697380
:10728000706C6179206465766963652072656164FC
:10729000793A20257300446973706C61793A20252E
:1072A000647825642C20666F726D61743D256400DE
:1072B0006C61737420636C65616E65642061743AFF
:1072C00000323032352D31302D31322031333A32E7
:1072D000353A363500323032352D31302D313220CD
:1072E00031383A33353A343700323032352D313097
:1072F0002D31322031393A32353A3337004C564746
:107300004C20776964676574732063726561746586
:1073100064003D3D3D204C56474C20444953504C61
:1073200041592044454D4F20434F4D504C45544505
:10733000203D3D3D0053797374656D20696E69741D
:1073400069616C697A6174696F6E20636F6D706CCE
:107350006574652E20416C6C20746872656164737D
:1073600020737461727465642E0053797374656D53
:1073700020726561647920666F7220757365722072
:10738000696E7075742E003D3D3D20544852454154
:10739000442053544154555320434845434B203DCA
:1073A0003D3D004D61696E207468726561642049DD
:1073B000443A202570005374617465206D616E61DC
:1073C000676572207468726561642049443A2025BB
:1073D00070004C6F5261207468726561642049448A
:1073E0003A202570004E4643206D616E61676572DC
:1073F000207468726561642049443A202570006DEC
:1074000061696E004E46432073746174653A2025AD
:1074100073202D3E202573004E464320706F776504
:1074200072696E6720646F776E0025733A20436F30
:107430006E6669677572696E6720504E35313830F7
:1074400020746F2049534F31353639332028696411
:107450006C65206D6F646529004661696C65642008
:10746000746F20636F6E66696775726520504E3564
:1074700031383020746F2069646C653A20256400CF
:107480003D3D3D204E4643204D414E414745522013
:10749000494E495449414C495A4154494F4E203D67
:1074A0003D3D004E464320646576696365206E6FFE
:1074B00074207265616479004E4643206465766984
:1074C00063652072656164793A20257300466169BD
:1074D0006C656420746F20696E697469616C697A87
:1074E00065204E4643206472697665723A202564B1
:1074F000004661696C656420746F20636F6E666915
:1075000067757265204E46432070726F746F636FAB
:107510006C3A202564004E46432073797374656D80
:10752000206E6F7420696E20736C656570207374B3
:10753000617465005374617274696E67204E4643CE
:10754000207363616E004E464320706F77657269E9
:107550006E672075700025733A20436F6E66696709
:107560007572696E6720504E3531383020746F2047
:1075700049534F3134343433412028616374697680
:1075800065206D6F646529004661696C65642074CF
:107590006F20636F6E66696775726520504E353176
:1075A000383020746F206163746976653A202564F1
:1075B00000506572666F726D696E672073696E67E1
:1075C0006C65204E4643207363616E0025733A203C
:1075D00043616C6C696E6720706E353138305F675F
:1075E00065745F696E76656E746F727928290025FF
:1075F000733A20706E353138305F6765745F696E3D
:1076000076656E746F727928292072657475726E52
:1076100065643A202564004E4643207175657565A2
:107620002066756C6C2C2064726F7070696E6720B8
:10763000746167206465746563746564206576654C
:107640006E74005461672064657465637465643AA0
:10765000202530325820253032582025303258200D
:1076600025303258202530325820253032582025F8
:107670003032582025303258004E6F207461672018
:10768000646574656374656420287265743D25645F
:10769000290053746F7070696E67204E46432073E3
:1076A00063616E003D3D3D204E4643204D414E41BD
:1076B0004745522054485245414420454E54525962
:1076C000203D3D3D004E4643206D616E6167657211
:1076D00020746872656164207374617274656420DB
:1076E0002D205468726561642049443A2025700059
:1076F0004E4643206D616E616765722074687265E5
:107700006164207072696F726974793A202564002F
:107710004E4643206D616E616765722077616974C2
:10772000696E6720666F72204C6F5261206A6F69C4
:107730006E20746F20636F6D706C65746520626578
:10774000666F726520696E697469616C697A6174CB
:10775000696F6E2E2E2E0025733A2050726F63656E
:107760007373696E67204E4643206576656E743A82
:10777000202564004E46432074616720646574656B
:10778000637465643A202530325820253032582001
:1077900025303258202530325820253032582025C7
:1077A00030325820253032582025303258004E468D
:1077B00043207363616E2074696D656F7574202D4D
:1077C000206E6F20746167206465746563746564FE
:1077D000003D3D3D204E46432054524947474552C7
:1077E000205343414E203D3D3D00427574746F6E01
:1077F00020747269676765726564204E4643207322
:1078000063616E006E66635F706572666F726D5F56
:1078100073696E676C655F7363616E006E66635F4C
:10782000706F7765725F757000534C454550005717
:10783000414B494E47005343414E4E494E4700503D
:10784000524F43455353494E470053454E44494ECA
:1078500047006E66635F6D616E616765725F746835
:10786000726561645F6964006E66635F6D616E611D
:10787000676572006E66635F706F7765725F646FD5
:10788000776E006E66635F6D616E616765725F74CF
:107890006872656164007370695F6D757465780006
:1078A0003D3D3D205354415445204D414E414745B7
:1078B000522054485245414420454E545259203D8F
:1078C0003D3D005374617465206D616E6167657242
:1078D00020746872656164207374617274656420D9
:1078E0002D205468726561642049443A2025700057
:1078F0005374617465206D616E6167657220746890
:1079000072656164207072696F726974793A2025BA
:1079100064003D3D3D205354415445204D414E416E
:107920004745522050524F43455353494E472045F7
:1079300056454E54203D3D3D00427574746F6E2097
:10794000256420257300627574746F6E5F657665BB
:107950006E74735F70726F636573736564004C6FF0
:107960005261206576656E743A20706F72743D25A1
:10797000642C206C656E3D2564006C65645F636FEC
:107980006D6D616E64735F70726F63657373656450
:107990000053797374656D206572726F72206F6326
:1079A0006375727265640073797374656D5F657277
:1079B000726F72730053797374656D2072656164C0
:1079C00079004E4643207461672064657465637472
:1079D0006564202D205549443A2025303258202511
:1079E000303258202530325820253032582025306A
:1079F0003258202530325820253032582025303258
:107A000058006E66635F746167735F646574656375
:107A1000746564006E66635F7363616E5F74696D45
:107A2000656F757473005374617465207472616E50
:107A3000736974696F6E3A202573202D3E2025737B
:107A4000005374617465206D616E616765722069B1
:107A50006E697469616C697A6564004E554C4C209E
:107A60006576656E7420706F696E7465720046612C
:107A7000696C656420746F20717565756520657625
:107A8000656E743A2025640073746174655F6D617E
:107A90006E616765725F7468726561645F696400D6
:107AA0005245414459004552524F5200737461741B
:107AB000655F6D616E616765720053797374656DA2
:107AC00020696E69742073746172740A004275745F
:107AD000746F6E7320696E6974206661696C656489
:107AE0003A202564004C45447320696E6974206611
:107AF00061696C65643A202564004C6F526157419E
:107B00004E20696E6974206661696C65643A20254F
:107B100064000A53797374656D20696E697420631B
:107B20006F6D706C657465005359535F494E4954CD
:107B30000053797374656D206D6F6E69746F722078
:107B4000696E697469616C697A6564003D3D3D20C8
:107B500053595354454D204D4F4E49544F52205484
:107B6000485245414420454E545259203D3D3D0028
:107B700053797374656D206D6F6E69746F722074C4
:107B800068726561642073746172746564202D206D
:107B90005468726561642049443A20257000537925
:107BA0007374656D206D6F6E69746F722074687286
:107BB000656164207072696F726974793A20256416
:107BC0000053797374656D204D6574726963733AFF
:107BD000002020427574746F6E206576656E747334
:107BE0003A2025750020204C6F52612073656E7419
:107BF0003A2025750020204C6F5261206661696C27
:107C000065643A2025750020204C6F526120726512
:107C100074726965733A2025750020204C45442014
:107C2000636F6D6D616E64733A202575002020537B
:107C3000797374656D206572726F72733A20257561
:107C4000002020557074696D653A20256C6C752094
:107C50006D730020204865616C74683A20256400CB
:107C60006C6F72615F7265747269657300556E6BDB
:107C70006E6F776E20636F756E7465723A20257330
:107C80000073797374656D5F6D6F6E69746F725F89
:107C90007468726561645F69640073797374656D9B
:107CA0005F6D6F6E69746F7200E2E2E2E2D0D0D075
:107CB000D0C103030308080308080D030D080F03D0
:107CC0000F08101000FFFFFFFFFFFFFF803FFCEFDA
:107CD000DFBF7EFDFBF7CC01C1803870070E00C10D
:107CE000C01830070600E1C3FFFF7FFFEFFFFC1C59
:107CF0001803870070E00C1C0183007060FFFFDF39
:107D0000FFFBFFFF060C00C1803830070E00C1C02A
:107D1000183003060001C001C001C001C001C00746
:107D2000F01FF83E7C381E700E70077007700778E1
:107D30000078003E001FC00FF007FC00FE003E0070
:107D40000F0007E007E007E007F00F780E3FFE1F87
:107D5000F807E001C001C001C001C01F0000FF80A2
:107D600001C7000707060E0E1C1C1C303838E070D7
:107D7000718071C700FF9C007C300000E000018032
:107D8000000700001C7C0031FC00E71C019C1C0665
:107D900038381C707030E0E0E1C1C1838380038E0D
:107DA0000003FC0003E003F000FF801FFC03E1E0A0
:107DB0003C0E0380E0380E0381C03C1C01C7800EDE
:107DC000F000FC00078001FC003DE0E70E0E707043
:107DD000EE079EE03DCE01FCE00F8F00F87C1F8394
:107DE000FFFC1FFDE07F0FFFFFFF0000C0E0E0E0B1
:107DF000E0707038181C0E07070381C0E070381C53
:107E00000E070381C0E0381C0E0701C0E0301C06DD
:107E10000380E0380C000060380E0380C0701C0E38
:107E20000701C0E070180E070381C0E070381C0E17
:107E300007038381C0E0707038181C0C0E0E0E060C
:107E40000000038007000E001C00381E73BFFF9F58
:107E5000FE07C00F803B80E783C70707040C0001C3
:107E6000C00070001C00070001C00070001C00076B
:107E700000FFFFFFFFFFFFFC070001C00070001CB8
:107E800000070001C00070001C00070039CE739984
:107E9000CE60FFFFFFE06FF6001C00E003800E00E5
:107EA0007001C006003800E007001C007003800E5F
:107EB000003001C007003800E003801C0070018022
:107EC0000E003801C007001C00E00007E01FF83F6B
:107ED000FC7C3E700E700EE007E007E007E007E074
:107EE00007E007E007E007E007E007E007E007E05A
:107EF00007F00F700E780E3C3E3FFC1FF807E000C5
:107F0000C0F1FDFFFDF8781C0701C0701C0701C01F
:107F1000701C0701C0701C0701C0701C0701C070F5
:107F200007F00FFE0FFF8F83C700F7803B801DC057
:107F30000E00070003000380038003C001C001C0DE
:107F400001C001C001C001C001E001E001E001E0A9
:107F500001FFFFFFFFFFFFC007E01FF83FFE781E95
:107F6000F00FE007E00700070007000E001E07F80B
:107F700007E007FC001E000E000700070007E007EF
:107F8000E007700E781E3FFC1FF807E0001E00039C
:107F9000C000F8001F0007E001DC003B800E70030A
:107FA0008E0071C01C38038700E0E0381C07038195
:107FB000C070700E0FFFFFFFFFFFFFF000E0001C1E
:107FC0000003800070000E0001C03FFE3FFE3FFE38
:107FD0003800380038003800380073E07FF87FFC44
:107FE000783E101E000F0007000700070007E0079B
:107FF000F007700F780E7C3E3FFC1FF807E000F89A
:1080000003F80FF81F803E0038007800700073E01E
:10801000EFF8FFFCFC3EF00EF00FE007E007E00792
:10802000E007E007F007700E780E3C3E3FFC0FF8CB
:1080300007E0FFFFFFFFFFFFE000E00070007800B7
:1080400038001C001C000E000E0007000700038013
:1080500003C001C001E000E0007000700038003C87
:10806000001C001E000E000F000007F01FFC3FFE6A
:108070003C1E780F7007700770077007380E381EA7
:108080001FFC07F01FF8381C700EE007E007E00740
:10809000E007E007F00F781E3FFC1FF807E007E05D
:1080A0001FF83FFC7C3C701EF00EE00FE007E0077D
:1080B000E007E007F007700F7C3F3FFF1FF70FC797
:1080C0000006000E000E001C003C00F81FF01FE030
:1080D0001F006FF60000000000006FF633DE600046
:1080E00000000000000039CE73B9DE600002003CE1
:1080F00001F80FF07F03F81FC07C00F001F800FECC
:10810000007F003FC01FC00F8007FFFFFFFFFFF889
:10811000000000000000007FFFFFFFFFFC8001C0A7
:1081200003E007F803FC00FE007F001F001E01FCB7
:108130000FE07F07F81F803C0060000FC0FFC7FF03
:108140009E1EF03F807001C007001C00E007803CCD
:1081500001E00F003801E007001C000000000000F3
:1081600000007001C007001C00001FE00003FFE0DA
:10817000007FFFC007E03F0078007C078001E078C7
:1081800000078780F81C380FE073C0FF839C0F0C3A
:108190001CE0F06077070703F070381F8381C0FC94
:1081A0001C0E07E0E0703F070381F830180FC18014
:1081B000C07E0E0E077070703BC3C7C3CE1FFE3C5F
:1081C000707F3FC3C1E0F80E00000078000001E0BE
:1081D00000000F8000003F01C000FFFE0001FFE033
:1081E0000001FC000000380000E00007C0001F0094
:1081F00000EC0003B8000CE000718001C7000E1C09
:1082000000383000E0E00703801C0600E01C03801B
:10821000700FFFE07FFF81FFFE0F003C380070E031
:1082200001C780079C000EF0003B8000F0FFF07F4C
:10823000FF3FFFDC01EE007F001F800FC007E0035F
:10824000F003B803DFFFCFFFC7FFF3803DC00EE0B0
:1082500003F001F800FC007E003F003B807DFFFC46
:10826000FFFC7FF80001FC00FFE07FFE1F03E3C07E
:108270003CF003DC007F8007E000FC00038000701E
:10828000000E0001C0003800070000E0001C001FC5
:10829000C003B800F7801E78078F81F0FFFC07FE4F
:1082A000003F00FFE03FFE0FFFC380F8E00F380102
:1082B000CE003B800EE001F8007E001F8007E00149
:1082C000F8007E001F8007E001F800FE003B800EF2
:1082D000E007B803CE03E3FFF0FFF83FF000FFFF35
:1082E000FFFFFFFFFC000E000700038001C000E05D
:1082F00000700038001FFFCFFFE7FFF38001C000D0
:10830000E000700038001C000E000700038001FF31
:10831000FFFFFFFFFFC0FFFFFFFFFFFFE000E000E8
:10832000E000E000E000E000E000E000FFFCFFFC17
:10833000FFFCE000E000E000E000E000E000E00022
:10834000E000E000E000E000E00001FC007FF01F42
:10835000FFC3F03E3C01E7800F7000770000E000B3
:108360000E0000E0000E0000E01FFE01FFE01FFE17
:108370000007E0007E00077000770007780073C0F8
:108380000F1F01F0FFFE07FF801FE0E000FC001F51
:108390008003F0007E000FC001F8003F0007E000FE
:1083A000FC001F8003FFFFFFFFFFFFFFF8003F00FF
:1083B00007E000FC001F8003F0007E000FC001F802
:1083C000003F0007E000FC001CFFFFFFFFFFFFFF76
:1083D000FFFFFC0007000700070007000700070079
:1083E0000700070007000700070007000700070055
:1083F00007000700070007E007E007E00FF00E782E
:108400003E3FFC1FF807E0E003DC00F3803C700F08
:108410000E03E1C078381E070780E1E01C78039E58
:108420000077800FF801FF803F7807CF00F0F01C45
:108430000F0380F0701E0E01E1C01E3801E7003C02
:10844000E003DC003CE000E000E000E000E000E0F1
:1084500000E000E000E000E000E000E000E000E01C
:1084600000E000E000E000E000E000E000E000E00C
:1084700000E000FFFFFFFFFFFFF00007FC0007FE2A
:108480000003FF8003FFC001FFE000FFB800EFDC46
:108490000077EF007BF38039F9C01CFC701C7E383C
:1084A0000E3F1E071F87070FC38387E1E3C3F071E9
:1084B000C1F838E0FC0EE07E07703F03F81F80F83B
:1084C0000FC07C07E01C03F00E01C0E0007F000736
:1084D000F8007F8007FC007FE007FF007EF007E7E1
:1084E000807E7C07E3C07E1E07E0F07E0F07E07809
:1084F0007E03C7E03C7E01E7E00F7E00FFE007FE61
:10850000003FE003FE001FE000FE000701F8007FCF
:10851000E01FFF81E0783C03C7801E7000E7000E7B
:10852000E0007E0007E0007E0007E0007E0007E03C
:10853000007E0007E0007E00077000E7000E780173
:10854000E3C03C1E0781FFF807FE001F80FFF83FD5
:10855000FF8FFFF3803EE003B800FE001F8007E0BE
:1085600001F8007E003F800EE00FBFFFCFFFE3FF6A
:10857000E0E00038000E00038000E00038000E004C
:10858000038000E00038000001F8007FE01FFF8159
:10859000E0783C03C7801E7000E7000EE0007E001C
:1085A00007E0007E0007E0007E0007E0007E000795
:1085B000E0007E00077000E7000E7801E3C03C1E7B
:1085C0000781FFF807FF001FF80003C0001F00002D
:1085D000F00006FFF03FFF0FFFE3807CE00738006C
:1085E000EE003B800EE003B800EE0073807CFFFEDF
:1085F0003FFF0FFF8381E0E03C380F0E01E38078FE
:10860000E00E3803CE0073800EE003B8007003F86C
:1086100003FF81FFF0F03E78039C00F7001DC007C8
:1086200070000E0003E0007F0007F0007F8003F081
:10863000001E000380007E001F8007F001DC00F7B1
:10864000C0F8FFFC0FFE00FE00FFFFFFFFFFFFFF73
:10865000F00E0000E0000E0000E0000E0000E00060
:108660000E0000E0000E0000E0000E0000E0000E32
:108670000000E0000E0000E0000E0000E0000E0030
:1086800000E0000E0000E0000E00E001F8007E00B7
:108690001F8007E001F8007E001F8007E001F8005E
:1086A0007E001F8007E001F8007E001F8007E001C8
:1086B000F8007E001F8007F003DE01E7C0F8FFFC32
:1086C0001FFC00FC00E0003F8003FC001EE000E710
:1086D000800F1C0070E00387803C1C01C0E00E0787
:1086E00080F01C0700E0780783C01C1C00E1E00359
:1086F0008E001C7000E78003B8001DC000FE000360
:10870000E0001F0000F800038000F003801FC01E7F
:1087100000F7007803DC01F00E700FC039E03F0075
:10872000E380EC078E03B81C381CE070F07381C145
:10873000C1C60F07071C381C3870E078E1C380E31E
:10874000838E039C0E700E7039C039C06700F7012C
:10875000DC01F8077007E01F801F803E007C00F8F6
:1087600000F003E003C00F000F001C007000F3C016
:10877000070F0078780781E03C0783C03C3C00F19C
:10878000E0039E001EE0007F0003F0000F80007CED
:108790000007E0003F8003DE003CF001E3C01E0F55
:1087A00001E0780F01E0F00F07803C7800F78007C8
:1087B00080F0007BC0078E00387803C1C01C0F0119
:1087C000E0380E01E0F00707003C7800E38007BCCA
:1087D000001DC000FE0003E0000E000070000380DA
:1087E000001C0000E000070000380001C0000E007F
:1087F000007000038000FFFFFFFFFFFFFC000E0082
:10880000070003C000E00070003C000E00070003FA
:10881000C000E00070003C001E00070003C001E043
:108820000070003C001E00070003FFFFFFFFFFFF7A
:10883000F0FFFFFF0E1C3870E1C3870E1C3870E19B
:10884000C3870E1C3870E1C3870E1C3870E1FFFF30
:10885000F0E0038007001C007800E0038007001CA4
:10886000007000E003800F001C007000E003800E29
:10887000001C007001E003800E001C007001C003AA
:10888000800E003CFFFFF870E1C3870E1C3870E1DA
:10889000C3870E1C3870E1C3870E1C3870E1C38794
:1088A0000FFFFFF007003803E01F00D80EE0770746
:1088B0001C38E1C71C1CE0EE0380FFFFFFFFFFFF39
:1088C000F0F0E1E1C1C007E01FF83FFC7C3C701E06
:1088D000000E000E07FE1FFE7FFE7C0EF00EE00E67
:1088E000E00EE00EF01E787E7FFE3FEE0F8FE00080
:1088F000E000E000E000E000E000E000E000E3E095
:10890000EFF8FFFCF83EF01EE00EE007E007E0079E
:10891000E007E007E007E007E00FE00EF01EFC3E96
:10892000FFFCEFF8E3E007E00FF83FFC3C3E780F78
:10893000700FE007E000E000E000E000E000E00091
:10894000E0077007780F3C1E3FFC1FF807E00007A8
:10895000000700070007000700070007000707C718
:108960001FF73FFF3C1F780F7007F007E007E00795
:10897000E007E007E007E007E0077007780F3C1F1B
:108980003FFF1FF707C703E00FF81FFC3C1E780EE0
:10899000700EF007E007FFFFFFFFFFFFE000E000C1
:1089A000F000700078063C1E3FFE0FFC07F003F05D
:1089B0007F0FF1F01E01C01C01C0FFEFFEFFE1C000
:1089C0001C01C01C01C01C01C01C01C01C01C01C3A
:1089D00001C01C01C01C01C007C71FF73FFF7C1F5F
:1089E000780F7007F007E007E007E007E007E0070F
:1089F000E007E0077007780F3C1F3FFF1FF707C72E
:108A000000070007200F700E783E3FFC1FF807E0BC
:108A1000E001C0038007000E001C0038007000E376
:108A2000F1DFF3FFF7E1EF01FC01F803F007E00FDE
:108A3000C01F803F007E00FC01F803F007E00FC07C
:108A40001F803F00706FF600EEEEEEEEEEEEEEEE03
:108A5000EEEE060F0F0600000E0E0E0E0E0E0E0EA0
:108A60000E0E0E0E0E0E0E0E0E0E0E0E0E0E0E0E26
:108A70001EFCFCF8E001C0038007000E001C00385B
:108A8000007000E03DC0F383C7078E1E1C7839E0FC
:108A90007780FE01FE03FE079C0F3C1C3C383C70B7
:108AA00078E079C07B807700F0FFFFFFFFFFFFFFDA
:108AB000FFFFFFF0E3F03F1DFF1FF3FFF7FF7C1FF9
:108AC000C1EF01F01FC01C01F803803F007007E0F8
:108AD0000E00FC01C01F803803F007007E00E00F8D
:108AE000C01C01F803803F007007E00E00FC01C0CD
:108AF0001F803803F0070070E3F1DFF3FFF7E1EFC9
:108B000001FC01F803F007E00FC01F803F007E006A
:108B1000FC01F803F007E00FC01F803F007003E086
:108B200007FC07FF0783C780F3803BC01FC007E037
:108B300003F001F800FC007E003F803DC01CF01EE9
:108B40003C1E0FFE03FE00FE00E3E0EFF8FFFCF822
:108B50003EF01EE00EE00FE007E007E007E007E070
:108B600007E007E00FE00EF01EF83EFFFCEFF8E331
:108B7000E0E000E000E000E000E000E000E000E015
:108B80000007C71FF73FFF7C1F780F7007F007E053
:108B900007E007E007E007E007E007F00770077865
:108BA0000F3C1F3FFF1FF707C70007000700070024
:108BB000070007000700070007E7F7FFFF0F07039D
:108BC00081C0E070381C0E070381C0E070381C00C3
:108BD00007E03FF0FFF3C1E701EE01DC003C003E9F
:108BE000003FC00FE001E001E001F803F807783E24
:108BF000FFF87FE07F000E01C0380700E1FFFFFFB4
:108C0000FF0E01C0380700E01C0380700E01C03861
:108C10000700E01E03F83F03E0E00FC01F803F00A5
:108C20007E00FC01F803F007E00FC01F803F007ECC
:108C300000FC01F803F80F783EFFFCFFB87C70E001
:108C40000FE00EF00E701E701C781C383C38381C7B
:108C5000381C381C700E700E700EE006E007E0073E
:108C6000C003C003800380E01C03F00E01FC0F81F1
:108C7000EE07C0E703E07381B038E1DC3870EE1C2A
:108C800038630E1C71C70738E703987381DC19C07D
:108C9000EE0EC03F07E01F01F00F80F803C078011F
:108CA000C01C00E00E00F00F781E781C3C3C1C78C5
:108CB0001E700EF007E007E003C003C007E00FE0FE
:108CC0000EF01E781C383C3C781C701EF00F7007AC
:108CD00038039E03C701C380E1E0F0707038381E8E
:108CE0001C071C038E01E70077003B801FC007C0F4
:108CF00003E001F000700038001C000C000E0007BB
:108D00000007003F801F800F8000FFFDFFFBFFF08A
:108D100001E007801E003C00F003C007001E007841
:108D200001E003C00F003C007001FFFFFFFFFFF0F8
:108D30000040380F0380701C0380700E01C038079C
:108D400000E01C0380E07C1F03E07E01C01C038068
:108D5000700E01C0380700E01C03803807807807D8
:108D60000020FFFFFFFFFFFFFFFFFFFFFFFF601E71
:108D700000E00E01C01C0380700E01C0380700E047
:108D80001C03803803E01C0F8380E01C0380700EFE
:108D900001C0380700E01C0700E0781E0100001F3A
:108DA0000073FC077FE0770F0EE07FEE03FC000FFF
:108DB00080F0F0F0F0A9A9A9A9B003030308080303
:108DC00008080D030D080F030F081010007EFDFBAF
:108DD000F7EFDFBF7EFDFBF7EFDFBF7EFDFBF7E0C8
:108DE00000007DFFFFFFEF80F1FE3FC7F8FF1FE3AC
:108DF000FC7F8FE1DC3B870000F0E001E3C003C7AC
:108E000080078F000E1E001C3C00787000F1E0010E
:108E1000E3C07FFFFCFFFFF9FFFFF03C380078F074
:108E200000F1E001E3C003C780070F03FFFFE7FF86
:108E3000FFCFFFFF80F1E001E3C00387800F0E004A
:108E40001E1C003C780078F000F1E001C3C0000077
:108E5000380003800038000380003800038001FCE4
:108E6000007FF01FFF83FFFC3FFFE7F8FE7F07F75F
:108E7000E03F7E03F7E03F7F0007F8003FE001FF9F
:108E8000800FFE007FF801FFC007FE001FE0007F9B
:108E90000003FFC03FFC03FFE03F7E07F7F9FE3F02
:108EA000FFE1FFFC0FFF801FC00070000700007093
:108EB0000007000FC00007FC0001FFC0007C7C1C05
:108EC0000F0783C1E0F0F03C1E1E0783C780F079D6
:108ED000E01F1F3C01FFCF001FF1E000FC78000005
:108EE0001E000003C00000F000001E3E00079FF0BF
:108EF00001E7FF003CF1E00F3C1E03E783C078F080
:108F0000781E1E0F03C3C1E0F0783C1E078F00805F
:108F1000FFE0000FF800007C0001F80000FFC00037
:108F20003FFC000FFFC001FFFC007F1F800FC1F05E
:108F300001F83E003F07C007E1F000FE7E000FFF92
:108F40008000FFE0001FF80001FC00007FC0FC3F34
:108F5000FC1F8FFFC3F1FBFCFE7E3FDF8FC3FFF1E1
:108F6000F83FFE3F03FF87F03FF0FF07FC0FFFFFD6
:108F7000C0FFFFFC1FFFFF80FFFBF807F87F80FFAB
:108F8000FFFFFFFFFFBC0000180781F07C1F03E01C
:108F9000F81E07C0F83E07C0F81F07C0F81F03E01F
:108FA0007C0F81F03E07C0F81F03E07C0780F81FAC
:108FB00003E03C07C0F80F81F01F03E03E03E03CF4
:108FC0000300000600F00F807C03E03F01F01F80EB
:108FD000F80FC07C07E07E07E03E03F03F03F03F60
:108FE00003F03F03F03F03F03F03F03F03E07E0751
:108FF000E07E07C0FC0F81F81F03F07E07C0F80F6A
:1090000000600000F0001E0003C00078000F00E1C7
:10901000E09F3CFBFFFF7FFFE1FFF007E001FC006A
:109020007FC00F7C03C7C0F87C1E0F8080C000008B
:109030000001F8001F8001F8001F8001F8001F8068
:1090400001F8001F8001F80FFFFFFFFFFFFFFFFF88
:10905000FFFFFFFF01F8001F8001F8001F8001F8EB
:10906000001F8001F8001F8001F8003E7CF9F3E743
:10907000CF9E7CFBE78300FFFFFFFFFFFFFFF07D3C
:10908000FFFFFFEF80003E007801F003E007801F44
:10909000003E007801F003E007801F003E007801E9
:1090A000F003E007C00F003E007C00F003E007C0C3
:1090B0000F003E007C00F003E007C00F003E007C84
:1090C00000F00001F800FFF01FFF83FFFC3FFFC727
:1090D000F0FE7E07EFE07EFC03FFC03FFC03FFC015
:1090E0003FFC03FFC03FFC03FFC03FFC03FFC03F4A
:1090F000FC03FFC03FFC03FFC03F7E07E7E07E7F2D
:109100000FE3FFFC3FFFC1FFF80FFF001F800018B7
:1091100007C1FE3FFFFFFFFFFFFFBFE1F80FC07E6B
:1091200003F01F80FC07E03F01F80FC07E03F01F33
:1091300080FC07E03F01F80FC07E03F01F80FC01B8
:10914000FC003FFC07FFF07FFFC3FFFE3F87F9F8FD
:109150001FDF807EFC03F7E01F8000FC000FC000D3
:109160007E0007F0007F0007F0007F0007F0007F1F
:109170008007F8007F8007F8007F8007F8007F8075
:1091800007FFFFFFFFFFFFFFFFFFFFFFFFFC01FEE9
:10919000003FFC07FFF87FFFE3FFFF3FC3FDF80F31
:1091A000EFC03F0001F8000FC000FC001FE01FFEF1
:1091B00000FFC007FF003FFC01FFF0001F8000FE22
:1091C0000003F0001FFE00FFF007FFC07F7F07F3E2
:1091D000FFFF8FFFF83FFF80FFF800FE00000FC089
:1091E000007F0003FC000FF0007FC003FF000FFCB6
:1091F000007FF001FFC00FBF007CFC01F3F00F8F78
:10920000C07E3F01F0FC0F83F07E0FC1F03F0FFFE7
:10921000FFFFFFFFFFFFFFFFFFFFFFFFC003F000A7
:109220000FC0003F0000FC0003F0000FC0003F0033
:109230003FFFE3FFFE3FFFE3FFFE3FFFE3F0003EA3
:109240000007E0007E0007EFC07FFF07FFF87FFF09
:10925000C7FFFE7E0FE0407F0007F0003F0003F0F5
:10926000003F0003FFC03FFE03FFE07E7F0FE7FFEC
:10927000FC3FFFC1FFF80FFF001F80001F8003FCB1
:10928000007FE00FFF00FFF80FFC007F0007F000F9
:109290003F0003F3F01FFFE1FFFF8FFFFE7FFFFBA7
:1092A000FC3FDFC07EFC03FFE00FFF007FF803FF01
:1092B000C01FFE00FDF80FEFC07E7F07F1FFFF0724
:1092C000FFF81FFF807FF000FE00FFFFFFFFFFFFA2
:1092D000FFFFFFFFFFFFFF8001F8000FC000FC0051
:1092E00007E0007E0003F0003F8001F8000FC0009F
:1092F000FC0007E0007F0003F0003F8001F8001F42
:10930000C000FC000FE0007F0003F0003F8001F888
:10931000001FC000FC000FE00001FC00FFF81FFF71
:10932000C3FFFE3FFFE7F0FF7E07F7E03F7E03F756
:10933000E03F3F07E3F8FE1FFFC0FFF80FFF01FF0C
:10934000F83F9FC7E07EFC03FFC03FFC03FFC03F28
:10935000FC03FFE07FFF0FE7FFFE3FFFC3FFFC0FB3
:10936000FF003FC001F8007FE01FFF03FFF83FFF51
:10937000C7F0FE7E07EFE07EFC03FFC03FFC03FF6B
:10938000C03FFC03FFE03F7F0FF7FFFF3FFFF3FF0E
:10939000FF0FFBF07E3E0007E0007E000FC001FCE7
:1093A000007F80FFF00FFE00FFC00FF000F8007D8F
:1093B000FFFFFFEF80000000000000000000FBFF47
:1093C000FFFFDF003E7F7F7F7F3E00000000000048
:1093D00000000000003E3E3E3E3E3E3E3E3C7C786D
:1093E000F8700000004000F000FC00FF01FFC1FF2A
:1093F000F3FFFBFFF0FFE03FC00FE003FF00FFF8CB
:109400000FFFC0FFFC07FF007FC007F0003C000318
:10941000FFFFFFFFFFFFFFFFFFFFFFFE0000000059
:1094200000000000001FFFFFFFFFFFFFFFFFFFFF27
:10943000FFC080003C000FC003FC00FFE03FFE07C0
:10944000FFF03FFF01FFC00FF003FC03FF07FFCF5A
:10945000FFCFFFC3FF80FF803F800F0003000003AA
:10946000FC01FFE0FFFE3FFFE7FFFDFE1FFF81FF66
:10947000E03F0007E000FC003F800FE003FC00FF3E
:10948000003FC00FF001FC007F000FC001F8003F5B
:10949000000000000000000001F0007F000FE0016C
:1094A000FC003F8003E0000003FC000007FFE00039
:1094B00007FFFE0007F00FE003F000FC01F0001FC3
:1094C00000F80001E03C00007C1E00000F0F807FD0
:1094D00003E3C03FE078F03FFE1E780FFF879E0752
:1094E000E3C0F783E0F03FC0F83C0FF07C0F03FCD3
:1094F0001F03C0FF07C0F03FC1F03C0FF0781F030F
:10950000FC3E07C0FF0F81F07BC1E07C1EF07C3F7A
:1095100007BE1F9FC3C787FFF1F1E0FFFFF8781F69
:10952000E7FC1F03E0FC03E0000000F80000001F60
:1095300000000003F0000000FF8060001FFFFC003F
:1095400001FFFF00001FFF800000FF0000001F80E0
:109550000003FC00003FC00003FE00007FE00007A6
:10956000FE0000FFF0000FFF0000FFF0001FDF8093
:1095700001F9F8001F9FC003F8FC003F0FC007F07F
:10958000FE007F07E007E07E00FE07F00FE03F00EF
:10959000FFFFF81FFFFF81FFFFF83FFFFFC3FFFF43
:1095A000FC3F800FC7F000FE7F000FE7F0007FFE5A
:1095B0000007FFE0007FFFFE03FFFF0FFFFF3FFFFD
:1095C000FEFFFFFBF00FFFC01FFF003FFC00FFF09E
:1095D00003FFC01FFF00FEFFFFFBFFFFCFFFFC3FAD
:1095E000FFFCFFFFFBF00FEFC01FFF003FFC00FF81
:1095F000F003FFC00FFF007FFC03FBFFFFEFFFFF47
:109600003FFFFCFFFFC3FFFC00007F0003FFE007FC
:10961000FFF00FFFF81FFFFC3FC1FE3F807E7F0081
:109620007F7F003FFE003FFE0000FE0000FE0000C6
:10963000FE0000FE0000FE0000FE0000FE0000FE36
:109640000000FE0000FE003F7F003F7F007F7F8024
:109650007E3FC1FE1FFFFC1FFFF807FFF003FFE086
:1096600000FF00FFF801FFFE03FFFE07FFFF0FFFF3
:10967000FF1F81FE3F01FE7E01FEFC01FDF803FBA2
:10968000F003FFE007FFC00FFF801FFF003FFE0059
:109690007FFC00FFF801FFF003FFE007FFC01FDFC2
:1096A000803FBF00FF7E03FCFC0FF1FFFFE3FFFFE5
:1096B00087FFFC0FFFF01FFF0000FFFFFFFFFFFF12
:1096C000FFFFFFFFFFFFFFFE0003F0001F8000FC15
:1096D0000007E0003F0001F8000FFFFE7FFFF3FFEF
:1096E000FF9FFFFCFFFFE7E0003F0001F8000FC015
:1096F000007E0003F0001F8000FC0007FFFFFFFF5B
:10970000FFFFFFFFFFFFFFFFFCFFFFFFFFFFFFFF6C
:10971000FFFFFFFFFFFFC000FC000FC000FC000FB9
:10972000C000FC000FC000FC000FFFFEFFFFEFFFBA
:10973000FEFFFFEFFFFEFC000FC000FC000FC000AB
:10974000FC000FC000FC000FC000FC000FC000FCBC
:10975000000FC000007F8003FFE007FFF80FFFFC51
:109760001FFFFC3FE0FE3F807E7F003F7F003FFF0A
:109770000000FE0000FE0000FE0000FE07FFFE07E6
:10978000FFFE07FFFE07FFFE07FFFE003FFE003F54
:10979000FF003F7F003F7F803F3F803F3FE0FF1F54
:1097A000FFFF0FFFFE07FFFC03FFF0007FC0FC0080
:1097B0003FFC003FFC003FFC003FFC003FFC003F43
:1097C000FC003FFC003FFC003FFC003FFC003FFC76
:1097D000003FFFFFFFFFFFFFFFFFFFFFFFFFFFFF58
:1097E000FFFC003FFC003FFC003FFC003FFC003F53
:1097F000FC003FFC003FFC003FFC003FFC003FFC46
:10980000003FFC003FFC003FFFFFFFFFFFFFFFFFAB
:10981000FFFFFFFFFFFFFFFFFFFFFFFFFFFFF00066
:1098200003F0003F0003F0003F0003F0003F00039F
:10983000F0003F0003F0003F0003F0003F0003F0A2
:10984000003F0003F0003F0003F0003F0003F00082
:109850003F0003FFC03FFC03FFE07F7F0FE7FFFEF9
:109860003FFFC3FFF80FFF003FC0FC01FEFC01FEFD
:10987000FC03FCFC07F8FC0FF0FC0FF0FC1FE0FC05
:109880003FC0FC3F80FC7F00FCFF00FDFE00FDFCB4
:1098900000FFFC00FFFC00FFFE00FFFF00FFFF00D9
:1098A000FFFF80FF3F80FE3FC0FC1FE0FC0FE0FC9D
:1098B0000FF0FC07F8FC07F8FC03FCFC01FCFC01C2
:1098C000FEFC00FFFC000FC000FC000FC000FC000D
:1098D0000FC000FC000FC000FC000FC000FC000F18
:1098E000C000FC000FC000FC000FC000FC000FC057
:1098F00000FC000FC000FC000FC000FC000FC00007
:10990000FC000FFFFFFFFFFFFFFFFFFFFFFFFFFF59
:109910008001FFFF8001FFFFC003FFFFC003FFFFC7
:10992000C003FFFFE007FFFFE007FFFFE007FFFFC7
:10993000F00FFFFDF00FBFFDF00FBFFDF81FBFFCE4
:10994000F81F3FFCF81F3FFCFC3F3FFC7C3E3FFC08
:109950007C3E3FFE7E7E7FFE3E7C7FFE3E7C7FFE29
:109960003FFC7FFE1FF87FFE1FF87FFE1FF87FFE83
:109970000FF07FFE0FF07FFE07E07FFE07E07FFE27
:1099800007E07FFE03C07FFC003FFE003FFF003F7B
:10999000FF003FFF803FFF803FFFC03FFFE03FFFF2
:1099A000E03FFFF03FFFF83FFDF83FFDFC3FFCFCD0
:1099B0003FFCFE3FFC7F3FFC3F3FFC3FBFFC1FBF27
:1099C000FC1FFFFC0FFFFC07FFFC07FFFC03FFFC75
:1099D00001FFFC01FFFC00FFFC00FFFC007FFC001E
:1099E0003F007F80007FF8007FFF803FFFF01FFF78
:1099F000FE0FF87FC3F807F1FC01FE7F003F9FC018
:109A00000FEFE001FFF8007FFE001FFF8007FFE07F
:109A100001FFF8007FFE001FFF8007FFE001FFF855
:109A2000007F7F003F9FC00FE7F007F8FE01FC3F7B
:109A3000E1FF07FFFF80FFFFC01FFFE001FFE00025
:109A40001FE000FFFF01FFFF83FFFFC7FFFFCFFF06
:109A5000FF9F807FBF007F7E007FFC00FFF801FF3B
:109A6000F003FFE007FFC01FFF807FBFFFFF7FFF06
:109A7000FCFFFFF1FFFF83FFFC07E0000FC0001FAA
:109A800080003F00007E0000FC0001F80003F000B1
:109A900007E0000FC0001F800000007F80007FF8FB
:109AA000007FFF803FFFF01FFFFE0FF87FC3F80726
:109AB000F1FC01FE7F003F9FC00FEFE001FFF800C7
:109AC0007FFE001FFF8007FFE001FFF8007FFE0020
:109AD0001FFF8007FFE001FFF8007F7F003F9FC06E
:109AE0000FE7F007F8FE01FC3FE1FF07FFFF80FFF3
:109AF000FFC01FFFE001FFFC001FFF80000FF80008
:109B000001FF00003F00000780000040FFFE01FF52
:109B1000FF83FFFF87FFFF8FFFFF9F807F3F007F57
:109B20007E007EFC00FDF801FBF003F7E007EFC0CC
:109B30001FDF807F3FFFFE7FFFF8FFFFE1FFFF0396
:109B4000FFFF07E0FE0FC1FE1F81FC3F01FC7E030B
:109B5000F8FC03F1F807F3F007E7E00FEFC00FDFC1
:109B6000801FC000FF000FFFC03FFFC0FFFFC3FF0B
:109B7000FFCFF03F9FC03FBF003F7E007EFC000153
:109B8000FC0001FE0003FF8003FFE001FFF001FF86
:109B9000F8007FF8001FF8000FF00007FFC007FF74
:109BA000800FFF001FFF007F7F81FE7FFFF8FFFF18
:109BB000E07FFFC07FFE001FF000FFFFFFFFFFFF01
:109BC000FFFFFFFFFFFFFFFFFFF803F00001F800BA
:109BD00000FC00007E00003F00001F80000FC0005E
:109BE00007E00003F00001F80000FC00007E000028
:109BF0003F00001F80000FC00007E00003F00001DD
:109C0000F80000FC00007E00003F00001F80000FF5
:109C1000C00007E00003F000FC007FF800FFF00147
:109C2000FFE003FFC007FF800FFF001FFE003FFCA7
:109C3000007FF800FFF001FFE003FFC007FF800F87
:109C4000FF001FFE003FFC007FF800FFF001FFE077
:109C500003FFC007FF800FFF803FBF007E7F83FCB4
:109C60007FFFF0FFFFE0FFFF807FFC001FC000FFD1
:109C7000000FE7F000FE7F001FE7F001FC3F801FB0
:109C8000C3F801FC3F803F81FC03F81FC03F81FC0B
:109C900007F00FC07F00FE07F00FE07E007E0FE0B0
:109CA00007F0FE007F0FC003F1FC003F1FC003F967
:109CB000F8001F9F8001FBF8001FFF0000FFF0006D
:109CC0000FFF0000FFE00007FE00007FE00007FC40
:109CD00000003FC00003FC00FC03F00FFF807E018A
:109CE000FFF80FE03F7F01FC07E7E07F80FCFC0FFF
:109CF000F03F9F81FF07F3F83FE0FC7F07FC1F87E1
:109D0000E1FF83F0FC3FF8FE1F87FF1FC3F8FBE372
:109D1000F07F3F7C7E07E7EF8FC0FCF9FBF81F9FC9
:109D20003F7E03FFE3EFC03FFC7DF807FF0FFF001E
:109D3000FFE1FFE01FFC1FF803FF83FF003FE07F10
:109D4000E007FC0FFC00FF80FF801FF01FE001FE1A
:109D500003FC003F807F8007F007F0007F003FDFBB
:109D6000E00FE3F807F8FF01FC1FC0FF03F83F8096
:109D7000FE1FE01FC7F007F3F800FEFE003FFF00E4
:109D800007FFC000FFE0003FF80007FC0001FF00F4
:109D900000FFE0007FF8001FFF000FFFC003FBF88B
:109DA00001FCFF007F1FC03F87F81FE0FE07F03F68
:109DB000C3FC07F0FE01FE7F803FDFC007F07F009D
:109DC0001FCFE003F8FE00FE1FC01FC1FC07F03FDD
:109DD00080FE03F01F807F07F007E0FC00FE3F805D
:109DE0000FC7E001FDFC001FBF0003FFE0003FF8CC
:109DF0000007FF00007FC0000FF80000FE00001FFA
:109E0000C00003F800007F00000FE00001FC00002C
:109E10003F800007F00000FE00001FC00003F800B4
:109E2000007F0000FFFFFFFFFFFFFFFFFFFFFFFFBF
:109E3000FFFFC0003F8000FE0003F80007F0001F96
:109E4000C0007F0000FE0003F8000FE0003FC000EC
:109E50007F0001FC0007F8000FE0003F8000FF00DA
:109E600003FC0007F0001FE0007F8000FFFFFFFF02
:109E7000FFFFFFFFFFFFFFFFFFFFC0FFFFFFFFFF31
:109E8000FFE3F1F8FC7E3F1F8FC7E3F1F8FC7E3F54
:109E90001F8FC7E3F1F8FC7E3F1F8FC7E3F1F8FC8B
:109EA0007E3F1F8FC7E3FFFFFFFFFFE0FE001FC0E5
:109EB00001F8003F8007F0007E000FE000FC001F6B
:109EC000C003F8003F0007F000FE000FE001FC00B7
:109ED0001F8003F8007F0007E000FE000FC001FCB8
:109EE000003F8003F0007F000FE000FC001FC00176
:109EF000F8003F8007F0007E000FE0FFFFFFFFFF4C
:109F0000F8FC7E3F1F8FC7E3F1F8FC7E3F1F8FC731
:109F1000E3F1F8FC7E3F1F8FC7E3F1F8FC7E3F1FA3
:109F20008FC7E3F1F8FFFFFFFFFFFFE003E003F05F
:109F300001FC00FE00FF807FC07DE03EF83E7C1FFC
:109F40001F0F0F8F83C7C1F7C0FBE03EFFFFFFFF6E
:109F5000FFFFFFFFFFFFFFFE7E07E07E0FC0FC0F4D
:109F6000C001FC00FFF01FFF83FFFC3FFFC7F0FEB6
:109F70007E07E0007E0007E03FFE1FFFE3FFFE7F5D
:109F800007EFE07EFC07EFC07EFC0FEFE1FEFFFF76
:109F9000E7FFFE3FFFE1FF7E07C3F0FC000FC000BC
:109FA000FC000FC000FC000FC000FC000FC000FC54
:109FB000000FC7C0FDFF0FFFF8FFFFCFFFFEFF0F31
:109FC000EFC07EFC07FFC03FFC03FFC03FFC03FF68
:109FD000C03FFC03FFC03FFC03FFC07EFF0FEFFF4D
:109FE000FEFFFFCFFFF8FDFF0F87E001FC007FF0D1
:109FF0001FFFC3FFFC3FFFE7F0FE7E07FFE03FFCD3
:10A0000003FFC000FC000FC000FC000FC000FC00FC
:10A010000FC03F7E03F7F0FF3FFFE3FFFC1FFFC0D1
:10A020007FF001FC000003F0003F0003F0003F0060
:10A0300003F0003F0003F0003F0003F03E3F0FFB42
:10A04000F1FFFF3FFFF7FFFF7F0FF7E03FFE03FF4A
:10A05000C03FFC03FFC03FFC03FFC03FFC03FFC049
:10A060003FFE03F7E03F7F0FF7FFFF3FFFF1FFFFEA
:10A070000FFBF03E1F01FC007FF01FFF83FFFC3F42
:10A08000FFE7F0FE7E07EFE03FFC03FFFFFFFFFF6F
:10A09000FFFFFFFFFFFFC000FC000FE0087F00C7CD
:10A0A000F83C3FFFE1FFFE0FFFC07FF801FC00001E
:10A0B000FE07FC1FF87FF0FFE3F807E00FC01F81E9
:10A0C000FFFBFFF7FFEFFFDFFF87E00FC01F803FC1
:10A0D000007E00FC01F803F007E00FC01F803F0086
:10A0E0007E00FC01F803F007E00FC003F1F0FFBFB2
:10A0F0001FFFF3FFFF7FFFF7F07F7E03FFE03FFCD2
:10A1000003FFC03FFC03FFC03FFC03FFC03FFC0355
:10A11000FFE03F7E03F7F07F7FFFF3FFFF1FFFF0BD
:10A12000FFBF03F3F0003F0003F1807F1E0FE3FF4A
:10A13000FE7FFFC3FFF80FFF003F80FC001F80037E
:10A14000F0007E000FC001F8003F0007E000FC00B7
:10A150001F8FC3F7FC7FFFCFFFFDFFFFBF83FFE033
:10A160003FFC07FF80FFF01FFE03FFC07FF80FFFDB
:10A1700001FFE03FFC07FF80FFF01FFE03FFC07FF1
:10A18000F80FFF01FFE03F7DFFFFFFEF800000FDC4
:10A19000FBF7EFDFBF7EFDFBF7EFDFBF7EFDFBF7D9
:10A1A000EFDFBF03E07F07F07F07F03E0000000015
:10A1B000003F03F03F03F03F03F03F03F03F03F0A5
:10A1C0003F03F03F03F03F03F03F03F03F03F03F56
:10A1D00003F03F03F03F03F07FFFEFFEFFCFF8FEF9
:10A1E00000FC0007E0003F0001F8000FC0007E0007
:10A1F00003F0001F8000FC0007E07FBF07F9F87F35
:10A200008FC3F87E3F83F3FC1FBFC0FDFC07FFC078
:10A210003FFC01FFF00FFF807FFE03FFF81FFFC030
:10A22000FE7F07E3FC3F0FE1F83F8FC1FC7E07F3A1
:10A23000F03FDF80FEFFFFFFFFFFFFFFFFFFFFFF9D
:10A24000FFFFFFFFFFFFFFFFFFFFFFFFFFFC7E039E
:10A25000F0FDFF8FFCFFFFDFFEFFFFFFFEFFFFFFB4
:10A26000FEFF0FF87FFC07E03FFC07E03FFC07E044
:10A270003FFC07E03FFC07E03FFC07E03FFC07E056
:10A280003FFC07E03FFC07E03FFC07E03FFC07E046
:10A290003FFC07E03FFC07E03FFC07E03FFC07E036
:10A2A0003FFC07E03FFC07E03FFC7E1FBFF3FFFFE2
:10A2B0007FFFEFFFFDFC1FFF01FFE03FFC07FF807A
:10A2C000FFF01FFE03FFC07FF80FFF01FFE03FFC20
:10A2D00007FF80FFF01FFE03FFC07FF80FFF01F8AC
:10A2E00001FC003FF807FFF07FFFC3FFFE3F83F94B
:10A2F000F80FDFC07FFC01FFE00FFF007FF803FFD6
:10A30000C01FFE00FFF007FFC07F7E03F3F83F8F02
:10A31000FFF87FFFC1FFFC03FF8007F000FC7C0F0C
:10A32000DFF0FFFF8FFFFCFFFFEFF0FEFC07EFC049
:10A330007FFC03FFC03FFC03FFC03FFC03FFC03FA7
:10A34000FC03FFC07FFC07EFF0FEFFFFEFFFFCFF09
:10A35000FF8FDFF0FC7C0FC000FC000FC000FC0092
:10A360000FC000FC000FC000FC000FC00003E1F0B4
:10A37000FF9F1FFFF3FFFF7FFFF7F0FF7E03FFE06C
:10A380003FFC03FFC03FFC03FFC03FFC03FFC03F97
:10A39000FC03FFE03F7E03F7F0FF7FFFF3FFFF1FAB
:10A3A000FFF0FFBF03E3F0003F0003F0003F0003B6
:10A3B000F0003F0003F0003F0003F0003FFC7FEFA0
:10A3C000FFFFFFFFFFFFFFFC1FC0FC07E03F01F89E
:10A3D0000FC07E03F01F80FC07E03F01F80FC07E36
:10A3E00003F00003F801FFE07FFE1FFFE7FFFCFE24
:10A3F0001FDF81FBF03F7F0007F8007FF007FF8041
:10A400003FF8007F8003FFE03FFC07FFC1FDFFFF37
:10A410009FFFE3FFF81FFE00FE001F807E01F8078C
:10A42000E01F807E0FFFBFFEFFFBFFEFFF87E01FF7
:10A43000807E01F807E01F807E01F807E01F807E24
:10A4400001F807F01FFC7FF0FFC1FF01F8FC07FFD8
:10A4500080FFF01FFE03FFC07FF80FFF01FFE03F0A
:10A46000FC07FF80FFF01FFE03FFC07FF80FFF0116
:10A47000FFE03FFC07FFC1FDFFFFBFFFF3FFFE7FD3
:10A48000EFC3F1F8FE01FDF807E7F03F9FC0FE3F84
:10A4900003F0FE1FC3F87F07E1F81F87E07F3F80CE
:10A4A000FCFC03F3F00FCFC01FFE007FF801FFE0BC
:10A4B00003FF000FFC003FF0007F8001FE0007F863
:10A4C000001FE000FC0F81FFE07C0FFF03E07EFC3B
:10A4D0003F87E7E1FC3F3F0FE1F9F87F0FC7C7FC7B
:10A4E0007C3F3FE7E1F9EF3F0FCF7DF83EFBEFC147
:10A4F000F78F7C0FBC7FE07FE3FF03FF1FF80FF0B7
:10A500007F807F83FC03FC1FE01FE0FF007E03F0E1
:10A5100003F01F801F80FC007F03FBF81F8FE1FC0E
:10A520003F1FC1FCFE07EFE03FFF00FFF007FF8089
:10A530001FF800FF8003FC003FF003FF801FFE01B7
:10A54000FFF00FFFC0FE7E07F3F87F0FC3F07F3FE1
:10A5500081FDF80FE07E01FDFC07E7F03F8FC0FEB4
:10A560003F83F0FE1FC1F87F07E1F81FC7E03F3FC0
:10A5700080FCFC03F3F007FFC01FFE007FF800FF24
:10A58000E003FF000FFC001FF0007F8001FE0003CE
:10A59000F8000FC0003F0000FC0007E0003F80070C
:10A5A000FC001FF0007F8001FC0007E0007FFFEF50
:10A5B000FFFDFFFFBFFFF7FFFC003F000FE003F8C8
:10A5C00000FE001FC007F001FC003F000FE003F891
:10A5D00000FE001FC007F001FFFFFFFFFFFFFFFFAE
:10A5E000FFFFFFF800700780FE07E07E03F03F01E9
:10A5F000F80FC07E03F01F80FC07E03F01F81F81C9
:10A60000FC3FC1FC0FE07F80FE03F00FC07E03F033
:10A610001F80FC07E03F01F80FC07E01F80FC03F2C
:10A6200000FC03C006FFFFFFFFFFFFFFFFFFFFFF70
:10A63000FFFFFFFFFFFFFF700780FE07E03F03F013
:10A640001F81F81F81F81F81F81F81F81F81F80F03
:10A65000C0FE07F03F03F07F0FE0FC1F81F81F8171
:10A66000F81F81F81F81F81F81F83F03F07E0FE08B
:10A670007C07000F80003FC07CFFC0FBFFC3F7FFDB
:10A68000C7FF8FFFBF0FFF7C0FFCF80FF00007C064
:10A6900063627072696E74665F7061636B61676537
:10A6A000004661696C656420746F207265626F6F2B
:10A6B000743A207370696E6E696E6720656E646CA3
:10A6C0006573736C792E2E2E0A006C6F67006C6FA9
:10A6D000675F6D676D74004D6573736167652064B6
:10A6E000726F70706564206265636175736520695F
:10A6F0007420657863656564732073697A65206C7E
:10A70000696D69746174696F6E2028257529000D63
:10A710000A001B5B306D00257320005B2530386C10
:10A72000755D20005B253032753A253032753A254B
:10A730003032752E253033752C253033755D200071
:10A7400025732F003C25733E200025733A200025F9
:10A750003032782000202020007C001B5B313B330E
:10A76000316D001B5B313B33336D006572720077D6
:10A77000726E00696E6600646267006C6F675F628C
:10A7800061636B656E645F727474006B65726E6595
:10A790006C004B65726E656C20636F6D6D616E64ED
:10A7A00073006379636C65733A20257520687720A0
:10A7B0006379636C65730A006379636C6573004B3E
:10A7C00065726E656C206379636C65732E00556EDF
:10A7D00061626C6520746F20706172736520696EB0
:10A7E0007075742028657272202564290A00736CC4
:10A7F00065657000557074696D653A20256C6C75DF
:10A80000206D730A002D70002D2D7072657474799F
:10A8100000556E737570706F72746564206F70741C
:10A82000696F6E3A2025730A00757074696D653A18
:10A8300020256C6C7520646179732C20256C6C75F7
:10A8400020686F7572732C20256C6C75206D696E95
:10A85000757465732C20256C6C75207365636F6E41
:10A8600064732C20256C6C75206D696C6C69736544
:10A87000636F6E64730A00757074696D65004B6573
:10A88000726E656C20757074696D652E2043616E03
:10A890002062652063616C6C656420776974682050
:10A8A000746865202D70206F72202D2D7072657474
:10A8B0007479206F7074696F6E7300342E302E3986
:10A8C00039005A65706879722076657273696F6EA7
:10A8D0002025730A0076657273696F6E004B65728E
:10A8E0006E656C2076657273696F6E2E00556E61B1
:10A8F000626C6520746F207061727365206C6F6785
:10A9000020736576657269747920286572722025D6
:10A9100064290A00496E76616C6964206C6F672057
:10A920006C6576656C3A2025640A00556E61626C30
:10A930006520746F2066696E64206C6F6720736F8A
:10A94000757263653A2025730A006C6F675F6C65EA
:10A9500076656C003C6D6F64756C65206E616D652D
:10A960003E203C73657665726974792028302D34F9
:10A97000293E007265626F6F74005265626F6F747A
:10A980002E00636F6C6400436F6C64207265626FAD
:10A990006F742E007761726D005761726D20726561
:10A9A000626F6F742E004B65726E656C20746872F6
:10A9B000656164732E005363686564756C65723AF3
:10A9C0002025752073696E6365206C617374206344
:10A9D000616C6C0A00546872656164733A0A004ED7
:10A9E00041002573257020252D3130730A00096F31
:10A9F0007074696F6E733A20307825782C207072ED
:10AA0000696F726974793A2025642074696D656F85
:10AA100075743A20256C6C640A000973746174655E
:10AA20003A2025732C20656E7472793A2025700ABD
:10AA300000556E61626C6520746F20646574657288
:10AA40006D696E6520756E757365642073746163DE
:10AA50006B2073697A6520282564290A0A00097326
:10AA60007461636B2073697A6520257A752C207573
:10AA70006E7573656420257A752C20757361676522
:10AA800020257A75202F20257A75202825752025E8
:10AA900025290A0A006C697374004C697374206B71
:10AAA00065726E656C20746872656164732E002532
:10AAB0007020495251202530326420257328726558
:10AAC000616C2073697A652025347A75293A097595
:10AAD0006E757365642025347A75097573616765D1
:10AAE0002025347A75202F2025347A7520282532A8
:10AAF0007A75202525290A00257020252D333273EB
:10AB000020287265616C2073697A652025347A7516
:10AB1000293A09756E757365642025347A7509754F
:10AB2000736167652025347A75202F2025347A7566
:10AB30002028253275202525290A00737461636B4E
:10AB400073004C6973742074687265616473207358
:10AB50007461636B2075736167652E0044495341CE
:10AB6000424C454400646576696365733A0A005B4C
:10AB700025705D002D2025730020204454206E6F29
:10AB80006465206C6162656C733A00646576696324
:10AB9000650044657669636520636F6D6D616E6401
:10ABA00073004C69737420636F6E666967757265B4
:10ABB000642064657669636573005573696E672008
:10ABC000646174612077696474682025640A0049AF
:10ABD0006E636F727265637420646174612077695B
:10ABE0006474680A00526561642076616C75652042
:10ABF000307825780A0057726974696E672076612B
:10AC00006C756520307825780A00696E76616C690C
:10AC100064206164647220272573270A00696E76B8
:10AC2000616C69642073697A6520272573270A009F
:10AC3000696E76616C696420776964746820272581
:10AC400073270A00613A733A773A00272D61203C56
:10AC5000616464726573733E27206973206D616E51
:10AC60006461746F72790A00272D73203C73697ACE
:10AC7000653E27206973206D616E6461746F72791F
:10AC80000A006465766D656D206C6F616420737574
:10AC900070706F7274732073657474696E6720626C
:10ACA0007970617373206F6E20612073696E676CB9
:10ACB0006520696E7374616E63652E0A004C6F6166
:10ACC00064696E672E2E2E0A70726573732063742A
:10ACD000726C2D78206374726C2D7120746F2065F6
:10ACE00073636170650A004E756D626572206F66F0
:10ACF00020627974657320726561643A2025640A64
:10AD0000002D2D002D6500556E6B6E6F776E206FD8
:10AD10007074696F6E20222573220A006465766D57
:10AD2000656D00526561642F777269746520706883
:10AD300079736963616C206D656D6F72790A557303
:10AD40006167653A0A52656164206D656D6F72795D
:10AD5000206174206164647265737320776974681C
:10AD6000206F7074696F6E616C2077696474683AE3
:10AD70000A6465766D656D203C6164647265737309
:10AD80003E205B3C77696474683E5D0A5772697463
:10AD900065206D656D6F72792061742061646472E5
:10ADA0006573732077697468206D616E6461746F78
:10ADB000727920776964746820616E642076616CB2
:10ADC00075653A0A6465766D656D203C61646472F0
:10ADD0006573733E203C77696474683E203C7661FD
:10ADE0006C75653E0064756D700055736167653AFA
:10ADF0000A6465766D656D2064756D70202D612027
:10AE00003C616464726573733E202D73203C7369EA
:10AE10007A653E205B2D77203C77696474683E5DDF
:10AE20000A006C6F61640055736167653A0A646576
:10AE3000766D656D206C6F6164205B6F7074696FF7
:10AE40006E735D205B616464726573735D0A4F703D
:10AE500074696F6E733A0A2D65096C6974746C6558
:10AE60002D656E6469616E20706172736500537543
:10AE700062636F6D6D616E64733A0A00506C656158
:10AE8000736520707265737320746865203C54612B
:10AE9000623E20627574746F6E20746F20736565F6
:10AEA00020616C6C20617661696C61626C65206305
:10AEB0006F6D6D616E64732E0A00596F752063614A
:10AEC0006E20616C736F2075736520746865203C1B
:10AED0005461623E20627574746F6E20746F2070CE
:10AEE000726F6D7074206F72206175746F2D636F57
:10AEF0006D706C65746520616C6C20636F6D6D6145
:10AF00006E6473206F722069747320737562636F4F
:10AF10006D6D616E64732E0A00596F752063616EEA
:10AF20002074727920746F2063616C6C20636F6D84
:10AF30006D616E64732077697468203C2D683E20D3
:10AF40006F72203C2D2D68656C703E2070617261BF
:10AF50006D6574657220666F72206D6F7265206911
:10AF60006E666F726D6174696F6E2E0A000A5368A7
:10AF7000656C6C20737570706F72747320666F6C83
:10AF80006C6F77696E67206D6574612D6B65797381
:10AF90003A0A20204374726C202B202861206B65B4
:10AFA000792066726F6D3A206162636465666B6CCE
:10AFB0006E707577290A2020416C7420202B202880
:10AFC00061206B65792066726F6D3A206266290A8E
:10AFD000506C6561736520726566657220746F20C0
:10AFE0007368656C6C20646F63756D656E746174F5
:10AFF000696F6E20666F72206D6F72652064657474
:10B0000061696C732E0A000A417661696C61626C39
:10B010006520636F6D6D616E64733A0A0025303888
:10B02000583A20007C0A0068656C70005072696EA6
:10B030007473207468652068656C70206D65737327
:10B040006167652E001B5B25642563001B5B313B3C
:10B050003325646D001B5B34303325646D0025732C
:10B06000252D2A73002573257300202D2000202014
:10B07000004C6F7374206C6F67733A20256C750AEF
:10B0800000416374697665207368656C6C20626149
:10B09000636B656E64733A0A0020202532642E20AB
:10B0A0003A257320282573290A005B2533645D2027
:10B0B00025730A006F66660020756E6B6E6F776E83
:10B0C00020706172616D657465723A200025733A73
:10B0D000257325730A004563686F20737461747566
:10B0E000733A2025730A004E6F20726573706F6E7D
:10B0F00073652066726F6D20746865207465726D6B
:10B10000696E616C2C20617373756D6564203830D5
:10B110007832342073637265656E2073697A650ACC
:10B12000001B5B366E0072657476616C005072694C
:10B130006E742072657475726E2076616C75652010
:10B140006F66206D6F737420726563656E74206323
:10B150006F6D6D616E6400726573697A6500436F2F
:10B160006E736F6C652067657473207465726D69AA
:10B170006E616C2073637265656E2073697A6520F9
:10B180006F7220617373756D657320646566617598
:10B190006C7420696E206361736520746865207229
:10B1A0006561646F7574206661696C732E204974E3
:10B1B000206D7573742062652065786563757465AC
:10B1C00064206166746572206561636820746572CD
:10B1D0006D696E616C207769647468206368616E64
:10B1E000676520746F20656E7375726520636F727A
:10B1F00072656374207465787420646973706C611F
:10B20000792E00686973746F727900436F6D6D6198
:10B210006E6420686973746F72792E007368656C50
:10B220006C0055736566756C2C206E6F7420556EBE
:10B2300069782D6C696B65207368656C6C20636F31
:10B240006D6D616E64732E00636C65617200436C9A
:10B250006561722073637265656E2E0072656D00A4
:10B2600049676E6F7265206C696E657320626567F1
:10B27000696E6E696E672077697468202772656DE4
:10B2800020270064656661756C7400417373756D89
:10B29000652038302063686172732073637265655E
:10B2A0006E20776964746820616E642073656E64D3
:10B2B00020746869732073657474696E6720746F95
:10B2C00020746865207465726D696E616C2E006211
:10B2D00061636B656E6473004C69737420616374A1
:10B2E000697665207368656C6C206261636B656E5E
:10B2F00064732E0A006261636B73706163655F6DD6
:10B300006F646500546F67676C65206261636B737F
:10B3100070616365206B6579206D6F64652E0A53DB
:10B320006F6D65207465726D696E616C73206172FA
:10B3300065206E6F742073656E64696E6720736537
:10B340007061726174652065736361706520636FFD
:10B35000646520666F72206261636B737061636500
:10B3600020616E642064656C657465206275747418
:10B370006F6E2E205468697320636F6D6D616E640B
:10B3800020666F72636573207368656C6C20746FE0
:10B3900020696E746572707265742064656C657482
:10B3A00065206B6579206173206261636B737061E6
:10B3B00063652E00636F6C6F727300546F67676C08
:10B3C0006520636F6C6F7265642073796E74617849
:10B3D0002E00767431303000546F67676C652076CC
:10B3E0007431303020636F6D6D616E64732E007048
:10B3F000726F6D707400546F67676C652070726F48
:10B400006D70742E006563686F00546F67676C65BC
:10B41000207368656C6C206563686F2E00737461BF
:10B420007473005368656C6C207374617469737411
:10B430006963732E006261636B73706163650053AF
:10B44000657420646966666572656E7420657363F1
:10B4500061706520636F646520666F72206261634E
:10B460006B737061636520616E642064656C6574E4
:10B4700065206B65792E0064656C657465005365A5
:10B4800074207468652073616D65206573636170F5
:10B490006520636F646520666F72206261636B7301
:10B4A0007061636520616E642064656C65746520FD
:10B4B0006B65792E007265736574005265736574EF
:10B4C000207368656C6C207374617469737469634C
:10B4D0007320666F7220746865204C6F67676572B1
:10B4E000206D6F64756C652E0073686F770047651B
:10B4F00074207368656C6C2073746174697374690B
:10B50000637320666F7220746865204C6F6767658F
:10B5100072206D6F64756C652E0044697361626C96
:10B5200065207368656C6C206563686F2E204564C8
:10B530006974696E67206B65797320616E64206D34
:10B540006574612D6B65797320617265206E6F740F
:10B550002068616E646C656400456E61626C652094
:10B560007368656C6C206563686F2E004469736155
:10B57000626C652070726F6D70742E00456E616232
:10B580006C652070726F6D70742E00446973616217
:10B590006C6520767431303020636F6D6D616E6440
:10B5A000732E00456E61626C6520767431303020F8
:10B5B000636F6D6D616E64732E0044697361626CBC
:10B5C0006520636F6C6F7265642073796E74617847
:10B5D0002E00456E61626C6520636F6C6F726564EE
:10B5E0002073796E7461782E002A2A2A20426F6FA8
:10B5F00074696E67206E524620436F6E6E65637489
:10B600002053444B2076332E302E322D3839626150
:10B610003132393461633962202A2A2A0A002A2AFF
:10B620002A205573696E67205A6570687972204FB9
:10B63000532076342E302E39392D66373931633424
:10B64000396634393263202A2A2A0A006D757465F6
:10B65000785F696E69742063616C6C6564207769DA
:10B660007468204E554C4C20706172616D65746534
:10B670007200436F756C64206E6F7420616C6C6F28
:10B6800063617465206D75746578206265666F729C
:10B690006520696E697469616C697A696E670072A8
:10B6A000302F61313A2020307825303878202072D0
:10B6B000312F61323A2020307825303878202072BE
:10B6C000322F61333A2020307825303878007233B9
:10B6D0002F61343A2020307825303878207231328A
:10B6E0002F69703A20203078253038782072313434
:10B6F0002F6C723A2020307825303878002078700E
:10B7000073723A2020307825303878004661756CA5
:10B7100074696E6720696E737472756374696F6E95
:10B72000206164647265737320287231352F7063F1
:10B73000293A2030782530387800556E68616E647B
:10B740006C6564204952516E3A202564002A2A2AE9
:10B750002A2A20425553204641554C54202A2A2A51
:10B760002A2A002020537461636B696E672065721A
:10B77000726F72002020556E737461636B696E671F
:10B78000206572726F720020205072656369736564
:10B79000206461746120627573206572726F72003B
:10B7A00020204246415220416464726573733A20FE
:10B7B00030782578002020496D7072656369736563
:10B7C000206461746120627573206572726F72000B
:10B7D0002020496E737472756374696F6E20627590
:10B7E00073206572726F72002020466C6F617469FD
:10B7F0006E672D706F696E74206C617A7920737436
:10B8000061746520707265736572766174696F6EBC
:10B81000206572726F72002A2A2A2A2A2055534103
:10B820004745204641554C54202A2A2A2A2A0020DE
:10B83000204469766973696F6E206279207A657237
:10B840006F002020556E616C69676E6564206D65C0
:10B850006D6F7279206163636573730020204E6F92
:10B8600020636F70726F636573736F7220696E739C
:10B870007472756374696F6E73002020496C6C6517
:10B8800067616C206C6F6164206F66204558435F70
:10B8900052455455524E20696E746F20504300201B
:10B8A00020496C6C6567616C20757365206F66203C
:10B8B0007468652045505352002020417474656DB2
:10B8C000707420746F206578656375746520756E7B
:10B8D000646566696E656420696E737472756374FD
:10B8E000696F6E002A2A2A2A2A204D505520464187
:10B8F000554C54202A2A2A2A2A0020205374616396
:10B900006B696E67206572726F722028636F6E7448
:10B910006578742061726561206D69676874206262
:10B9200065206E6F742076616C6964290020204464
:10B93000617461204163636573732056696F6C6144
:10B9400074696F6E0020204D4D4641522041646461
:10B95000726573733A2030782578002020496E7321
:10B960007472756374696F6E2041636365737320CD
:10B9700056696F6C6174696F6E005265736572769B
:10B98000656420457863657074696F6E2028005384
:10B99000707572696F757320696E746572727570F7
:10B9A0007420284952512000535053454C20696E51
:10B9B00020746872656164206D6F646520646F65D2
:10B9C00073206E6F7420696E6469636174652050C2
:10B9D0005350002A2A2A2A2A20484152442046410C
:10B9E000554C54202A2A2A2A2A00202042757320E6
:10B9F0006661756C74206F6E20766563746F72205B
:10BA00007461626C65207265616400202044656227
:10BA10007567206576656E740020204661756C74CC
:10BA200020657363616C6174696F6E20287365654E
:10BA30002062656C6F772900415243485F45584347
:10BA4000455054207769746820726561736F6E2069
:10BA500025780A002A2A2A2A2A2044656275672046
:10BA60006D6F6E69746F7220657863657074696F4D
:10BA70006E202A2A2A2A2A002A2A2A2A2A202573DC
:10BA800020256429202A2A2A2A2A006D707500465A
:10BA900061696C656420746F20616C6C6F636174A4
:10BAA00065206E6577204D505520726567696F6E11
:10BAB0002025750A00506172746974696F6E2025C3
:10BAC000753A2073616E69747920636865636B20D1
:10BAD0006661696C65642E00464C4153485F3000D6
:10BAE0005352414D5F30006765746F707400000001
:10BAF00001000000736F63004D6C6D65436F6E66EF
:10BB000069726D206661696C6564203A2025730056
:10BB10004A6F696E6564206E6574776F726B212061
:10BB2000446576416464723A2025303878004C6967
:10BB30006E6B20636865636B206E6F7420696D7037
:10BB40006C656D656E74656420796574210044656B
:10BB50007654696D6552657120646F6E650044614D
:10BB6000746172617465206368616E6765643A2010
:10BB700044525F2564004D637073496E646963616C
:10BB800074696F6E206661696C6564203A20257364
:10BB9000004D6370735265717565737420666169D9
:10BBA0006C6564203A20257300436F756C64206EC9
:10BBB0006F7420676574204E564D20636F6E7465F8
:10BBC0007874004F544141206A6F696E2066616944
:10BBD0006C65643A202573004C6F526157414E20CA
:10BBE000517565727920547820506F737369626C57
:10BBF00065204661696C65643A202573004C6F527C
:10BC00006157414E2053656E64206661696C6564BE
:10BC10003A202573004C6F52614D6163496E69741F
:10BC200069616C697A6174696F6E206661696C65BF
:10BC3000643A202573004661696C656420746F2046
:10BC4000737461727420746865204C6F52614D4149
:10BC50004320737461636B3A202573006C6F7261CB
:10BC600077616E00556E6B6E6F776E2073746174C2
:10BC700075732100556E6B6E6F776E206576656EFD
:10BC80007421004F4B004572726F7200547820741B
:10BC9000696D656F757400527820312074696D6527
:10BCA0006F757400527820322074696D656F7574F9
:10BCB00000527831206572726F72005278322065BE
:10BCC00072726F72004A6F696E206661696C65649A
:10BCD00000446F776E6C696E6B207265706561747D
:10BCE0006564005478204452207061796C6F6164FF
:10BCF0002073697A65206572726F720041646472A4
:10BD0000657373206661696C004D49432066616903
:10BD10006C004D756C746963617374206661696C45
:10BD200000426561636F6E206C6F636B65640042F7
:10BD30006561636F6E206C6F737400426561636F41
:10BD40006E206E6F7420666F756E64004275737935
:10BD5000005365727669636520756E6B6E6F776EE2
:10BD600000506172616D6574657220696E76616CF8
:10BD70006964004672657175656E637920696E76D7
:10BD8000616C696400446174617261746520696EFC
:10BD900076616C6964004672657175656E637920C1
:10BDA0006F7220646174617261746520696E76617E
:10BDB0006C6964004E6F206E6574776F726B206AD9
:10BDC0006F696E6564004C656E6774682065727299
:10BDD0006F7200526567696F6E206E6F74207375A5
:10BDE00070706F7274656400536B69707065642065
:10BDF000415050206461746100447574792D6379F9
:10BE0000636C652072657374726963746564004E57
:10BE10006F206368616E6E656C20666F756E64007E
:10BE20004E6F2066726565206368616E6E656C207A
:10BE3000666F756E64004275737920626561636F29
:10BE40006E2072657365727665642074696D650035
:10BE5000427573792070696E672D736C6F742077EB
:10BE6000696E646F772074696D650042757379201F
:10BE700075706C696E6B20636F6C6C6973696F6E43
:10BE80000043727970746F206572726F720046435E
:10BE90006E742068616E646C6572206572726F7278
:10BEA000004D414320636F6D6D616E642065727259
:10BEB0006F7200436C61737342206572726F72001F
:10BEC000436F6E6669726D20717565756520657268
:10BED000726F72004D756C74696361737420677260
:10BEE0006F757020756E646566696E656400556E69
:10BEF0006B6E6F776E206572726F72004750494F9C
:10BF000020646576696365206E6F74207265616474
:10BF1000792025730043616E6E6F7420636F6E66C7
:10BF20006967757265206770696F202573202564C5
:10BF30003A202564005061636B6574207472616EF1
:10BF4000736D697373696F6E206661696C656421D6
:10BF500000526563656976652074696D656F7574F7
:10BF60000052656365697665206572726F72007351
:10BF700078313278785F636F6D6D6F6E0044494F32
:10BF80003120696E74657272757074207769746897
:10BF90006F75742076616C69642048414C20495269
:10BFA000512063616C6C6261636B2E005661726933
:10BFB000616E7420696E697469616C697A61746913
:10BFC0006F6E206661696C6564005350492064653A
:10BFD00076696365206E6F742072656164790046CE
:10BFE00061696C656420746F20696E697469616C45
:10BFF000697A652053583132787820636F6D6D6FA0
:10C000006E00535049207472616E73616374696F7E
:10C010006E206661696C65643A2025690053583169
:10C02000323632006C6F72615F73656D7465636880
:10C030005F7378313236326D6232646173007378C7
:10C0400031323678004750494F20636F6E6669671A
:10C0500075726174696F6E206661696C65642E002B
:10C06000436F756C64206E6F742073657420475045
:10C07000494F2063616C6C6261636B20666F722054
:10C0800044494F3120696E746572727570742E0068
:10C0900002010003040506A584998D0DBDB154501D
:10C0A00003A97D1962E69A459D408715EBC90BEC03
:10C0B00067FDEABFF7965BC21CAE6A5A41024F5C4D
:10C0C000F434089373533F0C52655E28A10FB509F1
:10C0D000369B3D2669CD9F1B9E742E2DB2EEFBF63E
:10C0E0004D61CE7B3E7197F568002C601FC8EDBE98
:10C0F00046D94BDED4E84A6B2AE516C5D75594CF0E
:10C10000100681F044BAE3F3FEC08AADBC4804DFF8
:10C11000C17563301A0E6D4C14352FE1A2CC39571E
:10C12000F28247ACE72B95A098D17F667EAB83CA9D
:10C1300029D33C79E21D763B564E1EDB0A6CE45D4A
:10C140006EEFA6A8A4378B324359B78C64D2E0B403
:10C15000FA0725AF8EE918D5886F7224F1C75123ED
:10C160007C9C21DDDC86859042C4AAD8050112A3FF
:10C170005FF9D0915827B93813B333BB7089A7B68C
:10C1800022922049FF787A8FF88017DA31C6B8C337
:10C19000B07711CBFCD63AC6F8EEF6FFD6DE91604A
:10C1A00002CE56E7B54DEC8F1F89FAEFB28EFB41F8
:10C1B000B35F452353E49B75E13D4C6C7EF583688A
:10C1C00051D1F9E2AB622A0895469D30370A2F0E0D
:10C1D000241BDFCD4E7FEA121D583436DCB45BA43D
:10C1E00076B77D52DD5E13A6B900C140E379B6D4BF
:10C1F0008D67729498B085BBC54FED869A66118A9B
:10C20000E904FEA078254BA25D80053F2170F16313
:10C2100077AF4220E5FDBF811826C3BE35882E9337
:10C2200055FC7AC8BA32E6C0199EA344543B0B8C25
:10C23000C76B28A7BC16ADDB647414920C48B89F7A
:10C24000BD43C43931D3F2D58B6EDA01B19C49D8E4
:10C25000ACF3CFCAF447106FF04A5C38577397CBF2
:10C26000A1E83E96610D0FE07C71CC9006F71CC2F0
:10C270006AAE6917993A27D9EB2B22D2A907332D39
:10C280003C15C987AA50A50359091A65D784D082DD
:10C29000295A1E7BA86D2C637C777BF26B6FC530AF
:10C2A00001672BFED7AB76CA82C97DFA5947F0AD3C
:10C2B000D4A2AF9CA472C0B7FD9326363FF7CC340E
:10C2C000A5E5F171D8311504C723C31896059A075F
:10C2D0001280E2EB27B27509832C1A1B6E5AA0520A
:10C2E0003BD6B329E32F8453D100ED20FCB15B6A28
:10C2F000CBBE394A4C58CFD0EFAAFB434D338545CE
:10C30000F9027F503C9FA851A3408F929D38F5BC05
:10C31000B6DA2110FFF3D2CD0C13EC5F974417C4AB
:10C32000A77E3D645D197360814FDC222A908846A8
:10C33000EEB814DE5E0BDBE0323A0A4906245CC23A
:10C34000D3AC629195E479E7C8376D8DD54EA96C71
:10C3500056F4EA657AAE08BA78252E1CA6B4C6E86B
:10C36000DD741F4BBD8B8A703EB5664803F60E61C7
:10C370003557B986C11D9EE1F8981169D98E949BF5
:10C380001E87E9CE5528DF8CA1890DBFE6426841A2
:10C39000992D0FB054BB162B7E151628AED2A6AB26
:10C3A000F7158809CF4F3C012B7E151628AED2A673
:10C3B000ABF7158809CF4F3C0200042B7E151628D9
:10C3C000AED2A6ABF7158809CF4F3C052B7E1516CC
:10C3D00028AED2A6ABF7158809CF4F3C062B7E15A9
:10C3E0001628AED2A6ABF7158809CF4F3C072B7E97
:10C3F000151628AED2A6ABF7158809CF4F3C08001A
:10C40000080A0C0D0E10121415181A1B1D1E2124DB
:10C4100002030502050106020205020206030201EB
:10C4200005040400000000000000000000000002FD
:10C430000B357DF2F20000003581F2F2F2F20000DD
:10C440000A0908080B0A09080C0B0A090D0C0B0A4B
:10C450000D0D0C0B0A090807080000000C0B0A0957
:10C4600008070000636C6F636B403430303030304D
:10C47000303000636C6F636B006866636C6B006CDC
:10C4800066636C6B00636C6F636B5F636F6E74727B
:10C490006F6C006770696F4035303030303330304A
:10C4A000006770696F31006770696F4035303030F8
:10C4B00030303030006770696F30000001020304D3
:10C4C0000506074661696C656420746F20616C6CB9
:10C4D0006F63617465204750494F5445206368611C
:10C4E0006E6E656C20666F722057414B4500466149
:10C4F000696C656420746F20636F6E66696775721E
:10C50000652057414B452070696E004353204750CA
:10C51000494F20706F72742025732070696E20253A
:10C5200064206973206E6F742072656164790055B0
:10C5300070646174652065786365656473206375F4
:10C540007272656E74206275666665720048616C11
:10C55000662D6475706C6578206E6F7420737570CD
:10C56000706F7274656400536C617665206D6F64E2
:10C5700065206973206E6F7420737570706F7274AC
:10C580006564206F6E202573004C6F6F706261636D
:10C590006B206D6F6465206973206E6F74207375F6
:10C5A00070706F7274656400576F72642073697A7B
:10C5B0006573206F74686572207468616E2038201E
:10C5C0006269747320617265206E6F742073757078
:10C5D000706F72746564004672657175656E63692B
:10C5E0006573206C6F776572207468616E203132DC
:10C5F00035206B487A20617265206E6F74207375E8
:10C6000070706F72746564004661696C6564207453
:10C610006F20696E697469616C697A65206E7266F3
:10C6200078206472697665723A2025303878005730
:10C63000616974696E6720666F722057414B4520AF
:10C6400061636B6E6F776C6564676D656E74207483
:10C65000696D6564206F75740054696D656F7574DC
:10C660002077616974696E6720666F7220747261E9
:10C670006E7366657220636F6D706C6574650073B0
:10C680007069403430303266303030007370693356
:10C690000061726475696E6F5F73706900737069B1
:10C6A0005F6E7266785F7370696D00000000000055
:10C6B0000101000000000000203030303030303008
:10C6C00030303030303030000101000000000057C1
:10C6D0004553545F544F504449522F6D6F64756CED
:10C6E00065732F6C69622F6775692F6C76676C2F85
:10C6F0007372632F636F72652F6C765F67726F75ED
:10C70000702E63004F7574206F66206D656D6F72BB
:10C71000790067726F757020213D204E554C4C009A
:10C7200041737365727465642061742065787072FA
:10C73000657373696F6E3A2025732028257329006D
:10C740004E554C4C20706F696E746572006E657842
:10C750007420213D204E554C4C006C765F67726F03
:10C7600075705F666F6375735F70726576006C7667
:10C770005F67726F75705F666F6375735F6E657804
:10C7800074006C765F67726F75705F6164645F6F71
:10C79000626A00574553545F544F504449522F6DBD
:10C7A0006F64756C65732F6C69622F6775692F6C88
:10C7B00076676C2F7372632F636F72652F6C765F71
:10C7C0006F626A2E6300626567696E006F626A203D
:10C7D000213D204E554C4C006F626A2D3E737065B2
:10C7E000635F6174747220213D204E554C4C006C87
:10C7F000765F6F626A5F616C6C6F636174655F73B3
:10C800007065635F61747472006C765F6F626A5FFB
:10C810006765745F67726F7570006C765F6F626AD0
:10C820005F6861735F7374617465006C765F6F62DB
:10C830006A5F6765745F7374617465006C765F6FBF
:10C84000626A5F6861735F666C61675F616E7900E1
:10C850006C765F6F626A5F6861735F666C616700C8
:10C860006C765F6F626A5F72656D6F76655F737419
:10C87000617465006C765F6F626A5F6164645F73A8
:10C8800074617465006C765F6F626A5F72656D6F6C
:10C8900076655F666C6167006C765F6F626A5F6188
:10C8A00064645F666C6167006C765F6F626A5F6389
:10C8B0007265617465006F626A00574553545F5436
:10C8C0004F504449522F6D6F64756C65732F6C69BE
:10C8D000622F6775692F6C76676C2F7372632F6395
:10C8E0006F72652F6C765F6F626A5F636C617373E2
:10C8F0002E63004E6F20646973706C6179206372DF
:10C900006561746564207965742E204E6F20706CAB
:10C9100061636520746F2061737369676E2074684A
:10C9200065206E65772073637265656E0073637250
:10C9300065656E7320213D204E554C4C006C765F32
:10C940006F626A5F636C6173735F63726561746564
:10C950005F6F626A00574553545F544F50444952C9
:10C960002F6D6F64756C65732F6C69622F677569C5
:10C970002F6C76676C2F7372632F636F72652F6CE9
:10C98000765F6F626A5F647261772E63006C765FB8
:10C990006F626A5F726566726573685F6578745FFF
:10C9A000647261775F73697A6500574553545F54C9
:10C9B0004F504449522F6D6F64756C65732F6C69CD
:10C9C000622F6775692F6C76676C2F7372632F63A4
:10C9D0006F72652F6C765F6F626A5F6576656E74E5
:10C9E0002E63004E6F7420696E7465727072657488
:10C9F000656420776974682074686973206576655A
:10CA00006E7420636F6465006C765F6576656E7426
:10CA10005F7365745F6578745F647261775F736973
:10CA20007A65006C765F6576656E745F6765745FC6
:10CA30006B6579006C765F6576656E745F676574AB
:10CA40005F6C61796572006C765F6576656E745FA8
:10CA50006765745F696E64657600574553545F542B
:10CA60004F504449522F6D6F64756C65732F6C691C
:10CA7000622F6775692F6C76676C2F7372632F63F3
:10CA80006F72652F6C765F6F626A5F706F732E6373
:10CA9000006261736520213D204E554C4C00706151
:10CAA00072656E7420213D204E554C4C006C765FB3
:10CAB0006F626A5F696E76616C6964617465006C4F
:10CAC000765F6F626A5F696E76616C6964617465D6
:10CAD0005F61726561006C765F6F626A5F67657443
:10CAE0005F636F6E74656E745F636F6F7264730003
:10CAF0006C765F6F626A5F6765745F636F6E7465A3
:10CB00006E745F686569676874006C765F6F626AEF
:10CB10005F6765745F636F6E74656E745F77696479
:10CB20007468006C765F6F626A5F6765745F6865E2
:10CB300069676874006C765F6F626A5F6765745FCF
:10CB40007769647468006C765F6F626A5F676574AA
:10CB50005F636F6F726473006C765F6F626A5F61B0
:10CB60006C69676E5F746F006C765F6F626A5F728C
:10CB70006566725F73697A65006C765F6F626A5F83
:10CB80007365745F79006C765F6F626A5F7365745A
:10CB90005F78006C765F6F626A5F7365745F706F59
:10CBA0007300574553545F544F504449522F6D6F93
:10CBB00064756C65732F6C69622F6775692F6C766D
:10CBC000676C2F7372632F636F72652F6C765F6F64
:10CBD000626A5F7363726F6C6C2E63006C765F6F5A
:10CBE000626A5F6765745F7363726F6C6C5F7269B2
:10CBF000676874006C765F6F626A5F6765745F7305
:10CC000063726F6C6C5F6C656674006C765F6F62EC
:10CC10006A5F6765745F7363726F6C6C5F626F7479
:10CC2000746F6D006C765F6F626A5F7365745F73BB
:10CC300063726F6C6C6261725F6D6F646500574503
:10CC400053545F544F504449522F6D6F64756C6557
:10CC5000732F6C69622F6775692F6C76676C2F7301
:10CC600072632F636F72652F6C765F6F626A5F739A
:10CC700074796C652E63006F626A2D3E7374796CF3
:10CC8000655F636E7420213D2030004173736572CF
:10CC90007465642061742065787072657373696F60
:10CCA0006E3A202573006F626A2D3E7374796C654D
:10CCB0005F636E74203C203633006F626A2D3E73D2
:10CCC00074796C657320213D204E554C4C0067658E
:10CCD000745F7472616E735F7374796C65006C76E7
:10CCE0005F6F626A5F7374796C655F6372656174AC
:10CCF000655F7472616E736974696F6E00676574E5
:10CD00005F6C6F63616C5F7374796C65006C765FE8
:10CD10006F626A5F6765745F7374796C655F707268
:10CD20006F70006C765F6F626A5F726566726573C2
:10CD3000685F7374796C6500574553545F544F5066
:10CD40004449522F6D6F64756C65732F6C69622F47
:10CD50006775692F6C76676C2F7372632F636F72C0
:10CD6000652F6C765F6F626A5F747265652E630013
:10CD70004E6F2073637265656E20666F756E64001A
:10CD80006C765F6F626A5F6765745F6368696C6425
:10CD90005F636F756E74006C765F6F626A5F676564
:10CDA000745F6368696C64006C765F6F626A5F676A
:10CDB00065745F646973706C6179006C765F6F6233
:10CDC0006A5F6765745F73637265656E005745538C
:10CDD000545F544F504449522F6D6F64756C6573A6
:10CDE0002F6C69622F6775692F6C76676C2F737271
:10CDF000632F636F72652F6C765F726566722E6348
:10CE00000072657420213D204E554C4C00556E68D3
:10CE1000616E646C6564206C6179657220747970F0
:10CE2000650074696C655F6C617965727320213D82
:10CE3000204E554C4C00496E76616C696461746596
:10CE40002061726561206973206E6F7420616C6C63
:10CE50006F77656420647572696E672072656E64B1
:10CE60006572696E672E0021646973702D3E72656C
:10CE70006E646572696E675F696E5F70726F67720C
:10CE8000657373004E6F20646973706C61792072F2
:10CE9000656769737465726564004E6F20647261C2
:10CEA00077206275666665720074686572652069D0
:10CEB00073206E6F20616374697665207363726599
:10CEC000656E00496E76616C696420737472696482
:10CED000652E2056616C75652069732030004361B2
:10CEE0006E27742073657420647261775F62756663
:10CEF00020686569676874207573696E6720746857
:10CF00006520726F756E642066756E6374696F6EEE
:10CF10002E202857726F6E6720726F756E645F6384
:10CF200062206F7220746F6F20736D616C6C20646F
:10CF30007261775F62756629006C617965725F72F4
:10CF40006573686170655F647261775F62756600C2
:10CF5000726566725F61726561006765745F6D61BD
:10CF6000785F726F77006C765F646973706C61795B
:10CF70005F726566725F74696D6572006C765F6979
:10CF80006E765F61726561006C617965725F67657D
:10CF9000745F6172656100574553545F544F50444C
:10CFA00049522F6D6F64756C65732F6C69622F67C2
:10CFB00075692F6C76676C2F7372632F6469737059
:10CFC0006C61792F6C765F646973706C61792E6324
:10CFD0000073637220213D204E554C4C0046554C49
:10CFE0004C00444952454354004E756C6C206275A8
:10CFF00066666572006275663120213D204E554C93
:10D000004C00646973706C6179207265736F6C7524
:10D0100074696F6E2069732030007720213D2030C5
:10D02000202626206820213D2030006275663120B0
:10D030003D3D206C765F647261775F6275665F610B
:10D040006C69676E28627566312C20636629004121
:10D05000737365727465642061742065787072659D
:10D060007373696F6E3A202573206275663120698B
:10D0700073206E6F7420616C69676E65643A202559
:10D08000700062756632203D3D204E554C4C207C30
:10D090007C2062756632203D3D206C765F64726153
:10D0A000775F6275665F616C69676E28627566326C
:10D0B0002C20636629004173736572746564206176
:10D0C000742065787072657373696F6E3A2025738A
:10D0D0002062756632206973206E6F7420616C69FE
:10D0E000676E65643A202570007468652062756615
:10D0F00066657220697320746F6F20736D616C6C4C
:10D1000000737472696465202A2068203C3D2062A7
:10D1100075665F73697A65004173736572746564DF
:10D120002061742065787072657373696F6E3A2040
:10D130002573202573206D6F646520726571756994
:10D140007265732073637265656E2073697A6564B6
:10D1500020627566666572287329006E6F206469A7
:10D1600073706C6179207265676973746572656448
:10D1700020746F206765742069747320616374691B
:10D1800076652073637265656E006E6F20646973E7
:10D19000706C61792072656769737465726564206B
:10D1A000746F206765742069747320707265766986
:10D1B0006F75732073637265656E006C765F6C616A
:10D1C0007965725F746F703A206E6F206469737056
:10D1D0006C61792072656769737465726564207427
:10D1E0006F206765742069747320746F70206C61A0
:10D1F000796572006C765F6C617965725F737973C3
:10D200003A206E6F20646973706C61792072656773
:10D210006973746572656420746F20676574206932
:10D220007473207379732E206C61796572006C764B
:10D230005F6C617965725F626F74746F6D3A206EB6
:10D240006F20646973706C617920726567697374AB
:10D250006572656420746F2067657420697473203B
:10D26000626F74746F6D206C6179657200646973AC
:10D270007020213D204E554C4C00646973702D3E4A
:10D280006C617965725F6865616420213D204E554F
:10D290004C4C00646973702D3E726566725F7469F0
:10D2A0006D657220213D204E554C4C006E6F206400
:10D2B0006973706C617920726567697374657265F2
:10D2C00064006C765F646973706C61795F69735F29
:10D2D000696E76616C69646174696F6E5F656E61B9
:10D2E000626C6564006C765F646973706C61795F11
:10D2F0006164645F6576656E745F6362006C765F1F
:10D30000646973706C61795F6765745F6C6179657E
:10D31000725F626F74746F6D006C765F64697370B6
:10D320006C61795F6765745F6C617965725F737951
:10D3300073006C765F646973706C61795F676574A4
:10D340005F6C617965725F746F70006C765F6469A1
:10D3500073706C61795F6765745F73637265656E26
:10D360005F70726576006C765F646973706C61796A
:10D370005F6765745F73637265656E5F616374692F
:10D380007665006C765F646973706C61795F736554
:10D39000745F62756666657273006C765F6469734C
:10D3A000706C61795F6372656174650057455354B1
:10D3B0005F544F504449522F6D6F64756C65732FE5
:10D3C0006C69622F6775692F6C76676C2F73726357
:10D3D0002F647261772F6C765F647261775F62751C
:10D3E000662E6300647261775F62756620213D205E
:10D3F0004E554C4C00647261775F6275662D3E68D5
:10D40000616E646C65727320213D204E554C4C005A
:10D41000446174612073697A6520746F6F20736D45
:10D42000616C6C2C2072657175697265643A202597
:10D43000642C2070726F76696465643A20256400FC
:10D4400044617461206973206E6F7420616C696738
:10D450006E65642C2069676E6F726564004E6F2084
:10D460006D656D6F72793A2025757825752C20636E
:10D47000663A2025642C207374726964653A20250D
:10D48000752C202575427974652C200064726177B3
:10D4900020627566666572206973206E6F74206104
:10D4A0006C6C6F63617465642C2069676E6F726564
:10D4B0006400646573742D3E6865616465722E63F3
:10D4C00066203D3D207372632D3E68656164657220
:10D4D0002E63660041737365727465642061742005
:10D4E00065787072657373696F6E3A202573204397
:10D4F0006F6C6F7220666F726D6174206D69736DF1
:10D50000617463683A20256420213D20256400531E
:10D510006F7572636520616E642064657374696EF3
:10D520006174696F6E2061726561732068617665F0
:10D5300020646966666572656E74207769647468D4
:10D540000073726320213D204E554C4C0073726372
:10D550002D3E6461746120213D204E554C4C004E9F
:10D5600065772073747269646520697320746F6FC6
:10D5700020736D616C6C2E206D696E3A20256400FD
:10D580006472617720627566206973206E6F742003
:10D590006D6F6469666961626C653A203078253028
:10D5A0003478006472617720627566206861732048
:10D5B0006E6F20616C7068612C2063663A20256470
:10D5C000000204100810406C765F647261775F623D
:10D5D00075665F7072656D756C7469706C79006CDE
:10D5E000765F647261775F6275665F61646A7573A6
:10D5F000745F737472696465006C765F64726177DE
:10D600005F6275665F676F746F5F7879006C765FD5
:10D61000647261775F6275665F64657374726F7957
:10D62000006C765F647261775F6275665F637265D6
:10D630006174655F6578006C765F647261775F62C4
:10D6400075665F696E6974006C765F647261775F9E
:10D650006275665F636F7079006C765F6472617784
:10D660005F6275665F636C656172006C765F6472A1
:10D6700061775F6275665F666C7573685F6361632F
:10D68000686500574553545F544F504449522F6DBD
:10D690006F64756C65732F6C69622F6775692F6C89
:10D6A00076676C2F7372632F647261772F6C765F6D
:10D6B000647261772E63006E65775F756E697420A2
:10D6C000213D204E554C4C006E65775F7461736B45
:10D6D00020213D204E554C4C004D6F7265206C61F1
:10D6E000796572732077657265206672656564205E
:10D6F0007468616E20616C6C6F6361746564004C6A
:10D7000061796572206D656D6F72792075736564DE
:10D710003A202575206B4200746865206472617739
:10D72000207461736B20776173206E6F7420746155
:10D730006B656E20627920616E7920756E697473F5
:10D74000006E65775F6C6179657220213D204E55D2
:10D750004C4C00416C6C6F636174696E67206C6146
:10D7600079657220627566666572206661696C65AE
:10D77000642E20547279206C61746572006C765F3F
:10D78000647261775F6C617965725F616C6C6F6305
:10D790005F627566006C765F647261775F6C617959
:10D7A00065725F696E6974006C765F647261775F41
:10D7B0006C617965725F637265617465006C765F38
:10D7C000636C65616E75705F7461736B006C765F1E
:10D7D000647261775F66696E616C697A655F7461B6
:10D7E000736B5F6372656174696F6E006C765F6402
:10D7F0007261775F6164645F7461736B006C765F04
:10D80000647261775F6372656174655F756E697478
:10D8100000574553545F544F504449522F6D6F6425
:10D82000756C65732F6C69622F6775692F6C7667ED
:10D830006C2F7372632F647261772F6C765F6472E2
:10D8400061775F696D6167652E6300647261775F00
:10D85000636F72655F6362206973204E554C4C00A4
:10D860004661696C656420746F206F70656E206915
:10D870006D61676500742D3E647261775F647363E8
:10D8800020213D204E554C4C006C765F64726177D0
:10D890005F696D6167655F74696C65645F68656C1D
:10D8A000706572006C765F647261775F696D616745
:10D8B000655F6E6F726D616C5F68656C706572003C
:10D8C0006C765F647261775F6C6179657200574551
:10D8D00053545F544F504449522F6D6F64756C65BB
:10D8E000732F6C69622F6775692F6C76676C2F7365
:10D8F00072632F647261772F6C765F647261775FF9
:10D900006C6162656C2E63006473632D3E666F6E9E
:10D9100074203D3D204E554C4C006C765F64726126
:10D92000775F6C65747465723A20676C79706820F3
:10D930006473632E206E6F7420666F756E6420664C
:10D940006F7220552B255800647261775F6C657487
:10D95000746572006C765F647261775F6C6162659A
:10D960006C00574553545F544F504449522F6D6FCC
:10D9700064756C65732F6C69622F6775692F6C769F
:10D98000676C2F7372632F647261772F6C765F649C
:10D990007261775F6C696E652E63006C765F64728E
:10D9A00061775F6C696E6500574553545F544F5003
:10D9B0004449522F6D6F64756C65732F6C69622FCB
:10D9C0006775692F6C76676C2F7372632F64726151
:10D9D000772F6C765F647261775F6D61736B2E6316
:10D9E000004F6E6C79206C61796572732077697471
:10D9F0006820616C706861206368616E6E656C2080
:10DA000063616E206265206D61736B6564006C7686
:10DA10005F647261775F6D61736B5F7265637400E1
:10DA2000574553545F544F504449522F6D6F64759E
:10DA30006C65732F6C69622F6775692F6C76676CE4
:10DA40002F7372632F647261772F6C765F647261DB
:10DA5000775F726563742E6300736861646F775FCC
:10DA600064736320213D204E554C4C0062675F6417
:10DA7000736320213D204E554C4C0062675F696DF9
:10DA80006167655F64736320213D204E554C4C00F7
:10DA900062675F6C6162656C5F64736320213D2027
:10DAA0004E554C4C00626F726465725F6473632004
:10DAB000213D204E554C4C006F75746C696E655F4E
:10DAC00064736320213D204E554C4C006C765F649E
:10DAD0007261775F7265637400574553545F544FAA
:10DAE000504449522F6D6F64756C65732F6C696279
:10DAF0002F6775692F6C76676C2F7372632F647252
:10DB000061772F6C765F696D6167655F6465636FD0
:10DB10006465722E630046696C65206F70656E20C7
:10DB20006661696C65643A20257500496D616765B9
:10DB3000206465636F646572206469646E27742075
:10DB4000736574207374726964652E2043616C631D
:10DB5000756C6174652069742066726F6D207769D9
:10DB60006474682E00632D617272617900466C7571
:10DB70007368656420442D63616368653A2073723D
:10DB800063202570202825732920285725642078B4
:10DB9000204825642C20646174613A20257020633C
:10DBA000663A20256429006465636F6465722021EC
:10DBB0003D204E554C4C004E6F206D656D6F727957
:10DBC00020666F72205374726964652061646A759F
:10DBD00073742E004E6F206D656D6F727920666FC5
:10DBE00072207072656D756C7469706C79696E679E
:10DBF0002E006C765F696D6167655F6465636F6455
:10DC000065725F706F73745F70726F6365737300BA
:10DC10006C765F696D6167655F6465636F6465728B
:10DC20005F637265617465006C765F696D616765DD
:10DC30005F6465636F6465725F6F70656E00696DC8
:10DC40006167655F6465636F6465725F6765745F74
:10DC5000696E666F00574553545F544F50444952A4
:10DC60002F6D6F64756C65732F6C69622F677569B2
:10DC70002F6C76676C2F7372632F647261772F73CA
:10DC8000772F626C656E642F6C765F647261775F6C
:10DC900073775F626C656E642E6300626C656E64A0
:10DCA0005F6473632D3E6D61736B5F6172656120AC
:10DCB000213D204E554C4C006C765F647261775F5D
:10DCC00073775F626C656E6400574553545F544FC1
:10DCD000504449522F6D6F64756C65732F6C696287
:10DCE0002F6775692F6C76676C2F7372632F647260
:10DCF00061772F73772F626C656E642F6C765F642B
:10DD00007261775F73775F626C656E645F746F5F7B
:10DD1000616C38382E63004E6F7420737570706FAD
:10DD20007274656420626C656E64206D6F64653A20
:10DD3000202564004E6F7420737570706F72746567
:10DD40006420736F7572636520636F6C6F722066F9
:10DD50006F726D617400626C656E645F6E6F6E5F92
:10DD60006E6F726D616C5F706978656C006C765F68
:10DD7000647261775F73775F626C656E645F696D13
:10DD80006167655F746F5F616C3838005745535445
:10DD90005F544F504449522F6D6F64756C65732FFB
:10DDA0006C69622F6775692F6C76676C2F7372636D
:10DDB0002F647261772F73772F626C656E642F6C9E
:10DDC000765F647261775F73775F626C656E645FC4
:10DDD000746F5F61726762383838382E6300626C26
:10DDE000656E645F6E6F6E5F6E6F726D616C5F709B
:10DDF0006978656C006C765F647261775F73775FDA
:10DE0000626C656E645F696D6167655F746F5F61A9
:10DE10007267623838383800574553545F544F5052
:10DE20004449522F6D6F64756C65732F6C69622F56
:10DE30006775692F6C76676C2F7372632F647261DC
:10DE4000772F73772F626C656E642F6C765F6472C8
:10DE500061775F73775F626C656E645F746F5F6933
:10DE6000312E6300626C656E645F6E6F6E5F6E6F05
:10DE7000726D616C5F706978656C006C765F64725E
:10DE800061775F73775F626C656E645F696D616710
:10DE9000655F746F5F693100574553545F544F504D
:10DEA0004449522F6D6F64756C65732F6C69622FD6
:10DEB0006775692F6C76676C2F7372632F6472615C
:10DEC000772F73772F626C656E642F6C765F647248
:10DED00061775F73775F626C656E645F746F5F6CB0
:10DEE000382E6300626C656E645F6E6F6E5F6E6F7E
:10DEF000726D616C5F706978656C006C765F6472DE
:10DF000061775F73775F626C656E645F696D61678F
:10DF1000655F746F5F6C3800574553545F544F50C2
:10DF20004449522F6D6F64756C65732F6C69622F55
:10DF30006775692F6C76676C2F7372632F647261DB
:10DF4000772F73772F626C656E642F6C765F6472C7
:10DF500061775F73775F626C656E645F746F5F7229
:10DF600067623536352E630069315F696D616765BB
:10DF70005F626C656E6400616C38385F696D616703
:10DF8000655F626C656E64006C385F696D616765C2
:10DF90005F626C656E640061726762383838385F42
:10DFA000696D6167655F626C656E64007267623897
:10DFB00038385F696D6167655F626C656E640072B9
:10DFC00067623536355F696D6167655F626C656E86
:10DFD00064006C765F647261775F73775F626C6513
:10DFE0006E645F696D6167655F746F5F72676235EC
:10DFF000363500574553545F544F504449522F6DA6
:10E000006F64756C65732F6C69622F6775692F6C0F
:10E0100076676C2F7372632F647261772F73772F1B
:10E02000626C656E642F6C765F647261775F737784
:10E030005F626C656E645F746F5F726762383838F8
:10E040002E6300626C656E645F6E6F6E5F6E6F72E2
:10E050006D616C5F706978656C006C765F6472618D
:10E06000775F73775F626C656E645F696D6167652A
:10E070005F746F5F72676238383800574553545F7A
:10E08000544F504449522F6D6F64756C65732F6CFB
:10E0900069622F6775692F6C76676C2F7372632FB7
:10E0A000647261772F73772F6C765F647261775F2C
:10E0B00073775F6172632E630043616E277420641F
:10E0C00065636F646520746865206261636B677265
:10E0D0006F756E6420696D61676500636972636C5A
:10E0E000655F6D61736B20213D204E554C4C006C7B
:10E0F000765F647261775F73775F61726300574523
:10E1000053545F544F504449522F6D6F64756C6582
:10E11000732F6C69622F6775692F6C76676C2F732C
:10E1200072632F647261772F73772F6C765F6472DE
:10E1300061775F73775F626F785F736861646F7731
:10E140002E630073685F62756620213D204E554C3A
:10E150004C006C765F647261775F73775F626F7893
:10E160005F736861646F7700535700574553545F7E
:10E17000544F504449522F6D6F64756C65732F6C0A
:10E1800069622F6775692F6C76676C2F7372632FC6
:10E19000647261772F73772F6C765F647261775F3B
:10E1A00073775F66696C6C2E63006772616420210F
:10E1B0003D204E554C4C006C765F647261775F7306
:10E1C000775F66696C6C00574553545F544F5044F9
:10E1D00049522F6D6F64756C65732F6C69622F6780
:10E1E00075692F6C76676C2F7372632F6472617719
:10E1F0002F73772F6C765F647261775F73775F67D9
:10E2000072616469656E742E6300666F756E645F1B
:10E210006920213D2030006974656D20213D204E2C
:10E22000554C4C004661696C656420746F20616CCC
:10E230006C6F63617465206974656D20666F722010
:10E24000746865206772616469656E74006C765FDE
:10E250006772616469656E745F636F6C6F725F6330
:10E26000616C63756C61746500616C6C6F63617483
:10E27000655F6974656D006C765F6772616469657E
:10E280006E745F67657400574553545F544F504434
:10E2900049522F6D6F64756C65732F6C69622F67BF
:10E2A00075692F6C76676C2F7372632F6472617758
:10E2B0002F73772F6C765F647261775F73775F6916
:10E2C0006D672E63007472616E73666F726D656444
:10E2D0005F62756620213D204E554C4C00436F75A2
:10E2E0006C64206F70656E20746865206D61736B5F
:10E2F0002E20546865206D61736B206973206E6FEA
:10E3000074206170706C6965642E00546865206DBE
:10E3100061736B20696D616765206973206E6F742E
:10E320002041382F4C3820666F726D61742E205456
:10E330006865206D61736B206973206E6F74206156
:10E3400070706C6965642E007472616E73666F72B2
:10E350006D5F616E645F7265636F6C6F7200617098
:10E36000706C795F6D61736B0080808081818282C7
:10E370008384858687898A8C8D8F91939597999BC5
:10E380009EA0A2A5A7AAADAFB2B5574553545F54FE
:10E390004F504449522F6D6F64756C65732F6C69D3
:10E3A000622F6775692F6C76676C2F7372632F64A9
:10E3B0007261772F73772F6C765F647261775F730A
:10E3C000775F6D61736B2E6300656E7472792021C7
:10E3D0003D204E554C4C00632D3E62756620213D1C
:10E3E000204E554C4C00636972635F63616C635FE0
:10E3F000616134006C765F647261775F73775F6D23
:10E4000061736B5F7261646975735F696E697400D3
:10E41000574553545F544F504449522F6D6F6475A4
:10E420006C65732F6C69622F6775692F6C76676CEA
:10E430002F7372632F647261772F73772F6C765FFF
:10E44000647261775F73775F7472616E73666F7207
:10E450006D2E6300436F6C6F7220666F726D617416
:10E4600020307825303258206973206E6F74206513
:10E470006E61626C65642E20536565206C765F6307
:10E480006F6C6F722E6820746F2066696E642074E2
:10E490006865206E616D65206F6620746865206315
:10E4A0006F6C6F7220666F726D61747320616E6441
:10E4B00020656E61626C65207468652072656C61B0
:10E4C000746564204C565F445241575F53575F5305
:10E4D0005550504F52545F2A20696E206C765F630E
:10E4E0006F6E662E682E006C765F647261775F7364
:10E4F000775F7472616E73666F726D005745535427
:10E500005F544F504449522F6D6F64756C65732F83
:10E510006C69622F6775692F6C76676C2F737263F5
:10E520002F647261772F73772F6C765F64726177D7
:10E530005F73775F747269616E676C652E63006CE0
:10E54000765F647261775F73775F747269616E671B
:10E550006C6500574553545F544F504449522F6DDA
:10E560006F64756C65732F6C69622F6775692F6CAA
:10E5700076676C2F7372632F666F6E742F6C765F85
:10E58000666F6E742E6300666F6E745F7020213D3F
:10E59000204E554C4C006473635F6F757420213DB1
:10E5A000204E554C4C00666F6E7420213D204E5518
:10E5B0004C4C006C765F666F6E745F6765745F6766
:10E5C0006C7970685F7769647468006C765F666FF9
:10E5D0006E745F6765745F676C7970685F6473639E
:10E5E000006C765F666F6E745F6765745F676C79E9
:10E5F00070685F6269746D617000574553545F5471
:10E600004F504449522F6D6F64756C65732F6C6960
:10E61000622F6775692F6C76676C2F7372632F6634
:10E620006F6E742F6C765F666F6E745F666D745F6D
:10E630007478742E6300436F6D70726573736564D4
:10E6400020666F6E74732069732075736564206231
:10E650007574204C565F5553455F464F4E545F438B
:10E660004F4D50524553534544206973206E6F748B
:10E6700020656E61626C656420696E206C765F63F4
:10E680006F6E662E68006C765F666F6E745F67658E
:10E69000745F6269746D61705F666D745F747874C5
:10E6A000000055AAFF00112233445566778899AAC5
:10E6B000BBCCDDEEFF000100000000000000010007
:10E6C0000002000000000200000000000000000046
:10E6D0000000000000000001000000000000000039
:10E6E000000000000000010A0006FB00000000F42A
:10E6F000F3020B0504F7020B0109020700000000FA
:10E70000000000000000000D02FE000000000000FC
:10E710000000000000000400F90000000000FC04FC
:10E72000040000FE00FE0200FE00FEFFFC000000F0
:10E7300000FE0000FDFD0000FE00FC0000000000E7
:10E7400000000000FEFE00FD00FA00E50000FC00F5
:10E7500004070000FC02020704FC040000F30000B0
:10E76000000000000000000000F8000000000000B1
:10E770000000000000000000FAFDF500F7FE0000B8
:10E780000000000900F9FEFF0100FC0000FEEF00A0
:10E7900000000000000000000000EEFE0900000084
:10E7A000000000000000000000F700000000000072
:10E7B000000000000700020000FC00000000000054
:10E7C000000000000000000000000009020100003D
:10E7D0000000000000000000000000000000000039
:10E7E0000000000000000000000000000000000029
:10E7F0000000000000F80000000000000000000021
:10E8000000000000000000000000000002040207F9
:10E81000FE000004FEF9E102060400FD0008000706
:10E82000000700EB00FD070007FE0402000001FEE8
:10E830000000FC120012000700090304070000009A
:10E84000F80000000001FE0002FCFDFC0200FE00DA
:10E850000000F70000000000000000000000F100D0
:10E86000000000000000000000000000000001F4B3
:10E8700000F200000000FE0016FDFD0202FE00FD99
:10E88000020000F40000000000000000000000EAA8
:10E890000002000000000000000000000000F20084
:10E8A0000D0000F8000700F1EAF1FC070000F1009C
:10E8B00003FB00FD0000000000000000000000005D
:10E8C0000607E50000000000000000000000000B4B
:10E8D000000200000000000202FDFC00FFFFFE003D
:10E8E00000FE000000FC00FE00FBFC00FAF9F9FC51
:10E8F00000FC00FC00000000FE0000020002FE0020
:10E900000100000002FE000000FE0202FF00000005
:10E91000FC00FF0000000000010003FE00FD00FC01
:10E920000000FE00070000FE0000000000FF01FEE6
:10E93000FE0000FE00FE000000000000000000FFDE
:10E94000FF00FEFD0000000000010000FE00FEFED2
:10E95000FE000000000000000000FF00000000FEBC
:10E96000FD00FD00F9FEF9040000FC02040600FAB7
:10E97000FFFD00FFF502FE02F402000001F400F4C6
:10E98000FEEDFE00F500040600030000000000009C
:10E99000FCFD00F9000000FE000000FE0000000089
:10E9A00000FFFF00FFFD00000000000000FEFE0071
:10E9B000FEFDFE0000FE0000000000000000000060
:10E9C00000FEFE00FD00FE00FC020000FD01020250
:10E9D000000000000000FE0000000000020000FE39
:10E9E00000FEFEFD000000000000000200FE00002E
:10E9F0000000FEFD00FC0007FE01F9000006F5F432
:10EA0000F7FC0200FEF1FC00FC00FC03FCF200FA43
:10EA1000000001FF02FE000200F9F700F5FBFBFB1E
:10EA2000F9FDFA00FCFA01000100FE0000000200FE
:10EA3000020000000000000000000000FE00FF00D7
:10EA4000FFFE00FCFBFBFF00F9000000000000FEE1
:10EA50000000000001FF00000002000000000000B4
:10EA600000000B00000000000002000000FE00009B
:10EA7000000000000000000000FC00020000000098
:10EA8000000000000000000000FE000000FC00008C
:10EA90000000F5F9000000FDF50000FE0200FA009C
:10EAA000000000000000000000FC0000FC0000006E
:10EAB0000000000000000000000200FC0000000058
:10EAC000030002FCFC00FEFEFD000000000000F957
:10EAD00000FE00FDFE00FBFAF9FE00FC00F900005C
:10EAE0000000120000010000FD000200F60000001E
:10EAF0000000EBFC0707FEF70002FD00F5FFFD023A
:10EB0000F0FE030003F8FDF8F9F70000F3000D0034
:10EB100000FF000000FFFFFEFAF900EB000000001C
:10EB200000000000000100000000000000000000E4
:10EB3000000000000000FE00FFFEFD0000FC00FEE3
:10EB4000000000000000000000000000000000FFC6
:10EB500000FC000004FF0300FB02FEFFFAFE00FDC4
:10EB6000FEFE00FDFC0000FEFFFEFCFD0000FE00BE
:10EB700002FE00FB000000FC00FC00FCFC020000A8
:10EB8000000000000000FC0200FD00FEFDF9FEFE9A
:10EB9000FEFFFEFDFF0000000000FEFEFE00000084
:10EBA0000003FE00FE000000FEFDFEFEFDFE000272
:10EBB00009FF00FA00FE0400FEF7FD030000F5FC6B
:10EBC00002FC0200FEFEF900FD010000FC00000056
:10EBD0000202FCFC00FCFEFDFEFE00FC01FCFC074A
:10EBE0000000000000000000000200000000000023
:10EBF0000000000000000000000000000000000015
:10EC000000FC000000000000000000000000000008
:10EC100000000000000000000000000000000000F4
:10EC200000000000000000000000000000FE0000E6
:10EC300000000000000000000000000000000000D4
:10EC40000000000000000000000000FEFE000000C8
:10EC5000000000000000000000FD0000FD0000FEBC
:10EC6000FE00000000FE00000000FF0000000000A9
:10EC7000FE00000000FD00FC000000F90002FB04A3
:10EC800000FEF50000FBFE00F7FAFA0000F6FEF7C2
:10EC9000F7F500FA00020FFD00FBFEFFFEFCFAFC98
:10ECA000F8F7FBFE0000FE00010000F0FE0705FB88
:10ECB000F80001F900F5FEFE04EBFD010000F1FD96
:10ECC000F4FEF00000F0000D0100FE00000000FF67
:10ECD000FEF7FE00F100000000F900FE00FFFAF56B
:10ECE0000000FFFDF9FE00FE00000000F6FEF9F94D
:10ECF000FEFCFAFEFC00FCFEF9FD00FDFCFEFC0043
:10ED00000100FEF9000400FC00000000030002FC0A
:10ED10000900FEFEFD000000000000F900FE00FDFD
:10ED2000FE00FBFAF9FE00FC0209000000001200E0
:10ED300000010000FD0002000000000000000000D3
:10ED40000000000000FEFC0000000000FF000000CA
:10ED5000FEFE0000FCFE0000FC0004FF00000000BE
:10ED600000000100000000030402FE00F9FC00079F
:10ED7000F9F9FCFC090402EDFE04FE00FE02FEF8B7
:10ED800000FE02FDFEF9FE0000070400FA00F4FD9B
:10ED900006FDF701FDF9F9FE090200FD00FA000287
:10EDA00007FBF8F7FA070001F0FE02FCFEFB00FB90
:10EDB000F8FDFDFE0000FBFBFE000705FEF400F47D
:10EDC000FD00F8F3FFF9FCF9FA060000FD00FCFE77
:10EDD00000FEFC0004F9020000F400FEFBFCFEF95A
:10EDE000FAF9FB00F9FEFBFCF9FE0000010BFC0048
:10EDF000F9FE00FEFCFBFAFAF7FDFC0400FD00F54D
:10EE0000FD0104F9F8FCF907FE01EBFC04FBFCF83A
:10EE100000F9F7FDFEFEFEFBF9FF00000706FEF11C
:10EE200000F3FB05F7F1FCF8F7F5F904000000002A
:10EE3000FD000002FD0402FC040000F9FF00FF00D9
:10EE40000101FE000000000000FE000000000207BB
:10EE50000000FD00000000FEFEFD000000010200B9
:10EE60000000000200FE000900040101FD00040092
:10EE70000000020000000000000000000000070089
:10EE8000060000000000000000000000000000F389
:10EE900000FE04000700001603FCFC0202FE01F560
:10EEA00000000BF30000000000000000000000F173
:10EEB000091F000000000000000000000000F30037
:10EEC0000000000000000000000000000000000042
:10EED000000000000000000000FC0000FCFE00003C
:10EEE0000000000000000000000000000000000022
:10EEF00000FE00FA0000010000021DFCFE0706FAF9
:10EF00000200000202FD00000000000000000000FE
:10EF100000E3060000000000000000000000000008
:10EF200000000000FA000000FA00000000FBFF00F3
:10EF30000000FB00FD00F5000000000000000000E4
:10EF40000000F10000000001000000000000FE00D1
:10EF500000FC00FD00FA000000FC02FD0000FAFECB
:10EF6000FB0000FA00FE00F500FE0000EEFCF7FEDC
:10EF7000F80000F100FAFF0000000000000000FDB2
:10EF8000FCFEFC00000000FB00FB03FE0400FEFB97
:10EF9000FEFCFC00FDFFFE02FAFF000000ECFEFD9F
:10EFA00000FB00FEF5FE0000FEFE00000000020077
:10EFB000FEFCFE0400000000000000000000000055
:10EFC0000000000000000000000000000000000041
:10EFD000000000000000000000000000000000032E
:10EFE000000000000000FB00FE000000FC0200002A
:10EFF00000FAFEFC0000FA00FE00F500000000EA46
:10F0000000FCF8F50000F100FEFD0000000000002B
:10F010000000FEFDFFFD01000004FD00070BFEFEE9
:10F02000F9030B0405FA03090306050600000000B6
:10F03000000000000000000E0BFCFE00FE120A1291
:10F04000000000020000080000FC000000000000BA
:10F05000000000FE000000000000000003000000AF
:10F0600000EDFDFEF7F50000F100000000000000DB
:10F0700000000000000000000000FC000000000094
:10F0800000000000FE00000000000000000300007F
:10F090000000EDFDFEF7F50000F7000000000000A5
:10F0A00000000000000000000000000000FE000062
:10F0B00000FB0200FE020402F90000FE0200020052
:10F0C000000000FA00FEFEFC00FEF7000EFE00FB52
:10F0D000FE00FEFC00FEFAFCFD000000FC0000004B
:10F0E000000000000000FE0000000000000000031F
:10F0F00000000000EDFDFEF7F50000F1000000004B
:10F1000000000B00000000000000000000FC00F9FF
:10F11000FDFE07FEFEF701FF01FEFA0005000201F9
:10F1200002FBF7FD00F7FCFAF7F700FCFCFDFDFE23
:10F13000FEFDFE00FEFF030003FE000700000000CE
:10F140000000000000000000FEFEFE0000FA00FFCC
:10F1500000FC0000000000000000000000F30000C0
:10F16000000000000000000000FEFE00FD000000A6
:10F1700000FE0000FCFE0200FCFCFE00FAFEFBFEAE
:10F18000FD00FC0000000000000000000000F10095
:10F19000070000FC00000000FD00FE0000FF000072
:10F1A000FE00FB000009FDF9F902020200FA020369
:10F1B00002070207FEFA0000F70000F9FA0000FC5F
:10F1C00000FDFC00FD00FD00FE0300FEF9FE08004E
:10F1D00000FE00FC000003FB0002FE020000F9003C
:10F1E000FEFF00FE02FE000000F7FDFB00F900003C
:10F1F000F50008FE00FC000100FE00FEF900FE0222
:10F2000000000000FE000002FD010000FDFE00FD08
:10F2100000000000000000000000000000000000EE
:10F2200000F200050000FE000000000000FEFE00ED
:10F2300000000400050000000000F2F3010A0704CA
:10F24000F7020900080004000000000000000000B0
:10F2500000000C00000000000000000000000000A2
:10F260000000000001020003040502060708090A65
:10F27000090A0B0C0D0E0F10110C121314151500AA
:10F28000000016171819171919191719191A191929
:10F29000191917191719031B1C1D1D1E1F202122C8
:10F2A000230024002526272727002726282926266D
:10F2B0002A2A272A272A2B2C2D2E2E2F2E300000EB
:10F2C00023093109000000000000000000000000D8
:10F2D000000000000000000000000000000000002E
:10F2E000000000000000000000000000000000001E
:10F2F000000000000000000000000000000000000E
:10F30000000001020003040502060708090A090AB1
:10F310000B0C000D0E0F101112130C141400000032
:10F320001516171819161A1B1C1D1D1E1F201D1D32
:10F330001621222303241E2525262728292A2B00CF
:10F340002C002D2E2F303132332D343435302D2DED
:10F350002E2E36373839333A3A3B3A3C29000009E9
:10F360003D09000000000000000000000000000057
:10F37000000000000000000000000000000000008D
:10F38000000000000000000000000000000000007D
:10F3900000000000000000000000000000000EA0BF
:10F3A000D90D90C80C80B70A60110B80D91F099144
:10F3B000F0881F0880F088000000000D203C00004D
:10F3C0000F0069002FFFFFFFF7015C11A610006915
:10F3D00000C300008800D2009FFFFFFFF012C5238A
:10F3E000E22000D203C00000F004B0000000700072
:10F3F00000000E00000000E0000019EFEA300CD61B
:10F40000E6A702F40E00001F80E000006FEF50003E
:10F410000016FFE500000E0AF00100E05F13F85E41
:10F420006EB005CFFE9100000E00000000700000DD
:10F4300008DD3000A7004B02D004C0007700D01DCB
:10F4400020004B03D0A7000007DC34C4CC30000000
:10F450001D2D22D00000A63B00B30005C03A00A33A
:10F46000001D200D00D000A60004CC40004DFC3053
:10F470000000F718C00001F205D00000BB6E40008C
:10F48000005FF3000007E6DB03802F301DBAA05FAA
:10F490000001DF401FB448FEC003BFFC40B20000C3
:10F4A0000000001F01F01F00F0000003F10B900F9F
:10F4B000404F007D009B00AA00AA009B007D004FEA
:10F4C000000F400B9003F15E000E6008C004F001D5
:10F4D000F300F500E600E600F501F304F008C00EC5
:10F4E000605E0000930088A6C209FE404DDDB14277
:10F4F0009350005200000450000008A0000008A033
:10F50000001FFFFFF30339B3300008A0000008A07C
:10F51000000103F61E60E12C00000003FFF9033335
:10F52000100003F52E4000000E400004E000009A99
:10F5300000000E400004F000009A00000E4000039E
:10F54000F000009A00000E500003F000009A000046
:10F550000E500003F00000004CFE70004FB68F907C
:10F560000DB0005F32F40000E74F20000CA4F20061
:10F5700000CA2F40000E70DB0005F204FB68F900A2
:10F5800004CFE700EFFB44CB00AB00AB00AB00AB1C
:10F5900000AB00AB00AB00AB07DFEA108E857EC08E
:10F5A000010006F1000006F000000D900000CC0004
:10F5B000001CC00001DB00001DE544427FFFFFF995
:10F5C0007FFFFFF024445F900000BC000009E100D1
:10F5D000003FD81000046DD0000002F4100002F4C7
:10F5E000BD757DD019DFEA1000000DA0000000AC51
:10F5F00000000007E10000004F40100002F600F597
:10F60000001DA000F5007FFFFFFFF3133333F73039
:10F61000000000F500000000F50009FFFFF00AB44B
:10F6200044400C8000000E7000000FFFFC400334CB
:10F630005CF2000000F7100000F78E856CF108DF27
:10F64000FB30002AEFD5003FD657400CC000000227
:10F65000F40000004F5BFFA104FE845DD03F8000FA
:10F660003F30E80003F206F845DC0005DFE9109FB3
:10F67000FFFFFD9D4444E99C0004F200000BB00034
:10F68000002F400000AD000001F6000008E000007F
:10F690000E8000006F1000019EFE9100BE636EC0E0
:10F6A0000F60006F00CC202BC002EFFFE200DC42B5
:10F6B0004CD05F20001F55F20002F50ED535DE005C
:10F6C0001AEFEA1003BFEA202FA44BE18E0000E9F5
:10F6D0009D0000DD4F7129FF07FFFC9E000210AC6A
:10F6E000000002F607658FB00AEFD7002E53F50031
:10F6F00000000000003F52E42E53F500000000001F
:10F70000002E52F60D21D001000000003100006CE7
:10F71000F2018ED6000FC300000AFB40000017EE76
:10F7200070000005C3000000001FFFFFF303333328
:10F730003000000000000000001FFFFFF303333320
:10F7400030040000000ED71000005CF92000002AF1
:10F75000F20003AFB106DE82001C60000000000072
:10F760000007DFEA109E746EC0010006F000000979
:10F77000C000008E200006F20000087000000000AB
:10F7800000000B8000000C900000006CEFDA4000DD
:10F79000003DA41016D90001E509EE98CA900A8030
:10F7A000BD43AFC0D30F13F2000CC0693C06D000BC
:10F7B00007C03B4B06D00007C02C3C03F2000CC036
:10F7C0004A0F10BD439EE3C50A8009EE91CF900118
:10F7D000E50000000000003DA41028000000007CAF
:10F7E000EFD9100000000CF1000000003FD700002E
:10F7F0000000B96E00000002F20E50000009A007E0
:10F80000D000001F3000F400007FFFFFFB0000E786
:10F8100033334F2005F000000C900C90000006F1EF
:10F820008FFFFEC408E3334BF28E00001F58E00048
:10F8300018F18FFFFFF808E33337F68E000009C890
:10F84000E000009D8E33347F78FFFFFD700007CF0E
:10F85000FB4000CF966AF50AE20000301F6000000E
:10F86000004F200000004F200000001F600000003B
:10F870000AE200003001CF966AF50007DFFB408FF7
:10F88000FFFEA4008E4446CF708E000007F38E006A
:10F890000000DA8E0000009D8E0000009D8E0000AA
:10F8A00000DA8E000007F38E4446BF708FFFFEA47F
:10F8B000008FFFFFF68E4444418E0000008E000052
:10F8C000008FFFFFC08E3333208E0000008E0000BB
:10F8D000008E4444428FFFFFF98FFFFFF68E4444B1
:10F8E000418E0000008E0000008E0000008FFFFFA0
:10F8F000C08E3333208E0000008E0000008E00008A
:10F90000000007CFFC5000CF966AF60AE200002004
:10F910001F600000004F200000004F200000B91FB2
:10F92000600000B90AE30000B900CF966AF800074A
:10F93000DFFC608E000008E8E000008E8E0000080A
:10F94000E8E000008E8FFFFFFFE8E333339E8E0078
:10F950000008E8E000008E8E000008E8E000008E5D
:10F960008E8E8E8E8E8E8E8E8E8E02FFFFC0044403
:10F97000BC000009C000009C000009C000009C0001
:10F980000009C02000BA0EB58F603CFE808E0000DA
:10F990004F508E0004F6008E003F70008E03F8007A
:10F9A000008E2EC000008EECF600008FB07F30007D
:10F9B0008E000AE1008E0000CC008E00001EA08E9A
:10F9C0000000008E0000008E0000008E0000008EFF
:10F9D0000000008E0000008E0000008E0000008EEF
:10F9E0004444408FFFFFF28E00000008E8F700005B
:10F9F00002FE8FF10000BFE8DCA0004F9E8D2F308B
:10FA00000D87E8D09C06E07E8D01E7E507E8D0068B
:10FA1000FC007E8D000A2007E8D00000007E8E10DA
:10FA20000008E8FC00008E8FF90008E8E6F6008E7A
:10FA30008E09F308E8E00CE18E8E001EB8E8E000C5
:10FA40003FEE8E00006FE8E00000AE0007CFEB5005
:10FA50000000CF966BF9000AE200005F601F6000B3
:10FA6000000AD04F20000006F04F20000006F01FD3
:10FA70006000000AD00AE200005F6000CF966BFAD7
:10FA8000000007DFEB50008FFFFD7008E4458FB0EA
:10FA90008E00005F38E00001F58E00003F48E00175
:10FAA0004DD08FFFFFB208E33310008E0000000836
:10FAB000E00000000007CFEB500000CF966BF9008C
:10FAC0000AE200005F601F6000000AD04F200000C3
:10FAD00006F04F20000005F01F6000000AD00AE287
:10FAE00000005F6001DF855AFA000008DFFC50006B
:10FAF000000001EC21940000001BFFC10000000089
:10FB000012008FFFFD7008E4458FB08E00005F3853
:10FB1000E00001F58E00003F38E0014DD08FFFFF7F
:10FB2000C208E333DA008E0002F608E00005F301B4
:10FB30009EFDA200CE646B702F40000001F8000013
:10FB40000006FD950000016AEE500000009F0020B5
:10FB50000005F13FA547EB004BEFE910FFFFFFFF6A
:10FB60002444BD44400009C00000009C000000097E
:10FB7000C00000009C00000009C00000009C0000C4
:10FB80000009C00000009C00009C00000BA9C00000
:10FB900000BA9C00000BA9C00000BA9C00000BA991
:10FBA000C00000BA8E00000D94F40003F50CF86854
:10FBB000FD0009EFE9100CB000000AC05F20000151
:10FBC000F500E900008E0008F0000E70001F6005CF
:10FBD000F10000AD00C9000003F43F3000000CBA92
:10FBE000C00000005FF500000000EE00006F100094
:10FBF0000DB00002F21F60003FF10008D00BB00012
:10FC00008BE6000D7006F000E69B002F2001F50347
:10FC1000F14F108D0000CA09B00E60D800006F0EC1
:10FC20006009B2F300001F9F1004F9D000000CFB24
:10FC30000000EF80000007F600009F30003F5000FA
:10FC40000DA008F2009D0000CC04F300002F9E7070
:10FC5000000006FC00000009FE1000004F4DB0003F
:10FC600001E802F7000BD0007F207F20000BD00CB2
:10FC7000B000009C002F50002F30009E000C900020
:10FC800000E805F1000005F3E60000000CFD0000AF
:10FC900000003F4000000002F3000000002F300091
:10FCA000000002F300004FFFFFFF9144444AF300BD
:10FCB0000003F6000001EA000000CC0000009E10E6
:10FCC00000006F4000003F7000001ED4444436FF27
:10FCD000FFFFFC8FF68D318D008D008D008D008D26
:10FCE000008D008D008D008D008D008D318FF65DB3
:10FCF000000000F200000B8000006D000001F20027
:10FD0000000B8000006D000001F200000B7000008D
:10FD10006D000001F200000B7000006D000001F2A8
:10FD2000BFF325F302F302F302F302F302F302F34B
:10FD300002F302F302F302F325F3BFF300AD000078
:10FD40001EC4000885A000E20E105B00970B500255
:10FD5000E0EEEEEEE00BC00009B004CFEA100B7449
:10FD60005DB0000004F004CEEEF21F8214F24F10DA
:10FD700004F21F703DF204DFD7F2BA000000BA00AF
:10FD80000000BA000000BA8EFC30BFD54BF3BE10A5
:10FD900000CABA00007EBA00007EBE1000CABFD5FD
:10FDA0005BF3B98EFC30007DFD6009F748F42F50FD
:10FDB00000205F0000005F0000002F50002009F7C6
:10FDC00048F4007DFD600000001F40000001F400C9
:10FDD00000001F4008EFC4F40AF748FF42F500078F
:10FDE000F45F00002F45F00001F42F50006F40AE8B
:10FDF000637EF4008EFC4F40008EFC400AD538F440
:10FE00002F20008C5FEEEEFF5F2111112F7000108C
:10FE100009F846E4007DFE80009EE305F44108C039
:10FE200000CFFFF029D32008D00008D00008D00070
:10FE300008D00008D00008D000007EFC4E60AF74EF
:10FE40007FF62F50005F65F00000F65F00000F6244
:10FE5000F60006F609F747FF5007EFC4F50000006B
:10FE60003F20CB646EB003AEFD8000BA000000BA44
:10FE7000000000BA000000BA8EFB20BFC56DD0BEE6
:10FE80000003F2BA0000F4BA0000F5BA0000F5BAB7
:10FE90000000F5BA0000F5BAA800BABABABABABA00
:10FEA000BABA000AB0009900000000AB000AB00026
:10FEB000AB000AB000AB000AB000AB000AB000AA69
:10FEC000064E71DFA0BA000000BA000000BA0000C0
:10FED00000BA001CC0BA01CC00BA1CD100BBCF6074
:10FEE00000BFDBE100BD11DC00BA003F70BA0007C3
:10FEF000F3BABABABABABABABABABABAB99EFA15AB
:10FF0000DFD40BFB45EDE64AF2BE0006F6000E7BA1
:10FF1000A0004F2000C9BA0003F1000C9BA0003FD5
:10FF20001000C9BA0003F1000C9BA0003F1000C9EB
:10FF3000B99EFB20BFB45DD0BE0003F2BA0000F44E
:10FF4000BA0000F5BA0000F5BA0000F5BA0000F5F5
:10FF5000007DFD60009F748F702F50007F05F000C2
:10FF600001F35F00002F32F50007F009F748F700B2
:10FF700007DFD600B98EFC30BFC43AF3BE1000CA0A
:10FF8000BA00007EBA00007EBE1000CABFD55BF387
:10FF9000BA7EFC30BA000000BA000000BA000000CF
:10FFA000008EFC3F40AF748EF42F50007F45F00070
:10FFB00001F45F00002F42F50007F40AF748FF4004
:10FFC00008EFC4F40000001F40000001F40000002E
:10FFD0001F40B98E4BFD71BE100BB000BA000BA0D4
:10FFE00000BA000BA00005DFEA13F735A06F000090
:10FFF00001EE9610016AEF300000D96C646F62AEBA
:020000040004F6
:10000000FD7008D00008D000CFFFF029D32008D021
:100010000008D00008D00008D00005F551009FE38B
:10002000C80002F3C80002F3C80002F3C80002F3DC
:10003000C90003F3AB0007F35F837EF306DFC5F36C
:100040000D90000AA06E0001F300F5007D0009C0CC
:100050000E60003F24F00000C8B9000006FF300029
:10006000000FC000C80006F1000D56D000CF60039D
:10007000F01F302F9C009A00B807B2F10E4005E047
:10008000D60C74E0000F6F007C990000AFA001FF58
:10009000400005F4000BE0004F3007E109D02F408D
:1000A00000D9D900003FD000004FE10001E7BB00BC
:1000B0000BB01E707E1005F30D90000AA06F0001BA
:1000C000F300F6007D0009C00D60002F34F0000041
:1000D000C9A9000005FF2000000EC0000000E500D7
:1000E0000094AD00001BFC2000005FFFFFA1333730
:1000F000F40001E70000CB00008E10004F40001E0E
:10010000A33326FFFFFC006EA00F9201F4001F40F6
:1001100001F4003F303FC0006F3001F4001F400188
:10012000F4001F4000FA2005EA8B8B8B8B8B8B8BA6
:100130008B8B8B8B8B8B8BBE5002AE0005F0005FE0
:100140000005F0004F1000DF104F5005F0005F0079
:1001500005F0005F002AE00BE40007EC40B41E2528
:10016000DFC00100000004CC302B01C05700932BEE
:1001700001C005CC3006A10FF60BE2000000000024
:1001800000000000000000027BFB000000049DFF57
:10019000FFD00003AFFFFFFFFD0000AFFFFFFFDF59
:1001A000D0000AFFFFB610ED0000AF9400000ED0A3
:1001B000000AF1000000ED0000AF1000000ED000BA
:1001C0000AF1000045FD0000AF1001EFFFD0179DC0
:1001D000F1005FFFFC0EFFFF1000AFFD31FFFFE0FD
:1001E0000000010003BDA300000000005018888833
:1001F000888405FABFDDDDDDFDAFE47F100000CAB5
:100200004EE04F100000C80EFEEF100000CFEFE0F0
:100210003FEEEEEEF80EF68F766666EB6FF8AF10F7
:100220000000CC8FE03F100000C80EFCDF65555584
:10023000EECFC25FFFFFFFF92C5775057777777513
:10024000FFFF1FFFFFFFFFFFFF2FFFFFFFFFEFFF7E
:100250000EFFFFFFFE01100011111110EFFE0EFF47
:10026000FFFFFEFFFF2FFFFFFFFFFFFF1FFFFFFF4F
:10027000FF6887078888888668870788888886FF58
:10028000FF1FFFFFFFFFFFFF2FFFFFFFFFDFFD0D42
:10029000FFFFFFFD00000000000150000000000013
:1002A0001DF80000000001DFFD000000001DFFE25E
:1002B0002D600001DFFE20DFF7001DFFE2008FFF51
:1002C00071DFFE200008FFFEFFE20000008FFFFE4E
:1002D0002000000008FFE200000000007D20000078
:1002E0000000000000007F60000BE2EFF600BFF8A6
:1002F0004FFF6BFFD104FFFFFD10005FFFE1000027
:10030000BFFFF6000BFFDFFF60BFFD14FFF5CFD18D
:10031000004FF617100003600000001100000000FD
:100320000000FF000000006F21FF12F70006FF61D0
:10033000FF16FF601FF901FF109FF16FE001FF1032
:100340000EF6AF8001FF1008FACF6001FF1006FC27
:10035000AF8000AA0008FB7FD00000000DF71FF857
:100360000000008FF107FF91002AFF70009FFFEE51
:10037000FFF9000005CFFFFD5000000002442000FF
:10038000000000000000000000000AFFA0000000C4
:10039000000CFFC0000003D6DFFFFD6D300EFFFF35
:1003A000FFFFFFE05FFFFFAAFFFFF51AFFF4004F1A
:1003B000FFA103FFD0000DFF3004FFF0000FFF404E
:1003C0004FFFFB22BFFFF42FFFFFFFFFFFF209FEED
:1003D000FFFFFFEF9000505EFFE5050000000CFFFF
:1003E000C00000000004774000000000000310037C
:1003F00041000000009FF50DF50000001BFDFF8D82
:10040000F5000002DFB12DFFF500004FF83EC2BF3E
:10041000F50007FF55FFFE39FE409FE38FFFFFF514
:100420006FF6AC2AFFFFFFFF73E6005FFFFFFFFFE1
:10043000F100006FFFD77FFFF200006FFF900DFF0C
:10044000F200006FFF900DFFF200004FFF700BFFF6
:10045000E1000000003300000000000BFFB00000CE
:1004600000000CFFC0000000000CFFC000000000F6
:100470000CFFC0000000000CFFC00000008FFFFF59
:10048000FFF800002EFFFFFFE2000002EFFFFE205A
:100490000000002DFFE20000799982DE289997FF85
:1004A000FFFB22BFFFFFFFFFFFFFFFFFFFFFFFFF7D
:1004B000FFFAB3CFACCCCCCCCCCCCA0006BBBBBB18
:1004C000BA3000004FFFFFFFFFE10000EF300000F7
:1004D00006FB0009F800000000CF504FD0000000DC
:1004E000002FE1DF84420000344BF9FFFFFD0001E3
:1004F000FFFFFBFFFFFF988BFFFFFCFFFFFFFFFFEE
:10050000FFFFFCFFFFFFFFFFFFFFFB9FFFFFFFFF62
:10051000FFFFF60000000000003300018DFFC60061
:10052000EF004EFFFFFFE4DF04FFB3004CFFFF0EC0
:10053000F90000008FFF6FC00001FFFFFF8E500029
:1005400001DEEEED0000000000000022222200008B
:100550000021FFFFFF100008F8FFFBBC10001EF495
:10056000FFFC100001DFC0FEEFE8448EFE10FE1A13
:10057000FFFFFFC100FD0028BB94000000000270D7
:100580000002EF0002EFFDFFFFFFFFFFFFFFFFFF95
:10059000FFFFFFFFFFFFFFFF3447FFF00005FF00F5
:1005A0000005C00000000000027000000002EF0023
:1005B000000002EFF0000DFFFFFF0220FFFFFFF041
:1005C0008E1FFFFFFF00E7FFFFFFF03F5FFFFFFF12
:1005D00008903447FFF000000005FF000000000510
:1005E000C0000000000000000000000000077000D4
:1005F000000002700005FA0000002EF000814F603C
:100600000002EFF001DD07F0DFFFFFF0321E80F6A1
:10061000FFFFFFF08E27E0B9FFFFFFF00E73F19BA5
:10062000FFFFFFF03F54F09AFFFFFFF0890AC0D8A8
:100630003447FFF0007F43F300005FF002F60CB098
:10064000000005C00000BF10000000000009E3002A
:10065000000000000002100037888888888873EF47
:10066000FFFFFFFFFFFEFE32DFFFFFFFFFF9007F0E
:10067000FFFDFFFFFD10CFFFA07FFFFFFFFFFA0090
:1006800007FFFFF35FA00000CFFF3003000000CFA3
:10069000FC0000000000CFFFCCCCCCCCCCFFAFFFE7
:1006A000FFFFFFFFF900002000000001FA0000003A
:1006B00006FF1000000DFF7000006FFFF10001EF5A
:1006C000FFFA000BFFFFFF605FFFFFFFE0CFFFFFC0
:1006D000FFF6FEBFFFFFF9FD4FFFFFF9BF49FFFF28
:1006E000F53FE52EFFD006FFFFFD200028BA600091
:1006F00004300000311FE00006F91FE0007FFA1F00
:10070000E009FFFA1FE0AFFFFA1FEBFFFFFA1FFF40
:10071000FFFFFA1FFFFFFFFA1FE6FFFFFA1FE05F70
:10072000FFFA1FE004FFFA1FE0003EFA0FD00002BC
:10073000D700000000000200000000000CFB2000B9
:10074000000000FFFF900000000FFFFFE600000028
:10075000FFFFFFFC30000FFFFFFFFF9100FFFFFFD7
:10076000FFFFE60FFFFFFFFFFFF2FFFFFFFFFFFDB1
:100770000FFFFFFFFFF800FFFFFFFFB2000FFFFFBB
:10078000FD400000FFFFF70000000FFFA100000088
:10079000006A4000000000001444200144420DFFA4
:1007A000FF10DFFFF1FFFFF30FFFFF3FFFFF40FFF1
:1007B000FFF4FFFFF40FFFFF4FFFFF40FFFFF4FFC9
:1007C000FFF40FFFFF4FFFFF40FFFFF4FFFFF40FA9
:1007D000FFFF4FFFFF40FFFFF4FFFFF40FFFFF4F4E
:1007E000FFFF30FFFFF39FFFC009FFFC00144444EC
:1007F0004444420DFFFFFFFFFFF1FFFFFFFFFFFF3C
:100800003FFFFFFFFFFFF4FFFFFFFFFFFF4FFFFF73
:10081000FFFFFFF4FFFFFFFFFFFF4FFFFFFFFFFFA3
:10082000F4FFFFFFFFFFFF4FFFFFFFFFFFF4FFFF9E
:10083000FFFFFFFF4FFFFFFFFFFFF39FFFFFFFFFE4
:10084000FC0002100000420FE20003FB0FFE300428
:10085000FB0FFFF404FB0FFFFF54FB0FFFFFFAFB3E
:100860000FFFFFFFFB0FFFFFFFFB0FFFFFD6FB0F8D
:10087000FFFD14FB0FFFC104FB0FFB0004FB0CA0EA
:100880000003FA0000000000000000120000000059
:100890000003FF60000000002EFFF500000001EFE4
:1008A000FFFF4000001DFFFFFFF30000CFFFFFFF31
:1008B000FE200AFFFFFFFFFFE00EFFFFFFFFFFF23A
:1008C00003999999999950058888888888700FFFAD
:1008D000FFFFFFFFF30FFFFFFFFFFFF40BFFFFFF23
:1008E000FFFFD1000000000000003F9000003FFC2F
:1008F00000003FFD10003FFD10003FFD10001FFDF8
:10090000100000CFF4000000CFF4000000CFF4008E
:100910000000CFF4000000CFE0000000A4000000C1
:10092000000000CD1000001FFD1000003FFD100072
:10093000003FFD1000003FFD1000003FFD000008DB
:10094000FF900008FF900008FF900008FF90000251
:10095000FF9000000780000000000004500000002D
:100960000002FF60000000003FF70000000003FFEE
:1009700070000000003FF7000006999AFFC99980B7
:10098000FFFFFFFFFFFF3DFFFFFFFFFFF201113FF2
:10099000F71110000003FF70000000003FF7000097
:1009A000000003FF70000000000CD30000006999F4
:1009B000999999980FFFFFFFFFFFF3DFFFFFFFFFFC
:1009C000FF2000000000000000000156640000004D
:1009D0000003BFFEEFF91000007FFA1003DFE40010
:1009E00008FFA009B41EFF504FFF200BFF26FFE1B8
:1009F000EFFF09CFFF63FFFABFFF09FFFF54FFF6C8
:100A00001EFF51DFFB09FFB003EFE204305FFC1073
:100A1000002CFF956AFF9000000049DFFD92000066
:100A2000000000000000000000CD200000000000D9
:100A300000008FF50014664000000004EFACFFEFEB
:100A4000FF910000001CFFA1004DFE300000009F40
:100A5000F5AB31EFF40007B105FFFFE17FFE100FAA
:100A6000FE302DFFF54FFF900CFFE000AFF65FFF6B
:100A70006002FFF40006FFEFFB00004FFD10003E98
:100A8000FFC0000002DFE85401BFE300000005AE34
:100A9000FF6007FF60000000000000004EF600004D
:100AA000000000000001A1000000000000000000A4
:100AB0000000003ED00000000000000CFF8000009D
:100AC00000000006FFFF200000000000EFFFFB0019
:100AD000000000008FFCCFF4000000002FFB00FF9F
:100AE000D00000000BFFC00FFF70000004FFFD01ED
:100AF000FFFF100000DFFFE02FFFFA00007FFFFF85
:100B00009BFFFFF3001FFFFFB00EFFFFC00AFFFFB8
:100B1000FE24FFFFFF60FFFFFFFFFFFFFFFA06CC91
:100B2000CCCCCCCCCCCB3000000000003600000098
:100B30000000007F80DDDB00008DEFF8FFFFB007D5
:100B4000FFFFFD556FF46FF8AFE2000574FF907E74
:100B50002000003FFA0000000002EFB2504A0001FE
:100B60002EFD1DF48FB0FFFFD10BFFFFFBFFFE201A
:100B700000CFFFFB12210000029FC0000000000018
:100B80005B00000007A00000000008FFB0000000AC
:100B900008FFFFB0000008FF95FFB00008FF9005B8
:100BA000FFB007FF900005FFB09F90000005FD001B
:100BB0004000000003104C20000000B60BFE200097
:100BC00000CFF02EFE2000CFF4002EFE20CFF40048
:100BD000002EFECFF40000002EFFF4000000002ED7
:100BE000F4000000000013000000000830000000C6
:100BF00000000000BFF308BBBBBB90000BFFFF3938
:100C0000FFFFFFF1008FCFCFF000000AF100382F77
:100C1000948000000AF100002F900000000AF1000B
:100C2000002F900000030AF130002F9000001FCB2E
:100C3000F8F8002FEBBBBB39FFFFE2001FFFFFFFFF
:100C4000B09FFD2000000000000008D10037888719
:100C500000000000EFFFFFA0000000FFFFFFFDCC41
:100C6000CCB6FFFFFFFFFFFFFFFFFFFFFFFFFFFF10
:100C7000FFFFFFFFFFFFFFFFFFFFFFFFFFFFFFFF84
:100C8000FFFFFFFFFFFFFFFFFFFFFFFFFFFFFFFF74
:100C9000FFFFFFAFFFFFFFFFFFF9000000000000B4
:100CA00000000001DD10000000001DFFD100000069
:100CB00001DFFFFD1000001DFFFFFFD100009FFFBF
:100CC000FFFFF90000011CFFC1100000000CFFC075
:100CD000000000000CFFC0000000000CFFC000007E
:100CE00079993BFFB39997FFFFB2442BFFFFFFFFBA
:100CF000FEDDEFFFFFFFFFFFFFFAB3CFACCCCCCCA4
:100D0000CCCCCA000000000002000000000000047B
:100D1000FFC70000000000AFFFF0000000001FFF51
:100D2000FD0000000006FFFFC00000000008FFF704
:100D300000000000000CFF300000000004FFC000B5
:100D400000000001EFF300004A3002DFF80005DF89
:100D5000FE15EFFB0000EFFFFFFFFA00000BFFFFA7
:100D6000FFF70000007FFFFFA200000002BA85002D
:100D70000000000004860000001006FFFA0002DFF9
:100D8000D1EF3CF101DFFA0EE0AF21DFFA009FEF77
:100D9000F6DFFA00008DFFFFFB00000006FFFD00FC
:100DA000000048EFFFF600006FFFFBFFF6000EF3B8
:100DB000CF23FFF600EE0AF204FFF609FEFC000462
:100DC000FFF108DA100002620000000000000000DD
:100DD000006FFFF987000008FFFF98F708A68FFF54
:100DE000F95990FFA8FFFFFCCC0FFA8FFFFFFFF12E
:100DF000FFA8FFFFFFFF1FFA8FFFFFFFF1FFA8FF14
:100E0000FFFFFF1FFA8FFFFFFFF1FFA8FFFFFFFFAC
:100E10001FFA7FFFFFFFF0FFE3122222210FFFFFE7
:100E2000FFF90000ACCCCCCB5000004999999995C2
:100E3000000EFFFFFFFFF600FD2222224FF60FC03B
:100E4000000001FFF3FC0000001FFF6FC000000264
:100E5000FFF6FFFFFFFFFFFF6FFFFFDCFFFFF6FF67
:100E6000FFB005FFFF6FFFF6000FFFF6FFFFC006A4
:100E7000FFFF6FFFFFEDFFFFF69FFFFFFFFFFD107E
:100E8000CDDDDDDDDDDD2FFFFFFFFFFFF3122222D1
:100E900022222200000000000000000000000000EC
:100EA0000FFFFFFFFFFFF3DEEEEEEEEEEE200000A1
:100EB000000000000000000000000DEEEEEEEEEE7F
:100EC000E2FFFFFFFFFFFF30000000000000378857
:100ED0008888888873EFFFFFFFFFFFFEEFFFFFFFAB
:100EE000FFFFFE1CFFFFFFFFFFC1D28FFFFFFFF8D8
:100EF0002DFF64EFFFFE45FFFFFA2BFFB2AFFFFFB0
:100F0000FFD3553DFFFFFFFFFFBBFFFFFFFFFFFFCD
:100F1000FFFFFFFFAFFFFFFFFFFFF9000000000032
:100F200001FFFFF00004FFFFD00006FFFF80000874
:100F3000FFFF30000AFFFFAAA60CFFFFFFF80EFF1D
:100F4000FFFFE10BDDDFFF6000004FFD0000007FD1
:100F5000F3000000BFA0000000FF10000003F80035
:100F6000000003C000000000200000000455EFB5A1
:100F7000520000FFFD1FFFB0000FFFFFFFFC00004D
:100F8000FFFF533320000FFF97FFFB5700FFF8AF21
:100F9000FFC6F80FFF8AFFFC4AA1FFF8AFFFE3226C
:100FA0000FFF8AFFFFFFF4FFF8AFFFFFFF4FFF8A3D
:100FB000FFFFFFF43552AFFFFFFF40000AFFFFFFC6
:100FC000F400007FFFFFFE20000001100000000081
:100FD00000AF00000000018FFA30000002EFFFFFB9
:100FE000500000BFFFFFFF10001FFFFFFFF50003D1
:100FF000FFFFFFFF70005FFFFFFFF90008FFFFFF2B
:10100000FFC000DFFFFFFFFF209FFFFFFFFFFD0E80
:10101000FFFFFFFFFFF2022222222221000008FF31
:10102000C00000000009A20000005BBBBBBBBBBB53
:10103000BBA3FFFFFFFFFFFFFFFBFC0C30E11D0D1B
:1010400011FCFC0B30E01D0D10FCFFFEFFEFFEFE5F
:10105000EFFCFFF15A0870A05FFCFFF37B2992C2FE
:101060007FFCFFBFCBBBBBBFCBFCFC0B2000000D4C
:1010700000FCFFCFCCCCCCCFCCFB9FFFFFFFFFFF12
:10108000FFF6000000000000020000000000000564
:10109000DFB00000000007EFFFD000000018FFFFE6
:1010A000FF70000029FFFFFFFF00003BFFFFFFFF75
:1010B000F8000AFFFFFFFFFFF1000FFFFFFFFFFF38
:1010C000A000049AAAAFFFFF20000000000EFFFB63
:1010D00000000000000EFFF400000000000EFFC042
:1010E00000000000000EFF5000000000000DFD0099
:1010F000000000000004B300000035555502000F49
:10110000FFFFF2F400FFFFFF2FF40FFFFFF2FFF3EA
:10111000FFFFFF32221FFFFFFFFFF7FFFFFFFFFF71
:101120008FFFFFFFFFF8FFFFFFFFFF8FFFFFFFFFB6
:10113000F8FFFFFFFFFF8FFFFFFFFFF8FFFFFFFF3D
:10114000FF8FFFFFFFFFF88AAAAAAAAA30000000BB
:101150002455310000000003AFFFFFFFC70000026D
:10116000BFFFFEDEFFFFF6005FFFB51000038EFF3E
:10117000B0DFD300000000008FF5180005AEFEC8F8
:101180001004600002DFFFFFFFF80000000CFF9575
:10119000347DFF40000002A2000000770000000044
:1011A000000296000000000000000DFF500000004B
:1011B0000000000EFF6000000000000005DA0000E3
:1011C00000005BBBBBBBBBBBBBBA20FFFFFFFFFF8D
:1011D000FFFFFF90FC1222222222220FF7FC5FFF6A
:1011E000FFFFFFFF2CFAFC5FFFFFFFFFFF21FAFC70
:1011F0005FFFFFFFFFFF27FAFC2666666666661F35
:10120000FAFEBBBBBBBBBBBBBFB1AFFFFFFFFFFF6A
:10121000FFFF500000000000000000005BBBBBBBF4
:10122000BBBBBBBA20FFFFFFFFFFFFFFFF90FC121D
:1012300022222221000FF7FC5FFFFFFFF8000CFACB
:10124000FC5FFFFFFFF80001FAFC5FFFFFFFF80003
:1012500007FAFC2666666663000FFAFEBBBBBBBBE3
:10126000BBBBBFB1AFFFFFFFFFFFFFFF50000000A0
:101270000000000000005BBBBBBBBBBBBBBA20FFD8
:10128000FFFFFFFFFFFFFF90FC1222221000000F64
:10129000F7FC5FFFFFD000000CFAFC5FFFFFD000FF
:1012A0000001FAFC5FFFFFD0000007FAFC2666662B
:1012B0005000000FFAFEBBBBBBBBBBBBBFB1AFFF57
:1012C000FFFFFFFFFFFF50000000000000000000D4
:1012D0005BBBBBBBBBBBBBBA20FFFFFFFFFFFFFF7E
:1012E000FF90FC1222000000000FF7FC5FFF3000AF
:1012F00000000CFAFC5FFF3000000001FAFC5FFF09
:101300003000000007FAFC2666100000000FFAFE0D
:10131000BBBBBBBBBBBBBFB1AFFFFFFFFFFFFFFF53
:10132000500000000000000000005BBBBBBBBBBB6B
:10133000BBBA20FFFFFFFFFFFFFFFF90FC00000094
:101340000000000FF7FC0000000000000CFAFC0099
:10135000000000000001FAFC00000000000007FA95
:10136000FC0000000000000FFAFEBBBBBBBBBBBB18
:10137000BFB1AFFFFFFFFFFFFFFF50000000000005
:10138000000000000000000007B2000000000000A4
:101390000ADFFA000000000000A93DF5000000048B
:1013A0004002E00010000000AFF80B600000006C8D
:1013B00030FFFFFFFFFFFFFFFFF4AFF9000C50000D
:1013C000006D4005500004C0000010000000000047
:1013D000C43EE80000000000002EEFFA000000000C
:1013E0000000004FFA0000000000000000000000B4
:1013F0000000011000000007EFFFB30000AFFD8FF9
:10140000FF2004FFFD09FFB00AFEFD12AFF00EF54C
:101410005D2C0EF30FFF33129FF50FFFF307FFF65E
:101420000FFFE206FFF60FFE24137FF50DF57D2C6E
:101430000DF30AFFFD11BFF003FFFE0BFFA0007FBD
:10144000FEBFFE100003ACDC81000000344300004E
:1014500005667FFFF96650FFFFFFFFFFFF356666F9
:10146000666666501CCCCCCCCCC402FFFFFFFFFFED
:10147000602FF3FB7F6DF602FF2FB7F5DF602FF2D1
:10148000FB7F5DF602FF2FB7F5DF602FF2FB7F5D7C
:10149000F602FF2FB7F5DF602FF3FB7F6DF601FF3C
:1014A000FFFFFFFF5007BCCCCCCC90000000000039
:1014B000000120000000000004FF500000000002B6
:1014C000FFFF500000000439FFFE00000004FF3958
:1014D000FFA0000004FFFF39B0000004FFFFFF2061
:1014E000000004FFFFFFB0000004FFFFFFB000009A
:1014F00004FFFFFFB0000004FFFFFFB0000000BFCB
:10150000FFFFB00000000DFFFFB000000000FFFF74
:10151000B00000000009A8600000000000000017F3
:101520008888888887400002EFFFFFFFFFFFF400F4
:101530003EFFFFCFFFCFFFF703EFFFF908F809FFEA
:10154000F83EFFFFFE20402EFFF8DFFFFFFFE10126
:10155000EFFFF89FFFFFFF80008FFFF809FFFFF903
:1015600002C209FFF8009FFFFE4EFE4EFFF8000981
:10157000FFFFFFFFFFFFF700008FFFFFFFFFFFC12F
:1015800000000000000003EFFFFFE203FBFBCEBF03
:10159000A4FF1D03A1FAFFF1D03A1FAFFFFFFFFF29
:1015A000FAFFFFFFFFFFAFFFFFFFFFFAFFFFFFFFA5
:1015B000FFAFFFFFFFFFFAFFFFFFFFFFAFFFFFFFE0
:1015C000FFFAFFFFFFFFFFADFFFFFFFFF829AAAA09
:1015D000AAA80000000000000003000000000000B6
:1015E00004F1000820000001FF100BF70000002F9D
:1015F000F10CFF94444445FF1BFFFFFFFFFFFFF189
:101600008FFFFFFFFFFFFD007FF7000000000000DD
:101610006F6000000000000030000000000057452F
:1016200053545F544F504449522F6D6F64756C652D
:10163000732F6C69622F6775692F6C76676C2F73D7
:1016400072632F6C61796F7574732F666C65782F78
:101650006C765F666C65782E63006E65775F647389
:101660006320213D204E554C4C00757064617465BB
:1016700020257020636F6E7461696E6572006772F9
:101680006F775F76616C75655F73756D20213D20A6
:1016900030006368696C6472656E5F7265706F7349
:1016A0000066696E645F747261636B5F656E64008F
:1016B000666C65785F757064617465005745535456
:1016C0005F544F504449522F6D6F64756C65732F92
:1016D0006C69622F6775692F6C76676C2F73726304
:1016E0002F6C61796F7574732F677269642F6C76D4
:1016F0005F677269642E63004E6F20726F7720649B
:10170000657363726970746F7220666F756E6420A2
:101710006576656E206F6E207468652070617265F5
:101720006E74004E6F20636F6C2064657363726922
:1017300070746F7220666F756E64206576656E20BA
:101740006F6E2074686520706172656E74006361ED
:101750006C635F636F6C730063616C635F726F7760
:101760007300677269645F757064617465006269B3
:101770006E00574553545F544F504449522F6D6F7C
:1017800064756C65732F6C69622F6775692F6C7651
:10179000676C2F7372632F6C6962732F62696E5F5F
:1017A0006465636F6465722F6C765F62696E5F64F7
:1017B00065636F6465722E630052656164206669BB
:1017C0006C6520686561646572206661696C65643A
:1017D0003A202564004C65676163792062696E2058
:1017E000696D6167652064657465637465643A203A
:1017F000257300496D6167652067657420696E66B1
:101800006F20666F756E6420756E6B6E6F776E20DD
:1018100073726320747970650070616C65747465AF
:1018200020213D204E554C4C005265616420706172
:101830006C65747465206661696C65643A20256422
:101840000052656164206865616465722066616943
:101850006C65643A2025640043463A20256420697B
:1018600073206E6F7420737570706F72746564008E
:10187000556E6578706563746564206E756C6C2058
:101880006465636F6465722064617461004F7065A4
:101890006E2066696C65206661696C65643A202516
:1018A00064004E656564204C565F42494E5F444576
:1018B000434F4445525F52414D5F4C4F4144207469
:1018C0006F20626520656E61626C6564004C565FD6
:1018D00042494E5F4445434F4445525F52414D5F3C
:1018E0004C4F41442069732064697361626C656484
:1018F0000042494E006C765F62696E5F6465636F9B
:101900006465725F6765745F6172656100676574C5
:101910005F6465636F6465725F64617461006465D0
:10192000636F64655F616C7068615F6F6E6C790096
:101930006465636F64655F696E6465786564006C97
:101940006F61645F696E6465786564006465636F88
:1019500064655F636F6D70726573736564006C7648
:101960005F62696E5F6465636F6465725F6F706507
:101970006E006C765F62696E5F6465636F6465724A
:101980005F696E666F006C765F62696E5F64656347
:101990006F6465725F696E697400574553545F5494
:1019A0004F504449522F6D6F64756C65732F6C698D
:1019B000622F6775692F6C76676C2F7372632F6C5B
:1019C000765F696E69742E63006C765F696E697408
:1019D0003A20616C726561647920696E697469612D
:1019E0006C697A6564006C765F696E69740057454E
:1019F00053545F544F504449522F6D6F64756C655A
:101A0000732F6C69622F6775692F6C76676C2F7303
:101A100072632F6D6973632F63616368652F6C76E2
:101A20005F63616368652E63004E6F20766963743F
:101A3000696D20666F756E64006461746120257045
:101A400020697320746F6F206C6172676520746801
:101A500061742065786365656473206D61782073B7
:101A6000697A6520282575290043616368652069C6
:101A70006E6974206661696C6564006B657920210C
:101A80003D204E554C4C0063616368655F65766927
:101A900063745F6F6E655F696E7465726E616C5FB3
:101AA0006E6F5F6C6F636B0063616368655F616439
:101AB000645F696E7465726E616C5F6E6F5F6C6F90
:101AC000636B006C765F63616368655F616464008B
:101AD0006C765F63616368655F72656C6561736591
:101AE000006C765F63616368655F616371756972DD
:101AF00065006C765F63616368655F6372656174DE
:101B00006500574553545F544F504449522F6D6FF1
:101B100064756C65732F6C69622F6775692F6C76BD
:101B2000676C2F7372632F6D6973632F63616368D2
:101B3000652F6C765F63616368655F656E7472794B
:101B40002E63007265665F636E7428257529203CDC
:101B50002030007265665F636E7428257529203D0C
:101B60003D2030006C765F63616368655F656E740D
:101B700072795F64656C657465006C765F63616340
:101B800068655F656E7472795F696E6974006C7602
:101B90005F63616368655F656E7472795F676574C2
:101BA0005F656E747279006C765F63616368655F10
:101BB000656E7472795F72656C656173655F64618F
:101BC0007461006C765F63616368655F656E7472F3
:101BD000795F616371756972655F64617461006CDE
:101BE000765F63616368655F656E7472795F676570
:101BF000745F64617461006C765F63616368655FE4
:101C0000656E7472795F69735F696E76616C696421
:101C1000006C765F63616368655F656E7472795F9F
:101C20006765745F726566006C765F6361636865A3
:101C30005F656E7472795F6465635F726566006C80
:101C4000765F63616368655F656E7472795F696E04
:101C5000635F72656600574553545F544F50444963
:101C6000522F6D6F64756C65732F6C69622F677589
:101C7000692F6C76676C2F7372632F6D6973632F96
:101C800063616368652F6C765F63616368655F6C31
:101C900072755F72622E63006C727520213D204E5A
:101CA000554C4C00646174612073697A6520282565
:101CB0007529206973206C61726765722074686190
:101CC0006E206D61782073697A652028257529005A
:101CD0006C6C5F6E6F646520213D204E554C4C004E
:101CE000656E7472792028257029206973207374B9
:101CF000696C6C207265666572656E636564202828
:101D000025642900256420656E74726965732061FD
:101D10007265207374696C6C207265666572656E9D
:101D2000636564006C72752D3E63616368652E6F38
:101D300070732E636F6D706172655F636220213D09
:101D4000204E554C4C006C72752D3E636163686586
:101D50002E6F70732E667265655F636220213D2071
:101D60004E554C4C006C72752D3E63616368652E58
:101D70006E6F64655F73697A65203E20300072651E
:101D80007320213D204E554C4C006D616C6C6F638F
:101D9000206661696C656400696E69745F73697A55
:101DA000655F636200616C6C6F635F636200696EA4
:101DB00069745F636E745F63620064657374726FED
:101DC000795F6362006765745F6362006164645F8A
:101DD00063620072656D6F76655F63620064726F47
:101DE000705F63620064726F705F616C6C5F6362EE
:101DF000006765745F76696374696D5F6362007222
:101E00006573657276655F636F6E645F63620063BE
:101E1000616368655F697465725F6E6578745F633E
:101E20006200494D41474500494D4147455F48459E
:101E30004144455200574553545F544F5044495212
:101E40002F6D6F64756C65732F6C69622F67756990
:101E50002F6C76676C2F7372632F6D6973632F6CB1
:101E6000765F616E696D2E63006E65775F616E6986
:101E70006D20213D204E554C4C00737065656420EB
:101E80006973207472756E636174656420746F2069
:101E90003130303030202877617320257529006D6E
:101EA000696E5F74696D65206973207472756E6305
:101EB0006174656420746F203130303030202877B1
:101EC000617320257529006D61785F74696D6520E7
:101ED0006973207472756E636174656420746F2019
:101EE0003130303030202877617320257529006C1F
:101EF000765F616E696D5F73706565645F636C6169
:101F00006D706564006C765F616E696D5F7374619E
:101F1000727400574553545F544F504449522F6DCB
:101F20006F64756C65732F6C69622F6775692F6CB0
:101F300076676C2F7372632F6D6973632F6C765F96
:101F400061727261792E630061727261792D3E64F3
:101F500061746120213D204E554C4C0043616E6EF2
:101F60006F7420726573697A65206172726179207D
:101F7000776974682065787465726E616C2062752B
:101F800066666572006C765F61727261795F61741A
:101F9000006C765F61727261795F707573685F6201
:101FA00061636B006C765F61727261795F726573F9
:101FB000697A65006C765F61727261795F696E69DA
:101FC00074000801020408010204081820201018F7
:101FD00010101010080000000000000000000000B9
:101FE000000010574553545F544F504449522F6DD1
:101FF0006F64756C65732F6C69622F6775692F6CE0
:1020000076676C2F7372632F6D6973632F6C765FC5
:102010006576656E742E63006C69737420213D20B3
:102020004E554C4C006C765F6576656E745F7265DC
:102030006D6F76655F616C6C006C765F6576656E62
:10204000745F61646400574553545F544F50444972
:10205000522F6D6F64756C65732F6C69622F677595
:10206000692F6C76676C2F7372632F6D6973632FA2
:102070006C765F66732E630066696C655F702D3EDB
:1020800063616368652D3E62756666657220213DF9
:10209000204E554C4C0043616E2774206F70656E66
:1020A0002066696C653A2070617468206973204EFF
:1020B000554C4C0043616E2774206F70656E20662E
:1020C000696C6520282573293A20756E6B6E6F77D1
:1020D0006E20647269766572206C65747465720036
:1020E00043616E2774206F70656E2066696C652091
:1020F000282573293A20647269766572206E6F74A0
:102100002072656164790043616E2774206F706589
:102110006E2066696C6520282573293A206F7065EA
:102120006E2066756E6374696F6E206E6F742065C5
:1021300078697374730066696C655F702D3E6361C6
:1021400063686520213D204E554C4C006C765F66DF
:10215000735F726561645F636163686564006C7678
:102160005F66735F6F70656E00574553545F544FE1
:10217000504449522F6D6F64756C65732F6C6962A2
:102180002F6775692F6C76676C2F7372632F6D697B
:1021900073632F6C765F697465722E630069746572
:1021A0007220213D204E554C4C00436F756C6420CD
:1021B0006E6F7420616C6C6F63617465206D656D0A
:1021C0006F727920666F72206974657261746F72C4
:1021D00000697465722D3E636F6E7465787420219A
:1021E0003D204E554C4C006C765F697465725F63A0
:1021F0007265617465005B25735D092825752E2560
:102200003033752C202B257529092025733A20257C
:10221000732025733A25640A00547261636500498E
:102220006E666F005761726E005573657200574598
:1022300053545F544F504449522F6D6F64756C6511
:10224000732F6C69622F6775692F6C76676C2F73BB
:1022500072632F6D6973632F6C765F70616C657448
:1022600074652E6300496E76616C69642070616CE0
:10227000657474653A202564003643F4631EE9B042
:10228000279CB73A67B5513FF39621F4A903D4BC14
:102290000088960050AF4C4AC38B39DCCD3BEBFF36
:1022A00007C1FF0098FF2257FF4855798B7D609E3C
:1022B0009E9E6C765F70616C657474655F6D61691C
:1022C0006E00574553545F544F504449522F6D6F21
:1022D00064756C65732F6C69622F6775692F6C76F6
:1022E000676C2F7372632F6D6973632F6C765F72E7
:1022F000622E63007472656520213D204E554C4C62
:1023000000636F6D7061726520213D204E554C4C0D
:10231000006E6F64652D3E6461746120213D204E26
:10232000554C4C006C765F72625F64657374726FBB
:1023300079006C765F72625F64726F705F6E6F645B
:10234000650072625F64656C6574655F636F6C6F76
:1023500072006C765F72625F66696E640072625FC3
:102360006372656174655F6E6F6465006C765F7241
:10237000625F696E73657274006C765F72625F692A
:102380006E697400574553545F544F504449522F5F
:102390006D6F64756C65732F6C69622F6775692F3B
:1023A0006C76676C2F7372632F6D6973632F6C7615
:1023B0005F7374796C652E630072657175697265FF
:1023C000642073697A6520686173206265636F6D4C
:1023D0006520303F0072657175697265645F73696D
:1023E0007A65203E203000556E61626C6520746F06
:1023F00020616C6C6F63617465207370616365202C
:10240000666F7220637573746F6D2070726F706584
:10241000727479206C6F6F6B7570207461626C657B
:102420000028266C765F676C6F62616C292D3E73A5
:1024300074796C655F637573746F6D5F70726F70C4
:102440005F666C61675F6C6F6F6B75705F74616204
:102450006C6520213D204E554C4C0043616E6E6FE3
:10246000742072656D6F76652070726F7020667271
:102470006F6D20636F6E7374207374796C650043A5
:10248000616E6E6F74207365742070726F70657208
:102490007479206F6620636F6E7374616E7420733D
:1024A00074796C650070726F7020213D204C565F0E
:1024B0005354594C455F50524F505F494E5600FFA0
:1024C000FFFF6C765F7374796C655F7365745F7022
:1024D000726F70006C765F7374796C655F72656D96
:1024E0006F76655F70726F7000000404020404046C
:1024F00004040404000000000006060606060604A4
:1025000000060606060000000000000000000000B3
:1025100005020000000000000004000000000000B0
:10252000000200020202000200020202000000009B
:102530000002000000000000000200000000000097
:102540000001010505050105001001010000000062
:102550001022220C0C323232000032321000000005
:102560000000000000000404040404040404040443
:10257000040404040400202C2E3B3A2D5F297D0026
:10258000574553545F544F504449522F6D6F6475F3
:102590006C65732F6C69622F6775692F6C76676C39
:1025A0002F7372632F6D6973632F6C765F74657818
:1025B000742E6300696E7465676572206F7665724C
:1025C000666C6F77207768696C652063616C6375F2
:1025D0006C6174696E6720746578742068656967DA
:1025E0006874006C765F746578745F6765745F7398
:1025F000697A6500574553545F544F504449522FF0
:102600006D6F64756C65732F6C69622F6775692FC8
:102610006C76676C2F7372632F6D6973632F6C76A2
:102620005F74696D65722E63006E65775F74696DA6
:10263000657220213D204E554C4C00497420736535
:10264000656D73206C765F7469636B5F696E632878
:1026500029206973206E6F742063616C6C65642E31
:10266000006C765F74696D65725F72656164790094
:102670006C765F74696D65725F726573756D650008
:102680006C765F74696D65725F7061757365006CFF
:10269000765F74696D65725F637265617465006C05
:1026A000765F74696D65725F68616E646C657200F7
:1026B000574553545F544F504449522F6D6F6475C2
:1026C0006C65732F6C69622F6775692F6C76676C08
:1026D0002F7372632F7374646C69622F6C765F6DF5
:1026E000656D2E63007A65726F5F6D656D2069732D
:1026F000207772697474656E00636F756C646E2701
:102700007420616C6C6F63617465206D656D6F72B0
:10271000792028256C75206279746573290075739A
:1027200065643A20257A75202825336420252529DB
:102730002C20667261673A202533642025252C20E1
:102740006269676765737420667265653A20257AE9
:102750007500636F756C646E2774207265616C6CB4
:102760006F63617465206D656D6F7279006C765F63
:102770007265616C6C6F63006C765F6D616C6C6F21
:10278000635F7A65726F6564006C765F6D616C6C17
:102790006F6300574553545F544F504449522F6D57
:1027A0006F64756C65732F6C69622F6775692F6C28
:1027B00076676C2F7372632F776964676574732F04
:1027C0006C6162656C2F6C765F6C6162656C2E6308
:1027D000004C6162656C20646F747320616C72657B
:1027E00061647920736574006C6162656C2D3E6470
:1027F0006F745F626567696E203D3D204C565F4C8B
:102800004142454C5F444F545F424547494E5F4902
:102810004E5600706F735F696E20213D204E554CFF
:102820004C006C6162656C2D3E7465787420213DAE
:10283000204E554C4C0054657874006C765F6C618A
:1028400062656C5F6765745F746578745F73656CEF
:10285000656374696F6E5F656E64006C765F6C6152
:1028600062656C5F6765745F746578745F73656CCF
:10287000656374696F6E5F7374617274006C765F08
:102880006C6162656C5F6765745F6C6574746572BA
:102890005F6F6E006C765F6C6162656C5F6765741C
:1028A0005F74657874006C765F6C6162656C5F73F1
:1028B00065745F6C6F6E675F6D6F6465006C765FEB
:1028C0006C6162656C5F7365745F74657874006CCD
:1028D000765F6C6162656C5F637265617465006CE4
:1028E000765F6C6162656C5F7365745F646F74734F
:1028F000006C6162656C00574553545F544F5044FF
:1029000049522F6D6F64756C65732F6C69622F6708
:1029100075692F6C76676C2F7372632F77696467A4
:102920006574732F6C696E652F6C765F6C696E656C
:102930002E63006C696E655F7365745F706F696E9E
:102940007473006C765F6C696E655F637265617449
:1029500065006C696E6500574553545F544F504491
:1029600049522F6D6F64756C65732F6C69622F67A8
:1029700075692F6C76676C2F7372632F7769646744
:102980006574732F7370616E2F6C765F7370616EF8
:102990002E63006F6363757220616E206572726FC3
:1029A000722074686174207370616E20746578742D
:1029B000203D3D204E554C4C00737461636B2021CB
:1029C0003D204E554C4C006D616C6C6F6320666110
:1029D000696C656420666F7220736E6970706574CF
:1029E0005F737461636B006C765F7370616E5F73AD
:1029F0007461636B5F696E697400446973706C61C4
:102A00007920646576696365206E6F7420726561F4
:102A100064792E00446973706C6179206E6F742044
:102A2000737570706F727465642E004661696C65B1
:102A30006420746F20696E697469616C697A6520BD
:102A4000696E70757420646576696365732E006CB9
:102A500076676C00456E61626C6520434F4E464957
:102A6000475F5359535F484541505F52554E544953
:102A70004D455F535441545320746F207573652046
:102A8000746865206D656D206D6F6E69746F72205E
:102A900066656174757265005465726D696E616C0E
:102AA00000000000000000545452205245474745A2
:102AB000530054696D656F75743A20504E35313846
:102AC00030206E657665722077656E74206275734E
:102AD000790054696D656F75743A20504E35313800
:102AE00030207374696C6C2062757379004E535397
:102AF000204750494F206E6F7420726561647900E1
:102B00004661696C656420746F20636F6E666967E7
:102B1000757265204E5353204750494F3A20256423
:102B200000525354204750494F206E6F74207265F5
:102B3000616479004661696C656420746F20636F1D
:102B40006E66696775726520525354204750494F2D
:102B50003A20256400495251204750494F206E6F5A
:102B600074207265616479004661696C65642074E3
:102B70006F20636F6E6669677572652049525120D8
:102B80004750494F3A202564004255535920475039
:102B9000494F206E6F7420726561647900466169E7
:102BA0006C656420746F20636F6E6669677572650B
:102BB0002042555359204750494F3A202564005030
:102BC0004E3531383020696E697469616C697A6597
:102BD00064207375636365737366756C6C790073D9
:102BE00070695F7772697465206661696C65643AC3
:102BF00020256400110D8D001103830053504920DE
:102C000072656164206661696C65643A20256400C0
:102C10004661696C656420746F2073656E64205230
:102C20004541445F524547495354455220636F6DB7
:102C30006D616E64004661696C656420746F20721A
:102C40006561642072656769737465722076616C72
:102C500075650025733A20526561642072656720AE
:102C6000307825303258203D2030782530385800D3
:102C700054696D656F75742077616974696E67203A
:102C8000666F722054585F52464F4E5F4952515FF3
:102C900053544154004661696C656420746F20731D
:102CA000656E6420524541445F4441544120636F46
:102CB0006D6D616E64004661696C656420746F209F
:102CC0007265616420726563657074696F6E2062FD
:102CD00075666665720025733A2052656164202529
:102CE000642062797465732066726F6D207265630B
:102CF000657074696F6E20627566666572005469EE
:102D00006D656F75742077616974696E6720666F91
:102D1000722054585F52464F46465F4952515F53A6
:102D20005441540002183FFBFFFF00706E353138EC
:102D3000305F726561645F726563657074696F6E40
:102D40005F62756666657200706E353138305F722D
:102D50006561645F726567697374657200706E3572
:102D6000313830403200706E3531383000535049C0
:102D700020777269746520636F6D6D616E64206683
:102D800061696C65643A202564005350492077726C
:102D90006974652064617461206661696C65643A78
:102DA00020256400486172647761726520726573E2
:102DB000657420636F6D706C657465640053504971
:102DC00020627573206E6F742072656164790044AF
:102DD00043204750494F206E6F74207265616479BB
:102DE000004661696C656420746F20636F6E66696C
:102DF000677572652044432070696E3A202564002F
:102E00004661696C656420746F20636F6E666967E4
:102E1000757265205253542070696E3A2025640003
:102E20004661696C656420746F20636F6E666967C4
:102E300075726520425553592070696E3A20256499
:102E400000456E7465726564206465657020736CFE
:102E5000656570206D6F64650053534431363833B7
:102E600020696E697469616C697A6564202873747D
:102E7000616E64617264206D6F6465290053534410
:102E80003136383320696E697469616C697A6564BA
:102E9000202866617374206D6F646529004469732E
:102EA000706C617920636C656172656420286D6F58
:102EB0006E6F6368726F6D65206D6F646529007356
:102EC00073643136383300426C616E6B696E672013
:102ED0004F4E20286465657020736C65657029000D
:102EE000426C616E6B696E67204F464620287761A1
:102EF0006B652075702900556E737570706F7274F4
:102F0000656420706978656C20666F726D61743AD3
:102F100020256400496E697469616C697A696E671D
:102F2000205353443136383320646973706C6179AF
:102F300020647269766572005573696E67206661F8
:102F40007374206D6F646520696E697469616C6962
:102F50007A6174696F6E005573696E67207374616E
:102F60006E64617264206D6F646520696E69746956
:102F7000616C697A6174696F6E0045504420696EB6
:102F8000697469616C697A6174696F6E20666169E0
:102F90006C65643A2025640053534431363833203D
:102FA000646973706C6179206472697665722069F6
:102FB0006E697469616C697A6564207375636365B1
:102FC000737366756C6C7900737364313638334093
:102FD0003100737364313638335F646973706C61C8
:102FE000790048616C74696E672073797374656DDC
:102FF000003E3E3E205A45504859522046415441D9
:103000004C204552524F522025643A202573206FA0
:103010006E20435055202564004661756C74206411
:103020007572696E6720696E74657272757074204E
:1030300068616E646C696E670A0043757272656ED2
:1030400074207468726561643A20257020282573A5
:10305000290043505520657863657074696F6E0070
:10306000556E68616E646C656420696E7465727219
:1030700075707400537461636B206F766572666C53
:103080006F77004B65726E656C206F6F7073004BCD
:1030900065726E656C2070616E69630069646C6551
:1030A000006F73002B0064756D6D7900736C65653E
:1030B00070696E6700646561640073757370656E36
:1030C0006465640061626F7274696E670073757322
:1030D00070656E64696E670071756575656400730F
:1030E0007973776F726B7100286E756C6C29002A8A
:0830F000666C6F61742A000098
:1031000015CD5B070000000015CD5B070000000037
:10311000FFFF0000C511000000000000B0FFFFFF2E
:10312000000000005000000000000000298E020096
:10313000200800203A000000340800203A00000077
:10314000BC0700203A000000480800203A000000B8
:10315000010000000100000000000000000000006D
:1031600000000000B9C303000100000001000000DE
:10317000000000008997020000000000000000002D
:10318000010000000000000000000000705C03006F
:10319000020000005405002054050020000000003B
:1031A0000100000064050020640500206C0500207B
:1031B0006C05002000000000010000007C050020DC
:1031C0007C0500200000000000000000000000005E
:1031D00000000000000000000000000000000000EF
:1031E0000000000000000000FC450300000000009B
:1031F00000000000DDE80020D5E80020000000000D
:1032000000000000000000000000000000000000BE
:1032100000000000000000000000000000000000AE
:10322000000000000000000000000000000000009E
:10323000000000000000000000000000000000008E
:10324000000000000000000000000000000000007E
:10325000000000000000000000000000000000006E
:103260000000000000000000000000000800000056
:10327000FF0000000000000003000000000000004C
:103280004006002040060020480600204806002096
:1032900000000000E5790200940600208C06002062
:1032A00084060020000000007C060020017B020054
:1032B0004D7A0200817A0200C97A0200E4E500201A
:1032C0003A00003AE8E500203A00003AECE5002038
:1032D0003A00003AF0E500203A00003AA406002047
:1032E00068060020600600205C06002058060020CA
:1032F0008977E59D1346357D008C3266D5EEA61B99
:10330000154E09815DF3082C3A2B35F209786D1EB4
:1033100008FF008182800184858302878886038A72
:103320008B890407058D00000000000000000000EC
:10333000000000000000000000000000000000008D
:10334000000000000000000000000000000000007D
:10335000000000000000000000000000000000006D
:10336000000000000000000000000000000000005D
:10337000000000000000000000000000000000004D
:10338000000000000000000000000000000000003D
:10339000000000000000000000000000000000002D
:1033A000000000000000000000000000000000001D
:1033B0000000000000000000F576020000000000A0
:1033C000000000000000000088070020880700209F
:1033D000856D0000000000000000000000000000FB
:1033E0000000000000000000000000000065022056
:1033F000002000000000000000000000BC070020CA
:10340000BC07002000000000000000000E000000CB
:10341000D0070020D00700200000000000000000BE
:103420000E000000E4070020E40700200000000078
:10343000000000000E000000F8070020F807002040
:1034400000000000000000000E0000000C0800203A
:103450000C08002000000000000000000E0000002A
:1034600020080020200800200000000000000000CC
:103470000E00000034080020340800200000000086
:10348000000000000E00000048080020480800204E
:1034900000000000000000000E0000005C0800209A
:1034A0005C080020100000000A000000B88A02201A
:1034B000588B0220B88A0220B88A0220000000003F
:1034C0008008002080080020000000008C080020F8
:1034D0008C080020080000000A000000008502207F
:1034E0005085022000850220008502200000000097
:1034F000B0080020B008002000000000BC08002038
:10350000BC0800201800000014000000DC85022028
:10351000BC870220DC850220DC8502200000000040
:10352000E0080020E008002000000000EC08002077
:10353000EC0800200E0000000A0000005085022068
:10354000DC8502205085022050850220000000000A
:103550001009002010090020000000001C090020B4
:103560001C0900201800000005000000BC87022094
:1035700034880220BC870220BC87022000000000A3
:103580004009002040090020000000004C090020F4
:103590004C090020200000001400000034880220A4
:1035A000B48A0220348802203488022000000000FF
:1035B0007009002070090020000000007C09002034
:1035C0007C09002000000000010000008C090020A0
:1035D0008C090020940900209409002000000000BC
:1035E00001000000A4090020A409002015E015E056
:00000001FF
